"","player","team","position","id","avg_type","pass_att","pass_att_sd","pass_comp","pass_comp_sd","pass_yds","pass_yds_sd","pass_tds","pass_tds_sd","pass_int","pass_int_sd","rush_att","rush_att_sd","rush_yds","rush_yds_sd","rush_tds","rush_tds_sd","fumbles_lost","fumbles_lost_sd","two_pts","two_pts_sd","return_tds","return_tds_sd","rec","rec_sd","rec_yds","rec_yds_sd","rec_tds","rec_tds_sd","fg_0019","fg_0019_sd","fg_2029","fg_2029_sd","fg_3039","fg_3039_sd","fg_4049","fg_4049_sd","fg_50","fg_50_sd","xp","xp_sd","dst_int","dst_int_sd","dst_sacks","dst_sacks_sd","dst_safety","dst_safety_sd","dst_td","dst_td_sd","dst_blk","dst_blk_sd","idp_solo","idp_solo_sd","idp_sack","idp_sack_sd","idp_int","idp_int_sd","idp_pd","idp_pd_sd","idp_td","idp_td_sd","injury_status","injury_details","season_year","week"
"1","Patrick Mahomes","KC","QB","13116","robust",37.55,0.148260000000002,24.95,0.355824,294.25,8.82146999999998,2.1,0.14826,0.775,0.170499,4.1925,0.274281,22.7275,2.142357,0.17,0.00741300000000001,0.094375,0.00555975,0.17,0,0,NA,NA,NA,NA,NA,NA,NA,NA,NA,NA,NA,NA,NA,NA,NA,NA,NA,NA,NA,NA,NA,NA,NA,NA,NA,NA,NA,NA,NA,NA,NA,NA,NA,NA,NA,NA,NA,NA,NA,NA,NA,NA,NA
"2","Kirk Cousins","MIN","QB","10700","robust",37.921669358791,1.393644,25.4097812567023,0.971102999999999,278.6225,21.356853,1.9,0.0741300000000001,0.825,0.111195,1.8,0.126021,5.7175,0.719061,0.085,0.014826,0.24,0.029652,0.13,0,0,NA,NA,NA,NA,NA,NA,NA,NA,NA,NA,NA,NA,NA,NA,NA,NA,NA,NA,NA,NA,NA,NA,NA,NA,NA,NA,NA,NA,NA,NA,NA,NA,NA,NA,NA,NA,NA,NA,NA,NA,NA,NA,NA
"3","Justin Herbert","LAC","QB","14779","robust",38.1157657734948,2.38698599999999,25.6786172494427,1.92738,285.205,12.23145,1.915,0.0815429999999999,0.8175,0.244629,3.635,0.44478,12.5,2.2239,0.1,0,0.085,0.014826,0.16,0,0,NA,NA,NA,NA,NA,NA,NA,NA,NA,NA,NA,NA,NA,NA,NA,NA,NA,NA,NA,NA,NA,NA,NA,NA,NA,NA,NA,NA,NA,NA,NA,NA,NA,NA,NA,NA,NA,NA,NA,NA,NA,NA,NA
"4","Tua Tagovailoa","MIA","QB","14778","robust",35.4,0.7413,22.8394535274919,0.363236999999999,278.425,10.874871,1.8,0.14826,0.85,0.103782,2.9455700749288,0.505774386178889,8.5775,1.712403,0.085,0.022239,0.1775,0.022239,0.06,0,0,NA,NA,NA,NA,NA,NA,NA,NA,NA,NA,NA,NA,NA,NA,NA,NA,NA,NA,NA,NA,NA,NA,NA,NA,NA,NA,NA,NA,NA,NA,NA,NA,NA,NA,NA,NA,NA,NA,NA,NA,NA,NA,NA
"5","Jimmy Garoppolo","LVR","QB","11760","robust",32.575,1.816185,21.3,1.85325,238.3,20.630379,1.3,0.14826,0.95,0.0741300000000001,2.925,0.37065,6.5075,3.40998,0.09,0.007413,0.11875,0.0185325,0.03,0,0,NA,NA,NA,NA,NA,NA,NA,NA,NA,NA,NA,NA,NA,NA,NA,NA,NA,NA,NA,NA,NA,NA,NA,NA,NA,NA,NA,NA,NA,NA,NA,NA,NA,NA,NA,NA,NA,NA,NA,NA,NA,NA,NA
"6","Jared Goff","DET","QB","12611","robust",35.1279080795256,1.94341603740937,23.0971891767614,1.26021,260.235,14.492415,1.8075,0.244629,0.71,0.266868,2,0.22239,5.0875,1.000755,0.05,0.051891,0.2225,0.01667925,0.24,0,0,NA,NA,NA,NA,NA,NA,NA,NA,NA,NA,NA,NA,NA,NA,NA,NA,NA,NA,NA,NA,NA,NA,NA,NA,NA,NA,NA,NA,NA,NA,NA,NA,NA,NA,NA,NA,NA,NA,NA,NA,NA,NA,NA
"7","Joe Burrow","CIN","QB","14777","robust",35.55,1.88749892863451,24.435,0.637518,269.425,5.71542300000003,1.9175,0.111195,0.7975,0.0963690000000001,3.06813101851674,1.70499,12.5,3.7065,0.1675,0.029652,0.086875,0.01297275,0.16,0,0,NA,NA,NA,NA,NA,NA,NA,NA,NA,NA,NA,NA,NA,NA,NA,NA,NA,NA,NA,NA,NA,NA,NA,NA,NA,NA,NA,NA,NA,NA,NA,NA,NA,NA,NA,NA,NA,NA,NA,NA,NA,NA,NA
"8","Matthew Stafford","LAR","QB","9431","robust",33.15,1.297275,22.15,0.370650000000003,247.3,12.846729,1.25,0.289107,0.9,0.14826,1.925,0.29652,5,1.252797,0.075,0.00741300000000001,0.113125,0.01297275,0.09,0,0,NA,NA,NA,NA,NA,NA,NA,NA,NA,NA,NA,NA,NA,NA,NA,NA,NA,NA,NA,NA,NA,NA,NA,NA,NA,NA,NA,NA,NA,NA,NA,NA,NA,NA,NA,NA,NA,NA,NA,NA,NA,NA,NA
"9","Josh Allen","BUF","QB","13589","robust",35.8525,0.421283771195856,23.3461390700467,0.518910000000002,271.39,0.778365000000008,2,0.14826,0.9,0.14826,7.00164603007642,0.449660808382606,40.615,0.763539000000001,0.35,0.07413,0.27375,0.0259455,0.16,0,0,NA,NA,NA,NA,NA,NA,NA,NA,NA,NA,NA,NA,NA,NA,NA,NA,NA,NA,NA,NA,NA,NA,NA,NA,NA,NA,NA,NA,NA,NA,NA,NA,NA,NA,NA,NA,NA,NA,NA,NA,NA,NA,NA
"10","Trevor Lawrence","JAC","QB","15237","robust",36,1.4826,23.6118796999693,0.637518,257,5.9304,1.8,0.29652,0.8,0.229803,4.1,0.148259999999999,19.7,0.444780000000001,0.2,0,0.283125,0.01667925,0.19,0,0,NA,NA,NA,NA,NA,NA,NA,NA,NA,NA,NA,NA,NA,NA,NA,NA,NA,NA,NA,NA,NA,NA,NA,NA,NA,NA,NA,NA,NA,NA,NA,NA,NA,NA,NA,NA,NA,NA,NA,NA,NA,NA,NA
"11","Geno Smith","SEA","QB","11150","robust",34.025,1.4826,23.0384920198401,1.00369653723,257.61,6.00453000000002,1.8,0.22239,0.695,0.29652,3.1,0.14826,16.59,1.33434,0.1,0.022239,0.18125,0.0185325,0,NA,0,NA,NA,NA,NA,NA,NA,NA,NA,NA,NA,NA,NA,NA,NA,NA,NA,NA,NA,NA,NA,NA,NA,NA,NA,NA,NA,NA,NA,NA,NA,NA,NA,NA,NA,NA,NA,NA,NA,NA,NA,NA,NA,NA
"12","Derek Carr","NO","QB","11644","robust",32.6,1.28688409504401,21.25,0.681996000000001,247.1,9.94824600000001,1.5175,0.200151,0.77,0.14826,1.98308921077908,0.22239,6.7425,1.356579,0,0,0.11,0.051891,0.03,0,0,NA,NA,NA,NA,NA,NA,NA,NA,NA,NA,NA,NA,NA,NA,NA,NA,NA,NA,NA,NA,NA,NA,NA,NA,NA,NA,NA,NA,NA,NA,NA,NA,NA,NA,NA,NA,NA,NA,NA,NA,NA,NA,NA
"13","Mac Jones","NE","QB","15241","robust",33.915,2.253552,22.3825,1.33434,238.0975,7.26474000000001,1.35,0.22239,0.9,0.133434,2.745,0.37065,8.3,1.18608,0.0525,0.07413,0.094375,0.00555975,0.13,0,0,NA,NA,NA,NA,NA,NA,NA,NA,NA,NA,NA,NA,NA,NA,NA,NA,NA,NA,NA,NA,NA,NA,NA,NA,NA,NA,NA,NA,NA,NA,NA,NA,NA,NA,NA,NA,NA,NA,NA,NA,NA,NA,NA
"14","Dak Prescott","DAL","QB","12620","robust",32.345,0.585626999999999,21.4,0.741299999999997,232.6,11.075022,1.5375,0.0815430000000001,0.9,0.044478,3.5075,0.244629,14.3125,3.150525,0.1,0,0.185,0.014826,0.16,0,0,NA,NA,NA,NA,NA,NA,NA,NA,NA,NA,NA,NA,NA,NA,NA,NA,NA,NA,NA,NA,NA,NA,NA,NA,NA,NA,NA,NA,NA,NA,NA,NA,NA,NA,NA,NA,NA,NA,NA,NA,NA,NA,NA
"15","Jalen Hurts","PHI","QB","14783","robust",30.84,0.443847858257081,20.2659999696883,0.394371555059879,241.7775,2.616789,1.7,0.29652,0.505,0.163086,10.155,0.229803000000002,51.85,1.4826,0.7,0.0148259999999999,0.198125,0.00185325,0.25,0,0,NA,NA,NA,NA,NA,NA,NA,NA,NA,NA,NA,NA,NA,NA,NA,NA,NA,NA,NA,NA,NA,NA,NA,NA,NA,NA,NA,NA,NA,NA,NA,NA,NA,NA,NA,NA,NA,NA,NA,NA,NA,NA,NA
"16","Brock Purdy","SF","QB","15698","robust",29.6506174706142,1.26021,19.8020874397789,0.673359676432517,235.28,6.52344000000001,1.6825,0.0963689999999999,0.695,0.0815429999999999,2.9,0.44478,10.1475,2.928135,0.1,0,0.190625,0.00926625000000001,0.1,0,0,NA,NA,NA,NA,NA,NA,NA,NA,NA,NA,NA,NA,NA,NA,NA,NA,NA,NA,NA,NA,NA,NA,NA,NA,NA,NA,NA,NA,NA,NA,NA,NA,NA,NA,NA,NA,NA,NA,NA,NA,NA,NA,NA
"17","Jordan Love","GB","QB","14782","robust",31.95906602362,1.230558,20.1176002603722,0.926625,228.7,14.766696,1.275,0.22239,0.865,0.14826,3.16201003336608,1.03782,11.56,2.876244,0.1,0,0.11125,0.0111195,0.08,0,0,NA,NA,NA,NA,NA,NA,NA,NA,NA,NA,NA,NA,NA,NA,NA,NA,NA,NA,NA,NA,NA,NA,NA,NA,NA,NA,NA,NA,NA,NA,NA,NA,NA,NA,NA,NA,NA,NA,NA,NA,NA,NA,NA
"18","Sam Howell","WAS","QB","15693","robust",31.75,1.11195,20.2,0.782746190870549,221.05,15.04839,1.12,0.118608,0.8325,0.22239,3.62,0.998999842251409,15,2.134944,0.1,0.088956,0.19,0.00741300000000001,0.08,0,0,NA,NA,NA,NA,NA,NA,NA,NA,NA,NA,NA,NA,NA,NA,NA,NA,NA,NA,NA,NA,NA,NA,NA,NA,NA,NA,NA,NA,NA,NA,NA,NA,NA,NA,NA,NA,NA,NA,NA,NA,NA,NA,NA
"19","Daniel Jones","NYG","QB","14059","robust",31.705,1.912554,20.875,0.815430000000001,217.9075,23.402841,1.16,0.237216,0.7,0.0889559999999999,7.57632722175374,0.59304,41.375,1.85325,0.3,0,0.201875,0.00185325,0.16,0,0,NA,NA,NA,NA,NA,NA,NA,NA,NA,NA,NA,NA,NA,NA,NA,NA,NA,NA,NA,NA,NA,NA,NA,NA,NA,NA,NA,NA,NA,NA,NA,NA,NA,NA,NA,NA,NA,NA,NA,NA,NA,NA,NA
"20","Baker Mayfield","TB","QB","13590","robust",33.58,1.897728,21.015,1.29505576984999,231.9575,7.67245499999999,1.435,0.0963689999999999,0.82,0.177912,3.3,0.44478,11.35,3.306198,0.1,0,0.145,0.0333585,0.09,0,0,NA,NA,NA,NA,NA,NA,NA,NA,NA,NA,NA,NA,NA,NA,NA,NA,NA,NA,NA,NA,NA,NA,NA,NA,NA,NA,NA,NA,NA,NA,NA,NA,NA,NA,NA,NA,NA,NA,NA,NA,NA,NA,NA
"21","Ryan Tannehill","TEN","QB","10697","robust",29.45,0.667169999999999,18.7775,0.452193,222.6,11.453085,1.25,0.348411,0.95,0.0741300000000001,3.0102782816504,0.0304771607497625,13.66,1.541904,0.165,0.051891,0.1425,0.03150525,0.06,0,0,NA,NA,NA,NA,NA,NA,NA,NA,NA,NA,NA,NA,NA,NA,NA,NA,NA,NA,NA,NA,NA,NA,NA,NA,NA,NA,NA,NA,NA,NA,NA,NA,NA,NA,NA,NA,NA,NA,NA,NA,NA,NA,NA
"22","C.J. Stroud","HOU","QB","16150","robust",33,1.497426,21,0.808017,225.7,11.56428,1.15,0.14826,0.8475,0.22239,2.87345223529838,0.471608431893251,11.8,2.542659,0.1,0.007413,0.198125,0.00185325,0.08,0,0,NA,NA,NA,NA,NA,NA,NA,NA,NA,NA,NA,NA,NA,NA,NA,NA,NA,NA,NA,NA,NA,NA,NA,NA,NA,NA,NA,NA,NA,NA,NA,NA,NA,NA,NA,NA,NA,NA,NA,"Q","Shoulder",2023,2
"23","Deshaun Watson","CLE","QB","13113","robust",30.075,1.4826,19.025,0.444780000000001,226.0875,10.763676,1.295,0.14826,0.8,0.177912,5.425,0.81543,29.8975,2.216487,0.195,0.029652,0.08875,0.0111195,0.16,0,0,NA,NA,NA,NA,NA,NA,NA,NA,NA,NA,NA,NA,NA,NA,NA,NA,NA,NA,NA,NA,NA,NA,NA,NA,NA,NA,NA,NA,NA,NA,NA,NA,NA,NA,NA,NA,NA,NA,NA,NA,NA,NA,NA
"24","Lamar Jackson","BAL","QB","13593","robust",30.1025892683609,0.36707584927188,19.0281752408057,0.338292612018519,218.775,3.7065,1.22,0.326172,0.9,0.14826,9.07371322279372,0.811614448227938,54.2425,3.209829,0.3,0.044478,0.22,0.014826,0.09,0,0,NA,NA,NA,NA,NA,NA,NA,NA,NA,NA,NA,NA,NA,NA,NA,NA,NA,NA,NA,NA,NA,NA,NA,NA,NA,NA,NA,NA,NA,NA,NA,NA,NA,NA,NA,NA,NA,NA,NA,NA,NA,NA,NA
"25","Russell Wilson","DEN","QB","10703","robust",31.2107853757455,0.821678601919762,19.7,0.437367,222.85,3.098634,1.26,0.118608,0.675,0.096369,3.33359919295402,0.296519999999999,16.74,2.994852,0.1125,0.022239,0.10375,0.0037065,0.03,0,0,NA,NA,NA,NA,NA,NA,NA,NA,NA,NA,NA,NA,NA,NA,NA,NA,NA,NA,NA,NA,NA,NA,NA,NA,NA,NA,NA,NA,NA,NA,NA,NA,NA,NA,NA,NA,NA,NA,NA,NA,NA,NA,NA
"26","Kenny Pickett","PIT","QB","15692","robust",32.9086453784658,0.904386000000004,20.075,1.33133252919704,210.11,8.85853499999999,1.1,0.14826,0.9225,0.126021,3.43514019433217,0.348411,14.4775,1.401057,0.16,0.029652,0.0625,0.00926625,0.11,0,0,NA,NA,NA,NA,NA,NA,NA,NA,NA,NA,NA,NA,NA,NA,NA,NA,NA,NA,NA,NA,NA,NA,NA,NA,NA,NA,NA,NA,NA,NA,NA,NA,NA,NA,NA,NA,NA,NA,NA,NA,NA,NA,NA
"27","Bryce Young","CAR","QB","16148","robust",31.05,1.11195,19.1284887319857,0.62717321191608,209.63,8.92525199999999,1.1,0.118608,0.95,0.0741300000000001,3.26095872109513,0.238637399895639,12.845,1.77912,0.1,0.022239,0.15,0.037065,0.08,0,0,NA,NA,NA,NA,NA,NA,NA,NA,NA,NA,NA,NA,NA,NA,NA,NA,NA,NA,NA,NA,NA,NA,NA,NA,NA,NA,NA,NA,NA,NA,NA,NA,NA,NA,NA,NA,NA,NA,NA,NA,NA,NA,NA
"28","Zach Wilson","NYJ","QB","15239","robust",31.2075,0.548562000000001,17.735,0.385476000000002,203.6,2.37215999999999,0.92,0.14826,0.9,0.029652,2.9,0.177912,12.7375,0.681996000000001,0.105,0.014826,0.05625,0.0185325,0.09,0,0,NA,NA,NA,NA,NA,NA,NA,NA,NA,NA,NA,NA,NA,NA,NA,NA,NA,NA,NA,NA,NA,NA,NA,NA,NA,NA,NA,NA,NA,NA,NA,NA,NA,NA,NA,NA,NA,NA,NA,NA,NA,NA,NA
"29","Anthony Richardson","IND","QB","16152","robust",30.05,1.55673,19,0.889560000000002,207.2575,8.502711,1.1,0.0667169999999999,0.93,0.081543,8.5,0.7413,42.7075,6.6717,0.3025,0.00741300000000001,0.116875,0.01667925,0.08,0,0,NA,NA,NA,NA,NA,NA,NA,NA,NA,NA,NA,NA,NA,NA,NA,NA,NA,NA,NA,NA,NA,NA,NA,NA,NA,NA,NA,NA,NA,NA,NA,NA,NA,NA,NA,NA,NA,NA,NA,NA,NA,NA,NA
"30","Joshua Dobbs","ARI","QB","13119","robust",32.3683097800962,1.26021,20.4917490246699,0.59304,200,14.336742,1.0225,0.0815430000000001,0.9025,0.126021,3.5,0.7413,15.21,2.253552,0.0725,0.066717,0.365,0.0259455,0.08,0,0,NA,NA,NA,NA,NA,NA,NA,NA,NA,NA,NA,NA,NA,NA,NA,NA,NA,NA,NA,NA,NA,NA,NA,NA,NA,NA,NA,NA,NA,NA,NA,NA,NA,NA,NA,NA,NA,NA,NA,NA,NA,NA,NA
"31","Desmond Ridder","ATL","QB","15697","robust",26.805,1.178667,17.355,0.511497000000001,187.5025,7.413,1.1,0.140847,0.4,0.133434,2.955,0.874734,11.5,3.802869,0.06,0.059304,0.194375,0.00555975,0.07,0,0,NA,NA,NA,NA,NA,NA,NA,NA,NA,NA,NA,NA,NA,NA,NA,NA,NA,NA,NA,NA,NA,NA,NA,NA,NA,NA,NA,NA,NA,NA,NA,NA,NA,NA,NA,NA,NA,NA,NA,NA,NA,NA,NA
"32","Justin Fields","CHI","QB","15238","robust",25.5480349060486,1.1461015517076,15.9,0.815430000000001,187.35,10.08168,1.1275,0.0593039999999999,0.9,0.14826,9.89463589506321,0.488898118680479,62.025,2.43887699999999,0.2975,0.059304,0.27,0.029652,0.08,0,0,NA,NA,NA,NA,NA,NA,NA,NA,NA,NA,NA,NA,NA,NA,NA,NA,NA,NA,NA,NA,NA,NA,NA,NA,NA,NA,NA,NA,NA,NA,NA,NA,NA,NA,NA,NA,NA,NA,NA,NA,NA,NA,NA
"33","Davis Mills","HOU","QB","15252","robust",5.55,2.2239,3.525,1.70499,32.775,17.0499,0.225,0.22239,0.2,0,0.4,0,1.15,0.44478,0,0,0.025,0.02471,0,NA,0,NA,NA,NA,NA,NA,NA,NA,NA,NA,NA,NA,NA,NA,NA,NA,NA,NA,NA,NA,NA,NA,NA,NA,NA,NA,NA,NA,NA,NA,NA,NA,NA,NA,NA,NA,NA,NA,NA,NA,NA,NA,NA,NA
"34","Tyler Huntley","BAL","QB","14789","robust",1.3,1.33434,0.813851795693063,0.7413,12.775,2.81694,0.1,0.014826,0.09,0,0.963705357142857,0.337159125,3.32,1.63086,0.015,0,0.03875,0.014826,0.03,0,0,NA,NA,NA,NA,NA,NA,NA,NA,NA,NA,NA,NA,NA,NA,NA,NA,NA,NA,NA,NA,NA,NA,NA,NA,NA,NA,NA,NA,NA,NA,NA,NA,NA,NA,NA,NA,NA,NA,NA,NA,NA,NA,NA
"35","Mitchell Trubisky","PIT","QB","13115","robust",3.05,0.29652,1.95,0,23.575,0.29652,0.125,0.14826,0.225,0,0.55,0,1.15,1.03782,0,0,0,0,0,NA,0,NA,NA,NA,NA,NA,NA,NA,NA,NA,NA,NA,NA,NA,NA,NA,NA,NA,NA,NA,NA,NA,NA,NA,NA,NA,NA,NA,NA,NA,NA,NA,NA,NA,NA,NA,NA,NA,NA,NA,NA,NA,NA,NA
"36","Jameis Winston","NO","QB","12140","robust",2.1,0.88956,1.375,0.7413,16.15,5.04084,0.125,0,0.05,0,0.375,0.29652,1.825,1.03782,0,0,0,0,0,NA,0,NA,NA,NA,NA,NA,NA,NA,NA,NA,NA,NA,NA,NA,NA,NA,NA,NA,NA,NA,NA,NA,NA,NA,NA,NA,NA,NA,NA,NA,NA,NA,NA,NA,NA,NA,NA,NA,NA,NA,NA,NA,NA,NA
"37","Andy Dalton","CAR","QB","10313","robust",2.525,0.88956,1.575,0.7413,16.7,2.66868,0.125,0,0.1,0.14826,0.375,0.14826,1.2,1.18608,0,0,0,0,0,NA,0,NA,NA,NA,NA,NA,NA,NA,NA,NA,NA,NA,NA,NA,NA,NA,NA,NA,NA,NA,NA,NA,NA,NA,NA,NA,NA,NA,NA,NA,NA,NA,NA,NA,NA,NA,NA,NA,NA,NA,NA,NA,NA,NA
"38","Taylor Heinicke","ATL","QB","12476","robust",1.9,NA,1,NA,17.95,9.61219,0.1,NA,0.05,NA,0.35,NA,1.6,0.32123,0,0,0.025,0.02471,0,NA,0,NA,NA,NA,NA,NA,NA,NA,NA,NA,NA,NA,NA,NA,NA,NA,NA,NA,NA,NA,NA,NA,NA,NA,NA,NA,NA,NA,NA,NA,NA,NA,NA,NA,NA,NA,NA,NA,NA,NA,NA,NA,NA,NA
"39","Marcus Mariota","PHI","QB","12141","robust",1.25,NA,0.8,NA,12.3625,1.92738,0.05,NA,0.05,NA,0.4,NA,1.775,0.7413,0.00510416666666667,0,0,0,0,NA,0,NA,NA,NA,NA,NA,NA,NA,NA,NA,NA,NA,NA,NA,NA,NA,NA,NA,NA,NA,NA,NA,NA,NA,NA,NA,NA,NA,NA,NA,NA,NA,NA,NA,NA,NA,NA,NA,NA,NA,NA,NA,NA,NA
"40","Nick Mullens","MIN","QB","13968","robust",1.875,1.03782,1.325,0.59304,14.875,4.89258,0.1,0,0.075,0,0.275,0.14826,0.7,0.29652,0,0,0,0,0,NA,0,NA,NA,NA,NA,NA,NA,NA,NA,NA,NA,NA,NA,NA,NA,NA,NA,NA,NA,NA,NA,NA,NA,NA,NA,NA,NA,NA,NA,NA,NA,NA,NA,NA,NA,NA,NA,NA,NA,NA,NA,NA,NA,NA
"41","Teddy Bridgewater","DET","QB","11640","robust",2.50188269946622,1.4826,1.45,0.44478,18.745,3.26172,0.06,0.088956,0.1,0.07413,0.2,NA,0.7,0.59304,0,0,0,0,0.02,0,0,NA,NA,NA,NA,NA,NA,NA,NA,NA,NA,NA,NA,NA,NA,NA,NA,NA,NA,NA,NA,NA,NA,NA,NA,NA,NA,NA,NA,NA,NA,NA,NA,NA,NA,NA,NA,NA,NA,NA,NA,NA,NA,NA
"42","Mike White","MIA","QB","13598","robust",2.625,1.4826,1.45,0.7413,15.475,2.52042,0.025,0,0.075,0,0.375,0.14826,0.675,0.14826,0,0,0,0,0,NA,0,NA,NA,NA,NA,NA,NA,NA,NA,NA,NA,NA,NA,NA,NA,NA,NA,NA,NA,NA,NA,NA,NA,NA,NA,NA,NA,NA,NA,NA,NA,NA,NA,NA,NA,NA,NA,NA,NA,NA,NA,NA,NA,NA
"43","Dorian Thompson-Robinson","CLE","QB","16158","robust",1.475,0.42007,0.85,0.2471,13.5,7.205436,0,0,0.1,0.059304,0.2,0,0.5,0.037065,0,0,0.0025,0.002471,0.04,0,0,NA,NA,NA,NA,NA,NA,NA,NA,NA,NA,NA,NA,NA,NA,NA,NA,NA,NA,NA,NA,NA,NA,NA,NA,NA,NA,NA,NA,NA,NA,NA,NA,NA,NA,NA,NA,NA,NA,NA,NA,NA,NA,NA
"44","Clayton Tune","ARI","QB","16160","robust",2.3,NA,1.4,NA,14.741,2.81694,0.035,NA,0.1,NA,0.183,NA,0.688,0.088956,0.0061,0,0.00125,0.00185325,0.04,0,0,NA,NA,NA,NA,NA,NA,NA,NA,NA,NA,NA,NA,NA,NA,NA,NA,NA,NA,NA,NA,NA,NA,NA,NA,NA,NA,NA,NA,NA,NA,NA,NA,NA,NA,NA,NA,NA,NA,NA,NA,NA,NA,NA
"45","Sam Darnold","SF","QB","13592","robust",2.50423867403059,NA,1.40651832956804,NA,16.822,3.5493444,0.0775,NA,0.1,NA,0.4,NA,1.075,0.185325,0.01,0,0.01875,0.02038575,0.03,0,0,NA,NA,NA,NA,NA,NA,NA,NA,NA,NA,NA,NA,NA,NA,NA,NA,NA,NA,NA,NA,NA,NA,NA,NA,NA,NA,NA,NA,NA,NA,NA,NA,NA,NA,NA,NA,NA,NA,NA,NA,NA,NA,NA
"46","Kyle Trask","TB","QB","15242","robust",2.46248684210526,NA,1.38613596491228,NA,14.32875,2.5834305,0,NA,0.06,NA,0.15,NA,0.2,0.29652,0.0025,0,0.00333333333333333,0.004942,0.03,0,0,NA,NA,NA,NA,NA,NA,NA,NA,NA,NA,NA,NA,NA,NA,NA,NA,NA,NA,NA,NA,NA,NA,NA,NA,NA,NA,NA,NA,NA,NA,NA,NA,NA,NA,NA,NA,NA,NA,NA,NA,NA,NA,NA
"47","Sean Clifford","GB","QB","16313","robust",1.2032972972973,1.03782,0.782378378378378,0.636796735135135,11.95,3.85476,0.075,0,0.0775,0.014826,0.153819444444444,0,0.6275,0.014826,0.005,0,0.0025,0,0.04,0,0,NA,NA,NA,NA,NA,NA,NA,NA,NA,NA,NA,NA,NA,NA,NA,NA,NA,NA,NA,NA,NA,NA,NA,NA,NA,NA,NA,NA,NA,NA,NA,NA,NA,NA,NA,NA,NA,NA,NA,NA,NA,NA,NA
"48","Jake Browning","CIN","QB","14358","robust",1.2021568627451,1.03782,0.644411764705882,0.59304,10.21,0.148260000000001,0.07,0.014826,0.0775,0.014826,0.22875,0.126021,0.28,0.266868,0.0025,0,0.0025,0,0.04,0,0,NA,NA,NA,NA,NA,NA,NA,NA,NA,NA,NA,NA,NA,NA,NA,NA,NA,NA,NA,NA,NA,NA,NA,NA,NA,NA,NA,NA,NA,NA,NA,NA,NA,NA,NA,NA,NA,NA,NA,NA,NA,NA,NA
"49","Bailey Zappe","NE","QB","15696","robust",1.41212366722783,0.88956,0.851781705948373,0.59304,11.44,1.03782,0.0875,0,0.06,0.044478,0.2796875,0.26872125,0.305,0.266868,0.0025,0,0,0,0.03,0,0,NA,NA,NA,NA,NA,NA,NA,NA,NA,NA,NA,NA,NA,NA,NA,NA,NA,NA,NA,NA,NA,NA,NA,NA,NA,NA,NA,NA,NA,NA,NA,NA,NA,NA,NA,NA,NA,NA,NA,NA,NA,NA,NA
"50","Easton Stick","LAC","QB","14069","robust",1.226875,0.7413,0.245375,0.14826,6.7575,6.22692,0.065,0.029652,0.095,0.133434,0.55,0.51891,0.245,0.059304,0.0025,0,0.0025,0,0.03,0,0,NA,NA,NA,NA,NA,NA,NA,NA,NA,NA,NA,NA,NA,NA,NA,NA,NA,NA,NA,NA,NA,NA,NA,NA,NA,NA,NA,NA,NA,NA,NA,NA,NA,NA,NA,NA,NA,NA,NA,NA,NA,NA,NA
"51","Cooper Rush","DAL","QB","13124","robust",1.4,0.88956,0.825,0.59304,9.1,3.40998,0.1,0,0,0,0.35,0.29652,-0.125,0.14826,0,0,0,0,0,NA,0,NA,NA,NA,NA,NA,NA,NA,NA,NA,NA,NA,NA,NA,NA,NA,NA,NA,NA,NA,NA,NA,NA,NA,NA,NA,NA,NA,NA,NA,NA,NA,NA,NA,NA,NA,NA,NA,NA,NA,NA,NA,NA,NA
"52","Brian Hoyer","LVR","QB","9714","robust",1.575,1.18608,0.95,0.44478,9.85,3.7065,0.075,0,0.1,0.14826,0.275,0.14826,0.425,0.29652,0,0,0,0,0,NA,0,NA,NA,NA,NA,NA,NA,NA,NA,NA,NA,NA,NA,NA,NA,NA,NA,NA,NA,NA,NA,NA,NA,NA,NA,NA,NA,NA,NA,NA,NA,NA,NA,NA,NA,NA,NA,NA,NA,NA,NA,NA,NA,NA
"53","Jacoby Brissett","WAS","QB","12616","robust",1.55,NA,1,NA,9.875,1.60615,0.05,NA,0,NA,0.25,NA,0.925,0.14826,0,0,0,0,0,NA,0,NA,NA,NA,NA,NA,NA,NA,NA,NA,NA,NA,NA,NA,NA,NA,NA,NA,NA,NA,NA,NA,NA,NA,NA,NA,NA,NA,NA,NA,NA,NA,NA,NA,NA,NA,NA,NA,NA,NA,NA,NA,NA,NA
"54","Drew Lock","SEA","QB","14057","robust",1.275,1.33434,0.725,0.44478,8.975,3.85476,0.075,0,0.025,0,0.1,0.14826,0.5,0.44478,0,0,0,0,0,NA,0,NA,NA,NA,NA,NA,NA,NA,NA,NA,NA,NA,NA,NA,NA,NA,NA,NA,NA,NA,NA,NA,NA,NA,NA,NA,NA,NA,NA,NA,NA,NA,NA,NA,NA,NA,NA,NA,NA,NA,NA,NA,NA,NA
"55","Malik Willis","TEN","QB","15694","robust",2,0.44478,1.05,0.37065,8.8,4.15128,0,0,0.1,0.14826,0.75,0.51891,2.35,2.44629,0,0,0.1,0.14826,NA,NA,NA,NA,NA,NA,NA,NA,NA,NA,NA,NA,NA,NA,NA,NA,NA,NA,NA,NA,NA,NA,NA,NA,NA,NA,NA,NA,NA,NA,NA,NA,NA,NA,NA,NA,NA,NA,NA,NA,NA,NA,NA,NA,NA,NA
"56","Jarrett Stidham","DEN","QB","14063","robust",1.55,0.14826,0.9,0.14826,9.4,2.2239,0.1,0,0.075,0,0.125,0.14826,0.65,0.44478,0,0,0,0,0,NA,0,NA,NA,NA,NA,NA,NA,NA,NA,NA,NA,NA,NA,NA,NA,NA,NA,NA,NA,NA,NA,NA,NA,NA,NA,NA,NA,NA,NA,NA,NA,NA,NA,NA,NA,NA,NA,NA,NA,NA,NA,NA,NA,NA
"57","Tyrod Taylor","NYG","QB","10413","robust",1.275,1.03782,0.875,0.59304,7.625,4.4478,0.1,0,0.05,0,0.5,0.14826,2.225,0.44478,0,0,0.025,0,0,NA,0,NA,NA,NA,NA,NA,NA,NA,NA,NA,NA,NA,NA,NA,NA,NA,NA,NA,NA,NA,NA,NA,NA,NA,NA,NA,NA,NA,NA,NA,NA,NA,NA,NA,NA,NA,NA,NA,NA,NA,NA,NA,NA,NA
"58","Kyle Allen","BUF","QB","13879","robust",1.6,1.03782,0.925,0.29652,9.975,0.148259999999999,0.1,0,0.075,0,0.525,0.29652,0.525,0.59304,0,0,0.075,0,0,NA,0,NA,NA,NA,NA,NA,NA,NA,NA,NA,NA,NA,NA,NA,NA,NA,NA,NA,NA,NA,NA,NA,NA,NA,NA,NA,NA,NA,NA,NA,NA,NA,NA,NA,NA,NA,NA,NA,NA,NA,NA,NA,NA,NA
"59","Blaine Gabbert","KC","QB","10262","robust",1.15,0.51891,0.65,0.37065,9,2.37216,0.1,0,0.05,0.07413,0.5,0.29652,0.45,0.37065,0,0,0,0,NA,NA,NA,NA,NA,NA,NA,NA,NA,NA,NA,NA,NA,NA,NA,NA,NA,NA,NA,NA,NA,NA,NA,NA,NA,NA,NA,NA,NA,NA,NA,NA,NA,NA,NA,NA,NA,NA,NA,NA,NA,NA,NA,NA,NA,NA
"60","Gardner Minshew","IND","QB","14067","robust",0.8,NA,0.45,NA,6.1,4.59606,0,NA,0.05,NA,0.2,0.14826,0.15,0.22239,0,0,0,0,0,NA,0,NA,NA,NA,NA,NA,NA,NA,NA,NA,NA,NA,NA,NA,NA,NA,NA,NA,NA,NA,NA,NA,NA,NA,NA,NA,NA,NA,NA,NA,NA,NA,NA,NA,NA,NA,NA,NA,NA,NA,NA,NA,NA,NA
"61","Nathan Peterman","CHI","QB","13127","robust",0.9,1.33434,0.5,0.7413,4,5.9304,0.05,0.07413,0.2,0,0.45,0.66717,0.7,1.03782,0,0,0,0,NA,NA,NA,NA,NA,NA,NA,NA,NA,NA,NA,NA,NA,NA,NA,NA,NA,NA,NA,NA,NA,NA,NA,NA,NA,NA,NA,NA,NA,NA,NA,NA,NA,NA,NA,NA,NA,NA,NA,NA,NA,NA,NA,NA,NA,NA
"62","C.J. Beathard","JAC","QB","13125","robust",1.15,0.96369,0.7,0.59304,5.3,1.03782,0,0,0.1,0,0.65,0.07413,0.15,0.81543,0,0,0,0,NA,NA,NA,NA,NA,NA,NA,NA,NA,NA,NA,NA,NA,NA,NA,NA,NA,NA,NA,NA,NA,NA,NA,NA,NA,NA,NA,NA,NA,NA,NA,NA,NA,NA,NA,NA,NA,NA,NA,NA,NA,NA,NA,NA,NA,NA
"63","Sam Ehlinger","IND","QB","15250","robust",0.45,0.66717,0.3,0.44478,2.5,3.7065,0.1,0,0.1,0.14826,0.55,0.51891,1.2,0.29652,0,0,0,0,NA,NA,NA,NA,NA,NA,NA,NA,NA,NA,NA,NA,NA,NA,NA,NA,NA,NA,NA,NA,NA,NA,NA,NA,NA,NA,NA,NA,NA,NA,NA,NA,NA,NA,NA,NA,NA,NA,NA,NA,NA,NA,NA,NA,NA,NA
"64","Will Levis","TEN","QB","16149","robust",0.4,NA,0.2,NA,2.6,0,0,NA,0.1,NA,0.5,NA,0.9,0,0,0,0,0,NA,NA,NA,NA,NA,NA,NA,NA,NA,NA,NA,NA,NA,NA,NA,NA,NA,NA,NA,NA,NA,NA,NA,NA,NA,NA,NA,NA,NA,NA,NA,NA,NA,NA,NA,NA,NA,NA,NA,NA,NA,NA,NA,NA,NA,NA
"65","Mason Rudolph","PIT","QB","13595","robust",0.2,0.29652,0.1,0.14826,1,1.4826,0,0,0,0,0.25,0.37065,0.35,0.51891,0,0,0,0,NA,NA,NA,NA,NA,NA,NA,NA,NA,NA,NA,NA,NA,NA,NA,NA,NA,NA,NA,NA,NA,NA,NA,NA,NA,NA,NA,NA,NA,NA,NA,NA,NA,NA,NA,NA,NA,NA,NA,NA,NA,NA,NA,NA,NA,NA
"66","Nick Chubb","CLE","RB","13610","robust",NA,NA,NA,NA,NA,NA,NA,NA,NA,NA,18.6154653096062,0.912488868022169,94.065,6.6717,0.555,0.133434,0.0795,0.022239,0.03,0,0,NA,2.0225,0.0667169999999999,18.2,1.18608,0.1,0,NA,NA,NA,NA,NA,NA,NA,NA,NA,NA,NA,NA,NA,NA,NA,NA,NA,NA,NA,NA,NA,NA,NA,NA,NA,NA,NA,NA,NA,NA,NA,NA,NA,NA,NA,NA
"67","Derrick Henry","TEN","RB","12626","robust",NA,NA,NA,NA,NA,NA,NA,NA,NA,NA,20.4843262110996,0.764537959423726,93.5,2.07564,0.7,0,0.111,0.0163086,0.06,0,0,NA,2.075,0.29652,21.54,3.232068,0.05,0.022239,NA,NA,NA,NA,NA,NA,NA,NA,NA,NA,NA,NA,NA,NA,NA,NA,NA,NA,NA,NA,NA,NA,NA,NA,NA,NA,NA,NA,NA,NA,NA,NA,NA,NA,NA,NA
"68","Tony Pollard","DAL","RB","14085","robust",NA,NA,NA,NA,NA,NA,NA,NA,NA,NA,16.2,1.73426634571458,76.45,8.45082,0.65,0.07413,0.05,0.037065,0.01,0,0,NA,2.9,0.14826,23.2675,2.2239,0.1025,0.007413,NA,NA,NA,NA,NA,NA,NA,NA,NA,NA,NA,NA,NA,NA,NA,NA,NA,NA,NA,NA,NA,NA,NA,NA,NA,NA,NA,NA,NA,NA,NA,NA,NA,NA,NA,NA
"69","Breece Hall","NYJ","RB","15708","robust",NA,NA,NA,NA,NA,NA,NA,NA,NA,NA,12.0243496008477,0.772880563566477,59.1425,3.476697,0.3,0.066717,0.093,0.0103782,0.01,0,0,NA,2.1225,0.422541,20.9875,1.85325,0.1,0,NA,NA,NA,NA,NA,NA,NA,NA,NA,NA,NA,NA,NA,NA,NA,NA,NA,NA,NA,NA,NA,NA,NA,NA,NA,NA,NA,NA,NA,NA,NA,NA,"Q","Knee",2023,2
"70","Saquon Barkley","NYG","RB","13604","robust",NA,NA,NA,NA,NA,NA,NA,NA,NA,NA,17,1.77912,77.65,2.74281,0.55,0.0741300000000001,0.066,0.0504084,0,NA,0,NA,3.715,0.422541,24.855,1.55673,0.1,0.00741300000000001,NA,NA,NA,NA,NA,NA,NA,NA,NA,NA,NA,NA,NA,NA,NA,NA,NA,NA,NA,NA,NA,NA,NA,NA,NA,NA,NA,NA,NA,NA,NA,NA,NA,NA,NA,NA
"71","Christian McCaffrey","SF","RB","13130","robust",NA,NA,NA,NA,NA,NA,NA,NA,NA,NA,16.3018787078238,1.26021,76.5,4.981536,0.6,0.00741300000000001,0.01875,0.0185325,0,NA,0,NA,4.5,0.37065,39.7,0.7413,0.205,0.014826,NA,NA,NA,NA,NA,NA,NA,NA,NA,NA,NA,NA,NA,NA,NA,NA,NA,NA,NA,NA,NA,NA,NA,NA,NA,NA,NA,NA,NA,NA,NA,NA,NA,NA,NA,NA
"72","Bijan Robinson","ATL","RB","16161","robust",NA,NA,NA,NA,NA,NA,NA,NA,NA,NA,12.975,1.022994,64.2625,5.89333499999999,0.455,0.14826,0.088,0.0177912,0.01,0,0,NA,3.895,0.155673,27.57,3.85476,0.2,0.07413,NA,NA,NA,NA,NA,NA,NA,NA,NA,NA,NA,NA,NA,NA,NA,NA,NA,NA,NA,NA,NA,NA,NA,NA,NA,NA,NA,NA,NA,NA,NA,NA,NA,NA,NA,NA
"73","Josh Jacobs","LVR","RB","14073","robust",NA,NA,NA,NA,NA,NA,NA,NA,NA,NA,17.1,0.163086000000002,73.9325,1.727229,0.6,0,0.097,0.0044478,0,NA,0,NA,2.7175,0.392889,20.74,4.143867,0.05,0.014826,NA,NA,NA,NA,NA,NA,NA,NA,NA,NA,NA,NA,NA,NA,NA,NA,NA,NA,NA,NA,NA,NA,NA,NA,NA,NA,NA,NA,NA,NA,NA,NA,NA,NA,NA,NA
"74","Rhamondre Stevenson","NE","RB","15259","robust",NA,NA,NA,NA,NA,NA,NA,NA,NA,NA,13.7275,2.157183,59.9,7.679868,0.4,0.066717,0.094,0.00889560000000001,0.01,0,0,NA,3.44,0.422541,25.5,1.18608,0.1,0.037065,NA,NA,NA,NA,NA,NA,NA,NA,NA,NA,NA,NA,NA,NA,NA,NA,NA,NA,NA,NA,NA,NA,NA,NA,NA,NA,NA,NA,NA,NA,NA,NA,NA,NA,NA,NA
"75","Miles Sanders","CAR","RB","14079","robust",NA,NA,NA,NA,NA,NA,NA,NA,NA,NA,15.18,0.37065,69.675,2.14977,0.35,0.0741300000000001,0.144,0.0504084,0.03,0,0,NA,2,0.29652,14.925,4.59606,0.04,0.037065,NA,NA,NA,NA,NA,NA,NA,NA,NA,NA,NA,NA,NA,NA,NA,NA,NA,NA,NA,NA,NA,NA,NA,NA,NA,NA,NA,NA,NA,NA,NA,NA,NA,NA,NA,NA
"76","Kenneth Walker III","SEA","RB","15711","robust",NA,NA,NA,NA,NA,NA,NA,NA,NA,NA,14.9,0.474431999999999,69.5,0.533735999999999,0.505,0.00741300000000001,0.01875,0.0185325,0.01,0,0,NA,2.1,0.14826,13.8,2.275791,0.05,0.037065,NA,NA,NA,NA,NA,NA,NA,NA,NA,NA,NA,NA,NA,NA,NA,NA,NA,NA,NA,NA,NA,NA,NA,NA,NA,NA,NA,NA,NA,NA,NA,NA,NA,NA,NA,NA
"77","Joe Mixon","CIN","RB","13131","robust",NA,NA,NA,NA,NA,NA,NA,NA,NA,NA,15.9,1.156428,62.19,3.432219,0.5,0.037065,0.066,0.0504084,0,NA,0,NA,3.4,0.59304,23.625,2.14977,0.1,0,NA,NA,NA,NA,NA,NA,NA,NA,NA,NA,NA,NA,NA,NA,NA,NA,NA,NA,NA,NA,NA,NA,NA,NA,NA,NA,NA,NA,NA,NA,NA,NA,NA,NA,NA,NA
"78","Brian Robinson","WAS","RB","15716","robust",NA,NA,NA,NA,NA,NA,NA,NA,NA,NA,16.415,0.667169999999999,64.385,5.04084,0.33,0.0815430000000001,0.01875,0.0185325,0.01,0,0,NA,1.425,0.348411,10.0825,2.942961,0.095,0.103782,NA,NA,NA,NA,NA,NA,NA,NA,NA,NA,NA,NA,NA,NA,NA,NA,NA,NA,NA,NA,NA,NA,NA,NA,NA,NA,NA,NA,NA,NA,NA,NA,NA,NA,NA,NA
"79","James Conner","ARI","RB","13146","robust",NA,NA,NA,NA,NA,NA,NA,NA,NA,NA,15.025,1.40847,64.8,4.52193,0.5,0,0.094,0.00889560000000001,0,NA,0,NA,2.95,0.0741300000000004,20.8,2.52042,0.09,0,NA,NA,NA,NA,NA,NA,NA,NA,NA,NA,NA,NA,NA,NA,NA,NA,NA,NA,NA,NA,NA,NA,NA,NA,NA,NA,NA,NA,NA,NA,NA,NA,NA,NA,NA,NA
"80","Rachaad White","TB","RB","15721","robust",NA,NA,NA,NA,NA,NA,NA,NA,NA,NA,14.705,0.533736000000002,57.8,8.52495,0.315,0.022239,0.158,0.0622692,0.01,0,0,NA,2.85,0.29652,20.9,3.817695,0.1,0,NA,NA,NA,NA,NA,NA,NA,NA,NA,NA,NA,NA,NA,NA,NA,NA,NA,NA,NA,NA,NA,NA,NA,NA,NA,NA,NA,NA,NA,NA,NA,NA,NA,NA,NA,NA
"81","Travis Etienne","JAC","RB","15253","robust",NA,NA,NA,NA,NA,NA,NA,NA,NA,NA,14,0,68.14,2.77246200000001,0.455,0.081543,0.131,0.044478,0.04,0,0,NA,2.75,0.29652,20.55,2.89107,0.0525,0.029652,NA,NA,NA,NA,NA,NA,NA,NA,NA,NA,NA,NA,NA,NA,NA,NA,NA,NA,NA,NA,NA,NA,NA,NA,NA,NA,NA,NA,NA,NA,NA,NA,NA,NA,NA,NA
"82","Tyler Allgeier","ATL","RB","15712","robust",NA,NA,NA,NA,NA,NA,NA,NA,NA,NA,13.025,1.18608,60.73,7.353696,0.33,0.07413,0.01875,0.0185325,0,NA,0,NA,1.07,0.133434,8.4,1.126776,0.01,0,NA,NA,NA,NA,NA,NA,NA,NA,NA,NA,NA,NA,NA,NA,NA,NA,NA,NA,NA,NA,NA,NA,NA,NA,NA,NA,NA,NA,NA,NA,NA,NA,NA,NA,NA,NA
"83","AJ Dillon","GB","RB","14805","robust",NA,NA,NA,NA,NA,NA,NA,NA,NA,NA,14.0175,2.33040128216724,59.095,8.636145,0.4,0.044478,0.069,0.044478,0.01,0,0,NA,2.05,0.22239,17.8,3.33585,0.085,0.022239,NA,NA,NA,NA,NA,NA,NA,NA,NA,NA,NA,NA,NA,NA,NA,NA,NA,NA,NA,NA,NA,NA,NA,NA,NA,NA,NA,NA,NA,NA,NA,NA,NA,NA,NA,NA
"84","Dameon Pierce","HOU","RB","15717","robust",NA,NA,NA,NA,NA,NA,NA,NA,NA,NA,15.8,0.593039999999998,64.61,3.617544,0.395,0.022239,0.103,0.0044478,0.01,0,0,NA,2.25,0.400302,14.6,2.07564,0.085,0.014826,NA,NA,NA,NA,NA,NA,NA,NA,NA,NA,NA,NA,NA,NA,NA,NA,NA,NA,NA,NA,NA,NA,NA,NA,NA,NA,NA,NA,NA,NA,NA,NA,NA,NA,NA,NA
"85","Najee Harris","PIT","RB","15254","robust",NA,NA,NA,NA,NA,NA,NA,NA,NA,NA,15.985,0.785778,63.02,3.565653,0.4,0,0.093,0.0103782,0,NA,0,NA,2.2025,0.37065,14.925,0.770952000000001,0.095,0,NA,NA,NA,NA,NA,NA,NA,NA,NA,NA,NA,NA,NA,NA,NA,NA,NA,NA,NA,NA,NA,NA,NA,NA,NA,NA,NA,NA,NA,NA,NA,NA,NA,NA,NA,NA
"86","Alexander Mattison","MIN","RB","14223","robust",NA,NA,NA,NA,NA,NA,NA,NA,NA,NA,13.47,0.696822,56.545,5.248404,0.5,0.103782,0.096,0.0059304,0.01,0,0,NA,2.2525,0.14826,15.71,2.720571,0.1475,0.066717,NA,NA,NA,NA,NA,NA,NA,NA,NA,NA,NA,NA,NA,NA,NA,NA,NA,NA,NA,NA,NA,NA,NA,NA,NA,NA,NA,NA,NA,NA,NA,NA,NA,NA,NA,NA
"87","Zack Moss","IND","RB","14798","robust",NA,NA,NA,NA,NA,NA,NA,NA,NA,NA,12.53,0.7413,53.6575,8.74734,0.255,0.081543,0.117,0.0252042,0.01,0,0,NA,1.635,0.44478,10.6,1.4826,0,0,NA,NA,NA,NA,NA,NA,NA,NA,NA,NA,NA,NA,NA,NA,NA,NA,NA,NA,NA,NA,NA,NA,NA,NA,NA,NA,NA,NA,NA,NA,NA,NA,NA,NA,NA,NA
"88","James Cook","BUF","RB","15715","robust",NA,NA,NA,NA,NA,NA,NA,NA,NA,NA,13,1.356579,60.0075,3.728739,0.36,0.088956,0.089,0.0163086,0.01,0,0,NA,2.555,0.192738,19.9175,0.926625,0.1,0,NA,NA,NA,NA,NA,NA,NA,NA,NA,NA,NA,NA,NA,NA,NA,NA,NA,NA,NA,NA,NA,NA,NA,NA,NA,NA,NA,NA,NA,NA,NA,NA,NA,NA,NA,NA
"89","David Montgomery","DET","RB","14071","robust",NA,NA,NA,NA,NA,NA,NA,NA,NA,NA,15.7,0.296520000000002,63.145,1.4826,0.5675,0.200151,0.096,0.0059304,0,NA,0,NA,1.765,0.355824,14.675,4.37367,0.055,0.014826,NA,NA,NA,NA,NA,NA,NA,NA,NA,NA,NA,NA,NA,NA,NA,NA,NA,NA,NA,NA,NA,NA,NA,NA,NA,NA,NA,NA,NA,NA,NA,NA,NA,NA,NA,NA
"90","Jamaal Williams","NO","RB","13139","robust",NA,NA,NA,NA,NA,NA,NA,NA,NA,NA,15.6250476507856,0.926625,60.605,2.29803,0.4925,0.096369,0.097,0.0044478,0.06,0,0,NA,1.3,0.14826,9.435,1.823598,0.05,0.059304,NA,NA,NA,NA,NA,NA,NA,NA,NA,NA,NA,NA,NA,NA,NA,NA,NA,NA,NA,NA,NA,NA,NA,NA,NA,NA,NA,NA,NA,NA,NA,NA,NA,NA,NA,NA
"91","Cam Akers","LAR","RB","14799","robust",NA,NA,NA,NA,NA,NA,NA,NA,NA,NA,12.04,1.230558,45.8,8.717688,0.28,0.118608,0.136,0.0533736,0,NA,0,NA,1.06,0.14826,8.635,4.358844,0.015,0,NA,NA,NA,NA,NA,NA,NA,NA,NA,NA,NA,NA,NA,NA,NA,NA,NA,NA,NA,NA,NA,NA,NA,NA,NA,NA,NA,NA,NA,NA,NA,NA,NA,NA,NA,NA
"92","D'Andre Swift","PHI","RB","14797","robust",NA,NA,NA,NA,NA,NA,NA,NA,NA,NA,8.99568842597381,1.49538467930246,42,6.560505,0.305,0.00741300000000001,0.05,0.037065,0.04,0,0,NA,2.73,0.37065,20.525,3.669435,0.1025,0.007413,NA,NA,NA,NA,NA,NA,NA,NA,NA,NA,NA,NA,NA,NA,NA,NA,NA,NA,NA,NA,NA,NA,NA,NA,NA,NA,NA,NA,NA,NA,NA,NA,NA,NA,NA,NA
"93","Javonte Williams","DEN","RB","15256","robust",NA,NA,NA,NA,NA,NA,NA,NA,NA,NA,13.9922748224866,1.067472,60.1,2.9652,0.315,0.0741300000000001,0.101,0.0014826,0.01,0,0,NA,2.5,0.318759,17.7625,2.9652,0.09,0.014826,NA,NA,NA,NA,NA,NA,NA,NA,NA,NA,NA,NA,NA,NA,NA,NA,NA,NA,NA,NA,NA,NA,NA,NA,NA,NA,NA,NA,NA,NA,NA,NA,NA,NA,NA,NA
"94","Joshua Kelley","LAC","RB","14807","robust",NA,NA,NA,NA,NA,NA,NA,NA,NA,NA,13.8907521943603,0.914029406717303,55.725,2.74281,0.425,0.111195,0.099,0.0014826,0.01,0,0,NA,2.32,0.652344,16.715,2.661267,0.05,0.059304,NA,NA,NA,NA,NA,NA,NA,NA,NA,NA,NA,NA,NA,NA,NA,NA,NA,NA,NA,NA,NA,NA,NA,NA,NA,NA,NA,NA,NA,NA,NA,NA,NA,NA,NA,NA
"95","Raheem Mostert","MIA","RB","12447","robust",NA,NA,NA,NA,NA,NA,NA,NA,NA,NA,12.015,0.853050059064079,55.05,4.655364,0.33,0.044478,0.054,0.0459606,0,NA,0,NA,2.0425,0.0963689999999999,15,1.349166,0.1,0,NA,NA,NA,NA,NA,NA,NA,NA,NA,NA,NA,NA,NA,NA,NA,NA,NA,NA,NA,NA,NA,NA,NA,NA,NA,NA,NA,NA,NA,NA,NA,NA,NA,NA,NA,NA
"96","Aaron Jones","GB","RB","13319","robust",NA,NA,NA,NA,NA,NA,NA,NA,NA,NA,7.15,NA,35.9,5.63388,0.2,0,0.1,0,0,NA,0,NA,1.78,0.59304,17.4475,5.811792,0.138065889254654,0.044478,NA,NA,NA,NA,NA,NA,NA,NA,NA,NA,NA,NA,NA,NA,NA,NA,NA,NA,NA,NA,NA,NA,NA,NA,NA,NA,NA,NA,NA,NA,NA,NA,"Q","Hamstring",2023,2
"97","Jahmyr Gibbs","DET","RB","16162","robust",NA,NA,NA,NA,NA,NA,NA,NA,NA,NA,9.955,0.934038000000001,44.655,2.105292,0.3,0.133434,0.084,0.0237216,0,NA,0,NA,2.825,0.415128,24.9325,7.413,0.125,0.111195,NA,NA,NA,NA,NA,NA,NA,NA,NA,NA,NA,NA,NA,NA,NA,NA,NA,NA,NA,NA,NA,NA,NA,NA,NA,NA,NA,NA,NA,NA,NA,NA,NA,NA,NA,NA
"98","Kyren Williams","LAR","RB","15710","robust",NA,NA,NA,NA,NA,NA,NA,NA,NA,NA,11.4,0.81543,41.675,8.74734,0.2,0.059304,0.062,0.0563388,0,NA,0,NA,1.605,0.585627,13.6825,5.1891,0.0325,0.029652,NA,NA,NA,NA,NA,NA,NA,NA,NA,NA,NA,NA,NA,NA,NA,NA,NA,NA,NA,NA,NA,NA,NA,NA,NA,NA,NA,NA,NA,NA,NA,NA,NA,NA,NA,NA
"99","Isiah Pacheco","KC","RB","15749","robust",NA,NA,NA,NA,NA,NA,NA,NA,NA,NA,11.7686999112408,0.6633149768111,55.075,0.222389999999998,0.385,0.07413,0.102,0.0029652,0.01,0,0,NA,2.05,0.22239,16.355,1.764294,0.05,0.059304,NA,NA,NA,NA,NA,NA,NA,NA,NA,NA,NA,NA,NA,NA,NA,NA,NA,NA,NA,NA,NA,NA,NA,NA,NA,NA,NA,NA,NA,NA,NA,NA,NA,NA,NA,NA
"100","Dalvin Cook","NYJ","RB","13128","robust",NA,NA,NA,NA,NA,NA,NA,NA,NA,NA,11.525,1.030407,44.9,2.2239,0.2,0.029652,0.095,0.00741300000000001,0,NA,0,NA,1.6325,0.504084,13.055,3.684261,0.015,0,NA,NA,NA,NA,NA,NA,NA,NA,NA,NA,NA,NA,NA,NA,NA,NA,NA,NA,NA,NA,NA,NA,NA,NA,NA,NA,NA,NA,NA,NA,NA,NA,NA,NA,NA,NA
"101","Austin Ekeler","LAC","RB","13404","robust",NA,NA,NA,NA,NA,NA,NA,NA,NA,NA,6.2,NA,27.775,8.96973,0.298705882352941,0.0975608941176471,0.15,0.04942,0,NA,0,NA,2.75,0.2471,21.6,1.77912,0.122171717171717,0.0219145252525252,NA,NA,NA,NA,NA,NA,NA,NA,NA,NA,NA,NA,NA,NA,NA,NA,NA,NA,NA,NA,NA,NA,NA,NA,NA,NA,NA,NA,NA,NA,NA,NA,"D","Ankle",2023,2
"102","Gus Edwards","BAL","RB","13850","robust",NA,NA,NA,NA,NA,NA,NA,NA,NA,NA,10.355,0.956276999999999,48.4,2.772462,0.3,0.081543,0.102,0.0029652,0,NA,0,NA,0.4,0.140847,3.765,0.763539,0.01,0,NA,NA,NA,NA,NA,NA,NA,NA,NA,NA,NA,NA,NA,NA,NA,NA,NA,NA,NA,NA,NA,NA,NA,NA,NA,NA,NA,NA,NA,NA,NA,NA,NA,NA,NA,NA
"103","Justice Hill","BAL","RB","14086","robust",NA,NA,NA,NA,NA,NA,NA,NA,NA,NA,8.5,1.942206,35.375,11.1195,0.25,0.07413,0.064,0.0533736,0,NA,0,NA,1.2,0.548562,7.5725,4.084563,0.005,0,NA,NA,NA,NA,NA,NA,NA,NA,NA,NA,NA,NA,NA,NA,NA,NA,NA,NA,NA,NA,NA,NA,NA,NA,NA,NA,NA,NA,NA,NA,NA,NA,NA,NA,NA,NA
"104","Khalil Herbert","CHI","RB","15271","robust",NA,NA,NA,NA,NA,NA,NA,NA,NA,NA,11.06,0.148542905266365,50.7325,2.179422,0.2825,0.037065,0.01875,0.0185325,0.04,0,0,NA,1.65,0.59304,12.125,2.179422,0.075,0.022239,NA,NA,NA,NA,NA,NA,NA,NA,NA,NA,NA,NA,NA,NA,NA,NA,NA,NA,NA,NA,NA,NA,NA,NA,NA,NA,NA,NA,NA,NA,NA,NA,NA,NA,NA,NA
"105","Samaje Perine","DEN","RB","13133","robust",NA,NA,NA,NA,NA,NA,NA,NA,NA,NA,8.80273805232612,1.03782,38.3375,1.890315,0.2,0.029652,0,0,0,NA,0,NA,1.975,0.0741300000000001,16.1,0.148259999999999,0.095,0,NA,NA,NA,NA,NA,NA,NA,NA,NA,NA,NA,NA,NA,NA,NA,NA,NA,NA,NA,NA,NA,NA,NA,NA,NA,NA,NA,NA,NA,NA,NA,NA,NA,NA,NA,NA
"106","Ezekiel Elliott","NE","RB","12625","robust",NA,NA,NA,NA,NA,NA,NA,NA,NA,NA,9.645,1.267623,37.0575,4.73690699999999,0.3,0.118608,0.102,0.0029652,0,NA,0,NA,1.16,0.111195,8.9,0.437367,0,0,NA,NA,NA,NA,NA,NA,NA,NA,NA,NA,NA,NA,NA,NA,NA,NA,NA,NA,NA,NA,NA,NA,NA,NA,NA,NA,NA,NA,NA,NA,NA,NA,NA,NA,NA,NA
"107","Rashaad Penny","PHI","RB","13608","robust",NA,NA,NA,NA,NA,NA,NA,NA,NA,NA,7.3786582150805,1.11195,35.275,5.922987,0.2,0.088956,0.0205,0.022239,0,NA,0,NA,0.6,0.14826,4.3575,0.59304,0,0,NA,NA,NA,NA,NA,NA,NA,NA,NA,NA,NA,NA,NA,NA,NA,NA,NA,NA,NA,NA,NA,NA,NA,NA,NA,NA,NA,NA,NA,NA,NA,NA,NA,NA,NA,NA
"108","Elijah Mitchell","SF","RB","15263","robust",NA,NA,NA,NA,NA,NA,NA,NA,NA,NA,7.18851148623269,1.00375425897717,30.7,3.85476,0.17,0.103782,0,0,0,NA,0,NA,0.9,0.126021,6.075,0.489258,0.05,0.044478,NA,NA,NA,NA,NA,NA,NA,NA,NA,NA,NA,NA,NA,NA,NA,NA,NA,NA,NA,NA,NA,NA,NA,NA,NA,NA,NA,NA,NA,NA,NA,NA,NA,NA,NA,NA
"109","Chuba Hubbard","CAR","RB","15261","robust",NA,NA,NA,NA,NA,NA,NA,NA,NA,NA,7.85,0.222389999999998,33.9,2.44629,0.1275,0.066717,0.066,0.0504084,0,NA,0,NA,1.3,0.252042,10.855,0.741300000000003,0.03,0,NA,NA,NA,NA,NA,NA,NA,NA,NA,NA,NA,NA,NA,NA,NA,NA,NA,NA,NA,NA,NA,NA,NA,NA,NA,NA,NA,NA,NA,NA,NA,NA,NA,NA,NA,NA
"110","Deon Jackson","IND","RB","15277","robust",NA,NA,NA,NA,NA,NA,NA,NA,NA,NA,7.625,0.66717,27.45,8.999382,0.1,0.014826,0.214,0.0207564,0,NA,0,NA,1.985,0.126021,13.975,2.29803,0.075,0,NA,NA,NA,NA,NA,NA,NA,NA,NA,NA,NA,NA,NA,NA,NA,NA,NA,NA,NA,NA,NA,NA,NA,NA,NA,NA,NA,NA,NA,NA,NA,NA,NA,NA,NA,NA
"111","DOnta Foreman","CHI","RB","13134","robust",NA,NA,NA,NA,NA,NA,NA,NA,NA,NA,6.6,1.18608,29.63,1.823598,0.1175,0.029652,0.002,0.0029652,0,NA,0,NA,0.4125,0.192738,2.9,1.55673,0,0,NA,NA,NA,NA,NA,NA,NA,NA,NA,NA,NA,NA,NA,NA,NA,NA,NA,NA,NA,NA,NA,NA,NA,NA,NA,NA,NA,NA,NA,NA,NA,NA,NA,NA,NA,NA
"112","Roschon Johnson","CHI","RB","16175","robust",NA,NA,NA,NA,NA,NA,NA,NA,NA,NA,4.775,2.59455,20.475,8.82147,0.1,0.096369,0.042,0.0548562,0,NA,0,NA,1.115,0.14826,9.37,0.785778,0,0,NA,NA,NA,NA,NA,NA,NA,NA,NA,NA,NA,NA,NA,NA,NA,NA,NA,NA,NA,NA,NA,NA,NA,NA,NA,NA,NA,NA,NA,NA,NA,NA,NA,NA,NA,NA
"113","Rico Dowdle","DAL","RB","14823","robust",NA,NA,NA,NA,NA,NA,NA,NA,NA,NA,5.05,1.33434,19.4,6.15279,0.08,0.022239,0.011,0.0163086,0,NA,0,NA,0.4875,0.51891,4.55,1.33434,0,0,NA,NA,NA,NA,NA,NA,NA,NA,NA,NA,NA,NA,NA,NA,NA,NA,NA,NA,NA,NA,NA,NA,NA,NA,NA,NA,NA,NA,NA,NA,NA,NA,NA,NA,NA,NA
"114","Jaylen Warren","PIT","RB","15742","robust",NA,NA,NA,NA,NA,NA,NA,NA,NA,NA,7.0762586609776,0.889559999999999,30.55,7.413,0.185,0,0.001,0.0014826,0,NA,0,NA,1.9025,0.140847,13.85,2.253552,0.02,0,NA,NA,NA,NA,NA,NA,NA,NA,NA,NA,NA,NA,NA,NA,NA,NA,NA,NA,NA,NA,NA,NA,NA,NA,NA,NA,NA,NA,NA,NA,NA,NA,NA,NA,NA,NA
"115","Devin Singletary","HOU","RB","14080","robust",NA,NA,NA,NA,NA,NA,NA,NA,NA,NA,7.525,0.974029363616645,30.655,2.29803,0.2,0.00741299999999999,0.096,0.0059304,0,NA,0,NA,1,0.266868,7.795,4.418148,0,0,NA,NA,NA,NA,NA,NA,NA,NA,NA,NA,NA,NA,NA,NA,NA,NA,NA,NA,NA,NA,NA,NA,NA,NA,NA,NA,NA,NA,NA,NA,NA,NA,NA,NA,NA,NA
"116","Jerome Ford","CLE","RB","15713","robust",NA,NA,NA,NA,NA,NA,NA,NA,NA,NA,6.145,2.535246,24.2925,6.545679,0.06,0.07413,0.159,0.07413,0,NA,0,NA,0.615,0.563388,5.9,2.37216,0,0,NA,NA,NA,NA,NA,NA,NA,NA,NA,NA,NA,NA,NA,NA,NA,NA,NA,NA,NA,NA,NA,NA,NA,NA,NA,NA,NA,NA,NA,NA,NA,NA,NA,NA,NA,NA
"117","Damien Harris","BUF","RB","14075","robust",NA,NA,NA,NA,NA,NA,NA,NA,NA,NA,4.77810325642031,2.00151,20.125,4.07715,0.1375,0.066717,0.003,0.0044478,0,NA,0,NA,0.95,0.126021,7.3,2.987439,0,0,NA,NA,NA,NA,NA,NA,NA,NA,NA,NA,NA,NA,NA,NA,NA,NA,NA,NA,NA,NA,NA,NA,NA,NA,NA,NA,NA,NA,NA,NA,NA,NA,NA,NA,NA,NA
"118","Antonio Gibson","WAS","RB","14852","robust",NA,NA,NA,NA,NA,NA,NA,NA,NA,NA,7.5,0.719061,28.7,3.85476,0.145,0.066717,0.106,0.00889560000000001,0.03,0,0,NA,2.0075,0.378063,15.83,3.63237,0.075,0.014826,NA,NA,NA,NA,NA,NA,NA,NA,NA,NA,NA,NA,NA,NA,NA,NA,NA,NA,NA,NA,NA,NA,NA,NA,NA,NA,NA,NA,NA,NA,NA,NA,NA,NA,NA,NA
"119","Zach Charbonnet","SEA","RB","16169","robust",NA,NA,NA,NA,NA,NA,NA,NA,NA,NA,5.30444624581056,2.238726,23.1125,8.710275,0.1,0.014826,0.064,0.0533736,0,NA,0,NA,0.9,0.259455,8.0725,3.7065,0.05,0.037065,NA,NA,NA,NA,NA,NA,NA,NA,NA,NA,NA,NA,NA,NA,NA,NA,NA,NA,NA,NA,NA,NA,NA,NA,NA,NA,NA,NA,NA,NA,NA,NA,NA,NA,NA,NA
"120","Cordarrelle Patterson","ATL","RB","11225","robust",NA,NA,NA,NA,NA,NA,NA,NA,NA,NA,4.19684721746243,1.93833473843921,20.26,8.776992,0.16,0.14826,0.012,0.029652,0,NA,0.09,0,1.17,0.14826,9.2,1.971858,0.05,0.044478,NA,NA,NA,NA,NA,NA,NA,NA,NA,NA,NA,NA,NA,NA,NA,NA,NA,NA,NA,NA,NA,NA,NA,NA,NA,NA,NA,NA,NA,NA,NA,NA,NA,NA,NA,NA
"121","Boston Scott","PHI","RB","13814","robust",NA,NA,NA,NA,NA,NA,NA,NA,NA,NA,5.00317162529505,1.99680774833756,20.875,4.07715,0.25,0.07413,0.002,0,0,NA,0.01,0,0.55,0.14826,3.75,2.142357,0.005,0,NA,NA,NA,NA,NA,NA,NA,NA,NA,NA,NA,NA,NA,NA,NA,NA,NA,NA,NA,NA,NA,NA,NA,NA,NA,NA,NA,NA,NA,NA,NA,NA,NA,NA,NA,NA
"122","Sean Tucker","TB","RB","16166","robust",NA,NA,NA,NA,NA,NA,NA,NA,NA,NA,5.9,1.4826,22.27,0.504084,0.1075,0,0.044,0.0652344,0,NA,0,NA,1.05,0.14826,8.1975,1.63086,0.02,0,NA,NA,NA,NA,NA,NA,NA,NA,NA,NA,NA,NA,NA,NA,NA,NA,NA,NA,NA,NA,NA,NA,NA,NA,NA,NA,NA,NA,NA,NA,NA,NA,NA,NA,NA,NA
"123","Isaiah Spiller","LAC","RB","15709","robust",NA,NA,NA,NA,NA,NA,NA,NA,NA,NA,3.4,1.10040713888873,13.155,1.022994,0.0725,0.044478,0.00125,0.0037065,0,NA,0,NA,0.775,0.326172,4.1,2.579724,0,0,NA,NA,NA,NA,NA,NA,NA,NA,NA,NA,NA,NA,NA,NA,NA,NA,NA,NA,NA,NA,NA,NA,NA,NA,NA,NA,NA,NA,NA,NA,NA,NA,NA,NA,NA,NA
"124","Tyjae Spears","TEN","RB","16165","robust",NA,NA,NA,NA,NA,NA,NA,NA,NA,NA,4.47883192456099,0.311346,20.3,3.40998,0.1,0.037065,0.044,0.0504084,0,NA,0,NA,1.39,0.355824,11.1075,1.653099,0.075,0.014826,NA,NA,NA,NA,NA,NA,NA,NA,NA,NA,NA,NA,NA,NA,NA,NA,NA,NA,NA,NA,NA,NA,NA,NA,NA,NA,NA,NA,NA,NA,NA,NA,NA,NA,NA,NA
"125","Latavius Murray","BUF","RB","11390","robust",NA,NA,NA,NA,NA,NA,NA,NA,NA,NA,3.675,0.66717,16.8,4.89258,0.1,0.088956,0,0,0,NA,0,NA,0.85,0.363237,5.9,3.26172,0,0,NA,NA,NA,NA,NA,NA,NA,NA,NA,NA,NA,NA,NA,NA,NA,NA,NA,NA,NA,NA,NA,NA,NA,NA,NA,NA,NA,NA,NA,NA,NA,NA,NA,NA,NA,NA
"126","Keaontay Ingram","ARI","RB","15734","robust",NA,NA,NA,NA,NA,NA,NA,NA,NA,NA,5.21015465359855,1.34870742114957,19.615,4.351431,0.1,0.014826,0.001,0.0014826,0,NA,0,NA,0.6,0.229803,4.4,0.578213999999999,0,0,NA,NA,NA,NA,NA,NA,NA,NA,NA,NA,NA,NA,NA,NA,NA,NA,NA,NA,NA,NA,NA,NA,NA,NA,NA,NA,NA,NA,NA,NA,NA,NA,NA,NA,NA,NA
"127","Tank Bigsby","JAC","RB","16164","robust",NA,NA,NA,NA,NA,NA,NA,NA,NA,NA,5.525,0.637518,22.95,2.127531,0.18,0,0.124,0.0355824,0,NA,0,NA,0.895,0.14826,6.8375,3.024504,0.01,0,NA,NA,NA,NA,NA,NA,NA,NA,NA,NA,NA,NA,NA,NA,NA,NA,NA,NA,NA,NA,NA,NA,NA,NA,NA,NA,NA,NA,NA,NA,NA,NA,NA,NA,NA,NA
"128","Melvin Gordon","BAL","RB","12151","robust",NA,NA,NA,NA,NA,NA,NA,NA,NA,NA,4.4,1.40046610869565,18.4,6.52344,0.1,0,0.085,0.014826,0,NA,0,NA,0.8,0.51891,6,3.63237,0,0,NA,NA,NA,NA,NA,NA,NA,NA,NA,NA,NA,NA,NA,NA,NA,NA,NA,NA,NA,NA,NA,NA,NA,NA,NA,NA,NA,NA,NA,NA,NA,NA,NA,NA,NA,NA
"129","Ty Chandler","MIN","RB","15723","robust",NA,NA,NA,NA,NA,NA,NA,NA,NA,NA,4.3475,1.104537,16.9,4.74432,0.1,0.029652,0.011,0.0163086,0,NA,0,NA,0.8225,0.229803,6.775,2.44629,0.005,0,NA,NA,NA,NA,NA,NA,NA,NA,NA,NA,NA,NA,NA,NA,NA,NA,NA,NA,NA,NA,NA,NA,NA,NA,NA,NA,NA,NA,NA,NA,NA,NA,NA,NA,NA,NA
"130","Jordan Mason","SF","RB","15972","robust",NA,NA,NA,NA,NA,NA,NA,NA,NA,NA,1.65,0.968836735825284,8.4,6.864438,0.005,0,0.00125,0,0,NA,0,NA,0.165,0.088956,1.15,0.340998,0.005,0,NA,NA,NA,NA,NA,NA,NA,NA,NA,NA,NA,NA,NA,NA,NA,NA,NA,NA,NA,NA,NA,NA,NA,NA,NA,NA,NA,NA,NA,NA,NA,NA,NA,NA,NA,NA
"131","Zamir White","LVR","RB","15714","robust",NA,NA,NA,NA,NA,NA,NA,NA,NA,NA,3.2,0.29652,15.65,4.67019,0.08,0.044478,0,0,0,NA,0,NA,0.4,0.541149,2.47,1.85325,0,0,NA,NA,NA,NA,NA,NA,NA,NA,NA,NA,NA,NA,NA,NA,NA,NA,NA,NA,NA,NA,NA,NA,NA,NA,NA,NA,NA,NA,NA,NA,NA,NA,NA,NA,NA,NA
"132","Kendre Miller","NO","RB","16171","robust",NA,NA,NA,NA,NA,NA,NA,NA,NA,NA,5.045,0.118608,19.6,1.571556,0.1,0.014826,0.044,0.0652344,0,NA,0,NA,0.95,0.14826,7.55,2.07564,0.045,0.044478,NA,NA,NA,NA,NA,NA,NA,NA,NA,NA,NA,NA,NA,NA,NA,NA,NA,NA,NA,NA,NA,NA,NA,NA,NA,NA,NA,NA,NA,NA,NA,NA,"Q","Hamstring",2023,2
"133","Devon Achane","MIA","RB","16167","robust",NA,NA,NA,NA,NA,NA,NA,NA,NA,NA,4.3,0.889560000000001,17.275,3.7065,0.1,0.014826,0.044,0.0652344,0,NA,0,NA,1,0.14826,8.155,2.9652,0,0,NA,NA,NA,NA,NA,NA,NA,NA,NA,NA,NA,NA,NA,NA,NA,NA,NA,NA,NA,NA,NA,NA,NA,NA,NA,NA,NA,NA,NA,NA,NA,NA,NA,NA,NA,NA
"134","Clyde Edwards-Helaire","KC","RB","14803","robust",NA,NA,NA,NA,NA,NA,NA,NA,NA,NA,4.25,1.4674248185794,17.665,3.143112,0.105,0.014826,0.003,0.0044478,0,NA,0,NA,0.76,0.14826,5.665,1.237971,0.02,0.014826,NA,NA,NA,NA,NA,NA,NA,NA,NA,NA,NA,NA,NA,NA,NA,NA,NA,NA,NA,NA,NA,NA,NA,NA,NA,NA,NA,NA,NA,NA,NA,NA,"Q","Illness",2023,2
"135","Chase Edmonds","TB","RB","13726","robust",NA,NA,NA,NA,NA,NA,NA,NA,NA,NA,3.1,0.14826,13.56,2.283204,0.085,0.014826,0,0,0,NA,0,NA,0.885,0.111195,6.2,1.77912,0,0,NA,NA,NA,NA,NA,NA,NA,NA,NA,NA,NA,NA,NA,NA,NA,NA,NA,NA,NA,NA,NA,NA,NA,NA,NA,NA,NA,NA,NA,NA,NA,NA,NA,NA,NA,NA
"136","Craig Reynolds","DET","RB","14727","robust",NA,NA,NA,NA,NA,NA,NA,NA,NA,NA,0.778925619834711,NA,6.8,6.52344,0.013885983835683,0.014826,0,0,0,NA,0,NA,0.5925,0.4336605,5.56,5.011188,0.02,0.029652,NA,NA,NA,NA,NA,NA,NA,NA,NA,NA,NA,NA,NA,NA,NA,NA,NA,NA,NA,NA,NA,NA,NA,NA,NA,NA,NA,NA,NA,NA,NA,NA,NA,NA,NA,NA
"137","Patrick Taylor","GB","RB","14817","robust",NA,NA,NA,NA,NA,NA,NA,NA,NA,NA,3.60546784220775,0.934038,14.215,6.37518,0.09,0,0.00125,0,0,NA,0,NA,0.49,0.118608,3.14,0.518910000000001,0.005,0,NA,NA,NA,NA,NA,NA,NA,NA,NA,NA,NA,NA,NA,NA,NA,NA,NA,NA,NA,NA,NA,NA,NA,NA,NA,NA,NA,NA,NA,NA,NA,NA,NA,NA,NA,NA
"138","Salvon Ahmed","MIA","RB","14811","robust",NA,NA,NA,NA,NA,NA,NA,NA,NA,NA,4.71576751584455,0.637518,17.665,0.971102999999999,0.09,0.007413,0,0,0,NA,0,NA,0.8,0.29652,6.535,2.616789,0,0,NA,NA,NA,NA,NA,NA,NA,NA,NA,NA,NA,NA,NA,NA,NA,NA,NA,NA,NA,NA,NA,NA,NA,NA,NA,NA,NA,NA,NA,NA,NA,NA,NA,NA,NA,NA
"139","Jerick McKinnon","KC","RB","11761","robust",NA,NA,NA,NA,NA,NA,NA,NA,NA,NA,3.6925,0.467019,14.6025,1.074885,0.065,0.07413,0.01875,0.0185325,0,NA,0,NA,2.4,0.244629,21.8,2.083053,0.2,0.118608,NA,NA,NA,NA,NA,NA,NA,NA,NA,NA,NA,NA,NA,NA,NA,NA,NA,NA,NA,NA,NA,NA,NA,NA,NA,NA,NA,NA,NA,NA,NA,NA,NA,NA,NA,NA
"140","Matt Breida","NYG","RB","13378","robust",NA,NA,NA,NA,NA,NA,NA,NA,NA,NA,3.34207808065657,0.585209974920955,14.5,2.2239,0.085,0.007413,0.0725,0.037065,0,NA,0,NA,0.85,0.22239,6.0225,1.764294,0.005,0,NA,NA,NA,NA,NA,NA,NA,NA,NA,NA,NA,NA,NA,NA,NA,NA,NA,NA,NA,NA,NA,NA,NA,NA,NA,NA,NA,NA,NA,NA,NA,NA,NA,NA,NA,NA
"141","Michael Carter","NYJ","RB","15258","robust",NA,NA,NA,NA,NA,NA,NA,NA,NA,NA,2.225,0.923333827147402,8.65,4.047498,0.0075,0,0.00125,0.0037065,0,NA,0,NA,1.36,0.474432,9.3,1.92738,0,0,NA,NA,NA,NA,NA,NA,NA,NA,NA,NA,NA,NA,NA,NA,NA,NA,NA,NA,NA,NA,NA,NA,NA,NA,NA,NA,NA,NA,NA,NA,NA,NA,NA,NA,NA,NA
"142","Emanuel Wilson","GB","RB","16432","robust",NA,NA,NA,NA,NA,NA,NA,NA,NA,NA,1.85,0.44478,9.375,1.03782,0.1,0.037065,0.005,0.004942,0,NA,0,NA,0.6,0.0593040000000001,3.825,0.51891,0,0,NA,NA,NA,NA,NA,NA,NA,NA,NA,NA,NA,NA,NA,NA,NA,NA,NA,NA,NA,NA,NA,NA,NA,NA,NA,NA,NA,NA,NA,NA,NA,NA,NA,NA,NA,NA
"143","Deuce Vaughn","DAL","RB","16176","robust",NA,NA,NA,NA,NA,NA,NA,NA,NA,NA,2.8675,1.208319,11.17,6.6717,0.08,0,0.011,0.0163086,0,NA,0,NA,0.575,0.348411,4.9425,2.720571,0.01,0,NA,NA,NA,NA,NA,NA,NA,NA,NA,NA,NA,NA,NA,NA,NA,NA,NA,NA,NA,NA,NA,NA,NA,NA,NA,NA,NA,NA,NA,NA,NA,NA,NA,NA,NA,NA
"144","Trayveon Williams","CIN","RB","14076","robust",NA,NA,NA,NA,NA,NA,NA,NA,NA,NA,3.7625,0.37065,14.6,1.4826,0.0675,0.014826,0.002,0,0,NA,0,NA,0.6475,0.311346,5.3,0.756126,0,0,NA,NA,NA,NA,NA,NA,NA,NA,NA,NA,NA,NA,NA,NA,NA,NA,NA,NA,NA,NA,NA,NA,NA,NA,NA,NA,NA,NA,NA,NA,NA,NA,NA,NA,NA,NA
"145","Tony Jones","NO","RB","14828","robust",NA,NA,NA,NA,NA,NA,NA,NA,NA,NA,3.2925,0.585627,11.5225,4.15128,0,0,0,0,0,NA,0,NA,0.4,0.07413,2.2,0.44478,0,0,NA,NA,NA,NA,NA,NA,NA,NA,NA,NA,NA,NA,NA,NA,NA,NA,NA,NA,NA,NA,NA,NA,NA,NA,NA,NA,NA,NA,NA,NA,NA,NA,NA,NA,NA,NA
"146","DeeJay Dallas","SEA","RB","14815","robust",NA,NA,NA,NA,NA,NA,NA,NA,NA,NA,2,0.14826,9.11,0.340998000000001,0,0,0,0,0,NA,0.01,0,0.85,0.237216,5.925,2.52042,0,0,NA,NA,NA,NA,NA,NA,NA,NA,NA,NA,NA,NA,NA,NA,NA,NA,NA,NA,NA,NA,NA,NA,NA,NA,NA,NA,NA,NA,NA,NA,NA,NA,NA,NA,NA,NA
"147","Dare Ogunbowale","HOU","RB","13148","robust",NA,NA,NA,NA,NA,NA,NA,NA,NA,NA,1.17175806290064,NA,6.199,2.854005,0.05,0.0561237402879555,0,0,0,NA,0,NA,0.525,0.2802114,3.962,1.6768206,0.005,0.00633948455299894,NA,NA,NA,NA,NA,NA,NA,NA,NA,NA,NA,NA,NA,NA,NA,NA,NA,NA,NA,NA,NA,NA,NA,NA,NA,NA,NA,NA,NA,NA,NA,NA,NA,NA,NA,NA
"148","Ke'Shawn Vaughn","TB","RB","14810","robust",NA,NA,NA,NA,NA,NA,NA,NA,NA,NA,1.1425,NA,5.6675,5.5856955,0.05,0.0659414285547786,0,0,0,NA,0,NA,0.24,0.207564,1.83,1.971858,0.00130293715846995,0,NA,NA,NA,NA,NA,NA,NA,NA,NA,NA,NA,NA,NA,NA,NA,NA,NA,NA,NA,NA,NA,NA,NA,NA,NA,NA,NA,NA,NA,NA,NA,NA,NA,NA,NA,NA
"149","Pierre Strong Jr.","CLE","RB","15733","robust",NA,NA,NA,NA,NA,NA,NA,NA,NA,NA,1.35,NA,6.81041666666667,2.283204,0.0235026684633195,0.014826,0.001,0,0,NA,0,NA,0.3,0.014826,2.3375,1.03782,0.00345171006607073,0,NA,NA,NA,NA,NA,NA,NA,NA,NA,NA,NA,NA,NA,NA,NA,NA,NA,NA,NA,NA,NA,NA,NA,NA,NA,NA,NA,NA,NA,NA,NA,NA,NA,NA,NA,NA
"150","Elijah Dotson","LAC","RB","16409","robust",NA,NA,NA,NA,NA,NA,NA,NA,NA,NA,3.325,0.37065,10.8,2.2239,0.1,0,0.0075,0.007413,0,NA,0,NA,0.9825,0.274281,6.53,0.029652,0,0,NA,NA,NA,NA,NA,NA,NA,NA,NA,NA,NA,NA,NA,NA,NA,NA,NA,NA,NA,NA,NA,NA,NA,NA,NA,NA,NA,NA,NA,NA,NA,NA,NA,NA,NA,NA
"151","Anthony McFarland","PIT","RB","14804","robust",NA,NA,NA,NA,NA,NA,NA,NA,NA,NA,0.75,NA,4.326,0.985929000000001,0.04,0.052070334909307,0.00125,0.00185325,0,NA,0,NA,0.502,0.14826,3.45,1.11195,0.01,0.00606175562058874,NA,NA,NA,NA,NA,NA,NA,NA,NA,NA,NA,NA,NA,NA,NA,NA,NA,NA,NA,NA,NA,NA,NA,NA,NA,NA,NA,NA,NA,NA,NA,NA,"Q","Knee",2023,2
"152","JaMycal Hasty","JAC","RB","14821","robust",NA,NA,NA,NA,NA,NA,NA,NA,NA,NA,1.34367405708461,0.96369,6.67,3.7065,0.05,0.066717,0,0,0,NA,0,NA,0.64,0.22239,3.6,0.59304,0.005,0,NA,NA,NA,NA,NA,NA,NA,NA,NA,NA,NA,NA,NA,NA,NA,NA,NA,NA,NA,NA,NA,NA,NA,NA,NA,NA,NA,NA,NA,NA,NA,NA,NA,NA,NA,NA
"153","Chris Rodriguez","WAS","RB","16174","robust",NA,NA,NA,NA,NA,NA,NA,NA,NA,NA,1.74371291254125,0.59304,6.4,3.269133,0.01,0,0.00125,0.00185325,0,NA,0,NA,0.25,0.07413,2,0.467019,0.005,0,NA,NA,NA,NA,NA,NA,NA,NA,NA,NA,NA,NA,NA,NA,NA,NA,NA,NA,NA,NA,NA,NA,NA,NA,NA,NA,NA,NA,NA,NA,NA,NA,NA,NA,NA,NA
"154","Travis Homer","CHI","RB","14083","robust",NA,NA,NA,NA,NA,NA,NA,NA,NA,NA,0.8,0.44478,3.5,1.33434,0,0,0,0,0,NA,0,NA,0.45,0.29652,4.27,2.66868,0.005,0,NA,NA,NA,NA,NA,NA,NA,NA,NA,NA,NA,NA,NA,NA,NA,NA,NA,NA,NA,NA,NA,NA,NA,NA,NA,NA,NA,NA,NA,NA,NA,NA,NA,NA,NA,NA
"155","Ameer Abdullah","LVR","RB","12155","robust",NA,NA,NA,NA,NA,NA,NA,NA,NA,NA,0.956685556198226,0.64734598876102,3.545,2.386986,0,0,0,0,0,NA,0,NA,1.09,0.118608,8.2,0.548561999999999,0,0,NA,NA,NA,NA,NA,NA,NA,NA,NA,NA,NA,NA,NA,NA,NA,NA,NA,NA,NA,NA,NA,NA,NA,NA,NA,NA,NA,NA,NA,NA,NA,NA,NA,NA,NA,NA
"156","Jaleel McLaughlin","DEN","RB","16390","robust",NA,NA,NA,NA,NA,NA,NA,NA,NA,NA,1.27,0.59304,5.5,4.00302,0,0,0.00125,0.0037065,0,NA,0,NA,0.15,0.340998,1.7375,0.51891,0,0,NA,NA,NA,NA,NA,NA,NA,NA,NA,NA,NA,NA,NA,NA,NA,NA,NA,NA,NA,NA,NA,NA,NA,NA,NA,NA,NA,NA,NA,NA,NA,NA,NA,NA,NA,NA
"157","Eric Gray","NYG","RB","16173","robust",NA,NA,NA,NA,NA,NA,NA,NA,NA,NA,1.01255522827688,0.0124095876288659,4.4025,0.200151,0.0225,0.022239,0,0,0,NA,0,NA,0.2,0.07413,1.5,0.51891,0,0,NA,NA,NA,NA,NA,NA,NA,NA,NA,NA,NA,NA,NA,NA,NA,NA,NA,NA,NA,NA,NA,NA,NA,NA,NA,NA,NA,NA,NA,NA,NA,NA,NA,NA,NA,NA
"158","Chris Evans","CIN","RB","15275","robust",NA,NA,NA,NA,NA,NA,NA,NA,NA,NA,1.695,0.619803839289428,7.265,2.59455,0,0,0.001,0,0,NA,0,NA,0.7775,0.252042,6.135,0.607865999999999,0.02,0,NA,NA,NA,NA,NA,NA,NA,NA,NA,NA,NA,NA,NA,NA,NA,NA,NA,NA,NA,NA,NA,NA,NA,NA,NA,NA,NA,NA,NA,NA,NA,NA,"Q","Hamstring",2023,2
"159","D'Ernest Johnson","JAC","RB","14331","robust",NA,NA,NA,NA,NA,NA,NA,NA,NA,NA,1.05,0.88956,4.7,3.602718,0.005,0,0,0,0,NA,0,NA,0.2,0.103782,1.5,0,0,0,NA,NA,NA,NA,NA,NA,NA,NA,NA,NA,NA,NA,NA,NA,NA,NA,NA,NA,NA,NA,NA,NA,NA,NA,NA,NA,NA,NA,NA,NA,NA,NA,NA,NA,NA,NA
"160","Gary Brightwell","NYG","RB","15462","robust",NA,NA,NA,NA,NA,NA,NA,NA,NA,NA,1.38821030099931,0.29652,6.2,0.29652,0.05,0.059304,0.001,0,0,NA,0,NA,0.3,0.088956,2,0.459606,0,0,NA,NA,NA,NA,NA,NA,NA,NA,NA,NA,NA,NA,NA,NA,NA,NA,NA,NA,NA,NA,NA,NA,NA,NA,NA,NA,NA,NA,NA,NA,NA,NA,NA,NA,NA,NA
"161","Zach Evans","LAR","RB","16163","robust",NA,NA,NA,NA,NA,NA,NA,NA,NA,NA,1.16180771902881,NA,4.3,0.44478,0.00463081742243437,0,0.00333333333333333,0.004942,0,NA,0,NA,0.25,0.07413,1.85625,0.3298785,0.00580089168310322,0.00860040200936884,NA,NA,NA,NA,NA,NA,NA,NA,NA,NA,NA,NA,NA,NA,NA,NA,NA,NA,NA,NA,NA,NA,NA,NA,NA,NA,NA,NA,NA,NA,NA,NA,NA,NA,NA,NA
"162","Mike Boone","HOU","RB","13868","robust",NA,NA,NA,NA,NA,NA,NA,NA,NA,NA,1.3338942997849,0.495031688861089,5.355,1.252797,0.005,0,0,0,0,NA,0,NA,0.79,0.200151,7.31,2.727984,0.01,0,NA,NA,NA,NA,NA,NA,NA,NA,NA,NA,NA,NA,NA,NA,NA,NA,NA,NA,NA,NA,NA,NA,NA,NA,NA,NA,NA,NA,NA,NA,NA,NA,NA,NA,NA,NA
"163","Julius Chestnut","TEN","RB","15965","robust",NA,NA,NA,NA,NA,NA,NA,NA,NA,NA,1.02847912277503,NA,4.745,1.312101,0.02,0.0264055538539728,0.00125,0.00185325,0,NA,0,NA,0.25,0.0622692,2.358,0.66717,0.005,0.00488549741883896,NA,NA,NA,NA,NA,NA,NA,NA,NA,NA,NA,NA,NA,NA,NA,NA,NA,NA,NA,NA,NA,NA,NA,NA,NA,NA,NA,NA,NA,NA,NA,NA,NA,NA,NA,NA
"164","Ty Montgomery","NE","RB","12261","robust",NA,NA,NA,NA,NA,NA,NA,NA,NA,NA,1.2,0.321174220165289,4.84,1.63086,0.015,0,0,0,0,NA,0,NA,0.95,0.066717,6.01,0.44478,0.02,0.022239,NA,NA,NA,NA,NA,NA,NA,NA,NA,NA,NA,NA,NA,NA,NA,NA,NA,NA,NA,NA,NA,NA,NA,NA,NA,NA,NA,NA,NA,NA,NA,NA,NA,NA,NA,NA
"165","Raheem Blackshear","CAR","RB","15973","robust",NA,NA,NA,NA,NA,NA,NA,NA,NA,NA,1.09,NA,4.68583333333333,1.929851,0.102891382163135,0.07413,0.001,0,0,NA,0.01,0,0.45,0.0864849999999999,3.92375,1.776649,0.0050048909203321,0,NA,NA,NA,NA,NA,NA,NA,NA,NA,NA,NA,NA,NA,NA,NA,NA,NA,NA,NA,NA,NA,NA,NA,NA,NA,NA,NA,NA,NA,NA,NA,NA,NA,NA,NA,NA
"166","Tyrion Davis-Price","SF","RB","15746","robust",NA,NA,NA,NA,NA,NA,NA,NA,NA,NA,1.275,1.03782,3.8625,2.74281,0.0025,0,0,0,0,NA,0,NA,0.1325,0,0.8775,1.200906,0.0025,0,NA,NA,NA,NA,NA,NA,NA,NA,NA,NA,NA,NA,NA,NA,NA,NA,NA,NA,NA,NA,NA,NA,NA,NA,NA,NA,NA,NA,NA,NA,NA,NA,NA,NA,NA,NA
"167","Myles Gaskin","MIN","RB","14081","robust",NA,NA,NA,NA,NA,NA,NA,NA,NA,NA,1.03,NA,4.66625,0.7894845,0.0139100670091668,0.0206230653477906,0.00666666666666667,0.009884,0,NA,0,NA,0.435,0.0148259999999999,2.63,0.340998,0.00716599237471638,0.0106243002947545,NA,NA,NA,NA,NA,NA,NA,NA,NA,NA,NA,NA,NA,NA,NA,NA,NA,NA,NA,NA,NA,NA,NA,NA,NA,NA,NA,NA,NA,NA,NA,NA,NA,NA,NA,NA
"168","Emari Demercado","ARI","RB","16385","robust",NA,NA,NA,NA,NA,NA,NA,NA,NA,NA,0.9,0.14826,4.3,0.44478,0,0,0.00125,0,0,NA,0,NA,0.25,0.14826,1.9,0.29652,0,0,NA,NA,NA,NA,NA,NA,NA,NA,NA,NA,NA,NA,NA,NA,NA,NA,NA,NA,NA,NA,NA,NA,NA,NA,NA,NA,NA,NA,NA,NA,NA,NA,NA,NA,NA,NA
"169","Jake Funk","IND","RB","15480","robust",NA,NA,NA,NA,NA,NA,NA,NA,NA,NA,1.315,0.044478,5.4,0.593039999999999,0.015,0,0.00125,0,0,NA,0,NA,0.46,0.029652,2.8,0.0148259999999997,0.005,0,NA,NA,NA,NA,NA,NA,NA,NA,NA,NA,NA,NA,NA,NA,NA,NA,NA,NA,NA,NA,NA,NA,NA,NA,NA,NA,NA,NA,NA,NA,NA,NA,NA,NA,NA,NA
"170","Brandon Bolden","LVR","RB","10932","robust",NA,NA,NA,NA,NA,NA,NA,NA,NA,NA,0.4,NA,2.3875,1.08724,0.00439613526570048,0.00562242028985507,0,0,0,NA,0,NA,0.385,0.128492,2.91,0.795662,0.0218820261437909,0.0191571946405229,NA,NA,NA,NA,NA,NA,NA,NA,NA,NA,NA,NA,NA,NA,NA,NA,NA,NA,NA,NA,NA,NA,NA,NA,NA,NA,NA,NA,NA,NA,NA,NA,NA,NA,NA,NA
"171","Chase Brown","CIN","RB","16181","robust",NA,NA,NA,NA,NA,NA,NA,NA,NA,NA,0.8,NA,3.084,0.9755508,0.0100326203208556,0.007413,0,0,0,NA,0,NA,0.208,0,1.791,0.155673,0.000880628272251309,0,NA,NA,NA,NA,NA,NA,NA,NA,NA,NA,NA,NA,NA,NA,NA,NA,NA,NA,NA,NA,NA,NA,NA,NA,NA,NA,NA,NA,NA,NA,NA,NA,NA,NA,NA,NA
"172","Patrick Ricard","BAL","RB","13455","robust",NA,NA,NA,NA,NA,NA,NA,NA,NA,NA,0.475,0,1.625,0.37065,0.0025,0,0,0,0,NA,0,NA,0.305,0.118608,2.0425,0.785778,0.0025,0,NA,NA,NA,NA,NA,NA,NA,NA,NA,NA,NA,NA,NA,NA,NA,NA,NA,NA,NA,NA,NA,NA,NA,NA,NA,NA,NA,NA,NA,NA,NA,NA,NA,NA,NA,NA
"173","Kyle Juszczyk","SF","RB","11367","robust",NA,NA,NA,NA,NA,NA,NA,NA,NA,NA,0.45,NA,1.905,0.5100144,0.0105617928286853,0.014826,0,0,0,NA,0,NA,0.9,0.29652,8.695,1.586382,0.02,0.022239,NA,NA,NA,NA,NA,NA,NA,NA,NA,NA,NA,NA,NA,NA,NA,NA,NA,NA,NA,NA,NA,NA,NA,NA,NA,NA,NA,NA,NA,NA,NA,NA,NA,NA,NA,NA
"174","Michael Burton","DEN","RB","12325","robust",NA,NA,NA,NA,NA,NA,NA,NA,NA,NA,0.395,0.266868,1.4925,0.44478,0.0025,0,0,0,0,NA,0,NA,0.2075,0,1.26,0.29652,0.0025,0,NA,NA,NA,NA,NA,NA,NA,NA,NA,NA,NA,NA,NA,NA,NA,NA,NA,NA,NA,NA,NA,NA,NA,NA,NA,NA,NA,NA,NA,NA,NA,NA,NA,NA,NA,NA
"175","Keith Smith","ATL","RB","12040","robust",NA,NA,NA,NA,NA,NA,NA,NA,NA,NA,0.2,0.29652,0.8,0.88956,0,0,0,0,0,NA,0,NA,0.2,0,1.0825,0.14826,0.0025,0,NA,NA,NA,NA,NA,NA,NA,NA,NA,NA,NA,NA,NA,NA,NA,NA,NA,NA,NA,NA,NA,NA,NA,NA,NA,NA,NA,NA,NA,NA,NA,NA,NA,NA,NA,NA
"176","Kirk Merritt","NO","RB","15046","robust",NA,NA,NA,NA,NA,NA,NA,NA,NA,NA,0.175,0,0.5,0,0,0,0,0,0,NA,0,NA,0.13,0,1.09,0.29652,0.0025,0,NA,NA,NA,NA,NA,NA,NA,NA,NA,NA,NA,NA,NA,NA,NA,NA,NA,NA,NA,NA,NA,NA,NA,NA,NA,NA,NA,NA,NA,NA,NA,NA,NA,NA,NA,NA
"177","C.J. Ham","MIN","RB","12923","robust",NA,NA,NA,NA,NA,NA,NA,NA,NA,NA,0.358512820512821,0.07413,1.3,0.22239,0.05,0.0484392030769231,0,0,0,NA,0,NA,0.8,0.0222389999999999,5.01,0.748713,0.015,0,NA,NA,NA,NA,NA,NA,NA,NA,NA,NA,NA,NA,NA,NA,NA,NA,NA,NA,NA,NA,NA,NA,NA,NA,NA,NA,NA,NA,NA,NA,NA,NA,NA,NA,NA,NA
"178","Adam Prentice","NO","RB","15650","robust",NA,NA,NA,NA,NA,NA,NA,NA,NA,NA,0.3975,0.14826,1.265,0.340998,0.0025,0,0,0,0,NA,0,NA,0.265,0.044478,1.2825,0.340998,0.0025,0,NA,NA,NA,NA,NA,NA,NA,NA,NA,NA,NA,NA,NA,NA,NA,NA,NA,NA,NA,NA,NA,NA,NA,NA,NA,NA,NA,NA,NA,NA,NA,NA,NA,NA,NA,NA
"179","Khari Blasingame","CHI","RB","14552","robust",NA,NA,NA,NA,NA,NA,NA,NA,NA,NA,0.27,0.103782,1.18,0.415128,0.005,0.007413,0,0,NA,NA,NA,NA,0.14,0.059304,0.94,0.504084,0.005,0.007413,NA,NA,NA,NA,NA,NA,NA,NA,NA,NA,NA,NA,NA,NA,NA,NA,NA,NA,NA,NA,NA,NA,NA,NA,NA,NA,NA,NA,NA,NA,NA,NA,NA,NA,NA,NA
"180","Jason Cabinda","DET","RB","13906","robust",NA,NA,NA,NA,NA,NA,NA,NA,NA,NA,0.24,0.059304,1.105,0.155673,0.005,0.007413,0,0,NA,NA,NA,NA,0.225,0.037065,1.75,0.37065,0.01,0.014826,NA,NA,NA,NA,NA,NA,NA,NA,NA,NA,NA,NA,NA,NA,NA,NA,NA,NA,NA,NA,NA,NA,NA,NA,NA,NA,NA,NA,NA,NA,NA,NA,NA,NA,NA,NA
"181","Reggie Gilliam","BUF","RB","15103","robust",NA,NA,NA,NA,NA,NA,NA,NA,NA,NA,0.285,0.103782,0.865,0.103782,0.0025,0,0,0,0,NA,0,NA,0.575,0.22239,4.42,2.579724,0.0075,0,NA,NA,NA,NA,NA,NA,NA,NA,NA,NA,NA,NA,NA,NA,NA,NA,NA,NA,NA,NA,NA,NA,NA,NA,NA,NA,NA,NA,NA,NA,NA,NA,NA,NA,NA,NA
"182","Giovanni Ricci","CAR","RB","15054","robust",NA,NA,NA,NA,NA,NA,NA,NA,NA,NA,0.29,0.014826,1.19,0.014826,0.005,0.007413,0,0,NA,NA,NA,NA,0.215,0.022239,1.715,0.022239,0.005,0.007413,NA,NA,NA,NA,NA,NA,NA,NA,NA,NA,NA,NA,NA,NA,NA,NA,NA,NA,NA,NA,NA,NA,NA,NA,NA,NA,NA,NA,NA,NA,NA,NA,NA,NA,NA,NA
"183","Ty Johnson","FA","RB","14095","robust",NA,NA,NA,NA,NA,NA,NA,NA,NA,NA,0.185,0.126021,0.77,0.548562,0.005,0.007413,0,0,NA,NA,NA,NA,0.18,0.118608,1.35,0.96369,0.005,0.007413,NA,NA,NA,NA,NA,NA,NA,NA,NA,NA,NA,NA,NA,NA,NA,NA,NA,NA,NA,NA,NA,NA,NA,NA,NA,NA,NA,NA,NA,NA,NA,NA,NA,NA,NA,NA
"184","Jakob Johnson","LVR","RB","14359","robust",NA,NA,NA,NA,NA,NA,NA,NA,NA,NA,0.23,0.044478,0.91,0.311346,0.005,0.007413,0,0,NA,NA,NA,NA,0.325,0.111195,1.73,0.103782,0.005,0.007413,NA,NA,NA,NA,NA,NA,NA,NA,NA,NA,NA,NA,NA,NA,NA,NA,NA,NA,NA,NA,NA,NA,NA,NA,NA,NA,NA,NA,NA,NA,NA,NA,NA,NA,NA,NA
"185","Nick Bellore","SEA","RB","10514","robust",NA,NA,NA,NA,NA,NA,NA,NA,NA,NA,0.25,0.22239,0.84,0.0889560000000001,0,0,0,0,0,NA,0,NA,0.19,0.088956,1.1025,0.7413,0.0025,0,NA,NA,NA,NA,NA,NA,NA,NA,NA,NA,NA,NA,NA,NA,NA,NA,NA,NA,NA,NA,NA,NA,NA,NA,NA,NA,NA,NA,NA,NA,NA,NA,NA,NA,NA,NA
"186","Ronnie Rivers","LAR","RB","15726","robust",NA,NA,NA,NA,NA,NA,NA,NA,NA,NA,0.365,0.059304,0.9625,0.0741300000000001,0,0,0,0,0,NA,0,NA,0.2125,0,1.37,0.415128,0.0025,0,NA,NA,NA,NA,NA,NA,NA,NA,NA,NA,NA,NA,NA,NA,NA,NA,NA,NA,NA,NA,NA,NA,NA,NA,NA,NA,NA,NA,NA,NA,NA,NA,NA,NA,NA,NA
"187","Alec Ingold","MIA","RB","14420","robust",NA,NA,NA,NA,NA,NA,NA,NA,NA,NA,0.225,NA,0.8075,0.3076395,0.0110737257281553,0.014826,0,0,0,NA,0,NA,1.1,0.44478,6.6,0.859908,0.02,0,NA,NA,NA,NA,NA,NA,NA,NA,NA,NA,NA,NA,NA,NA,NA,NA,NA,NA,NA,NA,NA,NA,NA,NA,NA,NA,NA,NA,NA,NA,NA,NA,NA,NA,NA,NA
"188","Taiwan Jones","NYG","RB","10368","robust",NA,NA,NA,NA,NA,NA,NA,NA,NA,NA,0,0,0,0,0,0,0,0,NA,NA,NA,NA,0.17,0.103782,1.255,0.971103,0.005,0.007413,NA,NA,NA,NA,NA,NA,NA,NA,NA,NA,NA,NA,NA,NA,NA,NA,NA,NA,NA,NA,NA,NA,NA,NA,NA,NA,NA,NA,NA,NA,NA,NA,NA,NA,NA,NA
"189","Justin Jefferson","MIN","WR","14836","robust",NA,NA,NA,NA,NA,NA,NA,NA,NA,NA,0.12,0.118608,0.85,0.22239,0,0,0,0,0,NA,0,NA,7.31,0.563388,99.865,5.685771,0.4975,0.214977,NA,NA,NA,NA,NA,NA,NA,NA,NA,NA,NA,NA,NA,NA,NA,NA,NA,NA,NA,NA,NA,NA,NA,NA,NA,NA,NA,NA,NA,NA,NA,NA,NA,NA,NA,NA
"190","Tyreek Hill","MIA","WR","12801","robust",NA,NA,NA,NA,NA,NA,NA,NA,NA,NA,0.38,NA,2.76571428571429,0.7413,0.0140314539375072,0.007413,0,0,0,NA,0,NA,7.05,0.37065,98.1875,9.28107599999999,0.7,0.14826,NA,NA,NA,NA,NA,NA,NA,NA,NA,NA,NA,NA,NA,NA,NA,NA,NA,NA,NA,NA,NA,NA,NA,NA,NA,NA,NA,NA,NA,NA,NA,NA,NA,NA,NA,NA
"191","Davante Adams","LVR","WR","11675","robust",NA,NA,NA,NA,NA,NA,NA,NA,NA,NA,0.06,0.059304,0.217857142857143,0.29652,0,0,0,0,0,NA,0,NA,6.205,0.303933,83.265,5.144622,0.5,0.103782,NA,NA,NA,NA,NA,NA,NA,NA,NA,NA,NA,NA,NA,NA,NA,NA,NA,NA,NA,NA,NA,NA,NA,NA,NA,NA,NA,NA,NA,NA,NA,NA,NA,NA,NA,NA
"192","Ja'Marr Chase","CIN","WR","15281","robust",NA,NA,NA,NA,NA,NA,NA,NA,NA,NA,0.474960723487039,NA,1.9,0.108018,0.00207916339612768,0,0.1,0,0,NA,0,NA,6.475,0.400301999999999,85.2,5.63388,0.65,0.07413,NA,NA,NA,NA,NA,NA,NA,NA,NA,NA,NA,NA,NA,NA,NA,NA,NA,NA,NA,NA,NA,NA,NA,NA,NA,NA,NA,NA,NA,NA,NA,NA,NA,NA,NA,NA
"193","Keenan Allen","LAC","WR","11222","robust",NA,NA,NA,NA,NA,NA,NA,NA,NA,NA,0.2,NA,1.315,0.318759,0.00118076934403465,0,0,0,0,NA,0,NA,6.7825,0.29652,77.495,3.66202200000001,0.4,0.118608,NA,NA,NA,NA,NA,NA,NA,NA,NA,NA,NA,NA,NA,NA,NA,NA,NA,NA,NA,NA,NA,NA,NA,NA,NA,NA,NA,NA,NA,NA,NA,NA,NA,NA,NA,NA
"194","Chris Olave","NO","WR","15754","robust",NA,NA,NA,NA,NA,NA,NA,NA,NA,NA,0,0,0.005,0,0,0,0.1,0,0,NA,0,NA,5.625,0.340998,77.65,2.9652,0.37,0.103782,NA,NA,NA,NA,NA,NA,NA,NA,NA,NA,NA,NA,NA,NA,NA,NA,NA,NA,NA,NA,NA,NA,NA,NA,NA,NA,NA,NA,NA,NA,NA,NA,NA,NA,NA,NA
"195","Amon-Ra St. Brown","DET","WR","15287","robust",NA,NA,NA,NA,NA,NA,NA,NA,NA,NA,0.479943239245655,NA,3.71071428571429,0.354765,0.00524761690584387,0,0,0,0,NA,0,NA,6.6925,0.37065,78.5325,4.23282300000001,0.495,0.103782,NA,NA,NA,NA,NA,NA,NA,NA,NA,NA,NA,NA,NA,NA,NA,NA,NA,NA,NA,NA,NA,NA,NA,NA,NA,NA,NA,NA,NA,NA,NA,NA,NA,NA,NA,NA
"196","Calvin Ridley","JAC","WR","13629","robust",NA,NA,NA,NA,NA,NA,NA,NA,NA,NA,0.06,0.059304,0.552857142857143,0.427836,0,0,0.05,0.037065,0,NA,0,NA,6.09,0.259455,75.725,3.06898199999999,0.6,0.014826,NA,NA,NA,NA,NA,NA,NA,NA,NA,NA,NA,NA,NA,NA,NA,NA,NA,NA,NA,NA,NA,NA,NA,NA,NA,NA,NA,NA,NA,NA,NA,NA,NA,NA,NA,NA
"197","CeeDee Lamb","DAL","WR","14832","robust",NA,NA,NA,NA,NA,NA,NA,NA,NA,NA,0.5,NA,2.9,0.14826,0.00293375677908438,0,0,0,0,NA,0,NA,6,0.029652,75.35,4.49227799999999,0.4125,0.0815429999999999,NA,NA,NA,NA,NA,NA,NA,NA,NA,NA,NA,NA,NA,NA,NA,NA,NA,NA,NA,NA,NA,NA,NA,NA,NA,NA,NA,NA,NA,NA,NA,NA,NA,NA,NA,NA
"198","Stefon Diggs","BUF","WR","12186","robust",NA,NA,NA,NA,NA,NA,NA,NA,NA,NA,0,0,0.055,0.177912,0,0,0,0,0,NA,0,NA,6.27,0.400302,81.78,1.438122,0.65,0.044478,NA,NA,NA,NA,NA,NA,NA,NA,NA,NA,NA,NA,NA,NA,NA,NA,NA,NA,NA,NA,NA,NA,NA,NA,NA,NA,NA,NA,NA,NA,NA,NA,NA,NA,NA,NA
"199","A.J. Brown","PHI","WR","14104","robust",NA,NA,NA,NA,NA,NA,NA,NA,NA,NA,0.08125,0.0185325,0.205833333333333,0.205093,0,0,0.1,0,0,NA,0,NA,5.1,0.103782,79.175,2.74281,0.55,0.0741300000000001,NA,NA,NA,NA,NA,NA,NA,NA,NA,NA,NA,NA,NA,NA,NA,NA,NA,NA,NA,NA,NA,NA,NA,NA,NA,NA,NA,NA,NA,NA,NA,NA,NA,NA,NA,NA
"200","Jaylen Waddle","MIA","WR","15284","robust",NA,NA,NA,NA,NA,NA,NA,NA,NA,NA,0.155760553129549,NA,1.46714285714286,0.692586,0.00156581409856519,0,0,0,0,NA,0,NA,5,0.14826,73.225,4.00302,0.395,0.037065,NA,NA,NA,NA,NA,NA,NA,NA,NA,NA,NA,NA,NA,NA,NA,NA,NA,NA,NA,NA,NA,NA,NA,NA,NA,NA,NA,NA,NA,NA,NA,NA,NA,NA,NA,NA
"201","DK Metcalf","SEA","WR","14102","robust",NA,NA,NA,NA,NA,NA,NA,NA,NA,NA,0,0,0.08125,0.0185325,0,0,0.01875,0.0185325,0,NA,0,NA,5.385,0.607866,70.645,0.533735999999999,0.55,0.014826,NA,NA,NA,NA,NA,NA,NA,NA,NA,NA,NA,NA,NA,NA,NA,NA,NA,NA,NA,NA,NA,NA,NA,NA,NA,NA,NA,NA,NA,NA,NA,NA,NA,NA,NA,NA
"202","DeVonta Smith","PHI","WR","15282","robust",NA,NA,NA,NA,NA,NA,NA,NA,NA,NA,0,0,0.01875,0.0185325,0,0,0,0,0,NA,0,NA,5.1,0.140847,66.925,1.40846999999999,0.5,0.096369,NA,NA,NA,NA,NA,NA,NA,NA,NA,NA,NA,NA,NA,NA,NA,NA,NA,NA,NA,NA,NA,NA,NA,NA,NA,NA,NA,NA,NA,NA,NA,NA,NA,NA,NA,NA
"203","Garrett Wilson","NYJ","WR","15753","robust",NA,NA,NA,NA,NA,NA,NA,NA,NA,NA,0.12,0.118608,0.531071428571429,0.289107,0,0,0.01875,0.0185325,0,NA,0,NA,4.935,0.14826,66.875,4.29954,0.3275,0.081543,NA,NA,NA,NA,NA,NA,NA,NA,NA,NA,NA,NA,NA,NA,NA,NA,NA,NA,NA,NA,NA,NA,NA,NA,NA,NA,NA,NA,NA,NA,NA,NA,NA,NA,NA,NA
"204","Brandon Aiyuk","SF","WR","14840","robust",NA,NA,NA,NA,NA,NA,NA,NA,NA,NA,0.06,0.059304,0.9,0.228744,0.00833333333333333,0,0.01875,0.0185325,0,NA,0,NA,4.8,0.44478,66.6,3.48410999999999,0.4925,0.133434,NA,NA,NA,NA,NA,NA,NA,NA,NA,NA,NA,NA,NA,NA,NA,NA,NA,NA,NA,NA,NA,NA,NA,NA,NA,NA,NA,NA,NA,NA,NA,NA,NA,NA,NA,NA
"205","Mike Williams","LAC","WR","13154","robust",NA,NA,NA,NA,NA,NA,NA,NA,NA,NA,0.11125,0.0111195,0.275,0.163086,0.001,0.0014826,0,0,0,NA,0,NA,4.8775,0.29652,68.2675,0.971102999999991,0.35,0.07413,NA,NA,NA,NA,NA,NA,NA,NA,NA,NA,NA,NA,NA,NA,NA,NA,NA,NA,NA,NA,NA,NA,NA,NA,NA,NA,NA,NA,NA,NA,NA,NA,NA,NA,NA,NA
"206","Treylon Burks","TEN","WR","15752","robust",NA,NA,NA,NA,NA,NA,NA,NA,NA,NA,0.551044960474308,NA,3.8,1.18608,0.00115767045454545,0,0,0,0,NA,0,NA,3.72,0.652344,51.2025,6.975633,0.25,0.081543,NA,NA,NA,NA,NA,NA,NA,NA,NA,NA,NA,NA,NA,NA,NA,NA,NA,NA,NA,NA,NA,NA,NA,NA,NA,NA,NA,NA,NA,NA,NA,NA,NA,NA,NA,NA
"207","Jerry Jeudy","DEN","WR","14833","robust",NA,NA,NA,NA,NA,NA,NA,NA,NA,NA,0.08,0.029652,1.25857142857143,0.37065,0,0,0,0,0,NA,0,NA,4.1875,0.185325,59.505,2.157183,0.3,0.103782,NA,NA,NA,NA,NA,NA,NA,NA,NA,NA,NA,NA,NA,NA,NA,NA,NA,NA,NA,NA,NA,NA,NA,NA,NA,NA,NA,NA,NA,NA,NA,NA,NA,NA,NA,NA
"208","Tee Higgins","CIN","WR","14835","robust",NA,NA,NA,NA,NA,NA,NA,NA,NA,NA,0,0,0.055,0.07413,0,0,0,0,0,NA,0,NA,4.8175,0.37065,67.05,2.37216,0.45,0.0593040000000001,NA,NA,NA,NA,NA,NA,NA,NA,NA,NA,NA,NA,NA,NA,NA,NA,NA,NA,NA,NA,NA,NA,NA,NA,NA,NA,NA,NA,NA,NA,NA,NA,NA,NA,NA,NA
"209","DeAndre Hopkins","TEN","WR","11232","robust",NA,NA,NA,NA,NA,NA,NA,NA,NA,NA,0,0,0.0525,0.07413,0,0,0,0,0,NA,0,NA,3.65,0.624809999999999,49.2,7.93191,0.3,0.0428963167377347,NA,NA,NA,NA,NA,NA,NA,NA,NA,NA,NA,NA,NA,NA,NA,NA,NA,NA,NA,NA,NA,NA,NA,NA,NA,NA,NA,NA,NA,NA,NA,NA,"Q","Ankle",2023,2
"210","George Pickens","PIT","WR","15762","robust",NA,NA,NA,NA,NA,NA,NA,NA,NA,NA,0.06,0.059304,0.912142857142857,0.0741300000000001,0.00833333333333333,0,0,0,0,NA,0,NA,4.05,0.59304,55.255,6.879264,0.3,0.029652,NA,NA,NA,NA,NA,NA,NA,NA,NA,NA,NA,NA,NA,NA,NA,NA,NA,NA,NA,NA,NA,NA,NA,NA,NA,NA,NA,NA,NA,NA,NA,NA,NA,NA,NA,NA
"211","Puka Nacua","LAR","WR","16211","robust",NA,NA,NA,NA,NA,NA,NA,NA,NA,NA,0.15,NA,0.96,0.459606,0.00131612903225806,0.000707821935483871,0.05,0.037065,0,NA,0.01,0,5,0.244629,61.3,6.997872,0.2,0.14826,NA,NA,NA,NA,NA,NA,NA,NA,NA,NA,NA,NA,NA,NA,NA,NA,NA,NA,NA,NA,NA,NA,NA,NA,NA,NA,NA,NA,NA,NA,NA,NA,"Q","Oblique",2023,2
"212","Mike Evans","TB","WR","11671","robust",NA,NA,NA,NA,NA,NA,NA,NA,NA,NA,0,0,0.467916666666667,0.2013865,0,0,0,0,0,NA,0,NA,4.4325,0.526323,64.8525,2.824353,0.415,0.022239,NA,NA,NA,NA,NA,NA,NA,NA,NA,NA,NA,NA,NA,NA,NA,NA,NA,NA,NA,NA,NA,NA,NA,NA,NA,NA,NA,NA,NA,NA,NA,NA,NA,NA,NA,NA
"213","Nico Collins","HOU","WR","15290","robust",NA,NA,NA,NA,NA,NA,NA,NA,NA,NA,0,0,0.01875,0.0185325,0,0,0,0,0,NA,0,NA,4.1175,0.29652,56.43,4.158693,0.25,0.07413,NA,NA,NA,NA,NA,NA,NA,NA,NA,NA,NA,NA,NA,NA,NA,NA,NA,NA,NA,NA,NA,NA,NA,NA,NA,NA,NA,NA,NA,NA,NA,NA,NA,NA,NA,NA
"214","Chris Godwin","TB","WR","13163","robust",NA,NA,NA,NA,NA,NA,NA,NA,NA,NA,0.175590211935304,NA,1.13928571428571,0.191679,0.00144306663276278,0,0.1,0,0,NA,0,NA,5.5,0.59304,63.3525,5.329947,0.2975,0.037065,NA,NA,NA,NA,NA,NA,NA,NA,NA,NA,NA,NA,NA,NA,NA,NA,NA,NA,NA,NA,NA,NA,NA,NA,NA,NA,NA,NA,NA,NA,NA,NA,NA,NA,NA,NA
"215","Terry McLaurin","WAS","WR","14109","robust",NA,NA,NA,NA,NA,NA,NA,NA,NA,NA,0.08,0.029652,1,0.123903,0,0,0,0,0,NA,0,NA,4.425,0.541149000000001,61.385,6.123138,0.3,0.126021,NA,NA,NA,NA,NA,NA,NA,NA,NA,NA,NA,NA,NA,NA,NA,NA,NA,NA,NA,NA,NA,NA,NA,NA,NA,NA,NA,NA,NA,NA,NA,NA,NA,NA,NA,NA
"216","Zay Flowers","BAL","WR","16190","robust",NA,NA,NA,NA,NA,NA,NA,NA,NA,NA,0.5,NA,3.4,0.570801,0.00227991196478591,0,0.05,0.037065,0,NA,0,NA,4.6,0.289106999999999,56.2175,8.05051799999999,0.295,0.029652,NA,NA,NA,NA,NA,NA,NA,NA,NA,NA,NA,NA,NA,NA,NA,NA,NA,NA,NA,NA,NA,NA,NA,NA,NA,NA,NA,NA,NA,NA,NA,NA,NA,NA,NA,NA
"217","Michael Pittman","IND","WR","14842","robust",NA,NA,NA,NA,NA,NA,NA,NA,NA,NA,0.12,0.118608,1.5,0.511497,0,0,0,0,0,NA,0,NA,5.15,0.14826,59.8,5.48562,0.305,0.014826,NA,NA,NA,NA,NA,NA,NA,NA,NA,NA,NA,NA,NA,NA,NA,NA,NA,NA,NA,NA,NA,NA,NA,NA,NA,NA,NA,NA,NA,NA,NA,NA,NA,NA,NA,NA
"218","Tyler Lockett","SEA","WR","12187","robust",NA,NA,NA,NA,NA,NA,NA,NA,NA,NA,0.05,0.037065,0.0941666666666667,0.0308875,0,0,0,0,0,NA,0,NA,4.75,0.281693999999999,60.1075,3.7065,0.4,0.029652,NA,NA,NA,NA,NA,NA,NA,NA,NA,NA,NA,NA,NA,NA,NA,NA,NA,NA,NA,NA,NA,NA,NA,NA,NA,NA,NA,NA,NA,NA,NA,NA,NA,NA,NA,NA
"219","Amari Cooper","CLE","WR","12175","robust",NA,NA,NA,NA,NA,NA,NA,NA,NA,NA,0,0,0.08,0.019768,0,0,0,0,0,NA,0,NA,4.4,0.452193,61.2,1.77912,0.4,0,NA,NA,NA,NA,NA,NA,NA,NA,NA,NA,NA,NA,NA,NA,NA,NA,NA,NA,NA,NA,NA,NA,NA,NA,NA,NA,NA,NA,NA,NA,NA,NA,NA,NA,NA,NA
"220","Michael Thomas","NO","WR","12652","robust",NA,NA,NA,NA,NA,NA,NA,NA,NA,NA,0.01875,0.0185325,0.19875,0.1445535,0,0,0.01875,0.0185325,0,NA,0,NA,4.5,0.59304,55.1,5.9304,0.3,0.103782,NA,NA,NA,NA,NA,NA,NA,NA,NA,NA,NA,NA,NA,NA,NA,NA,NA,NA,NA,NA,NA,NA,NA,NA,NA,NA,NA,NA,NA,NA,NA,NA,NA,NA,NA,NA
"221","Deebo Samuel","SF","WR","14136","robust",NA,NA,NA,NA,NA,NA,NA,NA,NA,NA,2.53033902459721,NA,15.305,1.104537,0.1275,0.0858997773837299,0.094,0.00889560000000001,0,NA,0,NA,4.45,0.289107,59.55,2.713158,0.3,0.118608,NA,NA,NA,NA,NA,NA,NA,NA,NA,NA,NA,NA,NA,NA,NA,NA,NA,NA,NA,NA,NA,NA,NA,NA,NA,NA,NA,NA,NA,NA,NA,NA,NA,NA,NA,NA
"222","Jahan Dotson","WAS","WR","15755","robust",NA,NA,NA,NA,NA,NA,NA,NA,NA,NA,0.08125,0.0185325,0.175833333333333,0.2606905,0,0,0,0,0,NA,0,NA,3.805,0.281694,51.06,7.420413,0.35,0.029652,NA,NA,NA,NA,NA,NA,NA,NA,NA,NA,NA,NA,NA,NA,NA,NA,NA,NA,NA,NA,NA,NA,NA,NA,NA,NA,NA,NA,NA,NA,NA,NA,NA,NA,NA,NA
"223","D.J. Moore","CHI","WR","13635","robust",NA,NA,NA,NA,NA,NA,NA,NA,NA,NA,0.455,0.07413,2,0.491376,0,0,0,0,0,NA,0,NA,3.8,0.252042,53.75,4.59606,0.345,0.081543,NA,NA,NA,NA,NA,NA,NA,NA,NA,NA,NA,NA,NA,NA,NA,NA,NA,NA,NA,NA,NA,NA,NA,NA,NA,NA,NA,NA,NA,NA,NA,NA,NA,NA,NA,NA
"224","Drake London","ATL","WR","15751","robust",NA,NA,NA,NA,NA,NA,NA,NA,NA,NA,0,0,0.171666666666667,0.044478,0,0,0.11875,0.0185325,0,NA,0,NA,4.19,0.422541,52.9,5.960052,0.3,0,NA,NA,NA,NA,NA,NA,NA,NA,NA,NA,NA,NA,NA,NA,NA,NA,NA,NA,NA,NA,NA,NA,NA,NA,NA,NA,NA,NA,NA,NA,NA,NA,NA,NA,NA,NA
"225","Kendrick Bourne","NE","WR","13418","robust",NA,NA,NA,NA,NA,NA,NA,NA,NA,NA,0.312556390977444,NA,2.8,0.29652,0.00416062998026628,0,0,0,0,NA,0,NA,3.65,0.452193,46.72,5.396664,0.3,0.029652,NA,NA,NA,NA,NA,NA,NA,NA,NA,NA,NA,NA,NA,NA,NA,NA,NA,NA,NA,NA,NA,NA,NA,NA,NA,NA,NA,NA,NA,NA,NA,NA,NA,NA,NA,NA
"226","Rashid Shaheed","NO","WR","16080","robust",NA,NA,NA,NA,NA,NA,NA,NA,NA,NA,0.353547831503121,NA,3.37392857142857,0.670347,0.00831646330994403,0.007413,0.11875,0.0185325,0,NA,0.01,0,3.3,0.29652,48.0675,5.41149,0.2,0,NA,NA,NA,NA,NA,NA,NA,NA,NA,NA,NA,NA,NA,NA,NA,NA,NA,NA,NA,NA,NA,NA,NA,NA,NA,NA,NA,NA,NA,NA,NA,NA,NA,NA,NA,NA
"227","Odell Beckham","BAL","WR","11679","robust",NA,NA,NA,NA,NA,NA,NA,NA,NA,NA,0.08125,0.0185325,0.5775,0.1074885,0,0,0,0,0,NA,0,NA,3.2425,0.59304,44.215,9.844464,0.3,0.037065,NA,NA,NA,NA,NA,NA,NA,NA,NA,NA,NA,NA,NA,NA,NA,NA,NA,NA,NA,NA,NA,NA,NA,NA,NA,NA,NA,NA,NA,NA,NA,NA,NA,NA,NA,NA
"228","Marquise Brown","ARI","WR","14105","robust",NA,NA,NA,NA,NA,NA,NA,NA,NA,NA,0.2,NA,2.405,0.59304,0.00287970533631265,0,0,0,0,NA,0,NA,4.44,0.51891,50.4,3.580479,0.26,0.044478,NA,NA,NA,NA,NA,NA,NA,NA,NA,NA,NA,NA,NA,NA,NA,NA,NA,NA,NA,NA,NA,NA,NA,NA,NA,NA,NA,NA,NA,NA,NA,NA,NA,NA,NA,NA
"229","Gabriel Davis","BUF","WR","14845","robust",NA,NA,NA,NA,NA,NA,NA,NA,NA,NA,0,0,0.0183333333333333,0,0,0,0.01875,0.0185325,0,NA,0,NA,3.425,0.459606,53.55,2.2239,0.4575,0.081543,NA,NA,NA,NA,NA,NA,NA,NA,NA,NA,NA,NA,NA,NA,NA,NA,NA,NA,NA,NA,NA,NA,NA,NA,NA,NA,NA,NA,NA,NA,NA,NA,NA,NA,NA,NA
"230","Tutu Atwell","LAR","WR","15301","robust",NA,NA,NA,NA,NA,NA,NA,NA,NA,NA,0.428786482334869,NA,2.58928571428571,0.81543,0.00348591909882232,0,0,0,0,NA,0,NA,3.825,0.467019,52.485,3.068982,0.2,0.014826,NA,NA,NA,NA,NA,NA,NA,NA,NA,NA,NA,NA,NA,NA,NA,NA,NA,NA,NA,NA,NA,NA,NA,NA,NA,NA,NA,NA,NA,NA,NA,NA,NA,NA,NA,NA
"231","Christian Kirk","JAC","WR","13633","robust",NA,NA,NA,NA,NA,NA,NA,NA,NA,NA,0.125360683760684,NA,1.0775,0.259455,0.00156952380952381,0,0,0,0,NA,0,NA,4.115,0.14826,50.945,3.876999,0.3,0,NA,NA,NA,NA,NA,NA,NA,NA,NA,NA,NA,NA,NA,NA,NA,NA,NA,NA,NA,NA,NA,NA,NA,NA,NA,NA,NA,NA,NA,NA,NA,NA,NA,NA,NA,NA
"232","Jordan Addison","MIN","WR","16186","robust",NA,NA,NA,NA,NA,NA,NA,NA,NA,NA,0.1,0.07413,0.5,0.584568,0,0,0.05,0.037065,0,NA,0,NA,3.85,0.0741300000000001,50.4725,2.66868,0.3,0.037065,NA,NA,NA,NA,NA,NA,NA,NA,NA,NA,NA,NA,NA,NA,NA,NA,NA,NA,NA,NA,NA,NA,NA,NA,NA,NA,NA,NA,NA,NA,NA,NA,NA,NA,NA,NA
"233","Courtland Sutton","DEN","WR","13630","robust",NA,NA,NA,NA,NA,NA,NA,NA,NA,NA,0,0,0.135,0.096369,0,0,0,0,0,NA,0,NA,3.77,0.229803,50.225,4.74432,0.3,0.00741300000000001,NA,NA,NA,NA,NA,NA,NA,NA,NA,NA,NA,NA,NA,NA,NA,NA,NA,NA,NA,NA,NA,NA,NA,NA,NA,NA,NA,NA,NA,NA,NA,NA,NA,NA,NA,NA
"234","Josh Reynolds","DET","WR","13168","robust",NA,NA,NA,NA,NA,NA,NA,NA,NA,NA,0,0,0.0141666666666667,0,0,0,0,0,0,NA,0,NA,2.9,0.200151,42.1875,5.300295,0.2,0.066717,NA,NA,NA,NA,NA,NA,NA,NA,NA,NA,NA,NA,NA,NA,NA,NA,NA,NA,NA,NA,NA,NA,NA,NA,NA,NA,NA,NA,NA,NA,NA,NA,NA,NA,NA,NA
"235","Robert Woods","HOU","WR","11228","robust",NA,NA,NA,NA,NA,NA,NA,NA,NA,NA,0.16,0.133434,0.85,0.88956,0,0,0,0,0,NA,0,NA,3.905,0.155673000000001,42.415,2.66868,0.2,0.022239,NA,NA,NA,NA,NA,NA,NA,NA,NA,NA,NA,NA,NA,NA,NA,NA,NA,NA,NA,NA,NA,NA,NA,NA,NA,NA,NA,NA,NA,NA,NA,NA,NA,NA,NA,NA
"236","JuJu Smith-Schuster","NE","WR","13156","robust",NA,NA,NA,NA,NA,NA,NA,NA,NA,NA,0.01875,0.0185325,0.2,0.14826,0,0,0.1,0,0,NA,0,NA,3.6875,0.59304,41.975,10.430091,0.22,0.029652,NA,NA,NA,NA,NA,NA,NA,NA,NA,NA,NA,NA,NA,NA,NA,NA,NA,NA,NA,NA,NA,NA,NA,NA,NA,NA,NA,NA,NA,NA,NA,NA,NA,NA,NA,NA
"237","Christian Watson","GB","WR","15789","robust",NA,NA,NA,NA,NA,NA,NA,NA,NA,NA,0.355877167490071,NA,2.995,1.275036,0.06,0.0269986967689494,0,0,0,NA,0,NA,2.5425,0.355824,35.575,9.125403,0.2,0.096369,NA,NA,NA,NA,NA,NA,NA,NA,NA,NA,NA,NA,NA,NA,NA,NA,NA,NA,NA,NA,NA,NA,NA,NA,NA,NA,NA,NA,NA,NA,NA,NA,"Q","Hamstring",2023,2
"238","DeVante Parker","NE","WR","12176","robust",NA,NA,NA,NA,NA,NA,NA,NA,NA,NA,0,0,0,0,0,0,0,0,0,NA,0,NA,2.3225,1.03782,34.2125,13.04688,0.2,0.14826,NA,NA,NA,NA,NA,NA,NA,NA,NA,NA,NA,NA,NA,NA,NA,NA,NA,NA,NA,NA,NA,NA,NA,NA,NA,NA,NA,NA,NA,NA,NA,NA,"Q","Knee",2023,2
"239","Van Jefferson","LAR","WR","14858","robust",NA,NA,NA,NA,NA,NA,NA,NA,NA,NA,0.08125,0.0185325,0.521666666666667,0.180383,0,0,0,0,0,NA,0,NA,3.345,0.37065,45.835,3.810282,0.2075,0.022239,NA,NA,NA,NA,NA,NA,NA,NA,NA,NA,NA,NA,NA,NA,NA,NA,NA,NA,NA,NA,NA,NA,NA,NA,NA,NA,NA,NA,NA,NA,NA,NA,NA,NA,NA,NA
"240","Allen Lazard","NYJ","WR","13632","robust",NA,NA,NA,NA,NA,NA,NA,NA,NA,NA,0.06,0.059304,0.622857142857143,0.177912,0,0,0,0,0,NA,0,NA,3.07,0.237216,42.7,7.20543599999999,0.2,0,NA,NA,NA,NA,NA,NA,NA,NA,NA,NA,NA,NA,NA,NA,NA,NA,NA,NA,NA,NA,NA,NA,NA,NA,NA,NA,NA,NA,NA,NA,NA,NA,NA,NA,NA,NA
"241","Romeo Doubs","GB","WR","15779","robust",NA,NA,NA,NA,NA,NA,NA,NA,NA,NA,0.05,0.037065,0.339166666666667,0.22239,0,0,0.1,0,0,NA,0,NA,3.675,0.385476,44,2.713158,0.3,0.037065,NA,NA,NA,NA,NA,NA,NA,NA,NA,NA,NA,NA,NA,NA,NA,NA,NA,NA,NA,NA,NA,NA,NA,NA,NA,NA,NA,NA,NA,NA,NA,NA,NA,NA,NA,NA
"242","Jayden Reed","GB","WR","16184","robust",NA,NA,NA,NA,NA,NA,NA,NA,NA,NA,0.2,NA,1.65428571428571,0.392889,0.00142857142857143,0,0.01875,0.0185325,0,NA,0.01,0,3.1,0.378063,41.25,3.721326,0.2,0.014826,NA,NA,NA,NA,NA,NA,NA,NA,NA,NA,NA,NA,NA,NA,NA,NA,NA,NA,NA,NA,NA,NA,NA,NA,NA,NA,NA,NA,NA,NA,NA,NA,NA,NA,NA,NA
"243","Jaxon Smith-Njigba","SEA","WR","16185","robust",NA,NA,NA,NA,NA,NA,NA,NA,NA,NA,0.08125,0.0185325,0.743333333333333,0.14826,0,0,0.01875,0.0185325,0,NA,0,NA,3.8,0.378063,48.85,1.85325,0.2175,0.051891,NA,NA,NA,NA,NA,NA,NA,NA,NA,NA,NA,NA,NA,NA,NA,NA,NA,NA,NA,NA,NA,NA,NA,NA,NA,NA,NA,NA,NA,NA,NA,NA,NA,NA,NA,NA
"244","Marquez Valdes-Scantling","KC","WR","13793","robust",NA,NA,NA,NA,NA,NA,NA,NA,NA,NA,0,0,0.166666666666667,0.14826,0.01,0.014826,0,0,0,NA,0,NA,2.5225,0.541149,42.85,1.92738,0.2,0.096369,NA,NA,NA,NA,NA,NA,NA,NA,NA,NA,NA,NA,NA,NA,NA,NA,NA,NA,NA,NA,NA,NA,NA,NA,NA,NA,NA,NA,NA,NA,NA,NA,NA,NA,NA,NA
"245","Zay Jones","JAC","WR","13176","robust",NA,NA,NA,NA,NA,NA,NA,NA,NA,NA,0.06,0.059304,0.606428571428571,0.163086,0,0,0,0,0,NA,0,NA,4.4875,0.585627,46.875,4.781385,0.3,0,NA,NA,NA,NA,NA,NA,NA,NA,NA,NA,NA,NA,NA,NA,NA,NA,NA,NA,NA,NA,NA,NA,NA,NA,NA,NA,NA,NA,NA,NA,NA,NA,NA,NA,NA,NA
"246","Rashod Bateman","BAL","WR","15293","robust",NA,NA,NA,NA,NA,NA,NA,NA,NA,NA,0,0,0.0875,0.037065,0,0,0.01875,0.0185325,0,NA,0,NA,2.675,0.66717,35.02,7.413,0.15,0.081543,NA,NA,NA,NA,NA,NA,NA,NA,NA,NA,NA,NA,NA,NA,NA,NA,NA,NA,NA,NA,NA,NA,NA,NA,NA,NA,NA,NA,NA,NA,NA,NA,NA,NA,NA,NA
"247","Elijah Moore","CLE","WR","15288","robust",NA,NA,NA,NA,NA,NA,NA,NA,NA,NA,0.38214880952381,NA,3.26,0.37065,0.00216090116196604,0,0,0,0,NA,0,NA,2.9,0.59304,36.71,9.56277,0.19,0.088956,NA,NA,NA,NA,NA,NA,NA,NA,NA,NA,NA,NA,NA,NA,NA,NA,NA,NA,NA,NA,NA,NA,NA,NA,NA,NA,NA,NA,NA,NA,NA,NA,NA,NA,NA,NA
"248","Jonathan Mingo","CAR","WR","16197","robust",NA,NA,NA,NA,NA,NA,NA,NA,NA,NA,0.08125,0.0185325,1,0.138376,0.000833333333333333,0,0.01875,0.0185325,0,NA,0,NA,2.895,0.266868,39.15,2.52042,0.18,0.044478,NA,NA,NA,NA,NA,NA,NA,NA,NA,NA,NA,NA,NA,NA,NA,NA,NA,NA,NA,NA,NA,NA,NA,NA,NA,NA,NA,NA,NA,NA,NA,NA,NA,NA,NA,NA
"249","Darnell Mooney","CHI","WR","14974","robust",NA,NA,NA,NA,NA,NA,NA,NA,NA,NA,0.08,0.029652,0.603214285714286,0.583509,0,0,0,0,0,NA,0,NA,3.4,0.318759,44.155,4.781385,0.285,0.066717,NA,NA,NA,NA,NA,NA,NA,NA,NA,NA,NA,NA,NA,NA,NA,NA,NA,NA,NA,NA,NA,NA,NA,NA,NA,NA,NA,NA,NA,NA,NA,NA,NA,NA,NA,NA
"250","Rondale Moore","ARI","WR","15283","robust",NA,NA,NA,NA,NA,NA,NA,NA,NA,NA,0.775,NA,3.76,0.355824,0.00334073820915926,0,0,0,0,NA,0,NA,3.9,0.22239,37.8,9.04386,0.1,0,NA,NA,NA,NA,NA,NA,NA,NA,NA,NA,NA,NA,NA,NA,NA,NA,NA,NA,NA,NA,NA,NA,NA,NA,NA,NA,NA,NA,NA,NA,NA,NA,NA,NA,NA,NA
"251","Kadarius Toney","KC","WR","15289","robust",NA,NA,NA,NA,NA,NA,NA,NA,NA,NA,0.6,NA,4.93142857142857,3.048861,0.05,0.0644030600331601,0.001,0.0014826,0,NA,0,NA,3.2,0.563388,34.895,2.209074,0.2,0,NA,NA,NA,NA,NA,NA,NA,NA,NA,NA,NA,NA,NA,NA,NA,NA,NA,NA,NA,NA,NA,NA,NA,NA,NA,NA,NA,NA,NA,NA,NA,NA,NA,NA,NA,NA
"252","Hunter Renfrow","LVR","WR","14123","robust",NA,NA,NA,NA,NA,NA,NA,NA,NA,NA,0.01875,0.0185325,0.4425,0.289107,0,0,0.01875,0.0185325,0,NA,0,NA,3.65,0.785778,37.63,9.955659,0.2,0.037065,NA,NA,NA,NA,NA,NA,NA,NA,NA,NA,NA,NA,NA,NA,NA,NA,NA,NA,NA,NA,NA,NA,NA,NA,NA,NA,NA,NA,NA,NA,NA,NA,NA,NA,NA,NA
"253","Adam Thielen","CAR","WR","11938","robust",NA,NA,NA,NA,NA,NA,NA,NA,NA,NA,0.08125,0.0185325,0.44625,0.2186835,0,0,0,0,0,NA,0,NA,3.085,0.326172,37.1,5.203926,0.225,0.037065,NA,NA,NA,NA,NA,NA,NA,NA,NA,NA,NA,NA,NA,NA,NA,NA,NA,NA,NA,NA,NA,NA,NA,NA,NA,NA,NA,NA,NA,NA,NA,NA,NA,NA,NA,NA
"254","Darius Slayton","NYG","WR","14122","robust",NA,NA,NA,NA,NA,NA,NA,NA,NA,NA,0,0,0.1835,0.0326172,0.001,0,0.0333333333333333,0,0,NA,0.01,0,2.7,0.29652,39.48,8.59908,0.1775,0.044478,NA,NA,NA,NA,NA,NA,NA,NA,NA,NA,NA,NA,NA,NA,NA,NA,NA,NA,NA,NA,NA,NA,NA,NA,NA,NA,NA,NA,NA,NA,NA,NA,NA,NA,NA,NA
"255","D.J. Chark","CAR","WR","13668","robust",NA,NA,NA,NA,NA,NA,NA,NA,NA,NA,0,0,0.1,0.14826,0,0,0,0,0,NA,0,NA,2.675,0.14826,40.95,3.61754400000001,0.2,0.029652,NA,NA,NA,NA,NA,NA,NA,NA,NA,NA,NA,NA,NA,NA,NA,NA,NA,NA,NA,NA,NA,NA,NA,NA,NA,NA,NA,NA,NA,NA,NA,NA,"Q","Hamstring",2023,2
"256","Tyler Boyd","CIN","WR","12650","robust",NA,NA,NA,NA,NA,NA,NA,NA,NA,NA,0.08125,0.0185325,0.206666666666667,0.202622,0,0,0,0,0,NA,0,NA,3.5,0.163086,41.335,2.653854,0.21,0.029652,NA,NA,NA,NA,NA,NA,NA,NA,NA,NA,NA,NA,NA,NA,NA,NA,NA,NA,NA,NA,NA,NA,NA,NA,NA,NA,NA,NA,NA,NA,NA,NA,NA,NA,NA,NA
"257","Allen Robinson","PIT","WR","11678","robust",NA,NA,NA,NA,NA,NA,NA,NA,NA,NA,0,0,0.0916666666666667,0.07413,0,0,0,0,0,NA,0,NA,3.62,0.29652,41.91,1.230558,0.2,0.014826,NA,NA,NA,NA,NA,NA,NA,NA,NA,NA,NA,NA,NA,NA,NA,NA,NA,NA,NA,NA,NA,NA,NA,NA,NA,NA,NA,NA,NA,NA,NA,NA,NA,NA,NA,NA
"258","Nathaniel Dell","HOU","WR","16204","robust",NA,NA,NA,NA,NA,NA,NA,NA,NA,NA,0.06,0.059304,0.646428571428571,0.23298,0,0,0.01875,0.0185325,0,NA,0.01,0,2.4,0.59304,31.15,4.173519,0.1,0.096369,NA,NA,NA,NA,NA,NA,NA,NA,NA,NA,NA,NA,NA,NA,NA,NA,NA,NA,NA,NA,NA,NA,NA,NA,NA,NA,NA,NA,NA,NA,NA,NA,NA,NA,NA,NA
"259","Donovan Peoples-Jones","CLE","WR","14857","robust",NA,NA,NA,NA,NA,NA,NA,NA,NA,NA,0,0,0.0158333333333333,0.017297,0,0,0.05,0.037065,0,NA,0.01,0,2.49,0.14826,37.5025,3.476697,0.195,0.00741300000000001,NA,NA,NA,NA,NA,NA,NA,NA,NA,NA,NA,NA,NA,NA,NA,NA,NA,NA,NA,NA,NA,NA,NA,NA,NA,NA,NA,NA,NA,NA,NA,NA,NA,NA,NA,NA
"260","Josh Downs","IND","WR","16187","robust",NA,NA,NA,NA,NA,NA,NA,NA,NA,NA,0.08125,0.0185325,0.46,0.138376,0,0,0.01875,0.0185325,0,NA,0,NA,2.935,0.0815429999999999,36.25,1.85325,0.1,0.14826,NA,NA,NA,NA,NA,NA,NA,NA,NA,NA,NA,NA,NA,NA,NA,NA,NA,NA,NA,NA,NA,NA,NA,NA,NA,NA,NA,NA,NA,NA,NA,NA,NA,NA,NA,NA
"261","Brandin Cooks","DAL","WR","11674","robust",NA,NA,NA,NA,NA,NA,NA,NA,NA,NA,0.1,NA,1.36708333333333,0.44478,0,0,0,0,0,NA,0,NA,2.715,1.03782,31.9875,4.15128,0.17,0,NA,NA,NA,NA,NA,NA,NA,NA,NA,NA,NA,NA,NA,NA,NA,NA,NA,NA,NA,NA,NA,NA,NA,NA,NA,NA,NA,NA,NA,NA,NA,NA,"Q","Knee - MCL",2023,2
"262","Parris Campbell","NYG","WR","14112","robust",NA,NA,NA,NA,NA,NA,NA,NA,NA,NA,0.12,0.118608,1.98428571428571,0.432072,0,0,0,0,0,NA,0,NA,2.795,0.289107,29.1,2.52042,0.1075,0.014826,NA,NA,NA,NA,NA,NA,NA,NA,NA,NA,NA,NA,NA,NA,NA,NA,NA,NA,NA,NA,NA,NA,NA,NA,NA,NA,NA,NA,NA,NA,NA,NA,NA,NA,NA,NA
"263","Calvin Austin III","PIT","WR","15777","robust",NA,NA,NA,NA,NA,NA,NA,NA,NA,NA,0.1,0.14826,1.17708333333333,0.234745,0,0,0,0,0,NA,0.01,0,2.7,0.59304,30.95,6.22692,0.1,0,NA,NA,NA,NA,NA,NA,NA,NA,NA,NA,NA,NA,NA,NA,NA,NA,NA,NA,NA,NA,NA,NA,NA,NA,NA,NA,NA,NA,NA,NA,NA,NA,NA,NA,NA,NA
"264","Isaiah Hodgins","NYG","WR","14849","robust",NA,NA,NA,NA,NA,NA,NA,NA,NA,NA,0,0,0.005,0,0,0,0.1375,0.037065,0,NA,0,NA,2.9875,0.259455,35.25,7.413,0.2,0.133434,NA,NA,NA,NA,NA,NA,NA,NA,NA,NA,NA,NA,NA,NA,NA,NA,NA,NA,NA,NA,NA,NA,NA,NA,NA,NA,NA,NA,NA,NA,NA,NA,NA,NA,NA,NA
"265","Nick Westbrook-Ikhine","TEN","WR","15109","robust",NA,NA,NA,NA,NA,NA,NA,NA,NA,NA,0,0,0.00916666666666667,0,0,0,0,0,0,NA,0,NA,2.485,0.22239,34.2725,5.41149,0.19,0.014826,NA,NA,NA,NA,NA,NA,NA,NA,NA,NA,NA,NA,NA,NA,NA,NA,NA,NA,NA,NA,NA,NA,NA,NA,NA,NA,NA,NA,NA,NA,NA,NA,NA,NA,NA,NA
"266","K.J. Osborn","MIN","WR","14977","robust",NA,NA,NA,NA,NA,NA,NA,NA,NA,NA,0.1,NA,0.651785714285714,0.44478,0.000167958656330749,0,0,0,0,NA,0.01,0,3.1,0.14826,36.8725,3.55824,0.2025,0.00741299999999999,NA,NA,NA,NA,NA,NA,NA,NA,NA,NA,NA,NA,NA,NA,NA,NA,NA,NA,NA,NA,NA,NA,NA,NA,NA,NA,NA,NA,NA,NA,NA,NA,NA,NA,NA,NA
"267","Curtis Samuel","WAS","WR","13157","robust",NA,NA,NA,NA,NA,NA,NA,NA,NA,NA,1.4616885470365,NA,7.6,0.852495,0.00382969526691161,0,0.002,0.0029652,0,NA,0,NA,3.15,0.474432,33.15,4.610886,0.13,0.044478,NA,NA,NA,NA,NA,NA,NA,NA,NA,NA,NA,NA,NA,NA,NA,NA,NA,NA,NA,NA,NA,NA,NA,NA,NA,NA,NA,NA,NA,NA,NA,NA,NA,NA,NA,NA
"268","Michael Gallup","DAL","WR","13646","robust",NA,NA,NA,NA,NA,NA,NA,NA,NA,NA,0,0,0.00416666666666667,0,0,0,0,0,0,NA,0,NA,2.925,0.155673,36.1175,3.03933,0.2,0.07413,NA,NA,NA,NA,NA,NA,NA,NA,NA,NA,NA,NA,NA,NA,NA,NA,NA,NA,NA,NA,NA,NA,NA,NA,NA,NA,NA,NA,NA,NA,NA,NA,NA,NA,NA,NA
"269","Justin Watson","KC","WR","13776","robust",NA,NA,NA,NA,NA,NA,NA,NA,NA,NA,0,0,0.00333333333333333,0,0,0,0,0,0,NA,0,NA,0.91,0.133434,14.455,4.366257,0.09,0,NA,NA,NA,NA,NA,NA,NA,NA,NA,NA,NA,NA,NA,NA,NA,NA,NA,NA,NA,NA,NA,NA,NA,NA,NA,NA,NA,NA,NA,NA,NA,NA,NA,NA,NA,NA
"270","Quentin Johnston","LAC","WR","16188","robust",NA,NA,NA,NA,NA,NA,NA,NA,NA,NA,0.08125,0.0185325,0.413333333333333,0.276752,0,0,0.01875,0.0185325,0,NA,0,NA,2.1,0.674583,28.03,1.690164,0.09,0.022239,NA,NA,NA,NA,NA,NA,NA,NA,NA,NA,NA,NA,NA,NA,NA,NA,NA,NA,NA,NA,NA,NA,NA,NA,NA,NA,NA,NA,NA,NA,NA,NA,NA,NA,NA,NA
"271","Josh Palmer","LAC","WR","15319","robust",NA,NA,NA,NA,NA,NA,NA,NA,NA,NA,0.01875,0.0185325,0.03,0.07413,0,0,0,0,0,NA,0,NA,2.4525,0.281694,28.325,2.587137,0.1025,0.007413,NA,NA,NA,NA,NA,NA,NA,NA,NA,NA,NA,NA,NA,NA,NA,NA,NA,NA,NA,NA,NA,NA,NA,NA,NA,NA,NA,NA,NA,NA,NA,NA,NA,NA,NA,NA
"272","Alec Pierce","IND","WR","15768","robust",NA,NA,NA,NA,NA,NA,NA,NA,NA,NA,0,0,0.00416666666666667,0,0,0,0,0,0,NA,0,NA,2.465,0.252042,33.65,2.312856,0.1225,0.059304,NA,NA,NA,NA,NA,NA,NA,NA,NA,NA,NA,NA,NA,NA,NA,NA,NA,NA,NA,NA,NA,NA,NA,NA,NA,NA,NA,NA,NA,NA,NA,NA,NA,NA,NA,NA
"273","Richie James","KC","WR","13724","robust",NA,NA,NA,NA,NA,NA,NA,NA,NA,NA,0,0,0.05,0.0563388,0,0,0,0,0,NA,0,NA,2.1,0.481845,26.2,7.620564,0.1,0.022239,NA,NA,NA,NA,NA,NA,NA,NA,NA,NA,NA,NA,NA,NA,NA,NA,NA,NA,NA,NA,NA,NA,NA,NA,NA,NA,NA,NA,NA,NA,NA,NA,NA,NA,NA,NA
"274","Rashee Rice","KC","WR","16194","robust",NA,NA,NA,NA,NA,NA,NA,NA,NA,NA,0.205394597069597,NA,1.3075,0.489258,0.00113683935112507,0,0.01875,0.0185325,0,NA,0,NA,2.025,0.37065,26.8,4.366257,0.2,0,NA,NA,NA,NA,NA,NA,NA,NA,NA,NA,NA,NA,NA,NA,NA,NA,NA,NA,NA,NA,NA,NA,NA,NA,NA,NA,NA,NA,NA,NA,NA,NA,NA,NA,NA,NA
"275","Skyy Moore","KC","WR","15766","robust",NA,NA,NA,NA,NA,NA,NA,NA,NA,NA,0.273659430593737,NA,2.08857142857143,0.461724,0.00180396246089677,0,0.11875,0.0185325,0,NA,0,NA,2.65,0.400302,27.78,4.833276,0.2075,0.126021,NA,NA,NA,NA,NA,NA,NA,NA,NA,NA,NA,NA,NA,NA,NA,NA,NA,NA,NA,NA,NA,NA,NA,NA,NA,NA,NA,NA,NA,NA,NA,NA,NA,NA,NA,NA
"276","Trey Palmer","TB","WR","16199","robust",NA,NA,NA,NA,NA,NA,NA,NA,NA,NA,0.08125,0.0185325,0.488333333333333,0.130963,0.000833333333333333,0,0.01875,0.0185325,0,NA,0,NA,1.965,0.118608,22.59,5.11497,0.1175,0.081543,NA,NA,NA,NA,NA,NA,NA,NA,NA,NA,NA,NA,NA,NA,NA,NA,NA,NA,NA,NA,NA,NA,NA,NA,NA,NA,NA,NA,NA,NA,NA,NA,NA,NA,NA,NA
"277","Mack Hollins","ATL","WR","13289","robust",NA,NA,NA,NA,NA,NA,NA,NA,NA,NA,0.05,0.037065,1.01541666666667,0.1865605,0,0,0,0,0,NA,0,NA,2.4,0.59304,29.1175,3.936303,0.2,0.022239,NA,NA,NA,NA,NA,NA,NA,NA,NA,NA,NA,NA,NA,NA,NA,NA,NA,NA,NA,NA,NA,NA,NA,NA,NA,NA,NA,NA,NA,NA,NA,NA,NA,NA,NA,NA
"278","DeAndre Carter","LVR","WR","12394","robust",NA,NA,NA,NA,NA,NA,NA,NA,NA,NA,0,0,0.154,0.22239,0,0,0.0333333333333333,0.02471,0,NA,0,NA,2.05,0.37065,20.6,5.396664,0.08,0.059304,NA,NA,NA,NA,NA,NA,NA,NA,NA,NA,NA,NA,NA,NA,NA,NA,NA,NA,NA,NA,NA,NA,NA,NA,NA,NA,NA,NA,NA,NA,NA,NA,NA,NA,NA,NA
"279","Terrace Marshall","CAR","WR","15308","robust",NA,NA,NA,NA,NA,NA,NA,NA,NA,NA,0,0,0,0,0,0,0,0,0,NA,0,NA,2,0.0593040000000001,28.25,1.85325,0.055,0.007413,NA,NA,NA,NA,NA,NA,NA,NA,NA,NA,NA,NA,NA,NA,NA,NA,NA,NA,NA,NA,NA,NA,NA,NA,NA,NA,NA,NA,NA,NA,NA,NA,NA,NA,NA,NA
"280","Marvin Jones","DET","WR","10738","robust",NA,NA,NA,NA,NA,NA,NA,NA,NA,NA,0,0,0.015,0,0,0,0.05,0.037065,0,NA,0,NA,2.29,0.526323,30.485,5.315121,0.175,0.111195,NA,NA,NA,NA,NA,NA,NA,NA,NA,NA,NA,NA,NA,NA,NA,NA,NA,NA,NA,NA,NA,NA,NA,NA,NA,NA,NA,NA,NA,NA,NA,NA,NA,NA,NA,NA
"281","Chris Moore","TEN","WR","12773","robust",NA,NA,NA,NA,NA,NA,NA,NA,NA,NA,0.0125,0.0185325,0.15,0.14826,0,0,0,0,0,NA,0,NA,1.9,0.59304,22.15,7.509369,0.14,0.00741300000000001,NA,NA,NA,NA,NA,NA,NA,NA,NA,NA,NA,NA,NA,NA,NA,NA,NA,NA,NA,NA,NA,NA,NA,NA,NA,NA,NA,NA,NA,NA,NA,NA,NA,NA,NA,NA
"282","Kalif Raymond","DET","WR","13066","robust",NA,NA,NA,NA,NA,NA,NA,NA,NA,NA,0.1,0.14826,1.8,1.03782,0,0,0.0333333333333333,0.02471,0,NA,0.01,0,1.3,0.0963689999999999,18.71,2.438877,0.1,0,NA,NA,NA,NA,NA,NA,NA,NA,NA,NA,NA,NA,NA,NA,NA,NA,NA,NA,NA,NA,NA,NA,NA,NA,NA,NA,NA,NA,NA,NA,NA,NA,NA,NA,NA,NA
"283","Michael Wilson","ARI","WR","16206","robust",NA,NA,NA,NA,NA,NA,NA,NA,NA,NA,0.0666666666666667,0,0.284,0.3202416,0,0,0,0,0,NA,0,NA,2.49,0.207564,33,1.4826,0.1,0.14826,NA,NA,NA,NA,NA,NA,NA,NA,NA,NA,NA,NA,NA,NA,NA,NA,NA,NA,NA,NA,NA,NA,NA,NA,NA,NA,NA,NA,NA,NA,NA,NA,NA,NA,NA,NA
"284","Sterling Shepard","NYG","WR","12658","robust",NA,NA,NA,NA,NA,NA,NA,NA,NA,NA,0.0875,0.037065,0.15,0.331114,0,0,0.0125,0.037065,0,NA,0,NA,1.625,1.18608,18.965,8.554602,0.095,0.118608,NA,NA,NA,NA,NA,NA,NA,NA,NA,NA,NA,NA,NA,NA,NA,NA,NA,NA,NA,NA,NA,NA,NA,NA,NA,NA,NA,NA,NA,NA,NA,NA,NA,NA,NA,NA
"285","Wan'Dale Robinson","NYG","WR","15757","robust",NA,NA,NA,NA,NA,NA,NA,NA,NA,NA,0.125,NA,0.6,0.44478,0.00375,0,0,0,0,NA,0,NA,1.65,1.70499,17.025,17.605875,0.125,0.111195,NA,NA,NA,NA,NA,NA,NA,NA,NA,NA,NA,NA,NA,NA,NA,NA,NA,NA,NA,NA,NA,NA,NA,NA,NA,NA,NA,NA,NA,NA,NA,NA,"D","Knee - ACL",2023,2
"286","Jalin Hyatt","NYG","WR","16183","robust",NA,NA,NA,NA,NA,NA,NA,NA,NA,NA,0.1,0.14826,0.83,0.29652,0,0,0.0333333333333333,0,0,NA,0,NA,1.3,0.474432,17.65,4.4478,0.08,0.059304,NA,NA,NA,NA,NA,NA,NA,NA,NA,NA,NA,NA,NA,NA,NA,NA,NA,NA,NA,NA,NA,NA,NA,NA,NA,NA,NA,NA,NA,NA,NA,NA,NA,NA,NA,NA
"287","Quez Watkins","PHI","WR","14992","robust",NA,NA,NA,NA,NA,NA,NA,NA,NA,NA,0.01875,0.0185325,0.1,0.002471,0,0,0.01875,0.0185325,0,NA,0,NA,1.5875,0.630105,19.64,2.29803,0.1,0,NA,NA,NA,NA,NA,NA,NA,NA,NA,NA,NA,NA,NA,NA,NA,NA,NA,NA,NA,NA,NA,NA,NA,NA,NA,NA,NA,NA,NA,NA,NA,NA,NA,NA,NA,NA
"288","Khalil Shakir","BUF","WR","15761","robust",NA,NA,NA,NA,NA,NA,NA,NA,NA,NA,0,0,0.02,0.0415128,0,0,0,0,0,NA,0,NA,0.6025,0.281694,9.695,3.128286,0.0175,0,NA,NA,NA,NA,NA,NA,NA,NA,NA,NA,NA,NA,NA,NA,NA,NA,NA,NA,NA,NA,NA,NA,NA,NA,NA,NA,NA,NA,NA,NA,NA,NA,NA,NA,NA,NA
"289","Demario Douglas","NE","WR","16342","robust",NA,NA,NA,NA,NA,NA,NA,NA,NA,NA,0,0,0.19,0.163086,0,0,0,0,0,NA,0,NA,1.7,0.44478,20.62,4.937058,0.05,0.014826,NA,NA,NA,NA,NA,NA,NA,NA,NA,NA,NA,NA,NA,NA,NA,NA,NA,NA,NA,NA,NA,NA,NA,NA,NA,NA,NA,NA,NA,NA,NA,NA,NA,NA,NA,NA
"290","Olamide Zaccheaus","PHI","WR","14592","robust",NA,NA,NA,NA,NA,NA,NA,NA,NA,NA,0.0125,0.037065,0.19875,0.163086,0,0,0,0,0,NA,0,NA,0.9275,0.904386,13.4875,13.71405,0.075,0.07413,NA,NA,NA,NA,NA,NA,NA,NA,NA,NA,NA,NA,NA,NA,NA,NA,NA,NA,NA,NA,NA,NA,NA,NA,NA,NA,NA,NA,NA,NA,NA,NA,NA,NA,NA,NA
"291","Chase Claypool","CHI","WR","14841","robust",NA,NA,NA,NA,NA,NA,NA,NA,NA,NA,0.3,0.14826,2.575,0.852495,0,0,0.01875,0.0185325,0,NA,0,NA,1.6,0.66717,21.45,0.7413,0.07,0.044478,NA,NA,NA,NA,NA,NA,NA,NA,NA,NA,NA,NA,NA,NA,NA,NA,NA,NA,NA,NA,NA,NA,NA,NA,NA,NA,NA,NA,NA,NA,NA,NA,NA,NA,NA,NA
"292","Randall Cobb","NYJ","WR","10308","robust",NA,NA,NA,NA,NA,NA,NA,NA,NA,NA,0,0,0.005,0,0,0,0,0,0,NA,0,NA,1.6825,0.29652,21.2625,5.04084,0.05,0.07413,NA,NA,NA,NA,NA,NA,NA,NA,NA,NA,NA,NA,NA,NA,NA,NA,NA,NA,NA,NA,NA,NA,NA,NA,NA,NA,NA,NA,NA,NA,NA,NA,NA,NA,NA,NA
"293","Samori Toure","GB","WR","15841","robust",NA,NA,NA,NA,NA,NA,NA,NA,NA,NA,0,0,0.1,0.1126776,0,0,0,0,0,NA,0,NA,1.115,0.659757,14.945,7.850367,0.02,0,NA,NA,NA,NA,NA,NA,NA,NA,NA,NA,NA,NA,NA,NA,NA,NA,NA,NA,NA,NA,NA,NA,NA,NA,NA,NA,NA,NA,NA,NA,NA,NA,NA,NA,NA,NA
"294","Braxton Berrios","MIA","WR","13638","robust",NA,NA,NA,NA,NA,NA,NA,NA,NA,NA,0.3375,0.037065,1.83833333333333,0.22239,0.08,0.029652,0,0,0,NA,0.01,0,2,0.0741300000000001,21.665,2.490768,0.1,0.029652,NA,NA,NA,NA,NA,NA,NA,NA,NA,NA,NA,NA,NA,NA,NA,NA,NA,NA,NA,NA,NA,NA,NA,NA,NA,NA,NA,NA,NA,NA,NA,NA,NA,NA,NA,NA
"295","Marvin Mims","DEN","WR","16189","robust",NA,NA,NA,NA,NA,NA,NA,NA,NA,NA,0.0666666666666667,0,0.47,0.237216,0,0,0,0,0,NA,0.01,0,1.25,0.44478,17.165,5.9304,0.085,0.029652,NA,NA,NA,NA,NA,NA,NA,NA,NA,NA,NA,NA,NA,NA,NA,NA,NA,NA,NA,NA,NA,NA,NA,NA,NA,NA,NA,NA,NA,NA,NA,NA,NA,NA,NA,NA
"296","Devin Duvernay","BAL","WR","14847","robust",NA,NA,NA,NA,NA,NA,NA,NA,NA,NA,0.05,0,2.12,1.067472,0.0333333333333333,0.04942,0,0,0,NA,0.06,0,0.47,0.118608,6.77875,4.922232,0.0182080461733346,0.014826,NA,NA,NA,NA,NA,NA,NA,NA,NA,NA,NA,NA,NA,NA,NA,NA,NA,NA,NA,NA,NA,NA,NA,NA,NA,NA,NA,NA,NA,NA,NA,NA,NA,NA,NA,NA
"297","Mecole Hardman","NYJ","WR","14113","robust",NA,NA,NA,NA,NA,NA,NA,NA,NA,NA,0.25625,0.0555975,2.28833333333333,1.020523,0.01,0.014826,0.011,0.0163086,0,NA,0.04,0,1.3,1.03782,17.25,7.85778,0.1,0.022239,NA,NA,NA,NA,NA,NA,NA,NA,NA,NA,NA,NA,NA,NA,NA,NA,NA,NA,NA,NA,NA,NA,NA,NA,NA,NA,NA,NA,NA,NA,NA,NA,NA,NA,NA,NA
"298","Trent Sherfield","BUF","WR","13893","robust",NA,NA,NA,NA,NA,NA,NA,NA,NA,NA,0,0,0.105,0.037065,0,0,0,0,0,NA,0,NA,0.8,0.29652,11.4,4.52193,0.03,0.014826,NA,NA,NA,NA,NA,NA,NA,NA,NA,NA,NA,NA,NA,NA,NA,NA,NA,NA,NA,NA,NA,NA,NA,NA,NA,NA,NA,NA,NA,NA,NA,NA,NA,NA,NA,NA
"299","Lil'Jordan Humphrey","DEN","WR","14118","robust",NA,NA,NA,NA,NA,NA,NA,NA,NA,NA,0,0,0.004,0,0,0,0,0,0,NA,0,NA,1,0.103782,12.92,2.37216,0.085,0.037065,NA,NA,NA,NA,NA,NA,NA,NA,NA,NA,NA,NA,NA,NA,NA,NA,NA,NA,NA,NA,NA,NA,NA,NA,NA,NA,NA,NA,NA,NA,NA,NA,NA,NA,NA,NA
"300","Jauan Jennings","SF","WR","14860","robust",NA,NA,NA,NA,NA,NA,NA,NA,NA,NA,0,0,0.004,0,0,0,0,0,0,NA,0,NA,1.45,0.59304,18.75,2.2239,0.0775,0.014826,NA,NA,NA,NA,NA,NA,NA,NA,NA,NA,NA,NA,NA,NA,NA,NA,NA,NA,NA,NA,NA,NA,NA,NA,NA,NA,NA,NA,NA,NA,NA,NA,NA,NA,NA,NA
"301","Deonte Harris","BUF","WR","14558","robust",NA,NA,NA,NA,NA,NA,NA,NA,NA,NA,0.1,0.14826,1.38208333333333,0.59304,0,0,0,0,0,NA,0.02,0,1.505,0.014826,18.3975,0.622692000000002,0.1,0,NA,NA,NA,NA,NA,NA,NA,NA,NA,NA,NA,NA,NA,NA,NA,NA,NA,NA,NA,NA,NA,NA,NA,NA,NA,NA,NA,NA,NA,NA,NA,NA,NA,NA,NA,NA
"302","Kristian Wilkerson","LVR","WR","15528","robust",NA,NA,NA,NA,NA,NA,NA,NA,NA,NA,0,NA,0.1225,0.022239,0,0,0,0,0,NA,0,NA,1.7,0.22239,15.9,5.26323,0.06,0.044478,NA,NA,NA,NA,NA,NA,NA,NA,NA,NA,NA,NA,NA,NA,NA,NA,NA,NA,NA,NA,NA,NA,NA,NA,NA,NA,NA,NA,NA,NA,NA,NA,NA,NA,NA,NA
"303","Marquise Goodwin","CLE","WR","11239","robust",NA,NA,NA,NA,NA,NA,NA,NA,NA,NA,0.0875,0.0185325,0.25,0.22239,0,0,0,0,0,NA,0,NA,0.89,0.103782,12.44,0.541148999999999,0.1,0.014826,NA,NA,NA,NA,NA,NA,NA,NA,NA,NA,NA,NA,NA,NA,NA,NA,NA,NA,NA,NA,NA,NA,NA,NA,NA,NA,NA,NA,NA,NA,NA,NA,NA,NA,NA,NA
"304","Ben Skowronek","LAR","WR","15491","robust",NA,NA,NA,NA,NA,NA,NA,NA,NA,NA,0,0,0.207,0.22239,0,0,0,0,0,NA,0,NA,1.415,0.37065,16.25,1.11195,0.05,0.029652,NA,NA,NA,NA,NA,NA,NA,NA,NA,NA,NA,NA,NA,NA,NA,NA,NA,NA,NA,NA,NA,NA,NA,NA,NA,NA,NA,NA,NA,NA,NA,NA,NA,NA,NA,NA
"305","Laviska Shenault","CAR","WR","14838","robust",NA,NA,NA,NA,NA,NA,NA,NA,NA,NA,0.899241411741412,0.0399792681912682,4.2,0.29652,0.0225,0,0,0,0,NA,0,NA,1.71,0.177912,18.3425,2.07564,0.095,0.014826,NA,NA,NA,NA,NA,NA,NA,NA,NA,NA,NA,NA,NA,NA,NA,NA,NA,NA,NA,NA,NA,NA,NA,NA,NA,NA,NA,NA,NA,NA,NA,NA,NA,NA,NA,NA
"306","River Cracraft","MIA","WR","13862","robust",NA,NA,NA,NA,NA,NA,NA,NA,NA,NA,0,0,0.1,0.07413,0,0,0,0,0,NA,0,NA,1.475,0.29652,16.355,0.59304,0.14,0.059304,NA,NA,NA,NA,NA,NA,NA,NA,NA,NA,NA,NA,NA,NA,NA,NA,NA,NA,NA,NA,NA,NA,NA,NA,NA,NA,NA,NA,NA,NA,NA,NA,NA,NA,NA,NA
"307","Greg Dortch","ARI","WR","14108","robust",NA,NA,NA,NA,NA,NA,NA,NA,NA,NA,0,0,1.6025,1.3454595,0,0,0,0,0,NA,0.02,0,1.11,0.904386,11.995,7.702107,0.045,0.0433919632369282,NA,NA,NA,NA,NA,NA,NA,NA,NA,NA,NA,NA,NA,NA,NA,NA,NA,NA,NA,NA,NA,NA,NA,NA,NA,NA,NA,NA,NA,NA,NA,NA,NA,NA,NA,NA
"308","Jalen Tolbert","DAL","WR","15788","robust",NA,NA,NA,NA,NA,NA,NA,NA,NA,NA,0,0,0.025,0.02471,0,0,0,0,0,NA,0,NA,0.725,0.59304,8.825,3.78063,0,0,NA,NA,NA,NA,NA,NA,NA,NA,NA,NA,NA,NA,NA,NA,NA,NA,NA,NA,NA,NA,NA,NA,NA,NA,NA,NA,NA,NA,NA,NA,NA,NA,NA,NA,NA,NA
"309","Kayshon Boutte","NE","WR","16193","robust",NA,NA,NA,NA,NA,NA,NA,NA,NA,NA,0,0,0.15,0.1304688,0,0,0,0,0,NA,0,NA,1.01,0.185325,13.71,4.699842,0.05,0.051891,NA,NA,NA,NA,NA,NA,NA,NA,NA,NA,NA,NA,NA,NA,NA,NA,NA,NA,NA,NA,NA,NA,NA,NA,NA,NA,NA,NA,NA,NA,NA,NA,NA,NA,NA,NA
"310","Scott Miller","ATL","WR","14280","robust",NA,NA,NA,NA,NA,NA,NA,NA,NA,NA,0,0,0.025,0.02471,0,0,0,0,0,NA,0,NA,0.63,0.355824,7.25,2.883657,0,0,NA,NA,NA,NA,NA,NA,NA,NA,NA,NA,NA,NA,NA,NA,NA,NA,NA,NA,NA,NA,NA,NA,NA,NA,NA,NA,NA,NA,NA,NA,NA,NA,NA,NA,NA,NA
"311","Deven Thompkins","TB","WR","15977","robust",NA,NA,NA,NA,NA,NA,NA,NA,NA,NA,0.169237342941611,NA,1.615,0.6642048,0.005,0.00366004248368258,0,0,0,NA,0.01,0,1.225,0.333585,14.1,0.7413,0.05,0.022239,NA,NA,NA,NA,NA,NA,NA,NA,NA,NA,NA,NA,NA,NA,NA,NA,NA,NA,NA,NA,NA,NA,NA,NA,NA,NA,NA,NA,NA,NA,NA,NA,NA,NA,NA,NA
"312","Nelson Agholor","BAL","WR","12181","robust",NA,NA,NA,NA,NA,NA,NA,NA,NA,NA,0,0,0.094,0.07413,0,0,0,0,0,NA,0,NA,0.7,0.541149,9.885,5.11497,0.05,0.007413,NA,NA,NA,NA,NA,NA,NA,NA,NA,NA,NA,NA,NA,NA,NA,NA,NA,NA,NA,NA,NA,NA,NA,NA,NA,NA,NA,NA,NA,NA,NA,NA,NA,NA,NA,NA
"313","Cedrick Wilson","MIA","WR","13652","robust",NA,NA,NA,NA,NA,NA,NA,NA,NA,NA,0,0,0.005,0,0,0,0,0,0,NA,0,NA,0.54,0.355824,6.46,5.426316,0.02,0.029652,NA,NA,NA,NA,NA,NA,NA,NA,NA,NA,NA,NA,NA,NA,NA,NA,NA,NA,NA,NA,NA,NA,NA,NA,NA,NA,NA,NA,NA,NA,NA,NA,NA,NA,NA,NA
"314","Jalen Brooks","DAL","WR","16364","robust",NA,NA,NA,NA,NA,NA,NA,NA,NA,NA,0,0,0.38,0.266868,0,0,0,0,NA,NA,NA,NA,1.06,0.533736,11.025,8.191365,0.055,0.081543,NA,NA,NA,NA,NA,NA,NA,NA,NA,NA,NA,NA,NA,NA,NA,NA,NA,NA,NA,NA,NA,NA,NA,NA,NA,NA,NA,NA,NA,NA,NA,NA,NA,NA,NA,NA
"315","Isaiah McKenzie","IND","WR","13313","robust",NA,NA,NA,NA,NA,NA,NA,NA,NA,NA,0.433333333333333,0.19768,1.5,0.7413,0,0,0,0,0,NA,0,NA,0.8225,0.6263985,9.695,2.957787,0.0388217288276092,0.0279050951598134,NA,NA,NA,NA,NA,NA,NA,NA,NA,NA,NA,NA,NA,NA,NA,NA,NA,NA,NA,NA,NA,NA,NA,NA,NA,NA,NA,NA,NA,NA,NA,NA,NA,NA,NA,NA
"316","Demarcus Robinson","LAR","WR","12785","robust",NA,NA,NA,NA,NA,NA,NA,NA,NA,NA,0,0,0.035,0.051891,0,0,0.05,0,0,NA,0,NA,0.8,0.415128,8.285,3.513762,0.025,0.014826,NA,NA,NA,NA,NA,NA,NA,NA,NA,NA,NA,NA,NA,NA,NA,NA,NA,NA,NA,NA,NA,NA,NA,NA,NA,NA,NA,NA,NA,NA,NA,NA,NA,NA,NA,NA
"317","John Metchie","HOU","WR","15759","robust",NA,NA,NA,NA,NA,NA,NA,NA,NA,NA,0,0,0.275,0.22239,0,0,0,0,0,NA,0,NA,0.9,0.140847,12.81,2.950374,0.05,0.051891,NA,NA,NA,NA,NA,NA,NA,NA,NA,NA,NA,NA,NA,NA,NA,NA,NA,NA,NA,NA,NA,NA,NA,NA,NA,NA,NA,NA,NA,NA,NA,NA,NA,NA,NA,NA
"318","Dontayvion Wicks","GB","WR","16195","robust",NA,NA,NA,NA,NA,NA,NA,NA,NA,NA,0,0,0.1,0.081543,0,0,0,0,0,NA,0,NA,1.04,0.0889560000000001,12.2,1.949619,0.05,0.044478,NA,NA,NA,NA,NA,NA,NA,NA,NA,NA,NA,NA,NA,NA,NA,NA,NA,NA,NA,NA,NA,NA,NA,NA,NA,NA,NA,NA,NA,NA,NA,NA,NA,NA,NA,NA
"319","KhaDarel Hodge","ATL","WR","13963","robust",NA,NA,NA,NA,NA,NA,NA,NA,NA,NA,0,0,0.00625,0.00926625,0,0,0,0,0,NA,0,NA,0.5,0.318759,6.135,2.765049,0.01,0.014826,NA,NA,NA,NA,NA,NA,NA,NA,NA,NA,NA,NA,NA,NA,NA,NA,NA,NA,NA,NA,NA,NA,NA,NA,NA,NA,NA,NA,NA,NA,NA,NA,NA,NA,NA,NA
"320","Equanimeous St. Brown","CHI","WR","13637","robust",NA,NA,NA,NA,NA,NA,NA,NA,NA,NA,0,0,1.0925,1.6197405,0,0,0,0,0,NA,0,NA,0.495,0.29652,8.205,0.59304,0.005,0,NA,NA,NA,NA,NA,NA,NA,NA,NA,NA,NA,NA,NA,NA,NA,NA,NA,NA,NA,NA,NA,NA,NA,NA,NA,NA,NA,NA,NA,NA,NA,NA,NA,NA,NA,NA
"321","Phillip Dorsett","DEN","WR","12188","robust",NA,NA,NA,NA,NA,NA,NA,NA,NA,NA,0,0,0,0,0,0,0,0,0,NA,0,NA,0.87,0.400302,10.005,6.234333,0.0383418367346939,0.0469742142857143,NA,NA,NA,NA,NA,NA,NA,NA,NA,NA,NA,NA,NA,NA,NA,NA,NA,NA,NA,NA,NA,NA,NA,NA,NA,NA,NA,NA,NA,NA,NA,NA,NA,NA,NA,NA
"322","Trenton Irwin","CIN","WR","14551","robust",NA,NA,NA,NA,NA,NA,NA,NA,NA,NA,0,0,0.2,0.14826,0,0,0,0,0,NA,0,NA,0.5,0.133434,6.48,1.4826,0.03,0.044478,NA,NA,NA,NA,NA,NA,NA,NA,NA,NA,NA,NA,NA,NA,NA,NA,NA,NA,NA,NA,NA,NA,NA,NA,NA,NA,NA,NA,NA,NA,NA,NA,NA,NA,NA,NA
"323","KaVontae Turpin","DAL","WR","15981","robust",NA,NA,NA,NA,NA,NA,NA,NA,NA,NA,0.206535947712418,0.0765525490196079,2,0.44478,0.01,0.014826,0,0,0,NA,0.01,0,0.645,0.44478,7.18,7.205436,0.03,0,NA,NA,NA,NA,NA,NA,NA,NA,NA,NA,NA,NA,NA,NA,NA,NA,NA,NA,NA,NA,NA,NA,NA,NA,NA,NA,NA,NA,NA,NA,NA,NA,NA,NA,NA,NA
"324","Zach Pascal","ARI","WR","13488","robust",NA,NA,NA,NA,NA,NA,NA,NA,NA,NA,0,0,0.01,0,0,0,0,0,0,NA,0,NA,0.9,0.207564,9.35,1.4826,0.02,0,NA,NA,NA,NA,NA,NA,NA,NA,NA,NA,NA,NA,NA,NA,NA,NA,NA,NA,NA,NA,NA,NA,NA,NA,NA,NA,NA,NA,NA,NA,NA,NA,NA,NA,NA,NA
"325","David Bell","CLE","WR","15758","robust",NA,NA,NA,NA,NA,NA,NA,NA,NA,NA,0,0,0,0,0,0,0,0,0,NA,0,NA,0.615,0.192738,6.43,1.942206,0.0075,0,NA,NA,NA,NA,NA,NA,NA,NA,NA,NA,NA,NA,NA,NA,NA,NA,NA,NA,NA,NA,NA,NA,NA,NA,NA,NA,NA,NA,NA,NA,NA,NA,NA,NA,NA,NA
"326","Brandon Johnson","DEN","WR","15987","robust",NA,NA,NA,NA,NA,NA,NA,NA,NA,NA,0,0,0.07,0.059304,0,0,0,0,0,NA,0,NA,0.9,0.037065,10.5,1.215732,0.035,0.037065,NA,NA,NA,NA,NA,NA,NA,NA,NA,NA,NA,NA,NA,NA,NA,NA,NA,NA,NA,NA,NA,NA,NA,NA,NA,NA,NA,NA,NA,NA,NA,NA,NA,NA,NA,NA
"327","Cedric Tillman","CLE","WR","16191","robust",NA,NA,NA,NA,NA,NA,NA,NA,NA,NA,0,NA,0.4,0,0,0,0,0,0,NA,0,NA,0.4,0.44478,9.1,2.66868,0,0,NA,NA,NA,NA,NA,NA,NA,NA,NA,NA,NA,NA,NA,NA,NA,NA,NA,NA,NA,NA,NA,NA,NA,NA,NA,NA,NA,NA,NA,NA,NA,NA,NA,NA,NA,NA
"328","Malik Heath","GB","WR","16413","robust",NA,NA,NA,NA,NA,NA,NA,NA,NA,NA,0,0,0.1,0.14826,0,0,0,0,0,NA,0,NA,0.9,0.029652,9.565,1.92738,0.03,0,NA,NA,NA,NA,NA,NA,NA,NA,NA,NA,NA,NA,NA,NA,NA,NA,NA,NA,NA,NA,NA,NA,NA,NA,NA,NA,NA,NA,NA,NA,NA,NA,NA,NA,NA,NA
"329","Jamison Crowder","WAS","WR","12184","robust",NA,NA,NA,NA,NA,NA,NA,NA,NA,NA,0,0,0.0325,0,0,0,0,0,0,NA,0,NA,0.465,0.311346,5.06,2.683506,0.015,0.014826,NA,NA,NA,NA,NA,NA,NA,NA,NA,NA,NA,NA,NA,NA,NA,NA,NA,NA,NA,NA,NA,NA,NA,NA,NA,NA,NA,NA,NA,NA,NA,NA,NA,NA,NA,NA
"330","Jamal Agnew","JAC","WR","13308","robust",NA,NA,NA,NA,NA,NA,NA,NA,NA,NA,0.475396825396825,0.177912,4.05,1.304688,0.01,0,0.05,0,0,NA,0.07,0,0.78,0.252042,7.32,2.490768,0.04,0.059304,NA,NA,NA,NA,NA,NA,NA,NA,NA,NA,NA,NA,NA,NA,NA,NA,NA,NA,NA,NA,NA,NA,NA,NA,NA,NA,NA,NA,NA,NA,NA,NA,NA,NA,NA,NA
"331","Tre Tucker","LVR","WR","16287","robust",NA,NA,NA,NA,NA,NA,NA,NA,NA,NA,0,0,0.705,0.355824,0,0,0,0,0,NA,0,NA,0.5975,0.14826,6.235,1.4826,0.0175,0,NA,NA,NA,NA,NA,NA,NA,NA,NA,NA,NA,NA,NA,NA,NA,NA,NA,NA,NA,NA,NA,NA,NA,NA,NA,NA,NA,NA,NA,NA,NA,NA,NA,NA,NA,NA
"332","Tyler Scott","CHI","WR","16205","robust",NA,NA,NA,NA,NA,NA,NA,NA,NA,NA,0,0,0.3175,0.44478,0,0,0,0,0,NA,0,NA,0.6625,0.237216,9.0125,0.652344000000002,0.025,0.029652,NA,NA,NA,NA,NA,NA,NA,NA,NA,NA,NA,NA,NA,NA,NA,NA,NA,NA,NA,NA,NA,NA,NA,NA,NA,NA,NA,NA,NA,NA,NA,NA,NA,NA,NA,NA
"333","Velus Jones","CHI","WR","15767","robust",NA,NA,NA,NA,NA,NA,NA,NA,NA,NA,0,0,1.95,1.4826,0,0,0.0025,0.002471,0,NA,0,NA,0.2075,0.051891,4.295,2.349921,0.01,0.007413,NA,NA,NA,NA,NA,NA,NA,NA,NA,NA,NA,NA,NA,NA,NA,NA,NA,NA,NA,NA,NA,NA,NA,NA,NA,NA,NA,NA,NA,NA,NA,NA,NA,NA,NA,NA
"334","Jalen Nailor","MIN","WR","15786","robust",NA,NA,NA,NA,NA,NA,NA,NA,NA,NA,0,0,0.045,0.059304,0,0,0,0,0,NA,0,NA,0.435,0.237216,6.0525,3.936303,0.015,0.014826,NA,NA,NA,NA,NA,NA,NA,NA,NA,NA,NA,NA,NA,NA,NA,NA,NA,NA,NA,NA,NA,NA,NA,NA,NA,NA,NA,NA,NA,NA,NA,NA,NA,NA,NA,NA
"335","Dyami Brown","WAS","WR","15292","robust",NA,NA,NA,NA,NA,NA,NA,NA,NA,NA,0,0,0.35,0.29652,0,0,0,0,0,NA,0,NA,0.195,0.14826,4.925,2.097879,0,0,NA,NA,NA,NA,NA,NA,NA,NA,NA,NA,NA,NA,NA,NA,NA,NA,NA,NA,NA,NA,NA,NA,NA,NA,NA,NA,NA,NA,NA,NA,NA,NA,NA,NA,NA,NA
"336","Justyn Ross","KC","WR","15763","robust",NA,NA,NA,NA,NA,NA,NA,NA,NA,NA,0,0,0.1,0.14826,0,0,0,0,0,NA,0,NA,0.36,0.044478,6.4825,0.400301999999999,0.01,0,NA,NA,NA,NA,NA,NA,NA,NA,NA,NA,NA,NA,NA,NA,NA,NA,NA,NA,NA,NA,NA,NA,NA,NA,NA,NA,NA,NA,NA,NA,NA,NA,NA,NA,NA,NA
"337","Erik Ezukanma","MIA","WR","15780","robust",NA,NA,NA,NA,NA,NA,NA,NA,NA,NA,0.195841503267974,0.0905952581699346,1.5825,0.0593040000000001,0.00496732026143791,0.00490969934640523,0,0,0,NA,0,NA,0.37,0.266868,5.6,1.534491,0.015,0.014826,NA,NA,NA,NA,NA,NA,NA,NA,NA,NA,NA,NA,NA,NA,NA,NA,NA,NA,NA,NA,NA,NA,NA,NA,NA,NA,NA,NA,NA,NA,NA,NA,NA,NA,NA,NA
"338","Rakim Jarrett","TB","WR","16198","robust",NA,NA,NA,NA,NA,NA,NA,NA,NA,NA,0.135,0.152317695296524,1.415,0.459606,0.005,0,0,0,0,NA,0,NA,0.285,0.14826,3.1,0.919212,0.005,0,NA,NA,NA,NA,NA,NA,NA,NA,NA,NA,NA,NA,NA,NA,NA,NA,NA,NA,NA,NA,NA,NA,NA,NA,NA,NA,NA,NA,NA,NA,NA,NA,NA,NA,NA,NA
"339","Xavier Hutchinson","HOU","WR","16201","robust",NA,NA,NA,NA,NA,NA,NA,NA,NA,NA,0,0,0.075,0.07413,0,0,0,0,0,NA,0,NA,0.4075,0.00741300000000001,5.62,1.719816,0.02,0.029652,NA,NA,NA,NA,NA,NA,NA,NA,NA,NA,NA,NA,NA,NA,NA,NA,NA,NA,NA,NA,NA,NA,NA,NA,NA,NA,NA,NA,NA,NA,NA,NA,NA,NA,NA,NA
"340","Keelan Cole","FA","WR","13412","robust",NA,NA,NA,NA,NA,NA,NA,NA,NA,NA,0,0,0,0,0,0,0,0,NA,NA,NA,NA,0.445,0.214977,4.98,3.676848,0.015,0.022239,NA,NA,NA,NA,NA,NA,NA,NA,NA,NA,NA,NA,NA,NA,NA,NA,NA,NA,NA,NA,NA,NA,NA,NA,NA,NA,NA,NA,NA,NA,NA,NA,NA,NA,NA,NA
"341","Brandon Powell","MIN","WR","13910","robust",NA,NA,NA,NA,NA,NA,NA,NA,NA,NA,0.0333333333333333,0.04942,1.05,0.14826,0,0,0,0,0,NA,0,NA,0.4325,0.1964445,3.995,2.068227,0.00728867834314762,0.0108061945115507,NA,NA,NA,NA,NA,NA,NA,NA,NA,NA,NA,NA,NA,NA,NA,NA,NA,NA,NA,NA,NA,NA,NA,NA,NA,NA,NA,NA,NA,NA,NA,NA,NA,NA,NA,NA
"342","Andrei Iosivas","CIN","WR","16207","robust",NA,NA,NA,NA,NA,NA,NA,NA,NA,NA,0,0,0.305,0.155673,0,0,0,0,NA,NA,NA,NA,0.4,0.14826,4.995,3.106047,0.015,0.022239,NA,NA,NA,NA,NA,NA,NA,NA,NA,NA,NA,NA,NA,NA,NA,NA,NA,NA,NA,NA,NA,NA,NA,NA,NA,NA,NA,NA,NA,NA,NA,NA,NA,NA,NA,NA
"343","Ray-Ray McCloud","SF","WR","13641","robust",NA,NA,NA,NA,NA,NA,NA,NA,NA,NA,0,0,0.9625,0.3891825,0.0025,0,0,0,0,NA,0.01,0,0.2775,0.1149015,4.11,2.535246,0.0095823860047998,0.0142068454907162,NA,NA,NA,NA,NA,NA,NA,NA,NA,NA,NA,NA,NA,NA,NA,NA,NA,NA,NA,NA,NA,NA,NA,NA,NA,NA,NA,NA,NA,NA,NA,NA,NA,NA,NA,NA
"344","Ronnie Bell","SF","WR","16202","robust",NA,NA,NA,NA,NA,NA,NA,NA,NA,NA,0,0,0.23,0.192738,0,0,0,0,NA,NA,NA,NA,0.47,0.103782,5.12,1.957032,0.02,0.029652,NA,NA,NA,NA,NA,NA,NA,NA,NA,NA,NA,NA,NA,NA,NA,NA,NA,NA,NA,NA,NA,NA,NA,NA,NA,NA,NA,NA,NA,NA,NA,NA,NA,NA,NA,NA
"345","Jake Bobo","SEA","WR","16393","robust",NA,NA,NA,NA,NA,NA,NA,NA,NA,NA,0,0,0.225,0.185325,0,0,0,0,NA,NA,NA,NA,0.38,0.118608,5.01,1.793946,0.02,0.029652,NA,NA,NA,NA,NA,NA,NA,NA,NA,NA,NA,NA,NA,NA,NA,NA,NA,NA,NA,NA,NA,NA,NA,NA,NA,NA,NA,NA,NA,NA,NA,NA,NA,NA,NA,NA
"346",NA,NA,"WR","16456","robust",NA,NA,NA,NA,NA,NA,NA,NA,NA,NA,0,0,0.05,0.07413,0,0,0,0,NA,NA,NA,NA,0.39,0.311346,4.215,2.794701,0.005,0.007413,NA,NA,NA,NA,NA,NA,NA,NA,NA,NA,NA,NA,NA,NA,NA,NA,NA,NA,NA,NA,NA,NA,NA,NA,NA,NA,NA,NA,NA,NA,NA,NA,NA,NA,NA,NA
"347","Diontae Johnson","PIT","WR","14208","robust",NA,NA,NA,NA,NA,NA,NA,NA,NA,NA,0,NA,0.2,0,0,0,0,0,NA,NA,NA,NA,0,0,6,0,0,0,NA,NA,NA,NA,NA,NA,NA,NA,NA,NA,NA,NA,NA,NA,NA,NA,NA,NA,NA,NA,NA,NA,NA,NA,NA,NA,NA,NA,NA,NA,NA,NA,"D","Hamstring",2023,2
"348","Miles Boykin","PIT","WR","14125","robust",NA,NA,NA,NA,NA,NA,NA,NA,NA,NA,0,0,0.25,0,0,0,0,0,0,NA,0,NA,0.3475,0.163086,4.075,2.52042,0.0025,0,NA,NA,NA,NA,NA,NA,NA,NA,NA,NA,NA,NA,NA,NA,NA,NA,NA,NA,NA,NA,NA,NA,NA,NA,NA,NA,NA,NA,NA,NA,NA,NA,NA,NA,NA,NA
"349","Cody Thompson","SEA","WR","14321","robust",NA,NA,NA,NA,NA,NA,NA,NA,NA,NA,0,0,0.205,0.177912,0,0,0,0,0,NA,0,NA,0.335,0.103782,4.075,1.03782,0.0125,0.014826,NA,NA,NA,NA,NA,NA,NA,NA,NA,NA,NA,NA,NA,NA,NA,NA,NA,NA,NA,NA,NA,NA,NA,NA,NA,NA,NA,NA,NA,NA,NA,NA,NA,NA,NA,NA
"350","Gunner Olszewski","PIT","WR","14555","robust",NA,NA,NA,NA,NA,NA,NA,NA,NA,NA,0,0,0.25,0.2471,0,0,0,0,0,NA,0,NA,0.245,0.118608,2.6775,2.028691,0.0075,0.007413,NA,NA,NA,NA,NA,NA,NA,NA,NA,NA,NA,NA,NA,NA,NA,NA,NA,NA,NA,NA,NA,NA,NA,NA,NA,NA,NA,NA,NA,NA,NA,NA,NA,NA,NA,NA
"351","Derius Davis","LAC","WR","16299","robust",NA,NA,NA,NA,NA,NA,NA,NA,NA,NA,0,0,0.075,0.07413,0,0,0,0,0,NA,0.01,0,0.2825,0.07413,2.9725,1.4826,0.01,0.014826,NA,NA,NA,NA,NA,NA,NA,NA,NA,NA,NA,NA,NA,NA,NA,NA,NA,NA,NA,NA,NA,NA,NA,NA,NA,NA,NA,NA,NA,NA,NA,NA,NA,NA,NA,NA
"352","Xavier Gipson","NYJ","WR","16416","robust",NA,NA,NA,NA,NA,NA,NA,NA,NA,NA,0,0,0.255,0.229803,0,0,0,0,NA,NA,0.01,0,0.28,0.118608,3.815,2.394399,0.015,0.022239,NA,NA,NA,NA,NA,NA,NA,NA,NA,NA,NA,NA,NA,NA,NA,NA,NA,NA,NA,NA,NA,NA,NA,NA,NA,NA,NA,NA,NA,NA,NA,NA,NA,NA,NA,NA
"353","Dez Fitzpatrick","FA","WR","15407","robust",NA,NA,NA,NA,NA,NA,NA,NA,NA,NA,0,0,0.065,0.096369,0,0,0,0,NA,NA,NA,NA,0.275,0.111195,3.565,2.616789,0.015,0.022239,NA,NA,NA,NA,NA,NA,NA,NA,NA,NA,NA,NA,NA,NA,NA,NA,NA,NA,NA,NA,NA,NA,NA,NA,NA,NA,NA,NA,NA,NA,NA,NA,NA,NA,NA,NA
"354","Keith Kirkwood","NO","WR","13882","robust",NA,NA,NA,NA,NA,NA,NA,NA,NA,NA,0,0,0,0,0,0,0,0,0,NA,0,NA,0.2475,0.014826,3.3675,1.230558,0.0025,0,NA,NA,NA,NA,NA,NA,NA,NA,NA,NA,NA,NA,NA,NA,NA,NA,NA,NA,NA,NA,NA,NA,NA,NA,NA,NA,NA,NA,NA,NA,NA,NA,NA,NA,NA,NA
"355","Colton Dowell","TEN","WR","16354","robust",NA,NA,NA,NA,NA,NA,NA,NA,NA,NA,0,0,0,0,0,0,0,0,NA,NA,NA,NA,0.45,0.51891,2.3,3.40998,0,0,NA,NA,NA,NA,NA,NA,NA,NA,NA,NA,NA,NA,NA,NA,NA,NA,NA,NA,NA,NA,NA,NA,NA,NA,NA,NA,NA,NA,NA,NA,NA,NA,NA,NA,NA,NA
"356","Lawrence Cager","NYG","WR","15041","robust",NA,NA,NA,NA,NA,NA,NA,NA,NA,NA,0,0,0,0,0,0,0,0,NA,NA,NA,NA,0.395,0.00741300000000001,3.485,1.163841,0.01,0.014826,NA,NA,NA,NA,NA,NA,NA,NA,NA,NA,NA,NA,NA,NA,NA,NA,NA,NA,NA,NA,NA,NA,NA,NA,NA,NA,NA,NA,NA,NA,NA,NA,NA,NA,NA,NA
"357","Tylan Wallace","BAL","WR","15285","robust",NA,NA,NA,NA,NA,NA,NA,NA,NA,NA,0,0,0,0,0,0,0,0,0,NA,0,NA,0.215,0.118608,2.39,1.008168,0.0025,0,NA,NA,NA,NA,NA,NA,NA,NA,NA,NA,NA,NA,NA,NA,NA,NA,NA,NA,NA,NA,NA,NA,NA,NA,NA,NA,NA,NA,NA,NA,NA,NA,NA,NA,NA,NA
"358","Byron Pringle","WAS","WR","13863","robust",NA,NA,NA,NA,NA,NA,NA,NA,NA,NA,0,0,0,0,0,0,0,0,0,NA,0,NA,0.17,0.014826,2.24,0.919212,0.0025,0,NA,NA,NA,NA,NA,NA,NA,NA,NA,NA,NA,NA,NA,NA,NA,NA,NA,NA,NA,NA,NA,NA,NA,NA,NA,NA,NA,NA,NA,NA,NA,NA,NA,NA,NA,NA
"359","Charlie Jones","CIN","WR","16203","robust",NA,NA,NA,NA,NA,NA,NA,NA,NA,NA,0,NA,0.1,0.14826,0,0,0,0,0,NA,0,NA,0.25,0.07413,2.6,0.59304,0,0,NA,NA,NA,NA,NA,NA,NA,NA,NA,NA,NA,NA,NA,NA,NA,NA,NA,NA,NA,NA,NA,NA,NA,NA,NA,NA,NA,NA,NA,NA,NA,NA,NA,NA,NA,NA
"360","Trent Taylor","CHI","WR","13316","robust",NA,NA,NA,NA,NA,NA,NA,NA,NA,NA,0,0,0.1,0.14826,0,0,0,0,NA,NA,NA,NA,0.175,0.037065,2.15,0.96369,0.005,0.007413,NA,NA,NA,NA,NA,NA,NA,NA,NA,NA,NA,NA,NA,NA,NA,NA,NA,NA,NA,NA,NA,NA,NA,NA,NA,NA,NA,NA,NA,NA,NA,NA,NA,NA,NA,NA
"361","Tim Jones","JAC","WR","16005","robust",NA,NA,NA,NA,NA,NA,NA,NA,NA,NA,0,0,0,0,0,0,0,0,NA,NA,NA,NA,0.16,0.088956,2.025,0.778365,0.01,0.014826,NA,NA,NA,NA,NA,NA,NA,NA,NA,NA,NA,NA,NA,NA,NA,NA,NA,NA,NA,NA,NA,NA,NA,NA,NA,NA,NA,NA,NA,NA,NA,NA,NA,NA,NA,NA
"362","Ihmir Smith-Marsette","CAR","WR","15434","robust",NA,NA,NA,NA,NA,NA,NA,NA,NA,NA,0,0,0,0,0,0,0,0,NA,NA,NA,NA,0.145,0.066717,1.83,0.785778,0.005,0.007413,NA,NA,NA,NA,NA,NA,NA,NA,NA,NA,NA,NA,NA,NA,NA,NA,NA,NA,NA,NA,NA,NA,NA,NA,NA,NA,NA,NA,NA,NA,NA,NA,NA,NA,NA,NA
"363","Matthew Slater","NE","WR","9200","robust",NA,NA,NA,NA,NA,NA,NA,NA,NA,NA,0,0,0,0,0,0,0,0,NA,NA,NA,NA,0.145,0.066717,2.07,0.252042,0.005,0.007413,NA,NA,NA,NA,NA,NA,NA,NA,NA,NA,NA,NA,NA,NA,NA,NA,NA,NA,NA,NA,NA,NA,NA,NA,NA,NA,NA,NA,NA,NA,NA,NA,NA,NA,NA,NA
"364","Mike Woods","CLE","WR","15792","robust",NA,NA,NA,NA,NA,NA,NA,NA,NA,NA,0,0,0,0,0,0,0,0,NA,NA,NA,NA,0.135,0.051891,1.425,1.074885,0.005,0.007413,NA,NA,NA,NA,NA,NA,NA,NA,NA,NA,NA,NA,NA,NA,NA,NA,NA,NA,NA,NA,NA,NA,NA,NA,NA,NA,NA,NA,NA,NA,NA,NA,NA,"Achilles",2023,2
"365","Josh Ali","ATL","WR","16141","robust",NA,NA,NA,NA,NA,NA,NA,NA,NA,NA,0,0,0,0,0,0,0,0,NA,NA,NA,NA,0.13,0.044478,1.405,1.045233,0.005,0.007413,NA,NA,NA,NA,NA,NA,NA,NA,NA,NA,NA,NA,NA,NA,NA,NA,NA,NA,NA,NA,NA,NA,NA,NA,NA,NA,NA,NA,NA,NA,NA,NA,NA,NA,NA,NA
"366","Antoine Green","DET","WR","16349","robust",NA,NA,NA,NA,NA,NA,NA,NA,NA,NA,0,0,0.05,0.07413,0,0,0,0,NA,NA,NA,NA,0.05,0.07413,1.4,0.59304,0,0,NA,NA,NA,NA,NA,NA,NA,NA,NA,NA,NA,NA,NA,NA,NA,NA,NA,NA,NA,NA,NA,NA,NA,NA,NA,NA,NA,NA,NA,NA,NA,NA,NA,NA,NA,NA
"367","A.T. Perry","NO","WR","16196","robust",NA,NA,NA,NA,NA,NA,NA,NA,NA,NA,0,0,0,0,0,0,0,0,NA,NA,NA,NA,0.05,0.07413,0.9,0.14826,0,0,NA,NA,NA,NA,NA,NA,NA,NA,NA,NA,NA,NA,NA,NA,NA,NA,NA,NA,NA,NA,NA,NA,NA,NA,NA,NA,NA,NA,NA,NA,NA,NA,NA,NA,NA,NA
"368","Travis Kelce","KC","TE","11244","robust",NA,NA,NA,NA,NA,NA,NA,NA,NA,NA,0,0,0.205,0.22239,0,0,0,0,0,NA,0,NA,6.7,0.29652,76.3,3.350676,0.57,0.14826,NA,NA,NA,NA,NA,NA,NA,NA,NA,NA,NA,NA,NA,NA,NA,NA,NA,NA,NA,NA,NA,NA,NA,NA,NA,NA,NA,NA,NA,NA,NA,NA,"Q","Knee",2023,2
"369","Mark Andrews","BAL","TE","13671","robust",NA,NA,NA,NA,NA,NA,NA,NA,NA,NA,0,0,0.52,0.7413,0,0,0,0,0,NA,0,NA,4.45,0.81543,53.1875,9.37744499999999,0.2325,0.155673,NA,NA,NA,NA,NA,NA,NA,NA,NA,NA,NA,NA,NA,NA,NA,NA,NA,NA,NA,NA,NA,NA,NA,NA,NA,NA,NA,NA,NA,NA,NA,NA,"Q","Quadriceps",2023,2
"370","T.J. Hockenson","MIN","TE","14138","robust",NA,NA,NA,NA,NA,NA,NA,NA,NA,NA,0,0,0.020625,0.02038575,0,0,0.01875,0.0185325,0,NA,0,NA,5.1925,0.274281000000001,52.195,6.241746,0.3075,0.022239,NA,NA,NA,NA,NA,NA,NA,NA,NA,NA,NA,NA,NA,NA,NA,NA,NA,NA,NA,NA,NA,NA,NA,NA,NA,NA,NA,NA,NA,NA,NA,NA,NA,NA,NA,NA
"371","Darren Waller","NYG","TE","12263","robust",NA,NA,NA,NA,NA,NA,NA,NA,NA,NA,0,0,0.024375,0.02409225,0,0,0,0,0,NA,0,NA,4.09,0.266868,49.7325,4.099389,0.2875,0.051891,NA,NA,NA,NA,NA,NA,NA,NA,NA,NA,NA,NA,NA,NA,NA,NA,NA,NA,NA,NA,NA,NA,NA,NA,NA,NA,NA,NA,NA,NA,NA,NA,NA,NA,NA,NA
"372","George Kittle","SF","TE","13299","robust",NA,NA,NA,NA,NA,NA,NA,NA,NA,NA,0.1,0,0.3795,0.496671,0.004,0.0059304,0,0,0,NA,0,NA,3.9,0.14826,49.2,3.63237,0.335,0.051891,NA,NA,NA,NA,NA,NA,NA,NA,NA,NA,NA,NA,NA,NA,NA,NA,NA,NA,NA,NA,NA,NA,NA,NA,NA,NA,NA,NA,NA,NA,NA,NA,NA,NA,NA,NA
"373","Dallas Goedert","PHI","TE","13674","robust",NA,NA,NA,NA,NA,NA,NA,NA,NA,NA,0,0,0.0075,0.007413,0,0,0,0,0,NA,0,NA,4,0.0741299999999997,48.51,2.2239,0.2725,0.022239,NA,NA,NA,NA,NA,NA,NA,NA,NA,NA,NA,NA,NA,NA,NA,NA,NA,NA,NA,NA,NA,NA,NA,NA,NA,NA,NA,NA,NA,NA,NA,NA,NA,NA,NA,NA
"374","Kyle Pitts","ATL","TE","15329","robust",NA,NA,NA,NA,NA,NA,NA,NA,NA,NA,0,0,0.01125,0.0111195,0,0,0,0,0,NA,0,NA,3.24,0.422541,45.7,2.846592,0.2,0.059304,NA,NA,NA,NA,NA,NA,NA,NA,NA,NA,NA,NA,NA,NA,NA,NA,NA,NA,NA,NA,NA,NA,NA,NA,NA,NA,NA,NA,NA,NA,NA,NA,NA,NA,NA,NA
"375","Pat Freiermuth","PIT","TE","15331","robust",NA,NA,NA,NA,NA,NA,NA,NA,NA,NA,0,0,0.01125,0.0111195,0,0,0,0,0,NA,0,NA,3.7,0.44478,38.95,2.44629,0.28,0.059304,NA,NA,NA,NA,NA,NA,NA,NA,NA,NA,NA,NA,NA,NA,NA,NA,NA,NA,NA,NA,NA,NA,NA,NA,NA,NA,NA,NA,NA,NA,NA,NA,NA,NA,NA,NA
"376","Evan Engram","JAC","TE","13189","robust",NA,NA,NA,NA,NA,NA,NA,NA,NA,NA,0,0,0.2155,0.244629,0,0,0,0,0,NA,0,NA,4.05,0.0741299999999997,42.6,2.07564,0.215,0.044478,NA,NA,NA,NA,NA,NA,NA,NA,NA,NA,NA,NA,NA,NA,NA,NA,NA,NA,NA,NA,NA,NA,NA,NA,NA,NA,NA,NA,NA,NA,NA,NA,NA,NA,NA,NA
"377","Tyler Higbee","LAR","TE","12678","robust",NA,NA,NA,NA,NA,NA,NA,NA,NA,NA,0,0,0.016875,0.01667925,0,0,0,0,0,NA,0,NA,4.3225,0.392889,42.31,3.810282,0.215,0.044478,NA,NA,NA,NA,NA,NA,NA,NA,NA,NA,NA,NA,NA,NA,NA,NA,NA,NA,NA,NA,NA,NA,NA,NA,NA,NA,NA,NA,NA,NA,NA,NA,NA,NA,NA,NA
"378","Sam LaPorta","DET","TE","16214","robust",NA,NA,NA,NA,NA,NA,NA,NA,NA,NA,0,0,0.0375,0.037065,0,0,0.01875,0.0185325,0,NA,0,NA,3.335,0.29652,38.85,1.77912,0.3,0.00741300000000001,NA,NA,NA,NA,NA,NA,NA,NA,NA,NA,NA,NA,NA,NA,NA,NA,NA,NA,NA,NA,NA,NA,NA,NA,NA,NA,NA,NA,NA,NA,NA,NA,NA,NA,NA,NA
"379","Gerald Everett","LAC","TE","13236","robust",NA,NA,NA,NA,NA,NA,NA,NA,NA,NA,0,0,0.612,0.5752488,0.001,0.0014826,0.05,0.037065,0,NA,0,NA,3.2175,0.541149,34.6,6.590157,0.2,0.111195,NA,NA,NA,NA,NA,NA,NA,NA,NA,NA,NA,NA,NA,NA,NA,NA,NA,NA,NA,NA,NA,NA,NA,NA,NA,NA,NA,NA,NA,NA,NA,NA,NA,NA,NA,NA
"380","Hunter Henry","NE","TE","12676","robust",NA,NA,NA,NA,NA,NA,NA,NA,NA,NA,0,0,0.013125,0.01297275,0,0,0,0,0,NA,0,NA,3.17,0.155673,37.0875,4.914819,0.3,0.051891,NA,NA,NA,NA,NA,NA,NA,NA,NA,NA,NA,NA,NA,NA,NA,NA,NA,NA,NA,NA,NA,NA,NA,NA,NA,NA,NA,NA,NA,NA,NA,NA,NA,NA,NA,NA
"381","Juwan Johnson","NO","TE","14861","robust",NA,NA,NA,NA,NA,NA,NA,NA,NA,NA,0,0,1.33875,1.2639165,0.0333333333333333,0,0,0,0,NA,0,NA,3.165,0.340998,35.3,4.92964499999999,0.3,0.044478,NA,NA,NA,NA,NA,NA,NA,NA,NA,NA,NA,NA,NA,NA,NA,NA,NA,NA,NA,NA,NA,NA,NA,NA,NA,NA,NA,NA,NA,NA,NA,NA,NA,NA,NA,NA
"382","Luke Musgrave","GB","TE","16215","robust",NA,NA,NA,NA,NA,NA,NA,NA,NA,NA,0,0,0.043125,0.04262475,0,0,0.01875,0.0185325,0,NA,0,NA,3,0.14826,35.225,1.890315,0.2,0,NA,NA,NA,NA,NA,NA,NA,NA,NA,NA,NA,NA,NA,NA,NA,NA,NA,NA,NA,NA,NA,NA,NA,NA,NA,NA,NA,NA,NA,NA,NA,NA,NA,NA,NA,NA
"383","Dalton Schultz","HOU","TE","13772","robust",NA,NA,NA,NA,NA,NA,NA,NA,NA,NA,0,0,0.009375,0.00926625,0,0,0.01875,0.0185325,0,NA,0,NA,3.535,0.422541,38.4675,2.2239,0.25,0.044478,NA,NA,NA,NA,NA,NA,NA,NA,NA,NA,NA,NA,NA,NA,NA,NA,NA,NA,NA,NA,NA,NA,NA,NA,NA,NA,NA,NA,NA,NA,NA,NA,NA,NA,NA,NA
"384","Hayden Hurst","CAR","TE","13680","robust",NA,NA,NA,NA,NA,NA,NA,NA,NA,NA,0,0,0.013125,0.01297275,0,0,0,0,0,NA,0,NA,3.6725,0.422541,34.7,7.331457,0.2075,0.037065,NA,NA,NA,NA,NA,NA,NA,NA,NA,NA,NA,NA,NA,NA,NA,NA,NA,NA,NA,NA,NA,NA,NA,NA,NA,NA,NA,NA,NA,NA,NA,NA,NA,NA,NA,NA
"385","Zach Ertz","ARI","TE","11247","robust",NA,NA,NA,NA,NA,NA,NA,NA,NA,NA,0,0,0.01875,0.0185325,0,0,0,0,0,NA,0,NA,3.315,0.429954,33.5175,4.87034100000001,0.2,0.014826,NA,NA,NA,NA,NA,NA,NA,NA,NA,NA,NA,NA,NA,NA,NA,NA,NA,NA,NA,NA,NA,NA,NA,NA,NA,NA,NA,NA,NA,NA,NA,NA,NA,NA,NA,NA
"386","David Njoku","CLE","TE","13192","robust",NA,NA,NA,NA,NA,NA,NA,NA,NA,NA,0,0,0.013,0.0192738,0,0,0,0,0,NA,0,NA,3.425,0.407715,37.855,3.40998,0.3,0.103782,NA,NA,NA,NA,NA,NA,NA,NA,NA,NA,NA,NA,NA,NA,NA,NA,NA,NA,NA,NA,NA,NA,NA,NA,NA,NA,NA,NA,NA,NA,NA,NA,NA,NA,NA,NA
"387","Chigoziem Okonkwo","TEN","TE","15889","robust",NA,NA,NA,NA,NA,NA,NA,NA,NA,NA,0,0,0.2295,0.274281,0,0,0,0,0,NA,0,NA,2.8075,0.274281,36.3825,1.237971,0.2,0,NA,NA,NA,NA,NA,NA,NA,NA,NA,NA,NA,NA,NA,NA,NA,NA,NA,NA,NA,NA,NA,NA,NA,NA,NA,NA,NA,NA,NA,NA,NA,NA,NA,NA,NA,NA
"388","Cole Kmet","CHI","TE","14867","robust",NA,NA,NA,NA,NA,NA,NA,NA,NA,NA,0,0,0.08625,0.0852495,0,0,0,0,0,NA,0,NA,3.2,0.29652,36.1,2.64644100000001,0.2025,0.00741299999999999,NA,NA,NA,NA,NA,NA,NA,NA,NA,NA,NA,NA,NA,NA,NA,NA,NA,NA,NA,NA,NA,NA,NA,NA,NA,NA,NA,NA,NA,NA,NA,NA,NA,NA,NA,NA
"389","Jake Ferguson","DAL","TE","15799","robust",NA,NA,NA,NA,NA,NA,NA,NA,NA,NA,0,0,0.009375,0.00926625,0,0,0,0,0,NA,0,NA,3.1,0.51891,30.85,1.70499,0.2,0.088956,NA,NA,NA,NA,NA,NA,NA,NA,NA,NA,NA,NA,NA,NA,NA,NA,NA,NA,NA,NA,NA,NA,NA,NA,NA,NA,NA,NA,NA,NA,NA,NA,NA,NA,NA,NA
"390","Dalton Kincaid","BUF","TE","16213","robust",NA,NA,NA,NA,NA,NA,NA,NA,NA,NA,0,0,0.04125,0.0407715,0,0,0.01875,0.0185325,0,NA,0,NA,3.15,0.504084,33.9125,4.4478,0.2125,0.103782,NA,NA,NA,NA,NA,NA,NA,NA,NA,NA,NA,NA,NA,NA,NA,NA,NA,NA,NA,NA,NA,NA,NA,NA,NA,NA,NA,NA,NA,NA,NA,NA,NA,NA,NA,NA
"391","Dawson Knox","BUF","TE","14143","robust",NA,NA,NA,NA,NA,NA,NA,NA,NA,NA,0,0,0.015,0.014826,0,0,0,0,0,NA,0,NA,2.91,0.163086,32.0425,2.9652,0.3,0.096369,NA,NA,NA,NA,NA,NA,NA,NA,NA,NA,NA,NA,NA,NA,NA,NA,NA,NA,NA,NA,NA,NA,NA,NA,NA,NA,NA,NA,NA,NA,NA,NA,NA,NA,NA,NA
"392","Cade Otton","TB","TE","15802","robust",NA,NA,NA,NA,NA,NA,NA,NA,NA,NA,0,0,0.016875,0.01667925,0,0,0,0,0,NA,0,NA,2.7,0.29652,29,3.7065,0.15,0.07413,NA,NA,NA,NA,NA,NA,NA,NA,NA,NA,NA,NA,NA,NA,NA,NA,NA,NA,NA,NA,NA,NA,NA,NA,NA,NA,NA,NA,NA,NA,NA,NA,NA,NA,NA,NA
"393","Adam Trautman","DEN","TE","14870","robust",NA,NA,NA,NA,NA,NA,NA,NA,NA,NA,0,0,0.0075,0.022239,0,0,0,0,0,NA,0,NA,2.6075,0.14826,26.305,2.37216,0.1225,0,NA,NA,NA,NA,NA,NA,NA,NA,NA,NA,NA,NA,NA,NA,NA,NA,NA,NA,NA,NA,NA,NA,NA,NA,NA,NA,NA,NA,NA,NA,NA,NA,NA,NA,NA,NA
"394","Logan Thomas","WAS","TE","11647","robust",NA,NA,NA,NA,NA,NA,NA,NA,NA,NA,0,0,0.020625,0.02038575,0,0,0,0,0,NA,0,NA,3.105,0.163086,32.5,0.7413,0.15,0.00741299999999999,NA,NA,NA,NA,NA,NA,NA,NA,NA,NA,NA,NA,NA,NA,NA,NA,NA,NA,NA,NA,NA,NA,NA,NA,NA,NA,NA,NA,NA,NA,NA,NA,NA,NA,NA,NA
"395","Austin Hooper","LVR","TE","12677","robust",NA,NA,NA,NA,NA,NA,NA,NA,NA,NA,0,0,0.01125,0.0111195,0,0,0,0,0,NA,0,NA,2.4925,0.59304,25.175,5.522685,0.1175,0.051891,NA,NA,NA,NA,NA,NA,NA,NA,NA,NA,NA,NA,NA,NA,NA,NA,NA,NA,NA,NA,NA,NA,NA,NA,NA,NA,NA,NA,NA,NA,NA,NA,NA,NA,NA,NA
"396","Kylen Granson","IND","TE","15419","robust",NA,NA,NA,NA,NA,NA,NA,NA,NA,NA,0,0,0.02875,0.0852495,0,0,0,0,0,NA,0,NA,2.4,0.51891,24.25,4.714668,0.115,0.044478,NA,NA,NA,NA,NA,NA,NA,NA,NA,NA,NA,NA,NA,NA,NA,NA,NA,NA,NA,NA,NA,NA,NA,NA,NA,NA,NA,NA,NA,NA,NA,NA,"Q","Hamstring",2023,2
"397","Irv Smith Jr.","CIN","TE","14141","robust",NA,NA,NA,NA,NA,NA,NA,NA,NA,NA,0,0,0.01125,0.0111195,0,0,0,0,0,NA,0,NA,3.1,0.044478,28.325,2.431464,0.2,0.088956,NA,NA,NA,NA,NA,NA,NA,NA,NA,NA,NA,NA,NA,NA,NA,NA,NA,NA,NA,NA,NA,NA,NA,NA,NA,NA,NA,NA,NA,NA,NA,NA,NA,NA,NA,NA
"398","Tyler Conklin","NYJ","TE","13675","robust",NA,NA,NA,NA,NA,NA,NA,NA,NA,NA,0,0,0.0233333333333333,0,0,0,0,0,0,NA,0,NA,2.46,0.474432,23.5075,4.15128,0.1,0,NA,NA,NA,NA,NA,NA,NA,NA,NA,NA,NA,NA,NA,NA,NA,NA,NA,NA,NA,NA,NA,NA,NA,NA,NA,NA,NA,NA,NA,NA,NA,NA,NA,NA,NA,NA
"399","Durham Smythe","MIA","TE","13676","robust",NA,NA,NA,NA,NA,NA,NA,NA,NA,NA,0,0,0.09,0.00741300000000001,0.0333333333333333,0,0,0,0,NA,0,NA,2.095,0.133434,22.7,2.097879,0.11,0.029652,NA,NA,NA,NA,NA,NA,NA,NA,NA,NA,NA,NA,NA,NA,NA,NA,NA,NA,NA,NA,NA,NA,NA,NA,NA,NA,NA,NA,NA,NA,NA,NA,NA,NA,NA,NA
"400","Noah Fant","SEA","TE","14137","robust",NA,NA,NA,NA,NA,NA,NA,NA,NA,NA,0,0,0.0525,0.03521175,0,0,0,0,0,NA,0,NA,1.9925,0.140847,23.4,2.37216,0.1025,0.096369,NA,NA,NA,NA,NA,NA,NA,NA,NA,NA,NA,NA,NA,NA,NA,NA,NA,NA,NA,NA,NA,NA,NA,NA,NA,NA,NA,NA,NA,NA,NA,NA,NA,NA,NA,NA
"401","Isaiah Likely","BAL","TE","15798","robust",NA,NA,NA,NA,NA,NA,NA,NA,NA,NA,0,0,0.0075,0.007413,0,0,0,0,0,NA,0,NA,1.5,0.51891,18.2,5.41149,0.095,0.014826,NA,NA,NA,NA,NA,NA,NA,NA,NA,NA,NA,NA,NA,NA,NA,NA,NA,NA,NA,NA,NA,NA,NA,NA,NA,NA,NA,NA,NA,NA,NA,NA,NA,NA,NA,NA
"402","Mike Gesicki","NE","TE","13672","robust",NA,NA,NA,NA,NA,NA,NA,NA,NA,NA,0,0,0.0075,0.007413,0,0,0,0,0,NA,0,NA,2,0.103782,22.71,1.067472,0.11,0.029652,NA,NA,NA,NA,NA,NA,NA,NA,NA,NA,NA,NA,NA,NA,NA,NA,NA,NA,NA,NA,NA,NA,NA,NA,NA,NA,NA,NA,NA,NA,NA,NA,NA,NA,NA,NA
"403","Colby Parkinson","SEA","TE","14871","robust",NA,NA,NA,NA,NA,NA,NA,NA,NA,NA,0,0,0.005,0.014826,0,0,0,0,0,NA,0,NA,1.285,0.340998,14.8125,2.81694,0.1,0,NA,NA,NA,NA,NA,NA,NA,NA,NA,NA,NA,NA,NA,NA,NA,NA,NA,NA,NA,NA,NA,NA,NA,NA,NA,NA,NA,NA,NA,NA,NA,NA,NA,NA,NA,NA
"404","Michael Mayer","LVR","TE","16212","robust",NA,NA,NA,NA,NA,NA,NA,NA,NA,NA,0,0,0,0,0,0,0,0,0,NA,0,NA,1.15,0.44478,14.3,1.18608,0.055,0,NA,NA,NA,NA,NA,NA,NA,NA,NA,NA,NA,NA,NA,NA,NA,NA,NA,NA,NA,NA,NA,NA,NA,NA,NA,NA,NA,NA,NA,NA,NA,NA,NA,NA,NA,NA
"405","Donald Parham","LAC","TE","14341","robust",NA,NA,NA,NA,NA,NA,NA,NA,NA,NA,0,0,0.0075,0.022239,0,0,0,0,0,NA,0,NA,1.9,0.29652,18.35,3.85476,0.195,0.014826,NA,NA,NA,NA,NA,NA,NA,NA,NA,NA,NA,NA,NA,NA,NA,NA,NA,NA,NA,NA,NA,NA,NA,NA,NA,NA,NA,NA,NA,NA,NA,NA,NA,NA,NA,NA
"406","Trey McBride","ARI","TE","15794","robust",NA,NA,NA,NA,NA,NA,NA,NA,NA,NA,0,0,0.013125,0.01297275,0,0,0,0,0,NA,0,NA,1.545,0.81543,18.115,5.530098,0.09,0.007413,NA,NA,NA,NA,NA,NA,NA,NA,NA,NA,NA,NA,NA,NA,NA,NA,NA,NA,NA,NA,NA,NA,NA,NA,NA,NA,NA,NA,NA,NA,NA,NA,NA,NA,NA,NA
"407","Jordan Akins","CLE","TE","13753","robust",NA,NA,NA,NA,NA,NA,NA,NA,NA,NA,0,0,0.00375,0.00555975,0,0,0,0,0,NA,0,NA,0.99,0.452193,10.1,5.78214,0.1,0,NA,NA,NA,NA,NA,NA,NA,NA,NA,NA,NA,NA,NA,NA,NA,NA,NA,NA,NA,NA,NA,NA,NA,NA,NA,NA,NA,NA,NA,NA,NA,NA,NA,NA,NA,NA
"408","Foster Moreau","NO","TE","14239","robust",NA,NA,NA,NA,NA,NA,NA,NA,NA,NA,0,0,0.4,1.067472,0,0,0,0,0,NA,0,NA,0.62,0.14826,7.775,0.59304,0.045,0.029652,NA,NA,NA,NA,NA,NA,NA,NA,NA,NA,NA,NA,NA,NA,NA,NA,NA,NA,NA,NA,NA,NA,NA,NA,NA,NA,NA,NA,NA,NA,NA,NA,NA,NA,NA,NA
"409","Will Dissly","SEA","TE","13763","robust",NA,NA,NA,NA,NA,NA,NA,NA,NA,NA,0,0,0.013125,0.01297275,0,0,0,0,0,NA,0,NA,1.43,0.429954,14.85,0.993342,0.1,0,NA,NA,NA,NA,NA,NA,NA,NA,NA,NA,NA,NA,NA,NA,NA,NA,NA,NA,NA,NA,NA,NA,NA,NA,NA,NA,NA,NA,NA,NA,NA,NA,NA,NA,NA,NA
"410","Noah Gray","KC","TE","15337","robust",NA,NA,NA,NA,NA,NA,NA,NA,NA,NA,0,0,0.169375,0.06857025,0,0,0,0,0,NA,0,NA,1.5,0.44478,15.29,2.698332,0.075,0.00741300000000001,NA,NA,NA,NA,NA,NA,NA,NA,NA,NA,NA,NA,NA,NA,NA,NA,NA,NA,NA,NA,NA,NA,NA,NA,NA,NA,NA,NA,NA,NA,NA,NA,NA,NA,NA,NA
"411","Mo Alie-Cox","IND","TE","13246","robust",NA,NA,NA,NA,NA,NA,NA,NA,NA,NA,0,0,0.00375,0.0111195,0,0,0.0125,0.037065,0,NA,0,NA,1.195,0.14826,14.2,0.400301999999999,0.1,0,NA,NA,NA,NA,NA,NA,NA,NA,NA,NA,NA,NA,NA,NA,NA,NA,NA,NA,NA,NA,NA,NA,NA,NA,NA,NA,NA,NA,NA,NA,NA,NA,NA,NA,NA,NA
"412","Teagan Quitoriano","HOU","TE","15905","robust",NA,NA,NA,NA,NA,NA,NA,NA,NA,NA,0,0,0.01,0.029652,0,0,0,0,0,NA,0,NA,0.985,0.14826,11.74,3.11346,0.1,0,NA,NA,NA,NA,NA,NA,NA,NA,NA,NA,NA,NA,NA,NA,NA,NA,NA,NA,NA,NA,NA,NA,NA,NA,NA,NA,NA,NA,NA,NA,NA,NA,NA,NA,NA,NA
"413","Brock Wright","DET","TE","15626","robust",NA,NA,NA,NA,NA,NA,NA,NA,NA,NA,0,0,0.005,0.014826,0,0,0,0,0,NA,0,NA,1.14,0.14826,11.6725,3.26172,0.09,0.029652,NA,NA,NA,NA,NA,NA,NA,NA,NA,NA,NA,NA,NA,NA,NA,NA,NA,NA,NA,NA,NA,NA,NA,NA,NA,NA,NA,NA,NA,NA,NA,NA,NA,NA,NA,NA
"414","C.J. Uzomah","NYJ","TE","12317","robust",NA,NA,NA,NA,NA,NA,NA,NA,NA,NA,0,0,0.009375,0.00926625,0,0,0,0,0,NA,0,NA,1.1275,0.229803,11.45,2.81694,0.1,0,NA,NA,NA,NA,NA,NA,NA,NA,NA,NA,NA,NA,NA,NA,NA,NA,NA,NA,NA,NA,NA,NA,NA,NA,NA,NA,NA,NA,NA,NA,NA,NA,NA,NA,NA,NA
"415","Josiah Deguara","GB","TE","14876","robust",NA,NA,NA,NA,NA,NA,NA,NA,NA,NA,0,0,0.0333333333333333,0.04942,0,0,0,0,0,NA,0,NA,1.05,0.800604,9.6,7.457478,0.06,0.059304,NA,NA,NA,NA,NA,NA,NA,NA,NA,NA,NA,NA,NA,NA,NA,NA,NA,NA,NA,NA,NA,NA,NA,NA,NA,NA,NA,NA,NA,NA,NA,NA,NA,NA,NA,NA
"416","Robert Tonyan","CHI","TE","13427","robust",NA,NA,NA,NA,NA,NA,NA,NA,NA,NA,0,0,0.005,0.007413,0,0,0,0,0,NA,0,NA,1,0.66717,9.46,6.30105,0.055,0.014826,NA,NA,NA,NA,NA,NA,NA,NA,NA,NA,NA,NA,NA,NA,NA,NA,NA,NA,NA,NA,NA,NA,NA,NA,NA,NA,NA,NA,NA,NA,NA,NA,NA,NA,NA,NA
"417","John Bates","WAS","TE","15344","robust",NA,NA,NA,NA,NA,NA,NA,NA,NA,NA,0,0,0,0,0,0,0,0,0,NA,0,NA,0.9025,0.659757,8.9525,6.516027,0.0525,0.066717,NA,NA,NA,NA,NA,NA,NA,NA,NA,NA,NA,NA,NA,NA,NA,NA,NA,NA,NA,NA,NA,NA,NA,NA,NA,NA,NA,NA,NA,NA,NA,NA,NA,NA,NA,NA
"418","Andrew Ogletree","IND","TE","15916","robust",NA,NA,NA,NA,NA,NA,NA,NA,NA,NA,0,0,0,0,0,0,0,0,0,NA,0,NA,1.145,0,11.6225,0,0.105,0,NA,NA,NA,NA,NA,NA,NA,NA,NA,NA,NA,NA,NA,NA,NA,NA,NA,NA,NA,NA,NA,NA,NA,NA,NA,NA,NA,NA,NA,NA,NA,NA,NA,NA,NA,NA
"419","Lawrence Cager","NYG","TE","15041","robust",NA,NA,NA,NA,NA,NA,NA,NA,NA,NA,0,0,0.0133333333333333,0.019768,0,0,0,0,0,NA,0,NA,0.7,0.14826,7.9,3.40998,0.08,0,NA,NA,NA,NA,NA,NA,NA,NA,NA,NA,NA,NA,NA,NA,NA,NA,NA,NA,NA,NA,NA,NA,NA,NA,NA,NA,NA,NA,NA,NA,NA,NA,NA,NA,NA,NA
"420","Daniel Bellinger","NYG","TE","15873","robust",NA,NA,NA,NA,NA,NA,NA,NA,NA,NA,0,0,0,0,0.05,0,0,0,0,NA,0,NA,0.8,0.237216,6.25,2.2239,0.05,0.044478,NA,NA,NA,NA,NA,NA,NA,NA,NA,NA,NA,NA,NA,NA,NA,NA,NA,NA,NA,NA,NA,NA,NA,NA,NA,NA,NA,NA,NA,NA,NA,NA,NA,NA,NA,NA
"421","Brevin Jordan","HOU","TE","15330","robust",NA,NA,NA,NA,NA,NA,NA,NA,NA,NA,0,0,0,0,0,0,0,0,0,NA,0,NA,0.525,0.281694,5.15,2.424051,0.015,0.014826,NA,NA,NA,NA,NA,NA,NA,NA,NA,NA,NA,NA,NA,NA,NA,NA,NA,NA,NA,NA,NA,NA,NA,NA,NA,NA,NA,NA,NA,NA,NA,NA,NA,NA,NA,NA
"422","Trevon Wesco","TEN","TE","14231","robust",NA,NA,NA,NA,NA,NA,NA,NA,NA,NA,0,0,-0.05,0.037065,0,0,0,0,0,NA,0,NA,0.7475,0.600453,7.9,5.026014,0,0,NA,NA,NA,NA,NA,NA,NA,NA,NA,NA,NA,NA,NA,NA,NA,NA,NA,NA,NA,NA,NA,NA,NA,NA,NA,NA,NA,NA,NA,NA,NA,NA,NA,NA,NA,NA
"423","Cole Turner","WAS","TE","15803","robust",NA,NA,NA,NA,NA,NA,NA,NA,NA,NA,0,0,0,0,0,0,0,0,0,NA,0,NA,0.7525,0.155673,8.16,0.355824,0.0375,0.037065,NA,NA,NA,NA,NA,NA,NA,NA,NA,NA,NA,NA,NA,NA,NA,NA,NA,NA,NA,NA,NA,NA,NA,NA,NA,NA,NA,NA,NA,NA,NA,NA,NA,NA,NA,NA
"424","Josh Oliver","MIN","TE","14209","robust",NA,NA,NA,NA,NA,NA,NA,NA,NA,NA,0,0,0.005,0.014826,0,0,0,0,0,NA,0,NA,1.2,0.29652,11.165,2.81694,0.065,0.029652,NA,NA,NA,NA,NA,NA,NA,NA,NA,NA,NA,NA,NA,NA,NA,NA,NA,NA,NA,NA,NA,NA,NA,NA,NA,NA,NA,NA,NA,NA,NA,NA,NA,NA,NA,NA
"425","Taysom Hill","NO","TE","13424","robust",NA,NA,NA,NA,NA,NA,NA,NA,NA,NA,1.77333333333333,0,12.9,3.083808,0.08,0.029652,0.01875,0.0185325,0,NA,0,NA,0.9075,0.133434,9.8175,2.9652,0.085,0,NA,NA,NA,NA,NA,NA,NA,NA,NA,NA,NA,NA,NA,NA,NA,NA,NA,NA,NA,NA,NA,NA,NA,NA,NA,NA,NA,NA,NA,NA,NA,NA,NA,NA,NA,NA
"426","Harrison Bryant","CLE","TE","14875","robust",NA,NA,NA,NA,NA,NA,NA,NA,NA,NA,0,0,0.06,0.177912,0,0,0,0,0,NA,0,NA,1.1775,0.103782,11.7,0.889560000000002,0.1,0.029652,NA,NA,NA,NA,NA,NA,NA,NA,NA,NA,NA,NA,NA,NA,NA,NA,NA,NA,NA,NA,NA,NA,NA,NA,NA,NA,NA,NA,NA,NA,NA,NA,NA,NA,NA,NA
"427","Brycen Hopkins","LAR","TE","14868","robust",NA,NA,NA,NA,NA,NA,NA,NA,NA,NA,0,0,0.005,0,0,0,0,0,0,NA,0,NA,1.1,0.0444779999999997,11.76,2.07564,0.095,0,NA,NA,NA,NA,NA,NA,NA,NA,NA,NA,NA,NA,NA,NA,NA,NA,NA,NA,NA,NA,NA,NA,NA,NA,NA,NA,NA,NA,NA,NA,NA,NA,NA,NA,NA,NA
"428","Jack Stoll","PHI","TE","15541","robust",NA,NA,NA,NA,NA,NA,NA,NA,NA,NA,0,0,0,0,0,0,0,0,0,NA,0,NA,0.825,0.355824,7.88,3.691674,0.0225,0.022239,NA,NA,NA,NA,NA,NA,NA,NA,NA,NA,NA,NA,NA,NA,NA,NA,NA,NA,NA,NA,NA,NA,NA,NA,NA,NA,NA,NA,NA,NA,NA,NA,NA,NA,NA,NA
"429","Ko Kieft","TB","TE","15929","robust",NA,NA,NA,NA,NA,NA,NA,NA,NA,NA,0,0,0.01,0.014826,0,0,0,0,0,NA,0,NA,0.95,0.0667170000000001,9.405,0.837668999999999,0.085,0.022239,NA,NA,NA,NA,NA,NA,NA,NA,NA,NA,NA,NA,NA,NA,NA,NA,NA,NA,NA,NA,NA,NA,NA,NA,NA,NA,NA,NA,NA,NA,NA,NA,NA,NA,NA,NA
"430","Darnell Washington","PIT","TE","16216","robust",NA,NA,NA,NA,NA,NA,NA,NA,NA,NA,0,0,0.5,0,0,0,0,0,0,NA,0,NA,1,0.44478,10,3.55824,0.05,0,NA,NA,NA,NA,NA,NA,NA,NA,NA,NA,NA,NA,NA,NA,NA,NA,NA,NA,NA,NA,NA,NA,NA,NA,NA,NA,NA,NA,NA,NA,NA,NA,NA,NA,NA,NA
"431","Charlie Kolar","BAL","TE","15795","robust",NA,NA,NA,NA,NA,NA,NA,NA,NA,NA,0,0,0.02,0.019768,0,0,0,0,0,NA,0,NA,0.5,0.22239,4.975,2.535246,0.0075,0.007413,NA,NA,NA,NA,NA,NA,NA,NA,NA,NA,NA,NA,NA,NA,NA,NA,NA,NA,NA,NA,NA,NA,NA,NA,NA,NA,NA,NA,NA,NA,NA,NA,NA,NA,NA,NA
"432","Connor Heyward","PIT","TE","15800","robust",NA,NA,NA,NA,NA,NA,NA,NA,NA,NA,0,0,0.645,0.956277,0.00125,0,0,0,0,NA,0,NA,0.92,0.103782,9.1,1.03782,0.075,0.029652,NA,NA,NA,NA,NA,NA,NA,NA,NA,NA,NA,NA,NA,NA,NA,NA,NA,NA,NA,NA,NA,NA,NA,NA,NA,NA,NA,NA,NA,NA,NA,NA,NA,NA,NA,NA
"433","Peyton Hendershot","DAL","TE","16000","robust",NA,NA,NA,NA,NA,NA,NA,NA,NA,NA,0,0,0.035,0.051891,0.0333333333333333,0.02471,0,0,0,NA,0,NA,0.89,0.22239,8.3,2.431464,0.1,0,NA,NA,NA,NA,NA,NA,NA,NA,NA,NA,NA,NA,NA,NA,NA,NA,NA,NA,NA,NA,NA,NA,NA,NA,NA,NA,NA,NA,NA,NA,NA,NA,NA,NA,NA,NA
"434","Ian Thomas","CAR","TE","13678","robust",NA,NA,NA,NA,NA,NA,NA,NA,NA,NA,0,0,0,0,0,0,0,0,0,NA,0,NA,0.7,0.59304,7.1,5.9304,0.005,0,NA,NA,NA,NA,NA,NA,NA,NA,NA,NA,NA,NA,NA,NA,NA,NA,NA,NA,NA,NA,NA,NA,NA,NA,NA,NA,NA,NA,NA,NA,NA,NA,NA,NA,NA,NA
"435","Johnny Mundt","MIN","TE","13940","robust",NA,NA,NA,NA,NA,NA,NA,NA,NA,NA,0,0,0,0,0,0,0,0,0,NA,0,NA,0.5625,0.07413,5.025,0.88956,0.005,0,NA,NA,NA,NA,NA,NA,NA,NA,NA,NA,NA,NA,NA,NA,NA,NA,NA,NA,NA,NA,NA,NA,NA,NA,NA,NA,NA,NA,NA,NA,NA,NA,NA,NA,NA,NA
"436","Julian Hill","MIA","TE","16425","robust",NA,NA,NA,NA,NA,NA,NA,NA,NA,NA,NA,NA,0,0,0,0,0,0,NA,NA,NA,NA,0.6,0.88956,6.1,8.74734,0,0,NA,NA,NA,NA,NA,NA,NA,NA,NA,NA,NA,NA,NA,NA,NA,NA,NA,NA,NA,NA,NA,NA,NA,NA,NA,NA,NA,NA,NA,NA,NA,NA,"Q","Ankle",2023,2
"437","Jonnu Smith","ATL","TE","13193","robust",NA,NA,NA,NA,NA,NA,NA,NA,NA,NA,0,0,0.206666666666667,0.153202,0,0,0,0,0,NA,0,NA,0.85,0.22239,9.3,2.127531,0.01,0,NA,NA,NA,NA,NA,NA,NA,NA,NA,NA,NA,NA,NA,NA,NA,NA,NA,NA,NA,NA,NA,NA,NA,NA,NA,NA,NA,NA,NA,NA,NA,NA,NA,NA,NA,NA
"438","Tucker Kraft","GB","TE","16222","robust",NA,NA,NA,NA,NA,NA,NA,NA,NA,NA,0,0,0,0,0,0,0,0,0,NA,0,NA,0.28,0.22239,3.4425,1.33434,0,0,NA,NA,NA,NA,NA,NA,NA,NA,NA,NA,NA,NA,NA,NA,NA,NA,NA,NA,NA,NA,NA,NA,NA,NA,NA,NA,NA,NA,NA,NA,NA,NA,NA,NA,NA,NA
"439","Tommy Tremble","CAR","TE","15332","robust",NA,NA,NA,NA,NA,NA,NA,NA,NA,NA,0,0,0.0133333333333333,0.019768,0,0,0,0,0,NA,0,NA,0.82,0.29652,7.91,2.52042,0.055,0.029652,NA,NA,NA,NA,NA,NA,NA,NA,NA,NA,NA,NA,NA,NA,NA,NA,NA,NA,NA,NA,NA,NA,NA,NA,NA,NA,NA,NA,NA,NA,NA,NA,NA,NA,NA,NA
"440","Payne Durham","TB","TE","16218","robust",NA,NA,NA,NA,NA,NA,NA,NA,NA,NA,NA,NA,NA,NA,NA,NA,0,0,NA,NA,NA,NA,0.8,0.44478,7.35,4.37367,0.05,0.07413,NA,NA,NA,NA,NA,NA,NA,NA,NA,NA,NA,NA,NA,NA,NA,NA,NA,NA,NA,NA,NA,NA,NA,NA,NA,NA,NA,NA,NA,NA,NA,NA,NA,NA,NA,NA
"441","James Mitchell","DET","TE","15909","robust",NA,NA,NA,NA,NA,NA,NA,NA,NA,NA,0,0,0,0,0,0,0,0,0,NA,0,NA,0.53,0.355824,6.16,3.676848,0.055,0.059304,NA,NA,NA,NA,NA,NA,NA,NA,NA,NA,NA,NA,NA,NA,NA,NA,NA,NA,NA,NA,NA,NA,NA,NA,NA,NA,NA,NA,NA,NA,NA,NA,NA,NA,NA,NA
"442","Luke Farrell","JAC","TE","15335","robust",NA,NA,NA,NA,NA,NA,NA,NA,NA,NA,0,0,0,0,0,0,0,0,0,NA,0,NA,0.37,0.059304,4.675,1.33434,0.005,0,NA,NA,NA,NA,NA,NA,NA,NA,NA,NA,NA,NA,NA,NA,NA,NA,NA,NA,NA,NA,NA,NA,NA,NA,NA,NA,NA,NA,NA,NA,NA,NA,NA,NA,NA,NA
"443","Mitchell Wilcox","CIN","TE","15563","robust",NA,NA,NA,NA,NA,NA,NA,NA,NA,NA,0,0,0,0,0,0,0,0,0,NA,0,NA,0.63,0.163086,5.275,1.63086,0.01,0,NA,NA,NA,NA,NA,NA,NA,NA,NA,NA,NA,NA,NA,NA,NA,NA,NA,NA,NA,NA,NA,NA,NA,NA,NA,NA,NA,NA,NA,NA,NA,NA,NA,NA,NA,NA
"444","Tre' McKitty","LAC","TE","15333","robust",NA,NA,NA,NA,NA,NA,NA,NA,NA,NA,0,0,0,0,0,0,0,0,0,NA,0,NA,0.5375,0.22239,4.5875,1.26021,0.005,0,NA,NA,NA,NA,NA,NA,NA,NA,NA,NA,NA,NA,NA,NA,NA,NA,NA,NA,NA,NA,NA,NA,NA,NA,NA,NA,NA,NA,NA,NA,NA,NA,NA,NA,NA,NA
"445","Jimmy Graham","NO","TE","9925","robust",NA,NA,NA,NA,NA,NA,NA,NA,NA,NA,0,0,0.0133333333333333,0.019768,0,0,0,0,0,NA,0,NA,0.4,0.311346,5,1.4826,0.03,0.029652,NA,NA,NA,NA,NA,NA,NA,NA,NA,NA,NA,NA,NA,NA,NA,NA,NA,NA,NA,NA,NA,NA,NA,NA,NA,NA,NA,NA,NA,NA,NA,NA,NA,NA,NA,NA
"446","Ross Dwelley","SF","TE","13988","robust",NA,NA,NA,NA,NA,NA,NA,NA,NA,NA,0,0,0,0,0,0,0,0,0,NA,0,NA,0.2325,0.140847,3.6375,2.29803,0.015,0.014826,NA,NA,NA,NA,NA,NA,NA,NA,NA,NA,NA,NA,NA,NA,NA,NA,NA,NA,NA,NA,NA,NA,NA,NA,NA,NA,NA,NA,NA,NA,NA,NA,NA,NA,NA,NA
"447","Blake Bell","KC","TE","12213","robust",NA,NA,NA,NA,NA,NA,NA,NA,NA,NA,0,0,0,0,0,0,0,0,0,NA,0,NA,0.75,0.29652,6.85,0.59304,0.06,0.07413,NA,NA,NA,NA,NA,NA,NA,NA,NA,NA,NA,NA,NA,NA,NA,NA,NA,NA,NA,NA,NA,NA,NA,NA,NA,NA,NA,NA,NA,NA,NA,NA,NA,NA,NA,NA
"448","Chris Manhertz","DEN","TE","12955","robust",NA,NA,NA,NA,NA,NA,NA,NA,NA,NA,0,0,0,0,0,0,0,0,0,NA,0,NA,0.5275,0.22239,5.8,1.70499,0.015,0.014826,NA,NA,NA,NA,NA,NA,NA,NA,NA,NA,NA,NA,NA,NA,NA,NA,NA,NA,NA,NA,NA,NA,NA,NA,NA,NA,NA,NA,NA,NA,NA,NA,NA,NA,NA,NA
"449","Quintin Morris","BUF","TE","15341","robust",NA,NA,NA,NA,NA,NA,NA,NA,NA,NA,0,0,0,0,0,0,0,0,0,NA,0,NA,0.3625,0.22239,3.46,2.07564,0.015,0.014826,NA,NA,NA,NA,NA,NA,NA,NA,NA,NA,NA,NA,NA,NA,NA,NA,NA,NA,NA,NA,NA,NA,NA,NA,NA,NA,NA,NA,NA,NA,NA,NA,NA,NA,NA,NA
"450","MyCole Pruitt","ATL","TE","12309","robust",NA,NA,NA,NA,NA,NA,NA,NA,NA,NA,0,0,0,0,0,0,0,0,0,NA,0,NA,0.315,0.118608,2.99,0.785778,0.085,0.029652,NA,NA,NA,NA,NA,NA,NA,NA,NA,NA,NA,NA,NA,NA,NA,NA,NA,NA,NA,NA,NA,NA,NA,NA,NA,NA,NA,NA,NA,NA,NA,NA,NA,NA,NA,NA
"451","Brayden Willis","SF","TE","16367","robust",NA,NA,NA,NA,NA,NA,NA,NA,NA,NA,NA,NA,NA,NA,NA,NA,0,0,NA,NA,NA,NA,0.45,0.22239,4.4,2.9652,0.05,0.07413,NA,NA,NA,NA,NA,NA,NA,NA,NA,NA,NA,NA,NA,NA,NA,NA,NA,NA,NA,NA,NA,NA,NA,NA,NA,NA,NA,NA,NA,NA,NA,NA,NA,NA,NA,NA
"452","Luke Schoonmaker","DAL","TE","16221","robust",NA,NA,NA,NA,NA,NA,NA,NA,NA,NA,0,0,0,0,0,0,0,0,0,NA,0,NA,0.41,0.29652,4.4925,1.193493,0.0225,0.022239,NA,NA,NA,NA,NA,NA,NA,NA,NA,NA,NA,NA,NA,NA,NA,NA,NA,NA,NA,NA,NA,NA,NA,NA,NA,NA,NA,NA,NA,NA,NA,NA,NA,NA,NA,NA
"453","Charlie Woerner","SF","TE","14984","robust",NA,NA,NA,NA,NA,NA,NA,NA,NA,NA,0,0,0,0,0,0,0,0,0,NA,0,NA,0.23,0.014826,3.065,0.192738,0.005,0,NA,NA,NA,NA,NA,NA,NA,NA,NA,NA,NA,NA,NA,NA,NA,NA,NA,NA,NA,NA,NA,NA,NA,NA,NA,NA,NA,NA,NA,NA,NA,NA,NA,NA,NA,NA
"454","Reggie Gilliam","BUF","TE","15103","robust",NA,NA,NA,NA,NA,NA,NA,NA,NA,NA,NA,NA,NA,NA,NA,NA,0,0,NA,NA,NA,NA,0.65,0.22239,4.85,1.55673,0.1,0,NA,NA,NA,NA,NA,NA,NA,NA,NA,NA,NA,NA,NA,NA,NA,NA,NA,NA,NA,NA,NA,NA,NA,NA,NA,NA,NA,NA,NA,NA,NA,NA,NA,NA,NA,NA
"455","Josh Whyle","TEN","TE","16312","robust",NA,NA,NA,NA,NA,NA,NA,NA,NA,NA,0,NA,0,0,0,0,0,0,0,NA,0,NA,0.475,0,4.05,1.92738,0.075,0,NA,NA,NA,NA,NA,NA,NA,NA,NA,NA,NA,NA,NA,NA,NA,NA,NA,NA,NA,NA,NA,NA,NA,NA,NA,NA,NA,NA,NA,NA,NA,NA,NA,NA,NA,NA
"456","Brenton Strange","JAC","TE","16269","robust",NA,NA,NA,NA,NA,NA,NA,NA,NA,NA,0,NA,0,0,0,0,0,0,0,NA,0,NA,0.325,0.14826,4.45,0.148259999999999,0,0,NA,NA,NA,NA,NA,NA,NA,NA,NA,NA,NA,NA,NA,NA,NA,NA,NA,NA,NA,NA,NA,NA,NA,NA,NA,NA,NA,NA,NA,NA,NA,NA,NA,NA,NA,NA
"457","Drew Sample","CIN","TE","14146","robust",NA,NA,NA,NA,NA,NA,NA,NA,NA,NA,0,0,0,0,0,0,0,0,0,NA,0,NA,0.44,0.207564,3.71,1.63086,0.005,0,NA,NA,NA,NA,NA,NA,NA,NA,NA,NA,NA,NA,NA,NA,NA,NA,NA,NA,NA,NA,NA,NA,NA,NA,NA,NA,NA,NA,NA,NA,NA,NA,NA,NA,NA,NA
"458","John FitzPatrick","ATL","TE","15925","robust",NA,NA,NA,NA,NA,NA,NA,NA,NA,NA,NA,NA,NA,NA,NA,NA,0,0,NA,NA,NA,NA,0.4,0.14826,3.2,2.2239,0.05,0.07413,NA,NA,NA,NA,NA,NA,NA,NA,NA,NA,NA,NA,NA,NA,NA,NA,NA,NA,NA,NA,NA,NA,NA,NA,NA,NA,NA,NA,NA,NA,NA,NA,NA,NA,NA,NA
"459","Greg Dulcich","DEN","TE","15797","robust",NA,NA,NA,NA,NA,NA,NA,NA,NA,NA,NA,NA,NA,NA,NA,NA,0,0,NA,NA,NA,NA,0,0,4.7,0,0,0,NA,NA,NA,NA,NA,NA,NA,NA,NA,NA,NA,NA,NA,NA,NA,NA,NA,NA,NA,NA,NA,NA,NA,NA,NA,NA,NA,NA,NA,NA,NA,NA,"O","Hamstring",2023,2
"460","Jesper Horsted","LVR","TE","14752","robust",NA,NA,NA,NA,NA,NA,NA,NA,NA,NA,0,0,0,0,0,0,0,0,0,NA,0,NA,0.29,0.044478,2.595,0.281694,0.03,0.014826,NA,NA,NA,NA,NA,NA,NA,NA,NA,NA,NA,NA,NA,NA,NA,NA,NA,NA,NA,NA,NA,NA,NA,NA,NA,NA,NA,NA,NA,NA,NA,NA,NA,NA,NA,NA
"461","Marcedes Lewis","CHI","TE","8269","robust",NA,NA,NA,NA,NA,NA,NA,NA,NA,NA,NA,NA,0,0,0,0,0,0,NA,NA,NA,NA,0.3,0,3.1,1.33434,0.05,0.07413,NA,NA,NA,NA,NA,NA,NA,NA,NA,NA,NA,NA,NA,NA,NA,NA,NA,NA,NA,NA,NA,NA,NA,NA,NA,NA,NA,NA,NA,NA,NA,NA,NA,NA,NA,NA
"462","Jeremy Ruckert","NYJ","TE","15796","robust",NA,NA,NA,NA,NA,NA,NA,NA,NA,NA,0,0,0,0,0,0,0,0,0,NA,0,NA,0.2625,0.07413,2.7575,0.637518,0.0025,0,NA,NA,NA,NA,NA,NA,NA,NA,NA,NA,NA,NA,NA,NA,NA,NA,NA,NA,NA,NA,NA,NA,NA,NA,NA,NA,NA,NA,NA,NA,NA,NA,NA,NA,NA,NA
"463","Pharaoh Brown","NE","TE","13994","robust",NA,NA,NA,NA,NA,NA,NA,NA,NA,NA,NA,NA,0,0,0,0,0,0,NA,NA,NA,NA,0.3,0.14826,2.95,0.0741300000000001,0,0,NA,NA,NA,NA,NA,NA,NA,NA,NA,NA,NA,NA,NA,NA,NA,NA,NA,NA,NA,NA,NA,NA,NA,NA,NA,NA,NA,NA,NA,NA,NA,NA,NA,NA,NA,NA
"464","Tyler Kroft","MIA","TE","12212","robust",NA,NA,NA,NA,NA,NA,NA,NA,NA,NA,NA,NA,0,0,0,0,0,0,NA,NA,NA,NA,0.2,0.14826,1.75,1.11195,0,0,NA,NA,NA,NA,NA,NA,NA,NA,NA,NA,NA,NA,NA,NA,NA,NA,NA,NA,NA,NA,NA,NA,NA,NA,NA,NA,NA,NA,NA,NA,NA,NA,NA,NA,NA,NA
"465","Geoff Swaim","ARI","TE","12378","robust",NA,NA,NA,NA,NA,NA,NA,NA,NA,NA,0,0,0,0,0,0,0,0,0,NA,0,NA,0.3075,0.103782,1.85,0.81543,0.0025,0,NA,NA,NA,NA,NA,NA,NA,NA,NA,NA,NA,NA,NA,NA,NA,NA,NA,NA,NA,NA,NA,NA,NA,NA,NA,NA,NA,NA,NA,NA,NA,NA,NA,NA,NA,NA
"466","Tommy Sweeney","NYG","TE","14294","robust",NA,NA,NA,NA,NA,NA,NA,NA,NA,NA,0,0,0,0,0,0,0,0,NA,NA,NA,NA,0.16,0.088956,1.4,1.03782,0.005,0.007413,NA,NA,NA,NA,NA,NA,NA,NA,NA,NA,NA,NA,NA,NA,NA,NA,NA,NA,NA,NA,NA,NA,NA,NA,NA,NA,NA,NA,NA,NA,NA,NA,NA,"Undisclosed",2023,2
"467","Grant Calcaterra","PHI","TE","15804","robust",NA,NA,NA,NA,NA,NA,NA,NA,NA,NA,0,0,0,0,0,0,0,0,0,NA,0,NA,0.1025,0.14826,1.7125,0.22239,0.0025,0,NA,NA,NA,NA,NA,NA,NA,NA,NA,NA,NA,NA,NA,NA,NA,NA,NA,NA,NA,NA,NA,NA,NA,NA,NA,NA,NA,NA,NA,NA,NA,NA,NA,NA,NA,NA
"468",NA,NA,"TE","14355","robust",NA,NA,NA,NA,NA,NA,NA,NA,NA,NA,NA,NA,0,0,0,0,0,0,NA,NA,NA,NA,0.1,0,1.25,0.37065,0,0,NA,NA,NA,NA,NA,NA,NA,NA,NA,NA,NA,NA,NA,NA,NA,NA,NA,NA,NA,NA,NA,NA,NA,NA,NA,NA,NA,NA,NA,NA,NA,NA,NA,NA,NA,NA
"469","Jake Elliott","PHI","K","13303","robust",NA,NA,NA,NA,NA,NA,NA,NA,NA,NA,NA,NA,NA,NA,NA,NA,NA,NA,NA,NA,NA,NA,NA,NA,NA,NA,NA,NA,0,0,0.440630894870025,0.00037175845410624,0.761617207269381,0.11886038647343,0.462965263400046,0.0438061062801932,0.232142857142857,0.068835,2.9,0.44478,NA,NA,NA,NA,NA,NA,NA,NA,NA,NA,NA,NA,NA,NA,NA,NA,NA,NA,NA,NA,NA,NA,NA,NA
"470","Riley Patterson","DET","K","15369","robust",NA,NA,NA,NA,NA,NA,NA,NA,NA,NA,NA,NA,NA,NA,NA,NA,NA,NA,NA,NA,NA,NA,NA,NA,NA,NA,NA,NA,0.00822222222222222,0.0019768,0.478888888888889,0.115313333333333,0.626111111111111,0.156249566666667,0.588333333333333,0.113666,0.0809722222222222,0.0205916666666667,2.975,0.14826,NA,NA,NA,NA,NA,NA,NA,NA,NA,NA,NA,NA,NA,NA,NA,NA,NA,NA,NA,NA,NA,NA,NA,NA
"471","Brandon Aubrey","DAL","K","16414","robust",NA,NA,NA,NA,NA,NA,NA,NA,NA,NA,NA,NA,NA,NA,NA,NA,NA,NA,NA,NA,NA,NA,NA,NA,NA,NA,NA,NA,0.0045343137254902,0.00109014705882353,0.558278867102397,0.0653442222222223,0.613643790849673,0.0939949019607843,0.48416394335512,0.0347232026143792,0.146459694989107,0.0704154248366013,2.3,0.59304,NA,NA,NA,NA,NA,NA,NA,NA,NA,NA,NA,NA,NA,NA,NA,NA,NA,NA,NA,NA,NA,NA,NA,NA
"472","Harrison Butker","KC","K","13354","robust",NA,NA,NA,NA,NA,NA,NA,NA,NA,NA,NA,NA,NA,NA,NA,NA,NA,NA,NA,NA,NA,NA,NA,NA,NA,NA,NA,NA,0,0,0.450408496732026,0.0689215196078431,0.660424836601307,0.106873172549019,0.490192810457516,0.078936337254902,0.241819852941176,0.0850314705882353,2.5125,0.7413,NA,NA,NA,NA,NA,NA,NA,NA,NA,NA,NA,NA,NA,NA,NA,NA,NA,NA,NA,NA,NA,NA,NA,NA
"473","Younghoe Koo","ATL","K","13403","robust",NA,NA,NA,NA,NA,NA,NA,NA,NA,NA,NA,NA,NA,NA,NA,NA,NA,NA,NA,NA,NA,NA,NA,NA,NA,NA,NA,NA,0,0,0.544048605357636,0.0730736321458163,0.551090858878763,0.0622151532725768,0.559029273681304,0.00302989229494619,0.212205882352941,0.0935782235294118,2.4,0.59304,NA,NA,NA,NA,NA,NA,NA,NA,NA,NA,NA,NA,NA,NA,NA,NA,NA,NA,NA,NA,NA,NA,NA,NA
"474","Tyler Bass","BUF","K","14983","robust",NA,NA,NA,NA,NA,NA,NA,NA,NA,NA,NA,NA,NA,NA,NA,NA,NA,NA,NA,NA,NA,NA,NA,NA,NA,NA,NA,NA,0,0,0.546226677805625,0.0788862105263159,0.650912698412698,0.020560701754386,0.552579365079365,0.023161754385965,0.0985185185185185,0.009884,3,0,NA,NA,NA,NA,NA,NA,NA,NA,NA,NA,NA,NA,NA,NA,NA,NA,NA,NA,NA,NA,NA,NA,NA,NA
"475","Evan McPherson","CIN","K","15368","robust",NA,NA,NA,NA,NA,NA,NA,NA,NA,NA,NA,NA,NA,NA,NA,NA,NA,NA,NA,NA,NA,NA,NA,NA,NA,NA,NA,NA,0.00438888888888889,0.00329466666666667,0.521333333333333,0.0405244,0.582407407407407,0.0505182222222222,0.596555555555556,0.0277850222222222,0.233333333333333,0.115313333333333,2.275,0.29652,NA,NA,NA,NA,NA,NA,NA,NA,NA,NA,NA,NA,NA,NA,NA,NA,NA,NA,NA,NA,NA,NA,NA,NA
"476","Brandon McManus","JAC","K","11947","robust",NA,NA,NA,NA,NA,NA,NA,NA,NA,NA,NA,NA,NA,NA,NA,NA,NA,NA,NA,NA,NA,NA,NA,NA,NA,NA,NA,NA,0,0,0.445804828973843,0.0460590422535212,0.487734741784038,0.100928169014085,0.615191146881288,0.162429718309859,0.203571428571429,0.05295,2.515,0.237216,NA,NA,NA,NA,NA,NA,NA,NA,NA,NA,NA,NA,NA,NA,NA,NA,NA,NA,NA,NA,NA,NA,NA,NA
"477","Jake Moody","SF","K","16286","robust",NA,NA,NA,NA,NA,NA,NA,NA,NA,NA,NA,NA,NA,NA,NA,NA,NA,NA,NA,NA,NA,NA,NA,NA,NA,NA,NA,NA,0,0,0.560085534718021,0.02431635410365,0.535132587215164,0.0316311917725347,0.605566478456678,0.0582894898164952,0.1,0.0135832748538012,2.675,0.59304,NA,NA,NA,NA,NA,NA,NA,NA,NA,NA,NA,NA,NA,NA,NA,NA,NA,NA,NA,NA,NA,NA,NA,NA
"478","Cameron Dicker","LAC","K","15979","robust",NA,NA,NA,NA,NA,NA,NA,NA,NA,NA,NA,NA,NA,NA,NA,NA,NA,NA,NA,NA,NA,NA,NA,NA,NA,NA,NA,NA,0.013768115942029,0.00214869565217391,0.647015901771336,0.000775917874396073,0.49945652173913,0.0811729468599034,0.509621578099839,0.0843959903381643,0.18912037037037,0.0295147222222222,2.45,0.29652,NA,NA,NA,NA,NA,NA,NA,NA,NA,NA,NA,NA,NA,NA,NA,NA,NA,NA,NA,NA,NA,NA,NA,NA
"479","Chris Boswell","PIT","K","11936","robust",NA,NA,NA,NA,NA,NA,NA,NA,NA,NA,NA,NA,NA,NA,NA,NA,NA,NA,NA,NA,NA,NA,NA,NA,NA,NA,NA,NA,0,0,0.36827797785781,0.152147943977591,0.4415639589169,0.158448549019608,0.445501867413632,0.182998364145658,0.20156862745098,0.0860489411764706,2.075,0.311346,NA,NA,NA,NA,NA,NA,NA,NA,NA,NA,NA,NA,NA,NA,NA,NA,NA,NA,NA,NA,NA,NA,NA,NA
"480","Matt Gay","IND","K","14244","robust",NA,NA,NA,NA,NA,NA,NA,NA,NA,NA,NA,NA,NA,NA,NA,NA,NA,NA,NA,NA,NA,NA,NA,NA,NA,NA,NA,NA,0.0182291666666667,0.0240236111111111,0.385818070818071,0.14826,0.455562042124542,0.14826,0.317696632071632,0.0944199572649572,0.183150183150183,0.0792892307692308,2.2,0.29652,NA,NA,NA,NA,NA,NA,NA,NA,NA,NA,NA,NA,NA,NA,NA,NA,NA,NA,NA,NA,NA,NA,NA,NA
"481",NA,NA,"K","16444","robust",NA,NA,NA,NA,NA,NA,NA,NA,NA,NA,NA,NA,NA,NA,NA,NA,NA,NA,NA,NA,NA,NA,NA,NA,NA,NA,NA,NA,0.00269607843137255,0.00363382352941177,0.445,0.111139095022624,0.423593514328808,0.118608,0.324834356819651,0.140353438914027,0.155677655677656,0.0654950769230769,2.1025,0.44478,NA,NA,NA,NA,NA,NA,NA,NA,NA,NA,NA,NA,NA,NA,NA,NA,NA,NA,NA,NA,NA,NA,NA,NA
"482","Wil Lutz","DEN","K","12956","robust",NA,NA,NA,NA,NA,NA,NA,NA,NA,NA,NA,NA,NA,NA,NA,NA,NA,NA,NA,NA,NA,NA,NA,NA,NA,NA,NA,NA,0.00318471337579618,0.00188866242038217,0.507524137533504,0.0371365726143471,0.466501498688647,0.0980865290947344,0.400895850745982,0.148791275326397,0.184950980392157,0.0688749321266968,1.95,0.14826,NA,NA,NA,NA,NA,NA,NA,NA,NA,NA,NA,NA,NA,NA,NA,NA,NA,NA,NA,NA,NA,NA,NA,NA
"483","Jason Sanders","MIA","K","13832","robust",NA,NA,NA,NA,NA,NA,NA,NA,NA,NA,NA,NA,NA,NA,NA,NA,NA,NA,NA,NA,NA,NA,NA,NA,NA,NA,NA,NA,0.0354838709677419,0.0210433548387097,0.44,0.0830481062618596,0.51,0.0260134876660342,0.581190702087287,0.168656299810247,0.0674632352941177,0.0359748529411765,2.125,0.29652,NA,NA,NA,NA,NA,NA,NA,NA,NA,NA,NA,NA,NA,NA,NA,NA,NA,NA,NA,NA,NA,NA,NA,NA
"484","Greg Zuerlein","NYJ","K","10868","robust",NA,NA,NA,NA,NA,NA,NA,NA,NA,NA,NA,NA,NA,NA,NA,NA,NA,NA,NA,NA,NA,NA,NA,NA,NA,NA,NA,NA,0,0,0.38037037037037,0.142768888888889,0.486965811965812,0.153328717948718,0.397507122507123,0.14826,0.11039886039886,0.0392825641025641,1.76,0.177912,NA,NA,NA,NA,NA,NA,NA,NA,NA,NA,NA,NA,NA,NA,NA,NA,NA,NA,NA,NA,"Q","Groin",2023,2
"485","Anders Carlson","GB","K","16339","robust",NA,NA,NA,NA,NA,NA,NA,NA,NA,NA,NA,NA,NA,NA,NA,NA,NA,NA,NA,NA,NA,NA,NA,NA,NA,NA,NA,NA,0,0,0.501797819039198,0.122872714412025,0.556721190686708,0.170134139699381,0.455113468906572,0.0151624580017684,0.209358974358974,0.0633589743589743,2.05,0.14826,NA,NA,NA,NA,NA,NA,NA,NA,NA,NA,NA,NA,NA,NA,NA,NA,NA,NA,NA,NA,NA,NA,NA,NA
"486","Daniel Carlson","LVR","K","13718","robust",NA,NA,NA,NA,NA,NA,NA,NA,NA,NA,NA,NA,NA,NA,NA,NA,NA,NA,NA,NA,NA,NA,NA,NA,NA,NA,NA,NA,0.0126712328767123,0.00304643835616438,0.560819267775603,0.0266684246575343,0.585409328114808,0.0605177397260274,0.419659165035877,0.0499422465753425,0.262450396825397,0.06309875,2.025,0.14826,NA,NA,NA,NA,NA,NA,NA,NA,NA,NA,NA,NA,NA,NA,NA,NA,NA,NA,NA,NA,NA,NA,NA,NA
"487","Kaimi Fairbairn","HOU","K","12860","robust",NA,NA,NA,NA,NA,NA,NA,NA,NA,NA,NA,NA,NA,NA,NA,NA,NA,NA,NA,NA,NA,NA,NA,NA,NA,NA,NA,NA,0,0,0.452042483660131,0.0357083725490196,0.682625272331155,0.0967404575163399,0.43921568627451,0.0711906405228759,0.227867647058824,0.0850314705882353,2,0,NA,NA,NA,NA,NA,NA,NA,NA,NA,NA,NA,NA,NA,NA,NA,NA,NA,NA,NA,NA,NA,NA,NA,NA
"488","Nick Folk","TEN","K","8851","robust",NA,NA,NA,NA,NA,NA,NA,NA,NA,NA,NA,NA,NA,NA,NA,NA,NA,NA,NA,NA,NA,NA,NA,NA,NA,NA,NA,NA,0.0128571428571429,0.004236,0.601607142857143,0.044125,0.51,0.0988400000000001,0.508928571428572,0.0970750000000001,0.165,0.054362,2.15,0.29652,NA,NA,NA,NA,NA,NA,NA,NA,NA,NA,NA,NA,NA,NA,NA,NA,NA,NA,NA,NA,NA,NA,NA,NA
"489","Chase McLaughlin","TB","K","14717","robust",NA,NA,NA,NA,NA,NA,NA,NA,NA,NA,NA,NA,NA,NA,NA,NA,NA,NA,NA,NA,NA,NA,NA,NA,NA,NA,NA,NA,0.0158119658119658,0.00380153846153846,0.451505781799899,0.030471939668175,0.496502011060835,0.0376725007541477,0.543466566113625,0.129774087481146,0.296588235294118,0.0436058823529412,2.15,0.0593040000000001,NA,NA,NA,NA,NA,NA,NA,NA,NA,NA,NA,NA,NA,NA,NA,NA,NA,NA,NA,NA,NA,NA,NA,NA
"490","Jason Myers","SEA","K","12437","robust",NA,NA,NA,NA,NA,NA,NA,NA,NA,NA,NA,NA,NA,NA,NA,NA,NA,NA,NA,NA,NA,NA,NA,NA,NA,NA,NA,NA,0,0,0.476282467532468,0.00722045454545461,0.690146103896104,0.0799063636363638,0.481866883116883,0.00924218181818185,0.177291666666667,0.04262475,2.16,0.148259999999999,NA,NA,NA,NA,NA,NA,NA,NA,NA,NA,NA,NA,NA,NA,NA,NA,NA,NA,NA,NA,NA,NA,NA,NA
"491","Brett Maher","LAR","K","13909","robust",NA,NA,NA,NA,NA,NA,NA,NA,NA,NA,NA,NA,NA,NA,NA,NA,NA,NA,NA,NA,NA,NA,NA,NA,NA,NA,NA,NA,0.00223577235772358,0.00301341463414634,0.36912547280553,0.147049477500978,0.474630450849963,0.191608050084779,0.385483239859137,0.160693961132125,0.183529411764706,0.0824547593582887,1.9125,0.29652,NA,NA,NA,NA,NA,NA,NA,NA,NA,NA,NA,NA,NA,NA,NA,NA,NA,NA,NA,NA,NA,NA,NA,NA
"492","Justin Tucker","BAL","K","10976","robust",NA,NA,NA,NA,NA,NA,NA,NA,NA,NA,NA,NA,NA,NA,NA,NA,NA,NA,NA,NA,NA,NA,NA,NA,NA,NA,NA,NA,0.00432900432900433,0.00320909090909091,0.592977392977393,0.010411717171717,0.627994227994228,0.0830084848484849,0.502260702260702,0.0114742828282828,0.258333333333333,0.0833550666666667,2.05,0.14826,NA,NA,NA,NA,NA,NA,NA,NA,NA,NA,NA,NA,NA,NA,NA,NA,NA,NA,NA,NA,NA,NA,NA,NA
"493","Matt Prater","ARI","K","8930","robust",NA,NA,NA,NA,NA,NA,NA,NA,NA,NA,NA,NA,NA,NA,NA,NA,NA,NA,NA,NA,NA,NA,NA,NA,NA,NA,NA,NA,0,0,0.382684766214178,0.118608,0.554896133278486,0.219342670505965,0.340995475113122,0.136989556561086,0.200085784313726,0.0843047058823529,2,0.14826,NA,NA,NA,NA,NA,NA,NA,NA,NA,NA,NA,NA,NA,NA,NA,NA,NA,NA,NA,NA,NA,NA,NA,NA
"494","Greg Joseph","MIN","K","13898","robust",NA,NA,NA,NA,NA,NA,NA,NA,NA,NA,NA,NA,NA,NA,NA,NA,NA,NA,NA,NA,NA,NA,NA,NA,NA,NA,NA,NA,0,0,0.610595835324096,0.0798913377926421,0.616560758082497,0.0956405685618728,0.479686653925784,0.0669094381270902,0.209579326923077,0.0337386538461538,2,0,NA,NA,NA,NA,NA,NA,NA,NA,NA,NA,NA,NA,NA,NA,NA,NA,NA,NA,NA,NA,NA,NA,NA,NA
"495","Chad Ryland","NE","K","16292","robust",NA,NA,NA,NA,NA,NA,NA,NA,NA,NA,NA,NA,NA,NA,NA,NA,NA,NA,NA,NA,NA,NA,NA,NA,NA,NA,NA,NA,0,0,0.551795829442888,0.14826,0.506981014628073,0.139308104575163,0.529388422035481,0.14826,0.157457983193277,0.0390376470588235,1.975,0.14826,NA,NA,NA,NA,NA,NA,NA,NA,NA,NA,NA,NA,NA,NA,NA,NA,NA,NA,NA,NA,NA,NA,NA,NA
"496","Graham Gano","NYG","K","9694","robust",NA,NA,NA,NA,NA,NA,NA,NA,NA,NA,NA,NA,NA,NA,NA,NA,NA,NA,NA,NA,NA,NA,NA,NA,NA,NA,NA,NA,0.0136206896551724,0.0102248275862069,0.400886699507389,0.102053517241379,0.610336617405583,0.244835931034483,0.48051724137931,0.110428137931035,0.222619047619048,0.079425,2,0,NA,NA,NA,NA,NA,NA,NA,NA,NA,NA,NA,NA,NA,NA,NA,NA,NA,NA,NA,NA,NA,NA,NA,NA
"497","Cairo Santos","CHI","K","11945","robust",NA,NA,NA,NA,NA,NA,NA,NA,NA,NA,NA,NA,NA,NA,NA,NA,NA,NA,NA,NA,NA,NA,NA,NA,NA,NA,NA,NA,0,0,0.445,0.108867246376812,0.398248792270531,0.14826,0.45463768115942,0.0873802898550725,0.0645,0.0281694,1.9,0.14826,NA,NA,NA,NA,NA,NA,NA,NA,NA,NA,NA,NA,NA,NA,NA,NA,NA,NA,NA,NA,NA,NA,NA,NA
"498","Eddy Pineiro","CAR","K","13719","robust",NA,NA,NA,NA,NA,NA,NA,NA,NA,NA,NA,NA,NA,NA,NA,NA,NA,NA,NA,NA,NA,NA,NA,NA,NA,NA,NA,NA,0,0,0.423607323724192,0.0486075636930268,0.694559797428905,0.11730271133619,0.646545903129464,0.00706550058433959,0.0754901960784314,0.0284891764705882,1.83,0.14826,NA,NA,NA,NA,NA,NA,NA,NA,NA,NA,NA,NA,NA,NA,NA,NA,NA,NA,NA,NA,NA,NA,NA,NA
"499","Dustin Hopkins","CLE","K","11387","robust",NA,NA,NA,NA,NA,NA,NA,NA,NA,NA,NA,NA,NA,NA,NA,NA,NA,NA,NA,NA,NA,NA,NA,NA,NA,NA,NA,NA,0.0431372549019608,0.0142122875816993,0.406344537815126,0.0153381960784313,0.609984438219732,0.14821385620915,0.613025210084034,0.00650627450980406,0.0806827731092437,0.0195188235294118,1.925,0,NA,NA,NA,NA,NA,NA,NA,NA,NA,NA,NA,NA,NA,NA,NA,NA,NA,NA,NA,NA,NA,NA,NA,NA
"500","Joey Slye","WAS","K","14600","robust",NA,NA,NA,NA,NA,NA,NA,NA,NA,NA,NA,NA,NA,NA,NA,NA,NA,NA,NA,NA,NA,NA,NA,NA,NA,NA,NA,NA,0.00252873563218391,0.00340827586206897,0.452248437184916,0.180578826376286,0.475207703165961,0.0804771663641864,0.377767695099819,0.151542707803993,0.105672514619883,0.0471657543859649,1.73,0.14826,NA,NA,NA,NA,NA,NA,NA,NA,NA,NA,NA,NA,NA,NA,NA,NA,NA,NA,NA,NA,NA,NA,NA,NA
"501","Seahawks","SEA","DST","0515","robust",NA,NA,NA,NA,NA,NA,NA,NA,NA,NA,NA,NA,NA,NA,NA,NA,NA,NA,NA,NA,NA,NA,NA,NA,NA,NA,NA,NA,NA,NA,NA,NA,NA,NA,NA,NA,NA,NA,NA,NA,0.7,0.118608,1.85,0.177912,0.00666666666666667,0.004942,0.075,0.066717,0,NA,NA,NA,NA,NA,NA,NA,NA,NA,NA,NA,NA,NA,NA,NA
"502","Vikings","MIN","DST","0524","robust",NA,NA,NA,NA,NA,NA,NA,NA,NA,NA,NA,NA,NA,NA,NA,NA,NA,NA,NA,NA,NA,NA,NA,NA,NA,NA,NA,NA,NA,NA,NA,NA,NA,NA,NA,NA,NA,NA,NA,NA,0.67,0.103782,2.4,0.51891,0.01,0.007413,0.12,0.029652,0,NA,NA,NA,NA,NA,NA,NA,NA,NA,NA,NA,NA,NA,NA,NA
"503","Raiders","LVR","DST","0513","robust",NA,NA,NA,NA,NA,NA,NA,NA,NA,NA,NA,NA,NA,NA,NA,NA,NA,NA,NA,NA,NA,NA,NA,NA,NA,NA,NA,NA,NA,NA,NA,NA,NA,NA,NA,NA,NA,NA,NA,NA,0.895,0.14826,2,0.244629,0.00666666666666667,0.004942,0.11,0.029652,0,NA,NA,NA,NA,NA,NA,NA,NA,NA,NA,NA,NA,NA,NA,NA
"504","Bears","CHI","DST","0521","robust",NA,NA,NA,NA,NA,NA,NA,NA,NA,NA,NA,NA,NA,NA,NA,NA,NA,NA,NA,NA,NA,NA,NA,NA,NA,NA,NA,NA,NA,NA,NA,NA,NA,NA,NA,NA,NA,NA,NA,NA,0.88,0.0815429999999999,2,1.319514,0.0633333333333333,0.046949,0.1,0.096369,0,NA,NA,NA,NA,NA,NA,NA,NA,NA,NA,NA,NA,NA,NA,NA
"505","Jaguars","JAC","DST","0509","robust",NA,NA,NA,NA,NA,NA,NA,NA,NA,NA,NA,NA,NA,NA,NA,NA,NA,NA,NA,NA,NA,NA,NA,NA,NA,NA,NA,NA,NA,NA,NA,NA,NA,NA,NA,NA,NA,NA,NA,NA,0.635,0.096369,1.9,0.200151,0.01,0.007413,0.14,0.07413,0,NA,NA,NA,NA,NA,NA,NA,NA,NA,NA,NA,NA,NA,NA,NA
"506","Dolphins","MIA","DST","0503","robust",NA,NA,NA,NA,NA,NA,NA,NA,NA,NA,NA,NA,NA,NA,NA,NA,NA,NA,NA,NA,NA,NA,NA,NA,NA,NA,NA,NA,NA,NA,NA,NA,NA,NA,NA,NA,NA,NA,NA,NA,0.81,0.133434,2.44,0.44478,0.0433333333333333,0.009884,0.125,0.051891,0,NA,NA,NA,NA,NA,NA,NA,NA,NA,NA,NA,NA,NA,NA,NA
"507","Jets","NYJ","DST","0505","robust",NA,NA,NA,NA,NA,NA,NA,NA,NA,NA,NA,NA,NA,NA,NA,NA,NA,NA,NA,NA,NA,NA,NA,NA,NA,NA,NA,NA,NA,NA,NA,NA,NA,NA,NA,NA,NA,NA,NA,NA,0.85,0.022239,2.315,0.289107,0.04,0.014826,0.1,0.029652,0,NA,NA,NA,NA,NA,NA,NA,NA,NA,NA,NA,NA,NA,NA,NA
"508","Rams","LAR","DST","0528","robust",NA,NA,NA,NA,NA,NA,NA,NA,NA,NA,NA,NA,NA,NA,NA,NA,NA,NA,NA,NA,NA,NA,NA,NA,NA,NA,NA,NA,NA,NA,NA,NA,NA,NA,NA,NA,NA,NA,NA,NA,0.655,0.0593040000000001,2.2,0.29652,0.01,0.007413,0.1,0.029652,0,NA,NA,NA,NA,NA,NA,NA,NA,NA,NA,NA,NA,NA,NA,NA
"509","Ravens","BAL","DST","0531","robust",NA,NA,NA,NA,NA,NA,NA,NA,NA,NA,NA,NA,NA,NA,NA,NA,NA,NA,NA,NA,NA,NA,NA,NA,NA,NA,NA,NA,NA,NA,NA,NA,NA,NA,NA,NA,NA,NA,NA,NA,0.73,0.044478,3,0.229803,0.01,0.007413,0.1,0.081543,0,NA,NA,NA,NA,NA,NA,NA,NA,NA,NA,NA,NA,NA,NA,NA
"510","Patriots","NE","DST","0504","robust",NA,NA,NA,NA,NA,NA,NA,NA,NA,NA,NA,NA,NA,NA,NA,NA,NA,NA,NA,NA,NA,NA,NA,NA,NA,NA,NA,NA,NA,NA,NA,NA,NA,NA,NA,NA,NA,NA,NA,NA,1,0.081543,2.5,0.496671,0.01,0.007413,0.15,0.07413,0,NA,NA,NA,NA,NA,NA,NA,NA,NA,NA,NA,NA,NA,NA,NA
"511","Giants","NYG","DST","0517","robust",NA,NA,NA,NA,NA,NA,NA,NA,NA,NA,NA,NA,NA,NA,NA,NA,NA,NA,NA,NA,NA,NA,NA,NA,NA,NA,NA,NA,NA,NA,NA,NA,NA,NA,NA,NA,NA,NA,NA,NA,0.92,0.0815429999999999,2.535,0.244629,0.01,0.007413,0.125,0.07413,0,NA,NA,NA,NA,NA,NA,NA,NA,NA,NA,NA,NA,NA,NA,NA
"512","Colts","IND","DST","0502","robust",NA,NA,NA,NA,NA,NA,NA,NA,NA,NA,NA,NA,NA,NA,NA,NA,NA,NA,NA,NA,NA,NA,NA,NA,NA,NA,NA,NA,NA,NA,NA,NA,NA,NA,NA,NA,NA,NA,NA,NA,0.89,0.07413,2.6,0.29652,0.01,0.007413,0.17,0.07413,0,NA,NA,NA,NA,NA,NA,NA,NA,NA,NA,NA,NA,NA,NA,NA
"513","Titans","TEN","DST","0508","robust",NA,NA,NA,NA,NA,NA,NA,NA,NA,NA,NA,NA,NA,NA,NA,NA,NA,NA,NA,NA,NA,NA,NA,NA,NA,NA,NA,NA,NA,NA,NA,NA,NA,NA,NA,NA,NA,NA,NA,NA,0.75,0.0741300000000001,2.35,0.37065,0.0133333333333333,0.009884,0.075,0.066717,0,NA,NA,NA,NA,NA,NA,NA,NA,NA,NA,NA,NA,NA,NA,NA
"514","Chiefs","KC","DST","0512","robust",NA,NA,NA,NA,NA,NA,NA,NA,NA,NA,NA,NA,NA,NA,NA,NA,NA,NA,NA,NA,NA,NA,NA,NA,NA,NA,NA,NA,NA,NA,NA,NA,NA,NA,NA,NA,NA,NA,NA,NA,0.71,0.118608,2.295,0.22239,0.00666666666666667,0.004942,0.125,0.051891,0,NA,NA,NA,NA,NA,NA,NA,NA,NA,NA,NA,NA,NA,NA,NA
"515","Cardinals","ARI","DST","0519","robust",NA,NA,NA,NA,NA,NA,NA,NA,NA,NA,NA,NA,NA,NA,NA,NA,NA,NA,NA,NA,NA,NA,NA,NA,NA,NA,NA,NA,NA,NA,NA,NA,NA,NA,NA,NA,NA,NA,NA,NA,0.725,0.126021,2.95,0.29652,0.0166666666666667,0.012355,0.16,0.07413,0,NA,NA,NA,NA,NA,NA,NA,NA,NA,NA,NA,NA,NA,NA,NA
"516","Packers","GB","DST","0523","robust",NA,NA,NA,NA,NA,NA,NA,NA,NA,NA,NA,NA,NA,NA,NA,NA,NA,NA,NA,NA,NA,NA,NA,NA,NA,NA,NA,NA,NA,NA,NA,NA,NA,NA,NA,NA,NA,NA,NA,NA,0.62,0.51891,2.45,0.22239,0.01,0.007413,0.14,0.059304,0,NA,NA,NA,NA,NA,NA,NA,NA,NA,NA,NA,NA,NA,NA,NA
"517","Texans","HOU","DST","0532","robust",NA,NA,NA,NA,NA,NA,NA,NA,NA,NA,NA,NA,NA,NA,NA,NA,NA,NA,NA,NA,NA,NA,NA,NA,NA,NA,NA,NA,NA,NA,NA,NA,NA,NA,NA,NA,NA,NA,NA,NA,0.9,0.229803,2.845,0.44478,0.05,0,0.13,0.066717,0,NA,NA,NA,NA,NA,NA,NA,NA,NA,NA,NA,NA,NA,NA,NA
"518","Browns","CLE","DST","0507","robust",NA,NA,NA,NA,NA,NA,NA,NA,NA,NA,NA,NA,NA,NA,NA,NA,NA,NA,NA,NA,NA,NA,NA,NA,NA,NA,NA,NA,NA,NA,NA,NA,NA,NA,NA,NA,NA,NA,NA,NA,0.94,0.185325,2.615,0.274281,0.01,0.007413,0.15,0.044478,0,NA,NA,NA,NA,NA,NA,NA,NA,NA,NA,NA,NA,NA,NA,NA
"519","Chargers","LAC","DST","0514","robust",NA,NA,NA,NA,NA,NA,NA,NA,NA,NA,NA,NA,NA,NA,NA,NA,NA,NA,NA,NA,NA,NA,NA,NA,NA,NA,NA,NA,NA,NA,NA,NA,NA,NA,NA,NA,NA,NA,NA,NA,0.91,0.07413,2.735,0.155673,0.0466666666666667,0.004942,0.135,0.051891,0,NA,NA,NA,NA,NA,NA,NA,NA,NA,NA,NA,NA,NA,NA,NA
"520","Broncos","DEN","DST","0511","robust",NA,NA,NA,NA,NA,NA,NA,NA,NA,NA,NA,NA,NA,NA,NA,NA,NA,NA,NA,NA,NA,NA,NA,NA,NA,NA,NA,NA,NA,NA,NA,NA,NA,NA,NA,NA,NA,NA,NA,NA,0.935,0.118608,2.9,0.14826,0.06,0.014826,0.105,0.118608,0,NA,NA,NA,NA,NA,NA,NA,NA,NA,NA,NA,NA,NA,NA,NA
"521","Falcons","ATL","DST","0526","robust",NA,NA,NA,NA,NA,NA,NA,NA,NA,NA,NA,NA,NA,NA,NA,NA,NA,NA,NA,NA,NA,NA,NA,NA,NA,NA,NA,NA,NA,NA,NA,NA,NA,NA,NA,NA,NA,NA,NA,NA,0.785,0.170499,1.685,0.0889559999999999,0.01,0.007413,0.12,0.066717,0,NA,NA,NA,NA,NA,NA,NA,NA,NA,NA,NA,NA,NA,NA,NA
"522","Commanders","WAS","DST","0520","robust",NA,NA,NA,NA,NA,NA,NA,NA,NA,NA,NA,NA,NA,NA,NA,NA,NA,NA,NA,NA,NA,NA,NA,NA,NA,NA,NA,NA,NA,NA,NA,NA,NA,NA,NA,NA,NA,NA,NA,NA,0.725,0.177912,3.225,0.29652,0.05,0,0.12,0.051891,0,NA,NA,NA,NA,NA,NA,NA,NA,NA,NA,NA,NA,NA,NA,NA
"523","Lions","DET","DST","0522","robust",NA,NA,NA,NA,NA,NA,NA,NA,NA,NA,NA,NA,NA,NA,NA,NA,NA,NA,NA,NA,NA,NA,NA,NA,NA,NA,NA,NA,NA,NA,NA,NA,NA,NA,NA,NA,NA,NA,NA,NA,0.9,0.051891,2.595,0.140847,0.0166666666666667,0.012355,0.15,0.07413,0,NA,NA,NA,NA,NA,NA,NA,NA,NA,NA,NA,NA,NA,NA,NA
"524","Bengals","CIN","DST","0506","robust",NA,NA,NA,NA,NA,NA,NA,NA,NA,NA,NA,NA,NA,NA,NA,NA,NA,NA,NA,NA,NA,NA,NA,NA,NA,NA,NA,NA,NA,NA,NA,NA,NA,NA,NA,NA,NA,NA,NA,NA,0.94,0.0741300000000001,2.65,0.37065,0.0133333333333333,0.009884,0.125,0.059304,0,NA,NA,NA,NA,NA,NA,NA,NA,NA,NA,NA,NA,NA,NA,NA
"525","Eagles","PHI","DST","0518","robust",NA,NA,NA,NA,NA,NA,NA,NA,NA,NA,NA,NA,NA,NA,NA,NA,NA,NA,NA,NA,NA,NA,NA,NA,NA,NA,NA,NA,NA,NA,NA,NA,NA,NA,NA,NA,NA,NA,NA,NA,0.85,0.14826,3.41,0.66717,0.01,0.007413,0.175,0.014826,0,NA,NA,NA,NA,NA,NA,NA,NA,NA,NA,NA,NA,NA,NA,NA
"526","Panthers","CAR","DST","0527","robust",NA,NA,NA,NA,NA,NA,NA,NA,NA,NA,NA,NA,NA,NA,NA,NA,NA,NA,NA,NA,NA,NA,NA,NA,NA,NA,NA,NA,NA,NA,NA,NA,NA,NA,NA,NA,NA,NA,NA,NA,0.73,0.14826,2.445,0.22239,0.01,0.007413,0.1,0.029652,0,NA,NA,NA,NA,NA,NA,NA,NA,NA,NA,NA,NA,NA,NA,NA
"527","Saints","NO","DST","0529","robust",NA,NA,NA,NA,NA,NA,NA,NA,NA,NA,NA,NA,NA,NA,NA,NA,NA,NA,NA,NA,NA,NA,NA,NA,NA,NA,NA,NA,NA,NA,NA,NA,NA,NA,NA,NA,NA,NA,NA,NA,0.9,0.096369,2.57,0.489258,0.01,0.007413,0.125,0.066717,0,NA,NA,NA,NA,NA,NA,NA,NA,NA,NA,NA,NA,NA,NA,NA
"528","Bills","BUF","DST","0501","robust",NA,NA,NA,NA,NA,NA,NA,NA,NA,NA,NA,NA,NA,NA,NA,NA,NA,NA,NA,NA,NA,NA,NA,NA,NA,NA,NA,NA,NA,NA,NA,NA,NA,NA,NA,NA,NA,NA,NA,NA,0.895,0.155673,2.25,0.214977,0.0433333333333333,0.009884,0.125,0.07413,0,NA,NA,NA,NA,NA,NA,NA,NA,NA,NA,NA,NA,NA,NA,NA
"529","Steelers","PIT","DST","0510","robust",NA,NA,NA,NA,NA,NA,NA,NA,NA,NA,NA,NA,NA,NA,NA,NA,NA,NA,NA,NA,NA,NA,NA,NA,NA,NA,NA,NA,NA,NA,NA,NA,NA,NA,NA,NA,NA,NA,NA,NA,0.895,0.14826,3.33,0.474432,0.0166666666666667,0.012355,0.1,0.088956,0,NA,NA,NA,NA,NA,NA,NA,NA,NA,NA,NA,NA,NA,NA,NA
"530","Buccaneers","TB","DST","0525","robust",NA,NA,NA,NA,NA,NA,NA,NA,NA,NA,NA,NA,NA,NA,NA,NA,NA,NA,NA,NA,NA,NA,NA,NA,NA,NA,NA,NA,NA,NA,NA,NA,NA,NA,NA,NA,NA,NA,NA,NA,0.9,0.22239,3.55,0.59304,0.02,0.014826,0.1,0.111195,0,NA,NA,NA,NA,NA,NA,NA,NA,NA,NA,NA,NA,NA,NA,NA
"531","Cowboys","DAL","DST","0516","robust",NA,NA,NA,NA,NA,NA,NA,NA,NA,NA,NA,NA,NA,NA,NA,NA,NA,NA,NA,NA,NA,NA,NA,NA,NA,NA,NA,NA,NA,NA,NA,NA,NA,NA,NA,NA,NA,NA,NA,NA,1,0.111195,3.185,0.14826,0.0533333333333333,0.004942,0.2,0.059304,0,NA,NA,NA,NA,NA,NA,NA,NA,NA,NA,NA,NA,NA,NA,NA
"532","49ers","SF","DST","0530","robust",NA,NA,NA,NA,NA,NA,NA,NA,NA,NA,NA,NA,NA,NA,NA,NA,NA,NA,NA,NA,NA,NA,NA,NA,NA,NA,NA,NA,NA,NA,NA,NA,NA,NA,NA,NA,NA,NA,NA,NA,0.995,0.14826,2.95,0.378063,0.01,0.007413,0.1,0.103782,0,NA,NA,NA,NA,NA,NA,NA,NA,NA,NA,NA,NA,NA,NA,NA
"533","Maxx Crosby","LVR","DL","14225","robust",NA,NA,NA,NA,NA,NA,NA,NA,NA,NA,NA,NA,NA,NA,NA,NA,NA,NA,NA,NA,NA,NA,NA,NA,NA,NA,NA,NA,NA,NA,NA,NA,NA,NA,NA,NA,NA,NA,NA,NA,NA,NA,NA,NA,NA,NA,NA,NA,NA,NA,3.465,0.7413,0.74,0.0593040000000001,0.005,0.007413,0.16,0.059304,0.005,0.007413,NA,NA,NA,NA
"534","Zaven Collins","ARI","DL","15352","robust",NA,NA,NA,NA,NA,NA,NA,NA,NA,NA,NA,NA,NA,NA,NA,NA,NA,NA,NA,NA,NA,NA,NA,NA,NA,NA,NA,NA,NA,NA,NA,NA,NA,NA,NA,NA,NA,NA,NA,NA,NA,NA,NA,NA,NA,NA,NA,NA,NA,NA,3.4,2.2239,0.5,0,0.2,0,0.5,0,0,0,NA,NA,NA,NA
"535","Aaron Donald","LAR","DL","11757","robust",NA,NA,NA,NA,NA,NA,NA,NA,NA,NA,NA,NA,NA,NA,NA,NA,NA,NA,NA,NA,NA,NA,NA,NA,NA,NA,NA,NA,NA,NA,NA,NA,NA,NA,NA,NA,NA,NA,NA,NA,NA,NA,NA,NA,NA,NA,NA,NA,NA,NA,2.9525,1.63086,0.64,0.0889559999999999,0,0,0.11,0.014826,0.005,0.007413,NA,NA,NA,NA
"536","Jonathan Allen","WAS","DL","13208","robust",NA,NA,NA,NA,NA,NA,NA,NA,NA,NA,NA,NA,NA,NA,NA,NA,NA,NA,NA,NA,NA,NA,NA,NA,NA,NA,NA,NA,NA,NA,NA,NA,NA,NA,NA,NA,NA,NA,NA,NA,NA,NA,NA,NA,NA,NA,NA,NA,NA,NA,3.2575,1.03782,0.67,0.103782,0.005,0.007413,0.105,0.00741299999999999,0.005,0.007413,NA,NA,NA,NA
"537","Derrick Brown","CAR","DL","14897","robust",NA,NA,NA,NA,NA,NA,NA,NA,NA,NA,NA,NA,NA,NA,NA,NA,NA,NA,NA,NA,NA,NA,NA,NA,NA,NA,NA,NA,NA,NA,NA,NA,NA,NA,NA,NA,NA,NA,NA,NA,NA,NA,NA,NA,NA,NA,NA,NA,NA,NA,3.48,1.749468,0.21,0.014826,0.005,0.007413,0.24,0.088956,0.005,0.007413,NA,NA,NA,NA
"538","Harrison Phillips","MIN","DL","13693","robust",NA,NA,NA,NA,NA,NA,NA,NA,NA,NA,NA,NA,NA,NA,NA,NA,NA,NA,NA,NA,NA,NA,NA,NA,NA,NA,NA,NA,NA,NA,NA,NA,NA,NA,NA,NA,NA,NA,NA,NA,NA,NA,NA,NA,NA,NA,NA,NA,NA,NA,3.1,1.92738,0.155,0.081543,0,0,0.18,0.029652,0.005,0.007413,NA,NA,NA,NA
"539","Zach Allen","DEN","DL","14153","robust",NA,NA,NA,NA,NA,NA,NA,NA,NA,NA,NA,NA,NA,NA,NA,NA,NA,NA,NA,NA,NA,NA,NA,NA,NA,NA,NA,NA,NA,NA,NA,NA,NA,NA,NA,NA,NA,NA,NA,NA,NA,NA,NA,NA,NA,NA,NA,NA,NA,NA,3.085,1.756881,0.39,0.133434,0.005,0.007413,0.27,0.192738,0.005,0.007413,NA,NA,NA,NA
"540","Danielle Hunter","MIN","DL","12221","robust",NA,NA,NA,NA,NA,NA,NA,NA,NA,NA,NA,NA,NA,NA,NA,NA,NA,NA,NA,NA,NA,NA,NA,NA,NA,NA,NA,NA,NA,NA,NA,NA,NA,NA,NA,NA,NA,NA,NA,NA,NA,NA,NA,NA,NA,NA,NA,NA,NA,NA,2.71,1.33434,0.555,0.229803,0.005,0.007413,0.205,0.140847,0.005,0.007413,NA,NA,NA,NA
"541","Zach Sieler","MIA","DL","13839","robust",NA,NA,NA,NA,NA,NA,NA,NA,NA,NA,NA,NA,NA,NA,NA,NA,NA,NA,NA,NA,NA,NA,NA,NA,NA,NA,NA,NA,NA,NA,NA,NA,NA,NA,NA,NA,NA,NA,NA,NA,NA,NA,NA,NA,NA,NA,NA,NA,NA,NA,3.4,1.18608,0.37,0.044478,0.005,0.007413,0.125,0.037065,0.005,0.007413,NA,NA,NA,NA
"542","Brian Burns","CAR","DL","14171","robust",NA,NA,NA,NA,NA,NA,NA,NA,NA,NA,NA,NA,NA,NA,NA,NA,NA,NA,NA,NA,NA,NA,NA,NA,NA,NA,NA,NA,NA,NA,NA,NA,NA,NA,NA,NA,NA,NA,NA,NA,NA,NA,NA,NA,NA,NA,NA,NA,NA,NA,2.6425,1.63086,0.695,0.155673,0.005,0.007413,0.165,0.051891,0.005,0.007413,NA,NA,NA,NA
"543","Cameron Jordan","NO","DL","10292","robust",NA,NA,NA,NA,NA,NA,NA,NA,NA,NA,NA,NA,NA,NA,NA,NA,NA,NA,NA,NA,NA,NA,NA,NA,NA,NA,NA,NA,NA,NA,NA,NA,NA,NA,NA,NA,NA,NA,NA,NA,NA,NA,NA,NA,NA,NA,NA,NA,NA,NA,2.6,1.4826,0.63,0.103782,0.005,0.007413,0.26,0.207564,0.005,0.007413,NA,NA,NA,NA
"544","DeForest Buckner","IND","DL","12688","robust",NA,NA,NA,NA,NA,NA,NA,NA,NA,NA,NA,NA,NA,NA,NA,NA,NA,NA,NA,NA,NA,NA,NA,NA,NA,NA,NA,NA,NA,NA,NA,NA,NA,NA,NA,NA,NA,NA,NA,NA,NA,NA,NA,NA,NA,NA,NA,NA,NA,NA,2.69,1.33434,0.455,0.066717,0,0,0.11,0.014826,0.055,0.066717,NA,NA,NA,NA
"545","Da'Ron Payne","WAS","DL","13723","robust",NA,NA,NA,NA,NA,NA,NA,NA,NA,NA,NA,NA,NA,NA,NA,NA,NA,NA,NA,NA,NA,NA,NA,NA,NA,NA,NA,NA,NA,NA,NA,NA,NA,NA,NA,NA,NA,NA,NA,NA,NA,NA,NA,NA,NA,NA,NA,NA,NA,NA,2.4,0.7413,0.53,0.044478,0.005,0.007413,0.16,0.059304,0.005,0.007413,NA,NA,NA,NA
"546","B.J. Hill","CIN","DL","13742","robust",NA,NA,NA,NA,NA,NA,NA,NA,NA,NA,NA,NA,NA,NA,NA,NA,NA,NA,NA,NA,NA,NA,NA,NA,NA,NA,NA,NA,NA,NA,NA,NA,NA,NA,NA,NA,NA,NA,NA,NA,NA,NA,NA,NA,NA,NA,NA,NA,NA,NA,2.0675,1.33434,0.27,0.103782,0.005,0.007413,0.22,0.118608,0.005,0.007413,NA,NA,NA,NA
"547","Jeffery Simmons","TEN","DL","14163","robust",NA,NA,NA,NA,NA,NA,NA,NA,NA,NA,NA,NA,NA,NA,NA,NA,NA,NA,NA,NA,NA,NA,NA,NA,NA,NA,NA,NA,NA,NA,NA,NA,NA,NA,NA,NA,NA,NA,NA,NA,NA,NA,NA,NA,NA,NA,NA,NA,NA,NA,2.93,1.230558,0.545,0.081543,0,0,0.255,0.214977,0.005,0.007413,NA,NA,NA,NA
"548","Sam Hubbard","CIN","DL","13684","robust",NA,NA,NA,NA,NA,NA,NA,NA,NA,NA,NA,NA,NA,NA,NA,NA,NA,NA,NA,NA,NA,NA,NA,NA,NA,NA,NA,NA,NA,NA,NA,NA,NA,NA,NA,NA,NA,NA,NA,NA,NA,NA,NA,NA,NA,NA,NA,NA,NA,NA,2.265,1.92738,0.485,0.022239,0,0,0.16,0.059304,0.005,0.007413,NA,NA,NA,NA
"549","Michael Danna","KC","DL","14978","robust",NA,NA,NA,NA,NA,NA,NA,NA,NA,NA,NA,NA,NA,NA,NA,NA,NA,NA,NA,NA,NA,NA,NA,NA,NA,NA,NA,NA,NA,NA,NA,NA,NA,NA,NA,NA,NA,NA,NA,NA,NA,NA,NA,NA,NA,NA,NA,NA,NA,NA,2.1075,0.44478,0.455,0.066717,0,0,0.11,0.014826,0.005,0.007413,NA,NA,NA,NA
"550","Micah Parsons","DAL","DL","15350","robust",NA,NA,NA,NA,NA,NA,NA,NA,NA,NA,NA,NA,NA,NA,NA,NA,NA,NA,NA,NA,NA,NA,NA,NA,NA,NA,NA,NA,NA,NA,NA,NA,NA,NA,NA,NA,NA,NA,NA,NA,NA,NA,NA,NA,NA,NA,NA,NA,NA,NA,3.1,0.7413,0.9,0,0,0,0.2,0,0,0,NA,NA,NA,NA
"551","Josh Sweat","PHI","DL","13690","robust",NA,NA,NA,NA,NA,NA,NA,NA,NA,NA,NA,NA,NA,NA,NA,NA,NA,NA,NA,NA,NA,NA,NA,NA,NA,NA,NA,NA,NA,NA,NA,NA,NA,NA,NA,NA,NA,NA,NA,NA,NA,NA,NA,NA,NA,NA,NA,NA,NA,NA,2.0175,0.44478,0.645,0.0667169999999999,0.005,0.007413,0.15,0.07413,0.005,0.007413,NA,NA,NA,NA
"552","Myles Garrett","CLE","DL","13198","robust",NA,NA,NA,NA,NA,NA,NA,NA,NA,NA,NA,NA,NA,NA,NA,NA,NA,NA,NA,NA,NA,NA,NA,NA,NA,NA,NA,NA,NA,NA,NA,NA,NA,NA,NA,NA,NA,NA,NA,NA,NA,NA,NA,NA,NA,NA,NA,NA,NA,NA,2.515,0.59304,0.87,0.044478,0,0,0.135,0.096369,0.005,0.007413,NA,NA,NA,NA
"553","Carl Granderson","NO","DL","14405","robust",NA,NA,NA,NA,NA,NA,NA,NA,NA,NA,NA,NA,NA,NA,NA,NA,NA,NA,NA,NA,NA,NA,NA,NA,NA,NA,NA,NA,NA,NA,NA,NA,NA,NA,NA,NA,NA,NA,NA,NA,NA,NA,NA,NA,NA,NA,NA,NA,NA,NA,2.08,0.88956,0.485,0.170499,0,0,0.065,0.096369,0.005,0.007413,NA,NA,NA,NA
"554","Quinnen Williams","NYJ","DL","14157","robust",NA,NA,NA,NA,NA,NA,NA,NA,NA,NA,NA,NA,NA,NA,NA,NA,NA,NA,NA,NA,NA,NA,NA,NA,NA,NA,NA,NA,NA,NA,NA,NA,NA,NA,NA,NA,NA,NA,NA,NA,NA,NA,NA,NA,NA,NA,NA,NA,NA,NA,2.4275,1.03782,0.455,0.066717,0,0,0.16,0.059304,0.005,0.007413,NA,NA,NA,NA
"555","Randy Gregory","DEN","DL","12215","robust",NA,NA,NA,NA,NA,NA,NA,NA,NA,NA,NA,NA,NA,NA,NA,NA,NA,NA,NA,NA,NA,NA,NA,NA,NA,NA,NA,NA,NA,NA,NA,NA,NA,NA,NA,NA,NA,NA,NA,NA,NA,NA,NA,NA,NA,NA,NA,NA,NA,NA,2.425,1.4826,0.65,0.0741299999999999,0.06,0.059304,0.16,0.059304,0.005,0.007413,NA,NA,NA,NA
"556","D.J. Wonnum","MIN","DL","14947","robust",NA,NA,NA,NA,NA,NA,NA,NA,NA,NA,NA,NA,NA,NA,NA,NA,NA,NA,NA,NA,NA,NA,NA,NA,NA,NA,NA,NA,NA,NA,NA,NA,NA,NA,NA,NA,NA,NA,NA,NA,NA,NA,NA,NA,NA,NA,NA,NA,NA,NA,1.57,0.29652,0.37,0.103782,0.005,0.007413,0.165,0.051891,0.005,0.007413,NA,NA,NA,NA
"557","Montez Sweat","WAS","DL","14148","robust",NA,NA,NA,NA,NA,NA,NA,NA,NA,NA,NA,NA,NA,NA,NA,NA,NA,NA,NA,NA,NA,NA,NA,NA,NA,NA,NA,NA,NA,NA,NA,NA,NA,NA,NA,NA,NA,NA,NA,NA,NA,NA,NA,NA,NA,NA,NA,NA,NA,NA,2,0.7413,0.6,0.14826,0.005,0.007413,0.1,0,0.005,0.007413,NA,NA,NA,NA
"558","Javon Hargrave","SF","DL","12764","robust",NA,NA,NA,NA,NA,NA,NA,NA,NA,NA,NA,NA,NA,NA,NA,NA,NA,NA,NA,NA,NA,NA,NA,NA,NA,NA,NA,NA,NA,NA,NA,NA,NA,NA,NA,NA,NA,NA,NA,NA,NA,NA,NA,NA,NA,NA,NA,NA,NA,NA,2.0875,0.59304,0.55,0.0741299999999999,0,0,0.155,0.066717,0.005,0.007413,NA,NA,NA,NA
"559","T.J. Watt","PIT","DL","13214","robust",NA,NA,NA,NA,NA,NA,NA,NA,NA,NA,NA,NA,NA,NA,NA,NA,NA,NA,NA,NA,NA,NA,NA,NA,NA,NA,NA,NA,NA,NA,NA,NA,NA,NA,NA,NA,NA,NA,NA,NA,NA,NA,NA,NA,NA,NA,NA,NA,NA,NA,2.5,1.18608,1.2,0,0,0,0.5,0,0,0,NA,NA,NA,NA
"560","Bradley Chubb","MIA","DL","13681","robust",NA,NA,NA,NA,NA,NA,NA,NA,NA,NA,NA,NA,NA,NA,NA,NA,NA,NA,NA,NA,NA,NA,NA,NA,NA,NA,NA,NA,NA,NA,NA,NA,NA,NA,NA,NA,NA,NA,NA,NA,NA,NA,NA,NA,NA,NA,NA,NA,NA,NA,1.61,0.59304,0.335,0.200151,0.005,0.007413,0.115,0.022239,0.005,0.007413,NA,NA,NA,NA
"561","Aidan Hutchinson","DET","DL","15805","robust",NA,NA,NA,NA,NA,NA,NA,NA,NA,NA,NA,NA,NA,NA,NA,NA,NA,NA,NA,NA,NA,NA,NA,NA,NA,NA,NA,NA,NA,NA,NA,NA,NA,NA,NA,NA,NA,NA,NA,NA,NA,NA,NA,NA,NA,NA,NA,NA,NA,NA,2.625,0.59304,0.59,0.014826,0.06,0.059304,0.12,0.029652,0.005,0.007413,NA,NA,NA,NA
"562","Nick Bosa","SF","DL","14147","robust",NA,NA,NA,NA,NA,NA,NA,NA,NA,NA,NA,NA,NA,NA,NA,NA,NA,NA,NA,NA,NA,NA,NA,NA,NA,NA,NA,NA,NA,NA,NA,NA,NA,NA,NA,NA,NA,NA,NA,NA,NA,NA,NA,NA,NA,NA,NA,NA,NA,NA,2.4675,0.29652,0.825,0.0370649999999999,0.005,0.007413,0.04,0.059304,0.005,0.007413,NA,NA,NA,NA
"563","Will Anderson","HOU","DL","16223","robust",NA,NA,NA,NA,NA,NA,NA,NA,NA,NA,NA,NA,NA,NA,NA,NA,NA,NA,NA,NA,NA,NA,NA,NA,NA,NA,NA,NA,NA,NA,NA,NA,NA,NA,NA,NA,NA,NA,NA,NA,NA,NA,NA,NA,NA,NA,NA,NA,NA,NA,2.75,0.51891,0.9,0,0.1,0,0.2,0,0.1,0,NA,NA,NA,NA
"564","Jaelan Phillips","MIA","DL","15349","robust",NA,NA,NA,NA,NA,NA,NA,NA,NA,NA,NA,NA,NA,NA,NA,NA,NA,NA,NA,NA,NA,NA,NA,NA,NA,NA,NA,NA,NA,NA,NA,NA,NA,NA,NA,NA,NA,NA,NA,NA,NA,NA,NA,NA,NA,NA,NA,NA,NA,NA,2.25,0.81543,0.4,0,0,0,0.1,0,0,0,"Q","Back",2023,2
"565","Harold Landry","TEN","DL","13700","robust",NA,NA,NA,NA,NA,NA,NA,NA,NA,NA,NA,NA,NA,NA,NA,NA,NA,NA,NA,NA,NA,NA,NA,NA,NA,NA,NA,NA,NA,NA,NA,NA,NA,NA,NA,NA,NA,NA,NA,NA,NA,NA,NA,NA,NA,NA,NA,NA,NA,NA,2.4,0.29652,0.8,0,0,0,0.3,0,0,0,NA,NA,NA,NA
"566","Matt Judon","NE","DL","12795","robust",NA,NA,NA,NA,NA,NA,NA,NA,NA,NA,NA,NA,NA,NA,NA,NA,NA,NA,NA,NA,NA,NA,NA,NA,NA,NA,NA,NA,NA,NA,NA,NA,NA,NA,NA,NA,NA,NA,NA,NA,NA,NA,NA,NA,NA,NA,NA,NA,NA,NA,2.15,0.66717,0.6,0,0,0,0.1,0,0,0,NA,NA,NA,NA
"567","Shaquil Barrett","TB","DL","12075","robust",NA,NA,NA,NA,NA,NA,NA,NA,NA,NA,NA,NA,NA,NA,NA,NA,NA,NA,NA,NA,NA,NA,NA,NA,NA,NA,NA,NA,NA,NA,NA,NA,NA,NA,NA,NA,NA,NA,NA,NA,NA,NA,NA,NA,NA,NA,NA,NA,NA,NA,2.2,0.59304,0.5,0,0,0,0.1,0,0,0,NA,NA,NA,NA
"568","Gregory Rousseau","BUF","DL","15346","robust",NA,NA,NA,NA,NA,NA,NA,NA,NA,NA,NA,NA,NA,NA,NA,NA,NA,NA,NA,NA,NA,NA,NA,NA,NA,NA,NA,NA,NA,NA,NA,NA,NA,NA,NA,NA,NA,NA,NA,NA,NA,NA,NA,NA,NA,NA,NA,NA,NA,NA,2.25,0.37065,0.6,0,0,0,0.3,0,0,0,NA,NA,NA,NA
"569","Josh Allen","JAC","DL","14167","robust",NA,NA,NA,NA,NA,NA,NA,NA,NA,NA,NA,NA,NA,NA,NA,NA,NA,NA,NA,NA,NA,NA,NA,NA,NA,NA,NA,NA,NA,NA,NA,NA,NA,NA,NA,NA,NA,NA,NA,NA,NA,NA,NA,NA,NA,NA,NA,NA,NA,NA,2.1,0.59304,0.5,0,0,0,0.1,0,0,0,NA,NA,NA,NA
"570","Alex Highsmith","PIT","DL","14940","robust",NA,NA,NA,NA,NA,NA,NA,NA,NA,NA,NA,NA,NA,NA,NA,NA,NA,NA,NA,NA,NA,NA,NA,NA,NA,NA,NA,NA,NA,NA,NA,NA,NA,NA,NA,NA,NA,NA,NA,NA,NA,NA,NA,NA,NA,NA,NA,NA,NA,NA,1.85,0.96369,0.3,0,0,0,0.1,0,0,0,NA,NA,NA,NA
"571","Uchenna Nwosu","SEA","DL","13704","robust",NA,NA,NA,NA,NA,NA,NA,NA,NA,NA,NA,NA,NA,NA,NA,NA,NA,NA,NA,NA,NA,NA,NA,NA,NA,NA,NA,NA,NA,NA,NA,NA,NA,NA,NA,NA,NA,NA,NA,NA,NA,NA,NA,NA,NA,NA,NA,NA,NA,NA,2.2,0.29652,0.7,0,0,0,0.3,0,0,0,NA,NA,NA,NA
"572","Rashan Gary","GB","DL","14149","robust",NA,NA,NA,NA,NA,NA,NA,NA,NA,NA,NA,NA,NA,NA,NA,NA,NA,NA,NA,NA,NA,NA,NA,NA,NA,NA,NA,NA,NA,NA,NA,NA,NA,NA,NA,NA,NA,NA,NA,NA,NA,NA,NA,NA,NA,NA,NA,NA,NA,NA,1.7,1.03782,0.7,0,0,0,0,0,0,0,NA,NA,NA,NA
"573","Kayvon Thibodeaux","NYG","DL","15806","robust",NA,NA,NA,NA,NA,NA,NA,NA,NA,NA,NA,NA,NA,NA,NA,NA,NA,NA,NA,NA,NA,NA,NA,NA,NA,NA,NA,NA,NA,NA,NA,NA,NA,NA,NA,NA,NA,NA,NA,NA,NA,NA,NA,NA,NA,NA,NA,NA,NA,NA,1.35,1.55673,0.4,0,0,0,0.2,0,0,0,NA,NA,NA,NA
"574","Jermaine Johnson","NYJ","DL","15809","robust",NA,NA,NA,NA,NA,NA,NA,NA,NA,NA,NA,NA,NA,NA,NA,NA,NA,NA,NA,NA,NA,NA,NA,NA,NA,NA,NA,NA,NA,NA,NA,NA,NA,NA,NA,NA,NA,NA,NA,NA,NA,NA,NA,NA,NA,NA,NA,NA,NA,NA,1.8,0.7413,0.5,0,0,0,0,0,0,0,NA,NA,NA,NA
"575","Joey Bosa","LAC","DL","12686","robust",NA,NA,NA,NA,NA,NA,NA,NA,NA,NA,NA,NA,NA,NA,NA,NA,NA,NA,NA,NA,NA,NA,NA,NA,NA,NA,NA,NA,NA,NA,NA,NA,NA,NA,NA,NA,NA,NA,NA,NA,NA,NA,NA,NA,NA,NA,NA,NA,NA,NA,1.95,0.51891,0.4,0,0,0,0,0,0,0,"Q","Hamstring",2023,2
"576","Preston Smith","GB","DL","12270","robust",NA,NA,NA,NA,NA,NA,NA,NA,NA,NA,NA,NA,NA,NA,NA,NA,NA,NA,NA,NA,NA,NA,NA,NA,NA,NA,NA,NA,NA,NA,NA,NA,NA,NA,NA,NA,NA,NA,NA,NA,NA,NA,NA,NA,NA,NA,NA,NA,NA,NA,1.85,0.66717,0,0,0,0,0.2,0,0,0,NA,NA,NA,NA
"577","Kwity Paye","IND","DL","15345","robust",NA,NA,NA,NA,NA,NA,NA,NA,NA,NA,NA,NA,NA,NA,NA,NA,NA,NA,NA,NA,NA,NA,NA,NA,NA,NA,NA,NA,NA,NA,NA,NA,NA,NA,NA,NA,NA,NA,NA,NA,NA,NA,NA,NA,NA,NA,NA,NA,NA,NA,1.65,0.81543,0.6,0,0,0,0,0,0,0,NA,NA,NA,NA
"578","Michael Hoecht","LAR","DL","15565","robust",NA,NA,NA,NA,NA,NA,NA,NA,NA,NA,NA,NA,NA,NA,NA,NA,NA,NA,NA,NA,NA,NA,NA,NA,NA,NA,NA,NA,NA,NA,NA,NA,NA,NA,NA,NA,NA,NA,NA,NA,NA,NA,NA,NA,NA,NA,NA,NA,NA,NA,1.85,0.37065,0.4,0,0,0,0.1,0,0,0,NA,NA,NA,NA
"579","Yannick Ngakoue","CHI","DL","12756","robust",NA,NA,NA,NA,NA,NA,NA,NA,NA,NA,NA,NA,NA,NA,NA,NA,NA,NA,NA,NA,NA,NA,NA,NA,NA,NA,NA,NA,NA,NA,NA,NA,NA,NA,NA,NA,NA,NA,NA,NA,NA,NA,NA,NA,NA,NA,NA,NA,NA,NA,1.65,0.66717,0.6,0,0,0,0.1,0,0,0,NA,NA,NA,NA
"580","James Houston","DET","DL","15928","robust",NA,NA,NA,NA,NA,NA,NA,NA,NA,NA,NA,NA,NA,NA,NA,NA,NA,NA,NA,NA,NA,NA,NA,NA,NA,NA,NA,NA,NA,NA,NA,NA,NA,NA,NA,NA,NA,NA,NA,NA,NA,NA,NA,NA,NA,NA,NA,NA,NA,NA,1.3,1.18608,0.2,0,0,0,0.1,0,0,0,NA,NA,NA,NA
"581","Jerry Hughes","HOU","DL","9853","robust",NA,NA,NA,NA,NA,NA,NA,NA,NA,NA,NA,NA,NA,NA,NA,NA,NA,NA,NA,NA,NA,NA,NA,NA,NA,NA,NA,NA,NA,NA,NA,NA,NA,NA,NA,NA,NA,NA,NA,NA,NA,NA,NA,NA,NA,NA,NA,NA,NA,NA,1.75,0.51891,0.5,0,0,0,0,0,0,0,NA,NA,NA,NA
"582","Travon Walker","JAC","DL","15815","robust",NA,NA,NA,NA,NA,NA,NA,NA,NA,NA,NA,NA,NA,NA,NA,NA,NA,NA,NA,NA,NA,NA,NA,NA,NA,NA,NA,NA,NA,NA,NA,NA,NA,NA,NA,NA,NA,NA,NA,NA,NA,NA,NA,NA,NA,NA,NA,NA,NA,NA,1.15,1.26021,0.3,0,0,0,0.2,0,0,0,NA,NA,NA,NA
"583","DeMarcus Walker","CHI","DL","13258","robust",NA,NA,NA,NA,NA,NA,NA,NA,NA,NA,NA,NA,NA,NA,NA,NA,NA,NA,NA,NA,NA,NA,NA,NA,NA,NA,NA,NA,NA,NA,NA,NA,NA,NA,NA,NA,NA,NA,NA,NA,NA,NA,NA,NA,NA,NA,NA,NA,NA,NA,1.95,0.0741300000000001,0.2,0,0,0,0,0,0,0,NA,NA,NA,NA
"584","Dorance Armstrong","DAL","DL","13759","robust",NA,NA,NA,NA,NA,NA,NA,NA,NA,NA,NA,NA,NA,NA,NA,NA,NA,NA,NA,NA,NA,NA,NA,NA,NA,NA,NA,NA,NA,NA,NA,NA,NA,NA,NA,NA,NA,NA,NA,NA,NA,NA,NA,NA,NA,NA,NA,NA,NA,NA,1.45,0.66717,0.7,0,0,0,0,0,0,0,NA,NA,NA,NA
"585","Demarcus Lawrence","DAL","DL","11769","robust",NA,NA,NA,NA,NA,NA,NA,NA,NA,NA,NA,NA,NA,NA,NA,NA,NA,NA,NA,NA,NA,NA,NA,NA,NA,NA,NA,NA,NA,NA,NA,NA,NA,NA,NA,NA,NA,NA,NA,NA,NA,NA,NA,NA,NA,NA,NA,NA,NA,NA,1.4,0.7413,0.5,0,0,0,0.1,0,0,0,NA,NA,NA,NA
"586","Grover Stewart","IND","DL","13298","robust",NA,NA,NA,NA,NA,NA,NA,NA,NA,NA,NA,NA,NA,NA,NA,NA,NA,NA,NA,NA,NA,NA,NA,NA,NA,NA,NA,NA,NA,NA,NA,NA,NA,NA,NA,NA,NA,NA,NA,NA,NA,NA,NA,NA,NA,NA,NA,NA,NA,NA,1.25,0.96369,0.1,0,0,0,0.1,0,0,0,NA,NA,NA,NA
"587","George Karlaftis","KC","DL","15808","robust",NA,NA,NA,NA,NA,NA,NA,NA,NA,NA,NA,NA,NA,NA,NA,NA,NA,NA,NA,NA,NA,NA,NA,NA,NA,NA,NA,NA,NA,NA,NA,NA,NA,NA,NA,NA,NA,NA,NA,NA,NA,NA,NA,NA,NA,NA,NA,NA,NA,NA,1.2,0.88956,0.7,0,0,0,0.4,0,0,0,NA,NA,NA,NA
"588","Dexter Lawrence","NYG","DL","14159","robust",NA,NA,NA,NA,NA,NA,NA,NA,NA,NA,NA,NA,NA,NA,NA,NA,NA,NA,NA,NA,NA,NA,NA,NA,NA,NA,NA,NA,NA,NA,NA,NA,NA,NA,NA,NA,NA,NA,NA,NA,NA,NA,NA,NA,NA,NA,NA,NA,NA,NA,0.9,1.33434,0.3,0,0,0,0.2,0,0,0,NA,NA,NA,NA
"589","Jonathan Greenard","HOU","DL","14882","robust",NA,NA,NA,NA,NA,NA,NA,NA,NA,NA,NA,NA,NA,NA,NA,NA,NA,NA,NA,NA,NA,NA,NA,NA,NA,NA,NA,NA,NA,NA,NA,NA,NA,NA,NA,NA,NA,NA,NA,NA,NA,NA,NA,NA,NA,NA,NA,NA,NA,NA,1.25,0.81543,0.2,0,0.1,0,0.1,0,0.1,0,NA,NA,NA,NA
"590","Byron Young","LAR","DL","16276","robust",NA,NA,NA,NA,NA,NA,NA,NA,NA,NA,NA,NA,NA,NA,NA,NA,NA,NA,NA,NA,NA,NA,NA,NA,NA,NA,NA,NA,NA,NA,NA,NA,NA,NA,NA,NA,NA,NA,NA,NA,NA,NA,NA,NA,NA,NA,NA,NA,NA,NA,0.85,1.40847,0.1,0,0,0,0,0,0,0,NA,NA,NA,NA
"591","Boye Mafe","SEA","DL","15853","robust",NA,NA,NA,NA,NA,NA,NA,NA,NA,NA,NA,NA,NA,NA,NA,NA,NA,NA,NA,NA,NA,NA,NA,NA,NA,NA,NA,NA,NA,NA,NA,NA,NA,NA,NA,NA,NA,NA,NA,NA,NA,NA,NA,NA,NA,NA,NA,NA,NA,NA,1.4,0.59304,0.1,0,0,0,0,0,0,0,"Q","Knee",2023,2
"592","Trey Hendrickson","CIN","DL","13284","robust",NA,NA,NA,NA,NA,NA,NA,NA,NA,NA,NA,NA,NA,NA,NA,NA,NA,NA,NA,NA,NA,NA,NA,NA,NA,NA,NA,NA,NA,NA,NA,NA,NA,NA,NA,NA,NA,NA,NA,NA,NA,NA,NA,NA,NA,NA,NA,NA,NA,NA,1,1.03782,0.6,0,0,0,0.3,0,0,0,NA,NA,NA,NA
"593","Maliek Collins","HOU","DL","12754","robust",NA,NA,NA,NA,NA,NA,NA,NA,NA,NA,NA,NA,NA,NA,NA,NA,NA,NA,NA,NA,NA,NA,NA,NA,NA,NA,NA,NA,NA,NA,NA,NA,NA,NA,NA,NA,NA,NA,NA,NA,NA,NA,NA,NA,NA,NA,NA,NA,NA,NA,1.35,0.51891,0.2,0,0,0,0.1,0,0,0,NA,NA,NA,NA
"594","Osa Odighizuwa","DAL","DL","15393","robust",NA,NA,NA,NA,NA,NA,NA,NA,NA,NA,NA,NA,NA,NA,NA,NA,NA,NA,NA,NA,NA,NA,NA,NA,NA,NA,NA,NA,NA,NA,NA,NA,NA,NA,NA,NA,NA,NA,NA,NA,NA,NA,NA,NA,NA,NA,NA,NA,NA,NA,1,0.88956,0.4,0,0,0,0,0,0,0,NA,NA,NA,NA
"595","Tyree Wilson","LVR","DL","16226","robust",NA,NA,NA,NA,NA,NA,NA,NA,NA,NA,NA,NA,NA,NA,NA,NA,NA,NA,NA,NA,NA,NA,NA,NA,NA,NA,NA,NA,NA,NA,NA,NA,NA,NA,NA,NA,NA,NA,NA,NA,NA,NA,NA,NA,NA,NA,NA,NA,NA,NA,0.9,1.03782,0.3,0,0,0,0.1,0,0,0,NA,NA,NA,NA
"596","Arik Armstead","SF","DL","12218","robust",NA,NA,NA,NA,NA,NA,NA,NA,NA,NA,NA,NA,NA,NA,NA,NA,NA,NA,NA,NA,NA,NA,NA,NA,NA,NA,NA,NA,NA,NA,NA,NA,NA,NA,NA,NA,NA,NA,NA,NA,NA,NA,NA,NA,NA,NA,NA,NA,NA,NA,1.15,0.66717,0.4,0,0,0,0,0,0,0,NA,NA,NA,NA
"597","Josh Uche","NE","DL","14925","robust",NA,NA,NA,NA,NA,NA,NA,NA,NA,NA,NA,NA,NA,NA,NA,NA,NA,NA,NA,NA,NA,NA,NA,NA,NA,NA,NA,NA,NA,NA,NA,NA,NA,NA,NA,NA,NA,NA,NA,NA,NA,NA,NA,NA,NA,NA,NA,NA,NA,NA,1.1,0.7413,0.4,0,0,0,0,0,0,0,NA,NA,NA,NA
"598","Vita Vea","TB","DL","13692","robust",NA,NA,NA,NA,NA,NA,NA,NA,NA,NA,NA,NA,NA,NA,NA,NA,NA,NA,NA,NA,NA,NA,NA,NA,NA,NA,NA,NA,NA,NA,NA,NA,NA,NA,NA,NA,NA,NA,NA,NA,NA,NA,NA,NA,NA,NA,NA,NA,NA,NA,1.05,0.81543,0.3,0,0,0,0,0,0,0,NA,NA,NA,NA
"599","D.J. Jones","DEN","DL","13332","robust",NA,NA,NA,NA,NA,NA,NA,NA,NA,NA,NA,NA,NA,NA,NA,NA,NA,NA,NA,NA,NA,NA,NA,NA,NA,NA,NA,NA,NA,NA,NA,NA,NA,NA,NA,NA,NA,NA,NA,NA,NA,NA,NA,NA,NA,NA,NA,NA,NA,NA,1.05,0.81543,0.2,0,0,0,0.3,0,0,0,NA,NA,NA,NA
"600","Jadeveon Clowney","BAL","DL","11706","robust",NA,NA,NA,NA,NA,NA,NA,NA,NA,NA,NA,NA,NA,NA,NA,NA,NA,NA,NA,NA,NA,NA,NA,NA,NA,NA,NA,NA,NA,NA,NA,NA,NA,NA,NA,NA,NA,NA,NA,NA,NA,NA,NA,NA,NA,NA,NA,NA,NA,NA,1.25,0.51891,0.3,0,0,0,0.2,0,0,0,NA,NA,NA,NA
"601","Jayson Oweh","BAL","DL","15378","robust",NA,NA,NA,NA,NA,NA,NA,NA,NA,NA,NA,NA,NA,NA,NA,NA,NA,NA,NA,NA,NA,NA,NA,NA,NA,NA,NA,NA,NA,NA,NA,NA,NA,NA,NA,NA,NA,NA,NA,NA,NA,NA,NA,NA,NA,NA,NA,NA,NA,NA,1,0.88956,0.1,0,0,0,0.3,0,0,0,NA,NA,NA,NA
"602","ZaDarius Smith","CLE","DL","12301","robust",NA,NA,NA,NA,NA,NA,NA,NA,NA,NA,NA,NA,NA,NA,NA,NA,NA,NA,NA,NA,NA,NA,NA,NA,NA,NA,NA,NA,NA,NA,NA,NA,NA,NA,NA,NA,NA,NA,NA,NA,NA,NA,NA,NA,NA,NA,NA,NA,NA,NA,0.9,0.88956,0.3,0,0,0,0.6,0,0,0,NA,NA,NA,NA
"603","Ed Oliver","BUF","DL","14158","robust",NA,NA,NA,NA,NA,NA,NA,NA,NA,NA,NA,NA,NA,NA,NA,NA,NA,NA,NA,NA,NA,NA,NA,NA,NA,NA,NA,NA,NA,NA,NA,NA,NA,NA,NA,NA,NA,NA,NA,NA,NA,NA,NA,NA,NA,NA,NA,NA,NA,NA,1.15,0.51891,0.4,0,0,0,0.3,0,0,0,NA,NA,NA,NA
"604","Darrell Taylor","SEA","DL","14923","robust",NA,NA,NA,NA,NA,NA,NA,NA,NA,NA,NA,NA,NA,NA,NA,NA,NA,NA,NA,NA,NA,NA,NA,NA,NA,NA,NA,NA,NA,NA,NA,NA,NA,NA,NA,NA,NA,NA,NA,NA,NA,NA,NA,NA,NA,NA,NA,NA,NA,NA,1.25,0.37065,0.4,0,0,0,0.2,0,0,0,NA,NA,NA,NA
"605","Rashad Weaver","TEN","DL","15347","robust",NA,NA,NA,NA,NA,NA,NA,NA,NA,NA,NA,NA,NA,NA,NA,NA,NA,NA,NA,NA,NA,NA,NA,NA,NA,NA,NA,NA,NA,NA,NA,NA,NA,NA,NA,NA,NA,NA,NA,NA,NA,NA,NA,NA,NA,NA,NA,NA,NA,NA,1.05,0.66717,0.3,0,0,0,0.3,0,0,0,NA,NA,NA,NA
"606","Ogbonnia Okoronkwo","CLE","DL","13685","robust",NA,NA,NA,NA,NA,NA,NA,NA,NA,NA,NA,NA,NA,NA,NA,NA,NA,NA,NA,NA,NA,NA,NA,NA,NA,NA,NA,NA,NA,NA,NA,NA,NA,NA,NA,NA,NA,NA,NA,NA,NA,NA,NA,NA,NA,NA,NA,NA,NA,NA,1,0.7413,0.3,0,0,0,0.1,0,0,0,NA,NA,NA,NA
"607","Charles Harris","DET","DL","13204","robust",NA,NA,NA,NA,NA,NA,NA,NA,NA,NA,NA,NA,NA,NA,NA,NA,NA,NA,NA,NA,NA,NA,NA,NA,NA,NA,NA,NA,NA,NA,NA,NA,NA,NA,NA,NA,NA,NA,NA,NA,NA,NA,NA,NA,NA,NA,NA,NA,NA,NA,0.85,0.96369,0.2,0,0,0,0.1,0,0,0,NA,NA,NA,NA
"608","D.J. Reader","CIN","DL","12802","robust",NA,NA,NA,NA,NA,NA,NA,NA,NA,NA,NA,NA,NA,NA,NA,NA,NA,NA,NA,NA,NA,NA,NA,NA,NA,NA,NA,NA,NA,NA,NA,NA,NA,NA,NA,NA,NA,NA,NA,NA,NA,NA,NA,NA,NA,NA,NA,NA,NA,NA,0.9,0.88956,0.1,0,0,0,0.3,0,0,0,NA,NA,NA,NA
"609","Joe Tryon","TB","DL","15379","robust",NA,NA,NA,NA,NA,NA,NA,NA,NA,NA,NA,NA,NA,NA,NA,NA,NA,NA,NA,NA,NA,NA,NA,NA,NA,NA,NA,NA,NA,NA,NA,NA,NA,NA,NA,NA,NA,NA,NA,NA,NA,NA,NA,NA,NA,NA,NA,NA,NA,NA,1.15,0.51891,0.1,0,0,0,0.2,0,0,0,NA,NA,NA,NA
"610","Marcus Davenport","MIN","DL","13688","robust",NA,NA,NA,NA,NA,NA,NA,NA,NA,NA,NA,NA,NA,NA,NA,NA,NA,NA,NA,NA,NA,NA,NA,NA,NA,NA,NA,NA,NA,NA,NA,NA,NA,NA,NA,NA,NA,NA,NA,NA,NA,NA,NA,NA,NA,NA,NA,NA,NA,NA,1.05,0.66717,0,0,0,0,0.1,0,0,0,NA,NA,NA,NA
"611","Brandon Graham","PHI","DL","9826","robust",NA,NA,NA,NA,NA,NA,NA,NA,NA,NA,NA,NA,NA,NA,NA,NA,NA,NA,NA,NA,NA,NA,NA,NA,NA,NA,NA,NA,NA,NA,NA,NA,NA,NA,NA,NA,NA,NA,NA,NA,NA,NA,NA,NA,NA,NA,NA,NA,NA,NA,1,0.59304,0.6,0,0,0,0.1,0,0,0,NA,NA,NA,NA
"612","Carl Lawson","NYJ","DL","13202","robust",NA,NA,NA,NA,NA,NA,NA,NA,NA,NA,NA,NA,NA,NA,NA,NA,NA,NA,NA,NA,NA,NA,NA,NA,NA,NA,NA,NA,NA,NA,NA,NA,NA,NA,NA,NA,NA,NA,NA,NA,NA,NA,NA,NA,NA,NA,NA,NA,NA,NA,0.85,0.81543,0.5,0,0,0,0,0,0,0,NA,NA,NA,NA
"613","Khalil Mack","LAC","DL","11721","robust",NA,NA,NA,NA,NA,NA,NA,NA,NA,NA,NA,NA,NA,NA,NA,NA,NA,NA,NA,NA,NA,NA,NA,NA,NA,NA,NA,NA,NA,NA,NA,NA,NA,NA,NA,NA,NA,NA,NA,NA,NA,NA,NA,NA,NA,NA,NA,NA,NA,NA,1.2,0.29652,0.3,0,0.1,0,0.1,0,0,0,NA,NA,NA,NA
"614","A.J. Epenesa","BUF","DL","14879","robust",NA,NA,NA,NA,NA,NA,NA,NA,NA,NA,NA,NA,NA,NA,NA,NA,NA,NA,NA,NA,NA,NA,NA,NA,NA,NA,NA,NA,NA,NA,NA,NA,NA,NA,NA,NA,NA,NA,NA,NA,NA,NA,NA,NA,NA,NA,NA,NA,NA,NA,1.1,0.44478,0.4,0,0,0,0.3,0,0,0,NA,NA,NA,NA
"615","Samson Ebukam","IND","DL","13294","robust",NA,NA,NA,NA,NA,NA,NA,NA,NA,NA,NA,NA,NA,NA,NA,NA,NA,NA,NA,NA,NA,NA,NA,NA,NA,NA,NA,NA,NA,NA,NA,NA,NA,NA,NA,NA,NA,NA,NA,NA,NA,NA,NA,NA,NA,NA,NA,NA,NA,NA,1,0.59304,0.2,0,0,0,0.1,0,0,0,NA,NA,NA,NA
"616","DaQuan Jones","BUF","DL","11793","robust",NA,NA,NA,NA,NA,NA,NA,NA,NA,NA,NA,NA,NA,NA,NA,NA,NA,NA,NA,NA,NA,NA,NA,NA,NA,NA,NA,NA,NA,NA,NA,NA,NA,NA,NA,NA,NA,NA,NA,NA,NA,NA,NA,NA,NA,NA,NA,NA,NA,NA,1,0.59304,0.1,0,0,0,0,0,0,0,NA,NA,NA,NA
"617","Tuli Tuipulotu","LAC","DL","16266","robust",NA,NA,NA,NA,NA,NA,NA,NA,NA,NA,NA,NA,NA,NA,NA,NA,NA,NA,NA,NA,NA,NA,NA,NA,NA,NA,NA,NA,NA,NA,NA,NA,NA,NA,NA,NA,NA,NA,NA,NA,NA,NA,NA,NA,NA,NA,NA,NA,NA,NA,1.1,0.44478,0,0,0,0,0,0,0,0,NA,NA,NA,NA
"618","Fletcher Cox","PHI","DL","10762","robust",NA,NA,NA,NA,NA,NA,NA,NA,NA,NA,NA,NA,NA,NA,NA,NA,NA,NA,NA,NA,NA,NA,NA,NA,NA,NA,NA,NA,NA,NA,NA,NA,NA,NA,NA,NA,NA,NA,NA,NA,NA,NA,NA,NA,NA,NA,NA,NA,NA,NA,0.65,0.96369,0.4,0,0,0,0,0,0,0,NA,NA,NA,NA
"619","David Ojabo","BAL","DL","15807","robust",NA,NA,NA,NA,NA,NA,NA,NA,NA,NA,NA,NA,NA,NA,NA,NA,NA,NA,NA,NA,NA,NA,NA,NA,NA,NA,NA,NA,NA,NA,NA,NA,NA,NA,NA,NA,NA,NA,NA,NA,NA,NA,NA,NA,NA,NA,NA,NA,NA,NA,0.75,0.81543,0.2,0,0,0,0.2,0,0,0,NA,NA,NA,NA
"620","John Franklin-Myers","NYJ","DL","13770","robust",NA,NA,NA,NA,NA,NA,NA,NA,NA,NA,NA,NA,NA,NA,NA,NA,NA,NA,NA,NA,NA,NA,NA,NA,NA,NA,NA,NA,NA,NA,NA,NA,NA,NA,NA,NA,NA,NA,NA,NA,NA,NA,NA,NA,NA,NA,NA,NA,NA,NA,0.3,1.33434,0.5,0,0,0,0,0,0,0,NA,NA,NA,NA
"621","Derrick Nnadi","KC","DL","13745","robust",NA,NA,NA,NA,NA,NA,NA,NA,NA,NA,NA,NA,NA,NA,NA,NA,NA,NA,NA,NA,NA,NA,NA,NA,NA,NA,NA,NA,NA,NA,NA,NA,NA,NA,NA,NA,NA,NA,NA,NA,NA,NA,NA,NA,NA,NA,NA,NA,NA,NA,0.65,0.81543,0.2,0,0,0,0,0,0,0,NA,NA,NA,NA
"622","Jihad Ward","NYG","DL","12744","robust",NA,NA,NA,NA,NA,NA,NA,NA,NA,NA,NA,NA,NA,NA,NA,NA,NA,NA,NA,NA,NA,NA,NA,NA,NA,NA,NA,NA,NA,NA,NA,NA,NA,NA,NA,NA,NA,NA,NA,NA,NA,NA,NA,NA,NA,NA,NA,NA,NA,NA,0.65,0.81543,0.1,0,0,0,0.2,0,0,0,NA,NA,NA,NA
"623","K'Lavon Chaisson","JAC","DL","14888","robust",NA,NA,NA,NA,NA,NA,NA,NA,NA,NA,NA,NA,NA,NA,NA,NA,NA,NA,NA,NA,NA,NA,NA,NA,NA,NA,NA,NA,NA,NA,NA,NA,NA,NA,NA,NA,NA,NA,NA,NA,NA,NA,NA,NA,NA,NA,NA,NA,NA,NA,0.95,0.37065,0,0,0,0,0.1,0,0,0,NA,NA,NA,NA
"624","Jonathan Ledbetter","ARI","DL","14400","robust",NA,NA,NA,NA,NA,NA,NA,NA,NA,NA,NA,NA,NA,NA,NA,NA,NA,NA,NA,NA,NA,NA,NA,NA,NA,NA,NA,NA,NA,NA,NA,NA,NA,NA,NA,NA,NA,NA,NA,NA,NA,NA,NA,NA,NA,NA,NA,NA,NA,NA,0.45,0.96369,0.2,0,0,0,0,0,0,0,NA,NA,NA,NA
"625","Chase Young","WAS","DL","14877","robust",NA,NA,NA,NA,NA,NA,NA,NA,NA,NA,NA,NA,NA,NA,NA,NA,NA,NA,NA,NA,NA,NA,NA,NA,NA,NA,NA,NA,NA,NA,NA,NA,NA,NA,NA,NA,NA,NA,NA,NA,NA,NA,NA,NA,NA,NA,NA,NA,NA,NA,0.6,0.7413,0.1,0,0,0,0.2,0,0,0,NA,NA,NA,NA
"626","Drake Jackson","SF","DL","15811","robust",NA,NA,NA,NA,NA,NA,NA,NA,NA,NA,NA,NA,NA,NA,NA,NA,NA,NA,NA,NA,NA,NA,NA,NA,NA,NA,NA,NA,NA,NA,NA,NA,NA,NA,NA,NA,NA,NA,NA,NA,NA,NA,NA,NA,NA,NA,NA,NA,NA,NA,0.6,0.44478,0.5,0,0,0,0.3,0,0,0,NA,NA,NA,NA
"627","Arden Key","TEN","DL","13682","robust",NA,NA,NA,NA,NA,NA,NA,NA,NA,NA,NA,NA,NA,NA,NA,NA,NA,NA,NA,NA,NA,NA,NA,NA,NA,NA,NA,NA,NA,NA,NA,NA,NA,NA,NA,NA,NA,NA,NA,NA,NA,NA,NA,NA,NA,NA,NA,NA,NA,NA,0.4,0.7413,0.3,0,0,0,0.2,0,0,0,NA,NA,NA,NA
"628","James Smith-Williams","WAS","DL","15007","robust",NA,NA,NA,NA,NA,NA,NA,NA,NA,NA,NA,NA,NA,NA,NA,NA,NA,NA,NA,NA,NA,NA,NA,NA,NA,NA,NA,NA,NA,NA,NA,NA,NA,NA,NA,NA,NA,NA,NA,NA,NA,NA,NA,NA,NA,NA,NA,NA,NA,NA,0.35,0.81543,0.1,0,0,0,0.1,0,0,0,NA,NA,NA,NA
"629","Jalen Carter","PHI","DL","16233","robust",NA,NA,NA,NA,NA,NA,NA,NA,NA,NA,NA,NA,NA,NA,NA,NA,NA,NA,NA,NA,NA,NA,NA,NA,NA,NA,NA,NA,NA,NA,NA,NA,NA,NA,NA,NA,NA,NA,NA,NA,NA,NA,NA,NA,NA,NA,NA,NA,NA,NA,0.6,0.44478,0.3,0,0,0,0,0,0,0,NA,NA,NA,NA
"630","Will McDonald","NYJ","DL","16252","robust",NA,NA,NA,NA,NA,NA,NA,NA,NA,NA,NA,NA,NA,NA,NA,NA,NA,NA,NA,NA,NA,NA,NA,NA,NA,NA,NA,NA,NA,NA,NA,NA,NA,NA,NA,NA,NA,NA,NA,NA,NA,NA,NA,NA,NA,NA,NA,NA,NA,NA,0.5,0.59304,0.1,0,0,0,0.1,0,0,0,NA,NA,NA,NA
"631","Dayo Odeyingbo","IND","DL","15386","robust",NA,NA,NA,NA,NA,NA,NA,NA,NA,NA,NA,NA,NA,NA,NA,NA,NA,NA,NA,NA,NA,NA,NA,NA,NA,NA,NA,NA,NA,NA,NA,NA,NA,NA,NA,NA,NA,NA,NA,NA,NA,NA,NA,NA,NA,NA,NA,NA,NA,NA,0.45,0.51891,0.2,0,0,0,0.2,0,0,0,NA,NA,NA,NA
"632","Myles Murphy","CIN","DL","16224","robust",NA,NA,NA,NA,NA,NA,NA,NA,NA,NA,NA,NA,NA,NA,NA,NA,NA,NA,NA,NA,NA,NA,NA,NA,NA,NA,NA,NA,NA,NA,NA,NA,NA,NA,NA,NA,NA,NA,NA,NA,NA,NA,NA,NA,NA,NA,NA,NA,NA,NA,0.45,0.51891,0.1,0,0,0,0.2,0,0,0,NA,NA,NA,NA
"633","Foyesade Oluokun","JAC","LB","13813","robust",NA,NA,NA,NA,NA,NA,NA,NA,NA,NA,NA,NA,NA,NA,NA,NA,NA,NA,NA,NA,NA,NA,NA,NA,NA,NA,NA,NA,NA,NA,NA,NA,NA,NA,NA,NA,NA,NA,NA,NA,NA,NA,NA,NA,NA,NA,NA,NA,NA,NA,6.7125,1.33434,0.1,0,0.025,0.037065,0.34,0.059304,0.005,0.007413,NA,NA,NA,NA
"634","Roquan Smith","BAL","LB","13696","robust",NA,NA,NA,NA,NA,NA,NA,NA,NA,NA,NA,NA,NA,NA,NA,NA,NA,NA,NA,NA,NA,NA,NA,NA,NA,NA,NA,NA,NA,NA,NA,NA,NA,NA,NA,NA,NA,NA,NA,NA,NA,NA,NA,NA,NA,NA,NA,NA,NA,NA,6.3825,1.4826,0.285,0.0222389999999999,0.1,0,0.39,0.133434,0.01,0.014826,NA,NA,NA,NA
"635","Alex Singleton","DEN","LB","14412","robust",NA,NA,NA,NA,NA,NA,NA,NA,NA,NA,NA,NA,NA,NA,NA,NA,NA,NA,NA,NA,NA,NA,NA,NA,NA,NA,NA,NA,NA,NA,NA,NA,NA,NA,NA,NA,NA,NA,NA,NA,NA,NA,NA,NA,NA,NA,NA,NA,NA,NA,5.82,1.03782,0.03,0.044478,0.07,0.044478,0.33,0.044478,0.005,0.007413,NA,NA,NA,NA
"636","Ernest Jones","LAR","LB","15404","robust",NA,NA,NA,NA,NA,NA,NA,NA,NA,NA,NA,NA,NA,NA,NA,NA,NA,NA,NA,NA,NA,NA,NA,NA,NA,NA,NA,NA,NA,NA,NA,NA,NA,NA,NA,NA,NA,NA,NA,NA,NA,NA,NA,NA,NA,NA,NA,NA,NA,NA,5.815,0.59304,0.105,0.00741299999999999,0.095,0.00741300000000001,0.325,0.185325,0.005,0.007413,"Q","Illness",2023,2
"637","Nick Bolton","KC","LB","15355","robust",NA,NA,NA,NA,NA,NA,NA,NA,NA,NA,NA,NA,NA,NA,NA,NA,NA,NA,NA,NA,NA,NA,NA,NA,NA,NA,NA,NA,NA,NA,NA,NA,NA,NA,NA,NA,NA,NA,NA,NA,NA,NA,NA,NA,NA,NA,NA,NA,NA,NA,5.7425,1.33434,0.03,0.044478,0.07,0.044478,0.225,0.185325,0.055,0.066717,NA,NA,NA,NA
"638","T.J. Edwards","CHI","LB","14322","robust",NA,NA,NA,NA,NA,NA,NA,NA,NA,NA,NA,NA,NA,NA,NA,NA,NA,NA,NA,NA,NA,NA,NA,NA,NA,NA,NA,NA,NA,NA,NA,NA,NA,NA,NA,NA,NA,NA,NA,NA,NA,NA,NA,NA,NA,NA,NA,NA,NA,NA,6.0225,2.2239,0.13,0.044478,0.035,0.051891,0.25,0.22239,0.005,0.007413,NA,NA,NA,NA
"639","Divine Deablo","LVR","LB","15396","robust",NA,NA,NA,NA,NA,NA,NA,NA,NA,NA,NA,NA,NA,NA,NA,NA,NA,NA,NA,NA,NA,NA,NA,NA,NA,NA,NA,NA,NA,NA,NA,NA,NA,NA,NA,NA,NA,NA,NA,NA,NA,NA,NA,NA,NA,NA,NA,NA,NA,NA,6.0225,1.77912,0.015,0.022239,0.02,0.029652,0.32,0.029652,0.005,0.007413,NA,NA,NA,NA
"640","Josey Jewell","DEN","LB","13702","robust",NA,NA,NA,NA,NA,NA,NA,NA,NA,NA,NA,NA,NA,NA,NA,NA,NA,NA,NA,NA,NA,NA,NA,NA,NA,NA,NA,NA,NA,NA,NA,NA,NA,NA,NA,NA,NA,NA,NA,NA,NA,NA,NA,NA,NA,NA,NA,NA,NA,NA,5.5425,1.4826,0.2,0,0.07,0.044478,0.32,0.029652,0.005,0.007413,NA,NA,NA,NA
"641","Zaire Franklin","IND","LB","13837","robust",NA,NA,NA,NA,NA,NA,NA,NA,NA,NA,NA,NA,NA,NA,NA,NA,NA,NA,NA,NA,NA,NA,NA,NA,NA,NA,NA,NA,NA,NA,NA,NA,NA,NA,NA,NA,NA,NA,NA,NA,NA,NA,NA,NA,NA,NA,NA,NA,NA,NA,7.0475,3.395154,0.18,0.029652,0.015,0.022239,0.415,0.126021,0.005,0.007413,NA,NA,NA,NA
"642","Bobby Okereke","NYG","LB","14218","robust",NA,NA,NA,NA,NA,NA,NA,NA,NA,NA,NA,NA,NA,NA,NA,NA,NA,NA,NA,NA,NA,NA,NA,NA,NA,NA,NA,NA,NA,NA,NA,NA,NA,NA,NA,NA,NA,NA,NA,NA,NA,NA,NA,NA,NA,NA,NA,NA,NA,NA,5.9275,0.29652,0.125,0.111195,0.04,0.059304,0.315,0.170499,0.005,0.007413,NA,NA,NA,NA
"643","Cody Barton","WAS","LB","14217","robust",NA,NA,NA,NA,NA,NA,NA,NA,NA,NA,NA,NA,NA,NA,NA,NA,NA,NA,NA,NA,NA,NA,NA,NA,NA,NA,NA,NA,NA,NA,NA,NA,NA,NA,NA,NA,NA,NA,NA,NA,NA,NA,NA,NA,NA,NA,NA,NA,NA,NA,5.2175,1.03782,0.12,0.029652,0.075,0.037065,0.28,0.118608,0.005,0.007413,NA,NA,NA,NA
"644","Bobby Wagner","SEA","LB","10775","robust",NA,NA,NA,NA,NA,NA,NA,NA,NA,NA,NA,NA,NA,NA,NA,NA,NA,NA,NA,NA,NA,NA,NA,NA,NA,NA,NA,NA,NA,NA,NA,NA,NA,NA,NA,NA,NA,NA,NA,NA,NA,NA,NA,NA,NA,NA,NA,NA,NA,NA,5.9,3.11346,0.185,0.022239,0.085,0.022239,0.345,0.066717,0.005,0.007413,NA,NA,NA,NA
"645","Denzel Perryman","HOU","LB","12238","robust",NA,NA,NA,NA,NA,NA,NA,NA,NA,NA,NA,NA,NA,NA,NA,NA,NA,NA,NA,NA,NA,NA,NA,NA,NA,NA,NA,NA,NA,NA,NA,NA,NA,NA,NA,NA,NA,NA,NA,NA,NA,NA,NA,NA,NA,NA,NA,NA,NA,NA,5.5075,0.29652,0.025,0.037065,0.085,0.022239,0.305,0.155673,0.005,0.007413,NA,NA,NA,NA
"646","Tremaine Edmunds","CHI","LB","13697","robust",NA,NA,NA,NA,NA,NA,NA,NA,NA,NA,NA,NA,NA,NA,NA,NA,NA,NA,NA,NA,NA,NA,NA,NA,NA,NA,NA,NA,NA,NA,NA,NA,NA,NA,NA,NA,NA,NA,NA,NA,NA,NA,NA,NA,NA,NA,NA,NA,NA,NA,6.22,1.18608,0.08,0.029652,0.095,0.00741300000000001,0.37,0.103782,0.005,0.007413,NA,NA,NA,NA
"647","Ja'Whaun Bentley","NE","LB","13775","robust",NA,NA,NA,NA,NA,NA,NA,NA,NA,NA,NA,NA,NA,NA,NA,NA,NA,NA,NA,NA,NA,NA,NA,NA,NA,NA,NA,NA,NA,NA,NA,NA,NA,NA,NA,NA,NA,NA,NA,NA,NA,NA,NA,NA,NA,NA,NA,NA,NA,NA,4.4175,0.44478,0.115,0.022239,0.02,0.029652,0.215,0.170499,0.005,0.007413,NA,NA,NA,NA
"648","Robert Spillane","LVR","LB","13987","robust",NA,NA,NA,NA,NA,NA,NA,NA,NA,NA,NA,NA,NA,NA,NA,NA,NA,NA,NA,NA,NA,NA,NA,NA,NA,NA,NA,NA,NA,NA,NA,NA,NA,NA,NA,NA,NA,NA,NA,NA,NA,NA,NA,NA,NA,NA,NA,NA,NA,NA,5.025,0.7413,0.05,0.07413,0.025,0.037065,0.27,0.103782,0.005,0.007413,NA,NA,NA,NA
"649","Dre Greenlaw","SF","LB","14247","robust",NA,NA,NA,NA,NA,NA,NA,NA,NA,NA,NA,NA,NA,NA,NA,NA,NA,NA,NA,NA,NA,NA,NA,NA,NA,NA,NA,NA,NA,NA,NA,NA,NA,NA,NA,NA,NA,NA,NA,NA,NA,NA,NA,NA,NA,NA,NA,NA,NA,NA,5.29,1.33434,0.015,0.022239,0.025,0.037065,0.33,0.044478,0.005,0.007413,NA,NA,NA,NA
"650","C.J. Mosley","NYJ","LB","11728","robust",NA,NA,NA,NA,NA,NA,NA,NA,NA,NA,NA,NA,NA,NA,NA,NA,NA,NA,NA,NA,NA,NA,NA,NA,NA,NA,NA,NA,NA,NA,NA,NA,NA,NA,NA,NA,NA,NA,NA,NA,NA,NA,NA,NA,NA,NA,NA,NA,NA,NA,5.835,2.37216,0.085,0.022239,0.06,0.088956,0.345,0.214977,0.005,0.007413,NA,NA,NA,NA
"651","Azeez Al-Shaair","TEN","LB","14590","robust",NA,NA,NA,NA,NA,NA,NA,NA,NA,NA,NA,NA,NA,NA,NA,NA,NA,NA,NA,NA,NA,NA,NA,NA,NA,NA,NA,NA,NA,NA,NA,NA,NA,NA,NA,NA,NA,NA,NA,NA,NA,NA,NA,NA,NA,NA,NA,NA,NA,NA,4.285,0.14826,0.05,0.07413,0.07,0.044478,0.215,0.170499,0.005,0.007413,NA,NA,NA,NA
"652","Lavonte David","TB","LB","10768","robust",NA,NA,NA,NA,NA,NA,NA,NA,NA,NA,NA,NA,NA,NA,NA,NA,NA,NA,NA,NA,NA,NA,NA,NA,NA,NA,NA,NA,NA,NA,NA,NA,NA,NA,NA,NA,NA,NA,NA,NA,NA,NA,NA,NA,NA,NA,NA,NA,NA,NA,5.13,0,0.16,0.088956,0.035,0.051891,0.285,0.126021,0.005,0.007413,NA,NA,NA,NA
"653","Logan Wilson","CIN","LB","14928","robust",NA,NA,NA,NA,NA,NA,NA,NA,NA,NA,NA,NA,NA,NA,NA,NA,NA,NA,NA,NA,NA,NA,NA,NA,NA,NA,NA,NA,NA,NA,NA,NA,NA,NA,NA,NA,NA,NA,NA,NA,NA,NA,NA,NA,NA,NA,NA,NA,NA,NA,5.8425,1.4826,0.105,0.00741299999999999,0.11,0.014826,0.395,0.140847,0.005,0.007413,NA,NA,NA,NA
"654","Shaq Green-Thompson","CAR","LB","12231","robust",NA,NA,NA,NA,NA,NA,NA,NA,NA,NA,NA,NA,NA,NA,NA,NA,NA,NA,NA,NA,NA,NA,NA,NA,NA,NA,NA,NA,NA,NA,NA,NA,NA,NA,NA,NA,NA,NA,NA,NA,NA,NA,NA,NA,NA,NA,NA,NA,NA,NA,4.6075,0.7413,0.04,0.059304,0.015,0.022239,0.25,0.07413,0.005,0.007413,NA,NA,NA,NA
"655","Devin Lloyd","JAC","LB","15822","robust",NA,NA,NA,NA,NA,NA,NA,NA,NA,NA,NA,NA,NA,NA,NA,NA,NA,NA,NA,NA,NA,NA,NA,NA,NA,NA,NA,NA,NA,NA,NA,NA,NA,NA,NA,NA,NA,NA,NA,NA,NA,NA,NA,NA,NA,NA,NA,NA,NA,NA,4.055,0.44478,0.015,0.022239,0.09,0.014826,0.305,0.155673,0.005,0.007413,NA,NA,NA,NA
"656","Fred Warner","SF","LB","13743","robust",NA,NA,NA,NA,NA,NA,NA,NA,NA,NA,NA,NA,NA,NA,NA,NA,NA,NA,NA,NA,NA,NA,NA,NA,NA,NA,NA,NA,NA,NA,NA,NA,NA,NA,NA,NA,NA,NA,NA,NA,NA,NA,NA,NA,NA,NA,NA,NA,NA,NA,5.335,2.81694,0.085,0.022239,0.08,0.029652,0.425,0.111195,0.005,0.007413,NA,NA,NA,NA
"657","Devin White","TB","LB","14168","robust",NA,NA,NA,NA,NA,NA,NA,NA,NA,NA,NA,NA,NA,NA,NA,NA,NA,NA,NA,NA,NA,NA,NA,NA,NA,NA,NA,NA,NA,NA,NA,NA,NA,NA,NA,NA,NA,NA,NA,NA,NA,NA,NA,NA,NA,NA,NA,NA,NA,NA,4.9575,1.03782,0.27,0.103782,0.02,0.029652,0.24,0.059304,0.005,0.007413,NA,NA,NA,NA
"658","Eric Kendricks","LAC","LB","12239","robust",NA,NA,NA,NA,NA,NA,NA,NA,NA,NA,NA,NA,NA,NA,NA,NA,NA,NA,NA,NA,NA,NA,NA,NA,NA,NA,NA,NA,NA,NA,NA,NA,NA,NA,NA,NA,NA,NA,NA,NA,NA,NA,NA,NA,NA,NA,NA,NA,NA,NA,4.975,0.88956,0.21,0.014826,0.03,0.044478,0.37,0.044478,0.005,0.007413,"D","Hamstring",2023,2
"659","Frankie Luvu","CAR","LB","13952","robust",NA,NA,NA,NA,NA,NA,NA,NA,NA,NA,NA,NA,NA,NA,NA,NA,NA,NA,NA,NA,NA,NA,NA,NA,NA,NA,NA,NA,NA,NA,NA,NA,NA,NA,NA,NA,NA,NA,NA,NA,NA,NA,NA,NA,NA,NA,NA,NA,NA,NA,5.2425,1.4826,0.435,0.096369,0.015,0.022239,0.235,0.051891,0.005,0.007413,NA,NA,NA,NA
"660","Patrick Queen","BAL","LB","14896","robust",NA,NA,NA,NA,NA,NA,NA,NA,NA,NA,NA,NA,NA,NA,NA,NA,NA,NA,NA,NA,NA,NA,NA,NA,NA,NA,NA,NA,NA,NA,NA,NA,NA,NA,NA,NA,NA,NA,NA,NA,NA,NA,NA,NA,NA,NA,NA,NA,NA,NA,4.4275,0.44478,0.295,0.00741300000000001,0.08,0.029652,0.365,0.051891,0.005,0.007413,NA,NA,NA,NA
"661","DeVondre Campbell","GB","LB","12779","robust",NA,NA,NA,NA,NA,NA,NA,NA,NA,NA,NA,NA,NA,NA,NA,NA,NA,NA,NA,NA,NA,NA,NA,NA,NA,NA,NA,NA,NA,NA,NA,NA,NA,NA,NA,NA,NA,NA,NA,NA,NA,NA,NA,NA,NA,NA,NA,NA,NA,NA,4.9375,1.33434,0.085,0.022239,0.07,0.044478,0.25,0.07413,0.005,0.007413,NA,NA,NA,NA
"662","Kyzir White","ARI","LB","13762","robust",NA,NA,NA,NA,NA,NA,NA,NA,NA,NA,NA,NA,NA,NA,NA,NA,NA,NA,NA,NA,NA,NA,NA,NA,NA,NA,NA,NA,NA,NA,NA,NA,NA,NA,NA,NA,NA,NA,NA,NA,NA,NA,NA,NA,NA,NA,NA,NA,NA,NA,4.9,1.77912,0.15,0.07413,0.08,0.029652,0.33,0.044478,0.005,0.007413,NA,NA,NA,NA
"663","Cole Holcomb","PIT","LB","14260","robust",NA,NA,NA,NA,NA,NA,NA,NA,NA,NA,NA,NA,NA,NA,NA,NA,NA,NA,NA,NA,NA,NA,NA,NA,NA,NA,NA,NA,NA,NA,NA,NA,NA,NA,NA,NA,NA,NA,NA,NA,NA,NA,NA,NA,NA,NA,NA,NA,NA,NA,4.715,2.37216,0.175,0.185325,0.015,0.022239,0.245,0.066717,0.005,0.007413,NA,NA,NA,NA
"664","Alex Anzalone","DET","LB","13268","robust",NA,NA,NA,NA,NA,NA,NA,NA,NA,NA,NA,NA,NA,NA,NA,NA,NA,NA,NA,NA,NA,NA,NA,NA,NA,NA,NA,NA,NA,NA,NA,NA,NA,NA,NA,NA,NA,NA,NA,NA,NA,NA,NA,NA,NA,NA,NA,NA,NA,NA,4.435,0.44478,0.105,0.00741299999999999,0.02,0.029652,0.305,0.00741300000000001,0.005,0.007413,NA,NA,NA,NA
"665","Pete Werner","NO","LB","15387","robust",NA,NA,NA,NA,NA,NA,NA,NA,NA,NA,NA,NA,NA,NA,NA,NA,NA,NA,NA,NA,NA,NA,NA,NA,NA,NA,NA,NA,NA,NA,NA,NA,NA,NA,NA,NA,NA,NA,NA,NA,NA,NA,NA,NA,NA,NA,NA,NA,NA,NA,4.745,1.63086,0.18,0.177912,0.01,0.014826,0.285,0.0222389999999999,0.005,0.007413,NA,NA,NA,NA
"666","Quincy Williams","NYJ","LB","14221","robust",NA,NA,NA,NA,NA,NA,NA,NA,NA,NA,NA,NA,NA,NA,NA,NA,NA,NA,NA,NA,NA,NA,NA,NA,NA,NA,NA,NA,NA,NA,NA,NA,NA,NA,NA,NA,NA,NA,NA,NA,NA,NA,NA,NA,NA,NA,NA,NA,NA,NA,5.075,0.88956,0.12,0.029652,0.01,0.014826,0.225,0.037065,0.005,0.007413,NA,NA,NA,NA
"667","Darius Leonard","IND","LB","13733","robust",NA,NA,NA,NA,NA,NA,NA,NA,NA,NA,NA,NA,NA,NA,NA,NA,NA,NA,NA,NA,NA,NA,NA,NA,NA,NA,NA,NA,NA,NA,NA,NA,NA,NA,NA,NA,NA,NA,NA,NA,NA,NA,NA,NA,NA,NA,NA,NA,NA,NA,5.4725,2.060814,0.06,0.059304,0.155,0.066717,0.535,0.0963689999999999,0.005,0.007413,NA,NA,NA,NA
"668","Kaden Elliss","ATL","LB","14303","robust",NA,NA,NA,NA,NA,NA,NA,NA,NA,NA,NA,NA,NA,NA,NA,NA,NA,NA,NA,NA,NA,NA,NA,NA,NA,NA,NA,NA,NA,NA,NA,NA,NA,NA,NA,NA,NA,NA,NA,NA,NA,NA,NA,NA,NA,NA,NA,NA,NA,NA,4.395,0.7413,0.355,0.081543,0.015,0.022239,0.17,0.103782,0.005,0.007413,NA,NA,NA,NA
"669","Germaine Pratt","CIN","LB","14210","robust",NA,NA,NA,NA,NA,NA,NA,NA,NA,NA,NA,NA,NA,NA,NA,NA,NA,NA,NA,NA,NA,NA,NA,NA,NA,NA,NA,NA,NA,NA,NA,NA,NA,NA,NA,NA,NA,NA,NA,NA,NA,NA,NA,NA,NA,NA,NA,NA,NA,NA,4.435,2.2239,0.095,0.00741300000000001,0.075,0.037065,0.46,0.207564,0.005,0.007413,NA,NA,NA,NA
"670","Matt Milano","BUF","LB","13307","robust",NA,NA,NA,NA,NA,NA,NA,NA,NA,NA,NA,NA,NA,NA,NA,NA,NA,NA,NA,NA,NA,NA,NA,NA,NA,NA,NA,NA,NA,NA,NA,NA,NA,NA,NA,NA,NA,NA,NA,NA,NA,NA,NA,NA,NA,NA,NA,NA,NA,NA,4.9575,2.2239,0.205,0.00741299999999996,0.185,0.170499,0.575,0.333585,0.055,0.066717,NA,NA,NA,NA
"671","Jordyn Brooks","SEA","LB","14892","robust",NA,NA,NA,NA,NA,NA,NA,NA,NA,NA,NA,NA,NA,NA,NA,NA,NA,NA,NA,NA,NA,NA,NA,NA,NA,NA,NA,NA,NA,NA,NA,NA,NA,NA,NA,NA,NA,NA,NA,NA,NA,NA,NA,NA,NA,NA,NA,NA,NA,NA,4.625,3.7065,0.07,0.044478,0.005,0.007413,0.22,0.029652,0.005,0.007413,NA,NA,NA,NA
"672","Christian Harris","HOU","LB","15823","robust",NA,NA,NA,NA,NA,NA,NA,NA,NA,NA,NA,NA,NA,NA,NA,NA,NA,NA,NA,NA,NA,NA,NA,NA,NA,NA,NA,NA,NA,NA,NA,NA,NA,NA,NA,NA,NA,NA,NA,NA,NA,NA,NA,NA,NA,NA,NA,NA,NA,NA,4.9125,2.81694,0.235,0.096369,0.08,0.029652,0.415,0.126021,0.005,0.007413,NA,NA,NA,NA
"673","Jordan Hicks","MIN","LB","12287","robust",NA,NA,NA,NA,NA,NA,NA,NA,NA,NA,NA,NA,NA,NA,NA,NA,NA,NA,NA,NA,NA,NA,NA,NA,NA,NA,NA,NA,NA,NA,NA,NA,NA,NA,NA,NA,NA,NA,NA,NA,NA,NA,NA,NA,NA,NA,NA,NA,NA,NA,4.36,1.03782,0.15,0.07413,0.08,0.029652,0.37,0.044478,0.005,0.007413,NA,NA,NA,NA
"674","Demario Davis","NO","LB","10816","robust",NA,NA,NA,NA,NA,NA,NA,NA,NA,NA,NA,NA,NA,NA,NA,NA,NA,NA,NA,NA,NA,NA,NA,NA,NA,NA,NA,NA,NA,NA,NA,NA,NA,NA,NA,NA,NA,NA,NA,NA,NA,NA,NA,NA,NA,NA,NA,NA,NA,NA,3.875,1.33434,0.225,0.037065,0.015,0.022239,0.28,0.0296519999999999,0.005,0.007413,NA,NA,NA,NA
"675","Jerome Baker","MIA","LB","13706","robust",NA,NA,NA,NA,NA,NA,NA,NA,NA,NA,NA,NA,NA,NA,NA,NA,NA,NA,NA,NA,NA,NA,NA,NA,NA,NA,NA,NA,NA,NA,NA,NA,NA,NA,NA,NA,NA,NA,NA,NA,NA,NA,NA,NA,NA,NA,NA,NA,NA,NA,4.205,0.14826,0.25,0.07413,0.02,0.029652,0.23,0.044478,0.005,0.007413,NA,NA,NA,NA
"676","Micah McFadden","NYG","LB","15890","robust",NA,NA,NA,NA,NA,NA,NA,NA,NA,NA,NA,NA,NA,NA,NA,NA,NA,NA,NA,NA,NA,NA,NA,NA,NA,NA,NA,NA,NA,NA,NA,NA,NA,NA,NA,NA,NA,NA,NA,NA,NA,NA,NA,NA,NA,NA,NA,NA,NA,NA,3.3075,2.37216,0.15,0.07413,0.02,0.029652,0.185,0.126021,0.005,0.007413,NA,NA,NA,NA
"677","Christian Rozeboom","LAR","LB","15076","robust",NA,NA,NA,NA,NA,NA,NA,NA,NA,NA,NA,NA,NA,NA,NA,NA,NA,NA,NA,NA,NA,NA,NA,NA,NA,NA,NA,NA,NA,NA,NA,NA,NA,NA,NA,NA,NA,NA,NA,NA,NA,NA,NA,NA,NA,NA,NA,NA,NA,NA,3.995,1.63086,0.195,0.155673,0.07,0.044478,0.24,0.059304,0.005,0.007413,NA,NA,NA,NA
"678","Kenneth Murray","LAC","LB","14889","robust",NA,NA,NA,NA,NA,NA,NA,NA,NA,NA,NA,NA,NA,NA,NA,NA,NA,NA,NA,NA,NA,NA,NA,NA,NA,NA,NA,NA,NA,NA,NA,NA,NA,NA,NA,NA,NA,NA,NA,NA,NA,NA,NA,NA,NA,NA,NA,NA,NA,NA,3.885,0,0.095,0.00741300000000001,0.01,0.014826,0.175,0.111195,0.005,0.007413,NA,NA,NA,NA
"679","Zach Cunningham","PHI","LB","13216","robust",NA,NA,NA,NA,NA,NA,NA,NA,NA,NA,NA,NA,NA,NA,NA,NA,NA,NA,NA,NA,NA,NA,NA,NA,NA,NA,NA,NA,NA,NA,NA,NA,NA,NA,NA,NA,NA,NA,NA,NA,NA,NA,NA,NA,NA,NA,NA,NA,NA,NA,3.5575,0.44478,0.125,0.111195,0.005,0.007413,0.165,0.096369,0.005,0.007413,NA,NA,NA,NA
"680","Leighton Vander Esch","DAL","LB","13727","robust",NA,NA,NA,NA,NA,NA,NA,NA,NA,NA,NA,NA,NA,NA,NA,NA,NA,NA,NA,NA,NA,NA,NA,NA,NA,NA,NA,NA,NA,NA,NA,NA,NA,NA,NA,NA,NA,NA,NA,NA,NA,NA,NA,NA,NA,NA,NA,NA,NA,NA,4.1325,2.66868,0.085,0.022239,0.015,0.022239,0.135,0.200151,0.005,0.007413,NA,NA,NA,NA
"681","Jamien Sherwood","NYJ","LB","15428","robust",NA,NA,NA,NA,NA,NA,NA,NA,NA,NA,NA,NA,NA,NA,NA,NA,NA,NA,NA,NA,NA,NA,NA,NA,NA,NA,NA,NA,NA,NA,NA,NA,NA,NA,NA,NA,NA,NA,NA,NA,NA,NA,NA,NA,NA,NA,NA,NA,NA,NA,3.6,2.07564,0.065,0.096369,0.015,0.022239,0.125,0.185325,0.005,0.007413,NA,NA,NA,NA
"682","Elandon Roberts","PIT","LB","12831","robust",NA,NA,NA,NA,NA,NA,NA,NA,NA,NA,NA,NA,NA,NA,NA,NA,NA,NA,NA,NA,NA,NA,NA,NA,NA,NA,NA,NA,NA,NA,NA,NA,NA,NA,NA,NA,NA,NA,NA,NA,NA,NA,NA,NA,NA,NA,NA,NA,NA,NA,4.34,1.63086,0.185,0.022239,0.005,0.007413,0.155,0.081543,0.005,0.007413,NA,NA,NA,NA
"683","Jack Gibbens","TEN","LB","16009","robust",NA,NA,NA,NA,NA,NA,NA,NA,NA,NA,NA,NA,NA,NA,NA,NA,NA,NA,NA,NA,NA,NA,NA,NA,NA,NA,NA,NA,NA,NA,NA,NA,NA,NA,NA,NA,NA,NA,NA,NA,NA,NA,NA,NA,NA,NA,NA,NA,NA,NA,3.3775,0.59304,0.175,0.185325,0.02,0.029652,0.145,0.214977,0.005,0.007413,NA,NA,NA,NA
"684","Monty Rice","TEN","LB","15399","robust",NA,NA,NA,NA,NA,NA,NA,NA,NA,NA,NA,NA,NA,NA,NA,NA,NA,NA,NA,NA,NA,NA,NA,NA,NA,NA,NA,NA,NA,NA,NA,NA,NA,NA,NA,NA,NA,NA,NA,NA,NA,NA,NA,NA,NA,NA,NA,NA,NA,NA,3.49,1.18608,0.065,0.051891,0.005,0.007413,0.165,0.096369,0.005,0.007413,NA,NA,NA,NA
"685","Jeremiah Owusu-Koramoah","CLE","LB","15351","robust",NA,NA,NA,NA,NA,NA,NA,NA,NA,NA,NA,NA,NA,NA,NA,NA,NA,NA,NA,NA,NA,NA,NA,NA,NA,NA,NA,NA,NA,NA,NA,NA,NA,NA,NA,NA,NA,NA,NA,NA,NA,NA,NA,NA,NA,NA,NA,NA,NA,NA,3.25,0.7413,0.035,0.051891,0.01,0.014826,0.165,0.096369,0.005,0.007413,NA,NA,NA,NA
"686","Terrel Bernard","BUF","LB","15869","robust",NA,NA,NA,NA,NA,NA,NA,NA,NA,NA,NA,NA,NA,NA,NA,NA,NA,NA,NA,NA,NA,NA,NA,NA,NA,NA,NA,NA,NA,NA,NA,NA,NA,NA,NA,NA,NA,NA,NA,NA,NA,NA,NA,NA,NA,NA,NA,NA,NA,NA,4.31,1.245384,0.075,0.037065,0.065,0.051891,0.325,0.111195,0.005,0.007413,NA,NA,NA,NA
"687","Kwon Alexander","FA","LB","12233","robust",NA,NA,NA,NA,NA,NA,NA,NA,NA,NA,NA,NA,NA,NA,NA,NA,NA,NA,NA,NA,NA,NA,NA,NA,NA,NA,NA,NA,NA,NA,NA,NA,NA,NA,NA,NA,NA,NA,NA,NA,NA,NA,NA,NA,NA,NA,NA,NA,NA,NA,3.465,0.88956,0.135,0.051891,0.02,0.029652,0.185,0.126021,0.005,0.007413,NA,NA,NA,NA
"688","Willie Gay","KC","LB","14926","robust",NA,NA,NA,NA,NA,NA,NA,NA,NA,NA,NA,NA,NA,NA,NA,NA,NA,NA,NA,NA,NA,NA,NA,NA,NA,NA,NA,NA,NA,NA,NA,NA,NA,NA,NA,NA,NA,NA,NA,NA,NA,NA,NA,NA,NA,NA,NA,NA,NA,NA,3.31,0.7413,0.1,0,0.07,0.044478,0.335,0.096369,0.055,0.066717,NA,NA,NA,NA
"689","Jamin Davis","WAS","LB","15373","robust",NA,NA,NA,NA,NA,NA,NA,NA,NA,NA,NA,NA,NA,NA,NA,NA,NA,NA,NA,NA,NA,NA,NA,NA,NA,NA,NA,NA,NA,NA,NA,NA,NA,NA,NA,NA,NA,NA,NA,NA,NA,NA,NA,NA,NA,NA,NA,NA,NA,NA,4.07,0.859908,0.075,0.111195,0.005,0.007413,0.145,0.066717,0.005,0.007413,NA,NA,NA,NA
"690","Isaiah Simmons","NYG","LB","14887","robust",NA,NA,NA,NA,NA,NA,NA,NA,NA,NA,NA,NA,NA,NA,NA,NA,NA,NA,NA,NA,NA,NA,NA,NA,NA,NA,NA,NA,NA,NA,NA,NA,NA,NA,NA,NA,NA,NA,NA,NA,NA,NA,NA,NA,NA,NA,NA,NA,NA,NA,3.24,0.29652,0.175,0.037065,0.095,0.00741300000000001,0.28,0.118608,0.005,0.007413,NA,NA,NA,NA
"691","Drue Tranquill","KC","LB","14235","robust",NA,NA,NA,NA,NA,NA,NA,NA,NA,NA,NA,NA,NA,NA,NA,NA,NA,NA,NA,NA,NA,NA,NA,NA,NA,NA,NA,NA,NA,NA,NA,NA,NA,NA,NA,NA,NA,NA,NA,NA,NA,NA,NA,NA,NA,NA,NA,NA,NA,NA,3.615,2.016336,0.16,0.059304,0.01,0.014826,0.215,0.022239,0.005,0.007413,NA,NA,NA,NA
"692","Christian Elliss","PHI","LB","15681","robust",NA,NA,NA,NA,NA,NA,NA,NA,NA,NA,NA,NA,NA,NA,NA,NA,NA,NA,NA,NA,NA,NA,NA,NA,NA,NA,NA,NA,NA,NA,NA,NA,NA,NA,NA,NA,NA,NA,NA,NA,NA,NA,NA,NA,NA,NA,NA,NA,NA,NA,3.1925,0.889559999999999,0.13,0.103782,0.015,0.022239,0.175,0.111195,0.005,0.007413,NA,NA,NA,NA
"693","Damone Clark","DAL","LB","15826","robust",NA,NA,NA,NA,NA,NA,NA,NA,NA,NA,NA,NA,NA,NA,NA,NA,NA,NA,NA,NA,NA,NA,NA,NA,NA,NA,NA,NA,NA,NA,NA,NA,NA,NA,NA,NA,NA,NA,NA,NA,NA,NA,NA,NA,NA,NA,NA,NA,NA,NA,2.825,0.88956,0.08,0.029652,0.01,0.014826,0.16,0.088956,0.005,0.007413,NA,NA,NA,NA
"694","Quay Walker","GB","LB","15846","robust",NA,NA,NA,NA,NA,NA,NA,NA,NA,NA,NA,NA,NA,NA,NA,NA,NA,NA,NA,NA,NA,NA,NA,NA,NA,NA,NA,NA,NA,NA,NA,NA,NA,NA,NA,NA,NA,NA,NA,NA,NA,NA,NA,NA,NA,NA,NA,NA,NA,NA,3.09,1.719816,0.075,0.037065,0.06,0.059304,0.305,0.140847,0.055,0.066717,"Q","Concussion",2023,2
"695","E.J. Speed","IND","LB","14257","robust",NA,NA,NA,NA,NA,NA,NA,NA,NA,NA,NA,NA,NA,NA,NA,NA,NA,NA,NA,NA,NA,NA,NA,NA,NA,NA,NA,NA,NA,NA,NA,NA,NA,NA,NA,NA,NA,NA,NA,NA,NA,NA,NA,NA,NA,NA,NA,NA,NA,NA,3.055,1.512252,0.095,0.00741300000000001,0.005,0.007413,0.195,0.00741300000000001,0.005,0.007413,NA,NA,NA,NA
"696","Anthony Walker","CLE","LB","13306","robust",NA,NA,NA,NA,NA,NA,NA,NA,NA,NA,NA,NA,NA,NA,NA,NA,NA,NA,NA,NA,NA,NA,NA,NA,NA,NA,NA,NA,NA,NA,NA,NA,NA,NA,NA,NA,NA,NA,NA,NA,NA,NA,NA,NA,NA,NA,NA,NA,NA,NA,3.325,0.7413,0.075,0.037065,0.065,0.051891,0.215,0.022239,0.005,0.007413,NA,NA,NA,NA
"697","Jack Campbell","DET","LB","16239","robust",NA,NA,NA,NA,NA,NA,NA,NA,NA,NA,NA,NA,NA,NA,NA,NA,NA,NA,NA,NA,NA,NA,NA,NA,NA,NA,NA,NA,NA,NA,NA,NA,NA,NA,NA,NA,NA,NA,NA,NA,NA,NA,NA,NA,NA,NA,NA,NA,NA,NA,3.1,1.4826,0.2,0,0,0,0.5,0,0,0,NA,NA,NA,NA
"698","David Long","MIA","LB","14268","robust",NA,NA,NA,NA,NA,NA,NA,NA,NA,NA,NA,NA,NA,NA,NA,NA,NA,NA,NA,NA,NA,NA,NA,NA,NA,NA,NA,NA,NA,NA,NA,NA,NA,NA,NA,NA,NA,NA,NA,NA,NA,NA,NA,NA,NA,NA,NA,NA,NA,NA,2.55,1.55673,0.2,0,0.1,0,0.2,0,0,0,NA,NA,NA,NA
"699","Jack Sanborn","CHI","LB","15975","robust",NA,NA,NA,NA,NA,NA,NA,NA,NA,NA,NA,NA,NA,NA,NA,NA,NA,NA,NA,NA,NA,NA,NA,NA,NA,NA,NA,NA,NA,NA,NA,NA,NA,NA,NA,NA,NA,NA,NA,NA,NA,NA,NA,NA,NA,NA,NA,NA,NA,NA,2.7,1.03782,0.1,0,0,0,0,0,0,0,NA,NA,NA,NA
"700","Haason Reddick","PHI","LB","13245","robust",NA,NA,NA,NA,NA,NA,NA,NA,NA,NA,NA,NA,NA,NA,NA,NA,NA,NA,NA,NA,NA,NA,NA,NA,NA,NA,NA,NA,NA,NA,NA,NA,NA,NA,NA,NA,NA,NA,NA,NA,NA,NA,NA,NA,NA,NA,NA,NA,NA,NA,2.24,1.690164,0.79,0,0.01,0,0.08,0,0.01,0,NA,NA,NA,NA
"701","Dorian Williams","BUF","LB","16284","robust",NA,NA,NA,NA,NA,NA,NA,NA,NA,NA,NA,NA,NA,NA,NA,NA,NA,NA,NA,NA,NA,NA,NA,NA,NA,NA,NA,NA,NA,NA,NA,NA,NA,NA,NA,NA,NA,NA,NA,NA,NA,NA,NA,NA,NA,NA,NA,NA,NA,NA,1.8,1.92738,0.1,0,0.1,0,0.3,0,0,0,NA,NA,NA,NA
"702","Owen Pappoe","ARI","LB","16237","robust",NA,NA,NA,NA,NA,NA,NA,NA,NA,NA,NA,NA,NA,NA,NA,NA,NA,NA,NA,NA,NA,NA,NA,NA,NA,NA,NA,NA,NA,NA,NA,NA,NA,NA,NA,NA,NA,NA,NA,NA,NA,NA,NA,NA,NA,NA,NA,NA,NA,NA,2.15,1.40847,0.3,0,0,0,0.3,0,0,0,NA,NA,NA,NA
"703","Brian Asamoah","MIN","LB","15829","robust",NA,NA,NA,NA,NA,NA,NA,NA,NA,NA,NA,NA,NA,NA,NA,NA,NA,NA,NA,NA,NA,NA,NA,NA,NA,NA,NA,NA,NA,NA,NA,NA,NA,NA,NA,NA,NA,NA,NA,NA,NA,NA,NA,NA,NA,NA,NA,NA,NA,NA,1.9,1.4826,0.1,0,0,0,0.2,0,0,0,NA,NA,NA,NA
"704","Ivan Pace","MIN","LB","16383","robust",NA,NA,NA,NA,NA,NA,NA,NA,NA,NA,NA,NA,NA,NA,NA,NA,NA,NA,NA,NA,NA,NA,NA,NA,NA,NA,NA,NA,NA,NA,NA,NA,NA,NA,NA,NA,NA,NA,NA,NA,NA,NA,NA,NA,NA,NA,NA,NA,NA,NA,1.95,1.11195,0.2,0,0,0,0.1,0,0,0,NA,NA,NA,NA
"705","Daiyan Henley","LAC","LB","16280","robust",NA,NA,NA,NA,NA,NA,NA,NA,NA,NA,NA,NA,NA,NA,NA,NA,NA,NA,NA,NA,NA,NA,NA,NA,NA,NA,NA,NA,NA,NA,NA,NA,NA,NA,NA,NA,NA,NA,NA,NA,NA,NA,NA,NA,NA,NA,NA,NA,NA,NA,1.85,0.96369,0.1,0,0.1,0,0.3,0,0,0,"D","Hamstring",2023,2
"706","Malcolm Rodriguez","DET","LB","15914","robust",NA,NA,NA,NA,NA,NA,NA,NA,NA,NA,NA,NA,NA,NA,NA,NA,NA,NA,NA,NA,NA,NA,NA,NA,NA,NA,NA,NA,NA,NA,NA,NA,NA,NA,NA,NA,NA,NA,NA,NA,NA,NA,NA,NA,NA,NA,NA,NA,NA,NA,1.75,0.81543,0,0,0,0,0.1,0,0,0,NA,NA,NA,NA
"707","Jake Hummel","LAR","LB","16017","robust",NA,NA,NA,NA,NA,NA,NA,NA,NA,NA,NA,NA,NA,NA,NA,NA,NA,NA,NA,NA,NA,NA,NA,NA,NA,NA,NA,NA,NA,NA,NA,NA,NA,NA,NA,NA,NA,NA,NA,NA,NA,NA,NA,NA,NA,NA,NA,NA,NA,NA,1.4,1.18608,0.3,0,0,0,0.1,0,0,0,NA,NA,NA,NA
"708","Isaiah McDuffie","GB","LB","15473","robust",NA,NA,NA,NA,NA,NA,NA,NA,NA,NA,NA,NA,NA,NA,NA,NA,NA,NA,NA,NA,NA,NA,NA,NA,NA,NA,NA,NA,NA,NA,NA,NA,NA,NA,NA,NA,NA,NA,NA,NA,NA,NA,NA,NA,NA,NA,NA,NA,NA,NA,1.45,0.96369,0.2,0,0,0,0.1,0,0,0,NA,NA,NA,NA
"709","Derrick Barnes","DET","LB","15409","robust",NA,NA,NA,NA,NA,NA,NA,NA,NA,NA,NA,NA,NA,NA,NA,NA,NA,NA,NA,NA,NA,NA,NA,NA,NA,NA,NA,NA,NA,NA,NA,NA,NA,NA,NA,NA,NA,NA,NA,NA,NA,NA,NA,NA,NA,NA,NA,NA,NA,NA,1.55,0.66717,0.1,0,0,0,0,0,0,0,NA,NA,NA,NA
"710","Drew Sanders","DEN","LB","16231","robust",NA,NA,NA,NA,NA,NA,NA,NA,NA,NA,NA,NA,NA,NA,NA,NA,NA,NA,NA,NA,NA,NA,NA,NA,NA,NA,NA,NA,NA,NA,NA,NA,NA,NA,NA,NA,NA,NA,NA,NA,NA,NA,NA,NA,NA,NA,NA,NA,NA,NA,1,1.33434,0.2,0,0,0,0.1,0,0,0,NA,NA,NA,NA
"711","Tony Fields","CLE","LB","15431","robust",NA,NA,NA,NA,NA,NA,NA,NA,NA,NA,NA,NA,NA,NA,NA,NA,NA,NA,NA,NA,NA,NA,NA,NA,NA,NA,NA,NA,NA,NA,NA,NA,NA,NA,NA,NA,NA,NA,NA,NA,NA,NA,NA,NA,NA,NA,NA,NA,NA,NA,1.4,0.7413,0,0,0.1,0,0.1,0,0.1,0,NA,NA,NA,NA
"712","Chad Muma","JAC","LB","15830","robust",NA,NA,NA,NA,NA,NA,NA,NA,NA,NA,NA,NA,NA,NA,NA,NA,NA,NA,NA,NA,NA,NA,NA,NA,NA,NA,NA,NA,NA,NA,NA,NA,NA,NA,NA,NA,NA,NA,NA,NA,NA,NA,NA,NA,NA,NA,NA,NA,NA,NA,1.1,1.03782,0.1,0,0,0,0.1,0,0,0,NA,NA,NA,NA
"713","Devin Bush","SEA","LB","14170","robust",NA,NA,NA,NA,NA,NA,NA,NA,NA,NA,NA,NA,NA,NA,NA,NA,NA,NA,NA,NA,NA,NA,NA,NA,NA,NA,NA,NA,NA,NA,NA,NA,NA,NA,NA,NA,NA,NA,NA,NA,NA,NA,NA,NA,NA,NA,NA,NA,NA,NA,1.2,0.88956,0.1,0,0,0,0.1,0,0,0,"Q","Shoulder",2023,2
"714","Duke Riley","MIA","LB","13220","robust",NA,NA,NA,NA,NA,NA,NA,NA,NA,NA,NA,NA,NA,NA,NA,NA,NA,NA,NA,NA,NA,NA,NA,NA,NA,NA,NA,NA,NA,NA,NA,NA,NA,NA,NA,NA,NA,NA,NA,NA,NA,NA,NA,NA,NA,NA,NA,NA,NA,NA,1.25,0.66717,0.1,0,0,0,0.1,0,0,0,NA,NA,NA,NA
"715","Trenton Simpson","BAL","LB","16234","robust",NA,NA,NA,NA,NA,NA,NA,NA,NA,NA,NA,NA,NA,NA,NA,NA,NA,NA,NA,NA,NA,NA,NA,NA,NA,NA,NA,NA,NA,NA,NA,NA,NA,NA,NA,NA,NA,NA,NA,NA,NA,NA,NA,NA,NA,NA,NA,NA,NA,NA,1.1,0.7413,0.2,0,0,0,0.1,0,0,0,NA,NA,NA,NA
"716","Mark Robinson","PIT","LB","15936","robust",NA,NA,NA,NA,NA,NA,NA,NA,NA,NA,NA,NA,NA,NA,NA,NA,NA,NA,NA,NA,NA,NA,NA,NA,NA,NA,NA,NA,NA,NA,NA,NA,NA,NA,NA,NA,NA,NA,NA,NA,NA,NA,NA,NA,NA,NA,NA,NA,NA,NA,1,0.7413,0.1,0,0,0,0,0,0,0,NA,NA,NA,NA
"717","Leo Chenal","KC","LB","15831","robust",NA,NA,NA,NA,NA,NA,NA,NA,NA,NA,NA,NA,NA,NA,NA,NA,NA,NA,NA,NA,NA,NA,NA,NA,NA,NA,NA,NA,NA,NA,NA,NA,NA,NA,NA,NA,NA,NA,NA,NA,NA,NA,NA,NA,NA,NA,NA,NA,NA,NA,0.9,0.88956,0.1,0,0,0,0,0,0,0,NA,NA,NA,NA
"718","Blake Cashman","HOU","LB","14251","robust",NA,NA,NA,NA,NA,NA,NA,NA,NA,NA,NA,NA,NA,NA,NA,NA,NA,NA,NA,NA,NA,NA,NA,NA,NA,NA,NA,NA,NA,NA,NA,NA,NA,NA,NA,NA,NA,NA,NA,NA,NA,NA,NA,NA,NA,NA,NA,NA,NA,NA,1.3,0.29652,0.3,0,0,0,0.2,0,0,0,NA,NA,NA,NA
"719","Nate Landman","ATL","LB","16013","robust",NA,NA,NA,NA,NA,NA,NA,NA,NA,NA,NA,NA,NA,NA,NA,NA,NA,NA,NA,NA,NA,NA,NA,NA,NA,NA,NA,NA,NA,NA,NA,NA,NA,NA,NA,NA,NA,NA,NA,NA,NA,NA,NA,NA,NA,NA,NA,NA,NA,NA,0.85,0.81543,0.1,0,0,0,0.1,0,0,0,NA,NA,NA,NA
"720","Malik Harrison","BAL","LB","14891","robust",NA,NA,NA,NA,NA,NA,NA,NA,NA,NA,NA,NA,NA,NA,NA,NA,NA,NA,NA,NA,NA,NA,NA,NA,NA,NA,NA,NA,NA,NA,NA,NA,NA,NA,NA,NA,NA,NA,NA,NA,NA,NA,NA,NA,NA,NA,NA,NA,NA,NA,1.15,0.37065,0.1,0,0,0,0,0,0,0,NA,NA,NA,NA
"721","Akeem Davis-Gaither","CIN","LB","14943","robust",NA,NA,NA,NA,NA,NA,NA,NA,NA,NA,NA,NA,NA,NA,NA,NA,NA,NA,NA,NA,NA,NA,NA,NA,NA,NA,NA,NA,NA,NA,NA,NA,NA,NA,NA,NA,NA,NA,NA,NA,NA,NA,NA,NA,NA,NA,NA,NA,NA,NA,1.1,0.44478,0,0,0,0,0.1,0,0,0,NA,NA,NA,NA
"722","Nick Niemann","LAC","LB","15456","robust",NA,NA,NA,NA,NA,NA,NA,NA,NA,NA,NA,NA,NA,NA,NA,NA,NA,NA,NA,NA,NA,NA,NA,NA,NA,NA,NA,NA,NA,NA,NA,NA,NA,NA,NA,NA,NA,NA,NA,NA,NA,NA,NA,NA,NA,NA,NA,NA,NA,NA,0.95,0.51891,0.2,0,0.1,0,0.1,0,0,0,NA,NA,NA,NA
"723","Zack Baun","NO","LB","14893","robust",NA,NA,NA,NA,NA,NA,NA,NA,NA,NA,NA,NA,NA,NA,NA,NA,NA,NA,NA,NA,NA,NA,NA,NA,NA,NA,NA,NA,NA,NA,NA,NA,NA,NA,NA,NA,NA,NA,NA,NA,NA,NA,NA,NA,NA,NA,NA,NA,NA,NA,1,0.44478,0.1,0,0,0,0,0,0,0,NA,NA,NA,NA
"724","Kamu Grugier-Hill","CAR","LB","12828","robust",NA,NA,NA,NA,NA,NA,NA,NA,NA,NA,NA,NA,NA,NA,NA,NA,NA,NA,NA,NA,NA,NA,NA,NA,NA,NA,NA,NA,NA,NA,NA,NA,NA,NA,NA,NA,NA,NA,NA,NA,NA,NA,NA,NA,NA,NA,NA,NA,NA,NA,1,0.44478,0,0,0,0,0,0,0,0,NA,NA,NA,NA
"725",NA,NA,"LB","16138","robust",NA,NA,NA,NA,NA,NA,NA,NA,NA,NA,NA,NA,NA,NA,NA,NA,NA,NA,NA,NA,NA,NA,NA,NA,NA,NA,NA,NA,NA,NA,NA,NA,NA,NA,NA,NA,NA,NA,NA,NA,NA,NA,NA,NA,NA,NA,NA,NA,NA,NA,0.85,0.51891,0.1,0,0,0,0,0,0,0,NA,NA,NA,NA
"726","Tyrel Dodson","BUF","LB","14472","robust",NA,NA,NA,NA,NA,NA,NA,NA,NA,NA,NA,NA,NA,NA,NA,NA,NA,NA,NA,NA,NA,NA,NA,NA,NA,NA,NA,NA,NA,NA,NA,NA,NA,NA,NA,NA,NA,NA,NA,NA,NA,NA,NA,NA,NA,NA,NA,NA,NA,NA,0.9,0.44478,0.1,0,0,0,0,0,0,0,NA,NA,NA,NA
"727","Markus Bailey","CIN","LB","15000","robust",NA,NA,NA,NA,NA,NA,NA,NA,NA,NA,NA,NA,NA,NA,NA,NA,NA,NA,NA,NA,NA,NA,NA,NA,NA,NA,NA,NA,NA,NA,NA,NA,NA,NA,NA,NA,NA,NA,NA,NA,NA,NA,NA,NA,NA,NA,NA,NA,NA,NA,0.9,0.44478,0,0,0,0,0,0,0,0,"Q","Knee",2023,2
"728","Channing Tindall","MIA","LB","15824","robust",NA,NA,NA,NA,NA,NA,NA,NA,NA,NA,NA,NA,NA,NA,NA,NA,NA,NA,NA,NA,NA,NA,NA,NA,NA,NA,NA,NA,NA,NA,NA,NA,NA,NA,NA,NA,NA,NA,NA,NA,NA,NA,NA,NA,NA,NA,NA,NA,NA,NA,0.7,0.59304,0.1,0,0,0,0.1,0,0,0,NA,NA,NA,NA
"729","Troy Dye","MIN","LB","14953","robust",NA,NA,NA,NA,NA,NA,NA,NA,NA,NA,NA,NA,NA,NA,NA,NA,NA,NA,NA,NA,NA,NA,NA,NA,NA,NA,NA,NA,NA,NA,NA,NA,NA,NA,NA,NA,NA,NA,NA,NA,NA,NA,NA,NA,NA,NA,NA,NA,NA,NA,0.5,0.59304,0.2,0,0,0,0.1,0,0,0,NA,NA,NA,NA
"730","Carter Coughlin","NYG","LB","15002","robust",NA,NA,NA,NA,NA,NA,NA,NA,NA,NA,NA,NA,NA,NA,NA,NA,NA,NA,NA,NA,NA,NA,NA,NA,NA,NA,NA,NA,NA,NA,NA,NA,NA,NA,NA,NA,NA,NA,NA,NA,NA,NA,NA,NA,NA,NA,NA,NA,NA,NA,0.4,0.59304,0.1,0,0,0,0,0,0,0,NA,NA,NA,NA
"731","Derwin James","LAC","DB","13714","robust",NA,NA,NA,NA,NA,NA,NA,NA,NA,NA,NA,NA,NA,NA,NA,NA,NA,NA,NA,NA,NA,NA,NA,NA,NA,NA,NA,NA,NA,NA,NA,NA,NA,NA,NA,NA,NA,NA,NA,NA,NA,NA,NA,NA,NA,NA,NA,NA,NA,NA,4.9875,1.4826,0.135,0.051891,0.145,0.081543,0.5,0.14826,0.005,0.007413,NA,NA,NA,NA
"732","Julian Love","SEA","DB","14179","robust",NA,NA,NA,NA,NA,NA,NA,NA,NA,NA,NA,NA,NA,NA,NA,NA,NA,NA,NA,NA,NA,NA,NA,NA,NA,NA,NA,NA,NA,NA,NA,NA,NA,NA,NA,NA,NA,NA,NA,NA,NA,NA,NA,NA,NA,NA,NA,NA,NA,NA,4.84,0.29652,0.025,0.037065,0.145,0.081543,0.505,0.140847,0.005,0.007413,NA,NA,NA,NA
"733","Kamren Curl","WAS","DB","15001","robust",NA,NA,NA,NA,NA,NA,NA,NA,NA,NA,NA,NA,NA,NA,NA,NA,NA,NA,NA,NA,NA,NA,NA,NA,NA,NA,NA,NA,NA,NA,NA,NA,NA,NA,NA,NA,NA,NA,NA,NA,NA,NA,NA,NA,NA,NA,NA,NA,NA,NA,5.0875,1.4826,0.095,0.00741300000000001,0.035,0.051891,0.335,0.051891,0.005,0.007413,NA,NA,NA,NA
"734","Jordan Fuller","LAR","DB","14991","robust",NA,NA,NA,NA,NA,NA,NA,NA,NA,NA,NA,NA,NA,NA,NA,NA,NA,NA,NA,NA,NA,NA,NA,NA,NA,NA,NA,NA,NA,NA,NA,NA,NA,NA,NA,NA,NA,NA,NA,NA,NA,NA,NA,NA,NA,NA,NA,NA,NA,NA,4.23,0.59304,0.015,0.022239,0.1,0,0.415,0.0222389999999999,0.005,0.007413,NA,NA,NA,NA
"735","Jaquan Brisker","CHI","DB","15835","robust",NA,NA,NA,NA,NA,NA,NA,NA,NA,NA,NA,NA,NA,NA,NA,NA,NA,NA,NA,NA,NA,NA,NA,NA,NA,NA,NA,NA,NA,NA,NA,NA,NA,NA,NA,NA,NA,NA,NA,NA,NA,NA,NA,NA,NA,NA,NA,NA,NA,NA,5.27,2.37216,0.215,0.022239,0.12,0.029652,0.4,0.14826,0.01,0.014826,NA,NA,NA,NA
"736","DeShon Elliott","MIA","DB","13806","robust",NA,NA,NA,NA,NA,NA,NA,NA,NA,NA,NA,NA,NA,NA,NA,NA,NA,NA,NA,NA,NA,NA,NA,NA,NA,NA,NA,NA,NA,NA,NA,NA,NA,NA,NA,NA,NA,NA,NA,NA,NA,NA,NA,NA,NA,NA,NA,NA,NA,NA,5.26,1.03782,0.08,0.029652,0.085,0.022239,0.335,0.051891,0.005,0.007413,NA,NA,NA,NA
"737","Budda Baker","ARI","DB","13251","robust",NA,NA,NA,NA,NA,NA,NA,NA,NA,NA,NA,NA,NA,NA,NA,NA,NA,NA,NA,NA,NA,NA,NA,NA,NA,NA,NA,NA,NA,NA,NA,NA,NA,NA,NA,NA,NA,NA,NA,NA,NA,NA,NA,NA,NA,NA,NA,NA,NA,NA,4.94,1.77912,0.035,0.051891,0.095,0.00741300000000001,0.4,0,0.005,0.007413,"Q","Hamstring",2023,2
"738","Eddie Jackson","CHI","DB","13229","robust",NA,NA,NA,NA,NA,NA,NA,NA,NA,NA,NA,NA,NA,NA,NA,NA,NA,NA,NA,NA,NA,NA,NA,NA,NA,NA,NA,NA,NA,NA,NA,NA,NA,NA,NA,NA,NA,NA,NA,NA,NA,NA,NA,NA,NA,NA,NA,NA,NA,NA,4.875,0.741300000000001,0.06,0.059304,0.205,0.00741299999999996,0.59,0.133434,0.01,0.014826,NA,NA,NA,NA
"739","Richie Grant","ATL","DB","15381","robust",NA,NA,NA,NA,NA,NA,NA,NA,NA,NA,NA,NA,NA,NA,NA,NA,NA,NA,NA,NA,NA,NA,NA,NA,NA,NA,NA,NA,NA,NA,NA,NA,NA,NA,NA,NA,NA,NA,NA,NA,NA,NA,NA,NA,NA,NA,NA,NA,NA,NA,4.0825,1.77912,0.01,0.014826,0.1,0,0.465,0.051891,0.005,0.007413,NA,NA,NA,NA
"740","Antoine Winfield","TB","DB","14909","robust",NA,NA,NA,NA,NA,NA,NA,NA,NA,NA,NA,NA,NA,NA,NA,NA,NA,NA,NA,NA,NA,NA,NA,NA,NA,NA,NA,NA,NA,NA,NA,NA,NA,NA,NA,NA,NA,NA,NA,NA,NA,NA,NA,NA,NA,NA,NA,NA,NA,NA,4.7475,0.7413,0.285,0.0222389999999999,0.095,0.00741300000000001,0.345,0.066717,0.005,0.007413,NA,NA,NA,NA
"741","Rayshawn Jenkins","JAC","DB","13288","robust",NA,NA,NA,NA,NA,NA,NA,NA,NA,NA,NA,NA,NA,NA,NA,NA,NA,NA,NA,NA,NA,NA,NA,NA,NA,NA,NA,NA,NA,NA,NA,NA,NA,NA,NA,NA,NA,NA,NA,NA,NA,NA,NA,NA,NA,NA,NA,NA,NA,NA,4.3325,0.44478,0.07,0.044478,0.09,0.014826,0.39,0.014826,0.005,0.007413,NA,NA,NA,NA
"742","Alohi Gilman","LAC","DB","14982","robust",NA,NA,NA,NA,NA,NA,NA,NA,NA,NA,NA,NA,NA,NA,NA,NA,NA,NA,NA,NA,NA,NA,NA,NA,NA,NA,NA,NA,NA,NA,NA,NA,NA,NA,NA,NA,NA,NA,NA,NA,NA,NA,NA,NA,NA,NA,NA,NA,NA,NA,4.3375,0.7413,0.01,0.014826,0.095,0.00741300000000001,0.355,0.081543,0.005,0.007413,NA,NA,NA,NA
"743","Nate Hobbs","LVR","DB","15441","robust",NA,NA,NA,NA,NA,NA,NA,NA,NA,NA,NA,NA,NA,NA,NA,NA,NA,NA,NA,NA,NA,NA,NA,NA,NA,NA,NA,NA,NA,NA,NA,NA,NA,NA,NA,NA,NA,NA,NA,NA,NA,NA,NA,NA,NA,NA,NA,NA,NA,NA,5.405,1.363992,0.085,0.022239,0.04,0.059304,0.29,0.133434,0.005,0.007413,NA,NA,NA,NA
"744","Kevin Byard","TEN","DB","12752","robust",NA,NA,NA,NA,NA,NA,NA,NA,NA,NA,NA,NA,NA,NA,NA,NA,NA,NA,NA,NA,NA,NA,NA,NA,NA,NA,NA,NA,NA,NA,NA,NA,NA,NA,NA,NA,NA,NA,NA,NA,NA,NA,NA,NA,NA,NA,NA,NA,NA,NA,4.4625,1.63086,0.015,0.022239,0.225,0.111195,0.515,0.022239,0.005,0.007413,NA,NA,NA,NA
"745","Minkah Fitzpatrick","PIT","DB","13713","robust",NA,NA,NA,NA,NA,NA,NA,NA,NA,NA,NA,NA,NA,NA,NA,NA,NA,NA,NA,NA,NA,NA,NA,NA,NA,NA,NA,NA,NA,NA,NA,NA,NA,NA,NA,NA,NA,NA,NA,NA,NA,NA,NA,NA,NA,NA,NA,NA,NA,NA,4.2675,1.77912,0.005,0.007413,0.215,0.126021,0.59,0.163086,0.005,0.007413,NA,NA,NA,NA
"746","Grant Delpit","CLE","DB","14907","robust",NA,NA,NA,NA,NA,NA,NA,NA,NA,NA,NA,NA,NA,NA,NA,NA,NA,NA,NA,NA,NA,NA,NA,NA,NA,NA,NA,NA,NA,NA,NA,NA,NA,NA,NA,NA,NA,NA,NA,NA,NA,NA,NA,NA,NA,NA,NA,NA,NA,NA,4.615,1.03782,0.025,0.037065,0.165,0.051891,0.495,0.00741300000000001,0.005,0.007413,NA,NA,NA,NA
"747","Jalen Thompson","ARI","DB","14518","robust",NA,NA,NA,NA,NA,NA,NA,NA,NA,NA,NA,NA,NA,NA,NA,NA,NA,NA,NA,NA,NA,NA,NA,NA,NA,NA,NA,NA,NA,NA,NA,NA,NA,NA,NA,NA,NA,NA,NA,NA,NA,NA,NA,NA,NA,NA,NA,NA,NA,NA,4.8825,1.823598,0.01,0.014826,0.105,0.00741299999999999,0.42,0.0296519999999999,0.005,0.007413,NA,NA,NA,NA
"748","Darrick Forrest","WAS","DB","15437","robust",NA,NA,NA,NA,NA,NA,NA,NA,NA,NA,NA,NA,NA,NA,NA,NA,NA,NA,NA,NA,NA,NA,NA,NA,NA,NA,NA,NA,NA,NA,NA,NA,NA,NA,NA,NA,NA,NA,NA,NA,NA,NA,NA,NA,NA,NA,NA,NA,NA,NA,3.7675,1.03782,0.065,0.051891,0.115,0.022239,0.495,0.00741300000000001,0.005,0.007413,NA,NA,NA,NA
"749","L'Jarius Sneed","KC","DB","14956","robust",NA,NA,NA,NA,NA,NA,NA,NA,NA,NA,NA,NA,NA,NA,NA,NA,NA,NA,NA,NA,NA,NA,NA,NA,NA,NA,NA,NA,NA,NA,NA,NA,NA,NA,NA,NA,NA,NA,NA,NA,NA,NA,NA,NA,NA,NA,NA,NA,NA,NA,4.16,0.88956,0.09,0.014826,0.105,0.00741299999999999,0.465,0.051891,0.005,0.007413,NA,NA,NA,NA
"750","Ryan Neal","TB","DB","14028","robust",NA,NA,NA,NA,NA,NA,NA,NA,NA,NA,NA,NA,NA,NA,NA,NA,NA,NA,NA,NA,NA,NA,NA,NA,NA,NA,NA,NA,NA,NA,NA,NA,NA,NA,NA,NA,NA,NA,NA,NA,NA,NA,NA,NA,NA,NA,NA,NA,NA,NA,4.1575,0,0.11,0.014826,0.045,0.066717,0.295,0.140847,0.005,0.007413,NA,NA,NA,NA
"751","Adrian Amos","NYJ","DB","12308","robust",NA,NA,NA,NA,NA,NA,NA,NA,NA,NA,NA,NA,NA,NA,NA,NA,NA,NA,NA,NA,NA,NA,NA,NA,NA,NA,NA,NA,NA,NA,NA,NA,NA,NA,NA,NA,NA,NA,NA,NA,NA,NA,NA,NA,NA,NA,NA,NA,NA,NA,6.01,0.0148259999999997,0.03,0,0.12,0,0.47,0,0.01,0,NA,NA,NA,NA
"752","Jayron Kearse","DAL","DB","12720","robust",NA,NA,NA,NA,NA,NA,NA,NA,NA,NA,NA,NA,NA,NA,NA,NA,NA,NA,NA,NA,NA,NA,NA,NA,NA,NA,NA,NA,NA,NA,NA,NA,NA,NA,NA,NA,NA,NA,NA,NA,NA,NA,NA,NA,NA,NA,NA,NA,NA,NA,3.9975,1.18608,0.1,0,0.09,0.014826,0.335,0.051891,0.005,0.007413,NA,NA,NA,NA
"753","Kyle Dugger","NE","DB","14921","robust",NA,NA,NA,NA,NA,NA,NA,NA,NA,NA,NA,NA,NA,NA,NA,NA,NA,NA,NA,NA,NA,NA,NA,NA,NA,NA,NA,NA,NA,NA,NA,NA,NA,NA,NA,NA,NA,NA,NA,NA,NA,NA,NA,NA,NA,NA,NA,NA,NA,NA,3.945,0.148259999999999,0.02,0.029652,0.17,0.044478,0.45,0.07413,0.055,0.066717,NA,NA,NA,NA
"754","Rodney McLeod","CLE","DB","11017","robust",NA,NA,NA,NA,NA,NA,NA,NA,NA,NA,NA,NA,NA,NA,NA,NA,NA,NA,NA,NA,NA,NA,NA,NA,NA,NA,NA,NA,NA,NA,NA,NA,NA,NA,NA,NA,NA,NA,NA,NA,NA,NA,NA,NA,NA,NA,NA,NA,NA,NA,3.43,0,0.01,0.014826,0.125,0.037065,0.415,0.170499,0.005,0.007413,NA,NA,NA,NA
"755","Xavier McKinney","NYG","DB","14908","robust",NA,NA,NA,NA,NA,NA,NA,NA,NA,NA,NA,NA,NA,NA,NA,NA,NA,NA,NA,NA,NA,NA,NA,NA,NA,NA,NA,NA,NA,NA,NA,NA,NA,NA,NA,NA,NA,NA,NA,NA,NA,NA,NA,NA,NA,NA,NA,NA,NA,NA,4.2975,2.357334,0.085,0.022239,0.1,0.14826,0.765,0.200151,0.01,0.014826,NA,NA,NA,NA
"756","Derek Stingley Jr.","HOU","DB","15832","robust",NA,NA,NA,NA,NA,NA,NA,NA,NA,NA,NA,NA,NA,NA,NA,NA,NA,NA,NA,NA,NA,NA,NA,NA,NA,NA,NA,NA,NA,NA,NA,NA,NA,NA,NA,NA,NA,NA,NA,NA,NA,NA,NA,NA,NA,NA,NA,NA,NA,NA,4.665,1.527078,0.025,0.037065,0.2,0.14826,0.495,0.155673,0.005,0.007413,NA,NA,NA,NA
"757","Jevon Holland","MIA","DB","15366","robust",NA,NA,NA,NA,NA,NA,NA,NA,NA,NA,NA,NA,NA,NA,NA,NA,NA,NA,NA,NA,NA,NA,NA,NA,NA,NA,NA,NA,NA,NA,NA,NA,NA,NA,NA,NA,NA,NA,NA,NA,NA,NA,NA,NA,NA,NA,NA,NA,NA,NA,4.595,0.889560000000001,0.045,0.066717,0.06,0.088956,0.375,0.111195,0.005,0.007413,NA,NA,NA,NA
"758","Harrison Smith","MIN","DB","10783","robust",NA,NA,NA,NA,NA,NA,NA,NA,NA,NA,NA,NA,NA,NA,NA,NA,NA,NA,NA,NA,NA,NA,NA,NA,NA,NA,NA,NA,NA,NA,NA,NA,NA,NA,NA,NA,NA,NA,NA,NA,NA,NA,NA,NA,NA,NA,NA,NA,NA,NA,5.0425,0.696822,0.09,0.014826,0.23,0.103782,0.57,0.0444779999999999,0.005,0.007413,NA,NA,NA,NA
"759","Avonte Maddox","PHI","DB","13767","robust",NA,NA,NA,NA,NA,NA,NA,NA,NA,NA,NA,NA,NA,NA,NA,NA,NA,NA,NA,NA,NA,NA,NA,NA,NA,NA,NA,NA,NA,NA,NA,NA,NA,NA,NA,NA,NA,NA,NA,NA,NA,NA,NA,NA,NA,NA,NA,NA,NA,NA,3.5125,0.148259999999999,0.03,0.044478,0.095,0.00741300000000001,0.44,0.088956,0.005,0.007413,NA,NA,NA,NA
"760","Nick Scott","CIN","DB","14302","robust",NA,NA,NA,NA,NA,NA,NA,NA,NA,NA,NA,NA,NA,NA,NA,NA,NA,NA,NA,NA,NA,NA,NA,NA,NA,NA,NA,NA,NA,NA,NA,NA,NA,NA,NA,NA,NA,NA,NA,NA,NA,NA,NA,NA,NA,NA,NA,NA,NA,NA,4.0075,2.52042,0.01,0.014826,0.155,0.066717,0.425,0.0370649999999999,0.005,0.007413,NA,NA,NA,NA
"761","Donovan Wilson","DAL","DB","14283","robust",NA,NA,NA,NA,NA,NA,NA,NA,NA,NA,NA,NA,NA,NA,NA,NA,NA,NA,NA,NA,NA,NA,NA,NA,NA,NA,NA,NA,NA,NA,NA,NA,NA,NA,NA,NA,NA,NA,NA,NA,NA,NA,NA,NA,NA,NA,NA,NA,NA,NA,3.8075,0.59304,0.13,0.044478,0.085,0.022239,0.315,0.022239,0.005,0.007413,"D","Calf",2023,2
"762","Talanoa Hufanga","SF","DB","15452","robust",NA,NA,NA,NA,NA,NA,NA,NA,NA,NA,NA,NA,NA,NA,NA,NA,NA,NA,NA,NA,NA,NA,NA,NA,NA,NA,NA,NA,NA,NA,NA,NA,NA,NA,NA,NA,NA,NA,NA,NA,NA,NA,NA,NA,NA,NA,NA,NA,NA,NA,3.6275,0.29652,0.085,0.022239,0.165,0.051891,0.435,0.051891,0.005,0.007413,NA,NA,NA,NA
"763","Kareem Jackson","DEN","DB","9861","robust",NA,NA,NA,NA,NA,NA,NA,NA,NA,NA,NA,NA,NA,NA,NA,NA,NA,NA,NA,NA,NA,NA,NA,NA,NA,NA,NA,NA,NA,NA,NA,NA,NA,NA,NA,NA,NA,NA,NA,NA,NA,NA,NA,NA,NA,NA,NA,NA,NA,NA,3.8275,0.44478,0.025,0.037065,0.15,0.07413,0.41,0.0148259999999999,0.005,0.007413,NA,NA,NA,NA
"764","Marcus Epps","LVR","DB","14270","robust",NA,NA,NA,NA,NA,NA,NA,NA,NA,NA,NA,NA,NA,NA,NA,NA,NA,NA,NA,NA,NA,NA,NA,NA,NA,NA,NA,NA,NA,NA,NA,NA,NA,NA,NA,NA,NA,NA,NA,NA,NA,NA,NA,NA,NA,NA,NA,NA,NA,NA,3.9725,0.88956,0.01,0.014826,0.055,0.081543,0.365,0.096369,0.005,0.007413,NA,NA,NA,NA
"765","Marcus Maye","NO","DB","13252","robust",NA,NA,NA,NA,NA,NA,NA,NA,NA,NA,NA,NA,NA,NA,NA,NA,NA,NA,NA,NA,NA,NA,NA,NA,NA,NA,NA,NA,NA,NA,NA,NA,NA,NA,NA,NA,NA,NA,NA,NA,NA,NA,NA,NA,NA,NA,NA,NA,NA,NA,4.565,1.33434,0.025,0.037065,0.14,0.088956,0.44,0.088956,0.055,0.066717,NA,NA,NA,NA
"766","Chauncey Gardner-Johnson","DET","DB","14224","robust",NA,NA,NA,NA,NA,NA,NA,NA,NA,NA,NA,NA,NA,NA,NA,NA,NA,NA,NA,NA,NA,NA,NA,NA,NA,NA,NA,NA,NA,NA,NA,NA,NA,NA,NA,NA,NA,NA,NA,NA,NA,NA,NA,NA,NA,NA,NA,NA,NA,NA,5.3325,0.192738,0.1,0,0.22,0.118608,0.7,0.29652,0.005,0.007413,NA,NA,NA,NA
"767","Bryan Cook","KC","DB","15860","robust",NA,NA,NA,NA,NA,NA,NA,NA,NA,NA,NA,NA,NA,NA,NA,NA,NA,NA,NA,NA,NA,NA,NA,NA,NA,NA,NA,NA,NA,NA,NA,NA,NA,NA,NA,NA,NA,NA,NA,NA,NA,NA,NA,NA,NA,NA,NA,NA,NA,NA,5.615,0.0222390000000002,0.07,0,0.06,0,0.32,0,0.01,0,NA,NA,NA,NA
"768","Justin Simmons","DEN","DB","12767","robust",NA,NA,NA,NA,NA,NA,NA,NA,NA,NA,NA,NA,NA,NA,NA,NA,NA,NA,NA,NA,NA,NA,NA,NA,NA,NA,NA,NA,NA,NA,NA,NA,NA,NA,NA,NA,NA,NA,NA,NA,NA,NA,NA,NA,NA,NA,NA,NA,NA,NA,4.0025,1.03782,0.08,0.029652,0.3,0.14826,0.66,0.0593039999999999,0.01,0.014826,NA,NA,NA,NA
"769","Tre Flowers","ATL","DB","13778","robust",NA,NA,NA,NA,NA,NA,NA,NA,NA,NA,NA,NA,NA,NA,NA,NA,NA,NA,NA,NA,NA,NA,NA,NA,NA,NA,NA,NA,NA,NA,NA,NA,NA,NA,NA,NA,NA,NA,NA,NA,NA,NA,NA,NA,NA,NA,NA,NA,NA,NA,5.595,0.00741299999999984,0.02,0,0.09,0,0.39,0,0.01,0,NA,NA,NA,NA
"770","Jordan Poyer","BUF","DB","11317","robust",NA,NA,NA,NA,NA,NA,NA,NA,NA,NA,NA,NA,NA,NA,NA,NA,NA,NA,NA,NA,NA,NA,NA,NA,NA,NA,NA,NA,NA,NA,NA,NA,NA,NA,NA,NA,NA,NA,NA,NA,NA,NA,NA,NA,NA,NA,NA,NA,NA,NA,3.8125,1.63086,0.09,0.014826,0.175,0.037065,0.45,0.07413,0.005,0.007413,NA,NA,NA,NA
"771","Kerby Joseph","DET","DB","15871","robust",NA,NA,NA,NA,NA,NA,NA,NA,NA,NA,NA,NA,NA,NA,NA,NA,NA,NA,NA,NA,NA,NA,NA,NA,NA,NA,NA,NA,NA,NA,NA,NA,NA,NA,NA,NA,NA,NA,NA,NA,NA,NA,NA,NA,NA,NA,NA,NA,NA,NA,4.3875,0.88956,0.02,0.029652,0.11,0.014826,0.43,0.044478,0.005,0.007413,NA,NA,NA,NA
"772","Josh Metellus","MIN","DB","14995","robust",NA,NA,NA,NA,NA,NA,NA,NA,NA,NA,NA,NA,NA,NA,NA,NA,NA,NA,NA,NA,NA,NA,NA,NA,NA,NA,NA,NA,NA,NA,NA,NA,NA,NA,NA,NA,NA,NA,NA,NA,NA,NA,NA,NA,NA,NA,NA,NA,NA,NA,5.515,0.0222390000000002,0.04,0,0.07,0,0.35,0,0.01,0,NA,NA,NA,NA
"773","Justin Evans","PHI","DB","13257","robust",NA,NA,NA,NA,NA,NA,NA,NA,NA,NA,NA,NA,NA,NA,NA,NA,NA,NA,NA,NA,NA,NA,NA,NA,NA,NA,NA,NA,NA,NA,NA,NA,NA,NA,NA,NA,NA,NA,NA,NA,NA,NA,NA,NA,NA,NA,NA,NA,NA,NA,5.49,0.0148259999999997,0.05,0,0.11,0,0.44,0,0.01,0,NA,NA,NA,NA
"774","M.J. Stewart","HOU","DB","13736","robust",NA,NA,NA,NA,NA,NA,NA,NA,NA,NA,NA,NA,NA,NA,NA,NA,NA,NA,NA,NA,NA,NA,NA,NA,NA,NA,NA,NA,NA,NA,NA,NA,NA,NA,NA,NA,NA,NA,NA,NA,NA,NA,NA,NA,NA,NA,NA,NA,NA,NA,5.5,0,0.03,0,0.08,0,0.36,0,0.01,0,NA,NA,NA,NA
"775","Tyrann Mathieu","NO","DB","11313","robust",NA,NA,NA,NA,NA,NA,NA,NA,NA,NA,NA,NA,NA,NA,NA,NA,NA,NA,NA,NA,NA,NA,NA,NA,NA,NA,NA,NA,NA,NA,NA,NA,NA,NA,NA,NA,NA,NA,NA,NA,NA,NA,NA,NA,NA,NA,NA,NA,NA,NA,3.79,0.29652,0.03,0.044478,0.135,0.051891,0.485,0.126021,0.005,0.007413,NA,NA,NA,NA
"776","Jabrill Peppers","NE","DB","13231","robust",NA,NA,NA,NA,NA,NA,NA,NA,NA,NA,NA,NA,NA,NA,NA,NA,NA,NA,NA,NA,NA,NA,NA,NA,NA,NA,NA,NA,NA,NA,NA,NA,NA,NA,NA,NA,NA,NA,NA,NA,NA,NA,NA,NA,NA,NA,NA,NA,NA,NA,3.385,0,0.025,0.037065,0.025,0.037065,0.305,0.00741300000000001,0.005,0.007413,NA,NA,NA,NA
"777","Jordan Whitehead","NYJ","DB","13760","robust",NA,NA,NA,NA,NA,NA,NA,NA,NA,NA,NA,NA,NA,NA,NA,NA,NA,NA,NA,NA,NA,NA,NA,NA,NA,NA,NA,NA,NA,NA,NA,NA,NA,NA,NA,NA,NA,NA,NA,NA,NA,NA,NA,NA,NA,NA,NA,NA,NA,NA,3.6175,0.7413,0.005,0.007413,0.36,0.355824,0.72,0.415128,0.005,0.007413,NA,NA,NA,NA
"778","Akayleb Evans","MIN","DB","15880","robust",NA,NA,NA,NA,NA,NA,NA,NA,NA,NA,NA,NA,NA,NA,NA,NA,NA,NA,NA,NA,NA,NA,NA,NA,NA,NA,NA,NA,NA,NA,NA,NA,NA,NA,NA,NA,NA,NA,NA,NA,NA,NA,NA,NA,NA,NA,NA,NA,NA,NA,3.8075,0.44478,0.01,0.014826,0.035,0.051891,0.47,0.192738,0.005,0.007413,NA,NA,NA,NA
"779","Daxton Hill","CIN","DB","15836","robust",NA,NA,NA,NA,NA,NA,NA,NA,NA,NA,NA,NA,NA,NA,NA,NA,NA,NA,NA,NA,NA,NA,NA,NA,NA,NA,NA,NA,NA,NA,NA,NA,NA,NA,NA,NA,NA,NA,NA,NA,NA,NA,NA,NA,NA,NA,NA,NA,NA,NA,4.15,1.63086,0.025,0.037065,0.145,0.081543,0.545,0.229803,0.005,0.007413,NA,NA,NA,NA
"780","Vonn Bell","CAR","DB","12718","robust",NA,NA,NA,NA,NA,NA,NA,NA,NA,NA,NA,NA,NA,NA,NA,NA,NA,NA,NA,NA,NA,NA,NA,NA,NA,NA,NA,NA,NA,NA,NA,NA,NA,NA,NA,NA,NA,NA,NA,NA,NA,NA,NA,NA,NA,NA,NA,NA,NA,NA,3.3925,0.148259999999999,0.035,0.051891,0.08,0.029652,0.305,0.00741300000000001,0.005,0.007413,NA,NA,NA,NA
"781","Adoree Jackson","NYG","DB","13226","robust",NA,NA,NA,NA,NA,NA,NA,NA,NA,NA,NA,NA,NA,NA,NA,NA,NA,NA,NA,NA,NA,NA,NA,NA,NA,NA,NA,NA,NA,NA,NA,NA,NA,NA,NA,NA,NA,NA,NA,NA,NA,NA,NA,NA,NA,NA,NA,NA,NA,NA,4.0075,0.889559999999999,0.055,0.066717,0.095,0.00741300000000001,0.49,0.163086,0.005,0.007413,NA,NA,NA,NA
"782","Rasul Douglas","GB","DB","13281","robust",NA,NA,NA,NA,NA,NA,NA,NA,NA,NA,NA,NA,NA,NA,NA,NA,NA,NA,NA,NA,NA,NA,NA,NA,NA,NA,NA,NA,NA,NA,NA,NA,NA,NA,NA,NA,NA,NA,NA,NA,NA,NA,NA,NA,NA,NA,NA,NA,NA,NA,4.0275,0.29652,0.015,0.022239,0.2,0.14826,0.555,0.214977,0.005,0.007413,NA,NA,NA,NA
"783","Johnathan Ford","GB","DB","13339","robust",NA,NA,NA,NA,NA,NA,NA,NA,NA,NA,NA,NA,NA,NA,NA,NA,NA,NA,NA,NA,NA,NA,NA,NA,NA,NA,NA,NA,NA,NA,NA,NA,NA,NA,NA,NA,NA,NA,NA,NA,NA,NA,NA,NA,NA,NA,NA,NA,NA,NA,5.2,0,0.04,0,0.08,0,0.36,0,0.01,0,NA,NA,NA,NA
"784","Justin Reid","KC","DB","13717","robust",NA,NA,NA,NA,NA,NA,NA,NA,NA,NA,NA,NA,NA,NA,NA,NA,NA,NA,NA,NA,NA,NA,NA,NA,NA,NA,NA,NA,NA,NA,NA,NA,NA,NA,NA,NA,NA,NA,NA,NA,NA,NA,NA,NA,NA,NA,NA,NA,NA,NA,4.125,1.03782,0.065,0.051891,0.035,0.051891,0.465,0.200151,0.005,0.007413,NA,NA,NA,NA
"785","Jessie Bates","ATL","DB","13737","robust",NA,NA,NA,NA,NA,NA,NA,NA,NA,NA,NA,NA,NA,NA,NA,NA,NA,NA,NA,NA,NA,NA,NA,NA,NA,NA,NA,NA,NA,NA,NA,NA,NA,NA,NA,NA,NA,NA,NA,NA,NA,NA,NA,NA,NA,NA,NA,NA,NA,NA,3.215,1.4826,0.005,0.007413,0.285,0.170499,0.63,0.103782,0.005,0.007413,NA,NA,NA,NA
"786","Andre Cisco","JAC","DB","15364","robust",NA,NA,NA,NA,NA,NA,NA,NA,NA,NA,NA,NA,NA,NA,NA,NA,NA,NA,NA,NA,NA,NA,NA,NA,NA,NA,NA,NA,NA,NA,NA,NA,NA,NA,NA,NA,NA,NA,NA,NA,NA,NA,NA,NA,NA,NA,NA,NA,NA,NA,3.28,0.59304,0.07,0.044478,0.095,0.00741300000000001,0.49,0.163086,0.055,0.066717,NA,NA,NA,NA
"787","Deommodore Lenoir","SF","DB","15445","robust",NA,NA,NA,NA,NA,NA,NA,NA,NA,NA,NA,NA,NA,NA,NA,NA,NA,NA,NA,NA,NA,NA,NA,NA,NA,NA,NA,NA,NA,NA,NA,NA,NA,NA,NA,NA,NA,NA,NA,NA,NA,NA,NA,NA,NA,NA,NA,NA,NA,NA,3.925,0.7413,0.015,0.022239,0.105,0.00741299999999999,0.36,0.088956,0.005,0.007413,NA,NA,NA,NA
"788","Christian Gonzalez","NE","DB","16251","robust",NA,NA,NA,NA,NA,NA,NA,NA,NA,NA,NA,NA,NA,NA,NA,NA,NA,NA,NA,NA,NA,NA,NA,NA,NA,NA,NA,NA,NA,NA,NA,NA,NA,NA,NA,NA,NA,NA,NA,NA,NA,NA,NA,NA,NA,NA,NA,NA,NA,NA,4.995,0.00741299999999984,0.08,0,0.1,0,0.4,0,0.01,0,NA,NA,NA,NA
"789","Cam Taylor-Britt","CIN","DB","15859","robust",NA,NA,NA,NA,NA,NA,NA,NA,NA,NA,NA,NA,NA,NA,NA,NA,NA,NA,NA,NA,NA,NA,NA,NA,NA,NA,NA,NA,NA,NA,NA,NA,NA,NA,NA,NA,NA,NA,NA,NA,NA,NA,NA,NA,NA,NA,NA,NA,NA,NA,3.5225,0.7413,0.01,0.014826,0.09,0.014826,0.635,0.392889,0.005,0.007413,NA,NA,NA,NA
"790","Damarri Mathis","DEN","DB","15876","robust",NA,NA,NA,NA,NA,NA,NA,NA,NA,NA,NA,NA,NA,NA,NA,NA,NA,NA,NA,NA,NA,NA,NA,NA,NA,NA,NA,NA,NA,NA,NA,NA,NA,NA,NA,NA,NA,NA,NA,NA,NA,NA,NA,NA,NA,NA,NA,NA,NA,NA,4.0225,0.88956,0.01,0.014826,0.035,0.051891,0.37,0.044478,0.005,0.007413,NA,NA,NA,NA
"791","Michael Davis","LAC","DB","13479","robust",NA,NA,NA,NA,NA,NA,NA,NA,NA,NA,NA,NA,NA,NA,NA,NA,NA,NA,NA,NA,NA,NA,NA,NA,NA,NA,NA,NA,NA,NA,NA,NA,NA,NA,NA,NA,NA,NA,NA,NA,NA,NA,NA,NA,NA,NA,NA,NA,NA,NA,3.695,0.148259999999999,0.02,0.029652,0.035,0.051891,0.67,0.489258,0.005,0.007413,NA,NA,NA,NA
"792","Trevon Moehrig","LVR","DB","15365","robust",NA,NA,NA,NA,NA,NA,NA,NA,NA,NA,NA,NA,NA,NA,NA,NA,NA,NA,NA,NA,NA,NA,NA,NA,NA,NA,NA,NA,NA,NA,NA,NA,NA,NA,NA,NA,NA,NA,NA,NA,NA,NA,NA,NA,NA,NA,NA,NA,NA,NA,3.395,0.14826,0.01,0.014826,0.035,0.051891,0.27,0.103782,0.005,0.007413,NA,NA,NA,NA
"793","Marco Wilson","ARI","DB","15422","robust",NA,NA,NA,NA,NA,NA,NA,NA,NA,NA,NA,NA,NA,NA,NA,NA,NA,NA,NA,NA,NA,NA,NA,NA,NA,NA,NA,NA,NA,NA,NA,NA,NA,NA,NA,NA,NA,NA,NA,NA,NA,NA,NA,NA,NA,NA,NA,NA,NA,NA,3.915,1.03782,0.01,0.014826,0.105,0.00741299999999999,0.56,0.207564,0.055,0.066717,NA,NA,NA,NA
"794","Camryn Bynum","MIN","DB","15418","robust",NA,NA,NA,NA,NA,NA,NA,NA,NA,NA,NA,NA,NA,NA,NA,NA,NA,NA,NA,NA,NA,NA,NA,NA,NA,NA,NA,NA,NA,NA,NA,NA,NA,NA,NA,NA,NA,NA,NA,NA,NA,NA,NA,NA,NA,NA,NA,NA,NA,NA,4.06,0.652344000000001,0.02,0.029652,0.145,0.081543,0.44,0.088956,0.005,0.007413,NA,NA,NA,NA
"795","Jakorian Bennett","LVR","DB","16289","robust",NA,NA,NA,NA,NA,NA,NA,NA,NA,NA,NA,NA,NA,NA,NA,NA,NA,NA,NA,NA,NA,NA,NA,NA,NA,NA,NA,NA,NA,NA,NA,NA,NA,NA,NA,NA,NA,NA,NA,NA,NA,NA,NA,NA,NA,NA,NA,NA,NA,NA,4.885,0.0222390000000002,0.02,0,0.13,0,0.47,0,0.01,0,NA,NA,NA,NA
"796","Tyrique Stevenson","CHI","DB","16267","robust",NA,NA,NA,NA,NA,NA,NA,NA,NA,NA,NA,NA,NA,NA,NA,NA,NA,NA,NA,NA,NA,NA,NA,NA,NA,NA,NA,NA,NA,NA,NA,NA,NA,NA,NA,NA,NA,NA,NA,NA,NA,NA,NA,NA,NA,NA,NA,NA,NA,NA,2.85,1.03782,0.02,0.029652,0.085,0.126021,0.375,0.259455,0.005,0.007413,NA,NA,NA,NA
"797","Jeremy Chinn","CAR","DB","14927","robust",NA,NA,NA,NA,NA,NA,NA,NA,NA,NA,NA,NA,NA,NA,NA,NA,NA,NA,NA,NA,NA,NA,NA,NA,NA,NA,NA,NA,NA,NA,NA,NA,NA,NA,NA,NA,NA,NA,NA,NA,NA,NA,NA,NA,NA,NA,NA,NA,NA,NA,4.0725,0.726473999999999,0.07,0.044478,0.025,0.037065,0.35,0.07413,0.005,0.007413,NA,NA,NA,NA
"798","Derion Kendrick","LAR","DB","15924","robust",NA,NA,NA,NA,NA,NA,NA,NA,NA,NA,NA,NA,NA,NA,NA,NA,NA,NA,NA,NA,NA,NA,NA,NA,NA,NA,NA,NA,NA,NA,NA,NA,NA,NA,NA,NA,NA,NA,NA,NA,NA,NA,NA,NA,NA,NA,NA,NA,NA,NA,3.47,0,0.005,0.007413,0.04,0.059304,0.425,0.111195,0.005,0.007413,NA,NA,NA,NA
"799","Sean Bunting","TEN","DB","14199","robust",NA,NA,NA,NA,NA,NA,NA,NA,NA,NA,NA,NA,NA,NA,NA,NA,NA,NA,NA,NA,NA,NA,NA,NA,NA,NA,NA,NA,NA,NA,NA,NA,NA,NA,NA,NA,NA,NA,NA,NA,NA,NA,NA,NA,NA,NA,NA,NA,NA,NA,3.1175,0.29652,0.005,0.007413,0.11,0.014826,0.37,0.103782,0.005,0.007413,NA,NA,NA,NA
"800","Kader Kohou","MIA","DB","16016","robust",NA,NA,NA,NA,NA,NA,NA,NA,NA,NA,NA,NA,NA,NA,NA,NA,NA,NA,NA,NA,NA,NA,NA,NA,NA,NA,NA,NA,NA,NA,NA,NA,NA,NA,NA,NA,NA,NA,NA,NA,NA,NA,NA,NA,NA,NA,NA,NA,NA,NA,3.6925,0.44478,0.07,0.044478,0.09,0.014826,0.48,0.177912,0.005,0.007413,NA,NA,NA,NA
"801","Kyle Hamilton","BAL","DB","15834","robust",NA,NA,NA,NA,NA,NA,NA,NA,NA,NA,NA,NA,NA,NA,NA,NA,NA,NA,NA,NA,NA,NA,NA,NA,NA,NA,NA,NA,NA,NA,NA,NA,NA,NA,NA,NA,NA,NA,NA,NA,NA,NA,NA,NA,NA,NA,NA,NA,NA,NA,4.2675,0.845082,0.1,0,0.08,0.029652,0.355,0.066717,0.005,0.007413,NA,NA,NA,NA
"802","Bobby McCain","NYG","DB","12311","robust",NA,NA,NA,NA,NA,NA,NA,NA,NA,NA,NA,NA,NA,NA,NA,NA,NA,NA,NA,NA,NA,NA,NA,NA,NA,NA,NA,NA,NA,NA,NA,NA,NA,NA,NA,NA,NA,NA,NA,NA,NA,NA,NA,NA,NA,NA,NA,NA,NA,NA,4.825,0.0370649999999999,0.01,0,0.16,0,0.53,0,0.01,0,NA,NA,NA,NA
"803","Roger McCreary","TEN","DB","15849","robust",NA,NA,NA,NA,NA,NA,NA,NA,NA,NA,NA,NA,NA,NA,NA,NA,NA,NA,NA,NA,NA,NA,NA,NA,NA,NA,NA,NA,NA,NA,NA,NA,NA,NA,NA,NA,NA,NA,NA,NA,NA,NA,NA,NA,NA,NA,NA,NA,NA,NA,4.1125,1.03782,0.005,0.007413,0.085,0.022239,0.515,0.274281,0.005,0.007413,NA,NA,NA,NA
"804","Kenny Moore","IND","DB","13470","robust",NA,NA,NA,NA,NA,NA,NA,NA,NA,NA,NA,NA,NA,NA,NA,NA,NA,NA,NA,NA,NA,NA,NA,NA,NA,NA,NA,NA,NA,NA,NA,NA,NA,NA,NA,NA,NA,NA,NA,NA,NA,NA,NA,NA,NA,NA,NA,NA,NA,NA,3.83,0.88956,0.03,0.044478,0.115,0.022239,0.53,0.103782,0.005,0.007413,NA,NA,NA,NA
"805","D.J. Reed","NYJ","DB","13774","robust",NA,NA,NA,NA,NA,NA,NA,NA,NA,NA,NA,NA,NA,NA,NA,NA,NA,NA,NA,NA,NA,NA,NA,NA,NA,NA,NA,NA,NA,NA,NA,NA,NA,NA,NA,NA,NA,NA,NA,NA,NA,NA,NA,NA,NA,NA,NA,NA,NA,NA,4.455,0.0593040000000001,0,0,0.06,0.088956,0.52,0.118608,0.005,0.007413,NA,NA,NA,NA
"806","Jerry Jacobs","DET","DB","15549","robust",NA,NA,NA,NA,NA,NA,NA,NA,NA,NA,NA,NA,NA,NA,NA,NA,NA,NA,NA,NA,NA,NA,NA,NA,NA,NA,NA,NA,NA,NA,NA,NA,NA,NA,NA,NA,NA,NA,NA,NA,NA,NA,NA,NA,NA,NA,NA,NA,NA,NA,3.7675,0.29652,0.025,0.037065,0.09,0.014826,0.42,0.118608,0.005,0.007413,NA,NA,NA,NA
"807","Ahmad Gardner","NYJ","DB","15833","robust",NA,NA,NA,NA,NA,NA,NA,NA,NA,NA,NA,NA,NA,NA,NA,NA,NA,NA,NA,NA,NA,NA,NA,NA,NA,NA,NA,NA,NA,NA,NA,NA,NA,NA,NA,NA,NA,NA,NA,NA,NA,NA,NA,NA,NA,NA,NA,NA,NA,NA,3.565,0.88956,0.005,0.007413,0.11,0.014826,0.67,0.340998,0.005,0.007413,NA,NA,NA,NA
"808","Trent McDuffie","KC","DB","15845","robust",NA,NA,NA,NA,NA,NA,NA,NA,NA,NA,NA,NA,NA,NA,NA,NA,NA,NA,NA,NA,NA,NA,NA,NA,NA,NA,NA,NA,NA,NA,NA,NA,NA,NA,NA,NA,NA,NA,NA,NA,NA,NA,NA,NA,NA,NA,NA,NA,NA,NA,3.4875,0.889559999999999,0.07,0.044478,0.03,0.044478,0.5,0.29652,0.005,0.007413,NA,NA,NA,NA
"809","Paulson Adebo","NO","DB","15394","robust",NA,NA,NA,NA,NA,NA,NA,NA,NA,NA,NA,NA,NA,NA,NA,NA,NA,NA,NA,NA,NA,NA,NA,NA,NA,NA,NA,NA,NA,NA,NA,NA,NA,NA,NA,NA,NA,NA,NA,NA,NA,NA,NA,NA,NA,NA,NA,NA,NA,NA,3.5525,0,0.005,0.007413,0.105,0.00741299999999999,0.505,0.140847,0.005,0.007413,NA,NA,NA,NA
"810","K'Von Wallace","ARI","DB","14950","robust",NA,NA,NA,NA,NA,NA,NA,NA,NA,NA,NA,NA,NA,NA,NA,NA,NA,NA,NA,NA,NA,NA,NA,NA,NA,NA,NA,NA,NA,NA,NA,NA,NA,NA,NA,NA,NA,NA,NA,NA,NA,NA,NA,NA,NA,NA,NA,NA,NA,NA,4.595,0.00741299999999984,0.02,0,0.07,0,0.33,0,0.01,0,NA,NA,NA,NA
"811","Brandon Stephens","BAL","DB","15405","robust",NA,NA,NA,NA,NA,NA,NA,NA,NA,NA,NA,NA,NA,NA,NA,NA,NA,NA,NA,NA,NA,NA,NA,NA,NA,NA,NA,NA,NA,NA,NA,NA,NA,NA,NA,NA,NA,NA,NA,NA,NA,NA,NA,NA,NA,NA,NA,NA,NA,NA,3.525,0.59304,0.015,0.022239,0.03,0.044478,0.405,0.140847,0.005,0.007413,NA,NA,NA,NA
"812","Benjamin St-Juste","WAS","DB","15392","robust",NA,NA,NA,NA,NA,NA,NA,NA,NA,NA,NA,NA,NA,NA,NA,NA,NA,NA,NA,NA,NA,NA,NA,NA,NA,NA,NA,NA,NA,NA,NA,NA,NA,NA,NA,NA,NA,NA,NA,NA,NA,NA,NA,NA,NA,NA,NA,NA,NA,NA,2.9925,1.03782,0.1,0,0.03,0.044478,0.295,0.00741300000000001,0.005,0.007413,NA,NA,NA,NA
"813","Byron Murphy","MIN","DB","14180","robust",NA,NA,NA,NA,NA,NA,NA,NA,NA,NA,NA,NA,NA,NA,NA,NA,NA,NA,NA,NA,NA,NA,NA,NA,NA,NA,NA,NA,NA,NA,NA,NA,NA,NA,NA,NA,NA,NA,NA,NA,NA,NA,NA,NA,NA,NA,NA,NA,NA,NA,2.9325,0.44478,0.02,0.029652,0.035,0.051891,0.415,0.126021,0.005,0.007413,NA,NA,NA,NA
"814","Marcus Peters","LVR","DB","12245","robust",NA,NA,NA,NA,NA,NA,NA,NA,NA,NA,NA,NA,NA,NA,NA,NA,NA,NA,NA,NA,NA,NA,NA,NA,NA,NA,NA,NA,NA,NA,NA,NA,NA,NA,NA,NA,NA,NA,NA,NA,NA,NA,NA,NA,NA,NA,NA,NA,NA,NA,3.405,0.29652,0.08,0.029652,0.2,0.14826,0.605,0.303933,0.01,0.014826,NA,NA,NA,NA
"815","Donte Jackson","CAR","DB","13738","robust",NA,NA,NA,NA,NA,NA,NA,NA,NA,NA,NA,NA,NA,NA,NA,NA,NA,NA,NA,NA,NA,NA,NA,NA,NA,NA,NA,NA,NA,NA,NA,NA,NA,NA,NA,NA,NA,NA,NA,NA,NA,NA,NA,NA,NA,NA,NA,NA,NA,NA,3.305,0.44478,0.005,0.007413,0.13,0.044478,0.46,0.088956,0.005,0.007413,NA,NA,NA,NA
"816","Dee Alford","ATL","DB","16012","robust",NA,NA,NA,NA,NA,NA,NA,NA,NA,NA,NA,NA,NA,NA,NA,NA,NA,NA,NA,NA,NA,NA,NA,NA,NA,NA,NA,NA,NA,NA,NA,NA,NA,NA,NA,NA,NA,NA,NA,NA,NA,NA,NA,NA,NA,NA,NA,NA,NA,NA,2.405,1.33434,0.02,0.029652,0.105,0.00741299999999999,0.355,0.081543,0.005,0.007413,NA,NA,NA,NA
"817","Tracy Walker","DET","DB","13747","robust",NA,NA,NA,NA,NA,NA,NA,NA,NA,NA,NA,NA,NA,NA,NA,NA,NA,NA,NA,NA,NA,NA,NA,NA,NA,NA,NA,NA,NA,NA,NA,NA,NA,NA,NA,NA,NA,NA,NA,NA,NA,NA,NA,NA,NA,NA,NA,NA,NA,NA,2.9275,0.44478,0.085,0.022239,0.03,0.044478,0.245,0.066717,0.005,0.007413,NA,NA,NA,NA
"818","Tony Adams","NYJ","DB","16014","robust",NA,NA,NA,NA,NA,NA,NA,NA,NA,NA,NA,NA,NA,NA,NA,NA,NA,NA,NA,NA,NA,NA,NA,NA,NA,NA,NA,NA,NA,NA,NA,NA,NA,NA,NA,NA,NA,NA,NA,NA,NA,NA,NA,NA,NA,NA,NA,NA,NA,NA,3.3,1.77912,0,0,0.2,0,0.4,0,0,0,NA,NA,NA,NA
"819","Marshon Lattimore","NO","DB","13224","robust",NA,NA,NA,NA,NA,NA,NA,NA,NA,NA,NA,NA,NA,NA,NA,NA,NA,NA,NA,NA,NA,NA,NA,NA,NA,NA,NA,NA,NA,NA,NA,NA,NA,NA,NA,NA,NA,NA,NA,NA,NA,NA,NA,NA,NA,NA,NA,NA,NA,NA,3.525,0,0.005,0.007413,0.17,0.044478,0.74,0.385476,0.055,0.066717,NA,NA,NA,NA
"820","Quandre Diggs","SEA","DB","12349","robust",NA,NA,NA,NA,NA,NA,NA,NA,NA,NA,NA,NA,NA,NA,NA,NA,NA,NA,NA,NA,NA,NA,NA,NA,NA,NA,NA,NA,NA,NA,NA,NA,NA,NA,NA,NA,NA,NA,NA,NA,NA,NA,NA,NA,NA,NA,NA,NA,NA,NA,2.5875,0.14826,0.005,0.007413,0.13,0.044478,0.41,0.163086,0.005,0.007413,NA,NA,NA,NA
"821","Julian Blackmon","IND","DB","14933","robust",NA,NA,NA,NA,NA,NA,NA,NA,NA,NA,NA,NA,NA,NA,NA,NA,NA,NA,NA,NA,NA,NA,NA,NA,NA,NA,NA,NA,NA,NA,NA,NA,NA,NA,NA,NA,NA,NA,NA,NA,NA,NA,NA,NA,NA,NA,NA,NA,NA,NA,3.21,0.88956,0.08,0.029652,0.035,0.051891,0.315,0.022239,0.005,0.007413,NA,NA,NA,NA
"822","Jason Pinnock","NYG","DB","15448","robust",NA,NA,NA,NA,NA,NA,NA,NA,NA,NA,NA,NA,NA,NA,NA,NA,NA,NA,NA,NA,NA,NA,NA,NA,NA,NA,NA,NA,NA,NA,NA,NA,NA,NA,NA,NA,NA,NA,NA,NA,NA,NA,NA,NA,NA,NA,NA,NA,NA,NA,3.44,1.378818,0.075,0.037065,0.045,0.066717,0.32,0.029652,0.005,0.007413,NA,NA,NA,NA
"823","Jamel Dean","TB","DB","14219","robust",NA,NA,NA,NA,NA,NA,NA,NA,NA,NA,NA,NA,NA,NA,NA,NA,NA,NA,NA,NA,NA,NA,NA,NA,NA,NA,NA,NA,NA,NA,NA,NA,NA,NA,NA,NA,NA,NA,NA,NA,NA,NA,NA,NA,NA,NA,NA,NA,NA,NA,3.1,0.14826,0.005,0.007413,0.105,0.00741299999999999,0.41,0.0148259999999999,0.005,0.007413,NA,NA,NA,NA
"824","Ahkello Witherspoon","LAR","DB","13266","robust",NA,NA,NA,NA,NA,NA,NA,NA,NA,NA,NA,NA,NA,NA,NA,NA,NA,NA,NA,NA,NA,NA,NA,NA,NA,NA,NA,NA,NA,NA,NA,NA,NA,NA,NA,NA,NA,NA,NA,NA,NA,NA,NA,NA,NA,NA,NA,NA,NA,NA,2.775,1.18608,0.005,0.007413,0.055,0.081543,0.26,0.237216,0.005,0.007413,NA,NA,NA,NA
"825","Xavier Woods","CAR","DB","13325","robust",NA,NA,NA,NA,NA,NA,NA,NA,NA,NA,NA,NA,NA,NA,NA,NA,NA,NA,NA,NA,NA,NA,NA,NA,NA,NA,NA,NA,NA,NA,NA,NA,NA,NA,NA,NA,NA,NA,NA,NA,NA,NA,NA,NA,NA,NA,NA,NA,NA,NA,2.95,0.14826,0.01,0.014826,0.035,0.051891,0.26,0.088956,0.005,0.007413,NA,NA,NA,NA
"826","Charvarius Ward","SF","DB","13920","robust",NA,NA,NA,NA,NA,NA,NA,NA,NA,NA,NA,NA,NA,NA,NA,NA,NA,NA,NA,NA,NA,NA,NA,NA,NA,NA,NA,NA,NA,NA,NA,NA,NA,NA,NA,NA,NA,NA,NA,NA,NA,NA,NA,NA,NA,NA,NA,NA,NA,NA,3.165,0.59304,0.005,0.007413,0.135,0.096369,0.51,0.281694,0.005,0.007413,NA,NA,NA,NA
"827","Coby Bryant","SEA","DB","15872","robust",NA,NA,NA,NA,NA,NA,NA,NA,NA,NA,NA,NA,NA,NA,NA,NA,NA,NA,NA,NA,NA,NA,NA,NA,NA,NA,NA,NA,NA,NA,NA,NA,NA,NA,NA,NA,NA,NA,NA,NA,NA,NA,NA,NA,NA,NA,NA,NA,NA,NA,4.325,0.0370649999999999,0.05,0,0.05,0,0.29,0,0.01,0,NA,NA,NA,NA
"828","Marcus Jones","NE","DB","15868","robust",NA,NA,NA,NA,NA,NA,NA,NA,NA,NA,NA,NA,NA,NA,NA,NA,NA,NA,NA,NA,NA,NA,NA,NA,NA,NA,NA,NA,NA,NA,NA,NA,NA,NA,NA,NA,NA,NA,NA,NA,NA,NA,NA,NA,NA,NA,NA,NA,NA,NA,2.73,0.88956,0.01,0.014826,0.105,0.00741299999999999,0.355,0.081543,0.005,0.007413,NA,NA,NA,NA
"829","DaRon Bland","DAL","DB","15904","robust",NA,NA,NA,NA,NA,NA,NA,NA,NA,NA,NA,NA,NA,NA,NA,NA,NA,NA,NA,NA,NA,NA,NA,NA,NA,NA,NA,NA,NA,NA,NA,NA,NA,NA,NA,NA,NA,NA,NA,NA,NA,NA,NA,NA,NA,NA,NA,NA,NA,NA,4.28,0.029652,0.02,0,0.13,0,0.46,0,0.01,0,NA,NA,NA,NA
"830","Rodney Thomas II","IND","DB","15946","robust",NA,NA,NA,NA,NA,NA,NA,NA,NA,NA,NA,NA,NA,NA,NA,NA,NA,NA,NA,NA,NA,NA,NA,NA,NA,NA,NA,NA,NA,NA,NA,NA,NA,NA,NA,NA,NA,NA,NA,NA,NA,NA,NA,NA,NA,NA,NA,NA,NA,NA,3.22,0.14826,0.01,0.014826,0.07,0.103782,0.385,0.126021,0.005,0.007413,NA,NA,NA,NA
"831","Rock Ya-Sin","BAL","DB","14198","robust",NA,NA,NA,NA,NA,NA,NA,NA,NA,NA,NA,NA,NA,NA,NA,NA,NA,NA,NA,NA,NA,NA,NA,NA,NA,NA,NA,NA,NA,NA,NA,NA,NA,NA,NA,NA,NA,NA,NA,NA,NA,NA,NA,NA,NA,NA,NA,NA,NA,NA,4.18,0.029652,0.01,0,0.07,0,0.33,0,0.01,0,NA,NA,NA,NA
"832","Jaire Alexander","GB","DB","13730","robust",NA,NA,NA,NA,NA,NA,NA,NA,NA,NA,NA,NA,NA,NA,NA,NA,NA,NA,NA,NA,NA,NA,NA,NA,NA,NA,NA,NA,NA,NA,NA,NA,NA,NA,NA,NA,NA,NA,NA,NA,NA,NA,NA,NA,NA,NA,NA,NA,NA,NA,2.945,0.29652,0.005,0.007413,0.145,0.081543,0.54,0.237216,0.005,0.007413,NA,NA,NA,NA
"833","Stephon Gilmore","DAL","DB","10789","robust",NA,NA,NA,NA,NA,NA,NA,NA,NA,NA,NA,NA,NA,NA,NA,NA,NA,NA,NA,NA,NA,NA,NA,NA,NA,NA,NA,NA,NA,NA,NA,NA,NA,NA,NA,NA,NA,NA,NA,NA,NA,NA,NA,NA,NA,NA,NA,NA,NA,NA,3.2925,0.44478,0.005,0.007413,0.3,0.14826,0.8,0.29652,0.01,0.014826,NA,NA,NA,NA
"834","TreDavious White","BUF","DB","13249","robust",NA,NA,NA,NA,NA,NA,NA,NA,NA,NA,NA,NA,NA,NA,NA,NA,NA,NA,NA,NA,NA,NA,NA,NA,NA,NA,NA,NA,NA,NA,NA,NA,NA,NA,NA,NA,NA,NA,NA,NA,NA,NA,NA,NA,NA,NA,NA,NA,NA,NA,2.9425,0.29652,0.015,0.022239,0.065,0.096369,0.425,0.0370649999999999,0.005,0.007413,NA,NA,NA,NA
"835","Micah Hyde","BUF","DB","11382","robust",NA,NA,NA,NA,NA,NA,NA,NA,NA,NA,NA,NA,NA,NA,NA,NA,NA,NA,NA,NA,NA,NA,NA,NA,NA,NA,NA,NA,NA,NA,NA,NA,NA,NA,NA,NA,NA,NA,NA,NA,NA,NA,NA,NA,NA,NA,NA,NA,NA,NA,3.3825,0.934038,0.015,0.022239,0.11,0.014826,0.42,0.0296519999999999,0.005,0.007413,NA,NA,NA,NA
"836","Terrell Edmunds","PHI","DB","13716","robust",NA,NA,NA,NA,NA,NA,NA,NA,NA,NA,NA,NA,NA,NA,NA,NA,NA,NA,NA,NA,NA,NA,NA,NA,NA,NA,NA,NA,NA,NA,NA,NA,NA,NA,NA,NA,NA,NA,NA,NA,NA,NA,NA,NA,NA,NA,NA,NA,NA,NA,3.2,1.33434,0.1,0,0.2,0,0.7,0,0,0,NA,NA,NA,NA
"837",NA,NA,"DB","16457","robust",NA,NA,NA,NA,NA,NA,NA,NA,NA,NA,NA,NA,NA,NA,NA,NA,NA,NA,NA,NA,NA,NA,NA,NA,NA,NA,NA,NA,NA,NA,NA,NA,NA,NA,NA,NA,NA,NA,NA,NA,NA,NA,NA,NA,NA,NA,NA,NA,NA,NA,4.08,0.029652,0.03,0,0.08,0,0.34,0,0.01,0,"Q","Concussion",2023,2
"838","Tashaun Gipson","SF","DB","11010","robust",NA,NA,NA,NA,NA,NA,NA,NA,NA,NA,NA,NA,NA,NA,NA,NA,NA,NA,NA,NA,NA,NA,NA,NA,NA,NA,NA,NA,NA,NA,NA,NA,NA,NA,NA,NA,NA,NA,NA,NA,NA,NA,NA,NA,NA,NA,NA,NA,NA,NA,2.5675,0.14826,0.025,0.037065,0.21,0.014826,0.52,0.177912,0.01,0.014826,NA,NA,NA,NA
"839","Jaylon Johnson","CHI","DB","14924","robust",NA,NA,NA,NA,NA,NA,NA,NA,NA,NA,NA,NA,NA,NA,NA,NA,NA,NA,NA,NA,NA,NA,NA,NA,NA,NA,NA,NA,NA,NA,NA,NA,NA,NA,NA,NA,NA,NA,NA,NA,NA,NA,NA,NA,NA,NA,NA,NA,NA,NA,2.9925,0.29652,0.01,0.014826,0.05,0.07413,0.445,0.081543,0.005,0.007413,NA,NA,NA,NA
"840","A.J. Terrell","ATL","DB","14918","robust",NA,NA,NA,NA,NA,NA,NA,NA,NA,NA,NA,NA,NA,NA,NA,NA,NA,NA,NA,NA,NA,NA,NA,NA,NA,NA,NA,NA,NA,NA,NA,NA,NA,NA,NA,NA,NA,NA,NA,NA,NA,NA,NA,NA,NA,NA,NA,NA,NA,NA,2.99,0.29652,0.015,0.022239,0.05,0.07413,0.49,0.163086,0.005,0.007413,NA,NA,NA,NA
"841","Darnell Savage","GB","DB","14197","robust",NA,NA,NA,NA,NA,NA,NA,NA,NA,NA,NA,NA,NA,NA,NA,NA,NA,NA,NA,NA,NA,NA,NA,NA,NA,NA,NA,NA,NA,NA,NA,NA,NA,NA,NA,NA,NA,NA,NA,NA,NA,NA,NA,NA,NA,NA,NA,NA,NA,NA,2.84,0.7413,0.005,0.007413,0.085,0.022239,0.305,0.00741300000000001,0.005,0.007413,NA,NA,NA,NA
"842","Darius Slay","PHI","DB","11348","robust",NA,NA,NA,NA,NA,NA,NA,NA,NA,NA,NA,NA,NA,NA,NA,NA,NA,NA,NA,NA,NA,NA,NA,NA,NA,NA,NA,NA,NA,NA,NA,NA,NA,NA,NA,NA,NA,NA,NA,NA,NA,NA,NA,NA,NA,NA,NA,NA,NA,NA,3.0275,0.88956,0.005,0.007413,0.2,0,0.845,0.378063,0.055,0.066717,NA,NA,NA,NA
"843","Jonathan Owens","GB","DB","14414","robust",NA,NA,NA,NA,NA,NA,NA,NA,NA,NA,NA,NA,NA,NA,NA,NA,NA,NA,NA,NA,NA,NA,NA,NA,NA,NA,NA,NA,NA,NA,NA,NA,NA,NA,NA,NA,NA,NA,NA,NA,NA,NA,NA,NA,NA,NA,NA,NA,NA,NA,3.3,1.03782,0.1,0,0.1,0,0.4,0,0,0,NA,NA,NA,NA
"844","Elijah Molden","TEN","DB","15402","robust",NA,NA,NA,NA,NA,NA,NA,NA,NA,NA,NA,NA,NA,NA,NA,NA,NA,NA,NA,NA,NA,NA,NA,NA,NA,NA,NA,NA,NA,NA,NA,NA,NA,NA,NA,NA,NA,NA,NA,NA,NA,NA,NA,NA,NA,NA,NA,NA,NA,NA,3.99,0.014826,0.01,0,0.06,0,0.3,0,0.01,0,NA,NA,NA,NA
"845","Malik Hooker","DAL","DB","13228","robust",NA,NA,NA,NA,NA,NA,NA,NA,NA,NA,NA,NA,NA,NA,NA,NA,NA,NA,NA,NA,NA,NA,NA,NA,NA,NA,NA,NA,NA,NA,NA,NA,NA,NA,NA,NA,NA,NA,NA,NA,NA,NA,NA,NA,NA,NA,NA,NA,NA,NA,2.8225,0.7413,0.005,0.007413,0.1,0,0.295,0.140847,0.005,0.007413,NA,NA,NA,NA
"846","Mike Hilton","CIN","DB","13414","robust",NA,NA,NA,NA,NA,NA,NA,NA,NA,NA,NA,NA,NA,NA,NA,NA,NA,NA,NA,NA,NA,NA,NA,NA,NA,NA,NA,NA,NA,NA,NA,NA,NA,NA,NA,NA,NA,NA,NA,NA,NA,NA,NA,NA,NA,NA,NA,NA,NA,NA,3.1225,1.18608,0.015,0.022239,0.095,0.00741300000000001,0.375,0.037065,0.005,0.007413,NA,NA,NA,NA
"847","Patrick Peterson","PIT","DB","10260","robust",NA,NA,NA,NA,NA,NA,NA,NA,NA,NA,NA,NA,NA,NA,NA,NA,NA,NA,NA,NA,NA,NA,NA,NA,NA,NA,NA,NA,NA,NA,NA,NA,NA,NA,NA,NA,NA,NA,NA,NA,NA,NA,NA,NA,NA,NA,NA,NA,NA,NA,2.815,0.29652,0.005,0.007413,0.16,0.059304,0.665,0.348411,0.005,0.007413,NA,NA,NA,NA
"848","Tariq Woolen","SEA","DB","15894","robust",NA,NA,NA,NA,NA,NA,NA,NA,NA,NA,NA,NA,NA,NA,NA,NA,NA,NA,NA,NA,NA,NA,NA,NA,NA,NA,NA,NA,NA,NA,NA,NA,NA,NA,NA,NA,NA,NA,NA,NA,NA,NA,NA,NA,NA,NA,NA,NA,NA,NA,3.035,0.7413,0.005,0.007413,0.175,0.037065,0.49,0.014826,0.005,0.007413,NA,NA,NA,NA
"849","Patrick Surtain II","DEN","DB","15362","robust",NA,NA,NA,NA,NA,NA,NA,NA,NA,NA,NA,NA,NA,NA,NA,NA,NA,NA,NA,NA,NA,NA,NA,NA,NA,NA,NA,NA,NA,NA,NA,NA,NA,NA,NA,NA,NA,NA,NA,NA,NA,NA,NA,NA,NA,NA,NA,NA,NA,NA,2.955,0.29652,0.005,0.007413,0.115,0.022239,0.62,0.266868,0.005,0.007413,NA,NA,NA,NA
"850","CJ Henderson","CAR","DB","14905","robust",NA,NA,NA,NA,NA,NA,NA,NA,NA,NA,NA,NA,NA,NA,NA,NA,NA,NA,NA,NA,NA,NA,NA,NA,NA,NA,NA,NA,NA,NA,NA,NA,NA,NA,NA,NA,NA,NA,NA,NA,NA,NA,NA,NA,NA,NA,NA,NA,NA,NA,2.855,0.44478,0.005,0.007413,0.09,0.014826,0.37,0.044478,0.005,0.007413,NA,NA,NA,NA
"851","Kendall Fuller","WAS","DB","12714","robust",NA,NA,NA,NA,NA,NA,NA,NA,NA,NA,NA,NA,NA,NA,NA,NA,NA,NA,NA,NA,NA,NA,NA,NA,NA,NA,NA,NA,NA,NA,NA,NA,NA,NA,NA,NA,NA,NA,NA,NA,NA,NA,NA,NA,NA,NA,NA,NA,NA,NA,2.7775,0.44478,0.015,0.022239,0.155,0.066717,0.55,0.22239,0.055,0.066717,NA,NA,NA,NA
"852","Taron Johnson","BUF","DB","13764","robust",NA,NA,NA,NA,NA,NA,NA,NA,NA,NA,NA,NA,NA,NA,NA,NA,NA,NA,NA,NA,NA,NA,NA,NA,NA,NA,NA,NA,NA,NA,NA,NA,NA,NA,NA,NA,NA,NA,NA,NA,NA,NA,NA,NA,NA,NA,NA,NA,NA,NA,3.2,1.03782,0,0,0,0,0.5,0,0,0,NA,NA,NA,NA
"853","Darious Williams","JAC","DB","13959","robust",NA,NA,NA,NA,NA,NA,NA,NA,NA,NA,NA,NA,NA,NA,NA,NA,NA,NA,NA,NA,NA,NA,NA,NA,NA,NA,NA,NA,NA,NA,NA,NA,NA,NA,NA,NA,NA,NA,NA,NA,NA,NA,NA,NA,NA,NA,NA,NA,NA,NA,2.5,0.29652,0.005,0.007413,0.04,0.059304,0.575,0.333585,0.005,0.007413,NA,NA,NA,NA
"854","Steven Nelson","HOU","DB","12291","robust",NA,NA,NA,NA,NA,NA,NA,NA,NA,NA,NA,NA,NA,NA,NA,NA,NA,NA,NA,NA,NA,NA,NA,NA,NA,NA,NA,NA,NA,NA,NA,NA,NA,NA,NA,NA,NA,NA,NA,NA,NA,NA,NA,NA,NA,NA,NA,NA,NA,NA,2.9925,1.289862,0.015,0.022239,0.19,0.163086,0.47,0.192738,0.005,0.007413,NA,NA,NA,NA
"855","Tyson Campbell","JAC","DB","15380","robust",NA,NA,NA,NA,NA,NA,NA,NA,NA,NA,NA,NA,NA,NA,NA,NA,NA,NA,NA,NA,NA,NA,NA,NA,NA,NA,NA,NA,NA,NA,NA,NA,NA,NA,NA,NA,NA,NA,NA,NA,NA,NA,NA,NA,NA,NA,NA,NA,NA,NA,3.29,0.830256,0.005,0.007413,0.195,0.155673,0.53,0.252042,0.055,0.066717,NA,NA,NA,NA
"856","Ronald Darby","BAL","DB","12276","robust",NA,NA,NA,NA,NA,NA,NA,NA,NA,NA,NA,NA,NA,NA,NA,NA,NA,NA,NA,NA,NA,NA,NA,NA,NA,NA,NA,NA,NA,NA,NA,NA,NA,NA,NA,NA,NA,NA,NA,NA,NA,NA,NA,NA,NA,NA,NA,NA,NA,NA,3.815,0.0222390000000002,0.01,0,0.09,0,0.36,0,0.01,0,NA,NA,NA,NA
"857","Dallis Flowers","IND","DB","16064","robust",NA,NA,NA,NA,NA,NA,NA,NA,NA,NA,NA,NA,NA,NA,NA,NA,NA,NA,NA,NA,NA,NA,NA,NA,NA,NA,NA,NA,NA,NA,NA,NA,NA,NA,NA,NA,NA,NA,NA,NA,NA,NA,NA,NA,NA,NA,NA,NA,NA,NA,2.3525,0.59304,0.01,0.014826,0.04,0.059304,0.22,0.177912,0.005,0.007413,NA,NA,NA,NA
"858","Denzel Ward","CLE","DB","13707","robust",NA,NA,NA,NA,NA,NA,NA,NA,NA,NA,NA,NA,NA,NA,NA,NA,NA,NA,NA,NA,NA,NA,NA,NA,NA,NA,NA,NA,NA,NA,NA,NA,NA,NA,NA,NA,NA,NA,NA,NA,NA,NA,NA,NA,NA,NA,NA,NA,NA,NA,2.86,0.14826,0.01,0.014826,0.165,0.051891,0.665,0.348411,0.055,0.066717,NA,NA,NA,NA
"859","Jonathan Jones","NE","DB","12988","robust",NA,NA,NA,NA,NA,NA,NA,NA,NA,NA,NA,NA,NA,NA,NA,NA,NA,NA,NA,NA,NA,NA,NA,NA,NA,NA,NA,NA,NA,NA,NA,NA,NA,NA,NA,NA,NA,NA,NA,NA,NA,NA,NA,NA,NA,NA,NA,NA,NA,NA,2.835,0.29652,0.005,0.007413,0.155,0.066717,0.505,0.140847,0.005,0.007413,"Q","Ankle",2023,2
"860","Martin Emerson","CLE","DB","15862","robust",NA,NA,NA,NA,NA,NA,NA,NA,NA,NA,NA,NA,NA,NA,NA,NA,NA,NA,NA,NA,NA,NA,NA,NA,NA,NA,NA,NA,NA,NA,NA,NA,NA,NA,NA,NA,NA,NA,NA,NA,NA,NA,NA,NA,NA,NA,NA,NA,NA,NA,2.93,0.14826,0.02,0.029652,0.03,0.044478,0.545,0.378063,0.005,0.007413,NA,NA,NA,NA
"861","Greg Newsome","CLE","DB","15375","robust",NA,NA,NA,NA,NA,NA,NA,NA,NA,NA,NA,NA,NA,NA,NA,NA,NA,NA,NA,NA,NA,NA,NA,NA,NA,NA,NA,NA,NA,NA,NA,NA,NA,NA,NA,NA,NA,NA,NA,NA,NA,NA,NA,NA,NA,NA,NA,NA,NA,NA,2.6275,0.59304,0.01,0.014826,0.03,0.044478,0.45,0.22239,0.005,0.007413,NA,NA,NA,NA
"862","Antonio Hamilton","ARI","DB","12976","robust",NA,NA,NA,NA,NA,NA,NA,NA,NA,NA,NA,NA,NA,NA,NA,NA,NA,NA,NA,NA,NA,NA,NA,NA,NA,NA,NA,NA,NA,NA,NA,NA,NA,NA,NA,NA,NA,NA,NA,NA,NA,NA,NA,NA,NA,NA,NA,NA,NA,NA,3.25,0.66717,0,0,0.1,0,0.4,0,0,0,NA,NA,NA,NA
"863","Levi Wallace","PIT","DB","13711","robust",NA,NA,NA,NA,NA,NA,NA,NA,NA,NA,NA,NA,NA,NA,NA,NA,NA,NA,NA,NA,NA,NA,NA,NA,NA,NA,NA,NA,NA,NA,NA,NA,NA,NA,NA,NA,NA,NA,NA,NA,NA,NA,NA,NA,NA,NA,NA,NA,NA,NA,2.47,0.14826,0.005,0.007413,0.14,0.088956,0.465,0.200151,0.005,0.007413,NA,NA,NA,NA
"864","Damontae Kazee","PIT","DB","13301","robust",NA,NA,NA,NA,NA,NA,NA,NA,NA,NA,NA,NA,NA,NA,NA,NA,NA,NA,NA,NA,NA,NA,NA,NA,NA,NA,NA,NA,NA,NA,NA,NA,NA,NA,NA,NA,NA,NA,NA,NA,NA,NA,NA,NA,NA,NA,NA,NA,NA,NA,2.79,1.275036,0.01,0.014826,0.14,0.088956,0.52,0.266868,0.005,0.007413,NA,NA,NA,NA
"865","Kelvin Joseph","MIA","DB","15383","robust",NA,NA,NA,NA,NA,NA,NA,NA,NA,NA,NA,NA,NA,NA,NA,NA,NA,NA,NA,NA,NA,NA,NA,NA,NA,NA,NA,NA,NA,NA,NA,NA,NA,NA,NA,NA,NA,NA,NA,NA,NA,NA,NA,NA,NA,NA,NA,NA,NA,NA,2.045,1.18608,0.06,0.059304,0.035,0.051891,0.255,0.081543,0.005,0.007413,NA,NA,NA,NA
"866","Mike Edwards","KC","DB","14222","robust",NA,NA,NA,NA,NA,NA,NA,NA,NA,NA,NA,NA,NA,NA,NA,NA,NA,NA,NA,NA,NA,NA,NA,NA,NA,NA,NA,NA,NA,NA,NA,NA,NA,NA,NA,NA,NA,NA,NA,NA,NA,NA,NA,NA,NA,NA,NA,NA,NA,NA,2.65,1.26021,0.1,0,0.1,0,0.3,0,0.1,0,NA,NA,NA,NA
"867","Decobie Durant","LAR","DB","15888","robust",NA,NA,NA,NA,NA,NA,NA,NA,NA,NA,NA,NA,NA,NA,NA,NA,NA,NA,NA,NA,NA,NA,NA,NA,NA,NA,NA,NA,NA,NA,NA,NA,NA,NA,NA,NA,NA,NA,NA,NA,NA,NA,NA,NA,NA,NA,NA,NA,NA,NA,2.645,1.03782,0.025,0.037065,0.155,0.066717,0.45,0.07413,0.005,0.007413,NA,NA,NA,NA
"868","Xavien Howard","MIA","DB","12742","robust",NA,NA,NA,NA,NA,NA,NA,NA,NA,NA,NA,NA,NA,NA,NA,NA,NA,NA,NA,NA,NA,NA,NA,NA,NA,NA,NA,NA,NA,NA,NA,NA,NA,NA,NA,NA,NA,NA,NA,NA,NA,NA,NA,NA,NA,NA,NA,NA,NA,NA,2.4275,0,0.01,0.014826,0.11,0.163086,0.615,0.022239,0.06,0.059304,NA,NA,NA,NA
"869","Brian Branch","DET","DB","16244","robust",NA,NA,NA,NA,NA,NA,NA,NA,NA,NA,NA,NA,NA,NA,NA,NA,NA,NA,NA,NA,NA,NA,NA,NA,NA,NA,NA,NA,NA,NA,NA,NA,NA,NA,NA,NA,NA,NA,NA,NA,NA,NA,NA,NA,NA,NA,NA,NA,NA,NA,2.9,0.7413,0,0,0.3,0,0.5,0,0.2,0,NA,NA,NA,NA
"870","Cameron Sutton","DET","DB","13276","robust",NA,NA,NA,NA,NA,NA,NA,NA,NA,NA,NA,NA,NA,NA,NA,NA,NA,NA,NA,NA,NA,NA,NA,NA,NA,NA,NA,NA,NA,NA,NA,NA,NA,NA,NA,NA,NA,NA,NA,NA,NA,NA,NA,NA,NA,NA,NA,NA,NA,NA,2.94,0.44478,0.005,0.007413,0.105,0.00741299999999999,0.49,0.163086,0.005,0.007413,NA,NA,NA,NA
"871","Chidobe Awuzie","CIN","DB","13263","robust",NA,NA,NA,NA,NA,NA,NA,NA,NA,NA,NA,NA,NA,NA,NA,NA,NA,NA,NA,NA,NA,NA,NA,NA,NA,NA,NA,NA,NA,NA,NA,NA,NA,NA,NA,NA,NA,NA,NA,NA,NA,NA,NA,NA,NA,NA,NA,NA,NA,NA,2.9,0.59304,0,0,0,0,0.2,0,0,0,NA,NA,NA,NA
"872","Trevon Diggs","DAL","DB","14903","robust",NA,NA,NA,NA,NA,NA,NA,NA,NA,NA,NA,NA,NA,NA,NA,NA,NA,NA,NA,NA,NA,NA,NA,NA,NA,NA,NA,NA,NA,NA,NA,NA,NA,NA,NA,NA,NA,NA,NA,NA,NA,NA,NA,NA,NA,NA,NA,NA,NA,NA,2.89,0.533736,0.005,0.007413,0.185,0.022239,0.615,0.126021,0.005,0.007413,NA,NA,NA,NA
"873","Juan Thornhill","CLE","DB","14207","robust",NA,NA,NA,NA,NA,NA,NA,NA,NA,NA,NA,NA,NA,NA,NA,NA,NA,NA,NA,NA,NA,NA,NA,NA,NA,NA,NA,NA,NA,NA,NA,NA,NA,NA,NA,NA,NA,NA,NA,NA,NA,NA,NA,NA,NA,NA,NA,NA,NA,NA,2.45,1.11195,0.1,0,0.1,0,0.4,0,0,0,"Q","Calf",2023,2
"874","Devon Witherspoon","SEA","DB","16241","robust",NA,NA,NA,NA,NA,NA,NA,NA,NA,NA,NA,NA,NA,NA,NA,NA,NA,NA,NA,NA,NA,NA,NA,NA,NA,NA,NA,NA,NA,NA,NA,NA,NA,NA,NA,NA,NA,NA,NA,NA,NA,NA,NA,NA,NA,NA,NA,NA,NA,NA,2.5,0.88956,0,0,0.1,0,0.3,0,0,0,NA,NA,NA,NA
"875","Michael Carter","NYJ","DB","15432","robust",NA,NA,NA,NA,NA,NA,NA,NA,NA,NA,NA,NA,NA,NA,NA,NA,NA,NA,NA,NA,NA,NA,NA,NA,NA,NA,NA,NA,NA,NA,NA,NA,NA,NA,NA,NA,NA,NA,NA,NA,NA,NA,NA,NA,NA,NA,NA,NA,NA,NA,2.5,0.88956,0,0,0.1,0,0.4,0,0,0,NA,NA,NA,NA
"876","Kelee Ringo","PHI","DB","16242","robust",NA,NA,NA,NA,NA,NA,NA,NA,NA,NA,NA,NA,NA,NA,NA,NA,NA,NA,NA,NA,NA,NA,NA,NA,NA,NA,NA,NA,NA,NA,NA,NA,NA,NA,NA,NA,NA,NA,NA,NA,NA,NA,NA,NA,NA,NA,NA,NA,NA,NA,2.4,0.88956,0,0,0.1,0,0.7,0,0,0,NA,NA,NA,NA
"877","J.C. Jackson","LAC","DB","13917","robust",NA,NA,NA,NA,NA,NA,NA,NA,NA,NA,NA,NA,NA,NA,NA,NA,NA,NA,NA,NA,NA,NA,NA,NA,NA,NA,NA,NA,NA,NA,NA,NA,NA,NA,NA,NA,NA,NA,NA,NA,NA,NA,NA,NA,NA,NA,NA,NA,NA,NA,2.425,0.7413,0.005,0.007413,0.18,0.029652,0.7,0.29652,0.005,0.007413,NA,NA,NA,NA
"878","Dane Jackson","BUF","DB","15016","robust",NA,NA,NA,NA,NA,NA,NA,NA,NA,NA,NA,NA,NA,NA,NA,NA,NA,NA,NA,NA,NA,NA,NA,NA,NA,NA,NA,NA,NA,NA,NA,NA,NA,NA,NA,NA,NA,NA,NA,NA,NA,NA,NA,NA,NA,NA,NA,NA,NA,NA,2.55,0.51891,0,0,0.1,0,0.6,0,0,0,NA,NA,NA,NA
"879","Andrew Booth","MIN","DB","15854","robust",NA,NA,NA,NA,NA,NA,NA,NA,NA,NA,NA,NA,NA,NA,NA,NA,NA,NA,NA,NA,NA,NA,NA,NA,NA,NA,NA,NA,NA,NA,NA,NA,NA,NA,NA,NA,NA,NA,NA,NA,NA,NA,NA,NA,NA,NA,NA,NA,NA,NA,1.9,1.18608,0,0,0,0,0.6,0,0,0,NA,NA,NA,NA
"880","Russ Yeast","LAR","DB","15955","robust",NA,NA,NA,NA,NA,NA,NA,NA,NA,NA,NA,NA,NA,NA,NA,NA,NA,NA,NA,NA,NA,NA,NA,NA,NA,NA,NA,NA,NA,NA,NA,NA,NA,NA,NA,NA,NA,NA,NA,NA,NA,NA,NA,NA,NA,NA,NA,NA,NA,NA,2,1.03782,0.1,0,0.1,0,0.4,0,0,0,"Q","Knee",2023,2
"881","Taylor Rapp","BUF","DB","14186","robust",NA,NA,NA,NA,NA,NA,NA,NA,NA,NA,NA,NA,NA,NA,NA,NA,NA,NA,NA,NA,NA,NA,NA,NA,NA,NA,NA,NA,NA,NA,NA,NA,NA,NA,NA,NA,NA,NA,NA,NA,NA,NA,NA,NA,NA,NA,NA,NA,NA,NA,2,1.03782,0,0,0.1,0,0.3,0,0,0,NA,NA,NA,NA
"882","Myles Bryant","NE","DB","15177","robust",NA,NA,NA,NA,NA,NA,NA,NA,NA,NA,NA,NA,NA,NA,NA,NA,NA,NA,NA,NA,NA,NA,NA,NA,NA,NA,NA,NA,NA,NA,NA,NA,NA,NA,NA,NA,NA,NA,NA,NA,NA,NA,NA,NA,NA,NA,NA,NA,NA,NA,2.15,0.81543,0,0,0,0,0.2,0,0,0,NA,NA,NA,NA
"883","Jaylen Watson","KC","DB","15950","robust",NA,NA,NA,NA,NA,NA,NA,NA,NA,NA,NA,NA,NA,NA,NA,NA,NA,NA,NA,NA,NA,NA,NA,NA,NA,NA,NA,NA,NA,NA,NA,NA,NA,NA,NA,NA,NA,NA,NA,NA,NA,NA,NA,NA,NA,NA,NA,NA,NA,NA,2.3,0.44478,0,0,0.2,0,0.5,0,0,0,NA,NA,NA,NA
"884","Jeff Okudah","ATL","DB","14902","robust",NA,NA,NA,NA,NA,NA,NA,NA,NA,NA,NA,NA,NA,NA,NA,NA,NA,NA,NA,NA,NA,NA,NA,NA,NA,NA,NA,NA,NA,NA,NA,NA,NA,NA,NA,NA,NA,NA,NA,NA,NA,NA,NA,NA,NA,NA,NA,NA,NA,NA,2.2,0.59304,0,0,0,0,0.3,0,0,0,"Q","Foot",2023,2
"885","Eric Murray","HOU","DB","12772","robust",NA,NA,NA,NA,NA,NA,NA,NA,NA,NA,NA,NA,NA,NA,NA,NA,NA,NA,NA,NA,NA,NA,NA,NA,NA,NA,NA,NA,NA,NA,NA,NA,NA,NA,NA,NA,NA,NA,NA,NA,NA,NA,NA,NA,NA,NA,NA,NA,NA,NA,2,0.88956,0,0,0,0,0.1,0,0,0,NA,NA,NA,NA
"886","Asante Samuel","LAC","DB","15384","robust",NA,NA,NA,NA,NA,NA,NA,NA,NA,NA,NA,NA,NA,NA,NA,NA,NA,NA,NA,NA,NA,NA,NA,NA,NA,NA,NA,NA,NA,NA,NA,NA,NA,NA,NA,NA,NA,NA,NA,NA,NA,NA,NA,NA,NA,NA,NA,NA,NA,NA,2.2,0.44478,0,0,0.1,0,0.5,0,0,0,NA,NA,NA,NA
"887","Michael Jackson","SEA","DB","14252","robust",NA,NA,NA,NA,NA,NA,NA,NA,NA,NA,NA,NA,NA,NA,NA,NA,NA,NA,NA,NA,NA,NA,NA,NA,NA,NA,NA,NA,NA,NA,NA,NA,NA,NA,NA,NA,NA,NA,NA,NA,NA,NA,NA,NA,NA,NA,NA,NA,NA,NA,2.2,0.44478,0,0,0,0,0.4,0,0,0,NA,NA,NA,NA
"888","Will Harris","DET","DB","14213","robust",NA,NA,NA,NA,NA,NA,NA,NA,NA,NA,NA,NA,NA,NA,NA,NA,NA,NA,NA,NA,NA,NA,NA,NA,NA,NA,NA,NA,NA,NA,NA,NA,NA,NA,NA,NA,NA,NA,NA,NA,NA,NA,NA,NA,NA,NA,NA,NA,NA,NA,2.2,0.44478,0,0,0,0,0.2,0,0,0,NA,NA,NA,NA
"889","Emmanuel Forbes","WAS","DB","16253","robust",NA,NA,NA,NA,NA,NA,NA,NA,NA,NA,NA,NA,NA,NA,NA,NA,NA,NA,NA,NA,NA,NA,NA,NA,NA,NA,NA,NA,NA,NA,NA,NA,NA,NA,NA,NA,NA,NA,NA,NA,NA,NA,NA,NA,NA,NA,NA,NA,NA,NA,1.95,0.66717,0,0,0.1,0,0.7,0,0,0,NA,NA,NA,NA
"890",NA,NA,"DB","16139","robust",NA,NA,NA,NA,NA,NA,NA,NA,NA,NA,NA,NA,NA,NA,NA,NA,NA,NA,NA,NA,NA,NA,NA,NA,NA,NA,NA,NA,NA,NA,NA,NA,NA,NA,NA,NA,NA,NA,NA,NA,NA,NA,NA,NA,NA,NA,NA,NA,NA,NA,2.15,0.37065,0,0,0,0,0.2,0,0,0,NA,NA,NA,NA
"891","Alontae Taylor","NO","DB","15856","robust",NA,NA,NA,NA,NA,NA,NA,NA,NA,NA,NA,NA,NA,NA,NA,NA,NA,NA,NA,NA,NA,NA,NA,NA,NA,NA,NA,NA,NA,NA,NA,NA,NA,NA,NA,NA,NA,NA,NA,NA,NA,NA,NA,NA,NA,NA,NA,NA,NA,NA,1.95,0.51891,0.1,0,0,0,0.6,0,0,0,NA,NA,NA,NA
"892","Shaq Griffin","HOU","DB","13273","robust",NA,NA,NA,NA,NA,NA,NA,NA,NA,NA,NA,NA,NA,NA,NA,NA,NA,NA,NA,NA,NA,NA,NA,NA,NA,NA,NA,NA,NA,NA,NA,NA,NA,NA,NA,NA,NA,NA,NA,NA,NA,NA,NA,NA,NA,NA,NA,NA,NA,NA,1.75,0.81543,0.1,0,0,0,0.1,0,0,0,NA,NA,NA,NA
"893","Tre Avery","TEN","DB","16029","robust",NA,NA,NA,NA,NA,NA,NA,NA,NA,NA,NA,NA,NA,NA,NA,NA,NA,NA,NA,NA,NA,NA,NA,NA,NA,NA,NA,NA,NA,NA,NA,NA,NA,NA,NA,NA,NA,NA,NA,NA,NA,NA,NA,NA,NA,NA,NA,NA,NA,NA,2.05,0.37065,0,0,0,0,0.6,0,0,0,NA,NA,NA,NA
"894","Adrian Phillips","NE","DB","12088","robust",NA,NA,NA,NA,NA,NA,NA,NA,NA,NA,NA,NA,NA,NA,NA,NA,NA,NA,NA,NA,NA,NA,NA,NA,NA,NA,NA,NA,NA,NA,NA,NA,NA,NA,NA,NA,NA,NA,NA,NA,NA,NA,NA,NA,NA,NA,NA,NA,NA,NA,1.65,0.96369,0,0,0,0,0.1,0,0,0,NA,NA,NA,NA
"895","Terell Smith","CHI","DB","16319","robust",NA,NA,NA,NA,NA,NA,NA,NA,NA,NA,NA,NA,NA,NA,NA,NA,NA,NA,NA,NA,NA,NA,NA,NA,NA,NA,NA,NA,NA,NA,NA,NA,NA,NA,NA,NA,NA,NA,NA,NA,NA,NA,NA,NA,NA,NA,NA,NA,NA,NA,1.95,0.51891,0,0,0,0,0.2,0,0,0,NA,NA,NA,NA
"896","Darnay Holmes","NYG","DB","14944","robust",NA,NA,NA,NA,NA,NA,NA,NA,NA,NA,NA,NA,NA,NA,NA,NA,NA,NA,NA,NA,NA,NA,NA,NA,NA,NA,NA,NA,NA,NA,NA,NA,NA,NA,NA,NA,NA,NA,NA,NA,NA,NA,NA,NA,NA,NA,NA,NA,NA,NA,1.8,0.59304,0,0,0,0,0.7,0,0,0,NA,NA,NA,NA
"897","Deonte Banks","NYG","DB","16255","robust",NA,NA,NA,NA,NA,NA,NA,NA,NA,NA,NA,NA,NA,NA,NA,NA,NA,NA,NA,NA,NA,NA,NA,NA,NA,NA,NA,NA,NA,NA,NA,NA,NA,NA,NA,NA,NA,NA,NA,NA,NA,NA,NA,NA,NA,NA,NA,NA,NA,NA,1.5,0.88956,0.1,0,0.1,0,0.8,0,0,0,NA,NA,NA,NA
"898","Geno Stone","BAL","DB","15003","robust",NA,NA,NA,NA,NA,NA,NA,NA,NA,NA,NA,NA,NA,NA,NA,NA,NA,NA,NA,NA,NA,NA,NA,NA,NA,NA,NA,NA,NA,NA,NA,NA,NA,NA,NA,NA,NA,NA,NA,NA,NA,NA,NA,NA,NA,NA,NA,NA,NA,NA,1.85,0.37065,0,0,0,0,0.3,0,0,0,NA,NA,NA,NA
"899","David Long","LVR","DB","14211","robust",NA,NA,NA,NA,NA,NA,NA,NA,NA,NA,NA,NA,NA,NA,NA,NA,NA,NA,NA,NA,NA,NA,NA,NA,NA,NA,NA,NA,NA,NA,NA,NA,NA,NA,NA,NA,NA,NA,NA,NA,NA,NA,NA,NA,NA,NA,NA,NA,NA,NA,1.8,0.44478,0,0,0,0,0.3,0,0,0,NA,NA,NA,NA
"900","Jalyn Armour-Davis","BAL","DB","15879","robust",NA,NA,NA,NA,NA,NA,NA,NA,NA,NA,NA,NA,NA,NA,NA,NA,NA,NA,NA,NA,NA,NA,NA,NA,NA,NA,NA,NA,NA,NA,NA,NA,NA,NA,NA,NA,NA,NA,NA,NA,NA,NA,NA,NA,NA,NA,NA,NA,NA,NA,1.5,0.7413,0.1,0,0,0,0.4,0,0,0,NA,NA,NA,NA
"901","Dee Delaney","TB","DB","14024","robust",NA,NA,NA,NA,NA,NA,NA,NA,NA,NA,NA,NA,NA,NA,NA,NA,NA,NA,NA,NA,NA,NA,NA,NA,NA,NA,NA,NA,NA,NA,NA,NA,NA,NA,NA,NA,NA,NA,NA,NA,NA,NA,NA,NA,NA,NA,NA,NA,NA,NA,1.65,0.51891,0,0,0.2,0,0.3,0,0,0,NA,NA,NA,NA
"902","Joshua Williams","KC","DB","15885","robust",NA,NA,NA,NA,NA,NA,NA,NA,NA,NA,NA,NA,NA,NA,NA,NA,NA,NA,NA,NA,NA,NA,NA,NA,NA,NA,NA,NA,NA,NA,NA,NA,NA,NA,NA,NA,NA,NA,NA,NA,NA,NA,NA,NA,NA,NA,NA,NA,NA,NA,1.7,0.44478,0,0,0.1,0,0.5,0,0,0,NA,NA,NA,NA
"903","Jourdan Lewis","DAL","DB","13227","robust",NA,NA,NA,NA,NA,NA,NA,NA,NA,NA,NA,NA,NA,NA,NA,NA,NA,NA,NA,NA,NA,NA,NA,NA,NA,NA,NA,NA,NA,NA,NA,NA,NA,NA,NA,NA,NA,NA,NA,NA,NA,NA,NA,NA,NA,NA,NA,NA,NA,NA,1.5,0.7413,0.1,0,0.1,0,0.2,0,0,0,NA,NA,NA,NA
"904","Joey Porter Jr.","PIT","DB","16240","robust",NA,NA,NA,NA,NA,NA,NA,NA,NA,NA,NA,NA,NA,NA,NA,NA,NA,NA,NA,NA,NA,NA,NA,NA,NA,NA,NA,NA,NA,NA,NA,NA,NA,NA,NA,NA,NA,NA,NA,NA,NA,NA,NA,NA,NA,NA,NA,NA,NA,NA,1.55,0.51891,0,0,0.1,0,0.3,0,0,0,NA,NA,NA,NA
"905","Kaiir Elam","BUF","DB","15847","robust",NA,NA,NA,NA,NA,NA,NA,NA,NA,NA,NA,NA,NA,NA,NA,NA,NA,NA,NA,NA,NA,NA,NA,NA,NA,NA,NA,NA,NA,NA,NA,NA,NA,NA,NA,NA,NA,NA,NA,NA,NA,NA,NA,NA,NA,NA,NA,NA,NA,NA,1.55,0.51891,0,0,0.1,0,0.3,0,0,0,NA,NA,NA,NA
"906","Christian Matthew","ARI","DB","15951","robust",NA,NA,NA,NA,NA,NA,NA,NA,NA,NA,NA,NA,NA,NA,NA,NA,NA,NA,NA,NA,NA,NA,NA,NA,NA,NA,NA,NA,NA,NA,NA,NA,NA,NA,NA,NA,NA,NA,NA,NA,NA,NA,NA,NA,NA,NA,NA,NA,NA,NA,1.6,0.44478,0,0,0,0,0.2,0,0,0,NA,NA,NA,NA
"907","Tre Herndon","JAC","DB","13914","robust",NA,NA,NA,NA,NA,NA,NA,NA,NA,NA,NA,NA,NA,NA,NA,NA,NA,NA,NA,NA,NA,NA,NA,NA,NA,NA,NA,NA,NA,NA,NA,NA,NA,NA,NA,NA,NA,NA,NA,NA,NA,NA,NA,NA,NA,NA,NA,NA,NA,NA,1.4,0.44478,0,0,0,0,0.3,0,0,0,NA,NA,NA,NA
"908","Zyon McCollum","TB","DB","15895","robust",NA,NA,NA,NA,NA,NA,NA,NA,NA,NA,NA,NA,NA,NA,NA,NA,NA,NA,NA,NA,NA,NA,NA,NA,NA,NA,NA,NA,NA,NA,NA,NA,NA,NA,NA,NA,NA,NA,NA,NA,NA,NA,NA,NA,NA,NA,NA,NA,NA,NA,1.3,0.59304,0,0,0,0,0.2,0,0,0,NA,NA,NA,NA
"909","Jalen Mills","NE","DB","12716","robust",NA,NA,NA,NA,NA,NA,NA,NA,NA,NA,NA,NA,NA,NA,NA,NA,NA,NA,NA,NA,NA,NA,NA,NA,NA,NA,NA,NA,NA,NA,NA,NA,NA,NA,NA,NA,NA,NA,NA,NA,NA,NA,NA,NA,NA,NA,NA,NA,NA,NA,1.4,0.44478,0,0,0.1,0,0.3,0,0,0,NA,NA,NA,NA
"910","Mike Hughes","ATL","DB","13731","robust",NA,NA,NA,NA,NA,NA,NA,NA,NA,NA,NA,NA,NA,NA,NA,NA,NA,NA,NA,NA,NA,NA,NA,NA,NA,NA,NA,NA,NA,NA,NA,NA,NA,NA,NA,NA,NA,NA,NA,NA,NA,NA,NA,NA,NA,NA,NA,NA,NA,NA,1.35,0.51891,0,0,0,0,0.2,0,0,0,NA,NA,NA,NA
"911","Tre'Vius Hodges-Tomlinson","LAR","DB","16327","robust",NA,NA,NA,NA,NA,NA,NA,NA,NA,NA,NA,NA,NA,NA,NA,NA,NA,NA,NA,NA,NA,NA,NA,NA,NA,NA,NA,NA,NA,NA,NA,NA,NA,NA,NA,NA,NA,NA,NA,NA,NA,NA,NA,NA,NA,NA,NA,NA,NA,NA,1.35,0.51891,0,0,0,0,0.1,0,0,0,NA,NA,NA,NA
"912","Brandin Echols","NYJ","DB","15464","robust",NA,NA,NA,NA,NA,NA,NA,NA,NA,NA,NA,NA,NA,NA,NA,NA,NA,NA,NA,NA,NA,NA,NA,NA,NA,NA,NA,NA,NA,NA,NA,NA,NA,NA,NA,NA,NA,NA,NA,NA,NA,NA,NA,NA,NA,NA,NA,NA,NA,NA,1.25,0.51891,0,0,0.1,0,0.2,0,0,0,NA,NA,NA,NA
"913","Jaylon Jones","CHI","DB","16026","robust",NA,NA,NA,NA,NA,NA,NA,NA,NA,NA,NA,NA,NA,NA,NA,NA,NA,NA,NA,NA,NA,NA,NA,NA,NA,NA,NA,NA,NA,NA,NA,NA,NA,NA,NA,NA,NA,NA,NA,NA,NA,NA,NA,NA,NA,NA,NA,NA,NA,NA,1.15,0.51891,0,0,0,0,0.1,0,0,0,NA,NA,NA,NA
"914","Isaiah Oliver","SF","DB","13709","robust",NA,NA,NA,NA,NA,NA,NA,NA,NA,NA,NA,NA,NA,NA,NA,NA,NA,NA,NA,NA,NA,NA,NA,NA,NA,NA,NA,NA,NA,NA,NA,NA,NA,NA,NA,NA,NA,NA,NA,NA,NA,NA,NA,NA,NA,NA,NA,NA,NA,NA,0.95,0.66717,0,0,0,0,0.2,0,0,0,NA,NA,NA,NA
"915","J.T. Gray","NO","DB","13942","robust",NA,NA,NA,NA,NA,NA,NA,NA,NA,NA,NA,NA,NA,NA,NA,NA,NA,NA,NA,NA,NA,NA,NA,NA,NA,NA,NA,NA,NA,NA,NA,NA,NA,NA,NA,NA,NA,NA,NA,NA,NA,NA,NA,NA,NA,NA,NA,NA,NA,NA,1.05,0.51891,0.2,0,0,0,0.1,0,0,0,"Q","Shoulder",2023,2
"916","Cordale Flott","NYG","DB","15866","robust",NA,NA,NA,NA,NA,NA,NA,NA,NA,NA,NA,NA,NA,NA,NA,NA,NA,NA,NA,NA,NA,NA,NA,NA,NA,NA,NA,NA,NA,NA,NA,NA,NA,NA,NA,NA,NA,NA,NA,NA,NA,NA,NA,NA,NA,NA,NA,NA,NA,NA,0.95,0.51891,0,0,0,0,0.3,0,0,0,NA,NA,NA,NA
"917","Ashtyn Davis","NYJ","DB","14911","robust",NA,NA,NA,NA,NA,NA,NA,NA,NA,NA,NA,NA,NA,NA,NA,NA,NA,NA,NA,NA,NA,NA,NA,NA,NA,NA,NA,NA,NA,NA,NA,NA,NA,NA,NA,NA,NA,NA,NA,NA,NA,NA,NA,NA,NA,NA,NA,NA,NA,NA,0.95,0.37065,0,0,0.1,0,0.2,0,0,0,NA,NA,NA,NA
"918","Cam Smith","MIA","DB","16243","robust",NA,NA,NA,NA,NA,NA,NA,NA,NA,NA,NA,NA,NA,NA,NA,NA,NA,NA,NA,NA,NA,NA,NA,NA,NA,NA,NA,NA,NA,NA,NA,NA,NA,NA,NA,NA,NA,NA,NA,NA,NA,NA,NA,NA,NA,NA,NA,NA,NA,NA,0.75,0.37065,0,0,0,0,0.1,0,0,0,NA,NA,NA,NA
"919","Mekhi Blackmon","MIN","DB","16288","robust",NA,NA,NA,NA,NA,NA,NA,NA,NA,NA,NA,NA,NA,NA,NA,NA,NA,NA,NA,NA,NA,NA,NA,NA,NA,NA,NA,NA,NA,NA,NA,NA,NA,NA,NA,NA,NA,NA,NA,NA,NA,NA,NA,NA,NA,NA,NA,NA,NA,NA,0.85,0.22239,0,0,0,0,0.1,0,0,0,NA,NA,NA,NA
"920","Cameron Mitchell","CLE","DB","16309","robust",NA,NA,NA,NA,NA,NA,NA,NA,NA,NA,NA,NA,NA,NA,NA,NA,NA,NA,NA,NA,NA,NA,NA,NA,NA,NA,NA,NA,NA,NA,NA,NA,NA,NA,NA,NA,NA,NA,NA,NA,NA,NA,NA,NA,NA,NA,NA,NA,NA,NA,0.85,0.22239,0,0,0,0,0.1,0,0,0,NA,NA,NA,NA
"921","Jalen Davis","CIN","DB","14037","robust",NA,NA,NA,NA,NA,NA,NA,NA,NA,NA,NA,NA,NA,NA,NA,NA,NA,NA,NA,NA,NA,NA,NA,NA,NA,NA,NA,NA,NA,NA,NA,NA,NA,NA,NA,NA,NA,NA,NA,NA,NA,NA,NA,NA,NA,NA,NA,NA,NA,NA,0.75,0.37065,0,0,0,0,0.1,0,0,0,NA,NA,NA,NA
"922","Essang Bassey","DEN","DB","15079","robust",NA,NA,NA,NA,NA,NA,NA,NA,NA,NA,NA,NA,NA,NA,NA,NA,NA,NA,NA,NA,NA,NA,NA,NA,NA,NA,NA,NA,NA,NA,NA,NA,NA,NA,NA,NA,NA,NA,NA,NA,NA,NA,NA,NA,NA,NA,NA,NA,NA,NA,0.85,0.22239,0,0,0,0,0.1,0,0,0,NA,NA,NA,NA
"923","George Odum","SF","DB","13939","robust",NA,NA,NA,NA,NA,NA,NA,NA,NA,NA,NA,NA,NA,NA,NA,NA,NA,NA,NA,NA,NA,NA,NA,NA,NA,NA,NA,NA,NA,NA,NA,NA,NA,NA,NA,NA,NA,NA,NA,NA,NA,NA,NA,NA,NA,NA,NA,NA,NA,NA,0.75,0.22239,0,0,0.1,0,0.1,0,0,0,NA,NA,NA,NA
"924","Tre Brown","SEA","DB","15423","robust",NA,NA,NA,NA,NA,NA,NA,NA,NA,NA,NA,NA,NA,NA,NA,NA,NA,NA,NA,NA,NA,NA,NA,NA,NA,NA,NA,NA,NA,NA,NA,NA,NA,NA,NA,NA,NA,NA,NA,NA,NA,NA,NA,NA,NA,NA,NA,NA,NA,NA,0.85,0.07413,0,0,0,0,0.2,0,0,0,NA,NA,NA,NA
"925","Julius Brents","IND","DB","16261","robust",NA,NA,NA,NA,NA,NA,NA,NA,NA,NA,NA,NA,NA,NA,NA,NA,NA,NA,NA,NA,NA,NA,NA,NA,NA,NA,NA,NA,NA,NA,NA,NA,NA,NA,NA,NA,NA,NA,NA,NA,NA,NA,NA,NA,NA,NA,NA,NA,NA,NA,0.85,0.07413,0,0,0,0,0.1,0,0,0,NA,NA,NA,NA
"926","Montaric Brown","JAC","DB","15933","robust",NA,NA,NA,NA,NA,NA,NA,NA,NA,NA,NA,NA,NA,NA,NA,NA,NA,NA,NA,NA,NA,NA,NA,NA,NA,NA,NA,NA,NA,NA,NA,NA,NA,NA,NA,NA,NA,NA,NA,NA,NA,NA,NA,NA,NA,NA,NA,NA,NA,NA,0.85,0.07413,0,0,0,0,0,0,0,0,NA,NA,NA,NA
"927","Duke Shelley","LAR","DB","14278","robust",NA,NA,NA,NA,NA,NA,NA,NA,NA,NA,NA,NA,NA,NA,NA,NA,NA,NA,NA,NA,NA,NA,NA,NA,NA,NA,NA,NA,NA,NA,NA,NA,NA,NA,NA,NA,NA,NA,NA,NA,NA,NA,NA,NA,NA,NA,NA,NA,NA,NA,0.6,0.29652,0,0,0,0,0.2,0,0,0,NA,NA,NA,NA
"928","Noah Igbinoghene","DAL","DB","14919","robust",NA,NA,NA,NA,NA,NA,NA,NA,NA,NA,NA,NA,NA,NA,NA,NA,NA,NA,NA,NA,NA,NA,NA,NA,NA,NA,NA,NA,NA,NA,NA,NA,NA,NA,NA,NA,NA,NA,NA,NA,NA,NA,NA,NA,NA,NA,NA,NA,NA,NA,0.35,0.07413,0,0,0,0,0.1,0,0.2,0,NA,NA,NA,NA
