"","player","team","position","id","avg_type","pass_att","pass_att_sd","pass_comp","pass_comp_sd","pass_yds","pass_yds_sd","pass_tds","pass_tds_sd","pass_int","pass_int_sd","rush_att","rush_att_sd","rush_yds","rush_yds_sd","rush_tds","rush_tds_sd","fumbles_lost","fumbles_lost_sd","two_pts","two_pts_sd","return_tds","return_tds_sd","rec","rec_sd","rec_yds","rec_yds_sd","rec_tds","rec_tds_sd","dst_int","dst_int_sd","dst_sacks","dst_sacks_sd","dst_safety","dst_safety_sd","dst_td","dst_td_sd","dst_blk","dst_blk_sd","fg_0019","fg_0019_sd","fg_2029","fg_2029_sd","fg_3039","fg_3039_sd","fg_4049","fg_4049_sd","fg_50","fg_50_sd","xp","xp_sd","injury_status","injury_details","week","season_year"
"1","Patrick Mahomes","KC","QB","2558125","robust",38.795,1.40847,26.2925,1.104537,317.3825,19.651863,2.4275,0.333585,0.755,0.163086,3.44262348569683,0.350759946737249,17.6725,3.254307,0.1825,0.014826,0.08,0.014826,0.17,0,0,NA,NA,NA,NA,NA,NA,NA,NA,NA,NA,NA,NA,NA,NA,NA,NA,NA,NA,NA,NA,NA,NA,NA,NA,NA,NA,NA,NA,NA,NA,NA,NA,NA
"2","Tom Brady","TB","QB","2504211","robust",39.8129941012433,3.143112,26.3013681070689,1.875489,271.2375,19.325691,1.67,0.37065,0.6825,0.0889560000000001,0.99,0.684467,1.405,1.022994,0.045,0.037065,0.135,0.0481845,0.06,0,0,NA,NA,NA,NA,NA,NA,NA,NA,NA,NA,NA,NA,NA,NA,NA,NA,NA,NA,NA,NA,NA,NA,NA,NA,NA,NA,NA,NA,NA,NA,NA,NA,NA
"3","Joe Burrow","CIN","QB","2563722","robust",34.5058308320672,1.438122,23.3898101345517,1.09656101097265,284.7475,3.45445800000006,1.935,0.0741300000000001,0.8925,0.081543,3.97209420353336,1.41467973231713,15.165,3.869586,0.1675,0.029652,0.07,0.022239,0.16,0,0,NA,NA,NA,NA,NA,NA,NA,NA,NA,NA,NA,NA,NA,NA,NA,NA,NA,NA,NA,NA,NA,NA,NA,NA,NA,NA,NA,NA,NA,NA,NA,NA,NA
"4","Kirk Cousins","MIN","QB","2532820","robust",37.6981189300836,1.47826975049459,24.6062010894001,1.30093315676308,276.65,7.64280300000004,1.9375,0.0889560000000001,0.7,0.0296519999999999,1.3675,0.602924,5.07,2.535246,0.085,0.029652,0.075,0.0185325,0.13,0,0,NA,NA,NA,NA,NA,NA,NA,NA,NA,NA,NA,NA,NA,NA,NA,NA,NA,NA,NA,NA,NA,NA,NA,NA,NA,NA,NA,NA,NA,NA,NA,NA,NA
"5","Justin Herbert","LAC","QB","2565045","robust",37.1288793345425,4.39999900278553,24.9120764694196,3.05290014712313,264.0775,20.0151,1.6925,0.229803,0.8475,0.244629,2.5961201608506,0.707556500954198,10.58,2.209074,0.0775,0.037065,0.065,0.0259455,0.19,0,0,NA,NA,NA,NA,NA,NA,NA,NA,NA,NA,NA,NA,NA,NA,NA,NA,NA,NA,NA,NA,NA,NA,NA,NA,NA,NA,NA,NA,NA,NA,NA,NA,NA
"6","Trevor Lawrence","JAC","QB","2566163","robust",35.8937424015003,1.04400501035706,22.4662027157043,0.438555764202144,268.36,10.207701,1.58,0.303933,0.8025,0.214977,4.0875,0.485264730759804,18.9,1.63086,0.21,0.07413,0.25,0.111195,0.16,0,0,NA,NA,NA,NA,NA,NA,NA,NA,NA,NA,NA,NA,NA,NA,NA,NA,NA,NA,NA,NA,NA,NA,NA,NA,NA,NA,NA,NA,NA,NA,NA,NA,NA
"7","Geno Smith","SEA","QB","2539335","robust",34.9733625019411,2.29803,23.7985831032516,1.57476761776156,258.275,20.7564,1.8225,0.14826,0.865,0.111195,3.72186585765412,0.600453,17,1.816185,0.1025,0.066717,0.19,0.081543,0,NA,0,NA,NA,NA,NA,NA,NA,NA,NA,NA,NA,NA,NA,NA,NA,NA,NA,NA,NA,NA,NA,NA,NA,NA,NA,NA,NA,NA,NA,NA,NA,NA,NA,NA
"8","Jarrett Stidham","LVR","QB","2562746","robust",34.4,1.33434,22.115,0.874734,253.8825,22.127805,1.6925,0.252042,1,0.0815430000000001,2.945,0.7413,12.215,3.424806,0.065,0.088956,0.11,0.007413,0.08,0,0,NA,NA,NA,NA,NA,NA,NA,NA,NA,NA,NA,NA,NA,NA,NA,NA,NA,NA,NA,NA,NA,NA,NA,NA,NA,NA,NA,NA,NA,NA,NA,NA,NA
"9","Josh Allen","BUF","QB","2560955","robust",32.9824474604452,0.901966930095937,21.0417864520477,0.340998000000001,253.3125,10.556112,1.925,0.0815430000000002,0.8675,0.0963690000000001,8.70998041757341,0.66717,47.5175,3.402567,0.4525,0.155673,0.215,0.0630105,0.13,0,0,NA,NA,NA,NA,NA,NA,NA,NA,NA,NA,NA,NA,NA,NA,NA,NA,NA,NA,NA,NA,NA,NA,NA,NA,NA,NA,NA,NA,NA,NA,NA,NA,NA
"10","Dak Prescott","DAL","QB","2555260","robust",33.3222121239802,2.81694,22.1976121625459,1.452948,239.5375,23.7216,1.81,0.163086,0.93,0.22239,3.91417369435435,0.336872720500165,17.37,2.29803,0.1225,0.081543,0.155,0.0333585,0.26,0,0,NA,NA,NA,NA,NA,NA,NA,NA,NA,NA,NA,NA,NA,NA,NA,NA,NA,NA,NA,NA,NA,NA,NA,NA,NA,NA,NA,NA,NA,NA,NA,NA,NA
"11","Jalen Hurts","PHI","QB","2564832","robust",29.8040083987945,2.31579629589451,19.7257273444791,1.34700927815055,240,23.817969,1.71,0.289107,0.61,0.177912,9.25,1.18682994568695,46.75,6.263985,0.67,0.303933,0.13,0.051891,0.22,0,0,NA,NA,NA,NA,NA,NA,NA,NA,NA,NA,NA,NA,NA,NA,NA,NA,NA,NA,NA,NA,NA,NA,NA,NA,NA,NA,NA,NA,NA,"Q","Shoulder",18,2022
"12","Aaron Rodgers","GB","QB","2506363","robust",33.9425,0.633412714271421,22.4022935551838,0.956889150169041,247.6125,4.29954000000001,1.935,0.140847,0.515,0.140847,2.26811937769563,0.578214,8.2425,2.831766,0.1025,0.014826,0.09,0.007413,0.06,0,0,NA,NA,NA,NA,NA,NA,NA,NA,NA,NA,NA,NA,NA,NA,NA,NA,NA,NA,NA,NA,NA,NA,NA,NA,NA,NA,NA,NA,NA,NA,NA,NA,NA
"13","Jared Goff","DET","QB","2555334","robust",35.225,0.845082,22.5275,0.918864041832757,251.5275,11.942343,1.5875,0.163086,0.73,0.229803,1.175,0.59304,4.685,2.557485,0.035,0.044478,0.19,0.081543,0.24,0,0,NA,NA,NA,NA,NA,NA,NA,NA,NA,NA,NA,NA,NA,NA,NA,NA,NA,NA,NA,NA,NA,NA,NA,NA,NA,NA,NA,NA,NA,NA,NA,NA,NA
"14","Joe Flacco","NYJ","QB","382","robust",32.3325,3.64045491048059,20.025,1.34310114638902,227.625,24.581508,0.9925,0.303933,0.7075,0.237216,0.5,0.42007,0.555,0.548562,0.0225,0.029652,0.115,0.0630105,0.03,0,0,NA,NA,NA,NA,NA,NA,NA,NA,NA,NA,NA,NA,NA,NA,NA,NA,NA,NA,NA,NA,NA,NA,NA,NA,NA,NA,NA,NA,NA,NA,NA,NA,NA
"15","Brock Purdy","SF","QB","2568216","robust",30.565,1.63389910240536,19.6437470262843,1.64197068233826,229.1475,13.3434,1.7075,0.118608,0.8025,0.259455,1.995,0.743771,7.6275,6.805134,0.105,0.051891,0.075,0.0185325,0.08,0,0,NA,NA,NA,NA,NA,NA,NA,NA,NA,NA,NA,NA,NA,NA,NA,NA,NA,NA,NA,NA,NA,NA,NA,NA,NA,NA,NA,NA,NA,NA,NA,NA,NA
"16","Sam Darnold","CAR","QB","2561036","robust",28.5621119247374,2.9652,17.6367652234786,1.7590597593412,200.1775,8.98455600000002,1.0025,0.0593040000000002,0.625,0.192738,3.57965848214286,0.333585,17.0625,1.905141,0.175,0.022239,0.2,0.07413,0.09,0,0,NA,NA,NA,NA,NA,NA,NA,NA,NA,NA,NA,NA,NA,NA,NA,NA,NA,NA,NA,NA,NA,NA,NA,NA,NA,NA,NA,NA,NA,NA,NA,NA,NA
"17","Deshaun Watson","CLE","QB","2558063","robust",29.275,2.00151,17.8925,0.882147000000001,211.38,21.20118,1.4975,0.481845,0.6575,0.051891,5.63478240156929,0.785778,25.75,1.638273,0.1575,0.037065,0.065,0.0259455,0.13,0,0,NA,NA,NA,NA,NA,NA,NA,NA,NA,NA,NA,NA,NA,NA,NA,NA,NA,NA,NA,NA,NA,NA,NA,NA,NA,NA,NA,NA,NA,NA,NA,NA,NA
"18","Russell Wilson","DEN","QB","2532975","robust",30.7704400604986,1.34218795579682,18.8832943236799,0.297305109525215,217.2525,9.20694599999999,1.1475,0.333585,0.68,0.118608,3.92644367935065,0.779791932670179,18.9475,2.424051,0.125,0.066717,0.12,0.059304,0.03,0,0,NA,NA,NA,NA,NA,NA,NA,NA,NA,NA,NA,NA,NA,NA,NA,NA,NA,NA,NA,NA,NA,NA,NA,NA,NA,NA,NA,NA,NA,NA,NA,NA,NA
"19","Andy Dalton","NO","QB","2495143","robust",30.1,1.05679114944752,19.1535913931388,1.43394519893527,231.25,4.99636200000001,1.255,0.29652,0.6825,0.0815430000000001,1.475,0.630105,5.42,1.401057,0.0425,0.059304,0.02,0.014826,0.16,0,0,NA,NA,NA,NA,NA,NA,NA,NA,NA,NA,NA,NA,NA,NA,NA,NA,NA,NA,NA,NA,NA,NA,NA,NA,NA,NA,NA,NA,NA,NA,NA,NA,NA
"20","Sam Howell","WAS","QB","2568333","robust",30.6702968218144,0.340998000000001,19.0625303443488,0.311166045873999,211.8125,15.64143,1.0325,0.0889560000000001,0.9975,0.103782,3.50992891596852,0.474853556740289,15.525,1.690164,0.1125,0.133434,0.05,0,0.09,0,0,NA,NA,NA,NA,NA,NA,NA,NA,NA,NA,NA,NA,NA,NA,NA,NA,NA,NA,NA,NA,NA,NA,NA,NA,NA,NA,NA,NA,NA,NA,NA,NA,NA
"21","Skylar Thompson","MIA","QB","2567895","robust",30.4297911825892,1.4235023951288,18.8620469278937,0.373568816469914,179.8575,41.223693,1.02,0.0741300000000001,0.95,0.037065,2,0.44478,8.4025,5.092731,0.0625,0.066717,0.145,0.0407715,0.08,0,0,NA,NA,NA,NA,NA,NA,NA,NA,NA,NA,NA,NA,NA,NA,NA,NA,NA,NA,NA,NA,NA,NA,NA,NA,NA,NA,NA,NA,NA,NA,NA,NA,NA
"22","David Blough","ARI","QB","2563043","robust",28.82,4.29504708103324,18.79,1.80160708798079,204.5125,19.963209,0.82,0.177912,0.7675,0.229803,1.3697596059516,0.316050394522564,7.6575,2.9652,0.0375,0.044478,0.035,0.0259455,0.07,0,0,NA,NA,NA,NA,NA,NA,NA,NA,NA,NA,NA,NA,NA,NA,NA,NA,NA,NA,NA,NA,NA,NA,NA,NA,NA,NA,NA,NA,NA,NA,NA,NA,NA
"23","Mac Jones","NE","QB","2566334","robust",31.1159569711092,0.538311389267123,19.8329236262025,0.866064863584282,214.66,2.46111599999999,1.0575,0.0444780000000002,0.79,0.200151,2.08,0.825314,8.075,4.640538,0.05,0.066717,0.09,0.007413,0.13,0,0,NA,NA,NA,NA,NA,NA,NA,NA,NA,NA,NA,NA,NA,NA,NA,NA,NA,NA,NA,NA,NA,NA,NA,NA,NA,NA,NA,NA,NA,NA,NA,NA,NA
"24","Davis Mills","HOU","QB","2566136","robust",31.9407149650047,2.713158,20.1876041594555,1.25269404879422,213.4875,8.198778,1.0625,0.0296520000000002,0.7925,0.044478,2.51099302211521,0.563388,12.115,1.986684,0.1175,0.07413,0.15,0.037065,0.09,0,0,NA,NA,NA,NA,NA,NA,NA,NA,NA,NA,NA,NA,NA,NA,NA,NA,NA,NA,NA,NA,NA,NA,NA,NA,NA,NA,NA,NA,NA,NA,NA,NA,NA
"25","Gardner Minshew","PHI","QB","2562796","robust",15,22.239,9.5,14.0847,111,164.5686,0.55,0.81543,0.5,0.7413,2.295,1.045233,3.7,5.48562,0.04,0.059304,0.2,0,NA,NA,NA,NA,NA,NA,NA,NA,NA,NA,NA,NA,NA,NA,NA,NA,NA,NA,NA,NA,NA,NA,NA,NA,NA,NA,NA,NA,NA,NA,NA,NA,NA,NA,NA,NA
"26","Baker Mayfield","LAR","QB","2560800","robust",30.04438071296,1.55115330993098,17.787815108873,0.7413,191.1,3.58047900000001,1.0575,0.0667170000000001,0.845,0.0815430000000001,2.73338149350649,0.588240804545454,8.785,2.631615,0.09,0.00741300000000001,0.13,0.051891,0.09,0,0,NA,NA,NA,NA,NA,NA,NA,NA,NA,NA,NA,NA,NA,NA,NA,NA,NA,NA,NA,NA,NA,NA,NA,NA,NA,NA,NA,NA,NA,NA,NA,NA,NA
"27","Sam Ehlinger","IND","QB","2566142","robust",26.3174060611077,1.35154415079889,16.9914899083449,0.96369,186.5175,26.560779,0.9925,0.0963690000000001,0.9475,0.051891,3.8775,0.88956,18.0075,5.9304,0.12,0.088956,0.235,0.1223145,0.08,0,0,NA,NA,NA,NA,NA,NA,NA,NA,NA,NA,NA,NA,NA,NA,NA,NA,NA,NA,NA,NA,NA,NA,NA,NA,NA,NA,NA,NA,NA,NA,NA,NA,NA
"28","Kenny Pickett","PIT","QB","2568162","robust",29.3316442996799,1.4826,18.3715260672632,1.4826,188.8175,2.32768200000003,0.9775,0.192738,0.8175,0.237216,4.4475,0.384378443958095,17.635,3.165351,0.205,0.022239,0.075,0.0185325,0.09,0,0,NA,NA,NA,NA,NA,NA,NA,NA,NA,NA,NA,NA,NA,NA,NA,NA,NA,NA,NA,NA,NA,NA,NA,NA,NA,NA,NA,NA,NA,NA,NA,NA,NA
"29","Joshua Dobbs","TEN","QB","2558167","robust",30.0481000759171,0.59304,17.4892977210256,1.33225760238515,196.0025,10.066854,0.935,0.0815430000000001,0.9325,0.059304,3.47884087089863,0.668495316796202,19.275,5.033427,0.11,0.081543,0.18,0.088956,0.08,0,0,NA,NA,NA,NA,NA,NA,NA,NA,NA,NA,NA,NA,NA,NA,NA,NA,NA,NA,NA,NA,NA,NA,NA,NA,NA,NA,NA,NA,NA,NA,NA,NA,NA
"30","Daniel Jones","NYG","QB","2562299","robust",28.882358974359,1.30818541538461,19.4955923076923,0.883025155384614,201.145,9.11057699999999,1.035,0.200151,0.55,0.22239,6.88402702702703,0.86587847027027,40.43,5.085318,0.205,0.155673,0.155,0.066717,0.16,0,NA,NA,NA,NA,NA,NA,NA,NA,NA,NA,NA,NA,NA,NA,NA,NA,NA,NA,NA,NA,NA,NA,NA,NA,NA,NA,NA,NA,NA,NA,NA,NA,NA,NA
"31","Tyrod Taylor","NYG","QB","2495240","robust",11.9224347826087,10.8381927652174,7.25747826086956,6.62735092173913,76.77,51.772392,0.37,0.177912,0.4675,0.489258,2.50972222222222,2.16624333333333,9.035,13.135836,0.005,0,0.2,0,0.06,0,0,NA,NA,NA,NA,NA,NA,NA,NA,NA,NA,NA,NA,NA,NA,NA,NA,NA,NA,NA,NA,NA,NA,NA,NA,NA,NA,NA,NA,NA,NA,NA,NA,NA
"32","Carson Wentz","WAS","QB","2555259","robust",16.0075282051282,20.1521986830769,9.95062564102564,12.5270424246154,105.455,132.759417,0.59,0.756126,0.46,0.504084,1.20133333333333,1.7771432,4.505,6.664287,0.055,0.066717,0.3,0,0.04,0,NA,NA,NA,NA,NA,NA,NA,NA,NA,NA,NA,NA,NA,NA,NA,NA,NA,NA,NA,NA,NA,NA,NA,NA,NA,NA,NA,NA,NA,NA,NA,NA,NA,NA
"33","Desmond Ridder","ATL","QB","2567256","robust",25.6276454558617,2.238726,16.4963015477176,1.386231,186.25,5.863683,0.88,0.252042,0.43,0.281694,4.65634553499598,0.243299073209976,21.985,0.459606000000001,0.125,0.088956,0.14,0.044478,0.08,0,0,NA,NA,NA,NA,NA,NA,NA,NA,NA,NA,NA,NA,NA,NA,NA,NA,NA,NA,NA,NA,NA,NA,NA,NA,NA,NA,NA,NA,NA,NA,NA,NA,NA
"34","Teddy Bridgewater","MIA","QB","2543465","robust",13.5963031914894,13.9419208882979,8.27601063829787,8.48638662765957,111.135,113.960049,0.495,0.600453,0.47,0.489258,1.391,1.7924634,3.745,4.825863,0.005,0.007413,0.055,0.066717,0.02,0,NA,NA,NA,NA,NA,NA,NA,NA,NA,NA,NA,NA,NA,NA,NA,NA,NA,NA,NA,NA,NA,NA,NA,NA,NA,NA,NA,NA,NA,NA,"Q","Finger",18,2022
"35","Tyler Huntley","BAL","QB","2563560","robust",24.4620778755295,1.93931777217335,15.9850505050505,1.4826,168.06,3.02450400000003,0.865,0.14826,0.88,0.118608,6.93498180613529,1.03782,30.545,6.330702,0.2075,0.029652,0.145,0.0407715,0.1,0,0,NA,NA,NA,NA,NA,NA,NA,NA,NA,NA,NA,NA,NA,NA,NA,NA,NA,NA,NA,NA,NA,NA,NA,NA,NA,NA,NA,NA,NA,"Q","Shoulder",18,2022
"36","Nathan Peterman","CHI","QB","2558191","robust",23.5847322190224,1.3796120241549,14.6848605899966,1.297275,166.95,6.56791800000001,1,0.022239,0.885,0.163086,2.9475,1.4826,11.81,4.507104,0.105,0.066717,0.13,0.051891,0.08,0,0,NA,NA,NA,NA,NA,NA,NA,NA,NA,NA,NA,NA,NA,NA,NA,NA,NA,NA,NA,NA,NA,NA,NA,NA,NA,NA,NA,NA,NA,NA,NA,NA,NA
"37","Matt Ryan","IND","QB","310","robust",13.0703801369863,14.2768744089041,8.52165753424658,9.30827053972603,84.065,91.824831,0.35,0.37065,0.67,0.785778,1.0665,1.5322671,3.555,5.107557,0.01,0.014826,0.21,0.281694,0.04,0,NA,NA,NA,NA,NA,NA,NA,NA,NA,NA,NA,NA,NA,NA,NA,NA,NA,NA,NA,NA,NA,NA,NA,NA,NA,NA,NA,NA,NA,NA,NA,NA,NA,NA
"38","Bailey Zappe","NE","QB","2567961","robust",6.65905263157895,6.13936856842105,4.50102631578947,4.14975838421053,58.575,54.003705,0.295,0.303933,0.35,0.37065,1.6,NA,-0.2,0,0.005,0.007413,0.205,0.289107,0.03,0,NA,NA,NA,NA,NA,NA,NA,NA,NA,NA,NA,NA,NA,NA,NA,NA,NA,NA,NA,NA,NA,NA,NA,NA,NA,NA,NA,NA,NA,NA,NA,NA,NA,NA
"39","Mitchell Trubisky","PIT","QB","2558008","robust",5.8156976744186,6.20364662790698,3.95467441860465,4.21847970697674,50.015,53.351361,0.19,0.163086,0.435,0.541149,0.78375,1.06191225,1.045,1.415883,0.01,0.014826,0,0,0.03,0,NA,NA,NA,NA,NA,NA,NA,NA,NA,NA,NA,NA,NA,NA,NA,NA,NA,NA,NA,NA,NA,NA,NA,NA,NA,NA,NA,NA,NA,NA,NA,NA,NA,NA
"40","John Wolford","LAR","QB","2561718","robust",6.943,5.4218682,4.061,3.1712814,43.885,34.270299,0.075,0.037065,0.37,0.340998,1.104,1.6249296,5.52,8.124648,0.005,0.007413,0.1,0,0.03,0,NA,NA,NA,NA,NA,NA,NA,NA,NA,NA,NA,NA,NA,NA,NA,NA,NA,NA,NA,NA,NA,NA,NA,NA,NA,NA,NA,NA,NA,NA,NA,NA,NA,NA
"41","Jameis Winston","NO","QB","2552033","robust",5.59066071428571,3.423826425,3.467625,2.123639175,39.63,24.270162,0.205,0.140847,0.145,0.081543,1.1,NA,6,0,0.01,0.014826,0.005,0.007413,0.03,0,NA,NA,NA,NA,NA,NA,NA,NA,NA,NA,NA,NA,NA,NA,NA,NA,NA,NA,NA,NA,NA,NA,NA,NA,NA,NA,NA,NA,NA,NA,NA,NA,NA,NA
"42","Phillip Walker","CAR","QB","2558904","robust",5.25,7.78365,3,4.4478,27.5,40.7715,0.1,0.14826,0.2,0.29652,0.6,0.88956,3,4.4478,0,0,0.1,0,NA,NA,NA,NA,NA,NA,NA,NA,NA,NA,NA,NA,NA,NA,NA,NA,NA,NA,NA,NA,NA,NA,NA,NA,NA,NA,NA,NA,NA,NA,NA,NA,NA,NA,NA,NA
"43","Jeff Driskel","HOU","QB","2555262","robust",2.4,1.03782,1.575,0.64246,23.75,18.5325,0.0675,0.07413,0.07,0.07413,1.925,0.867321,9,4.551582,0.0225,0.022239,0.005,0.0037065,0.07,0,0,NA,NA,NA,NA,NA,NA,NA,NA,NA,NA,NA,NA,NA,NA,NA,NA,NA,NA,NA,NA,NA,NA,NA,NA,NA,NA,NA,NA,NA,NA,NA,NA,NA
"44","Derrick Henry","TEN","RB","2556075","robust",NA,NA,NA,NA,NA,NA,NA,NA,NA,NA,20.8573479854673,2.231313,91.3025,8.569428,0.7725,0.103782,0.15,0.037065,0.06,0,0,NA,2.295,0.44478,20.8525,0.770951999999999,0.0525,0.051891,NA,NA,NA,NA,NA,NA,NA,NA,NA,NA,NA,NA,NA,NA,NA,NA,NA,NA,NA,NA,NA,NA,NA,NA,NA,NA
"45","Miles Sanders","PHI","RB","2562722","robust",NA,NA,NA,NA,NA,NA,NA,NA,NA,NA,15.5498813018906,1.4826,76.6275,11.1195,0.6975,0.111195,0.085,0.0111195,0.06,0,0,NA,1.1825,0.29652,7.7625,0.7413,0.0275,0.029652,NA,NA,NA,NA,NA,NA,NA,NA,NA,NA,NA,NA,NA,NA,NA,NA,NA,NA,NA,NA,NA,NA,NA,NA,NA,NA
"46","Christian McCaffrey","SF","RB","2557997","robust",NA,NA,NA,NA,NA,NA,NA,NA,NA,NA,16.8029609439179,3.25294020909461,78.5225,14.826,0.6975,0.155673,0,0,0,NA,0,NA,4.5475,0.126021000000001,38.425,3.66943500000001,0.215,0.066717,NA,NA,NA,NA,NA,NA,NA,NA,NA,NA,NA,NA,NA,NA,NA,NA,NA,NA,NA,NA,NA,NA,NA,NA,NA,NA
"47","Dalvin Cook","MIN","RB","2557991","robust",NA,NA,NA,NA,NA,NA,NA,NA,NA,NA,17.8871551911595,2.2249224271738,80.2375,7.724346,0.5675,0.088956,0.175,0.0185325,0.03,0,0,NA,2.6575,0.326172,20.6275,1.356579,0.1025,0.007413,NA,NA,NA,NA,NA,NA,NA,NA,NA,NA,NA,NA,NA,NA,NA,NA,NA,NA,NA,NA,NA,NA,NA,NA,NA,NA
"48","Nick Chubb","CLE","RB","2561021","robust",NA,NA,NA,NA,NA,NA,NA,NA,NA,NA,15.315,1.0506164637891,76.7425,7.442652,0.69,0.363237,0.08,0.014826,0.03,0,0,NA,1.165,0.22239,11.225,0.741300000000001,0.02,0.029652,NA,NA,NA,NA,NA,NA,NA,NA,NA,NA,NA,NA,NA,NA,NA,NA,NA,NA,NA,NA,NA,NA,NA,NA,NA,NA
"49","Cam Akers","LAR","RB","2564319","robust",NA,NA,NA,NA,NA,NA,NA,NA,NA,NA,18.46203016584,1.27364284774876,77.6375,3.306198,0.67,0.177912,0.155,0.0407715,0,NA,0,NA,2.12,0.481845,17,1.341753,0.075,0.022239,NA,NA,NA,NA,NA,NA,NA,NA,NA,NA,NA,NA,NA,NA,NA,NA,NA,NA,NA,NA,NA,NA,NA,NA,NA,NA
"50","Kenneth Walker III","SEA","RB","2568282","robust",NA,NA,NA,NA,NA,NA,NA,NA,NA,NA,17.6086858447099,1.33823673326623,77.7475,2.2239,0.69,0.088956,0,0,0.01,0,0,NA,2,0.155673,15.125,1.645686,0.0225,0.022239,NA,NA,NA,NA,NA,NA,NA,NA,NA,NA,NA,NA,NA,NA,NA,NA,NA,NA,NA,NA,NA,NA,NA,NA,NA,NA
"51","Josh Jacobs","LVR","RB","2562377","robust",NA,NA,NA,NA,NA,NA,NA,NA,NA,NA,15.9001324813922,1.07527783382404,73.565,5.1891,0.58,0.0593040000000001,0.08,0.014826,0,NA,0,NA,2.3125,0.303933,18.29,2.9652,0.0375,0.051891,NA,NA,NA,NA,NA,NA,NA,NA,NA,NA,NA,NA,NA,NA,NA,NA,NA,NA,NA,NA,NA,NA,"Q","Hip",18,2022
"52","Zack Moss","IND","RB","2563617","robust",NA,NA,NA,NA,NA,NA,NA,NA,NA,NA,17.3035407784639,2.0713131163013,74.455,3.009678,0.465,0.133434,0.09,0.007413,0.01,0,0,NA,0.99,0.088956,9.06,2.475942,0.0175,0.022239,NA,NA,NA,NA,NA,NA,NA,NA,NA,NA,NA,NA,NA,NA,NA,NA,NA,NA,NA,NA,NA,NA,NA,NA,NA,NA
"53","Najee Harris","PIT","RB","2566448","robust",NA,NA,NA,NA,NA,NA,NA,NA,NA,NA,16.8225,0.163316130922831,71.5625,6.08607300000002,0.48,0.066717,0,0,0,NA,0,NA,2.41,0.637518,16.1675,1.467774,0.0975,0.088956,NA,NA,NA,NA,NA,NA,NA,NA,NA,NA,NA,NA,NA,NA,NA,NA,NA,NA,NA,NA,NA,NA,NA,NA,NA,NA
"54","David Montgomery","CHI","RB","2562502","robust",NA,NA,NA,NA,NA,NA,NA,NA,NA,NA,15.9520212180899,0.222390000000002,62.375,1.11195,0.52,0.103782,0.08,0.014826,0,NA,0,NA,2.5775,0.392889,22.5,2.253552,0.075,0.059304,NA,NA,NA,NA,NA,NA,NA,NA,NA,NA,NA,NA,NA,NA,NA,NA,NA,NA,NA,NA,NA,NA,NA,NA,NA,NA
"55","Saquon Barkley","NYG","RB","2560968","robust",NA,NA,NA,NA,NA,NA,NA,NA,NA,NA,18.09,0.133434,75.375,0.555975,0.54,0.088956,0.015,0.022239,NA,NA,NA,NA,3.36,0.652344,24.6,0.59304,0.115,0.022239,NA,NA,NA,NA,NA,NA,NA,NA,NA,NA,NA,NA,NA,NA,NA,NA,NA,NA,NA,NA,NA,NA,NA,NA,NA,NA
"56","Travis Etienne","JAC","RB","2566157","robust",NA,NA,NA,NA,NA,NA,NA,NA,NA,NA,13.8190771833661,0.741300000000001,69.3475,5.9304,0.4925,0.163086,0.26,0.029652,0.04,0,0,NA,2.1675,0.14826,19.07,3.7065,0.04,0.044478,NA,NA,NA,NA,NA,NA,NA,NA,NA,NA,NA,NA,NA,NA,NA,NA,NA,NA,NA,NA,NA,NA,NA,NA,NA,NA
"57","Tyler Allgeier","ATL","RB","2567232","robust",NA,NA,NA,NA,NA,NA,NA,NA,NA,NA,15.3527325506916,2.2239,70.3425,3.7065,0.4975,0.081543,0,0,0,NA,0,NA,1.595,0.207564,11.645,1.060059,0.065,0.029652,NA,NA,NA,NA,NA,NA,NA,NA,NA,NA,NA,NA,NA,NA,NA,NA,NA,NA,NA,NA,NA,NA,NA,NA,NA,NA
"58","Alvin Kamara","NO","RB","2558019","robust",NA,NA,NA,NA,NA,NA,NA,NA,NA,NA,15.3572955697998,1.46096717642976,65.1575,6.130551,0.475,0.103782,0.125,0.0555975,0,NA,0,NA,3.0025,0.845082,25.3475,4.388496,0.105,0.029652,NA,NA,NA,NA,NA,NA,NA,NA,NA,NA,NA,NA,NA,NA,NA,NA,NA,NA,NA,NA,NA,NA,NA,NA,NA,NA
"59","Jonathan Williams","WAS","RB","2555227","robust",NA,NA,NA,NA,NA,NA,NA,NA,NA,NA,15.5046759858519,1.85325,65.9075,4.647951,0.21,0.229803,0.155,0.1149015,0.01,0,0,NA,2.205,0.266868,16.83,2.127531,0.0625,0.029652,NA,NA,NA,NA,NA,NA,NA,NA,NA,NA,NA,NA,NA,NA,NA,NA,NA,NA,NA,NA,NA,NA,NA,NA,NA,NA
"60","DOnta Foreman","CAR","RB","2557994","robust",NA,NA,NA,NA,NA,NA,NA,NA,NA,NA,14.8189032943859,1.452948,61.29,2.74281,0.415,0.022239,0.02,0.014826,0.04,0,0,NA,0.5825,0.496671,4.6925,3.617544,0.015,0.022239,NA,NA,NA,NA,NA,NA,NA,NA,NA,NA,NA,NA,NA,NA,NA,NA,NA,NA,NA,NA,NA,NA,"Q","Knee",18,2022
"61","J.K. Dobbins","BAL","RB","2563548","robust",NA,NA,NA,NA,NA,NA,NA,NA,NA,NA,14.405,0.563388000000001,67.5875,2.9652,0.595,0.177912,0,0,0,NA,0,NA,0.815,0.385476,4.5125,4.52193,0.04,0.044478,NA,NA,NA,NA,NA,NA,NA,NA,NA,NA,NA,NA,NA,NA,NA,NA,NA,NA,NA,NA,NA,NA,NA,NA,NA,NA
"62","Latavius Murray","DEN","RB","2541161","robust",NA,NA,NA,NA,NA,NA,NA,NA,NA,NA,13.75,0.7413,59.3325,5.9304,0.4425,0.044478,0,0,0.03,0,0,NA,2.06,0.22239,12.6,1.33434,0.04,0.044478,NA,NA,NA,NA,NA,NA,NA,NA,NA,NA,NA,NA,NA,NA,NA,NA,NA,NA,NA,NA,NA,NA,NA,NA,NA,NA
"63","Jamaal Williams","DET","RB","2558204","robust",NA,NA,NA,NA,NA,NA,NA,NA,NA,NA,14.405769267859,2.557485,58.555,8.769579,0.685,0.37065,0.075,0.0185325,0.03,0,0,NA,0.5175,0.29652,3.2775,2.053401,0.035,0.029652,NA,NA,NA,NA,NA,NA,NA,NA,NA,NA,NA,NA,NA,NA,NA,NA,NA,NA,NA,NA,NA,NA,NA,NA,NA,NA
"64","Gus Edwards","BAL","RB","2561324","robust",NA,NA,NA,NA,NA,NA,NA,NA,NA,NA,11.25,3.03777600785414,49.32,16.130688,0.27,0.29652,0.08,0.059304,0,NA,0,NA,0.4275,0.0667170000000001,2.955,0.637518,0.0075,0.007413,NA,NA,NA,NA,NA,NA,NA,NA,NA,NA,NA,NA,NA,NA,NA,NA,NA,NA,NA,NA,NA,NA,NA,NA,NA,NA
"65","Joe Mixon","CIN","RB","2557976","robust",NA,NA,NA,NA,NA,NA,NA,NA,NA,NA,15.0275,0.577977880149032,61.6225,3.046743,0.485,0.081543,0.015,0.0111195,0,NA,0,NA,3.7375,0.281694,27.925,2.676093,0.1125,0.051891,NA,NA,NA,NA,NA,NA,NA,NA,NA,NA,NA,NA,NA,NA,NA,NA,NA,NA,NA,NA,NA,NA,NA,NA,NA,NA
"66","Isiah Pacheco","KC","RB","2567808","robust",NA,NA,NA,NA,NA,NA,NA,NA,NA,NA,13.9125,0.289259839718665,62,2.231313,0.4875,0.081543,0.13,0.022239,0.01,0,0,NA,1.805,0.14826,16.255,1.4826,0.0375,0.037065,NA,NA,NA,NA,NA,NA,NA,NA,NA,NA,NA,NA,NA,NA,NA,NA,NA,NA,NA,NA,NA,NA,NA,NA,NA,NA
"67","Tony Pollard","DAL","RB","2562699","robust",NA,NA,NA,NA,NA,NA,NA,NA,NA,NA,11.8330041182171,2.335095,56.46,9.93342,0.5325,0.229803,0,0,0,NA,0,NA,2.225,0.29652,18.9925,4.403322,0.1025,0.044478,NA,NA,NA,NA,NA,NA,NA,NA,NA,NA,NA,NA,NA,NA,NA,NA,NA,NA,NA,NA,NA,NA,NA,NA,NA,NA
"68","Jeffery Wilson","MIA","RB","2560938","robust",NA,NA,NA,NA,NA,NA,NA,NA,NA,NA,11.5327692307692,3.65791633846154,53.545,16.983183,0.41,0.133434,0.04,0.059304,NA,NA,NA,NA,1.77,0.340998,14.905,1.623447,0.075,0.037065,NA,NA,NA,NA,NA,NA,NA,NA,NA,NA,NA,NA,NA,NA,NA,NA,NA,NA,NA,NA,NA,NA,NA,NA,NA,NA
"69","Aaron Jones","GB","RB","2558116","robust",NA,NA,NA,NA,NA,NA,NA,NA,NA,NA,12.6332333249278,0.496671,62.5825,2.765049,0.425,0.022239,0.065,0.0259455,0,NA,0,NA,3.01,0.0741300000000001,24.065,1.793946,0.17,0.044478,NA,NA,NA,NA,NA,NA,NA,NA,NA,NA,NA,NA,NA,NA,NA,NA,NA,NA,NA,NA,NA,NA,NA,NA,NA,NA
"70","Matt Breida","NYG","RB","2558918","robust",NA,NA,NA,NA,NA,NA,NA,NA,NA,NA,8.68596521293971,3.88154995059116,37.25,15.923124,0.1325,0.081543,0.025,0.0185325,0,NA,0,NA,1.5475,0.800604,12.75,5.04084,0.0225,0.022239,NA,NA,NA,NA,NA,NA,NA,NA,NA,NA,NA,NA,NA,NA,NA,NA,NA,NA,NA,NA,NA,NA,NA,NA,NA,NA
"71","Rhamondre Stevenson","NE","RB","2566343","robust",NA,NA,NA,NA,NA,NA,NA,NA,NA,NA,13.6901637961648,1.119363,60.8275,3.713913,0.485,0.103782,0.07,0.022239,0.01,0,0,NA,3.25,0.111195,22.3375,3.046743,0.1,0.014826,NA,NA,NA,NA,NA,NA,NA,NA,NA,NA,NA,NA,NA,NA,NA,NA,NA,NA,NA,NA,NA,NA,NA,NA,NA,NA
"72","Austin Ekeler","LAC","RB","2559169","robust",NA,NA,NA,NA,NA,NA,NA,NA,NA,NA,13.6501283027503,0.326172,61.7575,1.808772,0.71,0.348411,0.2,0,0.03,0,0,NA,5.0225,0.44478,37.8325,2.9652,0.1525,0.118608,NA,NA,NA,NA,NA,NA,NA,NA,NA,NA,NA,NA,NA,NA,NA,NA,NA,NA,NA,NA,NA,NA,NA,NA,NA,NA
"73","Corey Clement","ARI","RB","2559150","robust",NA,NA,NA,NA,NA,NA,NA,NA,NA,NA,11.31,5.233578,44.71,13.462008,0.055,0,0,0,0,NA,0,NA,1.125,0.66717,10.1,4.74432,0.005,0,NA,NA,NA,NA,NA,NA,NA,NA,NA,NA,NA,NA,NA,NA,NA,NA,NA,NA,NA,NA,NA,NA,NA,NA,NA,NA
"74","Leonard Fournette","TB","RB","2557973","robust",NA,NA,NA,NA,NA,NA,NA,NA,NA,NA,12.2741580022818,1.045233,50.1825,4.388496,0.3,0.014826,0,0,0,NA,0,NA,3.9925,0.00741299999999984,30,0.896973000000001,0.0925,0.066717,NA,NA,NA,NA,NA,NA,NA,NA,NA,NA,NA,NA,NA,NA,NA,NA,NA,NA,NA,NA,NA,NA,NA,NA,NA,NA
"75","Ezekiel Elliott","DAL","RB","2555224","robust",NA,NA,NA,NA,NA,NA,NA,NA,NA,NA,14.205,0.785778000000002,57.9075,2.068227,0.6625,0.281694,0.015,0.0111195,0.09,0,0,NA,1.57,0.600453,10.3825,3.372915,0.03,0.037065,NA,NA,NA,NA,NA,NA,NA,NA,NA,NA,NA,NA,NA,NA,NA,NA,NA,NA,NA,NA,NA,NA,NA,NA,NA,NA
"76","Cordarrelle Patterson","ATL","RB","2540145","robust",NA,NA,NA,NA,NA,NA,NA,NA,NA,NA,10.0001868725869,2.2239,46.39,9.6369,0.325,0.133434,0.065,0.0259455,0,NA,0,NA,1.9775,0.0222390000000002,14.3225,1.690164,0.075,0.022239,NA,NA,NA,NA,NA,NA,NA,NA,NA,NA,NA,NA,NA,NA,NA,NA,NA,NA,NA,NA,NA,NA,NA,NA,NA,NA
"77","Devin Singletary","BUF","RB","2562734","robust",NA,NA,NA,NA,NA,NA,NA,NA,NA,NA,13,0.0493468998509068,53.555,4.29954,0.2875,0.177912,0.085,0.0111195,0,NA,0,NA,2.1125,0.155673,17.73,2.513007,0.0475,0.059304,NA,NA,NA,NA,NA,NA,NA,NA,NA,NA,NA,NA,NA,NA,NA,NA,NA,NA,NA,NA,NA,NA,NA,NA,NA,NA
"78","Raheem Mostert","MIA","RB","2553728","robust",NA,NA,NA,NA,NA,NA,NA,NA,NA,NA,11.7119227549628,1.44496445100522,54.325,2.89107,0.3425,0.111195,0.08,0.014826,0,NA,0.01,0,2.185,0.14826,16.495,2.794701,0.0975,0.081543,NA,NA,NA,NA,NA,NA,NA,NA,NA,NA,NA,NA,NA,NA,NA,NA,NA,NA,NA,NA,NA,NA,NA,NA,NA,NA
"79","Royce Freeman","HOU","RB","2560733","robust",NA,NA,NA,NA,NA,NA,NA,NA,NA,NA,11.6813752496129,2.090466,44.945,9.777747,0.185,0.096369,0.1,0,0,NA,0,NA,1.2775,0.340998,9.9675,3.246894,0.02,0.022239,NA,NA,NA,NA,NA,NA,NA,NA,NA,NA,NA,NA,NA,NA,NA,NA,NA,NA,NA,NA,NA,NA,NA,NA,NA,NA
"80","Gary Brightwell","NYG","RB","2566364","robust",NA,NA,NA,NA,NA,NA,NA,NA,NA,NA,7.02316086621115,6.960807,28.7075,29.926281,0.045,0.044478,0.005,0.0037065,0,NA,0,NA,0.9875,0.637518,6.9125,4.470039,0.0125,0.014826,NA,NA,NA,NA,NA,NA,NA,NA,NA,NA,NA,NA,NA,NA,NA,NA,NA,NA,NA,NA,NA,NA,NA,NA,NA,NA
"81","D'Andre Swift","DET","RB","2563965","robust",NA,NA,NA,NA,NA,NA,NA,NA,NA,NA,8.46835373948735,1.74693649167211,46.4975,9.599835,0.265,0.126021,0.03,0.022239,0.04,0,0,NA,3.565,0.274281,29.1325,3.024504,0.1625,0.029652,NA,NA,NA,NA,NA,NA,NA,NA,NA,NA,NA,NA,NA,NA,NA,NA,NA,NA,NA,NA,NA,NA,NA,NA,NA,NA
"82","Zonovan Knight","NYJ","RB","2568036","robust",NA,NA,NA,NA,NA,NA,NA,NA,NA,NA,12.053927826837,0.474432,49.79,4.781385,0.305,0.022239,0.01,0.007413,0.01,0,0,NA,2.015,0.44478,16.0575,4.143867,0.0275,0.029652,NA,NA,NA,NA,NA,NA,NA,NA,NA,NA,NA,NA,NA,NA,NA,NA,NA,NA,NA,NA,NA,NA,NA,NA,NA,NA
"83","Keaontay Ingram","ARI","RB","2568108","robust",NA,NA,NA,NA,NA,NA,NA,NA,NA,NA,9.24519764973045,4.24082207098074,37.2525,16.568055,0.26,0.237216,0.07,0.022239,0.01,0,0,NA,1.42,1.756881,10.76,13.143249,0.045,0.051891,NA,NA,NA,NA,NA,NA,NA,NA,NA,NA,NA,NA,NA,NA,NA,NA,NA,NA,NA,NA,NA,NA,NA,NA,NA,NA
"84","Elijah Mitchell","SF","RB","2566538","robust",NA,NA,NA,NA,NA,NA,NA,NA,NA,NA,6.76090419180493,0.867321,32.3875,5.166861,0.12,0.081543,0,0,0,NA,0,NA,0.695,0.326172,4.9825,0.919212,0.015,0.014826,NA,NA,NA,NA,NA,NA,NA,NA,NA,NA,NA,NA,NA,NA,NA,NA,NA,NA,NA,NA,NA,NA,NA,NA,NA,NA
"85","Rachaad White","TB","RB","2568315","robust",NA,NA,NA,NA,NA,NA,NA,NA,NA,NA,10,0.329637379578549,41,0.704235000000002,0.21,0.037065,0.085,0.0111195,0.01,0,0,NA,2.895,0.326172,19.5925,3.26172,0.1025,0.088956,NA,NA,NA,NA,NA,NA,NA,NA,NA,NA,NA,NA,NA,NA,NA,NA,NA,NA,NA,NA,NA,NA,NA,NA,NA,NA
"86","Chuba Hubbard","CAR","RB","2565899","robust",NA,NA,NA,NA,NA,NA,NA,NA,NA,NA,10.2988066831945,2.96132542299166,41.1825,10.726611,0.2325,0.051891,0.015,0.0111195,0,NA,0,NA,1.9125,0.340998,16.8575,5.537511,0.0425,0.044478,NA,NA,NA,NA,NA,NA,NA,NA,NA,NA,NA,NA,NA,NA,NA,NA,NA,NA,NA,NA,NA,NA,NA,NA,NA,NA
"87","Jordan Mason","SF","RB","2569257","robust",NA,NA,NA,NA,NA,NA,NA,NA,NA,NA,3.543,2.3884686,18.95,12.45384,0.1,0.103782,0.005,0.007413,0,NA,0,NA,0.3,0.29652,2.125,1.11195,0.0025,0,NA,NA,NA,NA,NA,NA,NA,NA,NA,NA,NA,NA,NA,NA,NA,NA,NA,NA,NA,NA,NA,NA,NA,NA,NA,NA
"88","AJ Dillon","GB","RB","2563986","robust",NA,NA,NA,NA,NA,NA,NA,NA,NA,NA,11.015,0.216762371948095,48.2375,1.4826,0.38,0.170499,0.015,0.0111195,0,NA,0,NA,1.91,0.237216,16.375,1.497426,0.085,0.029652,NA,NA,NA,NA,NA,NA,NA,NA,NA,NA,NA,NA,NA,NA,NA,NA,NA,NA,NA,NA,NA,NA,NA,NA,NA,NA
"89","Damien Harris","NE","RB","2562281","robust",NA,NA,NA,NA,NA,NA,NA,NA,NA,NA,9.322186675539,1.008168,42.325,5.433729,0.2825,0.103782,0.02,0.014826,0,NA,0,NA,1.68,0.237216,11.19,0.756126000000001,0.025,0.029652,NA,NA,NA,NA,NA,NA,NA,NA,NA,NA,NA,NA,NA,NA,NA,NA,NA,NA,NA,NA,NA,NA,NA,NA,NA,NA
"90","Chase Edmonds","DEN","RB","2560711","robust",NA,NA,NA,NA,NA,NA,NA,NA,NA,NA,8.25,1.519665,31.335,11.838561,0.145,0.118608,0,0,0,NA,0,NA,2.035,0.830256,15.35,4.59606,0.04,0.044478,NA,NA,NA,NA,NA,NA,NA,NA,NA,NA,NA,NA,NA,NA,NA,NA,NA,NA,NA,NA,NA,NA,NA,NA,NA,NA
"91","Khalil Herbert","CHI","RB","2565926","robust",NA,NA,NA,NA,NA,NA,NA,NA,NA,NA,8.10654947824819,1.03782,37.9925,6.6717,0.2075,0.059304,0,0,0,NA,0,NA,0.8175,0.111195,6,0.340998,0.025,0.022239,NA,NA,NA,NA,NA,NA,NA,NA,NA,NA,NA,NA,NA,NA,NA,NA,NA,NA,NA,NA,NA,NA,NA,NA,NA,NA
"92","Joshua Kelley","LAC","RB","2565054","robust",NA,NA,NA,NA,NA,NA,NA,NA,NA,NA,7.66,1.30373958563475,32.6175,5.255817,0.17,0.133434,0.045,0.0333585,0,NA,0,NA,1.0725,0.0593040000000001,8.0325,0.948864,0.02,0.029652,NA,NA,NA,NA,NA,NA,NA,NA,NA,NA,NA,NA,NA,NA,NA,NA,NA,NA,NA,NA,NA,NA,NA,NA,NA,NA
"93","Hassan Haskins","TEN","RB","2567649","robust",NA,NA,NA,NA,NA,NA,NA,NA,NA,NA,3.34,2.886128,10.7775,8.903013,0.0675,0.059304,0.005,0.0037065,0,NA,0,NA,0.935,0.59304,6.6675,3.965955,0.01,0.007413,NA,NA,NA,NA,NA,NA,NA,NA,NA,NA,NA,NA,NA,NA,NA,NA,NA,NA,NA,NA,NA,NA,NA,NA,NA,NA
"94","Ty Johnson","NYJ","RB","2562293","robust",NA,NA,NA,NA,NA,NA,NA,NA,NA,NA,5.36477135620539,4.11489297457978,24.575,18.628869,0.0875,0.07413,0.005,0.0037065,0,NA,0,NA,1.28,0.459606,9.225,2.2239,0.02,0.022239,NA,NA,NA,NA,NA,NA,NA,NA,NA,NA,NA,NA,NA,NA,NA,NA,NA,NA,NA,NA,NA,NA,NA,NA,NA,NA
"95","James Cook","BUF","RB","2567328","robust",NA,NA,NA,NA,NA,NA,NA,NA,NA,NA,7.93061875050644,0.830256,38.1325,4.06973700000001,0.195,0.088956,0.035,0.0259455,0,NA,0,NA,1.59,0.37065,12.5,3.269133,0.0525,0.059304,NA,NA,NA,NA,NA,NA,NA,NA,NA,NA,NA,NA,NA,NA,NA,NA,NA,NA,NA,NA,NA,NA,NA,NA,NA,NA
"96","Dare Ogunbowale","HOU","RB","2559362","robust",NA,NA,NA,NA,NA,NA,NA,NA,NA,NA,7.07712407718121,2.720571,28.6575,12.394536,0.15,0.118608,0.005,0.0037065,0.01,0,0,NA,1.2525,0.59304,7.98,3.024504,0.015,0.014826,NA,NA,NA,NA,NA,NA,NA,NA,NA,NA,NA,NA,NA,NA,NA,NA,NA,NA,NA,NA,NA,NA,NA,NA,NA,NA
"97","Darrel Williams","ARI","RB","2560935","robust",NA,NA,NA,NA,NA,NA,NA,NA,NA,NA,4.09,5.648706,18.065,25.107831,0.205,0.289107,0.1,0,NA,NA,NA,NA,1.21,1.467774,8.915,10.504221,0.055,0.066717,NA,NA,NA,NA,NA,NA,NA,NA,NA,NA,NA,NA,NA,NA,NA,NA,NA,NA,NA,NA,NA,NA,"IR","Hip",18,2022
"98","Jaylen Warren","PIT","RB","2568493","robust",NA,NA,NA,NA,NA,NA,NA,NA,NA,NA,6.45243613088719,1.21579512823111,29.6225,3.239481,0.1325,0.088956,0.01,0.007413,0,NA,0,NA,1.5525,0.177912,12.535,2.2239,0.0275,0.037065,NA,NA,NA,NA,NA,NA,NA,NA,NA,NA,NA,NA,NA,NA,NA,NA,NA,NA,NA,NA,NA,NA,NA,NA,NA,NA
"99","Samaje Perine","CIN","RB","2558138","robust",NA,NA,NA,NA,NA,NA,NA,NA,NA,NA,6.97483810690679,0.852014954600002,28.42,3.513762,0.1625,0.029652,0,0,0,NA,0,NA,1.9775,0.170499,15.3975,1.4826,0.0725,0.059304,NA,NA,NA,NA,NA,NA,NA,NA,NA,NA,NA,NA,NA,NA,NA,NA,NA,NA,NA,NA,NA,NA,NA,NA,NA,NA
"100","Jerick McKinnon","KC","RB","2543715","robust",NA,NA,NA,NA,NA,NA,NA,NA,NA,NA,6.58806063557753,0.7413,27.655,5.11497,0.17,0.051891,0.1,0,0,NA,0,NA,4.495,0.437367,40.61,4.870341,0.5275,0.289107,NA,NA,NA,NA,NA,NA,NA,NA,NA,NA,NA,NA,NA,NA,NA,NA,NA,NA,NA,NA,NA,NA,NA,NA,NA,NA
"101","Michael Carter","NYJ","RB","2566382","robust",NA,NA,NA,NA,NA,NA,NA,NA,NA,NA,5.05902974049332,2.0969199955036,20.3,7.909671,0.0925,0.081543,0.06,0.029652,0,NA,0,NA,1.68,0.81543,14.6375,6.6717,0.03,0.029652,NA,NA,NA,NA,NA,NA,NA,NA,NA,NA,NA,NA,NA,NA,NA,NA,NA,NA,NA,NA,NA,NA,NA,NA,NA,NA
"102","Alexander Mattison","MIN","RB","2562682","robust",NA,NA,NA,NA,NA,NA,NA,NA,NA,NA,5.2004989185292,1.33434,20.5,3.009678,0.165,0.029652,0.01,0.007413,0,NA,0,NA,0.62,0.481845,4.3725,3.024504,0.0125,0.014826,NA,NA,NA,NA,NA,NA,NA,NA,NA,NA,NA,NA,NA,NA,NA,NA,NA,NA,NA,NA,NA,NA,NA,NA,NA,NA
"103","Jaret Patterson","WAS","RB","2567160","robust",NA,NA,NA,NA,NA,NA,NA,NA,NA,NA,5.57430171440536,1.52914855644523,23.29,5.1891,0.1075,0.029652,0.005,0.0037065,0,NA,0,NA,0.9775,0.155673,7.19,0.859908,0.0175,0.022239,NA,NA,NA,NA,NA,NA,NA,NA,NA,NA,NA,NA,NA,NA,NA,NA,NA,NA,NA,NA,NA,NA,NA,NA,NA,NA
"104","Kareem Hunt","CLE","RB","2557917","robust",NA,NA,NA,NA,NA,NA,NA,NA,NA,NA,5.14065550543101,0.919212,21.7625,4.292127,0.115,0.066717,0,0,0.03,0,0,NA,1.665,0.281694,11.3225,1.4826,0.025,0.037065,NA,NA,NA,NA,NA,NA,NA,NA,NA,NA,NA,NA,NA,NA,NA,NA,NA,NA,NA,NA,NA,NA,NA,NA,NA,NA
"105","Deon Jackson","IND","RB","2565603","robust",NA,NA,NA,NA,NA,NA,NA,NA,NA,NA,5.38233136783017,0.807516971890023,21.25,4.558995,0.075,0.103782,0.055,0.0333585,0,NA,0,NA,1.6775,0.29652,11.0775,1.912554,0.045,0.051891,NA,NA,NA,NA,NA,NA,NA,NA,NA,NA,NA,NA,NA,NA,NA,NA,NA,NA,NA,NA,NA,NA,NA,NA,NA,NA
"106","Zamir White","LVR","RB","2567883","robust",NA,NA,NA,NA,NA,NA,NA,NA,NA,NA,3.36652521613833,2.105292,14.2825,8.413755,0.0375,0.044478,0.005,0.0037065,0,NA,0,NA,0.195,0.14826,0.895,0.7413,0.0125,0.014826,NA,NA,NA,NA,NA,NA,NA,NA,NA,NA,NA,NA,NA,NA,NA,NA,NA,NA,NA,NA,NA,NA,NA,NA,NA,NA
"107","DeeJay Dallas","SEA","RB","2565144","robust",NA,NA,NA,NA,NA,NA,NA,NA,NA,NA,4.45,0.51891,18.55,2.950374,0.11,0.037065,0.055,0.0333585,0,NA,0.01,0,1.955,0.22239,14.9525,1.623447,0.075,0.022239,NA,NA,NA,NA,NA,NA,NA,NA,NA,NA,NA,NA,NA,NA,NA,NA,NA,NA,NA,NA,NA,NA,NA,NA,NA,NA
"108","JaMycal Hasty","JAC","RB","2565108","robust",NA,NA,NA,NA,NA,NA,NA,NA,NA,NA,4.08335382715357,0.763539,17.125,3.395154,0.1075,0.059304,0.005,0.0037065,0,NA,0,NA,1.34,0.422541,10.6925,2.905896,0.05,0.037065,NA,NA,NA,NA,NA,NA,NA,NA,NA,NA,NA,NA,NA,NA,NA,NA,NA,NA,NA,NA,NA,NA,NA,NA,NA,NA
"109","Kyren Williams","LAR","RB","2567862","robust",NA,NA,NA,NA,NA,NA,NA,NA,NA,NA,3.80226110530593,0.851786629453152,15.0525,3.825108,0.0375,0.051891,0.005,0.0037065,0,NA,0,NA,1,0.014826,7.555,0.526323000000001,0.02,0.022239,NA,NA,NA,NA,NA,NA,NA,NA,NA,NA,NA,NA,NA,NA,NA,NA,NA,NA,NA,NA,NA,NA,NA,NA,NA,NA
"110","Boston Scott","PHI","RB","2561146","robust",NA,NA,NA,NA,NA,NA,NA,NA,NA,NA,2.8875,0.510257127854158,11.045,1.252797,0.1175,0.088956,0.01,0.007413,0,NA,0,NA,0.2525,0.37065,0.99,1.452948,0,0,NA,NA,NA,NA,NA,NA,NA,NA,NA,NA,NA,NA,NA,NA,NA,NA,NA,NA,NA,NA,NA,NA,NA,NA,NA,NA
"111","Craig Reynolds","DET","RB","2562834","robust",NA,NA,NA,NA,NA,NA,NA,NA,NA,NA,3.515,1.03782,14.7125,2.9652,0.0075,0,0,0,0,NA,0,NA,0.45,0.37065,4.68,2.757636,0.0025,0,NA,NA,NA,NA,NA,NA,NA,NA,NA,NA,NA,NA,NA,NA,NA,NA,NA,NA,NA,NA,NA,NA,NA,NA,NA,NA
"112","Kenneth Gainwell","PHI","RB","2566397","robust",NA,NA,NA,NA,NA,NA,NA,NA,NA,NA,3.6366653138321,0.617754011425071,16.1475,2.587137,0.1475,0.111195,0.01,0.007413,0.04,0,0,NA,1.6875,0.37065,12.765,2.89107,0.0575,0.037065,NA,NA,NA,NA,NA,NA,NA,NA,NA,NA,NA,NA,NA,NA,NA,NA,NA,NA,NA,NA,NA,NA,NA,NA,NA,NA
"113","Justin Jackson","DET","RB","2560756","robust",NA,NA,NA,NA,NA,NA,NA,NA,NA,NA,2.88303456979807,1.512252,12.6675,5.33736,0.0725,0.029652,0.005,0.007413,0,NA,0.01,0,1.04,0.103782,8.6075,0.0889560000000007,0.0272019867549669,0.0361813311258278,NA,NA,NA,NA,NA,NA,NA,NA,NA,NA,NA,NA,NA,NA,NA,NA,NA,NA,NA,NA,NA,NA,NA,NA,NA,NA
"114","David Johnson","NO","RB","2553435","robust",NA,NA,NA,NA,NA,NA,NA,NA,NA,NA,4.07869047619048,0.29652,11.8625,4.4478,0.0075,0.007413,0.065,0.0259455,0,NA,0,NA,0.925,0.103782,6.25,1.045233,0.0075,0.007413,NA,NA,NA,NA,NA,NA,NA,NA,NA,NA,NA,NA,NA,NA,NA,NA,NA,NA,NA,NA,NA,NA,NA,NA,NA,NA
"115","Snoop Conner","JAC","RB","2567730","robust",NA,NA,NA,NA,NA,NA,NA,NA,NA,NA,3.34511998410807,1.03746422312276,12.775,5.426316,0.1,0.029652,0.005,0.007413,0,NA,0,NA,0.1375,0.14826,0.4575,0,0.005,0,NA,NA,NA,NA,NA,NA,NA,NA,NA,NA,NA,NA,NA,NA,NA,NA,NA,NA,NA,NA,NA,NA,NA,NA,NA,NA
"116","Kenyan Drake","BAL","RB","2555230","robust",NA,NA,NA,NA,NA,NA,NA,NA,NA,NA,2.395,2.231313,9.93,8.999382,0.06,0.059304,0,0,NA,NA,NA,NA,0.6,0.29652,3.235,1.134189,0.005,0.007413,NA,NA,NA,NA,NA,NA,NA,NA,NA,NA,NA,NA,NA,NA,NA,NA,NA,NA,NA,NA,NA,NA,NA,NA,NA,NA
"117","Malcolm Brown","LAR","RB","2552382","robust",NA,NA,NA,NA,NA,NA,NA,NA,NA,NA,1.4575,0.318567284482759,5.8775,1.074885,0.03,0.022239,0,0,0,NA,0,NA,0.4325,0.192738,3.02,0.81543,0.0075,0.007413,NA,NA,NA,NA,NA,NA,NA,NA,NA,NA,NA,NA,NA,NA,NA,NA,NA,NA,NA,NA,NA,NA,NA,NA,NA,NA
"118","Salvon Ahmed","MIA","RB","2565090","robust",NA,NA,NA,NA,NA,NA,NA,NA,NA,NA,2.34689711359404,1.5235026424581,8.8,6.849612,0.07,0.029652,0,0,0,NA,0,NA,0.29,0,1.7975,0.830256,0.0075,0,NA,NA,NA,NA,NA,NA,NA,NA,NA,NA,NA,NA,NA,NA,NA,NA,NA,NA,NA,NA,NA,NA,NA,NA,NA,NA
"119","Ronald Jones","KC","RB","2560770","robust",NA,NA,NA,NA,NA,NA,NA,NA,NA,NA,2.25164772727273,0.973461681818182,8.65,5.1891,0.0775,0,0.01,0.014826,0,NA,0,NA,0.3625,0.029652,2.475,0.948864,0.01,0.014826,NA,NA,NA,NA,NA,NA,NA,NA,NA,NA,NA,NA,NA,NA,NA,NA,NA,NA,NA,NA,NA,NA,NA,NA,NA,NA
"120","Brandon Bolden","LVR","RB","2532797","robust",NA,NA,NA,NA,NA,NA,NA,NA,NA,NA,1.87097972972973,0.0683198108108107,7.875,0.133434,0.045,0.044478,0.01,0.014826,0.05,0,0,NA,0.5625,0.29652,5.095,0.563388,0.015,0.014826,NA,NA,NA,NA,NA,NA,NA,NA,NA,NA,NA,NA,NA,NA,NA,NA,NA,NA,NA,NA,NA,NA,NA,NA,NA,NA
"121","Benny Snell","PIT","RB","2562743","robust",NA,NA,NA,NA,NA,NA,NA,NA,NA,NA,1.98555952380952,1.5303962,8.11,6.197268,0.0675,0.029652,0.01,0.014826,0,NA,0,NA,0.285,0.029652,1.745,0.266868,0.0075,0,NA,NA,NA,NA,NA,NA,NA,NA,NA,NA,NA,NA,NA,NA,NA,NA,NA,NA,NA,NA,NA,NA,NA,NA,NA,NA
"122","James Robinson","NYJ","RB","2564223","robust",NA,NA,NA,NA,NA,NA,NA,NA,NA,NA,1.99,2.535246,7.105,8.739927,0.055,0.066717,0,0,NA,NA,NA,NA,0.415,0.274281,1.755,0.363237,0.055,0.066717,NA,NA,NA,NA,NA,NA,NA,NA,NA,NA,NA,NA,NA,NA,NA,NA,NA,NA,NA,NA,NA,NA,NA,NA,NA,NA
"123","Tyrion Davis-Price","SF","RB","2568207","robust",NA,NA,NA,NA,NA,NA,NA,NA,NA,NA,2.71649038461538,1.14602128846154,10.73,3.26172,0.0475,0.059304,0.005,0.007413,0,NA,0,NA,0.3,0.029652,2.07,0.993342,0.0075,0,NA,NA,NA,NA,NA,NA,NA,NA,NA,NA,NA,NA,NA,NA,NA,NA,NA,NA,NA,NA,NA,NA,NA,NA,NA,NA
"124","D'Ernest Johnson","CLE","RB","2563327","robust",NA,NA,NA,NA,NA,NA,NA,NA,NA,NA,1.22065760869565,1.00270494130435,5.58,4.581234,0.0425,0.029652,0,0,0,NA,0,NA,0.3825,0.22239,2.31,0.59304,0.01,0.014826,NA,NA,NA,NA,NA,NA,NA,NA,NA,NA,NA,NA,NA,NA,NA,NA,NA,NA,NA,NA,NA,NA,NA,NA,NA,NA
"125","Ty'Son Williams","FA","RB","2565542","robust",NA,NA,NA,NA,NA,NA,NA,NA,NA,NA,2.23933161953728,0.846072940874036,9.3,3.513762,0.04,0,0.01,0,NA,NA,NA,NA,0.365,0.214977,2.615,1.430709,0.015,0.007413,NA,NA,NA,NA,NA,NA,NA,NA,NA,NA,NA,NA,NA,NA,NA,NA,NA,NA,NA,NA,NA,NA,NA,NA,NA,NA
"126","Tyler Badie","DEN","RB","2567265","robust",NA,NA,NA,NA,NA,NA,NA,NA,NA,NA,2.1651224271012,0.31098297915952,8.785,2.846592,0.05,0.029652,0.005,0.007413,0,NA,0,NA,0.2975,0.29652,2.2075,1.4826,0.01,0,NA,NA,NA,NA,NA,NA,NA,NA,NA,NA,NA,NA,NA,NA,NA,NA,NA,NA,NA,NA,NA,NA,NA,NA,NA,NA
"127","Justin Jefferson","MIN","WR","2564556","robust",NA,NA,NA,NA,NA,NA,NA,NA,NA,NA,0,0,1.185,0.649873,0.0025,0.002471,0,0,0,NA,0,NA,6.875,0.467019,97.155,6.071247,0.63,0.096369,NA,NA,NA,NA,NA,NA,NA,NA,NA,NA,NA,NA,NA,NA,NA,NA,NA,NA,NA,NA,NA,NA,NA,NA,NA,NA
"128","Ja'Marr Chase","CIN","WR","2565941","robust",NA,NA,NA,NA,NA,NA,NA,NA,NA,NA,0.309310344827586,NA,2.08,0.486787,0.00993411163175671,0.007413,0.1,0,0,NA,0,NA,6.5175,0.37065,84.2925,6.81996,0.675,0.140847,NA,NA,NA,NA,NA,NA,NA,NA,NA,NA,NA,NA,NA,NA,NA,NA,NA,NA,NA,NA,NA,NA,NA,NA,NA,NA
"129","Davante Adams","LVR","WR","2543495","robust",NA,NA,NA,NA,NA,NA,NA,NA,NA,NA,0,0,0.145,0.143318,0,0,0,0,0,NA,0,NA,6.0225,0.81543,82.9475,8.873361,0.735,0.200151,NA,NA,NA,NA,NA,NA,NA,NA,NA,NA,NA,NA,NA,NA,NA,NA,NA,NA,NA,NA,NA,NA,NA,NA,NA,NA
"130","Tyreek Hill","MIA","WR","2556214","robust",NA,NA,NA,NA,NA,NA,NA,NA,NA,NA,0.349272997032641,NA,2.4075,0.37065,0.0472480705200541,0.0318739929020214,0,0,0,NA,0,NA,6.38,0.7413,83.5,7.620564,0.56,0.133434,NA,NA,NA,NA,NA,NA,NA,NA,NA,NA,NA,NA,NA,NA,NA,NA,NA,NA,NA,NA,NA,NA,NA,NA,NA,NA
"131","DK Metcalf","SEA","WR","2562685","robust",NA,NA,NA,NA,NA,NA,NA,NA,NA,NA,0,0,0.0325,0.032123,0,0,0.1,0,0,NA,0,NA,5.835,0.541149,69.145,2.564898,0.48,0.096369,NA,NA,NA,NA,NA,NA,NA,NA,NA,NA,NA,NA,NA,NA,NA,NA,NA,NA,NA,NA,NA,NA,NA,NA,NA,NA
"132","A.J. Brown","PHI","WR","2562238","robust",NA,NA,NA,NA,NA,NA,NA,NA,NA,NA,0,0,0.0575,0.056833,0,0,0.1,0,0,NA,0,NA,5.36,0.533736,81.595,8.13947400000001,0.5975,0.014826,NA,NA,NA,NA,NA,NA,NA,NA,NA,NA,NA,NA,NA,NA,NA,NA,NA,NA,NA,NA,NA,NA,NA,NA,NA,NA
"133","CeeDee Lamb","DAL","WR","2563848","robust",NA,NA,NA,NA,NA,NA,NA,NA,NA,NA,0.392562814070352,NA,3.0225,0.731416,0.016165376060631,0.0135068576983277,0,0,0,NA,0,NA,5.985,0.229803,81.7525,3.951129,0.545,0.081543,NA,NA,NA,NA,NA,NA,NA,NA,NA,NA,NA,NA,NA,NA,NA,NA,NA,NA,NA,NA,NA,NA,NA,NA,NA,NA
"134","Stefon Diggs","BUF","WR","2552608","robust",NA,NA,NA,NA,NA,NA,NA,NA,NA,NA,0,0,-0.035,0.079072,0,0,0,0,0,NA,0,NA,5.9975,0.348411,79.9325,5.18910000000001,0.5825,0.111195,NA,NA,NA,NA,NA,NA,NA,NA,NA,NA,NA,NA,NA,NA,NA,NA,NA,NA,NA,NA,NA,NA,NA,NA,NA,NA
"135","Jaylen Waddle","MIA","WR","2566292","robust",NA,NA,NA,NA,NA,NA,NA,NA,NA,NA,0,0,0.6175,0.610337,0,0,0.1,0,0,NA,0,NA,4.4725,0.600453,69,8.45082,0.295,0.214977,NA,NA,NA,NA,NA,NA,NA,NA,NA,NA,NA,NA,NA,NA,NA,NA,NA,NA,NA,NA,NA,NA,NA,NA,NA,NA
"136","Mike Evans","TB","WR","2543468","robust",NA,NA,NA,NA,NA,NA,NA,NA,NA,NA,0,0,0.6075,0.600453,0,0,0,0,0,NA,0,NA,4.975,0.630105,69.25,8.10240900000001,0.555,0.177912,NA,NA,NA,NA,NA,NA,NA,NA,NA,NA,NA,NA,NA,NA,NA,NA,NA,NA,NA,NA,NA,NA,NA,NA,NA,NA
"137","Tee Higgins","CIN","WR","2563731","robust",NA,NA,NA,NA,NA,NA,NA,NA,NA,NA,0,0,0.0425,0.042007,0,0,0,0,0,NA,0,NA,4.99,0.148260000000001,74.84,2.62420200000002,0.49,0.088956,NA,NA,NA,NA,NA,NA,NA,NA,NA,NA,NA,NA,NA,NA,NA,NA,NA,NA,NA,NA,NA,NA,NA,NA,NA,NA
"138","Chris Godwin","TB","WR","2558105","robust",NA,NA,NA,NA,NA,NA,NA,NA,NA,NA,0,0,0.415,0.328643,0,0,0.1,0,0,NA,0,NA,6.0225,0.140847000000001,70.3875,6.553092,0.3925,0.07413,NA,NA,NA,NA,NA,NA,NA,NA,NA,NA,NA,NA,NA,NA,NA,NA,NA,NA,NA,NA,NA,NA,NA,NA,NA,NA
"139","Chris Olave","NO","WR","2567973","robust",NA,NA,NA,NA,NA,NA,NA,NA,NA,NA,0,0,0.015,0.014826,0,0,0,0,0,NA,0,NA,5.135,0.392889,68.91,7.413,0.375,0.103782,NA,NA,NA,NA,NA,NA,NA,NA,NA,NA,NA,NA,NA,NA,NA,NA,NA,NA,NA,NA,NA,NA,NA,NA,NA,NA
"140","Garrett Wilson","NYJ","WR","2568048","robust",NA,NA,NA,NA,NA,NA,NA,NA,NA,NA,0.189090909090909,NA,1.175,0.153202,0.00381493506493507,0.00290422727272727,0.1,0,0,NA,0,NA,5.21,0.674583,68.5,7.746585,0.4125,0.14826,NA,NA,NA,NA,NA,NA,NA,NA,NA,NA,NA,NA,NA,NA,NA,NA,NA,NA,NA,NA,NA,NA,NA,NA,NA,NA
"141","Jerry Jeudy","DEN","WR","2563896","robust",NA,NA,NA,NA,NA,NA,NA,NA,NA,NA,0,0,0.415,0.328643,0,0,0,0,0,NA,0,NA,4.545,0.88956,62.0525,9.25883700000001,0.4775,0.155673,NA,NA,NA,NA,NA,NA,NA,NA,NA,NA,NA,NA,NA,NA,NA,NA,NA,NA,NA,NA,NA,NA,NA,NA,NA,NA
"142","Christian Kirk","JAC","WR","2560781","robust",NA,NA,NA,NA,NA,NA,NA,NA,NA,NA,0,0,0.8225,0.390418,0.0025,0.002471,0,0,0,NA,0,NA,5.2725,0.526323,68.4125,6.6717,0.335,0.029652,NA,NA,NA,NA,NA,NA,NA,NA,NA,NA,NA,NA,NA,NA,NA,NA,NA,NA,NA,NA,NA,NA,NA,NA,NA,NA
"143","DeVonta Smith","PHI","WR","2566409","robust",NA,NA,NA,NA,NA,NA,NA,NA,NA,NA,0,0,0.015,0.014826,0,0,0.1,0,0,NA,0,NA,4.995,0.0593040000000001,68.6725,5.9304,0.4975,0.051891,NA,NA,NA,NA,NA,NA,NA,NA,NA,NA,NA,NA,NA,NA,NA,NA,NA,NA,NA,NA,NA,NA,NA,NA,NA,NA
"144","Amon-Ra St. Brown","DET","WR","2566073","robust",NA,NA,NA,NA,NA,NA,NA,NA,NA,NA,0.55475884244373,NA,3.4175,0.261926,0.0264110331215852,0.0109603348626252,0,0,0,NA,0,NA,6.045,0.0370649999999999,73.3825,1.55673,0.41,0.00741299999999996,NA,NA,NA,NA,NA,NA,NA,NA,NA,NA,NA,NA,NA,NA,NA,NA,NA,NA,NA,NA,NA,NA,NA,NA,NA,NA
"145","Keenan Allen","LAC","WR","2540154","robust",NA,NA,NA,NA,NA,NA,NA,NA,NA,NA,0.135,NA,0.7625,0.4942,0.0075,0.002471,0.1,0,0,NA,0,NA,6.2325,0.919212,68.0225,6.649461,0.3225,0.066717,NA,NA,NA,NA,NA,NA,NA,NA,NA,NA,NA,NA,NA,NA,NA,NA,NA,NA,NA,NA,NA,NA,NA,NA,NA,NA
"146","Terry McLaurin","WAS","WR","2562489","robust",NA,NA,NA,NA,NA,NA,NA,NA,NA,NA,0.33268156424581,NA,2.3875,0.405244,0.00973621233461576,0.007413,0,0,0,NA,0,NA,4.775,0.126021,67.4475,6.352941,0.3975,0.140847,NA,NA,NA,NA,NA,NA,NA,NA,NA,NA,NA,NA,NA,NA,NA,NA,NA,NA,NA,NA,NA,NA,NA,NA,NA,NA
"147","D.J. Moore","CAR","WR","2560813","robust",NA,NA,NA,NA,NA,NA,NA,NA,NA,NA,0,0,1.685,0.859908,0.0075,0.007413,0,0,0,NA,0,NA,4.9625,0.778365000000001,64.5725,1.445535,0.43,0.096369,NA,NA,NA,NA,NA,NA,NA,NA,NA,NA,NA,NA,NA,NA,NA,NA,NA,NA,NA,NA,NA,NA,NA,NA,NA,NA
"148","Marquise Brown","ARI","WR","2562379","robust",NA,NA,NA,NA,NA,NA,NA,NA,NA,NA,0,0,0.775,0.630105,0,0,0,0,0,NA,0,NA,4.8875,0.726474,59.9575,6.731004,0.2025,0.081543,NA,NA,NA,NA,NA,NA,NA,NA,NA,NA,NA,NA,NA,NA,NA,NA,NA,NA,NA,NA,NA,NA,NA,NA,NA,NA
"149","Brandon Aiyuk","SF","WR","2565093","robust",NA,NA,NA,NA,NA,NA,NA,NA,NA,NA,0.169270833333333,NA,1.6025,0.91427,0.0116796875,0.0104438359375,0.1,0,0,NA,0,NA,5.1025,1.304688,66.3975,6.278811,0.4825,0.081543,NA,NA,NA,NA,NA,NA,NA,NA,NA,NA,NA,NA,NA,NA,NA,NA,NA,NA,NA,NA,NA,NA,NA,NA,NA,NA
"150","Drake London","ATL","WR","2567250","robust",NA,NA,NA,NA,NA,NA,NA,NA,NA,NA,0,0,0.775,0.753655,0,0,0.2,0,0,NA,0,NA,4.6525,0.318759,59.015,13.3434,0.2925,0.066717,NA,NA,NA,NA,NA,NA,NA,NA,NA,NA,NA,NA,NA,NA,NA,NA,NA,NA,NA,NA,NA,NA,NA,NA,NA,NA
"151","Mike Williams","LAC","WR","2558846","robust",NA,NA,NA,NA,NA,NA,NA,NA,NA,NA,0,0,0.035,0.034594,0,0,0,0,0,NA,0,NA,4.865,0.563388,63.865,6.063834,0.345,0.07413,NA,NA,NA,NA,NA,NA,NA,NA,NA,NA,NA,NA,NA,NA,NA,NA,NA,NA,NA,NA,NA,NA,NA,NA,NA,NA
"152","JuJu Smith-Schuster","KC","WR","2558149","robust",NA,NA,NA,NA,NA,NA,NA,NA,NA,NA,0,0,0.0925,0.091427,0,0,0.1,0,0,NA,0,NA,5.4925,0.378063,62.9175,6.953394,0.3675,0.140847,NA,NA,NA,NA,NA,NA,NA,NA,NA,NA,NA,NA,NA,NA,NA,NA,NA,NA,NA,NA,NA,NA,NA,NA,NA,NA
"153","Christian Watson","GB","WR","2567637","robust",NA,NA,NA,NA,NA,NA,NA,NA,NA,NA,0,0,1.6275,0.746242,0.03,0.027181,0,0,0,NA,0,NA,4.1175,0.363237,54.0725,3.054156,0.4725,0.096369,NA,NA,NA,NA,NA,NA,NA,NA,NA,NA,NA,NA,NA,NA,NA,NA,NA,NA,NA,NA,NA,NA,NA,NA,NA,NA
"154","Amari Cooper","CLE","WR","2552487","robust",NA,NA,NA,NA,NA,NA,NA,NA,NA,NA,0,0,0.0825,0.039536,0,0,0,0,0,NA,0,NA,4.76,0.237216,66.5075,2.031162,0.555,0.177912,NA,NA,NA,NA,NA,NA,NA,NA,NA,NA,NA,NA,NA,NA,NA,NA,NA,NA,NA,NA,NA,NA,NA,NA,NA,NA
"155","Diontae Johnson","PIT","WR","2562674","robust",NA,NA,NA,NA,NA,NA,NA,NA,NA,NA,0.336610644257703,NA,2.3775,0.417599,0.0109850486586387,0.0083866220941985,0.1,0,0,NA,0,NA,5.445,0.548562,60.54,4.825863,0.1875,0.185325,NA,NA,NA,NA,NA,NA,NA,NA,NA,NA,NA,NA,NA,NA,NA,NA,NA,NA,NA,NA,NA,NA,NA,NA,NA,NA
"156","Zay Jones","JAC","WR","2557863","robust",NA,NA,NA,NA,NA,NA,NA,NA,NA,NA,0,0,0.915,0.699293,0.0025,0.002471,0,0,0,NA,0,NA,5.0275,0.370650000000001,60.085,8.057931,0.2225,0.14826,NA,NA,NA,NA,NA,NA,NA,NA,NA,NA,NA,NA,NA,NA,NA,NA,NA,NA,NA,NA,NA,NA,NA,NA,NA,NA
"157","Michael Pittman","IND","WR","2564136","robust",NA,NA,NA,NA,NA,NA,NA,NA,NA,NA,0,0,1.28,0.602924,0,0,0,0,0,NA,0,NA,5.2575,0.615279,59.595,5.55975,0.375,0.081543,NA,NA,NA,NA,NA,NA,NA,NA,NA,NA,NA,NA,NA,NA,NA,NA,NA,NA,NA,NA,NA,NA,NA,NA,NA,NA
"158","Courtland Sutton","DEN","WR","2560888","robust",NA,NA,NA,NA,NA,NA,NA,NA,NA,NA,0,0,0.0925,0.091427,0,0,0,0,0,NA,0,NA,4.5325,1.312101,55.22,10.296657,0.21,0.066717,NA,NA,NA,NA,NA,NA,NA,NA,NA,NA,NA,NA,NA,NA,NA,NA,NA,NA,NA,NA,NA,NA,NA,NA,NA,NA
"159","Tyler Lockett","SEA","WR","2552430","robust",NA,NA,NA,NA,NA,NA,NA,NA,NA,NA,0,0,0.05,0.04942,0,0,0,0,0,NA,0,NA,4.44,0.489258,59.1325,3.461871,0.3875,0.088956,NA,NA,NA,NA,NA,NA,NA,NA,NA,NA,NA,NA,NA,NA,NA,NA,NA,NA,NA,NA,NA,NA,"Q","Shin",18,2022
"160","Jakobi Meyers","NE","WR","2562492","robust",NA,NA,NA,NA,NA,NA,NA,NA,NA,NA,0,0,-0.125,0.42007,0,0,0.1,0,0,NA,0,NA,4.135,0.667170000000001,58.1,3.85476,0.3875,0.214977,NA,NA,NA,NA,NA,NA,NA,NA,NA,NA,NA,NA,NA,NA,NA,NA,NA,NA,NA,NA,NA,NA,"Q","Shoulder",18,2022
"161","Allen Lazard","GB","WR","2560787","robust",NA,NA,NA,NA,NA,NA,NA,NA,NA,NA,0,0,0.0325,0.032123,0,0,0,0,0,NA,0,NA,4.5575,0.570801,55.77,7.613151,0.3425,0.140847,NA,NA,NA,NA,NA,NA,NA,NA,NA,NA,NA,NA,NA,NA,NA,NA,NA,NA,NA,NA,NA,NA,NA,NA,NA,NA
"162","Brandin Cooks","HOU","WR","2543498","robust",NA,NA,NA,NA,NA,NA,NA,NA,NA,NA,0.225889570552147,NA,1.4875,0.185325,0.00683876647184811,0.00312456321922532,0,0,0,NA,0,NA,4.64,0.541149000000001,55.515,2.750223,0.3,0.022239,NA,NA,NA,NA,NA,NA,NA,NA,NA,NA,NA,NA,NA,NA,NA,NA,NA,NA,NA,NA,NA,NA,NA,NA,NA,NA
"163","Treylon Burks","TEN","WR","2567643","robust",NA,NA,NA,NA,NA,NA,NA,NA,NA,NA,0.17319587628866,NA,1.8775,1.119363,0.0138584556909299,0.0114410928147454,0,0,0,NA,0,NA,4,0.103782,49.145,10.400439,0.2875,0.081543,NA,NA,NA,NA,NA,NA,NA,NA,NA,NA,NA,NA,NA,NA,NA,NA,NA,NA,NA,NA,NA,NA,NA,NA,NA,NA
"164","Van Jefferson","LAR","WR","2564358","robust",NA,NA,NA,NA,NA,NA,NA,NA,NA,NA,0,0,1.045,0.887089,0,0,0,0,0,NA,0,NA,3.27,0.496671,45.8975,6.412245,0.2425,0.051891,NA,NA,NA,NA,NA,NA,NA,NA,NA,NA,NA,NA,NA,NA,NA,NA,NA,NA,NA,NA,NA,NA,NA,NA,NA,NA
"165","Gabriel Davis","BUF","WR","2563602","robust",NA,NA,NA,NA,NA,NA,NA,NA,NA,NA,0,0,0.115,0.088956,0,0,0.1,0,0,NA,0,NA,3.3125,0.289107,53.625,4.099389,0.3425,0.200151,NA,NA,NA,NA,NA,NA,NA,NA,NA,NA,NA,NA,NA,NA,NA,NA,NA,NA,NA,NA,NA,NA,NA,NA,NA,NA
"166","Richie James","NYG","WR","2560761","robust",NA,NA,NA,NA,NA,NA,NA,NA,NA,NA,0,0,0.425,0.333585,0,0,0,0,0,NA,0.07,0,4.15,0.14826,47.335,3.543414,0.195,0.14826,NA,NA,NA,NA,NA,NA,NA,NA,NA,NA,NA,NA,NA,NA,NA,NA,NA,NA,NA,NA,NA,NA,NA,NA,NA,NA
"167","Jahan Dotson","WAS","WR","2568321","robust",NA,NA,NA,NA,NA,NA,NA,NA,NA,NA,0,0,0.695,0.274281,0,0,0,0,0,NA,0,NA,3.7175,0.37065,48.295,8.532363,0.2725,0.22239,NA,NA,NA,NA,NA,NA,NA,NA,NA,NA,NA,NA,NA,NA,NA,NA,NA,NA,NA,NA,NA,NA,NA,NA,NA,NA
"168","George Pickens","PIT","WR","2568159","robust",NA,NA,NA,NA,NA,NA,NA,NA,NA,NA,0,0,1.16,0.662228,0.05,0.037065,0,0,0,NA,0,NA,3.8775,1.26021,52.4125,2.557485,0.24,0.051891,NA,NA,NA,NA,NA,NA,NA,NA,NA,NA,NA,NA,NA,NA,NA,NA,NA,NA,NA,NA,NA,NA,NA,NA,NA,NA
"169","Darius Slayton","NYG","WR","2562736","robust",NA,NA,NA,NA,NA,NA,NA,NA,NA,NA,0,0,-0.0825,0.133434,0,0,0.1,0,0,NA,0,NA,3.0325,0.51891,42.515,10.548699,0.17,0.07413,NA,NA,NA,NA,NA,NA,NA,NA,NA,NA,NA,NA,NA,NA,NA,NA,NA,NA,NA,NA,NA,NA,NA,NA,NA,NA
"170","Greg Dortch","ARI","WR","2562561","robust",NA,NA,NA,NA,NA,NA,NA,NA,NA,NA,0.28,NA,2.21,1.793946,0.00823099415204678,0.00958054385964912,0,0,0,NA,0,NA,4.57,0.326172,48.115,7.072002,0.13,0.059304,NA,NA,NA,NA,NA,NA,NA,NA,NA,NA,NA,NA,NA,NA,NA,NA,NA,NA,NA,NA,NA,NA,NA,NA,NA,NA
"171","Deebo Samuel","SF","WR","2562721","robust",NA,NA,NA,NA,NA,NA,NA,NA,NA,NA,2.26828165374677,NA,17.07,4.198229,0.309561663143058,0.0769003990603712,0.065,0.0259455,0,NA,0,NA,3.35,0.845082,43.54,8.8956,0.1925,0.066717,NA,NA,NA,NA,NA,NA,NA,NA,NA,NA,NA,NA,NA,NA,NA,NA,NA,NA,NA,NA,NA,NA,NA,NA,NA,NA
"172","Donovan Peoples-Jones","CLE","WR","2563803","robust",NA,NA,NA,NA,NA,NA,NA,NA,NA,NA,0,0,0.01,0.009884,0,0,0,0,0,NA,0.01,0,3.55,0.696822,46.4925,4.64795100000001,0.22,0.066717,NA,NA,NA,NA,NA,NA,NA,NA,NA,NA,NA,NA,NA,NA,NA,NA,NA,NA,NA,NA,NA,NA,NA,NA,NA,NA
"173","D.J. Chark","DET","WR","2561018","robust",NA,NA,NA,NA,NA,NA,NA,NA,NA,NA,0,0,0.025,0.02471,0,0,0,0,0,NA,0,NA,3.05,0.37065,48.0925,3.86217300000001,0.21,0.066717,NA,NA,NA,NA,NA,NA,NA,NA,NA,NA,NA,NA,NA,NA,NA,NA,NA,NA,NA,NA,NA,NA,NA,NA,NA,NA
"174","Tre'Quan Smith","NO","WR","2560878","robust",NA,NA,NA,NA,NA,NA,NA,NA,NA,NA,0,0,0.0125,0.012355,0,0,0,0,0,NA,0,NA,0.9025,0.311346,15.445,8.102409,0.0525,0.044478,NA,NA,NA,NA,NA,NA,NA,NA,NA,NA,NA,NA,NA,NA,NA,NA,NA,NA,NA,NA,NA,NA,NA,NA,NA,NA
"175","Corey Davis","NYJ","WR","2557848","robust",NA,NA,NA,NA,NA,NA,NA,NA,NA,NA,0,0,-0.0175,0.113666,0,0,0.1,0,0,NA,0,NA,2.9625,0.170499,42.3125,3.72132600000001,0.155,0.059304,NA,NA,NA,NA,NA,NA,NA,NA,NA,NA,NA,NA,NA,NA,NA,NA,NA,NA,NA,NA,NA,NA,NA,NA,NA,NA
"176","Adam Thielen","MIN","WR","2541785","robust",NA,NA,NA,NA,NA,NA,NA,NA,NA,NA,0,0,0.075,0.02471,0,0,0,0,0,NA,0,NA,3.8425,0.459606,45.24,4.4478,0.2675,0.192738,NA,NA,NA,NA,NA,NA,NA,NA,NA,NA,NA,NA,NA,NA,NA,NA,NA,NA,NA,NA,NA,NA,NA,NA,NA,NA
"177","Chris Moore","HOU","WR","2555209","robust",NA,NA,NA,NA,NA,NA,NA,NA,NA,NA,0,0,0.1875,0.185325,0,0,0,0,0,NA,0,NA,3.8075,0.274281,44.4375,3.528588,0.205,0.037065,NA,NA,NA,NA,NA,NA,NA,NA,NA,NA,NA,NA,NA,NA,NA,NA,NA,NA,NA,NA,NA,NA,NA,NA,NA,NA
"178","Isaiah Hodgins","NYG","WR","2563611","robust",NA,NA,NA,NA,NA,NA,NA,NA,NA,NA,0,0,0.0475,0.046949,0,0,0,0,0,NA,0,NA,3.27,0.340998,38.7775,5.463381,0.195,0.111195,NA,NA,NA,NA,NA,NA,NA,NA,NA,NA,NA,NA,NA,NA,NA,NA,NA,NA,NA,NA,NA,NA,NA,NA,NA,NA
"179","DeVante Parker","NE","WR","2552409","robust",NA,NA,NA,NA,NA,NA,NA,NA,NA,NA,0,0,0.01,0,0,0,0,0,0,NA,0,NA,2.505,0.59304,37.23,11.905278,0.2125,0.118608,NA,NA,NA,NA,NA,NA,NA,NA,NA,NA,NA,NA,NA,NA,NA,NA,NA,NA,NA,NA,NA,NA,NA,NA,NA,NA
"180","Marquez Valdes-Scantling","KC","WR","2560907","robust",NA,NA,NA,NA,NA,NA,NA,NA,NA,NA,0,0,0.0475,0.121079,0,0,0,0,0,NA,0,NA,2.5325,0.467019,40.57,4.388496,0.1525,0.133434,NA,NA,NA,NA,NA,NA,NA,NA,NA,NA,NA,NA,NA,NA,NA,NA,NA,NA,NA,NA,NA,NA,NA,NA,NA,NA
"181","Tyler Boyd","CIN","WR","2555466","robust",NA,NA,NA,NA,NA,NA,NA,NA,NA,NA,0,0,0.0525,0.051891,0,0,0,0,0,NA,0,NA,3.565,0.615279,41.925,2.96520000000001,0.2225,0.059304,NA,NA,NA,NA,NA,NA,NA,NA,NA,NA,NA,NA,NA,NA,NA,NA,NA,NA,NA,NA,NA,NA,NA,NA,NA,NA
"182","Parris Campbell","IND","WR","2562495","robust",NA,NA,NA,NA,NA,NA,NA,NA,NA,NA,0,0,2.025,1.50731,0.0025,0.002471,0,0,0,NA,0,NA,3.21,0.496671,37.045,2.727984,0.175,0.022239,NA,NA,NA,NA,NA,NA,NA,NA,NA,NA,NA,NA,NA,NA,NA,NA,NA,NA,NA,NA,NA,NA,NA,NA,NA,NA
"183","Josh Palmer","LAC","WR","2566502","robust",NA,NA,NA,NA,NA,NA,NA,NA,NA,NA,0,0,0.075,0.07413,0,0,0,0,0,NA,0,NA,3.38,0.785778,36.3925,8.1543,0.1425,0.051891,NA,NA,NA,NA,NA,NA,NA,NA,NA,NA,NA,NA,NA,NA,NA,NA,NA,NA,NA,NA,NA,NA,NA,NA,NA,NA
"184","Tutu Atwell","LAR","WR","2566196","robust",NA,NA,NA,NA,NA,NA,NA,NA,NA,NA,0.526677115987461,NA,3.68,1.366463,0.0195338611284168,0.014826,0,0,0,NA,0,NA,2.78,0.326172,36.7925,5.53009800000001,0.1375,0.111195,NA,NA,NA,NA,NA,NA,NA,NA,NA,NA,NA,NA,NA,NA,NA,NA,NA,NA,NA,NA,NA,NA,NA,NA,NA,NA
"185","Curtis Samuel","WAS","WR","2558066","robust",NA,NA,NA,NA,NA,NA,NA,NA,NA,NA,1.42253824756606,NA,9.59,1.272565,0.08622605989369,0.0136141624010768,0.01,0.007413,0,NA,0,NA,3.4825,0.585627,42.025,1.70499,0.155,0.07413,NA,NA,NA,NA,NA,NA,NA,NA,NA,NA,NA,NA,NA,NA,NA,NA,NA,NA,NA,NA,NA,NA,NA,NA,NA,NA
"186","Demarcus Robinson","BAL","WR","2555478","robust",NA,NA,NA,NA,NA,NA,NA,NA,NA,NA,0,0,0.28,0.261926,0,0,0.1,0,0,NA,0,NA,3.0225,0.0963689999999999,43.1475,0.7413,0.14,0.081543,NA,NA,NA,NA,NA,NA,NA,NA,NA,NA,NA,NA,NA,NA,NA,NA,NA,NA,NA,NA,NA,NA,NA,NA,NA,NA
"187","Michael Gallup","DAL","WR","2560735","robust",NA,NA,NA,NA,NA,NA,NA,NA,NA,NA,0,0,0.0175,0.017297,0,0,0,0,0,NA,0,NA,3.29,0.0889559999999997,38.995,4.44780000000001,0.2725,0.022239,NA,NA,NA,NA,NA,NA,NA,NA,NA,NA,NA,NA,NA,NA,NA,NA,NA,NA,NA,NA,NA,NA,NA,NA,NA,NA
"188","Kadarius Toney","KC","WR","2566376","robust",NA,NA,NA,NA,NA,NA,NA,NA,NA,NA,0,0,1.53,0.553504,0,0,0,0,0,NA,0,NA,3.0375,0.37065,40.1475,2.572311,0.2075,0.081543,NA,NA,NA,NA,NA,NA,NA,NA,NA,NA,NA,NA,NA,NA,NA,NA,NA,NA,NA,NA,NA,NA,NA,NA,NA,NA
"189","Tyquan Thornton","NE","WR","2567958","robust",NA,NA,NA,NA,NA,NA,NA,NA,NA,NA,0,0,0.03,0.027181,0,0,0,0,0,NA,0,NA,2.5825,1.208319,31.2925,9.029034,0.095,0.126021,NA,NA,NA,NA,NA,NA,NA,NA,NA,NA,NA,NA,NA,NA,NA,NA,NA,NA,NA,NA,NA,NA,NA,NA,NA,NA
"190","Chase Claypool","CHI","WR","2564970","robust",NA,NA,NA,NA,NA,NA,NA,NA,NA,NA,0,0,1.8025,1.092182,0.0075,0.007413,0.1,0,0,NA,0,NA,2.6175,0.555975,31.6525,8.198778,0.185,0.111195,NA,NA,NA,NA,NA,NA,NA,NA,NA,NA,NA,NA,NA,NA,NA,NA,NA,NA,NA,NA,NA,NA,NA,NA,NA,NA
"191","Marvin Jones","JAC","WR","2532884","robust",NA,NA,NA,NA,NA,NA,NA,NA,NA,NA,0,0,0.33,0.286636,0,0,0,0,0,NA,0,NA,3.075,0.467019,36.8375,2.9652,0.205,0.07413,NA,NA,NA,NA,NA,NA,NA,NA,NA,NA,NA,NA,NA,NA,NA,NA,NA,NA,NA,NA,NA,NA,NA,NA,NA,NA
"192","Hunter Renfrow","LVR","WR","2562712","robust",NA,NA,NA,NA,NA,NA,NA,NA,NA,NA,0,0,0.56,0.523852,0,0,0.1,0,0,NA,0,NA,3.1825,0.793191,32.6225,6.100899,0.1825,0.014826,NA,NA,NA,NA,NA,NA,NA,NA,NA,NA,NA,NA,NA,NA,NA,NA,NA,NA,NA,NA,NA,NA,NA,NA,NA,NA
"193","Russell Gage","TB","WR","2561061","robust",NA,NA,NA,NA,NA,NA,NA,NA,NA,NA,0,0,0.0075,0.007413,0,0,0.1,0,0,NA,0,NA,2.9725,0.266868,34.87,4.351431,0.14,0.07413,NA,NA,NA,NA,NA,NA,NA,NA,NA,NA,NA,NA,NA,NA,NA,NA,NA,NA,NA,NA,NA,NA,NA,NA,NA,NA
"194","K.J. Osborn","MIN","WR","2564574","robust",NA,NA,NA,NA,NA,NA,NA,NA,NA,NA,0,0,0.1275,0.126021,0,0,0,0,0,NA,0.01,0,3.1275,0.155673,38.055,1.4826,0.25,0.111195,NA,NA,NA,NA,NA,NA,NA,NA,NA,NA,NA,NA,NA,NA,NA,NA,NA,NA,NA,NA,NA,NA,NA,NA,NA,NA
"195","Olamide Zaccheaus","ATL","WR","2562808","robust",NA,NA,NA,NA,NA,NA,NA,NA,NA,NA,0,0,0.7,0.27181,0,0,0,0,0,NA,0,NA,2.375,0.533736,34.03,4.44780000000001,0.1125,0.081543,NA,NA,NA,NA,NA,NA,NA,NA,NA,NA,NA,NA,NA,NA,NA,NA,NA,NA,NA,NA,NA,NA,NA,NA,NA,NA
"196","Mack Hollins","LVR","WR","2558262","robust",NA,NA,NA,NA,NA,NA,NA,NA,NA,NA,0,0,0.83,0.657286,0,0,0,0,0,NA,0,NA,2.975,0.103782,35.27,1.638273,0.21,0.066717,NA,NA,NA,NA,NA,NA,NA,NA,NA,NA,NA,NA,NA,NA,NA,NA,NA,NA,NA,NA,NA,NA,NA,NA,NA,NA
"197","Josh Reynolds","DET","WR","2558194","robust",NA,NA,NA,NA,NA,NA,NA,NA,NA,NA,0,0,0.035,0.034594,0,0,0,0,0,NA,0,NA,2.465,0.44478,32.8925,3.788043,0.1625,0.059304,NA,NA,NA,NA,NA,NA,NA,NA,NA,NA,NA,NA,NA,NA,NA,NA,NA,NA,NA,NA,NA,NA,NA,NA,NA,NA
"198","Elijah Moore","NYJ","WR","2566385","robust",NA,NA,NA,NA,NA,NA,NA,NA,NA,NA,0.226363636363636,NA,1.38,0.145789,0.00693465091955025,0.00302979103111654,0,0,0,NA,0,NA,2.37,0.281694,32.885,4.329192,0.1075,0.081543,NA,NA,NA,NA,NA,NA,NA,NA,NA,NA,NA,NA,NA,NA,NA,NA,NA,NA,NA,NA,NA,NA,NA,NA,NA,NA
"199","Romeo Doubs","GB","WR","2567586","robust",NA,NA,NA,NA,NA,NA,NA,NA,NA,NA,0,0,0.45,0.34594,0,0,0,0,0,NA,0,NA,3.0625,0.29652,35.25,1.467774,0.145,0.126021,NA,NA,NA,NA,NA,NA,NA,NA,NA,NA,NA,NA,NA,NA,NA,NA,NA,NA,NA,NA,NA,NA,NA,NA,NA,NA
"200","Robert Woods","TEN","WR","2540169","robust",NA,NA,NA,NA,NA,NA,NA,NA,NA,NA,0,0,0.0675,0.066717,0,0,0,0,0,NA,0.01,0,3.255,0.22239,34.2225,1.467774,0.115,0.088956,NA,NA,NA,NA,NA,NA,NA,NA,NA,NA,NA,NA,NA,NA,NA,NA,NA,NA,NA,NA,NA,NA,NA,NA,NA,NA
"201","Byron Pringle","CHI","WR","2560844","robust",NA,NA,NA,NA,NA,NA,NA,NA,NA,NA,0,0,0.28,0.261926,0,0,0,0,0,NA,0,NA,1.9275,0.882147,25.345,14.114352,0.0925,0.07413,NA,NA,NA,NA,NA,NA,NA,NA,NA,NA,NA,NA,NA,NA,NA,NA,NA,NA,NA,NA,NA,NA,NA,NA,NA,NA
"202","Alec Pierce","IND","WR","2567715","robust",NA,NA,NA,NA,NA,NA,NA,NA,NA,NA,0,0,0.0175,0.017297,0,0,0,0,0,NA,0,NA,2.745,0.7413,32.24,2.157183,0.155,0.037065,NA,NA,NA,NA,NA,NA,NA,NA,NA,NA,NA,NA,NA,NA,NA,NA,NA,NA,NA,NA,NA,NA,NA,NA,NA,NA
"203","Noah Brown","DAL","WR","2558091","robust",NA,NA,NA,NA,NA,NA,NA,NA,NA,NA,0,0,0.0225,0.022239,0,0,0.1,0,0,NA,0,NA,2.345,0.570801,31.2875,3.120873,0.1775,0.029652,NA,NA,NA,NA,NA,NA,NA,NA,NA,NA,NA,NA,NA,NA,NA,NA,NA,NA,NA,NA,NA,NA,NA,NA,NA,NA
"204","Julio Jones","TB","WR","2495454","robust",NA,NA,NA,NA,NA,NA,NA,NA,NA,NA,0.309310344827586,NA,2.0375,0.44478,0.0117289272030651,0.00912187164750958,0,0,0,NA,0,NA,1.7575,0.808017,21.59,9.384858,0.07,0.07413,NA,NA,NA,NA,NA,NA,NA,NA,NA,NA,NA,NA,NA,NA,NA,NA,NA,NA,NA,NA,NA,NA,"Q","Knee",18,2022
"205","Nelson Agholor","NE","WR","2552600","robust",NA,NA,NA,NA,NA,NA,NA,NA,NA,NA,0,0,0.28,0.261926,0,0,0.1,0,0,NA,0,NA,2.21,0.726474,26.735,6.686526,0.0975,0.096369,NA,NA,NA,NA,NA,NA,NA,NA,NA,NA,NA,NA,NA,NA,NA,NA,NA,NA,NA,NA,NA,NA,NA,NA,NA,NA
"206","Kenny Golladay","NYG","WR","2558052","robust",NA,NA,NA,NA,NA,NA,NA,NA,NA,NA,0,0,0.0225,0.022239,0,0,0,0,0,NA,0,NA,1.1725,0.934038,12.235,9.088338,0.0075,0.007413,NA,NA,NA,NA,NA,NA,NA,NA,NA,NA,NA,NA,NA,NA,NA,NA,NA,NA,NA,NA,NA,NA,NA,NA,NA,NA
"207","Laquon Treadwell","SEA","WR","2555214","robust",NA,NA,NA,NA,NA,NA,NA,NA,NA,NA,0,0,0.27,0.256984,0,0,0,0,0,NA,0,NA,2.0575,0.711648,24.27,9.696204,0.0775,0.044478,NA,NA,NA,NA,NA,NA,NA,NA,NA,NA,NA,NA,NA,NA,NA,NA,NA,NA,NA,NA,NA,NA,NA,NA,NA,NA
"208","Isaiah McKenzie","BUF","WR","2558129","robust",NA,NA,NA,NA,NA,NA,NA,NA,NA,NA,0.534309309309309,NA,3.7,0.506555,0.0436422033498467,0.0258389537909884,0,0,0,NA,0.01,0,3.085,0.133434,34.3975,0.437367000000003,0.1925,0.044478,NA,NA,NA,NA,NA,NA,NA,NA,NA,NA,NA,NA,NA,NA,NA,NA,NA,NA,NA,NA,NA,NA,NA,NA,NA,NA
"209","Randall Cobb","GB","WR","2495448","robust",NA,NA,NA,NA,NA,NA,NA,NA,NA,NA,0,0,0.08,0.034594,0,0,0.1,0,0,NA,0,NA,2.365,0.170499,31.5125,2.120118,0.1375,0.126021,NA,NA,NA,NA,NA,NA,NA,NA,NA,NA,NA,NA,NA,NA,NA,NA,NA,NA,NA,NA,NA,NA,NA,NA,NA,NA
"210","Kalif Raymond","DET","WR","2556661","robust",NA,NA,NA,NA,NA,NA,NA,NA,NA,NA,0,0,1.185,0.924154,0.01,0.009884,0.1,0,0,NA,0,NA,1.72,0.66717,21.8775,8.191365,0.0707005763259751,0.0572266510782187,NA,NA,NA,NA,NA,NA,NA,NA,NA,NA,NA,NA,NA,NA,NA,NA,NA,NA,NA,NA,NA,NA,NA,NA,NA,NA
"211","Quez Watkins","PHI","WR","2564880","robust",NA,NA,NA,NA,NA,NA,NA,NA,NA,NA,0.16,NA,0.975,0.59304,0.01,0.007413,0,0,0,NA,0,NA,2.145,0.607866,24.265,2.290617,0.0775,0.051891,NA,NA,NA,NA,NA,NA,NA,NA,NA,NA,NA,NA,NA,NA,NA,NA,NA,NA,NA,NA,NA,NA,NA,NA,NA,NA
"212","Shi Smith","CAR","WR","2565908","robust",NA,NA,NA,NA,NA,NA,NA,NA,NA,NA,0,0,0.0925,0.091427,0,0,0.1,0,0,NA,0.01,0,2.0075,0.111195,24.365,2.090466,0.14,0.081543,NA,NA,NA,NA,NA,NA,NA,NA,NA,NA,NA,NA,NA,NA,NA,NA,NA,NA,NA,NA,NA,NA,NA,NA,NA,NA
"213","Equanimeous St. Brown","CHI","WR","2560883","robust",NA,NA,NA,NA,NA,NA,NA,NA,NA,NA,0.335866983372922,NA,2.5625,0.551033,0.0124114457170183,0.00979647294670085,0,0,0,NA,0,NA,1.7675,0.22239,25.93,0.578214000000001,0.1,0.029652,NA,NA,NA,NA,NA,NA,NA,NA,NA,NA,NA,NA,NA,NA,NA,NA,NA,NA,NA,NA,NA,NA,NA,NA,NA,NA
"214","Sammy Watkins","BAL","WR","2543457","robust",NA,NA,NA,NA,NA,NA,NA,NA,NA,NA,0,0,0.53,0.509026,0,0,0,0,0,NA,0,NA,1.94,0.733887,23.5125,9.585009,0.07,0.044478,NA,NA,NA,NA,NA,NA,NA,NA,NA,NA,NA,NA,NA,NA,NA,NA,NA,NA,NA,NA,NA,NA,NA,NA,NA,NA
"215","Nick Westbrook-Ikhine","TEN","WR","2565477","robust",NA,NA,NA,NA,NA,NA,NA,NA,NA,NA,0,0,0.0525,0.051891,0,0,0,0,0,NA,0,NA,1.9925,0.229803,27.01,1.015581,0.1225,0.07413,NA,NA,NA,NA,NA,NA,NA,NA,NA,NA,NA,NA,NA,NA,NA,NA,NA,NA,NA,NA,NA,NA,NA,NA,NA,NA
"216","Kendrick Bourne","NE","WR","2558914","robust",NA,NA,NA,NA,NA,NA,NA,NA,NA,NA,0.266687116564417,NA,1.7125,0.111195,0.00790456071304549,0.00207113219122584,0,0,0,NA,0,NA,1.7625,0.533736,19.395,1.193493,0.085,0.029652,NA,NA,NA,NA,NA,NA,NA,NA,NA,NA,NA,NA,NA,NA,NA,NA,NA,NA,NA,NA,NA,NA,NA,NA,NA,NA
"217","Damiere Byrd","ATL","WR","2553499","robust",NA,NA,NA,NA,NA,NA,NA,NA,NA,NA,0,0,0.0775,0.076601,0,0,0,0,0,NA,0,NA,1.625,0.29652,24.36,2.9652,0.08,0.059304,NA,NA,NA,NA,NA,NA,NA,NA,NA,NA,NA,NA,NA,NA,NA,NA,NA,NA,NA,NA,NA,NA,NA,NA,NA,NA
"218","Jauan Jennings","SF","WR","2565114","robust",NA,NA,NA,NA,NA,NA,NA,NA,NA,NA,0,0,0.0075,0.007413,0,0,0,0,0,NA,0,NA,1.5475,0.59304,18.8975,6.575331,0.0575,0.066717,NA,NA,NA,NA,NA,NA,NA,NA,NA,NA,NA,NA,NA,NA,NA,NA,NA,NA,NA,NA,NA,NA,NA,NA,NA,NA
"219","Brandon Powell","LAR","WR","2561261","robust",NA,NA,NA,NA,NA,NA,NA,NA,NA,NA,0.662460815047022,NA,4.795,1.200906,0.0224155097775787,0.0150765304075235,0,0,0,NA,0.01,0,2.015,0.281694,20.3025,4.551582,0.0625,0.088956,NA,NA,NA,NA,NA,NA,NA,NA,NA,NA,NA,NA,NA,NA,NA,NA,NA,NA,NA,NA,NA,NA,NA,NA,NA,NA
"220","Mecole Hardman","KC","WR","2562580","robust",NA,NA,NA,NA,NA,NA,NA,NA,NA,NA,NA,NA,3,0,0.1,0,0,0,NA,NA,NA,NA,1.45,0.66717,19,10.3782,0.1,0.14826,NA,NA,NA,NA,NA,NA,NA,NA,NA,NA,NA,NA,NA,NA,NA,NA,NA,NA,NA,NA,NA,NA,"Q","Pelvis",18,2022
"221","Trent Sherfield","MIA","WR","2561272","robust",NA,NA,NA,NA,NA,NA,NA,NA,NA,NA,0,0,0.055,0.034594,0,0,0,0,0,NA,0,NA,1.8175,0.229803,22.365,2.9652,0.1025,0.022239,NA,NA,NA,NA,NA,NA,NA,NA,NA,NA,NA,NA,NA,NA,NA,NA,NA,NA,NA,NA,NA,NA,NA,NA,NA,NA
"222","DeAndre Carter","LAC","WR","2553502","robust",NA,NA,NA,NA,NA,NA,NA,NA,NA,NA,0.167074468085106,0.0340682553191489,0.8725,0.177912,0.0075,0,0,0,0,NA,0,NA,1.555,0.978515999999999,17.005,12.038712,0.0925,0.014826,NA,NA,NA,NA,NA,NA,NA,NA,NA,NA,NA,NA,NA,NA,NA,NA,NA,NA,NA,NA,NA,NA,NA,NA,NA,NA
"223","Marquez Callaway","NO","WR","2565310","robust",NA,NA,NA,NA,NA,NA,NA,NA,NA,NA,0,0,0,0,0,0,0,0,NA,NA,NA,NA,1.225,1.000755,15.275,12.935685,0.065,0.051891,NA,NA,NA,NA,NA,NA,NA,NA,NA,NA,NA,NA,NA,NA,NA,NA,NA,NA,NA,NA,NA,NA,NA,NA,NA,NA
"224","Amari Rodgers","HOU","WR","2566091","robust",NA,NA,NA,NA,NA,NA,NA,NA,NA,NA,0,0,0.915,0.573272,0.0025,0.002471,0,0,0,NA,0,NA,1.72,0.185325,20.3625,2.550072,0.1,0.029652,NA,NA,NA,NA,NA,NA,NA,NA,NA,NA,NA,NA,NA,NA,NA,NA,NA,NA,NA,NA,NA,NA,NA,NA,NA,NA
"225","Laviska Shenault","CAR","WR","2564232","robust",NA,NA,NA,NA,NA,NA,NA,NA,NA,NA,0.634477124183007,NA,4.175,0.869792000000001,0.0674694931163955,0.0247401530037547,0,0,0,NA,0,NA,2.1925,0.155673,21.2775,1.541904,0.07,0.081543,NA,NA,NA,NA,NA,NA,NA,NA,NA,NA,NA,NA,NA,NA,NA,NA,NA,NA,NA,NA,NA,NA,NA,NA,NA,NA
"226","Ray-Ray McCloud","SF","WR","2560801","robust",NA,NA,NA,NA,NA,NA,NA,NA,NA,NA,0.357525773195876,0.0366828865979382,2.1675,0.22239,0.0144201030927835,0.0205194896907216,0,0,0,NA,0.01,0,1.0625,0.0444779999999999,14.0375,6.271398,0.0475,0.014826,NA,NA,NA,NA,NA,NA,NA,NA,NA,NA,NA,NA,NA,NA,NA,NA,NA,NA,NA,NA,NA,NA,NA,NA,NA,NA
"227","T.Y. Hilton","DAL","WR","2532865","robust",NA,NA,NA,NA,NA,NA,NA,NA,NA,NA,0,NA,0.235,0.348411,0,0,0,0,0,NA,0,NA,1.305,0.563388,19.29,1.4826,0.0275,0,NA,NA,NA,NA,NA,NA,NA,NA,NA,NA,NA,NA,NA,NA,NA,NA,NA,NA,NA,NA,NA,NA,NA,NA,NA,NA
"228","DeSean Jackson","BAL","WR","1581","robust",NA,NA,NA,NA,NA,NA,NA,NA,NA,NA,NA,NA,0,0,0,0,0,0,NA,NA,NA,NA,1.5,0.7413,16,8.8956,0,0,NA,NA,NA,NA,NA,NA,NA,NA,NA,NA,NA,NA,NA,NA,NA,NA,NA,NA,NA,NA,NA,NA,"Q","Illness",18,2022
"229","A.J. Green","ARI","WR","2495450","robust",NA,NA,NA,NA,NA,NA,NA,NA,NA,NA,0,0,0.045,0.044478,0,0,0,0,0,NA,0,NA,1.6875,0.548562,19.76,2.587137,0.085,0.014826,NA,NA,NA,NA,NA,NA,NA,NA,NA,NA,NA,NA,NA,NA,NA,NA,NA,NA,NA,NA,NA,NA,NA,NA,NA,NA
"230","Lance McCutcheon","LAR","WR","2567847","robust",NA,NA,NA,NA,NA,NA,NA,NA,NA,NA,0,0,0.33,0.237216,0,0,0,0,0,NA,0,NA,0.6925,0.266868,8.0825,4.195758,0.0375,0.014826,NA,NA,NA,NA,NA,NA,NA,NA,NA,NA,NA,NA,NA,NA,NA,NA,NA,NA,NA,NA,NA,NA,NA,NA,NA,NA
"231","James Proche","BAL","WR","2563572","robust",NA,NA,NA,NA,NA,NA,NA,NA,NA,NA,0,0,0.1,0.14826,0,0,NA,NA,NA,NA,NA,NA,1.215,0.778365,14.205,9.036447,0.055,0.007413,NA,NA,NA,NA,NA,NA,NA,NA,NA,NA,NA,NA,NA,NA,NA,NA,NA,NA,NA,NA,NA,NA,NA,NA,NA,NA
"232","Rashard Higgins","CAR","WR","2555468","robust",NA,NA,NA,NA,NA,NA,NA,NA,NA,NA,0,0,0,0,0,0,0.1,0,NA,NA,NA,NA,1.035,0.644931,13.235,9.244011,0.045,0.066717,NA,NA,NA,NA,NA,NA,NA,NA,NA,NA,NA,NA,NA,NA,NA,NA,NA,NA,NA,NA,NA,NA,NA,NA,NA,NA
"233","Steven Sims","PIT","WR","2563033","robust",NA,NA,NA,NA,NA,NA,NA,NA,NA,NA,0.88910447761194,NA,5.56,0.464548000000001,0.0224368189726216,0.0172345518725391,0.005,0.0037065,0,NA,0.05,0,1.6925,0.229803,15.5,3.269133,0.0375,0.044478,NA,NA,NA,NA,NA,NA,NA,NA,NA,NA,NA,NA,NA,NA,NA,NA,NA,NA,NA,NA,NA,NA,NA,NA,NA,NA
"234","Dante Pettis","CHI","WR","2560836","robust",NA,NA,NA,NA,NA,NA,NA,NA,NA,NA,0,0,0.94,0.711648,0,0,0,0,0,NA,0.01,0,1.2175,0.22239,15.62,3.7065,0.0625,0.029652,NA,NA,NA,NA,NA,NA,NA,NA,NA,NA,NA,NA,NA,NA,NA,NA,NA,NA,NA,NA,NA,NA,NA,NA,NA,NA
"235","Justin Watson","KC","WR","2560051","robust",NA,NA,NA,NA,NA,NA,NA,NA,NA,NA,0,0,0.01,0.009884,0,0,0,0,0,NA,0,NA,1.2475,0.274281,16.315,1.912554,0.1075,0.022239,NA,NA,NA,NA,NA,NA,NA,NA,NA,NA,NA,NA,NA,NA,NA,NA,NA,NA,NA,NA,NA,NA,NA,NA,NA,NA
"236","Jamal Agnew","JAC","WR","2558821","robust",NA,NA,NA,NA,NA,NA,NA,NA,NA,NA,0,0,3.84,1.957032,0.0075,0,0,0,0,NA,0.07,0,1.575,0.681996,14.6375,0.563387999999998,0.075,0.029652,NA,NA,NA,NA,NA,NA,NA,NA,NA,NA,NA,NA,NA,NA,NA,NA,NA,NA,NA,NA,NA,NA,NA,NA,NA,NA
"237","Jameson Williams","DET","WR","2567565","robust",NA,NA,NA,NA,NA,NA,NA,NA,NA,NA,0,0,0.7825,0.311346,0.0025,0.002471,0,0,0,NA,0,NA,0.58,0.378063,8.405,6.441897,0.0154468802698145,0.016151089376054,NA,NA,NA,NA,NA,NA,NA,NA,NA,NA,NA,NA,NA,NA,NA,NA,NA,NA,NA,NA,NA,NA,NA,NA,NA,NA
"238","Keelan Cole","LVR","WR","2559153","robust",NA,NA,NA,NA,NA,NA,NA,NA,NA,NA,0,0,0.315,0.192738,0,0,0,0,0,NA,0.01,0,0.4625,0.281694,6.785,3.143112,0.0475,0.044478,NA,NA,NA,NA,NA,NA,NA,NA,NA,NA,NA,NA,NA,NA,NA,NA,NA,NA,NA,NA,NA,NA,NA,NA,NA,NA
"239","N'Keal Harry","CHI","WR","2562659","robust",NA,NA,NA,NA,NA,NA,NA,NA,NA,NA,0,0,0,0,0,0,0,0,NA,NA,NA,NA,0.815,0.0222389999999999,12.185,4.173519,0.075,0.037065,NA,NA,NA,NA,NA,NA,NA,NA,NA,NA,NA,NA,NA,NA,NA,NA,NA,NA,NA,NA,NA,NA,NA,NA,NA,NA
"240","Cedrick Wilson","MIA","WR","2560936","robust",NA,NA,NA,NA,NA,NA,NA,NA,NA,NA,0,0,0,0,0,0,0,0,NA,NA,NA,NA,0.875,0.481845,10.01,7.398174,0.015,0.022239,NA,NA,NA,NA,NA,NA,NA,NA,NA,NA,NA,NA,NA,NA,NA,NA,NA,NA,NA,NA,NA,NA,"D","Hip",18,2022
"241","Trenton Irwin","CIN","WR","2562900","robust",NA,NA,NA,NA,NA,NA,NA,NA,NA,NA,0,0,0.48,0.360766,0,0,0,0,0,NA,0,NA,0.67,0.578214,8.9975,6.842199,0.015,0.014826,NA,NA,NA,NA,NA,NA,NA,NA,NA,NA,NA,NA,NA,NA,NA,NA,NA,NA,NA,NA,NA,NA,NA,NA,NA,NA
"242","KhaDarel Hodge","ATL","WR","2561653","robust",NA,NA,NA,NA,NA,NA,NA,NA,NA,NA,0,0,0.0075,0,0,0,0,0,0,NA,0,NA,0.6225,0.459606,8.965,7.279566,0.025,0.029652,NA,NA,NA,NA,NA,NA,NA,NA,NA,NA,NA,NA,NA,NA,NA,NA,NA,NA,NA,NA,NA,NA,NA,NA,NA,NA
"243","David Bell","CLE","WR","2567460","robust",NA,NA,NA,NA,NA,NA,NA,NA,NA,NA,0,0,-0.04,0.059304,0,0,0,0,0,NA,0,NA,1.2875,0.029652,13.1125,0.770951999999999,0.055,0.014826,NA,NA,NA,NA,NA,NA,NA,NA,NA,NA,NA,NA,NA,NA,NA,NA,NA,NA,NA,NA,NA,NA,NA,NA,NA,NA
"244","Ashton Dulin","IND","WR","2562562","robust",NA,NA,NA,NA,NA,NA,NA,NA,NA,NA,0,0,0,0,0,0,0,0,NA,NA,NA,NA,0.925,0.259455,11.43,2.327682,0.02,0.029652,NA,NA,NA,NA,NA,NA,NA,NA,NA,NA,NA,NA,NA,NA,NA,NA,NA,NA,NA,NA,NA,NA,NA,NA,NA,NA
"245","Cole Beasley","BUF","WR","2535698","robust",NA,NA,NA,NA,NA,NA,NA,NA,NA,NA,0,0,0,0,0,0,0,0,NA,NA,NA,NA,1.195,0.452193,10.87,3.157938,0.03,0.044478,NA,NA,NA,NA,NA,NA,NA,NA,NA,NA,NA,NA,NA,NA,NA,NA,NA,NA,NA,NA,NA,NA,NA,NA,NA,NA
"246","Denzel Mims","NYJ","WR","2564802","robust",NA,NA,NA,NA,NA,NA,NA,NA,NA,NA,0,0,0.01,0,0,0,0,0,0,NA,0,NA,0.78,0,11.355,0.252042,0.04,0.059304,NA,NA,NA,NA,NA,NA,NA,NA,NA,NA,NA,NA,NA,NA,NA,NA,NA,NA,NA,NA,NA,NA,NA,NA,NA,NA
"247","River Cracraft","MIA","WR","2559485","robust",NA,NA,NA,NA,NA,NA,NA,NA,NA,NA,0,0,0.0075,0,0,0,0,0,0,NA,0,NA,0.345,0.118608,3.8325,2.401812,0.0675,0.029652,NA,NA,NA,NA,NA,NA,NA,NA,NA,NA,NA,NA,NA,NA,NA,NA,NA,NA,NA,NA,NA,NA,NA,NA,NA,NA
"248","Braxton Berrios","NYJ","WR","2560975","robust",NA,NA,NA,NA,NA,NA,NA,NA,NA,NA,0.579294871794872,0.204902923076923,3.2275,1.141602,0.0525,0.059304,0,0,0,NA,0.01,0,0.88,0.355824,9.495,2.59455,0.03,0.044478,NA,NA,NA,NA,NA,NA,NA,NA,NA,NA,NA,NA,NA,NA,NA,NA,NA,NA,NA,NA,NA,NA,NA,NA,NA,NA
"249","Dyami Brown","WAS","WR","2566586","robust",NA,NA,NA,NA,NA,NA,NA,NA,NA,NA,0.266386554621849,0.0573105882352941,1.585,0.340998,0.00607843137254902,0.00319776470588235,0,0,0,NA,0,NA,0.3625,0.29652,6.255,0.489258,0.04,0,NA,NA,NA,NA,NA,NA,NA,NA,NA,NA,NA,NA,NA,NA,NA,NA,NA,NA,NA,NA,NA,NA,NA,NA,NA,NA
"250","Cam Sims","WAS","WR","2561067","robust",NA,NA,NA,NA,NA,NA,NA,NA,NA,NA,0,0,0.29,0.118608,0,0,0,0,0,NA,0,NA,0.7975,0.044478,9.425,1.586382,0.03,0,NA,NA,NA,NA,NA,NA,NA,NA,NA,NA,NA,NA,NA,NA,NA,NA,NA,NA,NA,NA,NA,NA,NA,NA,NA,NA
"251","Khalil Shakir","BUF","WR","2567334","robust",NA,NA,NA,NA,NA,NA,NA,NA,NA,NA,0,0,0.0125,0.012355,0,0,0,0,0,NA,0,NA,0.695,0.44478,8.25,3.943716,0.0175,0.022239,NA,NA,NA,NA,NA,NA,NA,NA,NA,NA,NA,NA,NA,NA,NA,NA,NA,NA,NA,NA,NA,NA,NA,NA,NA,NA
"252","Scott Miller","TB","WR","2562865","robust",NA,NA,NA,NA,NA,NA,NA,NA,NA,NA,NA,NA,0.705,0.437367,0,0,0,0,NA,NA,0.01,0,0.92,0.563388,9.165,2.720571,0.02,0.029652,NA,NA,NA,NA,NA,NA,NA,NA,NA,NA,NA,NA,NA,NA,NA,NA,NA,NA,NA,NA,NA,NA,NA,NA,NA,NA
"253","Jalen Nailor","MIN","WR","2567925","robust",NA,NA,NA,NA,NA,NA,NA,NA,NA,NA,0,0,0.0525,0,0,0,0,0,0,NA,0,NA,0.53,0.22239,6.6875,2.846592,0.0375,0.044478,NA,NA,NA,NA,NA,NA,NA,NA,NA,NA,NA,NA,NA,NA,NA,NA,NA,NA,NA,NA,NA,NA,NA,NA,NA,NA
"254","Travis Kelce","KC","TE","2540258","robust",NA,NA,NA,NA,NA,NA,NA,NA,NA,NA,0,0,0.075,0.07413,0,0,0.1,0,0,NA,0,NA,6.0375,0.185325000000001,75.625,2.9652,0.6975,0.14826,NA,NA,NA,NA,NA,NA,NA,NA,NA,NA,NA,NA,NA,NA,NA,NA,NA,NA,NA,NA,NA,NA,NA,NA,NA,NA
"255","Mark Andrews","BAL","TE","2560957","robust",NA,NA,NA,NA,NA,NA,NA,NA,NA,NA,0,0,0.3625,0.358295,0,0,0,0,0,NA,0,NA,5.22,0.200151,61.4575,4.773972,0.3675,0.118608,NA,NA,NA,NA,NA,NA,NA,NA,NA,NA,NA,NA,NA,NA,NA,NA,NA,NA,NA,NA,NA,NA,NA,NA,NA,NA
"256","Evan Engram","JAC","TE","2557858","robust",NA,NA,NA,NA,NA,NA,NA,NA,NA,NA,0.152209944751381,NA,1.1775,0.249571,0.00764328831594025,0.00232937382852466,0,0,0,NA,0,NA,4.7975,0.0741299999999997,58.7025,7.613151,0.3375,0.059304,NA,NA,NA,NA,NA,NA,NA,NA,NA,NA,NA,NA,NA,NA,NA,NA,NA,NA,NA,NA,NA,NA,NA,NA,NA,NA
"257","T.J. Hockenson","MIN","TE","2562378","robust",NA,NA,NA,NA,NA,NA,NA,NA,NA,NA,0,0,0.0175,0.017297,0,0,0.1,0,0,NA,0,NA,5.205,0.726474000000001,49.6875,0.971103000000002,0.355,0.051891,NA,NA,NA,NA,NA,NA,NA,NA,NA,NA,NA,NA,NA,NA,NA,NA,NA,NA,NA,NA,NA,NA,NA,NA,NA,NA
"258","George Kittle","SF","TE","2558266","robust",NA,NA,NA,NA,NA,NA,NA,NA,NA,NA,0,0,0.03,0.029652,0,0,0.1,0,0,NA,0,NA,4.2375,0.266868,55.055,3.30619800000001,0.6275,0.259455,NA,NA,NA,NA,NA,NA,NA,NA,NA,NA,NA,NA,NA,NA,NA,NA,NA,NA,NA,NA,NA,NA,NA,NA,NA,NA
"259","Darren Waller","LVR","TE","2552408","robust",NA,NA,NA,NA,NA,NA,NA,NA,NA,NA,0,0,0.08,0.034594,0,0,0,0,0,NA,0,NA,4.11,0.66717,52.7525,5.1891,0.375,0.133434,NA,NA,NA,NA,NA,NA,NA,NA,NA,NA,NA,NA,NA,NA,NA,NA,NA,NA,NA,NA,NA,NA,NA,NA,NA,NA
"260","Dallas Goedert","PHI","TE","2560995","robust",NA,NA,NA,NA,NA,NA,NA,NA,NA,NA,0,0,0.015,0.014826,0,0,0,0,0,NA,0,NA,4.275,0.51891,54.3775,1.386231,0.235,0.118608,NA,NA,NA,NA,NA,NA,NA,NA,NA,NA,NA,NA,NA,NA,NA,NA,NA,NA,NA,NA,NA,NA,NA,NA,NA,NA
"261","Tyler Higbee","LAR","TE","2555364","robust",NA,NA,NA,NA,NA,NA,NA,NA,NA,NA,0,0,0.02,0.019768,0,0,0,0,0,NA,0,NA,4.575,0.303932999999999,43.76,3.59530500000001,0.345,0.051891,NA,NA,NA,NA,NA,NA,NA,NA,NA,NA,NA,NA,NA,NA,NA,NA,NA,NA,NA,NA,NA,NA,NA,NA,NA,NA
"262","Pat Freiermuth","PIT","TE","2566442","robust",NA,NA,NA,NA,NA,NA,NA,NA,NA,NA,0,0,0.015,0.014826,0,0,0,0,0,NA,0,NA,4.1475,0.533736,46.9275,1.060059,0.3075,0.081543,NA,NA,NA,NA,NA,NA,NA,NA,NA,NA,NA,NA,NA,NA,NA,NA,NA,NA,NA,NA,NA,NA,NA,NA,NA,NA
"263","Dawson Knox","BUF","TE","2562681","robust",NA,NA,NA,NA,NA,NA,NA,NA,NA,NA,0,0,0.06,0.032123,0,0,0,0,0,NA,0,NA,3.6575,0.467019,43.57,2.253552,0.3825,0.059304,NA,NA,NA,NA,NA,NA,NA,NA,NA,NA,NA,NA,NA,NA,NA,NA,NA,NA,NA,NA,NA,NA,NA,NA,NA,NA
"264","Tyler Conklin","NYJ","TE","2561027","robust",NA,NA,NA,NA,NA,NA,NA,NA,NA,NA,0,0,0.245,0.242158,0,0,0,0,0,NA,0,NA,3.615,0.400302,35.8625,6.553092,0.1175,0.059304,NA,NA,NA,NA,NA,NA,NA,NA,NA,NA,NA,NA,NA,NA,NA,NA,NA,NA,NA,NA,NA,NA,NA,NA,NA,NA
"265","Dalton Schultz","DAL","TE","2560866","robust",NA,NA,NA,NA,NA,NA,NA,NA,NA,NA,0,0,0.015,0.014826,0,0,0,0,0,NA,0,NA,4.0025,0.0741299999999997,42.8,1.92738,0.39,0.07413,NA,NA,NA,NA,NA,NA,NA,NA,NA,NA,NA,NA,NA,NA,NA,NA,NA,NA,NA,NA,NA,NA,NA,NA,NA,NA
"266","Trey McBride","ARI","TE","2568117","robust",NA,NA,NA,NA,NA,NA,NA,NA,NA,NA,0,0,0.015,0.014826,0,0,0,0,0,NA,0,NA,3.7625,0.22239,37.205,6.879264,0.165,0.029652,NA,NA,NA,NA,NA,NA,NA,NA,NA,NA,NA,NA,NA,NA,NA,NA,NA,NA,NA,NA,NA,NA,NA,NA,NA,NA
"267","Cole Kmet","CHI","TE","2563704","robust",NA,NA,NA,NA,NA,NA,NA,NA,NA,NA,0,0,0.26,0.256984,0.0025,0.002471,0,0,0,NA,0,NA,3.4125,0.326172,38.54,3.958542,0.225,0.088956,NA,NA,NA,NA,NA,NA,NA,NA,NA,NA,NA,NA,NA,NA,NA,NA,NA,NA,NA,NA,NA,NA,NA,NA,NA,NA
"268","Jelani Woods","IND","TE","2567724","robust",NA,NA,NA,NA,NA,NA,NA,NA,NA,NA,0,0,0.06,0.059304,0,0,0,0,0,NA,0,NA,2.315,0.726474,29.95,11.289999,0.1375,0.126021,NA,NA,NA,NA,NA,NA,NA,NA,NA,NA,NA,NA,NA,NA,NA,NA,NA,NA,NA,NA,NA,NA,NA,NA,NA,NA
"269","David Njoku","CLE","TE","2557986","robust",NA,NA,NA,NA,NA,NA,NA,NA,NA,NA,0,0,0.14,0.286636,0,0,0,0,0,NA,0,NA,3.3125,0.274281,40.4275,1.979271,0.2125,0.07413,NA,NA,NA,NA,NA,NA,NA,NA,NA,NA,NA,NA,NA,NA,NA,NA,NA,NA,NA,NA,NA,NA,NA,NA,NA,NA
"270","Hunter Henry","NE","TE","2555341","robust",NA,NA,NA,NA,NA,NA,NA,NA,NA,NA,0,0,0.01,0.009884,0,0,0,0,0,NA,0,NA,3.135,0.7413,35.215,4.58123400000001,0.2025,0.00741299999999999,NA,NA,NA,NA,NA,NA,NA,NA,NA,NA,NA,NA,NA,NA,NA,NA,NA,NA,NA,NA,NA,NA,NA,NA,NA,NA
"271","Juwan Johnson","NO","TE","2564676","robust",NA,NA,NA,NA,NA,NA,NA,NA,NA,NA,0,0,0.28,0.261926,0,0,0,0,0,NA,0,NA,3.525,0.578214,40.25,0.882146999999998,0.28,0.177912,NA,NA,NA,NA,NA,NA,NA,NA,NA,NA,NA,NA,NA,NA,NA,NA,NA,NA,NA,NA,NA,NA,"Q","Quadriceps",18,2022
"272","Robert Tonyan","GB","TE","2559270","robust",NA,NA,NA,NA,NA,NA,NA,NA,NA,NA,0,0,0.0075,0.007413,0,0,0,0,0,NA,0,NA,2.315,0.237216,23.915,2.527833,0.205,0.170499,NA,NA,NA,NA,NA,NA,NA,NA,NA,NA,NA,NA,NA,NA,NA,NA,NA,NA,NA,NA,NA,NA,NA,NA,NA,NA
"273","Gerald Everett","LAC","TE","2557889","robust",NA,NA,NA,NA,NA,NA,NA,NA,NA,NA,0,0,0.0475,0.046949,0,0,0,0,0,NA,0,NA,3.4,0.533736,35.0675,3.7065,0.145,0.044478,NA,NA,NA,NA,NA,NA,NA,NA,NA,NA,NA,NA,NA,NA,NA,NA,NA,NA,NA,NA,NA,NA,NA,NA,NA,NA
"274","Logan Thomas","WAS","TE","2543767","robust",NA,NA,NA,NA,NA,NA,NA,NA,NA,NA,0,0,0.03,0.029652,0,0,0,0,0,NA,0,NA,3.085,0.756126,32.265,6.049008,0.17,0.037065,NA,NA,NA,NA,NA,NA,NA,NA,NA,NA,NA,NA,NA,NA,NA,NA,NA,NA,NA,NA,NA,NA,NA,NA,NA,NA
"275","Noah Fant","SEA","TE","2562383","robust",NA,NA,NA,NA,NA,NA,NA,NA,NA,NA,0,0,0.075,0.02471,0,0,0,0,0,NA,0,NA,2.94,0.281694,32.5825,3.276546,0.1675,0.103782,NA,NA,NA,NA,NA,NA,NA,NA,NA,NA,NA,NA,NA,NA,NA,NA,NA,NA,NA,NA,NA,NA,NA,NA,NA,NA
"276","Cade Otton","TB","TE","2568312","robust",NA,NA,NA,NA,NA,NA,NA,NA,NA,NA,0,0,0.015,0.014826,0,0,0,0,0,NA,0,NA,2.6625,0.555975,26.415,2.831766,0.15,0.126021,NA,NA,NA,NA,NA,NA,NA,NA,NA,NA,NA,NA,NA,NA,NA,NA,NA,NA,NA,NA,NA,NA,NA,NA,NA,NA
"277","Parker Hesse","ATL","TE","2563272","robust",NA,NA,NA,NA,NA,NA,NA,NA,NA,NA,0,0,0,0,0,0,0,0,NA,NA,NA,NA,2.125,1.149015,24.675,16.790445,0.15,0.07413,NA,NA,NA,NA,NA,NA,NA,NA,NA,NA,NA,NA,NA,NA,NA,NA,NA,NA,NA,NA,NA,NA,NA,NA,NA,NA
"278","Hayden Hurst","CIN","TE","2560747","robust",NA,NA,NA,NA,NA,NA,NA,NA,NA,NA,0,0,0.0175,0.017297,0,0,0,0,0,NA,0,NA,3.07,0.274281,28.06,3.024504,0.185,0.059304,NA,NA,NA,NA,NA,NA,NA,NA,NA,NA,NA,NA,NA,NA,NA,NA,NA,NA,NA,NA,NA,NA,NA,NA,NA,NA
"279","Eric Saubert","DEN","TE","2558023","robust",NA,NA,NA,NA,NA,NA,NA,NA,NA,NA,0,0,0.02,0.019768,0,0,0,0,0,NA,0,NA,1.72,0.904386,15.7025,6.834786,0.075,0.059304,NA,NA,NA,NA,NA,NA,NA,NA,NA,NA,NA,NA,NA,NA,NA,NA,NA,NA,NA,NA,NA,NA,"Q","Knee",18,2022
"280","Albert Okwuegbunam","DEN","TE","2563911","robust",NA,NA,NA,NA,NA,NA,NA,NA,NA,NA,0,0,0.0225,0.022239,0,0,0,0,0,NA,0,NA,1.765,0.859908,19.615,10.15581,0.075,0.059304,NA,NA,NA,NA,NA,NA,NA,NA,NA,NA,NA,NA,NA,NA,NA,NA,NA,NA,NA,NA,NA,NA,NA,NA,NA,NA
"281","Austin Hooper","TEN","TE","2555415","robust",NA,NA,NA,NA,NA,NA,NA,NA,NA,NA,0,0,0.005,0.004942,0,0,0,0,0,NA,0,NA,2.51,0.548562,27.4425,4.143867,0.14,0.044478,NA,NA,NA,NA,NA,NA,NA,NA,NA,NA,NA,NA,NA,NA,NA,NA,NA,NA,NA,NA,NA,NA,NA,NA,NA,NA
"282","Jordan Akins","HOU","TE","2560951","robust",NA,NA,NA,NA,NA,NA,NA,NA,NA,NA,0,0,0.075,0.07413,0,0,0,0,0,NA,0,NA,2.4675,0.400302,27.1675,2.475942,0.1075,0.051891,NA,NA,NA,NA,NA,NA,NA,NA,NA,NA,NA,NA,NA,NA,NA,NA,NA,NA,NA,NA,NA,NA,NA,NA,NA,NA
"283","Mike Gesicki","MIA","TE","2560994","robust",NA,NA,NA,NA,NA,NA,NA,NA,NA,NA,0,0,0.01,0.009884,0,0,0,0,0,NA,0,NA,1.7125,0.607866,15.0975,0.192738000000002,0.1,0.081543,NA,NA,NA,NA,NA,NA,NA,NA,NA,NA,NA,NA,NA,NA,NA,NA,NA,NA,NA,NA,NA,NA,NA,NA,NA,NA
"284","Shane Zylstra","DET","TE","2567172","robust",NA,NA,NA,NA,NA,NA,NA,NA,NA,NA,0,0,0.01,0,0,0,0,0,0,NA,0,NA,1.39,1.40847,13.845,14.23296,0.137450970873786,0.140701618834951,NA,NA,NA,NA,NA,NA,NA,NA,NA,NA,NA,NA,NA,NA,NA,NA,NA,NA,NA,NA,NA,NA,NA,NA,NA,NA
"285","MyCole Pruitt","ATL","TE","2552401","robust",NA,NA,NA,NA,NA,NA,NA,NA,NA,NA,0,0,0.0075,0.007413,0,0,0,0,0,NA,0,NA,1.435,0.214977,13.5,1.586382,0.1,0.07413,NA,NA,NA,NA,NA,NA,NA,NA,NA,NA,NA,NA,NA,NA,NA,NA,NA,NA,NA,NA,NA,NA,NA,NA,NA,NA
"286","Chigoziem Okonkwo","TEN","TE","2567658","robust",NA,NA,NA,NA,NA,NA,NA,NA,NA,NA,0,0,0.1425,0.116137,0,0,0,0,0,NA,0,NA,2.36,0.378063,28.155,1.4826,0.11,0.066717,NA,NA,NA,NA,NA,NA,NA,NA,NA,NA,NA,NA,NA,NA,NA,NA,NA,NA,NA,NA,NA,NA,NA,NA,NA,NA
"287","Colby Parkinson","SEA","TE","2565180","robust",NA,NA,NA,NA,NA,NA,NA,NA,NA,NA,0,0,0.0375,0,0,0,0,0,0,NA,0,NA,2.0725,0.415128,21.955,7.309218,0.105,0.014826,NA,NA,NA,NA,NA,NA,NA,NA,NA,NA,NA,NA,NA,NA,NA,NA,NA,NA,NA,NA,NA,NA,NA,NA,NA,NA
"288","Cameron Brate","TB","TE","2550656","robust",NA,NA,NA,NA,NA,NA,NA,NA,NA,NA,0,0,0.0075,0,0,0,0,0,0,NA,0,NA,1.285,0.830256,12.4725,8.183952,0.0925,0.059304,NA,NA,NA,NA,NA,NA,NA,NA,NA,NA,NA,NA,NA,NA,NA,NA,NA,NA,NA,NA,NA,NA,NA,NA,NA,NA
"289","Irv Smith Jr.","MIN","TE","2562738","robust",NA,NA,NA,NA,NA,NA,NA,NA,NA,NA,0,0,0.0075,0,0,0,0.1,0,0,NA,0,NA,2.23,0.948864,20.345,9.355206,0.1375,0.014826,NA,NA,NA,NA,NA,NA,NA,NA,NA,NA,NA,NA,NA,NA,NA,NA,NA,NA,NA,NA,NA,NA,NA,NA,NA,NA
"290","Foster Moreau","LVR","TE","2562317","robust",NA,NA,NA,NA,NA,NA,NA,NA,NA,NA,0,0,0.0125,0.012355,0,0,0,0,0,NA,0,NA,1.695,0.719061,19.9725,7.835541,0.0925,0.059304,NA,NA,NA,NA,NA,NA,NA,NA,NA,NA,NA,NA,NA,NA,NA,NA,NA,NA,NA,NA,NA,NA,NA,NA,NA,NA
"291","Daniel Bellinger","NYG","TE","2567985","robust",NA,NA,NA,NA,NA,NA,NA,NA,NA,NA,0,0,0.15,0.12355,0,0,0.1,0,0,NA,0,NA,2.58,0.163086,25.4,0.793191,0.14,0.051891,NA,NA,NA,NA,NA,NA,NA,NA,NA,NA,NA,NA,NA,NA,NA,NA,NA,NA,NA,NA,NA,NA,NA,NA,NA,NA
"292","Taysom Hill","NO","TE","2558954","robust",NA,NA,NA,NA,NA,NA,NA,NA,NA,NA,0,NA,55.665,15.811929,0.435209497964722,0.0290307966350068,0,0,0,NA,0,NA,1.515,0.652344,16.18,7.828128,0.3625,0.29652,NA,NA,NA,NA,NA,NA,NA,NA,NA,NA,NA,NA,NA,NA,NA,NA,NA,NA,NA,NA,NA,NA,"Q","Back",18,2022
"293","Isaiah Likely","BAL","TE","2567283","robust",NA,NA,NA,NA,NA,NA,NA,NA,NA,NA,0,0,0.01,0.009884,0,0,0,0,0,NA,0,NA,1.7275,0.733887,17.4225,4.091976,0.1025,0.07413,NA,NA,NA,NA,NA,NA,NA,NA,NA,NA,NA,NA,NA,NA,NA,NA,NA,NA,NA,NA,NA,NA,NA,NA,NA,NA
"294","Teagan Quitoriano","HOU","TE","2567691","robust",NA,NA,NA,NA,NA,NA,NA,NA,NA,NA,0,0,0.02,0,0,0,0.1,0,0,NA,0,NA,1.5375,0.14826,15.65,1.838424,0.15,0.044478,NA,NA,NA,NA,NA,NA,NA,NA,NA,NA,NA,NA,NA,NA,NA,NA,NA,NA,NA,NA,NA,NA,NA,NA,NA,NA
"295","C.J. Uzomah","NYJ","TE","2552559","robust",NA,NA,NA,NA,NA,NA,NA,NA,NA,NA,0,0,0.0325,0.032123,0,0,0,0,0,NA,0,NA,1.4,0.318759,15.8975,3.536001,0.0775,0.051891,NA,NA,NA,NA,NA,NA,NA,NA,NA,NA,NA,NA,NA,NA,NA,NA,NA,NA,NA,NA,NA,NA,"Q","Ankle",18,2022
"296","Tommy Tremble","CAR","TE","2565914","robust",NA,NA,NA,NA,NA,NA,NA,NA,NA,NA,0,0,0.0225,0.022239,0,0,0,0,0,NA,0,NA,1.525,0.185325,13.99,0.852495,0.0825,0.014826,NA,NA,NA,NA,NA,NA,NA,NA,NA,NA,NA,NA,NA,NA,NA,NA,NA,NA,NA,NA,NA,NA,NA,NA,NA,NA
"297","Maxx Williams","ARI","TE","2552468","robust",NA,NA,NA,NA,NA,NA,NA,NA,NA,NA,0,0,0,0,0,0,0,0,NA,NA,NA,NA,1.53,0.785778,13.46,11.060196,0.04,0.059304,NA,NA,NA,NA,NA,NA,NA,NA,NA,NA,NA,NA,NA,NA,NA,NA,NA,NA,NA,NA,NA,NA,NA,NA,NA,NA
"298","Mo Alie-Cox","IND","TE","2558832","robust",NA,NA,NA,NA,NA,NA,NA,NA,NA,NA,0,0,0.01,0.009884,0,0,0.1,0,0,NA,0,NA,1.1625,0.14826,14,2.9652,0.0625,0.051891,NA,NA,NA,NA,NA,NA,NA,NA,NA,NA,NA,NA,NA,NA,NA,NA,NA,NA,NA,NA,NA,NA,NA,NA,NA,NA
"299","Brock Wright","DET","TE","2567221","robust",NA,NA,NA,NA,NA,NA,NA,NA,NA,NA,0,0,0.015,0.014826,0,0,0,0,0,NA,0,NA,1.3725,0.303933,16.75,2.409225,0.11,0.07413,NA,NA,NA,NA,NA,NA,NA,NA,NA,NA,NA,NA,NA,NA,NA,NA,NA,NA,NA,NA,NA,NA,NA,NA,NA,NA
"300","Dan Arnold","JAC","TE","2559385","robust",NA,NA,NA,NA,NA,NA,NA,NA,NA,NA,0,0,0,0,0,0,0,0,NA,NA,NA,NA,0.81,0.874734,11.075,11.749605,0.005,0.007413,NA,NA,NA,NA,NA,NA,NA,NA,NA,NA,NA,NA,NA,NA,NA,NA,NA,NA,NA,NA,NA,NA,NA,NA,NA,NA
"301","Noah Gray","KC","TE","2566178","robust",NA,NA,NA,NA,NA,NA,NA,NA,NA,NA,0,0,0.0175,0.017297,0,0,0,0,0,NA,0,NA,1.525,0.103782,15.3275,2.624202,0.0925,0.051891,NA,NA,NA,NA,NA,NA,NA,NA,NA,NA,NA,NA,NA,NA,NA,NA,NA,NA,NA,NA,NA,NA,NA,NA,NA,NA
"302","Josh Oliver","BAL","TE","2562693","robust",NA,NA,NA,NA,NA,NA,NA,NA,NA,NA,0,0,0.015,0,0,0,0,0,0,NA,0,NA,1.385,0.489258,14.375,2.994852,0.0925,0,NA,NA,NA,NA,NA,NA,NA,NA,NA,NA,NA,NA,NA,NA,NA,NA,NA,NA,NA,NA,NA,NA,NA,NA,NA,NA
"303","Harrison Bryant","CLE","TE","2563767","robust",NA,NA,NA,NA,NA,NA,NA,NA,NA,NA,0,0,0.49,0.711648,0,0,0,0,0,NA,0,NA,1.585,0.237216,14.695,0.726474,0.085,0,NA,NA,NA,NA,NA,NA,NA,NA,NA,NA,NA,NA,NA,NA,NA,NA,NA,NA,NA,NA,NA,NA,NA,NA,NA,NA
"304","Josiah Deguara","GB","TE","2563980","robust",NA,NA,NA,NA,NA,NA,NA,NA,NA,NA,0,0,0,0,0,0,0,0,NA,NA,NA,NA,1.025,0.852495,9.74,7.798476,0.02,0.029652,NA,NA,NA,NA,NA,NA,NA,NA,NA,NA,NA,NA,NA,NA,NA,NA,NA,NA,NA,NA,NA,NA,"Q","Calf",18,2022
"305","Brevin Jordan","HOU","TE","2566130","robust",NA,NA,NA,NA,NA,NA,NA,NA,NA,NA,0,0,0.01,0.009884,0,0,0,0,0,NA,0,NA,1.1925,0.14826,12.8975,2.2239,0.0825,0.014826,NA,NA,NA,NA,NA,NA,NA,NA,NA,NA,NA,NA,NA,NA,NA,NA,NA,NA,NA,NA,NA,NA,NA,NA,NA,NA
"306","Donald Parham","LAC","TE","2562394","robust",NA,NA,NA,NA,NA,NA,NA,NA,NA,NA,0,0,0.01,0.009884,0,0,0,0,0,NA,0,NA,1.125,0.400302,10,4.329192,0.055,0.07413,NA,NA,NA,NA,NA,NA,NA,NA,NA,NA,NA,NA,NA,NA,NA,NA,NA,NA,NA,NA,NA,NA,NA,NA,NA,NA
"307","Jake Ferguson","DAL","TE","2567496","robust",NA,NA,NA,NA,NA,NA,NA,NA,NA,NA,0,0,0.0375,0,0,0,0,0,0,NA,0,NA,0.93,0.66717,9.8425,4.862928,0.0625,0.044478,NA,NA,NA,NA,NA,NA,NA,NA,NA,NA,NA,NA,NA,NA,NA,NA,NA,NA,NA,NA,NA,NA,NA,NA,NA,NA
"308","Adam Trautman","NO","TE","2564703","robust",NA,NA,NA,NA,NA,NA,NA,NA,NA,NA,0,0,0.01,0,0,0,0,0,0,NA,0,NA,1.0225,0.400302,10.39,4.106802,0.07,0,NA,NA,NA,NA,NA,NA,NA,NA,NA,NA,NA,NA,NA,NA,NA,NA,NA,NA,NA,NA,NA,NA,NA,NA,NA,NA
"309","John Bates","WAS","TE","2566580","robust",NA,NA,NA,NA,NA,NA,NA,NA,NA,NA,0,0,0.01,0,0,0,0,0,0,NA,0,NA,0.7025,0.578214,6.8,5.826618,0.0475,0.044478,NA,NA,NA,NA,NA,NA,NA,NA,NA,NA,NA,NA,NA,NA,NA,NA,NA,NA,NA,NA,NA,NA,NA,NA,NA,NA
"310","Ian Thomas","CAR","TE","2560894","robust",NA,NA,NA,NA,NA,NA,NA,NA,NA,NA,0,0,0.015,0.014826,0,0,0,0,0,NA,0,NA,1.16,0.126021,11.0525,0.696822,0.035,0.051891,NA,NA,NA,NA,NA,NA,NA,NA,NA,NA,NA,NA,NA,NA,NA,NA,NA,NA,NA,NA,NA,NA,NA,NA,NA,NA
"311","Brycen Hopkins","LAR","TE","2564349","robust",NA,NA,NA,NA,NA,NA,NA,NA,NA,NA,0,0,0.01,0,0,0,0,0,0,NA,0,NA,1.1025,0.22239,12.955,1.541904,0.0625,0.014826,NA,NA,NA,NA,NA,NA,NA,NA,NA,NA,NA,NA,NA,NA,NA,NA,NA,NA,NA,NA,NA,NA,NA,NA,NA,NA
"312","Anthony Firkser","ATL","TE","2558942","robust",NA,NA,NA,NA,NA,NA,NA,NA,NA,NA,0,0,0.0075,0,0,0,0,0,0,NA,0,NA,1.0975,0.415128,10.8625,0.103782,0.07,0.014826,NA,NA,NA,NA,NA,NA,NA,NA,NA,NA,NA,NA,NA,NA,NA,NA,NA,NA,NA,NA,NA,NA,NA,NA,NA,NA
"313","Durham Smythe","MIA","TE","2560880","robust",NA,NA,NA,NA,NA,NA,NA,NA,NA,NA,0,0,0.145,0.14826,0.05,0.07413,0,0,0,NA,0,NA,0.955,0.415128,8.6275,5.960052,0.0625,0.044478,NA,NA,NA,NA,NA,NA,NA,NA,NA,NA,NA,NA,NA,NA,NA,NA,NA,NA,NA,NA,NA,NA,NA,NA,NA,NA
"314","Tre' McKitty","LAC","TE","2566490","robust",NA,NA,NA,NA,NA,NA,NA,NA,NA,NA,0,0,0.01,0,0,0,0,0,0,NA,0,NA,0.865,0.845082,6.24,3.839934,0.0475,0.044478,NA,NA,NA,NA,NA,NA,NA,NA,NA,NA,NA,NA,NA,NA,NA,NA,NA,NA,NA,NA,NA,NA,NA,NA,NA,NA
"315","Eric Tomlinson","DEN","TE","2553744","robust",NA,NA,NA,NA,NA,NA,NA,NA,NA,NA,0,0,0,0,0,0,0,0,NA,NA,NA,NA,0.945,0.526323,9.97,4.492278,0.075,0.037065,NA,NA,NA,NA,NA,NA,NA,NA,NA,NA,NA,NA,NA,NA,NA,NA,NA,NA,NA,NA,NA,NA,"Q","Ankle",18,2022
"316","Marcedes Lewis","GB","TE","2495888","robust",NA,NA,NA,NA,NA,NA,NA,NA,NA,NA,0,0,0,0,0,0,0,0,NA,NA,NA,NA,0.7,0.7413,7.025,7.375935,0.06,0.059304,NA,NA,NA,NA,NA,NA,NA,NA,NA,NA,NA,NA,NA,NA,NA,NA,NA,NA,NA,NA,NA,NA,NA,NA,NA,NA
"317","Jack Stoll","PHI","TE","2567061","robust",NA,NA,NA,NA,NA,NA,NA,NA,NA,NA,0,0,0.01,0,0,0,0,0,0,NA,0,NA,0.74,0.326172,6.725,1.70499,0.03,0,NA,NA,NA,NA,NA,NA,NA,NA,NA,NA,NA,NA,NA,NA,NA,NA,NA,NA,NA,NA,NA,NA,NA,NA,NA,NA
"318","James Mitchell","DET","TE","2567556","robust",NA,NA,NA,NA,NA,NA,NA,NA,NA,NA,0,0,0,0,0,0,0,0,NA,NA,NA,NA,0.725,0.407715,7.68,4.922232,0.07,0.044478,NA,NA,NA,NA,NA,NA,NA,NA,NA,NA,NA,NA,NA,NA,NA,NA,NA,NA,NA,NA,NA,NA,NA,NA,NA,NA
"319","Pharaoh Brown","CLE","TE","2559018","robust",NA,NA,NA,NA,NA,NA,NA,NA,NA,NA,0,0,0,0,0,0,0,0,NA,NA,NA,NA,0.84,0.533736,7.635,4.988949,0.015,0.022239,NA,NA,NA,NA,NA,NA,NA,NA,NA,NA,NA,NA,NA,NA,NA,NA,NA,NA,NA,NA,NA,NA,NA,NA,NA,NA
"320","Johnny Mundt","MIN","TE","2558875","robust",NA,NA,NA,NA,NA,NA,NA,NA,NA,NA,0,0,0,0,0,0,0,0,NA,NA,NA,NA,0.725,0.704235,6.165,5.685771,0.06,0.059304,NA,NA,NA,NA,NA,NA,NA,NA,NA,NA,NA,NA,NA,NA,NA,NA,NA,NA,NA,NA,NA,NA,NA,NA,NA,NA
"321","Zach Gentry","PIT","TE","2562654","robust",NA,NA,NA,NA,NA,NA,NA,NA,NA,NA,0,0,0,0,0,0,0,0,NA,NA,NA,NA,1.005,0.882147,6.575,5.077905,0.015,0.022239,NA,NA,NA,NA,NA,NA,NA,NA,NA,NA,NA,NA,NA,NA,NA,NA,NA,NA,NA,NA,NA,NA,NA,NA,NA,NA
"322","Tyler Kroft","SF","TE","2552586","robust",NA,NA,NA,NA,NA,NA,NA,NA,NA,NA,0,0,0,0,0,0,0,0,NA,NA,NA,NA,0.55,0.22239,7.01,4.432974,0.02,0.029652,NA,NA,NA,NA,NA,NA,NA,NA,NA,NA,NA,NA,NA,NA,NA,NA,NA,NA,NA,NA,NA,NA,NA,NA,NA,NA
"323","O.J. Howard","HOU","TE","2557856","robust",NA,NA,NA,NA,NA,NA,NA,NA,NA,NA,0,0,0.01,0,0,0,0,0,0,NA,0,NA,0.705,0.0593040000000001,8.73,0.785777999999999,0.0725,0.029652,NA,NA,NA,NA,NA,NA,NA,NA,NA,NA,NA,NA,NA,NA,NA,NA,NA,NA,NA,NA,NA,NA,"Q","Hip",18,2022
"324","Nick Vannett","NYG","TE","2555289","robust",NA,NA,NA,NA,NA,NA,NA,NA,NA,NA,0,0,0,0,0,0,0,0,NA,NA,NA,NA,0.88,0.266868,8.35,2.00151,0.025,0.037065,NA,NA,NA,NA,NA,NA,NA,NA,NA,NA,NA,NA,NA,NA,NA,NA,NA,NA,NA,NA,NA,NA,NA,NA,NA,NA
"325","Kyle Rudolph","TB","TE","2495438","robust",NA,NA,NA,NA,NA,NA,NA,NA,NA,NA,0,0,0,0,0,0,0,0,NA,NA,NA,NA,0.475,0.333585,5.81,4.729494,0.01,0.014826,NA,NA,NA,NA,NA,NA,NA,NA,NA,NA,NA,NA,NA,NA,NA,NA,NA,NA,NA,NA,NA,NA,NA,NA,NA,NA
"326","Mitchell Wilcox","CIN","TE","2563749","robust",NA,NA,NA,NA,NA,NA,NA,NA,NA,NA,0,0,0.01,0,0,0,0,0,0,NA,0,NA,0.9175,0.578214,7.1425,0.504084,0.025,0.029652,NA,NA,NA,NA,NA,NA,NA,NA,NA,NA,NA,NA,NA,NA,NA,NA,NA,NA,NA,NA,NA,NA,NA,NA,NA,NA
"327","Cardinals","ARI","DST","100026","robust",NA,NA,NA,NA,NA,NA,NA,NA,NA,NA,NA,NA,NA,NA,NA,NA,NA,NA,NA,NA,NA,NA,NA,NA,NA,NA,NA,NA,0.6075,0.014826,2.065,0.103782,0.03,0.044478,0.1275,0.029652,0,NA,NA,NA,NA,NA,NA,NA,NA,NA,NA,NA,NA,NA,NA,NA,NA,NA
"328","Raiders","LVR","DST","100018","robust",NA,NA,NA,NA,NA,NA,NA,NA,NA,NA,NA,NA,NA,NA,NA,NA,NA,NA,NA,NA,NA,NA,NA,NA,NA,NA,NA,NA,0.5125,0.014826,1.77,0.118608,0.015,0.022239,0.12,0.029652,0,NA,NA,NA,NA,NA,NA,NA,NA,NA,NA,NA,NA,NA,NA,NA,NA,NA
"329","Giants","NYG","DST","100023","robust",NA,NA,NA,NA,NA,NA,NA,NA,NA,NA,NA,NA,NA,NA,NA,NA,NA,NA,NA,NA,NA,NA,NA,NA,NA,NA,NA,NA,0.57,0.0889559999999999,2.4175,0.415128,0.015,0.022239,0.15,0.029652,0,NA,NA,NA,NA,NA,NA,NA,NA,NA,NA,NA,NA,NA,NA,NA,NA,NA
"330","Packers","GB","DST","100011","robust",NA,NA,NA,NA,NA,NA,NA,NA,NA,NA,NA,NA,NA,NA,NA,NA,NA,NA,NA,NA,NA,NA,NA,NA,NA,NA,NA,NA,0.9175,0.311346,1.7925,0.0593040000000001,0.015,0.022239,0.175,0.029652,0,NA,NA,NA,NA,NA,NA,NA,NA,NA,NA,NA,NA,NA,NA,NA,NA,NA
"331","Lions","DET","DST","100010","robust",NA,NA,NA,NA,NA,NA,NA,NA,NA,NA,NA,NA,NA,NA,NA,NA,NA,NA,NA,NA,NA,NA,NA,NA,NA,NA,NA,NA,0.61,0.400302,2.1975,0.474432,0.015,0.022239,0.1275,0.029652,0,NA,NA,NA,NA,NA,NA,NA,NA,NA,NA,NA,NA,NA,NA,NA,NA,NA
"332","Commanders","WAS","DST","100032","robust",NA,NA,NA,NA,NA,NA,NA,NA,NA,NA,NA,NA,NA,NA,NA,NA,NA,NA,NA,NA,NA,NA,NA,NA,NA,NA,NA,NA,0.6875,0.37065,2.1275,0.0148259999999997,0.015,0.022239,0.1325,0.014826,0,NA,NA,NA,NA,NA,NA,NA,NA,NA,NA,NA,NA,NA,NA,NA,NA,NA
"333","Bears","CHI","DST","100005","robust",NA,NA,NA,NA,NA,NA,NA,NA,NA,NA,NA,NA,NA,NA,NA,NA,NA,NA,NA,NA,NA,NA,NA,NA,NA,NA,NA,NA,0.8775,0.163086,2.03,0.770952,0.015,0.022239,0.1075,0.014826,0,NA,NA,NA,NA,NA,NA,NA,NA,NA,NA,NA,NA,NA,NA,NA,NA,NA
"334","Patriots","NE","DST","100021","robust",NA,NA,NA,NA,NA,NA,NA,NA,NA,NA,NA,NA,NA,NA,NA,NA,NA,NA,NA,NA,NA,NA,NA,NA,NA,NA,NA,NA,0.9525,0.014826,2.32,0.311346,0.01,0.014826,0.2375,0.044478,0,NA,NA,NA,NA,NA,NA,NA,NA,NA,NA,NA,NA,NA,NA,NA,NA,NA
"335","Rams","LAR","DST","100017","robust",NA,NA,NA,NA,NA,NA,NA,NA,NA,NA,NA,NA,NA,NA,NA,NA,NA,NA,NA,NA,NA,NA,NA,NA,NA,NA,NA,NA,0.9125,0.0741300000000001,2.56,0.029652,0.015,0.022239,0.1325,0.014826,0,NA,NA,NA,NA,NA,NA,NA,NA,NA,NA,NA,NA,NA,NA,NA,NA,NA
"336","Ravens","BAL","DST","100002","robust",NA,NA,NA,NA,NA,NA,NA,NA,NA,NA,NA,NA,NA,NA,NA,NA,NA,NA,NA,NA,NA,NA,NA,NA,NA,NA,NA,NA,0.765,0.0741300000000001,2.4525,0.0593040000000001,0.015,0.022239,0.1,0.014826,0,NA,NA,NA,NA,NA,NA,NA,NA,NA,NA,NA,NA,NA,NA,NA,NA,NA
"337","Titans","TEN","DST","100012","robust",NA,NA,NA,NA,NA,NA,NA,NA,NA,NA,NA,NA,NA,NA,NA,NA,NA,NA,NA,NA,NA,NA,NA,NA,NA,NA,NA,NA,0.725,0.0444779999999999,2.1175,0,0.015,0.022239,0.1125,0,0,NA,NA,NA,NA,NA,NA,NA,NA,NA,NA,NA,NA,NA,NA,NA,NA,NA
"338","Falcons","ATL","DST","100001","robust",NA,NA,NA,NA,NA,NA,NA,NA,NA,NA,NA,NA,NA,NA,NA,NA,NA,NA,NA,NA,NA,NA,NA,NA,NA,NA,NA,NA,0.62,0.118608,1.455,0.192738,0.105,0.155673,0.1875,0,0,NA,NA,NA,NA,NA,NA,NA,NA,NA,NA,NA,NA,NA,NA,NA,NA,NA
"339","Browns","CLE","DST","100007","robust",NA,NA,NA,NA,NA,NA,NA,NA,NA,NA,NA,NA,NA,NA,NA,NA,NA,NA,NA,NA,NA,NA,NA,NA,NA,NA,NA,NA,0.8075,0.177912,2.315,0.103782,0.015,0.022239,0.1975,0.07413,0,NA,NA,NA,NA,NA,NA,NA,NA,NA,NA,NA,NA,NA,NA,NA,NA,NA
"340","Panthers","CAR","DST","100004","robust",NA,NA,NA,NA,NA,NA,NA,NA,NA,NA,NA,NA,NA,NA,NA,NA,NA,NA,NA,NA,NA,NA,NA,NA,NA,NA,NA,NA,0.8025,0.266868,2.525,0,0.015,0.022239,0.1325,0.014826,0,NA,NA,NA,NA,NA,NA,NA,NA,NA,NA,NA,NA,NA,NA,NA,NA,NA
"341","Buccaneers","TB","DST","100031","robust",NA,NA,NA,NA,NA,NA,NA,NA,NA,NA,NA,NA,NA,NA,NA,NA,NA,NA,NA,NA,NA,NA,NA,NA,NA,NA,NA,NA,0.71,0.0593040000000001,2.5375,0.548562,0.015,0.022239,0.115,0.014826,0,NA,NA,NA,NA,NA,NA,NA,NA,NA,NA,NA,NA,NA,NA,NA,NA,NA
"342","Broncos","DEN","DST","100009","robust",NA,NA,NA,NA,NA,NA,NA,NA,NA,NA,NA,NA,NA,NA,NA,NA,NA,NA,NA,NA,NA,NA,NA,NA,NA,NA,NA,NA,0.855,0.177912,2.08,0.0593040000000001,0.015,0.022239,0.125,0.07413,0,NA,NA,NA,NA,NA,NA,NA,NA,NA,NA,NA,NA,NA,NA,NA,NA,NA
"343","Steelers","PIT","DST","100027","robust",NA,NA,NA,NA,NA,NA,NA,NA,NA,NA,NA,NA,NA,NA,NA,NA,NA,NA,NA,NA,NA,NA,NA,NA,NA,NA,NA,NA,0.94,0.118608,2.445,0.326172,0.02,0.029652,0.1175,0.07413,0,NA,NA,NA,NA,NA,NA,NA,NA,NA,NA,NA,NA,NA,NA,NA,NA,NA
"344","Texans","HOU","DST","100013","robust",NA,NA,NA,NA,NA,NA,NA,NA,NA,NA,NA,NA,NA,NA,NA,NA,NA,NA,NA,NA,NA,NA,NA,NA,NA,NA,NA,NA,0.975,0.133434,3.0425,0.118608,0.075,0.037065,0.12,0.044478,0,NA,NA,NA,NA,NA,NA,NA,NA,NA,NA,NA,NA,NA,NA,NA,NA,NA
"345","Eagles","PHI","DST","100025","robust",NA,NA,NA,NA,NA,NA,NA,NA,NA,NA,NA,NA,NA,NA,NA,NA,NA,NA,NA,NA,NA,NA,NA,NA,NA,NA,NA,NA,0.8025,0.22239,3.2575,0.252042,0.02,0.029652,0.1675,0.07413,0,NA,NA,NA,NA,NA,NA,NA,NA,NA,NA,NA,NA,NA,NA,NA,NA,NA
"346","Colts","IND","DST","100014","robust",NA,NA,NA,NA,NA,NA,NA,NA,NA,NA,NA,NA,NA,NA,NA,NA,NA,NA,NA,NA,NA,NA,NA,NA,NA,NA,NA,NA,0.7675,0.0593040000000001,2.4825,0.474432,0.025,0.037065,0.1875,0,0,NA,NA,NA,NA,NA,NA,NA,NA,NA,NA,NA,NA,NA,NA,NA,NA,NA
"347","Chiefs","KC","DST","100016","robust",NA,NA,NA,NA,NA,NA,NA,NA,NA,NA,NA,NA,NA,NA,NA,NA,NA,NA,NA,NA,NA,NA,NA,NA,NA,NA,NA,NA,0.79,0.266868,2.815,0.163086,0.015,0.022239,0.15,0.029652,0,NA,NA,NA,NA,NA,NA,NA,NA,NA,NA,NA,NA,NA,NA,NA,NA,NA
"348","Chargers","LAC","DST","100028","robust",NA,NA,NA,NA,NA,NA,NA,NA,NA,NA,NA,NA,NA,NA,NA,NA,NA,NA,NA,NA,NA,NA,NA,NA,NA,NA,NA,NA,0.875,0.029652,3.2675,0.029652,0.075,0.037065,0.1425,0.029652,0,NA,NA,NA,NA,NA,NA,NA,NA,NA,NA,NA,NA,NA,NA,NA,NA,NA
"349","Cowboys","DAL","DST","100008","robust",NA,NA,NA,NA,NA,NA,NA,NA,NA,NA,NA,NA,NA,NA,NA,NA,NA,NA,NA,NA,NA,NA,NA,NA,NA,NA,NA,NA,1.1,0.252042,2.8125,0.22239,0.02,0.029652,0.19,0.029652,0,NA,NA,NA,NA,NA,NA,NA,NA,NA,NA,NA,NA,NA,NA,NA,NA,NA
"350","Dolphins","MIA","DST","100019","robust",NA,NA,NA,NA,NA,NA,NA,NA,NA,NA,NA,NA,NA,NA,NA,NA,NA,NA,NA,NA,NA,NA,NA,NA,NA,NA,NA,NA,0.7275,0.118608,2.565,0.0148260000000003,0.02,0.029652,0.1975,0.029652,0,NA,NA,NA,NA,NA,NA,NA,NA,NA,NA,NA,NA,NA,NA,NA,NA,NA
"351","Vikings","MIN","DST","100020","robust",NA,NA,NA,NA,NA,NA,NA,NA,NA,NA,NA,NA,NA,NA,NA,NA,NA,NA,NA,NA,NA,NA,NA,NA,NA,NA,NA,NA,0.8975,0.118608,2.565,0.0741300000000004,0.015,0.022239,0.1875,0,0,NA,NA,NA,NA,NA,NA,NA,NA,NA,NA,NA,NA,NA,NA,NA,NA,NA
"352","Jets","NYJ","DST","100024","robust",NA,NA,NA,NA,NA,NA,NA,NA,NA,NA,NA,NA,NA,NA,NA,NA,NA,NA,NA,NA,NA,NA,NA,NA,NA,NA,NA,NA,0.8525,0.0296519999999999,2.72,0.385476,0.115,0.126021,0.115,0.059304,0,NA,NA,NA,NA,NA,NA,NA,NA,NA,NA,NA,NA,NA,NA,NA,NA,NA
"353","Bengals","CIN","DST","100006","robust",NA,NA,NA,NA,NA,NA,NA,NA,NA,NA,NA,NA,NA,NA,NA,NA,NA,NA,NA,NA,NA,NA,NA,NA,NA,NA,NA,NA,0.865,0.029652,2.295,0.0889560000000001,0.02,0.029652,0.1325,0.118608,0,NA,NA,NA,NA,NA,NA,NA,NA,NA,NA,NA,NA,NA,NA,NA,NA,NA
"354","Saints","NO","DST","100022","robust",NA,NA,NA,NA,NA,NA,NA,NA,NA,NA,NA,NA,NA,NA,NA,NA,NA,NA,NA,NA,NA,NA,NA,NA,NA,NA,NA,NA,0.715,0.0889559999999999,2.7775,0.163086,0.025,0.037065,0.145,0.059304,0,NA,NA,NA,NA,NA,NA,NA,NA,NA,NA,NA,NA,NA,NA,NA,NA,NA
"355","Bills","BUF","DST","100003","robust",NA,NA,NA,NA,NA,NA,NA,NA,NA,NA,NA,NA,NA,NA,NA,NA,NA,NA,NA,NA,NA,NA,NA,NA,NA,NA,NA,NA,0.8,0.163086,2.735,0.103782,0.08,0.029652,0.125,0.07413,0,NA,NA,NA,NA,NA,NA,NA,NA,NA,NA,NA,NA,NA,NA,NA,NA,NA
"356","Seahawks","SEA","DST","100030","robust",NA,NA,NA,NA,NA,NA,NA,NA,NA,NA,NA,NA,NA,NA,NA,NA,NA,NA,NA,NA,NA,NA,NA,NA,NA,NA,NA,NA,0.92,0,2.8925,0.029652,0.025,0.037065,0.1525,0.07413,0,NA,NA,NA,NA,NA,NA,NA,NA,NA,NA,NA,NA,NA,NA,NA,NA,NA
"357","Jaguars","JAC","DST","100015","robust",NA,NA,NA,NA,NA,NA,NA,NA,NA,NA,NA,NA,NA,NA,NA,NA,NA,NA,NA,NA,NA,NA,NA,NA,NA,NA,NA,NA,0.8975,0.029652,2.245,0.163086,0.02,0.029652,0.22,0.07413,0,NA,NA,NA,NA,NA,NA,NA,NA,NA,NA,NA,NA,NA,NA,NA,NA,NA
"358","49ers","SF","DST","100029","robust",NA,NA,NA,NA,NA,NA,NA,NA,NA,NA,NA,NA,NA,NA,NA,NA,NA,NA,NA,NA,NA,NA,NA,NA,NA,NA,NA,NA,1.0325,0.489258,2.775,0.0741299999999997,0.025,0.037065,0.2,0.07413,0,NA,NA,NA,NA,NA,NA,NA,NA,NA,NA,NA,NA,NA,NA,NA,NA,NA
"359","Jake Elliott","PHI","K","2558172","robust",NA,NA,NA,NA,NA,NA,NA,NA,NA,NA,NA,NA,NA,NA,NA,NA,NA,NA,NA,NA,NA,NA,NA,NA,NA,NA,NA,NA,NA,NA,NA,NA,NA,NA,NA,NA,NA,NA,0.0458948863636364,0.0352538693181818,0.465,0.051891,0.567284397329578,0.118608,0.488946761070255,0.0667170000000001,0.188445616883117,0.0280273977272727,2.925,0.911799,NA,NA,NA,NA
"360","Harrison Butker","KC","K","2558245","robust",NA,NA,NA,NA,NA,NA,NA,NA,NA,NA,NA,NA,NA,NA,NA,NA,NA,NA,NA,NA,NA,NA,NA,NA,NA,NA,NA,NA,NA,NA,NA,NA,NA,NA,NA,NA,NA,NA,0.00314465408805031,0.00310817610062893,0.556532072228803,0.130563900572848,0.575,0.0593040000000001,0.391410749814487,0.137617155349918,0.235240559599636,0.0585670843949045,2.925,0.311346,"Q","Back",18,2022
"361","Robbie Gould","SF","K","2506264","robust",NA,NA,NA,NA,NA,NA,NA,NA,NA,NA,NA,NA,NA,NA,NA,NA,NA,NA,NA,NA,NA,NA,NA,NA,NA,NA,NA,NA,NA,NA,NA,NA,NA,NA,NA,NA,NA,NA,0.00982044198895028,0.00819116022099447,0.6925,0.0282939430992786,0.498675121504388,0.0702014702848127,0.51,0.0549492876594938,0.127933548189073,0.0624621473296501,3.0275,0.185325,NA,NA,NA,NA
"362","Tyler Bass","BUF","K","2563596","robust",NA,NA,NA,NA,NA,NA,NA,NA,NA,NA,NA,NA,NA,NA,NA,NA,NA,NA,NA,NA,NA,NA,NA,NA,NA,NA,NA,NA,NA,NA,NA,NA,NA,NA,NA,NA,NA,NA,0,0,0.5075,0.022239,0.571012059268873,0.126021,0.44774659312135,0.059304,0.183260869565217,0.0351311739130435,2.7075,0.459606,NA,NA,NA,NA
"363","Evan McPherson","CIN","K","2565953","robust",NA,NA,NA,NA,NA,NA,NA,NA,NA,NA,NA,NA,NA,NA,NA,NA,NA,NA,NA,NA,NA,NA,NA,NA,NA,NA,NA,NA,NA,NA,NA,NA,NA,NA,NA,NA,NA,NA,0.00344827586206897,0.00340827586206897,0.500094730177284,0.066717,0.5475,0.0788250444184688,0.495,0.051891,0.185478019067797,0.103401141419492,2.685,0.526323,NA,NA,NA,NA
"364","Younghoe Koo","ATL","K","2559205","robust",NA,NA,NA,NA,NA,NA,NA,NA,NA,NA,NA,NA,NA,NA,NA,NA,NA,NA,NA,NA,NA,NA,NA,NA,NA,NA,NA,NA,NA,NA,NA,NA,NA,NA,NA,NA,NA,NA,0.00933080808080808,0.00748787878787879,0.5,0.014826,0.588522974846504,0.111195,0.487312034370858,0.103782,0.267296865715983,0.0390911319073084,2.3225,0.504084,NA,NA,NA,NA
"365","Mason Crosby","GB","K","2507232","robust",NA,NA,NA,NA,NA,NA,NA,NA,NA,NA,NA,NA,NA,NA,NA,NA,NA,NA,NA,NA,NA,NA,NA,NA,NA,NA,NA,NA,NA,NA,NA,NA,NA,NA,NA,NA,NA,NA,0.0286904761904762,0.0235333333333333,0.633329380283403,0.113654278416347,0.5525,0.059304,0.464546311500335,0.014826,0.1075,0.0118745277777778,2.715,0.229803,NA,NA,NA,NA
"366","Greg Joseph","MIN","K","2561534","robust",NA,NA,NA,NA,NA,NA,NA,NA,NA,NA,NA,NA,NA,NA,NA,NA,NA,NA,NA,NA,NA,NA,NA,NA,NA,NA,NA,NA,NA,NA,NA,NA,NA,NA,NA,NA,NA,NA,0.0278606831281258,0.0233084976115185,0.558075852041236,0.096369,0.6575,0.0316390965260491,0.463362114721867,0.051891,0.209709269662921,0.0742507735955056,2.3475,0.59304,NA,NA,NA,NA
"367","Brett Maher","DAL","K","2540243","robust",NA,NA,NA,NA,NA,NA,NA,NA,NA,NA,NA,NA,NA,NA,NA,NA,NA,NA,NA,NA,NA,NA,NA,NA,NA,NA,NA,NA,NA,NA,NA,NA,NA,NA,NA,NA,NA,NA,0.00956410256410256,0.00760307692307692,0.560420227920228,0.10502805982906,0.655356125356125,0.051891,0.438511396011396,0.037065,0.251491452991453,0.125007256410256,2.8625,0.111195,NA,NA,NA,NA
"368","Riley Patterson","JAC","K","2567013","robust",NA,NA,NA,NA,NA,NA,NA,NA,NA,NA,NA,NA,NA,NA,NA,NA,NA,NA,NA,NA,NA,NA,NA,NA,NA,NA,NA,NA,NA,NA,NA,NA,NA,NA,NA,NA,NA,NA,0.0109489051094891,0.010821897810219,0.510911985895884,0.084247220578477,0.628871150318123,0.118608,0.524633182403685,0.110107312463406,0.0878008021390374,0.0160152513368984,2.2725,0.526323,NA,NA,NA,NA
"369","Ryan Succop","TB","K","89802","robust",NA,NA,NA,NA,NA,NA,NA,NA,NA,NA,NA,NA,NA,NA,NA,NA,NA,NA,NA,NA,NA,NA,NA,NA,NA,NA,NA,NA,NA,NA,NA,NA,NA,NA,NA,NA,NA,NA,0,0,0.540582701195736,0.126021,0.51,0.00741300000000001,0.49,0.059304,0.1075,0.00943649214343272,2.1575,0.207564,NA,NA,NA,NA
"370","Kaimi Fairbairn","HOU","K","2556521","robust",NA,NA,NA,NA,NA,NA,NA,NA,NA,NA,NA,NA,NA,NA,NA,NA,NA,NA,NA,NA,NA,NA,NA,NA,NA,NA,NA,NA,NA,NA,NA,NA,NA,NA,NA,NA,NA,NA,0.00902633679169992,0.007413,0.427967766249889,0.096369,0.425131905648665,0.081543,0.415,0.0940176387337058,0.238696461824953,0.0571228938547486,2.0175,0.652344,NA,NA,NA,NA
"371","Wil Lutz","NO","K","2556601","robust",NA,NA,NA,NA,NA,NA,NA,NA,NA,NA,NA,NA,NA,NA,NA,NA,NA,NA,NA,NA,NA,NA,NA,NA,NA,NA,NA,NA,NA,NA,NA,NA,NA,NA,NA,NA,NA,NA,0,0,0.45338229637835,0.115991814778916,0.487266146650666,0.141540421951445,0.359574986922675,0.170499,0.158738677536232,0.0501384701086957,2.285,0.51891,NA,NA,NA,NA
"372","Jason Sanders","MIA","K","2561153","robust",NA,NA,NA,NA,NA,NA,NA,NA,NA,NA,NA,NA,NA,NA,NA,NA,NA,NA,NA,NA,NA,NA,NA,NA,NA,NA,NA,NA,NA,NA,NA,NA,NA,NA,NA,NA,NA,NA,0.00856687898089172,0.0068936178343949,0.428163108014343,0.133434,0.375,0.089002754558939,0.4175,0.101159709885699,0.150838262056415,0.0472469140127389,2.4525,0.51891,NA,NA,NA,NA
"373","Mike Badgley","DET","K","2560965","robust",NA,NA,NA,NA,NA,NA,NA,NA,NA,NA,NA,NA,NA,NA,NA,NA,NA,NA,NA,NA,NA,NA,NA,NA,NA,NA,NA,NA,NA,NA,NA,NA,NA,NA,NA,NA,NA,NA,0.0330633802816901,0.0313225352112676,0.47,0.059304,0.523732394366197,0.103782,0.501402582159624,0.219135936619718,0.153032570422535,0.049111125,2.51,0.348411,NA,NA,NA,NA
"374","Cairo Santos","CHI","K","2550636","robust",NA,NA,NA,NA,NA,NA,NA,NA,NA,NA,NA,NA,NA,NA,NA,NA,NA,NA,NA,NA,NA,NA,NA,NA,NA,NA,NA,NA,NA,NA,NA,NA,NA,NA,NA,NA,NA,NA,0,0,0.487245311167945,0.111195,0.412668016481955,0.118608,0.405,0.0865844599317988,0.129579831932773,0.0290290588235294,2.285,0.355824,NA,NA,NA,NA
"375","Graham Gano","NYG","K","71309","robust",NA,NA,NA,NA,NA,NA,NA,NA,NA,NA,NA,NA,NA,NA,NA,NA,NA,NA,NA,NA,NA,NA,NA,NA,NA,NA,NA,NA,NA,NA,NA,NA,NA,NA,NA,NA,NA,NA,0,0,0.465,0.0217105811086724,0.55920095111701,0.131064660252157,0.453629323839178,0.0997176710479303,0.302890054744526,0.0982425410583942,1.845,0.726474,NA,NA,NA,NA
"376","Jason Myers","SEA","K","2553112","robust",NA,NA,NA,NA,NA,NA,NA,NA,NA,NA,NA,NA,NA,NA,NA,NA,NA,NA,NA,NA,NA,NA,NA,NA,NA,NA,NA,NA,NA,NA,NA,NA,NA,NA,NA,NA,NA,NA,0.0280212096882109,0.022239,0.53,0.111195,0.695,0.118608,0.5075,0.166266755319149,0.281294880319149,0.088956,2.28,0.22239,NA,NA,NA,NA
"377","Chris Boswell","PIT","K","2550545","robust",NA,NA,NA,NA,NA,NA,NA,NA,NA,NA,NA,NA,NA,NA,NA,NA,NA,NA,NA,NA,NA,NA,NA,NA,NA,NA,NA,NA,NA,NA,NA,NA,NA,NA,NA,NA,NA,NA,0.010388198757764,0.00805760869565217,0.4425,0.0526353118666231,0.580829727009034,0.07413,0.500390871070015,0.118608,0.270309333115397,0.178227034324943,2.065,0.37065,NA,NA,NA,NA
"378","Cade York","CLE","K","2567487","robust",NA,NA,NA,NA,NA,NA,NA,NA,NA,NA,NA,NA,NA,NA,NA,NA,NA,NA,NA,NA,NA,NA,NA,NA,NA,NA,NA,NA,NA,NA,NA,NA,NA,NA,NA,NA,NA,NA,0.0143884892086331,0.0142215827338129,0.49,0.0991961039168665,0.4825,0.081543,0.41,0.0903479656274981,0.194126984126984,0.029652,2,0.311346,NA,NA,NA,NA
"379","Chase McLaughlin","IND","K","2563203","robust",NA,NA,NA,NA,NA,NA,NA,NA,NA,NA,NA,NA,NA,NA,NA,NA,NA,NA,NA,NA,NA,NA,NA,NA,NA,NA,NA,NA,NA,NA,NA,NA,NA,NA,NA,NA,NA,NA,0.00987637362637363,0.00814615384615384,0.568348759961663,0.113711743038324,0.44319813698846,0.126021,0.575601047697822,0.0610862266335815,0.282560286935287,0.107954641025641,2.005,0.318759,NA,NA,NA,NA
"380","Daniel Carlson","LVR","K","2560993","robust",NA,NA,NA,NA,NA,NA,NA,NA,NA,NA,NA,NA,NA,NA,NA,NA,NA,NA,NA,NA,NA,NA,NA,NA,NA,NA,NA,NA,NA,NA,NA,NA,NA,NA,NA,NA,NA,NA,0.02078125,0.0162159375,0.62,0.0771122413793103,0.524770114942529,0.059304,0.4675,0.0545324137931035,0.3211328125,0.138067125,2.1225,0.252042,NA,NA,NA,NA
"381","Randy Bullock","TEN","K","2533444","robust",NA,NA,NA,NA,NA,NA,NA,NA,NA,NA,NA,NA,NA,NA,NA,NA,NA,NA,NA,NA,NA,NA,NA,NA,NA,NA,NA,NA,NA,NA,NA,NA,NA,NA,NA,NA,NA,NA,0.0522800246989812,0.00763042358752702,0.5,0.0978457465547728,0.5525,0.044478,0.424705343025812,0.117734283140139,0.0418292682926829,0.0307368292682927,2.0675,0.14826,NA,NA,NA,NA
"382","Brandon McManus","DEN","K","2541556","robust",NA,NA,NA,NA,NA,NA,NA,NA,NA,NA,NA,NA,NA,NA,NA,NA,NA,NA,NA,NA,NA,NA,NA,NA,NA,NA,NA,NA,NA,NA,NA,NA,NA,NA,NA,NA,NA,NA,0.00359712230215827,0.00355539568345324,0.503187727250911,0.103782,0.496761394197272,0.066717,0.547714271646865,0.104417358287283,0.312013457556936,0.099540884057971,1.8725,0.348411,NA,NA,NA,NA
"383","Matt Gay","LAR","K","2562271","robust",NA,NA,NA,NA,NA,NA,NA,NA,NA,NA,NA,NA,NA,NA,NA,NA,NA,NA,NA,NA,NA,NA,NA,NA,NA,NA,NA,NA,NA,NA,NA,NA,NA,NA,NA,NA,NA,NA,0.0243055555555556,0.0240236111111111,0.4775,0.059304,0.515,0.051891,0.45142797017797,0.155673,0.224506493506493,0.0740529818181818,1.755,0.274281,NA,NA,NA,NA
"384","Eddy Pineiro","CAR","K","2560842","robust",NA,NA,NA,NA,NA,NA,NA,NA,NA,NA,NA,NA,NA,NA,NA,NA,NA,NA,NA,NA,NA,NA,NA,NA,NA,NA,NA,NA,NA,NA,NA,NA,NA,NA,NA,NA,NA,NA,0.0301105277701022,0.0248192456479691,0.453899711399711,0.0233265252525252,0.755,0.0677807036320653,0.559399875144556,0.140847,0.102974290780142,0.0104272695035461,1.89,0.133434,NA,NA,NA,NA
"385","Nick Folk","NE","K","2507225","robust",NA,NA,NA,NA,NA,NA,NA,NA,NA,NA,NA,NA,NA,NA,NA,NA,NA,NA,NA,NA,NA,NA,NA,NA,NA,NA,NA,NA,NA,NA,NA,NA,NA,NA,NA,NA,NA,NA,0.0246478873239437,0.0243619718309859,0.4675,0.059304,0.528572287095368,0.106961545695185,0.5,0.0623624504332693,0.2,0.0201354961154273,1.7475,0.200151,NA,NA,NA,NA
"386","Joey Slye","WAS","K","2563132","robust",NA,NA,NA,NA,NA,NA,NA,NA,NA,NA,NA,NA,NA,NA,NA,NA,NA,NA,NA,NA,NA,NA,NA,NA,NA,NA,NA,NA,NA,NA,NA,NA,NA,NA,NA,NA,NA,NA,0.0413562091503268,0.035934477124183,0.612202667952427,0.162204351012536,0.531509518197078,0.0370649999999999,0.519328993892639,0.103782,0.175130986820958,0.113618343297975,1.68,0.37065,NA,NA,NA,NA
"387","Justin Tucker","BAL","K","2536340","robust",NA,NA,NA,NA,NA,NA,NA,NA,NA,NA,NA,NA,NA,NA,NA,NA,NA,NA,NA,NA,NA,NA,NA,NA,NA,NA,NA,NA,NA,NA,NA,NA,NA,NA,NA,NA,NA,NA,0.0113888888888889,0.00700116666666667,0.529900097465887,0.0960727690058479,0.544286062378168,0.0794260321637427,0.55,0.044478,0.304666666666667,0.10069325,1.8125,0.14826,NA,NA,NA,NA
"388","Greg Zuerlein","NYJ","K","2534797","robust",NA,NA,NA,NA,NA,NA,NA,NA,NA,NA,NA,NA,NA,NA,NA,NA,NA,NA,NA,NA,NA,NA,NA,NA,NA,NA,NA,NA,NA,NA,NA,NA,NA,NA,NA,NA,NA,NA,0.0248140970427792,0.0216877605512489,0.485,0.0507661109591123,0.56100124976778,0.103782,0.4925,0.0656743649490804,0.247588919288646,0.0705299794801642,1.73,0.185325,NA,NA,NA,NA
"389","Matt Prater","ARI","K","2506677","robust",NA,NA,NA,NA,NA,NA,NA,NA,NA,NA,NA,NA,NA,NA,NA,NA,NA,NA,NA,NA,NA,NA,NA,NA,NA,NA,NA,NA,NA,NA,NA,NA,NA,NA,NA,NA,NA,NA,0,0,0.354659564524532,0.164095459271858,0.54,0.044478,0.354229088137048,0.103782,0.222286073825503,0.0899137197986577,1.475,0.259455,NA,NA,NA,NA
