"","player","team","position","id","avg_type","pass_att","pass_att_sd","pass_comp","pass_comp_sd","pass_yds","pass_yds_sd","pass_tds","pass_tds_sd","pass_int","pass_int_sd","rush_att","rush_att_sd","rush_yds","rush_yds_sd","rush_tds","rush_tds_sd","fumbles_lost","fumbles_lost_sd","two_pts","two_pts_sd","return_tds","return_tds_sd","rec","rec_sd","rec_yds","rec_yds_sd","rec_tds","rec_tds_sd","dst_int","dst_int_sd","dst_sacks","dst_sacks_sd","dst_safety","dst_safety_sd","dst_td","dst_td_sd","dst_blk","dst_blk_sd","fg_0019","fg_0019_sd","fg_2029","fg_2029_sd","fg_3039","fg_3039_sd","fg_4049","fg_4049_sd","fg_50","fg_50_sd","xp","xp_sd","injury_status","injury_details","season_year","week"
"1","Tua Tagovailoa","MIA","QB","14778","robust",33.5557216941633,0.882146999999998,23.28,0.415127999999999,283.875,11.868213,2,0.0741300000000001,0.7925,0.0815430000000001,2.25,0.29652,5.78,1.11195,0.0475,0.059304,0.2375,0.02779875,0,NA,0,NA,NA,NA,NA,NA,NA,NA,NA,NA,NA,NA,NA,NA,NA,NA,NA,NA,NA,NA,NA,NA,NA,NA,NA,NA,NA,NA,NA,NA,NA,NA,NA,NA
"2","Dak Prescott","DAL","QB","12620","robust",37.45,1.4826,25.2782261613598,1.18608,287.0775,15.685908,2.14,0.133434,0.7,0.14826,3.5,0.228694662173356,14.97,1.393644,0.15,0.037065,0.095,0.0037065,0.09,0,0,NA,NA,NA,NA,NA,NA,NA,NA,NA,NA,NA,NA,NA,NA,NA,NA,NA,NA,NA,NA,NA,NA,NA,NA,NA,NA,NA,NA,NA,NA,NA,NA,NA
"3","Jared Goff","DET","QB","12611","robust",34.6,0.7413,23.355,0.526323000000001,258.4,5.1891,1.6,0.14826,0.8,0.266868,1.85,0.244629,4.2525,2.00151,0.0775,0.022239,0.225,0.0185325,0.16,0,0,NA,NA,NA,NA,NA,NA,NA,NA,NA,NA,NA,NA,NA,NA,NA,NA,NA,NA,NA,NA,NA,NA,NA,NA,NA,NA,NA,NA,NA,NA,NA,NA,NA
"4","Brock Purdy","SF","QB","15698","robust",29.85,1.25293548510821,20.475,0.763181564845522,268.35,8.8956,1.9,0.14826,0.5425,0.126021,3.375,0.37065,12.6675,4.07715,0.15,0.07413,0.109375,0.00926625,0.05,0,0,NA,NA,NA,NA,NA,NA,NA,NA,NA,NA,NA,NA,NA,NA,NA,NA,NA,NA,NA,NA,NA,NA,NA,NA,NA,NA,NA,NA,NA,NA,NA,NA,NA
"5","Patrick Mahomes","KC","QB","13116","robust",37.35,0.978516,25.1175,0.911799,264.9675,17.0499,1.9575,0.14826,0.85,0.163086,4.6,0.577162564524069,25.45,1.63086,0.1,0,0.10375,0.0037065,0.09,0,0,NA,NA,NA,NA,NA,NA,NA,NA,NA,NA,NA,NA,NA,NA,NA,NA,NA,NA,NA,NA,NA,NA,NA,NA,NA,NA,NA,NA,NA,NA,NA,NA,NA
"6","Justin Herbert","LAC","QB","14779","robust",36.7846678877223,1.838424,24.4,1.022994,264.6,13.758528,1.715,0.37065,0.8,0.214977,5.18204208493511,1.5331331902496,21.3625,1.964445,0.15,0.029652,0.08875,0.0111195,0.09,0,0,NA,NA,NA,NA,NA,NA,NA,NA,NA,NA,NA,NA,NA,NA,NA,NA,NA,NA,NA,NA,NA,NA,NA,NA,NA,NA,NA,NA,NA,NA,NA,NA,NA
"7","Geno Smith","SEA","QB","11150","robust",34.2975,1.623447,22.7812705481765,0.611633429452857,246.55,9.71103,1.2,0.214977,0.9,0.088956,2.59416454274415,0.536213297855042,9.85,0.481845,0.1,0,0.175625,0.02409225,0.03,0,0,NA,NA,NA,NA,NA,NA,NA,NA,NA,NA,NA,NA,NA,NA,NA,NA,NA,NA,NA,NA,NA,NA,NA,NA,NA,NA,NA,NA,NA,"Q","Groin",2023,14
"8","C.J. Stroud","HOU","QB","16150","robust",32.1833925670042,0.271897819840397,20.4,0.444779999999998,247.6,14.67774,1.2525,0.363237,0.6525,0.229803,3.5,0.66717,14.2975,3.365502,0.135,0.051891,0.23,0.022239,0.07,0,0,NA,NA,NA,NA,NA,NA,NA,NA,NA,NA,NA,NA,NA,NA,NA,NA,NA,NA,NA,NA,NA,NA,NA,NA,NA,NA,NA,NA,NA,NA,NA,NA,NA
"9","Josh Allen","BUF","QB","13589","robust",36.4947430145914,1.39288198686657,24.4296029668652,1.28868471734864,258.075,7.00528499999999,1.8,0.229803,0.95,0.0741300000000001,6.22346331609783,0.148259999999999,36.1125,1.712403,0.4,0.022239,0.21125,0.0111195,0.22,0,0,NA,NA,NA,NA,NA,NA,NA,NA,NA,NA,NA,NA,NA,NA,NA,NA,NA,NA,NA,NA,NA,NA,NA,NA,NA,NA,NA,NA,NA,NA,NA,NA,NA
"10","Jalen Hurts","PHI","QB","14783","robust",32.56,2.201661,21.225,1.11195,242.9225,7.361109,1.4025,0.140847,0.855,0.140847,9.35,0.96369,40.2925,3.239481,0.7425,0.22239,0.2275,0.02038575,0.13,0,0,NA,NA,NA,NA,NA,NA,NA,NA,NA,NA,NA,NA,NA,NA,NA,NA,NA,NA,NA,NA,NA,NA,NA,NA,NA,NA,NA,NA,NA,NA,NA,NA,NA
"11","Jordan Love","GB","QB","14782","robust",33.05,0.593040000000003,20.28,0.711648000000001,234.2175,7.805889,1.66,0.274281,0.9,0.126021,3.53580021915804,0.688222595076286,16.25,1.33434,0.11,0.029652,0.055,0.014826,0.1,0,0,NA,NA,NA,NA,NA,NA,NA,NA,NA,NA,NA,NA,NA,NA,NA,NA,NA,NA,NA,NA,NA,NA,NA,NA,NA,NA,NA,NA,NA,NA,NA,NA,NA
"12","Jake Browning","CIN","QB","14358","robust",33.85,0.292681970777108,22.2506900534634,0.359916293059611,240.7,5.04084000000001,1.35,0.14826,0.8175,0.0889559999999999,3.525,0.7413,16,3.232068,0.15,0,0.13125,0.0037065,0.05,0,0,NA,NA,NA,NA,NA,NA,NA,NA,NA,NA,NA,NA,NA,NA,NA,NA,NA,NA,NA,NA,NA,NA,NA,NA,NA,NA,NA,NA,NA,NA,NA,NA,NA
"13","Matthew Stafford","LAR","QB","9431","robust",31.805,1.319514,20.1887568197654,1.475187,223.5,15.404214,1.1575,0.22239,0.845,0.22239,1.4225,0.59304,4.8,0.88956,0,0,0.08875,0.0111195,0.09,0,0,NA,NA,NA,NA,NA,NA,NA,NA,NA,NA,NA,NA,NA,NA,NA,NA,NA,NA,NA,NA,NA,NA,NA,NA,NA,NA,NA,NA,NA,NA,NA,NA,NA
"14","Gardner Minshew","IND","QB","14067","robust",33.825,0.222389999999998,21.7802528886566,0.303183134555535,243.095,3.49152300000001,1.125,0.185325,0.8325,0.200151,2.54480881521884,0.44478,8.2,1.77912,0.1,0.07413,0.27,0.051891,0.13,0,0,NA,NA,NA,NA,NA,NA,NA,NA,NA,NA,NA,NA,NA,NA,NA,NA,NA,NA,NA,NA,NA,NA,NA,NA,NA,NA,NA,NA,NA,NA,NA,NA,NA
"15","Baker Mayfield","TB","QB","13590","robust",33.8429199896199,2.99176817661047,21.356014194307,1.86216664447954,232.91,11.78667,1.2525,0.29652,0.83,0.066717,3.39,0.415153174734437,11.5175,1.03782,0.05,0.059304,0.17,0.029652,0.09,0,0,NA,NA,NA,NA,NA,NA,NA,NA,NA,NA,NA,NA,NA,NA,NA,NA,NA,NA,NA,NA,NA,NA,NA,NA,NA,NA,NA,NA,NA,NA,NA,NA,NA
"16","Joshua Dobbs","MIN","QB","13119","robust",34.3175,2.2239,22.4,0.0593039999999987,228.175,10.08168,1.27,0.163086,0.8425,0.0889560000000001,4.53,0.978516,24.2,4.536756,0.25,0.07413,0.38,0.118608,0.13,0,0,NA,NA,NA,NA,NA,NA,NA,NA,NA,NA,NA,NA,NA,NA,NA,NA,NA,NA,NA,NA,NA,NA,NA,NA,NA,NA,NA,NA,NA,NA,NA,NA,NA
"17","Aidan O'Connell","LVR","QB","16159","robust",31.9,1.11953749917345,20.5375,0.7413,226.9,20.90466,1.095,0.118608,0.95,0.118608,1.70487604765558,0.29652,5.05,1.55673,0.1,0,0.195,0.014826,0.05,0,0,NA,NA,NA,NA,NA,NA,NA,NA,NA,NA,NA,NA,NA,NA,NA,NA,NA,NA,NA,NA,NA,NA,NA,NA,NA,NA,NA,NA,NA,NA,NA,NA,NA
"18","Derek Carr","NO","QB","11644","robust",27.075,7.40996775670266,17.775,4.63023608380914,200.925,39.14064,0.9775,0.22239,0.7,0.259455,1.4,0.563388,4.5,0.7413,0.02,0,0.1125,0.04633125,0.06,0,0,NA,NA,NA,NA,NA,NA,NA,NA,NA,NA,NA,NA,NA,NA,NA,NA,NA,NA,NA,NA,NA,NA,NA,NA,NA,NA,NA,NA,NA,"Q","Ribs",2023,14
"19","Joe Flacco","CLE","QB","9064","robust",31.6558123958982,6.6717,18.8915497277464,2.66868,207.25,25.930674,1,0,0.7125,0.14826,0.84125,0.29652,1.895,1.571556,0,0,0.1575,0.0630105,0.03,0,0,NA,NA,NA,NA,NA,NA,NA,NA,NA,NA,NA,NA,NA,NA,NA,NA,NA,NA,NA,NA,NA,NA,NA,NA,NA,NA,NA,NA,NA,NA,NA,NA,NA
"20","Lamar Jackson","BAL","QB","13593","robust",29.1828609290775,0.919211999999999,19.445,0.822843,215.595,7.38334800000001,1.2425,0.155673,0.515,0.163086,8.84238560211769,0.282033212600636,48.66,1.838424,0.34,0.0593040000000001,0.245,0.0333585,0.09,0,0,NA,NA,NA,NA,NA,NA,NA,NA,NA,NA,NA,NA,NA,NA,NA,NA,NA,NA,NA,NA,NA,NA,NA,NA,NA,NA,NA,NA,NA,NA,NA,NA,NA
"21","Zach Wilson","NYJ","QB","15239","robust",32.1,3.58906991038268,19.2129524511676,1.18608,207.1625,7.73175899999996,0.8,0.22239,0.935,0.096369,3.185,0.422541,15.8675,1.33434,0.065,0.044478,0.195,0.0037065,0.13,0,0,NA,NA,NA,NA,NA,NA,NA,NA,NA,NA,NA,NA,NA,NA,NA,NA,NA,NA,NA,NA,NA,NA,NA,NA,NA,NA,NA,NA,NA,NA,NA,NA,NA
"22","Bryce Young","CAR","QB","16148","robust",31.975,0.815430000000001,19.3134126430091,0.378063000000001,192.445,10.244766,0.9375,0.0741300000000001,0.85,0.155673,2.75,0.51891,12.6,0.496671000000001,0.05,0.00741300000000001,0.194375,0.00555975,0.1,0,0,NA,NA,NA,NA,NA,NA,NA,NA,NA,NA,NA,NA,NA,NA,NA,NA,NA,NA,NA,NA,NA,NA,NA,NA,NA,NA,NA,NA,NA,NA,NA,NA,NA
"23","Mitchell Trubisky","PIT","QB","13115","robust",27.955,3.55824,17.9080853190213,1.77912,192.2575,21.245658,0.985,0.14826,0.84,0.14826,3.525,0.59304,11.9475,3.543414,0.1,0,0.1025,0.00741300000000001,0.16,0,0,NA,NA,NA,NA,NA,NA,NA,NA,NA,NA,NA,NA,NA,NA,NA,NA,NA,NA,NA,NA,NA,NA,NA,NA,NA,NA,NA,NA,NA,NA,NA,NA,NA
"24","Desmond Ridder","ATL","QB","15697","robust",28.75,1.11195,18.025,0.7413,202.4,7.413,1.05,0.0741300000000001,0.7425,0.14826,4.30441798223415,0.578214,17.69,1.4826,0.2,0.00741299999999999,0.3075,0.06857025,0.06,0,0,NA,NA,NA,NA,NA,NA,NA,NA,NA,NA,NA,NA,NA,NA,NA,NA,NA,NA,NA,NA,NA,NA,NA,NA,NA,NA,NA,NA,NA,NA,NA,NA,NA
"25","C.J. Beathard","JAC","QB","13125","robust",17.6049162666318,12.15732,10.7,10.82298,113.5,59.304,0.5,0.622692,0.53,0.133434,1.45,0.751184,3.75,5.426316,0.0425,0.029652,0.03125,0.0630105,0,NA,0,NA,NA,NA,NA,NA,NA,NA,NA,NA,NA,NA,NA,NA,NA,NA,NA,NA,NA,NA,NA,NA,NA,NA,NA,NA,NA,NA,NA,NA,NA,NA,NA,NA
"26","Will Levis","TEN","QB","16149","robust",30.8861760461575,1.92738,18.4319237759481,1.11536723911721,208.875,12.82449,0.995,0.014826,0.8,0.163086,2.525,0.29652,8.15,4.29954,0.1,0,0.165,0.051891,0.05,0,0,NA,NA,NA,NA,NA,NA,NA,NA,NA,NA,NA,NA,NA,NA,NA,NA,NA,NA,NA,NA,NA,NA,NA,NA,NA,NA,NA,NA,NA,NA,NA,NA,NA
"27","Justin Fields","CHI","QB","15238","robust",29.575,0.778365000000001,18.225,0.59304,204.05,7.44265199999999,1.2,0.22239,0.7275,0.170499,9.8375,0.259455000000001,52.75,1.40847,0.3,0.022239,0.2425,0.03150525,0.06,0,0,NA,NA,NA,NA,NA,NA,NA,NA,NA,NA,NA,NA,NA,NA,NA,NA,NA,NA,NA,NA,NA,NA,NA,NA,NA,NA,NA,NA,NA,NA,NA,NA,NA
"28","Russell Wilson","DEN","QB","10703","robust",29.4718065973959,0.850438922598226,19.50349449167,0.751661866699744,210.055,7.37593500000001,1.225,0.14826,0.675,0.081543,5.80121892808785,0.126021,28.2775,1.912554,0.19,0.014826,0.1925,0.00741300000000001,0.03,0,0,NA,NA,NA,NA,NA,NA,NA,NA,NA,NA,NA,NA,NA,NA,NA,NA,NA,NA,NA,NA,NA,NA,NA,NA,NA,NA,NA,NA,NA,NA,NA,NA,NA
"29","Trevor Lawrence","JAC","QB","15237","robust",14.65,NA,9.085,NA,134.60375,39.839933,0.715,NA,0.4,NA,1.665,NA,10.79375,2.81694,0.124519974799794,0.0564572585526994,0.16875,0.0555975,0.16,0,0,NA,NA,NA,NA,NA,NA,NA,NA,NA,NA,NA,NA,NA,NA,NA,NA,NA,NA,NA,NA,NA,NA,NA,NA,NA,NA,NA,NA,NA,"Q","Ankle",2023,14
"30","Jameis Winston","NO","QB","12140","robust",16.32,9.13372338730223,10.03,5.58223509976451,115.23,66.057243,0.6,0.44478,0.57,0.318759,1,0.59304,2.75,2.07564,0.01,0,0.00125,0.00185325,0,NA,0,NA,NA,NA,NA,NA,NA,NA,NA,NA,NA,NA,NA,NA,NA,NA,NA,NA,NA,NA,NA,NA,NA,NA,NA,NA,NA,NA,NA,NA,NA,NA,NA,NA
"31","Dorian Thompson-Robinson","CLE","QB","16158","robust",13.52,5.752488,8.385,3.543414,86.105,46.360902,0.41,0.207564,0.2875,0.185325,2.325,1.11195,9.44,6.049008,0.05,0.07413,0.1,0.07413,0,NA,0,NA,NA,NA,NA,NA,NA,NA,NA,NA,NA,NA,NA,NA,NA,NA,NA,NA,NA,NA,NA,NA,NA,NA,NA,NA,NA,NA,NA,NA,NA,NA,NA,NA
"32","Tommy DeVito","NYG","QB","16441","robust",27.22812460976,1.808772,17.5572903675741,0.830256000000003,181.1475,10.541286,1,0.14826,0.8,0.29652,4.3,2.07564,21,6.59757,0.135,0.103782,0.185,0.044478,0.05,0,0,NA,NA,NA,NA,NA,NA,NA,NA,NA,NA,NA,NA,NA,NA,NA,NA,NA,NA,NA,NA,NA,NA,NA,NA,NA,NA,NA,NA,NA,NA,NA,NA,NA
"33","Bailey Zappe","NE","QB","15696","robust",25.843558338664,3.65347237161301,15.8810857682073,2.40825103977639,171.8,16.130688,0.6775,0.133434,0.9,0.14826,2.575,0.504084,9.6975,1.18608,0.03,0,0.09625,0.0111195,0.05,0,0,NA,NA,NA,NA,NA,NA,NA,NA,NA,NA,NA,NA,NA,NA,NA,NA,NA,NA,NA,NA,NA,NA,NA,NA,NA,NA,NA,NA,NA,NA,NA,NA,NA
"34","Tyrod Taylor","NYG","QB","10413","robust",0.884508196721312,0.874247901639344,0.584758196721312,0.577975001639344,20.985,8.880774,0.115,0.014826,0.06,0.059304,0.0194318181818182,0.0192064090909091,0.335,0.133434,0.015,0.014826,0.1,0.07413,0.03,0,0,NA,NA,NA,NA,NA,NA,NA,NA,NA,NA,NA,NA,NA,NA,NA,NA,NA,NA,NA,NA,NA,NA,NA,NA,NA,NA,NA,NA,NA,NA,"Ribs",2023,14
"35","Taylor Heinicke","ATL","QB","12476","robust",2.9,1.77912,1.75,1.18608,24.275,2.37216,0.15,0.14826,0.025,0,0.375,0.44478,1.9,1.92738,0,0,0.025,0,0,NA,0,NA,NA,NA,NA,NA,NA,NA,NA,NA,NA,NA,NA,NA,NA,NA,NA,NA,NA,NA,NA,NA,NA,NA,NA,NA,NA,NA,NA,NA,NA,NA,NA,NA
"36","Sam Ehlinger","IND","QB","15250","robust",4.7,6.96822,3.15,4.67019,35.15,44.25561,0.15,0.22239,0,0,0.55,0.81543,2,2.9652,0,0,0.05,0.07413,NA,NA,NA,NA,NA,NA,NA,NA,NA,NA,NA,NA,NA,NA,NA,NA,NA,NA,NA,NA,NA,NA,NA,NA,NA,NA,NA,NA,NA,NA,NA,NA,NA,NA,NA,NA
"37","Ryan Tannehill","TEN","QB","10697","robust",1.1,NA,0.7,NA,20.75,13.5905,0.1,0.07413,0.125,0.09884,0.325,0.2471,1.2,0.96369,0,0,0.025,0.02471,0,NA,0,NA,NA,NA,NA,NA,NA,NA,NA,NA,NA,NA,NA,NA,NA,NA,NA,NA,NA,NA,NA,NA,NA,NA,NA,NA,NA,NA,NA,NA,NA,NA,NA,NA
"38","Tyson Bagent","CHI","QB","16384","robust",1.2,NA,0.7,NA,21.7,12.94804,0.1,0.07413,0.15,0.04942,0.3,NA,2.275,1.68028,0.0320833333333333,0.0317111666666667,0.05,0.04942,0,NA,0,NA,NA,NA,NA,NA,NA,NA,NA,NA,NA,NA,NA,NA,NA,NA,NA,NA,NA,NA,NA,NA,NA,NA,NA,NA,NA,NA,NA,NA,NA,NA,NA,NA
"39","Mac Jones","NE","QB","15241","robust",4.55,NA,2.9,NA,41.875,12.87391,0.175,0.09884,0.275,0.09884,0.45,NA,1.525,0.46949,0,0,0.025,0.02471,0,NA,0,NA,NA,NA,NA,NA,NA,NA,NA,NA,NA,NA,NA,NA,NA,NA,NA,NA,NA,NA,NA,NA,NA,NA,NA,NA,NA,NA,NA,NA,NA,NA,NA,NA
"40","Tyler Huntley","BAL","QB","14789","robust",1.1,1.63086,0.7,1.03782,11.8,0.889560000000001,0.1,0,0.05,0.014826,0.15,0.0735523636363636,0.8,0.29652,0.015,0,0.01375,0.014826,0,NA,0,NA,NA,NA,NA,NA,NA,NA,NA,NA,NA,NA,NA,NA,NA,NA,NA,NA,NA,NA,NA,NA,NA,NA,NA,NA,NA,NA,NA,NA,NA,NA,NA,NA
"41","Jimmy Garoppolo","LVR","QB","11760","robust",0.7,NA,0.45,NA,13.735,7.2751182,0.11,0,0.057,0.051891,0.2125,0.1667925,0.4,0.3202416,0.001,0,0.00125,0.00185325,0,NA,0,NA,NA,NA,NA,NA,NA,NA,NA,NA,NA,NA,NA,NA,NA,NA,NA,NA,NA,NA,NA,NA,NA,NA,NA,NA,NA,NA,NA,NA,NA,NA,NA,NA
"42","Davis Mills","HOU","QB","15252","robust",2.425,2.07564,1.5,1.18608,17.525,5.33736,0.1,0.14826,0.075,0,0.4,0.44478,1.5,1.03782,0.025,0,0.025,0,0,NA,0,NA,NA,NA,NA,NA,NA,NA,NA,NA,NA,NA,NA,NA,NA,NA,NA,NA,NA,NA,NA,NA,NA,NA,NA,NA,NA,NA,NA,NA,NA,NA,NA,NA
"43","AJ McCarron","CIN","QB","11643","robust",1.1,1.63086,0.7,1.03782,15.175,4.15128,0.08,0.118608,0.05,0,0.1,0,0.3875,0.14826,0,0,0.00125,0,0,NA,0,NA,NA,NA,NA,NA,NA,NA,NA,NA,NA,NA,NA,NA,NA,NA,NA,NA,NA,NA,NA,NA,NA,NA,NA,NA,NA,NA,NA,NA,NA,NA,NA,NA
"44","Nick Mullens","MIN","QB","13968","robust",1.3,NA,0.9,NA,15.025,7.73423,0.075,0.02471,0.05,0.04942,0.3,NA,1.3,0.88956,0,0,0.025,0.02471,0,NA,0,NA,NA,NA,NA,NA,NA,NA,NA,NA,NA,NA,NA,NA,NA,NA,NA,NA,NA,NA,NA,NA,NA,NA,NA,NA,NA,NA,NA,NA,NA,NA,NA,NA
"45","Andy Dalton","CAR","QB","10313","robust",1.95,2.89107,1.3,1.92738,17.9,19.42206,0.1,0.14826,0.05,0.07413,0.3,0.44478,0.5,0.7413,0,0,0,0,NA,NA,NA,NA,NA,NA,NA,NA,NA,NA,NA,NA,NA,NA,NA,NA,NA,NA,NA,NA,NA,NA,NA,NA,NA,NA,NA,NA,NA,NA,NA,NA,NA,NA,NA,NA
"46","Mason Rudolph","PIT","QB","13595","robust",0.666931034482759,NA,0.419919540229885,NA,17.9975,10.6710135,0.0475,0.0704235,0.0925,0.022239,0.333333333333333,0.4942,1.33333333333333,1.9768,0.0025,0,0.00333333333333333,0.004942,0,NA,0,NA,NA,NA,NA,NA,NA,NA,NA,NA,NA,NA,NA,NA,NA,NA,NA,NA,NA,NA,NA,NA,NA,NA,NA,NA,NA,NA,NA,NA,NA,NA,NA,NA
"47","Carson Wentz","LAR","QB","12610","robust",2.2,3.26172,1.3,1.92738,17.25,11.49015,0.05,0.07413,0.1,0,0.3,0.44478,1,1.4826,0,0,0,0,NA,NA,NA,NA,NA,NA,NA,NA,NA,NA,NA,NA,NA,NA,NA,NA,NA,NA,NA,NA,NA,NA,NA,NA,NA,NA,NA,NA,NA,NA,NA,NA,NA,NA,NA,NA
"48","Cooper Rush","DAL","QB","13124","robust",1.5,2.2239,0.9,1.33434,17.05,3.26172,0.035,0,0.04,0,0.15,0.0988400000000001,0.2,0,0,0,0.0025,0,0,NA,0,NA,NA,NA,NA,NA,NA,NA,NA,NA,NA,NA,NA,NA,NA,NA,NA,NA,NA,NA,NA,NA,NA,NA,NA,NA,NA,NA,NA,NA,NA,NA,NA,NA
"49","Trevor Siemian","NYJ","QB","12381","robust",0,0,0,0,16.475,8.117235,0.03,0.044478,0.14,0.059304,0,0,0.025,0.037065,0.005,0.007413,0,0,NA,NA,NA,NA,NA,NA,NA,NA,NA,NA,NA,NA,NA,NA,NA,NA,NA,NA,NA,NA,NA,NA,NA,NA,NA,NA,NA,NA,NA,NA,NA,NA,NA,NA,NA,NA
"50","Malik Cunningham","NE","QB","16157","robust",0,0,0,0,16.01,7.872606,0.025,0.037065,0.11,0.014826,0,0,0.11,0.014826,0.005,0.007413,0.005,0.007413,NA,NA,NA,NA,NA,NA,NA,NA,NA,NA,NA,NA,NA,NA,NA,NA,NA,NA,NA,NA,NA,NA,NA,NA,NA,NA,NA,NA,NA,NA,NA,NA,NA,NA,NA,NA
"51","Sam Darnold","SF","QB","13592","robust",0.680526315789474,0.831816631578947,0.37428947368421,0.516803147368421,9.05,1.33434,0.03,0,0.06,0.029652,0.3,0.44478,0.01,0.029652,0,0,0.00125,0,0,NA,0,NA,NA,NA,NA,NA,NA,NA,NA,NA,NA,NA,NA,NA,NA,NA,NA,NA,NA,NA,NA,NA,NA,NA,NA,NA,NA,NA,NA,NA,NA,NA,NA,NA
"52","Marcus Mariota","PHI","QB","12141","robust",1.275,1.77912,0.825,1.18608,9.55,8.59908,0.075,0,0.075,0,0.425,0.44478,1.7,1.63086,0,0,0,0,0,NA,0,NA,NA,NA,NA,NA,NA,NA,NA,NA,NA,NA,NA,NA,NA,NA,NA,NA,NA,NA,NA,NA,NA,NA,NA,NA,NA,NA,NA,NA,NA,NA,NA,NA
"53","Drew Lock","SEA","QB","14057","robust",1.4,NA,0.5,NA,9.725,4.74432,0.025,0.02471,0.05,0.04942,0.175,0.09884,0.95,0.71659,0,0,0,0,0,NA,0,NA,NA,NA,NA,NA,NA,NA,NA,NA,NA,NA,NA,NA,NA,NA,NA,NA,NA,NA,NA,NA,NA,NA,NA,NA,NA,NA,NA,NA,NA,NA,NA,NA
"54","Brett Rypien","NYJ","QB","14065","robust",4.4,NA,2,NA,17,0,0,NA,0.2,NA,0.3,NA,1,0,0,0,0.1,0,NA,NA,NA,NA,NA,NA,NA,NA,NA,NA,NA,NA,NA,NA,NA,NA,NA,NA,NA,NA,NA,NA,NA,NA,NA,NA,NA,NA,NA,NA,NA,NA,NA,NA,NA,NA
"55","Mike White","MIA","QB","13598","robust",1.21235217391304,0.407861111304348,0.808608695652174,0.189171165217391,14.1,1.675338,0.06,0.044478,0.0375,0.037065,0.24077380952381,0.22239,0.225,0.244629,0,0,0,0,0,NA,0,NA,NA,NA,NA,NA,NA,NA,NA,NA,NA,NA,NA,NA,NA,NA,NA,NA,NA,NA,NA,NA,NA,NA,NA,NA,NA,NA,NA,NA,NA,NA,NA,NA
"56","Teddy Bridgewater","DET","QB","11640","robust",0.75,NA,0.45,NA,9.9,1.63086,0.075,0.02471,0.025,0.02471,0.475,0.39536,0.2,0.42007,0,0,0,0,0,NA,0,NA,NA,NA,NA,NA,NA,NA,NA,NA,NA,NA,NA,NA,NA,NA,NA,NA,NA,NA,NA,NA,NA,NA,NA,NA,NA,NA,NA,NA,NA,NA,NA,NA
"57","Jarrett Stidham","DEN","QB","14063","robust",1,0.14826,0.625,0.14826,8.125,2.9652,0.075,0,0.025,0,0.1,0.14826,0.625,0.44478,0,0,0,0,0,NA,0,NA,NA,NA,NA,NA,NA,NA,NA,NA,NA,NA,NA,NA,NA,NA,NA,NA,NA,NA,NA,NA,NA,NA,NA,NA,NA,NA,NA,NA,NA,NA,NA,NA
"58","Sean Clifford","GB","QB","16313","robust",0.725,0.29652,0.475,0.14826,7.3,0.44478,0.075,0,0,0,0.175,0.14826,0.075,0.14826,0,0,0,0,0,NA,0,NA,NA,NA,NA,NA,NA,NA,NA,NA,NA,NA,NA,NA,NA,NA,NA,NA,NA,NA,NA,NA,NA,NA,NA,NA,NA,NA,NA,NA,NA,NA,NA,NA
"59","Blaine Gabbert","KC","QB","10262","robust",0.9,NA,0.5,NA,8.15,1.21079,0.025,0.02471,0.125,0.12355,0.325,0.27181,-0.1,0.2471,0,0,0,0,0,NA,0,NA,NA,NA,NA,NA,NA,NA,NA,NA,NA,NA,NA,NA,NA,NA,NA,NA,NA,NA,NA,NA,NA,NA,NA,NA,NA,NA,NA,NA,NA,NA,NA,NA
"60","Kyle Allen","BUF","QB","13879","robust",0.7,1.03782,0.45,0.66717,6.85,3.78063,0.05,0.07413,0,0,0.05,0.07413,0.05,0.07413,0,0,0,0,NA,NA,NA,NA,NA,NA,NA,NA,NA,NA,NA,NA,NA,NA,NA,NA,NA,NA,NA,NA,NA,NA,NA,NA,NA,NA,NA,NA,NA,NA,NA,NA,NA,NA,NA,NA
"61","Easton Stick","LAC","QB","14069","robust",0.3,0.44478,0.15,0.22239,3.75,2.59455,0.05,0.07413,0,0,0.05,0.07413,0,0,0,0,0,0,NA,NA,NA,NA,NA,NA,NA,NA,NA,NA,NA,NA,NA,NA,NA,NA,NA,NA,NA,NA,NA,NA,NA,NA,NA,NA,NA,NA,NA,NA,NA,NA,NA,NA,NA,NA
"62","Kyle Trask","TB","QB","15242","robust",0.25,0.37065,0.05,0.07413,2.65,2.44629,0,0,0,0,0.15,0.22239,-0.15,0.22239,0,0,0,0,NA,NA,NA,NA,NA,NA,NA,NA,NA,NA,NA,NA,NA,NA,NA,NA,NA,NA,NA,NA,NA,NA,NA,NA,NA,NA,NA,NA,NA,NA,NA,NA,NA,NA,NA,NA
"63","Christian McCaffrey","SF","RB","13130","robust",NA,NA,NA,NA,NA,NA,NA,NA,NA,NA,17.9,1.24529422248928,81.675,2.51300700000001,0.8,0.088956,0.097,0.0044478,0,NA,0,NA,4.5675,0.541149,39.6,2.431464,0.3,0.088956,NA,NA,NA,NA,NA,NA,NA,NA,NA,NA,NA,NA,NA,NA,NA,NA,NA,NA,NA,NA,NA,NA,NA,NA,NA,NA
"64","Zack Moss","IND","RB","14798","robust",NA,NA,NA,NA,NA,NA,NA,NA,NA,NA,18.475,0.600453000000002,77.9725,8.08758300000001,0.6,0.044478,0.096,0.0059304,0.01,0,0,NA,2.1,0.14826,15.3,1.92738,0.1,0,NA,NA,NA,NA,NA,NA,NA,NA,NA,NA,NA,NA,NA,NA,NA,NA,NA,NA,NA,NA,NA,NA,NA,NA,NA,NA
"65","Kyren Williams","LAR","RB","15710","robust",NA,NA,NA,NA,NA,NA,NA,NA,NA,NA,17.5200333323101,1.26021,75.825,9.47381400000001,0.5025,0.081543,0.01875,0.0185325,0.01,0,0,NA,2.835,0.340998,21.6,4.29954,0.1025,0.037065,NA,NA,NA,NA,NA,NA,NA,NA,NA,NA,NA,NA,NA,NA,NA,NA,NA,NA,NA,NA,NA,NA,NA,NA,NA,NA
"66","Josh Jacobs","LVR","RB","14073","robust",NA,NA,NA,NA,NA,NA,NA,NA,NA,NA,19.475099538033,0.593039999999998,72.975,2.89107,0.5,0.029652,0.093,0.0103782,0,NA,0,NA,2.675,0.207564,20.285,1.986684,0.045,0.059304,NA,NA,NA,NA,NA,NA,NA,NA,NA,NA,NA,NA,NA,NA,NA,NA,NA,NA,NA,NA,NA,NA,NA,NA,NA,NA
"67","Saquon Barkley","NYG","RB","13604","robust",NA,NA,NA,NA,NA,NA,NA,NA,NA,NA,17.7574078962165,0.274554106138794,75.22,2.9652,0.3,0.111195,0.097,0.0044478,0,NA,0,NA,3.085,0.103782,21.91,3.980781,0.13,0.059304,NA,NA,NA,NA,NA,NA,NA,NA,NA,NA,NA,NA,NA,NA,NA,NA,NA,NA,NA,NA,NA,NA,NA,NA,NA,NA
"68","Rachaad White","TB","RB","15721","robust",NA,NA,NA,NA,NA,NA,NA,NA,NA,NA,16,1.63086,60.1,3.40998,0.37,0.103782,0.095,0.00741300000000001,0,NA,0,NA,3.8,0.29652,29,3.973368,0.105,0.014826,NA,NA,NA,NA,NA,NA,NA,NA,NA,NA,NA,NA,NA,NA,NA,NA,NA,NA,NA,NA,NA,NA,NA,NA,NA,NA
"69","Ezekiel Elliott","NE","RB","12625","robust",NA,NA,NA,NA,NA,NA,NA,NA,NA,NA,16.2542199576333,1.25395349081284,64.4375,4.484865,0.3,0.051891,0.05,0.037065,0.09,0,0,NA,2.5575,0.37065,18.665,1.4826,0.05,0.059304,NA,NA,NA,NA,NA,NA,NA,NA,NA,NA,NA,NA,NA,NA,NA,NA,NA,NA,NA,NA,NA,NA,NA,NA,NA,NA
"70","Joe Mixon","CIN","RB","13131","robust",NA,NA,NA,NA,NA,NA,NA,NA,NA,NA,16.15,0.889560000000002,65.975,5.974878,0.55,0.0741300000000001,0.01875,0.0185325,0,NA,0,NA,3.2,0.29652,22.5,3.33585,0.1,0,NA,NA,NA,NA,NA,NA,NA,NA,NA,NA,NA,NA,NA,NA,NA,NA,NA,NA,NA,NA,NA,NA,NA,NA,NA,NA
"71","Bijan Robinson","ATL","RB","16161","robust",NA,NA,NA,NA,NA,NA,NA,NA,NA,NA,14.8,1.18608,68.22,4.551582,0.4,0.14826,0.136,0.0533736,0,NA,0,NA,3.265,0.81543,25.7,4.848102,0.13,0.044478,NA,NA,NA,NA,NA,NA,NA,NA,NA,NA,NA,NA,NA,NA,NA,NA,NA,NA,NA,NA,NA,NA,NA,NA,NA,NA
"72","Travis Etienne","JAC","RB","15253","robust",NA,NA,NA,NA,NA,NA,NA,NA,NA,NA,14.95,0.518910000000001,64.15,1.4826,0.3625,0.111195,0.099,0.0014826,0.1,0,0,NA,3.2425,0.763539000000001,26.04,2.994852,0.09,0,NA,NA,NA,NA,NA,NA,NA,NA,NA,NA,NA,NA,NA,NA,NA,NA,NA,NA,NA,NA,NA,NA,"Q","Ribs",2023,14
"73","Tony Pollard","DAL","RB","14085","robust",NA,NA,NA,NA,NA,NA,NA,NA,NA,NA,14.6562005081461,0.615279,65.705,2.349921,0.4675,0.0963689999999999,0.094,0.00889560000000001,0.03,0,0,NA,3.14,0.252042,23.3,0.733886999999999,0.07,0.07413,NA,NA,NA,NA,NA,NA,NA,NA,NA,NA,NA,NA,NA,NA,NA,NA,NA,NA,NA,NA,NA,NA,NA,NA,NA,NA
"74","Alvin Kamara","NO","RB","13132","robust",NA,NA,NA,NA,NA,NA,NA,NA,NA,NA,15.35,0.518909999999999,62.9325,2.14235700000001,0.45,0.07413,0.096,0.0059304,0.06,0,0,NA,5.025,0.504084,38.75,1.838424,0.145,0.07413,NA,NA,NA,NA,NA,NA,NA,NA,NA,NA,NA,NA,NA,NA,NA,NA,NA,NA,NA,NA,NA,NA,NA,NA,NA,NA
"75","Jahmyr Gibbs","DET","RB","16162","robust",NA,NA,NA,NA,NA,NA,NA,NA,NA,NA,10.45,0.948863999999999,51.2,11.104674,0.35,0.096369,0.016,0.0177912,0.01,0,0,NA,4.015,0.407715,30.44,2.646441,0.075,0.07413,NA,NA,NA,NA,NA,NA,NA,NA,NA,NA,NA,NA,NA,NA,NA,NA,NA,NA,NA,NA,NA,NA,NA,NA,NA,NA
"76","Chuba Hubbard","CAR","RB","15261","robust",NA,NA,NA,NA,NA,NA,NA,NA,NA,NA,14.9,0.879194057132639,61.3,2.07564,0.3175,0.0963690000000001,0.01875,0.0185325,0,NA,0,NA,2.3475,0.555975,16.41,2.928135,0,0,NA,NA,NA,NA,NA,NA,NA,NA,NA,NA,NA,NA,NA,NA,NA,NA,NA,NA,NA,NA,NA,NA,NA,NA,NA,NA
"77","Derrick Henry","TEN","RB","12626","robust",NA,NA,NA,NA,NA,NA,NA,NA,NA,NA,16.05,0.231190911793273,65.1375,1.304688,0.5,0.037065,0.095,0.00741300000000001,0,NA,0,NA,1.7,0.214977,14.445,0.726474,0.05,0.051891,NA,NA,NA,NA,NA,NA,NA,NA,NA,NA,NA,NA,NA,NA,NA,NA,NA,NA,NA,NA,NA,NA,NA,NA,NA,NA
"78","Devon Achane","MIA","RB","16167","robust",NA,NA,NA,NA,NA,NA,NA,NA,NA,NA,10.98,1.4826,51.75,6.81996,0.55,0.066717,0.11,0.014826,0,NA,0,NA,2.5075,0.422541,20.7,3.424806,0.15,0.07413,NA,NA,NA,NA,NA,NA,NA,NA,NA,NA,NA,NA,NA,NA,NA,NA,NA,NA,NA,NA,NA,NA,NA,NA,NA,NA
"79","Devin Singletary","HOU","RB","14080","robust",NA,NA,NA,NA,NA,NA,NA,NA,NA,NA,12.525,1.104537,54.7,8.287734,0.3,0.051891,0.093,0.0103782,0,NA,0,NA,1.8075,0.274281,12.6925,2.794701,0.05,0.051891,NA,NA,NA,NA,NA,NA,NA,NA,NA,NA,NA,NA,NA,NA,NA,NA,NA,NA,NA,NA,NA,NA,NA,NA,NA,NA
"80","Raheem Mostert","MIA","RB","12447","robust",NA,NA,NA,NA,NA,NA,NA,NA,NA,NA,11.6930751792011,0.465313478632943,55.6325,5.663532,0.66,0.126021,0.097,0.0044478,0,NA,0,NA,1.765,0.37065,13.6,4.00302,0.1,0.014826,NA,NA,NA,NA,NA,NA,NA,NA,NA,NA,NA,NA,NA,NA,NA,NA,NA,NA,NA,NA,NA,NA,"Q","Knee",2023,14
"81","Breece Hall","NYJ","RB","15708","robust",NA,NA,NA,NA,NA,NA,NA,NA,NA,NA,13.185,1.4826,53,2.9652,0.3,0.111195,0.01875,0.0185325,0,NA,0,NA,3.5,0.355824,29.83,1.690164,0.1075,0.051891,NA,NA,NA,NA,NA,NA,NA,NA,NA,NA,NA,NA,NA,NA,NA,NA,NA,NA,NA,NA,NA,NA,"Q","Ankle",2023,14
"82","David Montgomery","DET","RB","14071","robust",NA,NA,NA,NA,NA,NA,NA,NA,NA,NA,14.725,0.815430000000001,62.54,1.4826,0.6,0.14826,0.099,0.0014826,0.03,0,0,NA,1.25,0.22239,11.02,0.504084,0.05,0.059304,NA,NA,NA,NA,NA,NA,NA,NA,NA,NA,NA,NA,NA,NA,NA,NA,NA,NA,NA,NA,NA,NA,NA,NA,NA,NA
"83","Javonte Williams","DEN","RB","15256","robust",NA,NA,NA,NA,NA,NA,NA,NA,NA,NA,15,0.148259999999999,61.7725,2.676093,0.25,0.07413,0.0795,0.022239,0,NA,0,NA,2.9025,0.140847,19.8225,1.26021,0.1075,0.022239,NA,NA,NA,NA,NA,NA,NA,NA,NA,NA,NA,NA,NA,NA,NA,NA,NA,NA,NA,NA,NA,NA,NA,NA,NA,NA
"84","Kenneth Walker III","SEA","RB","15711","robust",NA,NA,NA,NA,NA,NA,NA,NA,NA,NA,9.66306916004561,3.15221267336724,37.68,11.149152,0.3,0.140847,0,0,0,NA,0,NA,1.3875,0.333585,11.19,2.994852,0.065,0.022239,NA,NA,NA,NA,NA,NA,NA,NA,NA,NA,NA,NA,NA,NA,NA,NA,NA,NA,NA,NA,NA,NA,"Q","Oblique",2023,14
"85","Dameon Pierce","HOU","RB","15717","robust",NA,NA,NA,NA,NA,NA,NA,NA,NA,NA,11.4525,2.137264704062,42.05,10.911936,0.2,0.066717,0.095,0.00741300000000001,0,NA,0,NA,0.835,0.266868,5.515,0.7413,0,0,NA,NA,NA,NA,NA,NA,NA,NA,NA,NA,NA,NA,NA,NA,NA,NA,NA,NA,NA,NA,NA,NA,NA,NA,NA,NA
"86","James Cook","BUF","RB","15715","robust",NA,NA,NA,NA,NA,NA,NA,NA,NA,NA,12.1,0.904385999999999,59.45,1.55673,0.18,0.103782,0.095,0.00741300000000001,0.01,0,0,NA,2.645,0.340998,22.035,2.172009,0.1,0,NA,NA,NA,NA,NA,NA,NA,NA,NA,NA,NA,NA,NA,NA,NA,NA,NA,NA,NA,NA,NA,NA,NA,NA,NA,NA
"87","Aaron Jones","GB","RB","13319","robust",NA,NA,NA,NA,NA,NA,NA,NA,NA,NA,8.845,5.1891,35.825,10.244766,0.18,0.059304,0.091,0,0,NA,0,NA,2.24,0.7413,18.93,6.197268,0.095,0.014826,NA,NA,NA,NA,NA,NA,NA,NA,NA,NA,NA,NA,NA,NA,NA,NA,NA,NA,NA,NA,NA,NA,"Q","Knee - MCL",2023,14
"88","Austin Ekeler","LAC","RB","13404","robust",NA,NA,NA,NA,NA,NA,NA,NA,NA,NA,13.2175,0.392888999999999,55.985,7.294392,0.45,0.111195,0.152,0.07413,0,NA,0,NA,3.8925,0.22239,31.9,1.786533,0.2,0,NA,NA,NA,NA,NA,NA,NA,NA,NA,NA,NA,NA,NA,NA,NA,NA,NA,NA,NA,NA,NA,NA,NA,NA,NA,NA
"89","D'Andre Swift","PHI","RB","14797","robust",NA,NA,NA,NA,NA,NA,NA,NA,NA,NA,12.1,0.96369,55.3,5.841444,0.3,0.14826,0.05,0.037065,0.03,0,0,NA,2.6975,0.0741300000000001,19.2625,2.920722,0.1,0,NA,NA,NA,NA,NA,NA,NA,NA,NA,NA,NA,NA,NA,NA,NA,NA,NA,NA,NA,NA,NA,NA,NA,NA,NA,NA
"90","AJ Dillon","GB","RB","14805","robust",NA,NA,NA,NA,NA,NA,NA,NA,NA,NA,13.8286923428085,1.55543751163192,56.6,4.77397199999999,0.3,0.051891,0.01875,0.0185325,0.01,0,0,NA,1.8,0.14826,15.95,0.741299999999999,0.035,0,NA,NA,NA,NA,NA,NA,NA,NA,NA,NA,NA,NA,NA,NA,NA,NA,NA,NA,NA,NA,NA,NA,"Q","Groin",2023,14
"91","Jerome Ford","CLE","RB","15713","robust",NA,NA,NA,NA,NA,NA,NA,NA,NA,NA,13.2,0.296519999999999,56.8975,2.24613900000001,0.255,0.037065,0.089,0.0163086,0.01,0,0,NA,2.655,0.229803,18.825,0.96369,0.115,0.044478,NA,NA,NA,NA,NA,NA,NA,NA,NA,NA,NA,NA,NA,NA,NA,NA,NA,NA,NA,NA,NA,NA,NA,NA,NA,NA
"92","Clyde Edwards-Helaire","KC","RB","14803","robust",NA,NA,NA,NA,NA,NA,NA,NA,NA,NA,12.7575,1.134189,53.745,3.795456,0.3725,0.051891,0.09,0.014826,0,NA,0,NA,1.53,0.474432,11.49,3.009678,0.0825,0.014826,NA,NA,NA,NA,NA,NA,NA,NA,NA,NA,NA,NA,NA,NA,NA,NA,NA,NA,NA,NA,NA,NA,NA,NA,NA,NA
"93","Alexander Mattison","MIN","RB","14223","robust",NA,NA,NA,NA,NA,NA,NA,NA,NA,NA,13.9,0.7413,55.345,3.513762,0.25,0.066717,0.1,0,0,NA,0,NA,1.915,0.170499,13.5,2.9652,0.1,0.037065,NA,NA,NA,NA,NA,NA,NA,NA,NA,NA,NA,NA,NA,NA,NA,NA,NA,NA,NA,NA,NA,NA,NA,NA,NA,NA
"94","Khalil Herbert","CHI","RB","15271","robust",NA,NA,NA,NA,NA,NA,NA,NA,NA,NA,8.35,0.318759,37.925,9.04386,0.1925,0.07413,0.05,0.037065,0.04,0,0,NA,1.4,0.303933,12.32,1.245384,0.09,0,NA,NA,NA,NA,NA,NA,NA,NA,NA,NA,NA,NA,NA,NA,NA,NA,NA,NA,NA,NA,NA,NA,NA,NA,NA,NA
"95","Najee Harris","PIT","RB","15254","robust",NA,NA,NA,NA,NA,NA,NA,NA,NA,NA,14.87,0.192738,55.5225,1.786533,0.315,0.022239,0.066,0.0504084,0,NA,0,NA,1.79,0.133434,11.525,1.734642,0.09,0,NA,NA,NA,NA,NA,NA,NA,NA,NA,NA,NA,NA,NA,NA,NA,NA,NA,NA,NA,NA,NA,NA,NA,NA,NA,NA
"96","Gus Edwards","BAL","RB","13850","robust",NA,NA,NA,NA,NA,NA,NA,NA,NA,NA,10.4,0.59304,43.5,3.48411,0.5,0.185325,0.003,0.0044478,0.03,0,0,NA,0.76,0.088956,7.0475,2.216487,0,0,NA,NA,NA,NA,NA,NA,NA,NA,NA,NA,NA,NA,NA,NA,NA,NA,NA,NA,NA,NA,NA,NA,NA,NA,NA,NA
"97","Keaton Mitchell","BAL","RB","16178","robust",NA,NA,NA,NA,NA,NA,NA,NA,NA,NA,8.83088299512971,1.42591425715862,41.525,6.16761600000001,0.235,0.07413,0.046,0.0459606,0.01,0,0,NA,1.475,0.415128,12.975,2.89107,0.025,0,NA,NA,NA,NA,NA,NA,NA,NA,NA,NA,NA,NA,NA,NA,NA,NA,NA,NA,NA,NA,NA,NA,NA,NA,NA,NA
"98","Zach Charbonnet","SEA","RB","16169","robust",NA,NA,NA,NA,NA,NA,NA,NA,NA,NA,8.515,3.662022,33.9925,14.848239,0.2,0.00741299999999999,0.016,0.0177912,0,NA,0,NA,1.9,0.14826,13.2675,3.802869,0.055,0.051891,NA,NA,NA,NA,NA,NA,NA,NA,NA,NA,NA,NA,NA,NA,NA,NA,NA,NA,NA,NA,NA,NA,"Q","Knee",2023,14
"99","Roschon Johnson","CHI","RB","16175","robust",NA,NA,NA,NA,NA,NA,NA,NA,NA,NA,8.3,1.40847,32.775,4.536756,0.155,0.066717,0.001,0.0014826,0,NA,0,NA,2.25,0.770952,15.81,3.328437,0.04,0.037065,NA,NA,NA,NA,NA,NA,NA,NA,NA,NA,NA,NA,NA,NA,NA,NA,NA,NA,NA,NA,NA,NA,NA,NA,NA,NA
"100","DOnta Foreman","CHI","RB","13134","robust",NA,NA,NA,NA,NA,NA,NA,NA,NA,NA,6.88794045025418,0.59304,29.335,3.083808,0.2,0,0.002,0,0,NA,0,NA,0.815,0.14826,5.5725,1.18608,0.0125,0,NA,NA,NA,NA,NA,NA,NA,NA,NA,NA,NA,NA,NA,NA,NA,NA,NA,NA,NA,NA,NA,NA,NA,NA,NA,NA
"101","Jaylen Warren","PIT","RB","15742","robust",NA,NA,NA,NA,NA,NA,NA,NA,NA,NA,10.8868551080446,0.39013861681307,48.695,1.200906,0.285,0.022239,0.096,0.0059304,0,NA,0,NA,2.5275,0.229803,18.45,0.422541,0.05,0.051891,NA,NA,NA,NA,NA,NA,NA,NA,NA,NA,NA,NA,NA,NA,NA,NA,NA,NA,NA,NA,NA,NA,NA,NA,NA,NA
"102","Tyler Allgeier","ATL","RB","15712","robust",NA,NA,NA,NA,NA,NA,NA,NA,NA,NA,9.13515777355721,0.645164915075923,36.1,3.11346,0.2,0.103782,0,0,0,NA,0,NA,0.75,0.355824,5.4,1.77912,0,0,NA,NA,NA,NA,NA,NA,NA,NA,NA,NA,NA,NA,NA,NA,NA,NA,NA,NA,NA,NA,NA,NA,NA,NA,NA,NA
"103","Tyjae Spears","TEN","RB","16165","robust",NA,NA,NA,NA,NA,NA,NA,NA,NA,NA,5.64410773441867,1.44818074590177,24.1075,5.100144,0.12,0.029652,0.002,0.0029652,0,NA,0,NA,2.52,0.118608,17.465,2.201661,0.05,0.051891,NA,NA,NA,NA,NA,NA,NA,NA,NA,NA,NA,NA,NA,NA,NA,NA,NA,NA,NA,NA,NA,NA,NA,NA,NA,NA
"104","Kareem Hunt","CLE","RB","13138","robust",NA,NA,NA,NA,NA,NA,NA,NA,NA,NA,10.2064609386141,1.26021,42.6125,1.890315,0.305,0.088956,0,0,0.03,0,0,NA,1.04,0.0593040000000001,7.37,1.060059,0.05,0.051891,NA,NA,NA,NA,NA,NA,NA,NA,NA,NA,NA,NA,NA,NA,NA,NA,NA,NA,NA,NA,NA,NA,NA,NA,NA,NA
"105","Jamaal Williams","NO","RB","13139","robust",NA,NA,NA,NA,NA,NA,NA,NA,NA,NA,6.3,1.71643049064914,23.7775,6.52344,0.15,0.07413,0.0205,0.022239,0.03,0,0,NA,0.995,0.088956,6.025,1.875489,0,0,NA,NA,NA,NA,NA,NA,NA,NA,NA,NA,NA,NA,NA,NA,NA,NA,NA,NA,NA,NA,NA,NA,NA,NA,NA,NA
"106","Kenneth Gainwell","PHI","RB","15255","robust",NA,NA,NA,NA,NA,NA,NA,NA,NA,NA,4.48503309275239,0.800505873370615,18.1475,2.112705,0.11,0.014826,0.044,0.0504084,0.03,0,0,NA,1.8,0.22239,12.725,2.142357,0,0,NA,NA,NA,NA,NA,NA,NA,NA,NA,NA,NA,NA,NA,NA,NA,NA,NA,NA,NA,NA,NA,NA,NA,NA,NA,NA
"107","Jerick McKinnon","KC","RB","11761","robust",NA,NA,NA,NA,NA,NA,NA,NA,NA,NA,4.4,1.534491,16.6575,5.9304,0.0675,0.096369,0,0,0,NA,0,NA,2.835,0.29652,22.5,5.1891,0.185,0.088956,NA,NA,NA,NA,NA,NA,NA,NA,NA,NA,NA,NA,NA,NA,NA,NA,NA,NA,NA,NA,NA,NA,NA,NA,NA,NA
"108","Miles Sanders","CAR","RB","14079","robust",NA,NA,NA,NA,NA,NA,NA,NA,NA,NA,7.99589402567257,1.23320896492429,34.26,4.536756,0.15,0.044478,0.096,0.0059304,0.03,0,0,NA,1.5425,0.29652,9.6725,2.07564,0,0,NA,NA,NA,NA,NA,NA,NA,NA,NA,NA,NA,NA,NA,NA,NA,NA,NA,NA,NA,NA,NA,NA,NA,NA,NA,NA
"109","Ty Chandler","MIN","RB","15723","robust",NA,NA,NA,NA,NA,NA,NA,NA,NA,NA,7.45,0.66717,30.85,3.380328,0.15,0.051891,0.002,0.0029652,0,NA,0.01,0,1.05,0.0741300000000001,8.1675,1.230558,0,0,NA,NA,NA,NA,NA,NA,NA,NA,NA,NA,NA,NA,NA,NA,NA,NA,NA,NA,NA,NA,NA,NA,NA,NA,NA,NA
"110","Latavius Murray","BUF","RB","11390","robust",NA,NA,NA,NA,NA,NA,NA,NA,NA,NA,6.95,0.0741299999999997,30.3025,1.771707,0.2,0,0,0,0,NA,0,NA,1.125,0.22239,7.22,1.675338,0,0,NA,NA,NA,NA,NA,NA,NA,NA,NA,NA,NA,NA,NA,NA,NA,NA,NA,NA,NA,NA,NA,NA,NA,NA,NA,NA
"111","Joshua Kelley","LAC","RB","14807","robust",NA,NA,NA,NA,NA,NA,NA,NA,NA,NA,6.35,0.981833925001412,26.05,4.017846,0.14,0.07413,0.003,0.0044478,0,NA,0,NA,0.9,0.111195,5.935,0.0963689999999999,0,0,NA,NA,NA,NA,NA,NA,NA,NA,NA,NA,NA,NA,NA,NA,NA,NA,NA,NA,NA,NA,NA,NA,NA,NA,NA,NA
"112","Royce Freeman","FA","RB","13617","robust",NA,NA,NA,NA,NA,NA,NA,NA,NA,NA,6.04,0.379910363008352,23.895,1.771707,0.1,0,0.0205,0.022239,0,NA,0,NA,0.3,0.051891,1.7,0.44478,0,0,NA,NA,NA,NA,NA,NA,NA,NA,NA,NA,NA,NA,NA,NA,NA,NA,NA,NA,NA,NA,NA,NA,NA,NA,NA,NA
"113","Royce Freeman","LAR","RB","13617","robust",NA,NA,NA,NA,NA,NA,NA,NA,NA,NA,6.04,0.379910363008352,23.895,1.771707,0.1,0,0.0205,0.022239,0,NA,0,NA,0.3,0.051891,1.7,0.44478,0,0,NA,NA,NA,NA,NA,NA,NA,NA,NA,NA,NA,NA,NA,NA,NA,NA,NA,NA,NA,NA,NA,NA,NA,NA,NA,NA
"114","Cordarrelle Patterson","ATL","RB","11225","robust",NA,NA,NA,NA,NA,NA,NA,NA,NA,NA,4.84,0.177912,19.6,3.424806,0.1,0.059304,0.001,0.0014826,0,NA,0.03,0,0.915,0.133434,6.98,0.392889,0.02,0,NA,NA,NA,NA,NA,NA,NA,NA,NA,NA,NA,NA,NA,NA,NA,NA,NA,NA,NA,NA,NA,NA,NA,NA,NA,NA
"115","Dalvin Cook","NYJ","RB","13128","robust",NA,NA,NA,NA,NA,NA,NA,NA,NA,NA,6.2,0.29652,24.45,2.89107,0.1,0,0.109,0.0133434,0,NA,0,NA,1.19,0.177912,9.295,2.342508,0,0,NA,NA,NA,NA,NA,NA,NA,NA,NA,NA,NA,NA,NA,NA,NA,NA,NA,NA,NA,NA,NA,NA,NA,NA,NA,NA
"116","Rico Dowdle","DAL","RB","14823","robust",NA,NA,NA,NA,NA,NA,NA,NA,NA,NA,5.68,0.710443904677145,23.6,2.209074,0.135,0.051891,0.001,0.0014826,0,NA,0,NA,0.775,0.155673,5.325,1.467774,0.0225,0.022239,NA,NA,NA,NA,NA,NA,NA,NA,NA,NA,NA,NA,NA,NA,NA,NA,NA,NA,NA,NA,NA,NA,NA,NA,NA,NA
"117","Jaleel McLaughlin","DEN","RB","16390","robust",NA,NA,NA,NA,NA,NA,NA,NA,NA,NA,3.8,0.941451,16.9825,2.750223,0.1,0.014826,0.001,0.0014826,0,NA,0,NA,1.515,0.29652,9.84,1.423296,0.06,0.014826,NA,NA,NA,NA,NA,NA,NA,NA,NA,NA,NA,NA,NA,NA,NA,NA,NA,NA,NA,NA,NA,NA,NA,NA,NA,NA
"118","Chase Brown","CIN","RB","16181","robust",NA,NA,NA,NA,NA,NA,NA,NA,NA,NA,3.84124499521796,1.21204034017971,16.13,3.617544,0.0775,0.014826,0.001,0,0,NA,0,NA,0.35,0.103782,2.315,0.44478,0,0,NA,NA,NA,NA,NA,NA,NA,NA,NA,NA,NA,NA,NA,NA,NA,NA,NA,NA,NA,NA,NA,NA,NA,NA,NA,NA
"119","D'Ernest Johnson","JAC","RB","14331","robust",NA,NA,NA,NA,NA,NA,NA,NA,NA,NA,5.305,0.7413,22.55,4.232823,0.0525,0.014826,0,0,0,NA,0.01,0,0.9725,0.37065,8.55,0.7413,0,0,NA,NA,NA,NA,NA,NA,NA,NA,NA,NA,NA,NA,NA,NA,NA,NA,NA,NA,NA,NA,NA,NA,"Q","Knee",2023,14
"120","Ty Montgomery","NE","RB","12261","robust",NA,NA,NA,NA,NA,NA,NA,NA,NA,NA,3.77791650172253,1.03782,10.595,3.143112,0.05,0.044478,0.05,0,0,NA,0,NA,1.075,0.133434,8.79,1.942206,0.015,0,NA,NA,NA,NA,NA,NA,NA,NA,NA,NA,NA,NA,NA,NA,NA,NA,NA,NA,NA,NA,NA,NA,NA,NA,NA,NA
"121","Trey Sermon","IND","RB","15257","robust",NA,NA,NA,NA,NA,NA,NA,NA,NA,NA,4.19,1.77912,16.11,10.074267,0.085,0.022239,0,0,0,NA,0,NA,0.5,0.355824,3.5,3.647196,0.005,0,NA,NA,NA,NA,NA,NA,NA,NA,NA,NA,NA,NA,NA,NA,NA,NA,NA,NA,NA,NA,NA,NA,NA,NA,NA,NA
"122","Kevin Harris","NE","RB","15719","robust",NA,NA,NA,NA,NA,NA,NA,NA,NA,NA,5,0.0370649999999999,22.2,1.638273,0.1,0.014826,0.005,0.004942,0,NA,0,NA,0.8,0.066717,5.3,0.919212,0.01,0.014826,NA,NA,NA,NA,NA,NA,NA,NA,NA,NA,NA,NA,NA,NA,NA,NA,NA,NA,NA,NA,NA,NA,NA,NA,NA,NA
"123","Justice Hill","BAL","RB","14086","robust",NA,NA,NA,NA,NA,NA,NA,NA,NA,NA,3.19755972570736,0.207918197334949,13.41,0.652343999999999,0.1,0.014826,0.044,0.0652344,0,NA,0,NA,1,0.029652,6.225,0.59304,0,0,NA,NA,NA,NA,NA,NA,NA,NA,NA,NA,NA,NA,NA,NA,NA,NA,NA,NA,NA,NA,NA,NA,NA,NA,NA,NA
"124","Jordan Mason","SF","RB","15972","robust",NA,NA,NA,NA,NA,NA,NA,NA,NA,NA,3.715,1.06053588664618,15.96,3.143112,0.1,0.007413,0.001,0.0014826,0,NA,0,NA,0.25,0.37065,2.585,2.060814,0,0,NA,NA,NA,NA,NA,NA,NA,NA,NA,NA,NA,NA,NA,NA,NA,NA,NA,NA,NA,NA,NA,NA,NA,NA,NA,NA
"125","Elijah Mitchell","SF","RB","15263","robust",NA,NA,NA,NA,NA,NA,NA,NA,NA,NA,5.1,NA,23.55,0.815430000000001,0.100013643333935,0,0,0,0,NA,0,NA,0.5,0.14826,1.85,1.26021,0,0,NA,NA,NA,NA,NA,NA,NA,NA,NA,NA,NA,NA,NA,NA,NA,NA,NA,NA,NA,NA,NA,NA,"D","Knee",2023,14
"126","Chris Evans","CIN","RB","15275","robust",NA,NA,NA,NA,NA,NA,NA,NA,NA,NA,3,2.14977,11.5,8.52495,0.1,0,0,0,0,NA,0,NA,0,0,0,0,0,0,NA,NA,NA,NA,NA,NA,NA,NA,NA,NA,NA,NA,NA,NA,NA,NA,NA,NA,NA,NA,NA,NA,NA,NA,NA,NA
"127","DeeJay Dallas","SEA","RB","14815","robust",NA,NA,NA,NA,NA,NA,NA,NA,NA,NA,2.15,NA,9.175,1.744526,0.0589744426475334,0.062344982661534,0,0,0,NA,0,NA,0.6825,0.14826,4.4,1.734642,0,0,NA,NA,NA,NA,NA,NA,NA,NA,NA,NA,NA,NA,NA,NA,NA,NA,NA,NA,NA,NA,NA,NA,NA,NA,NA,NA
"128","Jeffery Wilson","MIA","RB","14017","robust",NA,NA,NA,NA,NA,NA,NA,NA,NA,NA,2.64,0.88956,11.7,4.00302,0.1,0,0.003,0.0044478,0,NA,0,NA,0.7,0.785778,4.9725,4.217997,0,0,NA,NA,NA,NA,NA,NA,NA,NA,NA,NA,NA,NA,NA,NA,NA,NA,NA,NA,NA,NA,NA,NA,NA,NA,NA,NA
"129","Chase Edmonds","TB","RB","13726","robust",NA,NA,NA,NA,NA,NA,NA,NA,NA,NA,3.54,0.177912,12.9225,2.505594,0.055,0.029652,0,0,0,NA,0,NA,0.9,0.14826,5.775,0.444780000000001,0,0,NA,NA,NA,NA,NA,NA,NA,NA,NA,NA,NA,NA,NA,NA,NA,NA,NA,NA,NA,NA,NA,NA,NA,NA,NA,NA
"130","Tyrion Davis-Price","FA","RB","15746","robust",NA,NA,NA,NA,NA,NA,NA,NA,NA,NA,0,0,12.115,0,0.11,0,0.005,0,0,NA,0,NA,0.1375,0,0.6325,0,0.0025,0,NA,NA,NA,NA,NA,NA,NA,NA,NA,NA,NA,NA,NA,NA,NA,NA,NA,NA,NA,NA,NA,NA,NA,NA,NA,NA
"131","Pierre Strong Jr.","CLE","RB","15733","robust",NA,NA,NA,NA,NA,NA,NA,NA,NA,NA,2.385,0.647996469342022,10.8325,2.698332,0.1,0,0.001,0,0,NA,0.01,0,0.395,0.014826,3.6,1.215732,0,0,NA,NA,NA,NA,NA,NA,NA,NA,NA,NA,NA,NA,NA,NA,NA,NA,NA,NA,NA,NA,NA,NA,NA,NA,NA,NA
"132","Matt Breida","NYG","RB","13378","robust",NA,NA,NA,NA,NA,NA,NA,NA,NA,NA,3.5,0.400302,14.1,2.9652,0.0825,0,0,0,0,NA,0,NA,0.86,0.118608,6.47,0.0889559999999994,0,0,NA,NA,NA,NA,NA,NA,NA,NA,NA,NA,NA,NA,NA,NA,NA,NA,NA,NA,NA,NA,NA,NA,NA,NA,NA,NA
"133","Samaje Perine","DEN","RB","13133","robust",NA,NA,NA,NA,NA,NA,NA,NA,NA,NA,2.975,0.307455563830878,13.285,2.401812,0.08,0,0.044,0.0504084,0,NA,0,NA,2.5775,0.303933,20.2,1.40847,0.0525,0.022239,NA,NA,NA,NA,NA,NA,NA,NA,NA,NA,NA,NA,NA,NA,NA,NA,NA,NA,NA,NA,NA,NA,"Q","Knee",2023,14
"134","Boston Scott","PHI","RB","13814","robust",NA,NA,NA,NA,NA,NA,NA,NA,NA,NA,1.8,0.59304,6.7,1.77912,0.07,0,0.001,0,0,NA,0.01,0,0.32,0.237216,2.6,0.88956,0,0,NA,NA,NA,NA,NA,NA,NA,NA,NA,NA,NA,NA,NA,NA,NA,NA,NA,NA,NA,NA,NA,NA,NA,NA,NA,NA
"135","Tank Bigsby","JAC","RB","16164","robust",NA,NA,NA,NA,NA,NA,NA,NA,NA,NA,2.22167685501879,1.42826821050173,9.85,3.098634,0.1,0,0.067,0.0711648,0,NA,0,NA,0.2225,0.044478,1.24,0.785778,0.00377758719268153,0,NA,NA,NA,NA,NA,NA,NA,NA,NA,NA,NA,NA,NA,NA,NA,NA,NA,NA,NA,NA,NA,NA,NA,NA,NA,NA
"136","Ty Johnson","BUF","RB","14095","robust",NA,NA,NA,NA,NA,NA,NA,NA,NA,NA,2.8,0.163086,10.75,0.548562,0.08,0,0.001,0,0,NA,0,NA,0.6,0.088956,4.8,0.785778,0.015,0.014826,NA,NA,NA,NA,NA,NA,NA,NA,NA,NA,NA,NA,NA,NA,NA,NA,NA,NA,NA,NA,NA,NA,NA,NA,NA,NA
"137","Craig Reynolds","DET","RB","14727","robust",NA,NA,NA,NA,NA,NA,NA,NA,NA,NA,0.922511053229146,NA,6.585,5.166861,0.0284050098895591,0.0272872676622604,0.00333333333333333,0.004942,0,NA,0,NA,0.4,0.22239,2.6875,1.208319,0.01,0.014826,NA,NA,NA,NA,NA,NA,NA,NA,NA,NA,NA,NA,NA,NA,NA,NA,NA,NA,NA,NA,NA,NA,NA,NA,NA,NA
"138","Patrick Taylor","GB","RB","14817","robust",NA,NA,NA,NA,NA,NA,NA,NA,NA,NA,1.61358658745049,1.11195,8.09,3.461871,0.015,0,0.00125,0.00185325,0,NA,0,NA,0.5,0.111195,3.4,0.504084,0.01,0,NA,NA,NA,NA,NA,NA,NA,NA,NA,NA,NA,NA,NA,NA,NA,NA,NA,NA,NA,NA,NA,NA,NA,NA,NA,NA
"139","Deneric Prince","KC","RB","16380","robust",NA,NA,NA,NA,NA,NA,NA,NA,NA,NA,0,0,7.86,0,0.02,0,0.0025,0,0,NA,0,NA,0.2625,0,1.575,0.14826,0.005,0,NA,NA,NA,NA,NA,NA,NA,NA,NA,NA,NA,NA,NA,NA,NA,NA,NA,NA,NA,NA,NA,NA,NA,NA,NA,NA
"140","Kenyan Drake","FA","RB","12630","robust",NA,NA,NA,NA,NA,NA,NA,NA,NA,NA,1.85863798890835,0.729848364711034,9.98,2.535246,0.1,0,0,0,0,NA,0,NA,0.7275,0.126021,5.4375,1.18608,0.0175,0.022239,NA,NA,NA,NA,NA,NA,NA,NA,NA,NA,NA,NA,NA,NA,NA,NA,NA,NA,NA,NA,NA,NA,NA,NA,NA,NA
"141","Tyler Goodson","IND","RB","15730","robust",NA,NA,NA,NA,NA,NA,NA,NA,NA,NA,2.05039213483146,1.156428,7.67,3.469284,0.07,0.014826,0.00125,0,0,NA,0,NA,0.725,0.37065,5.275,2.14977,0.01,0,NA,NA,NA,NA,NA,NA,NA,NA,NA,NA,NA,NA,NA,NA,NA,NA,NA,NA,NA,NA,NA,NA,NA,NA,NA,NA
"142","Ke'Shawn Vaughn","TB","RB","14810","robust",NA,NA,NA,NA,NA,NA,NA,NA,NA,NA,0.86325,NA,7.0275,1.806301,0.00969157254561251,0.0095791503040834,0.005,0.004942,0,NA,0,NA,0.3075,0.081543,0.925,0.14826,0.00204545454545455,0.00202172727272727,NA,NA,NA,NA,NA,NA,NA,NA,NA,NA,NA,NA,NA,NA,NA,NA,NA,NA,NA,NA,NA,NA,NA,NA,NA,NA
"143","Israel Abanikanda","NYJ","RB","16168","robust",NA,NA,NA,NA,NA,NA,NA,NA,NA,NA,1.39347284878864,1.77459169122807,5.94,4.344018,0.0075,0.007413,0.03,0.027181,0,NA,0,NA,0.4225,0.214977,1.95,0.385476,0.0075,0.007413,NA,NA,NA,NA,NA,NA,NA,NA,NA,NA,NA,NA,NA,NA,NA,NA,NA,NA,NA,NA,NA,NA,NA,NA,NA,NA
"144","Dare Ogunbowale","HOU","RB","13148","robust",NA,NA,NA,NA,NA,NA,NA,NA,NA,NA,1.46,0.221662559233926,5.72,0.44478,0.01,0,0,0,0,NA,0.01,0,0.455,0.0296519999999999,3.6,0.0148259999999997,0.00366822429906542,0,NA,NA,NA,NA,NA,NA,NA,NA,NA,NA,NA,NA,NA,NA,NA,NA,NA,NA,NA,NA,NA,NA,NA,NA,NA,NA
"145","Zamir White","LVR","RB","15714","robust",NA,NA,NA,NA,NA,NA,NA,NA,NA,NA,1.667227515066,0.196848486163154,6.45,0.66717,0.025,0.037065,0.01875,0.02038575,0,NA,0,NA,0.31,0.1571556,2.265,0.9206946,0.005,0.0052819819685498,NA,NA,NA,NA,NA,NA,NA,NA,NA,NA,NA,NA,NA,NA,NA,NA,NA,NA,NA,NA,NA,NA,NA,NA,NA,NA
"146","Trayveon Williams","CIN","RB","14076","robust",NA,NA,NA,NA,NA,NA,NA,NA,NA,NA,0.726474099736048,0.59304,4.805,4.269888,0.005,0,0.00666666666666667,0.009884,0,NA,0,NA,0.28,0.044478,2.01,0.326172,0.005,0,NA,NA,NA,NA,NA,NA,NA,NA,NA,NA,NA,NA,NA,NA,NA,NA,NA,NA,NA,NA,NA,NA,NA,NA,NA,NA
"147","Kendre Miller","NO","RB","16171","robust",NA,NA,NA,NA,NA,NA,NA,NA,NA,NA,1,NA,4.885,0.973574,0.00831207482993197,0.00821565476190476,0,0,0,NA,0,NA,0.3675,0.066717,2.6175,0.511497,0.00501798561151079,0.00495977697841727,NA,NA,NA,NA,NA,NA,NA,NA,NA,NA,NA,NA,NA,NA,NA,NA,NA,NA,NA,NA,NA,NA,"O","Ankle",2023,14
"148","Chris Brooks","MIA","RB","16387","robust",NA,NA,NA,NA,NA,NA,NA,NA,NA,NA,0.608625,0.19681515,4.555,0.88956,0.01,0,0.0025,0,0,NA,0,NA,0.1825,0.044478,0.955,0.326172,0.0025,0,NA,NA,NA,NA,NA,NA,NA,NA,NA,NA,NA,NA,NA,NA,NA,NA,NA,NA,NA,NA,NA,NA,NA,"Ankle",2023,14
"149","Ameer Abdullah","LVR","RB","12155","robust",NA,NA,NA,NA,NA,NA,NA,NA,NA,NA,1.0125,1.02062347203302,3.4,2.07564,0,0,0,0,0,NA,0,NA,0.9,0,6.85,0.622692,0,0,NA,NA,NA,NA,NA,NA,NA,NA,NA,NA,NA,NA,NA,NA,NA,NA,NA,NA,NA,NA,NA,NA,NA,NA,NA,NA
"150","Kenny McIntosh","SEA","RB","16170","robust",NA,NA,NA,NA,NA,NA,NA,NA,NA,NA,0.62421875,0.5907234375,3.475,2.2239,0.035,0.029652,0,0,0,NA,0,NA,0.2675,0,1.8625,0.0741299999999997,0.005,0,NA,NA,NA,NA,NA,NA,NA,NA,NA,NA,NA,NA,NA,NA,NA,NA,NA,NA,NA,NA,NA,NA,NA,NA,NA,NA
"151","Raheem Blackshear","CAR","RB","15973","robust",NA,NA,NA,NA,NA,NA,NA,NA,NA,NA,1.33934558462294,0.534706236238025,5.17,1.082298,0.05,0.044478,0,0,0,NA,0.01,0,0.475,0.177912,3.4,0.696822,0.005,0,NA,NA,NA,NA,NA,NA,NA,NA,NA,NA,NA,NA,NA,NA,NA,NA,NA,NA,NA,NA,NA,NA,NA,NA,NA,NA
"152","Brandon Bolden","LVR","RB","10932","robust",NA,NA,NA,NA,NA,NA,NA,NA,NA,NA,0.04225,NA,1.745,1.480129,0.00719373219373219,0.007413,0,0,0,NA,0,NA,0.375,0.07413,3.53,1.932322,0.00414877300613497,0.0041006472392638,NA,NA,NA,NA,NA,NA,NA,NA,NA,NA,NA,NA,NA,NA,NA,NA,NA,NA,NA,NA,NA,NA,NA,NA,NA,NA
"153","Kene Nwangwu","MIN","RB","15414","robust",NA,NA,NA,NA,NA,NA,NA,NA,NA,NA,0.4795,NA,3.22,1.032878,0.00619221411192214,0.00612038442822384,0,0,0,NA,0,NA,0.33,0.0593040000000001,1.515,0.387947,0.00226482617586912,0.00223855419222904,NA,NA,NA,NA,NA,NA,NA,NA,NA,NA,NA,NA,NA,NA,NA,NA,NA,NA,NA,NA,NA,NA,NA,NA,NA,NA
"154","Godwin Igwebuike","FA","RB","14011","robust",NA,NA,NA,NA,NA,NA,NA,NA,NA,NA,0.5,0.42007,1.85,1.58144,0.025,0.02471,0,0,0,NA,0,NA,0.2,0,1.525,0.44478,0,0,NA,NA,NA,NA,NA,NA,NA,NA,NA,NA,NA,NA,NA,NA,NA,NA,NA,NA,NA,NA,NA,NA,NA,NA,NA,NA
"155","Godwin Igwebuike","PIT","RB","14011","robust",NA,NA,NA,NA,NA,NA,NA,NA,NA,NA,0.5,0.42007,1.85,1.58144,0.025,0.02471,0,0,0,NA,0,NA,0.2,0,1.525,0.44478,0,0,NA,NA,NA,NA,NA,NA,NA,NA,NA,NA,NA,NA,NA,NA,NA,NA,NA,NA,NA,NA,NA,NA,NA,NA,NA,NA
"156","Kyle Juszczyk","SF","RB","11367","robust",NA,NA,NA,NA,NA,NA,NA,NA,NA,NA,0.3,0.117841496895787,1.19,0.192738,0,0,0,0,0,NA,0,NA,0.855,0.29652,6.67,1.03782,0.1,0.103782,NA,NA,NA,NA,NA,NA,NA,NA,NA,NA,NA,NA,NA,NA,NA,NA,NA,NA,NA,NA,NA,NA,NA,NA,NA,NA
"157","Deuce Vaughn","DAL","RB","16176","robust",NA,NA,NA,NA,NA,NA,NA,NA,NA,NA,0.73,0.237216,1.89,0.785778,0.0025,0,0,0,0,NA,0,NA,0.335,0.252042,2.125,1.33434,0.005,0,NA,NA,NA,NA,NA,NA,NA,NA,NA,NA,NA,NA,NA,NA,NA,NA,NA,NA,NA,NA,NA,NA,NA,NA,NA,NA
"158","Eric Gray","NYG","RB","16173","robust",NA,NA,NA,NA,NA,NA,NA,NA,NA,NA,0,0,3.615,1.801359,0.015,0.022239,0,0,NA,NA,NA,NA,0.175,0.111195,1.155,0.526323,0.005,0.007413,NA,NA,NA,NA,NA,NA,NA,NA,NA,NA,NA,NA,NA,NA,NA,NA,NA,NA,NA,NA,NA,NA,NA,NA,NA,NA
"159","Zach Evans","LAR","RB","16163","robust",NA,NA,NA,NA,NA,NA,NA,NA,NA,NA,0,0,3.575,1.742055,0.015,0.022239,0,0,NA,NA,NA,NA,0.15,0.07413,0.32,0.177912,0.005,0.007413,NA,NA,NA,NA,NA,NA,NA,NA,NA,NA,NA,NA,NA,NA,NA,NA,NA,NA,NA,NA,NA,NA,NA,NA,NA,NA
"160","Sean Tucker","TB","RB","16166","robust",NA,NA,NA,NA,NA,NA,NA,NA,NA,NA,1.27966666666667,1.0981124,2.995,1.452948,0.005,0,0,0,0,NA,0,NA,0.185,0.059304,0.4125,0.59304,0.0025,0,NA,NA,NA,NA,NA,NA,NA,NA,NA,NA,NA,NA,NA,NA,NA,NA,NA,NA,NA,NA,NA,NA,NA,NA,NA,NA
"161","Hunter Luepke","DAL","RB","16391","robust",NA,NA,NA,NA,NA,NA,NA,NA,NA,NA,0.260739247311828,NA,1,1.230558,0.15,0.184487520896584,0,0,0,NA,0,NA,0.23,0.340998,1.6,0.785778,0,0,NA,NA,NA,NA,NA,NA,NA,NA,NA,NA,NA,NA,NA,NA,NA,NA,NA,NA,NA,NA,NA,NA,NA,NA,NA,NA
"162","Mike Boone","HOU","RB","13868","robust",NA,NA,NA,NA,NA,NA,NA,NA,NA,NA,0.7,NA,3,0,0,0,0,0,NA,NA,NA,NA,0.3,0,3,0,0,0,NA,NA,NA,NA,NA,NA,NA,NA,NA,NA,NA,NA,NA,NA,NA,NA,NA,NA,NA,NA,NA,NA,NA,NA,NA,NA
"163","Adam Prentice","NO","RB","15650","robust",NA,NA,NA,NA,NA,NA,NA,NA,NA,NA,0.5,0.7413,0.755,0.014826,0.0025,0,0.1,0.14826,0,NA,0,NA,0.29,0.192738,1.67,1.171254,0.0025,0,NA,NA,NA,NA,NA,NA,NA,NA,NA,NA,NA,NA,NA,NA,NA,NA,NA,NA,NA,NA,NA,NA,NA,NA,NA,NA
"164","Michael Burton","DEN","RB","12325","robust",NA,NA,NA,NA,NA,NA,NA,NA,NA,NA,0.745,0.29652,1.725,0.66717,0,0,0,0,0,NA,0,NA,0.18,0.034594,0.755,0.573272,0.0025,0.002471,NA,NA,NA,NA,NA,NA,NA,NA,NA,NA,NA,NA,NA,NA,NA,NA,NA,NA,NA,NA,NA,NA,NA,NA,NA,NA
"165","Nick Bawden","NYJ","RB","13838","robust",NA,NA,NA,NA,NA,NA,NA,NA,NA,NA,0.235,0.133434,0.955,0.770952,0.0775,0.07413,0,0,0,NA,0,NA,0.2775,0.07413,1.8725,0.44478,0,0,NA,NA,NA,NA,NA,NA,NA,NA,NA,NA,NA,NA,NA,NA,NA,NA,NA,NA,NA,NA,NA,NA,NA,NA,NA,NA
"166","Andrew Beck","HOU","RB","14319","robust",NA,NA,NA,NA,NA,NA,NA,NA,NA,NA,0.525,0.14826,1.6525,0.44478,0.0025,0,0,0,0,NA,0,NA,0.18,0.133434,2.72,1.363992,0.0025,0,NA,NA,NA,NA,NA,NA,NA,NA,NA,NA,NA,NA,NA,NA,NA,NA,NA,NA,NA,NA,NA,NA,NA,NA,NA,NA
"167","Travis Homer","CHI","RB","14083","robust",NA,NA,NA,NA,NA,NA,NA,NA,NA,NA,0.1545,NA,1.14,0.501613,0.00571197411003236,0.00564571521035599,0,0,0,NA,0,NA,0.24,0.039536,1.945,0.761068,0.00299802761341223,0.00296325049309665,NA,NA,NA,NA,NA,NA,NA,NA,NA,NA,NA,NA,NA,NA,NA,NA,NA,NA,NA,NA,NA,NA,NA,NA,NA,NA
"168","Patrick Ricard","BAL","RB","13455","robust",NA,NA,NA,NA,NA,NA,NA,NA,NA,NA,0.24,0.059304,0.4625,0.6263985,0.005,0.007413,0,0,0,NA,0,NA,0.365,0.059304,3.15,0.103782,0.01,0,NA,NA,NA,NA,NA,NA,NA,NA,NA,NA,NA,NA,NA,NA,NA,NA,NA,NA,NA,NA,NA,NA,NA,NA,NA,NA
"169","Dwayne Washington","DEN","RB","12845","robust",NA,NA,NA,NA,NA,NA,NA,NA,NA,NA,0,0,0.88,0.415128,0,0,0,0,NA,NA,NA,NA,0.28,0.118608,2.26,1.126776,0.005,0.007413,NA,NA,NA,NA,NA,NA,NA,NA,NA,NA,NA,NA,NA,NA,NA,NA,NA,NA,NA,NA,NA,NA,NA,NA,NA,NA
"170","Darrynton Evans","MIA","RB","14808","robust",NA,NA,NA,NA,NA,NA,NA,NA,NA,NA,0.14,NA,0.86,0.385476,0.00441964285714286,0.005692125,0,0,0,NA,0,NA,0.175,0.111195,1.36,0.681996,0.00873626373626374,0.0110787692307692,NA,NA,NA,NA,NA,NA,NA,NA,NA,NA,NA,NA,NA,NA,NA,NA,NA,NA,NA,NA,NA,NA,NA,NA,NA,NA
"171","Alec Ingold","MIA","RB","14420","robust",NA,NA,NA,NA,NA,NA,NA,NA,NA,NA,0.19,NA,0.833333333333333,0.2471,0.005,0.00651445454545455,0,0,0,NA,0,NA,0.78,0.177912,4.875,1.18608,0.015,0,NA,NA,NA,NA,NA,NA,NA,NA,NA,NA,NA,NA,NA,NA,NA,NA,NA,NA,NA,NA,NA,NA,NA,NA,NA,NA
"172","C.J. Ham","MIN","RB","12923","robust",NA,NA,NA,NA,NA,NA,NA,NA,NA,NA,0.2175,0.051891,0.5975,0.37065,0.0775,0.066717,0,0,0,NA,0,NA,0.57,0.489258,3.245,1.119363,0.005,0,NA,NA,NA,NA,NA,NA,NA,NA,NA,NA,NA,NA,NA,NA,NA,NA,NA,NA,NA,NA,NA,NA,NA,NA,NA,NA
"173","Keith Smith","ATL","RB","12040","robust",NA,NA,NA,NA,NA,NA,NA,NA,NA,NA,0.05,0,0.55,0.59304,0,0,0,0,0,NA,0,NA,0.36,0.192738,2.88,1.719816,0.005,0,NA,NA,NA,NA,NA,NA,NA,NA,NA,NA,NA,NA,NA,NA,NA,NA,NA,NA,NA,NA,NA,NA,NA,NA,NA,NA
"174","Khari Blasingame","CHI","RB","14552","robust",NA,NA,NA,NA,NA,NA,NA,NA,NA,NA,0,NA,0.14,0.059304,0.00444444444444445,0.00576566666666667,0,0,0,NA,0,NA,0.16,0.059304,1.795,0.0593040000000001,0.0025,0,NA,NA,NA,NA,NA,NA,NA,NA,NA,NA,NA,NA,NA,NA,NA,NA,NA,NA,NA,NA,NA,NA,NA,NA,NA,NA
"175","Tyreek Hill","MIA","WR","12801","robust",NA,NA,NA,NA,NA,NA,NA,NA,NA,NA,0.520833333333333,0.1050175,2.7425,1.912554,0,0,0.05,0.037065,0,NA,0,NA,7.43,0.318759,107.965,8.050518,0.84,0.14826,NA,NA,NA,NA,NA,NA,NA,NA,NA,NA,NA,NA,NA,NA,NA,NA,NA,NA,NA,NA,NA,NA,"Q","Ankle",2023,14
"176","CeeDee Lamb","DAL","WR","14832","robust",NA,NA,NA,NA,NA,NA,NA,NA,NA,NA,0.52,0.029652,3.69,1.512252,0.0175,0.014826,0.05,0.037065,0,NA,0,NA,7.46,0.355824,96.075,6.6717,0.705,0.22239,NA,NA,NA,NA,NA,NA,NA,NA,NA,NA,NA,NA,NA,NA,NA,NA,NA,NA,NA,NA,NA,NA,NA,NA,NA,NA
"177","A.J. Brown","PHI","WR","14104","robust",NA,NA,NA,NA,NA,NA,NA,NA,NA,NA,0,0,0.0178571428571429,0,0,0,0,0,0,NA,0,NA,5.7,0.7413,81.375,2.112705,0.515,0.022239,NA,NA,NA,NA,NA,NA,NA,NA,NA,NA,NA,NA,NA,NA,NA,NA,NA,NA,NA,NA,NA,NA,NA,NA,NA,NA
"178","Nico Collins","HOU","WR","15290","robust",NA,NA,NA,NA,NA,NA,NA,NA,NA,NA,0,0,0,0,0,0,0,0,0,NA,0,NA,5.2775,0.303933,78.3,7.346283,0.4,0.07413,NA,NA,NA,NA,NA,NA,NA,NA,NA,NA,NA,NA,NA,NA,NA,NA,NA,NA,NA,NA,NA,NA,NA,NA,NA,NA
"179","Keenan Allen","LAC","WR","11222","robust",NA,NA,NA,NA,NA,NA,NA,NA,NA,NA,0.01,0.014826,0.107857142857143,0.14826,0,0,0.05,0.037065,0,NA,0,NA,7.66,0.296520000000001,89.095,2.65385399999999,0.5,0.022239,NA,NA,NA,NA,NA,NA,NA,NA,NA,NA,NA,NA,NA,NA,NA,NA,NA,NA,NA,NA,NA,NA,NA,NA,NA,NA
"180","Justin Jefferson","MIN","WR","14836","robust",NA,NA,NA,NA,NA,NA,NA,NA,NA,NA,0.02,0.029652,0.425,0.460665,0,0,0.05,0.037065,0,NA,0,NA,5.9,0.214977,80.01,5.730249,0.4,0.111195,NA,NA,NA,NA,NA,NA,NA,NA,NA,NA,NA,NA,NA,NA,NA,NA,NA,NA,NA,NA,NA,NA,NA,NA,NA,NA
"181","Brandon Aiyuk","SF","WR","14840","robust",NA,NA,NA,NA,NA,NA,NA,NA,NA,NA,0.01,0.014826,0.221428571428571,0.252042,0,0,0.01875,0.0185325,0,NA,0,NA,4.89,0.177912,76.55,2.66868,0.495,0.07413,NA,NA,NA,NA,NA,NA,NA,NA,NA,NA,NA,NA,NA,NA,NA,NA,NA,NA,NA,NA,NA,NA,NA,NA,NA,NA
"182","Michael Pittman","IND","WR","14842","robust",NA,NA,NA,NA,NA,NA,NA,NA,NA,NA,0.01,0.014826,0.335,0.340998,0,0,0,0,0,NA,0,NA,6.6,0.103782,76.815,5.97487799999999,0.35,0.0741300000000001,NA,NA,NA,NA,NA,NA,NA,NA,NA,NA,NA,NA,NA,NA,NA,NA,NA,NA,NA,NA,NA,NA,NA,NA,NA,NA
"183","DK Metcalf","SEA","WR","14102","robust",NA,NA,NA,NA,NA,NA,NA,NA,NA,NA,0,0,0.0607142857142857,0.07413,0,0,0,0,0,NA,0,NA,5,0.148259999999999,69.895,3.57306600000001,0.395,0.118608,NA,NA,NA,NA,NA,NA,NA,NA,NA,NA,NA,NA,NA,NA,NA,NA,NA,NA,NA,NA,NA,NA,NA,NA,NA,NA
"184","Stefon Diggs","BUF","WR","12186","robust",NA,NA,NA,NA,NA,NA,NA,NA,NA,NA,0,0,0,0,0,0,0.01875,0.0185325,0,NA,0,NA,5.95,0.237216,72.1,3.08380800000001,0.5,0.00741300000000001,NA,NA,NA,NA,NA,NA,NA,NA,NA,NA,NA,NA,NA,NA,NA,NA,NA,NA,NA,NA,NA,NA,NA,NA,NA,NA
"185","Amon-Ra St. Brown","DET","WR","15287","robust",NA,NA,NA,NA,NA,NA,NA,NA,NA,NA,0.1725,0.086485,1.545,0.674583,0,0,0.01875,0.0185325,0,NA,0,NA,6.7,0.103782,81.665,1.80135900000001,0.435,0.051891,NA,NA,NA,NA,NA,NA,NA,NA,NA,NA,NA,NA,NA,NA,NA,NA,NA,NA,NA,NA,NA,NA,NA,NA,NA,NA
"186","Ja'Marr Chase","CIN","WR","15281","robust",NA,NA,NA,NA,NA,NA,NA,NA,NA,NA,0.0666666666666667,0.07413,0.5,0.7413,0,0,0.01875,0.0185325,0,NA,0,NA,6.1525,0.222390000000001,79.175,3.48410999999999,0.5,0.051891,NA,NA,NA,NA,NA,NA,NA,NA,NA,NA,NA,NA,NA,NA,NA,NA,NA,NA,NA,NA,NA,NA,NA,NA,NA,NA
"187","Mike Evans","TB","WR","11671","robust",NA,NA,NA,NA,NA,NA,NA,NA,NA,NA,0,0,0.0614285714285714,0.07413,0,0,0,0,0,NA,0,NA,5.37,0.340998,77.025,5.129796,0.565,0.14826,NA,NA,NA,NA,NA,NA,NA,NA,NA,NA,NA,NA,NA,NA,NA,NA,NA,NA,NA,NA,NA,NA,NA,NA,NA,NA
"188","Jaylen Waddle","MIA","WR","15284","robust",NA,NA,NA,NA,NA,NA,NA,NA,NA,NA,0.228333333333333,0.106253,1.445,0.733887,0,0,0,0,0,NA,0,NA,5.25,0.370650000000001,72.5,8.769579,0.395,0.00741300000000001,NA,NA,NA,NA,NA,NA,NA,NA,NA,NA,NA,NA,NA,NA,NA,NA,NA,NA,NA,NA,NA,NA,NA,NA,NA,NA
"189","D.J. Moore","CHI","WR","13635","robust",NA,NA,NA,NA,NA,NA,NA,NA,NA,NA,0.142,0.0622692,0.8,0.355824,0.000833333333333333,0,0.05,0.037065,0,NA,0,NA,5,0.0518910000000002,73.495,1.030407,0.4,0.022239,NA,NA,NA,NA,NA,NA,NA,NA,NA,NA,NA,NA,NA,NA,NA,NA,NA,NA,NA,NA,NA,NA,NA,NA,NA,NA
"190","Davante Adams","LVR","WR","11675","robust",NA,NA,NA,NA,NA,NA,NA,NA,NA,NA,0,0,0,0,0,0,0,0,0,NA,0,NA,5.435,0.281694,69.58,5.87109600000001,0.395,0.00741300000000001,NA,NA,NA,NA,NA,NA,NA,NA,NA,NA,NA,NA,NA,NA,NA,NA,NA,NA,NA,NA,NA,NA,NA,NA,NA,NA
"191","Chris Olave","NO","WR","15754","robust",NA,NA,NA,NA,NA,NA,NA,NA,NA,NA,0,0,0,0,0,0,0,0,0,NA,0,NA,5.1175,0.103782,73.535,0.889560000000002,0.4,0,NA,NA,NA,NA,NA,NA,NA,NA,NA,NA,NA,NA,NA,NA,NA,NA,NA,NA,NA,NA,NA,NA,"Q","Illness",2023,14
"192","Puka Nacua","LAR","WR","16211","robust",NA,NA,NA,NA,NA,NA,NA,NA,NA,NA,0.287083333333333,0.1643215,2.18,1.215732,0,0,0,0,0,NA,0.01,0,5.4,0.29652,68.1,3.63237,0.3,0.029652,NA,NA,NA,NA,NA,NA,NA,NA,NA,NA,NA,NA,NA,NA,NA,NA,NA,NA,NA,NA,NA,NA,NA,NA,NA,NA
"193","DeVonta Smith","PHI","WR","15282","robust",NA,NA,NA,NA,NA,NA,NA,NA,NA,NA,0,0,0,0,0,0,0,0,0,NA,0,NA,4.95,0.0741299999999997,64.645,2.2239,0.35,0.07413,NA,NA,NA,NA,NA,NA,NA,NA,NA,NA,NA,NA,NA,NA,NA,NA,NA,NA,NA,NA,NA,NA,NA,NA,NA,NA
"194","DeAndre Hopkins","TEN","WR","11232","robust",NA,NA,NA,NA,NA,NA,NA,NA,NA,NA,0.125,0.111195,0.925,0.0741300000000001,0,0,0,0,0,NA,0,NA,4.6425,0.44478,63.975,2.127531,0.3375,0.096369,NA,NA,NA,NA,NA,NA,NA,NA,NA,NA,NA,NA,NA,NA,NA,NA,NA,NA,NA,NA,NA,NA,NA,NA,NA,NA
"195","Cooper Kupp","LAR","WR","13164","robust",NA,NA,NA,NA,NA,NA,NA,NA,NA,NA,0.138,0.0563388,1.06,0.385476,0.00214285714285714,0,0.01875,0.0185325,0,NA,0,NA,4.85,0.22239,58.075,1.341753,0.3,0.014826,NA,NA,NA,NA,NA,NA,NA,NA,NA,NA,NA,NA,NA,NA,NA,NA,NA,NA,NA,NA,NA,NA,NA,NA,NA,NA
"196","Garrett Wilson","NYJ","WR","15753","robust",NA,NA,NA,NA,NA,NA,NA,NA,NA,NA,0.01,0.014826,0.2125,0.259455,0,0,0.05,0.037065,0,NA,0,NA,4.955,0.0741300000000004,63.07,2.757636,0.25,0.014826,NA,NA,NA,NA,NA,NA,NA,NA,NA,NA,NA,NA,NA,NA,NA,NA,NA,NA,NA,NA,NA,NA,NA,NA,NA,NA
"197","Deebo Samuel","SF","WR","14136","robust",NA,NA,NA,NA,NA,NA,NA,NA,NA,NA,3.15,0.200151000000001,17.85,1.55673,0.2025,0.140847,0.095,0.00741300000000001,0,NA,0,NA,4.5,0.7413,61.3575,6.07866,0.35,0.07413,NA,NA,NA,NA,NA,NA,NA,NA,NA,NA,NA,NA,NA,NA,NA,NA,NA,NA,NA,NA,NA,NA,NA,NA,NA,NA
"198","Amari Cooper","CLE","WR","12175","robust",NA,NA,NA,NA,NA,NA,NA,NA,NA,NA,0,0,0.05,0.037065,0,0,0,0,0,NA,0,NA,3.625,0.622692,51.65,13.439769,0.1825,0.14826,NA,NA,NA,NA,NA,NA,NA,NA,NA,NA,NA,NA,NA,NA,NA,NA,NA,NA,NA,NA,NA,NA,"Q","Concussion",2023,14
"199","Courtland Sutton","DEN","WR","13630","robust",NA,NA,NA,NA,NA,NA,NA,NA,NA,NA,0,0,0.0157142857142857,0,0,0,0.075,0.0185325,0,NA,0,NA,4.55,0.66717,59.325,2.772462,0.5,0.044478,NA,NA,NA,NA,NA,NA,NA,NA,NA,NA,NA,NA,NA,NA,NA,NA,NA,NA,NA,NA,NA,NA,NA,NA,NA,NA
"200","Tee Higgins","CIN","WR","14835","robust",NA,NA,NA,NA,NA,NA,NA,NA,NA,NA,0,0,0.02,0,0,0,0,0,0,NA,0,NA,3.95,0.0741300000000004,50.1,4.4478,0.285,0.00741300000000001,NA,NA,NA,NA,NA,NA,NA,NA,NA,NA,NA,NA,NA,NA,NA,NA,NA,NA,NA,NA,NA,NA,NA,NA,NA,NA
"201","Rashee Rice","KC","WR","16194","robust",NA,NA,NA,NA,NA,NA,NA,NA,NA,NA,0.106,0.00889560000000001,0.255,0.37065,0.000833333333333333,0,0,0,0,NA,0,NA,4.95,0.0741299999999997,56.75,5.1891,0.385,0.00741300000000001,NA,NA,NA,NA,NA,NA,NA,NA,NA,NA,NA,NA,NA,NA,NA,NA,NA,NA,NA,NA,NA,NA,NA,NA,NA,NA
"202","Dontayvion Wicks","GB","WR","16195","robust",NA,NA,NA,NA,NA,NA,NA,NA,NA,NA,0.01,0.014826,0.158571428571429,0.07413,0,0,0.05,0.037065,0,NA,0,NA,2.725,0.7413,38.445,8.836296,0.15,0.07413,NA,NA,NA,NA,NA,NA,NA,NA,NA,NA,NA,NA,NA,NA,NA,NA,NA,NA,NA,NA,NA,NA,NA,NA,NA,NA
"203","George Pickens","PIT","WR","15762","robust",NA,NA,NA,NA,NA,NA,NA,NA,NA,NA,0.0583333333333333,0.07413,0.6075,0.511497,0,0,0,0,0,NA,0,NA,3.3,0.155673,49.85,7.70952,0.2,0.00741300000000001,NA,NA,NA,NA,NA,NA,NA,NA,NA,NA,NA,NA,NA,NA,NA,NA,NA,NA,NA,NA,NA,NA,NA,NA,NA,NA
"204","Romeo Doubs","GB","WR","15779","robust",NA,NA,NA,NA,NA,NA,NA,NA,NA,NA,0,0,0.0207142857142857,0,0,0,0,0,0,NA,0,NA,3.9,0.14826,47.955,5.796966,0.3125,0.111195,NA,NA,NA,NA,NA,NA,NA,NA,NA,NA,NA,NA,NA,NA,NA,NA,NA,NA,NA,NA,NA,NA,NA,NA,NA,NA
"205","Elijah Moore","CLE","WR","15288","robust",NA,NA,NA,NA,NA,NA,NA,NA,NA,NA,0.37,0.103782,1.8725,1.208319,0,0,0.05,0.037065,0,NA,0,NA,3.8,0.615279,46.65,2.66868,0.19,0.014826,NA,NA,NA,NA,NA,NA,NA,NA,NA,NA,NA,NA,NA,NA,NA,NA,NA,NA,NA,NA,NA,NA,NA,NA,NA,NA
"206","Drake London","ATL","WR","15751","robust",NA,NA,NA,NA,NA,NA,NA,NA,NA,NA,0,0,0,0,0,0,0.01875,0.0185325,0,NA,0,NA,4.4,0.244628999999999,54.2525,4.143867,0.25,0.07413,NA,NA,NA,NA,NA,NA,NA,NA,NA,NA,NA,NA,NA,NA,NA,NA,NA,NA,NA,NA,NA,NA,NA,NA,NA,NA
"207","Brandin Cooks","DAL","WR","11674","robust",NA,NA,NA,NA,NA,NA,NA,NA,NA,NA,0.0583333333333333,0.07413,1,1.26021,0,0,0,0,0,NA,0,NA,4,0,51.9,8.30256,0.38,0.07413,NA,NA,NA,NA,NA,NA,NA,NA,NA,NA,NA,NA,NA,NA,NA,NA,NA,NA,NA,NA,NA,NA,NA,NA,NA,NA
"208","Chris Godwin","TB","WR","13163","robust",NA,NA,NA,NA,NA,NA,NA,NA,NA,NA,0.16,0.039536,1.1225,0.214977,0.0075,0.007413,0.01875,0.0185325,0,NA,0,NA,4.585,0.266868,49.005,5.40407699999999,0.2,0.00741299999999999,NA,NA,NA,NA,NA,NA,NA,NA,NA,NA,NA,NA,NA,NA,NA,NA,NA,NA,NA,NA,NA,NA,NA,NA,NA,NA
"209","Calvin Ridley","JAC","WR","13629","robust",NA,NA,NA,NA,NA,NA,NA,NA,NA,NA,0.333333333333333,0.22239,2.6,2.2239,0,0,0.01875,0.0185325,0,NA,0,NA,4.225,0.22239,56.45,2.9652,0.3,0.126021,NA,NA,NA,NA,NA,NA,NA,NA,NA,NA,NA,NA,NA,NA,NA,NA,NA,NA,NA,NA,NA,NA,NA,NA,NA,NA
"210","Zay Flowers","BAL","WR","16190","robust",NA,NA,NA,NA,NA,NA,NA,NA,NA,NA,0.508333333333333,0.160615,2.065,1.363992,0.00928571428571429,0,0,0,0,NA,0,NA,4.85,0.222390000000001,54.935,1.371405,0.25,0.037065,NA,NA,NA,NA,NA,NA,NA,NA,NA,NA,NA,NA,NA,NA,NA,NA,NA,NA,NA,NA,NA,NA,NA,NA,NA,NA
"211","Jordan Addison","MIN","WR","16186","robust",NA,NA,NA,NA,NA,NA,NA,NA,NA,NA,0.01,0.014826,0.1,0.14826,0,0,0,0,0,NA,0,NA,3.9,0.14826,46.15,3.33585,0.3,0.133434,NA,NA,NA,NA,NA,NA,NA,NA,NA,NA,NA,NA,NA,NA,NA,NA,NA,NA,NA,NA,NA,NA,NA,NA,NA,NA
"212","Adam Thielen","CAR","WR","11938","robust",NA,NA,NA,NA,NA,NA,NA,NA,NA,NA,0.01,0.014826,0.111785714285714,0.14826,0,0,0,0,0,NA,0,NA,5.075,0.237216,53.5025,4.084563,0.295,0,NA,NA,NA,NA,NA,NA,NA,NA,NA,NA,NA,NA,NA,NA,NA,NA,NA,NA,NA,NA,NA,NA,NA,NA,NA,NA
"213","Jerry Jeudy","DEN","WR","14833","robust",NA,NA,NA,NA,NA,NA,NA,NA,NA,NA,0.01,0.014826,0.29,0.313464,0,0,0,0,0,NA,0,NA,3.6,0.593039999999999,48.7475,4.899993,0.2,0.051891,NA,NA,NA,NA,NA,NA,NA,NA,NA,NA,NA,NA,NA,NA,NA,NA,NA,NA,NA,NA,NA,NA,NA,NA,NA,NA
"214","Tyler Lockett","SEA","WR","12187","robust",NA,NA,NA,NA,NA,NA,NA,NA,NA,NA,0,0,0.0171428571428571,0,0,0,0,0,0,NA,0,NA,4.7,0.496671,55.2575,1.4826,0.3,0,NA,NA,NA,NA,NA,NA,NA,NA,NA,NA,NA,NA,NA,NA,NA,NA,NA,NA,NA,NA,NA,NA,NA,NA,NA,NA
"215","Jakobi Meyers","LVR","WR","14127","robust",NA,NA,NA,NA,NA,NA,NA,NA,NA,NA,0.225,0.111195,1.2,0.652344,0.01,0.007413,0,0,0,NA,0,NA,4.3725,0.318759,49.4,5.982291,0.27,0.14826,NA,NA,NA,NA,NA,NA,NA,NA,NA,NA,NA,NA,NA,NA,NA,NA,NA,NA,NA,NA,NA,NA,NA,NA,NA,NA
"216","Noah Brown","HOU","WR","13172","robust",NA,NA,NA,NA,NA,NA,NA,NA,NA,NA,0.01,0.014826,0.133571428571429,0.160968,0,0,0,0,0,NA,0,NA,3.13,0.14826,49.3,3.40998,0.1975,0.096369,NA,NA,NA,NA,NA,NA,NA,NA,NA,NA,NA,NA,NA,NA,NA,NA,NA,NA,NA,NA,NA,NA,"Q","Knee",2023,14
"217","Odell Beckham","BAL","WR","11679","robust",NA,NA,NA,NA,NA,NA,NA,NA,NA,NA,0,0,0.185,0.177912,0.00833333333333333,0,0.05,0.037065,0,NA,0,NA,2.95,0.0741300000000004,42.765,1.51225199999999,0.28,0.029652,NA,NA,NA,NA,NA,NA,NA,NA,NA,NA,NA,NA,NA,NA,NA,NA,NA,NA,NA,NA,NA,NA,NA,NA,NA,NA
"218","Diontae Johnson","PIT","WR","14208","robust",NA,NA,NA,NA,NA,NA,NA,NA,NA,NA,0.02,0.029652,0.296428571428571,0.29652,0,0,0,0,0,NA,0,NA,4.15,0.14826,51.21,2.846592,0.2325,0.066717,NA,NA,NA,NA,NA,NA,NA,NA,NA,NA,NA,NA,NA,NA,NA,NA,NA,NA,NA,NA,NA,NA,NA,NA,NA,NA
"219","Gabriel Davis","BUF","WR","14845","robust",NA,NA,NA,NA,NA,NA,NA,NA,NA,NA,0.01,0.014826,0.0321428571428571,0.11649,0,0,0.05,0.037065,0,NA,0,NA,3.385,0.340998,50.5,1.564143,0.34,0.07413,NA,NA,NA,NA,NA,NA,NA,NA,NA,NA,NA,NA,NA,NA,NA,NA,NA,NA,NA,NA,NA,NA,NA,NA,NA,NA
"220","Josh Downs","IND","WR","16187","robust",NA,NA,NA,NA,NA,NA,NA,NA,NA,NA,0,0,0.05,0.04236,0,0,0,0,0,NA,0,NA,4.3,0.37065,50.1,0.689409,0.2,0,NA,NA,NA,NA,NA,NA,NA,NA,NA,NA,NA,NA,NA,NA,NA,NA,NA,NA,NA,NA,NA,NA,NA,NA,NA,NA
"221","Jayden Reed","GB","WR","16184","robust",NA,NA,NA,NA,NA,NA,NA,NA,NA,NA,0.6825,0.07413,4.3525,1.371405,0.025,0.007413,0,0,0,NA,0.01,0,3.6,0.422541,47.9325,1.727229,0.3,0.029652,NA,NA,NA,NA,NA,NA,NA,NA,NA,NA,NA,NA,NA,NA,NA,NA,NA,NA,NA,NA,NA,NA,"Q","Chest",2023,14
"222","Christian Watson","GB","WR","15789","robust",NA,NA,NA,NA,NA,NA,NA,NA,NA,NA,0.265,NA,1.648,1.18608,0.00680607594936709,0.007413,0,0,0,NA,0,NA,1.762,0.66717,25.562,10.3782,0.2,0.131649025668774,NA,NA,NA,NA,NA,NA,NA,NA,NA,NA,NA,NA,NA,NA,NA,NA,NA,NA,NA,NA,NA,NA,"Q","Hamstring",2023,14
"223","Jonathan Mingo","CAR","WR","16197","robust",NA,NA,NA,NA,NA,NA,NA,NA,NA,NA,0,0,0.0114285714285714,0,0,0,0,0,0,NA,0,NA,3.6,0.44478,41.9,2.9652,0.1,0.044478,NA,NA,NA,NA,NA,NA,NA,NA,NA,NA,NA,NA,NA,NA,NA,NA,NA,NA,NA,NA,NA,NA,NA,NA,NA,NA
"224","Jaxon Smith-Njigba","SEA","WR","16185","robust",NA,NA,NA,NA,NA,NA,NA,NA,NA,NA,0,0,0.05,0.051891,0,0,0,0,0,NA,0,NA,3.9,0.214977,44.2925,1.504839,0.2,0,NA,NA,NA,NA,NA,NA,NA,NA,NA,NA,NA,NA,NA,NA,NA,NA,NA,NA,NA,NA,NA,NA,NA,NA,NA,NA
"225","Zay Jones","JAC","WR","13176","robust",NA,NA,NA,NA,NA,NA,NA,NA,NA,NA,0.01,0.014826,0.13,0.118608,0,0,0,0,0,NA,0,NA,3.8175,0.14826,42.8875,3.365502,0.2,0,NA,NA,NA,NA,NA,NA,NA,NA,NA,NA,NA,NA,NA,NA,NA,NA,NA,NA,NA,NA,NA,NA,NA,NA,NA,NA
"226","Khalil Shakir","BUF","WR","15761","robust",NA,NA,NA,NA,NA,NA,NA,NA,NA,NA,0,0,0.05,0.058245,0,0,0,0,0,NA,0.01,0,2.585,0.496670999999999,35.09,9.88894200000001,0.15,0.066717,NA,NA,NA,NA,NA,NA,NA,NA,NA,NA,NA,NA,NA,NA,NA,NA,NA,NA,NA,NA,NA,NA,NA,NA,NA,NA
"227","Rashid Shaheed","NO","WR","16080","robust",NA,NA,NA,NA,NA,NA,NA,NA,NA,NA,0.0625,0.0926625,0.5,0.637518,0,0,0.0125,0.0185325,0,NA,0,NA,1.688,1.33434,25.35,19.036584,0.15,0.0579751302448034,NA,NA,NA,NA,NA,NA,NA,NA,NA,NA,NA,NA,NA,NA,NA,NA,NA,NA,NA,NA,NA,NA,"Q","Thigh",2023,14
"228","JuJu Smith-Schuster","NE","WR","13156","robust",NA,NA,NA,NA,NA,NA,NA,NA,NA,NA,0.096,0.0059304,0.325,0.428895,0.000833333333333333,0,0.01875,0.0185325,0,NA,0,NA,3.3,0.44478,38.53,2.994852,0.1025,0.007413,NA,NA,NA,NA,NA,NA,NA,NA,NA,NA,NA,NA,NA,NA,NA,NA,NA,NA,NA,NA,NA,NA,NA,NA,NA,NA
"229","Tyquan Thornton","NE","WR","15787","robust",NA,NA,NA,NA,NA,NA,NA,NA,NA,NA,0.467,0.0652344,2.49,2.37216,0,0,0,0,0,NA,0,NA,2.515,0.311346,36.6375,3.439632,0.1,0,NA,NA,NA,NA,NA,NA,NA,NA,NA,NA,NA,NA,NA,NA,NA,NA,NA,NA,NA,NA,NA,NA,NA,NA,NA,NA
"230","Tyler Boyd","CIN","WR","12650","robust",NA,NA,NA,NA,NA,NA,NA,NA,NA,NA,0.05,0.07413,0.925,0.81543,0,0,0,0,0,NA,0,NA,3.4225,0.326172,36.4,2.201661,0.2,0,NA,NA,NA,NA,NA,NA,NA,NA,NA,NA,NA,NA,NA,NA,NA,NA,NA,NA,NA,NA,NA,NA,"Q","Ankle",2023,14
"231","Quentin Johnston","LAC","WR","16188","robust",NA,NA,NA,NA,NA,NA,NA,NA,NA,NA,0.01,0.014826,0.0264285714285714,0,0,0,0,0,0,NA,0,NA,3,0.0370649999999999,34.98,4.781385,0.15,0.037065,NA,NA,NA,NA,NA,NA,NA,NA,NA,NA,NA,NA,NA,NA,NA,NA,NA,NA,NA,NA,NA,NA,NA,NA,NA,NA
"232","Jalin Hyatt","NYG","WR","16183","robust",NA,NA,NA,NA,NA,NA,NA,NA,NA,NA,0,0,0.1,0.14826,0,0,0,0,0,NA,0,NA,2.2,0.29652,35.375,2.22390000000001,0.1,0.140847,NA,NA,NA,NA,NA,NA,NA,NA,NA,NA,NA,NA,NA,NA,NA,NA,NA,NA,NA,NA,NA,NA,NA,NA,NA,NA
"233","Darius Slayton","NYG","WR","14122","robust",NA,NA,NA,NA,NA,NA,NA,NA,NA,NA,0,0,0.05,0.07413,0,0,0,0,0,NA,0.01,0,2.65,0.140847,38.9,1.578969,0.15,0.07413,NA,NA,NA,NA,NA,NA,NA,NA,NA,NA,NA,NA,NA,NA,NA,NA,NA,NA,NA,NA,NA,NA,NA,NA,NA,NA
"234","D.J. Chark","CAR","WR","13668","robust",NA,NA,NA,NA,NA,NA,NA,NA,NA,NA,0,0,0,0,0,0,0,0,0,NA,0,NA,2.1,0.14826,32.385,2.779875,0.2,0.133434,NA,NA,NA,NA,NA,NA,NA,NA,NA,NA,NA,NA,NA,NA,NA,NA,NA,NA,NA,NA,NA,NA,NA,NA,NA,NA
"235","Robert Woods","HOU","WR","11228","robust",NA,NA,NA,NA,NA,NA,NA,NA,NA,NA,0.01,0.014826,0.245,0.281694,0,0,0,0,0,NA,0,NA,2.75,0.37065,33.6,4.914819,0.106896799538197,0.0240276100093374,NA,NA,NA,NA,NA,NA,NA,NA,NA,NA,NA,NA,NA,NA,NA,NA,NA,NA,NA,NA,NA,NA,NA,NA,NA,NA
"236","Parker Washington","JAC","WR","16192","robust",NA,NA,NA,NA,NA,NA,NA,NA,NA,NA,0.01,0,0.5,0.59304,0,0,0.0125,0.037065,0,NA,0,NA,2.52,0.474432,33.4775,3.40998,0.15,0.088956,NA,NA,NA,NA,NA,NA,NA,NA,NA,NA,NA,NA,NA,NA,NA,NA,NA,NA,NA,NA,NA,NA,NA,NA,NA,NA
"237","Wan'Dale Robinson","NYG","WR","15757","robust",NA,NA,NA,NA,NA,NA,NA,NA,NA,NA,0.563333333333333,0.0543620000000001,2.51,0.859908,0,0,0,0,0,NA,0,NA,3.31,0.29652,32.2725,4.358844,0.1125,0.022239,NA,NA,NA,NA,NA,NA,NA,NA,NA,NA,NA,NA,NA,NA,NA,NA,NA,NA,NA,NA,NA,NA,NA,NA,NA,NA
"238","Justin Watson","KC","WR","13776","robust",NA,NA,NA,NA,NA,NA,NA,NA,NA,NA,0,0,0,0,0,0,0.05,0.07413,0,NA,0,NA,1.605,0.7413,24.2425,14.0847,0.1,0,NA,NA,NA,NA,NA,NA,NA,NA,NA,NA,NA,NA,NA,NA,NA,NA,NA,NA,NA,NA,NA,NA,NA,NA,NA,NA
"239","Richie James","KC","WR","13724","robust",NA,NA,NA,NA,NA,NA,NA,NA,NA,NA,0,0,0,0,0,0,0,0,0,NA,0,NA,1.6,0.548562,19.575,5.307708,0.1,0.022239,NA,NA,NA,NA,NA,NA,NA,NA,NA,NA,NA,NA,NA,NA,NA,NA,NA,NA,NA,NA,NA,NA,NA,NA,NA,NA
"240","Rashod Bateman","BAL","WR","15293","robust",NA,NA,NA,NA,NA,NA,NA,NA,NA,NA,0.01,0.014826,0.055,0,0,0,0,0,0,NA,0,NA,2.44,0.333585,32.4625,6.44931,0.15,0.07413,NA,NA,NA,NA,NA,NA,NA,NA,NA,NA,NA,NA,NA,NA,NA,NA,NA,NA,NA,NA,NA,NA,NA,NA,NA,NA
"241","Tutu Atwell","LAR","WR","15301","robust",NA,NA,NA,NA,NA,NA,NA,NA,NA,NA,0.32125,0.0778365000000001,2.325,0.481845,0,0,0,0,0,NA,0.01,0,2.25,0.207564,29.135,5.730249,0.15,0.07413,NA,NA,NA,NA,NA,NA,NA,NA,NA,NA,NA,NA,NA,NA,NA,NA,NA,NA,NA,NA,NA,NA,NA,NA,NA,NA
"242","Josh Reynolds","DET","WR","13168","robust",NA,NA,NA,NA,NA,NA,NA,NA,NA,NA,0,0,0,0,0,0,0.05,0.037065,0,NA,0,NA,1.9625,0.22239,26.56,4.714668,0.17,0.066717,NA,NA,NA,NA,NA,NA,NA,NA,NA,NA,NA,NA,NA,NA,NA,NA,NA,NA,NA,NA,NA,NA,NA,NA,NA,NA
"243","Treylon Burks","TEN","WR","15752","robust",NA,NA,NA,NA,NA,NA,NA,NA,NA,NA,0.075,0.07413,1,0.911799,0,0,0,0,0,NA,0,NA,2,0.14826,26.685,6.034182,0.1,0,NA,NA,NA,NA,NA,NA,NA,NA,NA,NA,NA,NA,NA,NA,NA,NA,NA,NA,NA,NA,NA,NA,NA,NA,NA,NA
"244","Josh Palmer","LAC","WR","15319","robust",NA,NA,NA,NA,NA,NA,NA,NA,NA,NA,NA,NA,0,0,0,0,0.1,0,NA,NA,NA,NA,2.7,0,37,0,0.1,0,NA,NA,NA,NA,NA,NA,NA,NA,NA,NA,NA,NA,NA,NA,NA,NA,NA,NA,NA,NA,NA,NA,NA,"Knee",2023,14
"245","Cedrick Wilson","MIA","WR","13652","robust",NA,NA,NA,NA,NA,NA,NA,NA,NA,NA,0.0125,0.037065,0.03,0,0,0,0,0,0,NA,0,NA,1.075,0.14826,12.905,3.232068,0.105,0.029652,NA,NA,NA,NA,NA,NA,NA,NA,NA,NA,NA,NA,NA,NA,NA,NA,NA,NA,NA,NA,NA,NA,NA,NA,NA,NA
"246","Alec Pierce","IND","WR","15768","robust",NA,NA,NA,NA,NA,NA,NA,NA,NA,NA,0,0,0,0,0,0,0,0,0,NA,0,NA,2.2,0.14826,33.4825,2.876244,0.1225,0.118608,NA,NA,NA,NA,NA,NA,NA,NA,NA,NA,NA,NA,NA,NA,NA,NA,NA,NA,NA,NA,NA,NA,NA,NA,NA,NA
"247","Darnell Mooney","CHI","WR","14974","robust",NA,NA,NA,NA,NA,NA,NA,NA,NA,NA,0.02,0.029652,0.212857142857143,0.29652,0,0,0,0,0,NA,0,NA,2.215,0.103782,30.6725,2.513007,0.135,0.051891,NA,NA,NA,NA,NA,NA,NA,NA,NA,NA,NA,NA,NA,NA,NA,NA,NA,NA,NA,NA,NA,NA,NA,NA,NA,NA
"248","Trey Palmer","TB","WR","16199","robust",NA,NA,NA,NA,NA,NA,NA,NA,NA,NA,0.156666666666667,0.187796,1.17,0.281694,0,0,0,0,0,NA,0,NA,2.5125,0.274281,26.4,6.37518,0.13,0.044478,NA,NA,NA,NA,NA,NA,NA,NA,NA,NA,NA,NA,NA,NA,NA,NA,NA,NA,NA,NA,NA,NA,NA,NA,NA,NA
"249","K.J. Osborn","MIN","WR","14977","robust",NA,NA,NA,NA,NA,NA,NA,NA,NA,NA,0.01,0.014826,0.127142857142857,0.14826,0,0,0,0,0,NA,0,NA,2.1975,0.748713,24.5825,8.873361,0.135,0.07413,NA,NA,NA,NA,NA,NA,NA,NA,NA,NA,NA,NA,NA,NA,NA,NA,NA,NA,NA,NA,NA,NA,NA,NA,NA,NA
"250","A.T. Perry","NO","WR","16196","robust",NA,NA,NA,NA,NA,NA,NA,NA,NA,NA,0.01,0,0.305,0.29652,0,0,0,0,0,NA,0,NA,1.95,0.14826,26.0925,5.04084,0.15,0.133434,NA,NA,NA,NA,NA,NA,NA,NA,NA,NA,NA,NA,NA,NA,NA,NA,NA,NA,NA,NA,NA,NA,NA,NA,NA,NA
"251","Nick Westbrook-Ikhine","TEN","WR","15109","robust",NA,NA,NA,NA,NA,NA,NA,NA,NA,NA,0,0,0,0,0,0,0,0,0,NA,0,NA,2,0.0741300000000001,25.6875,2.824353,0.15,0.07413,NA,NA,NA,NA,NA,NA,NA,NA,NA,NA,NA,NA,NA,NA,NA,NA,NA,NA,NA,NA,NA,NA,NA,NA,NA,NA
"252","Michael Gallup","DAL","WR","13646","robust",NA,NA,NA,NA,NA,NA,NA,NA,NA,NA,0,0,0,0,0,0,0,0,0,NA,0,NA,2,0.14826,24.6,4.366257,0.15,0.07413,NA,NA,NA,NA,NA,NA,NA,NA,NA,NA,NA,NA,NA,NA,NA,NA,NA,NA,NA,NA,NA,NA,NA,NA,NA,NA
"253","Jameson Williams","DET","WR","15756","robust",NA,NA,NA,NA,NA,NA,NA,NA,NA,NA,0.215917904947813,0.126539278025655,1.615,0.7413,0.0075,0.007413,0,0,0,NA,0,NA,1.9,0.14826,24.475,4.507104,0.15,0.07413,NA,NA,NA,NA,NA,NA,NA,NA,NA,NA,NA,NA,NA,NA,NA,NA,NA,NA,NA,NA,NA,NA,NA,NA,NA,NA
"254","Jauan Jennings","SF","WR","14860","robust",NA,NA,NA,NA,NA,NA,NA,NA,NA,NA,0,0,0,0,0,0,0,0,0,NA,0,NA,1.755,0.133434,23.605,2.74281,0.1075,0.088956,NA,NA,NA,NA,NA,NA,NA,NA,NA,NA,NA,NA,NA,NA,NA,NA,NA,NA,NA,NA,NA,NA,NA,NA,NA,NA
"255","Jalen Guyton","LAC","WR","14337","robust",NA,NA,NA,NA,NA,NA,NA,NA,NA,NA,0.02,0,0.2125,0.14826,0,0,0,0,0,NA,0,NA,2.055,0.177912,26.77,5.648706,0.1575,0.029652,NA,NA,NA,NA,NA,NA,NA,NA,NA,NA,NA,NA,NA,NA,NA,NA,NA,NA,NA,NA,NA,NA,NA,NA,NA,NA
"256","Hunter Renfrow","LVR","WR","14123","robust",NA,NA,NA,NA,NA,NA,NA,NA,NA,NA,0,0,0,0,0,0,0,0,0,NA,0,NA,2.3,0.237216,23.745,0.919211999999996,0.1,0.029652,NA,NA,NA,NA,NA,NA,NA,NA,NA,NA,NA,NA,NA,NA,NA,NA,NA,NA,NA,NA,NA,NA,NA,NA,NA,NA
"257","Allen Lazard","NYJ","WR","13632","robust",NA,NA,NA,NA,NA,NA,NA,NA,NA,NA,0.0125,0.037065,0.112916666666667,0.14826,0,0,0,0,0,NA,0,NA,1.85,0.44478,23.6,4.74432,0.1,0.014826,NA,NA,NA,NA,NA,NA,NA,NA,NA,NA,NA,NA,NA,NA,NA,NA,NA,NA,NA,NA,NA,NA,NA,NA,NA,NA
"258","Xavier Gipson","NYJ","WR","16416","robust",NA,NA,NA,NA,NA,NA,NA,NA,NA,NA,0.312,0.2787288,2,0,0,0,0,0,0,NA,0.01,0,2.13,0.459606,26.3,4.00302,0.05,0.088956,NA,NA,NA,NA,NA,NA,NA,NA,NA,NA,NA,NA,NA,NA,NA,NA,NA,NA,NA,NA,NA,NA,NA,NA,NA,NA
"259","Cedric Tillman","CLE","WR","16191","robust",NA,NA,NA,NA,NA,NA,NA,NA,NA,NA,0.01,0,0.355,0.14826,0,0,0,0,0,NA,0,NA,1.745,0.163086,21,1.92738,0.085,0.029652,NA,NA,NA,NA,NA,NA,NA,NA,NA,NA,NA,NA,NA,NA,NA,NA,NA,NA,NA,NA,NA,NA,NA,NA,NA,NA
"260","Van Jefferson","ATL","WR","14858","robust",NA,NA,NA,NA,NA,NA,NA,NA,NA,NA,0.01,0,0.2,0.29652,0,0,0,0,0,NA,0,NA,1.285,0.548562,19.3025,8.74734,0.1,0,NA,NA,NA,NA,NA,NA,NA,NA,NA,NA,NA,NA,NA,NA,NA,NA,NA,NA,NA,NA,NA,NA,NA,NA,NA,NA
"261","Trenton Irwin","CIN","WR","14551","robust",NA,NA,NA,NA,NA,NA,NA,NA,NA,NA,0,0,0.0964285714285714,0.13767,0,0,0,0,0,NA,0.01,0,0.85,0.452193,11.8,4.069737,0.075,0.037065,NA,NA,NA,NA,NA,NA,NA,NA,NA,NA,NA,NA,NA,NA,NA,NA,NA,NA,NA,NA,NA,NA,NA,NA,NA,NA
"262","Marquez Valdes-Scantling","KC","WR","13793","robust",NA,NA,NA,NA,NA,NA,NA,NA,NA,NA,0,0,0,0,0,0,0.01875,0.0185325,0,NA,0,NA,1.6,0.0741299999999999,23.95,1.40847,0.13,0.044478,NA,NA,NA,NA,NA,NA,NA,NA,NA,NA,NA,NA,NA,NA,NA,NA,NA,NA,NA,NA,NA,NA,NA,NA,NA,NA
"263","Marvin Mims","DEN","WR","16189","robust",NA,NA,NA,NA,NA,NA,NA,NA,NA,NA,0.585833333333333,0.07413,2.55,0.88956,0,0,0.01875,0.0185325,0,NA,0.01,0,1.6,0.400302,22.365,1.349166,0.1,0.059304,NA,NA,NA,NA,NA,NA,NA,NA,NA,NA,NA,NA,NA,NA,NA,NA,NA,NA,NA,NA,NA,NA,NA,NA,NA,NA
"264","Braxton Berrios","MIA","WR","13638","robust",NA,NA,NA,NA,NA,NA,NA,NA,NA,NA,0.075,0.22239,0.50625,0.44478,0.01,0,0,0,0,NA,0.03,0,1.3725,0.311346,14.66,5.648706,0.0625,0.044478,NA,NA,NA,NA,NA,NA,NA,NA,NA,NA,NA,NA,NA,NA,NA,NA,NA,NA,NA,NA,NA,NA,NA,NA,NA,NA
"265","Chris Moore","TEN","WR","12773","robust",NA,NA,NA,NA,NA,NA,NA,NA,NA,NA,0.0583333333333333,0.07413,0.65,0.7413,0,0,0,0,0,NA,0,NA,1.15,0.14826,16,4.069737,0.05,0.014826,NA,NA,NA,NA,NA,NA,NA,NA,NA,NA,NA,NA,NA,NA,NA,NA,NA,NA,NA,NA,NA,NA,NA,NA,NA,NA
"266","Jalen Reagor","NE","WR","14839","robust",NA,NA,NA,NA,NA,NA,NA,NA,NA,NA,0,0,0.1,0.14826,0,0,0,0,0,NA,0,NA,1.36,0.289107,17.82,1.030407,0.08,0.014826,NA,NA,NA,NA,NA,NA,NA,NA,NA,NA,NA,NA,NA,NA,NA,NA,NA,NA,NA,NA,NA,NA,NA,NA,NA,NA
"267","Jalen Tolbert","DAL","WR","15788","robust",NA,NA,NA,NA,NA,NA,NA,NA,NA,NA,0,0,0.005,0,0,0,0,0,0,NA,0,NA,1.6,0.0593040000000001,19.6,0.911799000000003,0.105,0.022239,NA,NA,NA,NA,NA,NA,NA,NA,NA,NA,NA,NA,NA,NA,NA,NA,NA,NA,NA,NA,NA,NA,NA,NA,NA,NA
"268","KhaDarel Hodge","ATL","WR","13963","robust",NA,NA,NA,NA,NA,NA,NA,NA,NA,NA,0.0125,0.037065,0.05,0.096369,0,0,0,0,0,NA,0,NA,1.0525,0.0741300000000001,14.35,1.92738,0.085,0,NA,NA,NA,NA,NA,NA,NA,NA,NA,NA,NA,NA,NA,NA,NA,NA,NA,NA,NA,NA,NA,NA,NA,NA,NA,NA
"269","Quez Watkins","PHI","WR","14992","robust",NA,NA,NA,NA,NA,NA,NA,NA,NA,NA,0.0125,0,0.1,0,0,0,0,0,0,NA,0,NA,1.44,0.0593040000000001,16.775,1.245384,0.1,0,NA,NA,NA,NA,NA,NA,NA,NA,NA,NA,NA,NA,NA,NA,NA,NA,NA,NA,NA,NA,NA,NA,NA,NA,NA,NA
"270","Allen Robinson","PIT","WR","11678","robust",NA,NA,NA,NA,NA,NA,NA,NA,NA,NA,0,0,0.045,0,0,0,0,0,0,NA,0,NA,1.5625,0.44478,16.0975,1.33434,0.05,0.103782,NA,NA,NA,NA,NA,NA,NA,NA,NA,NA,NA,NA,NA,NA,NA,NA,NA,NA,NA,NA,NA,NA,NA,NA,NA,NA
"271","Demarcus Robinson","LAR","WR","12785","robust",NA,NA,NA,NA,NA,NA,NA,NA,NA,NA,0,0,0,0,0,0,0,0,0,NA,0,NA,1.5,0.363237,16.725,2.631615,0.085,0.00741300000000001,NA,NA,NA,NA,NA,NA,NA,NA,NA,NA,NA,NA,NA,NA,NA,NA,NA,NA,NA,NA,NA,NA,NA,NA,NA,NA
"272","Skyy Moore","KC","WR","15766","robust",NA,NA,NA,NA,NA,NA,NA,NA,NA,NA,0.1075,0.022239,0.95,0.09884,0.001,0,0,0,0,NA,0.01,0,1.75,0.14826,19.94,1.423296,0.1,0,NA,NA,NA,NA,NA,NA,NA,NA,NA,NA,NA,NA,NA,NA,NA,NA,NA,NA,NA,NA,NA,NA,NA,NA,NA,NA
"273","Isaiah Hodgins","NYG","WR","14849","robust",NA,NA,NA,NA,NA,NA,NA,NA,NA,NA,0,0,0,0,0,0,0.05,0.07413,0,NA,0,NA,1.2875,0.133434,14.6325,1.171254,0.1,0.044478,NA,NA,NA,NA,NA,NA,NA,NA,NA,NA,NA,NA,NA,NA,NA,NA,NA,NA,NA,NA,NA,NA,NA,NA,NA,NA
"274","Sterling Shepard","NYG","WR","12658","robust",NA,NA,NA,NA,NA,NA,NA,NA,NA,NA,0,0,0.005,0,0,0,0,0,0,NA,0,NA,1.57,0.244629,18.92,1.571556,0.075,0.00741300000000001,NA,NA,NA,NA,NA,NA,NA,NA,NA,NA,NA,NA,NA,NA,NA,NA,NA,NA,NA,NA,NA,NA,NA,NA,NA,NA
"275","Nelson Agholor","BAL","WR","12181","robust",NA,NA,NA,NA,NA,NA,NA,NA,NA,NA,0,0,0.0129166666666667,0,0,0,0,0,0,NA,0,NA,1.2475,0.133434,17.9775,0.993341999999997,0.1025,0.029652,NA,NA,NA,NA,NA,NA,NA,NA,NA,NA,NA,NA,NA,NA,NA,NA,NA,NA,NA,NA,NA,NA,NA,NA,NA,NA
"276","John Metchie","HOU","WR","15759","robust",NA,NA,NA,NA,NA,NA,NA,NA,NA,NA,0,0,0.2,0.14826,0,0,0,0,0,NA,0,NA,1.39,0.429954,17.38,2.609376,0.0782927251292972,0.014826,NA,NA,NA,NA,NA,NA,NA,NA,NA,NA,NA,NA,NA,NA,NA,NA,NA,NA,NA,NA,NA,NA,NA,NA,NA,NA
"277","Tyler Scott","CHI","WR","16205","robust",NA,NA,NA,NA,NA,NA,NA,NA,NA,NA,0.601851851851852,0.0109822222222222,2.7,0.44478,0,0,0,0,0,NA,0.01,0,1.4,0.177912,17.705,2.060814,0.065,0.044478,NA,NA,NA,NA,NA,NA,NA,NA,NA,NA,NA,NA,NA,NA,NA,NA,NA,NA,NA,NA,NA,NA,"Q","Hamstring",2023,14
"278","Kalif Raymond","DET","WR","13066","robust",NA,NA,NA,NA,NA,NA,NA,NA,NA,NA,0.23,0.0790719999999999,1.935,0.385476,0,0,0,0,0,NA,0,NA,1.3425,0.274281,17.6025,1.697577,0.08,0.014826,NA,NA,NA,NA,NA,NA,NA,NA,NA,NA,NA,NA,NA,NA,NA,NA,NA,NA,NA,NA,NA,NA,NA,NA,NA,NA
"279","Malik Heath","GB","WR","16413","robust",NA,NA,NA,NA,NA,NA,NA,NA,NA,NA,0,0,0,0,0,0,0,0,0,NA,0,NA,1.19,0.326172,15.905,2.950374,0.1,0,NA,NA,NA,NA,NA,NA,NA,NA,NA,NA,NA,NA,NA,NA,NA,NA,NA,NA,NA,NA,NA,NA,NA,NA,NA,NA
"280","Brandon Johnson","DEN","WR","15987","robust",NA,NA,NA,NA,NA,NA,NA,NA,NA,NA,0,0,0.01,0.044478,0,0,0,0,0,NA,0,NA,0.65,0.66717,8.3,1.77912,0.05,0.029652,NA,NA,NA,NA,NA,NA,NA,NA,NA,NA,NA,NA,NA,NA,NA,NA,NA,NA,NA,NA,NA,NA,NA,NA,NA,NA
"281","Terrace Marshall","CAR","WR","15308","robust",NA,NA,NA,NA,NA,NA,NA,NA,NA,NA,0,0,0.25,0,0,0,0,0,0,NA,0,NA,0.54,0.118608,6.02,1.541904,0.0025,0,NA,NA,NA,NA,NA,NA,NA,NA,NA,NA,NA,NA,NA,NA,NA,NA,NA,NA,NA,NA,NA,NA,NA,NA,NA,NA
"282","KaVontae Turpin","DAL","WR","15981","robust",NA,NA,NA,NA,NA,NA,NA,NA,NA,NA,0.389908006598147,0.147714442329654,2.7625,0.548562,0.0175,0.014826,0.0125,0.037065,0,NA,0.01,0,1,0,12.2,2.357334,0.1,0.044478,NA,NA,NA,NA,NA,NA,NA,NA,NA,NA,NA,NA,NA,NA,NA,NA,NA,NA,NA,NA,NA,NA,NA,NA,NA,NA
"283","Brandon Powell","MIN","WR","13910","robust",NA,NA,NA,NA,NA,NA,NA,NA,NA,NA,0.266225,0.1890315,1.905,0.37065,0.005,0,0,0,0,NA,0,NA,1.04,0.0741300000000001,9.575,0.59304,0.085,0.007413,NA,NA,NA,NA,NA,NA,NA,NA,NA,NA,NA,NA,NA,NA,NA,NA,NA,NA,NA,NA,NA,NA,NA,NA,NA,NA
"284","Kyle Philips","TEN","WR","15901","robust",NA,NA,NA,NA,NA,NA,NA,NA,NA,NA,0,0,0.065,0.096369,0,0,0,0,0,NA,0.01,0,0.735,0.496671,9.33,6.716178,0.02,0.029652,NA,NA,NA,NA,NA,NA,NA,NA,NA,NA,NA,NA,NA,NA,NA,NA,NA,NA,NA,NA,NA,NA,NA,NA,NA,NA
"285","Jake Bobo","SEA","WR","16393","robust",NA,NA,NA,NA,NA,NA,NA,NA,NA,NA,0.0125,0.037065,0.315833333333333,0.14826,0.04,0.059304,0,0,0,NA,0,NA,1,0,10.9075,2.66868,0.05,0.059304,NA,NA,NA,NA,NA,NA,NA,NA,NA,NA,NA,NA,NA,NA,NA,NA,NA,NA,NA,NA,NA,NA,NA,NA,NA,NA
"286","Lynn Bowden","NO","WR","14843","robust",NA,NA,NA,NA,NA,NA,NA,NA,NA,NA,0.679549274255157,0.213329037433155,4.19,1.03782,0.005,0,0,0,0,NA,0.01,0,1,0.289107,11.6,2.07564,0.05,0.07413,NA,NA,NA,NA,NA,NA,NA,NA,NA,NA,NA,NA,NA,NA,NA,NA,NA,NA,NA,NA,NA,NA,NA,NA,NA,NA
"287","Kadarius Toney","KC","WR","15289","robust",NA,NA,NA,NA,NA,NA,NA,NA,NA,NA,1.04,0.103782,5.4,1.022994,0.00917654454022989,0,0,0,0,NA,0,NA,1.1,0.207564,13.0625,3.424806,0.1,0.059304,NA,NA,NA,NA,NA,NA,NA,NA,NA,NA,NA,NA,NA,NA,NA,NA,NA,NA,NA,NA,NA,NA,NA,NA,NA,NA
"288","Donovan Peoples-Jones","DET","WR","14857","robust",NA,NA,NA,NA,NA,NA,NA,NA,NA,NA,0,0,0.096,0.07413,0,0,0.0333333333333333,0.02471,0,NA,0,NA,0.85,0.22239,9.7,3.7065,0.07,0.014826,NA,NA,NA,NA,NA,NA,NA,NA,NA,NA,NA,NA,NA,NA,NA,NA,NA,NA,NA,NA,NA,NA,NA,NA,NA,NA
"289","David Bell","CLE","WR","15758","robust",NA,NA,NA,NA,NA,NA,NA,NA,NA,NA,0,0,0.02,0.0207564,0,0,0,0,0,NA,0,NA,0.815,0.37065,9.65,0.778364999999999,0.035,0.044478,NA,NA,NA,NA,NA,NA,NA,NA,NA,NA,NA,NA,NA,NA,NA,NA,NA,NA,NA,NA,NA,NA,NA,NA,NA,NA
"290","River Cracraft","MIA","WR","13862","robust",NA,NA,NA,NA,NA,NA,NA,NA,NA,NA,0,0,0,0,0,0,0,0,0,NA,0,NA,1.01,0.29652,12.145,2.846592,0.08,0.014826,NA,NA,NA,NA,NA,NA,NA,NA,NA,NA,NA,NA,NA,NA,NA,NA,NA,NA,NA,NA,NA,NA,NA,NA,NA,NA
"291","Tre Tucker","LVR","WR","16287","robust",NA,NA,NA,NA,NA,NA,NA,NA,NA,NA,0.575,0.0992596439655172,3.49,0.622692,0.01,0,0,0,0,NA,0,NA,1,0.103782,13.55,1.571556,0.05,0.029652,NA,NA,NA,NA,NA,NA,NA,NA,NA,NA,NA,NA,NA,NA,NA,NA,NA,NA,NA,NA,NA,NA,NA,NA,NA,NA
"292","Olamide Zaccheaus","PHI","WR","14592","robust",NA,NA,NA,NA,NA,NA,NA,NA,NA,NA,0,0,0.00375,0,0,0,0,0,0,NA,0,NA,0.4,0.29652,5.43,2.016336,0.02,0.014826,NA,NA,NA,NA,NA,NA,NA,NA,NA,NA,NA,NA,NA,NA,NA,NA,NA,NA,NA,NA,NA,NA,NA,NA,NA,NA
"293","Parris Campbell","NYG","WR","14112","robust",NA,NA,NA,NA,NA,NA,NA,NA,NA,NA,0,0,0.145,0.118608,0,0,0,0,0,NA,0,NA,1.0975,0.689409,10.6725,5.404077,0.015,0.014826,NA,NA,NA,NA,NA,NA,NA,NA,NA,NA,NA,NA,NA,NA,NA,NA,NA,NA,NA,NA,NA,NA,NA,NA,NA,NA
"294","Keith Kirkwood","NO","WR","13882","robust",NA,NA,NA,NA,NA,NA,NA,NA,NA,NA,0,0,0.00625,0,0,0,0,0,0,NA,0,NA,0.7,0.29652,9.5,5.989704,0.05,0.044478,NA,NA,NA,NA,NA,NA,NA,NA,NA,NA,NA,NA,NA,NA,NA,NA,NA,NA,NA,NA,NA,NA,NA,NA,NA,NA
"295","Tim Jones","JAC","WR","16005","robust",NA,NA,NA,NA,NA,NA,NA,NA,NA,NA,0,0,0.13125,0.07413,0,0,0,0,0,NA,0,NA,0.685,0.207564,5.885,3.11346,0.01,0,NA,NA,NA,NA,NA,NA,NA,NA,NA,NA,NA,NA,NA,NA,NA,NA,NA,NA,NA,NA,NA,NA,NA,NA,NA,NA
"296","Scott Miller","ATL","WR","14280","robust",NA,NA,NA,NA,NA,NA,NA,NA,NA,NA,0.0333333333333333,0.02471,0.114,0.029652,0,0,0,0,0,NA,0,NA,0.81,0.281694,8.8,2.416638,0.1,0.051891,NA,NA,NA,NA,NA,NA,NA,NA,NA,NA,NA,NA,NA,NA,NA,NA,NA,NA,NA,NA,NA,NA,NA,NA,NA,NA
"297","Marquise Goodwin","CLE","WR","11239","robust",NA,NA,NA,NA,NA,NA,NA,NA,NA,NA,0.257142857142857,0.0301815,2.1,0.0741300000000001,0,0,0,0,0,NA,0,NA,0.95,0.37065,10.75,1.85325,0.05,0.029652,NA,NA,NA,NA,NA,NA,NA,NA,NA,NA,NA,NA,NA,NA,NA,NA,NA,NA,NA,NA,NA,NA,NA,NA,NA,NA
"298","Mack Hollins","ATL","WR","13289","robust",NA,NA,NA,NA,NA,NA,NA,NA,NA,NA,0,0,0.0125,0,0,0,0,0,0,NA,0,NA,0.5175,0,8.5125,0,0.07,0.014826,NA,NA,NA,NA,NA,NA,NA,NA,NA,NA,NA,NA,NA,NA,NA,NA,NA,NA,NA,NA,NA,NA,"Q","Ankle",2023,14
"299","Deonte Harris","BUF","WR","14558","robust",NA,NA,NA,NA,NA,NA,NA,NA,NA,NA,0.133333333333333,0.09884,0.52,0.44478,0,0,0,0,0,NA,0,NA,0.515,0.4062324,5.616,4.062324,0.05,0.047989644,NA,NA,NA,NA,NA,NA,NA,NA,NA,NA,NA,NA,NA,NA,NA,NA,NA,NA,NA,NA,NA,NA,NA,NA,NA,NA
"300","Julio Jones","PHI","WR","10271","robust",NA,NA,NA,NA,NA,NA,NA,NA,NA,NA,0.0125,0.037065,0.23,0.29652,0,0,0,0,0,NA,0,NA,0.8,0.177912,7.4325,2.609376,0.05,0.059304,NA,NA,NA,NA,NA,NA,NA,NA,NA,NA,NA,NA,NA,NA,NA,NA,NA,NA,NA,NA,NA,NA,NA,NA,NA,NA
"301","Deven Thompkins","TB","WR","15977","robust",NA,NA,NA,NA,NA,NA,NA,NA,NA,NA,0.9,0.141980392561983,4.4,0.59304,0.015,0,0.0333333333333333,0.02471,0,NA,0.01,0,1,0.140847,9.35,1.022994,0.05,0.066717,NA,NA,NA,NA,NA,NA,NA,NA,NA,NA,NA,NA,NA,NA,NA,NA,NA,NA,NA,NA,NA,NA,NA,NA,NA,NA
"302","Devin Duvernay","BAL","WR","14847","robust",NA,NA,NA,NA,NA,NA,NA,NA,NA,NA,0.262011605415861,NA,1.8325,0.7153545,0.005,0.00618191771572104,0,0,0,NA,0.06,0,0.6975,0.2928135,7,1.92738,0.0197473728550525,0.0292774549949009,NA,NA,NA,NA,NA,NA,NA,NA,NA,NA,NA,NA,NA,NA,NA,NA,NA,NA,NA,NA,NA,NA,NA,NA,NA,NA
"303","Mike Strachan","CAR","WR","15478","robust",NA,NA,NA,NA,NA,NA,NA,NA,NA,NA,0,0,0.01,0,0,0,0,0,0,NA,0,NA,0.7175,0,10.345,0,0.045,0.059304,NA,NA,NA,NA,NA,NA,NA,NA,NA,NA,NA,NA,NA,NA,NA,NA,NA,NA,NA,NA,NA,NA,NA,NA,NA,NA
"304","Isaiah McKenzie","IND","WR","13313","robust",NA,NA,NA,NA,NA,NA,NA,NA,NA,NA,0.0333333333333333,0.04942,1.05,0.29652,0,0,0,0,0,NA,0,NA,0.7975,0.4410735,7.92,4.210584,0.0217854892571357,0.0322991663726293,NA,NA,NA,NA,NA,NA,NA,NA,NA,NA,NA,NA,NA,NA,NA,NA,NA,NA,NA,NA,NA,NA,NA,NA,NA,NA
"305","Lil'Jordan Humphrey","DEN","WR","14118","robust",NA,NA,NA,NA,NA,NA,NA,NA,NA,NA,0,0,0.01,0,0,0,0,0,0,NA,0,NA,0.45,0.192738,6.0875,2.461116,0.025,0.029652,NA,NA,NA,NA,NA,NA,NA,NA,NA,NA,NA,NA,NA,NA,NA,NA,NA,NA,NA,NA,NA,NA,NA,NA,NA,NA
"306","Ben Skowronek","LAR","WR","15491","robust",NA,NA,NA,NA,NA,NA,NA,NA,NA,NA,0.05,0.037065,0.7625,0.185325,0,0,0,0,0,NA,0,NA,0.595,0.185325,6.205,1.905141,0.0275,0.022239,NA,NA,NA,NA,NA,NA,NA,NA,NA,NA,NA,NA,NA,NA,NA,NA,NA,NA,NA,NA,NA,NA,NA,NA,NA,NA
"307","Chase Claypool","MIA","WR","14841","robust",NA,NA,NA,NA,NA,NA,NA,NA,NA,NA,0,0,0.36,0.103782,0,0,0,0,0,NA,0,NA,0.535,0.326172,6.51,4.773972,0.0075,0,NA,NA,NA,NA,NA,NA,NA,NA,NA,NA,NA,NA,NA,NA,NA,NA,NA,NA,NA,NA,NA,NA,NA,NA,NA,NA
"308","Calvin Austin III","PIT","WR","15777","robust",NA,NA,NA,NA,NA,NA,NA,NA,NA,NA,0.6,0.336839282049914,2.9,1.378818,0,0,0,0,0,NA,0.01,0,0.795,0.266868,7.575,0.59304,0,0,NA,NA,NA,NA,NA,NA,NA,NA,NA,NA,NA,NA,NA,NA,NA,NA,NA,NA,NA,NA,NA,NA,NA,NA,NA,NA
"309","Trent Taylor","CHI","WR","13316","robust",NA,NA,NA,NA,NA,NA,NA,NA,NA,NA,0,0,0.05,0.04942,0,0,0,0,0,NA,0,NA,0.325,0.29652,4.5825,3.78063,0,0,NA,NA,NA,NA,NA,NA,NA,NA,NA,NA,NA,NA,NA,NA,NA,NA,NA,NA,NA,NA,NA,NA,NA,NA,NA,NA
"310","Samori Toure","GB","WR","15841","robust",NA,NA,NA,NA,NA,NA,NA,NA,NA,NA,0,0,0.0175,0.017297,0,0,0,0,0,NA,0,NA,0.475,0.140847,6.925,1.55673,0.0225,0.022239,NA,NA,NA,NA,NA,NA,NA,NA,NA,NA,NA,NA,NA,NA,NA,NA,NA,NA,NA,NA,NA,NA,NA,NA,NA,NA
"311","Randall Cobb","NYJ","WR","10308","robust",NA,NA,NA,NA,NA,NA,NA,NA,NA,NA,0,0,0.01,0,0,0,0,0,0,NA,0,NA,0.72,0.0593040000000001,8.655,0.133434,0.01,0,NA,NA,NA,NA,NA,NA,NA,NA,NA,NA,NA,NA,NA,NA,NA,NA,NA,NA,NA,NA,NA,NA,NA,NA,NA,NA
"312","Trent Sherfield","BUF","WR","13893","robust",NA,NA,NA,NA,NA,NA,NA,NA,NA,NA,0,0,0.005,0,0,0,0,0,0,NA,0,NA,0.6,0.207564,7,2.2239,0.02,0,NA,NA,NA,NA,NA,NA,NA,NA,NA,NA,NA,NA,NA,NA,NA,NA,NA,NA,NA,NA,NA,NA,NA,NA,NA,NA
"313","Alex Erickson","LAC","WR","12913","robust",NA,NA,NA,NA,NA,NA,NA,NA,NA,NA,0,0,0,0,0,0,0,0,0,NA,0,NA,0.6625,0.0370649999999999,8.105,0.489258,0.0475,0.037065,NA,NA,NA,NA,NA,NA,NA,NA,NA,NA,NA,NA,NA,NA,NA,NA,NA,NA,NA,NA,NA,NA,NA,NA,NA,NA
"314","Matthew Slater","NE","WR","9200","robust",NA,NA,NA,NA,NA,NA,NA,NA,NA,NA,0,0,0.175,0.111195,0,0,0,0,NA,NA,NA,NA,0.435,0.200151,6.41,3.128286,0.02,0.029652,NA,NA,NA,NA,NA,NA,NA,NA,NA,NA,NA,NA,NA,NA,NA,NA,NA,NA,NA,NA,NA,NA,NA,NA,NA,NA
"315","Xavier Hutchinson","HOU","WR","16201","robust",NA,NA,NA,NA,NA,NA,NA,NA,NA,NA,0.480519293924466,0.133896551724138,2.375,0.474432,0.0013764880952381,0,0,0,0,NA,0,NA,0.3,0.133434,3.7,1.200906,0.00168454935622318,0,NA,NA,NA,NA,NA,NA,NA,NA,NA,NA,NA,NA,NA,NA,NA,NA,NA,NA,NA,NA,NA,NA,NA,NA,NA,NA
"316","Derius Davis","LAC","WR","16299","robust",NA,NA,NA,NA,NA,NA,NA,NA,NA,NA,0.5,0.163023926570048,2.7,0.978516,0.005,0,0,0,0,NA,0.01,0,0.5525,0.3743565,4.6625,1.8717825,0.01,0.014826,NA,NA,NA,NA,NA,NA,NA,NA,NA,NA,NA,NA,NA,NA,NA,NA,NA,NA,NA,NA,NA,NA,NA,NA,NA,NA
"317","Jalen Nailor","MIN","WR","15786","robust",NA,NA,NA,NA,NA,NA,NA,NA,NA,NA,0,0,0.0275,0,0,0,0,0,0,NA,0,NA,0.2825,0.014826,3.8575,1.230558,0.0175,0.014826,NA,NA,NA,NA,NA,NA,NA,NA,NA,NA,NA,NA,NA,NA,NA,NA,NA,NA,NA,NA,NA,NA,NA,NA,NA,NA
"318","Jason Brownlee","NYJ","WR","16423","robust",NA,NA,NA,NA,NA,NA,NA,NA,NA,NA,0,0,0,0,0,0,0,0,NA,NA,NA,NA,0.41,0.163086,4.95,2.44629,0.01,0.014826,NA,NA,NA,NA,NA,NA,NA,NA,NA,NA,NA,NA,NA,NA,NA,NA,NA,NA,NA,NA,NA,NA,"O","Ankle",2023,14
"319","Jalen Brooks","DAL","WR","16364","robust",NA,NA,NA,NA,NA,NA,NA,NA,NA,NA,0,0,0.0625,0.07413,0,0,0,0,0,NA,0,NA,0.2825,0.07413,4.325,1.712403,0.015,0.014826,NA,NA,NA,NA,NA,NA,NA,NA,NA,NA,NA,NA,NA,NA,NA,NA,NA,NA,NA,NA,NA,NA,NA,NA,NA,NA
"320","David Moore","TB","WR","13348","robust",NA,NA,NA,NA,NA,NA,NA,NA,NA,NA,0,0,0.125,0.14826,0,0,0,0,0,NA,0,NA,0.2525,0.029652,3.47,0.59304,0.015,0.014826,NA,NA,NA,NA,NA,NA,NA,NA,NA,NA,NA,NA,NA,NA,NA,NA,NA,NA,NA,NA,NA,NA,NA,NA,NA,NA
"321","Andrei Iosivas","CIN","WR","16207","robust",NA,NA,NA,NA,NA,NA,NA,NA,NA,NA,0,0,0.015,0.014826,0,0,0,0,0,NA,0,NA,0.2775,0.07413,3.37,0.973574,0.0126354607783827,0.0100178894333535,NA,NA,NA,NA,NA,NA,NA,NA,NA,NA,NA,NA,NA,NA,NA,NA,NA,NA,NA,NA,NA,NA,NA,NA,NA,NA
"322","Velus Jones","CHI","WR","15767","robust",NA,NA,NA,NA,NA,NA,NA,NA,NA,NA,0,NA,1.61,0.328643,0,0,0.05,0.037065,0,NA,0,NA,0.41,0.14826,4.925,0.348411,0,0,NA,NA,NA,NA,NA,NA,NA,NA,NA,NA,NA,NA,NA,NA,NA,NA,NA,NA,NA,NA,NA,NA,"Q","Illness",2023,14
"323","DeAndre Carter","LVR","WR","12394","robust",NA,NA,NA,NA,NA,NA,NA,NA,NA,NA,0.159827586206897,0.163341620689655,1.35,0.51891,0.000969827586206897,0,0,0,0,NA,0,NA,0.295,0.140847,3.76,1.868076,0.00943352601156069,0.0139861456647399,NA,NA,NA,NA,NA,NA,NA,NA,NA,NA,NA,NA,NA,NA,NA,NA,NA,NA,NA,NA,NA,NA,NA,NA,NA,NA
"324","Ihmir Smith-Marsette","CAR","WR","15434","robust",NA,NA,NA,NA,NA,NA,NA,NA,NA,NA,0,0,0.05,0.07413,0,0,0,0,0,NA,0,NA,0.14,0.029652,3.4875,1.85325,0.0025,0,NA,NA,NA,NA,NA,NA,NA,NA,NA,NA,NA,NA,NA,NA,NA,NA,NA,NA,NA,NA,NA,NA,NA,NA,NA,NA
"325","Charlie Jones","CIN","WR","16203","robust",NA,NA,NA,NA,NA,NA,NA,NA,NA,NA,0,0,0.205,0.14826,0,0,0,0,0,NA,0,NA,0.27,0.207564,3.385,2.342508,0.005,0,NA,NA,NA,NA,NA,NA,NA,NA,NA,NA,NA,NA,NA,NA,NA,NA,NA,NA,NA,NA,NA,NA,NA,NA,NA,NA
"326","Irvin Charles","NYJ","WR","15984","robust",NA,NA,NA,NA,NA,NA,NA,NA,NA,NA,0,0,0.11,0.14826,0,0,0,0,0,NA,0,NA,0.1325,0,2.7275,2.2239,0.005,0,NA,NA,NA,NA,NA,NA,NA,NA,NA,NA,NA,NA,NA,NA,NA,NA,NA,NA,NA,NA,NA,NA,NA,NA,NA,NA
"327","Robby Anderson","MIA","WR","12930","robust",NA,NA,NA,NA,NA,NA,NA,NA,NA,NA,0,0,0.03,0.044478,0,0,0,0,NA,NA,NA,NA,0.345,0.214977,3.6,1.77912,0.02,0.029652,NA,NA,NA,NA,NA,NA,NA,NA,NA,NA,NA,NA,NA,NA,NA,NA,NA,NA,NA,NA,NA,NA,NA,NA,NA,NA
"328","Ronnie Bell","SF","WR","16202","robust",NA,NA,NA,NA,NA,NA,NA,NA,NA,NA,0,0,0,0,0,0,0,0,0,NA,0,NA,0.2475,0.046949,3.295,0.662228,0.00543803418803419,0.00537495299145299,NA,NA,NA,NA,NA,NA,NA,NA,NA,NA,NA,NA,NA,NA,NA,NA,NA,NA,NA,NA,NA,NA,NA,NA,NA,NA
"329","Equanimeous St. Brown","CHI","WR","13637","robust",NA,NA,NA,NA,NA,NA,NA,NA,NA,NA,0,0,0,0,0,0,0,0,NA,NA,NA,NA,0.265,0.096369,3.46,1.719816,0.01,0.014826,NA,NA,NA,NA,NA,NA,NA,NA,NA,NA,NA,NA,NA,NA,NA,NA,NA,NA,NA,NA,NA,NA,"O","Pectoral",2023,14
"330","D'Wayne Eskridge","SEA","WR","15302","robust",NA,NA,NA,NA,NA,NA,NA,NA,NA,NA,0.221768518518519,0.0579312222222223,1.4625,0.37065,0.005,0.007413,0,0,0,NA,0,NA,0.19,0.07413,2.5975,1.527078,0.0075,0.007413,NA,NA,NA,NA,NA,NA,NA,NA,NA,NA,NA,NA,NA,NA,NA,NA,NA,NA,NA,NA,NA,NA,"Q","Ribs",2023,14
"331","DJ Turner","LVR","WR","15995","robust",NA,NA,NA,NA,NA,NA,NA,NA,NA,NA,0,0,0.41,0.163086,0,0,0,0,NA,NA,NA,NA,0.135,0.051891,3.31,1.645686,0.01,0.014826,NA,NA,NA,NA,NA,NA,NA,NA,NA,NA,NA,NA,NA,NA,NA,NA,NA,NA,NA,NA,NA,NA,NA,NA,NA,NA
"332","Austin Trammell","LAR","WR","16120","robust",NA,NA,NA,NA,NA,NA,NA,NA,NA,NA,0,0,0.01625,0,0,0,0,0,0,NA,0,NA,0.2,0.044478,2.02625,0.2705745,0.00560927278156302,0.00831630782594533,NA,NA,NA,NA,NA,NA,NA,NA,NA,NA,NA,NA,NA,NA,NA,NA,NA,NA,NA,NA,NA,NA,NA,NA,NA,NA
"333","Colton Dowell","TEN","WR","16354","robust",NA,NA,NA,NA,NA,NA,NA,NA,NA,NA,0,0,0.155,0.081543,0,0,0,0,NA,NA,NA,NA,0.165,0.096369,2.69,1.319514,0.01,0.014826,NA,NA,NA,NA,NA,NA,NA,NA,NA,NA,NA,NA,NA,NA,NA,NA,NA,NA,NA,NA,NA,NA,NA,NA,NA,NA
"334","Miles Boykin","PIT","WR","14125","robust",NA,NA,NA,NA,NA,NA,NA,NA,NA,NA,0,0,0,0,0,0,0,0,NA,NA,NA,NA,0.25,0.37065,2.2,1.18608,0,0,NA,NA,NA,NA,NA,NA,NA,NA,NA,NA,NA,NA,NA,NA,NA,NA,NA,NA,NA,NA,NA,NA,NA,NA,NA,NA
"335","Tylan Wallace","BAL","WR","15285","robust",NA,NA,NA,NA,NA,NA,NA,NA,NA,NA,0,0,0.05,0.07413,0,0,0,0,NA,NA,NA,NA,0.2,0.14826,2.35,0.96369,0,0,NA,NA,NA,NA,NA,NA,NA,NA,NA,NA,NA,NA,NA,NA,NA,NA,NA,NA,NA,NA,NA,NA,NA,NA,NA,NA
"336","Ray-Ray McCloud","SF","WR","13641","robust",NA,NA,NA,NA,NA,NA,NA,NA,NA,NA,0.2,NA,1.37,0.696822,0.00872282608695652,0.0110389239130435,0,0,0,NA,0,NA,0.145,0.066717,1.39,0.726474,0.0086968085106383,0.0109617765957447,NA,NA,NA,NA,NA,NA,NA,NA,NA,NA,NA,NA,NA,NA,NA,NA,NA,NA,NA,NA,NA,NA,"O","Ribs",2023,14
"337","Travis Kelce","KC","TE","11244","robust",NA,NA,NA,NA,NA,NA,NA,NA,NA,NA,0,0,0.013,0.0192738,0,0,0.05,0.037065,0,NA,0,NA,6.3,0.0889560000000001,66.7125,4.96671,0.5,0.037065,NA,NA,NA,NA,NA,NA,NA,NA,NA,NA,NA,NA,NA,NA,NA,NA,NA,NA,NA,NA,NA,NA,NA,NA,NA,NA
"338","George Kittle","SF","TE","13299","robust",NA,NA,NA,NA,NA,NA,NA,NA,NA,NA,0,0,0.099,0.1467774,0,0,0,0,0,NA,0,NA,4.425,0.385476,62.15,3.18759,0.4,0.0296519999999999,NA,NA,NA,NA,NA,NA,NA,NA,NA,NA,NA,NA,NA,NA,NA,NA,NA,NA,NA,NA,NA,NA,NA,NA,NA,NA
"339","T.J. Hockenson","MIN","TE","14138","robust",NA,NA,NA,NA,NA,NA,NA,NA,NA,NA,0,0,0.01,0.014826,0,0,0.05,0.037065,0,NA,0,NA,5.4,0.407714999999999,53.2,4.89258,0.3075,0.022239,NA,NA,NA,NA,NA,NA,NA,NA,NA,NA,NA,NA,NA,NA,NA,NA,NA,NA,NA,NA,NA,NA,NA,NA,NA,NA
"340","Sam LaPorta","DET","TE","16214","robust",NA,NA,NA,NA,NA,NA,NA,NA,NA,NA,0,0,0,0,0,0,0,0,0,NA,0,NA,5.15,0.207564,54.515,0.667169999999999,0.345,0.0667170000000001,NA,NA,NA,NA,NA,NA,NA,NA,NA,NA,NA,NA,NA,NA,NA,NA,NA,NA,NA,NA,NA,NA,NA,NA,NA,NA
"341","David Njoku","CLE","TE","13192","robust",NA,NA,NA,NA,NA,NA,NA,NA,NA,NA,0,0,-0.007,0.0103782,0,0,0.05,0.037065,0,NA,0,NA,4.3375,0.111195000000002,47.94,2.698332,0.245,0.07413,NA,NA,NA,NA,NA,NA,NA,NA,NA,NA,NA,NA,NA,NA,NA,NA,NA,NA,NA,NA,NA,NA,NA,NA,NA,NA
"342","Evan Engram","JAC","TE","13189","robust",NA,NA,NA,NA,NA,NA,NA,NA,NA,NA,0,0,0.037,0.0548562,0,0,0.05,0.037065,0,NA,0,NA,5.25,0.444779999999999,49.225,4.336605,0.175,0.037065,NA,NA,NA,NA,NA,NA,NA,NA,NA,NA,NA,NA,NA,NA,NA,NA,NA,NA,NA,NA,NA,NA,NA,NA,NA,NA
"343","Cole Kmet","CHI","TE","14867","robust",NA,NA,NA,NA,NA,NA,NA,NA,NA,NA,0,0,0.22625,0.2236255,0,0,0,0,0,NA,0,NA,4.29,0.326172,43.345,2.81694,0.3,0.014826,NA,NA,NA,NA,NA,NA,NA,NA,NA,NA,NA,NA,NA,NA,NA,NA,NA,NA,NA,NA,NA,NA,NA,NA,NA,NA
"344","Jake Ferguson","DAL","TE","15799","robust",NA,NA,NA,NA,NA,NA,NA,NA,NA,NA,0,0,0.006,0.0088956,0,0,0,0,0,NA,0,NA,3.955,0.22239,41.675,2.44629,0.3,0.044478,NA,NA,NA,NA,NA,NA,NA,NA,NA,NA,NA,NA,NA,NA,NA,NA,NA,NA,NA,NA,NA,NA,NA,NA,NA,NA
"345","Dalton Kincaid","BUF","TE","16213","robust",NA,NA,NA,NA,NA,NA,NA,NA,NA,NA,0,0,0.006,0.0088956,0,0,0.05,0.037065,0,NA,0,NA,4.85,0.22239,44.1275,0.808017000000003,0.2325,0.066717,NA,NA,NA,NA,NA,NA,NA,NA,NA,NA,NA,NA,NA,NA,NA,NA,NA,NA,NA,NA,NA,NA,NA,NA,NA,NA
"346","Dallas Goedert","PHI","TE","13674","robust",NA,NA,NA,NA,NA,NA,NA,NA,NA,NA,0,0,0.005,0.007413,0,0,0,0,0,NA,0,NA,4,0.0518910000000002,44.1,0.689409,0.2,0,NA,NA,NA,NA,NA,NA,NA,NA,NA,NA,NA,NA,NA,NA,NA,NA,NA,NA,NA,NA,NA,NA,NA,NA,NA,NA
"347","Kyle Pitts","ATL","TE","15329","robust",NA,NA,NA,NA,NA,NA,NA,NA,NA,NA,0,0,0.022,0.0326172,0,0,0,0,0,NA,0,NA,3.5,0.44478,43.5,2.9652,0.195,0.00741300000000001,NA,NA,NA,NA,NA,NA,NA,NA,NA,NA,NA,NA,NA,NA,NA,NA,NA,NA,NA,NA,NA,NA,NA,NA,NA,NA
"348","Isaiah Likely","BAL","TE","15798","robust",NA,NA,NA,NA,NA,NA,NA,NA,NA,NA,0,0,0.025,0.044478,0,0,0,0,0,NA,0,NA,3.2,0.726474,35.2,9.799986,0.2,0,NA,NA,NA,NA,NA,NA,NA,NA,NA,NA,NA,NA,NA,NA,NA,NA,NA,NA,NA,NA,NA,NA,NA,NA,NA,NA
"349","Brevin Jordan","HOU","TE","15330","robust",NA,NA,NA,NA,NA,NA,NA,NA,NA,NA,0,0,0.011,0,0,0,0.0125,0.037065,0,NA,0,NA,2.615,0.474432,29.775,5.70801,0.2,0,NA,NA,NA,NA,NA,NA,NA,NA,NA,NA,NA,NA,NA,NA,NA,NA,NA,NA,NA,NA,NA,NA,NA,NA,NA,NA
"350","Pat Freiermuth","PIT","TE","15331","robust",NA,NA,NA,NA,NA,NA,NA,NA,NA,NA,0,0,0.004,0.0059304,0,0,0,0,0,NA,0,NA,3.3,0.0889560000000001,35,1.4826,0.2,0.029652,NA,NA,NA,NA,NA,NA,NA,NA,NA,NA,NA,NA,NA,NA,NA,NA,NA,NA,NA,NA,NA,NA,NA,NA,NA,NA
"351","Gerald Everett","LAC","TE","13236","robust",NA,NA,NA,NA,NA,NA,NA,NA,NA,NA,0,0,0.037,0.0548562,0.001,0.0014826,0,0,0,NA,0,NA,3.15,0.0222389999999999,31.6,2.246139,0.2025,0.022239,NA,NA,NA,NA,NA,NA,NA,NA,NA,NA,NA,NA,NA,NA,NA,NA,NA,NA,NA,NA,NA,NA,NA,NA,NA,NA
"352","Jonnu Smith","ATL","TE","13193","robust",NA,NA,NA,NA,NA,NA,NA,NA,NA,NA,0,0,0.136,0.2016336,0,0,0.05,0.037065,0,NA,0,NA,2.5075,0.555975,29.6675,5.663532,0.175,0,NA,NA,NA,NA,NA,NA,NA,NA,NA,NA,NA,NA,NA,NA,NA,NA,NA,NA,NA,NA,NA,NA,NA,NA,NA,NA
"353","Michael Mayer","LVR","TE","16212","robust",NA,NA,NA,NA,NA,NA,NA,NA,NA,NA,0,0,0.004,0.0059304,0,0,0,0,0,NA,0,NA,2.825,0.259455,29.32,1.200906,0.11,0.029652,NA,NA,NA,NA,NA,NA,NA,NA,NA,NA,NA,NA,NA,NA,NA,NA,NA,NA,NA,NA,NA,NA,NA,NA,NA,NA
"354","Chigoziem Okonkwo","TEN","TE","15889","robust",NA,NA,NA,NA,NA,NA,NA,NA,NA,NA,0.0833333333333333,0,0.558,0.392889,0.001875,0.00185325,0,0,0,NA,0,NA,3.015,0.126021,34,3.276546,0.115,0.044478,NA,NA,NA,NA,NA,NA,NA,NA,NA,NA,NA,NA,NA,NA,NA,NA,NA,NA,NA,NA,NA,NA,NA,NA,NA,NA
"355","Hunter Henry","NE","TE","12676","robust",NA,NA,NA,NA,NA,NA,NA,NA,NA,NA,0,0,0.007,0.0103782,0,0,0,0,0,NA,0,NA,2.975,0.14826,34.245,0.800603999999999,0.2,0,NA,NA,NA,NA,NA,NA,NA,NA,NA,NA,NA,NA,NA,NA,NA,NA,NA,NA,NA,NA,NA,NA,NA,NA,NA,NA
"356","Tucker Kraft","GB","TE","16222","robust",NA,NA,NA,NA,NA,NA,NA,NA,NA,NA,0,0,0.013,0,0,0,0,0,0,NA,0,NA,2.35,0.103782,25.0375,2.07564,0.18,0,NA,NA,NA,NA,NA,NA,NA,NA,NA,NA,NA,NA,NA,NA,NA,NA,NA,NA,NA,NA,NA,NA,NA,NA,NA,NA
"357","Tyler Conklin","NYJ","TE","13675","robust",NA,NA,NA,NA,NA,NA,NA,NA,NA,NA,0,0,0.09,0.014826,0,0,0,0,0,NA,0,NA,3.0325,0.133434,32.2975,2.37216,0.0975,0.088956,NA,NA,NA,NA,NA,NA,NA,NA,NA,NA,NA,NA,NA,NA,NA,NA,NA,NA,NA,NA,NA,NA,NA,NA,NA,NA
"358","Cade Otton","TB","TE","15802","robust",NA,NA,NA,NA,NA,NA,NA,NA,NA,NA,0,0,0.007,0.0103782,0,0,0.05,0.037065,0,NA,0,NA,2.995,0.281694000000001,29.02,3.85476,0.15,0.066717,NA,NA,NA,NA,NA,NA,NA,NA,NA,NA,NA,NA,NA,NA,NA,NA,NA,NA,NA,NA,NA,NA,NA,NA,NA,NA
"359","Taysom Hill","NO","TE","13424","robust",NA,NA,NA,NA,NA,NA,NA,NA,NA,NA,3.98,0,31.416,1.527078,0.209,0.014826,0.05,0.037065,0,NA,0,NA,1.96178571428571,0.44478,18.6860714285714,3.18759,0.114267505242489,0,NA,NA,NA,NA,NA,NA,NA,NA,NA,NA,NA,NA,NA,NA,NA,NA,NA,NA,NA,NA,NA,NA,"Q","Foot",2023,14
"360","Kylen Granson","IND","TE","15419","robust",NA,NA,NA,NA,NA,NA,NA,NA,NA,NA,0,0,0.046,0.0681996,0,0,0,0,0,NA,0,NA,1.7625,0.29652,18.525,1.40847,0.0625,0.037065,NA,NA,NA,NA,NA,NA,NA,NA,NA,NA,NA,NA,NA,NA,NA,NA,NA,NA,NA,NA,NA,NA,NA,NA,NA,NA
"361","Juwan Johnson","NO","TE","14861","robust",NA,NA,NA,NA,NA,NA,NA,NA,NA,NA,0,0,0.307,0.4551582,0.01875,0.0185325,0,0,0,NA,0,NA,2.37,0.44478,25.04,3.85476,0.1875,0.029652,NA,NA,NA,NA,NA,NA,NA,NA,NA,NA,NA,NA,NA,NA,NA,NA,NA,NA,NA,NA,NA,NA,"Q","Quadriceps",2023,14
"362","Daniel Bellinger","NYG","TE","15873","robust",NA,NA,NA,NA,NA,NA,NA,NA,NA,NA,0,0,0.034,0.0504084,0,0,0,0,0,NA,0,NA,2.2,0.874734,21.9,5.78214,0.1,0,NA,NA,NA,NA,NA,NA,NA,NA,NA,NA,NA,NA,NA,NA,NA,NA,NA,NA,NA,NA,NA,NA,"Q","Illness",2023,14
"363","Tanner Hudson","CIN","TE","14370","robust",NA,NA,NA,NA,NA,NA,NA,NA,NA,NA,0,0,0.004,0,0,0,0,0,0,NA,0,NA,2.505,0.355824,25.76,0.296519999999999,0.15,0.07413,NA,NA,NA,NA,NA,NA,NA,NA,NA,NA,NA,NA,NA,NA,NA,NA,NA,NA,NA,NA,NA,NA,NA,NA,NA,NA
"364","Noah Fant","SEA","TE","14137","robust",NA,NA,NA,NA,NA,NA,NA,NA,NA,NA,0,0,0.012,0.0177912,0,0,0,0,0,NA,0,NA,2.1,0.14826,22.6,2.735397,0.1,0.022239,NA,NA,NA,NA,NA,NA,NA,NA,NA,NA,NA,NA,NA,NA,NA,NA,NA,NA,NA,NA,NA,NA,NA,NA,NA,NA
"365","Dawson Knox","BUF","TE","14143","robust",NA,NA,NA,NA,NA,NA,NA,NA,NA,NA,0,0,0.007,0.0103782,0,0,0.01875,0.0185325,0,NA,0,NA,1.905,0.163086,20.05,3.291372,0.11,0.044478,NA,NA,NA,NA,NA,NA,NA,NA,NA,NA,NA,NA,NA,NA,NA,NA,NA,NA,NA,NA,NA,NA,NA,"Wrist",2023,14
"366","Tyler Higbee","LAR","TE","12678","robust",NA,NA,NA,NA,NA,NA,NA,NA,NA,NA,0,0,0,0,0,0,0,0,0,NA,0,NA,1.91,0.904386,17.52,8.925252,0.108598438324165,0,NA,NA,NA,NA,NA,NA,NA,NA,NA,NA,NA,NA,NA,NA,NA,NA,NA,NA,NA,NA,NA,NA,"D","Neck",2023,14
"367","Mo Alie-Cox","IND","TE","13246","robust",NA,NA,NA,NA,NA,NA,NA,NA,NA,NA,0,0,0,0,0,0,0,0,0,NA,0,NA,1,0.7413,13.7,3.92889,0.05,0.044478,NA,NA,NA,NA,NA,NA,NA,NA,NA,NA,NA,NA,NA,NA,NA,NA,NA,NA,NA,NA,NA,NA,NA,NA,NA,NA
"368","Andrew Ogletree","IND","TE","15916","robust",NA,NA,NA,NA,NA,NA,NA,NA,NA,NA,0,0,0.0333333333333333,0.02471,0,0,0,0,0,NA,0,NA,1.13,0.229803,12.52,2.083053,0.085,0.00741300000000001,NA,NA,NA,NA,NA,NA,NA,NA,NA,NA,NA,NA,NA,NA,NA,NA,NA,NA,NA,NA,NA,NA,NA,NA,NA,NA
"369","Mike Gesicki","NE","TE","13672","robust",NA,NA,NA,NA,NA,NA,NA,NA,NA,NA,0,0,0.005,0.014826,0,0,0,0,0,NA,0,NA,1.245,0.103782,13.7325,0.919211999999999,0.1,0,NA,NA,NA,NA,NA,NA,NA,NA,NA,NA,NA,NA,NA,NA,NA,NA,NA,NA,NA,NA,NA,NA,NA,NA,NA,NA
"370","Jeremy Ruckert","NYJ","TE","15796","robust",NA,NA,NA,NA,NA,NA,NA,NA,NA,NA,0,0,0.005,0.014826,0,0,0,0,0,NA,0,NA,1.4,0.207564,13.99,2.179422,0.0575,0.029652,NA,NA,NA,NA,NA,NA,NA,NA,NA,NA,NA,NA,NA,NA,NA,NA,NA,NA,NA,NA,NA,NA,NA,NA,NA,NA
"371","Donald Parham","LAC","TE","14341","robust",NA,NA,NA,NA,NA,NA,NA,NA,NA,NA,0,0,0.002,0.0029652,0,0,0,0,0,NA,0,NA,1.635,0.192738,16.705,0.896972999999998,0.115,0.022239,NA,NA,NA,NA,NA,NA,NA,NA,NA,NA,NA,NA,NA,NA,NA,NA,NA,NA,NA,NA,NA,NA,NA,NA,NA,NA
"372","Tommy Tremble","CAR","TE","15332","robust",NA,NA,NA,NA,NA,NA,NA,NA,NA,NA,0,0,0.07,0.207564,0,0,0,0,0,NA,0,NA,1.745,0.0741300000000001,15.605,1.423296,0.12,0.059304,NA,NA,NA,NA,NA,NA,NA,NA,NA,NA,NA,NA,NA,NA,NA,NA,NA,NA,NA,NA,NA,NA,"Q","Hip",2023,14
"373","Noah Gray","KC","TE","15337","robust",NA,NA,NA,NA,NA,NA,NA,NA,NA,NA,0,0,0.11375,0.0407715,0,0,0,0,0,NA,0,NA,1.475,0.59304,15.6,5.426316,0.1,0,NA,NA,NA,NA,NA,NA,NA,NA,NA,NA,NA,NA,NA,NA,NA,NA,NA,NA,NA,NA,NA,NA,NA,NA,NA,NA
"374","Durham Smythe","MIA","TE","13676","robust",NA,NA,NA,NA,NA,NA,NA,NA,NA,NA,0,0,0.013,0.0192738,0,0,0.01875,0.0185325,0,NA,0,NA,1.22,0.326172,12.63,2.9652,0.085,0,NA,NA,NA,NA,NA,NA,NA,NA,NA,NA,NA,NA,NA,NA,NA,NA,NA,NA,NA,NA,NA,NA,"Q","Ankle",2023,14
"375","Adam Trautman","DEN","TE","14870","robust",NA,NA,NA,NA,NA,NA,NA,NA,NA,NA,0,0,0.006,0.0088956,0,0,0,0,0,NA,0,NA,1.535,0.22239,15.2,0.444780000000001,0.1,0,NA,NA,NA,NA,NA,NA,NA,NA,NA,NA,NA,NA,NA,NA,NA,NA,NA,NA,NA,NA,NA,NA,NA,NA,NA,NA
"376","Jack Stoll","PHI","TE","15541","robust",NA,NA,NA,NA,NA,NA,NA,NA,NA,NA,NA,NA,0,0,0,0,0,0,NA,NA,NA,NA,1.35,1.70499,9.1,11.71254,0.05,0.07413,NA,NA,NA,NA,NA,NA,NA,NA,NA,NA,NA,NA,NA,NA,NA,NA,NA,NA,NA,NA,NA,NA,NA,NA,NA,NA
"377","Irv Smith Jr.","CIN","TE","14141","robust",NA,NA,NA,NA,NA,NA,NA,NA,NA,NA,0,0,0.004,0.0059304,0,0,0.05,0.037065,0,NA,0,NA,1.0025,0.29652,9.08,2.2239,0.05,0.059304,NA,NA,NA,NA,NA,NA,NA,NA,NA,NA,NA,NA,NA,NA,NA,NA,NA,NA,NA,NA,NA,NA,NA,NA,NA,NA
"378","Will Mallory","IND","TE","16220","robust",NA,NA,NA,NA,NA,NA,NA,NA,NA,NA,0,0,0.00875,0.01297275,0,0,0,0,0,NA,0,NA,1.2,0.0667170000000001,12.49,0.133434,0.09,0.014826,NA,NA,NA,NA,NA,NA,NA,NA,NA,NA,NA,NA,NA,NA,NA,NA,NA,NA,NA,NA,NA,NA,NA,NA,NA,NA
"379","Charlie Kolar","BAL","TE","15795","robust",NA,NA,NA,NA,NA,NA,NA,NA,NA,NA,0,0,0.0433333333333333,0.019768,0,0,0,0,0,NA,0,NA,0.72,0.14826,7.58,1.289862,0.04,0.059304,NA,NA,NA,NA,NA,NA,NA,NA,NA,NA,NA,NA,NA,NA,NA,NA,NA,NA,NA,NA,NA,NA,NA,NA,NA,NA
"380","Stephen Sullivan","CAR","TE","15026","robust",NA,NA,NA,NA,NA,NA,NA,NA,NA,NA,0,0,0.005,0.007413,0,0,0,0,0,NA,0,NA,1.17,0.22239,11.9,0.133434,0.05,0.037065,NA,NA,NA,NA,NA,NA,NA,NA,NA,NA,NA,NA,NA,NA,NA,NA,NA,NA,NA,NA,NA,NA,"Q","Shoulder",2023,14
"381","Ian Thomas","CAR","TE","13678","robust",NA,NA,NA,NA,NA,NA,NA,NA,NA,NA,0,0,0,0,0,0,0,0,0,NA,0,NA,1.06,0.385476,10.15,3.11346,0.05,0.07413,NA,NA,NA,NA,NA,NA,NA,NA,NA,NA,NA,NA,NA,NA,NA,NA,NA,NA,NA,NA,NA,NA,NA,NA,NA,NA
"382","Will Dissly","SEA","TE","13763","robust",NA,NA,NA,NA,NA,NA,NA,NA,NA,NA,0,0,0.01,0,0,0,0,0,0,NA,0,NA,1.17,0.118608,11.5,0.444780000000001,0.085,0,NA,NA,NA,NA,NA,NA,NA,NA,NA,NA,NA,NA,NA,NA,NA,NA,NA,NA,NA,NA,NA,NA,NA,NA,NA,NA
"383","Austin Hooper","LVR","TE","12677","robust",NA,NA,NA,NA,NA,NA,NA,NA,NA,NA,0,0,0.00375,0.0111195,0,0,0,0,0,NA,0,NA,1.2,0.192738,11.7,1.4826,0.0675,0.014826,NA,NA,NA,NA,NA,NA,NA,NA,NA,NA,NA,NA,NA,NA,NA,NA,NA,NA,NA,NA,NA,NA,NA,NA,NA,NA
"384","Hunter Long","LAR","TE","15334","robust",NA,NA,NA,NA,NA,NA,NA,NA,NA,NA,0,0,0.0175,0.0259455,0,0,0,0,0,NA,0,NA,1.015,0.126021,11.54,1.85325,0.05,0.014826,NA,NA,NA,NA,NA,NA,NA,NA,NA,NA,NA,NA,NA,NA,NA,NA,NA,NA,NA,NA,NA,NA,NA,NA,NA,NA
"385","Robert Tonyan","CHI","TE","13427","robust",NA,NA,NA,NA,NA,NA,NA,NA,NA,NA,0,0,0.005,0.014826,0,0,0,0,0,NA,0,NA,1,0.14826,8.8225,0.459606000000001,0.0675,0.014826,NA,NA,NA,NA,NA,NA,NA,NA,NA,NA,NA,NA,NA,NA,NA,NA,NA,NA,NA,NA,NA,NA,NA,NA,NA,NA
"386","Harrison Bryant","CLE","TE","14875","robust",NA,NA,NA,NA,NA,NA,NA,NA,NA,NA,0.333333333333333,0,1.3015,0.8865948,0.001,0,0.011,0.014826,0,NA,0,NA,1.25,0.14826,11.8475,0.889559999999999,0.105,0.059304,NA,NA,NA,NA,NA,NA,NA,NA,NA,NA,NA,NA,NA,NA,NA,NA,NA,NA,NA,NA,NA,NA,NA,NA,NA,NA
"387","Connor Heyward","PIT","TE","15800","robust",NA,NA,NA,NA,NA,NA,NA,NA,NA,NA,0,0,0.09875,0.2928135,0,0,0,0,0,NA,0,NA,1.1,0.266868,10.9725,0.444780000000001,0.0625,0.044478,NA,NA,NA,NA,NA,NA,NA,NA,NA,NA,NA,NA,NA,NA,NA,NA,NA,NA,NA,NA,NA,NA,NA,NA,NA,NA
"388","Brock Wright","DET","TE","15626","robust",NA,NA,NA,NA,NA,NA,NA,NA,NA,NA,0,0,0.00375,0.00555975,0,0,0,0,0,NA,0,NA,0.8,0.088956,7,0.252042,0.1,0.037065,NA,NA,NA,NA,NA,NA,NA,NA,NA,NA,NA,NA,NA,NA,NA,NA,NA,NA,NA,NA,NA,NA,NA,NA,NA,NA
"389","Luke Farrell","JAC","TE","15335","robust",NA,NA,NA,NA,NA,NA,NA,NA,NA,NA,0,0,0.005,0,0,0,0,0,0,NA,0,NA,1.085,0,9.9,1.423296,0.065,0.014826,NA,NA,NA,NA,NA,NA,NA,NA,NA,NA,NA,NA,NA,NA,NA,NA,NA,NA,NA,NA,NA,NA,NA,NA,NA,NA
"390","Colby Parkinson","SEA","TE","14871","robust",NA,NA,NA,NA,NA,NA,NA,NA,NA,NA,0,0,0.0133333333333333,0.019768,0,0,0,0,0,NA,0,NA,0.72,0.400302,6.05,1.957032,0.005,0,NA,NA,NA,NA,NA,NA,NA,NA,NA,NA,NA,NA,NA,NA,NA,NA,NA,NA,NA,NA,NA,NA,NA,NA,NA,NA
"391","Drew Sample","CIN","TE","14146","robust",NA,NA,NA,NA,NA,NA,NA,NA,NA,NA,0,0,0.0075,0.0111195,0,0,0,0,0,NA,0,NA,1.1,0.29652,8.715,2.097879,0.12,0.044478,NA,NA,NA,NA,NA,NA,NA,NA,NA,NA,NA,NA,NA,NA,NA,NA,NA,NA,NA,NA,NA,NA,NA,NA,NA,NA
"392","Josh Oliver","MIN","TE","14209","robust",NA,NA,NA,NA,NA,NA,NA,NA,NA,NA,0,0,0.01,0.007413,0,0,0.0666666666666667,0.02471,0,NA,0,NA,0.95,0.37065,6.89,2.89107,0.05,0.044478,NA,NA,NA,NA,NA,NA,NA,NA,NA,NA,NA,NA,NA,NA,NA,NA,NA,NA,NA,NA,NA,NA,NA,NA,NA,NA
"393","Foster Moreau","NO","TE","14239","robust",NA,NA,NA,NA,NA,NA,NA,NA,NA,NA,0,0,0.28125,0.37991625,0,0,0,0,0,NA,0,NA,0.84,0.022239,9.58,0.926624999999999,0.08,0.022239,NA,NA,NA,NA,NA,NA,NA,NA,NA,NA,NA,NA,NA,NA,NA,NA,NA,NA,NA,NA,NA,NA,NA,NA,NA,NA
"394","Pharaoh Brown","NE","TE","13994","robust",NA,NA,NA,NA,NA,NA,NA,NA,NA,NA,0,0,0.0233333333333333,0.017297,0,0,0,0,0,NA,0,NA,0.49,0.37065,6.975,3.85476,0.02,0,NA,NA,NA,NA,NA,NA,NA,NA,NA,NA,NA,NA,NA,NA,NA,NA,NA,NA,NA,NA,NA,NA,NA,NA,NA,NA
"395","Josiah Deguara","GB","TE","14876","robust",NA,NA,NA,NA,NA,NA,NA,NA,NA,NA,0,NA,0,0,0,0,0,0,0,NA,0,NA,1.025,0.29652,8.5,3.63237,0.05,0.07413,NA,NA,NA,NA,NA,NA,NA,NA,NA,NA,NA,NA,NA,NA,NA,NA,NA,NA,NA,NA,NA,NA,NA,NA,NA,NA
"396","Andrew Beck","HOU","TE","14319","robust",NA,NA,NA,NA,NA,NA,NA,NA,NA,NA,0,0,1.075,0.7968975,0,0,0.05,0.04942,0,NA,0,NA,1.1,0.00741300000000001,10.4875,0.0741299999999997,0.1,0,NA,NA,NA,NA,NA,NA,NA,NA,NA,NA,NA,NA,NA,NA,NA,NA,NA,NA,NA,NA,NA,NA,NA,NA,NA,NA
"397","MyCole Pruitt","ATL","TE","12309","robust",NA,NA,NA,NA,NA,NA,NA,NA,NA,NA,0,0,0,0,0,0,0,0,0,NA,0,NA,0.5,0.252042,5.6,0.7413,0.1,0.044478,NA,NA,NA,NA,NA,NA,NA,NA,NA,NA,NA,NA,NA,NA,NA,NA,NA,NA,NA,NA,NA,NA,NA,NA,NA,NA
"398","Trevon Wesco","TEN","TE","14231","robust",NA,NA,NA,NA,NA,NA,NA,NA,NA,NA,0,0,-0.05,0.07413,0,0,0,0,0,NA,0,NA,0.51,0.326172,5.44,3.083808,0.005,0,NA,NA,NA,NA,NA,NA,NA,NA,NA,NA,NA,NA,NA,NA,NA,NA,NA,NA,NA,NA,NA,NA,NA,NA,NA,NA
"399","Stone Smartt","LAC","TE","16113","robust",NA,NA,NA,NA,NA,NA,NA,NA,NA,NA,0,0,0.0025,0.0037065,0,0,0,0,0,NA,0,NA,0.7,0.177912,8.025,2.401812,0.07,0.022239,NA,NA,NA,NA,NA,NA,NA,NA,NA,NA,NA,NA,NA,NA,NA,NA,NA,NA,NA,NA,NA,NA,NA,NA,NA,NA
"400","Jordan Akins","CLE","TE","13753","robust",NA,NA,NA,NA,NA,NA,NA,NA,NA,NA,0,0,0.005,0,0,0,0.0333333333333333,0.04942,0,NA,0,NA,0.79,0.281694,8.195,1.18608,0.04,0.059304,NA,NA,NA,NA,NA,NA,NA,NA,NA,NA,NA,NA,NA,NA,NA,NA,NA,NA,NA,NA,NA,NA,NA,NA,NA,NA
"401","James Mitchell","DET","TE","15909","robust",NA,NA,NA,NA,NA,NA,NA,NA,NA,NA,0,NA,0,0,0,0,0,0,0,NA,0,NA,0.625,0.44478,6.225,4.4478,0.075,0,NA,NA,NA,NA,NA,NA,NA,NA,NA,NA,NA,NA,NA,NA,NA,NA,NA,NA,NA,NA,NA,NA,NA,NA,NA,NA
"402","Mitchell Wilcox","CIN","TE","15563","robust",NA,NA,NA,NA,NA,NA,NA,NA,NA,NA,0,0,0,0,0,0,0,0,0,NA,0,NA,0.69,0.059304,5.56,0.0889559999999994,0.0075,0,NA,NA,NA,NA,NA,NA,NA,NA,NA,NA,NA,NA,NA,NA,NA,NA,NA,NA,NA,NA,NA,NA,NA,NA,NA,NA
"403","Johnny Mundt","MIN","TE","13940","robust",NA,NA,NA,NA,NA,NA,NA,NA,NA,NA,0,0,0,0,0,0,0,0,0,NA,0,NA,0.46,0.088956,4.0625,0.51891,0.0025,0,NA,NA,NA,NA,NA,NA,NA,NA,NA,NA,NA,NA,NA,NA,NA,NA,NA,NA,NA,NA,NA,NA,NA,NA,NA,NA
"404","Nick Vannett","LAC","TE","12680","robust",NA,NA,NA,NA,NA,NA,NA,NA,NA,NA,0,NA,0,0,0,0,0,0,0,NA,0,NA,0.325,0.14826,3.65,1.77912,0.025,0,NA,NA,NA,NA,NA,NA,NA,NA,NA,NA,NA,NA,NA,NA,NA,NA,NA,NA,NA,NA,NA,NA,NA,NA,NA,NA
"405","Josh Whyle","TEN","TE","16312","robust",NA,NA,NA,NA,NA,NA,NA,NA,NA,NA,0,0,0,0,0,0,0,0,0,NA,0,NA,0.75,0.192738,7.25,2.283204,0.065,0,NA,NA,NA,NA,NA,NA,NA,NA,NA,NA,NA,NA,NA,NA,NA,NA,NA,NA,NA,NA,NA,NA,"Q","Knee",2023,14
"406","Julian Hill","MIA","TE","16425","robust",NA,NA,NA,NA,NA,NA,NA,NA,NA,NA,0,0,0,0,0,0,0.025,0.02471,0,NA,0,NA,0.575,0.0963690000000001,4.8975,0.44478,0.03,0.029652,NA,NA,NA,NA,NA,NA,NA,NA,NA,NA,NA,NA,NA,NA,NA,NA,NA,NA,NA,NA,NA,NA,NA,NA,NA,NA
"407","Ben Sims","GB","TE","16483","robust",NA,NA,NA,NA,NA,NA,NA,NA,NA,NA,0,0,0,0,0,0,0,0,0,NA,0,NA,0.6,0.07413,5.075,0.22239,0.07,0.029652,NA,NA,NA,NA,NA,NA,NA,NA,NA,NA,NA,NA,NA,NA,NA,NA,NA,NA,NA,NA,NA,NA,NA,NA,NA,NA
"408","Luke Schoonmaker","DAL","TE","16221","robust",NA,NA,NA,NA,NA,NA,NA,NA,NA,NA,0,0,0.01,0.014826,0,0,0,0,0,NA,0,NA,0.795,0.133434,6.795,1.18608,0.09,0,NA,NA,NA,NA,NA,NA,NA,NA,NA,NA,NA,NA,NA,NA,NA,NA,NA,NA,NA,NA,NA,NA,NA,NA,NA,NA
"409","Eric Saubert","HOU","TE","13315","robust",NA,NA,NA,NA,NA,NA,NA,NA,NA,NA,0,0,0,0,0,0,0,0,0,NA,0,NA,0.7,0.14826,6.65,1.289862,0.05,0.07413,NA,NA,NA,NA,NA,NA,NA,NA,NA,NA,NA,NA,NA,NA,NA,NA,NA,NA,NA,NA,NA,NA,NA,NA,NA,NA
"410","Jimmy Graham","NO","TE","9925","robust",NA,NA,NA,NA,NA,NA,NA,NA,NA,NA,0,0,0,0,0,0,0,0,0,NA,0,NA,0.6925,0.00741300000000001,7.2,0.111195,0.1,0.022239,NA,NA,NA,NA,NA,NA,NA,NA,NA,NA,NA,NA,NA,NA,NA,NA,NA,NA,NA,NA,NA,NA,NA,NA,NA,NA
"411","Quintin Morris","BUF","TE","15341","robust",NA,NA,NA,NA,NA,NA,NA,NA,NA,NA,0,NA,0,0,0,0,0,0,0,NA,0,NA,0.325,0,2.375,0.7413,0.025,0,NA,NA,NA,NA,NA,NA,NA,NA,NA,NA,NA,NA,NA,NA,NA,NA,NA,NA,NA,NA,NA,NA,NA,NA,NA,NA
"412","Peyton Hendershot","DAL","TE","16000","robust",NA,NA,NA,NA,NA,NA,NA,NA,NA,NA,0,0,0.05,0.037065,0,0,0,0,0,NA,0,NA,0.7,0,6.8,0.14826,0.1,0,NA,NA,NA,NA,NA,NA,NA,NA,NA,NA,NA,NA,NA,NA,NA,NA,NA,NA,NA,NA,NA,NA,NA,NA,NA,NA
"413","Ko Kieft","TB","TE","15929","robust",NA,NA,NA,NA,NA,NA,NA,NA,NA,NA,NA,NA,0,0,0,0,0,0,NA,NA,NA,NA,0.5,0.59304,3.8,4.74432,0,0,NA,NA,NA,NA,NA,NA,NA,NA,NA,NA,NA,NA,NA,NA,NA,NA,NA,NA,NA,NA,NA,NA,NA,NA,NA,NA
"414","Charlie Woerner","SF","TE","14984","robust",NA,NA,NA,NA,NA,NA,NA,NA,NA,NA,0,0,0,0,0,0,0,0,0,NA,0,NA,0.28,0.014826,3.175,1.55673,0.005,0,NA,NA,NA,NA,NA,NA,NA,NA,NA,NA,NA,NA,NA,NA,NA,NA,NA,NA,NA,NA,NA,NA,NA,NA,NA,NA
"415","Brayden Willis","SF","TE","16367","robust",NA,NA,NA,NA,NA,NA,NA,NA,NA,NA,NA,NA,NA,NA,NA,NA,0,0,NA,NA,NA,NA,0.35,0.37065,3.95,4.37367,0.05,0.07413,NA,NA,NA,NA,NA,NA,NA,NA,NA,NA,NA,NA,NA,NA,NA,NA,NA,NA,NA,NA,NA,NA,NA,NA,NA,NA
"416","Blake Bell","KC","TE","12213","robust",NA,NA,NA,NA,NA,NA,NA,NA,NA,NA,0,NA,0,0,0,0,0.1,0.07413,0,NA,0,NA,0.5,0.29652,3.425,1.90267,0.0133084577114428,0.01315407960199,NA,NA,NA,NA,NA,NA,NA,NA,NA,NA,NA,NA,NA,NA,NA,NA,NA,NA,NA,NA,NA,NA,NA,NA,NA,NA
"417","Lawrence Cager","NYG","TE","15041","robust",NA,NA,NA,NA,NA,NA,NA,NA,NA,NA,0,0,0.01,0.009884,0,0,0,0,0,NA,0,NA,0.6,0.029652,6.1475,0.0518910000000002,0.085,0.07413,NA,NA,NA,NA,NA,NA,NA,NA,NA,NA,NA,NA,NA,NA,NA,NA,NA,NA,NA,NA,NA,NA,NA,NA,NA,NA
"418","Albert Okwuegbunam","PHI","TE","14873","robust",NA,NA,NA,NA,NA,NA,NA,NA,NA,NA,0,0,0,0,0,0,0,0,0,NA,0,NA,0.29,0.192738,2.84,1.527078,0.03,0.014826,NA,NA,NA,NA,NA,NA,NA,NA,NA,NA,NA,NA,NA,NA,NA,NA,NA,NA,NA,NA,NA,NA,NA,NA,NA,NA
"419","Darnell Washington","PIT","TE","16216","robust",NA,NA,NA,NA,NA,NA,NA,NA,NA,NA,0,0,0,0,0,0,0,0,0,NA,0,NA,0.2,0.14826,2.3,0.392889,0,0,NA,NA,NA,NA,NA,NA,NA,NA,NA,NA,NA,NA,NA,NA,NA,NA,NA,NA,NA,NA,NA,NA,NA,NA,NA,NA
"420","Brycen Hopkins","LAR","TE","14868","robust",NA,NA,NA,NA,NA,NA,NA,NA,NA,NA,NA,NA,0,0,0,0,0,0,NA,NA,NA,NA,0.45,0.07413,5.65,0.51891,0,0,NA,NA,NA,NA,NA,NA,NA,NA,NA,NA,NA,NA,NA,NA,NA,NA,NA,NA,NA,NA,NA,NA,NA,NA,NA,NA
"421","Payne Durham","TB","TE","16218","robust",NA,NA,NA,NA,NA,NA,NA,NA,NA,NA,0,NA,0.03,0.044478,0,0,0,0,0,NA,0,NA,0.475,0.14826,4.755,1.245384,0.05,0.07413,NA,NA,NA,NA,NA,NA,NA,NA,NA,NA,NA,NA,NA,NA,NA,NA,NA,NA,NA,NA,NA,NA,NA,NA,NA,NA
"422","Marcedes Lewis","CHI","TE","8269","robust",NA,NA,NA,NA,NA,NA,NA,NA,NA,NA,0,0,0,0,0,0,0,0,0,NA,0,NA,0.2675,0.044478,2.665,0.0593039999999997,0.03,0.014826,NA,NA,NA,NA,NA,NA,NA,NA,NA,NA,NA,NA,NA,NA,NA,NA,NA,NA,NA,NA,NA,NA,NA,NA,NA,NA
"423","Kenny Yeboah","NYJ","TE","15339","robust",NA,NA,NA,NA,NA,NA,NA,NA,NA,NA,NA,NA,0,0,0,0,0,0,NA,NA,NA,NA,0.3,0.29652,3,2.9652,0,0,NA,NA,NA,NA,NA,NA,NA,NA,NA,NA,NA,NA,NA,NA,NA,NA,NA,NA,NA,NA,NA,NA,NA,NA,NA,NA
"424","Chris Manhertz","DEN","TE","12955","robust",NA,NA,NA,NA,NA,NA,NA,NA,NA,NA,NA,NA,0,0,0,0,0,0,NA,NA,NA,NA,0.3,0.14826,2.8,0.29652,0,0,NA,NA,NA,NA,NA,NA,NA,NA,NA,NA,NA,NA,NA,NA,NA,NA,NA,NA,NA,NA,NA,NA,NA,NA,NA,NA
"425","Nate Adkins","DEN","TE","16474","robust",NA,NA,NA,NA,NA,NA,NA,NA,NA,NA,NA,NA,0,0,0,0,0,0,NA,NA,NA,NA,0.2,0,1,0,0,0,NA,NA,NA,NA,NA,NA,NA,NA,NA,NA,NA,NA,NA,NA,NA,NA,NA,NA,NA,NA,NA,NA,NA,NA,NA,NA
"426","Jesper Horsted","LVR","TE","14752","robust",NA,NA,NA,NA,NA,NA,NA,NA,NA,NA,NA,NA,0,0,0,0,0,0,NA,NA,NA,NA,0.15,0.07413,0.9,0.14826,0,0,NA,NA,NA,NA,NA,NA,NA,NA,NA,NA,NA,NA,NA,NA,NA,NA,NA,NA,NA,NA,NA,NA,NA,NA,NA,NA
"427","Titans","TEN","DST","0508","robust",NA,NA,NA,NA,NA,NA,NA,NA,NA,NA,NA,NA,NA,NA,NA,NA,NA,NA,NA,NA,NA,NA,NA,NA,NA,NA,NA,NA,0.76,0.0741300000000001,2.1,0.0889560000000001,0.00666666666666667,0.004942,0.08,0.051891,0,NA,NA,NA,NA,NA,NA,NA,NA,NA,NA,NA,NA,NA,NA,NA,NA,NA
"428","Seahawks","SEA","DST","0515","robust",NA,NA,NA,NA,NA,NA,NA,NA,NA,NA,NA,NA,NA,NA,NA,NA,NA,NA,NA,NA,NA,NA,NA,NA,NA,NA,NA,NA,0.63,0.051891,2.3,0.214977,0.01,0.007413,0.105,0.029652,0,NA,NA,NA,NA,NA,NA,NA,NA,NA,NA,NA,NA,NA,NA,NA,NA,NA
"429","Eagles","PHI","DST","0518","robust",NA,NA,NA,NA,NA,NA,NA,NA,NA,NA,NA,NA,NA,NA,NA,NA,NA,NA,NA,NA,NA,NA,NA,NA,NA,NA,NA,NA,0.8,0.140847,2.76,0.318759,0.0433333333333333,0.009884,0.1,0.081543,0,NA,NA,NA,NA,NA,NA,NA,NA,NA,NA,NA,NA,NA,NA,NA,NA,NA
"430","Panthers","CAR","DST","0527","robust",NA,NA,NA,NA,NA,NA,NA,NA,NA,NA,NA,NA,NA,NA,NA,NA,NA,NA,NA,NA,NA,NA,NA,NA,NA,NA,NA,NA,0.855,0.14826,2.09,0.14826,0.00666666666666667,0.004942,0.15,0.066717,0,NA,NA,NA,NA,NA,NA,NA,NA,NA,NA,NA,NA,NA,NA,NA,NA,NA
"431","Bears","CHI","DST","0521","robust",NA,NA,NA,NA,NA,NA,NA,NA,NA,NA,NA,NA,NA,NA,NA,NA,NA,NA,NA,NA,NA,NA,NA,NA,NA,NA,NA,NA,0.8,0.163086,1.7,0.229803,0.01,0.007413,0.15,0.059304,0,NA,NA,NA,NA,NA,NA,NA,NA,NA,NA,NA,NA,NA,NA,NA,NA,NA
"432","Broncos","DEN","DST","0511","robust",NA,NA,NA,NA,NA,NA,NA,NA,NA,NA,NA,NA,NA,NA,NA,NA,NA,NA,NA,NA,NA,NA,NA,NA,NA,NA,NA,NA,0.7,0.140847,2.16,0.0667170000000002,0.04,0.014826,0.125,0.044478,0,NA,NA,NA,NA,NA,NA,NA,NA,NA,NA,NA,NA,NA,NA,NA,NA,NA
"433","Giants","NYG","DST","0517","robust",NA,NA,NA,NA,NA,NA,NA,NA,NA,NA,NA,NA,NA,NA,NA,NA,NA,NA,NA,NA,NA,NA,NA,NA,NA,NA,NA,NA,0.89,0.140847,1.96,0.222390000000001,0.01,0.007413,0.15,0.066717,0,NA,NA,NA,NA,NA,NA,NA,NA,NA,NA,NA,NA,NA,NA,NA,NA,NA
"434","Rams","LAR","DST","0528","robust",NA,NA,NA,NA,NA,NA,NA,NA,NA,NA,NA,NA,NA,NA,NA,NA,NA,NA,NA,NA,NA,NA,NA,NA,NA,NA,NA,NA,0.67,0.140847,2.58,0.0741300000000001,0.0433333333333333,0.009884,0.1,0.081543,0,NA,NA,NA,NA,NA,NA,NA,NA,NA,NA,NA,NA,NA,NA,NA,NA,NA
"435","Colts","IND","DST","0502","robust",NA,NA,NA,NA,NA,NA,NA,NA,NA,NA,NA,NA,NA,NA,NA,NA,NA,NA,NA,NA,NA,NA,NA,NA,NA,NA,NA,NA,0.86,0.185325,3,0.237216,0.02,0.014826,0.13,0.044478,0,NA,NA,NA,NA,NA,NA,NA,NA,NA,NA,NA,NA,NA,NA,NA,NA,NA
"436","Bills","BUF","DST","0501","robust",NA,NA,NA,NA,NA,NA,NA,NA,NA,NA,NA,NA,NA,NA,NA,NA,NA,NA,NA,NA,NA,NA,NA,NA,NA,NA,NA,NA,0.725,0.0518909999999999,2.25,0.274281,0.00666666666666667,0.004942,0.12,0.037065,0,NA,NA,NA,NA,NA,NA,NA,NA,NA,NA,NA,NA,NA,NA,NA,NA,NA
"437","Jaguars","JAC","DST","0509","robust",NA,NA,NA,NA,NA,NA,NA,NA,NA,NA,NA,NA,NA,NA,NA,NA,NA,NA,NA,NA,NA,NA,NA,NA,NA,NA,NA,NA,0.95,0.0889560000000001,2.3,0.407715,0.0133333333333333,0.009884,0.175,0.00741300000000001,0,NA,NA,NA,NA,NA,NA,NA,NA,NA,NA,NA,NA,NA,NA,NA,NA,NA
"438","Cowboys","DAL","DST","0516","robust",NA,NA,NA,NA,NA,NA,NA,NA,NA,NA,NA,NA,NA,NA,NA,NA,NA,NA,NA,NA,NA,NA,NA,NA,NA,NA,NA,NA,0.9,0.14826,3.05,0.29652,0.08,0.014826,0.15,0.07413,0,NA,NA,NA,NA,NA,NA,NA,NA,NA,NA,NA,NA,NA,NA,NA,NA,NA
"439","Lions","DET","DST","0522","robust",NA,NA,NA,NA,NA,NA,NA,NA,NA,NA,NA,NA,NA,NA,NA,NA,NA,NA,NA,NA,NA,NA,NA,NA,NA,NA,NA,NA,0.87,0.081543,3.085,0.14826,0.0466666666666667,0.004942,0.15,0.051891,0,NA,NA,NA,NA,NA,NA,NA,NA,NA,NA,NA,NA,NA,NA,NA,NA,NA
"440","Chiefs","KC","DST","0512","robust",NA,NA,NA,NA,NA,NA,NA,NA,NA,NA,NA,NA,NA,NA,NA,NA,NA,NA,NA,NA,NA,NA,NA,NA,NA,NA,NA,NA,0.9,0.185325,2.4,0.29652,0.01,0.007413,0.12,0.044478,0,NA,NA,NA,NA,NA,NA,NA,NA,NA,NA,NA,NA,NA,NA,NA,NA,NA
"441","Raiders","LVR","DST","0513","robust",NA,NA,NA,NA,NA,NA,NA,NA,NA,NA,NA,NA,NA,NA,NA,NA,NA,NA,NA,NA,NA,NA,NA,NA,NA,NA,NA,NA,0.835,0.037065,2.265,0.29652,0.0466666666666667,0.004942,0.12,0.051891,0,NA,NA,NA,NA,NA,NA,NA,NA,NA,NA,NA,NA,NA,NA,NA,NA,NA
"442","Buccaneers","TB","DST","0525","robust",NA,NA,NA,NA,NA,NA,NA,NA,NA,NA,NA,NA,NA,NA,NA,NA,NA,NA,NA,NA,NA,NA,NA,NA,NA,NA,NA,NA,0.8,0.200151,3,0.0667169999999999,0.0466666666666667,0.004942,0.1,0.088956,0,NA,NA,NA,NA,NA,NA,NA,NA,NA,NA,NA,NA,NA,NA,NA,NA,NA
"443","Patriots","NE","DST","0504","robust",NA,NA,NA,NA,NA,NA,NA,NA,NA,NA,NA,NA,NA,NA,NA,NA,NA,NA,NA,NA,NA,NA,NA,NA,NA,NA,NA,NA,0.785,0.0741300000000001,2,0.14826,0.0766666666666667,0.017297,0.13,0.066717,0,NA,NA,NA,NA,NA,NA,NA,NA,NA,NA,NA,NA,NA,NA,NA,NA,NA
"444","Jets","NYJ","DST","0505","robust",NA,NA,NA,NA,NA,NA,NA,NA,NA,NA,NA,NA,NA,NA,NA,NA,NA,NA,NA,NA,NA,NA,NA,NA,NA,NA,NA,NA,0.8,0.200151,2.425,0.111195,0.0833333333333333,0.02471,0.18,0.00741300000000001,0,NA,NA,NA,NA,NA,NA,NA,NA,NA,NA,NA,NA,NA,NA,NA,NA,NA
"445","Browns","CLE","DST","0507","robust",NA,NA,NA,NA,NA,NA,NA,NA,NA,NA,NA,NA,NA,NA,NA,NA,NA,NA,NA,NA,NA,NA,NA,NA,NA,NA,NA,NA,0.855,0.07413,2.815,0.170499,0.01,0.007413,0.18,0.014826,0,NA,NA,NA,NA,NA,NA,NA,NA,NA,NA,NA,NA,NA,NA,NA,NA,NA
"446","Dolphins","MIA","DST","0503","robust",NA,NA,NA,NA,NA,NA,NA,NA,NA,NA,NA,NA,NA,NA,NA,NA,NA,NA,NA,NA,NA,NA,NA,NA,NA,NA,NA,NA,0.85,0.07413,3.11,0.22239,0.0166666666666667,0.012355,0.2,0.044478,0,NA,NA,NA,NA,NA,NA,NA,NA,NA,NA,NA,NA,NA,NA,NA,NA,NA
"447","Bengals","CIN","DST","0506","robust",NA,NA,NA,NA,NA,NA,NA,NA,NA,NA,NA,NA,NA,NA,NA,NA,NA,NA,NA,NA,NA,NA,NA,NA,NA,NA,NA,NA,0.9,0.096369,2.39,0.274281,0.01,0.007413,0.15,0.051891,0,NA,NA,NA,NA,NA,NA,NA,NA,NA,NA,NA,NA,NA,NA,NA,NA,NA
"448","Vikings","MIN","DST","0524","robust",NA,NA,NA,NA,NA,NA,NA,NA,NA,NA,NA,NA,NA,NA,NA,NA,NA,NA,NA,NA,NA,NA,NA,NA,NA,NA,NA,NA,0.9,0.14826,2.385,0.0889560000000001,0.01,0.007413,0.15,0.037065,0,NA,NA,NA,NA,NA,NA,NA,NA,NA,NA,NA,NA,NA,NA,NA,NA,NA
"449","Chargers","LAC","DST","0514","robust",NA,NA,NA,NA,NA,NA,NA,NA,NA,NA,NA,NA,NA,NA,NA,NA,NA,NA,NA,NA,NA,NA,NA,NA,NA,NA,NA,NA,0.6,0.185325,3.25,0.0889560000000001,0.0166666666666667,0.012355,0.15,0.044478,0,NA,NA,NA,NA,NA,NA,NA,NA,NA,NA,NA,NA,NA,NA,NA,NA,NA
"450","Falcons","ATL","DST","0526","robust",NA,NA,NA,NA,NA,NA,NA,NA,NA,NA,NA,NA,NA,NA,NA,NA,NA,NA,NA,NA,NA,NA,NA,NA,NA,NA,NA,NA,0.8,0.088956,2.16,0.14826,0.05,0,0.15,0.044478,0,NA,NA,NA,NA,NA,NA,NA,NA,NA,NA,NA,NA,NA,NA,NA,NA,NA
"451","Saints","NO","DST","0529","robust",NA,NA,NA,NA,NA,NA,NA,NA,NA,NA,NA,NA,NA,NA,NA,NA,NA,NA,NA,NA,NA,NA,NA,NA,NA,NA,NA,NA,1.045,0.22239,2.725,0.555975,0.02,0.014826,0.185,0.014826,0,NA,NA,NA,NA,NA,NA,NA,NA,NA,NA,NA,NA,NA,NA,NA,NA,NA
"452","Texans","HOU","DST","0532","robust",NA,NA,NA,NA,NA,NA,NA,NA,NA,NA,NA,NA,NA,NA,NA,NA,NA,NA,NA,NA,NA,NA,NA,NA,NA,NA,NA,NA,1,0.126021,3.325,0.407715,0.0433333333333333,0.009884,0.15,0.051891,0,NA,NA,NA,NA,NA,NA,NA,NA,NA,NA,NA,NA,NA,NA,NA,NA,NA
"453","Packers","GB","DST","0523","robust",NA,NA,NA,NA,NA,NA,NA,NA,NA,NA,NA,NA,NA,NA,NA,NA,NA,NA,NA,NA,NA,NA,NA,NA,NA,NA,NA,NA,0.915,0.22239,4.05,1.445535,0.0166666666666667,0.012355,0.195,0.014826,0,NA,NA,NA,NA,NA,NA,NA,NA,NA,NA,NA,NA,NA,NA,NA,NA,NA
"454","Steelers","PIT","DST","0510","robust",NA,NA,NA,NA,NA,NA,NA,NA,NA,NA,NA,NA,NA,NA,NA,NA,NA,NA,NA,NA,NA,NA,NA,NA,NA,NA,NA,NA,1,0.29652,2.925,0.185325,0.0466666666666667,0.004942,0.16,0.066717,0,NA,NA,NA,NA,NA,NA,NA,NA,NA,NA,NA,NA,NA,NA,NA,NA,NA
"455","Ravens","BAL","DST","0531","robust",NA,NA,NA,NA,NA,NA,NA,NA,NA,NA,NA,NA,NA,NA,NA,NA,NA,NA,NA,NA,NA,NA,NA,NA,NA,NA,NA,NA,0.85,0.177912,2.6,0.29652,0.01,0.007413,0.16,0.044478,0,NA,NA,NA,NA,NA,NA,NA,NA,NA,NA,NA,NA,NA,NA,NA,NA,NA
"456","49ers","SF","DST","0530","robust",NA,NA,NA,NA,NA,NA,NA,NA,NA,NA,NA,NA,NA,NA,NA,NA,NA,NA,NA,NA,NA,NA,NA,NA,NA,NA,NA,NA,1.04,0.0593040000000001,2.9,0.207564,0.0166666666666667,0.012355,0.11,0.051891,0,NA,NA,NA,NA,NA,NA,NA,NA,NA,NA,NA,NA,NA,NA,NA,NA,NA
"457","Brandon Aubrey","DAL","K","16414","robust",NA,NA,NA,NA,NA,NA,NA,NA,NA,NA,NA,NA,NA,NA,NA,NA,NA,NA,NA,NA,NA,NA,NA,NA,NA,NA,NA,NA,NA,NA,NA,NA,NA,NA,NA,NA,NA,NA,0.0251700680272109,0.00605142857142857,0.558696841309623,0.0198647284878863,0.670760233918129,0.110978245614035,0.382782352707165,0.0255268838763576,0.23750730994152,0.0719624561403509,3.2,0.44478,NA,NA,NA,NA
"458","Jason Sanders","MIA","K","13832","robust",NA,NA,NA,NA,NA,NA,NA,NA,NA,NA,NA,NA,NA,NA,NA,NA,NA,NA,NA,NA,NA,NA,NA,NA,NA,NA,NA,NA,NA,NA,NA,NA,NA,NA,NA,NA,NA,NA,0.0166666666666667,0.00400702702702703,0.478120978120978,0.00278583783783777,0.552445302445302,0.0813808108108109,0.650952380952381,0.00553351351351365,0.180595238095238,0.043419,3.1,0.14826,NA,NA,NA,NA
"459","Jake Moody","SF","K","16286","robust",NA,NA,NA,NA,NA,NA,NA,NA,NA,NA,NA,NA,NA,NA,NA,NA,NA,NA,NA,NA,NA,NA,NA,NA,NA,NA,NA,NA,NA,NA,NA,NA,NA,NA,NA,NA,NA,NA,0.0278494623655914,0.00669561290322581,0.576440092165899,0.111118137096774,0.677534562211981,0.167919822580645,0.437208141321044,0.0257120645161291,0.11547619047619,0.0291225,3.21,0.59304,NA,NA,NA,NA
"460","Cameron Dicker","LAC","K","15979","robust",NA,NA,NA,NA,NA,NA,NA,NA,NA,NA,NA,NA,NA,NA,NA,NA,NA,NA,NA,NA,NA,NA,NA,NA,NA,NA,NA,NA,NA,NA,NA,NA,NA,NA,NA,NA,NA,NA,0.00993377483443709,0.00490927152317881,0.467386284419658,0.109750640641339,0.620535356395957,0.14826,0.38642819797839,0.108016892645521,0.148574561403509,0.0713013552631579,2.8625,0.29652,NA,NA,NA,NA
"461","Harrison Butker","KC","K","13354","robust",NA,NA,NA,NA,NA,NA,NA,NA,NA,NA,NA,NA,NA,NA,NA,NA,NA,NA,NA,NA,NA,NA,NA,NA,NA,NA,NA,NA,NA,NA,NA,NA,NA,NA,NA,NA,NA,NA,0.0172335600907029,0.00268952380952381,0.450688942243564,0.00839289635854346,0.714523587212663,0.0483059570494865,0.431492597038816,0.0489038487394958,0.223039215686274,0.089876568627451,2.8,0.29652,NA,NA,NA,NA
"462","Younghoe Koo","ATL","K","13403","robust",NA,NA,NA,NA,NA,NA,NA,NA,NA,NA,NA,NA,NA,NA,NA,NA,NA,NA,NA,NA,NA,NA,NA,NA,NA,NA,NA,NA,NA,NA,NA,NA,NA,NA,NA,NA,NA,NA,0,0,0.547280701754386,0.0123725746799431,0.542674253200569,0.0629419587482219,0.541322901849218,0.0257293314366999,0.197565789473684,0.0791240210526316,2.2,0.59304,NA,NA,NA,NA
"463","Dustin Hopkins","CLE","K","11387","robust",NA,NA,NA,NA,NA,NA,NA,NA,NA,NA,NA,NA,NA,NA,NA,NA,NA,NA,NA,NA,NA,NA,NA,NA,NA,NA,NA,NA,NA,NA,NA,NA,NA,NA,NA,NA,NA,NA,0.0263888888888889,0.00411833333333333,0.563571428571429,0.0188266666666668,0.505446428571429,0.0740123333333335,0.568859126984127,0.0276516666666667,0.204285714285714,0.033888,2.025,0.29652,NA,NA,NA,NA
"464","Wil Lutz","DEN","K","12956","robust",NA,NA,NA,NA,NA,NA,NA,NA,NA,NA,NA,NA,NA,NA,NA,NA,NA,NA,NA,NA,NA,NA,NA,NA,NA,NA,NA,NA,NA,NA,NA,NA,NA,NA,NA,NA,NA,NA,0.0126712328767123,0.00304643835616438,0.563610078938125,0.0516428173700849,0.683619784445307,0.0444947190948922,0.40326437801564,0.0296854381897842,0.161417004048583,0.0404163562753037,2.1,0.44478,NA,NA,NA,NA
"465","Matt Gay","IND","K","14244","robust",NA,NA,NA,NA,NA,NA,NA,NA,NA,NA,NA,NA,NA,NA,NA,NA,NA,NA,NA,NA,NA,NA,NA,NA,NA,NA,NA,NA,NA,NA,NA,NA,NA,NA,NA,NA,NA,NA,0,0,0.600374729437229,0.0749322727272727,0.454891774891775,0.0418465454545454,0.5245670995671,0.0401778181818181,0.269791666666667,0.06486375,2.25,0.29652,NA,NA,NA,NA
"466","Justin Tucker","BAL","K","10976","robust",NA,NA,NA,NA,NA,NA,NA,NA,NA,NA,NA,NA,NA,NA,NA,NA,NA,NA,NA,NA,NA,NA,NA,NA,NA,NA,NA,NA,NA,NA,NA,NA,NA,NA,NA,NA,NA,NA,0,0,0.46551724137931,0.177912,0.460689655172414,0.14826,0.451149425287356,0.205859862068966,0.0958333333333333,0.039536,2.7,0,NA,NA,NA,NA
"467","Jake Elliott","PHI","K","13303","robust",NA,NA,NA,NA,NA,NA,NA,NA,NA,NA,NA,NA,NA,NA,NA,NA,NA,NA,NA,NA,NA,NA,NA,NA,NA,NA,NA,NA,NA,NA,NA,NA,NA,NA,NA,NA,NA,NA,0.00256849315068493,0.00338493150684932,0.418476842791911,0.118608,0.433169167210263,0.111090228310502,0.2875,0.145374748858447,0.164583333333333,0.089309,2.9,0.14826,NA,NA,NA,NA
"468","Tyler Bass","BUF","K","14983","robust",NA,NA,NA,NA,NA,NA,NA,NA,NA,NA,NA,NA,NA,NA,NA,NA,NA,NA,NA,NA,NA,NA,NA,NA,NA,NA,NA,NA,NA,NA,NA,NA,NA,NA,NA,NA,NA,NA,0.0276255707762557,0.0372342465753425,0.293507200561995,0.125815300316122,0.50707411310151,0.14826,0.3475,0.112588029504742,0.134871794871795,0.0608246153846154,2.6,0.44478,NA,NA,NA,NA
"469","Matt Ammendola","HOU","K","15523","robust",NA,NA,NA,NA,NA,NA,NA,NA,NA,NA,NA,NA,NA,NA,NA,NA,NA,NA,NA,NA,NA,NA,NA,NA,NA,NA,NA,NA,NA,NA,NA,NA,NA,NA,NA,NA,NA,NA,0.141666666666667,0.02471,0.283333333333333,0.04942,0.283333333333333,0.04942,0.141666666666667,0.02471,0,0,1.8,0.37065,NA,NA,NA,NA
"470","Anders Carlson","GB","K","16339","robust",NA,NA,NA,NA,NA,NA,NA,NA,NA,NA,NA,NA,NA,NA,NA,NA,NA,NA,NA,NA,NA,NA,NA,NA,NA,NA,NA,NA,NA,NA,NA,NA,NA,NA,NA,NA,NA,NA,0,0,0.418881118881119,0.118608,0.5125,0.114046153846154,0.329428904428904,0.0784499300699301,0.0961538461538462,0.0342138461538462,2.25,0.59304,NA,NA,NA,NA
"471","Evan McPherson","CIN","K","15368","robust",NA,NA,NA,NA,NA,NA,NA,NA,NA,NA,NA,NA,NA,NA,NA,NA,NA,NA,NA,NA,NA,NA,NA,NA,NA,NA,NA,NA,NA,NA,NA,NA,NA,NA,NA,NA,NA,NA,0.0106382978723404,0.0140198581560284,0.401580969267139,0.118608,0.345384160756501,0.173349704491726,0.462204491725768,0.195248430851064,0.222170138888889,0.0942755138888889,2.4,0.22239,NA,NA,NA,NA
"472","Riley Patterson","DET","K","15369","robust",NA,NA,NA,NA,NA,NA,NA,NA,NA,NA,NA,NA,NA,NA,NA,NA,NA,NA,NA,NA,NA,NA,NA,NA,NA,NA,NA,NA,NA,NA,NA,NA,NA,NA,NA,NA,NA,NA,0.0189247311827957,0.0255070967741935,0.341490015360983,0.144054365591398,0.606344086021505,0.245202150537634,0.36278801843318,0.140607870967742,0.0615674603174603,0.0272986666666667,2.6,0.44478,NA,NA,NA,NA
"473","Daniel Carlson","LVR","K","13718","robust",NA,NA,NA,NA,NA,NA,NA,NA,NA,NA,NA,NA,NA,NA,NA,NA,NA,NA,NA,NA,NA,NA,NA,NA,NA,NA,NA,NA,NA,NA,NA,NA,NA,NA,NA,NA,NA,NA,0,0,0.621858054226475,0.0597716640085062,0.547308021737846,0.00113850788587645,0.520209994683679,0.0665851958178273,0.152183014354067,0.0576960765550239,2,0,NA,NA,NA,NA
"474","Cairo Santos","CHI","K","11945","robust",NA,NA,NA,NA,NA,NA,NA,NA,NA,NA,NA,NA,NA,NA,NA,NA,NA,NA,NA,NA,NA,NA,NA,NA,NA,NA,NA,NA,NA,NA,NA,NA,NA,NA,NA,NA,NA,NA,0.00440476190476191,0.001059,0.456620718462824,0.0468684912280702,0.631195697577277,0.0158540350877194,0.454302422723475,0.0479089122807017,0.253157894736842,0.0608646315789474,2.15,0.44478,NA,NA,NA,NA
"475","Brandon McManus","JAC","K","11947","robust",NA,NA,NA,NA,NA,NA,NA,NA,NA,NA,NA,NA,NA,NA,NA,NA,NA,NA,NA,NA,NA,NA,NA,NA,NA,NA,NA,NA,NA,NA,NA,NA,NA,NA,NA,NA,NA,NA,0.00523809523809524,0.00706,0.275507455507455,0.0176856565656566,0.400084175084175,0.178011838383838,0.468383838383838,0.0912380202020202,0.167340067340067,0.0798707070707071,2,0,NA,NA,NA,NA
"476","Randy Bullock","NYG","K","10862","robust",NA,NA,NA,NA,NA,NA,NA,NA,NA,NA,NA,NA,NA,NA,NA,NA,NA,NA,NA,NA,NA,NA,NA,NA,NA,NA,NA,NA,NA,NA,NA,NA,NA,NA,NA,NA,NA,NA,0,0,0.261853832442068,0.0647040819964349,0.455912061794415,0.103890647653001,0.409506833036245,0.0870943077837196,0.109090909090909,0.0357171818181818,2,0.22239,NA,NA,NA,NA
"477","Greg Zuerlein","NYJ","K","10868","robust",NA,NA,NA,NA,NA,NA,NA,NA,NA,NA,NA,NA,NA,NA,NA,NA,NA,NA,NA,NA,NA,NA,NA,NA,NA,NA,NA,NA,NA,NA,NA,NA,NA,NA,NA,NA,NA,NA,0,0,0.322014395782644,0.0657129683698296,0.409505271695053,0.0904229683698297,0.38624797242498,0.0950823965936739,0.0847222222222222,0.0308875,1.625,0.7413,NA,NA,NA,NA
"478","Blake Grupe","NO","K","16444","robust",NA,NA,NA,NA,NA,NA,NA,NA,NA,NA,NA,NA,NA,NA,NA,NA,NA,NA,NA,NA,NA,NA,NA,NA,NA,NA,NA,NA,NA,NA,NA,NA,NA,NA,NA,NA,NA,NA,0.0168949771689498,0.00406191780821918,0.530961590115498,0.121459307010475,0.480225960247113,0.0768578565672844,0.501829170024174,0.0943798549556808,0.231507352941176,0.0850314705882353,2.2,0.281694,"Q","Groin",2023,14
"479","Greg Joseph","MIN","K","13898","robust",NA,NA,NA,NA,NA,NA,NA,NA,NA,NA,NA,NA,NA,NA,NA,NA,NA,NA,NA,NA,NA,NA,NA,NA,NA,NA,NA,NA,NA,NA,NA,NA,NA,NA,NA,NA,NA,NA,0.0436857260386672,0.0143929905388729,0.564093994241053,0.0334332093788564,0.603025846702317,0.127580240641711,0.372705162484574,0.0352699419991773,0.227564338235294,0.0850314705882353,2.2,0.29652,NA,NA,NA,NA
"480","Chris Boswell","PIT","K","11936","robust",NA,NA,NA,NA,NA,NA,NA,NA,NA,NA,NA,NA,NA,NA,NA,NA,NA,NA,NA,NA,NA,NA,NA,NA,NA,NA,NA,NA,NA,NA,NA,NA,NA,NA,NA,NA,NA,NA,0.025,0.00390157894736842,0.483558897243108,0.0814170760233918,0.554058758006126,0.0901595029239766,0.511514898357004,0.0849573976608187,0.194444444444444,0.02118,2,0.14826,NA,NA,NA,NA
"481","Chase McLaughlin","TB","K","14717","robust",NA,NA,NA,NA,NA,NA,NA,NA,NA,NA,NA,NA,NA,NA,NA,NA,NA,NA,NA,NA,NA,NA,NA,NA,NA,NA,NA,NA,NA,NA,NA,NA,NA,NA,NA,NA,NA,NA,0.00839160839160839,0.00276475524475524,0.57716588966589,0.0805522960372961,0.581827894327894,0.0943760722610723,0.4075,0.0166154110334111,0.246741898148148,0.0809938888888889,2.0425,0,NA,NA,NA,NA
"482","Jason Myers","SEA","K","12437","robust",NA,NA,NA,NA,NA,NA,NA,NA,NA,NA,NA,NA,NA,NA,NA,NA,NA,NA,NA,NA,NA,NA,NA,NA,NA,NA,NA,NA,NA,NA,NA,NA,NA,NA,NA,NA,NA,NA,0.0257142857142857,0.008472,0.409511278195489,0.00490484210526304,0.663458646616541,0.0709715789473684,0.453508771929825,0.0528013684210527,0.200250626566416,0.0527642105263158,1.9,0.163086,NA,NA,NA,NA
"483","Eddy Pineiro","CAR","K","13719","robust",NA,NA,NA,NA,NA,NA,NA,NA,NA,NA,NA,NA,NA,NA,NA,NA,NA,NA,NA,NA,NA,NA,NA,NA,NA,NA,NA,NA,NA,NA,NA,NA,NA,NA,NA,NA,NA,NA,0,0,0.317809010709984,0.101933676877503,0.475387653677963,0.178625653178814,0.431941143917445,0.124339104788567,0.117194570135747,0.0523270588235294,1.725,0.281694,NA,NA,NA,NA
"484","Nick Folk","TEN","K","8851","robust",NA,NA,NA,NA,NA,NA,NA,NA,NA,NA,NA,NA,NA,NA,NA,NA,NA,NA,NA,NA,NA,NA,NA,NA,NA,NA,NA,NA,NA,NA,NA,NA,NA,NA,NA,NA,NA,NA,0.0127314814814815,0.0171597222222222,0.445,0.0810994871794871,0.45,0.0907089316239316,0.3525,0.0963795598290598,0.125401709401709,0.056769641025641,1.75,0.14826,NA,NA,NA,NA
"485","Lucas Havrisik","LAR","K","16043","robust",NA,NA,NA,NA,NA,NA,NA,NA,NA,NA,NA,NA,NA,NA,NA,NA,NA,NA,NA,NA,NA,NA,NA,NA,NA,NA,NA,NA,NA,NA,NA,NA,NA,NA,NA,NA,NA,NA,0.0172259507829978,0.0232174496644295,0.451965484180249,0.199234147651007,0.355665548098434,0.137380966442953,0.342924789602642,0.163589834451902,0.11047619047619,0.0428306666666666,1.8125,0.22239,NA,NA,NA,NA
"486","Chad Ryland","NE","K","16292","robust",NA,NA,NA,NA,NA,NA,NA,NA,NA,NA,NA,NA,NA,NA,NA,NA,NA,NA,NA,NA,NA,NA,NA,NA,NA,NA,NA,NA,NA,NA,NA,NA,NA,NA,NA,NA,NA,NA,0.025,0.012355,0.458730158730159,0.228861666666667,0.43625,0.177912,0.466527777777778,0.156261333333333,0.0993055555555556,0.0137277777777778,1.17,0.237216,NA,NA,NA,NA
"487","Mason Crosby","FA","K","8742","robust",NA,NA,NA,NA,NA,NA,NA,NA,NA,NA,NA,NA,NA,NA,NA,NA,NA,NA,NA,NA,NA,NA,NA,NA,NA,NA,NA,NA,NA,NA,NA,NA,NA,NA,NA,NA,NA,NA,0,0,0.221428571428571,0,0.332142857142857,0,0.221428571428571,0,0.110714285714286,0,0.9,0,NA,NA,NA,NA
