"","player","team","position","id","avg_type","pass_att","pass_att_sd","pass_comp","pass_comp_sd","pass_yds","pass_yds_sd","pass_tds","pass_tds_sd","pass_int","pass_int_sd","rush_att","rush_att_sd","rush_yds","rush_yds_sd","rush_tds","rush_tds_sd","fumbles_lost","fumbles_lost_sd","two_pts","two_pts_sd","return_tds","return_tds_sd","rec","rec_sd","rec_yds","rec_yds_sd","rec_tds","rec_tds_sd","dst_int","dst_int_sd","dst_sacks","dst_sacks_sd","dst_safety","dst_safety_sd","dst_td","dst_td_sd","dst_blk","dst_blk_sd","fg_0019","fg_0019_sd","fg_2029","fg_2029_sd","fg_3039","fg_3039_sd","fg_4049","fg_4049_sd","fg_50","fg_50_sd","xp","xp_sd","injury_status","injury_details","week","season_year"
"1","Matt Ryan","ATL","QB","310","robust",40.7,2.9652,27.23,0.889559999999997,317.69,5.9304,1.9,0.14826,0.8,0,2.085,0.29652,7.225,1.971858,0.0788300263592966,0,0.25,0.07413,0,NA,0,NA,NA,NA,NA,NA,NA,NA,NA,NA,NA,NA,NA,NA,NA,NA,NA,NA,NA,NA,NA,NA,NA,NA,NA,NA,NA,NA,NA,NA,NA,NA,NA,NA
"2","Patrick Mahomes","KC","QB","2558125","robust",35.805,0.444779999999996,24.15,1.03782,290.65,6.22691999999998,2.15,0.148259999999999,0.5,0,3.7,0.29652,19.4575,1.015581,0.15,0.0858952847108918,0.09625,0.0111195,0,NA,0,NA,NA,NA,NA,NA,NA,NA,NA,NA,NA,NA,NA,NA,NA,NA,NA,NA,NA,NA,NA,NA,NA,NA,NA,NA,NA,NA,NA,NA,NA,NA,NA,NA
"3","Aaron Rodgers","GB","QB","2506363","robust",36.8,2.37215999999999,23.4,1.304688,276.775,3.26172000000007,2,0,0.345,0.133434,2.82,0.44478,12.15,1.633331,0.1,0,0.2,0,0,NA,0,NA,NA,NA,NA,NA,NA,NA,NA,NA,NA,NA,NA,NA,NA,NA,NA,NA,NA,NA,NA,NA,NA,NA,NA,NA,NA,NA,NA,NA,NA,NA,NA,NA
"4","Dak Prescott","DAL","QB","2555260","robust",36.165,0.444779999999996,24.0625,0.593039999999998,296.6775,2.66868000000002,2.05,0.0741300000000004,0.6,0.14826,3.645,0.163086,17.58125,1.321985,0.2,0.00350890240466884,0.2,0,0,NA,0,NA,NA,NA,NA,NA,NA,NA,NA,NA,NA,NA,NA,NA,NA,NA,NA,NA,NA,NA,NA,NA,NA,NA,NA,NA,NA,NA,NA,NA,NA,NA,NA,NA
"5","Deshaun Watson","HOU","QB","2558063","robust",34.5,1.601208,22.0825,2.37216,257.95,18.38424,1.57,0.266868,0.815,0,5.4925,0.103781999999999,29.68125,2.2239,0.2,0,0.1875,0.037065,0,NA,0,NA,NA,NA,NA,NA,NA,NA,NA,NA,NA,NA,NA,NA,NA,NA,NA,NA,NA,NA,NA,NA,NA,NA,NA,NA,NA,NA,NA,NA,NA,NA,NA,NA
"6","Tom Brady","TB","QB","2504211","robust",35.85,0.889560000000002,22.705,1.304688,271.325,7.70951999999998,2,0,0.55,0.118608,1.8,0.29652,3.3,0.511497,0.0992371388144176,0.00226203598748883,0.1,0,0,NA,0,NA,NA,NA,NA,NA,NA,NA,NA,NA,NA,NA,NA,NA,NA,NA,NA,NA,NA,NA,NA,NA,NA,NA,NA,NA,NA,NA,NA,NA,NA,NA,NA,NA
"7","Philip Rivers","IND","QB","2506121","robust",34.55,0.815429999999996,22.8,1.18608,267.7,12.30558,1.7,0.400302,0.95,0.07413,0.8,0.44478,1.75,0.3291372,0.002,0,0.1875,0.0185325,0,NA,0,NA,NA,NA,NA,NA,NA,NA,NA,NA,NA,NA,NA,NA,NA,NA,NA,NA,NA,NA,NA,NA,NA,NA,NA,NA,NA,NA,NA,NA,NA,NA,NA,NA
"8","Jared Goff","LAR","QB","2555334","robust",36.915,0.696821999999998,23.08,0.578213999999996,280.45,9.48863999999997,1.65,0.29652,0.95,0.103782,2.945,1.33434,6.98,1.541904,0.0961963476833145,0,0.2125,0.037065,0,NA,0,NA,NA,NA,NA,NA,NA,NA,NA,NA,NA,NA,NA,NA,NA,NA,NA,NA,NA,NA,NA,NA,NA,NA,NA,NA,NA,NA,NA,NA,NA,NA,NA,NA
"9","Matthew Stafford","DET","QB","79860","robust",35.7525,0.459605999999993,22.7925,0.845082,272.675,7.26473999999997,1.7,0.29652,0.8,0.14826,2.3,0.59304,7.93375,0.7413,0,0,0.2125,0.037065,0,NA,0,NA,NA,NA,NA,NA,NA,NA,NA,NA,NA,NA,NA,NA,NA,NA,NA,NA,NA,NA,NA,NA,NA,NA,NA,NA,NA,NA,NA,NA,NA,NA,NA,NA
"10","Ben Roethlisberger","PIT","QB","2506109","robust",34.825,0.296520000000004,23.1,0.148260000000002,264.775,3.55823999999997,1.8,0.237216,0.865,0.103782,1.725,0.29652,4.625,0.7413,0.05,0.0724975239307254,0.0875,0.037065,0,NA,0,NA,NA,NA,NA,NA,NA,NA,NA,NA,NA,NA,NA,NA,NA,NA,NA,NA,NA,NA,NA,NA,NA,NA,NA,NA,NA,NA,NA,NA,NA,NA,NA,NA
"11","Russell Wilson","SEA","QB","2532975","robust",32.9575,0.7413,22.1025,1.18608,260.45,4.15128000000002,1.97,0,0.5,0.0741300000000001,4.25,0.0889559999999994,23.0975,1.541904,0.092665440977789,0,0.1475,0.0704235,0,NA,0,NA,NA,NA,NA,NA,NA,NA,NA,NA,NA,NA,NA,NA,NA,NA,NA,NA,NA,NA,NA,NA,NA,NA,NA,NA,NA,NA,NA,NA,NA,NA,NA,NA
"12","Kyler Murray","ARI","QB","2562382","robust",35.65,0.704234999999997,23.905,1.18608,257,11.8608,1.615,0.467019,0.8,0.0667170000000001,6.7,0.51891,40.337,2.74281,0.4,0.113861266548077,0.133333333333333,0.02471,0,NA,0,NA,NA,NA,NA,NA,NA,NA,NA,NA,NA,NA,NA,NA,NA,NA,NA,NA,NA,NA,NA,NA,NA,NA,NA,NA,NA,NA,NA,NA,NA,NA,NA,NA
"13","Drew Brees","NO","QB","2504775","robust",33.6,1.18608,23.3,1.18608,264.1,10.67472,1.95,0.103782,0.5,0.14826,1.175,0.29652,2,0.32123,0.05,0.0710026814814815,0.0975,0.00741300000000001,0,NA,0,NA,NA,NA,NA,NA,NA,NA,NA,NA,NA,NA,NA,NA,NA,NA,NA,NA,NA,NA,NA,NA,NA,NA,NA,NA,NA,NA,NA,NA,NA,NA,NA,NA
"14","Kirk Cousins","MIN","QB","2532820","robust",33,1.586382,22.65,0.889559999999999,258.65,12.37971,1.7,0.14826,0.65,0.088956,2.4,0.481844999999999,7.907,0.6034182,0.05,0.0328155048450922,0.2,0,0,NA,0,NA,NA,NA,NA,NA,NA,NA,NA,NA,NA,NA,NA,NA,NA,NA,NA,NA,NA,NA,NA,NA,NA,NA,NA,NA,NA,NA,NA,NA,NA,NA,NA,NA
"15","Derek Carr","LVR","QB","2543499","robust",33.45,0.800603999999999,22.3,0.96369,253,12.82449,1.34,0.0741300000000001,0.64,0.07413,1.4,0.289107,4.418,1.4826,0.085,0.0210641841693183,0.2,0,0,NA,0,NA,NA,NA,NA,NA,NA,NA,NA,NA,NA,NA,NA,NA,NA,NA,NA,NA,NA,NA,NA,NA,NA,NA,NA,NA,NA,NA,NA,NA,NA,NA,NA,NA
"16","Baker Mayfield","CLE","QB","2560800","robust",34,2.2239,20.49,1.067472,251,4.15128000000002,1.8,0.029652,1,0,2.15,0.118608,8.91,0.874734,0.1,0.0129481996844061,0.133333333333333,0.04942,0,NA,0,NA,NA,NA,NA,NA,NA,NA,NA,NA,NA,NA,NA,NA,NA,NA,NA,NA,NA,NA,NA,NA,NA,NA,NA,NA,NA,NA,NA,NA,NA,NA,NA,NA
"17","Carson Wentz","PHI","QB","2555259","robust",36.16,0.192738000000004,23.1,0.444780000000001,256.6,11.8608,1.715,0.029652,0.75,0.14826,3.1,0,11.80375,0.444779999999998,0.05,0.0695241070293884,0.4,0.14826,0,NA,0,NA,NA,NA,NA,NA,NA,NA,NA,NA,NA,NA,NA,NA,NA,NA,NA,NA,NA,NA,NA,NA,NA,NA,NA,NA,NA,NA,NA,NA,NA,NA,NA,NA
"18","Teddy Bridgewater","CAR","QB","2543465","robust",36.8,0.889560000000002,23.25,0.978516,249.2,11.460498,1.155,0.14826,0.6,0.29652,2.9,1.33434,9.75,2.14977,0.035991443452381,0.0533609140625,0.1,0,0,NA,0,NA,NA,NA,NA,NA,NA,NA,NA,NA,NA,NA,NA,NA,NA,NA,NA,NA,NA,NA,NA,NA,NA,NA,NA,NA,NA,NA,NA,NA,NA,NA,NA,NA
"19","Josh Allen","BUF","QB","2560955","robust",34.25,1.4826,20.55,1.55673,239.025,18.01359,1.5,0.29652,0.8,0.192738,8.5,0.7413,48.17,5.33736,0.7,0.134480781538911,0.4,0,0,NA,0,NA,NA,NA,NA,NA,NA,NA,NA,NA,NA,NA,NA,NA,NA,NA,NA,NA,NA,NA,NA,NA,NA,NA,NA,NA,NA,NA,NA,NA,NA,NA,NA,NA
"20","Sam Darnold","NYJ","QB","2561036","robust",33.8,4.15128,20.35,3.587892,221.31,21.230832,1.2,0.29652,1.1,0.29652,2.31,0.29652,7.5375,0.500377499999999,0.084514211969433,0,0.166666666666667,0.04942,0,NA,0,NA,NA,NA,NA,NA,NA,NA,NA,NA,NA,NA,NA,NA,NA,NA,NA,NA,NA,NA,NA,NA,NA,NA,NA,NA,NA,NA,NA,NA,NA,NA,NA,NA
"21","Joe Burrow","CIN","QB","2563722","robust",34.75,0.518910000000002,21.8,1.18608,238.515,20.652618,1.2,0.29652,0.9,0,3.725,0.593039999999999,19.5525,7.9207905,0.1,0.0110269979216674,0.266666666666667,0.09884,0,NA,0,NA,NA,NA,NA,NA,NA,NA,NA,NA,NA,NA,NA,NA,NA,NA,NA,NA,NA,NA,NA,NA,NA,NA,NA,NA,NA,NA,NA,NA,NA,NA,NA,NA
"22","Mitchell Trubisky","CHI","QB","2558008","robust",33.65,0.963689999999998,21.2,0.459605999999998,234,13.3434,1.7,0.14826,0.8,0.0741300000000001,4,0.88956,17.94,2.876244,0.134763151201667,0.0967201520284086,0.133333333333333,0.04942,0,NA,0,NA,NA,NA,NA,NA,NA,NA,NA,NA,NA,NA,NA,NA,NA,NA,NA,NA,NA,NA,NA,NA,NA,NA,NA,NA,NA,NA,NA,NA,NA,NA,NA,NA
"23","Ryan Tannehill","TEN","QB","2532956","robust",27.7,0.667169999999999,18.8,0.37065,237,12.15732,1.85,0.14826,0.5,0.14826,3.5,0.14826,15.751,0.518909999999999,0.129311606448408,0.059304,0.166666666666667,0.02471,0,NA,0,NA,NA,NA,NA,NA,NA,NA,NA,NA,NA,NA,NA,NA,NA,NA,NA,NA,NA,NA,NA,NA,NA,NA,NA,NA,NA,NA,NA,NA,NA,NA,NA,NA
"24","Tyrod Taylor","LAC","QB","2495240","robust",32.2,1.03781999999999,19.4,1.03782,231,15.967602,1.28,0.118608,0.855,0.14826,3.88,1.03782,19.55,2.045988,0.0673724539613725,0.0998864002431308,0.133333333333333,0.04942,0,NA,0,NA,NA,NA,NA,NA,NA,NA,NA,NA,NA,NA,NA,NA,NA,NA,NA,NA,NA,NA,NA,NA,NA,NA,NA,NA,NA,NA,NA,NA,NA,NA,NA,NA
"25","Daniel Jones","NYG","QB","2562299","robust",35.195,0.963690000000003,22.3,0.0518910000000002,241.635,6.76806899999997,1.26,0.22239,1,0.0741300000000001,3.6,0.200151,18.1,1.1475324,0.101431948672611,0.014826,0.533333333333333,0.04942,0,NA,0,NA,NA,NA,NA,NA,NA,NA,NA,NA,NA,NA,NA,NA,NA,NA,NA,NA,NA,NA,NA,NA,NA,NA,NA,NA,NA,NA,NA,NA,NA,NA,NA,NA
"26","Jimmy Garoppolo","SF","QB","2543801","robust",30.74,2.283204,20.6,2.07564,240.39,4.907406,1.5,0.14826,0.9,0.14826,2.465,0.400302,6.15,1.85325,0.035,0.0495763526232114,0.233333333333333,0.04942,0,NA,0,NA,NA,NA,NA,NA,NA,NA,NA,NA,NA,NA,NA,NA,NA,NA,NA,NA,NA,NA,NA,NA,NA,NA,NA,NA,NA,NA,NA,NA,NA,NA,NA,NA
"27","Lamar Jackson","BAL","QB","2560757","robust",29.5,0.296520000000002,20,0.296519999999999,239.5,12.75036,2.05,0.118608,0.5,0.192738,10.5,0.59304,63.8,2.8050792,0.5,0.098537066682828,0.266666666666667,0.02471,0,NA,0,NA,NA,NA,NA,NA,NA,NA,NA,NA,NA,NA,NA,NA,NA,NA,NA,NA,NA,NA,NA,NA,NA,NA,NA,NA,NA,NA,NA,NA,NA,NA,NA,NA
"28","Ryan Fitzpatrick","MIA","QB","2506581","robust",33.05,2.802114,20.5,1.03782,230.8,17.64294,1.135,0.14826,1.15,0.0741300000000001,3.5,0.59304,14.2,1.18608,0.0939029126011135,0.0354384582224109,0.133333333333333,0.04942,0,NA,0,NA,NA,NA,NA,NA,NA,NA,NA,NA,NA,NA,NA,NA,NA,NA,NA,NA,NA,NA,NA,NA,NA,NA,NA,NA,NA,NA,NA,NA,NA,NA,NA,NA
"29","Gardner Minshew","JAC","QB","2562796","robust",33.4,1.63085999999999,21.4,0.148260000000002,236.15,17.7912,1.2,0.29652,0.7,0.14826,4.55,0.444780000000001,21.725,2.854005,0.0896082461385152,0,0.366666666666667,0.04942,0,NA,0,NA,NA,NA,NA,NA,NA,NA,NA,NA,NA,NA,NA,NA,NA,NA,NA,NA,NA,NA,NA,NA,NA,NA,NA,NA,NA,NA,NA,NA,NA,NA,NA,NA
"30","Cam Newton","NE","QB","2495455","robust",32.2,1.764294,20.1,0.541149,221.95,14.23296,1.065,0.14826,0.8,0.103782,8.6,2.2239,40.114,1.5033564,0.466362075242262,0.0983884127541781,0.133333333333333,0.02471,0,NA,0,NA,NA,NA,NA,NA,NA,NA,NA,NA,NA,NA,NA,NA,NA,NA,NA,NA,NA,NA,NA,NA,NA,NA,NA,NA,NA,NA,NA,NA,NA,NA,NA,NA
"31","Drew Lock","DEN","QB","2562305","robust",33,0.7413,20.75,1.18608,224.7,9.34038000000002,1,0,0.8,0.14826,2.945,1.03782,11.195,4.766559,0.0382675090504038,0.0567354089181287,0.2,0,0,NA,0,NA,NA,NA,NA,NA,NA,NA,NA,NA,NA,NA,NA,NA,NA,NA,NA,NA,NA,NA,NA,NA,NA,NA,NA,NA,NA,NA,NA,NA,NA,NA,NA,NA
"32","Dwayne Haskins","WAS","QB","2562660","robust",30.7,2.2239,18.35,0.593039999999998,204.58,10.52646,1.17,0.207564,0.815,0.14826,2.55,0.29652,9.44,1.868076,0.0127338129496403,0,0.2,0,0,NA,0,NA,NA,NA,NA,NA,NA,NA,NA,NA,NA,NA,NA,NA,NA,NA,NA,NA,NA,NA,NA,NA,NA,NA,NA,NA,NA,NA,NA,NA,NA,NA,NA,NA
"33","Matt Barkley","BUF","QB","2539308","robust",3.5,3.18759,1.9,1.70499,18.35,16.16034,0.085,0.014826,0.15,0.14826,0.3,0.29652,0.35,0.29652,0,0,0.1,0.07413,0,NA,0,NA,NA,NA,NA,NA,NA,NA,NA,NA,NA,NA,NA,NA,NA,NA,NA,NA,NA,NA,NA,NA,NA,NA,NA,NA,NA,NA,NA,NA,NA,NA,NA,NA
"34","Kyle Allen","WAS","QB","2561177","robust",3.45,3.11346,2.075,1.85325,19.45,17.27229,0.1,0.07413,0.15,0.14826,0.25,0.22239,0.275,0.17297,0,0,0.0125,0.012355,0,NA,0,NA,NA,NA,NA,NA,NA,NA,NA,NA,NA,NA,NA,NA,NA,NA,NA,NA,NA,NA,NA,NA,NA,NA,NA,NA,NA,NA,NA,NA,NA,NA,NA,NA
"35","Mason Rudolph","PIT","QB","2560860","robust",5.25,4.00302,3.125,2.07564,30.55,17.7912,0.175,0,0.175,0.14826,0.65,0.59304,0.85,0.0741299999999999,0,0,0,0,0,NA,0,NA,NA,NA,NA,NA,NA,NA,NA,NA,NA,NA,NA,NA,NA,NA,NA,NA,NA,NA,NA,NA,NA,NA,NA,NA,NA,NA,NA,NA,NA,NA,NA,NA
"36","Jameis Winston","NO","QB","2552033","robust",3.225,3.33585,1.925,1.92738,21.175,18.31011,0.1,0.07413,0.125,0.14826,0.6,0.51891,0.9,0.54362,0,0,0.05,0.037065,0,NA,0,NA,NA,NA,NA,NA,NA,NA,NA,NA,NA,NA,NA,NA,NA,NA,NA,NA,NA,NA,NA,NA,NA,NA,NA,NA,NA,NA,NA,NA,NA,NA,NA,NA
"37","Andy Dalton","DAL","QB","2495143","robust",3.65,3.33585,2.175,1.92738,19.325,16.16034,0.075,0.07413,0.075,0.07413,0.375,0.29652,0.925,0.34594,0,0,0.01,0.009884,0,NA,0,NA,NA,NA,NA,NA,NA,NA,NA,NA,NA,NA,NA,NA,NA,NA,NA,NA,NA,NA,NA,NA,NA,NA,NA,NA,NA,NA,NA,NA,NA,NA,NA,NA
"38","Jacoby Brissett","IND","QB","2555261","robust",2.9,3.03933,1.75,1.70499,15.4,14.15883,0,0,0.05,0.07413,0.475,0.44478,0.525,0.29652,0,0,0.0125,0.012355,0,NA,0,NA,NA,NA,NA,NA,NA,NA,NA,NA,NA,NA,NA,NA,NA,NA,NA,NA,NA,NA,NA,NA,NA,NA,NA,NA,NA,NA,NA,NA,NA,NA,NA,NA
"39","Nick Mullens","SF","QB","2558979","robust",2.425,2.52042,1.5,1.40847,17.25,17.12403,0.1,0.07413,0.1,0.14826,0.525,0.51891,0.35,0.29652,0,0,0.025,0.02471,0,NA,0,NA,NA,NA,NA,NA,NA,NA,NA,NA,NA,NA,NA,NA,NA,NA,NA,NA,NA,NA,NA,NA,NA,NA,NA,NA,NA,NA,NA,NA,NA,NA,NA,NA
"40","Nick Foles","CHI","QB","2532842","robust",3.4,2.74281,2.175,1.85325,18.95,14.01057,0.075,0.07413,0.1,0.07413,0.25,0.22239,0.425,0.32123,0,0,0.0175,0.017297,0,NA,0,NA,NA,NA,NA,NA,NA,NA,NA,NA,NA,NA,NA,NA,NA,NA,NA,NA,NA,NA,NA,NA,NA,NA,NA,NA,NA,NA,NA,NA,NA,NA,NA,NA
"41","Derrick Henry","TEN","RB","2556075","robust",NA,NA,NA,NA,NA,NA,NA,NA,NA,NA,22.3325,1.92738,110.356666666667,7.11648,0.93802619046949,0.029652,0.11,0,0,NA,0,NA,1.8025,0.29652,16,2.757636,0.0775,0,NA,NA,NA,NA,NA,NA,NA,NA,NA,NA,NA,NA,NA,NA,NA,NA,NA,NA,NA,NA,NA,NA,NA,NA,NA,NA
"42","Ezekiel Elliott","DAL","RB","2555224","robust",NA,NA,NA,NA,NA,NA,NA,NA,NA,NA,20.075,1.4826,88.8708333333333,4.59606000000001,0.749873898022288,0.044478,0.11,0,0,NA,0,NA,3.805,0.148259999999999,30.235,2.045988,0.2,0,NA,NA,NA,NA,NA,NA,NA,NA,NA,NA,NA,NA,NA,NA,NA,NA,NA,NA,NA,NA,NA,NA,NA,NA,NA,NA
"43","Clyde Edwards-Helaire","KC","RB","2564271","robust",NA,NA,NA,NA,NA,NA,NA,NA,NA,NA,16,2.9652,77.845,6.738417,0.7,0.14826,0.123333333333333,0.034594,0,NA,0,NA,2.58,0.385476,23.05,2.81694,0.14,0.088956,NA,NA,NA,NA,NA,NA,NA,NA,NA,NA,NA,NA,NA,NA,NA,NA,NA,NA,NA,NA,NA,NA,NA,NA,NA,NA
"44","Dalvin Cook","MIN","RB","2557991","robust",NA,NA,NA,NA,NA,NA,NA,NA,NA,NA,16.6675,0.296519999999999,73.015,3.30125600000001,0.64516441099621,0.119583022971925,0.108,0.0237216,0,NA,0,NA,3.7,0.29652,30.8225,2.81694,0.07,0.044478,NA,NA,NA,NA,NA,NA,NA,NA,NA,NA,NA,NA,NA,NA,NA,NA,NA,NA,NA,NA,NA,NA,NA,NA,NA,NA
"45","Josh Jacobs","LVR","RB","2562377","robust",NA,NA,NA,NA,NA,NA,NA,NA,NA,NA,18.1,0.444780000000001,80.54,1.77912,0.701736629762447,0.14826,0.11,0,0,NA,0,NA,2.85,0.29652,23.1,2.2239,0.0425,0,NA,NA,NA,NA,NA,NA,NA,NA,NA,NA,NA,NA,NA,NA,NA,NA,NA,NA,NA,NA,NA,NA,NA,NA,NA,NA
"46","Nick Chubb","CLE","RB","2561021","robust",NA,NA,NA,NA,NA,NA,NA,NA,NA,NA,16.3,0.741300000000003,79.8825,0.296519999999983,0.61,0.029652,0.14,0.059304,0,NA,0,NA,1.72,0.14826,12.7375,0.222390000000001,0.065,0.029652,NA,NA,NA,NA,NA,NA,NA,NA,NA,NA,NA,NA,NA,NA,NA,NA,NA,NA,NA,NA,NA,NA,NA,NA,NA,NA
"47","Raheem Mostert","SF","RB","2553728","robust",NA,NA,NA,NA,NA,NA,NA,NA,NA,NA,14.3,0.400302000000002,66.45,7.54643399999999,0.6,0.0440331192238951,0.107,0.0207564,0,NA,0,NA,2.1,0.340998,21,1.03782,0.1,0.044478,NA,NA,NA,NA,NA,NA,NA,NA,NA,NA,NA,NA,NA,NA,NA,NA,NA,NA,NA,NA,NA,NA,NA,NA,NA,NA
"48","Jonathan Taylor","IND","RB","2564148","robust",NA,NA,NA,NA,NA,NA,NA,NA,NA,NA,14.8,1.63086,67.7,2.2239,0.56,0.0889560000000001,0.113333333333333,0.019768,0,NA,0,NA,2.8,0.29652,24.4,2.66868,0.1,0.088956,NA,NA,NA,NA,NA,NA,NA,NA,NA,NA,NA,NA,NA,NA,NA,NA,NA,NA,NA,NA,NA,NA,NA,NA,NA,NA
"49","Christian McCaffrey","CAR","RB","2557997","robust",NA,NA,NA,NA,NA,NA,NA,NA,NA,NA,17.445,0.578214000000001,69.625,1.089711,0.63989482420013,0.118296132718227,0.11,0.029652,0,NA,0,NA,6.25,0.696822,52.6,1.808772,0.2,0,NA,NA,NA,NA,NA,NA,NA,NA,NA,NA,NA,NA,NA,NA,NA,NA,NA,NA,NA,NA,NA,NA,NA,NA,NA,NA
"50","Saquon Barkley","NYG","RB","2560968","robust",NA,NA,NA,NA,NA,NA,NA,NA,NA,NA,17.35,0.489257999999997,74.3275,2.88365699999999,0.5,0.014826,0.102,0.0059304,0,NA,0,NA,4.55,0.44478,37.13,1.18608,0.13,0.088956,NA,NA,NA,NA,NA,NA,NA,NA,NA,NA,NA,NA,NA,NA,NA,NA,NA,NA,NA,NA,NA,NA,NA,NA,NA,NA
"51","Joe Mixon","CIN","RB","2557976","robust",NA,NA,NA,NA,NA,NA,NA,NA,NA,NA,17.7375,0.667169999999999,76.5570833333333,3.40998,0.596509718867684,0.0103493816135428,0.108,0.0237216,0,NA,0,NA,2.575,0.14826,20.025,0.296519999999999,0.1,0,NA,NA,NA,NA,NA,NA,NA,NA,NA,NA,NA,NA,NA,NA,NA,NA,NA,NA,NA,NA,NA,NA,NA,NA,NA,NA
"52","Chris Carson","SEA","RB","2558865","robust",NA,NA,NA,NA,NA,NA,NA,NA,NA,NA,14.6,0.667170000000002,63.415,2.81694,0.5,0.123315490313691,0.1125,0.0185325,0,NA,0,NA,2.65,0.22239,18.845,0.289107000000003,0.15,0.051891,NA,NA,NA,NA,NA,NA,NA,NA,NA,NA,NA,NA,NA,NA,NA,NA,NA,NA,NA,NA,NA,NA,NA,NA,NA,NA
"53","Aaron Jones","GB","RB","2558116","robust",NA,NA,NA,NA,NA,NA,NA,NA,NA,NA,14.15,0.296519999999999,65.30875,2.81694,0.80692560450583,0.168795802480686,0.11,0,0,NA,0,NA,2.9,0.14826,23.4,3.55824,0.105,0.014826,NA,NA,NA,NA,NA,NA,NA,NA,NA,NA,NA,NA,NA,NA,NA,NA,NA,NA,NA,NA,NA,NA,NA,NA,NA,NA
"54","Kenyan Drake","ARI","RB","2555230","robust",NA,NA,NA,NA,NA,NA,NA,NA,NA,NA,14.55,0.7413,65.3,3.83005000000001,0.6,0,0.103,0.00889560000000001,0,NA,0,NA,3.575,0.44478,25.775,1.63086,0.1,0,NA,NA,NA,NA,NA,NA,NA,NA,NA,NA,NA,NA,NA,NA,NA,NA,NA,NA,NA,NA,NA,NA,NA,NA,NA,NA
"55","Melvin Gordon","DEN","RB","2552469","robust",NA,NA,NA,NA,NA,NA,NA,NA,NA,NA,15.45,0.889559999999999,62.475,5.596815,0.556527607653478,0.088956,0.233333333333333,0.09884,0,NA,0,NA,3.1,0.44478,21.55,0.7413,0.085,0,NA,NA,NA,NA,NA,NA,NA,NA,NA,NA,NA,NA,NA,NA,NA,NA,NA,NA,NA,NA,NA,NA,NA,NA,NA,NA
"56","Ronald Jones","TB","RB","2560770","robust",NA,NA,NA,NA,NA,NA,NA,NA,NA,NA,14.7,0.81543,60.9,4.37367,0.558916652058343,0.0873498283416986,0.1125,0.0185325,0,NA,0,NA,2.1,0.0741300000000001,16.755,2.89107,0.05,0.066717,NA,NA,NA,NA,NA,NA,NA,NA,NA,NA,NA,NA,NA,NA,NA,NA,NA,NA,NA,NA,NA,NA,NA,NA,NA,NA
"57","Devin Singletary","BUF","RB","2562734","robust",NA,NA,NA,NA,NA,NA,NA,NA,NA,NA,12.3,0.296519999999999,55,2.37216,0.2,0.088956,0.12,0.029652,0,NA,0,NA,2.445,0.7413,19.45,1.18608,0.09,0,NA,NA,NA,NA,NA,NA,NA,NA,NA,NA,NA,NA,NA,NA,NA,NA,NA,NA,NA,NA,NA,NA,NA,NA,NA,NA
"58","Alvin Kamara","NO","RB","2558019","robust",NA,NA,NA,NA,NA,NA,NA,NA,NA,NA,13.2,0.96369,57.95,4.52193,0.645987655916766,0.044478,0.1025,0.0037065,0,NA,0,NA,6.03,0.340998,46.2,4.15128,0.2,0,NA,NA,NA,NA,NA,NA,NA,NA,NA,NA,NA,NA,NA,NA,NA,NA,NA,NA,NA,NA,NA,NA,NA,NA,NA,NA
"59","James Robinson","JAC","RB","2564223","robust",NA,NA,NA,NA,NA,NA,NA,NA,NA,NA,15.05,0.889559999999999,63.4,5.78214,0.300284877695506,0,0.135,0.088956,0,NA,0,NA,2.425,0.7413,22.125,9.48864,0.1,0,NA,NA,NA,NA,NA,NA,NA,NA,NA,NA,NA,NA,NA,NA,NA,NA,NA,NA,NA,NA,NA,NA,NA,NA,NA,NA
"60","Miles Sanders","PHI","RB","2562722","robust",NA,NA,NA,NA,NA,NA,NA,NA,NA,NA,13.7,1.85325,63,2.7546708,0.25,0.07413,0.10625,0.00926625000000001,0,NA,0,NA,2.9,0.22239,27,1.4826,0.105,0.07413,NA,NA,NA,NA,NA,NA,NA,NA,NA,NA,NA,NA,NA,NA,NA,NA,NA,NA,NA,NA,NA,NA,NA,NA,NA,NA
"61","David Montgomery","CHI","RB","2562502","robust",NA,NA,NA,NA,NA,NA,NA,NA,NA,NA,15.1,0.889560000000002,58.23,7.072002,0.404173808576248,0.171723911404855,0.126666666666667,0.039536,0,NA,0,NA,1.35,0.237216,12,2.9652,0.075,0.014826,NA,NA,NA,NA,NA,NA,NA,NA,NA,NA,NA,NA,NA,NA,NA,NA,NA,NA,NA,NA,NA,NA,NA,NA,NA,NA
"62","Malcolm Brown","LAR","RB","2552382","robust",NA,NA,NA,NA,NA,NA,NA,NA,NA,NA,12.4,1.4826,49.7725,3.3840345,0.6,0.14826,0.09,0.014826,0,NA,0,NA,1.8,0.59304,14.84,4.59606,0.045,0.059304,NA,NA,NA,NA,NA,NA,NA,NA,NA,NA,NA,NA,NA,NA,NA,NA,NA,NA,NA,NA,NA,NA,NA,NA,NA,NA
"63","Austin Ekeler","LAC","RB","2559169","robust",NA,NA,NA,NA,NA,NA,NA,NA,NA,NA,11.565,0.741300000000001,55.6,0.588592200000003,0.25,0.07413,0.09875,0.00185325,0,NA,0,NA,4.155,0.214977,37.725,1.149015,0.2,0.096369,NA,NA,NA,NA,NA,NA,NA,NA,NA,NA,NA,NA,NA,NA,NA,NA,NA,NA,NA,NA,NA,NA,NA,NA,NA,NA
"64","David Johnson","HOU","RB","2553435","robust",NA,NA,NA,NA,NA,NA,NA,NA,NA,NA,14.2,0.281694000000001,55.81,3.002265,0.43,0.0694028028062555,0.1075,0.0111195,0,NA,0,NA,3.08,0.44478,29,2.81694,0.11,0.07413,NA,NA,NA,NA,NA,NA,NA,NA,NA,NA,NA,NA,NA,NA,NA,NA,NA,NA,NA,NA,NA,NA,NA,NA,NA,NA
"65","J.K. Dobbins","BAL","RB","2563548","robust",NA,NA,NA,NA,NA,NA,NA,NA,NA,NA,9.67,0.993342,42.7875,2.66868,0.208069602539351,0.106644007275159,0.106666666666667,0.009884,0,NA,0,NA,1.15,0.37065,9.1,0.7413,0.06,0.059304,NA,NA,NA,NA,NA,NA,NA,NA,NA,NA,NA,NA,NA,NA,NA,NA,NA,NA,NA,NA,NA,NA,NA,NA,NA,NA
"66","Todd Gurley","ATL","RB","2552475","robust",NA,NA,NA,NA,NA,NA,NA,NA,NA,NA,14.3,0.29652,58.5,1.4737044,0.60227046535214,0.044478,0.11,0.014826,0,NA,0,NA,2.7,0.22239,18.83,0.993342,0.1,0,NA,NA,NA,NA,NA,NA,NA,NA,NA,NA,NA,NA,NA,NA,NA,NA,NA,NA,NA,NA,NA,NA,NA,NA,NA,NA
"67","Benny Snell","PIT","RB","2562743","robust",NA,NA,NA,NA,NA,NA,NA,NA,NA,NA,12.6,1.289862,49.4925,5.7710205,0.340425037278955,0.14826,0.0933333333333333,0.009884,0,NA,0,NA,1.49,0.29652,11,2.9652,0.015,0,NA,NA,NA,NA,NA,NA,NA,NA,NA,NA,NA,NA,NA,NA,NA,NA,NA,NA,NA,NA,NA,NA,NA,NA,NA,NA
"68","Mark Ingram","BAL","RB","2495466","robust",NA,NA,NA,NA,NA,NA,NA,NA,NA,NA,11.54,1.512252,52.575,1.593795,0.515382534697119,0.0900902918838984,0.1,0,0,NA,0,NA,1.6,0.29652,14,2.37216,0.135,0.14826,NA,NA,NA,NA,NA,NA,NA,NA,NA,NA,NA,NA,NA,NA,NA,NA,NA,NA,NA,NA,NA,NA,NA,NA,NA,NA
"69","Frank Gore","NYJ","RB","2506404","robust",NA,NA,NA,NA,NA,NA,NA,NA,NA,NA,11.97,0.252042,46.4175,0.515203500000005,0.1,0.029652,0.0666666666666667,0.04942,0,NA,0,NA,1.23,0.489258,9,3.617544,0,0,NA,NA,NA,NA,NA,NA,NA,NA,NA,NA,NA,NA,NA,NA,NA,NA,NA,NA,NA,NA,NA,NA,NA,NA,NA,NA
"70","Adrian Peterson","DET","RB","2507164","robust",NA,NA,NA,NA,NA,NA,NA,NA,NA,NA,12,0.59304,50.1875,2.409225,0.181308169255071,0.044478,0.1,0,0,NA,0,NA,1.275,0.37065,9.9,3.11346,0.015,0,NA,NA,NA,NA,NA,NA,NA,NA,NA,NA,NA,NA,NA,NA,NA,NA,NA,NA,NA,NA,NA,NA,NA,NA,NA,NA
"71","James Conner","PIT","RB","2557978","robust",NA,NA,NA,NA,NA,NA,NA,NA,NA,NA,10.9,0.0741299999999997,43.647,4.15128,0.3,0.0877020757229175,0.1,0,0,NA,0,NA,2.425,0.37065,18.8,2.231313,0.09,0,NA,NA,NA,NA,NA,NA,NA,NA,NA,NA,NA,NA,NA,NA,NA,NA,NA,NA,NA,NA,NA,NA,NA,NA,NA,NA
"72","Joshua Kelley","LAC","RB","2565054","robust",NA,NA,NA,NA,NA,NA,NA,NA,NA,NA,8.415,0.7413,37,6.286224,0.188942171567172,0.0476146728690229,0.166666666666667,0.04942,0,NA,0,NA,1,1.18608,7,7.26474,0.025,0,NA,NA,NA,NA,NA,NA,NA,NA,NA,NA,NA,NA,NA,NA,NA,NA,NA,NA,NA,NA,NA,NA,NA,NA,NA,NA
"73","Kareem Hunt","CLE","RB","2557917","robust",NA,NA,NA,NA,NA,NA,NA,NA,NA,NA,9.155,0.7413,41.77,1.98668399999999,0.282521658240127,0.0370007789863767,0.0666666666666667,0.04942,0,NA,0,NA,3.6,0.681996,29.24,3.11346,0.15,0.029652,NA,NA,NA,NA,NA,NA,NA,NA,NA,NA,NA,NA,NA,NA,NA,NA,NA,NA,NA,NA,NA,NA,NA,NA,NA,NA
"74","Sony Michel","NE","RB","2560809","robust",NA,NA,NA,NA,NA,NA,NA,NA,NA,NA,11.2,0.444780000000001,44.9625,1.0192875,0.201698203158157,0.145742243997717,0.05,0,0,NA,0,NA,0.65,0.29652,4.7,1.92738,0,0,NA,NA,NA,NA,NA,NA,NA,NA,NA,NA,NA,NA,NA,NA,NA,NA,NA,NA,NA,NA,NA,NA,NA,NA,NA,NA
"75","Zack Moss","BUF","RB","2563617","robust",NA,NA,NA,NA,NA,NA,NA,NA,NA,NA,9.4,1.03782,41.51,1.49742600000001,0.2,0.118608,0.1,0,0,NA,0,NA,1.575,0.44478,12.8,5.78214,0.1,0.059304,NA,NA,NA,NA,NA,NA,NA,NA,NA,NA,NA,NA,NA,NA,NA,NA,NA,NA,NA,NA,NA,NA,NA,NA,NA,NA
"76","Alexander Mattison","MIN","RB","2562682","robust",NA,NA,NA,NA,NA,NA,NA,NA,NA,NA,6.87,1.289862,32.6225,4.4959845,0.10595102970828,0.0801330033545036,0.0833333333333333,0.02471,0,NA,0,NA,1.36,0.504084,11.15,4.047498,0,0,NA,NA,NA,NA,NA,NA,NA,NA,NA,NA,NA,NA,NA,NA,NA,NA,NA,NA,NA,NA,NA,NA,NA,NA,NA,NA
"77","Antonio Gibson","WAS","RB","2565276","robust",NA,NA,NA,NA,NA,NA,NA,NA,NA,NA,10,1.304688,41.625,2.038575,0.2,0.059304,0.13,0.044478,0,NA,0,NA,2.84,0.237216,21.695,1.77912,0.09,0.029652,NA,NA,NA,NA,NA,NA,NA,NA,NA,NA,NA,NA,NA,NA,NA,NA,NA,NA,NA,NA,NA,NA,NA,NA,NA,NA
"78","Peyton Barber","WAS","RB","2556466","robust",NA,NA,NA,NA,NA,NA,NA,NA,NA,NA,10.3,2.07564,37.5025,0.737593500000003,0.200327443583493,0.132948532143113,0.0666666666666667,0.04942,0,NA,0,NA,0.7,0.22239,4.45,2.59455,0.015,0,NA,NA,NA,NA,NA,NA,NA,NA,NA,NA,NA,NA,NA,NA,NA,NA,NA,NA,NA,NA,NA,NA,NA,NA,NA,NA
"79","Latavius Murray","NO","RB","2541161","robust",NA,NA,NA,NA,NA,NA,NA,NA,NA,NA,9.3,0.889559999999999,38.4,0.593039999999998,0.218559670568744,0.120743432414781,0.0666666666666667,0.04942,0,NA,0,NA,1.55,0.29652,10.6,3.40998,0.015,0,NA,NA,NA,NA,NA,NA,NA,NA,NA,NA,NA,NA,NA,NA,NA,NA,NA,NA,NA,NA,NA,NA,NA,NA,NA,NA
"80","Leonard Fournette","TB","RB","2557973","robust",NA,NA,NA,NA,NA,NA,NA,NA,NA,NA,9,0.578214000000001,34.43875,0.904385999999999,0.215656087416917,0.0953962847956786,0.0766666666666667,0.034594,0,NA,0,NA,1.39,0.44478,10,3.40998,0,0,NA,NA,NA,NA,NA,NA,NA,NA,NA,NA,NA,NA,NA,NA,NA,NA,NA,NA,NA,NA,NA,NA,NA,NA,NA,NA
"81","Carlos Hyde","SEA","RB","2543743","robust",NA,NA,NA,NA,NA,NA,NA,NA,NA,NA,7.9,1.4826,31,4.4478,0.12833019635498,0.106257650884107,0.1,0,0,NA,0,NA,0.55,0.44478,4,1.18608,0.015,0,NA,NA,NA,NA,NA,NA,NA,NA,NA,NA,NA,NA,NA,NA,NA,NA,NA,NA,NA,NA,NA,NA,NA,NA,NA,NA
"82","Jordan Howard","MIA","RB","2555418","robust",NA,NA,NA,NA,NA,NA,NA,NA,NA,NA,8.915,0.148259999999999,34.35375,2.416638,0.203782841442603,0.0833475592771973,0.0466666666666667,0.009884,0,NA,0,NA,0.8,0.59304,5.3,3.40998,0,0,NA,NA,NA,NA,NA,NA,NA,NA,NA,NA,NA,NA,NA,NA,NA,NA,NA,NA,NA,NA,NA,NA,NA,NA,NA,NA
"83","Nyheim Hines","IND","RB","2560742","robust",NA,NA,NA,NA,NA,NA,NA,NA,NA,NA,6.85,3.246894,28.8975,10.0853865,0.2,0.118608,0.116666666666667,0.02471,0,NA,0,NA,4.05,0.29652,31.05,5.1891,0.15,0.029652,NA,NA,NA,NA,NA,NA,NA,NA,NA,NA,NA,NA,NA,NA,NA,NA,NA,NA,NA,NA,NA,NA,NA,NA,NA,NA
"84","Tony Pollard","DAL","RB","2562699","robust",NA,NA,NA,NA,NA,NA,NA,NA,NA,NA,5.3,1.92738,24.475,1.85325,0.106128177088782,0.0946963646481719,0.0766666666666667,0.034594,0,NA,0,NA,1.35,0.681996,10.85,7.70952,0.07,0.014826,NA,NA,NA,NA,NA,NA,NA,NA,NA,NA,NA,NA,NA,NA,NA,NA,NA,NA,NA,NA,NA,NA,NA,NA,NA,NA
"85","Tevin Coleman","SF","RB","2552453","robust",NA,NA,NA,NA,NA,NA,NA,NA,NA,NA,7.6,0.44478,30.74875,2.8058205,0.2,0.0116271317903497,0.04,0.029652,0,NA,0,NA,1.025,0.59304,8.825,4.74432,0.01,0,NA,NA,NA,NA,NA,NA,NA,NA,NA,NA,NA,NA,NA,NA,NA,NA,NA,NA,NA,NA,NA,NA,NA,NA,NA,NA
"86","Cam Akers","LAR","RB","2564319","robust",NA,NA,NA,NA,NA,NA,NA,NA,NA,NA,9,1.4826,33.9825,0.670876500000001,0.188156804226097,0.0351174441087774,0.1,0,0,NA,0,NA,1.7,0.207564,12.4,3.217242,0.06,0.029652,NA,NA,NA,NA,NA,NA,NA,NA,NA,NA,NA,NA,NA,NA,NA,NA,NA,NA,NA,NA,NA,NA,NA,NA,NA,NA
"87","D'Andre Swift","DET","RB","2563965","robust",NA,NA,NA,NA,NA,NA,NA,NA,NA,NA,5.7,1.33434,26.1,2.81694,0.118833920618512,0.120336829290994,0.08,0.029652,0,NA,0,NA,2.4,0.459606,18.92,3.528588,0.05,0,NA,NA,NA,NA,NA,NA,NA,NA,NA,NA,NA,NA,NA,NA,NA,NA,NA,NA,NA,NA,NA,NA,NA,NA,NA,NA
"88","Myles Gaskin","MIA","RB","2562270","robust",NA,NA,NA,NA,NA,NA,NA,NA,NA,NA,6.6,0.59304,26.725,1.616034,0.0959802914272065,0.0119192398600473,0.0733333333333333,0.039536,0,NA,0,NA,2,0.29652,13.9,1.03782,0.005,0,NA,NA,NA,NA,NA,NA,NA,NA,NA,NA,NA,NA,NA,NA,NA,NA,NA,NA,NA,NA,NA,NA,NA,NA,NA,NA
"89","Royce Freeman","DEN","RB","2560733","robust",NA,NA,NA,NA,NA,NA,NA,NA,NA,NA,5.7,2.07564,20.78625,1.5900885,0.0925287879093995,0.0221536380910487,0.0333333333333333,0.04942,0,NA,0,NA,1.64,0.118608,9.88,1.156428,0.03,0.044478,NA,NA,NA,NA,NA,NA,NA,NA,NA,NA,NA,NA,NA,NA,NA,NA,NA,NA,NA,NA,NA,NA,NA,NA,NA,NA
"90","Darrel Williams","KC","RB","2560935","robust",NA,NA,NA,NA,NA,NA,NA,NA,NA,NA,5.77,1.18608,22.7,1.77912,0.13,0.044478,0.0366666666666667,0.039536,0,NA,0,NA,1.35,0.326172,10.675,3.7065,0.08,0.014826,NA,NA,NA,NA,NA,NA,NA,NA,NA,NA,NA,NA,NA,NA,NA,NA,NA,NA,NA,NA,NA,NA,NA,NA,NA,NA
"91","Chase Edmonds","ARI","RB","2560711","robust",NA,NA,NA,NA,NA,NA,NA,NA,NA,NA,5.5,0.859908,24,0.889560000000002,0.136344742853617,0.0538847157547721,0.04,0.029652,0,NA,0,NA,1.65,0.311346,12.4,2.579724,0.1,0.029652,NA,NA,NA,NA,NA,NA,NA,NA,NA,NA,NA,NA,NA,NA,NA,NA,NA,NA,NA,NA,NA,NA,NA,NA,NA,NA
"92","Rex Burkhead","NE","RB","2539265","robust",NA,NA,NA,NA,NA,NA,NA,NA,NA,NA,5.625,0.222390000000001,23.36,0.533735999999999,0.12850229088198,0.106002503538376,0.0633333333333333,0.039536,0,NA,0,NA,1.23,0.29652,12.3,3.736152,0.015,0,NA,NA,NA,NA,NA,NA,NA,NA,NA,NA,NA,NA,NA,NA,NA,NA,NA,NA,NA,NA,NA,NA,NA,NA,NA,NA
"93","Jerick McKinnon","SF","RB","2543715","robust",NA,NA,NA,NA,NA,NA,NA,NA,NA,NA,6.24,0.533735999999999,25.09,1.171254,0.116397898934131,0.0646444750402576,0.0733333333333333,0.039536,0,NA,0,NA,2,0.14826,17,1.92738,0.1,0.088956,NA,NA,NA,NA,NA,NA,NA,NA,NA,NA,NA,NA,NA,NA,NA,NA,NA,NA,NA,NA,NA,NA,NA,NA,NA,NA
"94","James White","NE","RB","2543773","robust",NA,NA,NA,NA,NA,NA,NA,NA,NA,NA,5.3,1.03782,20.4,5.63388,0.0781969049177645,0.0323252687689224,0.1,0,0,NA,0,NA,4.365,0.29652,38.365,1.77911999999999,0.3,0.14826,NA,NA,NA,NA,NA,NA,NA,NA,NA,NA,NA,NA,NA,NA,NA,NA,NA,NA,NA,NA,NA,NA,NA,NA,NA,NA
"95","Boston Scott","PHI","RB","2561146","robust",NA,NA,NA,NA,NA,NA,NA,NA,NA,NA,7,1.304688,25.13625,0.311346000000001,0.19,0.014826,0.0666666666666667,0.04942,0,NA,0,NA,1.7,1.022994,12.4,7.650216,0.005,0,NA,NA,NA,NA,NA,NA,NA,NA,NA,NA,NA,NA,NA,NA,NA,NA,NA,NA,NA,NA,NA,NA,NA,NA,NA,NA
"96","Lamical Perine","NYJ","RB","2564808","robust",NA,NA,NA,NA,NA,NA,NA,NA,NA,NA,3.3,1.4826,15.7825,4.133983,0.126667344526216,0.0263580033297121,0.01,0.009884,0,NA,0,NA,0.54,0.37065,3.4525,2.37216,0,0,NA,NA,NA,NA,NA,NA,NA,NA,NA,NA,NA,NA,NA,NA,NA,NA,NA,NA,NA,NA,NA,NA,"Q","Ankle",2,2020
"97","Brian Hill","ATL","RB","2558112","robust",NA,NA,NA,NA,NA,NA,NA,NA,NA,NA,4.995,1.03782,21,1.03782,0.0887064875372646,0.0334875231545029,0.05,0,0,NA,0,NA,1.235,0.103782,8.525,1.92738,0.03,0.014826,NA,NA,NA,NA,NA,NA,NA,NA,NA,NA,NA,NA,NA,NA,NA,NA,NA,NA,NA,NA,NA,NA,NA,NA,NA,NA
"98","Jamaal Williams","GB","RB","2558204","robust",NA,NA,NA,NA,NA,NA,NA,NA,NA,NA,5.575,0.889559999999999,20.9,2.52042,0.0924791491878766,0.0223008268281084,0.0333333333333333,0.04942,0,NA,0,NA,2,0.29652,14.2,2.52042,0.1,0.14826,NA,NA,NA,NA,NA,NA,NA,NA,NA,NA,NA,NA,NA,NA,NA,NA,NA,NA,NA,NA,NA,NA,NA,NA,NA,NA
"99","Josh Adams","FA","RB","2560949","robust",NA,NA,NA,NA,NA,NA,NA,NA,NA,NA,5.7,0.88956,22,4.29954,0.2,0.14826,0.05,0.07413,NA,NA,NA,NA,0.6,0.59304,3.7,3.40998,0,0,NA,NA,NA,NA,NA,NA,NA,NA,NA,NA,NA,NA,NA,NA,NA,NA,NA,NA,NA,NA,NA,NA,NA,NA,NA,NA
"100","Kerryon Johnson","DET","RB","2560765","robust",NA,NA,NA,NA,NA,NA,NA,NA,NA,NA,5.64,0.59304,21.5,0.444780000000001,0.108497793506137,0.0615311713478009,0.0866666666666667,0.019768,0,NA,0,NA,1,0.14826,7.5,0.978516,0.005,0,NA,NA,NA,NA,NA,NA,NA,NA,NA,NA,NA,NA,NA,NA,NA,NA,NA,NA,NA,NA,NA,NA,NA,NA,NA,NA
"101","Tarik Cohen","CHI","RB","2558250","robust",NA,NA,NA,NA,NA,NA,NA,NA,NA,NA,5.55,0.889559999999999,21.60875,0.548562000000001,0.092574839037736,0.0220170872853052,0.0933333333333333,0.009884,0,NA,0,NA,3.8,1.03782,27.6,6.52344,0.14,0.088956,NA,NA,NA,NA,NA,NA,NA,NA,NA,NA,NA,NA,NA,NA,NA,NA,NA,NA,NA,NA,NA,NA,NA,NA,NA,NA
"102","Jalen Richard","LVR","RB","2556885","robust",NA,NA,NA,NA,NA,NA,NA,NA,NA,NA,3.765,0.88956,17.32,6.404832,0.05,0.0620225708554809,0.0566666666666667,0.019768,0,NA,0,NA,2.11,0.88956,16.4,3.40998,0,0,NA,NA,NA,NA,NA,NA,NA,NA,NA,NA,NA,NA,NA,NA,NA,NA,NA,NA,NA,NA,NA,NA,NA,NA,NA,NA
"103","Duke Johnson","HOU","RB","2552461","robust",NA,NA,NA,NA,NA,NA,NA,NA,NA,NA,3.85,0.29652,17.6,5.04084,0.056014735278362,0.0652125534763005,0.1,0,0,NA,0,NA,1.85,0.7413,14.95,5.48562,0.07,0.044478,NA,NA,NA,NA,NA,NA,NA,NA,NA,NA,NA,NA,NA,NA,NA,NA,NA,NA,NA,NA,NA,NA,"Q","Ankle",2,2020
"104","Matt Breida","MIA","RB","2558918","robust",NA,NA,NA,NA,NA,NA,NA,NA,NA,NA,4.935,0.44478,18.285,2.097879,0.00829627949183303,0,0.05,0,0,NA,0,NA,0.9,0.177912,6.05,2.609376,0,0,NA,NA,NA,NA,NA,NA,NA,NA,NA,NA,NA,NA,NA,NA,NA,NA,NA,NA,NA,NA,NA,NA,NA,NA,NA,NA
"105","Giovani Bernard","CIN","RB","2540156","robust",NA,NA,NA,NA,NA,NA,NA,NA,NA,NA,4.79,1.497426,19.9925,2.5315395,0.0879737412882662,0.014826,0.0433333333333333,0.019768,0,NA,0,NA,2.1,0.44478,15.55,2.37216,0,0,NA,NA,NA,NA,NA,NA,NA,NA,NA,NA,NA,NA,NA,NA,NA,NA,NA,NA,NA,NA,NA,NA,NA,NA,NA,NA
"106","Tyler Ervin","GB","RB","2555234","robust",NA,NA,NA,NA,NA,NA,NA,NA,NA,NA,1.6,1.77912,8.0325,0.837668999999999,0.0250008585164835,0.014826,0.0333333333333333,0.04942,0,NA,0,NA,0.565,0.44478,4.95,5.04084,0,0,NA,NA,NA,NA,NA,NA,NA,NA,NA,NA,NA,NA,NA,NA,NA,NA,NA,NA,NA,NA,NA,NA,NA,NA,NA,NA
"107","Darrell Henderson","LAR","RB","2562574","robust",NA,NA,NA,NA,NA,NA,NA,NA,NA,NA,4.05,1.03782,13.425,4.707255,0.05,0.0675848833619361,0.0333333333333333,0.04942,0,NA,0,NA,0.355,0.29652,3.6,2.37216,0,0,NA,NA,NA,NA,NA,NA,NA,NA,NA,NA,NA,NA,NA,NA,NA,NA,NA,NA,NA,NA,NA,NA,NA,NA,NA,NA
"108","Gus Edwards","BAL","RB","2561324","robust",NA,NA,NA,NA,NA,NA,NA,NA,NA,NA,2.75,1.4826,11.0075,4.5849405,0.03,0.044478,0.01,0.014826,0,NA,0,NA,0.27,0.340998,2,2.475942,0,0,NA,NA,NA,NA,NA,NA,NA,NA,NA,NA,NA,NA,NA,NA,NA,NA,NA,NA,NA,NA,NA,NA,NA,NA,NA,NA
"109","DeeJay Dallas","SEA","RB","2565144","robust",NA,NA,NA,NA,NA,NA,NA,NA,NA,NA,1.9,0.96369,8.515,5.085318,0.0767213176617854,0.0230086496230913,0.0775,0.022239,0,NA,0,NA,0.54,0.252042,4.2025,3.18759,0.0525,0.066717,NA,NA,NA,NA,NA,NA,NA,NA,NA,NA,NA,NA,NA,NA,NA,NA,NA,NA,NA,NA,NA,NA,NA,NA,NA,NA
"110","LeSean McCoy","TB","RB","79607","robust",NA,NA,NA,NA,NA,NA,NA,NA,NA,NA,3.185,0.400302,11.3,0.444780000000001,0.0930631101272759,0.0205692658506014,0.0166666666666667,0.02471,0,NA,0,NA,0.8,0.934038,5,6.241746,0,0,NA,NA,NA,NA,NA,NA,NA,NA,NA,NA,NA,NA,NA,NA,NA,NA,NA,NA,NA,NA,NA,NA,NA,NA,NA,NA
"111","AJ Dillon","GB","RB","2563986","robust",NA,NA,NA,NA,NA,NA,NA,NA,NA,NA,3.11,0.163086,12.51,0.607866,0.0887470435515442,0.029652,0.0133333333333333,0.019768,0,NA,0,NA,0.5,0.44478,3.2,2.07564,0.005,0,NA,NA,NA,NA,NA,NA,NA,NA,NA,NA,NA,NA,NA,NA,NA,NA,NA,NA,NA,NA,NA,NA,NA,NA,NA,NA
"112","Mike Davis","CAR","RB","2553439","robust",NA,NA,NA,NA,NA,NA,NA,NA,NA,NA,1.9,1.63086,7.705,4.143867,0.00917261904761905,0,0,0,0,NA,0,NA,0.4,0.533736,3.2,1.18608,0,0,NA,NA,NA,NA,NA,NA,NA,NA,NA,NA,NA,NA,NA,NA,NA,NA,NA,NA,NA,NA,NA,NA,NA,NA,NA,NA
"113","Jordan Wilkins","IND","RB","2560933","robust",NA,NA,NA,NA,NA,NA,NA,NA,NA,NA,2.6775,0.14826,11.67,3.306198,0.09071378490428,0.012709485001829,0.02,0.029652,0,NA,0,NA,0.695,0,4.265,0.59304,0.0025,0,NA,NA,NA,NA,NA,NA,NA,NA,NA,NA,NA,NA,NA,NA,NA,NA,NA,NA,NA,NA,NA,NA,NA,NA,NA,NA
"114","Julio Jones","ATL","WR","2495454","robust",NA,NA,NA,NA,NA,NA,NA,NA,NA,NA,0.06,NA,0.248,0.0800604,0,0,0.0925,0.022239,0,NA,0,NA,6.97,0.237216,100.56,5.42631599999999,0.4775,0.163086,NA,NA,NA,NA,NA,NA,NA,NA,NA,NA,NA,NA,NA,NA,NA,NA,NA,NA,NA,NA,NA,NA,NA,NA,NA,NA
"115","Davante Adams","GB","WR","2543495","robust",NA,NA,NA,NA,NA,NA,NA,NA,NA,NA,0,0,0,0,0,0,0.0925,0.022239,0,NA,0,NA,7.6,0.148259999999999,97.48,11.1195,0.85,0.14826,NA,NA,NA,NA,NA,NA,NA,NA,NA,NA,NA,NA,NA,NA,NA,NA,NA,NA,NA,NA,NA,NA,NA,NA,NA,NA
"116","DeAndre Hopkins","ARI","WR","2540165","robust",NA,NA,NA,NA,NA,NA,NA,NA,NA,NA,0.07,NA,0.408,0.1363992,0,0,0.09375,0.0185325,0,NA,0,NA,6.9925,0.103781999999999,89.11,5.57457600000001,0.6375,0.14826,NA,NA,NA,NA,NA,NA,NA,NA,NA,NA,NA,NA,NA,NA,NA,NA,NA,NA,NA,NA,NA,NA,NA,NA,NA,NA
"117","Adam Thielen","MIN","WR","2541785","robust",NA,NA,NA,NA,NA,NA,NA,NA,NA,NA,0.14,NA,0.91,0.429954,0.0103409090909091,0.0168477272727273,0.09875,0.0037065,0,NA,0,NA,5.59,0.326172,78.725,5.48562,0.675,0.14826,NA,NA,NA,NA,NA,NA,NA,NA,NA,NA,NA,NA,NA,NA,NA,NA,NA,NA,NA,NA,NA,NA,NA,NA,NA,NA
"118","Amari Cooper","DAL","WR","2552487","robust",NA,NA,NA,NA,NA,NA,NA,NA,NA,NA,0.06,0.059304,0.38,0.326172,0,0,0.09625,0.0111195,0,NA,0,NA,5.71,0.444780000000001,78.345,4.31436599999999,0.59,0.0889560000000001,NA,NA,NA,NA,NA,NA,NA,NA,NA,NA,NA,NA,NA,NA,NA,NA,NA,NA,NA,NA,NA,NA,NA,NA,NA,NA
"119","Will Fuller","HOU","WR","2555346","robust",NA,NA,NA,NA,NA,NA,NA,NA,NA,NA,0.22,0.029652,1.33666666666667,0.647402,0.00333333333333333,0.004942,0.01,0.014826,0,NA,0,NA,4.995,0.296519999999999,66.9,3.869586,0.4,0.22239,NA,NA,NA,NA,NA,NA,NA,NA,NA,NA,NA,NA,NA,NA,NA,NA,NA,NA,NA,NA,NA,NA,NA,NA,NA,NA
"120","Tyreek Hill","KC","WR","2556214","robust",NA,NA,NA,NA,NA,NA,NA,NA,NA,NA,0.4775,NA,4.036,1.3669572,0.022324653024911,0.00926709418505338,0.0375,0.0185325,0,NA,0,NA,5.5,0.252042,78.9,4.00302,0.675,0.14826,NA,NA,NA,NA,NA,NA,NA,NA,NA,NA,NA,NA,NA,NA,NA,NA,NA,NA,NA,NA,NA,NA,NA,NA,NA,NA
"121","Allen Robinson","CHI","WR","2543509","robust",NA,NA,NA,NA,NA,NA,NA,NA,NA,NA,0.1,NA,0.418,0.2698332,0,0,0.09125,0.0259455,0,NA,0,NA,5.85,0.29652,74.3,2.9652,0.5,0.044478,NA,NA,NA,NA,NA,NA,NA,NA,NA,NA,NA,NA,NA,NA,NA,NA,NA,NA,NA,NA,NA,NA,NA,NA,NA,NA
"122","Stefon Diggs","BUF","WR","2552608","robust",NA,NA,NA,NA,NA,NA,NA,NA,NA,NA,0.3,NA,3.3825,0.467019,0.00435617103984451,0.0048735612244898,0.06,0.014826,0,NA,0,NA,5.39,0.311346,74.65,8.332212,0.435,0.022239,NA,NA,NA,NA,NA,NA,NA,NA,NA,NA,NA,NA,NA,NA,NA,NA,NA,NA,NA,NA,NA,NA,NA,NA,NA,NA
"123","JuJu Smith-Schuster","PIT","WR","2558149","robust",NA,NA,NA,NA,NA,NA,NA,NA,NA,NA,0,0,0.085,0.029652,0,0,0.035,0.007413,0,NA,0,NA,5.25,0.148259999999999,69.35,3.55823999999999,0.575,0.088956,NA,NA,NA,NA,NA,NA,NA,NA,NA,NA,NA,NA,NA,NA,NA,NA,NA,NA,NA,NA,NA,NA,NA,NA,NA,NA
"124","Calvin Ridley","ATL","WR","2560854","robust",NA,NA,NA,NA,NA,NA,NA,NA,NA,NA,0.18,NA,1.469,0.0919212000000001,0,0,0.0925,0.022239,0,NA,0,NA,5.855,0.29652,76.025,2.49076799999999,0.675,0.014826,NA,NA,NA,NA,NA,NA,NA,NA,NA,NA,NA,NA,NA,NA,NA,NA,NA,NA,NA,NA,NA,NA,NA,NA,NA,NA
"125","Cooper Kupp","LAR","WR","2557898","robust",NA,NA,NA,NA,NA,NA,NA,NA,NA,NA,0.0666666666666667,0.04942,0.3,0.14826,0,0,0.0333333333333333,0.04942,0,NA,0,NA,5.4,0.148260000000001,66.97,4.25506200000001,0.6,0.14826,NA,NA,NA,NA,NA,NA,NA,NA,NA,NA,NA,NA,NA,NA,NA,NA,NA,NA,NA,NA,NA,NA,NA,NA,NA,NA
"126","Robert Woods","LAR","WR","2540169","robust",NA,NA,NA,NA,NA,NA,NA,NA,NA,NA,0.805,NA,5.329,0.171981600000001,0.0256687006043701,0.00684634145746165,0.0875,0.037065,0,NA,0,NA,5.8,0.59304,76.825,3.7065,0.3475,0.14826,NA,NA,NA,NA,NA,NA,NA,NA,NA,NA,NA,NA,NA,NA,NA,NA,NA,NA,NA,NA,NA,NA,NA,NA,NA,NA
"127","A.J. Green","CIN","WR","2495450","robust",NA,NA,NA,NA,NA,NA,NA,NA,NA,NA,0,0,0.0666666666666667,0.04942,0,0,0.05,0,0,NA,0,NA,5,0.518909999999999,68,0.593040000000008,0.4,0,NA,NA,NA,NA,NA,NA,NA,NA,NA,NA,NA,NA,NA,NA,NA,NA,NA,NA,NA,NA,NA,NA,NA,NA,NA,NA
"128","Tyler Lockett","SEA","WR","2552430","robust",NA,NA,NA,NA,NA,NA,NA,NA,NA,NA,0.25,NA,1.60625,0.22053675,0.00109831871345029,0.0016283673245614,0.05,0.07413,0,NA,0,NA,5.305,0.22239,72.4,2.77246200000001,0.7,0.088956,NA,NA,NA,NA,NA,NA,NA,NA,NA,NA,NA,NA,NA,NA,NA,NA,NA,NA,NA,NA,NA,NA,NA,NA,NA,NA
"129","T.Y. Hilton","IND","WR","2532865","robust",NA,NA,NA,NA,NA,NA,NA,NA,NA,NA,0.0125,0.0185325,0.075,0.07413,0,0,0,0,0,NA,0,NA,4.935,0.222390000000001,71.7,4.062324,0.45,0.044478,NA,NA,NA,NA,NA,NA,NA,NA,NA,NA,NA,NA,NA,NA,NA,NA,NA,NA,NA,NA,NA,NA,NA,NA,NA,NA
"130","Mike Evans","TB","WR","2543468","robust",NA,NA,NA,NA,NA,NA,NA,NA,NA,NA,0.01,0,0.226,0.0770952,0.00125,0.0037065,0.00375,0.0111195,0,NA,0,NA,5.1,0.459606000000001,75.7,1.4826,0.68,0.118608,NA,NA,NA,NA,NA,NA,NA,NA,NA,NA,NA,NA,NA,NA,NA,NA,NA,NA,NA,NA,NA,NA,NA,NA,NA,NA
"131","D.J. Moore","CAR","WR","2560813","robust",NA,NA,NA,NA,NA,NA,NA,NA,NA,NA,0.2975,NA,2.701,1.0556112,0.00170408163265306,0.00208017857142857,0.09625,0.0111195,0,NA,0,NA,5.4,0.44478,73.58,2.37215999999999,0.37,0.088956,NA,NA,NA,NA,NA,NA,NA,NA,NA,NA,NA,NA,NA,NA,NA,NA,NA,NA,NA,NA,NA,NA,NA,NA,NA,NA
"132","Mike Williams","LAC","WR","2558846","robust",NA,NA,NA,NA,NA,NA,NA,NA,NA,NA,0.15,NA,1.39,0.437367,0.00351010101010101,0.00260203787878788,0,0,0,NA,0,NA,3.1425,0.214977,53.975,1.66792500000001,0.2525,0.051891,NA,NA,NA,NA,NA,NA,NA,NA,NA,NA,NA,NA,NA,NA,NA,NA,NA,NA,NA,NA,NA,NA,NA,NA,NA,NA
"133","Marquise Brown","BAL","WR","2562379","robust",NA,NA,NA,NA,NA,NA,NA,NA,NA,NA,0.566666666666667,0.09884,4.56666666666667,2.91578,0,0,0.0333333333333333,0.04942,0,NA,0,NA,4.6,0.177911999999999,64.9,7.38334800000001,0.5,0.163086,NA,NA,NA,NA,NA,NA,NA,NA,NA,NA,NA,NA,NA,NA,NA,NA,NA,NA,NA,NA,NA,NA,NA,NA,NA,NA
"134","Jarvis Landry","CLE","WR","2543488","robust",NA,NA,NA,NA,NA,NA,NA,NA,NA,NA,0.1,0,0.733333333333333,0.54362,0,0,0.0133333333333333,0.019768,0,NA,0,NA,4.45,0.518909999999999,63.5,9.25142399999999,0.35,0,NA,NA,NA,NA,NA,NA,NA,NA,NA,NA,NA,NA,NA,NA,NA,NA,NA,NA,NA,NA,NA,NA,NA,NA,NA,NA
"135","D.J. Chark","JAC","WR","2561018","robust",NA,NA,NA,NA,NA,NA,NA,NA,NA,NA,0.1,NA,0.983333333333333,0.0247099999999999,0,0,0,0,0,NA,0,NA,4.73,0.192738000000001,61.3,4.89258,0.5,0.14826,NA,NA,NA,NA,NA,NA,NA,NA,NA,NA,NA,NA,NA,NA,NA,NA,NA,NA,NA,NA,NA,NA,NA,NA,NA,NA
"136","Terry McLaurin","WAS","WR","2562489","robust",NA,NA,NA,NA,NA,NA,NA,NA,NA,NA,0.04,0.059304,0.08,0.118608,0,0,0.0125,0.037065,0,NA,0,NA,4.9,0.266868,71.2,1.92738,0.4775,0.0148259999999999,NA,NA,NA,NA,NA,NA,NA,NA,NA,NA,NA,NA,NA,NA,NA,NA,NA,NA,NA,NA,NA,NA,NA,NA,NA,NA
"137","DK Metcalf","SEA","WR","2562685","robust",NA,NA,NA,NA,NA,NA,NA,NA,NA,NA,0.05,NA,0.593333333333333,0.00988400000000006,0,0,0.133333333333333,0.04942,0,NA,0,NA,4.38,0.118608,67.6,5.10014400000002,0.73,0.059304,NA,NA,NA,NA,NA,NA,NA,NA,NA,NA,NA,NA,NA,NA,NA,NA,NA,NA,NA,NA,NA,NA,NA,NA,NA,NA
"138","Darius Slayton","NYG","WR","2562736","robust",NA,NA,NA,NA,NA,NA,NA,NA,NA,NA,0.05,0.037065,0.35,0.259455,0,0,0,0,0,NA,0,NA,4.225,0.370650000000001,59.75,1.40847,0.575,0.0741300000000001,NA,NA,NA,NA,NA,NA,NA,NA,NA,NA,NA,NA,NA,NA,NA,NA,NA,NA,NA,NA,NA,NA,NA,NA,NA,NA
"139","Michael Gallup","DAL","WR","2560735","robust",NA,NA,NA,NA,NA,NA,NA,NA,NA,NA,0.0333333333333333,0.04942,0.0666666666666667,0.09884,0,0,0,0,0,NA,0,NA,4.255,0.44478,68.535,3.11345999999999,0.5,0.118608,NA,NA,NA,NA,NA,NA,NA,NA,NA,NA,NA,NA,NA,NA,NA,NA,NA,NA,NA,NA,NA,NA,NA,NA,NA,NA
"140","John Brown","BUF","WR","2543847","robust",NA,NA,NA,NA,NA,NA,NA,NA,NA,NA,0.165,NA,1.34,0.0593040000000001,0.00402402402402402,0.00596601801801802,0,0,0,NA,0,NA,4.2,0.59304,57.8,15.5673,0.5,0.14826,NA,NA,NA,NA,NA,NA,NA,NA,NA,NA,NA,NA,NA,NA,NA,NA,NA,NA,NA,NA,NA,NA,NA,NA,NA,NA
"141","Odell Beckham","CLE","WR","2543496","robust",NA,NA,NA,NA,NA,NA,NA,NA,NA,NA,0.055,NA,0.58,0.103782,0,0,0.08875,0.01667925,0,NA,0,NA,4.65,0.29652,66.45,2.14977,0.4,0.07413,NA,NA,NA,NA,NA,NA,NA,NA,NA,NA,NA,NA,NA,NA,NA,NA,NA,NA,NA,NA,NA,NA,NA,NA,NA,NA
"142","Emmanuel Sanders","NO","WR","497322","robust",NA,NA,NA,NA,NA,NA,NA,NA,NA,NA,0.0666666666666667,0.04942,0.333333333333333,0.2471,0,0,0,0,0,NA,0,NA,5.09,0.578213999999999,59.2,0.815430000000006,0.55,0.014826,NA,NA,NA,NA,NA,NA,NA,NA,NA,NA,NA,NA,NA,NA,NA,NA,NA,NA,NA,NA,NA,NA,NA,NA,NA,NA
"143","Corey Davis","TEN","WR","2557848","robust",NA,NA,NA,NA,NA,NA,NA,NA,NA,NA,0.05,NA,0.703333333333333,0.138376,0,0,0,0,0,NA,0,NA,4.195,0.444780000000001,61.72,9.310728,0.35,0.088956,NA,NA,NA,NA,NA,NA,NA,NA,NA,NA,NA,NA,NA,NA,NA,NA,NA,NA,NA,NA,NA,NA,NA,NA,NA,NA
"144","Marvin Jones","DET","WR","2532884","robust",NA,NA,NA,NA,NA,NA,NA,NA,NA,NA,0.05,NA,0.0566666666666667,0.168028,0,0,0.0333333333333333,0.04942,0,NA,0,NA,4.66,0.504084,67,1.49742600000001,0.4,0.22239,NA,NA,NA,NA,NA,NA,NA,NA,NA,NA,NA,NA,NA,NA,NA,NA,NA,NA,NA,NA,NA,NA,NA,NA,NA,NA
"145","Keenan Allen","LAC","WR","2540154","robust",NA,NA,NA,NA,NA,NA,NA,NA,NA,NA,0.18,NA,2.30333333333333,0.158144,0.00637159981558322,0.00944653388658368,0.0333333333333333,0.04942,0,NA,0,NA,5.48,0.504084,62.42,6.16761599999999,0.35,0.07413,NA,NA,NA,NA,NA,NA,NA,NA,NA,NA,NA,NA,NA,NA,NA,NA,NA,NA,NA,NA,NA,NA,NA,NA,NA,NA
"146","Courtland Sutton","DEN","WR","2560888","robust",NA,NA,NA,NA,NA,NA,NA,NA,NA,NA,0.05,NA,0.42,0.118608,0,0,0,0,0,NA,0,NA,3.8,0.29652,55.8,4.74432,0.35,0.14826,NA,NA,NA,NA,NA,NA,NA,NA,NA,NA,NA,NA,NA,NA,NA,NA,NA,NA,NA,NA,NA,NA,"Q","Shoulder - AC Joint",2,2020
"147","DeVante Parker","MIA","WR","2552409","robust",NA,NA,NA,NA,NA,NA,NA,NA,NA,NA,0.0233333333333333,0.034594,0.193333333333333,0.138376,0,0,0,0,0,NA,0,NA,3.95,0.148259999999999,58,4.59606,0.4,0.14826,NA,NA,NA,NA,NA,NA,NA,NA,NA,NA,NA,NA,NA,NA,NA,NA,NA,NA,NA,NA,NA,NA,"Q","Hamstring",2,2020
"148","Julian Edelman","NE","WR","238498","robust",NA,NA,NA,NA,NA,NA,NA,NA,NA,NA,0.39,NA,4.23666666666667,0.647402,0.005,0.00386390226876091,0.08,0.029652,0,NA,0,NA,5.05,0.148259999999999,61.4,3.26172,0.32,0.14826,NA,NA,NA,NA,NA,NA,NA,NA,NA,NA,NA,NA,NA,NA,NA,NA,NA,NA,NA,NA,NA,NA,"Q","Knee",2,2020
"149","Sterling Shepard","NYG","WR","2555295","robust",NA,NA,NA,NA,NA,NA,NA,NA,NA,NA,0.15,NA,2.12,0.326172,0,0,0.0433333333333333,0.019768,0,NA,0,NA,4.8,0.148260000000001,52.2,2.2239,0.2,0,NA,NA,NA,NA,NA,NA,NA,NA,NA,NA,NA,NA,NA,NA,NA,NA,NA,NA,NA,NA,NA,NA,NA,NA,NA,NA
"150","Preston Williams","MIA","WR","2562805","robust",NA,NA,NA,NA,NA,NA,NA,NA,NA,NA,0.035,NA,0.293333333333333,0.00988399999999998,0,0,0.0566666666666667,0.019768,0,NA,0,NA,4.1,0.29652,56,8.59908,0.2,0.14826,NA,NA,NA,NA,NA,NA,NA,NA,NA,NA,NA,NA,NA,NA,NA,NA,NA,NA,NA,NA,NA,NA,NA,NA,NA,NA
"151","Anthony Miller","CHI","WR","2560810","robust",NA,NA,NA,NA,NA,NA,NA,NA,NA,NA,0.14,NA,1.06666666666667,0.09884,0.00187134502923977,0.00277445614035088,0.0533333333333333,0.00988399999999999,0,NA,0,NA,4.2,0.148260000000001,57.1,7.413,0.5,0.281694,NA,NA,NA,NA,NA,NA,NA,NA,NA,NA,NA,NA,NA,NA,NA,NA,NA,NA,NA,NA,NA,NA,NA,NA,NA,NA
"152","Tyler Boyd","CIN","WR","2555466","robust",NA,NA,NA,NA,NA,NA,NA,NA,NA,NA,0.1,NA,1.19333333333333,0.286636,0.00452020202020202,0.00670165151515152,0.06,0.029652,0,NA,0,NA,4.815,0.148260000000001,56,2.56489800000001,0.25,0.133434,NA,NA,NA,NA,NA,NA,NA,NA,NA,NA,NA,NA,NA,NA,NA,NA,NA,NA,NA,NA,NA,NA,NA,NA,NA,NA
"153","Danny Amendola","DET","WR","2649","robust",NA,NA,NA,NA,NA,NA,NA,NA,NA,NA,0.0333333333333333,0.04942,0.1,0.14826,0,0,0.0333333333333333,0.04942,0,NA,0,NA,4.05,0.681996,50.2,9.19212,0.105,0.059304,NA,NA,NA,NA,NA,NA,NA,NA,NA,NA,NA,NA,NA,NA,NA,NA,NA,NA,NA,NA,NA,NA,NA,NA,NA,NA
"154","Sammy Watkins","KC","WR","2543457","robust",NA,NA,NA,NA,NA,NA,NA,NA,NA,NA,0.2,0,1.2,0.14826,0,0,0.0566666666666667,0.019768,0,NA,0,NA,4.13,0.652344,57,4.00302,0.25,0.14826,NA,NA,NA,NA,NA,NA,NA,NA,NA,NA,NA,NA,NA,NA,NA,NA,NA,NA,NA,NA,NA,NA,NA,NA,NA,NA
"155","Parris Campbell","IND","WR","2562495","robust",NA,NA,NA,NA,NA,NA,NA,NA,NA,NA,0.3,NA,3.60333333333333,0.00494200000000011,0.005,0.0044121559454191,0.0666666666666667,0.04942,0,NA,0,NA,4.63,0.44478,53.3,5.32253399999999,0.39,0.133434,NA,NA,NA,NA,NA,NA,NA,NA,NA,NA,NA,NA,NA,NA,NA,NA,NA,NA,NA,NA,NA,NA,NA,NA,NA,NA
"156","CeeDee Lamb","DAL","WR","2563848","robust",NA,NA,NA,NA,NA,NA,NA,NA,NA,NA,0.1,0,0.6,0.14826,0,0,0.0833333333333333,0.02471,0,NA,0,NA,4.05,0.148259999999999,53.45,7.70951999999999,0.25,0.14826,NA,NA,NA,NA,NA,NA,NA,NA,NA,NA,NA,NA,NA,NA,NA,NA,NA,NA,NA,NA,NA,NA,NA,NA,NA,NA
"157","Breshad Perriman","NYJ","WR","2552597","robust",NA,NA,NA,NA,NA,NA,NA,NA,NA,NA,0.1,NA,0.8,0,0,0,0,0,0,NA,0,NA,3.645,0.44478,52.43,8.688036,0.3,0.088956,NA,NA,NA,NA,NA,NA,NA,NA,NA,NA,NA,NA,NA,NA,NA,NA,NA,NA,NA,NA,NA,NA,NA,NA,NA,NA
"158","Henry Ruggs","LVR","WR","2564433","robust",NA,NA,NA,NA,NA,NA,NA,NA,NA,NA,0.155,NA,1.755,0.2631615,0.00415876777251185,0.00308289454976303,0.065,0.0259455,0,NA,0,NA,3.6775,0.303933,52.85,0.741300000000005,0.2175,0.07413,NA,NA,NA,NA,NA,NA,NA,NA,NA,NA,NA,NA,NA,NA,NA,NA,NA,NA,NA,NA,NA,NA,"Q","Knee",2,2020
"159","Jerry Jeudy","DEN","WR","2563896","robust",NA,NA,NA,NA,NA,NA,NA,NA,NA,NA,0.0666666666666667,0.04942,0.4,0.14826,0,0,0.04,0.029652,0,NA,0,NA,4,0.103782,51.995,2.386986,0.135,0.044478,NA,NA,NA,NA,NA,NA,NA,NA,NA,NA,NA,NA,NA,NA,NA,NA,NA,NA,NA,NA,NA,NA,NA,NA,NA,NA
"160","DeSean Jackson","PHI","WR","1581","robust",NA,NA,NA,NA,NA,NA,NA,NA,NA,NA,0.2,NA,1.59333333333333,0.158144,0.0438384711418419,0.0501689173148948,0,0,0,NA,0,NA,3.21,0.578214,51.32,10.022376,0.155,0.163086,NA,NA,NA,NA,NA,NA,NA,NA,NA,NA,NA,NA,NA,NA,NA,NA,NA,NA,NA,NA,NA,NA,NA,NA,NA,NA
"161","Robby Anderson","CAR","WR","2556462","robust",NA,NA,NA,NA,NA,NA,NA,NA,NA,NA,0.08,NA,0.376666666666667,0.079072,0,0,0,0,0,NA,0,NA,3.8,0.489257999999999,52.2,2.9652,0.3,0.14826,NA,NA,NA,NA,NA,NA,NA,NA,NA,NA,NA,NA,NA,NA,NA,NA,NA,NA,NA,NA,NA,NA,NA,NA,NA,NA
"162","Scott Miller","TB","WR","2562865","robust",NA,NA,NA,NA,NA,NA,NA,NA,NA,NA,0.4,NA,2.7,1.03782,0,0,0,0,0,NA,0,NA,3.75,0.14826,49.575,10.3782,0.225,0,NA,NA,NA,NA,NA,NA,NA,NA,NA,NA,NA,NA,NA,NA,NA,NA,NA,NA,NA,NA,NA,NA,NA,NA,NA,NA
"163","N'Keal Harry","NE","WR","2562659","robust",NA,NA,NA,NA,NA,NA,NA,NA,NA,NA,0.235,NA,2.61333333333333,0.909328,0.005,0.00349697076023392,0.2,0,0,NA,0,NA,3.8,0.44478,45.72,2.37216,0.175,0.14826,NA,NA,NA,NA,NA,NA,NA,NA,NA,NA,NA,NA,NA,NA,NA,NA,NA,NA,NA,NA,NA,NA,"Q","Shoulder",2,2020
"164","Cole Beasley","BUF","WR","2535698","robust",NA,NA,NA,NA,NA,NA,NA,NA,NA,NA,0,0,0,0,0,0,0,0,0,NA,0,NA,3.95,0.29652,43.7,7.26474,0.2,0.014826,NA,NA,NA,NA,NA,NA,NA,NA,NA,NA,NA,NA,NA,NA,NA,NA,NA,NA,NA,NA,NA,NA,NA,NA,NA,NA
"165","Allen Lazard","GB","WR","2560787","robust",NA,NA,NA,NA,NA,NA,NA,NA,NA,NA,0.085,NA,2.02666666666667,0.336056,0,0,0.00333333333333333,0.004942,0,NA,0,NA,3.65,0.59304,50.87,2.905896,0.4,0.14826,NA,NA,NA,NA,NA,NA,NA,NA,NA,NA,NA,NA,NA,NA,NA,NA,NA,NA,NA,NA,NA,NA,NA,NA,NA,NA
"166","Marquez Valdes-Scantling","GB","WR","2560907","robust",NA,NA,NA,NA,NA,NA,NA,NA,NA,NA,0.1,0,0.566666666666667,0.34594,0,0,0.00333333333333333,0.004942,0,NA,0,NA,2.75,0.415128,40.07,1.63086,0.17,0.14826,NA,NA,NA,NA,NA,NA,NA,NA,NA,NA,NA,NA,NA,NA,NA,NA,NA,NA,NA,NA,NA,NA,NA,NA,NA,NA
"167","Diontae Johnson","PIT","WR","2562674","robust",NA,NA,NA,NA,NA,NA,NA,NA,NA,NA,0.15,NA,1.52,0.415128,0.005,0.0060913023255814,0.233333333333333,0.09884,0,NA,0,NA,4.15,0.889559999999999,53.32,0.444779999999996,0.4,0.163086,NA,NA,NA,NA,NA,NA,NA,NA,NA,NA,NA,NA,NA,NA,NA,NA,NA,NA,NA,NA,NA,NA,NA,NA,NA,NA
"168","Brandin Cooks","HOU","WR","2543498","robust",NA,NA,NA,NA,NA,NA,NA,NA,NA,NA,0.25,NA,3.11333333333333,0.256984,0.00352985638699924,0.00523336507936508,0,0,0,NA,0,NA,3.52,0.14826,45,3.55824,0.15,0.059304,NA,NA,NA,NA,NA,NA,NA,NA,NA,NA,NA,NA,NA,NA,NA,NA,NA,NA,NA,NA,NA,NA,"Q","Quadriceps",2,2020
"169","Christian Kirk","ARI","WR","2560781","robust",NA,NA,NA,NA,NA,NA,NA,NA,NA,NA,0.285,NA,2.82,1.008168,0,0,0.0333333333333333,0.04942,0,NA,0,NA,4.42,0.44478,48.855,1.4826,0.2,0.14826,NA,NA,NA,NA,NA,NA,NA,NA,NA,NA,NA,NA,NA,NA,NA,NA,NA,NA,NA,NA,NA,NA,NA,NA,NA,NA
"170","Kendrick Bourne","SF","WR","2558914","robust",NA,NA,NA,NA,NA,NA,NA,NA,NA,NA,0.0533333333333333,0.079072,0.43,0.340998,0.00333333333333333,0.004942,0.00333333333333333,0.004942,0,NA,0,NA,2.96,1.03782,38.45,11.312238,0.2,0,NA,NA,NA,NA,NA,NA,NA,NA,NA,NA,NA,NA,NA,NA,NA,NA,NA,NA,NA,NA,NA,NA,NA,NA,NA,NA
"171","Golden Tate","NYG","WR","497326","robust",NA,NA,NA,NA,NA,NA,NA,NA,NA,NA,0.055,NA,0.936666666666667,0.202622,0,0,0.0566666666666667,0.019768,0,NA,0,NA,3.2,0.59304,40.6,10.52646,0.15,0.14826,NA,NA,NA,NA,NA,NA,NA,NA,NA,NA,NA,NA,NA,NA,NA,NA,NA,NA,NA,NA,NA,NA,"Q","Hamstring",2,2020
"172","Adam Humphries","TEN","WR","2553895","robust",NA,NA,NA,NA,NA,NA,NA,NA,NA,NA,0.0666666666666667,0.04942,0.233333333333333,0.09884,0,0,0.0333333333333333,0.04942,0,NA,0,NA,3.7,0.741300000000001,44.9,3.14311200000001,0.175,0.14826,NA,NA,NA,NA,NA,NA,NA,NA,NA,NA,NA,NA,NA,NA,NA,NA,NA,NA,NA,NA,NA,NA,NA,NA,NA,NA
"173","Jalen Reagor","PHI","WR","2564850","robust",NA,NA,NA,NA,NA,NA,NA,NA,NA,NA,0.07,NA,0.703333333333333,0.00494200000000011,0.00257631257631258,0.00381964102564103,0.0333333333333333,0.04942,0,NA,0,NA,2.86,0.14826,34.65,8.347038,0.12,0.059304,NA,NA,NA,NA,NA,NA,NA,NA,NA,NA,NA,NA,NA,NA,NA,NA,NA,NA,NA,NA,NA,NA,NA,NA,NA,NA
"174","Laviska Shenault","JAC","WR","2564232","robust",NA,NA,NA,NA,NA,NA,NA,NA,NA,NA,0.735,NA,8.895,0.737593499999999,0.0224848331648129,0.0166680068250758,0.075,0.0185325,0,NA,0,NA,3.0875,0.22239,39,4.314366,0.185,0.014826,NA,NA,NA,NA,NA,NA,NA,NA,NA,NA,NA,NA,NA,NA,NA,NA,NA,NA,NA,NA,NA,NA,NA,NA,NA,NA
"175","Hunter Renfrow","LVR","WR","2562712","robust",NA,NA,NA,NA,NA,NA,NA,NA,NA,NA,0.0333333333333333,0.04942,0.1,0.14826,0,0,0.00333333333333333,0.004942,0,NA,0,NA,3.8,0.0889559999999994,46.5,1.423296,0.25,0.088956,NA,NA,NA,NA,NA,NA,NA,NA,NA,NA,NA,NA,NA,NA,NA,NA,NA,NA,NA,NA,NA,NA,NA,NA,NA,NA
"176","Brandon Aiyuk","SF","WR","2565093","robust",NA,NA,NA,NA,NA,NA,NA,NA,NA,NA,0.1,NA,0.963333333333333,0.0543619999999999,0.00294597349643221,0.0043677003058104,0.0433333333333333,0.019768,0,NA,0,NA,2.55,0.29652,38.755,9.6369,0.2,0,NA,NA,NA,NA,NA,NA,NA,NA,NA,NA,NA,NA,NA,NA,NA,NA,NA,NA,NA,NA,NA,NA,NA,NA,NA,NA
"177","Chris Hogan","NYJ","WR","2530515","robust",NA,NA,NA,NA,NA,NA,NA,NA,NA,NA,0,0,0.05,0.037065,0,0,0,0,0,NA,0,NA,3.075,0.770952,31.4275,14.462763,0.115,0.14826,NA,NA,NA,NA,NA,NA,NA,NA,NA,NA,NA,NA,NA,NA,NA,NA,NA,NA,NA,NA,NA,NA,NA,NA,NA,NA
"178","Tre'Quan Smith","NO","WR","2560878","robust",NA,NA,NA,NA,NA,NA,NA,NA,NA,NA,0,0,0.0666666666666667,0.04942,0,0,0,0,0,NA,0,NA,2.85,0.44478,38.995,9.34038,0.35,0.22239,NA,NA,NA,NA,NA,NA,NA,NA,NA,NA,NA,NA,NA,NA,NA,NA,NA,NA,NA,NA,NA,NA,NA,NA,NA,NA
"179","Russell Gage","ATL","WR","2561061","robust",NA,NA,NA,NA,NA,NA,NA,NA,NA,NA,0.1,NA,0.956666666666667,0.168028,0.00298026998961578,0.00441854828660436,0.0666666666666667,0.04942,0,NA,0,NA,4.06,0.59304,41.29,1.03782,0.125,0.14826,NA,NA,NA,NA,NA,NA,NA,NA,NA,NA,NA,NA,NA,NA,NA,NA,NA,NA,NA,NA,NA,NA,NA,NA,NA,NA
"180","Olabisi Johnson","MIN","WR","2562465","robust",NA,NA,NA,NA,NA,NA,NA,NA,NA,NA,0.05,NA,0.4,0,0,0,0,0,0,NA,0,NA,2.75,0.14826,36.25,8.1543,0.075,0,NA,NA,NA,NA,NA,NA,NA,NA,NA,NA,NA,NA,NA,NA,NA,NA,NA,NA,NA,NA,NA,NA,NA,NA,NA,NA
"181","Justin Jefferson","MIN","WR","2564556","robust",NA,NA,NA,NA,NA,NA,NA,NA,NA,NA,0.05,NA,0.553333333333333,0.0691879999999999,0,0,0.0466666666666667,0.009884,0,NA,0,NA,3.03,0.489257999999999,39.1,7.679868,0.175,0.14826,NA,NA,NA,NA,NA,NA,NA,NA,NA,NA,NA,NA,NA,NA,NA,NA,NA,NA,NA,NA,NA,NA,NA,NA,NA,NA
"182","James Washington","PIT","WR","2560920","robust",NA,NA,NA,NA,NA,NA,NA,NA,NA,NA,0.0333333333333333,0.04942,0.0666666666666667,0.09884,0,0,0.05,0,0,NA,0,NA,2.7,0.29652,38.805,5.33735999999999,0.2,0.14826,NA,NA,NA,NA,NA,NA,NA,NA,NA,NA,NA,NA,NA,NA,NA,NA,NA,NA,NA,NA,NA,NA,NA,NA,NA,NA
"183","Quintez Cephus","DET","WR","2563926","robust",NA,NA,NA,NA,NA,NA,NA,NA,NA,NA,0.05,NA,0.7,0,0,0,0.05,0.07413,0,NA,0,NA,2.275,0.59304,32.25,8.8956,0.025,0,NA,NA,NA,NA,NA,NA,NA,NA,NA,NA,NA,NA,NA,NA,NA,NA,NA,NA,NA,NA,NA,NA,NA,NA,NA,NA
"184","Curtis Samuel","CAR","WR","2558066","robust",NA,NA,NA,NA,NA,NA,NA,NA,NA,NA,0.69,NA,6.06666666666667,0.0988399999999996,0.0349774902583891,0.0222056270570877,0,0,0,NA,0,NA,3.35,0.7413,35.25,6.790308,0.2,0.029652,NA,NA,NA,NA,NA,NA,NA,NA,NA,NA,NA,NA,NA,NA,NA,NA,NA,NA,NA,NA,NA,NA,NA,NA,NA,NA
"185","Mecole Hardman","KC","WR","2562580","robust",NA,NA,NA,NA,NA,NA,NA,NA,NA,NA,0.285,NA,1.90333333333333,0.894502,0.00333041703120443,0.00493767629046369,0.05,0,0,NA,0,NA,2.05,0.59304,30.8,11.56428,0.2,0.103782,NA,NA,NA,NA,NA,NA,NA,NA,NA,NA,NA,NA,NA,NA,NA,NA,NA,NA,NA,NA,NA,NA,NA,NA,NA,NA
"186","Larry Fitzgerald","ARI","WR","2506106","robust",NA,NA,NA,NA,NA,NA,NA,NA,NA,NA,0,0,0,0,0,0,0.01,0.014826,0,NA,0,NA,3.395,0.459606,37.2,1.4826,0.15,0.059304,NA,NA,NA,NA,NA,NA,NA,NA,NA,NA,NA,NA,NA,NA,NA,NA,NA,NA,NA,NA,NA,NA,NA,NA,NA,NA
"187",NA,NA,"WR","0","robust",NA,NA,NA,NA,NA,NA,NA,NA,NA,NA,0.25,NA,4.5,0,0.0441176470588235,0,0.045,0.029652,0,NA,0,NA,1.325,0.88956,16.725,13.3434,0.05,0.059304,NA,NA,NA,NA,NA,NA,NA,NA,NA,NA,NA,NA,NA,NA,NA,NA,NA,NA,NA,NA,NA,NA,NA,NA,NA,NA
"188","Josh Reynolds","LAR","WR","2558194","robust",NA,NA,NA,NA,NA,NA,NA,NA,NA,NA,0.133333333333333,0.04942,0.733333333333333,0.0988400000000001,0,0,0,0,0,NA,0,NA,1.635,0.14826,24,3.202416,0.1,0.059304,NA,NA,NA,NA,NA,NA,NA,NA,NA,NA,NA,NA,NA,NA,NA,NA,NA,NA,NA,NA,NA,NA,NA,NA,NA,NA
"189","Randall Cobb","HOU","WR","2495448","robust",NA,NA,NA,NA,NA,NA,NA,NA,NA,NA,0.2,NA,1.43333333333333,0.4942,0.00159259259259259,0.00236117777777778,0.0433333333333333,0.019768,0,NA,0,NA,2.7,0.266868,35,1.4826,0.095,0.07413,NA,NA,NA,NA,NA,NA,NA,NA,NA,NA,NA,NA,NA,NA,NA,NA,NA,NA,NA,NA,NA,NA,NA,NA,NA,NA
"190","Van Jefferson","LAR","WR","2564358","robust",NA,NA,NA,NA,NA,NA,NA,NA,NA,NA,0.0666666666666667,0.04942,0.366666666666667,0.19768,0,0,0.0333333333333333,0.04942,0,NA,0,NA,1.55,0.311346,25.1,14.989086,0.08,0.088956,NA,NA,NA,NA,NA,NA,NA,NA,NA,NA,NA,NA,NA,NA,NA,NA,NA,NA,NA,NA,NA,NA,NA,NA,NA,NA
"191","Keelan Cole","JAC","WR","2559153","robust",NA,NA,NA,NA,NA,NA,NA,NA,NA,NA,0.05,NA,0.53,0.0593040000000001,0,0,0.0333333333333333,0.04942,0,NA,0,NA,2.5,0.148259999999999,34.18,2.52042,0.18,0.059304,NA,NA,NA,NA,NA,NA,NA,NA,NA,NA,NA,NA,NA,NA,NA,NA,NA,NA,NA,NA,NA,NA,NA,NA,NA,NA
"192","Jakeem Grant","MIA","WR","2556190","robust",NA,NA,NA,NA,NA,NA,NA,NA,NA,NA,0.22,NA,1.70666666666667,0.0098839999999999,0.0688371385083714,0.0262038831050228,0,0,0,NA,0,NA,2.1,0.14826,24.1,5.78214,0.1,0.14826,NA,NA,NA,NA,NA,NA,NA,NA,NA,NA,NA,NA,NA,NA,NA,NA,NA,NA,NA,NA,NA,NA,NA,NA,NA,NA
"193","Bryan Edwards","LVR","WR","2564418","robust",NA,NA,NA,NA,NA,NA,NA,NA,NA,NA,0.05,NA,0.61,0.014826,0,0,0.0333333333333333,0.04942,0,NA,0,NA,2.3,0.44478,28.1,7.11648,0.095,0.133434,NA,NA,NA,NA,NA,NA,NA,NA,NA,NA,NA,NA,NA,NA,NA,NA,NA,NA,NA,NA,NA,NA,NA,NA,NA,NA
"194","Marvin Hall","DET","WR","2557034","robust",NA,NA,NA,NA,NA,NA,NA,NA,NA,NA,0.025,0.02471,0.3,0.22239,0,0,0,0,0,NA,0,NA,1.125,0.244629,23.2925,8.517537,0.1,0.014826,NA,NA,NA,NA,NA,NA,NA,NA,NA,NA,NA,NA,NA,NA,NA,NA,NA,NA,NA,NA,NA,NA,NA,NA,NA,NA
"195","Willie Snead","BAL","WR","2550256","robust",NA,NA,NA,NA,NA,NA,NA,NA,NA,NA,0.0666666666666667,0.04942,0.266666666666667,0.04942,0,0,0,0,0,NA,0,NA,2.4,0.29652,28.035,5.085318,0.2,0.14826,NA,NA,NA,NA,NA,NA,NA,NA,NA,NA,NA,NA,NA,NA,NA,NA,NA,NA,NA,NA,NA,NA,NA,NA,NA,NA
"196","Chris Conley","JAC","WR","2552652","robust",NA,NA,NA,NA,NA,NA,NA,NA,NA,NA,0,0,0,0,0,0,0,0,0,NA,0,NA,2.15,0.29652,29.095,0.874734,0.1,0.07413,NA,NA,NA,NA,NA,NA,NA,NA,NA,NA,NA,NA,NA,NA,NA,NA,NA,NA,NA,NA,NA,NA,NA,NA,NA,NA
"197","Miles Boykin","BAL","WR","2562631","robust",NA,NA,NA,NA,NA,NA,NA,NA,NA,NA,0,0,0,0,0,0,0,0,0,NA,0,NA,2.32,0.59304,29.5,5.811792,0.15,0.088956,NA,NA,NA,NA,NA,NA,NA,NA,NA,NA,NA,NA,NA,NA,NA,NA,NA,NA,NA,NA,NA,NA,NA,NA,NA,NA
"198","Dontrelle Inman","WAS","WR","2530700","robust",NA,NA,NA,NA,NA,NA,NA,NA,NA,NA,0,0,0,0,0,0,0,0,0,NA,0,NA,2.305,0.14826,27.1,8.465646,0.09,0.029652,NA,NA,NA,NA,NA,NA,NA,NA,NA,NA,NA,NA,NA,NA,NA,NA,NA,NA,NA,NA,NA,NA,NA,NA,NA,NA
"199","Zach Pascal","IND","WR","2558877","robust",NA,NA,NA,NA,NA,NA,NA,NA,NA,NA,0.1,0,0.6,0,0,0,0.00666666666666667,0.009884,0,NA,0,NA,1.995,0.163086,25.52,3.825108,0.13,0.088956,NA,NA,NA,NA,NA,NA,NA,NA,NA,NA,NA,NA,NA,NA,NA,NA,NA,NA,NA,NA,NA,NA,"Q","Ankle",2,2020
"200","John Ross","CIN","WR","2558010","robust",NA,NA,NA,NA,NA,NA,NA,NA,NA,NA,0.13,NA,0.526666666666667,0.0395359999999999,0,0,0.0533333333333333,0.00988399999999999,0,NA,0,NA,2.2,0.207564,31.11,0.326171999999998,0.2,0,NA,NA,NA,NA,NA,NA,NA,NA,NA,NA,NA,NA,NA,NA,NA,NA,NA,NA,NA,NA,NA,NA,NA,NA,NA,NA
"201","Nelson Agholor","LVR","WR","2552600","robust",NA,NA,NA,NA,NA,NA,NA,NA,NA,NA,0.14,NA,0.815,0.192738,0,0,0.04,0.032123,0,NA,0,NA,1.66,0.29652,18.2625,3.40998,0.2,0.14826,NA,NA,NA,NA,NA,NA,NA,NA,NA,NA,NA,NA,NA,NA,NA,NA,NA,NA,NA,NA,NA,NA,NA,NA,NA,NA
"202","Chase Claypool","PIT","WR","2564970","robust",NA,NA,NA,NA,NA,NA,NA,NA,NA,NA,0.1,0,0.4,0,0,0,0.0333333333333333,0.04942,0,NA,0,NA,1.9,0.14826,23.33,4.29954,0.1,0.14826,NA,NA,NA,NA,NA,NA,NA,NA,NA,NA,NA,NA,NA,NA,NA,NA,NA,NA,NA,NA,NA,NA,NA,NA,NA,NA
"203","Braxton Berrios","NYJ","WR","2560975","robust",NA,NA,NA,NA,NA,NA,NA,NA,NA,NA,0.1,NA,0.8,0,0,0,0,0,0,NA,0,NA,1.775,0.88956,22.2,10.08168,0.025,0,NA,NA,NA,NA,NA,NA,NA,NA,NA,NA,NA,NA,NA,NA,NA,NA,NA,NA,NA,NA,NA,NA,NA,NA,NA,NA
"204","Kenny Stills","HOU","WR","2540202","robust",NA,NA,NA,NA,NA,NA,NA,NA,NA,NA,0,0,0,0,0,0,0.00666666666666667,0.009884,0,NA,0,NA,1.9,0.311346,24.7,5.574576,0.15,0.029652,NA,NA,NA,NA,NA,NA,NA,NA,NA,NA,NA,NA,NA,NA,NA,NA,NA,NA,NA,NA,NA,NA,NA,NA,NA,NA
"205","Dede Westbrook","JAC","WR","2557895","robust",NA,NA,NA,NA,NA,NA,NA,NA,NA,NA,0,0,0.4,0.59304,0,0,0,0,0,NA,0,NA,1.455,1.304688,15.595,17.079552,0.105,0.118608,NA,NA,NA,NA,NA,NA,NA,NA,NA,NA,NA,NA,NA,NA,NA,NA,NA,NA,NA,NA,NA,NA,NA,NA,NA,NA
"206","Joe Reed","LAC","WR","2565069","robust",NA,NA,NA,NA,NA,NA,NA,NA,NA,NA,0.1,0.07413,0.375,0.29652,0,0,0.035,0.029652,0,NA,0,NA,0.775,0.578214,11.475,8.769579,0.015,0.014826,NA,NA,NA,NA,NA,NA,NA,NA,NA,NA,NA,NA,NA,NA,NA,NA,NA,NA,NA,NA,NA,NA,NA,NA,NA,NA
"207","Isaiah Ford","MIA","WR","2558071","robust",NA,NA,NA,NA,NA,NA,NA,NA,NA,NA,0.025,0.02471,0.3,0.22239,0,0,0.01,0.009884,0,NA,0,NA,2.5325,0.22239,27.4275,1.949619,0.1,0,NA,NA,NA,NA,NA,NA,NA,NA,NA,NA,NA,NA,NA,NA,NA,NA,NA,NA,NA,NA,NA,NA,NA,NA,NA,NA
"208","Devin Duvernay","BAL","WR","2563551","robust",NA,NA,NA,NA,NA,NA,NA,NA,NA,NA,0.1,0.07413,0.6,0.44478,0,0,0.025,0.02471,0,NA,0,NA,1.285,0.459606,16.85,8.08017,0.0975,0.07413,NA,NA,NA,NA,NA,NA,NA,NA,NA,NA,NA,NA,NA,NA,NA,NA,NA,NA,NA,NA,NA,NA,NA,NA,NA,NA
"209","Demarcus Robinson","KC","WR","2555478","robust",NA,NA,NA,NA,NA,NA,NA,NA,NA,NA,0,0,0,0,0,0,0,0,0,NA,0,NA,1.85,0.44478,21.5,6.37518,0.1,0.014826,NA,NA,NA,NA,NA,NA,NA,NA,NA,NA,NA,NA,NA,NA,NA,NA,NA,NA,NA,NA,NA,NA,NA,NA,NA,NA
"210","Damiere Byrd","NE","WR","2553499","robust",NA,NA,NA,NA,NA,NA,NA,NA,NA,NA,0,0,0,0,0,0,0.005,0.0037065,0,NA,0,NA,2.025,0.0741300000000004,25.4,1.4826,0.06,0.044478,NA,NA,NA,NA,NA,NA,NA,NA,NA,NA,NA,NA,NA,NA,NA,NA,NA,NA,NA,NA,NA,NA,NA,NA,NA,NA
"211","Andy Isabella","ARI","WR","2562669","robust",NA,NA,NA,NA,NA,NA,NA,NA,NA,NA,0.15,NA,1.47,0.103782,0.00243781094527363,0.00361429850746269,0,0,0,NA,0,NA,1.255,0.59304,18.215,10.3782,0.085,0.103782,NA,NA,NA,NA,NA,NA,NA,NA,NA,NA,NA,NA,NA,NA,NA,NA,NA,NA,NA,NA,NA,NA,NA,NA,NA,NA
"212","Trent Taylor","SF","WR","2558202","robust",NA,NA,NA,NA,NA,NA,NA,NA,NA,NA,0,0,0,0,0,0,0.005,0.0037065,0,NA,0,NA,2,0.126021,22.89,2.579724,0.06,0.07413,NA,NA,NA,NA,NA,NA,NA,NA,NA,NA,NA,NA,NA,NA,NA,NA,NA,NA,NA,NA,NA,NA,NA,NA,NA,NA
"213","Greg Ward","PHI","WR","2559278","robust",NA,NA,NA,NA,NA,NA,NA,NA,NA,NA,0.2,NA,0.9,0,0,0,0,0,NA,NA,NA,NA,2.3,0.14826,22.8,4.15128,0.06,0.059304,NA,NA,NA,NA,NA,NA,NA,NA,NA,NA,NA,NA,NA,NA,NA,NA,NA,NA,NA,NA,NA,NA,NA,NA,NA,NA
"214","David Moore","SEA","WR","2558856","robust",NA,NA,NA,NA,NA,NA,NA,NA,NA,NA,0.133333333333333,0.04942,1.3,0.14826,0,0,0.0233333333333333,0.034594,0,NA,0,NA,1.45,0.22239,21.41,2.090466,0.08,0.059304,NA,NA,NA,NA,NA,NA,NA,NA,NA,NA,NA,NA,NA,NA,NA,NA,NA,NA,NA,NA,NA,NA,NA,NA,NA,NA
"215","Michael Pittman","IND","WR","2564136","robust",NA,NA,NA,NA,NA,NA,NA,NA,NA,NA,0.05,0.037065,0.3,0.22239,0,0,0,0,0,NA,0,NA,1.4225,0.66717,17.2075,6.6717,0.07,0.07413,NA,NA,NA,NA,NA,NA,NA,NA,NA,NA,NA,NA,NA,NA,NA,NA,NA,NA,NA,NA,NA,NA,"Q","Toe",2,2020
"216","Rashard Higgins","CLE","WR","2555468","robust",NA,NA,NA,NA,NA,NA,NA,NA,NA,NA,0,0,0,0,0,0,0.015,0.0111195,0,NA,0,NA,1.5725,0.363237,22.035,0.7413,0.115,0.07413,NA,NA,NA,NA,NA,NA,NA,NA,NA,NA,NA,NA,NA,NA,NA,NA,NA,NA,NA,NA,NA,NA,NA,NA,NA,NA
"217","Alex Erickson","CIN","WR","2556519","robust",NA,NA,NA,NA,NA,NA,NA,NA,NA,NA,0.1,NA,0.645,0.822843,0,0,0.04,0.059304,0,NA,0,NA,1.555,0.429954,18.095,6.464136,0.0175,0,NA,NA,NA,NA,NA,NA,NA,NA,NA,NA,NA,NA,NA,NA,NA,NA,NA,NA,NA,NA,NA,NA,NA,NA,NA,NA
"218","Tim Patrick","DEN","WR","2558985","robust",NA,NA,NA,NA,NA,NA,NA,NA,NA,NA,0.0025,NA,0.075,0.0185325,0,0,0.015,0.0111195,0,NA,0,NA,1.65,0.22239,20.395,2.29803,0.05,0.051891,NA,NA,NA,NA,NA,NA,NA,NA,NA,NA,NA,NA,NA,NA,NA,NA,NA,NA,NA,NA,NA,NA,NA,NA,NA,NA
"219","Justin Watson","TB","WR","2560051","robust",NA,NA,NA,NA,NA,NA,NA,NA,NA,NA,0.015,NA,0.235,0.1000755,0,0,0,0,0,NA,0,NA,2,0.111195,20.91,0.904386000000004,0.1,0.051891,NA,NA,NA,NA,NA,NA,NA,NA,NA,NA,NA,NA,NA,NA,NA,NA,NA,NA,NA,NA,NA,NA,NA,NA,NA,NA
"220","Ted Ginn","CHI","WR","2507166","robust",NA,NA,NA,NA,NA,NA,NA,NA,NA,NA,0.14,NA,1.56,0.266868,0.0040625,0.00301153125,0,0,0,NA,0,NA,1.225,0.407715,15.48,5.841444,0.055,0.037065,NA,NA,NA,NA,NA,NA,NA,NA,NA,NA,NA,NA,NA,NA,NA,NA,NA,NA,NA,NA,NA,NA,NA,NA,NA,NA
"221","Kalif Raymond","TEN","WR","2556661","robust",NA,NA,NA,NA,NA,NA,NA,NA,NA,NA,0.3,0.22239,0.8,0.59304,0,0,0.045,0.0333585,0,NA,0,NA,1.165,0.37065,18.9275,2.9652,0.0875,0.07413,NA,NA,NA,NA,NA,NA,NA,NA,NA,NA,NA,NA,NA,NA,NA,NA,NA,NA,NA,NA,NA,NA,NA,NA,NA,NA
"222","Jakobi Meyers","NE","WR","2562492","robust",NA,NA,NA,NA,NA,NA,NA,NA,NA,NA,0,0,0,0,0,0,0,0,0,NA,0,NA,1.46,0.044478,18.46,0.0444780000000017,0.07,0.014826,NA,NA,NA,NA,NA,NA,NA,NA,NA,NA,NA,NA,NA,NA,NA,NA,NA,NA,NA,NA,NA,NA,NA,NA,NA,NA
"223","Josh Malone","FA","WR","2558127","robust",NA,NA,NA,NA,NA,NA,NA,NA,NA,NA,0.13,0.044478,0.85,0.37065,0.005,0.007413,0,0,NA,NA,NA,NA,1.7,0,18.97,0.252042,0.095,0.00741300000000001,NA,NA,NA,NA,NA,NA,NA,NA,NA,NA,NA,NA,NA,NA,NA,NA,NA,NA,NA,NA,NA,NA,NA,NA,NA,NA
"224","Mohamed Sanu","FA","WR","2533040","robust",NA,NA,NA,NA,NA,NA,NA,NA,NA,NA,0.06,0.059304,0.375,0.333585,0,0,0,0,NA,NA,NA,NA,1.305,0.289107,15.62,5.159448,0.085,0.022239,NA,NA,NA,NA,NA,NA,NA,NA,NA,NA,NA,NA,NA,NA,NA,NA,NA,NA,NA,NA,NA,NA,NA,NA,NA,NA
"225","Phillip Dorsett","SEA","WR","2552424","robust",NA,NA,NA,NA,NA,NA,NA,NA,NA,NA,0.005,NA,0.32,0.415128,0,0,0.015,0.022239,0,NA,0,NA,1.205,0.266868,16.2125,3.7065,0.0975,0,NA,NA,NA,NA,NA,NA,NA,NA,NA,NA,NA,NA,NA,NA,NA,NA,NA,NA,NA,NA,NA,NA,"Q","Foot",2,2020
"226","Riley Ridley","CHI","WR","2562713","robust",NA,NA,NA,NA,NA,NA,NA,NA,NA,NA,0,0,0,0,0,0,0.02,0.029652,0,NA,0,NA,0.525,0,5.34,0.0444779999999997,0.055,0.014826,NA,NA,NA,NA,NA,NA,NA,NA,NA,NA,NA,NA,NA,NA,NA,NA,NA,NA,NA,NA,NA,NA,NA,NA,NA,NA
"227","KJ Hamler","DEN","WR","2563890","robust",NA,NA,NA,NA,NA,NA,NA,NA,NA,NA,0.05,0.07413,0.15,0.22239,0,0,0,0,0,NA,0,NA,1.315,0.29652,15.025,3.26172,0.065,0.029652,NA,NA,NA,NA,NA,NA,NA,NA,NA,NA,NA,NA,NA,NA,NA,NA,NA,NA,NA,NA,NA,NA,NA,NA,NA,NA
"228","JJ Arcega-Whiteside","PHI","WR","2562466","robust",NA,NA,NA,NA,NA,NA,NA,NA,NA,NA,0.025,NA,0.28,0.118608,0,0,0,0,0,NA,0,NA,1.0275,0.607866,13.575,2.9652,0.035,0.014826,NA,NA,NA,NA,NA,NA,NA,NA,NA,NA,NA,NA,NA,NA,NA,NA,NA,NA,NA,NA,NA,NA,NA,NA,NA,NA
"229","Cordarrelle Patterson","CHI","WR","2540145","robust",NA,NA,NA,NA,NA,NA,NA,NA,NA,NA,1.9,NA,11.485,4.156222,0.0164796109240554,0.019213342312009,0.025,0.02471,0,NA,0,NA,1.0475,0.378063,10.025,4.210584,0.03,0.029652,NA,NA,NA,NA,NA,NA,NA,NA,NA,NA,NA,NA,NA,NA,NA,NA,NA,NA,NA,NA,NA,NA,NA,NA,NA,NA
"230","Antonio Gandy-Golden","WAS","WR","2565273","robust",NA,NA,NA,NA,NA,NA,NA,NA,NA,NA,0,0,0,0,0,0,0,0,NA,NA,NA,NA,1.25,0.66717,12.945,4.529343,0.03,0.044478,NA,NA,NA,NA,NA,NA,NA,NA,NA,NA,NA,NA,NA,NA,NA,NA,NA,NA,NA,NA,NA,NA,NA,NA,NA,NA
"231","Tee Higgins","CIN","WR","2563731","robust",NA,NA,NA,NA,NA,NA,NA,NA,NA,NA,0.05,0.037065,0.25,0.185325,0,0,0.04,0.029652,0,NA,0,NA,0.45,0.37065,5.475,4.67019,0,0,NA,NA,NA,NA,NA,NA,NA,NA,NA,NA,NA,NA,NA,NA,NA,NA,NA,NA,NA,NA,NA,NA,NA,NA,NA,NA
"232","Keke Coutee","HOU","WR","2561029","robust",NA,NA,NA,NA,NA,NA,NA,NA,NA,NA,0,0,0,0,0,0,0.03,0.044478,0,NA,0,NA,0.435,0.029652,4.7875,0.0741299999999997,0.0075,0,NA,NA,NA,NA,NA,NA,NA,NA,NA,NA,NA,NA,NA,NA,NA,NA,NA,NA,NA,NA,NA,NA,NA,NA,NA,NA
"233","DaeSean Hamilton","DEN","WR","2561002","robust",NA,NA,NA,NA,NA,NA,NA,NA,NA,NA,0,0,0,0,0,0,0,0,0,NA,0,NA,1.28,0.177912,13.3,0.148260000000002,0.0525,0.059304,NA,NA,NA,NA,NA,NA,NA,NA,NA,NA,NA,NA,NA,NA,NA,NA,NA,NA,NA,NA,NA,NA,NA,NA,NA,NA
"234","Dante Pettis","SF","WR","2560836","robust",NA,NA,NA,NA,NA,NA,NA,NA,NA,NA,0,0,0.05,0.07413,0,0,0,0,0,NA,0,NA,0.88,0.029652,12.725,0.296519999999999,0.095,0,NA,NA,NA,NA,NA,NA,NA,NA,NA,NA,NA,NA,NA,NA,NA,NA,NA,NA,NA,NA,NA,NA,NA,NA,NA,NA
"235","Isaiah McKenzie","BUF","WR","2558129","robust",NA,NA,NA,NA,NA,NA,NA,NA,NA,NA,0.05,0.07413,0.55,0.81543,0,0,0,0,0,NA,0,NA,1.125,0.14826,9.97,0.919211999999999,0.0175,0.014826,NA,NA,NA,NA,NA,NA,NA,NA,NA,NA,NA,NA,NA,NA,NA,NA,NA,NA,NA,NA,NA,NA,NA,NA,NA,NA
"236","Travis Kelce","KC","TE","2540258","robust",NA,NA,NA,NA,NA,NA,NA,NA,NA,NA,0,0,0.0666666666666667,0,0,0,0.0425,0.0407715,0,NA,0,NA,6,0,73.695,0.7413,0.5925,0.103782,NA,NA,NA,NA,NA,NA,NA,NA,NA,NA,NA,NA,NA,NA,NA,NA,NA,NA,NA,NA,NA,NA,NA,NA,NA,NA
"237","Mark Andrews","BAL","TE","2560957","robust",NA,NA,NA,NA,NA,NA,NA,NA,NA,NA,0,0,0,0,0,0,0.03125,0.0037065,0,NA,0,NA,4.835,0.29652,64.525,4.89258,0.765,0.14826,NA,NA,NA,NA,NA,NA,NA,NA,NA,NA,NA,NA,NA,NA,NA,NA,NA,NA,NA,NA,NA,NA,NA,NA,NA,NA
"238","Darren Waller","LVR","TE","2552408","robust",NA,NA,NA,NA,NA,NA,NA,NA,NA,NA,0.0133333333333333,0,0.186666666666667,0,0,0,0.095,0.014826,0,NA,0,NA,5.05,0.7413,62.15,4.4478,0.3325,0.14826,NA,NA,NA,NA,NA,NA,NA,NA,NA,NA,NA,NA,NA,NA,NA,NA,NA,NA,NA,NA,NA,NA,NA,NA,NA,NA
"239","Zach Ertz","PHI","TE","2540158","robust",NA,NA,NA,NA,NA,NA,NA,NA,NA,NA,0,0,0,0,0,0,0.00375,0.0111195,0,NA,0,NA,5.1575,0.103781999999999,54.4,2.52042,0.45,0.14826,NA,NA,NA,NA,NA,NA,NA,NA,NA,NA,NA,NA,NA,NA,NA,NA,NA,NA,NA,NA,NA,NA,NA,NA,NA,NA
"240","Hunter Henry","LAC","TE","2555341","robust",NA,NA,NA,NA,NA,NA,NA,NA,NA,NA,0,0,0,0,0,0,0.04,0.029652,0,NA,0,NA,4.4,0.148259999999999,52.3,4.15128,0.3,0,NA,NA,NA,NA,NA,NA,NA,NA,NA,NA,NA,NA,NA,NA,NA,NA,NA,NA,NA,NA,NA,NA,NA,NA,NA,NA
"241","Hayden Hurst","ATL","TE","2560747","robust",NA,NA,NA,NA,NA,NA,NA,NA,NA,NA,0,0,0,0,0,0,0,0,0,NA,0,NA,4.0875,0,45.5025,1.586382,0.2,0,NA,NA,NA,NA,NA,NA,NA,NA,NA,NA,NA,NA,NA,NA,NA,NA,NA,NA,NA,NA,NA,NA,NA,NA,NA,NA
"242","Tyler Higbee","LAR","TE","2555364","robust",NA,NA,NA,NA,NA,NA,NA,NA,NA,NA,0,0,0,0,0,0,0,0,0,NA,0,NA,4.325,0.59304,49,7.26474,0.2,0,NA,NA,NA,NA,NA,NA,NA,NA,NA,NA,NA,NA,NA,NA,NA,NA,NA,NA,NA,NA,NA,NA,NA,NA,NA,NA
"243","Chris Herndon","NYJ","TE","2560738","robust",NA,NA,NA,NA,NA,NA,NA,NA,NA,NA,0,0,0,0,0,0,0.15,0.14826,0,NA,0,NA,4.675,0.29652,48.1,3.7065,0.35,0.133434,NA,NA,NA,NA,NA,NA,NA,NA,NA,NA,NA,NA,NA,NA,NA,NA,NA,NA,NA,NA,NA,NA,NA,NA,NA,NA
"244","T.J. Hockenson","DET","TE","2562378","robust",NA,NA,NA,NA,NA,NA,NA,NA,NA,NA,0,0,0,0,0,0,0,0,0,NA,0,NA,4.25,0.37065,49.82,4.31436599999999,0.37,0.07413,NA,NA,NA,NA,NA,NA,NA,NA,NA,NA,NA,NA,NA,NA,NA,NA,NA,NA,NA,NA,NA,NA,NA,NA,NA,NA
"245","Jared Cook","NO","TE","71265","robust",NA,NA,NA,NA,NA,NA,NA,NA,NA,NA,0,0,0,0,0,0,0,0,0,NA,0,NA,3.955,0.44478,54.55,0.889560000000002,0.45,0.14826,NA,NA,NA,NA,NA,NA,NA,NA,NA,NA,NA,NA,NA,NA,NA,NA,NA,NA,NA,NA,NA,NA,NA,NA,NA,NA
"246","Jordan Reed","SF","TE","2540160","robust",NA,NA,NA,NA,NA,NA,NA,NA,NA,NA,0,0,0,0,0,0,0.0333333333333333,0.04942,0,NA,0,NA,4,0.14826,40.05,2.2239,0.2,0.07413,NA,NA,NA,NA,NA,NA,NA,NA,NA,NA,NA,NA,NA,NA,NA,NA,NA,NA,NA,NA,NA,NA,NA,NA,NA,NA
"247","Noah Fant","DEN","TE","2562383","robust",NA,NA,NA,NA,NA,NA,NA,NA,NA,NA,0.00666666666666667,0,0.07,0,0,0,0.035,0.007413,0,NA,0,NA,3.85,0.207564,48.5,4.4478,0.215,0.044478,NA,NA,NA,NA,NA,NA,NA,NA,NA,NA,NA,NA,NA,NA,NA,NA,NA,NA,NA,NA,NA,NA,NA,NA,NA,NA
"248","Logan Thomas","WAS","TE","2543767","robust",NA,NA,NA,NA,NA,NA,NA,NA,NA,NA,0,0,0,0,0,0,0,0,0,NA,0,NA,3.25,1.616034,34,14.811174,0.2,0,NA,NA,NA,NA,NA,NA,NA,NA,NA,NA,NA,NA,NA,NA,NA,NA,NA,NA,NA,NA,NA,NA,NA,NA,NA,NA
"249","Jonnu Smith","TEN","TE","2558207","robust",NA,NA,NA,NA,NA,NA,NA,NA,NA,NA,0.02,0,0.263333333333333,0,0,0,0,0,0,NA,0,NA,3.7025,0.44478,44.5,3.55824,0.45,0.14826,NA,NA,NA,NA,NA,NA,NA,NA,NA,NA,NA,NA,NA,NA,NA,NA,NA,NA,NA,NA,NA,NA,NA,NA,NA,NA
"250","Dallas Goedert","PHI","TE","2560995","robust",NA,NA,NA,NA,NA,NA,NA,NA,NA,NA,0,0,0,0,0,0,0.06875,0.0037065,0,NA,0,NA,4.25,0.148259999999999,46.9,3.26172,0.45,0.0741300000000001,NA,NA,NA,NA,NA,NA,NA,NA,NA,NA,NA,NA,NA,NA,NA,NA,NA,NA,NA,NA,NA,NA,NA,NA,NA,NA
"251","Evan Engram","NYG","TE","2557858","robust",NA,NA,NA,NA,NA,NA,NA,NA,NA,NA,0.0733333333333333,0,0.436666666666667,0,0,0,0,0,0,NA,0,NA,4.15,0.148259999999999,45.215,1.275036,0.235,0.103782,NA,NA,NA,NA,NA,NA,NA,NA,NA,NA,NA,NA,NA,NA,NA,NA,NA,NA,NA,NA,NA,NA,NA,NA,NA,NA
"252","Darren Fells","HOU","TE","2540928","robust",NA,NA,NA,NA,NA,NA,NA,NA,NA,NA,0,0,0,0,0,0,0,0,0,NA,0,NA,2.15,0.44478,21.8,4.581234,0.3,0,NA,NA,NA,NA,NA,NA,NA,NA,NA,NA,NA,NA,NA,NA,NA,NA,NA,NA,NA,NA,NA,NA,NA,NA,NA,NA
"253","Austin Hooper","CLE","TE","2555415","robust",NA,NA,NA,NA,NA,NA,NA,NA,NA,NA,0,0,0,0,0,0,0.00375,0.00555975,0,NA,0,NA,3.435,0.22239,39.95,5.463381,0.245,0.14826,NA,NA,NA,NA,NA,NA,NA,NA,NA,NA,NA,NA,NA,NA,NA,NA,NA,NA,NA,NA,NA,NA,NA,NA,NA,NA
"254","Mike Gesicki","MIA","TE","2560994","robust",NA,NA,NA,NA,NA,NA,NA,NA,NA,NA,0,0,0,0,0,0,0.03125,0.0037065,0,NA,0,NA,3.825,0.14826,40.15,3.973368,0.2,0,NA,NA,NA,NA,NA,NA,NA,NA,NA,NA,NA,NA,NA,NA,NA,NA,NA,NA,NA,NA,NA,NA,NA,NA,NA,NA
"255","Rob Gronkowski","TB","TE","497240","robust",NA,NA,NA,NA,NA,NA,NA,NA,NA,NA,0,0,0,0,0,0,0,0,0,NA,0,NA,2.73,0.400302,35.71,1.33434,0.2,0.111195,NA,NA,NA,NA,NA,NA,NA,NA,NA,NA,NA,NA,NA,NA,NA,NA,NA,NA,NA,NA,NA,NA,NA,NA,NA,NA
"256","Eric Ebron","PIT","TE","2543466","robust",NA,NA,NA,NA,NA,NA,NA,NA,NA,NA,0,0,0,0,0,0,0,0,0,NA,0,NA,2.9,0.14826,34.1,1.089711,0.15,0.07413,NA,NA,NA,NA,NA,NA,NA,NA,NA,NA,NA,NA,NA,NA,NA,NA,NA,NA,NA,NA,NA,NA,NA,NA,NA,NA
"257","O.J. Howard","TB","TE","2557856","robust",NA,NA,NA,NA,NA,NA,NA,NA,NA,NA,0,0,0,0,0,0,0.01,0.014826,0,NA,0,NA,2.8,0.29652,34.2,4.996362,0.22,0.118608,NA,NA,NA,NA,NA,NA,NA,NA,NA,NA,NA,NA,NA,NA,NA,NA,NA,NA,NA,NA,NA,NA,NA,NA,NA,NA
"258","Dawson Knox","BUF","TE","2562681","robust",NA,NA,NA,NA,NA,NA,NA,NA,NA,NA,0,NA,0,NA,0,NA,0.0025,0.002471,0,NA,0,NA,2.45,0.51891,27.8,1.77912,0.1,0.07413,NA,NA,NA,NA,NA,NA,NA,NA,NA,NA,NA,NA,NA,NA,NA,NA,NA,NA,NA,NA,NA,NA,NA,NA,NA,NA
"259","Greg Olsen","SEA","TE","2495700","robust",NA,NA,NA,NA,NA,NA,NA,NA,NA,NA,0,0,0,0,0,0,0,0,0,NA,0,NA,2.6,0.192738,30.495,3.11346,0.23,0.103782,NA,NA,NA,NA,NA,NA,NA,NA,NA,NA,NA,NA,NA,NA,NA,NA,NA,NA,NA,NA,NA,NA,NA,NA,NA,NA
"260","Tyler Eifert","JAC","TE","2540148","robust",NA,NA,NA,NA,NA,NA,NA,NA,NA,NA,0,0,0,0,0,0,0,0,0,NA,0,NA,2.8,0.29652,30.6,6.52344,0.1,0.044478,NA,NA,NA,NA,NA,NA,NA,NA,NA,NA,NA,NA,NA,NA,NA,NA,NA,NA,NA,NA,NA,NA,NA,NA,NA,NA
"261","Gerald Everett","LAR","TE","2557889","robust",NA,NA,NA,NA,NA,NA,NA,NA,NA,NA,0,0,0,0,0,0,0,0,0,NA,0,NA,2.05,0.88956,21.5,12.30558,0.14,0.088956,NA,NA,NA,NA,NA,NA,NA,NA,NA,NA,NA,NA,NA,NA,NA,NA,NA,NA,NA,NA,NA,NA,"Q","Back",2,2020
"262","Jimmy Graham","CHI","TE","497236","robust",NA,NA,NA,NA,NA,NA,NA,NA,NA,NA,0,0,0,0,0,0,0,0,0,NA,0,NA,2.45,0.29652,29.25,4.59606,0.2,0.014826,NA,NA,NA,NA,NA,NA,NA,NA,NA,NA,NA,NA,NA,NA,NA,NA,NA,NA,NA,NA,NA,NA,NA,NA,NA,NA
"263","C.J. Uzomah","CIN","TE","2552559","robust",NA,NA,NA,NA,NA,NA,NA,NA,NA,NA,0,0,0,0,0,0,0,0,0,NA,0,NA,2.8175,0.689409,28.34,5.9304,0.185,0.088956,NA,NA,NA,NA,NA,NA,NA,NA,NA,NA,NA,NA,NA,NA,NA,NA,NA,NA,NA,NA,NA,NA,NA,NA,NA,NA
"264","Mo Alie-Cox","IND","TE","2558832","robust",NA,NA,NA,NA,NA,NA,NA,NA,NA,NA,0,0,0,0,0,0,0.0166666666666667,0.02471,0,NA,0,NA,2.355,0.44478,27.535,6.81996,0.1,0.133434,NA,NA,NA,NA,NA,NA,NA,NA,NA,NA,NA,NA,NA,NA,NA,NA,NA,NA,NA,NA,NA,NA,NA,NA,NA,NA
"265","Ian Thomas","CAR","TE","2560894","robust",NA,NA,NA,NA,NA,NA,NA,NA,NA,NA,0,0,0,0,0,0,0,0,0,NA,0,NA,2.9,0.163086,27.065,0.296519999999999,0.15,0.029652,NA,NA,NA,NA,NA,NA,NA,NA,NA,NA,NA,NA,NA,NA,NA,NA,NA,NA,NA,NA,NA,NA,NA,NA,NA,NA
"266","Irv Smith Jr.","MIN","TE","2562738","robust",NA,NA,NA,NA,NA,NA,NA,NA,NA,NA,0,0,0,0,0,0,0,0,0,NA,0,NA,2.31,0.459606,23.43,6.81996,0.1,0.14826,NA,NA,NA,NA,NA,NA,NA,NA,NA,NA,NA,NA,NA,NA,NA,NA,NA,NA,NA,NA,NA,NA,NA,NA,NA,NA
"267","Kyle Rudolph","MIN","TE","2495438","robust",NA,NA,NA,NA,NA,NA,NA,NA,NA,NA,0,0,0,0,0,0,0,0,0,NA,0,NA,2.7,0,26.45,0.889560000000002,0.2,0.133434,NA,NA,NA,NA,NA,NA,NA,NA,NA,NA,NA,NA,NA,NA,NA,NA,NA,NA,NA,NA,NA,NA,NA,NA,NA,NA
"268","Jacob Hollister","SEA","TE","2558956","robust",NA,NA,NA,NA,NA,NA,NA,NA,NA,NA,0,0,0,0,0,0,0,0,0,NA,0,NA,1.1125,0.44478,11.18,4.59606,0.06,0.059304,NA,NA,NA,NA,NA,NA,NA,NA,NA,NA,NA,NA,NA,NA,NA,NA,NA,NA,NA,NA,NA,NA,NA,NA,NA,NA
"269","Dan Arnold","ARI","TE","2559385","robust",NA,NA,NA,NA,NA,NA,NA,NA,NA,NA,0,0,0,0,0,0,0,0,0,NA,0,NA,1.8,0.326172,22.3,3.513762,0.135,0,NA,NA,NA,NA,NA,NA,NA,NA,NA,NA,NA,NA,NA,NA,NA,NA,NA,NA,NA,NA,NA,NA,NA,NA,NA,NA
"270","Dalton Schultz","DAL","TE","2560866","robust",NA,NA,NA,NA,NA,NA,NA,NA,NA,NA,0,0,0,0,0,0,0,0,0,NA,0,NA,2.1,0.14826,24.65,0.889560000000002,0.1,0,NA,NA,NA,NA,NA,NA,NA,NA,NA,NA,NA,NA,NA,NA,NA,NA,NA,NA,NA,NA,NA,NA,NA,NA,NA,NA
"271","Jace Sternberger","GB","TE","2562744","robust",NA,NA,NA,NA,NA,NA,NA,NA,NA,NA,0,NA,0,NA,0,NA,0,0,0,NA,0,NA,1.2,0.14826,13.15,1.70499,0.075,0.07413,NA,NA,NA,NA,NA,NA,NA,NA,NA,NA,NA,NA,NA,NA,NA,NA,NA,NA,NA,NA,NA,NA,NA,NA,NA,NA
"272","Anthony Firkser","TEN","TE","2558942","robust",NA,NA,NA,NA,NA,NA,NA,NA,NA,NA,0,0,0,0,0,0,0,0,0,NA,0,NA,1.4725,0.229803,18.8825,4.00302,0.155,0.059304,NA,NA,NA,NA,NA,NA,NA,NA,NA,NA,NA,NA,NA,NA,NA,NA,NA,NA,NA,NA,NA,NA,NA,NA,NA,NA
"273","Cole Kmet","CHI","TE","2563704","robust",NA,NA,NA,NA,NA,NA,NA,NA,NA,NA,0,0,0,0,0,0,0.045,0.034594,0,NA,0,NA,1.2575,0.644931,13.305,6.59757,0.1,0.07413,NA,NA,NA,NA,NA,NA,NA,NA,NA,NA,NA,NA,NA,NA,NA,NA,NA,NA,NA,NA,NA,NA,NA,NA,NA,NA
"274","Nick Boyle","BAL","TE","2552402","robust",NA,NA,NA,NA,NA,NA,NA,NA,NA,NA,0,0,0,0,0,0,0,0,0,NA,0,NA,1.8,0.311346,17.575,0.7413,0.1,0,NA,NA,NA,NA,NA,NA,NA,NA,NA,NA,NA,NA,NA,NA,NA,NA,NA,NA,NA,NA,NA,NA,NA,NA,NA,NA
"275","Jordan Akins","HOU","TE","2560951","robust",NA,NA,NA,NA,NA,NA,NA,NA,NA,NA,0,0,0,0,0,0,0,0,0,NA,0,NA,1.855,0.14826,21,1.4826,0.1,0,NA,NA,NA,NA,NA,NA,NA,NA,NA,NA,NA,NA,NA,NA,NA,NA,NA,NA,NA,NA,NA,NA,NA,NA,NA,NA
"276","Devin Asiasi","NE","TE","2564586","robust",NA,NA,NA,NA,NA,NA,NA,NA,NA,NA,0,0,0,0,0,0,0,0,0,NA,0,NA,1.03,0.37065,11.4775,4.74432,0.0375,0.037065,NA,NA,NA,NA,NA,NA,NA,NA,NA,NA,NA,NA,NA,NA,NA,NA,NA,NA,NA,NA,NA,NA,NA,NA,NA,NA
"277","Ryan Izzo","NE","TE","2560751","robust",NA,NA,NA,NA,NA,NA,NA,NA,NA,NA,0,NA,0,NA,0,NA,0,0,0,NA,0,NA,1.35,0.29652,17.95,0.7413,0.155,0,NA,NA,NA,NA,NA,NA,NA,NA,NA,NA,NA,NA,NA,NA,NA,NA,NA,NA,NA,NA,NA,NA,NA,NA,NA,NA
"278","Vance McDonald","PIT","TE","2540215","robust",NA,NA,NA,NA,NA,NA,NA,NA,NA,NA,0,0,0,0,0,0,0,0,0,NA,0,NA,1.8,0.785778,14.37,5.974878,0.08,0.029652,NA,NA,NA,NA,NA,NA,NA,NA,NA,NA,NA,NA,NA,NA,NA,NA,NA,NA,NA,NA,NA,NA,NA,NA,NA,NA
"279","Jason Witten","LVR","TE","2505629","robust",NA,NA,NA,NA,NA,NA,NA,NA,NA,NA,0,0,0,0,0,0,0.01,0.009884,0,NA,0,NA,1.76,0.7413,15.7575,4.37367,0.1025,0.07413,NA,NA,NA,NA,NA,NA,NA,NA,NA,NA,NA,NA,NA,NA,NA,NA,NA,NA,NA,NA,NA,NA,NA,NA,NA,NA
"280","Taysom Hill","NO","TE","2558954","robust",NA,NA,NA,NA,NA,NA,NA,NA,NA,NA,1.67,NA,11.07,0,0.07,0,0,0,NA,NA,NA,NA,1.84,0.207564,19.04,1.393644,0.2,0,NA,NA,NA,NA,NA,NA,NA,NA,NA,NA,NA,NA,NA,NA,NA,NA,NA,NA,NA,NA,NA,NA,NA,NA,NA,NA
"281","Harrison Bryant","CLE","TE","2563767","robust",NA,NA,NA,NA,NA,NA,NA,NA,NA,NA,NA,NA,NA,NA,NA,NA,0,0,NA,NA,NA,NA,1.25,0.37065,14.75,7.04235,0.125,0.111195,NA,NA,NA,NA,NA,NA,NA,NA,NA,NA,NA,NA,NA,NA,NA,NA,NA,NA,NA,NA,NA,NA,NA,NA,NA,NA
"282","Will Dissly","SEA","TE","2561046","robust",NA,NA,NA,NA,NA,NA,NA,NA,NA,NA,0,0,0,0,0,0,0,0,0,NA,0,NA,1.435,0.29652,17.3,1.92738,0.1,0.029652,NA,NA,NA,NA,NA,NA,NA,NA,NA,NA,NA,NA,NA,NA,NA,NA,NA,NA,NA,NA,NA,NA,NA,NA,NA,NA
"283","Levine Toilolo","NYG","TE","2540203","robust",NA,NA,NA,NA,NA,NA,NA,NA,NA,NA,0,0,0,0,0,0,0,0,0,NA,0,NA,0.625,0.467019,7.075,5.448555,0,0,NA,NA,NA,NA,NA,NA,NA,NA,NA,NA,NA,NA,NA,NA,NA,NA,NA,NA,NA,NA,NA,NA,NA,NA,NA,NA
"284","Ryan Griffin","NYJ","TE","2541316","robust",NA,NA,NA,NA,NA,NA,NA,NA,NA,NA,0,0,0,0,0,0,0,0,0,NA,0,NA,1.5775,0.44478,15.08,3.26172,0.145,0.07413,NA,NA,NA,NA,NA,NA,NA,NA,NA,NA,NA,NA,NA,NA,NA,NA,NA,NA,NA,NA,NA,NA,NA,NA,NA,NA
"285","Kaden Smith","NYG","TE","2562740","robust",NA,NA,NA,NA,NA,NA,NA,NA,NA,NA,0,NA,0,NA,0,NA,0,0,0,NA,0,NA,1.35,0.88956,12.125,6.07866,0.07,0.014826,NA,NA,NA,NA,NA,NA,NA,NA,NA,NA,NA,NA,NA,NA,NA,NA,NA,NA,NA,NA,NA,NA,NA,NA,NA,NA
"286","MyCole Pruitt","TEN","TE","2552401","robust",NA,NA,NA,NA,NA,NA,NA,NA,NA,NA,0,0,0,0,0,0,0,0,0,NA,0,NA,1.085,0.266868,12.41,2.905896,0.175,0.07413,NA,NA,NA,NA,NA,NA,NA,NA,NA,NA,NA,NA,NA,NA,NA,NA,NA,NA,NA,NA,NA,NA,NA,NA,NA,NA
"287","Josh Hill","NO","TE","2541834","robust",NA,NA,NA,NA,NA,NA,NA,NA,NA,NA,0,0,0,0,0,0,0,0,0,NA,0,NA,1.275,0.29652,11.2775,4.29954,0.1,0,NA,NA,NA,NA,NA,NA,NA,NA,NA,NA,NA,NA,NA,NA,NA,NA,NA,NA,NA,NA,NA,NA,NA,NA,NA,NA
"288","Cameron Brate","TB","TE","2550656","robust",NA,NA,NA,NA,NA,NA,NA,NA,NA,NA,0,0,0,0,0,0,0,0,0,NA,0,NA,1.315,0.22239,12.4425,3.26172,0.1825,0.07413,NA,NA,NA,NA,NA,NA,NA,NA,NA,NA,NA,NA,NA,NA,NA,NA,NA,NA,NA,NA,NA,NA,NA,NA,NA,NA
"289","Robert Tonyan","GB","TE","2559270","robust",NA,NA,NA,NA,NA,NA,NA,NA,NA,NA,0,0,0,0,0,0,0,0,0,NA,0,NA,1.2125,0.14826,13.11,1.793946,0.1075,0.066717,NA,NA,NA,NA,NA,NA,NA,NA,NA,NA,NA,NA,NA,NA,NA,NA,NA,NA,NA,NA,NA,NA,NA,NA,NA,NA
"290","Jesse James","DET","TE","2552633","robust",NA,NA,NA,NA,NA,NA,NA,NA,NA,NA,0,0,0,0,0,0,0,0,0,NA,0,NA,0.9025,0.29652,10.155,5.100144,0.06,0.044478,NA,NA,NA,NA,NA,NA,NA,NA,NA,NA,NA,NA,NA,NA,NA,NA,NA,NA,NA,NA,NA,NA,NA,NA,NA,NA
"291","James OShaughnessy","JAC","TE","2553318","robust",NA,NA,NA,NA,NA,NA,NA,NA,NA,NA,0,0,0,0,0,0,0,0,0,NA,0,NA,1.525,0.14826,14.15,0.7413,0.0925,0.00741300000000001,NA,NA,NA,NA,NA,NA,NA,NA,NA,NA,NA,NA,NA,NA,NA,NA,NA,NA,NA,NA,NA,NA,NA,NA,NA,NA
"292","Jeremy Sprinkle","WAS","TE","2557886","robust",NA,NA,NA,NA,NA,NA,NA,NA,NA,NA,0,0,0,0,0,0,0,0,0,NA,0,NA,0.75,0.326172,7.675,3.610131,0.0225,0.022239,NA,NA,NA,NA,NA,NA,NA,NA,NA,NA,NA,NA,NA,NA,NA,NA,NA,NA,NA,NA,NA,NA,NA,NA,NA,NA
"293","Marcedes Lewis","GB","TE","2495888","robust",NA,NA,NA,NA,NA,NA,NA,NA,NA,NA,0,0,0,0,0,0,0,0,0,NA,0,NA,0.875,0.200151,9.525,1.823598,0.08,0.029652,NA,NA,NA,NA,NA,NA,NA,NA,NA,NA,NA,NA,NA,NA,NA,NA,NA,NA,NA,NA,NA,NA,NA,NA,NA,NA
"294","Blake Bell","DAL","TE","2552478","robust",NA,NA,NA,NA,NA,NA,NA,NA,NA,NA,0,0,0,0,0,0,0.005,0.004942,0,NA,0,NA,0.9225,0.155673,10.06,2.045988,0.0925,0.00741300000000001,NA,NA,NA,NA,NA,NA,NA,NA,NA,NA,NA,NA,NA,NA,NA,NA,NA,NA,NA,NA,NA,NA,NA,NA,NA,NA
"295","Josiah Deguara","GB","TE","2563980","robust",NA,NA,NA,NA,NA,NA,NA,NA,NA,NA,NA,NA,NA,NA,NA,NA,0,0,NA,NA,NA,NA,0.545,0.674583,6.6,8.30256,0.05,0.07413,NA,NA,NA,NA,NA,NA,NA,NA,NA,NA,NA,NA,NA,NA,NA,NA,NA,NA,NA,NA,NA,NA,"Q","Shin",2,2020
"296","Demetrius Harris","CHI","TE","2541187","robust",NA,NA,NA,NA,NA,NA,NA,NA,NA,NA,0,0,0,0,0,0,0,0,0,NA,0,NA,0.675,0.229803,7.115,3.143112,0.0975,0.044478,NA,NA,NA,NA,NA,NA,NA,NA,NA,NA,NA,NA,NA,NA,NA,NA,NA,NA,NA,NA,NA,NA,NA,NA,NA,NA
"297","Drew Sample","CIN","TE","2562720","robust",NA,NA,NA,NA,NA,NA,NA,NA,NA,NA,0,NA,0,NA,0,NA,0,0,0,NA,0,NA,0.975,0,9.3,1.18608,0.025,0,NA,NA,NA,NA,NA,NA,NA,NA,NA,NA,NA,NA,NA,NA,NA,NA,NA,NA,NA,NA,NA,NA,NA,NA,NA,NA
"298","Ricky Seals-Jones","KC","TE","2559248","robust",NA,NA,NA,NA,NA,NA,NA,NA,NA,NA,0,0,0,0,0,0,0.01,0.009884,0,NA,0,NA,0.4425,0.29652,5.7225,4.158693,0.1,0.066717,NA,NA,NA,NA,NA,NA,NA,NA,NA,NA,NA,NA,NA,NA,NA,NA,NA,NA,NA,NA,NA,NA,NA,NA,NA,NA
"299","Andrew Beck","DEN","TE","2562626","robust",NA,NA,NA,NA,NA,NA,NA,NA,NA,NA,0,NA,0,NA,0,NA,0,0,0,NA,0,NA,0.725,0.44478,7.125,2.07564,0.0775,0,NA,NA,NA,NA,NA,NA,NA,NA,NA,NA,NA,NA,NA,NA,NA,NA,NA,NA,NA,NA,NA,NA,NA,NA,NA,NA
"300","Jake Butt","DEN","TE","2557859","robust",NA,NA,NA,NA,NA,NA,NA,NA,NA,NA,0,0,0,0,0,0,0,0,0,NA,0,NA,0.6525,0.44478,5.635,5.070492,0,0,NA,NA,NA,NA,NA,NA,NA,NA,NA,NA,NA,NA,NA,NA,NA,NA,NA,NA,NA,NA,NA,NA,NA,NA,NA,NA
"301","Nick Vannett","DEN","TE","2555289","robust",NA,NA,NA,NA,NA,NA,NA,NA,NA,NA,0,0,0,0,0,0,0,0,0,NA,0,NA,0.95,0.22239,7.0975,4.15128,0.015,0.014826,NA,NA,NA,NA,NA,NA,NA,NA,NA,NA,NA,NA,NA,NA,NA,NA,NA,NA,NA,NA,NA,NA,NA,NA,NA,NA
"302","Virgil Green","LAC","TE","2495288","robust",NA,NA,NA,NA,NA,NA,NA,NA,NA,NA,0,0,0,0,0,0,0.0075,0.007413,0,NA,0,NA,0.8125,0.22239,8.15,2.59455,0.085,0.014826,NA,NA,NA,NA,NA,NA,NA,NA,NA,NA,NA,NA,NA,NA,NA,NA,NA,NA,NA,NA,NA,NA,NA,NA,NA,NA
"303","Ross Dwelley","SF","TE","2561060","robust",NA,NA,NA,NA,NA,NA,NA,NA,NA,NA,0,0,0,0,0,0,0,0,0,NA,0,NA,0.72,0.29652,6.68,3.26172,0.0775,0.022239,NA,NA,NA,NA,NA,NA,NA,NA,NA,NA,NA,NA,NA,NA,NA,NA,NA,NA,NA,NA,NA,NA,NA,NA,NA,NA
"304","Foster Moreau","LVR","TE","2562317","robust",NA,NA,NA,NA,NA,NA,NA,NA,NA,NA,0,NA,0,NA,0,NA,0,0,0,NA,0,NA,0.85,0,7.25,1.77912,0.125,0,NA,NA,NA,NA,NA,NA,NA,NA,NA,NA,NA,NA,NA,NA,NA,NA,NA,NA,NA,NA,NA,NA,NA,NA,NA,NA
"305","Albert Okwuegbunam","DEN","TE","2563911","robust",NA,NA,NA,NA,NA,NA,NA,NA,NA,NA,0,NA,0,NA,0,NA,0,0,0,NA,0,NA,0.5,0.29652,5.325,4.4478,0,0,NA,NA,NA,NA,NA,NA,NA,NA,NA,NA,NA,NA,NA,NA,NA,NA,NA,NA,NA,NA,NA,NA,NA,NA,NA,NA
"306","Luke Stocker","ATL","TE","2495234","robust",NA,NA,NA,NA,NA,NA,NA,NA,NA,NA,0,0,0,0,0,0,0,0,0,NA,0,NA,0.5925,0.37065,5.3875,3.18759,0,0,NA,NA,NA,NA,NA,NA,NA,NA,NA,NA,NA,NA,NA,NA,NA,NA,NA,NA,NA,NA,NA,NA,NA,NA,NA,NA
"307","Tyler Kroft","BUF","TE","2552586","robust",NA,NA,NA,NA,NA,NA,NA,NA,NA,NA,0,0,0,0,0,0,0,0,0,NA,0,NA,0.63,0.14826,6.5225,1.63086,0.05,0.044478,NA,NA,NA,NA,NA,NA,NA,NA,NA,NA,NA,NA,NA,NA,NA,NA,NA,NA,NA,NA,NA,NA,NA,NA,NA,NA
"308","Adam Trautman","NO","TE","2564703","robust",NA,NA,NA,NA,NA,NA,NA,NA,NA,NA,0,0,0,0,0,0,0,0,NA,NA,NA,NA,0.555,0.378063,5.63,3.602718,0.035,0.051891,NA,NA,NA,NA,NA,NA,NA,NA,NA,NA,NA,NA,NA,NA,NA,NA,NA,NA,NA,NA,NA,NA,NA,NA,NA,NA
"309","Chris Manhertz","CAR","TE","2552622","robust",NA,NA,NA,NA,NA,NA,NA,NA,NA,NA,0,0,0,0,0,0,0,0,0,NA,0,NA,0.5425,0.29652,5.2075,2.794701,0.0275,0.022239,NA,NA,NA,NA,NA,NA,NA,NA,NA,NA,NA,NA,NA,NA,NA,NA,NA,NA,NA,NA,NA,NA,NA,NA,NA,NA
"310","Raiders","LVR","DST","100018","robust",NA,NA,NA,NA,NA,NA,NA,NA,NA,NA,NA,NA,NA,NA,NA,NA,NA,NA,NA,NA,NA,NA,NA,NA,NA,NA,NA,NA,0.45,0.37065,1.15,0.0741299999999999,0,0,0.075,0.037065,NA,NA,NA,NA,NA,NA,NA,NA,NA,NA,NA,NA,NA,NA,NA,NA,NA,NA
"311","Chargers","LAC","DST","100028","robust",NA,NA,NA,NA,NA,NA,NA,NA,NA,NA,NA,NA,NA,NA,NA,NA,NA,NA,NA,NA,NA,NA,NA,NA,NA,NA,NA,NA,0.6,0.14826,1.575,0.37065,0,0,0.1,0,0,NA,NA,NA,NA,NA,NA,NA,NA,NA,NA,NA,NA,NA,NA,NA,NA,NA
"312","Panthers","CAR","DST","100004","robust",NA,NA,NA,NA,NA,NA,NA,NA,NA,NA,NA,NA,NA,NA,NA,NA,NA,NA,NA,NA,NA,NA,NA,NA,NA,NA,NA,NA,0.675,0.133434,2.5725,0.81543,0.025,0.02471,0.12,0.059304,0,NA,NA,NA,NA,NA,NA,NA,NA,NA,NA,NA,NA,NA,NA,NA,NA,NA
"313","Texans","HOU","DST","100013","robust",NA,NA,NA,NA,NA,NA,NA,NA,NA,NA,NA,NA,NA,NA,NA,NA,NA,NA,NA,NA,NA,NA,NA,NA,NA,NA,NA,NA,0.69,0.07413,1.74,0.266868,0,0,0.13,0.029652,0,NA,NA,NA,NA,NA,NA,NA,NA,NA,NA,NA,NA,NA,NA,NA,NA,NA
"314","Falcons","ATL","DST","100001","robust",NA,NA,NA,NA,NA,NA,NA,NA,NA,NA,NA,NA,NA,NA,NA,NA,NA,NA,NA,NA,NA,NA,NA,NA,NA,NA,NA,NA,0.7,0,1.795,0.311346,0,0,0.1625,0.037065,0,NA,NA,NA,NA,NA,NA,NA,NA,NA,NA,NA,NA,NA,NA,NA,NA,NA
"315","Jaguars","JAC","DST","100015","robust",NA,NA,NA,NA,NA,NA,NA,NA,NA,NA,NA,NA,NA,NA,NA,NA,NA,NA,NA,NA,NA,NA,NA,NA,NA,NA,NA,NA,0.645,0.133434,2.64,0.51891,0,0,0.1,0.00741300000000001,0,NA,NA,NA,NA,NA,NA,NA,NA,NA,NA,NA,NA,NA,NA,NA,NA,NA
"316","Lions","DET","DST","100010","robust",NA,NA,NA,NA,NA,NA,NA,NA,NA,NA,NA,NA,NA,NA,NA,NA,NA,NA,NA,NA,NA,NA,NA,NA,NA,NA,NA,NA,0.3975,0.07413,1.8275,0.600453,0,0,0.1,0,0,NA,NA,NA,NA,NA,NA,NA,NA,NA,NA,NA,NA,NA,NA,NA,NA,NA
"317","Bengals","CIN","DST","100006","robust",NA,NA,NA,NA,NA,NA,NA,NA,NA,NA,NA,NA,NA,NA,NA,NA,NA,NA,NA,NA,NA,NA,NA,NA,NA,NA,NA,NA,0.98,0.07413,2.325,0.133434,0.02,0.019768,0.1625,0.037065,0,NA,NA,NA,NA,NA,NA,NA,NA,NA,NA,NA,NA,NA,NA,NA,NA,NA
"318","Giants","NYG","DST","100023","robust",NA,NA,NA,NA,NA,NA,NA,NA,NA,NA,NA,NA,NA,NA,NA,NA,NA,NA,NA,NA,NA,NA,NA,NA,NA,NA,NA,NA,0.7625,0.037065,2.4,0.014826,0.0225,0.022239,0.1,0,0,NA,NA,NA,NA,NA,NA,NA,NA,NA,NA,NA,NA,NA,NA,NA,NA,NA
"319","Commanders","WAS","DST","100032","robust",NA,NA,NA,NA,NA,NA,NA,NA,NA,NA,NA,NA,NA,NA,NA,NA,NA,NA,NA,NA,NA,NA,NA,NA,NA,NA,NA,NA,0.9,0.14826,3.65,0,0,0,0.12,0.059304,0,NA,NA,NA,NA,NA,NA,NA,NA,NA,NA,NA,NA,NA,NA,NA,NA,NA
"320","Jets","NYJ","DST","100024","robust",NA,NA,NA,NA,NA,NA,NA,NA,NA,NA,NA,NA,NA,NA,NA,NA,NA,NA,NA,NA,NA,NA,NA,NA,NA,NA,NA,NA,0.8,0.133434,2.36,0.207564,0.0166666666666667,0.02471,0.15,0.07413,0,NA,NA,NA,NA,NA,NA,NA,NA,NA,NA,NA,NA,NA,NA,NA,NA,NA
"321","Vikings","MIN","DST","100020","robust",NA,NA,NA,NA,NA,NA,NA,NA,NA,NA,NA,NA,NA,NA,NA,NA,NA,NA,NA,NA,NA,NA,NA,NA,NA,NA,NA,NA,0.9,0,2.2,0.29652,0.05,0,0.13,0,0,NA,NA,NA,NA,NA,NA,NA,NA,NA,NA,NA,NA,NA,NA,NA,NA,NA
"322","Dolphins","MIA","DST","100019","robust",NA,NA,NA,NA,NA,NA,NA,NA,NA,NA,NA,NA,NA,NA,NA,NA,NA,NA,NA,NA,NA,NA,NA,NA,NA,NA,NA,NA,0.875,0.118608,2.1425,0.422541,0.0075,0.007413,0.14,0.044478,0,NA,NA,NA,NA,NA,NA,NA,NA,NA,NA,NA,NA,NA,NA,NA,NA,NA
"323","Cowboys","DAL","DST","100008","robust",NA,NA,NA,NA,NA,NA,NA,NA,NA,NA,NA,NA,NA,NA,NA,NA,NA,NA,NA,NA,NA,NA,NA,NA,NA,NA,NA,NA,0.7475,0.051891,2.725,0.252042,0,0,0.1275,0.07413,0,NA,NA,NA,NA,NA,NA,NA,NA,NA,NA,NA,NA,NA,NA,NA,NA,NA
"324","Patriots","NE","DST","100021","robust",NA,NA,NA,NA,NA,NA,NA,NA,NA,NA,NA,NA,NA,NA,NA,NA,NA,NA,NA,NA,NA,NA,NA,NA,NA,NA,NA,NA,0.8,0,3,0.303933,0.00625,0.00926625,0.15,0.051891,0,NA,NA,NA,NA,NA,NA,NA,NA,NA,NA,NA,NA,NA,NA,NA,NA,NA
"325","Eagles","PHI","DST","100025","robust",NA,NA,NA,NA,NA,NA,NA,NA,NA,NA,NA,NA,NA,NA,NA,NA,NA,NA,NA,NA,NA,NA,NA,NA,NA,NA,NA,NA,0.865,0.103782,1.9,0.29652,0,0,0.145,0,0,NA,NA,NA,NA,NA,NA,NA,NA,NA,NA,NA,NA,NA,NA,NA,NA,NA
"326","Seahawks","SEA","DST","100030","robust",NA,NA,NA,NA,NA,NA,NA,NA,NA,NA,NA,NA,NA,NA,NA,NA,NA,NA,NA,NA,NA,NA,NA,NA,NA,NA,NA,NA,0.83,0.07413,2.2,0.14826,0,0,0.2,0,0,NA,NA,NA,NA,NA,NA,NA,NA,NA,NA,NA,NA,NA,NA,NA,NA,NA
"327","Broncos","DEN","DST","100009","robust",NA,NA,NA,NA,NA,NA,NA,NA,NA,NA,NA,NA,NA,NA,NA,NA,NA,NA,NA,NA,NA,NA,NA,NA,NA,NA,NA,NA,0.815,0,1.9,0.44478,0,0,0.13,0,0,NA,NA,NA,NA,NA,NA,NA,NA,NA,NA,NA,NA,NA,NA,NA,NA,NA
"328","Rams","LAR","DST","100017","robust",NA,NA,NA,NA,NA,NA,NA,NA,NA,NA,NA,NA,NA,NA,NA,NA,NA,NA,NA,NA,NA,NA,NA,NA,NA,NA,NA,NA,0.73,0.0593039999999999,3,0.44478,0.0233333333333333,0.034594,0.19,0.133434,0,NA,NA,NA,NA,NA,NA,NA,NA,NA,NA,NA,NA,NA,NA,NA,NA,NA
"329","Colts","IND","DST","100014","robust",NA,NA,NA,NA,NA,NA,NA,NA,NA,NA,NA,NA,NA,NA,NA,NA,NA,NA,NA,NA,NA,NA,NA,NA,NA,NA,NA,NA,0.7,0.14826,2.5,0.14826,0.0875,0,0.19,0,0,NA,NA,NA,NA,NA,NA,NA,NA,NA,NA,NA,NA,NA,NA,NA,NA,NA
"330","Saints","NO","DST","100022","robust",NA,NA,NA,NA,NA,NA,NA,NA,NA,NA,NA,NA,NA,NA,NA,NA,NA,NA,NA,NA,NA,NA,NA,NA,NA,NA,NA,NA,0.72,0.044478,2.4,0.0741300000000001,0.00625,0.00926625,0.195,0.07413,0,NA,NA,NA,NA,NA,NA,NA,NA,NA,NA,NA,NA,NA,NA,NA,NA,NA
"331","Packers","GB","DST","100011","robust",NA,NA,NA,NA,NA,NA,NA,NA,NA,NA,NA,NA,NA,NA,NA,NA,NA,NA,NA,NA,NA,NA,NA,NA,NA,NA,NA,NA,0.9,0.14826,2.6,0.0741300000000001,0.025,0.037065,0.1,0.07413,0,NA,NA,NA,NA,NA,NA,NA,NA,NA,NA,NA,NA,NA,NA,NA,NA,NA
"332","Browns","CLE","DST","100007","robust",NA,NA,NA,NA,NA,NA,NA,NA,NA,NA,NA,NA,NA,NA,NA,NA,NA,NA,NA,NA,NA,NA,NA,NA,NA,NA,NA,NA,0.9,0,2.7,0.126021,0,0,0.2,0,0,NA,NA,NA,NA,NA,NA,NA,NA,NA,NA,NA,NA,NA,NA,NA,NA,NA
"333","Cardinals","ARI","DST","100026","robust",NA,NA,NA,NA,NA,NA,NA,NA,NA,NA,NA,NA,NA,NA,NA,NA,NA,NA,NA,NA,NA,NA,NA,NA,NA,NA,NA,NA,0.815,0,3.2,0.14826,0,0,0.2,0,0,NA,NA,NA,NA,NA,NA,NA,NA,NA,NA,NA,NA,NA,NA,NA,NA,NA
"334","Buccaneers","TB","DST","100031","robust",NA,NA,NA,NA,NA,NA,NA,NA,NA,NA,NA,NA,NA,NA,NA,NA,NA,NA,NA,NA,NA,NA,NA,NA,NA,NA,NA,NA,0.8,0,2.7,0.44478,0.0875,0.0185325,0.215,0,0,NA,NA,NA,NA,NA,NA,NA,NA,NA,NA,NA,NA,NA,NA,NA,NA,NA
"335","Ravens","BAL","DST","100002","robust",NA,NA,NA,NA,NA,NA,NA,NA,NA,NA,NA,NA,NA,NA,NA,NA,NA,NA,NA,NA,NA,NA,NA,NA,NA,NA,NA,NA,0.95,0.0741300000000001,3.195,0.222390000000001,0.0125,0.0185325,0.2,0.088956,0,NA,NA,NA,NA,NA,NA,NA,NA,NA,NA,NA,NA,NA,NA,NA,NA,NA
"336","Chiefs","KC","DST","100016","robust",NA,NA,NA,NA,NA,NA,NA,NA,NA,NA,NA,NA,NA,NA,NA,NA,NA,NA,NA,NA,NA,NA,NA,NA,NA,NA,NA,NA,0.9,0.214977,3.25,0.22239,0,0,0.2,0,0,NA,NA,NA,NA,NA,NA,NA,NA,NA,NA,NA,NA,NA,NA,NA,NA,NA
"337","Bears","CHI","DST","100005","robust",NA,NA,NA,NA,NA,NA,NA,NA,NA,NA,NA,NA,NA,NA,NA,NA,NA,NA,NA,NA,NA,NA,NA,NA,NA,NA,NA,NA,0.95,0.118608,2.36,0.311346,0.01125,0.01667925,0.2,0,0,NA,NA,NA,NA,NA,NA,NA,NA,NA,NA,NA,NA,NA,NA,NA,NA,NA
"338","Bills","BUF","DST","100003","robust",NA,NA,NA,NA,NA,NA,NA,NA,NA,NA,NA,NA,NA,NA,NA,NA,NA,NA,NA,NA,NA,NA,NA,NA,NA,NA,NA,NA,1.15,0.0741299999999999,2.9,0.0518910000000002,0,0,0.2,0,0,NA,NA,NA,NA,NA,NA,NA,NA,NA,NA,NA,NA,NA,NA,NA,NA,NA
"339","Titans","TEN","DST","100012","robust",NA,NA,NA,NA,NA,NA,NA,NA,NA,NA,NA,NA,NA,NA,NA,NA,NA,NA,NA,NA,NA,NA,NA,NA,NA,NA,NA,NA,0.71,0.0741300000000001,2.65,0.0741300000000001,0,0,0.2,0.014826,0,NA,NA,NA,NA,NA,NA,NA,NA,NA,NA,NA,NA,NA,NA,NA,NA,NA
"340","49ers","SF","DST","100029","robust",NA,NA,NA,NA,NA,NA,NA,NA,NA,NA,NA,NA,NA,NA,NA,NA,NA,NA,NA,NA,NA,NA,NA,NA,NA,NA,NA,NA,1,0.14826,2.955,0.281694,0.0875,0,0.2,0,0,NA,NA,NA,NA,NA,NA,NA,NA,NA,NA,NA,NA,NA,NA,NA,NA,NA
"341","Steelers","PIT","DST","100027","robust",NA,NA,NA,NA,NA,NA,NA,NA,NA,NA,NA,NA,NA,NA,NA,NA,NA,NA,NA,NA,NA,NA,NA,NA,NA,NA,NA,NA,0.85,0.0741300000000001,2.75,0.59304,0,0,0.165,0.022239,0,NA,NA,NA,NA,NA,NA,NA,NA,NA,NA,NA,NA,NA,NA,NA,NA,NA
"342","Robbie Gould","SF","K","2506264","robust",NA,NA,NA,NA,NA,NA,NA,NA,NA,NA,NA,NA,NA,NA,NA,NA,NA,NA,NA,NA,NA,NA,NA,NA,NA,NA,NA,NA,NA,NA,NA,NA,NA,NA,NA,NA,NA,NA,0,0,0.561467799934619,0.081973546910755,0.493085975809088,0.0308103569794049,0.4525,0.0850592677345537,0.139287757437071,0.0756445881006865,2.6,0.29652,NA,NA,NA,NA
"343","Stephen Gostkowski","TEN","K","2506922","robust",NA,NA,NA,NA,NA,NA,NA,NA,NA,NA,NA,NA,NA,NA,NA,NA,NA,NA,NA,NA,NA,NA,NA,NA,NA,NA,NA,NA,NA,NA,NA,NA,NA,NA,NA,NA,NA,NA,0.00509803921568627,0.00581411764705882,0.5,0.174758959276018,0.544265962795375,0.245717283559578,0.286953242835596,0.0657442533936652,0.12097033685269,0.0657628883861237,2.725,0.14826,NA,NA,NA,NA
"344","Harrison Butker","KC","K","2558245","robust",NA,NA,NA,NA,NA,NA,NA,NA,NA,NA,NA,NA,NA,NA,NA,NA,NA,NA,NA,NA,NA,NA,NA,NA,NA,NA,NA,NA,NA,NA,NA,NA,NA,NA,NA,NA,NA,NA,0.0273148148148148,0.0219644444444444,0.584883689107827,0.0437882298850574,0.5394330414158,0.0593040000000001,0.536797573435504,0.0579406896551725,0.174475460682357,0.0272121072796935,3.475,0.14826,NA,NA,NA,NA
"345","Wil Lutz","NO","K","2556601","robust",NA,NA,NA,NA,NA,NA,NA,NA,NA,NA,NA,NA,NA,NA,NA,NA,NA,NA,NA,NA,NA,NA,NA,NA,NA,NA,NA,NA,NA,NA,NA,NA,NA,NA,NA,NA,NA,NA,0.0232297063903282,0.00181265066812108,0.589563676029452,0.0214822688846468,0.5,0.0341640850831743,0.62094355058631,0.0481531660758114,0.119170984455959,0.00929910008181075,3.075,0,NA,NA,NA,NA
"346","Greg Zuerlein","DAL","K","2534797","robust",NA,NA,NA,NA,NA,NA,NA,NA,NA,NA,NA,NA,NA,NA,NA,NA,NA,NA,NA,NA,NA,NA,NA,NA,NA,NA,NA,NA,NA,NA,NA,NA,NA,NA,NA,NA,NA,NA,0.0172494172494173,0.00276475524475524,0.485726904674273,0.0800154120966752,0.605668016194332,0.0997737112010797,0.421904674273095,0.0334171601030548,0.281178383020488,0.00809418476260578,3.05,0.29652,NA,NA,NA,NA
"347","Mason Crosby","GB","K","2507232","robust",NA,NA,NA,NA,NA,NA,NA,NA,NA,NA,NA,NA,NA,NA,NA,NA,NA,NA,NA,NA,NA,NA,NA,NA,NA,NA,NA,NA,NA,NA,NA,NA,NA,NA,NA,NA,NA,NA,0.0278544372294372,0.00465318181818182,0.313839285714286,0.0503025,0.679761904761905,0.0815109090909091,0.526547619047619,0.04544875,0.157514880952381,0.0255925,2.95,0.14826,NA,NA,NA,NA
"348","Justin Tucker","BAL","K","2536340","robust",NA,NA,NA,NA,NA,NA,NA,NA,NA,NA,NA,NA,NA,NA,NA,NA,NA,NA,NA,NA,NA,NA,NA,NA,NA,NA,NA,NA,NA,NA,NA,NA,NA,NA,NA,NA,NA,NA,0.0155038759689922,0.011493023255814,0.609397524819801,0.0278655405956752,0.568507581939344,0.0602405805793554,0.653882768937848,0.0683734067727458,0.132636168910649,0.0459586508907929,3.1,0.237216,NA,NA,NA,NA
"349","Ryan Succop","TB","K","89802","robust",NA,NA,NA,NA,NA,NA,NA,NA,NA,NA,NA,NA,NA,NA,NA,NA,NA,NA,NA,NA,NA,NA,NA,NA,NA,NA,NA,NA,NA,NA,NA,NA,NA,NA,NA,NA,NA,NA,0.0153225806451613,0.00956516129032258,0.405779569892473,0.15125217866005,0.623743796526055,0.092267017369727,0.436049421009098,0.0826037518610422,0.124651054590571,0.049144081885856,3,0.29652,NA,NA,NA,NA
"350","Zane Gonzalez","ARI","K","2558178","robust",NA,NA,NA,NA,NA,NA,NA,NA,NA,NA,NA,NA,NA,NA,NA,NA,NA,NA,NA,NA,NA,NA,NA,NA,NA,NA,NA,NA,NA,NA,NA,NA,NA,NA,NA,NA,NA,NA,0.00579268292682927,0.00361609756097561,0.499932249322493,0.118608,0.543717818428184,0.0646879674796748,0.3353125,0.0593040000000001,0.224669715447154,0.0847372195121951,2.75,0.29652,NA,NA,NA,NA
"351","Dan Bailey","MIN","K","2495259","robust",NA,NA,NA,NA,NA,NA,NA,NA,NA,NA,NA,NA,NA,NA,NA,NA,NA,NA,NA,NA,NA,NA,NA,NA,NA,NA,NA,NA,NA,NA,NA,NA,NA,NA,NA,NA,NA,NA,0,0,0.515361952861953,0.0458008585858585,0.605034722222222,0.133434,0.334924242424242,0.0464248484848485,0.116266835016835,0.0214652525252525,2.4,0.14826,NA,NA,NA,NA
"352","Jason Myers","SEA","K","2553112","robust",NA,NA,NA,NA,NA,NA,NA,NA,NA,NA,NA,NA,NA,NA,NA,NA,NA,NA,NA,NA,NA,NA,NA,NA,NA,NA,NA,NA,NA,NA,NA,NA,NA,NA,NA,NA,NA,NA,0.0053072625698324,0.00331307262569832,0.358854748603352,0.0948406480446928,0.599909550412344,0.0553125363128493,0.499142945818923,0.0741300000000001,0.165381972155715,0.0400079813780261,2.5,0,NA,NA,NA,NA
"353","Younghoe Koo","ATL","K","2559205","robust",NA,NA,NA,NA,NA,NA,NA,NA,NA,NA,NA,NA,NA,NA,NA,NA,NA,NA,NA,NA,NA,NA,NA,NA,NA,NA,NA,NA,NA,NA,NA,NA,NA,NA,NA,NA,NA,NA,0.0202450980392157,0.0142445882352941,0.473889318885449,0.0776414210526316,0.598560371517028,0.0593039999999999,0.597639318885449,0.0988859009287926,0.121339009287926,0.0316027894736842,2.325,0.415128,NA,NA,NA,NA
"354","Daniel Carlson","LVR","K","2560993","robust",NA,NA,NA,NA,NA,NA,NA,NA,NA,NA,NA,NA,NA,NA,NA,NA,NA,NA,NA,NA,NA,NA,NA,NA,NA,NA,NA,NA,NA,NA,NA,NA,NA,NA,NA,NA,NA,NA,0.0120300751879699,0.0118905263157895,0.486048454469507,0.0826639298245615,0.318157894736842,0.044478,0.422222222222222,0.088956,0.11343776106934,0.0388114210526316,2.2,0.14826,NA,NA,NA,NA
"355","Tyler Bass","BUF","K","2563596","robust",NA,NA,NA,NA,NA,NA,NA,NA,NA,NA,NA,NA,NA,NA,NA,NA,NA,NA,NA,NA,NA,NA,NA,NA,NA,NA,NA,NA,NA,NA,NA,NA,NA,NA,NA,NA,NA,NA,0.108823529411765,0.122096470588235,0.514318885448916,0,0.525541795665635,0.07252346749226,0.514318885448916,0,0.157043343653251,0.0532450773993808,2.65,0.44478,NA,NA,NA,NA
"356","Cairo Santos","FA","K","2550636","robust",NA,NA,NA,NA,NA,NA,NA,NA,NA,NA,NA,NA,NA,NA,NA,NA,NA,NA,NA,NA,NA,NA,NA,NA,NA,NA,NA,NA,NA,NA,NA,NA,NA,NA,NA,NA,NA,NA,0,0,0.535803571428571,0.0296520000000001,0.6921875,0.051891,0.399330357142857,0.00741300000000001,0.115241596638655,0.0144833823529412,2.2525,0.200151,NA,NA,NA,NA
"357","Sam Sloman","LAR","K","2564397","robust",NA,NA,NA,NA,NA,NA,NA,NA,NA,NA,NA,NA,NA,NA,NA,NA,NA,NA,NA,NA,NA,NA,NA,NA,NA,NA,NA,NA,NA,NA,NA,NA,NA,NA,NA,NA,NA,NA,0.0101388888888889,0.00782483333333333,0.37625,0.0481845,0.788888888888889,0.181206666666667,0.335277777777778,0.0584803333333334,0.205833333333333,0.00576566666666666,2.25,0.22239,NA,NA,NA,NA
"358","Cody Parkey","FA","K","2550380","robust",NA,NA,NA,NA,NA,NA,NA,NA,NA,NA,NA,NA,NA,NA,NA,NA,NA,NA,NA,NA,NA,NA,NA,NA,NA,NA,NA,NA,NA,NA,NA,NA,NA,NA,NA,NA,NA,NA,0.0159176029962547,0.0235994382022472,0.398200966740293,0.0505353077883415,0.513227055923685,0.0841715668875444,0.619779762476392,0.118934524152502,0.138387912545216,0.0569139191395371,2.2,0.0889560000000001,NA,NA,NA,NA
"359","Rodrigo Blankenship","IND","K","2564106","robust",NA,NA,NA,NA,NA,NA,NA,NA,NA,NA,NA,NA,NA,NA,NA,NA,NA,NA,NA,NA,NA,NA,NA,NA,NA,NA,NA,NA,NA,NA,NA,NA,NA,NA,NA,NA,NA,NA,0.025,0.037065,0.45,0.07413,0.5,0,0.25,0.22239,0.2,0,2.3,0.29652,NA,NA,NA,NA
"360","Chris Boswell","PIT","K","2550545","robust",NA,NA,NA,NA,NA,NA,NA,NA,NA,NA,NA,NA,NA,NA,NA,NA,NA,NA,NA,NA,NA,NA,NA,NA,NA,NA,NA,NA,NA,NA,NA,NA,NA,NA,NA,NA,NA,NA,0.02,0.000743795959595962,0.541010101010101,0.0480971414141414,0.551515151515151,0.0341447272727273,0.668265993265993,0.0444280808080808,0.122383838383838,0.0189193737373738,2.05,0.00741299999999984,NA,NA,NA,NA
"361","Mike Badgley","LAC","K","2560965","robust",NA,NA,NA,NA,NA,NA,NA,NA,NA,NA,NA,NA,NA,NA,NA,NA,NA,NA,NA,NA,NA,NA,NA,NA,NA,NA,NA,NA,NA,NA,NA,NA,NA,NA,NA,NA,NA,NA,0.0164444444444444,0.0131786666666667,0.58015873015873,0.118137333333333,0.473015873015873,0.100722666666667,0.591968253968254,0.138611333333333,0.0966825396825397,0.0147083333333333,2,0,NA,NA,NA,NA
"362","Nick Folk","FA","K","2507225","robust",NA,NA,NA,NA,NA,NA,NA,NA,NA,NA,NA,NA,NA,NA,NA,NA,NA,NA,NA,NA,NA,NA,NA,NA,NA,NA,NA,NA,NA,NA,NA,NA,NA,NA,NA,NA,NA,NA,0.0166666666666667,0.02471,0.575,0.0388299999999999,0.5,0.0211799999999999,0.386904761904762,0.029652,0.132142857142857,0.046596,2.1,0.14826,NA,NA,NA,NA
"363","Matt Prater","DET","K","2506677","robust",NA,NA,NA,NA,NA,NA,NA,NA,NA,NA,NA,NA,NA,NA,NA,NA,NA,NA,NA,NA,NA,NA,NA,NA,NA,NA,NA,NA,NA,NA,NA,NA,NA,NA,NA,NA,NA,NA,0.00747474747474748,0.00119806060606061,0.562146464646465,0.091988590909091,0.505530303030303,0.0116810909090908,0.468787878787879,0.0772249898989899,0.274217171717172,0.0228380303030303,2.05,0.14826,NA,NA,NA,NA
"364","Jake Elliott","PHI","K","2558172","robust",NA,NA,NA,NA,NA,NA,NA,NA,NA,NA,NA,NA,NA,NA,NA,NA,NA,NA,NA,NA,NA,NA,NA,NA,NA,NA,NA,NA,NA,NA,NA,NA,NA,NA,NA,NA,NA,NA,0.0139194139194139,0.0108615384615385,0.495,0.0634585384615384,0.605311355311355,0.142096076923077,0.442472527472527,0.0782030769230769,0.15,0.0333992307692308,2,0.14826,NA,NA,NA,NA
"365","Kaimi Fairbairn","HOU","K","2556521","robust",NA,NA,NA,NA,NA,NA,NA,NA,NA,NA,NA,NA,NA,NA,NA,NA,NA,NA,NA,NA,NA,NA,NA,NA,NA,NA,NA,NA,NA,NA,NA,NA,NA,NA,NA,NA,NA,NA,0.0245555555555556,0.00658933333333333,0.470166666666667,0.113666,0.540222222222222,0.126844666666667,0.428833333333333,0.093898,0.15,0.0292401666666667,2,0,NA,NA,NA,NA
"366","Sam Ficken","NYJ","K","2557430","robust",NA,NA,NA,NA,NA,NA,NA,NA,NA,NA,NA,NA,NA,NA,NA,NA,NA,NA,NA,NA,NA,NA,NA,NA,NA,NA,NA,NA,NA,NA,NA,NA,NA,NA,NA,NA,NA,NA,0.005249343832021,0.00778267716535433,0.246996114122098,0.100586048675734,0.413062344479667,0.0614427201145311,0.337652963834066,0.0167580243378669,0.117709718103419,0.00618065855404439,1.8,0.29652,NA,NA,NA,NA
"367","Graham Gano","NYG","K","71309","robust",NA,NA,NA,NA,NA,NA,NA,NA,NA,NA,NA,NA,NA,NA,NA,NA,NA,NA,NA,NA,NA,NA,NA,NA,NA,NA,NA,NA,NA,NA,NA,NA,NA,NA,NA,NA,NA,NA,0.00649350649350649,0.00962727272727273,0.54,0.355824,0.443722943722944,0.263081272727273,0.234155844155844,0.0827945454545454,0.17,0.044478,1.65,0.0741300000000001,NA,NA,NA,NA
"368","Randy Bullock","CIN","K","2533444","robust",NA,NA,NA,NA,NA,NA,NA,NA,NA,NA,NA,NA,NA,NA,NA,NA,NA,NA,NA,NA,NA,NA,NA,NA,NA,NA,NA,NA,NA,NA,NA,NA,NA,NA,NA,NA,NA,NA,0.0138211382113821,0.0204912195121951,0.541307066916823,0.151806557223265,0.36,0.088956,0.53599124452783,0.0770692382739213,0.139118198874296,0.0719047091932458,1.8,0.29652,NA,NA,NA,NA
"369","Dustin Hopkins","WAS","K","2539227","robust",NA,NA,NA,NA,NA,NA,NA,NA,NA,NA,NA,NA,NA,NA,NA,NA,NA,NA,NA,NA,NA,NA,NA,NA,NA,NA,NA,NA,NA,NA,NA,NA,NA,NA,NA,NA,NA,NA,0.00833333333333333,0.012355,0.377628968253968,0.115092708333333,0.429960317460317,0.103840833333333,0.518551587301587,0.175764583333333,0.147519841269841,0.0704529166666667,1.8,0.029652,NA,NA,NA,NA
"370","Brandon McManus","DEN","K","2541556","robust",NA,NA,NA,NA,NA,NA,NA,NA,NA,NA,NA,NA,NA,NA,NA,NA,NA,NA,NA,NA,NA,NA,NA,NA,NA,NA,NA,NA,NA,NA,NA,NA,NA,NA,NA,NA,NA,NA,0.00947368421052631,0.00780315789473684,0.447935222672065,0.146559311740891,0.56155420602789,0.104809082321188,0.499055330634278,0.0900764534412956,0.161311291048133,0.0340271039136302,1.79,0.163086,NA,NA,NA,NA
"371","Josh Lambo","JAC","K","2553833","robust",NA,NA,NA,NA,NA,NA,NA,NA,NA,NA,NA,NA,NA,NA,NA,NA,NA,NA,NA,NA,NA,NA,NA,NA,NA,NA,NA,NA,NA,NA,NA,NA,NA,NA,NA,NA,NA,NA,0,0,0.47702460249248,0.127613026966051,0.35,0.0896918844005157,0.388429308122046,0.131105292221745,0.231099591749033,0.0641947641813493,1.6,0.0889560000000001,NA,NA,NA,NA
"372",NA,NA,"K","0","robust",NA,NA,NA,NA,NA,NA,NA,NA,NA,NA,NA,NA,NA,NA,NA,NA,NA,NA,NA,NA,NA,NA,NA,NA,NA,NA,NA,NA,NA,NA,NA,NA,NA,NA,NA,NA,NA,NA,0.005,0,0.395,0.118608,0.445,0,0.605,0.118608,0.285,0.14826,1.74,0.14826,NA,NA,NA,NA
"373","Jason Sanders","MIA","K","2561153","robust",NA,NA,NA,NA,NA,NA,NA,NA,NA,NA,NA,NA,NA,NA,NA,NA,NA,NA,NA,NA,NA,NA,NA,NA,NA,NA,NA,NA,NA,NA,NA,NA,NA,NA,NA,NA,NA,NA,0.0119047619047619,0.01765,0.465295815295815,0.108146363636364,0.454274891774892,0.228727954545455,0.4,0.0593040000000001,0.12,0.029652,1.7,0.14826,NA,NA,NA,NA
