"","player","team","position","id","avg_type","pass_att","pass_att_sd","pass_comp","pass_comp_sd","pass_yds","pass_yds_sd","pass_tds","pass_tds_sd","pass_int","pass_int_sd","rush_att","rush_att_sd","rush_yds","rush_yds_sd","rush_tds","rush_tds_sd","fumbles_lost","fumbles_lost_sd","two_pts","two_pts_sd","return_tds","return_tds_sd","rec","rec_sd","rec_yds","rec_yds_sd","rec_tds","rec_tds_sd","dst_int","dst_int_sd","dst_sacks","dst_sacks_sd","dst_safety","dst_safety_sd","dst_td","dst_td_sd","dst_blk","dst_blk_sd","fg_0019","fg_0019_sd","fg_2029","fg_2029_sd","fg_3039","fg_3039_sd","fg_4049","fg_4049_sd","fg_50","fg_50_sd","xp","xp_sd","injury_status","injury_details","week","season_year"
"1","Joe Burrow","CIN","QB","2563722","robust",33.59,2.25355199999999,22.65,0.593039999999998,269.3,7.66504200000002,1.8625,0.29652,0.933276566481665,0.0460131166209548,2.30354954698398,0.44478,10.2825,0.444780000000001,0.109282263749083,0.014826,0.146666666666667,0,0.05,0,0,NA,NA,NA,NA,NA,NA,NA,NA,NA,NA,NA,NA,NA,NA,NA,NA,NA,NA,NA,NA,NA,NA,NA,NA,NA,NA,NA,NA,NA,NA,NA,NA,NA
"2","Justin Herbert","LAC","QB","2565045","robust",36.4274051068116,0.222389999999998,24.35,1.03782,275.4975,9.11798999999997,1.91,0.103782,1.0075,0.14826,4.1,0.148259999999999,20.2875,0.444780000000001,0.19,0.029652,0.06,0,0.19,0,0,NA,NA,NA,NA,NA,NA,NA,NA,NA,NA,NA,NA,NA,NA,NA,NA,NA,NA,NA,NA,NA,NA,NA,NA,NA,NA,NA,NA,NA,NA,NA,NA,NA
"3","Dak Prescott","DAL","QB","2555260","robust",36.0175,1.03781999999999,24.3075,0.7413,267.31,7.82812799999996,2,0.207564,0.598472241221296,0.0639221299892584,3.4,0.14826,14.115,1.616034,0.105,0.044478,0.22,0,0.26,0,0,NA,NA,NA,NA,NA,NA,NA,NA,NA,NA,NA,NA,NA,NA,NA,NA,NA,NA,NA,NA,NA,NA,NA,NA,NA,NA,NA,NA,NA,NA,NA,NA,NA
"4","Jimmy Garoppolo","SF","QB","2543801","robust",10.5,0,7.25,0,89,0,0.45,0,0.55,0,0.5,0,1.5,0,0.00875,0,0.1,0,0,NA,0,NA,NA,NA,NA,NA,NA,NA,NA,NA,NA,NA,NA,NA,NA,NA,NA,NA,NA,NA,NA,NA,NA,NA,NA,NA,NA,NA,NA,NA,"D","Thumb",17,2021
"5","Tom Brady","TB","QB","2504211","robust",38.8549264563906,0.148260000000002,25.4518345431376,0.400301999999999,292.4,6.81996000000003,2.2525,0.489258,0.441801186881651,0.150332120658529,1.47916666666667,0.44478,4.215,1.808772,0.095,0.009884,0.0866666666666667,0,0,NA,0,NA,NA,NA,NA,NA,NA,NA,NA,NA,NA,NA,NA,NA,NA,NA,NA,NA,NA,NA,NA,NA,NA,NA,NA,NA,NA,NA,NA,NA,NA,NA,NA,NA
"6","Kirk Cousins","MIN","QB","2532820","robust",38,NA,27,NA,315,0,1,NA,1,NA,4,NA,17,0,NA,NA,NA,NA,NA,NA,NA,NA,NA,NA,NA,NA,NA,NA,NA,NA,NA,NA,NA,NA,NA,NA,NA,NA,NA,NA,NA,NA,NA,NA,NA,NA,NA,NA,NA,NA,NA,"Illness",17,2021
"7","Josh Allen","BUF","QB","2560955","robust",37.1025671670553,1.18608,24.3614362109876,0.637518,278.3,12.7651859999999,2.3,0.44478,0.8,0.0145648700718457,7.8,1.33684764060107,40.15,7.11648,0.3,0,0.18,0,0.03,0,0,NA,NA,NA,NA,NA,NA,NA,NA,NA,NA,NA,NA,NA,NA,NA,NA,NA,NA,NA,NA,NA,NA,NA,NA,NA,NA,NA,NA,NA,NA,NA,NA,NA
"8","Josh Johnson","BAL","QB","264","robust",20.05,29.57787,14.035,20.704509,152.5,224.6139,1.005,1.475187,0.5,0.7413,2.505,3.699087,5.025,7.375935,0,0,0,0,NA,NA,NA,NA,NA,NA,NA,NA,NA,NA,NA,NA,NA,NA,NA,NA,NA,NA,NA,NA,NA,NA,NA,NA,NA,NA,NA,NA,NA,NA,NA,NA,NA,NA,NA,NA
"9","Patrick Mahomes","KC","QB","2558125","robust",38.1379362481619,1.71981599999999,25.025,0.225861060603073,290.205,17.0499,2.0675,0.044478,0.557981619420557,0.124592902094165,3.75,NA,19.2858333333333,1.279978,0.102229490177122,0.00661088427320229,0.116666666666667,0,0.13,0,0,NA,NA,NA,NA,NA,NA,NA,NA,NA,NA,NA,NA,NA,NA,NA,NA,NA,NA,NA,NA,NA,NA,NA,NA,NA,NA,NA,NA,NA,NA,NA,NA,NA
"10","Matthew Stafford","LAR","QB","79860","robust",35.85,2.253552,23.0247261399787,1.4826,285.155,2.62420199999997,2,0.0741299999999997,0.7175,0.192738,1.6475,0.140847,5.07,3.7065,0.0616666666666667,0.054362,0.0766666666666667,0,0.13,0,0,NA,NA,NA,NA,NA,NA,NA,NA,NA,NA,NA,NA,NA,NA,NA,NA,NA,NA,NA,NA,NA,NA,NA,NA,NA,NA,NA,NA,NA,NA,NA,NA,NA
"11","Trevor Lawrence","JAC","QB","2566163","robust",32.2267655897701,2.950374,19.95,1.40847,207.945,8.96973000000002,0.643488060182726,0.21273539802691,1.23858107404568,0.497684350931093,4.25,0.37065,22.605,3.024504,0.115,0.059304,0.3875,0.22239,0.11,0,0,NA,NA,NA,NA,NA,NA,NA,NA,NA,NA,NA,NA,NA,NA,NA,NA,NA,NA,NA,NA,NA,NA,NA,NA,NA,NA,NA,NA,NA,NA,NA,NA,NA
"12","Aaron Rodgers","GB","QB","2506363","robust",34.3,0.444779999999996,22.875,0.7413,268.85,10.82298,2.475,0.44478,0.35,0.104826174017132,1.6,0.993342,9.25,4.358844,0.1,0.044478,0.07,0,0.03,0,0,NA,NA,NA,NA,NA,NA,NA,NA,NA,NA,NA,NA,NA,NA,NA,NA,NA,NA,NA,NA,NA,NA,NA,NA,NA,NA,NA,NA,NA,NA,NA,NA,NA
"13","Derek Carr","LVR","QB","2543499","robust",33.0152624186841,1.68860775223593,22.34,0.978516,258,4.43297400000001,1.155,0.29652,0.899313867703185,0.133434,2.6325,0.29652,7.645,2.090466,0.07,0.0444438635376475,0.4375,0.0926625,0.03,0,0,NA,NA,NA,NA,NA,NA,NA,NA,NA,NA,NA,NA,NA,NA,NA,NA,NA,NA,NA,NA,NA,NA,NA,NA,NA,NA,NA,NA,NA,NA,NA,NA,NA
"14","Kyler Murray","ARI","QB","2562382","robust",34.2454399107938,3.23076357651434,22.5774973874019,2.11271274687602,253.485,22.83204,1.5175,0.192738,0.7,0.0905614907176916,6.35,0.385087991314214,32.7825,2.535246,0.255,0.163086,0.153333333333333,0,0,NA,0,NA,NA,NA,NA,NA,NA,NA,NA,NA,NA,NA,NA,NA,NA,NA,NA,NA,NA,NA,NA,NA,NA,NA,NA,NA,NA,NA,NA,NA,NA,NA,NA,NA
"15","Sean Mannion","MIN","QB","2552576","robust",33.915,0.296520000000004,21.38,1.067472,228.9,23.86986,1.025,0.0741300000000001,1.01830470192384,0.106295448927709,2.61310182616736,1.008168,10.3,1.92738,0.07,0.044478,0.176666666666667,0.034594,0.08,0,0,NA,NA,NA,NA,NA,NA,NA,NA,NA,NA,NA,NA,NA,NA,NA,NA,NA,NA,NA,NA,NA,NA,NA,NA,NA,NA,NA,NA,NA,NA,NA,NA,NA
"16","Tua Tagovailoa","MIA","QB","2564499","robust",33.535,2.75658856469547,22.635,1.83468508505422,237,12.016473,1.27,0.22239,0.797744453361873,0.22239,3.2,1.193493,10.705,4.010433,0.125,0.109661780041825,0.133333333333333,0.02471,0.1,0,0,NA,NA,NA,NA,NA,NA,NA,NA,NA,NA,NA,NA,NA,NA,NA,NA,NA,NA,NA,NA,NA,NA,NA,NA,NA,NA,NA,NA,NA,NA,NA,NA,NA
"17","Ben Roethlisberger","PIT","QB","2506109","robust",35.875,1.40847,23.4375,1.18608,238.17,12.6021,1.25,0.44478,0.837260092489243,0.0430552524982072,0.997,0.0177912,2.70416666666667,1.025465,0.025,0.039536,0.33125,0.0926625,0.19,0,0,NA,NA,NA,NA,NA,NA,NA,NA,NA,NA,NA,NA,NA,NA,NA,NA,NA,NA,NA,NA,NA,NA,NA,NA,NA,NA,NA,NA,NA,NA,NA,NA,NA
"18","Davis Mills","HOU","QB","2566136","robust",31.66,2.53703168279017,20.85,1.21659130863813,229.3,5.53009799999998,1.165,0.118608,0.79,0.120047198279228,1.202,0.81543,4.68,6.997872,0.05,0.0474432,0.116666666666667,0.012355,0.1,0,0,NA,NA,NA,NA,NA,NA,NA,NA,NA,NA,NA,NA,NA,NA,NA,NA,NA,NA,NA,NA,NA,NA,NA,NA,NA,NA,NA,NA,NA,NA,NA,NA,NA
"19","Andy Dalton","CHI","QB","2495143","robust",31.42,1.76461850616492,20,1.03782,223.425,26.53854,1.1,0.252042,0.49,0.603083049952094,2.585,1.33434,9.3,5.144622,0.07,0.059304,0.0933333333333333,0.034594,0.1,0,0,NA,NA,NA,NA,NA,NA,NA,NA,NA,NA,NA,NA,NA,NA,NA,NA,NA,NA,NA,NA,NA,NA,NA,NA,NA,NA,NA,NA,NA,NA,NA,NA,NA
"20","Nick Foles","CHI","QB","2532842","robust",26.5,12.6021,18.1,8.74734,202.5,70.4235,0.8,0.29652,0.294444444444444,0.140023333333333,3.2,1.18608,8,0,0.1,0,0.1,0,NA,NA,NA,NA,NA,NA,NA,NA,NA,NA,NA,NA,NA,NA,NA,NA,NA,NA,NA,NA,NA,NA,NA,NA,NA,NA,NA,NA,NA,NA,NA,NA,NA,NA,NA,NA
"21","Mac Jones","NE","QB","2566334","robust",31.45,0.867321000000001,20.5,1.04170287238237,223.89,16.23447,1.53389184067465,0.467019,0.709873704969617,0.14826,3.57844818037139,0.644931,14.59,3.839934,0.123327219731315,0.103782,0.0966666666666667,0.00247100000000001,0.11,0,0,NA,NA,NA,NA,NA,NA,NA,NA,NA,NA,NA,NA,NA,NA,NA,NA,NA,NA,NA,NA,NA,NA,NA,NA,NA,NA,NA,NA,NA,NA,NA,NA,NA
"22","Russell Wilson","SEA","QB","2532975","robust",29.75,1.11195,19.85,0.37065,230.445,6.59015699999999,1.815,0.14826,0.6,0.061945393662332,2.67629880377792,0.998829393518854,15.5,3.7065,0.0826065804426647,0.00741300000000001,0.113333333333333,0.009884,0.06,0,0,NA,NA,NA,NA,NA,NA,NA,NA,NA,NA,NA,NA,NA,NA,NA,NA,NA,NA,NA,NA,NA,NA,NA,NA,NA,NA,NA,NA,NA,NA,NA,NA,NA
"23","Matt Ryan","ATL","QB","310","robust",32.94,3.55249784499706,21.655,1.64094042975528,228.625,16.16034,1,0,0.75,0.147030037213743,2.575,0.355824,7.05,1.70499,0.0729074407139923,0.029652,0.166666666666667,0,0.08,0,0,NA,NA,NA,NA,NA,NA,NA,NA,NA,NA,NA,NA,NA,NA,NA,NA,NA,NA,NA,NA,NA,NA,NA,NA,NA,NA,NA,NA,NA,NA,NA,NA,NA
"24","Tyler Huntley","BAL","QB","2563560","robust",29.55,6.60687923492841,19.75,3.88905892517886,222.08,23.602992,1.1,0.0741300000000001,0.943349410820395,0.14826,7,1.03066632568831,33.89,5.1891,0.2,0.29652,0.26,0.059304,0.08,0,0,NA,NA,NA,NA,NA,NA,NA,NA,NA,NA,NA,NA,NA,NA,NA,NA,NA,NA,NA,NA,NA,NA,NA,NA,NA,NA,NA,NA,NA,NA,NA,NA,NA
"25","Baker Mayfield","CLE","QB","2560800","robust",31.4899582006261,0.815430000000001,19.9358695244441,0.570801000000002,227.5,7.272153,1.335,0.133434,1.02917316117129,0.259455,3.1,0.978516,11.15,2.74281,0.07,0.044478,0.15,0.037065,0.09,0,0,NA,NA,NA,NA,NA,NA,NA,NA,NA,NA,NA,NA,NA,NA,NA,NA,NA,NA,NA,NA,NA,NA,NA,NA,NA,NA,NA,NA,NA,NA,NA,NA,NA
"26","Carson Wentz","IND","QB","2555259","robust",25.7668579149274,5.381838,16.1525,4.79908779163913,178.9475,31.001166,1.3325,0.637518,0.43895634545314,0.0813167461461165,2.53916666666667,0.44478,11.05,6.508614,0.0966666666666667,0.044478,0.17,0,0.19,0,0,NA,NA,NA,NA,NA,NA,NA,NA,NA,NA,NA,NA,NA,NA,NA,NA,NA,NA,NA,NA,NA,NA,NA,NA,NA,NA,NA,NA,NA,"Q","Illness",17,2021
"27","Tim Boyle","DET","QB","2561187","robust",30.65,4.24550182269596,20.2322847388854,3.60610535387151,200.135,20.16336,0.96,0.0667170000000001,1,0.155673,0.78,0.7413,4.962,3.48411,0.03,0.022239,0.0933333333333333,0.009884,0.08,0,0,NA,NA,NA,NA,NA,NA,NA,NA,NA,NA,NA,NA,NA,NA,NA,NA,NA,NA,NA,NA,NA,NA,NA,NA,NA,NA,NA,NA,NA,NA,NA,NA,NA
"28","Ryan Tannehill","TEN","QB","2532956","robust",30.05,2.653854,20.4,1.33434,219.535,19.036584,1.1525,0.14826,0.68853828253841,0.106817832101691,3.58873438881465,0.429954,18.75,0.7413,0.2,0.014826,0.15,0,0.13,0,0,NA,NA,NA,NA,NA,NA,NA,NA,NA,NA,NA,NA,NA,NA,NA,NA,NA,NA,NA,NA,NA,NA,NA,NA,NA,NA,NA,NA,NA,NA,NA,NA,NA
"29","Taylor Heinicke","WAS","QB","2553656","robust",30.75,0.919211999999996,19.9,2.73095512837528,217.4325,8.49529799999998,1.125,0.14826,1,0.14826,2.7,1.527078,16.0175,1.92738,0.0811550704756808,0.059304,0.143333333333333,0,0.11,0,0,NA,NA,NA,NA,NA,NA,NA,NA,NA,NA,NA,NA,NA,NA,NA,NA,NA,NA,NA,NA,NA,NA,NA,NA,NA,NA,NA,NA,NA,NA,NA,NA,NA
"30","Jalen Hurts","PHI","QB","2564832","robust",29.5,1.33434,17.9426737923471,1.28193367093234,216.985,5.67835800000002,1.235,0.22239,0.583961878898463,0.128695459974771,7.65,1.33434,43,6.345528,0.555,0.14826,0.176666666666667,0,0.16,0,0,NA,NA,NA,NA,NA,NA,NA,NA,NA,NA,NA,NA,NA,NA,NA,NA,NA,NA,NA,NA,NA,NA,NA,NA,NA,NA,NA,NA,NA,NA,NA,NA,NA
"31","Sam Darnold","CAR","QB","2561036","robust",28.71,3.49490156281878,16.505,2.52042,191.475,21.460635,0.84,0.162278632662924,0.563434491568586,0.22239,2.9,2.00151,13.4,10.82298,0.095,0.059304,0.123333333333333,0.017297,0.13,0,0,NA,NA,NA,NA,NA,NA,NA,NA,NA,NA,NA,NA,NA,NA,NA,NA,NA,NA,NA,NA,NA,NA,NA,NA,NA,NA,NA,NA,NA,NA,NA,NA,NA
"32","Drew Lock","DEN","QB","2562305","robust",29.2,2.99103566138242,19.12,1.512252,209.97,15.152172,1.05,0.029652,0.815808109032523,0.171697102451618,2.2,0.29652,9.93,2.59455,0.113290526123696,0.029652,0.166666666666667,0.02471,0.07,0,0,NA,NA,NA,NA,NA,NA,NA,NA,NA,NA,NA,NA,NA,NA,NA,NA,NA,NA,NA,NA,NA,NA,NA,NA,NA,NA,NA,NA,NA,NA,NA,NA,NA
"33","Sam Ehlinger","IND","QB","2566142","robust",22.225,1.77912,13.875,1.77912,162.45,14.23296,0.8,0.29652,0.7225,0.14826,1.925,1.33434,8.425,10.3782,0.035,0.029652,0.05,0.07413,0,NA,0,NA,NA,NA,NA,NA,NA,NA,NA,NA,NA,NA,NA,NA,NA,NA,NA,NA,NA,NA,NA,NA,NA,NA,NA,NA,NA,NA,NA,NA,NA,NA,NA,NA
"34","Taysom Hill","NO","QB","2558954","robust",27.4853565307967,1.690164,17,1.63168884035862,197.5,23.247168,1.05,0.0593040000000001,0.88,0.14826,8.7,1.02976796364358,45,7.620564,0.5,0.07413,0.216666666666667,0.02471,0.02,0,0,NA,NA,NA,NA,NA,NA,NA,NA,NA,NA,NA,NA,NA,NA,NA,NA,NA,NA,NA,NA,NA,NA,NA,NA,NA,NA,NA,NA,NA,NA,NA,NA,NA
"35","Zach Wilson","NYJ","QB","2566391","robust",28.7,1.61251586454292,17.862851510605,1.54613164962304,195.65,19.800123,1,0.029652,1.28451783388992,0.332121185469037,3.4,0.228288144455759,17.635,3.884412,0.2,0.140847,0.15,0.037065,0.12,0,0,NA,NA,NA,NA,NA,NA,NA,NA,NA,NA,NA,NA,NA,NA,NA,NA,NA,NA,NA,NA,NA,NA,NA,NA,NA,NA,NA,NA,NA,NA,NA,NA,NA
"36","Mike Glennon","NYG","QB","2539275","robust",25.95,11.26776,15.9,6.52344,150.7,60.653166,1,0.07413,0.9,0.126021,1.4,0.7413,6.395,2.898483,0.042882892379045,0.059304,0.153333333333333,0.039536,0.04,0,0,NA,NA,NA,NA,NA,NA,NA,NA,NA,NA,NA,NA,NA,NA,NA,NA,NA,NA,NA,NA,NA,NA,NA,NA,NA,NA,NA,NA,NA,NA,NA,NA,NA
"37","Trey Lance","SF","QB","2566532","robust",26.75,1.7623092992586,16.8412780015164,1.33434,204.15,5.885922,1.17,0.0593040000000001,0.6,0.0593040000000001,8.695,2.238726,43.36,15.71556,0.445,0.103782,0.11,0.029652,0.08,0,0,NA,NA,NA,NA,NA,NA,NA,NA,NA,NA,NA,NA,NA,NA,NA,NA,NA,NA,NA,NA,NA,NA,NA,NA,NA,NA,NA,NA,NA,NA,NA,NA,NA
"38","Lamar Jackson","BAL","QB","2560757","robust",1,0,1,0,10,0,0,0,0,0,0,0,0,0,0,0,0.1,0.07413,0,NA,0,NA,NA,NA,NA,NA,NA,NA,NA,NA,NA,NA,NA,NA,NA,NA,NA,NA,NA,NA,NA,NA,NA,NA,NA,NA,NA,NA,NA,NA,"Q","Ankle",17,2021
"39","Justin Fields","CHI","QB","2565920","robust",8.14207671957672,3.83126588888889,5.08136904761905,2.3910455,74.0125,0.0741300000000063,0.31,0.029652,0.435,0.029652,1.31136111111111,0.107817966666667,7.3425,0.044478,0.0375,0.044478,0.105,0.014826,0.03,0,0,NA,NA,NA,NA,NA,NA,NA,NA,NA,NA,NA,NA,NA,NA,NA,NA,NA,NA,NA,NA,NA,NA,NA,NA,NA,NA,NA,NA,NA,"Q","Ankle",17,2021
"40","Ian Book","NO","QB","2566352","robust",11.3,12.89862,6.9,7.56126,76.5,86.7321,0.306666666666667,0.336056,1.1,1.33434,2.85,0.22239,10.5,6.6717,0.14,0.088956,0,0,NA,NA,NA,NA,NA,NA,NA,NA,NA,NA,NA,NA,NA,NA,NA,NA,NA,NA,NA,NA,NA,NA,NA,NA,NA,NA,NA,NA,NA,NA,NA,NA,NA,NA,NA,NA
"41","Cam Newton","CAR","QB","2495455","robust",9.33856518612997,1.33434,5.18979241016535,1.33434,47.91,15.5673,0.155950826693215,0.0917753913107221,0.5,0.237216,5,0.44478,29.35,16.75338,0.5,0.29652,0.07,0.088956,0.03,0,0,NA,NA,NA,NA,NA,NA,NA,NA,NA,NA,NA,NA,NA,NA,NA,NA,NA,NA,NA,NA,NA,NA,NA,NA,NA,NA,NA,NA,NA,NA,NA,NA,NA
"42","Cooper Rush","DAL","QB","2559242","robust",1.30509226190476,0.968723191666667,0.898800595238095,0.66717,25.9225,10.326309,0.18,0.07413,0.13,0.059304,0.775510204081633,0.962177142857143,-0.0875,0.471961,0,0.00324890740740741,0.0125,0.009884,0.03,0,0,NA,NA,NA,NA,NA,NA,NA,NA,NA,NA,NA,NA,NA,NA,NA,NA,NA,NA,NA,NA,NA,NA,NA,NA,NA,NA,NA,NA,NA,NA,NA,NA,NA
"43","Kyle Allen","WAS","QB","2561177","robust",7.6,2.2239,5.125,4.15128,48.225,22.239,0.425,0.29652,0.191176470588235,0.0959329411764707,0.45,NA,1.75,0.37065,0.028125,0.03891825,0.15,0.22239,0,NA,0,NA,NA,NA,NA,NA,NA,NA,NA,NA,NA,NA,NA,NA,NA,NA,NA,NA,NA,NA,NA,NA,NA,NA,NA,NA,NA,NA,NA,NA,NA,NA,NA,NA
"44","Jake Fromm","NYG","QB","2563608","robust",7.48853980553282,3.63237,3.925,1.40423819063125,39.5,18.60663,0.075,0.07413,0.1475,0.14826,0.675,0.46949,1.6575,1.70499,0,0,0.005,0.004942,0.04,0,0,NA,NA,NA,NA,NA,NA,NA,NA,NA,NA,NA,NA,NA,NA,NA,NA,NA,NA,NA,NA,NA,NA,NA,NA,NA,NA,NA,NA,NA,NA,NA,NA,NA
"45","Rex Burkhead","HOU","RB","2539265","robust",NA,NA,NA,NA,NA,NA,NA,NA,NA,NA,13.65,2.00151,58.08,6.22692,0.325,0.118608,0.005,0,0.01,0,0,NA,2.04,0.355824,16.41,2.320269,0.08,0.0239924882476652,NA,NA,NA,NA,NA,NA,NA,NA,NA,NA,NA,NA,NA,NA,NA,NA,NA,NA,NA,NA,NA,NA,NA,NA,NA,NA
"46","Rashaad Penny","SEA","RB","2560835","robust",NA,NA,NA,NA,NA,NA,NA,NA,NA,NA,14.9,2.2239,74,13.180314,0.675,0.37065,0.05,0.014826,0,NA,0,NA,0.892,0.311346,6.502,1.816185,0.02,0.0274987048570025,NA,NA,NA,NA,NA,NA,NA,NA,NA,NA,NA,NA,NA,NA,NA,NA,NA,NA,NA,NA,NA,NA,NA,NA,NA,NA
"47","Sony Michel","LAR","RB","2560809","robust",NA,NA,NA,NA,NA,NA,NA,NA,NA,NA,17.23,1.823598,76,8.22843,0.7,0.192738,0.05,0.007413,0,NA,0,NA,2.16,0.533736,16.44,6.782895,0.0998433610221233,0.1040142329486,NA,NA,NA,NA,NA,NA,NA,NA,NA,NA,NA,NA,NA,NA,NA,NA,NA,NA,NA,NA,NA,NA,NA,NA,NA,NA
"48","Josh Jacobs","LVR","RB","2562377","robust",NA,NA,NA,NA,NA,NA,NA,NA,NA,NA,15.7758348355086,0.736349091500002,63.02,1.33434,0.5,0.07413,0.214,0.14826,0,NA,0,NA,3.605,0.281694,27.51,0.177912000000001,0.05,0.059304,NA,NA,NA,NA,NA,NA,NA,NA,NA,NA,NA,NA,NA,NA,NA,NA,NA,NA,NA,NA,NA,NA,NA,NA,NA,NA
"49","Nick Chubb","CLE","RB","2561021","robust",NA,NA,NA,NA,NA,NA,NA,NA,NA,NA,17.3881433398578,0.444780000000001,88.6575,7.42782599999999,0.735,0.0889559999999999,0.0725,0.0185325,0,NA,0,NA,2.3,0.81543,18.8625,4.062324,0.095,0.014826,NA,NA,NA,NA,NA,NA,NA,NA,NA,NA,NA,NA,NA,NA,NA,NA,NA,NA,NA,NA,NA,NA,NA,NA,NA,NA
"50","Michael Carter","NYJ","RB","2566382","robust",NA,NA,NA,NA,NA,NA,NA,NA,NA,NA,13.3,2.34605336396191,56.515,8.258082,0.305,0.103782,0.0533333333333333,0.002471,0.01,0,0,NA,2.9,0.348411,22.625,5.48562,0.065,0.0790710431542776,NA,NA,NA,NA,NA,NA,NA,NA,NA,NA,NA,NA,NA,NA,NA,NA,NA,NA,NA,NA,NA,NA,NA,NA,NA,NA
"51","Jonathan Taylor","IND","RB","2564148","robust",NA,NA,NA,NA,NA,NA,NA,NA,NA,NA,23.42,1.793946,109.7,1.4826,1.00953371468906,0.0282693707960055,0.10125,0.0037065,0,NA,0,NA,2.11,0.14826,17.34,0.919212000000001,0.0911674010156144,0.0261904225085001,NA,NA,NA,NA,NA,NA,NA,NA,NA,NA,NA,NA,NA,NA,NA,NA,NA,NA,NA,NA,NA,NA,NA,NA,NA,NA
"52","Damien Harris","NE","RB","2562281","robust",NA,NA,NA,NA,NA,NA,NA,NA,NA,NA,15.5925,1.675338,70.965,5.54492399999999,0.835,0.252042,0.09,0.014826,0,NA,0,NA,0.925,0.163086,7.69583333333333,1.304688,0.0141828943203534,0.014826,NA,NA,NA,NA,NA,NA,NA,NA,NA,NA,NA,NA,NA,NA,NA,NA,NA,NA,NA,NA,NA,NA,"Q","Hamstring",17,2021
"53","Najee Harris","PIT","RB","2566448","robust",NA,NA,NA,NA,NA,NA,NA,NA,NA,NA,17.905,0.7413,73.5025,4.00302,0.5,0.103782,0.0666666666666667,0,0.01,0,0,NA,3.725,0.326172,25.425,2.060814,0.109766388764381,0.044478,NA,NA,NA,NA,NA,NA,NA,NA,NA,NA,NA,NA,NA,NA,NA,NA,NA,NA,NA,NA,NA,NA,NA,NA,NA,NA
"54","Dalvin Cook","MIN","RB","2557991","robust",NA,NA,NA,NA,NA,NA,NA,NA,NA,NA,17.9428047612594,1.26021,81.88,4.00301999999999,0.42,0.14826,0.13125,0.02409225,0.13,0,0,NA,3.135,0.29652,22.905,2.44629,0.195,0.185325,NA,NA,NA,NA,NA,NA,NA,NA,NA,NA,NA,NA,NA,NA,NA,NA,NA,NA,NA,NA,NA,NA,NA,NA,NA,NA
"55","David Montgomery","CHI","RB","2562502","robust",NA,NA,NA,NA,NA,NA,NA,NA,NA,NA,18.6830277930394,2.839179,68.5,7.01269799999999,0.7,0.207564,0.0833333333333333,0.004942,0.03,0,0,NA,3.9,1.052646,28.44,3.26172,0.1,0.059304,NA,NA,NA,NA,NA,NA,NA,NA,NA,NA,NA,NA,NA,NA,NA,NA,NA,NA,NA,NA,NA,NA,NA,NA,NA,NA
"56","Ronald Jones","TB","RB","2560770","robust",NA,NA,NA,NA,NA,NA,NA,NA,NA,NA,16.665,2.20257505645069,69.14,6.44931,0.75,0.192738,0.09,0.007413,0,NA,0,NA,2,0.696822,14.75,3.091221,0.0829630113065405,0.037065,NA,NA,NA,NA,NA,NA,NA,NA,NA,NA,NA,NA,NA,NA,NA,NA,NA,NA,NA,NA,NA,NA,NA,NA,NA,NA
"57","Elijah Mitchell","SF","RB","2566538","robust",NA,NA,NA,NA,NA,NA,NA,NA,NA,NA,14,0.845082,62.45,2.624202,0.6,0.029652,0.005,0,0.01,0,0,NA,1.715,0.44478,12.1,4.29954,0.07,0.014826,NA,NA,NA,NA,NA,NA,NA,NA,NA,NA,NA,NA,NA,NA,NA,NA,NA,NA,NA,NA,NA,NA,"Q","Knee",17,2021
"58","Joe Mixon","CIN","RB","2557976","robust",NA,NA,NA,NA,NA,NA,NA,NA,NA,NA,17.310610929967,0.772763529538146,71.255,1.03782,0.7375,0.0741299999999999,0.095,0.014826,0,NA,0,NA,2.4,0.22239,18.925,1.363992,0.1175,0.029652,NA,NA,NA,NA,NA,NA,NA,NA,NA,NA,NA,NA,NA,NA,NA,NA,NA,NA,NA,NA,NA,NA,NA,NA,NA,NA
"59","Jamaal Williams","DET","RB","2558204","robust",NA,NA,NA,NA,NA,NA,NA,NA,NA,NA,9.5,2.46381604424489,39,10.3782,0.215,0.07413,0.05,0,0.03,0,0,NA,1.75,0.481845,11.21,2.312856,0.0131109850218087,0.014826,NA,NA,NA,NA,NA,NA,NA,NA,NA,NA,NA,NA,NA,NA,NA,NA,NA,NA,NA,NA,NA,NA,NA,NA,NA,NA
"60","Jordan Howard","PHI","RB","2555418","robust",NA,NA,NA,NA,NA,NA,NA,NA,NA,NA,11.9295726207767,2.95100763243644,51.75,14.195895,0.445,0.112998055819194,0.1,0,0,NA,0,NA,0.82,0.615279,6.3,5.011188,0.018,0.014826,NA,NA,NA,NA,NA,NA,NA,NA,NA,NA,NA,NA,NA,NA,NA,NA,NA,NA,NA,NA,NA,NA,"Q","Neck",17,2021
"61","Devin Singletary","BUF","RB","2562734","robust",NA,NA,NA,NA,NA,NA,NA,NA,NA,NA,13.1624633710951,1.92738,52.085,11.19363,0.34,0.118608,0.0466666666666667,0.004942,0,NA,0,NA,3.605,0.948864,20.53,4.418148,0.09,0.066717,NA,NA,NA,NA,NA,NA,NA,NA,NA,NA,NA,NA,NA,NA,NA,NA,NA,NA,NA,NA,NA,NA,NA,NA,NA,NA
"62","Ke'Shawn Vaughn","TB","RB","2565258","robust",NA,NA,NA,NA,NA,NA,NA,NA,NA,NA,6.5,2.727984,34.85,16.026906,0.25,0.266868,0.03,0,0,NA,0,NA,1.505,0.437367,11.315,1.289862,0.0378169598778798,0.0231788494298891,NA,NA,NA,NA,NA,NA,NA,NA,NA,NA,NA,NA,NA,NA,NA,NA,NA,NA,NA,NA,NA,NA,NA,NA,NA,NA
"63","Alvin Kamara","NO","RB","2558019","robust",NA,NA,NA,NA,NA,NA,NA,NA,NA,NA,15.2,0.889559999999999,63.15,0.296520000000004,0.525,0.059304,0.08,0,0,NA,0,NA,3.9,0.14826,34.215,2.81694,0.124815243866009,0.044478,NA,NA,NA,NA,NA,NA,NA,NA,NA,NA,NA,NA,NA,NA,NA,NA,NA,NA,NA,NA,NA,NA,NA,NA,NA,NA
"64","Jaret Patterson","WAS","RB","2567160","robust",NA,NA,NA,NA,NA,NA,NA,NA,NA,NA,13.1,4.269888,50.565,14.744457,0.302534646543556,0.118608,0.0866666666666667,0.009884,0.01,0,0,NA,1.37,0.400302,10.829,2.379573,0.05,0.044478,NA,NA,NA,NA,NA,NA,NA,NA,NA,NA,NA,NA,NA,NA,NA,NA,NA,NA,NA,NA,NA,NA,NA,NA,NA,NA
"65","DOnta Foreman","TEN","RB","2557994","robust",NA,NA,NA,NA,NA,NA,NA,NA,NA,NA,13.8,0.504084,59.62,3.528588,0.4,0.14826,0.123333333333333,0.017297,0.01,0,0,NA,1.172,0.274281,11.439,1.33434,0.05,0.029652,NA,NA,NA,NA,NA,NA,NA,NA,NA,NA,NA,NA,NA,NA,NA,NA,NA,NA,NA,NA,NA,NA,NA,NA,NA,NA
"66","Saquon Barkley","NYG","RB","2560968","robust",NA,NA,NA,NA,NA,NA,NA,NA,NA,NA,15,1.77912,57.1,9.07351200000001,0.22197324610705,0.145334465321688,0.0733333333333333,0.012355,0,NA,0,NA,2.6,0.607866,20.5,4.22541,0.06,0.022239,NA,NA,NA,NA,NA,NA,NA,NA,NA,NA,NA,NA,NA,NA,NA,NA,NA,NA,NA,NA,NA,NA,NA,NA,NA,NA
"67","Aaron Jones","GB","RB","2558116","robust",NA,NA,NA,NA,NA,NA,NA,NA,NA,NA,13.0203643829143,0.768791063565158,63.1325,2.37216,0.576208587312407,0.0741299999999999,0.0725,0.0185325,0,NA,0,NA,3.27,0.177911999999999,23.395,2.81694,0.1825,0.029652,NA,NA,NA,NA,NA,NA,NA,NA,NA,NA,NA,NA,NA,NA,NA,NA,NA,NA,NA,NA,NA,NA,NA,NA,NA,NA
"68","D'Andre Swift","DET","RB","2563965","robust",NA,NA,NA,NA,NA,NA,NA,NA,NA,NA,13.1,0.29652,54.4,2.016336,0.315,0.07413,0.1,0,0.01,0,0,NA,3.3,0.333585,23.405,1.623447,0.1,0.014826,NA,NA,NA,NA,NA,NA,NA,NA,NA,NA,NA,NA,NA,NA,NA,NA,NA,NA,NA,NA,NA,NA,NA,NA,NA,NA
"69","Ezekiel Elliott","DAL","RB","2555224","robust",NA,NA,NA,NA,NA,NA,NA,NA,NA,NA,12.6826249440792,1.03782,54.4175,5.33736,0.6625,0.207564,0.10375,0.0111195,0.09,0,0,NA,2.415,0.252042,17.355,2.031162,0.135,0.103782,NA,NA,NA,NA,NA,NA,NA,NA,NA,NA,NA,NA,NA,NA,NA,NA,NA,NA,NA,NA,NA,NA,NA,NA,NA,NA
"70","Alexander Mattison","MIN","RB","2562682","robust",NA,NA,NA,NA,NA,NA,NA,NA,NA,NA,8.65,1.61691996433673,29.265,8.22843,0.2,0.126021,0.02,0,0,NA,0,NA,1.395,0.155673,11.575,2.809527,0.04,0.037065,NA,NA,NA,NA,NA,NA,NA,NA,NA,NA,NA,NA,NA,NA,NA,NA,NA,NA,NA,NA,NA,NA,NA,NA,NA,NA
"71","Javonte Williams","DEN","RB","2566049","robust",NA,NA,NA,NA,NA,NA,NA,NA,NA,NA,12.4825,1.18608,54.165,3.973368,0.5,0.14826,0.09,0,0,NA,0,NA,2.75,0.207564,21.8525,1.467774,0.1,0.029652,NA,NA,NA,NA,NA,NA,NA,NA,NA,NA,NA,NA,NA,NA,NA,NA,NA,NA,NA,NA,NA,NA,"Q","Knee",17,2021
"72","Justin Jackson","LAC","RB","2560756","robust",NA,NA,NA,NA,NA,NA,NA,NA,NA,NA,7.25,2.59455,33,7.413,0.21,0.014826,0.185,0.185325,0,NA,0,NA,1.68,0.44478,14,3.847347,0.065,0.07413,NA,NA,NA,NA,NA,NA,NA,NA,NA,NA,NA,NA,NA,NA,NA,NA,NA,NA,NA,NA,NA,NA,NA,NA,NA,NA
"73","Chase Edmonds","ARI","RB","2560711","robust",NA,NA,NA,NA,NA,NA,NA,NA,NA,NA,10.9,1.10916226778165,48.5,4.388496,0.62,0.200151,0.06,0,0.01,0,0,NA,3.4,0.66717,26,3.165351,0.095,0.051891,NA,NA,NA,NA,NA,NA,NA,NA,NA,NA,NA,NA,NA,NA,NA,NA,NA,NA,NA,NA,NA,NA,NA,NA,NA,NA
"74","Austin Ekeler","LAC","RB","2559169","robust",NA,NA,NA,NA,NA,NA,NA,NA,NA,NA,12.6,0.429954,56.64,1.401057,0.55,0.140847,0.133333333333333,0.02471,0.03,0,0,NA,3.73,0.326172,33.265,2.312856,0.225,0.059304,NA,NA,NA,NA,NA,NA,NA,NA,NA,NA,NA,NA,NA,NA,NA,NA,NA,NA,NA,NA,NA,NA,NA,NA,NA,NA
"75","D'Ernest Johnson","CLE","RB","2563327","robust",NA,NA,NA,NA,NA,NA,NA,NA,NA,NA,4.56,0.59304,22.35,5.41149,0.105,0.022239,0,0,0,NA,0,NA,1.15,0.22239,9.22,2.2239,0.015,0.0124938417705381,NA,NA,NA,NA,NA,NA,NA,NA,NA,NA,NA,NA,NA,NA,NA,NA,NA,NA,NA,NA,NA,NA,NA,NA,NA,NA
"76","Chuba Hubbard","CAR","RB","2565899","robust",NA,NA,NA,NA,NA,NA,NA,NA,NA,NA,11.4401935957094,2.19482204999751,45.38,10.170636,0.25,0.044478,0.09,0,0.01,0,0,NA,1.135,0.622692,8.26,2.327682,0.0225,0.0333585,NA,NA,NA,NA,NA,NA,NA,NA,NA,NA,NA,NA,NA,NA,NA,NA,NA,NA,NA,NA,NA,NA,NA,NA,NA,NA
"77","Alex Collins","SEA","RB","2555430","robust",NA,NA,NA,NA,NA,NA,NA,NA,NA,NA,7.445,1.03782,28.72,10.22994,0.15,0.103782,0.106666666666667,0.009884,0,NA,0,NA,0.68,0.415128,5.42,3.424806,0.02,0,NA,NA,NA,NA,NA,NA,NA,NA,NA,NA,NA,NA,NA,NA,NA,NA,NA,NA,NA,NA,NA,NA,"Q","Abdomen",17,2021
"78","Devonta Freeman","BAL","RB","2543583","robust",NA,NA,NA,NA,NA,NA,NA,NA,NA,NA,11.1190362353765,0.791762122569245,47.62,6.07866,0.37,0.14826,0,0,0,NA,0,NA,2.365,0.348411,15.07,2.268378,0.0564258851425401,0.037065,NA,NA,NA,NA,NA,NA,NA,NA,NA,NA,NA,NA,NA,NA,NA,NA,NA,NA,NA,NA,NA,NA,NA,NA,NA,NA
"79","Tevin Coleman","NYJ","RB","2552453","robust",NA,NA,NA,NA,NA,NA,NA,NA,NA,NA,9.85,6.15279,41,23.7216,0.0492,0.02846592,0.01,0,NA,NA,NA,NA,1,0,6,2.9652,0.0075,0.0037065,NA,NA,NA,NA,NA,NA,NA,NA,NA,NA,NA,NA,NA,NA,NA,NA,NA,NA,NA,NA,NA,NA,NA,"Undisclosed",17,2021
"80","Dare Ogunbowale","JAC","RB","2559362","robust",NA,NA,NA,NA,NA,NA,NA,NA,NA,NA,11.8,3.85476,47.035,10.82298,0.37,0.252042,0.11,0.014826,0.01,0,0,NA,2.09,0.266868,15,1.512252,0.0298346570275218,0.0298971374909961,NA,NA,NA,NA,NA,NA,NA,NA,NA,NA,NA,NA,NA,NA,NA,NA,NA,NA,NA,NA,NA,NA,NA,NA,NA,NA
"81","Cordarrelle Patterson","ATL","RB","2540145","robust",NA,NA,NA,NA,NA,NA,NA,NA,NA,NA,8.3175,3.469284,50.355,5.90816100000001,0.305,0.088956,0.05,0.037065,0,NA,0,NA,2.8675,0.111195,26.34,0.578214000000001,0.1025,0.014826,NA,NA,NA,NA,NA,NA,NA,NA,NA,NA,NA,NA,NA,NA,NA,NA,NA,NA,NA,NA,NA,NA,NA,NA,NA,NA
"82","AJ Dillon","GB","RB","2563986","robust",NA,NA,NA,NA,NA,NA,NA,NA,NA,NA,11,1.304688,48.73,8.272908,0.2,0.055351806626805,0.0633333333333333,0.009884,0,NA,0,NA,1.885,0.452193,14.205,2.661267,0.0847931554561262,0.022239,NA,NA,NA,NA,NA,NA,NA,NA,NA,NA,NA,NA,NA,NA,NA,NA,NA,NA,NA,NA,NA,NA,NA,NA,NA,NA
"83","Darrel Williams","KC","RB","2560935","robust",NA,NA,NA,NA,NA,NA,NA,NA,NA,NA,12,1.49399650325314,51.055,2.972613,0.45,0.157576861751243,0.01,0,0.01,0,0,NA,3.25,0.37065,28.715,1.905141,0.108743123057202,0.044478,NA,NA,NA,NA,NA,NA,NA,NA,NA,NA,NA,NA,NA,NA,NA,NA,NA,NA,NA,NA,NA,NA,NA,NA,NA,NA
"84","Jeffery Wilson","SF","RB","2560938","robust",NA,NA,NA,NA,NA,NA,NA,NA,NA,NA,10.0715121380057,4.52193,38.3325,17.86533,0.425,0.237216,0.0675,0.02471,0,NA,0,NA,1.425,0.681996,8.9325,2.9652,0.0652452006980803,0.029652,NA,NA,NA,NA,NA,NA,NA,NA,NA,NA,NA,NA,NA,NA,NA,NA,NA,NA,NA,NA,NA,NA,NA,NA,NA,NA
"85","Melvin Gordon","DEN","RB","2552469","robust",NA,NA,NA,NA,NA,NA,NA,NA,NA,NA,12.4,0.274281000000001,52.8,1.77912,0.32,0.07413,0.1,0,0,NA,0,NA,1.8,0.29652,12.365,0.985929,0.085,0.014826,NA,NA,NA,NA,NA,NA,NA,NA,NA,NA,NA,NA,NA,NA,NA,NA,NA,NA,NA,NA,NA,NA,"Q","Thumb",17,2021
"86","Devontae Booker","NYG","RB","2555223","robust",NA,NA,NA,NA,NA,NA,NA,NA,NA,NA,8.73090036294644,2.386986,36.32,5.507859,0.14,0.088956,0.005,0,0,NA,0,NA,2.25,0.481845,16.145,3.402567,0.0611421217662447,0.051891,NA,NA,NA,NA,NA,NA,NA,NA,NA,NA,NA,NA,NA,NA,NA,NA,NA,NA,NA,NA,NA,NA,NA,NA,NA,NA
"87","Boston Scott","PHI","RB","2561146","robust",NA,NA,NA,NA,NA,NA,NA,NA,NA,NA,9.9,2.2239,41.6,7.413,0.3,0.126021,0.0766666666666667,0.002471,0.01,0,0,NA,1.629,0.29652,12.7,1.92738,0.0335902597739151,0.044478,NA,NA,NA,NA,NA,NA,NA,NA,NA,NA,NA,NA,NA,NA,NA,NA,NA,NA,NA,NA,NA,NA,NA,NA,NA,NA
"88","Tony Pollard","DAL","RB","2562699","robust",NA,NA,NA,NA,NA,NA,NA,NA,NA,NA,8.33,0.7413,37.8,7.413,0.17687366396878,0.0342871057998873,0.04,0.014826,0,NA,0,NA,2.1,0.14826,16,0.311346000000001,0.065,0.0400696171152519,NA,NA,NA,NA,NA,NA,NA,NA,NA,NA,NA,NA,NA,NA,NA,NA,NA,NA,NA,NA,NA,NA,NA,NA,NA,NA
"89","Craig Reynolds","DET","RB","2562834","robust",NA,NA,NA,NA,NA,NA,NA,NA,NA,NA,6.5,1.8642728452381,25.9,6.775482,0.1,0.07413,0.015,0.004942,0,NA,0,NA,1.52,0.59304,11.3025,5.329947,0,0,NA,NA,NA,NA,NA,NA,NA,NA,NA,NA,NA,NA,NA,NA,NA,NA,NA,NA,NA,NA,NA,NA,NA,NA,NA,NA
"90","Duke Johnson","MIA","RB","2552461","robust",NA,NA,NA,NA,NA,NA,NA,NA,NA,NA,11.91,1.19694324572332,44,2.839179,0.215,0.0762635069999296,0.12,0.014826,0,NA,0,NA,2,0.0785778000000001,14.925,1.616034,0.05,0.0378774589680747,NA,NA,NA,NA,NA,NA,NA,NA,NA,NA,NA,NA,NA,NA,NA,NA,NA,NA,NA,NA,NA,NA,NA,NA,NA,NA
"91","Kareem Hunt","CLE","RB","2557917","robust",NA,NA,NA,NA,NA,NA,NA,NA,NA,NA,5.28483516170973,2.68301722150171,25.705,12.45384,0.2,0.118608,0,0,0.03,0,0,NA,1.2,0.756126,10.4,4.358844,0.07,0.044478,NA,NA,NA,NA,NA,NA,NA,NA,NA,NA,NA,NA,NA,NA,NA,NA,NA,NA,NA,NA,NA,NA,"Q","Ankle",17,2021
"92","Rhamondre Stevenson","NE","RB","2566343","robust",NA,NA,NA,NA,NA,NA,NA,NA,NA,NA,8.92,1.2514773163454,38.7,8.55460199999999,0.25,0.044478,0.04,0.044478,0,NA,0,NA,1.1,0.0741300000000001,10.2,0.296519999999999,0.03,0.044478,NA,NA,NA,NA,NA,NA,NA,NA,NA,NA,NA,NA,NA,NA,NA,NA,NA,NA,NA,NA,NA,NA,NA,NA,NA,NA
"93","Mark Ingram","NO","RB","2495466","robust",NA,NA,NA,NA,NA,NA,NA,NA,NA,NA,7.145,1.467774,29.5,13.78818,0.15,0.14826,0.04,0,0,NA,0,NA,1.355,0.229803,11.2625,0.389182499999999,0.01,0.014826,NA,NA,NA,NA,NA,NA,NA,NA,NA,NA,NA,NA,NA,NA,NA,NA,NA,NA,NA,NA,NA,NA,"Q","Knee",17,2021
"94","Myles Gaskin","MIA","RB","2562270","robust",NA,NA,NA,NA,NA,NA,NA,NA,NA,NA,6.33950285157706,2.9652,25.51,8.37669,0.133507552306237,0.128233702950773,0.0666666666666667,0.012355,0,NA,0,NA,2.19,0.756126,14.485,3.143112,0.0646812158558156,0.0523636293721678,NA,NA,NA,NA,NA,NA,NA,NA,NA,NA,NA,NA,NA,NA,NA,NA,NA,NA,NA,NA,NA,NA,NA,NA,NA,NA
"95","Dontrell Hilliard","TEN","RB","2561461","robust",NA,NA,NA,NA,NA,NA,NA,NA,NA,NA,5.3,1.771707,22.92,6.886677,0.12,0.0454986503914782,0.0533333333333333,0.009884,0,NA,0,NA,1.89,0.622692,10.5,9.56277,0.03,0.0355721632385641,NA,NA,NA,NA,NA,NA,NA,NA,NA,NA,NA,NA,NA,NA,NA,NA,NA,NA,NA,NA,NA,NA,NA,NA,NA,NA
"96","James Conner","ARI","RB","2557978","robust",NA,NA,NA,NA,NA,NA,NA,NA,NA,NA,6.67807269417088,1.074885,26.95,2.89107,0.2,0.044478,0.0575,0.059304,0,NA,0,NA,1.4,0.585627,11.4,3.936303,0.095,0.022239,NA,NA,NA,NA,NA,NA,NA,NA,NA,NA,NA,NA,NA,NA,NA,NA,NA,NA,NA,NA,NA,NA,"Q","Heel",17,2021
"97","Mike Davis","ATL","RB","2553439","robust",NA,NA,NA,NA,NA,NA,NA,NA,NA,NA,8,0.902839077215032,31.875,2.831766,0.129959259906995,0.044478,0.06,0.007413,0.03,0,0,NA,2.115,0.252042,15.105,3.899238,0.0210293821056667,0.029652,NA,NA,NA,NA,NA,NA,NA,NA,NA,NA,NA,NA,NA,NA,NA,NA,NA,NA,NA,NA,NA,NA,NA,NA,NA,NA
"98","Phillip Lindsay","MIA","RB","2559947","robust",NA,NA,NA,NA,NA,NA,NA,NA,NA,NA,6.54600144432773,1.20683782757353,22.3575,4.00302,0.085,0.0281195731126459,0.005,0.004942,0,NA,0,NA,0.295,0.00494200000000003,1.475,0.46949,0.0155046296296296,0.014826,NA,NA,NA,NA,NA,NA,NA,NA,NA,NA,NA,NA,NA,NA,NA,NA,NA,NA,NA,NA,NA,NA,NA,NA,NA,NA
"99","Royce Freeman","HOU","RB","2560733","robust",NA,NA,NA,NA,NA,NA,NA,NA,NA,NA,6,1.423296,24,6.249159,0.075,0.0390977482872856,0.01,0,0,NA,0,NA,0.695,0.578214,4.915,4.781385,0.02,0.0118608,NA,NA,NA,NA,NA,NA,NA,NA,NA,NA,NA,NA,NA,NA,NA,NA,NA,NA,NA,NA,NA,NA,NA,NA,NA,NA
"100","Zack Moss","BUF","RB","2563617","robust",NA,NA,NA,NA,NA,NA,NA,NA,NA,NA,5.97,2.37621929694281,22.85,9.629487,0.1,0.0764257184010645,0.025,0,0,NA,0,NA,1.23,0.0222390000000002,10.41,3.321024,0.05,0.0327063377407281,NA,NA,NA,NA,NA,NA,NA,NA,NA,NA,NA,NA,NA,NA,NA,NA,NA,NA,NA,NA,NA,NA,NA,NA,NA,NA
"101","Nyheim Hines","IND","RB","2560742","robust",NA,NA,NA,NA,NA,NA,NA,NA,NA,NA,3.12429512754092,0.208609043907825,13,1.875489,0.08,0.029652,0.035,0,0,NA,0,NA,1.83,0.978516,15.84,5.693184,0.0694788451891654,0.029652,NA,NA,NA,NA,NA,NA,NA,NA,NA,NA,NA,NA,NA,NA,NA,NA,NA,NA,NA,NA,NA,NA,NA,NA,NA,NA
"102","Jeremy McNichols","TEN","RB","2557977","robust",NA,NA,NA,NA,NA,NA,NA,NA,NA,NA,5.705,1.415883,23.9,9.71103,0.09,0.0669503801692433,0.0233333333333333,0.009884,0,NA,0,NA,1.25,0.259455,9.494,1.8621456,0.049,0.022239,NA,NA,NA,NA,NA,NA,NA,NA,NA,NA,NA,NA,NA,NA,NA,NA,NA,NA,NA,NA,NA,NA,NA,NA,NA,NA
"103","Latavius Murray","BAL","RB","2541161","robust",NA,NA,NA,NA,NA,NA,NA,NA,NA,NA,6.60472042916699,0.37065,24.985,3.728739,0.18,0.105737487895797,0,0,0,NA,0,NA,1,0.029652,8,2.164596,0.02,0.0161093715578364,NA,NA,NA,NA,NA,NA,NA,NA,NA,NA,NA,NA,NA,NA,NA,NA,NA,NA,NA,NA,NA,NA,NA,NA,NA,NA
"104","Cam Akers","LAR","RB","2564319","robust",NA,NA,NA,NA,NA,NA,NA,NA,NA,NA,5.25,1.70499,23.05,8.82147,0.1,0,0.035,0.051891,NA,NA,NA,NA,0.65,0.22239,5.85,1.70499,0.015,0.022239,NA,NA,NA,NA,NA,NA,NA,NA,NA,NA,NA,NA,NA,NA,NA,NA,NA,NA,NA,NA,NA,NA,"Q","Achilles",17,2021
"105","Antonio Gibson","WAS","RB","2565276","robust",NA,NA,NA,NA,NA,NA,NA,NA,NA,NA,6,NA,29,0,NA,NA,NA,NA,NA,NA,NA,NA,2,0,29,0,1,0,NA,NA,NA,NA,NA,NA,NA,NA,NA,NA,NA,NA,NA,NA,NA,NA,NA,NA,NA,NA,NA,NA,NA,"Undisclosed",17,2021
"106","Jonathan Williams","WAS","RB","2555227","robust",NA,NA,NA,NA,NA,NA,NA,NA,NA,NA,5.68136909155659,2.5756643697164,21.245,9.34038,0.1,0.07413,0.0875,0.009884,0,NA,0,NA,1.15,0.266868,7.96,0.7413,0.03,0.029652,NA,NA,NA,NA,NA,NA,NA,NA,NA,NA,NA,NA,NA,NA,NA,NA,NA,NA,NA,NA,NA,NA,NA,NA,NA,NA
"107","David Johnson","HOU","RB","2553435","robust",NA,NA,NA,NA,NA,NA,NA,NA,NA,NA,4.825,1.92738,18.35,10.82298,0.075,0,0.025,0.037065,0,NA,0,NA,1.175,0.7413,9.3,5.78214,0.0175,0,NA,NA,NA,NA,NA,NA,NA,NA,NA,NA,NA,NA,NA,NA,NA,NA,NA,NA,NA,NA,NA,NA,NA,"Undisclosed",17,2021
"108","Wendell Smallwood","WAS","RB","2555461","robust",NA,NA,NA,NA,NA,NA,NA,NA,NA,NA,3.225,1.4516171700365,12.725,5.841444,0.075,0.07413,0.045,0.0333585,0.03,0,0,NA,1.06,0.563388,7.4875,3.447045,0.045,0.037065,NA,NA,NA,NA,NA,NA,NA,NA,NA,NA,NA,NA,NA,NA,NA,NA,NA,NA,NA,NA,NA,NA,NA,NA,NA,NA
"109","DeeJay Dallas","SEA","RB","2565144","robust",NA,NA,NA,NA,NA,NA,NA,NA,NA,NA,4.4,2.52042,16,8.8956,0.0999679139105539,9.51416724257108e-05,0.05,0,0,NA,0,NA,1.85,0.29652,15.765,6.6717,0.05,0.0282345598150645,NA,NA,NA,NA,NA,NA,NA,NA,NA,NA,NA,NA,NA,NA,NA,NA,NA,NA,NA,NA,NA,NA,NA,NA,NA,NA
"110","Ameer Abdullah","CAR","RB","2552374","robust",NA,NA,NA,NA,NA,NA,NA,NA,NA,NA,4.82817627295456,1.22785414228243,17.64,2.431464,0.06,0.059304,0.0466666666666667,0.02471,0,NA,0,NA,2.25,0.281694,17.59,3.839934,0.08,0.014826,NA,NA,NA,NA,NA,NA,NA,NA,NA,NA,NA,NA,NA,NA,NA,NA,NA,NA,NA,NA,NA,NA,NA,NA,NA,NA
"111","Peyton Barber","LVR","RB","2556466","robust",NA,NA,NA,NA,NA,NA,NA,NA,NA,NA,5.105,0.51891,20.5,2.972613,0.155,0.07413,0.00666666666666667,0.004942,0.03,0,0,NA,1.16,0.022239,9.68,2.00151,0.015,0.0132261946729171,NA,NA,NA,NA,NA,NA,NA,NA,NA,NA,NA,NA,NA,NA,NA,NA,NA,NA,NA,NA,NA,NA,NA,NA,NA,NA
"112","Khalil Herbert","CHI","RB","2565926","robust",NA,NA,NA,NA,NA,NA,NA,NA,NA,NA,3.1,0.920519692679124,15.5,5.129796,0.12,0.081543,0.00666666666666667,0.002471,0,NA,0,NA,0.9,0.340998,6.895,1.638273,0.01,0.00846872928985066,NA,NA,NA,NA,NA,NA,NA,NA,NA,NA,NA,NA,NA,NA,NA,NA,NA,NA,NA,NA,NA,NA,NA,NA,NA,NA
"113","Benny Snell","PIT","RB","2562743","robust",NA,NA,NA,NA,NA,NA,NA,NA,NA,NA,3.33476655968078,0.7413,12.405,1.616034,0.09,0.029652,0.00666666666666667,0.009884,0,NA,0,NA,0.42,0.14826,3.2,1.03782,0.01,0.00195975862068965,NA,NA,NA,NA,NA,NA,NA,NA,NA,NA,NA,NA,NA,NA,NA,NA,NA,NA,NA,NA,NA,NA,NA,NA,NA,NA
"114","Nathan Cottrell","JAC","RB","2564175","robust",NA,NA,NA,NA,NA,NA,NA,NA,NA,NA,3.745,0.0148259999999997,14.81,0.059304000000004,0.07,0.014826,0,0,0,NA,0,NA,0.45,0.044478,3.695,0.0148259999999997,0.0025,0,NA,NA,NA,NA,NA,NA,NA,NA,NA,NA,NA,NA,NA,NA,NA,NA,NA,NA,NA,NA,NA,NA,NA,NA,NA,NA
"115","Samaje Perine","CIN","RB","2558138","robust",NA,NA,NA,NA,NA,NA,NA,NA,NA,NA,3.52664644504747,0.41024596114524,15.44,2.238726,0.08,0.029652,0.00333333333333333,0.004942,0,NA,0,NA,1.4,0.281694,11.05,0.681995999999999,0.035,0.044478,NA,NA,NA,NA,NA,NA,NA,NA,NA,NA,NA,NA,NA,NA,NA,NA,NA,NA,NA,NA,NA,NA,NA,NA,NA,NA
"116","Ty Johnson","NYJ","RB","2562293","robust",NA,NA,NA,NA,NA,NA,NA,NA,NA,NA,3.9925,0.526323,16.13,2.194248,0.0775,0.00741300000000001,0.0175,0.009884,0,NA,0,NA,1.1225,0.51891,9.8375,4.89258,0.04,0.037065,NA,NA,NA,NA,NA,NA,NA,NA,NA,NA,NA,NA,NA,NA,NA,NA,NA,NA,NA,NA,NA,NA,NA,NA,NA,NA
"117","Corey Clement","DAL","RB","2559150","robust",NA,NA,NA,NA,NA,NA,NA,NA,NA,NA,2.08300263951735,1.03782,8.5,6.049008,0.07,0.059304,0,0,0.03,0,0,NA,0.5,0.0741300000000001,3.3,1.230558,0.0175,0.0259455,NA,NA,NA,NA,NA,NA,NA,NA,NA,NA,NA,NA,NA,NA,NA,NA,NA,NA,NA,NA,NA,NA,NA,NA,NA,NA
"118","Joshua Kelley","LAC","RB","2565054","robust",NA,NA,NA,NA,NA,NA,NA,NA,NA,NA,3.8,1.660512,11.8,3.365502,0.055,0.0480176915752903,0.0566666666666667,0.017297,0,NA,0,NA,0.765,0.214977,7,0.837669000000001,0.01,0.014826,NA,NA,NA,NA,NA,NA,NA,NA,NA,NA,NA,NA,NA,NA,NA,NA,NA,NA,NA,NA,NA,NA,NA,NA,NA,NA
"119","Brandon Bolden","NE","RB","2532797","robust",NA,NA,NA,NA,NA,NA,NA,NA,NA,NA,3.00060462853224,1.4372255777381,11.94,5.255817,0.05,0.0519134635940246,0.00333333333333333,0.002471,0.04,0,0,NA,2.51,0.392889,22.75,0.607866,0.075,0.044478,NA,NA,NA,NA,NA,NA,NA,NA,NA,NA,NA,NA,NA,NA,NA,NA,NA,NA,NA,NA,NA,NA,NA,NA,NA,NA
"120","Michael Burton","KC","RB","2552636","robust",NA,NA,NA,NA,NA,NA,NA,NA,NA,NA,1.18,0.311346,5.625,0.96369,0.055,0.014826,0,0,0,NA,0,NA,0.62,0.504084,5.2,4.29954,0.005,0,NA,NA,NA,NA,NA,NA,NA,NA,NA,NA,NA,NA,NA,NA,NA,NA,NA,NA,NA,NA,NA,NA,NA,NA,NA,NA
"121","Austin Walter","NYJ","RB","2563138","robust",NA,NA,NA,NA,NA,NA,NA,NA,NA,NA,2.78572301512814,1.23270188445795,11.2225,4.366257,0.1,0,0.0025,0.002471,0,NA,0,NA,0.5075,0.237216,3.6375,1.786533,0.0125,0.014826,NA,NA,NA,NA,NA,NA,NA,NA,NA,NA,NA,NA,NA,NA,NA,NA,NA,NA,NA,NA,NA,NA,NA,NA,NA,NA
"122","Salvon Ahmed","MIA","RB","2565090","robust",NA,NA,NA,NA,NA,NA,NA,NA,NA,NA,2.66,3.172764,9.015,10.355961,0.03,0.029652,0,0,NA,NA,NA,NA,0.765,0.348411,6.465,3.758391,0.01,0.014826,NA,NA,NA,NA,NA,NA,NA,NA,NA,NA,NA,NA,NA,NA,NA,NA,NA,NA,NA,NA,NA,NA,NA,NA,NA,NA
"123","Jonathan Ward","ARI","RB","2564949","robust",NA,NA,NA,NA,NA,NA,NA,NA,NA,NA,2.575,1.33434,10.9725,4.284714,0.025,0,0,0,0,NA,0,NA,0.73,0.133434,5.93,0.948863999999999,0.0075,0,NA,NA,NA,NA,NA,NA,NA,NA,NA,NA,NA,NA,NA,NA,NA,NA,NA,NA,NA,NA,NA,NA,NA,NA,NA,NA
"124","Tee Higgins","CIN","WR","2563731","robust",NA,NA,NA,NA,NA,NA,NA,NA,NA,NA,0,0,0.148,0.2045988,0,0,0.0533333333333333,0,0,NA,0,NA,5.475,0.222390000000001,79.25,5.1891,0.75,0.29652,NA,NA,NA,NA,NA,NA,NA,NA,NA,NA,NA,NA,NA,NA,NA,NA,NA,NA,NA,NA,NA,NA,NA,NA,NA,NA
"125","Deebo Samuel","SF","WR","2562721","robust",NA,NA,NA,NA,NA,NA,NA,NA,NA,NA,4.5,NA,33.02375,1.63086,0.35,0.0876943763849421,0.07625,0.0111195,0,NA,0,NA,4.3525,1.022994,61.84,14.766696,0.3475,0.088956,NA,NA,NA,NA,NA,NA,NA,NA,NA,NA,NA,NA,NA,NA,NA,NA,NA,NA,NA,NA,NA,NA,NA,NA,NA,NA
"126","A.J. Brown","TEN","WR","2562238","robust",NA,NA,NA,NA,NA,NA,NA,NA,NA,NA,0,0,0.29,0.29652,0,0,0.02,0,0,NA,0,NA,5.665,0.348411,76.72,4.53675599999999,0.7,0.170499,NA,NA,NA,NA,NA,NA,NA,NA,NA,NA,NA,NA,NA,NA,NA,NA,NA,NA,NA,NA,NA,NA,NA,NA,NA,NA
"127","Isaiah McKenzie","BUF","WR","2558129","robust",NA,NA,NA,NA,NA,NA,NA,NA,NA,NA,0.312641723356009,NA,3.492,2.157183,0.0305457763553487,0.029652,0.025,0,0,NA,0,NA,2.2,1.18608,23.4,9.666552,0.12,0.081543,NA,NA,NA,NA,NA,NA,NA,NA,NA,NA,NA,NA,NA,NA,NA,NA,NA,NA,NA,NA,NA,NA,NA,NA,NA,NA
"128","Ja'Marr Chase","CIN","WR","2565941","robust",NA,NA,NA,NA,NA,NA,NA,NA,NA,NA,0.133333333333333,0,1.389,0.0652344000000001,0.002,0,0.06,0,0,NA,0,NA,5.4625,1.18608,71.7,2.52042,0.7575,0.252042,NA,NA,NA,NA,NA,NA,NA,NA,NA,NA,NA,NA,NA,NA,NA,NA,NA,NA,NA,NA,NA,NA,NA,NA,NA,NA
"129","Justin Jefferson","MIN","WR","2564556","robust",NA,NA,NA,NA,NA,NA,NA,NA,NA,NA,0.133333333333333,0,1.176,0.1838424,0.001,0,0.0333333333333333,0,0,NA,0,NA,6.495,0.385476,90.2675,10.97124,0.525,0.253690664162412,NA,NA,NA,NA,NA,NA,NA,NA,NA,NA,NA,NA,NA,NA,NA,NA,NA,NA,NA,NA,NA,NA,NA,NA,NA,NA
"130","Davante Adams","GB","WR","2543495","robust",NA,NA,NA,NA,NA,NA,NA,NA,NA,NA,0,0,0.1035,0.0207564,0,0,0.00666666666666667,0,0,NA,0,NA,7.525,0.296519999999999,96,5.9304,0.925,0.22239,NA,NA,NA,NA,NA,NA,NA,NA,NA,NA,NA,NA,NA,NA,NA,NA,NA,NA,NA,NA,NA,NA,NA,NA,NA,NA
"131","Cooper Kupp","LAR","WR","2557898","robust",NA,NA,NA,NA,NA,NA,NA,NA,NA,NA,0.4,NA,2.44125,1.586382,0.00333984375,0.00265117708333333,0.04,0,0,NA,0,NA,8.3,0.444780000000001,106.275,3.11345999999999,0.821491647211155,0.14826,NA,NA,NA,NA,NA,NA,NA,NA,NA,NA,NA,NA,NA,NA,NA,NA,NA,NA,NA,NA,NA,NA,NA,NA,NA,NA
"132","Antonio Brown","TB","WR","2508061","robust",NA,NA,NA,NA,NA,NA,NA,NA,NA,NA,0,0,0.435,0.252042,0,0,0.005,0,0,NA,0,NA,6.43,0.696822,80.07,13.239618,0.7,0.163086,NA,NA,NA,NA,NA,NA,NA,NA,NA,NA,NA,NA,NA,NA,NA,NA,NA,NA,NA,NA,NA,NA,"Q","Ankle",17,2021
"133","Tyreek Hill","KC","WR","2556214","robust",NA,NA,NA,NA,NA,NA,NA,NA,NA,NA,0.580541098719537,NA,2.98,1.70499,0.02,0.0108126183345725,0.0433333333333333,0.009884,0,NA,0,NA,6.3,0.303932999999999,81.3,8.361864,0.72,0.185325,NA,NA,NA,NA,NA,NA,NA,NA,NA,NA,NA,NA,NA,NA,NA,NA,NA,NA,NA,NA,NA,NA,NA,NA,NA,NA
"134","Jaylen Waddle","MIA","WR","2566292","robust",NA,NA,NA,NA,NA,NA,NA,NA,NA,NA,0.0666666666666667,0,0.352,0.2312856,0.01125,0.0333585,0.0666666666666667,0,0,NA,0,NA,6.7225,0.593039999999999,70.56,1.88290199999999,0.5,0.14826,NA,NA,NA,NA,NA,NA,NA,NA,NA,NA,NA,NA,NA,NA,NA,NA,NA,NA,NA,NA,NA,NA,NA,NA,NA,NA
"135","Amon-Ra St. Brown","DET","WR","2566073","robust",NA,NA,NA,NA,NA,NA,NA,NA,NA,NA,0.390036426023476,NA,3.902,1.200906,0.0123150229153027,0.014826,0,0,0,NA,0,NA,6.04,0.66717,63.3,5.53009800000001,0.625,0.126021,NA,NA,NA,NA,NA,NA,NA,NA,NA,NA,NA,NA,NA,NA,NA,NA,NA,NA,NA,NA,NA,NA,NA,NA,NA,NA
"136","Shi Smith","CAR","WR","2565908","robust",NA,NA,NA,NA,NA,NA,NA,NA,NA,NA,0,0,0.3675,0.29652,0.00125,0.00185325,0,0,0,NA,0,NA,1.4,0.615279,18.01,8.37669,0.045,0.044478,NA,NA,NA,NA,NA,NA,NA,NA,NA,NA,NA,NA,NA,NA,NA,NA,NA,NA,NA,NA,NA,NA,NA,NA,NA,NA
"137","Amari Cooper","DAL","WR","2552487","robust",NA,NA,NA,NA,NA,NA,NA,NA,NA,NA,0,0,0.4125,0.333585,0,0,0,0,0.17,0,0,NA,5,0.44478,62.95,6.352941,0.66,0.185325,NA,NA,NA,NA,NA,NA,NA,NA,NA,NA,NA,NA,NA,NA,NA,NA,NA,NA,NA,NA,NA,NA,NA,NA,NA,NA
"138","Stefon Diggs","BUF","WR","2552608","robust",NA,NA,NA,NA,NA,NA,NA,NA,NA,NA,0,0,0.018,0.029652,0,0,0,0,0,NA,0,NA,6.0675,0.681996,77.2,5.48562,0.8,0.37065,NA,NA,NA,NA,NA,NA,NA,NA,NA,NA,NA,NA,NA,NA,NA,NA,NA,NA,NA,NA,NA,NA,NA,NA,NA,NA
"139","Tyler Boyd","CIN","WR","2555466","robust",NA,NA,NA,NA,NA,NA,NA,NA,NA,NA,0.1,0,0.8425,0.1593795,0.00125,0.00185325,0.005,0,0,NA,0,NA,3.94,0.289107,51.4,3.85476,0.29,0.081543,NA,NA,NA,NA,NA,NA,NA,NA,NA,NA,NA,NA,NA,NA,NA,NA,NA,NA,NA,NA,NA,NA,NA,NA,NA,NA
"140","Keenan Allen","LAC","WR","2540154","robust",NA,NA,NA,NA,NA,NA,NA,NA,NA,NA,0,0,0.097,0.0059304,0,0,0.0433333333333333,0,0,NA,0,NA,6.16,0.563388,68.9525,5.33735999999999,0.575,0.14826,NA,NA,NA,NA,NA,NA,NA,NA,NA,NA,NA,NA,NA,NA,NA,NA,NA,NA,NA,NA,NA,NA,NA,NA,NA,NA
"141","Malik Turner","DAL","WR","2561671","robust",NA,NA,NA,NA,NA,NA,NA,NA,NA,NA,0,0,0.1425,0.116137,0,0,0,0,0,NA,0,NA,0.825,0.229803,10.5725,3.40998,0.0975,0.037065,NA,NA,NA,NA,NA,NA,NA,NA,NA,NA,NA,NA,NA,NA,NA,NA,NA,NA,NA,NA,NA,NA,NA,NA,NA,NA
"142","Michael Pittman","IND","WR","2564136","robust",NA,NA,NA,NA,NA,NA,NA,NA,NA,NA,0.555157828282828,NA,2.704,0.44478,0.0109534090909091,0.00979274147727273,0,0,0,NA,0,NA,4.955,0.378063,62.865,1.890315,0.52789702609855,0.111195,NA,NA,NA,NA,NA,NA,NA,NA,NA,NA,NA,NA,NA,NA,NA,NA,NA,NA,NA,NA,NA,NA,NA,NA,NA,NA
"143","CeeDee Lamb","DAL","WR","2563848","robust",NA,NA,NA,NA,NA,NA,NA,NA,NA,NA,0.279960317460317,NA,2.7175,0.874734,0.01,0.014826,0.00666666666666667,0,0.06,0,0,NA,5.3,1.03782,67.1925,2.72798400000001,0.570658514590401,0.163086,NA,NA,NA,NA,NA,NA,NA,NA,NA,NA,NA,NA,NA,NA,NA,NA,NA,NA,NA,NA,NA,NA,NA,NA,NA,NA
"144","DeVonta Smith","PHI","WR","2566409","robust",NA,NA,NA,NA,NA,NA,NA,NA,NA,NA,0,0,0.00875,0.01297275,0,0,0.02,0,0,NA,0,NA,4.27,0.7413,62.5,4.60347299999999,0.365,0.07413,NA,NA,NA,NA,NA,NA,NA,NA,NA,NA,NA,NA,NA,NA,NA,NA,NA,NA,NA,NA,NA,NA,NA,NA,NA,NA
"145","Diontae Johnson","PIT","WR","2562674","robust",NA,NA,NA,NA,NA,NA,NA,NA,NA,NA,0.299696839784419,NA,2.398,0.2994852,0.00876958280254777,0.00243228871592357,0.275,0.22239,0,NA,0,NA,6.415,0.593039999999999,73.145,4.4478,0.72,0.192738,NA,NA,NA,NA,NA,NA,NA,NA,NA,NA,NA,NA,NA,NA,NA,NA,NA,NA,NA,NA,NA,NA,NA,NA,NA,NA
"146","James Proche","BAL","WR","2563572","robust",NA,NA,NA,NA,NA,NA,NA,NA,NA,NA,0,0,0.055,0.081543,0,0,0,0,0,NA,0,NA,0.9,0.044478,10.58,2.44629,0.045,0.059304,NA,NA,NA,NA,NA,NA,NA,NA,NA,NA,NA,NA,NA,NA,NA,NA,NA,NA,NA,NA,NA,NA,NA,NA,NA,NA
"147","Byron Pringle","KC","WR","2560844","robust",NA,NA,NA,NA,NA,NA,NA,NA,NA,NA,0,0,0.3925,0.274281,0,0,0.045,0,0,NA,0,NA,2.93,0.81543,39.35,13.254444,0.25,0.103782,NA,NA,NA,NA,NA,NA,NA,NA,NA,NA,NA,NA,NA,NA,NA,NA,NA,NA,NA,NA,NA,NA,NA,NA,NA,NA
"148","Hunter Renfrow","LVR","WR","2562712","robust",NA,NA,NA,NA,NA,NA,NA,NA,NA,NA,0.05,0,0.53,0.237216,0,0,0.085,0,0,NA,0,NA,6.2,0.748713,70,4.50710399999999,0.375,0.111195,NA,NA,NA,NA,NA,NA,NA,NA,NA,NA,NA,NA,NA,NA,NA,NA,NA,NA,NA,NA,NA,NA,NA,NA,NA,NA
"149","Marvin Jones","JAC","WR","2532884","robust",NA,NA,NA,NA,NA,NA,NA,NA,NA,NA,0,0,0.02375,0.03521175,0,0,0,0,0,NA,0,NA,3.94,0.400302,46.43,4.091976,0.165853742748796,0.0457437589993655,NA,NA,NA,NA,NA,NA,NA,NA,NA,NA,NA,NA,NA,NA,NA,NA,NA,NA,NA,NA,NA,NA,NA,NA,NA,NA
"150","Tyler Lockett","SEA","WR","2552430","robust",NA,NA,NA,NA,NA,NA,NA,NA,NA,NA,0,0,0.017,0,0,0,0,0,0,NA,0,NA,5.1,0.59304,70.045,0.133434000000005,0.565,0.237216,NA,NA,NA,NA,NA,NA,NA,NA,NA,NA,NA,NA,NA,NA,NA,NA,NA,NA,NA,NA,NA,NA,NA,NA,NA,NA
"151","Brandin Cooks","HOU","WR","2543498","robust",NA,NA,NA,NA,NA,NA,NA,NA,NA,NA,0.1,NA,0.798,0.2935548,0.0025,0.0037065,0,0,0,NA,0,NA,5.485,0.7413,66.195,6.37518,0.64,0.318759,NA,NA,NA,NA,NA,NA,NA,NA,NA,NA,NA,NA,NA,NA,NA,NA,NA,NA,NA,NA,NA,NA,NA,NA,NA,NA
"152","Lil'Jordan Humphrey","NO","WR","2562567","robust",NA,NA,NA,NA,NA,NA,NA,NA,NA,NA,0,0,0.333333333333333,0.4942,0,0,0.035,0,0,NA,0,NA,2.2,0.7413,30.15,6.07866,0.15,0.118608,NA,NA,NA,NA,NA,NA,NA,NA,NA,NA,NA,NA,NA,NA,NA,NA,NA,NA,NA,NA,NA,NA,"Q","Illness",17,2021
"153","Tavon Austin","JAC","WR","2539336","robust",NA,NA,NA,NA,NA,NA,NA,NA,NA,NA,0.776582836401348,0.259592740471869,4.87,1.393644,0.02,0.029652,0.01,0,0,NA,0,NA,2.1,0.874734,19.735,2.81694,0.075,0.029652,NA,NA,NA,NA,NA,NA,NA,NA,NA,NA,NA,NA,NA,NA,NA,NA,NA,NA,NA,NA,NA,NA,NA,NA,NA,NA
"154","Terry McLaurin","WAS","WR","2562489","robust",NA,NA,NA,NA,NA,NA,NA,NA,NA,NA,0,0,0.275,0.170499,0,0,0.01,0,0,NA,0,NA,4.45,0.578213999999999,58.87,6.041595,0.27,0.122023073613278,NA,NA,NA,NA,NA,NA,NA,NA,NA,NA,NA,NA,NA,NA,NA,NA,NA,NA,NA,NA,NA,NA,NA,NA,NA,NA
"155","K.J. Osborn","MIN","WR","2564574","robust",NA,NA,NA,NA,NA,NA,NA,NA,NA,NA,0,0,0.09,0.07413,0,0,0.01,0,0,NA,0,NA,3.95,1.304688,48.58,15.826755,0.25,0.237216,NA,NA,NA,NA,NA,NA,NA,NA,NA,NA,NA,NA,NA,NA,NA,NA,NA,NA,NA,NA,NA,NA,NA,NA,NA,NA
"156","D.J. Moore","CAR","WR","2560813","robust",NA,NA,NA,NA,NA,NA,NA,NA,NA,NA,0.1,0,1.07875,0.0537442499999998,0.00125,0.00185325,0.02,0,0,NA,0,NA,4.81,0.289107000000001,63.355,3.602718,0.2,0.0442672177030472,NA,NA,NA,NA,NA,NA,NA,NA,NA,NA,NA,NA,NA,NA,NA,NA,NA,NA,NA,NA,NA,NA,NA,NA,NA,NA
"157","Darnell Mooney","CHI","WR","2563707","robust",NA,NA,NA,NA,NA,NA,NA,NA,NA,NA,0.948025306148016,NA,2.835,1.1149152,0.0247232213819919,0.014826,0.005,0,0,NA,0,NA,4.455,0.637518,55.1,6.864438,0.335,0.133037509436928,NA,NA,NA,NA,NA,NA,NA,NA,NA,NA,NA,NA,NA,NA,NA,NA,NA,NA,NA,NA,NA,NA,NA,NA,NA,NA
"158","Christian Kirk","ARI","WR","2560781","robust",NA,NA,NA,NA,NA,NA,NA,NA,NA,NA,0,0,0.35,0.0741300000000001,0,0,0,0,0,NA,0,NA,4.9,0.504084,59.345,6.493788,0.307173905509982,0.14826,NA,NA,NA,NA,NA,NA,NA,NA,NA,NA,NA,NA,NA,NA,NA,NA,NA,NA,NA,NA,NA,NA,NA,NA,NA,NA
"159","DK Metcalf","SEA","WR","2562685","robust",NA,NA,NA,NA,NA,NA,NA,NA,NA,NA,0,0,0.0725,0.07413,0,0,0,0,0,NA,0,NA,4.37,0.652344,60.855,3.7065,0.44,0.096369,NA,NA,NA,NA,NA,NA,NA,NA,NA,NA,NA,NA,NA,NA,NA,NA,NA,NA,NA,NA,NA,NA,NA,NA,NA,NA
"160","Jarvis Landry","CLE","WR","2543488","robust",NA,NA,NA,NA,NA,NA,NA,NA,NA,NA,0.339962121212121,NA,2.7025,0.363237,0.0480538015590595,0.022239,0.05,0,0,NA,0,NA,4.63,0.348411,55,3.78063,0.370925914372692,0.0755027606489533,NA,NA,NA,NA,NA,NA,NA,NA,NA,NA,NA,NA,NA,NA,NA,NA,NA,NA,NA,NA,NA,NA,NA,NA,NA,NA
"161","Mike Williams","LAC","WR","2558846","robust",NA,NA,NA,NA,NA,NA,NA,NA,NA,NA,0,0,0.03,0.029652,0,0,0,0,0,NA,0,NA,4.1475,0.214977,58.1475,2.66868,0.4775,0.103782,NA,NA,NA,NA,NA,NA,NA,NA,NA,NA,NA,NA,NA,NA,NA,NA,NA,NA,NA,NA,NA,NA,NA,NA,NA,NA
"162","Russell Gage","ATL","WR","2561061","robust",NA,NA,NA,NA,NA,NA,NA,NA,NA,NA,0,0,0.2875,0.1742055,0.00333333333333333,0.002471,0.433333333333333,0.17297,0,NA,0,NA,5.09,0.37065,57.83,2.95778700000001,0.2,0.0543445610703258,NA,NA,NA,NA,NA,NA,NA,NA,NA,NA,NA,NA,NA,NA,NA,NA,NA,NA,NA,NA,NA,NA,NA,NA,NA,NA
"163","Marquise Brown","BAL","WR","2562379","robust",NA,NA,NA,NA,NA,NA,NA,NA,NA,NA,0,0,0.21,0.3024504,0,0,0.0333333333333333,0,0,NA,0,NA,5.1875,0.29652,57.46,8.30256,0.2775,0,NA,NA,NA,NA,NA,NA,NA,NA,NA,NA,NA,NA,NA,NA,NA,NA,NA,NA,NA,NA,NA,NA,"Q","Illness",17,2021
"164","Courtland Sutton","DEN","WR","2560888","robust",NA,NA,NA,NA,NA,NA,NA,NA,NA,NA,0,0,0.01625,0.02409225,0,0,0.055,0,0,NA,0,NA,3.85,0.326172,47.6,15.026151,0.167447196116433,0.022239,NA,NA,NA,NA,NA,NA,NA,NA,NA,NA,NA,NA,NA,NA,NA,NA,NA,NA,NA,NA,NA,NA,"Q","Illness",17,2021
"165","Jakobi Meyers","NE","WR","2562492","robust",NA,NA,NA,NA,NA,NA,NA,NA,NA,NA,0,0,0.49,0.118608,0,0,0,0,0,NA,0,NA,4.845,0.59304,53.58,7.576086,0.205,0.170499,NA,NA,NA,NA,NA,NA,NA,NA,NA,NA,NA,NA,NA,NA,NA,NA,NA,NA,NA,NA,NA,NA,"Q","Thigh",17,2021
"166","Kenny Golladay","NYG","WR","2558052","robust",NA,NA,NA,NA,NA,NA,NA,NA,NA,NA,0,0,0.01375,0.02038575,0,0,0,0,0,NA,0,NA,3.725,0.14826,51,6.708765,0.140830176056333,0.11737718097888,NA,NA,NA,NA,NA,NA,NA,NA,NA,NA,NA,NA,NA,NA,NA,NA,NA,NA,NA,NA,NA,NA,NA,NA,NA,NA
"167","Allen Robinson","CHI","WR","2543509","robust",NA,NA,NA,NA,NA,NA,NA,NA,NA,NA,0,0,0.01375,0,0,0,0,0,0,NA,0,NA,3.54,0.0593040000000001,41.9,3.36550199999999,0.2,0.014826,NA,NA,NA,NA,NA,NA,NA,NA,NA,NA,NA,NA,NA,NA,NA,NA,NA,NA,NA,NA,NA,NA,NA,NA,NA,NA
"168","Chase Claypool","PIT","WR","2564970","robust",NA,NA,NA,NA,NA,NA,NA,NA,NA,NA,0.636166666666667,NA,4.3425,0.37065,0.0142988712776177,0.014826,0.02,0,0,NA,0,NA,3.55,0.489258,48.95,5.915574,0.19,0.044478,NA,NA,NA,NA,NA,NA,NA,NA,NA,NA,NA,NA,NA,NA,NA,NA,NA,NA,NA,NA,NA,NA,NA,NA,NA,NA
"169","Odell Beckham","LAR","WR","2543496","robust",NA,NA,NA,NA,NA,NA,NA,NA,NA,NA,0.2,NA,1.91875,0.84322875,0.00251436781609195,0.00364259482758621,0,0,0,NA,0,NA,4,0.0741300000000001,52.85,2.564898,0.7,0.200151,NA,NA,NA,NA,NA,NA,NA,NA,NA,NA,NA,NA,NA,NA,NA,NA,NA,NA,NA,NA,NA,NA,NA,NA,NA,NA
"170","Chris Conley","HOU","WR","2552652","robust",NA,NA,NA,NA,NA,NA,NA,NA,NA,NA,0,0,0.005,0.007413,0,0,0.025,0,0,NA,0,NA,2.14,0.81543,27,11.393781,0.15,0.07413,NA,NA,NA,NA,NA,NA,NA,NA,NA,NA,NA,NA,NA,NA,NA,NA,NA,NA,NA,NA,NA,NA,"Q","Knee",17,2021
"171","Mike Evans","TB","WR","2543468","robust",NA,NA,NA,NA,NA,NA,NA,NA,NA,NA,0,0,0.13,0.0948864,0,0,0,0,0,NA,0,NA,3.2,0.474432,44.2,10.830393,0.3,0.051891,NA,NA,NA,NA,NA,NA,NA,NA,NA,NA,NA,NA,NA,NA,NA,NA,NA,NA,NA,NA,NA,NA,"Q","Hamstring",17,2021
"172","Gabriel Davis","BUF","WR","2563602","robust",NA,NA,NA,NA,NA,NA,NA,NA,NA,NA,0,0,0.005,0,0,0,0,0,0,NA,0,NA,2.6,0.726474,33.94,4.95188399999999,0.22,0.029652,NA,NA,NA,NA,NA,NA,NA,NA,NA,NA,NA,NA,NA,NA,NA,NA,NA,NA,NA,NA,NA,NA,NA,NA,NA,NA
"173","Rashard Higgins","CLE","WR","2555468","robust",NA,NA,NA,NA,NA,NA,NA,NA,NA,NA,0,0,0.0125,0.0185325,0,0,0.02,0,0,NA,0,NA,2.25,0.326172,30.58,4.418148,0.12,0.059304,NA,NA,NA,NA,NA,NA,NA,NA,NA,NA,NA,NA,NA,NA,NA,NA,NA,NA,NA,NA,NA,NA,NA,NA,NA,NA
"174","Robby Anderson","CAR","WR","2556462","robust",NA,NA,NA,NA,NA,NA,NA,NA,NA,NA,0.260940594059406,NA,1.8775,0.29652,0.00843199163666367,0.007413,0.01,0,0,NA,0,NA,3.96,0.22239,44.055,5.04084,0.2,0.033696035772762,NA,NA,NA,NA,NA,NA,NA,NA,NA,NA,NA,NA,NA,NA,NA,NA,NA,NA,NA,NA,NA,NA,NA,NA,NA,NA
"175","Marquez Callaway","NO","WR","2565310","robust",NA,NA,NA,NA,NA,NA,NA,NA,NA,NA,0,0,0.0075,0.0111195,0,0,0,0,0,NA,0,NA,3.7,0.392889,47.7,4.685016,0.225,0.037065,NA,NA,NA,NA,NA,NA,NA,NA,NA,NA,NA,NA,NA,NA,NA,NA,NA,NA,NA,NA,NA,NA,NA,NA,NA,NA
"176","DeVante Parker","MIA","WR","2552409","robust",NA,NA,NA,NA,NA,NA,NA,NA,NA,NA,0,0,0.0525,0.0778365,0,0,0,0,0,NA,0,NA,4.3,0.192738000000001,54.345,2.35733400000001,0.25,0.07413,NA,NA,NA,NA,NA,NA,NA,NA,NA,NA,NA,NA,NA,NA,NA,NA,NA,NA,NA,NA,NA,NA,NA,NA,NA,NA
"177","A.J. Green","ARI","WR","2495450","robust",NA,NA,NA,NA,NA,NA,NA,NA,NA,NA,0,0,0.0775,0.07413,0,0,0,0,0,NA,0,NA,2.95,0.489258,44.51,5.700597,0.195,0.108032546217838,NA,NA,NA,NA,NA,NA,NA,NA,NA,NA,NA,NA,NA,NA,NA,NA,NA,NA,NA,NA,NA,NA,NA,NA,NA,NA
"178","Phillip Dorsett","HOU","WR","2552424","robust",NA,NA,NA,NA,NA,NA,NA,NA,NA,NA,0,0,0,0,0,0,0,0,0,NA,0,NA,2.25,0,32.5,0,0,0,NA,NA,NA,NA,NA,NA,NA,NA,NA,NA,NA,NA,NA,NA,NA,NA,NA,NA,NA,NA,NA,NA,"IR","Ankle",17,2021
"179","Zay Jones","LVR","WR","2557863","robust",NA,NA,NA,NA,NA,NA,NA,NA,NA,NA,0,0,0.13125,0.18717825,0,0,0.04,0,0,NA,0,NA,3.25,1.11195,36.185,11.93493,0.2,0.0236225912740405,NA,NA,NA,NA,NA,NA,NA,NA,NA,NA,NA,NA,NA,NA,NA,NA,NA,NA,NA,NA,NA,NA,NA,NA,NA,NA
"180","Allen Lazard","GB","WR","2560787","robust",NA,NA,NA,NA,NA,NA,NA,NA,NA,NA,0.433333333333333,0.09884,1.99,1.8665934,0.00125,0.00185325,0.03,0,0,NA,0,NA,3.08,0.429954,43.55,5.196513,0.62,0.363237,NA,NA,NA,NA,NA,NA,NA,NA,NA,NA,NA,NA,NA,NA,NA,NA,NA,NA,NA,NA,NA,NA,NA,NA,NA,NA
"181","Braxton Berrios","NYJ","WR","2560975","robust",NA,NA,NA,NA,NA,NA,NA,NA,NA,NA,0.328494152046784,NA,1.925,1.282449,0.0237554824561403,0.022239,0,0,0,NA,0,NA,4.36,0.7413,43.1,9.04386,0.15,0.07413,NA,NA,NA,NA,NA,NA,NA,NA,NA,NA,NA,NA,NA,NA,NA,NA,NA,NA,NA,NA,NA,NA,NA,NA,NA,NA
"182","Cole Beasley","BUF","WR","2535698","robust",NA,NA,NA,NA,NA,NA,NA,NA,NA,NA,0,0,0.035,0.051891,0,0,0,0,0,NA,0,NA,4.405,0.504084,45.665,5.9304,0.21,0.0593040000000001,NA,NA,NA,NA,NA,NA,NA,NA,NA,NA,NA,NA,NA,NA,NA,NA,NA,NA,NA,NA,NA,NA,NA,NA,NA,NA
"183","Laquon Treadwell","JAC","WR","2555214","robust",NA,NA,NA,NA,NA,NA,NA,NA,NA,NA,0,0,0.00125,0.00185325,0,0,0,0,0,NA,0,NA,3.265,1.008168,40.35,16.404969,0.1,0.0733278235776285,NA,NA,NA,NA,NA,NA,NA,NA,NA,NA,NA,NA,NA,NA,NA,NA,NA,NA,NA,NA,NA,NA,NA,NA,NA,NA
"184","Michael Gallup","DAL","WR","2560735","robust",NA,NA,NA,NA,NA,NA,NA,NA,NA,NA,0,0,0.12875,0.11675475,0,0,0,0,0,NA,0,NA,3.345,0.652344,48,5.329947,0.212580421232847,0.022239,NA,NA,NA,NA,NA,NA,NA,NA,NA,NA,NA,NA,NA,NA,NA,NA,NA,NA,NA,NA,NA,NA,NA,NA,NA,NA
"185","Dyami Brown","WAS","WR","2566586","robust",NA,NA,NA,NA,NA,NA,NA,NA,NA,NA,0,0,0.01375,0,0,0,0.035,0,0,NA,0,NA,0.925,0.37065,11,2.81694,0.05,0.07413,NA,NA,NA,NA,NA,NA,NA,NA,NA,NA,NA,NA,NA,NA,NA,NA,NA,NA,NA,NA,NA,NA,NA,NA,NA,NA
"186","Marquez Valdes-Scantling","GB","WR","2560907","robust",NA,NA,NA,NA,NA,NA,NA,NA,NA,NA,0,0,0.145,0.118608,0,0,0,0,0,NA,0,NA,2.7175,0.355824,43.1575,6.6717,0.22,0.081543,NA,NA,NA,NA,NA,NA,NA,NA,NA,NA,NA,NA,NA,NA,NA,NA,NA,NA,NA,NA,NA,NA,NA,NA,NA,NA
"187","Josh Reynolds","DET","WR","2558194","robust",NA,NA,NA,NA,NA,NA,NA,NA,NA,NA,0,0,0.04,0.059304,0,0,0,0,0,NA,0,NA,2.215,1.4826,32.75,16.3086,0.14,0.104109918663534,NA,NA,NA,NA,NA,NA,NA,NA,NA,NA,NA,NA,NA,NA,NA,NA,NA,NA,NA,NA,NA,NA,NA,"Illness",17,2021
"188","T.Y. Hilton","IND","WR","2532865","robust",NA,NA,NA,NA,NA,NA,NA,NA,NA,NA,0,0,0.045,0.051891,0,0,0,0,0,NA,0,NA,3.32,0.437367,41.655,7.413,0.255,0.07413,NA,NA,NA,NA,NA,NA,NA,NA,NA,NA,NA,NA,NA,NA,NA,NA,NA,NA,NA,NA,NA,NA,NA,NA,NA,NA
"189","Rashod Bateman","BAL","WR","2565836","robust",NA,NA,NA,NA,NA,NA,NA,NA,NA,NA,0,0,0.10875,0.03521175,0,0,0,0,0,NA,0,NA,3.37,0.378063,37.48,7.880019,0.16,0.088956,NA,NA,NA,NA,NA,NA,NA,NA,NA,NA,NA,NA,NA,NA,NA,NA,NA,NA,NA,NA,NA,NA,NA,NA,NA,NA
"190","Van Jefferson","LAR","WR","2564358","robust",NA,NA,NA,NA,NA,NA,NA,NA,NA,NA,0.249284090909091,NA,1.9175,0.9155055,0.00216161616161616,0.00320481212121212,0.005,0,0,NA,0,NA,3.34,0.0889560000000001,47.1,2.81694,0.3,0.029652,NA,NA,NA,NA,NA,NA,NA,NA,NA,NA,NA,NA,NA,NA,NA,NA,NA,NA,NA,NA,NA,NA,NA,NA,NA,NA
"191","Kendrick Bourne","NE","WR","2558914","robust",NA,NA,NA,NA,NA,NA,NA,NA,NA,NA,0.15,0,2.4325,0.4707255,0.00125,0.00185325,0.04,0,0,NA,0,NA,3.135,0.207564,43.5,2.2239,0.2,0.0925458329031173,NA,NA,NA,NA,NA,NA,NA,NA,NA,NA,NA,NA,NA,NA,NA,NA,NA,NA,NA,NA,NA,NA,NA,NA,NA,NA
"192","Brandon Aiyuk","SF","WR","2565093","robust",NA,NA,NA,NA,NA,NA,NA,NA,NA,NA,0.15,0,1.3675,0.4484865,0.01125,0.00926625,0.025,0,0,NA,0,NA,3.52,0.622692,43.54,5.9304,0.3,0.14826,NA,NA,NA,NA,NA,NA,NA,NA,NA,NA,NA,NA,NA,NA,NA,NA,NA,NA,NA,NA,NA,NA,NA,NA,NA,NA
"193","Tyler Johnson","TB","WR","2565225","robust",NA,NA,NA,NA,NA,NA,NA,NA,NA,NA,0,0,0.2,0.163086,0,0,0,0,0,NA,0,NA,2.81,0.415128,31.76,6.019356,0.1,0.07413,NA,NA,NA,NA,NA,NA,NA,NA,NA,NA,NA,NA,NA,NA,NA,NA,NA,NA,NA,NA,NA,NA,NA,NA,NA,NA
"194","DeSean Jackson","LVR","WR","1581","robust",NA,NA,NA,NA,NA,NA,NA,NA,NA,NA,0,0,0.205,0.155673,0,0,0.035,0,0,NA,0,NA,1.95,0.644931,30.45,9.295902,0.12,0.044478,NA,NA,NA,NA,NA,NA,NA,NA,NA,NA,NA,NA,NA,NA,NA,NA,NA,NA,NA,NA,NA,NA,NA,NA,NA,NA
"195","Jalen Reagor","PHI","WR","2564850","robust",NA,NA,NA,NA,NA,NA,NA,NA,NA,NA,0.1,0,1.2025,0.22239,0.00125,0.00185325,0.005,0,0,NA,0,NA,2.3,0.237216,26.36,5.248404,0.1,0.0604386357447525,NA,NA,NA,NA,NA,NA,NA,NA,NA,NA,NA,NA,NA,NA,NA,NA,NA,NA,NA,NA,NA,NA,NA,NA,NA,NA
"196","Donovan Peoples-Jones","CLE","WR","2563803","robust",NA,NA,NA,NA,NA,NA,NA,NA,NA,NA,0,0,0.0075,0.022239,0,0,0.025,0,0,NA,0,NA,2.655,0.29652,42.255,1.438122,0.15,0.103782,NA,NA,NA,NA,NA,NA,NA,NA,NA,NA,NA,NA,NA,NA,NA,NA,NA,NA,NA,NA,NA,NA,NA,NA,NA,NA
"197","Quez Watkins","PHI","WR","2564880","robust",NA,NA,NA,NA,NA,NA,NA,NA,NA,NA,0,0,0.2,0.29652,0,0,0,0,0,NA,0,NA,2.5,0.29652,35.4,2.41663799999999,0.168722128782132,0.014826,NA,NA,NA,NA,NA,NA,NA,NA,NA,NA,NA,NA,NA,NA,NA,NA,NA,NA,NA,NA,NA,NA,NA,NA,NA,NA
"198","Josh Palmer","LAC","WR","2566502","robust",NA,NA,NA,NA,NA,NA,NA,NA,NA,NA,0,0,0.13,0.118608,0,0,0,0,0,NA,0,NA,2.85,0.644931,32.315,7.880019,0.23,0.103782,NA,NA,NA,NA,NA,NA,NA,NA,NA,NA,NA,NA,NA,NA,NA,NA,NA,NA,NA,NA,NA,NA,NA,NA,NA,NA
"199","Nico Collins","HOU","WR","2566127","robust",NA,NA,NA,NA,NA,NA,NA,NA,NA,NA,0,0,0.0775,0.07413,0,0,0,0,0,NA,0,NA,3.2,0.348411,37.45,1.890315,0.155,0.081543,NA,NA,NA,NA,NA,NA,NA,NA,NA,NA,NA,NA,NA,NA,NA,NA,NA,NA,NA,NA,NA,NA,NA,NA,NA,NA
"200","Keelan Cole","NYJ","WR","2559153","robust",NA,NA,NA,NA,NA,NA,NA,NA,NA,NA,0,0,0.00875,0.01297275,0.01,0.007413,0.025,0,0,NA,0,NA,2.95,0.348411,36.05,5.663532,0.095,0.0567825327976001,NA,NA,NA,NA,NA,NA,NA,NA,NA,NA,NA,NA,NA,NA,NA,NA,NA,NA,NA,NA,NA,NA,NA,NA,NA,NA
"201","Deonte Harris","NO","WR","2563155","robust",NA,NA,NA,NA,NA,NA,NA,NA,NA,NA,0.15,0.111195,1.485,0.993342,0,0,0.04,0.029652,0,NA,0,NA,3.06,0.133434,42.0025,0.0148260000000076,0.2075,0.00741300000000001,NA,NA,NA,NA,NA,NA,NA,NA,NA,NA,NA,NA,NA,NA,NA,NA,NA,NA,NA,NA,NA,NA,NA,NA,NA,NA
"202","Denzel Mims","NYJ","WR","2564802","robust",NA,NA,NA,NA,NA,NA,NA,NA,NA,NA,0,0,0.01625,0,0,0,0,0,0,NA,0,NA,2.215,0.7413,30,3.85476,0.085,0.103782,NA,NA,NA,NA,NA,NA,NA,NA,NA,NA,NA,NA,NA,NA,NA,NA,NA,NA,NA,NA,NA,NA,NA,NA,NA,NA
"203","Chris Moore","HOU","WR","2555209","robust",NA,NA,NA,NA,NA,NA,NA,NA,NA,NA,0,0,0,0,0,0,0,0,0,NA,0,NA,1.775,0.29652,17.5,4.4478,0.0225,0.029652,NA,NA,NA,NA,NA,NA,NA,NA,NA,NA,NA,NA,NA,NA,NA,NA,NA,NA,NA,NA,NA,NA,NA,"Illness",17,2021
"204","Mack Hollins","MIA","WR","2558262","robust",NA,NA,NA,NA,NA,NA,NA,NA,NA,NA,0,0,0.01125,0.01667925,0,0,0,0,0,NA,0,NA,1.1,0.22239,20.565,7.175784,0.0937584511285293,0.088956,NA,NA,NA,NA,NA,NA,NA,NA,NA,NA,NA,NA,NA,NA,NA,NA,NA,NA,NA,NA,NA,NA,NA,NA,NA,NA
"205","Bryan Edwards","LVR","WR","2564418","robust",NA,NA,NA,NA,NA,NA,NA,NA,NA,NA,0,0,0.1,0.14826,0,0,0.045,0,0,NA,0,NA,2.4,0.29652,34.97,2.9652,0.15,0.07413,NA,NA,NA,NA,NA,NA,NA,NA,NA,NA,NA,NA,NA,NA,NA,NA,NA,NA,NA,NA,NA,NA,NA,NA,NA,NA
"206","DeAndre Carter","WAS","WR","2553502","robust",NA,NA,NA,NA,NA,NA,NA,NA,NA,NA,0.432843271423917,NA,3.535,1.089711,0.015,0.016325991202346,0,0,0,NA,0,NA,1.725,0.793191,21.595,8.139474,0.0718715119205809,0.029652,NA,NA,NA,NA,NA,NA,NA,NA,NA,NA,NA,NA,NA,NA,NA,NA,NA,NA,NA,NA,NA,NA,NA,NA,NA,NA
"207","James Washington","PIT","WR","2560920","robust",NA,NA,NA,NA,NA,NA,NA,NA,NA,NA,0,0,0.645,0.526323,0.00125,0,0.005,0,0,NA,0,NA,2,0.29652,27.7,4.4478,0.11,0.133434,NA,NA,NA,NA,NA,NA,NA,NA,NA,NA,NA,NA,NA,NA,NA,NA,NA,NA,NA,NA,NA,NA,NA,NA,NA,NA
"208","Emmanuel Sanders","BUF","WR","497322","robust",NA,NA,NA,NA,NA,NA,NA,NA,NA,NA,0,0,0.4025,0.303933,0,0,0,0,0,NA,0,NA,2.58,0.266868,33.31,1.942206,0.145772511907571,0.0803976738458347,NA,NA,NA,NA,NA,NA,NA,NA,NA,NA,NA,NA,NA,NA,NA,NA,NA,NA,NA,NA,NA,NA,"Q","Knee",17,2021
"209","Nick Westbrook-Ikhine","TEN","WR","2565477","robust",NA,NA,NA,NA,NA,NA,NA,NA,NA,NA,0,0,0.0433333333333333,0.064246,0,0,0,0,0,NA,0,NA,2.1,0.533736,27.92,9.518292,0.155,0.0721412685125121,NA,NA,NA,NA,NA,NA,NA,NA,NA,NA,NA,NA,NA,NA,NA,NA,NA,NA,NA,NA,NA,NA,NA,NA,NA,NA
"210","David Sills","NYG","WR","2562732","robust",NA,NA,NA,NA,NA,NA,NA,NA,NA,NA,0,0,0.15,0.22239,0,0,0,0,NA,NA,NA,NA,2.45,1.85325,25.255,17.561397,0.15,0.07413,NA,NA,NA,NA,NA,NA,NA,NA,NA,NA,NA,NA,NA,NA,NA,NA,NA,NA,NA,NA,NA,NA,NA,NA,NA,NA
"211","Laviska Shenault","JAC","WR","2564232","robust",NA,NA,NA,NA,NA,NA,NA,NA,NA,NA,0.960936164277745,NA,6.485,1.193493,0.025,0.0356650967509103,0.04,0,0,NA,0,NA,3.355,0.340998,34,4.15128,0.1,0.044478,NA,NA,NA,NA,NA,NA,NA,NA,NA,NA,NA,NA,NA,NA,NA,NA,NA,NA,NA,NA,NA,NA,NA,NA,NA,NA
"212","Olamide Zaccheaus","ATL","WR","2562808","robust",NA,NA,NA,NA,NA,NA,NA,NA,NA,NA,0,0,0.3,0.44478,0,0,0,0,0,NA,0,NA,2.32,0.563388,33.4,2.44629,0.134285861910219,0.0508322188680901,NA,NA,NA,NA,NA,NA,NA,NA,NA,NA,NA,NA,NA,NA,NA,NA,NA,NA,NA,NA,NA,NA,NA,NA,NA,NA
"213","Rondale Moore","ARI","WR","2566433","robust",NA,NA,NA,NA,NA,NA,NA,NA,NA,NA,0.761922477324263,0.4148853125,5.3025,2.957787,0.02,0.022239,0,0,0,NA,0,NA,2.6775,0.29652,28.725,5.070492,0.1075,0.029652,NA,NA,NA,NA,NA,NA,NA,NA,NA,NA,NA,NA,NA,NA,NA,NA,NA,NA,NA,NA,NA,NA,"Q","Ankle",17,2021
"214","Breshad Perriman","TB","WR","2552597","robust",NA,NA,NA,NA,NA,NA,NA,NA,NA,NA,0,0,0.1675,0.2483355,0,0,0,0,0,NA,0,NA,1.9,1.33434,22.08,8.45082,0.065,0.059304,NA,NA,NA,NA,NA,NA,NA,NA,NA,NA,NA,NA,NA,NA,NA,NA,NA,NA,NA,NA,NA,NA,NA,NA,NA,NA
"215","Chester Rogers","TEN","WR","2556396","robust",NA,NA,NA,NA,NA,NA,NA,NA,NA,NA,0,0,0.08,0.118608,0,0,0.015,0,0,NA,0,NA,1.9,0.340998,21.65,6.37518,0.09,0.029652,NA,NA,NA,NA,NA,NA,NA,NA,NA,NA,NA,NA,NA,NA,NA,NA,NA,NA,NA,NA,NA,NA,NA,NA,NA,NA
"216","Antoine Wesley","ARI","WR","2562542","robust",NA,NA,NA,NA,NA,NA,NA,NA,NA,NA,0,0,0.0433333333333333,0.019768,0,0,0,0,0,NA,0,NA,2.15,0.22239,29,1.675338,0.1,0.118608,NA,NA,NA,NA,NA,NA,NA,NA,NA,NA,NA,NA,NA,NA,NA,NA,NA,NA,NA,NA,NA,NA,NA,NA,NA,NA
"217","Adam Humphries","WAS","WR","2553895","robust",NA,NA,NA,NA,NA,NA,NA,NA,NA,NA,0,0,0.0925,0.1371405,0,0,0.005,0,0,NA,0,NA,2.715,0.340998,30,5.11497,0.07,0.059304,NA,NA,NA,NA,NA,NA,NA,NA,NA,NA,NA,NA,NA,NA,NA,NA,NA,NA,NA,NA,NA,NA,NA,NA,NA,NA
"218","Mecole Hardman","KC","WR","2562580","robust",NA,NA,NA,NA,NA,NA,NA,NA,NA,NA,0.397079011592434,NA,2.6075,0.541149,0.0054334451901566,0.00432425,0.05,0,0,NA,0,NA,2.365,0.29652,27,3.869586,0.16,0.07413,NA,NA,NA,NA,NA,NA,NA,NA,NA,NA,NA,NA,NA,NA,NA,NA,NA,NA,NA,NA,NA,NA,NA,NA,NA,NA
"219","Sammy Watkins","BAL","WR","2543457","robust",NA,NA,NA,NA,NA,NA,NA,NA,NA,NA,0,0,0.3575,0.5300295,0,0,0,0,0,NA,0,NA,2,0.133434,24.6,5.04084,0.085,0,NA,NA,NA,NA,NA,NA,NA,NA,NA,NA,NA,NA,NA,NA,NA,NA,NA,NA,NA,NA,NA,NA,NA,NA,NA,NA
"220","Zach Pascal","IND","WR","2558877","robust",NA,NA,NA,NA,NA,NA,NA,NA,NA,NA,0.05,0,0.485,0.719061,0.00125,0,0,0,0,NA,0,NA,2.55,0.637518,30.3,0.489257999999997,0.17,0.029652,NA,NA,NA,NA,NA,NA,NA,NA,NA,NA,NA,NA,NA,NA,NA,NA,NA,NA,NA,NA,NA,NA,NA,NA,NA,NA
"221","KhaDarel Hodge","DET","WR","2561653","robust",NA,NA,NA,NA,NA,NA,NA,NA,NA,NA,0,0,0.2675,0.3965955,0,0,0,0,0,NA,0,NA,1.27,0.59304,20.135,11.26776,0.0992904250182289,0.0169300317359477,NA,NA,NA,NA,NA,NA,NA,NA,NA,NA,NA,NA,NA,NA,NA,NA,NA,NA,NA,NA,NA,NA,NA,NA,NA,NA
"222","Diontae Spencer","DEN","WR","2550734","robust",NA,NA,NA,NA,NA,NA,NA,NA,NA,NA,0,0,1,0.59304,0.00125,0,0.02,0,0,NA,0,NA,1.815,0.548562,24.345,4.314366,0.07,0.059304,NA,NA,NA,NA,NA,NA,NA,NA,NA,NA,NA,NA,NA,NA,NA,NA,NA,NA,NA,NA,NA,NA,NA,NA,NA,NA
"223","Pharoh Cooper","NYG","WR","2555419","robust",NA,NA,NA,NA,NA,NA,NA,NA,NA,NA,0.05,0.037065,0.675,0.66717,0,0,0,0,0,NA,0,NA,2.085,0.837669,25.645,5.203926,0.1075,0.029652,NA,NA,NA,NA,NA,NA,NA,NA,NA,NA,NA,NA,NA,NA,NA,NA,NA,NA,NA,NA,NA,NA,NA,NA,NA,NA
"224","Gunner Olszewski","NE","WR","2563329","robust",NA,NA,NA,NA,NA,NA,NA,NA,NA,NA,0.289265324707951,0.105482306242934,1.8325,0.66717,0.00486276849642005,0.00480636038186157,0,0,0,NA,0,NA,0.85,0.155673,12.25,3.40998,0.0875,0.066717,NA,NA,NA,NA,NA,NA,NA,NA,NA,NA,NA,NA,NA,NA,NA,NA,NA,NA,NA,NA,NA,NA,NA,NA,NA,NA
"225","Damiere Byrd","CHI","WR","2553499","robust",NA,NA,NA,NA,NA,NA,NA,NA,NA,NA,0,0,0.35,0.192738,0,0,0.035,0,0,NA,0,NA,1.545,0.474432,21,8.865948,0.07,0.0445321046728972,NA,NA,NA,NA,NA,NA,NA,NA,NA,NA,NA,NA,NA,NA,NA,NA,NA,NA,NA,NA,NA,NA,NA,NA,NA,NA
"226","Jalen Guyton","LAC","WR","2562844","robust",NA,NA,NA,NA,NA,NA,NA,NA,NA,NA,0.1,0.07413,0.64,0.363237,0,0,0,0,0,NA,0,NA,1.7,0.29652,22.25,5.455968,0.1025,0.066717,NA,NA,NA,NA,NA,NA,NA,NA,NA,NA,NA,NA,NA,NA,NA,NA,NA,NA,NA,NA,NA,NA,NA,NA,NA,NA
"227","Jeff Smith","NYJ","WR","2562845","robust",NA,NA,NA,NA,NA,NA,NA,NA,NA,NA,0,0,0.1625,0.14826,0,0,0,0,0,NA,0,NA,1.48,0.993342,17.605,9.607248,0.0975,0.029652,NA,NA,NA,NA,NA,NA,NA,NA,NA,NA,NA,NA,NA,NA,NA,NA,NA,NA,NA,NA,NA,NA,NA,NA,NA,NA
"228","Cordarrelle Patterson","ATL","WR","2540145","robust",NA,NA,NA,NA,NA,NA,NA,NA,NA,NA,2.33333333333333,3.4594,11.5,17.0499,0.35,0.51891,0,0,0,NA,0,NA,2,0,26,0,0,0,NA,NA,NA,NA,NA,NA,NA,NA,NA,NA,NA,NA,NA,NA,NA,NA,NA,NA,NA,NA,NA,NA,NA,NA,NA,NA
"229","N'Keal Harry","NE","WR","2562659","robust",NA,NA,NA,NA,NA,NA,NA,NA,NA,NA,0,0,0.44875,0.37620975,0,0,0.005,0,0,NA,0,NA,1.9,0.0741300000000001,21.4,3.869586,0.079706218184785,0.051891,NA,NA,NA,NA,NA,NA,NA,NA,NA,NA,NA,NA,NA,NA,NA,NA,NA,NA,NA,NA,NA,NA,NA,NA,NA,NA
"230","Ray-Ray McCloud","PIT","WR","2560801","robust",NA,NA,NA,NA,NA,NA,NA,NA,NA,NA,0.181210191082803,NA,1.5775,0.4855515,0.00279723991507431,0.00260478025477707,0.03,0,0,NA,0,NA,2.23,0.22239,20.08,3.943716,0.07,0.0586692025255144,NA,NA,NA,NA,NA,NA,NA,NA,NA,NA,NA,NA,NA,NA,NA,NA,NA,NA,NA,NA,NA,NA,NA,NA,NA,NA
"231","Cedrick Wilson","DAL","WR","2560936","robust",NA,NA,NA,NA,NA,NA,NA,NA,NA,NA,0,0,0.1,0.14826,0,0,0,0,0,NA,0,NA,1.55,0.163086,14.525,3.691674,0.1,0.014826,NA,NA,NA,NA,NA,NA,NA,NA,NA,NA,NA,NA,NA,NA,NA,NA,NA,NA,NA,NA,NA,NA,NA,NA,NA,NA
"232","Jauan Jennings","SF","WR","2565114","robust",NA,NA,NA,NA,NA,NA,NA,NA,NA,NA,0,0,0.0225,0.022239,0,0,0.01,0,0,NA,0,NA,1.9,0.0889560000000001,21.255,1.764294,0.100263033374393,0.066717,NA,NA,NA,NA,NA,NA,NA,NA,NA,NA,NA,NA,NA,NA,NA,NA,NA,NA,NA,NA,NA,NA,NA,NA,NA,NA
"233","Demarcus Robinson","KC","WR","2555478","robust",NA,NA,NA,NA,NA,NA,NA,NA,NA,NA,0,0,0.12,0.088956,0,0,0.01,0,0,NA,0,NA,1.7,0.44478,16.9,4.89258,0.1,0.00992524742274033,NA,NA,NA,NA,NA,NA,NA,NA,NA,NA,NA,NA,NA,NA,NA,NA,NA,NA,NA,NA,NA,NA,NA,NA,NA,NA
"234","Marquise Goodwin","CHI","WR","2539964","robust",NA,NA,NA,NA,NA,NA,NA,NA,NA,NA,0,0,0.3825,0.244629,0,0,0.005,0,0,NA,0,NA,1.3,0.37065,18.5,3.654609,0.08,0.0235581998922317,NA,NA,NA,NA,NA,NA,NA,NA,NA,NA,NA,NA,NA,NA,NA,NA,NA,NA,NA,NA,NA,NA,NA,NA,NA,NA
"235","Curtis Samuel","WAS","WR","2558066","robust",NA,NA,NA,NA,NA,NA,NA,NA,NA,NA,0.6175,0.0738937071905116,3.915,0.474432000000001,0.0075,0.007413,0.005,0.0037065,0,NA,0,NA,1.7975,0.615279,19.5975,3.891825,0.1025,0.022239,NA,NA,NA,NA,NA,NA,NA,NA,NA,NA,NA,NA,NA,NA,NA,NA,NA,NA,NA,NA,NA,NA,"Q","Hamstring",17,2021
"236","Ashton Dulin","IND","WR","2562562","robust",NA,NA,NA,NA,NA,NA,NA,NA,NA,NA,0.2,0.14826,0.495,0.479374,0,0,0,0,0,NA,0,NA,0.815,0.22239,10.435,5.248404,0.0338387484957882,0.0410346570397112,NA,NA,NA,NA,NA,NA,NA,NA,NA,NA,NA,NA,NA,NA,NA,NA,NA,NA,NA,NA,NA,NA,NA,NA,NA,NA
"237","Christian Blake","ATL","WR","2561443","robust",NA,NA,NA,NA,NA,NA,NA,NA,NA,NA,0,0,0.05,0.07413,0,0,0,0,0,NA,0,NA,1.1075,0.66717,11.49,7.78365,0.055,0.059304,NA,NA,NA,NA,NA,NA,NA,NA,NA,NA,NA,NA,NA,NA,NA,NA,NA,NA,NA,NA,NA,NA,NA,NA,NA,NA
"238","Brandon Zylstra","CAR","WR","2560243","robust",NA,NA,NA,NA,NA,NA,NA,NA,NA,NA,0,0,0.015,0.014826,0,0,0,0,0,NA,0,NA,1.435,0.252042,16.2975,6.011943,0.085,0.022239,NA,NA,NA,NA,NA,NA,NA,NA,NA,NA,NA,NA,NA,NA,NA,NA,NA,NA,NA,NA,NA,NA,NA,NA,NA,NA
"239","Tajae Sharpe","ATL","WR","2555317","robust",NA,NA,NA,NA,NA,NA,NA,NA,NA,NA,0,0,0,0,0,0,0,0,NA,NA,NA,NA,1.65,0.51891,16.75,8.52495,0.075,0.037065,NA,NA,NA,NA,NA,NA,NA,NA,NA,NA,NA,NA,NA,NA,NA,NA,NA,NA,NA,NA,NA,NA,NA,"Illness",17,2021
"240","Equanimeous St. Brown","GB","WR","2560883","robust",NA,NA,NA,NA,NA,NA,NA,NA,NA,NA,0.05,0.037065,0.845,0.711648,0,0,0.005,0.0037065,0,NA,0,NA,0.73,0.244629,8.365,2.379573,0.035,0.029652,NA,NA,NA,NA,NA,NA,NA,NA,NA,NA,NA,NA,NA,NA,NA,NA,NA,NA,NA,NA,NA,NA,NA,NA,NA,NA
"241","D'Wayne Eskridge","SEA","WR","2566553","robust",NA,NA,NA,NA,NA,NA,NA,NA,NA,NA,0.356199826635525,NA,2.595,1.326927,0.0116684094026263,0.0149753894811173,0,0,0,NA,0,NA,1.495,0.511497,15.79,6.011943,0.08,0.0253936799436454,NA,NA,NA,NA,NA,NA,NA,NA,NA,NA,NA,NA,NA,NA,NA,NA,NA,NA,NA,NA,NA,NA,NA,NA,NA,NA
"242","Seth Williams","FA","WR","2566052","robust",NA,NA,NA,NA,NA,NA,NA,NA,NA,NA,0,0,0.365,0.096369,0,0,0,0,NA,NA,NA,NA,1.105,0.733887,14.905,9.926007,0.075,0.037065,NA,NA,NA,NA,NA,NA,NA,NA,NA,NA,NA,NA,NA,NA,NA,NA,NA,NA,NA,NA,NA,NA,NA,NA,NA,NA
"243","Albert Wilson","MIA","WR","2550272","robust",NA,NA,NA,NA,NA,NA,NA,NA,NA,NA,0.229574404761905,NA,1.33,1.126776,0.00666666666666667,0.009884,0.005,0,0,NA,0,NA,1.425,0.622692,15,3.11346,0.05,0.059304,NA,NA,NA,NA,NA,NA,NA,NA,NA,NA,NA,NA,NA,NA,NA,NA,NA,NA,NA,NA,NA,NA,NA,NA,NA,NA
"244","Josh Gordon","KC","WR","2537931","robust",NA,NA,NA,NA,NA,NA,NA,NA,NA,NA,0,0,0.01,0,0,0,0,0,0,NA,0,NA,1.1,0.637518,11,8.806644,0.07,0.044478,NA,NA,NA,NA,NA,NA,NA,NA,NA,NA,NA,NA,NA,NA,NA,NA,NA,NA,NA,NA,NA,NA,NA,NA,NA,NA
"245","Freddie Swain","SEA","WR","2565195","robust",NA,NA,NA,NA,NA,NA,NA,NA,NA,NA,0.05,0,0.8,0.237216,0,0,0,0,0,NA,0,NA,1.4,0.177912,16.72,3.18759,0.1,0.014826,NA,NA,NA,NA,NA,NA,NA,NA,NA,NA,NA,NA,NA,NA,NA,NA,NA,NA,NA,NA,NA,NA,NA,NA,NA,NA
"246","Jordan Veasy","WAS","WR","2561414","robust",NA,NA,NA,NA,NA,NA,NA,NA,NA,NA,0,0,0,0,0,0,0,0,NA,NA,NA,NA,0.9,1.03782,10.55,14.15883,0.05,0.07413,NA,NA,NA,NA,NA,NA,NA,NA,NA,NA,NA,NA,NA,NA,NA,NA,NA,NA,NA,NA,NA,NA,NA,NA,NA,NA
"247","Mark Andrews","BAL","TE","2560957","robust",NA,NA,NA,NA,NA,NA,NA,NA,NA,NA,0,0,0.00625,0.0185325,0,0,0.0666666666666667,0,0,NA,0,NA,6.24,0.400301999999999,72.85,2.9652,0.74,0.237216,NA,NA,NA,NA,NA,NA,NA,NA,NA,NA,NA,NA,NA,NA,NA,NA,NA,NA,NA,NA,NA,NA,NA,NA,NA,NA
"248","Kyle Pitts","ATL","TE","2565830","robust",NA,NA,NA,NA,NA,NA,NA,NA,NA,NA,0,0,0.0075,0.022239,0,0,0,0,0,NA,0,NA,5.205,0.44478,66.695,1.645686,0.25,0.118608,NA,NA,NA,NA,NA,NA,NA,NA,NA,NA,NA,NA,NA,NA,NA,NA,NA,NA,NA,NA,NA,NA,NA,NA,NA,NA
"249","Dalton Schultz","DAL","TE","2560866","robust",NA,NA,NA,NA,NA,NA,NA,NA,NA,NA,0,0,0.00875,0.0259455,0,0,0,0,0,NA,0,NA,4.05,0.29652,42.375,5.1891,0.3,0.014826,NA,NA,NA,NA,NA,NA,NA,NA,NA,NA,NA,NA,NA,NA,NA,NA,NA,NA,NA,NA,NA,NA,NA,NA,NA,NA
"250","Travis Kelce","KC","TE","2540258","robust",NA,NA,NA,NA,NA,NA,NA,NA,NA,NA,0.255,0,0.8475,0.6486375,0.0566666666666667,0.002471,0.0533333333333333,0.004942,0,NA,0,NA,6.2,0.237216,76.545,4.52193,0.715,0.170499,NA,NA,NA,NA,NA,NA,NA,NA,NA,NA,NA,NA,NA,NA,NA,NA,NA,NA,NA,NA,NA,NA,NA,NA,NA,NA
"251","George Kittle","SF","TE","2558266","robust",NA,NA,NA,NA,NA,NA,NA,NA,NA,NA,0.335,0,1.22875,0.6782895,0.0233333333333333,0,0.0533333333333333,0,0,NA,0,NA,4.7,0.44478,58.7075,8.45082,0.5825,0.266868,NA,NA,NA,NA,NA,NA,NA,NA,NA,NA,NA,NA,NA,NA,NA,NA,NA,NA,NA,NA,NA,NA,NA,NA,NA,NA
"252","Gerald Everett","SEA","TE","2557889","robust",NA,NA,NA,NA,NA,NA,NA,NA,NA,NA,0,0,0.545,0.674583,0.00125,0.0037065,0.03,0,0,NA,0,NA,3.425,0.237216,34.725,4.255062,0.22,0.059304,NA,NA,NA,NA,NA,NA,NA,NA,NA,NA,NA,NA,NA,NA,NA,NA,NA,NA,NA,NA,NA,NA,NA,NA,NA,NA
"253","Foster Moreau","LVR","TE","2562317","robust",NA,NA,NA,NA,NA,NA,NA,NA,NA,NA,0,0,0.0166666666666667,0.012355,0,0,0.005,0,0,NA,0,NA,3.25,0.318759,39.5,5.1891,0.205,0.014826,NA,NA,NA,NA,NA,NA,NA,NA,NA,NA,NA,NA,NA,NA,NA,NA,NA,NA,NA,NA,NA,NA,NA,NA,NA,NA
"254","Dallas Goedert","PHI","TE","2560995","robust",NA,NA,NA,NA,NA,NA,NA,NA,NA,NA,0,0,0.00625,0.0185325,0,0,0,0,0,NA,0,NA,4.2675,0.770952,57.08,0.948864000000001,0.4625,0.102494847276994,NA,NA,NA,NA,NA,NA,NA,NA,NA,NA,NA,NA,NA,NA,NA,NA,NA,NA,NA,NA,NA,NA,NA,NA,NA,NA
"255","Rob Gronkowski","TB","TE","497240","robust",NA,NA,NA,NA,NA,NA,NA,NA,NA,NA,0,0,0.01625,0.0481845,0,0,0,0,0,NA,0,NA,4.3,1.03782,52.3,1.03782,0.65610990225421,0.438197835671635,NA,NA,NA,NA,NA,NA,NA,NA,NA,NA,NA,NA,NA,NA,NA,NA,NA,NA,NA,NA,NA,NA,NA,NA,NA,NA
"256","Zach Ertz","ARI","TE","2540158","robust",NA,NA,NA,NA,NA,NA,NA,NA,NA,NA,0,0,0.03625,0.1074885,0,0,0.00333333333333333,0,0,NA,0,NA,4.77,0.681996,49.885,4.4478,0.401984424077496,0.29652,NA,NA,NA,NA,NA,NA,NA,NA,NA,NA,NA,NA,NA,NA,NA,NA,NA,NA,NA,NA,NA,NA,NA,NA,NA,NA
"257","Brevin Jordan","HOU","TE","2566130","robust",NA,NA,NA,NA,NA,NA,NA,NA,NA,NA,0,0,0.06,0.007413,0,0,0.01,0,0,NA,0,NA,2.43,0.585627,25,5.522685,0.165,0.096369,NA,NA,NA,NA,NA,NA,NA,NA,NA,NA,NA,NA,NA,NA,NA,NA,NA,NA,NA,NA,NA,NA,NA,NA,NA,NA
"258","Mike Gesicki","MIA","TE","2560994","robust",NA,NA,NA,NA,NA,NA,NA,NA,NA,NA,0,0,0.00625,0.0185325,0,0,0,0,0,NA,0,NA,4.05,0.148259999999999,42.59,1.4826,0.2,0,NA,NA,NA,NA,NA,NA,NA,NA,NA,NA,NA,NA,NA,NA,NA,NA,NA,NA,NA,NA,NA,NA,NA,NA,NA,NA
"259","Dawson Knox","BUF","TE","2562681","robust",NA,NA,NA,NA,NA,NA,NA,NA,NA,NA,0,0,0.01,0.029652,0,0,0.00666666666666667,0,0,NA,0,NA,3.465,0.7413,40.595,4.388496,0.655,0.311346,NA,NA,NA,NA,NA,NA,NA,NA,NA,NA,NA,NA,NA,NA,NA,NA,NA,NA,NA,NA,NA,NA,NA,NA,NA,NA
"260","Cole Kmet","CHI","TE","2563704","robust",NA,NA,NA,NA,NA,NA,NA,NA,NA,NA,0,0,0.07,0.051891,0,0,0.01,0,0,NA,0,NA,3.73,0.29652,39.37,5.9304,0.155,0.029907735735719,NA,NA,NA,NA,NA,NA,NA,NA,NA,NA,NA,NA,NA,NA,NA,NA,NA,NA,NA,NA,NA,NA,NA,NA,NA,NA
"261","John Bates","WAS","TE","2566580","robust",NA,NA,NA,NA,NA,NA,NA,NA,NA,NA,0,0,0.0366666666666667,0.027181,0,0,0,0,0,NA,0,NA,1.78,0.578214,20.8,9.6369,0.1,0.029652,NA,NA,NA,NA,NA,NA,NA,NA,NA,NA,NA,NA,NA,NA,NA,NA,NA,NA,NA,NA,NA,NA,NA,NA,NA,NA
"262","Jared Cook","LAC","TE","71265","robust",NA,NA,NA,NA,NA,NA,NA,NA,NA,NA,NA,NA,NA,NA,NA,NA,NA,NA,NA,NA,NA,NA,3,0,44,0,NA,NA,NA,NA,NA,NA,NA,NA,NA,NA,NA,NA,NA,NA,NA,NA,NA,NA,NA,NA,NA,NA,NA,NA,NA,"Illness",17,2021
"263","Hunter Henry","NE","TE","2555341","robust",NA,NA,NA,NA,NA,NA,NA,NA,NA,NA,0,0,0.15,0.192738,0,0,0,0,0,NA,0,NA,3.1,0.200151,34.05,1.601208,0.5,0.326172,NA,NA,NA,NA,NA,NA,NA,NA,NA,NA,NA,NA,NA,NA,NA,NA,NA,NA,NA,NA,NA,NA,NA,NA,NA,NA
"264","Tyler Conklin","MIN","TE","2561027","robust",NA,NA,NA,NA,NA,NA,NA,NA,NA,NA,0,0,0.0233333333333333,0.017297,0,0,0.005,0,0,NA,0,NA,3.415,0.637518,34.315,8.19136499999999,0.131508150046414,0.0467139832588128,NA,NA,NA,NA,NA,NA,NA,NA,NA,NA,NA,NA,NA,NA,NA,NA,NA,NA,NA,NA,NA,NA,"Q","Hamstring",17,2021
"265","Noah Fant","DEN","TE","2562383","robust",NA,NA,NA,NA,NA,NA,NA,NA,NA,NA,0,0,0.01125,0.0333585,0,0,0,0,0,NA,0,NA,3.855,0.0889560000000001,42.8625,0.0889560000000034,0.2,0.044478,NA,NA,NA,NA,NA,NA,NA,NA,NA,NA,NA,NA,NA,NA,NA,NA,NA,NA,NA,NA,NA,NA,NA,NA,NA,NA
"266","Pat Freiermuth","PIT","TE","2566442","robust",NA,NA,NA,NA,NA,NA,NA,NA,NA,NA,0,0,0.01,0.007413,0.00333333333333333,0.002471,0.0233333333333333,0.017297,0,NA,0,NA,3.32,0.318759,35.7,4.203171,0.2,0.126021,NA,NA,NA,NA,NA,NA,NA,NA,NA,NA,NA,NA,NA,NA,NA,NA,NA,NA,NA,NA,NA,NA,NA,NA,NA,NA
"267","Mo Alie-Cox","IND","TE","2558832","robust",NA,NA,NA,NA,NA,NA,NA,NA,NA,NA,0,0,0.01,0.007413,0,0,0,0,0,NA,0,NA,1.8,0.126021,23.26,2.14977,0.135,0.07413,NA,NA,NA,NA,NA,NA,NA,NA,NA,NA,NA,NA,NA,NA,NA,NA,NA,NA,NA,NA,NA,NA,NA,NA,NA,NA
"268","Tyler Higbee","LAR","TE","2555364","robust",NA,NA,NA,NA,NA,NA,NA,NA,NA,NA,0,0,0.0366666666666667,0.012355,0,0,0,0,0,NA,0,NA,3.48,0.266868,36.24,1.423296,0.205,0.00746668614650939,NA,NA,NA,NA,NA,NA,NA,NA,NA,NA,NA,NA,NA,NA,NA,NA,NA,NA,NA,NA,NA,NA,NA,NA,NA,NA
"269","C.J. Uzomah","CIN","TE","2552559","robust",NA,NA,NA,NA,NA,NA,NA,NA,NA,NA,0,0,0.00625,0.00926625,0,0,0.005,0,0,NA,0,NA,3.035,0.244629,32.405,3.172764,0.195677844017273,0.00741300000000001,NA,NA,NA,NA,NA,NA,NA,NA,NA,NA,NA,NA,NA,NA,NA,NA,NA,NA,NA,NA,NA,NA,NA,NA,NA,NA
"270","Evan Engram","NYG","TE","2557858","robust",NA,NA,NA,NA,NA,NA,NA,NA,NA,NA,0,0,0.06,0.044478,0.01,0,0.025,0,0,NA,0,NA,3.3,0.333585,30.5,2.2239,0.19,0.081543,NA,NA,NA,NA,NA,NA,NA,NA,NA,NA,NA,NA,NA,NA,NA,NA,NA,NA,NA,NA,NA,NA,NA,NA,NA,NA
"271","Stephen Anderson","LAC","TE","2556463","robust",NA,NA,NA,NA,NA,NA,NA,NA,NA,NA,0,0,0.0266666666666667,0.019768,0,0,0,0,0,NA,0,NA,2.27,0.637518,29,7.294392,0.154216545653274,0.118608,NA,NA,NA,NA,NA,NA,NA,NA,NA,NA,NA,NA,NA,NA,NA,NA,NA,NA,NA,NA,NA,NA,NA,NA,NA,NA
"272","Dan Arnold","JAC","TE","2559385","robust",NA,NA,NA,NA,NA,NA,NA,NA,NA,NA,NA,NA,0.04,0,NA,NA,0,0,NA,NA,NA,NA,2.905,0.289107,30.555,3.476697,0.165,0.051891,NA,NA,NA,NA,NA,NA,NA,NA,NA,NA,NA,NA,NA,NA,NA,NA,NA,NA,NA,NA,NA,NA,NA,"Illness",17,2021
"273","Albert Okwuegbunam","DEN","TE","2563911","robust",NA,NA,NA,NA,NA,NA,NA,NA,NA,NA,0,0,0.0166666666666667,0.02471,0,0,0.015,0,0,NA,0,NA,2.59,0.133434,28.32,3.40998,0.12,0.118608,NA,NA,NA,NA,NA,NA,NA,NA,NA,NA,NA,NA,NA,NA,NA,NA,NA,NA,NA,NA,NA,NA,NA,NA,NA,NA
"274","Durham Smythe","MIA","TE","2560880","robust",NA,NA,NA,NA,NA,NA,NA,NA,NA,NA,0,0,0.416666666666667,0.308875,0.00333333333333333,0.002471,0,0,0,NA,0,NA,1.65,0.644931,15.7,6.567918,0.07,0.0505564790808018,NA,NA,NA,NA,NA,NA,NA,NA,NA,NA,NA,NA,NA,NA,NA,NA,NA,NA,NA,NA,NA,NA,NA,NA,NA,NA
"275","Zach Gentry","PIT","TE","2562654","robust",NA,NA,NA,NA,NA,NA,NA,NA,NA,NA,0,0,0.0266666666666667,0.019768,0.02,0,0,0,0,NA,0,NA,1.5,0.533736,14,6.404832,0.09,0.029652,NA,NA,NA,NA,NA,NA,NA,NA,NA,NA,NA,NA,NA,NA,NA,NA,NA,NA,NA,NA,NA,NA,NA,NA,NA,NA
"276","Ricky Seals-Jones","WAS","TE","2559248","robust",NA,NA,NA,NA,NA,NA,NA,NA,NA,NA,0,0,0.02,0.029652,0,0,0.005,0,0,NA,0,NA,2.6,0.0593040000000001,26.78,4.773972,0.195,0.014826,NA,NA,NA,NA,NA,NA,NA,NA,NA,NA,NA,NA,NA,NA,NA,NA,NA,NA,NA,NA,NA,NA,NA,NA,NA,NA
"277","Jimmy Graham","CHI","TE","497236","robust",NA,NA,NA,NA,NA,NA,NA,NA,NA,NA,0,0,0.0133333333333333,0.009884,0,0,0,0,0,NA,0,NA,1.43,0.378063,17.86,7.160958,0.2,0.081543,NA,NA,NA,NA,NA,NA,NA,NA,NA,NA,NA,NA,NA,NA,NA,NA,NA,NA,NA,NA,NA,NA,NA,NA,NA,NA
"278","Geoff Swaim","TEN","TE","2553454","robust",NA,NA,NA,NA,NA,NA,NA,NA,NA,NA,0,0,0.02,0.014826,0,0,0,0,0,NA,0,NA,1.95,0.133434,17.39,2.513007,0.0964187378839834,0.037065,NA,NA,NA,NA,NA,NA,NA,NA,NA,NA,NA,NA,NA,NA,NA,NA,NA,NA,NA,NA,NA,NA,NA,NA,NA,NA
"279","Adam Trautman","NO","TE","2564703","robust",NA,NA,NA,NA,NA,NA,NA,NA,NA,NA,0,0,0.03,0.022239,0,0,0,0,0,NA,0,NA,2.19,0.163086,27.13,2.839179,0.11,0.051891,NA,NA,NA,NA,NA,NA,NA,NA,NA,NA,NA,NA,NA,NA,NA,NA,NA,NA,NA,NA,NA,NA,NA,NA,NA,NA
"280","Tyler Kroft","NYJ","TE","2552586","robust",NA,NA,NA,NA,NA,NA,NA,NA,NA,NA,0,0,0.0166666666666667,0.012355,0,0,0,0,0,NA,0,NA,2.2,0.29652,23.7,5.997117,0.127557137297467,0.040856211757224,NA,NA,NA,NA,NA,NA,NA,NA,NA,NA,NA,NA,NA,NA,NA,NA,NA,NA,NA,NA,NA,NA,NA,"Illness",17,2021
"281","Austin Hooper","CLE","TE","2555415","robust",NA,NA,NA,NA,NA,NA,NA,NA,NA,NA,0,0,0.02,0.014826,0,0,0.005,0,0,NA,0,NA,2.7,0.111195,27.095,2.14977,0.193902153550918,0.0238666671454087,NA,NA,NA,NA,NA,NA,NA,NA,NA,NA,NA,NA,NA,NA,NA,NA,NA,NA,NA,NA,NA,NA,NA,NA,NA,NA
"282","Jonnu Smith","NE","TE","2558207","robust",NA,NA,NA,NA,NA,NA,NA,NA,NA,NA,0.40391167192429,NA,2.68333333333333,0.721532,0.0179484518015039,0.00608325071818054,0,0,0,NA,0,NA,1.7,0.29652,19.2,4.74432,0.145,0.118608,NA,NA,NA,NA,NA,NA,NA,NA,NA,NA,NA,NA,NA,NA,NA,NA,NA,NA,NA,NA,NA,NA,NA,NA,NA,NA
"283","Cameron Brate","TB","TE","2550656","robust",NA,NA,NA,NA,NA,NA,NA,NA,NA,NA,0,0,0.0266666666666667,0.019768,0,0,0,0,0,NA,0,NA,1.8,0.29652,15.595,4.15128,0.145,0.096369,NA,NA,NA,NA,NA,NA,NA,NA,NA,NA,NA,NA,NA,NA,NA,NA,NA,NA,NA,NA,NA,NA,NA,NA,NA,NA
"284","Hayden Hurst","ATL","TE","2560747","robust",NA,NA,NA,NA,NA,NA,NA,NA,NA,NA,0,NA,0,0,0,0,0,0,0,NA,0,NA,2.175,0.148259999999999,23.5,2.9652,0.375,0.14826,NA,NA,NA,NA,NA,NA,NA,NA,NA,NA,NA,NA,NA,NA,NA,NA,NA,NA,NA,NA,NA,NA,NA,"Illness",17,2021
"285","Tommy Tremble","CAR","TE","2565914","robust",NA,NA,NA,NA,NA,NA,NA,NA,NA,NA,0,0,0.035,0,0.005,0,0,0,0,NA,0,NA,1.61,0.578214,17.7,6.37518,0.04,0.059304,NA,NA,NA,NA,NA,NA,NA,NA,NA,NA,NA,NA,NA,NA,NA,NA,NA,NA,NA,NA,NA,NA,NA,"Illness",17,2021
"286","David Njoku","CLE","TE","2557986","robust",NA,NA,NA,NA,NA,NA,NA,NA,NA,NA,0,0,0.075,0.066717,0,0,0,0,0,NA,0,NA,1.75,0.140847,22,1.586382,0.1,0,NA,NA,NA,NA,NA,NA,NA,NA,NA,NA,NA,NA,NA,NA,NA,NA,NA,NA,NA,NA,NA,NA,NA,NA,NA,NA
"287","Marcedes Lewis","GB","TE","2495888","robust",NA,NA,NA,NA,NA,NA,NA,NA,NA,NA,0,0,0.0333333333333333,0.04942,0,0,0,0,0,NA,0,NA,1.5,0.504084,15.15,4.862928,0.1,0.029652,NA,NA,NA,NA,NA,NA,NA,NA,NA,NA,NA,NA,NA,NA,NA,NA,NA,NA,NA,NA,NA,NA,NA,NA,NA,NA
"288","Kahale Warring","JAC","TE","2562771","robust",NA,NA,NA,NA,NA,NA,NA,NA,NA,NA,0,0,0,0,0,0,0,0,NA,NA,NA,NA,1.87,0.845082,19.145,8.369277,0.05,0.07413,NA,NA,NA,NA,NA,NA,NA,NA,NA,NA,NA,NA,NA,NA,NA,NA,NA,NA,NA,NA,NA,NA,NA,NA,NA,NA
"289","Luke Farrell","JAC","TE","2566160","robust",NA,NA,NA,NA,NA,NA,NA,NA,NA,NA,0,NA,0,0,0,0,0,0,0,NA,0,NA,1.3,0.59304,14,8.1543,0.005,0,NA,NA,NA,NA,NA,NA,NA,NA,NA,NA,NA,NA,NA,NA,NA,NA,NA,NA,NA,NA,NA,NA,NA,NA,NA,NA
"290","Eric Ebron","PIT","TE","2543466","robust",NA,NA,NA,NA,NA,NA,NA,NA,NA,NA,0,0,0.015,0.022239,0.015,0.022239,0.015,0.022239,0,NA,0,NA,1.2175,0.044478,11.165,0.0444780000000004,0.14,0.059304,NA,NA,NA,NA,NA,NA,NA,NA,NA,NA,NA,NA,NA,NA,NA,NA,NA,NA,NA,NA,NA,NA,"IR","Knee",17,2021
"291","Jared Pinkney","DET","TE","2563518","robust",NA,NA,NA,NA,NA,NA,NA,NA,NA,NA,NA,NA,0.22,0,NA,NA,0,0,NA,NA,NA,NA,1.855,0.378063,19.525,3.298785,0.125,0.037065,NA,NA,NA,NA,NA,NA,NA,NA,NA,NA,NA,NA,NA,NA,NA,NA,NA,NA,NA,NA,NA,NA,NA,NA,NA,NA
"292","Pharaoh Brown","HOU","TE","2559018","robust",NA,NA,NA,NA,NA,NA,NA,NA,NA,NA,0,0,0.0166666666666667,0.012355,0,0,0.045,0,0,NA,0,NA,1.8,0.422541,15.06,5.48562,0.07,0.066717,NA,NA,NA,NA,NA,NA,NA,NA,NA,NA,NA,NA,NA,NA,NA,NA,NA,NA,NA,NA,NA,NA,NA,NA,NA,NA
"293","Josiah Deguara","GB","TE","2563980","robust",NA,NA,NA,NA,NA,NA,NA,NA,NA,NA,0,0,0.025,0.02471,0,0,0,0,0,NA,0,NA,2.105,0.0741300000000001,19.39,1.63086,0.1475,0.066717,NA,NA,NA,NA,NA,NA,NA,NA,NA,NA,NA,NA,NA,NA,NA,NA,NA,NA,NA,NA,NA,NA,NA,NA,NA,NA
"294","Jack Doyle","IND","TE","2540232","robust",NA,NA,NA,NA,NA,NA,NA,NA,NA,NA,0,0,0.0166666666666667,0.02471,0,0,0,0,0,NA,0,NA,1.68,0.474432,17.01,2.727984,0.115,0.059304,NA,NA,NA,NA,NA,NA,NA,NA,NA,NA,NA,NA,NA,NA,NA,NA,NA,NA,NA,NA,NA,NA,"Q","Ankle",17,2021
"295","Kyle Rudolph","NYG","TE","2495438","robust",NA,NA,NA,NA,NA,NA,NA,NA,NA,NA,0,0,0.015,0.014826,0,0,0.01,0.007413,0,NA,0,NA,1.475,0.0963689999999999,16.8675,1.63086,0.1,0.014826,NA,NA,NA,NA,NA,NA,NA,NA,NA,NA,NA,NA,NA,NA,NA,NA,NA,NA,NA,NA,NA,NA,NA,NA,NA,NA
"296","Jacob Hollister","JAC","TE","2558956","robust",NA,NA,NA,NA,NA,NA,NA,NA,NA,NA,0,0,0,0,0,0,0,0,0,NA,0,NA,1.58,0.415128,14.4175,4.825863,0.0893250431461337,0.044478,NA,NA,NA,NA,NA,NA,NA,NA,NA,NA,NA,NA,NA,NA,NA,NA,NA,NA,NA,NA,NA,NA,NA,"Illness",17,2021
"297","O.J. Howard","TB","TE","2557856","robust",NA,NA,NA,NA,NA,NA,NA,NA,NA,NA,0,0,0,0,0,0,0,0,0,NA,0,NA,1.16,0.563388,11.125,4.603473,0.0225,0.029652,NA,NA,NA,NA,NA,NA,NA,NA,NA,NA,NA,NA,NA,NA,NA,NA,NA,NA,NA,NA,NA,NA,NA,NA,NA,NA
"298","Anthony Firkser","TEN","TE","2558942","robust",NA,NA,NA,NA,NA,NA,NA,NA,NA,NA,0,0,0.0166666666666667,0.004942,0.005,0,0.045,0,0,NA,0,NA,1.6,0.422541,16.04,4.351431,0.055,0.0495083912200249,NA,NA,NA,NA,NA,NA,NA,NA,NA,NA,NA,NA,NA,NA,NA,NA,NA,NA,NA,NA,NA,NA,NA,NA,NA,NA
"299","Jordan Akins","HOU","TE","2560951","robust",NA,NA,NA,NA,NA,NA,NA,NA,NA,NA,0,0,0.116666666666667,0.17297,0,0,0.05,0,0,NA,0,NA,1.38,0.044478,14.9,2.342508,0.04,0.059304,NA,NA,NA,NA,NA,NA,NA,NA,NA,NA,NA,NA,NA,NA,NA,NA,NA,NA,NA,NA,NA,NA,NA,NA,NA,NA
"300","Tre' McKitty","LAC","TE","2566490","robust",NA,NA,NA,NA,NA,NA,NA,NA,NA,NA,0,NA,0,0,0,0,0,0,0,NA,0,NA,1.175,0.14826,12.525,1.4826,0.0710039133052378,0.0252158037326911,NA,NA,NA,NA,NA,NA,NA,NA,NA,NA,NA,NA,NA,NA,NA,NA,NA,NA,NA,NA,NA,NA,NA,NA,NA,NA
"301","Juwan Johnson","NO","TE","2564676","robust",NA,NA,NA,NA,NA,NA,NA,NA,NA,NA,0,0,0,0,0,0,0,0,0,NA,0,NA,0.955,0,12.1925,2.9652,0.0975,0,NA,NA,NA,NA,NA,NA,NA,NA,NA,NA,NA,NA,NA,NA,NA,NA,NA,NA,NA,NA,NA,NA,NA,NA,NA,NA
"302","Harrison Bryant","CLE","TE","2563767","robust",NA,NA,NA,NA,NA,NA,NA,NA,NA,NA,0,0,0.0166666666666667,0.012355,0,0,0.025,0,0,NA,0,NA,0.95,0.081543,9.745,2.031162,0.085,0.022239,NA,NA,NA,NA,NA,NA,NA,NA,NA,NA,NA,NA,NA,NA,NA,NA,NA,NA,NA,NA,NA,NA,NA,NA,NA,NA
"303","Will Dissly","SEA","TE","2561046","robust",NA,NA,NA,NA,NA,NA,NA,NA,NA,NA,0,0,0.04,0.059304,0,0,0,0,0,NA,0,NA,0.965,0.177912,10.78,2.727984,0.075,0.029652,NA,NA,NA,NA,NA,NA,NA,NA,NA,NA,NA,NA,NA,NA,NA,NA,NA,NA,NA,NA,NA,NA,NA,NA,NA,NA
"304","Commanders","WAS","DST","100032","robust",NA,NA,NA,NA,NA,NA,NA,NA,NA,NA,NA,NA,NA,NA,NA,NA,NA,NA,NA,NA,NA,NA,NA,NA,NA,NA,NA,NA,0.6875,0.0185324999999999,2.235,0.14826,0.01,0.014826,0.12,0.029652,0,NA,NA,NA,NA,NA,NA,NA,NA,NA,NA,NA,NA,NA,NA,NA,NA,NA
"305","Ravens","BAL","DST","100002","robust",NA,NA,NA,NA,NA,NA,NA,NA,NA,NA,NA,NA,NA,NA,NA,NA,NA,NA,NA,NA,NA,NA,NA,NA,NA,NA,NA,NA,0.71,0.133434,2.125,0.207564,0.01,0.014826,0.1,0.07413,0,NA,NA,NA,NA,NA,NA,NA,NA,NA,NA,NA,NA,NA,NA,NA,NA,NA
"306","Chargers","LAC","DST","100028","robust",NA,NA,NA,NA,NA,NA,NA,NA,NA,NA,NA,NA,NA,NA,NA,NA,NA,NA,NA,NA,NA,NA,NA,NA,NA,NA,NA,NA,0.95,0.0593040000000001,2.23,0.118608,0.0233333333333333,0.009884,0.17,0.044478,0,NA,NA,NA,NA,NA,NA,NA,NA,NA,NA,NA,NA,NA,NA,NA,NA,NA
"307","Steelers","PIT","DST","100027","robust",NA,NA,NA,NA,NA,NA,NA,NA,NA,NA,NA,NA,NA,NA,NA,NA,NA,NA,NA,NA,NA,NA,NA,NA,NA,NA,NA,NA,0.892,0.0593040000000001,2.5,0.00741299999999984,0.0166666666666667,0.012355,0.161,0.044478,0,NA,NA,NA,NA,NA,NA,NA,NA,NA,NA,NA,NA,NA,NA,NA,NA,NA
"308","Jets","NYJ","DST","100024","robust",NA,NA,NA,NA,NA,NA,NA,NA,NA,NA,NA,NA,NA,NA,NA,NA,NA,NA,NA,NA,NA,NA,NA,NA,NA,NA,NA,NA,0.61,0.0593040000000001,1.6,0.0741299999999997,0.01,0.014826,0.155,0.044478,0,NA,NA,NA,NA,NA,NA,NA,NA,NA,NA,NA,NA,NA,NA,NA,NA,NA
"309","Giants","NYG","DST","100023","robust",NA,NA,NA,NA,NA,NA,NA,NA,NA,NA,NA,NA,NA,NA,NA,NA,NA,NA,NA,NA,NA,NA,NA,NA,NA,NA,NA,NA,0.9325,0.1149015,2.195,0.252042000000001,0.03,0,0.15,0.029652,0,NA,NA,NA,NA,NA,NA,NA,NA,NA,NA,NA,NA,NA,NA,NA,NA,NA
"310","Vikings","MIN","DST","100020","robust",NA,NA,NA,NA,NA,NA,NA,NA,NA,NA,NA,NA,NA,NA,NA,NA,NA,NA,NA,NA,NA,NA,NA,NA,NA,NA,NA,NA,0.595,0.140847,1.909,0.0133434000000002,0.01,0.007413,0.11,0.0103782,0,NA,NA,NA,NA,NA,NA,NA,NA,NA,NA,NA,NA,NA,NA,NA,NA,NA
"311","Falcons","ATL","DST","100001","robust",NA,NA,NA,NA,NA,NA,NA,NA,NA,NA,NA,NA,NA,NA,NA,NA,NA,NA,NA,NA,NA,NA,NA,NA,NA,NA,NA,NA,0.81,0.0444779999999999,1.7,0.207564,0.00666666666666667,0.009884,0.145,0.037065,0,NA,NA,NA,NA,NA,NA,NA,NA,NA,NA,NA,NA,NA,NA,NA,NA,NA
"312","Texans","HOU","DST","100013","robust",NA,NA,NA,NA,NA,NA,NA,NA,NA,NA,NA,NA,NA,NA,NA,NA,NA,NA,NA,NA,NA,NA,NA,NA,NA,NA,NA,NA,0.805,0.044478,1.99,0.0963690000000002,0.0366666666666667,0.009884,0.15,0.044478,0,NA,NA,NA,NA,NA,NA,NA,NA,NA,NA,NA,NA,NA,NA,NA,NA,NA
"313","Jaguars","JAC","DST","100015","robust",NA,NA,NA,NA,NA,NA,NA,NA,NA,NA,NA,NA,NA,NA,NA,NA,NA,NA,NA,NA,NA,NA,NA,NA,NA,NA,NA,NA,0.67,0.014826,1.6,0.14826,0.01,0.014826,0.1,0.014826,0,NA,NA,NA,NA,NA,NA,NA,NA,NA,NA,NA,NA,NA,NA,NA,NA,NA
"314","Cardinals","ARI","DST","100026","robust",NA,NA,NA,NA,NA,NA,NA,NA,NA,NA,NA,NA,NA,NA,NA,NA,NA,NA,NA,NA,NA,NA,NA,NA,NA,NA,NA,NA,0.79,0.0741300000000001,2.255,0.14826,0.00666666666666667,0.004942,0.105,0.014826,0,NA,NA,NA,NA,NA,NA,NA,NA,NA,NA,NA,NA,NA,NA,NA,NA,NA
"315","Bengals","CIN","DST","100006","robust",NA,NA,NA,NA,NA,NA,NA,NA,NA,NA,NA,NA,NA,NA,NA,NA,NA,NA,NA,NA,NA,NA,NA,NA,NA,NA,NA,NA,0.695,0.044478,1.95,0.0741300000000001,0.01,0.007413,0.105,0.022239,0,NA,NA,NA,NA,NA,NA,NA,NA,NA,NA,NA,NA,NA,NA,NA,NA,NA
"316","Broncos","DEN","DST","100009","robust",NA,NA,NA,NA,NA,NA,NA,NA,NA,NA,NA,NA,NA,NA,NA,NA,NA,NA,NA,NA,NA,NA,NA,NA,NA,NA,NA,NA,0.87,0.014826,1.95,0.14826,0.00666666666666667,0.009884,0.1175,0.0259455,0,NA,NA,NA,NA,NA,NA,NA,NA,NA,NA,NA,NA,NA,NA,NA,NA,NA
"317","Raiders","LVR","DST","100018","robust",NA,NA,NA,NA,NA,NA,NA,NA,NA,NA,NA,NA,NA,NA,NA,NA,NA,NA,NA,NA,NA,NA,NA,NA,NA,NA,NA,NA,0.665,0.0963689999999999,2.225,0.14826,0.035,0.007413,0.075,0.096369,0,NA,NA,NA,NA,NA,NA,NA,NA,NA,NA,NA,NA,NA,NA,NA,NA,NA
"318","Seahawks","SEA","DST","100030","robust",NA,NA,NA,NA,NA,NA,NA,NA,NA,NA,NA,NA,NA,NA,NA,NA,NA,NA,NA,NA,NA,NA,NA,NA,NA,NA,NA,NA,0.805,0.155673,2.41,0.81543,0.0666666666666667,0.02471,0.16,0.059304,0,NA,NA,NA,NA,NA,NA,NA,NA,NA,NA,NA,NA,NA,NA,NA,NA,NA
"319","Dolphins","MIA","DST","100019","robust",NA,NA,NA,NA,NA,NA,NA,NA,NA,NA,NA,NA,NA,NA,NA,NA,NA,NA,NA,NA,NA,NA,NA,NA,NA,NA,NA,NA,0.91,0.163086,2.86,0.259455,0.0133333333333333,0.009884,0.25,0.081543,0,NA,NA,NA,NA,NA,NA,NA,NA,NA,NA,NA,NA,NA,NA,NA,NA,NA
"320","Panthers","CAR","DST","100004","robust",NA,NA,NA,NA,NA,NA,NA,NA,NA,NA,NA,NA,NA,NA,NA,NA,NA,NA,NA,NA,NA,NA,NA,NA,NA,NA,NA,NA,0.75,0.088956,2.4425,0.0370650000000002,0.0325,0.02471,0.145,0.044478,0,NA,NA,NA,NA,NA,NA,NA,NA,NA,NA,NA,NA,NA,NA,NA,NA,NA
"321","Lions","DET","DST","100010","robust",NA,NA,NA,NA,NA,NA,NA,NA,NA,NA,NA,NA,NA,NA,NA,NA,NA,NA,NA,NA,NA,NA,NA,NA,NA,NA,NA,NA,0.6225,0.1519665,2.365,0.0593040000000001,0.01,0.014826,0.1,0.059304,0,NA,NA,NA,NA,NA,NA,NA,NA,NA,NA,NA,NA,NA,NA,NA,NA,NA
"322","Packers","GB","DST","100011","robust",NA,NA,NA,NA,NA,NA,NA,NA,NA,NA,NA,NA,NA,NA,NA,NA,NA,NA,NA,NA,NA,NA,NA,NA,NA,NA,NA,NA,1.255,0.0815430000000001,2.375,0.0741300000000001,0.0466666666666667,0.004942,0.18,0.029652,0,NA,NA,NA,NA,NA,NA,NA,NA,NA,NA,NA,NA,NA,NA,NA,NA,NA
"323","Bears","CHI","DST","100005","robust",NA,NA,NA,NA,NA,NA,NA,NA,NA,NA,NA,NA,NA,NA,NA,NA,NA,NA,NA,NA,NA,NA,NA,NA,NA,NA,NA,NA,0.905,0.1171254,2.39,0.363237,0.05,0,0.215,0.022239,0,NA,NA,NA,NA,NA,NA,NA,NA,NA,NA,NA,NA,NA,NA,NA,NA,NA
"324","Browns","CLE","DST","100007","robust",NA,NA,NA,NA,NA,NA,NA,NA,NA,NA,NA,NA,NA,NA,NA,NA,NA,NA,NA,NA,NA,NA,NA,NA,NA,NA,NA,NA,0.88,0.0978516,2.186,0.1230558,0.01,0.007413,0.145,0.0637518,0,NA,NA,NA,NA,NA,NA,NA,NA,NA,NA,NA,NA,NA,NA,NA,NA,NA
"325","Chiefs","KC","DST","100016","robust",NA,NA,NA,NA,NA,NA,NA,NA,NA,NA,NA,NA,NA,NA,NA,NA,NA,NA,NA,NA,NA,NA,NA,NA,NA,NA,NA,NA,0.95,0.14826,2.55,0.348411,0.0133333333333333,0.009884,0.18,0.0133434,0,NA,NA,NA,NA,NA,NA,NA,NA,NA,NA,NA,NA,NA,NA,NA,NA,NA
"326","Rams","LAR","DST","100017","robust",NA,NA,NA,NA,NA,NA,NA,NA,NA,NA,NA,NA,NA,NA,NA,NA,NA,NA,NA,NA,NA,NA,NA,NA,NA,NA,NA,NA,0.995,0.14826,2.89,0.14826,0.0133333333333333,0.009884,0.145,0.044478,0,NA,NA,NA,NA,NA,NA,NA,NA,NA,NA,NA,NA,NA,NA,NA,NA,NA
"327","Cowboys","DAL","DST","100008","robust",NA,NA,NA,NA,NA,NA,NA,NA,NA,NA,NA,NA,NA,NA,NA,NA,NA,NA,NA,NA,NA,NA,NA,NA,NA,NA,NA,NA,1.19,0.229803,2.55,0,0.0133333333333333,0.009884,0.425,0.051891,0,NA,NA,NA,NA,NA,NA,NA,NA,NA,NA,NA,NA,NA,NA,NA,NA,NA
"328","Bills","BUF","DST","100003","robust",NA,NA,NA,NA,NA,NA,NA,NA,NA,NA,NA,NA,NA,NA,NA,NA,NA,NA,NA,NA,NA,NA,NA,NA,NA,NA,NA,NA,1.09,0.340998,2.26,0.163086,0.01,0.007413,0.185,0.022239,0,NA,NA,NA,NA,NA,NA,NA,NA,NA,NA,NA,NA,NA,NA,NA,NA,NA
"329","Titans","TEN","DST","100012","robust",NA,NA,NA,NA,NA,NA,NA,NA,NA,NA,NA,NA,NA,NA,NA,NA,NA,NA,NA,NA,NA,NA,NA,NA,NA,NA,NA,NA,0.91,0.07413,2.115,0.029652,0.0133333333333333,0.009884,0.15,0.07413,0,NA,NA,NA,NA,NA,NA,NA,NA,NA,NA,NA,NA,NA,NA,NA,NA,NA
"330","Colts","IND","DST","100014","robust",NA,NA,NA,NA,NA,NA,NA,NA,NA,NA,NA,NA,NA,NA,NA,NA,NA,NA,NA,NA,NA,NA,NA,NA,NA,NA,NA,NA,0.865,0.096369,2.25,0.0444780000000004,0.19125,0.18717825,0.16,0.07413,0,NA,NA,NA,NA,NA,NA,NA,NA,NA,NA,NA,NA,NA,NA,NA,NA,NA
"331","Saints","NO","DST","100022","robust",NA,NA,NA,NA,NA,NA,NA,NA,NA,NA,NA,NA,NA,NA,NA,NA,NA,NA,NA,NA,NA,NA,NA,NA,NA,NA,NA,NA,1.05,0.0741300000000001,2.735,0.244629,0.0533333333333333,0.004942,0.175,0.0340998,0,NA,NA,NA,NA,NA,NA,NA,NA,NA,NA,NA,NA,NA,NA,NA,NA,NA
"332","Eagles","PHI","DST","100025","robust",NA,NA,NA,NA,NA,NA,NA,NA,NA,NA,NA,NA,NA,NA,NA,NA,NA,NA,NA,NA,NA,NA,NA,NA,NA,NA,NA,NA,1,0.081543,2.35,0.126021,0.01,0.007413,0.28,0.044478,0,NA,NA,NA,NA,NA,NA,NA,NA,NA,NA,NA,NA,NA,NA,NA,NA,NA
"333","49ers","SF","DST","100029","robust",NA,NA,NA,NA,NA,NA,NA,NA,NA,NA,NA,NA,NA,NA,NA,NA,NA,NA,NA,NA,NA,NA,NA,NA,NA,NA,NA,NA,0.77,0.044478,2.8,0.14826,0.05,0,0.17,0.044478,0,NA,NA,NA,NA,NA,NA,NA,NA,NA,NA,NA,NA,NA,NA,NA,NA,NA
"334","Buccaneers","TB","DST","100031","robust",NA,NA,NA,NA,NA,NA,NA,NA,NA,NA,NA,NA,NA,NA,NA,NA,NA,NA,NA,NA,NA,NA,NA,NA,NA,NA,NA,NA,1.05,0.0741300000000001,3.23,0.474432,0.0133333333333333,0.009884,0.18,0.029652,0,NA,NA,NA,NA,NA,NA,NA,NA,NA,NA,NA,NA,NA,NA,NA,NA,NA
"335","Patriots","NE","DST","100021","robust",NA,NA,NA,NA,NA,NA,NA,NA,NA,NA,NA,NA,NA,NA,NA,NA,NA,NA,NA,NA,NA,NA,NA,NA,NA,NA,NA,NA,1.065,0.311346,2.2,0.237216,0.01,0.014826,0.23,0.059304,0,NA,NA,NA,NA,NA,NA,NA,NA,NA,NA,NA,NA,NA,NA,NA,NA,NA
"336","Greg Zuerlein","DAL","K","2534797","robust",NA,NA,NA,NA,NA,NA,NA,NA,NA,NA,NA,NA,NA,NA,NA,NA,NA,NA,NA,NA,NA,NA,NA,NA,NA,NA,NA,NA,NA,NA,NA,NA,NA,NA,NA,NA,NA,NA,0.0180434782608696,0.000731717978848416,0.530346855956057,0.105838994561801,0.626456911916973,0.142988875467986,0.451578922198235,0.0755750237112744,0.185317273795535,0.014826,2.85,0.44478,NA,NA,NA,NA
"337","Jake Elliott","PHI","K","2558172","robust",NA,NA,NA,NA,NA,NA,NA,NA,NA,NA,NA,NA,NA,NA,NA,NA,NA,NA,NA,NA,NA,NA,NA,NA,NA,NA,NA,NA,NA,NA,NA,NA,NA,NA,NA,NA,NA,NA,0.036002886002886,0.00533778787878787,0.63204991087344,0.102098171122995,0.707948497580851,0.142785196524064,0.466510164671929,0.0327415365418894,0.173967086834734,0.0250214705882353,2.6,0.7413,NA,NA,NA,NA
"338","Tyler Bass","BUF","K","2563596","robust",NA,NA,NA,NA,NA,NA,NA,NA,NA,NA,NA,NA,NA,NA,NA,NA,NA,NA,NA,NA,NA,NA,NA,NA,NA,NA,NA,NA,NA,NA,NA,NA,NA,NA,NA,NA,NA,NA,0.0160294117647059,0.00545073529411765,0.925,0.282815294117647,0.800325630252101,0.392889,0.457930672268908,0.0646716764705882,0.197619047619048,0.052244,3,0.37065,NA,NA,NA,NA
"339","Ryan Succop","TB","K","89802","robust",NA,NA,NA,NA,NA,NA,NA,NA,NA,NA,NA,NA,NA,NA,NA,NA,NA,NA,NA,NA,NA,NA,NA,NA,NA,NA,NA,NA,NA,NA,NA,NA,NA,NA,NA,NA,NA,NA,0.0539251256057979,0.0412907824463119,0.73953364679205,0.180677661064426,0.592088377017474,0.0735429026610645,0.651352207549687,0.261852829131653,0.111264705882353,0.0736454901960785,2.9,0.652344,NA,NA,NA,NA
"340","Robbie Gould","SF","K","2506264","robust",NA,NA,NA,NA,NA,NA,NA,NA,NA,NA,NA,NA,NA,NA,NA,NA,NA,NA,NA,NA,NA,NA,NA,NA,NA,NA,NA,NA,NA,NA,NA,NA,NA,NA,NA,NA,NA,NA,0.02,0.0085242962962963,0.516634920634921,0.227854962962963,0.425,0.0990544148148148,0.751642857142857,0.348411,0.195,0.09178,2.9,0.266868,NA,NA,NA,NA
"341","Mason Crosby","GB","K","2507232","robust",NA,NA,NA,NA,NA,NA,NA,NA,NA,NA,NA,NA,NA,NA,NA,NA,NA,NA,NA,NA,NA,NA,NA,NA,NA,NA,NA,NA,NA,NA,NA,NA,NA,NA,NA,NA,NA,NA,0.0222431595250387,0.005765836757873,0.530952855868963,0.12884640822265,0.707967452011076,0.296824424602244,0.456630332754494,0.0918754609283334,0.150211667527104,0.043169148167269,3.1325,0,NA,NA,NA,NA
"342","Mike Badgley","IND","K","2560965","robust",NA,NA,NA,NA,NA,NA,NA,NA,NA,NA,NA,NA,NA,NA,NA,NA,NA,NA,NA,NA,NA,NA,NA,NA,NA,NA,NA,NA,NA,NA,NA,NA,NA,NA,NA,NA,NA,NA,0.0341986559882169,0.0169009757893768,0.528491208690049,0.081543,0.5180523336095,0.18477907346037,0.495,0.118837289146645,0.0736274509803922,0.0363866862745098,2.62,0.637518,NA,NA,NA,NA
"343","Nick Folk","NE","K","2507225","robust",NA,NA,NA,NA,NA,NA,NA,NA,NA,NA,NA,NA,NA,NA,NA,NA,NA,NA,NA,NA,NA,NA,NA,NA,NA,NA,NA,NA,NA,NA,NA,NA,NA,NA,NA,NA,NA,NA,0.0118203309692671,0.0332971631205674,0.553513798814174,0.1277648604316,0.644772600852075,0.050649549057534,0.55378945904603,0.0426518572457996,0.14968137254902,0.0637769064171123,2.865,0.118608,"Q","Knee",17,2021
"344","Justin Tucker","BAL","K","2536340","robust",NA,NA,NA,NA,NA,NA,NA,NA,NA,NA,NA,NA,NA,NA,NA,NA,NA,NA,NA,NA,NA,NA,NA,NA,NA,NA,NA,NA,NA,NA,NA,NA,NA,NA,NA,NA,NA,NA,0.0350527108433735,0.00844010240963855,0.447535943567873,0.0756339159734915,0.530788354657018,0.0889560000000001,0.604296131896005,0.101670864510674,0.2373486049461,0.0554000707038681,2.1675,0.0593040000000001,NA,NA,NA,NA
"345","Brett Maher","NO","K","2540243","robust",NA,NA,NA,NA,NA,NA,NA,NA,NA,NA,NA,NA,NA,NA,NA,NA,NA,NA,NA,NA,NA,NA,NA,NA,NA,NA,NA,NA,NA,NA,NA,NA,NA,NA,NA,NA,NA,NA,0.00204498977505112,0.00242552147239264,0.426803432120406,0.138249269711429,0.73,0.241821242331288,0.373805953192456,0.0725146700749829,0.113214368386243,0.040207803125,2.235,0.2105292,NA,NA,NA,NA
"346","Cairo Santos","CHI","K","2550636","robust",NA,NA,NA,NA,NA,NA,NA,NA,NA,NA,NA,NA,NA,NA,NA,NA,NA,NA,NA,NA,NA,NA,NA,NA,NA,NA,NA,NA,NA,NA,NA,NA,NA,NA,NA,NA,NA,NA,0.0219685438863521,0.0112304505327245,0.46824767958934,0.127212584385352,0.629810076998836,0.0411649153236637,0.419466081714269,0.14656133960068,0.0768954248366013,0.0263088823529412,2.2,0.429954,NA,NA,NA,NA
"347","Jason Myers","SEA","K","2553112","robust",NA,NA,NA,NA,NA,NA,NA,NA,NA,NA,NA,NA,NA,NA,NA,NA,NA,NA,NA,NA,NA,NA,NA,NA,NA,NA,NA,NA,NA,NA,NA,NA,NA,NA,NA,NA,NA,NA,0.0171140113272593,0.00507464663875893,0.335,0.116012669129114,0.625577597882295,0.0722298977468604,0.396850803031547,0.107517199540343,0.0616253180661578,0.0201004532442748,2.63,0.37065,NA,NA,NA,NA
"348","Harrison Butker","KC","K","2558245","robust",NA,NA,NA,NA,NA,NA,NA,NA,NA,NA,NA,NA,NA,NA,NA,NA,NA,NA,NA,NA,NA,NA,NA,NA,NA,NA,NA,NA,NA,NA,NA,NA,NA,NA,NA,NA,NA,NA,0,0,0.52423128342246,0.0863583667557931,0.590207219251337,0.0972268025846701,0.64268233808675,0.0393003520499108,0.122727272727273,0.0202172727272727,2.6,0.59304,NA,NA,NA,NA
"349","Greg Joseph","MIN","K","2561534","robust",NA,NA,NA,NA,NA,NA,NA,NA,NA,NA,NA,NA,NA,NA,NA,NA,NA,NA,NA,NA,NA,NA,NA,NA,NA,NA,NA,NA,NA,NA,NA,NA,NA,NA,NA,NA,NA,NA,0.0235204862291737,0.00695929717783067,0.511061740732953,0.122019781102919,0.505936293896932,0.246017149331591,0.45889975997244,0.0848054317297195,0.158100812693498,0.0650071904024768,1.8175,0.44478,NA,NA,NA,NA
"350","Matt Gay","LAR","K","2562271","robust",NA,NA,NA,NA,NA,NA,NA,NA,NA,NA,NA,NA,NA,NA,NA,NA,NA,NA,NA,NA,NA,NA,NA,NA,NA,NA,NA,NA,NA,NA,NA,NA,NA,NA,NA,NA,NA,NA,0.0286006452569903,0.00417117555440184,0.548277398699597,0.0843551530445746,0.913039259314198,0.140431715122747,0.438894410245,0.0358867711933545,0.155850515463918,0.0641950515463918,2.705,0.311346,NA,NA,NA,NA
"351","Matt Prater","ARI","K","2506677","robust",NA,NA,NA,NA,NA,NA,NA,NA,NA,NA,NA,NA,NA,NA,NA,NA,NA,NA,NA,NA,NA,NA,NA,NA,NA,NA,NA,NA,NA,NA,NA,NA,NA,NA,NA,NA,NA,NA,0.0259259259259259,0.0248715032679739,0.814446778711485,0.59304,0.454775910364146,0.253744705882353,0.376157796451914,0.16664368627451,0.307448412698413,0.105664666666667,2.3,0.340998,NA,NA,NA,NA
"352","Dustin Hopkins","LAC","K","2539227","robust",NA,NA,NA,NA,NA,NA,NA,NA,NA,NA,NA,NA,NA,NA,NA,NA,NA,NA,NA,NA,NA,NA,NA,NA,NA,NA,NA,NA,NA,NA,NA,NA,NA,NA,NA,NA,NA,NA,0.044883978717115,0.0340374224061484,0.506814933678664,0.0399536592767761,0.555088983667169,0.0430085927184945,0.72083350928311,0.170435105921766,0.288394552125708,0.08963302680067,2.15,0.2471,NA,NA,NA,NA
"353","Jason Sanders","MIA","K","2561153","robust",NA,NA,NA,NA,NA,NA,NA,NA,NA,NA,NA,NA,NA,NA,NA,NA,NA,NA,NA,NA,NA,NA,NA,NA,NA,NA,NA,NA,NA,NA,NA,NA,NA,NA,NA,NA,NA,NA,0.0237258959955323,0.00539354066335972,0.56468762889232,0.0467022057532058,0.584434780942369,0.205746202490063,0.600554351039716,0.100666401892185,0.239240607513989,0.044478,1.7575,0.59304,NA,NA,NA,NA
"354","Chris Boswell","PIT","K","2550545","robust",NA,NA,NA,NA,NA,NA,NA,NA,NA,NA,NA,NA,NA,NA,NA,NA,NA,NA,NA,NA,NA,NA,NA,NA,NA,NA,NA,NA,NA,NA,NA,NA,NA,NA,NA,NA,NA,NA,0.00880710659898477,0.00376294416243655,0.51957917515568,0.0580561701716219,0.746589143271522,0.298876063814358,0.507026485721192,0.0993734677302393,0.249137055837563,0.037065,1.905,0.289107,NA,NA,NA,NA
"355","Randy Bullock","TEN","K","2533444","robust",NA,NA,NA,NA,NA,NA,NA,NA,NA,NA,NA,NA,NA,NA,NA,NA,NA,NA,NA,NA,NA,NA,NA,NA,NA,NA,NA,NA,NA,NA,NA,NA,NA,NA,NA,NA,NA,NA,0.016050940109329,0.00237971238060912,0.501675720206987,0.0712829713461884,0.692297840022655,0.15735739971166,0.657418904307082,0.10694182393224,0.165738228252195,0.0258656312849162,1.985,0.14826,NA,NA,NA,NA
"356","Brandon McManus","DEN","K","2541556","robust",NA,NA,NA,NA,NA,NA,NA,NA,NA,NA,NA,NA,NA,NA,NA,NA,NA,NA,NA,NA,NA,NA,NA,NA,NA,NA,NA,NA,NA,NA,NA,NA,NA,NA,NA,NA,NA,NA,0.0123424337453114,0.0029673879358052,0.557353559460124,0.00874672920125436,0.533980354178196,0.100758546209186,0.58314410971223,0.150943212679856,0.520285790598291,0.125133974358974,1.9,0.14826,NA,NA,NA,NA
"357","Younghoe Koo","ATL","K","2559205","robust",NA,NA,NA,NA,NA,NA,NA,NA,NA,NA,NA,NA,NA,NA,NA,NA,NA,NA,NA,NA,NA,NA,NA,NA,NA,NA,NA,NA,NA,NA,NA,NA,NA,NA,NA,NA,NA,NA,0.0191278538812785,0.00797941187214612,0.454372506608988,0.0807053185291997,0.435885604422014,0.172331732564287,0.488912160538332,0.0889560000000001,0.309647368421053,0.084204743859649,1.775,0.14826,NA,NA,NA,NA
"358","Eddy Pineiro","NYJ","K","2560842","robust",NA,NA,NA,NA,NA,NA,NA,NA,NA,NA,NA,NA,NA,NA,NA,NA,NA,NA,NA,NA,NA,NA,NA,NA,NA,NA,NA,NA,NA,NA,NA,NA,NA,NA,NA,NA,NA,NA,0.0025974025974026,0.00320909090909091,0.44,0.102983018648019,0.486713286713287,0.223752629370629,0.448919968919969,0.112338752913753,0.110474358974359,0.055710641025641,1.7,0.333585,NA,NA,NA,NA
"359","Daniel Carlson","LVR","K","2560993","robust",NA,NA,NA,NA,NA,NA,NA,NA,NA,NA,NA,NA,NA,NA,NA,NA,NA,NA,NA,NA,NA,NA,NA,NA,NA,NA,NA,NA,NA,NA,NA,NA,NA,NA,NA,NA,NA,NA,0.0098546511627907,0.00267212790697674,0.593138009428299,0.157068723833519,0.555332803524622,0.0973558290112096,0.645358998710744,0.372710372469466,0.178543091655267,0.0468509712722298,1.86,0.237216,NA,NA,NA,NA
"360","Graham Gano","NYG","K","71309","robust",NA,NA,NA,NA,NA,NA,NA,NA,NA,NA,NA,NA,NA,NA,NA,NA,NA,NA,NA,NA,NA,NA,NA,NA,NA,NA,NA,NA,NA,NA,NA,NA,NA,NA,NA,NA,NA,NA,0.015908195429472,0.00190436406619385,0.380193065405831,0.141133238770686,0.634407013396375,0.227968735224586,0.429160756501182,0.044478,0.672434988179669,0.255628747044917,1.275,0.44478,NA,NA,NA,NA
"361","Kaimi Fairbairn","HOU","K","2556521","robust",NA,NA,NA,NA,NA,NA,NA,NA,NA,NA,NA,NA,NA,NA,NA,NA,NA,NA,NA,NA,NA,NA,NA,NA,NA,NA,NA,NA,NA,NA,NA,NA,NA,NA,NA,NA,NA,NA,0.0362313750532141,0.0185877266922095,0.485466155810983,0,0.466665602383993,0.0321261558109834,0.479257130693912,0.0466807560664113,0.203194444444444,0.00384377777777777,1.545,0.355824,NA,NA,NA,NA
"362","Matthew Wright","JAC","K","2562968","robust",NA,NA,NA,NA,NA,NA,NA,NA,NA,NA,NA,NA,NA,NA,NA,NA,NA,NA,NA,NA,NA,NA,NA,NA,NA,NA,NA,NA,NA,NA,NA,NA,NA,NA,NA,NA,NA,NA,0,0,0.565,0.266868,0.578585858585859,0.059304,0.765,0.340998,0.309090909090909,0.0673909090909091,0.645,0.0815429999999999,NA,NA,NA,NA
