"","player","team","position","id","avg_type","pass_att","pass_att_sd","pass_comp","pass_comp_sd","pass_yds","pass_yds_sd","pass_tds","pass_tds_sd","pass_int","pass_int_sd","rush_att","rush_att_sd","rush_yds","rush_yds_sd","rush_tds","rush_tds_sd","fumbles_lost","fumbles_lost_sd","two_pts","two_pts_sd","return_tds","return_tds_sd","rec","rec_sd","rec_yds","rec_yds_sd","rec_tds","rec_tds_sd","dst_int","dst_int_sd","dst_sacks","dst_sacks_sd","dst_safety","dst_safety_sd","dst_td","dst_td_sd","dst_blk","dst_blk_sd","fg_0019","fg_0019_sd","fg_2029","fg_2029_sd","fg_3039","fg_3039_sd","fg_4049","fg_4049_sd","fg_50","fg_50_sd","xp","xp_sd","injury_status","injury_details","week","season_year"
"1","Tom Brady","TB","QB","2504211","robust",666.622009702829,27.8284020000001,445.08,24.98181,4838.65,189.0315,37.325,2.453703,11.765,0.859908,27.4525,5.255817,51.2775,8.903013,1.6,0.22239,2.29875,0.1000755,0,NA,0,NA,NA,NA,NA,NA,NA,NA,NA,NA,NA,NA,NA,NA,NA,NA,NA,NA,NA,NA,NA,NA,NA,NA,NA,NA,NA,NA,NA,NA,NA,NA,NA,NA
"2","Patrick Mahomes","KC","QB","2558125","robust",643.82564224697,23.4053167651942,422,12.3872759669601,4851.75,244.629,37.4,3.55824,11.6225,1.801359,65.9090642074438,4.4478,351.4,22.68378,2.685,0.785778,2.4325,0.0667169999999999,1.69,0,0,NA,NA,NA,NA,NA,NA,NA,NA,NA,NA,NA,NA,NA,NA,NA,NA,NA,NA,NA,NA,NA,NA,NA,NA,NA,NA,NA,NA,NA,NA,NA,NA,NA
"3","Derek Carr","LVR","QB","2543499","robust",613.269932509262,33.50676,404.193166611576,30.7074342092451,4629.6475,317.113313999999,29,3.002265,11.8625,1.26021,39.225,1.5133919981786,129.905,15.107694,1.5,0.378063,4.42,0.607866,1.06,0,0,NA,NA,NA,NA,NA,NA,NA,NA,NA,NA,NA,NA,NA,NA,NA,NA,NA,NA,NA,NA,NA,NA,NA,NA,NA,NA,NA,NA,NA,NA,NA,NA,NA
"4","Justin Herbert","LAC","QB","2565045","robust",648.547429673221,23.8067452335174,432.14526161138,18.5625398650317,4796.4725,136.3992,34.805,2.060814,13.1225,1.63086,63.522155301417,4.22064993324531,290.4,20.882421,3.15,0.22239,0.9325,0.02409225,3.72,0,0,NA,NA,NA,NA,NA,NA,NA,NA,NA,NA,NA,NA,NA,NA,NA,NA,NA,NA,NA,NA,NA,NA,NA,NA,NA,NA,NA,NA,NA,NA,NA,NA,NA
"5","Aaron Rodgers","GB","QB","2506363","robust",563.61,31.668336,380.555,15.19665,4305.425,213.264596999999,34.505,2.44629,6.05,1.55673,35.75,3.48411,120,24.61116,2.3775,0.808017,1.04875,0.0481845,0,NA,0,NA,NA,NA,NA,NA,NA,NA,NA,NA,NA,NA,NA,NA,NA,NA,NA,NA,NA,NA,NA,NA,NA,NA,NA,NA,NA,NA,NA,NA,NA,NA,NA,NA
"6","Dak Prescott","DAL","QB","2555260","robust",603.573896944057,18.4059882279207,407.938858404115,15.9709870601172,4523.3175,123.596949,33.775,1.29727499999999,12,1.4826,56.2175,4.944471,214.9,37.065,2.4925,0.578214,4.7125,0.45404625,5.03,0,0,NA,NA,NA,NA,NA,NA,NA,NA,NA,NA,NA,NA,NA,NA,NA,NA,NA,NA,NA,NA,NA,NA,NA,NA,NA,NA,NA,NA,NA,NA,NA,NA,NA
"7","Matthew Stafford","LAR","QB","79860","robust",591.506349789822,24.780911830213,397.586024220248,18.04627901788,4600.2,170.499,34.86,2.735397,14.4475,1.601208,33.13,6.43448400000001,83.175,34.98936,1.015,1.119363,1.655,0.0481845,2,0,0,NA,NA,NA,NA,NA,NA,NA,NA,NA,NA,NA,NA,NA,NA,NA,NA,NA,NA,NA,NA,NA,NA,NA,NA,NA,NA,NA,NA,NA,NA,NA,NA,NA
"8","Joe Burrow","CIN","QB","2563722","robust",579.822916188748,13.9074050414371,393.164581878794,8.70286199999996,4616.23,126.7623,30.69,0.978516000000003,12.225,2.74281,43.9363320620325,11.3620858726952,163.2,42.9954,2.1,0.0518910000000002,1.5075,0.21683025,1.15,0,0,NA,NA,NA,NA,NA,NA,NA,NA,NA,NA,NA,NA,NA,NA,NA,NA,NA,NA,NA,NA,NA,NA,NA,NA,NA,NA,NA,NA,NA,NA,NA,NA,NA
"9","Josh Allen","BUF","QB","2560955","robust",622.5975,21.742329,403.434915709652,14.0847,4475.8975,192.738,36.1675,1.40847,13.45,0.66717,120,5.87088703160452,683.3825,48.903561,6.7375,0.778365,2.9725,0.0203857499999999,1.5,0,0,NA,NA,NA,NA,NA,NA,NA,NA,NA,NA,NA,NA,NA,NA,NA,NA,NA,NA,NA,NA,NA,NA,NA,NA,NA,NA,NA,NA,NA,NA,NA,NA,NA
"10","Russell Wilson","DEN","QB","2532975","robust",555.120458522396,19.05141,364.135080736044,25.8414786014829,4224.325,141.36591,30.0975,1.55673,9.3,0.44478,58.4573261853916,11.1195,277.45,42.7062930000001,2.1,0.0741300000000001,1.515,0.3595305,1.06,0,0,NA,NA,NA,NA,NA,NA,NA,NA,NA,NA,NA,NA,NA,NA,NA,NA,NA,NA,NA,NA,NA,NA,NA,NA,NA,NA,NA,NA,NA,NA,NA,NA,NA
"11","Kirk Cousins","MIN","QB","2532820","robust",584.120987623202,33.440043,381.475,10.5963796888619,4382.75,84.5082,33,1.25279699999999,11.3825,1.4826,30.1563778371969,3.23261158226614,120.525,17.190747,1,0.037065,2.703125,0.19459125,2.66,0,0,NA,NA,NA,NA,NA,NA,NA,NA,NA,NA,NA,NA,NA,NA,NA,NA,NA,NA,NA,NA,NA,NA,NA,NA,NA,NA,NA,NA,NA,NA,NA,NA,NA
"12","Kyler Murray","ARI","QB","2562382","robust",572.338943811481,20.9152048101976,389.125,11.19363,4218.5,70.5643470000004,27.3975,1.578969,12.135,1.4826,104.2,11.4427560252269,542.9725,64.411557,5.75,0.481845,1.505,0.2186835,0.53,0,0,NA,NA,NA,NA,NA,NA,NA,NA,NA,NA,NA,NA,NA,NA,NA,NA,NA,NA,NA,NA,NA,NA,NA,NA,NA,NA,NA,NA,NA,NA,NA,NA,NA
"13","Trevor Lawrence","JAC","QB","2566163","robust",600.404247605263,48.612142287199,380.096446516159,32.4742083951431,4013.2,226.696953,22.7625,2.698332,14.2125,0.852494999999999,71.9497116396765,10.4519024769844,329.3,39.73368,2.13,0.192738,3.155,0.1149015,1.75,0,0,NA,NA,NA,NA,NA,NA,NA,NA,NA,NA,NA,NA,NA,NA,NA,NA,NA,NA,NA,NA,NA,NA,NA,NA,NA,NA,NA,NA,NA,NA,NA,NA,NA
"14","Jared Goff","DET","QB","2555334","robust",579.245027878464,42.3156069280164,375.37539837764,30.3933,3901.75,196.4445,24.925,2.357334,12.1325,1.11195,29.3975,8.754753,94.115,17.316768,1,0,3.93,0.0963690000000002,3.19,0,0,NA,NA,NA,NA,NA,NA,NA,NA,NA,NA,NA,NA,NA,NA,NA,NA,NA,NA,NA,NA,NA,NA,NA,NA,NA,NA,NA,NA,NA,NA,NA,NA,NA
"15","Matt Ryan","IND","QB","310","robust",566.374318625036,44.9948895869556,368,22.239,4041.1175,210.025116,25.805,0.785778000000002,11.09,1.18608,37.5355519194926,14.7205814483207,114.715,45.2193,1.2,0.29652,3.67,0.0518909999999999,1.27,0,0,NA,NA,NA,NA,NA,NA,NA,NA,NA,NA,NA,NA,NA,NA,NA,NA,NA,NA,NA,NA,NA,NA,NA,NA,NA,NA,NA,NA,NA,NA,NA,NA,NA
"16","Jameis Winston","NO","QB","2552033","robust",503.8125,51.928065,309.325,31.65351,3549.385,437.619042,25.95,1.77912,11.5,1.601208,59.6682372565515,20.1433071131265,273.1,100.0755,1.685,0.770952,2.2825,0.20941725,2.1,0,0,NA,NA,NA,NA,NA,NA,NA,NA,NA,NA,NA,NA,NA,NA,NA,NA,NA,NA,NA,NA,NA,NA,NA,NA,NA,NA,NA,NA,NA,NA,NA,NA,NA
"17","Tua Tagovailoa","MIA","QB","2564499","robust",584.577792030241,8.01144836859893,387.389974541572,11.037957,4012.55,60.7866,25.6,3.269133,13.275,0.770951999999999,57.35,5.33736,191.89,33.3585,3.445,0.941451,1.8675,0.0722767499999999,1.57,0,0,NA,NA,NA,NA,NA,NA,NA,NA,NA,NA,NA,NA,NA,NA,NA,NA,NA,NA,NA,NA,NA,NA,NA,NA,NA,NA,NA,NA,NA,NA,NA,NA,NA
"18","Mac Jones","NE","QB","2566334","robust",552.422698431878,15.2673676951026,365.713602650953,11.4415285806072,3944.5825,138.867729,24.7425,1.4826,13.2725,1.845837,44.925,6.827373,155.9975,33.647607,0.9,1.33434,2.55125,0.0481845,1.7,0,0,NA,NA,NA,NA,NA,NA,NA,NA,NA,NA,NA,NA,NA,NA,NA,NA,NA,NA,NA,NA,NA,NA,NA,NA,NA,NA,NA,NA,NA,NA,NA,NA,NA
"19","Trey Lance","SF","QB","2566532","robust",468.145549913582,35.13762,291.325288356939,30.1259908828535,3601.43,211.559607,22.9925,1.460361,13.31,0.963689999999999,129.1,32.6172,645.7,166.0512,5.15,1.401057,2.2175,0.16123275,1.37,0,0,NA,NA,NA,NA,NA,NA,NA,NA,NA,NA,NA,NA,NA,NA,NA,NA,NA,NA,NA,NA,NA,NA,NA,NA,NA,NA,NA,NA,NA,NA,NA,NA,NA
"20","Jalen Hurts","PHI","QB","2564832","robust",515.674738334421,35.9519866545435,312.525,19.79271,3664.35,172.50051,23.75,4.4478,12.55,2.023749,146.719406764039,4.00302,780.89,48.681171,7.9,0.852495,2.525,0.2779875,3.2,0,0,NA,NA,NA,NA,NA,NA,NA,NA,NA,NA,NA,NA,NA,NA,NA,NA,NA,NA,NA,NA,NA,NA,NA,NA,NA,NA,NA,NA,NA,NA,NA,NA,NA
"21","Mitchell Trubisky","PIT","QB","2558008","robust",488.434471891306,143.996134911423,307.132045400506,96.0488061624752,2991.1675,751.181529,17.8125,4.929645,9.85,1.63086,40.0728864105133,14.30709,177.425,90.95751,1.84,1.245384,1.61875,0.3150525,2.38,0,0,NA,NA,NA,NA,NA,NA,NA,NA,NA,NA,NA,NA,NA,NA,NA,NA,NA,NA,NA,NA,NA,NA,NA,NA,NA,NA,NA,NA,NA,NA,NA,NA,NA
"22","Ryan Tannehill","TEN","QB","2532956","robust",525.12838249094,14.662914,347.0875,9.71103000000002,3774.47,58.874046,25.11,1.126776,12.125,0.518910000000001,52.4730311004418,5.9304,257.9,25.50072,4.475,1.55673,2.155,0.044478,2.24,0,0,NA,NA,NA,NA,NA,NA,NA,NA,NA,NA,NA,NA,NA,NA,NA,NA,NA,NA,NA,NA,NA,NA,NA,NA,NA,NA,NA,NA,NA,NA,NA,NA,NA
"23","Jimmy Garoppolo","SF","QB","2543801","robust",182.2,14.826,120.85,8.8956,1514.5,124.98318,8.45,1.4826,3.8,0.14826,10.4,2.9652,15.7,4.4478,1,0,0.166666666666667,0.09884,0,NA,0,NA,NA,NA,NA,NA,NA,NA,NA,NA,NA,NA,NA,NA,NA,NA,NA,NA,NA,NA,NA,NA,NA,NA,NA,NA,NA,NA,NA,NA,NA,NA,NA,NA
"24","Davis Mills","HOU","QB","2566136","robust",538.82080553755,23.0419925799443,354.26,18.556290701831,3743.09,240.9225,21.85,1.55673,13.195,0.467019000000001,33.2829249611247,3.26172,105.87,48.473607,0.95,0.733887,1.4025,0.22053675,2.14,0,0,NA,NA,NA,NA,NA,NA,NA,NA,NA,NA,NA,NA,NA,NA,NA,NA,NA,NA,NA,NA,NA,NA,NA,NA,NA,NA,NA,NA,NA,NA,NA,NA,NA
"25","Geno Smith","SEA","QB","2539335","robust",365.599855637298,79.6160480642845,231.675,45.8990318226115,2708.65,766.65246,16.475,8.013453,8.75,4.29954,35.505,13.358226,155.3875,64.693251,1.4725,0.726474,2.0875,0.0648637499999999,0,NA,0,NA,NA,NA,NA,NA,NA,NA,NA,NA,NA,NA,NA,NA,NA,NA,NA,NA,NA,NA,NA,NA,NA,NA,NA,NA,NA,NA,NA,NA,NA,NA,NA,NA
"26","Lamar Jackson","BAL","QB","2560757","robust",516.613685748504,36.3343813555052,329.1,27.4999724278403,3665.1125,183.1011,24.125,2.74281,13.1,0.474431999999999,166.195,15.1737184525957,972.5,101.565513,5.3275,1.445535,3.23125,0.1667925,1.59,0,0,NA,NA,NA,NA,NA,NA,NA,NA,NA,NA,NA,NA,NA,NA,NA,NA,NA,NA,NA,NA,NA,NA,NA,NA,NA,NA,NA,NA,NA,NA,NA,NA,NA
"27","Baker Mayfield","CAR","QB","2560800","robust",531.619589837427,43.017639,321.465507159035,29.9523369184301,3604.75,137.80767,21.435,3.684261,13.99,4.15128,45.3905337626704,1.34254435653506,165.9075,30.259866,1.5,0.7413,2.441875,0.0574507500000001,1.42,0,0,NA,NA,NA,NA,NA,NA,NA,NA,NA,NA,NA,NA,NA,NA,NA,NA,NA,NA,NA,NA,NA,NA,NA,NA,NA,NA,NA,NA,NA,NA,NA,NA,NA
"28","Daniel Jones","NYG","QB","2562299","robust",556.742716959813,23.751252,344.45,11.1195,3603.275,278.06163,20,1.4826,13.11,1.40847,83.0339022244871,10.82298,443.1275,45.893883,2.5,0.7413,4.7975,0.0722767500000001,2.69,0,0,NA,NA,NA,NA,NA,NA,NA,NA,NA,NA,NA,NA,NA,NA,NA,NA,NA,NA,NA,NA,NA,NA,NA,NA,NA,NA,NA,NA,NA,NA,NA,NA,NA
"29","Marcus Mariota","ATL","QB","2552466","robust",449.387033267985,95.4022627702267,279.257735491345,76.4792227210632,3089.25,707.9415,17.175,3.750978,9.7825,2.527833,59.1674327234944,14.1105457558528,311.975,117.64431,2.4375,2.186835,1.77125,0.2483355,0.5,0,0,NA,NA,NA,NA,NA,NA,NA,NA,NA,NA,NA,NA,NA,NA,NA,NA,NA,NA,NA,NA,NA,NA,NA,NA,NA,NA,NA,NA,NA,NA,NA,NA,NA
"30","Carson Wentz","WAS","QB","2555259","robust",541.7125,18.421305,343.32,10.1990993379283,3645.435,178.608822,22.8,2.090466,11.0125,1.645686,58,5.203926,236.2,22.239,1.95,0.0741300000000001,3.16,0.548562,3.72,0,0,NA,NA,NA,NA,NA,NA,NA,NA,NA,NA,NA,NA,NA,NA,NA,NA,NA,NA,NA,NA,NA,NA,NA,NA,NA,NA,NA,NA,NA,NA,NA,NA,NA
"31","Jacoby Brissett","CLE","QB","2555261","robust",350.05,48.03624,220.3,49.07406,2518.95,687.9264,15.3375,6.612396,8.6,3.40998,33.5885757181924,10.3782,127.755,41.5128,1.4975,0.7413,2.05,0.51891,1.06,0,0,NA,NA,NA,NA,NA,NA,NA,NA,NA,NA,NA,NA,NA,NA,NA,NA,NA,NA,NA,NA,NA,NA,NA,NA,NA,NA,NA,NA,NA,NA,NA,NA,NA
"32","Justin Fields","CHI","QB","2565920","robust",499.474788010942,26.5858073032755,307.136069967067,15.819342,3431.25,200.951604,19.055,2.802114,14.5,1.77912,107.225,13.2632465183559,578.5725,76.3539,3.64,1.26021,4.833125,0.16493925,1.01,0,0,NA,NA,NA,NA,NA,NA,NA,NA,NA,NA,NA,NA,NA,NA,NA,NA,NA,NA,NA,NA,NA,NA,NA,NA,NA,NA,NA,NA,NA,NA,NA,NA,NA
"33","Zach Wilson","NYJ","QB","2566391","robust",451.092957492756,135.771582192532,266.85,89.1528218437057,2906.2725,915.5055,17.0425,6.44931,12.95,2.29803,32.775,9.11799,192.0025,46.346076,2.3875,0.7413,1.405,0.1445535,1.39,0,0,NA,NA,NA,NA,NA,NA,NA,NA,NA,NA,NA,NA,NA,NA,NA,NA,NA,NA,NA,NA,NA,NA,NA,NA,NA,NA,NA,NA,NA,"O","Knee - Meniscus",0,2022
"34","Drew Lock","SEA","QB","2562305","robust",226,247.999725514246,147.5,143.8122,1558,1614.5514,11.25,10.3782,5.1,1.63086,21,16.16034,84.25,65.2344,1,0.88956,1.4,1.03782,0,NA,0,NA,NA,NA,NA,NA,NA,NA,NA,NA,NA,NA,NA,NA,NA,NA,NA,NA,NA,NA,NA,NA,NA,NA,NA,NA,NA,NA,NA,NA,NA,NA,NA,NA
"35","Gardner Minshew","PHI","QB","2562796","robust",86.85,48.9258,50.35,34.0998,435.85,335.0676,1.5,0.88956,1,0.44478,5.65,2.07564,26,11.8608,0.05,0,0.3,0.14826,0,NA,0,NA,NA,NA,NA,NA,NA,NA,NA,NA,NA,NA,NA,NA,NA,NA,NA,NA,NA,NA,NA,NA,NA,NA,NA,NA,NA,NA,NA,NA,NA,NA,NA,NA
"36","Joe Flacco","NYJ","QB","382","robust",127.46949306763,74.13,78.8971899010363,47.4432,876.71,480.3624,5.625,2.9652,2.9625,2.74281,4.325,4.030201,17.4925,12.00906,0.19,0.29652,0.615,0.126021,0.55,0,0,NA,NA,NA,NA,NA,NA,NA,NA,NA,NA,NA,NA,NA,NA,NA,NA,NA,NA,NA,NA,NA,NA,NA,NA,NA,NA,NA,NA,NA,NA,NA,NA,NA
"37","Kenny Pickett","PIT","QB","2568162","robust",163.259774916742,54.5059980665915,116.917021618199,36.7926055482669,1370.5,387.6999,8.225,2.935548,4.895,3.083808,27.8709033839313,23.7216,77.5,88.51122,0.7475,0.578214,0.385,0.229803,0.92,0,0,NA,NA,NA,NA,NA,NA,NA,NA,NA,NA,NA,NA,NA,NA,NA,NA,NA,NA,NA,NA,NA,NA,NA,NA,NA,NA,NA,NA,NA,NA,NA,NA,NA
"38","Deshaun Watson","CLE","QB","2558063","robust",190.855869790939,27.2418559749852,121.17671441147,21.0183967864455,1460.45,298.7439,10.9,2.2239,4.5,1.33434,26.6868321993059,5.63388,138.1,34.8411,1.3,0.7413,1.46666666666667,0.19768,0,NA,0,NA,NA,NA,NA,NA,NA,NA,NA,NA,NA,NA,NA,NA,NA,NA,NA,NA,NA,NA,NA,NA,NA,NA,NA,NA,NA,NA,NA,NA,"S","Suspension",0,2022
"39","Taylor Heinicke","WAS","QB","2553656","robust",83.5088076292844,54.8562,53.55,34.0998,564.45,412.1628,4,3.85476,2,1.4826,10.5,5.04084,54,30.54156,0,0,0.633333333333333,0.79072,0,NA,0,NA,NA,NA,NA,NA,NA,NA,NA,NA,NA,NA,NA,NA,NA,NA,NA,NA,NA,NA,NA,NA,NA,NA,NA,NA,NA,NA,NA,NA,NA,NA,NA,NA
"40","Sam Darnold","CAR","QB","2561036","robust",93.6804640637686,61.4793183186966,61,37.4612252304209,662.5,342.962445,3,1.504839,1.89,1.4826,10.15,5.32223034402244,44.5,23.084082,0.5,0.44478,0.775,0.852495,0.36,0,0,NA,NA,NA,NA,NA,NA,NA,NA,NA,NA,NA,NA,NA,NA,NA,NA,NA,NA,NA,NA,NA,NA,NA,NA,NA,NA,NA,NA,NA,"IR","Ankle",0,2022
"41","Andy Dalton","NO","QB","2495143","robust",105.35,81.292079201951,67.4,56.78358,842.8,609.808206,5.545,4.306953,2.5,1.949619,6.5,2.99275610261364,20,7.553847,0.085,0.07413,0.1525,0.066717,0.62,0,0,NA,NA,NA,NA,NA,NA,NA,NA,NA,NA,NA,NA,NA,NA,NA,NA,NA,NA,NA,NA,NA,NA,NA,NA,NA,NA,NA,NA,NA,NA,NA,NA,NA
"42","Desmond Ridder","ATL","QB","2567256","robust",102.15,81.46887,57.93,54.796896,852.93,779.99586,4.3375,3.11346,3.4,2.07564,22.4040894086545,18.82902,71.39,82.2843,0.5,0.7413,0.295,0.126021,0.8,0,0,NA,NA,NA,NA,NA,NA,NA,NA,NA,NA,NA,NA,NA,NA,NA,NA,NA,NA,NA,NA,NA,NA,NA,NA,NA,NA,NA,NA,NA,NA,NA,NA,NA
"43","Tyler Huntley","BAL","QB","2563560","robust",66.4888252383851,40.3454712207229,46,26.3260121780982,465,294.407295,2.3,1.03782,1.5,0.7413,13,5.27062791507292,72,31.349577,0.24,0.14826,0.71125,0.76539225,0.49,0,0,NA,NA,NA,NA,NA,NA,NA,NA,NA,NA,NA,NA,NA,NA,NA,NA,NA,NA,NA,NA,NA,NA,NA,NA,NA,NA,NA,NA,NA,NA,NA,NA,NA
"44","Teddy Bridgewater","MIA","QB","2543465","robust",67.7791759296884,36.3237,43,24.31464,467,259.30674,2.95,1.4826,1.25,0.7413,5.05,4.4478,19.5,14.38122,0,0,0.1,0,0,NA,0,NA,NA,NA,NA,NA,NA,NA,NA,NA,NA,NA,NA,NA,NA,NA,NA,NA,NA,NA,NA,NA,NA,NA,NA,NA,NA,NA,NA,NA,NA,NA,NA,NA
"45","Tyrod Taylor","NYG","QB","2495240","robust",82,57.8214,50,35.28588,484,329.1372,2.35,1.18608,2,1.4826,7.9,5.48562,46,31.1346,0.45,0.14826,0.1,0.14826,0,NA,0,NA,NA,NA,NA,NA,NA,NA,NA,NA,NA,NA,NA,NA,NA,NA,NA,NA,NA,NA,NA,NA,NA,NA,NA,NA,NA,NA,NA,NA,NA,NA,NA,NA
"46","Brian Hoyer","NE","QB","81294","robust",21.375,2.43130173374562,13.85,0.7413,164.875,18.16185,1,0,0.95,0.7413,4.25,2.52042,2.425,1.55673,0,0,0.35,0.32123,0,NA,0,NA,NA,NA,NA,NA,NA,NA,NA,NA,NA,NA,NA,NA,NA,NA,NA,NA,NA,NA,NA,NA,NA,NA,NA,NA,NA,NA,NA,NA,NA,NA,NA,NA
"47","Derrick Henry","TEN","RB","2556075","robust",NA,NA,NA,NA,NA,NA,NA,NA,NA,NA,357.193479039754,24.4629,1643.05,173.4642,13.5738978494624,2.172009,1.511875,0.50593725,1.06,0,0,NA,24.815,2.342508,196.75,21.57183,1.1025,0.640786096774194,NA,NA,NA,NA,NA,NA,NA,NA,NA,NA,NA,NA,NA,NA,NA,NA,NA,NA,NA,NA,NA,NA,NA,NA,NA,NA
"48","Jonathan Taylor","IND","RB","2564148","robust",NA,NA,NA,NA,NA,NA,NA,NA,NA,NA,322.995646357749,5.26322999999997,1667.7,109.41588,15.3190384615385,1.70499,2.165625,0.36138375,0.01,0,0,NA,41.1775,5.226165,340.665,50.126706,2,0.333585,NA,NA,NA,NA,NA,NA,NA,NA,NA,NA,NA,NA,NA,NA,NA,NA,NA,NA,NA,NA,NA,NA,NA,NA,NA,NA
"49","Dalvin Cook","MIN","RB","2557991","robust",NA,NA,NA,NA,NA,NA,NA,NA,NA,NA,285.671264069384,29.5516166653059,1311.0925,121.12842,10.28,1.4826,2.745,0.1890315,2.13,0,0,NA,46.1975,6.37518,344.76,57.0801,1.18593220338983,0.7413,NA,NA,NA,NA,NA,NA,NA,NA,NA,NA,NA,NA,NA,NA,NA,NA,NA,NA,NA,NA,NA,NA,NA,NA,NA,NA
"50","Nick Chubb","CLE","RB","2561021","robust",NA,NA,NA,NA,NA,NA,NA,NA,NA,NA,253.289000424066,23.476971,1291.7625,153.00432,10.16,3.38969178947368,1.209375,0.30578625,0,NA,0,NA,25.12,3.669435,200,21.601482,1.08,0.07413,NA,NA,NA,NA,NA,NA,NA,NA,NA,NA,NA,NA,NA,NA,NA,NA,NA,NA,NA,NA,NA,NA,NA,NA,NA,NA
"51","Joe Mixon","CIN","RB","2557976","robust",NA,NA,NA,NA,NA,NA,NA,NA,NA,NA,298.2425,13.8744827357587,1248.825,94.8345090000002,10.2125,1.423296,1.298125,0.38362275,0,NA,0,NA,47.3875,7.63539,341.075,41.386779,2.215,0.318759,NA,NA,NA,NA,NA,NA,NA,NA,NA,NA,NA,NA,NA,NA,NA,NA,NA,NA,NA,NA,NA,NA,NA,NA,NA,NA
"52","Christian McCaffrey","CAR","RB","2557997","robust",NA,NA,NA,NA,NA,NA,NA,NA,NA,NA,241.635770655436,42.9989091484551,1044.615,135.109338,8,1.282449,1.43333333333333,0,0.53,0,0,NA,87.0725,4.4478,740.495,79.333926,4.3325,1.03782,NA,NA,NA,NA,NA,NA,NA,NA,NA,NA,NA,NA,NA,NA,NA,NA,NA,NA,NA,NA,NA,NA,NA,NA,NA,NA
"53","Najee Harris","PIT","RB","2566448","robust",NA,NA,NA,NA,NA,NA,NA,NA,NA,NA,296.790573431676,23.195277,1189.375,52.26165,8.17393939393939,1.76114909090909,1.66666666666667,0,0.08,0,0,NA,62.6,7.11648,402.55,39.88194,2.45,0.81543,NA,NA,NA,NA,NA,NA,NA,NA,NA,NA,NA,NA,NA,NA,NA,NA,NA,NA,NA,NA,NA,NA,NA,NA,NA,NA
"54","Cam Akers","LAR","RB","2564319","robust",NA,NA,NA,NA,NA,NA,NA,NA,NA,NA,227.952637109062,30.452604,986.315,141.543822,6.995,1.423296,3.1875,0.23165625,0.11,0,0,NA,33.125,5.470794,279.4675,60.7866,1.0925,0.126021,NA,NA,NA,NA,NA,NA,NA,NA,NA,NA,NA,NA,NA,NA,NA,NA,NA,NA,NA,NA,NA,NA,NA,NA,NA,NA
"55","Rashaad Penny","SEA","RB","2560835","robust",NA,NA,NA,NA,NA,NA,NA,NA,NA,NA,199.9875,27.05745,1015.525,104.37504,7.475,1.12772234042553,1.0225,0.0500377500000001,0.14,0,0,NA,18.48,3.513762,132.1425,31.082709,0.52813829787234,0.29652,NA,NA,NA,NA,NA,NA,NA,NA,NA,NA,NA,NA,NA,NA,NA,NA,NA,NA,NA,NA,NA,NA,NA,NA,NA,NA
"56","Saquon Barkley","NYG","RB","2560968","robust",NA,NA,NA,NA,NA,NA,NA,NA,NA,NA,250.065001847995,25.8384344218375,1051.025,103.782,7,2.231313,1.304375,0.20200425,0,NA,0,NA,59.125,4.74432,423.975,11.037957,2.46426174496644,0.59304,NA,NA,NA,NA,NA,NA,NA,NA,NA,NA,NA,NA,NA,NA,NA,NA,NA,NA,NA,NA,NA,NA,NA,NA,NA,NA
"57","Elijah Mitchell","SF","RB","2566538","robust",NA,NA,NA,NA,NA,NA,NA,NA,NA,NA,257.630303133457,31.988070137577,1115.3,120.8319,7.55,0.7413,1.16666666666667,0,0.11,0,0,NA,27.885,4.099389,208.5,42.9954,1.27436567164179,0.302052089552239,NA,NA,NA,NA,NA,NA,NA,NA,NA,NA,NA,NA,NA,NA,NA,NA,NA,NA,NA,NA,NA,NA,NA,NA,NA,NA
"58","D'Andre Swift","DET","RB","2563965","robust",NA,NA,NA,NA,NA,NA,NA,NA,NA,NA,217.660238597575,24.01812,934.5,104.189715,7.53838235294118,2.18421864705882,1.839375,0.03891825,0.13,0,0,NA,65.075,5.41148999999999,474.2675,29.652,2.44,0.605249647058824,NA,NA,NA,NA,NA,NA,NA,NA,NA,NA,NA,NA,NA,NA,NA,NA,NA,NA,NA,NA,NA,NA,NA,NA,NA,NA
"59","Austin Ekeler","LAC","RB","2559169","robust",NA,NA,NA,NA,NA,NA,NA,NA,NA,NA,205.392012191104,15.1310604045269,910,40.452741,9,1.26021,2.16666666666667,0,0.53,0,0,NA,75.35,5.54492399999999,660.1675,28.2805950000001,5.53960526315789,1.05147552631579,NA,NA,NA,NA,NA,NA,NA,NA,NA,NA,NA,NA,NA,NA,NA,NA,NA,NA,NA,NA,NA,NA,NA,NA,NA,NA
"60","Javonte Williams","DEN","RB","2566049","robust",NA,NA,NA,NA,NA,NA,NA,NA,NA,NA,238.414335898363,22.6255147784745,1068.035,85.7387580000001,7.5675,0.81543,1.593125,0.19088475,0.17,0,0,NA,47.0725,4.37367,353.2625,31.7647049999999,2.46812080536913,0.548562,NA,NA,NA,NA,NA,NA,NA,NA,NA,NA,NA,NA,NA,NA,NA,NA,NA,NA,NA,NA,NA,NA,NA,NA,NA,NA
"61","Ezekiel Elliott","DAL","RB","2555224","robust",NA,NA,NA,NA,NA,NA,NA,NA,NA,NA,244.15,20.0569937381595,1032.7,86.13906,8.18402255639098,1.03782,2.255,0.1223145,1.59,0,0,NA,43.875,9.718443,295,37.8063,2,0.140847,NA,NA,NA,NA,NA,NA,NA,NA,NA,NA,NA,NA,NA,NA,NA,NA,NA,NA,NA,NA,NA,NA,NA,NA,NA,NA
"62","Miles Sanders","PHI","RB","2562722","robust",NA,NA,NA,NA,NA,NA,NA,NA,NA,NA,199.245,15.5403959690426,1011.715,98.103642,5.45184210526316,0.845082,1.6375,0.15752625,1.59,0,0,NA,31.465,2.194248,213.365,23.321298,0.978157894736842,0.126021,NA,NA,NA,NA,NA,NA,NA,NA,NA,NA,NA,NA,NA,NA,NA,NA,NA,NA,NA,NA,NA,NA,NA,NA,NA,NA
"63","Breece Hall","NYJ","RB","2568030","robust",NA,NA,NA,NA,NA,NA,NA,NA,NA,NA,205.19,29.8854714349012,918.365,155.954694,6.0875,1.223145,1.600625,0.16864575,0.17,0,0,NA,37.125,5.960052,292.8975,47.4432,1.4825,0.410694056074766,NA,NA,NA,NA,NA,NA,NA,NA,NA,NA,NA,NA,NA,NA,NA,NA,NA,NA,NA,NA,NA,NA,NA,NA,NA,NA
"64","Alvin Kamara","NO","RB","2558019","robust",NA,NA,NA,NA,NA,NA,NA,NA,NA,NA,227.85,29.164795295867,992.0075,143.58981,7.46006493506493,0.645027272727273,1.2,0,0,NA,0,NA,59.95,2.587137,525.17,11.8608,4,0.467019,NA,NA,NA,NA,NA,NA,NA,NA,NA,NA,NA,NA,NA,NA,NA,NA,NA,NA,NA,NA,NA,NA,NA,NA,NA,NA
"65","Leonard Fournette","TB","RB","2557973","robust",NA,NA,NA,NA,NA,NA,NA,NA,NA,NA,222.30956297759,15.86382,963.75,58.5627,9,1.4826,1.13333333333333,0,0,NA,0,NA,65.88,10.3782,448.5,72.79566,2.345,0.22239,NA,NA,NA,NA,NA,NA,NA,NA,NA,NA,NA,NA,NA,NA,NA,NA,NA,NA,NA,NA,NA,NA,NA,NA,NA,NA
"66","J.K. Dobbins","BAL","RB","2563548","robust",NA,NA,NA,NA,NA,NA,NA,NA,NA,NA,186.981900719023,27.5428728964581,915.7,107.940693,7.75,0.800604,0.60125,0.1000755,0.15,0,0,NA,29.355,4.907406,208.61,43.469832,0.9825,0.615279,NA,NA,NA,NA,NA,NA,NA,NA,NA,NA,NA,NA,NA,NA,NA,NA,NA,NA,NA,NA,NA,NA,"Q","Knee - ACL",0,2022
"67","David Montgomery","CHI","RB","2562502","robust",NA,NA,NA,NA,NA,NA,NA,NA,NA,NA,245.602271956059,18.9705431958952,997.27,79.46736,7.7225,1.163841,1.4,0,0.53,0,0,NA,46.425,3.18759,369.795,32.750634,1.87022900763359,0.192398473282443,NA,NA,NA,NA,NA,NA,NA,NA,NA,NA,NA,NA,NA,NA,NA,NA,NA,NA,NA,NA,NA,NA,NA,NA,NA,NA
"68","Dameon Pierce","HOU","RB","2567685","robust",NA,NA,NA,NA,NA,NA,NA,NA,NA,NA,224.30698374941,26.31615,938.75,123.7971,6.36,0.533736,1.7125,0.407715,0.17,0,0,NA,34.2,11.63841,278.4025,116.97714,1.38,0.585627,NA,NA,NA,NA,NA,NA,NA,NA,NA,NA,NA,NA,NA,NA,NA,NA,NA,NA,NA,NA,NA,NA,NA,NA,NA,NA
"69","Josh Jacobs","LVR","RB","2562377","robust",NA,NA,NA,NA,NA,NA,NA,NA,NA,NA,232.61,23.4318804935029,965,118.948998,8,1.4826,2.0875,0.00926625000000013,0,NA,0,NA,39.0625,4.247649,273.9025,36.54609,0.82378640776699,1.10835145631068,NA,NA,NA,NA,NA,NA,NA,NA,NA,NA,NA,NA,NA,NA,NA,NA,NA,NA,NA,NA,NA,NA,NA,NA,NA,NA
"70","Aaron Jones","GB","RB","2558116","robust",NA,NA,NA,NA,NA,NA,NA,NA,NA,NA,193.966408633573,32.8141148802692,939.6425,169.0164,5.995,1.319514,1.249375,0.24648225,0,NA,0,NA,65.4,5.611641,530.055,106.0059,4.005,0.96369,NA,NA,NA,NA,NA,NA,NA,NA,NA,NA,NA,NA,NA,NA,NA,NA,NA,NA,NA,NA,NA,NA,NA,NA,NA,NA
"71","Damien Harris","NE","RB","2562281","robust",NA,NA,NA,NA,NA,NA,NA,NA,NA,NA,215.14,10.15581,980.15,63.7518,9.44590909090909,1.660512,1.45,0.037065,0.03,0,0,NA,18.575,4.37367,141.0625,59.118675,0.335,0.496671,NA,NA,NA,NA,NA,NA,NA,NA,NA,NA,NA,NA,NA,NA,NA,NA,NA,NA,NA,NA,NA,NA,NA,NA,NA,NA
"72","Antonio Gibson","WAS","RB","2565276","robust",NA,NA,NA,NA,NA,NA,NA,NA,NA,NA,208.402976632708,10.860045,885.5975,54.8562,6.365,1.33434,2.3525,0.47628525,0.04,0,0,NA,36.6175,7.413,269.85,76.3539,1.65789473684211,0.507205263157895,NA,NA,NA,NA,NA,NA,NA,NA,NA,NA,NA,NA,NA,NA,NA,NA,NA,NA,NA,NA,NA,NA,NA,NA,NA,NA
"73","James Conner","ARI","RB","2557978","robust",NA,NA,NA,NA,NA,NA,NA,NA,NA,NA,223.9475,3.49298126229382,902.9175,56.168301,10,0.889559999999999,1.011875,0.20941725,0,NA,0,NA,45.13,7.413,375.135,50.4084,2.1,0.0815430000000001,NA,NA,NA,NA,NA,NA,NA,NA,NA,NA,NA,NA,NA,NA,NA,NA,NA,NA,NA,NA,NA,NA,NA,NA,NA,NA
"74","Chase Edmonds","MIA","RB","2560711","robust",NA,NA,NA,NA,NA,NA,NA,NA,NA,NA,167.070000513361,22.0314344777829,737.975,109.927377,4.3125,0.481845,1.43333333333333,0,0.09,0,0,NA,50.1525,7.027524,366.7025,68.9409,1.49854368932039,0.578214,NA,NA,NA,NA,NA,NA,NA,NA,NA,NA,NA,NA,NA,NA,NA,NA,NA,NA,NA,NA,NA,NA,NA,NA,NA,NA
"75","Travis Etienne","JAC","RB","2566157","robust",NA,NA,NA,NA,NA,NA,NA,NA,NA,NA,190.437059240909,31.142013,848.8,114.9015,5.6,0.837067945945946,2.025,0.5003775,0.17,0,0,NA,51.2725,4.07715,414,92.6625,2.14,0.355824,NA,NA,NA,NA,NA,NA,NA,NA,NA,NA,NA,NA,NA,NA,NA,NA,NA,NA,NA,NA,NA,NA,NA,NA,NA,NA
"76","Devin Singletary","BUF","RB","2562734","robust",NA,NA,NA,NA,NA,NA,NA,NA,NA,NA,188.101046154681,14.7075257091549,872.1275,69.6822,6,1.69702561983471,0.9125,0.06486375,0.01,0,0,NA,35.5175,3.11346,243.5525,39.763332,1.30481404958678,0.310794619834711,NA,NA,NA,NA,NA,NA,NA,NA,NA,NA,NA,NA,NA,NA,NA,NA,NA,NA,NA,NA,NA,NA,NA,NA,NA,NA
"77","Kenneth Walker III","SEA","RB","2568282","robust",NA,NA,NA,NA,NA,NA,NA,NA,NA,NA,155.25,8.41375500000002,673.105,76.9914180000001,4.30597222222222,1.22026216666667,1.210625,0.10934175,0.05,0,0,NA,20.2125,11.230695,151.5,93.040563,0.640555555555556,0.360354166666667,NA,NA,NA,NA,NA,NA,NA,NA,NA,NA,NA,NA,NA,NA,NA,NA,NA,NA,NA,NA,NA,NA,"Q","Abdomen",0,2022
"78","AJ Dillon","GB","RB","2563986","robust",NA,NA,NA,NA,NA,NA,NA,NA,NA,NA,188.73354175865,9.91427002274887,831.68,58.948176,6.6979674796748,0.733887,0.981875,0.17976525,0.01,0,0,NA,34.92,6.52344,302.155,67.814124,1.75,0.37065,NA,NA,NA,NA,NA,NA,NA,NA,NA,NA,NA,NA,NA,NA,NA,NA,NA,NA,NA,NA,NA,NA,NA,NA,NA,NA
"79","Melvin Gordon","DEN","RB","2552469","robust",NA,NA,NA,NA,NA,NA,NA,NA,NA,NA,165.8175,17.2738560742596,747.0375,59.415195,5.61,0.770952,2.3925,0.16493925,0.04,0,0,NA,26.1975,3.313611,199,27.4281,1.515,0.7413,NA,NA,NA,NA,NA,NA,NA,NA,NA,NA,NA,NA,NA,NA,NA,NA,NA,NA,NA,NA,NA,NA,NA,NA,NA,NA
"80","Clyde Edwards-Helaire","KC","RB","2564271","robust",NA,NA,NA,NA,NA,NA,NA,NA,NA,NA,183.880949527012,12.5029154625053,816.2875,62.009745,5.88461538461539,1.008168,1.32125,0.1000755,0.04,0,0,NA,36.025,2.438877,265.59,18.90315,2,0.214977,NA,NA,NA,NA,NA,NA,NA,NA,NA,NA,NA,NA,NA,NA,NA,NA,NA,NA,NA,NA,NA,NA,NA,NA,NA,NA
"81","Tony Pollard","DAL","RB","2562699","robust",NA,NA,NA,NA,NA,NA,NA,NA,NA,NA,153.659543532951,11.49015,730.9825,45.2193,3.645,0.785778,0.8,0,0,NA,0.18,0,46.05,6.6717,378.675,38.006451,1.7625,0.898976513513513,NA,NA,NA,NA,NA,NA,NA,NA,NA,NA,NA,NA,NA,NA,NA,NA,NA,NA,NA,NA,NA,NA,NA,NA,NA,NA
"82","Rhamondre Stevenson","NE","RB","2566343","robust",NA,NA,NA,NA,NA,NA,NA,NA,NA,NA,173.362808961524,18.5325,759,48.1845,5.665,0.600453,0.666875,0.16493925,0.03,0,0,NA,32.425,7.19061,256.5175,48.051066,1.1225,0.711648,NA,NA,NA,NA,NA,NA,NA,NA,NA,NA,NA,NA,NA,NA,NA,NA,NA,NA,NA,NA,NA,NA,NA,NA,NA,NA
"83","Cordarrelle Patterson","ATL","RB","2540145","robust",NA,NA,NA,NA,NA,NA,NA,NA,NA,NA,148.845,24.307227,635.055,95.642526,4.84683673469388,0.904386,0.9,0,0,NA,1.59,0,45.555,2.164596,412.0825,45.2193,2.60816326530612,1.03978671428571,NA,NA,NA,NA,NA,NA,NA,NA,NA,NA,NA,NA,NA,NA,NA,NA,NA,NA,NA,NA,NA,NA,NA,NA,NA,NA
"84","Michael Carter","NYJ","RB","2566382","robust",NA,NA,NA,NA,NA,NA,NA,NA,NA,NA,140.938576779249,30.0035194187482,604.0575,123.248538,3.505,1.49306541176471,0.81,0.066717,0.05,0,0,NA,31.25,6.471549,258.0475,52.476627,1,0.51891,NA,NA,NA,NA,NA,NA,NA,NA,NA,NA,NA,NA,NA,NA,NA,NA,NA,NA,NA,NA,NA,NA,NA,NA,NA,NA
"85","Raheem Mostert","MIA","RB","2553728","robust",NA,NA,NA,NA,NA,NA,NA,NA,NA,NA,137.188534355546,9.14022900000001,650,53.781315,4.3775,0.956277,1.2175,0.0129727500000001,0,NA,0,NA,17.38,3.417393,139.11,30.46743,0.934210526315789,0.0975394736842105,NA,NA,NA,NA,NA,NA,NA,NA,NA,NA,NA,NA,NA,NA,NA,NA,NA,NA,NA,NA,NA,NA,NA,NA,NA,NA
"86","Darrell Henderson","LAR","RB","2562574","robust",NA,NA,NA,NA,NA,NA,NA,NA,NA,NA,139.164296585402,46.7522670450484,592.4425,186.0663,4.0975,1.85325,0.7,0,0.03,0,0,NA,26,3.150525,183.3775,18.072894,1.34988636363636,0.44478,NA,NA,NA,NA,NA,NA,NA,NA,NA,NA,NA,NA,NA,NA,NA,NA,NA,NA,NA,NA,NA,NA,NA,NA,NA,NA
"87","James Robinson","JAC","RB","2564223","robust",NA,NA,NA,NA,NA,NA,NA,NA,NA,NA,150.645332342071,15.1363605392924,655.25,125.65035,5.1325,1.089711,1.51,0.363237,0.05,0,0,NA,24.89,6.6717,184.645,30.185736,0.8525,0.2557485,NA,NA,NA,NA,NA,NA,NA,NA,NA,NA,NA,NA,NA,NA,NA,NA,NA,NA,NA,NA,NA,NA,NA,NA,NA,NA
"88","Kareem Hunt","CLE","RB","2557917","robust",NA,NA,NA,NA,NA,NA,NA,NA,NA,NA,143.925,20.38575,643.2225,131.35836,5.24,1.126776,0.733333333333333,0,0.54,0,0,NA,39.05,4.00302,300.03,13.254444,1.95,0.192738,NA,NA,NA,NA,NA,NA,NA,NA,NA,NA,NA,NA,NA,NA,NA,NA,NA,NA,NA,NA,NA,NA,NA,NA,NA,NA
"89","Jamaal Williams","DET","RB","2558204","robust",NA,NA,NA,NA,NA,NA,NA,NA,NA,NA,144.623552575491,22.9803,582.75,104.5233,3.2,0.29652,1.13333333333333,0,0.53,0,0,NA,24.66,3.33585,159.5,19.79271,0.755,0.245673084507042,NA,NA,NA,NA,NA,NA,NA,NA,NA,NA,NA,NA,NA,NA,NA,NA,NA,NA,NA,NA,NA,NA,NA,NA,NA,NA
"90","DOnta Foreman","CAR","RB","2557994","robust",NA,NA,NA,NA,NA,NA,NA,NA,NA,NA,103.125,40.62324,438.1575,143.0709,2.75,0.37065,0.96,0.029652,0.02,0,0,NA,8.09,3.469284,77.47,30.771363,0.23,0.340998,NA,NA,NA,NA,NA,NA,NA,NA,NA,NA,NA,NA,NA,NA,NA,NA,NA,NA,NA,NA,NA,NA,NA,NA,NA,NA
"91","Brian Robinson","WAS","RB","2568348","robust",NA,NA,NA,NA,NA,NA,NA,NA,NA,NA,129.629808908732,24.2901006672336,534.75,67.6881029999999,3.76857142857143,0.87897,1.0675,0.0667170000000001,0.16,0,0,NA,15.35,3.7065,112.215,43.632918,0.4925,0.507261,NA,NA,NA,NA,NA,NA,NA,NA,NA,NA,NA,NA,NA,NA,NA,NA,NA,NA,NA,NA,NA,NA,NA,"Knee",0,2022
"92","Rex Burkhead","HOU","RB","2539265","robust",NA,NA,NA,NA,NA,NA,NA,NA,NA,NA,106.97100601269,32.209485,401.55,106.0059,2.58,0.677952545454545,0.833333333333333,0,0,NA,0,NA,28.6475,6.516027,228.735,41.5128,1.03113636363636,0.159716454545454,NA,NA,NA,NA,NA,NA,NA,NA,NA,NA,NA,NA,NA,NA,NA,NA,NA,NA,NA,NA,NA,NA,NA,NA,NA,NA
"93","Mark Ingram","NO","RB","2495466","robust",NA,NA,NA,NA,NA,NA,NA,NA,NA,NA,121.99361693021,43.3725516579842,478.7975,109.438119,2.4075,0.919212,0.97,0.0963690000000001,0.53,0,0,NA,22.515,5.085318,157.6325,25.893609,0.395348837209302,0.586144186046512,NA,NA,NA,NA,NA,NA,NA,NA,NA,NA,NA,NA,NA,NA,NA,NA,NA,NA,NA,NA,NA,NA,NA,NA,NA,NA
"94","Damien Williams","ATL","RB","2550512","robust",NA,NA,NA,NA,NA,NA,NA,NA,NA,NA,59.6,22.514426764446,239.225,106.243116,1.5,0.7413,0.755,0.163086,0,NA,0,NA,21.2225,6.182442,151.79,46.10886,0.645,0.51891,NA,NA,NA,NA,NA,NA,NA,NA,NA,NA,NA,NA,NA,NA,NA,NA,NA,NA,NA,NA,NA,NA,NA,NA,NA,NA
"95","Alexander Mattison","MIN","RB","2562682","robust",NA,NA,NA,NA,NA,NA,NA,NA,NA,NA,112.610190007239,13.8403527047326,466.685,38.25108,2.79305555555556,0.698469333333333,0.774375,0.17235225,0,NA,0,NA,26.6,3.55824,200.065,31.8759,1,0.051891,NA,NA,NA,NA,NA,NA,NA,NA,NA,NA,NA,NA,NA,NA,NA,NA,NA,NA,NA,NA,NA,NA,NA,NA,NA,NA
"96","Khalil Herbert","CHI","RB","2565926","robust",NA,NA,NA,NA,NA,NA,NA,NA,NA,NA,98.9557662640331,23.64747,403.5,70.4235,2.385,0.66717,0.55875,0.2557485,0.03,0,0,NA,17.875,1.771707,126.25,18.5325,0.426229508196721,0.631927868852459,NA,NA,NA,NA,NA,NA,NA,NA,NA,NA,NA,NA,NA,NA,NA,NA,NA,NA,NA,NA,NA,NA,NA,NA,NA,NA
"97","Isiah Pacheco","KC","RB","2567808","robust",NA,NA,NA,NA,NA,NA,NA,NA,NA,NA,72.5117633200548,32.9529694033734,321.4925,171.484929,2.5,1.14479240506329,0.555,0.252042,0.05,0,0,NA,17.75,8.776992,146.75,72.432423,0.721424050632911,0.7413,NA,NA,NA,NA,NA,NA,NA,NA,NA,NA,NA,NA,NA,NA,NA,NA,NA,NA,NA,NA,NA,NA,NA,NA,NA,NA
"98","Ronald Jones","KC","RB","2560770","robust",NA,NA,NA,NA,NA,NA,NA,NA,NA,NA,60.75,28.1163690649768,282.8,98.0443379999999,2,0.956277,0.7075,0.06857025,0,NA,0,NA,8.3025,4.974123,53.475,36.479373,0.115,0.1059,NA,NA,NA,NA,NA,NA,NA,NA,NA,NA,NA,NA,NA,NA,NA,NA,NA,NA,NA,NA,NA,NA,NA,NA,NA,NA
"99","Tyler Allgeier","ATL","RB","2567232","robust",NA,NA,NA,NA,NA,NA,NA,NA,NA,NA,97.9636064819895,32.0162973549392,393.15,140.298438,2.38189655172414,0.717271655172414,0.7325,0.229803,0.05,0,0,NA,13.58,5.9304,98.3,41.5128,0.505,0.719061,NA,NA,NA,NA,NA,NA,NA,NA,NA,NA,NA,NA,NA,NA,NA,NA,NA,NA,NA,NA,NA,NA,NA,NA,NA,NA
"100","Hassan Haskins","TEN","RB","2567649","robust",NA,NA,NA,NA,NA,NA,NA,NA,NA,NA,51.45,14.3304549994294,217.5,45.567711,1.5,0.7413,0.4375,0.3076395,0.05,0,0,NA,8.095,5.1891,56.935,26.6868,0.175,0.14826,NA,NA,NA,NA,NA,NA,NA,NA,NA,NA,NA,NA,NA,NA,NA,NA,NA,NA,NA,NA,NA,NA,NA,NA,NA,NA
"101","James Cook","BUF","RB","2567328","robust",NA,NA,NA,NA,NA,NA,NA,NA,NA,NA,90.5539022382148,21.831285,389.8375,77.0952,2.43182926829268,0.748713,2.156875,0.81728325,0.06,0,0,NA,30.465,16.97577,230.3525,127.5036,1.50817073170732,0.958265853658536,NA,NA,NA,NA,NA,NA,NA,NA,NA,NA,NA,NA,NA,NA,NA,NA,NA,NA,NA,NA,NA,NA,NA,NA,NA,NA
"102","Gus Edwards","BAL","RB","2561324","robust",NA,NA,NA,NA,NA,NA,NA,NA,NA,NA,93.352710075488,9.6369,420.9,62.56572,2.88505102040816,0.203781857142857,0.5225,0.01667925,0.41,0,0,NA,7.13,2.2239,62.455,28.9107,0.15,0.22239,NA,NA,NA,NA,NA,NA,NA,NA,NA,NA,NA,NA,NA,NA,NA,NA,NA,NA,NA,NA,NA,NA,NA,"Knee - ACL",0,2022
"103","Sony Michel","FA","RB","2560809","robust",NA,NA,NA,NA,NA,NA,NA,NA,NA,NA,76.05,8.37138929441389,316.16,19.095888,2,0.44478,0.5525,0.3669435,0.01,0,0,NA,10.3375,2.07564,70.325,7.70952,0.23,0.29652,NA,NA,NA,NA,NA,NA,NA,NA,NA,NA,NA,NA,NA,NA,NA,NA,NA,NA,NA,NA,NA,NA,NA,NA,NA,NA
"104","Tyrion Davis-Price","SF","RB","2568207","robust",NA,NA,NA,NA,NA,NA,NA,NA,NA,NA,47.4153620526179,16.45686,202.225,60.7866,1.5,0.7413,0.125,0.0555975,0.05,0,0,NA,8,4.091976,54.685,29.57787,0.166785714285714,0.14826,NA,NA,NA,NA,NA,NA,NA,NA,NA,NA,NA,NA,NA,NA,NA,NA,NA,NA,NA,NA,NA,NA,NA,NA,NA,NA
"105","Kenneth Gainwell","PHI","RB","2566397","robust",NA,NA,NA,NA,NA,NA,NA,NA,NA,NA,86.7225,11.1195,377.235,37.198434,3.2425,0.733887,1.1,0,0.73,0,0,NA,31.39,1.452948,255.75,18.08772,1.38,0.453016666666667,NA,NA,NA,NA,NA,NA,NA,NA,NA,NA,NA,NA,NA,NA,NA,NA,NA,NA,NA,NA,NA,NA,NA,NA,NA,NA
"106","Darrel Williams","ARI","RB","2560935","robust",NA,NA,NA,NA,NA,NA,NA,NA,NA,NA,70.0752578208078,32.6327904902593,278.225,144.835194,2.515,1.868076,0.7,0,0,NA,0,NA,19.24,12.913446,165.6925,117.822222,0.675,0.14826,NA,NA,NA,NA,NA,NA,NA,NA,NA,NA,NA,NA,NA,NA,NA,NA,NA,NA,NA,NA,NA,NA,NA,NA,NA,NA
"107","Rachaad White","TB","RB","2568315","robust",NA,NA,NA,NA,NA,NA,NA,NA,NA,NA,85.575,12.8620534667104,344.4925,39.503877,2.9125,0.311346,1.0075,0.14270025,0.05,0,0,NA,22.15,8.96973,169.25,59.978583,1.1,0.22239,NA,NA,NA,NA,NA,NA,NA,NA,NA,NA,NA,NA,NA,NA,NA,NA,NA,NA,NA,NA,NA,NA,NA,NA,NA,NA
"108","Isaiah Spiller","LAC","RB","2568189","robust",NA,NA,NA,NA,NA,NA,NA,NA,NA,NA,63.7,9.88949778342653,250,33.640194,1.71428571428571,0.4236,0.1,0,0,NA,0,NA,14,1.92738,100,8.74734,0.45,0.584568,NA,NA,NA,NA,NA,NA,NA,NA,NA,NA,NA,NA,NA,NA,NA,NA,NA,NA,NA,NA,NA,NA,NA,NA,NA,NA
"109","Jeffery Wilson","SF","RB","2560938","robust",NA,NA,NA,NA,NA,NA,NA,NA,NA,NA,96.25,20.31162,358,99.3342,3,1.03782,0.625,0.2471,0,NA,0,NA,12,0.59304,97.375,15.5673,0.625,0.29652,NA,NA,NA,NA,NA,NA,NA,NA,NA,NA,NA,NA,NA,NA,NA,NA,NA,NA,NA,NA,NA,NA,NA,NA,NA,NA
"110","Zamir White","LVR","RB","2567883","robust",NA,NA,NA,NA,NA,NA,NA,NA,NA,NA,93.6305988941915,18.814194,397.25,75.6126,3.10833333333333,0.622692,0.766666666666667,0,0,NA,0,NA,16.595,8.910426,130.465,96.22074,0.535,0.237216,NA,NA,NA,NA,NA,NA,NA,NA,NA,NA,NA,NA,NA,NA,NA,NA,NA,NA,NA,NA,NA,NA,NA,NA,NA,NA
"111","Zack Moss","BUF","RB","2563617","robust",NA,NA,NA,NA,NA,NA,NA,NA,NA,NA,66.3454895681947,26.2391166647783,260.2425,107.458848,2.1125,0.993342,1,0,0.01,0,0,NA,11.2425,5.9304,76.565,30.571212,0.265,0.29652,NA,NA,NA,NA,NA,NA,NA,NA,NA,NA,NA,NA,NA,NA,NA,NA,NA,NA,NA,NA,NA,NA,NA,NA,NA,NA
"112","Myles Gaskin","MIA","RB","2562270","robust",NA,NA,NA,NA,NA,NA,NA,NA,NA,NA,53.6606468753999,24.077424,226.09,144.049416,1,0,0.47625,0.0704235,0.03,0,0,NA,16.6675,8.74734,89.91,58.71096,0.345,0.400302,NA,NA,NA,NA,NA,NA,NA,NA,NA,NA,NA,NA,NA,NA,NA,NA,NA,NA,NA,NA,NA,NA,NA,NA,NA,NA
"113","Jerick McKinnon","KC","RB","2543715","robust",NA,NA,NA,NA,NA,NA,NA,NA,NA,NA,69.775,24.24051,301.225,100.460976,2,0.681996,0.358125,0.05745075,0.62,0,0,NA,30.83,6.81996,265.1,98.578074,1.385,0.311346,NA,NA,NA,NA,NA,NA,NA,NA,NA,NA,NA,NA,NA,NA,NA,NA,NA,NA,NA,NA,NA,NA,NA,NA,NA,NA
"114","Boston Scott","PHI","RB","2561146","robust",NA,NA,NA,NA,NA,NA,NA,NA,NA,NA,73.6569812097976,17.918759316708,322.15,96.88791,2.9725,0.363237,0.3175,0.022239,0,NA,0,NA,12.175,5.26323,83.365,28.09527,0.175,0.14826,NA,NA,NA,NA,NA,NA,NA,NA,NA,NA,NA,NA,NA,NA,NA,NA,NA,NA,NA,NA,NA,NA,NA,NA,NA,NA
"115","Mike Davis","BAL","RB","2553439","robust",NA,NA,NA,NA,NA,NA,NA,NA,NA,NA,80.1903061773034,42.0622698769401,324.99,153.67149,2,1.00547236363636,0.66375,0.0037065,0.52,0,0,NA,17.7675,12.846729,118.775,94.656597,0.535,0.578214,NA,NA,NA,NA,NA,NA,NA,NA,NA,NA,NA,NA,NA,NA,NA,NA,NA,NA,NA,NA,NA,NA,NA,NA,NA,NA
"116","Nyheim Hines","IND","RB","2560742","robust",NA,NA,NA,NA,NA,NA,NA,NA,NA,NA,66.77,12.691056,290.425,65.782962,1.8475,0.385476,1.43333333333333,0,0,NA,0.5,0,45.675,8.398929,356.175,58.607178,1.5775,0.600453,NA,NA,NA,NA,NA,NA,NA,NA,NA,NA,NA,NA,NA,NA,NA,NA,NA,NA,NA,NA,NA,NA,NA,NA,NA,NA
"117","Kenyan Drake","FA","RB","2555230","robust",NA,NA,NA,NA,NA,NA,NA,NA,NA,NA,46.0155821612206,23.7216,190.95,48.9258,1.2575,0.37065,0.2375,0.229803,0.57,0,0,NA,19.525,8.8956,138.35,64.27071,0.5925,0.252042,NA,NA,NA,NA,NA,NA,NA,NA,NA,NA,NA,NA,NA,NA,NA,NA,NA,NA,NA,NA,NA,NA,NA,NA,NA,NA
"118","Dontrell Hilliard","TEN","RB","2561461","robust",NA,NA,NA,NA,NA,NA,NA,NA,NA,NA,55.7379695699649,14.826,285.7075,103.26309,1.6,0.189368454545454,0.729375,0.21683025,0,NA,0.09,0,26.065,4.492278,179.035,42.506142,0.6975,0.344367545454545,NA,NA,NA,NA,NA,NA,NA,NA,NA,NA,NA,NA,NA,NA,NA,NA,NA,NA,NA,NA,NA,NA,NA,NA,NA,NA
"119","Samaje Perine","CIN","RB","2558138","robust",NA,NA,NA,NA,NA,NA,NA,NA,NA,NA,54.7725,18.23598,227.275,58.5627,1.15,0.29652,0.27,0.207564,0,NA,0,NA,19.28,6.6717,143.585,47.472852,0.745,0.578214,NA,NA,NA,NA,NA,NA,NA,NA,NA,NA,NA,NA,NA,NA,NA,NA,NA,NA,NA,NA,NA,NA,NA,NA,NA,NA
"120","Chuba Hubbard","CAR","RB","2565899","robust",NA,NA,NA,NA,NA,NA,NA,NA,NA,NA,73.5075,44.32974,265.325,141.36591,1.84313953488372,1.015581,0.58,0.088956,0.04,0,0,NA,15.375,4.603473,110.5725,40.0302,0.579360465116279,0.429954,NA,NA,NA,NA,NA,NA,NA,NA,NA,NA,NA,NA,NA,NA,NA,NA,NA,NA,NA,NA,NA,NA,NA,NA,NA,NA
"121","Ke'Shawn Vaughn","TB","RB","2565258","robust",NA,NA,NA,NA,NA,NA,NA,NA,NA,NA,49.845,13.12101,215.55,40.69737,1.85,1.11195,0.7,0,0,NA,0,NA,6.8,1.653099,43,11.34189,0.2,0.22239,NA,NA,NA,NA,NA,NA,NA,NA,NA,NA,NA,NA,NA,NA,NA,NA,NA,NA,NA,NA,NA,NA,NA,NA,NA,NA
"122","Matt Breida","NYG","RB","2558918","robust",NA,NA,NA,NA,NA,NA,NA,NA,NA,NA,70.945,37.65804,295.84,120.23886,1.25,0.748713,1.37875,0.61342575,0,NA,0,NA,13.55,2.14977,111.77,46.301598,0.5,0.489258,NA,NA,NA,NA,NA,NA,NA,NA,NA,NA,NA,NA,NA,NA,NA,NA,NA,NA,NA,NA,NA,NA,NA,NA,NA,NA
"123","Eno Benjamin","ARI","RB","2564889","robust",NA,NA,NA,NA,NA,NA,NA,NA,NA,NA,78.9939465058173,23.7216,300.5,64.78962,1.785,0.44478,0.286666666666667,0,0.04,0,0,NA,15.945,4.00302,117.865,16.16034,0.3,0.44478,NA,NA,NA,NA,NA,NA,NA,NA,NA,NA,NA,NA,NA,NA,NA,NA,NA,NA,NA,NA,NA,NA,NA,NA,NA,NA
"124","D'Ernest Johnson","CLE","RB","2563327","robust",NA,NA,NA,NA,NA,NA,NA,NA,NA,NA,55.191786407805,26.9029420011818,289.75,153.15258,1.7075,0.609513333333333,0.0375,0.00926625,0,NA,0,NA,13.2475,5.670945,96.4825,52.009608,0.185,0.14826,NA,NA,NA,NA,NA,NA,NA,NA,NA,NA,NA,NA,NA,NA,NA,NA,NA,NA,NA,NA,NA,NA,NA,NA,NA,NA
"125","Joshua Kelley","LAC","RB","2565054","robust",NA,NA,NA,NA,NA,NA,NA,NA,NA,NA,64.5,28.9107,244.5,101.5581,1.3,0.51891,0.866666666666667,0.19768,0,NA,0,NA,8,5.144622,53,28.050792,0.095,0,NA,NA,NA,NA,NA,NA,NA,NA,NA,NA,NA,NA,NA,NA,NA,NA,NA,NA,NA,NA,NA,NA,NA,NA,NA,NA
"126","Marlon Mack","FA","RB","2558123","robust",NA,NA,NA,NA,NA,NA,NA,NA,NA,NA,81.6563421828909,6.90349292035399,359.5,30.3933,2.26666666666667,0.39536,NA,NA,NA,NA,NA,NA,10,2.9652,64.5,8.1543,0.233333333333333,0.34594,NA,NA,NA,NA,NA,NA,NA,NA,NA,NA,NA,NA,NA,NA,NA,NA,NA,NA,NA,NA,NA,NA,NA,NA,NA,NA
"127","Craig Reynolds","DET","RB","2562834","robust",NA,NA,NA,NA,NA,NA,NA,NA,NA,NA,48.4,31.0816145921818,189,110.809524,0.96,0.607866,0.36875,0.13899375,0.05,0,0,NA,9.26,4.833276,68.15,32.98785,0.23,0.274281,NA,NA,NA,NA,NA,NA,NA,NA,NA,NA,NA,NA,NA,NA,NA,NA,NA,NA,NA,NA,NA,NA,NA,NA,NA,NA
"128","J.D. McKissic","WAS","RB","2556440","robust",NA,NA,NA,NA,NA,NA,NA,NA,NA,NA,57.2675,10.1357883798119,251.9925,46.33125,1.77452898550725,0.541149,0.280625,0.07968975,0,NA,0,NA,48.35,3.906651,392.9775,30.91221,1.95,0.0741300000000001,NA,NA,NA,NA,NA,NA,NA,NA,NA,NA,NA,NA,NA,NA,NA,NA,NA,NA,NA,NA,NA,NA,NA,NA,NA,NA
"129","Phillip Lindsay","FA","RB","2559947","robust",NA,NA,NA,NA,NA,NA,NA,NA,NA,NA,65.3555549656149,11.0041831680825,302.9175,0.593039999999966,1.495,0.311346,0.285,0.0222389999999999,0.02,0,0,NA,6.26,0.622692,46.26,4.180932,0.0975,0.133434,NA,NA,NA,NA,NA,NA,NA,NA,NA,NA,NA,NA,NA,NA,NA,NA,NA,NA,NA,NA,NA,NA,NA,NA,NA,NA
"130","Keaontay Ingram","ARI","RB","2568108","robust",NA,NA,NA,NA,NA,NA,NA,NA,NA,NA,51.4474584071796,33.499223668969,216.4,142.3296,1,0.59304,0.05,0.037065,0,NA,0,NA,13.9,12.15732,103.225,79.39323,0.660714285714286,0.7413,NA,NA,NA,NA,NA,NA,NA,NA,NA,NA,NA,NA,NA,NA,NA,NA,NA,NA,NA,NA,NA,NA,NA,NA,NA,NA
"131","Ty Johnson","NYJ","RB","2562293","robust",NA,NA,NA,NA,NA,NA,NA,NA,NA,NA,43.31,41.0296370710012,179.63,145.2948,1.175,1.11195,0.393333333333333,0.019768,0,NA,0.01,0,18,13.04688,155.89,123.915708,0.815,0.474432,NA,NA,NA,NA,NA,NA,NA,NA,NA,NA,NA,NA,NA,NA,NA,NA,NA,NA,NA,NA,NA,NA,NA,NA,NA,NA
"132","Duke Johnson","FA","RB","2552461","robust",NA,NA,NA,NA,NA,NA,NA,NA,NA,NA,44.5,39.2889,191,174.9468,1,1.4826,0,0,NA,NA,NA,NA,9,7.413,74,60.7866,0.45,0.81543,NA,NA,NA,NA,NA,NA,NA,NA,NA,NA,NA,NA,NA,NA,NA,NA,NA,NA,NA,NA,NA,NA,NA,NA,NA,NA
"133","Jaylen Warren","PIT","RB","2568493","robust",NA,NA,NA,NA,NA,NA,NA,NA,NA,NA,50.5,25.6084963157057,174,59.304,1.455,0.7413,0.33125,0.12787425,0.05,0,0,NA,8.5,6.6717,64.5,46.813095,0.2,0.07413,NA,NA,NA,NA,NA,NA,NA,NA,NA,NA,NA,NA,NA,NA,NA,NA,NA,NA,NA,NA,NA,NA,NA,NA,NA,NA
"134","Antonio Williams","NYG","RB","2565393","robust",NA,NA,NA,NA,NA,NA,NA,NA,NA,NA,29.6390671182266,19.49619,134.25,51.00144,0.925,0.7413,0.1325,0.14826,0.05,0,0,NA,3.475,0.44478,27.6,14.67774,0.3325,0.318759,NA,NA,NA,NA,NA,NA,NA,NA,NA,NA,NA,NA,NA,NA,NA,NA,NA,NA,NA,NA,NA,NA,NA,NA,NA,NA
"135","Brandon Bolden","LVR","RB","2532797","robust",NA,NA,NA,NA,NA,NA,NA,NA,NA,NA,29.3306583563533,15.8183659208707,115.4,58.71096,0.5,0.607866,0.21875,0.15381975,0.74,0,0,NA,19.15,15.04839,179.005,140.839587,0.5,0.392889,NA,NA,NA,NA,NA,NA,NA,NA,NA,NA,NA,NA,NA,NA,NA,NA,NA,NA,NA,NA,NA,NA,NA,NA,NA,NA
"136","Justin Jackson","DET","RB","2560756","robust",NA,NA,NA,NA,NA,NA,NA,NA,NA,NA,33.4076397280103,16.961358321496,181.09,98.74116,1.2225,0.622692,0.3,0,0,NA,0,NA,13.2975,4.67019,107.2175,33.3585,0.395,0.311346,NA,NA,NA,NA,NA,NA,NA,NA,NA,NA,NA,NA,NA,NA,NA,NA,NA,NA,NA,NA,NA,NA,NA,NA,NA,NA
"137","Qadree Ollison","FA","RB","2562797","robust",NA,NA,NA,NA,NA,NA,NA,NA,NA,NA,19.1992603403777,1.275036,138.02,113.819202,1.2225,0.978516,0.62,0.029652,0.03,0,0,NA,7.7775,2.490768,50.7675,14.144004,0.3,0.059304,NA,NA,NA,NA,NA,NA,NA,NA,NA,NA,NA,NA,NA,NA,NA,NA,NA,NA,NA,NA,NA,NA,NA,NA,NA,NA
"138","Dare Ogunbowale","HOU","RB","2559362","robust",NA,NA,NA,NA,NA,NA,NA,NA,NA,NA,32.4981875878768,30.215388,136.055,94.715901,0.945,0.7413,0.18,0.076601,0,NA,0,NA,10,1.660512,78.4,16.501338,0.375,0.103782,NA,NA,NA,NA,NA,NA,NA,NA,NA,NA,NA,NA,NA,NA,NA,NA,NA,NA,NA,NA,NA,NA,NA,NA,NA,NA
"139","Ameer Abdullah","LVR","RB","2552374","robust",NA,NA,NA,NA,NA,NA,NA,NA,NA,NA,46.1875,14.45535,183.095,64.64136,0.925,0.14826,0.3225,0.659757,0,NA,0,NA,35.5075,9.34038,266.2975,63.08463,1.335,0.29652,NA,NA,NA,NA,NA,NA,NA,NA,NA,NA,NA,NA,NA,NA,NA,NA,NA,NA,NA,NA,NA,NA,NA,NA,NA,NA
"140","Benny Snell","PIT","RB","2562743","robust",NA,NA,NA,NA,NA,NA,NA,NA,NA,NA,59,22.2376910283591,202.5,53.29947,1.21,0.259455,0.35625,0.13528725,0,NA,0,NA,6.15,1.92738,42.7,14.922369,0.135,0.07413,NA,NA,NA,NA,NA,NA,NA,NA,NA,NA,NA,NA,NA,NA,NA,NA,NA,NA,NA,NA,NA,NA,NA,NA,NA,NA
"141","Giovani Bernard","TB","RB","2540156","robust",NA,NA,NA,NA,NA,NA,NA,NA,NA,NA,26.395,11.6339618085432,107.185,25.404351,0.89,0.326172,0.1275,0.05374425,0,NA,0,NA,15.85,8.8956,115.975,49.348341,1,0.22239,NA,NA,NA,NA,NA,NA,NA,NA,NA,NA,NA,NA,NA,NA,NA,NA,NA,NA,NA,NA,NA,NA,NA,NA,NA,NA
"142","Jonathan Williams","WAS","RB","2555227","robust",NA,NA,NA,NA,NA,NA,NA,NA,NA,NA,25.9532690761962,25.2731974647371,130.1225,109.26762,0.825,0.422541,0.58,0.153202,0.02,0,0,NA,6.5775,4.4478,45.3825,28.399203,0.1375,0.14826,NA,NA,NA,NA,NA,NA,NA,NA,NA,NA,NA,NA,NA,NA,NA,NA,NA,NA,NA,NA,NA,NA,NA,NA,NA,NA
"143","J.J. Taylor","FA","RB","2564640","robust",NA,NA,NA,NA,NA,NA,NA,NA,NA,NA,0,0,235.9,0,1.98,0.029652,0.21,0.014826,0.03,0,0.26,0,7.785,0.0222390000000002,57.215,0.0222389999999956,0.29,0.014826,NA,NA,NA,NA,NA,NA,NA,NA,NA,NA,NA,NA,NA,NA,NA,NA,NA,NA,NA,NA,NA,NA,NA,NA,NA,NA
"144","Kyren Williams","LAR","RB","2567862","robust",NA,NA,NA,NA,NA,NA,NA,NA,NA,NA,20.5,1.77912,110.75,51.891,1.095,0.800604,0.18,0.108724,0.05,0,0,NA,6.22,3.543414,49.24,29.770608,0.075,0.07413,NA,NA,NA,NA,NA,NA,NA,NA,NA,NA,NA,NA,NA,NA,NA,NA,NA,NA,NA,NA,NA,NA,NA,NA,NA,NA
"145","Travis Homer","SEA","RB","2562665","robust",NA,NA,NA,NA,NA,NA,NA,NA,NA,NA,25.7750248601334,13.12101,134.395,88.644654,0.8,0.237216,0.0425,0.051891,0.01,0,0,NA,12.5,5.1891,106.5,56.694624,0.395,0.467019,NA,NA,NA,NA,NA,NA,NA,NA,NA,NA,NA,NA,NA,NA,NA,NA,NA,NA,NA,NA,NA,NA,NA,NA,NA,NA
"146","Patrick Taylor","FA","RB","2564040","robust",NA,NA,NA,NA,NA,NA,NA,NA,NA,NA,0,0,169.19,83.603814,1.465,0.689409,0.275,0.037065,0.05,0,NA,NA,4.515,2.246139,30.59,15.107694,0.19,0.133434,NA,NA,NA,NA,NA,NA,NA,NA,NA,NA,NA,NA,NA,NA,NA,NA,NA,NA,NA,NA,NA,NA,NA,NA,NA,NA
"147","Snoop Conner","JAC","RB","2567730","robust",NA,NA,NA,NA,NA,NA,NA,NA,NA,NA,32.55,20.60814,131.95,62.024571,0.9675,0.7413,0.1725,0.093898,0.05,0,0,NA,6.575,2.601963,44.95,18.31011,0.075,0.07413,NA,NA,NA,NA,NA,NA,NA,NA,NA,NA,NA,NA,NA,NA,NA,NA,NA,NA,NA,NA,NA,NA,NA,NA,NA,NA
"148","Cooper Kupp","LAR","WR","2557898","robust",NA,NA,NA,NA,NA,NA,NA,NA,NA,NA,4,NA,23.5221428571429,6.144318,0.0765546899810836,0.07413,0.61,0.00741300000000001,0,NA,0.11,0,124.955,7.78365,1602.5,87.4734,12.6425,0.615278999999999,NA,NA,NA,NA,NA,NA,NA,NA,NA,NA,NA,NA,NA,NA,NA,NA,NA,NA,NA,NA,NA,NA,NA,NA,NA,NA
"149","Justin Jefferson","MIN","WR","2564556","robust",NA,NA,NA,NA,NA,NA,NA,NA,NA,NA,3.385,0.66717,17.6682142857143,7.170489,0,0,0.4075,0.14270025,0,NA,0,NA,103.6,7.70952,1547.1875,88.956,9.9025,1.26021,NA,NA,NA,NA,NA,NA,NA,NA,NA,NA,NA,NA,NA,NA,NA,NA,NA,NA,NA,NA,NA,NA,NA,NA,NA,NA
"150","Ja'Marr Chase","CIN","WR","2565941","robust",NA,NA,NA,NA,NA,NA,NA,NA,NA,NA,7.25,NA,41.75,13.3434,0.1,0.0733536316694521,0.6125,0.00926625000000005,0,NA,0,NA,90.2925,4.07715,1443.625,75.805338,10.525,1.171254,NA,NA,NA,NA,NA,NA,NA,NA,NA,NA,NA,NA,NA,NA,NA,NA,NA,NA,NA,NA,NA,NA,NA,NA,NA,NA
"151","Davante Adams","LVR","WR","2543495","robust",NA,NA,NA,NA,NA,NA,NA,NA,NA,NA,0,0,0.135,0,0,0,0.7,0,0,NA,0,NA,112.0275,10.800741,1377.94,162.3447,10.5,1.593795,NA,NA,NA,NA,NA,NA,NA,NA,NA,NA,NA,NA,NA,NA,NA,NA,NA,NA,NA,NA,NA,NA,NA,NA,NA,NA
"152","Stefon Diggs","BUF","WR","2552608","robust",NA,NA,NA,NA,NA,NA,NA,NA,NA,NA,0.02,0.029652,0.305,0,0,0,0.5,0,0,NA,0,NA,105.8,6.74583000000001,1312.2325,92.5883700000001,9.6075,1.452948,NA,NA,NA,NA,NA,NA,NA,NA,NA,NA,NA,NA,NA,NA,NA,NA,NA,NA,NA,NA,NA,NA,NA,NA,NA,NA
"153","A.J. Brown","PHI","WR","2562238","robust",NA,NA,NA,NA,NA,NA,NA,NA,NA,NA,1.16,0.88956,6.91642857142857,6.627222,0,0,0.4775,0.01667925,0,NA,0,NA,80.455,4.90740599999999,1203.75,89.749191,8.865,1.40847,NA,NA,NA,NA,NA,NA,NA,NA,NA,NA,NA,NA,NA,NA,NA,NA,NA,NA,NA,NA,NA,NA,NA,NA,NA,NA
"154","CeeDee Lamb","DAL","WR","2563848","robust",NA,NA,NA,NA,NA,NA,NA,NA,NA,NA,6.6,0.7413,48.675,16.3086,0.0946428571428571,0.07413,0.3825,0.08710275,1.06,0,0,NA,91.025,5.11497,1237.1,90.4386,8.86,2.401812,NA,NA,NA,NA,NA,NA,NA,NA,NA,NA,NA,NA,NA,NA,NA,NA,NA,NA,NA,NA,NA,NA,NA,NA,NA,NA
"155","Chris Godwin","TB","WR","2558105","robust",NA,NA,NA,NA,NA,NA,NA,NA,NA,NA,1.64,0.681996,13.7317857142857,13.161252,0.277142857142857,0.348411,1.055,0.1149015,0,NA,0,NA,87.725,11.252934,1021.92,161.351358,6.765,0.911799,NA,NA,NA,NA,NA,NA,NA,NA,NA,NA,NA,NA,NA,NA,NA,NA,NA,NA,NA,NA,NA,NA,"Q","Knee - ACL + MCL",0,2022
"156","Tyreek Hill","MIA","WR","2556214","robust",NA,NA,NA,NA,NA,NA,NA,NA,NA,NA,8.24810829944716,NA,63.9275,25.419177,0.2325,0.244629,0.53,0.022239,0,NA,0,NA,93.9975,3.306198,1206.1225,65.078727,8.425,1.104537,NA,NA,NA,NA,NA,NA,NA,NA,NA,NA,NA,NA,NA,NA,NA,NA,NA,NA,NA,NA,NA,NA,NA,NA,NA,NA
"157","Michael Pittman","IND","WR","2564136","robust",NA,NA,NA,NA,NA,NA,NA,NA,NA,NA,4.5,NA,34.7353571428571,6.434484,0.0739666616268165,0.07413,0.405,0.1445535,0,NA,0,NA,90.675,3.55824,1133.3,41.14215,6.98,1.275036,NA,NA,NA,NA,NA,NA,NA,NA,NA,NA,NA,NA,NA,NA,NA,NA,NA,NA,NA,NA,NA,NA,NA,NA,NA,NA
"158","Mike Evans","TB","WR","2543468","robust",NA,NA,NA,NA,NA,NA,NA,NA,NA,NA,0.16,0.177912,1.35142857142857,1.578969,0,0,0.5,0,0,NA,0,NA,82.9675,5.537511,1155.585,54.1149,11.085,1.512252,NA,NA,NA,NA,NA,NA,NA,NA,NA,NA,NA,NA,NA,NA,NA,NA,NA,NA,NA,NA,NA,NA,NA,NA,NA,NA
"159","Deebo Samuel","SF","WR","2562721","robust",NA,NA,NA,NA,NA,NA,NA,NA,NA,NA,61.765195037527,NA,359.565714285714,31.8759,4.36697974049626,0.541149,0.9675,0.09822225,0,NA,0,NA,72.64,7.72434600000001,1103.29,88.956,6.285,1.905141,NA,NA,NA,NA,NA,NA,NA,NA,NA,NA,NA,NA,NA,NA,NA,NA,NA,NA,NA,NA,NA,NA,NA,NA,NA,NA
"160","Tee Higgins","CIN","WR","2563731","robust",NA,NA,NA,NA,NA,NA,NA,NA,NA,NA,0.62,0.59304,2.815,3.056274,0,0,0.666666666666667,0,0,NA,0,NA,84.965,2.401812,1193.9325,51.1497,7.805,1.052646,NA,NA,NA,NA,NA,NA,NA,NA,NA,NA,NA,NA,NA,NA,NA,NA,NA,NA,NA,NA,NA,NA,NA,NA,NA,NA
"161","D.J. Moore","CAR","WR","2560813","robust",NA,NA,NA,NA,NA,NA,NA,NA,NA,NA,4.7935,0.8643558,33.105,8.332212,0.045,0.039183,0.535,0.0259455,0,NA,0,NA,86.175,1.85325,1162.7,43.14366,5.4925,0.726474,NA,NA,NA,NA,NA,NA,NA,NA,NA,NA,NA,NA,NA,NA,NA,NA,NA,NA,NA,NA,NA,NA,NA,NA,NA,NA
"162","Keenan Allen","LAC","WR","2540154","robust",NA,NA,NA,NA,NA,NA,NA,NA,NA,NA,0.04,0.059304,0.262142857142857,0,0,0,0.7,0,0,NA,0,NA,103.54,7.220262,1126.03,81.91365,7.07,0.214977,NA,NA,NA,NA,NA,NA,NA,NA,NA,NA,NA,NA,NA,NA,NA,NA,NA,NA,NA,NA,NA,NA,NA,NA,NA,NA
"163","Terry McLaurin","WAS","WR","2562489","robust",NA,NA,NA,NA,NA,NA,NA,NA,NA,NA,0.48,0.415128,6.69642857142857,7.035996,0,0,0.4775,0.01667925,0,NA,0,NA,82.24,5.90074799999999,1114.96,75.01956,5.9875,1.527078,NA,NA,NA,NA,NA,NA,NA,NA,NA,NA,NA,NA,NA,NA,NA,NA,NA,NA,NA,NA,NA,NA,NA,NA,NA,NA
"164","Mike Williams","LAC","WR","2558846","robust",NA,NA,NA,NA,NA,NA,NA,NA,NA,NA,0,0,0.25,0.14826,0,0,0.466666666666667,0,0,NA,0,NA,76.7775,3.18759,1129.9725,43.9813289999999,8,0.770952,NA,NA,NA,NA,NA,NA,NA,NA,NA,NA,NA,NA,NA,NA,NA,NA,NA,NA,NA,NA,NA,NA,NA,NA,NA,NA
"165","Tyler Lockett","SEA","WR","2552430","robust",NA,NA,NA,NA,NA,NA,NA,NA,NA,NA,2.077,0.0800604000000001,11.1457142857143,4.358844,0.0271428571428571,0.007413,0.3775,0.09080925,0,NA,0,NA,72.375,2.00151,981.375,24.09225,6.295,1.275036,NA,NA,NA,NA,NA,NA,NA,NA,NA,NA,NA,NA,NA,NA,NA,NA,NA,NA,NA,NA,NA,NA,NA,NA,NA,NA
"166","Gabriel Davis","BUF","WR","2563602","robust",NA,NA,NA,NA,NA,NA,NA,NA,NA,NA,0.1,0.14826,1.36,1.211496,0,0,0.366666666666667,0,0,NA,0,NA,66.7,8.08017,1046.9,116.53236,9.425,2.07564,NA,NA,NA,NA,NA,NA,NA,NA,NA,NA,NA,NA,NA,NA,NA,NA,NA,NA,NA,NA,NA,NA,NA,NA,NA,NA
"167","Courtland Sutton","DEN","WR","2560888","robust",NA,NA,NA,NA,NA,NA,NA,NA,NA,NA,0.02,0.029652,0.187142857142857,0,0,0,0.566666666666667,0,0,NA,0,NA,76.9475,9.62948700000001,1074.6,126.206325,6.755,2.81694,NA,NA,NA,NA,NA,NA,NA,NA,NA,NA,NA,NA,NA,NA,NA,NA,NA,NA,NA,NA,NA,NA,NA,NA,NA,NA
"168","Brandin Cooks","HOU","WR","2543498","robust",NA,NA,NA,NA,NA,NA,NA,NA,NA,NA,2.188,0.2787288,14.4442857142857,6.256572,0.0475,0.039183,0.3775,0.09080925,0,NA,0,NA,91.775,5.41149,1130.3675,71.6021669999999,7,1.40847,NA,NA,NA,NA,NA,NA,NA,NA,NA,NA,NA,NA,NA,NA,NA,NA,NA,NA,NA,NA,NA,NA,NA,NA,NA,NA
"169","Michael Thomas","NO","WR","2556370","robust",NA,NA,NA,NA,NA,NA,NA,NA,NA,NA,0.22,0.326172,2.45857142857143,2.755518,0,0,0.3775,0.09080925,0,NA,0,NA,85.025,4.78138499999999,1005.5,116.495295,6.1275,1.03782,NA,NA,NA,NA,NA,NA,NA,NA,NA,NA,NA,NA,NA,NA,NA,NA,NA,NA,NA,NA,NA,NA,"Q","Hamstring",0,2022
"170","Jerry Jeudy","DEN","WR","2563896","robust",NA,NA,NA,NA,NA,NA,NA,NA,NA,NA,1.04,0.830256,4.6,3.7065,0,0,0.533333333333333,0,0,NA,0,NA,76.65,3.11346,1054.21,49.845012,5.925,1.697577,NA,NA,NA,NA,NA,NA,NA,NA,NA,NA,NA,NA,NA,NA,NA,NA,NA,NA,NA,NA,NA,NA,NA,NA,NA,NA
"171","Darnell Mooney","CHI","WR","2563707","robust",NA,NA,NA,NA,NA,NA,NA,NA,NA,NA,4.7,0.44478,27.5910714285714,3.354912,0.218571428571429,0.252042,0.38,0.088956,0,NA,0,NA,80.68,5.367012,1051.0025,73.381287,5.485,0.66717,NA,NA,NA,NA,NA,NA,NA,NA,NA,NA,NA,NA,NA,NA,NA,NA,NA,NA,NA,NA,NA,NA,NA,NA,NA,NA
"172","Diontae Johnson","PIT","WR","2562674","robust",NA,NA,NA,NA,NA,NA,NA,NA,NA,NA,3.93616190853411,NA,31.1264285714286,4.148103,0.1,0.14826,1.2525,0.18717825,0,NA,0.38,0,98.575,2.765049,1055,32.216898,6.865,0.711648,NA,NA,NA,NA,NA,NA,NA,NA,NA,NA,NA,NA,NA,NA,NA,NA,NA,NA,NA,NA,NA,NA,NA,NA,NA,NA
"173","Marquise Brown","ARI","WR","2562379","robust",NA,NA,NA,NA,NA,NA,NA,NA,NA,NA,2.124,0.7413,11.7675,8.1543,0.0271428571428571,0.014826,0.733333333333333,0,0,NA,0,NA,83.485,10.267005,992.42,82.521516,6.065,1.215732,NA,NA,NA,NA,NA,NA,NA,NA,NA,NA,NA,NA,NA,NA,NA,NA,NA,NA,NA,NA,NA,NA,NA,NA,NA,NA
"174","DK Metcalf","SEA","WR","2562685","robust",NA,NA,NA,NA,NA,NA,NA,NA,NA,NA,0.48,0.415128,3.895,2.81694,0,0,0.4025,0.14640675,0,NA,0,NA,80.825,3.48411,1047.795,11.4011940000001,7.935,1.616034,NA,NA,NA,NA,NA,NA,NA,NA,NA,NA,NA,NA,NA,NA,NA,NA,NA,NA,NA,NA,NA,NA,NA,NA,NA,NA
"175","Amari Cooper","CLE","WR","2552487","robust",NA,NA,NA,NA,NA,NA,NA,NA,NA,NA,0.84,1.097124,4.75892857142857,6.160203,0.075,0,0.8,0,2.83,0,0,NA,76.505,5.55975,999.53,92.7069779999999,6.4275,1.045233,NA,NA,NA,NA,NA,NA,NA,NA,NA,NA,NA,NA,NA,NA,NA,NA,NA,NA,NA,NA,NA,NA,NA,NA,NA,NA
"176","Jaylen Waddle","MIA","WR","2566292","robust",NA,NA,NA,NA,NA,NA,NA,NA,NA,NA,3.066,0.2490768,13.8960714285714,15.259131,0.341785714285714,0.392889,0.583125,0.01667925,0,NA,0.04,0,94.25,8.925252,1021.815,44.359392,6.49,0.66717,NA,NA,NA,NA,NA,NA,NA,NA,NA,NA,NA,NA,NA,NA,NA,NA,NA,NA,NA,NA,NA,NA,NA,NA,NA,NA
"177","Hunter Renfrow","LVR","WR","2562712","robust",NA,NA,NA,NA,NA,NA,NA,NA,NA,NA,1.04,0.830256,5,4.4478,0,0,0.66625,0.0333584999999999,0,NA,0.08,0,88.55,5.700597,889.95,25.9455,6,0.155673,NA,NA,NA,NA,NA,NA,NA,NA,NA,NA,NA,NA,NA,NA,NA,NA,NA,NA,NA,NA,NA,NA,NA,NA,NA,NA
"178","Allen Robinson","LAR","WR","2543509","robust",NA,NA,NA,NA,NA,NA,NA,NA,NA,NA,0,0,0.555,0,0,0,0.5,0,0,NA,0,NA,79.575,11.04537,969.895,114.9015,6.525,1.63086,NA,NA,NA,NA,NA,NA,NA,NA,NA,NA,NA,NA,NA,NA,NA,NA,NA,NA,NA,NA,NA,NA,NA,NA,NA,NA
"179","DeVonta Smith","PHI","WR","2566409","robust",NA,NA,NA,NA,NA,NA,NA,NA,NA,NA,0,0,0.28,0,0,0,0.733333333333333,0,0,NA,0.04,0,65.1475,7.998627,912.365,110.475939,5.6775,1.519665,NA,NA,NA,NA,NA,NA,NA,NA,NA,NA,NA,NA,NA,NA,NA,NA,NA,NA,NA,NA,NA,NA,NA,NA,NA,NA
"180","Amon-Ra St. Brown","DET","WR","2566073","robust",NA,NA,NA,NA,NA,NA,NA,NA,NA,NA,6.67381020430614,2.07564,49.975,18.82902,0.195,0.192738,0.3825,0.1742055,0,NA,0,NA,89.575,6.52344000000001,967.48,56.4574080000001,6.075,0.518909999999999,NA,NA,NA,NA,NA,NA,NA,NA,NA,NA,NA,NA,NA,NA,NA,NA,NA,NA,NA,NA,NA,NA,NA,NA,NA,NA
"181","Robert Woods","TEN","WR","2540169","robust",NA,NA,NA,NA,NA,NA,NA,NA,NA,NA,10.014,3.78063,57.935,33.921888,0.7,0.340998,0.520625,0.02038575,0,NA,0,NA,73.425,7.679868,876.55,142.3296,5.075,0.14826,NA,NA,NA,NA,NA,NA,NA,NA,NA,NA,NA,NA,NA,NA,NA,NA,NA,NA,NA,NA,NA,NA,NA,NA,NA,NA
"182","Christian Kirk","JAC","WR","2560781","robust",NA,NA,NA,NA,NA,NA,NA,NA,NA,NA,0.93,0.14826,7.91178571428572,7.960503,0,0,0.633333333333333,0,0,NA,0,NA,77.52,4.29954000000001,966.105,87.458574,5.0525,0.340998,NA,NA,NA,NA,NA,NA,NA,NA,NA,NA,NA,NA,NA,NA,NA,NA,NA,NA,NA,NA,NA,NA,NA,NA,NA,NA
"183","Brandon Aiyuk","SF","WR","2565093","robust",NA,NA,NA,NA,NA,NA,NA,NA,NA,NA,3.18,0.340998,17.2053571428571,5.45385,0,0,0.501875,0.00185324999999996,0,NA,0.04,0,64.525,7.78364999999999,905.315,116.75475,5.445,0.429953999999999,NA,NA,NA,NA,NA,NA,NA,NA,NA,NA,NA,NA,NA,NA,NA,NA,NA,NA,NA,NA,NA,NA,NA,NA,NA,NA
"184","Mecole Hardman","KC","WR","2562580","robust",NA,NA,NA,NA,NA,NA,NA,NA,NA,NA,8.8,NA,69.9592857142857,33.430512,0.47353423532922,0.378063,1.36,0.266868,0,NA,0.78,0,57.925,7.19061,729,51.1497,4.3,0.44478,NA,NA,NA,NA,NA,NA,NA,NA,NA,NA,NA,NA,NA,NA,NA,NA,NA,NA,NA,NA,NA,NA,NA,NA,NA,NA
"185","George Pickens","PIT","WR","2568159","robust",NA,NA,NA,NA,NA,NA,NA,NA,NA,NA,0.32,0.355824,5.885,6.792426,0,0,0.920625,0.02038575,0,NA,0,NA,56.4,2.37216,736.115,129.7275,4.1,1.18608,NA,NA,NA,NA,NA,NA,NA,NA,NA,NA,NA,NA,NA,NA,NA,NA,NA,NA,NA,NA,NA,NA,NA,NA,NA,NA
"186","Chase Claypool","PIT","WR","2564970","robust",NA,NA,NA,NA,NA,NA,NA,NA,NA,NA,8.876,0.2757636,59.6178571428571,8.94113699999999,0.325,0.399243,0.46,0.029652,0,NA,0,NA,63.8275,1.84583700000001,869.125,89.32665,4.5075,0.511497,NA,NA,NA,NA,NA,NA,NA,NA,NA,NA,NA,NA,NA,NA,NA,NA,NA,NA,NA,NA,NA,NA,NA,NA,NA,NA
"187","Rashod Bateman","BAL","WR","2565836","robust",NA,NA,NA,NA,NA,NA,NA,NA,NA,NA,0.02,0.029652,1.05,0.838728,0,0,0.5,0,0,NA,0,NA,75.25,5.1891,952.825,49.88949,5.505,1.882902,NA,NA,NA,NA,NA,NA,NA,NA,NA,NA,NA,NA,NA,NA,NA,NA,NA,NA,NA,NA,NA,NA,NA,NA,NA,NA
"188","Chris Olave","NO","WR","2567973","robust",NA,NA,NA,NA,NA,NA,NA,NA,NA,NA,1.08,1.18608,11.5771428571429,14.67774,0,0,0.555,0.0407715,0,NA,0,NA,51.41,4.4478,723.1175,71.550276,4.7,1.193493,NA,NA,NA,NA,NA,NA,NA,NA,NA,NA,NA,NA,NA,NA,NA,NA,NA,NA,NA,NA,NA,NA,NA,NA,NA,NA
"189","Elijah Moore","NYJ","WR","2566385","robust",NA,NA,NA,NA,NA,NA,NA,NA,NA,NA,4.7559061028593,NA,47.0203571428571,24.986046,0.645,0.637518,0.46,0.029652,0,NA,0,NA,71,4.922232,898.9425,64.433796,5.8,1.4826,NA,NA,NA,NA,NA,NA,NA,NA,NA,NA,NA,NA,NA,NA,NA,NA,NA,NA,NA,NA,NA,NA,NA,NA,NA,NA
"190","Drake London","ATL","WR","2567250","robust",NA,NA,NA,NA,NA,NA,NA,NA,NA,NA,1.36,1.423296,13.3928571428571,14.766696,0.0442857142857143,0,1.0775,0.20571075,0,NA,0,NA,66.99,4.062324,884.4375,55.412175,4.9,0.415128,NA,NA,NA,NA,NA,NA,NA,NA,NA,NA,NA,NA,NA,NA,NA,NA,NA,NA,NA,NA,NA,NA,"Q","Knee",0,2022
"191","Adam Thielen","MIN","WR","2541785","robust",NA,NA,NA,NA,NA,NA,NA,NA,NA,NA,0.88,1.008168,3.82142857142857,4.74432,0,0,0.566666666666667,0,0,NA,0,NA,76.4,4.74432,900.9075,118.23735,8.265,1.208319,NA,NA,NA,NA,NA,NA,NA,NA,NA,NA,NA,NA,NA,NA,NA,NA,NA,NA,NA,NA,NA,NA,NA,NA,NA,NA
"192","JuJu Smith-Schuster","KC","WR","2558149","robust",NA,NA,NA,NA,NA,NA,NA,NA,NA,NA,2.742,0.8776992,21.6992857142857,15.046272,0.42,0.511497,0.3875,0.08339625,0,NA,0,NA,79.15,7.20543600000001,875.865,71.60958,6.965,0.934038,NA,NA,NA,NA,NA,NA,NA,NA,NA,NA,NA,NA,NA,NA,NA,NA,NA,NA,NA,NA,NA,NA,NA,NA,NA,NA
"193","Allen Lazard","GB","WR","2560787","robust",NA,NA,NA,NA,NA,NA,NA,NA,NA,NA,1.28,0.622692,13.2107142857143,11.47956,0,0,0.3525,0.03521175,0,NA,0,NA,57.08,6.086073,772.25,103.0407,6.62,0.7413,NA,NA,NA,NA,NA,NA,NA,NA,NA,NA,NA,NA,NA,NA,NA,NA,NA,NA,NA,NA,NA,NA,"D","Ankle",0,2022
"194","DeVante Parker","NE","WR","2552409","robust",NA,NA,NA,NA,NA,NA,NA,NA,NA,NA,0,0,0.455,0,0,0,0.466666666666667,0,0,NA,0,NA,62.8125,9.34038,835.855,151.440177,5.02,0.177912,NA,NA,NA,NA,NA,NA,NA,NA,NA,NA,NA,NA,NA,NA,NA,NA,NA,NA,NA,NA,NA,NA,NA,NA,NA,NA
"195","Treylon Burks","TEN","WR","2567643","robust",NA,NA,NA,NA,NA,NA,NA,NA,NA,NA,1.8,1.03782,10.7771428571429,8.1543,0.0271428571428571,0,0.9225,0.022239,0,NA,0,NA,57.9675,6.08607300000001,811.1525,71.157387,4.7125,0.874734,NA,NA,NA,NA,NA,NA,NA,NA,NA,NA,NA,NA,NA,NA,NA,NA,NA,NA,NA,NA,NA,NA,NA,NA,NA,NA
"196","Corey Davis","NYJ","WR","2557848","robust",NA,NA,NA,NA,NA,NA,NA,NA,NA,NA,0,0,1.005,0,0.0833333333333333,0,1.3,0,0,NA,0,NA,52.25,4.67019,750.915,98.452053,4.6,0.59304,NA,NA,NA,NA,NA,NA,NA,NA,NA,NA,NA,NA,NA,NA,NA,NA,NA,NA,NA,NA,NA,NA,NA,NA,NA,NA
"197","Marvin Jones","JAC","WR","2532884","robust",NA,NA,NA,NA,NA,NA,NA,NA,NA,NA,0,0,0.909285714285714,0,0,0,0.466666666666667,0,0,NA,0,NA,63.3075,13.543551,775.275,132.98922,4.8925,0.659757,NA,NA,NA,NA,NA,NA,NA,NA,NA,NA,NA,NA,NA,NA,NA,NA,NA,NA,NA,NA,NA,NA,NA,NA,NA,NA
"198","D.J. Chark","DET","WR","2561018","robust",NA,NA,NA,NA,NA,NA,NA,NA,NA,NA,0.02,0.029652,1.24,1.18608,0.025,0,0.0333333333333333,0,0,NA,0,NA,53.13,17.109204,741.09,231.760032,5.6025,2.661267,NA,NA,NA,NA,NA,NA,NA,NA,NA,NA,NA,NA,NA,NA,NA,NA,NA,NA,NA,NA,NA,NA,NA,NA,NA,NA
"199","Kadarius Toney","NYG","WR","2566376","robust",NA,NA,NA,NA,NA,NA,NA,NA,NA,NA,5,NA,39.2425,25.2042,0.0438587690135541,0.044478,0.38,0.088956,0,NA,0.04,0,68.95,5.9304,804,133.434,4.075,1.638273,NA,NA,NA,NA,NA,NA,NA,NA,NA,NA,NA,NA,NA,NA,NA,NA,NA,NA,NA,NA,NA,NA,NA,NA,NA,NA
"200","Marquez Valdes-Scantling","KC","WR","2560907","robust",NA,NA,NA,NA,NA,NA,NA,NA,NA,NA,0.72,0.29652,3.90214285714286,3.003324,0,0,0.833333333333333,0,0,NA,0,NA,49.55,7.413,791.4275,119.934927,5,0.911799,NA,NA,NA,NA,NA,NA,NA,NA,NA,NA,NA,NA,NA,NA,NA,NA,NA,NA,NA,NA,NA,NA,NA,NA,NA,NA
"201","Skyy Moore","KC","WR","2567805","robust",NA,NA,NA,NA,NA,NA,NA,NA,NA,NA,2.04,0.652344,13.3635714285714,6.81996,0,0,0.7025,0.07227675,0,NA,0,NA,46.13,6.997872,635,114.9015,4.1,1.519665,NA,NA,NA,NA,NA,NA,NA,NA,NA,NA,NA,NA,NA,NA,NA,NA,NA,NA,NA,NA,NA,NA,NA,NA,NA,NA
"202","Russell Gage","TB","WR","2561061","robust",NA,NA,NA,NA,NA,NA,NA,NA,NA,NA,0.44,0.504084,1.06714285714286,1.526019,0,0,1.5,0,0,NA,0,NA,63.825,12.6021,748.7,101.5581,5.35,0.96369,NA,NA,NA,NA,NA,NA,NA,NA,NA,NA,NA,NA,NA,NA,NA,NA,NA,NA,NA,NA,NA,NA,"Q","Hamstring",0,2022
"203","Jakobi Meyers","NE","WR","2562492","robust",NA,NA,NA,NA,NA,NA,NA,NA,NA,NA,0.48,0.415128,5.11357142857143,5.774727,0,0,0.7525,0.18347175,0,NA,0,NA,77.625,7.63539,859.5475,47.3616570000001,3.87,0.830256,NA,NA,NA,NA,NA,NA,NA,NA,NA,NA,NA,NA,NA,NA,NA,NA,NA,NA,NA,NA,NA,NA,"Q","Knee",0,2022
"204","Nico Collins","HOU","WR","2566127","robust",NA,NA,NA,NA,NA,NA,NA,NA,NA,NA,0,0,0,0,0,0,0.6,0,0,NA,0,NA,54.2,11.593932,726.4,178.238172,3.7025,0.7413,NA,NA,NA,NA,NA,NA,NA,NA,NA,NA,NA,NA,NA,NA,NA,NA,NA,NA,NA,NA,NA,NA,NA,NA,NA,NA
"205","DeAndre Hopkins","ARI","WR","2540165","robust",NA,NA,NA,NA,NA,NA,NA,NA,NA,NA,0,0,0,0,0,0,0.766666666666667,0,0,NA,0,NA,62.3625,2.29803000000001,773.165,73.181136,5.925,0.889559999999999,NA,NA,NA,NA,NA,NA,NA,NA,NA,NA,NA,NA,NA,NA,NA,NA,NA,NA,NA,NA,NA,NA,"S","Suspension",0,2022
"206","Michael Gallup","DAL","WR","2560735","robust",NA,NA,NA,NA,NA,NA,NA,NA,NA,NA,0.2,0.29652,2.09357142857143,0.822843,0.025,0,0.466666666666667,0,0,NA,0,NA,55.2925,8.1543,770.745,144.62763,5.09,0.919212,NA,NA,NA,NA,NA,NA,NA,NA,NA,NA,NA,NA,NA,NA,NA,NA,NA,NA,NA,NA,NA,NA,"O","Knee - ACL",0,2022
"207","Sterling Shepard","NYG","WR","2555295","robust",NA,NA,NA,NA,NA,NA,NA,NA,NA,NA,1.8,1.4826,7.525,10.337958,0.0314285714285714,0,0.38,0.088956,0,NA,0,NA,58.05,7.813302,621.45,121.328571,3.1,1.33434,NA,NA,NA,NA,NA,NA,NA,NA,NA,NA,NA,NA,NA,NA,NA,NA,NA,NA,NA,NA,NA,NA,NA,NA,NA,NA
"208","Kenny Golladay","NYG","WR","2558052","robust",NA,NA,NA,NA,NA,NA,NA,NA,NA,NA,0,0,0.202857142857143,0,0,0,0.466666666666667,0,0,NA,0,NA,52.55,4.106802,728.455,88.36296,3.65,1.104537,NA,NA,NA,NA,NA,NA,NA,NA,NA,NA,NA,NA,NA,NA,NA,NA,NA,NA,NA,NA,NA,NA,NA,NA,NA,NA
"209","Tyler Boyd","CIN","WR","2555466","robust",NA,NA,NA,NA,NA,NA,NA,NA,NA,NA,2.345,0.51891,20.6171428571429,3.312552,0,0,0.4275,0.05374425,0,NA,0,NA,65.5,7.049763,759.17,100.283064,4.6325,0.59304,NA,NA,NA,NA,NA,NA,NA,NA,NA,NA,NA,NA,NA,NA,NA,NA,NA,NA,NA,NA,NA,NA,NA,NA,NA,NA
"210","Jarvis Landry","NO","WR","2543488","robust",NA,NA,NA,NA,NA,NA,NA,NA,NA,NA,3.962,1.341753,29.33,2.550072,0.391071428571429,0.473373,1.0325,0.32061225,0,NA,0,NA,60.9625,13.588029,706.2875,97.48095,4.1,0.511497,NA,NA,NA,NA,NA,NA,NA,NA,NA,NA,NA,NA,NA,NA,NA,NA,NA,NA,NA,NA,NA,NA,NA,NA,NA,NA
"211","Donovan Peoples-Jones","CLE","WR","2563803","robust",NA,NA,NA,NA,NA,NA,NA,NA,NA,NA,0,0,0.51,0,0,0,0.6,0,0,NA,0,NA,44.56,0.667169999999999,691.6875,110.335092,3.5,0.7413,NA,NA,NA,NA,NA,NA,NA,NA,NA,NA,NA,NA,NA,NA,NA,NA,NA,NA,NA,NA,NA,NA,NA,NA,NA,NA
"212","Romeo Doubs","GB","WR","2567586","robust",NA,NA,NA,NA,NA,NA,NA,NA,NA,NA,0.32,0.355824,1.91071428571429,2.10741,0,0,0.6775,0.01667925,0,NA,0,NA,36.29,11.71254,488.87,221.841438,3.1075,2.00151,NA,NA,NA,NA,NA,NA,NA,NA,NA,NA,NA,NA,NA,NA,NA,NA,NA,NA,NA,NA,NA,NA,NA,NA,NA,NA
"213","Odell Beckham","FA","WR","2543496","robust",NA,NA,NA,NA,NA,NA,NA,NA,NA,NA,2,NA,15,0,0,0,NA,NA,NA,NA,NA,NA,51,16.3086,738,174.9468,5.5,0.7413,NA,NA,NA,NA,NA,NA,NA,NA,NA,NA,NA,NA,NA,NA,NA,NA,NA,NA,NA,NA,NA,NA,"Q","Knee - ACL",0,2022
"214","Robby Anderson","CAR","WR","2556462","robust",NA,NA,NA,NA,NA,NA,NA,NA,NA,NA,3.35,NA,25.65,3.019209,0.0204388875289382,0.007413,0.3525,0.03521175,0,NA,0,NA,59.775,5.85627,677.075,73.16631,4.425,0.96369,NA,NA,NA,NA,NA,NA,NA,NA,NA,NA,NA,NA,NA,NA,NA,NA,NA,NA,NA,NA,NA,NA,NA,NA,NA,NA
"215","David Bell","CLE","WR","2567460","robust",NA,NA,NA,NA,NA,NA,NA,NA,NA,NA,0.62,0.88956,5.38285714285714,5.460204,0,0,0.4775,0.01667925,0,NA,0,NA,35.575,13.832658,467.0675,239.81055,2.5375,2.008923,NA,NA,NA,NA,NA,NA,NA,NA,NA,NA,NA,NA,NA,NA,NA,NA,NA,NA,NA,NA,NA,NA,NA,NA,NA,NA
"216","Garrett Wilson","NYJ","WR","2568048","robust",NA,NA,NA,NA,NA,NA,NA,NA,NA,NA,1.16,1.097124,8.3525,2.008923,0,0,0.4525,0.25760175,0,NA,0,NA,53.7125,11.808909,717.725,120.691053,3.7525,0.778365,NA,NA,NA,NA,NA,NA,NA,NA,NA,NA,NA,NA,NA,NA,NA,NA,NA,NA,NA,NA,NA,NA,NA,NA,NA,NA
"217","Jahan Dotson","WAS","WR","2568321","robust",NA,NA,NA,NA,NA,NA,NA,NA,NA,NA,0.88,1.008168,11.635,11.964582,0,0,0.8225,0.0222389999999999,0,NA,0,NA,53.5725,2.045988,701.855,70.4235,3.82,0.266868,NA,NA,NA,NA,NA,NA,NA,NA,NA,NA,NA,NA,NA,NA,NA,NA,NA,NA,NA,NA,NA,NA,NA,NA,NA,NA
"218","Kendrick Bourne","NE","WR","2558914","robust",NA,NA,NA,NA,NA,NA,NA,NA,NA,NA,4.66,2.950374,54.7942857142857,34.493748,0.0307142857142857,0,0.54,0.029652,0,NA,0,NA,45.115,10.037202,650.86,225.666546,4.0175,1.430709,NA,NA,NA,NA,NA,NA,NA,NA,NA,NA,NA,NA,NA,NA,NA,NA,NA,NA,NA,NA,NA,NA,NA,NA,NA,NA
"219","Jameson Williams","DET","WR","2567565","robust",NA,NA,NA,NA,NA,NA,NA,NA,NA,NA,0.75,0.81543,3.6,4.773972,0,0,0.3,0,0,NA,0,NA,37,17.442789,498.575,297.224235,2.85,2.787288,NA,NA,NA,NA,NA,NA,NA,NA,NA,NA,NA,NA,NA,NA,NA,NA,NA,NA,NA,NA,NA,NA,NA,"Knee - ACL",0,2022
"220","Jalen Tolbert","DAL","WR","2567508","robust",NA,NA,NA,NA,NA,NA,NA,NA,NA,NA,0.32,0.355824,4.53928571428571,5.48562,0,0,0.7025,0.07227675,0,NA,0,NA,49.6,9.258837,634.175,158.6382,3.86,2.550072,NA,NA,NA,NA,NA,NA,NA,NA,NA,NA,NA,NA,NA,NA,NA,NA,NA,NA,NA,NA,NA,NA,NA,NA,NA,NA
"221","Julio Jones","TB","WR","2495454","robust",NA,NA,NA,NA,NA,NA,NA,NA,NA,NA,0,0,0,0,0,0,0.3525,0.03521175,0,NA,0,NA,49.875,10.45233,665.25,159.423978,3.6,1.697577,NA,NA,NA,NA,NA,NA,NA,NA,NA,NA,NA,NA,NA,NA,NA,NA,NA,NA,NA,NA,NA,NA,NA,NA,NA,NA
"222","Parris Campbell","IND","WR","2562495","robust",NA,NA,NA,NA,NA,NA,NA,NA,NA,NA,0.9,0.96369,8.055,8.458233,0,0,0.0275,0.007413,0,NA,0,NA,48.715,12.498318,604.2275,158.497353,4,0.474432,NA,NA,NA,NA,NA,NA,NA,NA,NA,NA,NA,NA,NA,NA,NA,NA,NA,NA,NA,NA,NA,NA,NA,NA,NA,NA
"223","Alec Pierce","IND","WR","2567715","robust",NA,NA,NA,NA,NA,NA,NA,NA,NA,NA,0.3,0.44478,3.46464285714286,2.9652,0,0,0.27875,0.0778365,0,NA,0,NA,44.755,9.04386,585.145,169.483419,3.775,1.445535,NA,NA,NA,NA,NA,NA,NA,NA,NA,NA,NA,NA,NA,NA,NA,NA,NA,NA,NA,NA,NA,NA,NA,NA,NA,NA
"224","Randall Cobb","GB","WR","2495448","robust",NA,NA,NA,NA,NA,NA,NA,NA,NA,NA,0.45,0.59304,1.95,2.37216,0,0,0.733333333333333,0.02471,0,NA,0,NA,40.85,7.93191,518.85,125.531742,4.11,1.564143,NA,NA,NA,NA,NA,NA,NA,NA,NA,NA,NA,NA,NA,NA,NA,NA,NA,NA,NA,NA,NA,NA,NA,NA,NA,NA
"225","A.J. Green","ARI","WR","2495450","robust",NA,NA,NA,NA,NA,NA,NA,NA,NA,NA,0,0,1.495,0,0,0,0.1,0,0,NA,0,NA,41.11,8.8956,606.3725,148.719606,2.5,0.904386,NA,NA,NA,NA,NA,NA,NA,NA,NA,NA,NA,NA,NA,NA,NA,NA,NA,NA,NA,NA,NA,NA,NA,NA,NA,NA
"226","Zay Jones","JAC","WR","2557863","robust",NA,NA,NA,NA,NA,NA,NA,NA,NA,NA,0.61,0.474432,3,4.4478,0,0,0.5525,0.2260965,0,NA,0,NA,51.0975,9.829638,588.25,112.6776,3,0.0444779999999997,NA,NA,NA,NA,NA,NA,NA,NA,NA,NA,NA,NA,NA,NA,NA,NA,NA,NA,NA,NA,NA,NA,NA,NA,NA,NA
"227","Marquez Callaway","NO","WR","2565310","robust",NA,NA,NA,NA,NA,NA,NA,NA,NA,NA,0,0,0,0,0,0,0.13125,0.3595305,0,NA,0.1,0,30.445,13.49166,440.31,198.609096,3.1075,1.497426,NA,NA,NA,NA,NA,NA,NA,NA,NA,NA,NA,NA,NA,NA,NA,NA,NA,NA,NA,NA,NA,NA,NA,NA,NA,NA
"228","Van Jefferson","LAR","WR","2564358","robust",NA,NA,NA,NA,NA,NA,NA,NA,NA,NA,1.56,0.504084,14.4653571428571,5.211339,0,0,0.0275,0.007413,0,NA,0,NA,42.4775,6.6717,594.8775,57.183882,3.86,1.4826,NA,NA,NA,NA,NA,NA,NA,NA,NA,NA,NA,NA,NA,NA,NA,NA,NA,NA,NA,NA,NA,NA,"O","Knee",0,2022
"229","K.J. Osborn","MIN","WR","2564574","robust",NA,NA,NA,NA,NA,NA,NA,NA,NA,NA,0.44,0.504084,4.18535714285714,4.805742,0,0,0.3525,0.03521175,0,NA,0.09,0,42.925,2.987439,557.8,72.3582929999999,4.5,1.401057,NA,NA,NA,NA,NA,NA,NA,NA,NA,NA,NA,NA,NA,NA,NA,NA,NA,NA,NA,NA,NA,NA,NA,NA,NA,NA
"230","Wan'Dale Robinson","NYG","WR","2568012","robust",NA,NA,NA,NA,NA,NA,NA,NA,NA,NA,3.425,0.7413,18.027,8.176539,0.02,0.0207564,0.105,0,0,NA,0,NA,44.5,11.1195,517.59,175.6881,3.14,1.11195,NA,NA,NA,NA,NA,NA,NA,NA,NA,NA,NA,NA,NA,NA,NA,NA,NA,NA,NA,NA,NA,NA,NA,NA,NA,NA
"231","Quez Watkins","PHI","WR","2564880","robust",NA,NA,NA,NA,NA,NA,NA,NA,NA,NA,0,0,0.5,0,0,0,0.05,0,0,NA,0,NA,35.285,8.977143,497.475,157.118535,2.4,0.607866,NA,NA,NA,NA,NA,NA,NA,NA,NA,NA,NA,NA,NA,NA,NA,NA,NA,NA,NA,NA,NA,NA,NA,NA,NA,NA
"232","Josh Reynolds","DET","WR","2558194","robust",NA,NA,NA,NA,NA,NA,NA,NA,NA,NA,0,0,1,1.289862,0,0,0.0333333333333333,0.02471,0,NA,0,NA,30.7,16.16034,413.04,191.47779,2,0.37065,NA,NA,NA,NA,NA,NA,NA,NA,NA,NA,NA,NA,NA,NA,NA,NA,NA,NA,NA,NA,NA,NA,NA,NA,NA,NA
"233","Christian Watson","GB","WR","2567637","robust",NA,NA,NA,NA,NA,NA,NA,NA,NA,NA,0.9,0.51891,6.82,5.9304,0,0,0.551875,0.15011325,0,NA,0,NA,33.8625,15.233715,458.5125,266.830935,3.38,1.964445,NA,NA,NA,NA,NA,NA,NA,NA,NA,NA,NA,NA,NA,NA,NA,NA,NA,NA,NA,NA,NA,NA,NA,NA,NA,NA
"234","Will Fuller","FA","WR","2555346","robust",NA,NA,NA,NA,NA,NA,NA,NA,NA,NA,0,0,0,0,0,0,NA,NA,NA,NA,NA,NA,47.5,0.7413,700.5,14.0847,4,0,NA,NA,NA,NA,NA,NA,NA,NA,NA,NA,NA,NA,NA,NA,NA,NA,NA,NA,NA,NA,NA,NA,"Q","Finger",0,2022
"235","Curtis Samuel","WAS","WR","2558066","robust",NA,NA,NA,NA,NA,NA,NA,NA,NA,NA,16.14,NA,105.84,54.589332,0.874677632489262,0.11908594207142,0.485,0.0111195,0,NA,0,NA,47.55,4.4478,526.5,72.6474,3.1825,0.882147,NA,NA,NA,NA,NA,NA,NA,NA,NA,NA,NA,NA,NA,NA,NA,NA,NA,NA,NA,NA,NA,NA,NA,NA,NA,NA
"236","Bryan Edwards","ATL","WR","2564418","robust",NA,NA,NA,NA,NA,NA,NA,NA,NA,NA,0.025,0.037065,2.165,1.03782,0.02,0,0.233333333333333,0.09884,0,NA,0,NA,37.63,6.901503,526.7,151.677393,2.8,0.748713,NA,NA,NA,NA,NA,NA,NA,NA,NA,NA,NA,NA,NA,NA,NA,NA,NA,NA,NA,NA,NA,NA,NA,NA,NA,NA
"237","Laviska Shenault","CAR","WR","2564232","robust",NA,NA,NA,NA,NA,NA,NA,NA,NA,NA,8.46738016661259,NA,41.3846428571429,19.266387,0.0618937710334774,0.0546987049342336,0.485,0.0111195,0,NA,0,NA,39.65,23.988468,415.48,239.706768,2,1.223145,NA,NA,NA,NA,NA,NA,NA,NA,NA,NA,NA,NA,NA,NA,NA,NA,NA,NA,NA,NA,NA,NA,NA,NA,NA,NA
"238","Sammy Watkins","GB","WR","2543457","robust",NA,NA,NA,NA,NA,NA,NA,NA,NA,NA,0.06,0.088956,1.75,2.59455,0,0,0.833333333333333,0,0,NA,0,NA,41.155,4.96671,537.2,70.379022,3.24,0.274281,NA,NA,NA,NA,NA,NA,NA,NA,NA,NA,NA,NA,NA,NA,NA,NA,NA,NA,NA,NA,NA,NA,NA,NA,NA,NA
"239","Braxton Berrios","NYJ","WR","2560975","robust",NA,NA,NA,NA,NA,NA,NA,NA,NA,NA,5.72,0.59304,39.5246428571429,15.86382,0.783571428571429,0.985929,0.56,0.044478,0,NA,0.06,0,43.825,12.37971,431.135,117.05127,2.475,0.88956,NA,NA,NA,NA,NA,NA,NA,NA,NA,NA,NA,NA,NA,NA,NA,NA,NA,NA,NA,NA,NA,NA,NA,NA,NA,NA
"240","Olamide Zaccheaus","ATL","WR","2562808","robust",NA,NA,NA,NA,NA,NA,NA,NA,NA,NA,0.61,0.474432,2.8275,1.77912,0,0,0.0333333333333333,0,0,NA,0,NA,37.75,13.877136,467.8575,182.3598,2.33,0.474432,NA,NA,NA,NA,NA,NA,NA,NA,NA,NA,NA,NA,NA,NA,NA,NA,NA,NA,NA,NA,NA,NA,NA,NA,NA,NA
"241","Rondale Moore","ARI","WR","2566433","robust",NA,NA,NA,NA,NA,NA,NA,NA,NA,NA,13.0523243285952,NA,76.9860714285714,30.09678,0.352705683003454,0.445084945620921,0.4175,0.13528725,0,NA,0,NA,53.475,7.687281,526.4075,70.994301,2.95,0.81543,NA,NA,NA,NA,NA,NA,NA,NA,NA,NA,NA,NA,NA,NA,NA,NA,NA,NA,NA,NA,NA,NA,"O","Hamstring",0,2022
"242","Josh Palmer","LAC","WR","2566502","robust",NA,NA,NA,NA,NA,NA,NA,NA,NA,NA,0.125,0.37065,3.835,6.590157,0,0,0.07,0,0,NA,0,NA,44.7,7.56126,535.5,17.4946799999999,4,0.44478,NA,NA,NA,NA,NA,NA,NA,NA,NA,NA,NA,NA,NA,NA,NA,NA,NA,NA,NA,NA,NA,NA,NA,NA,NA,NA
"243","Darius Slayton","NYG","WR","2562736","robust",NA,NA,NA,NA,NA,NA,NA,NA,NA,NA,0.65,0.56833,-6.575,7.63539,0,0,0.725,0.17297,0,NA,0,NA,27.9725,18.243393,373.1725,204.902733,1.275,0.266868,NA,NA,NA,NA,NA,NA,NA,NA,NA,NA,NA,NA,NA,NA,NA,NA,NA,NA,NA,NA,NA,NA,NA,NA,NA,NA
"244","James Washington","DAL","WR","2560920","robust",NA,NA,NA,NA,NA,NA,NA,NA,NA,NA,0.25,0.185325,2.645,2.2239,0,0,0,0,0,NA,0,NA,26.9675,8.74734,390.8725,146.7774,3.1,0.555975,NA,NA,NA,NA,NA,NA,NA,NA,NA,NA,NA,NA,NA,NA,NA,NA,NA,NA,NA,NA,NA,NA,"IR","Foot",0,2022
"245","Cedrick Wilson","MIA","WR","2560936","robust",NA,NA,NA,NA,NA,NA,NA,NA,NA,NA,1.06,1.304688,3.4,3.78063,0,0,0.5,0,0,NA,0,NA,40.025,4.00302,487.87,103.63374,3.36,0.59304,NA,NA,NA,NA,NA,NA,NA,NA,NA,NA,NA,NA,NA,NA,NA,NA,NA,NA,NA,NA,NA,NA,NA,NA,NA,NA
"246","Isaiah McKenzie","BUF","WR","2558129","robust",NA,NA,NA,NA,NA,NA,NA,NA,NA,NA,11.7674089710533,5.233578,64.25,38.84412,0.93,0.355824,0.32625,0.0778365,0,NA,0.16,0,47.475,11.8608,489.7875,98.88942,4.1025,1.200906,NA,NA,NA,NA,NA,NA,NA,NA,NA,NA,NA,NA,NA,NA,NA,NA,NA,NA,NA,NA,NA,NA,NA,NA,NA,NA
"247","KJ Hamler","DEN","WR","2563890","robust",NA,NA,NA,NA,NA,NA,NA,NA,NA,NA,2.315,1.008168,22,30.54156,0,0,0.1925,0.274281,0,NA,0,NA,43.99,2.935548,554.95,27.8728799999999,3.36,0.785778,NA,NA,NA,NA,NA,NA,NA,NA,NA,NA,NA,NA,NA,NA,NA,NA,NA,NA,NA,NA,NA,NA,"Q","Knee - ACL",0,2022
"248","Byron Pringle","CHI","WR","2560844","robust",NA,NA,NA,NA,NA,NA,NA,NA,NA,NA,0,0,0.3175,0,0,0,0.8,0,0,NA,0,NA,36.0425,4.848102,498.1,109.149012,2.75,0.66717,NA,NA,NA,NA,NA,NA,NA,NA,NA,NA,NA,NA,NA,NA,NA,NA,NA,NA,NA,NA,NA,NA,NA,NA,NA,NA
"249","Deonte Harris","NO","WR","2563155","robust",NA,NA,NA,NA,NA,NA,NA,NA,NA,NA,2.76666666666667,1.82854,33,5.9304,0.05,0,0.343333333333333,0.360766,0,NA,0,NA,14.44,7.04235,196.705,96.81378,1.33,0.978516,NA,NA,NA,NA,NA,NA,NA,NA,NA,NA,NA,NA,NA,NA,NA,NA,NA,NA,NA,NA,NA,NA,NA,NA,NA,NA
"250","Velus Jones","CHI","WR","2567409","robust",NA,NA,NA,NA,NA,NA,NA,NA,NA,NA,0.75,0.37065,8.36,10.052028,0,0,0.236666666666667,0,0,NA,0.11,0,28.745,7.56126,378.645,200.59578,1.97,1.18608,NA,NA,NA,NA,NA,NA,NA,NA,NA,NA,NA,NA,NA,NA,NA,NA,NA,NA,NA,NA,NA,NA,"D","Hamstring",0,2022
"251","Quintez Cephus","DET","WR","2563926","robust",NA,NA,NA,NA,NA,NA,NA,NA,NA,NA,0,0,0,0,0,0,0,0,0,NA,0,NA,25.045,10.311483,357.245,126.109956,2.35,0.911799,NA,NA,NA,NA,NA,NA,NA,NA,NA,NA,NA,NA,NA,NA,NA,NA,NA,NA,NA,NA,NA,NA,NA,NA,NA,NA
"252","D'Wayne Eskridge","SEA","WR","2566553","robust",NA,NA,NA,NA,NA,NA,NA,NA,NA,NA,5,0.830255999999999,34.185,8.8956,0.1,0.14826,0.0766666666666667,0.069188,0,NA,0,NA,26.9,3.7065,314.8,125.72448,1.74,0.59304,NA,NA,NA,NA,NA,NA,NA,NA,NA,NA,NA,NA,NA,NA,NA,NA,NA,NA,NA,NA,NA,NA,NA,NA,NA,NA
"253","Tre'Quan Smith","NO","WR","2560878","robust",NA,NA,NA,NA,NA,NA,NA,NA,NA,NA,0,0,0,0,0,0,0,0,0,NA,0,NA,22.6725,23.49921,303.685,331.405578,2.465,2.59455,NA,NA,NA,NA,NA,NA,NA,NA,NA,NA,NA,NA,NA,NA,NA,NA,NA,NA,NA,NA,NA,NA,"O","Shoulder",0,2022
"254","Nelson Agholor","NE","WR","2552600","robust",NA,NA,NA,NA,NA,NA,NA,NA,NA,NA,1.125,1.11195,8.5,7.946736,0,0,0.01875,0.02038575,0,NA,0,NA,30.9,4.062324,423.33,29.236872,2.285,0.37065,NA,NA,NA,NA,NA,NA,NA,NA,NA,NA,NA,NA,NA,NA,NA,NA,NA,NA,NA,NA,NA,NA,NA,NA,NA,NA
"255","Mack Hollins","LVR","WR","2558262","robust",NA,NA,NA,NA,NA,NA,NA,NA,NA,NA,0.025,0.037065,0.56,0,0,0,0.366666666666667,0.19768,0,NA,0,NA,22.225,2.720571,283.335,39.755919,1.9,0.155673,NA,NA,NA,NA,NA,NA,NA,NA,NA,NA,NA,NA,NA,NA,NA,NA,NA,NA,NA,NA,NA,NA,NA,NA,NA,NA
"256","Kyle Philips","TEN","WR","2567664","robust",NA,NA,NA,NA,NA,NA,NA,NA,NA,NA,0,0,2,0,0,0,0.0366666666666667,0.039536,0,NA,0,NA,15,2.698332,188.3,36.516438,1,0.0593040000000001,NA,NA,NA,NA,NA,NA,NA,NA,NA,NA,NA,NA,NA,NA,NA,NA,NA,NA,NA,NA,NA,NA,NA,NA,NA,NA
"257","Devin Duvernay","BAL","WR","2563551","robust",NA,NA,NA,NA,NA,NA,NA,NA,NA,NA,1.63333333333333,2.42158,16.9,17.49468,0.0125,0,0.0733333333333333,0.079072,0,NA,0.97,0,40.785,9.78516,445.6,58.41444,2.26,0.385476,NA,NA,NA,NA,NA,NA,NA,NA,NA,NA,NA,NA,NA,NA,NA,NA,NA,NA,NA,NA,NA,NA,NA,NA,NA,NA
"258","Nick Westbrook-Ikhine","TEN","WR","2565477","robust",NA,NA,NA,NA,NA,NA,NA,NA,NA,NA,0,0,0.33,0,0,0,0.8,0.14826,0,NA,0,NA,37.425,1.742055,464.755,36.91674,3.28,0.37065,NA,NA,NA,NA,NA,NA,NA,NA,NA,NA,NA,NA,NA,NA,NA,NA,NA,NA,NA,NA,NA,NA,NA,NA,NA,NA
"259","Jalen Guyton","LAC","WR","2562844","robust",NA,NA,NA,NA,NA,NA,NA,NA,NA,NA,3.35,1.03782,24.06,2.29803,0.01,0,0.19,0.192738,0,NA,0.1,0,24.33,10.3782,350,91.9212,2.15,0.229803,NA,NA,NA,NA,NA,NA,NA,NA,NA,NA,NA,NA,NA,NA,NA,NA,NA,NA,NA,NA,NA,NA,NA,NA,NA,NA
"260","Kalif Raymond","DET","WR","2556661","robust",NA,NA,NA,NA,NA,NA,NA,NA,NA,NA,0.9375,0.7227675,10,14.23296,0,0,0.19,0.192738,0,NA,0.09,0,20.865,11.534628,251.46,165.065271,1.6,1.008168,NA,NA,NA,NA,NA,NA,NA,NA,NA,NA,NA,NA,NA,NA,NA,NA,NA,NA,NA,NA,NA,NA,NA,NA,NA,NA
"261","Keelan Cole","FA","WR","2559153","robust",NA,NA,NA,NA,NA,NA,NA,NA,NA,NA,0,0,2.215,2.542659,0,0,0,0,NA,NA,NA,NA,26.635,3.654609,368.56,79.674924,2.13,0.252042,NA,NA,NA,NA,NA,NA,NA,NA,NA,NA,NA,NA,NA,NA,NA,NA,NA,NA,NA,NA,NA,NA,NA,NA,NA,NA
"262","Jauan Jennings","SF","WR","2565114","robust",NA,NA,NA,NA,NA,NA,NA,NA,NA,NA,0,0,0,0,0,0,0.3,0,0,NA,0,NA,27,3.128286,329.9,64.34484,2.65,1.452948,NA,NA,NA,NA,NA,NA,NA,NA,NA,NA,NA,NA,NA,NA,NA,NA,NA,NA,NA,NA,NA,NA,NA,NA,NA,NA
"263","Jamison Crowder","BUF","WR","2552415","robust",NA,NA,NA,NA,NA,NA,NA,NA,NA,NA,0.733333333333333,1.08724,7,1.4826,0.025,0,0.45,0,0,NA,0,NA,35.21,3.40998,366.6,28.673484,1.895,0.429954,NA,NA,NA,NA,NA,NA,NA,NA,NA,NA,NA,NA,NA,NA,NA,NA,NA,NA,NA,NA,NA,NA,NA,NA,NA,NA
"264","Freddie Swain","FA","WR","2565195","robust",NA,NA,NA,NA,NA,NA,NA,NA,NA,NA,0,0,4.235,6.278811,0.01,0.014826,0.005,0.007413,NA,NA,0.1,0,29.255,0.363236999999999,384.43,15.018738,2.58,0.266868,NA,NA,NA,NA,NA,NA,NA,NA,NA,NA,NA,NA,NA,NA,NA,NA,NA,NA,NA,NA,NA,NA,NA,NA,NA,NA
"265","Demarcus Robinson","BAL","WR","2555478","robust",NA,NA,NA,NA,NA,NA,NA,NA,NA,NA,0,0,0,0,0,0,0,0,0,NA,0,NA,15.2,5.863683,180,77.814261,1.35,0.496671,NA,NA,NA,NA,NA,NA,NA,NA,NA,NA,NA,NA,NA,NA,NA,NA,NA,NA,NA,NA,NA,NA,NA,NA,NA,NA
"266","Miles Boykin","PIT","WR","2562631","robust",NA,NA,NA,NA,NA,NA,NA,NA,NA,NA,0,0,0,0,0,0,0.133333333333333,0.19768,0,NA,0,NA,14,9.888942,131,18.324936,0.7,0.711648,NA,NA,NA,NA,NA,NA,NA,NA,NA,NA,NA,NA,NA,NA,NA,NA,NA,NA,NA,NA,NA,NA,NA,NA,NA,NA
"267","Laquon Treadwell","FA","WR","2555214","robust",NA,NA,NA,NA,NA,NA,NA,NA,NA,NA,0,0,0.625,0.926625,0,0,0,0,NA,NA,NA,NA,23.465,2.913309,334.7,55.74576,1.96,0.385476,NA,NA,NA,NA,NA,NA,NA,NA,NA,NA,NA,NA,NA,NA,NA,NA,NA,NA,NA,NA,NA,NA,NA,NA,NA,NA
"268","Phillip Dorsett","HOU","WR","2552424","robust",NA,NA,NA,NA,NA,NA,NA,NA,NA,NA,0,0,0,0,0,0,0.0366666666666667,0.039536,0,NA,0,NA,20.425,5.48562,260.15,48.495846,1.62,0.192738,NA,NA,NA,NA,NA,NA,NA,NA,NA,NA,NA,NA,NA,NA,NA,NA,NA,NA,NA,NA,NA,NA,NA,NA,NA,NA
"269","Tyler Johnson","FA","WR","2565225","robust",NA,NA,NA,NA,NA,NA,NA,NA,NA,NA,0,0,0,0,0,0,0.05,0,0,NA,0,NA,20.51,1.363992,222.855,31.8759,1.2,0.830256,NA,NA,NA,NA,NA,NA,NA,NA,NA,NA,NA,NA,NA,NA,NA,NA,NA,NA,NA,NA,NA,NA,NA,NA,NA,NA
"270","Anthony Schwartz","CLE","WR","2565986","robust",NA,NA,NA,NA,NA,NA,NA,NA,NA,NA,0.366666666666667,0.54362,4,5.9304,0,0,0.0466666666666667,0.009884,0,NA,0,NA,10.13,10.570938,144.99,167.430018,0.75,0.66717,NA,NA,NA,NA,NA,NA,NA,NA,NA,NA,NA,NA,NA,NA,NA,NA,NA,NA,NA,NA,NA,NA,NA,NA,NA,NA
"271","Cam Sims","WAS","WR","2561067","robust",NA,NA,NA,NA,NA,NA,NA,NA,NA,NA,0,0,1.2975,1.282449,0,0,0,0,0,NA,0,NA,14.62,4.07715,200.175,51.498111,1.1275,0.252042,NA,NA,NA,NA,NA,NA,NA,NA,NA,NA,NA,NA,NA,NA,NA,NA,NA,NA,NA,NA,NA,NA,NA,NA,NA,NA
"272","Richie James","NYG","WR","2560761","robust",NA,NA,NA,NA,NA,NA,NA,NA,NA,NA,0,0,0.3525,0,0,0,0,0,0,NA,0,NA,10.42,7.739172,167.57,136.91811,0.865,0.785778,NA,NA,NA,NA,NA,NA,NA,NA,NA,NA,NA,NA,NA,NA,NA,NA,NA,NA,NA,NA,NA,NA,NA,NA,NA,NA
"273","Noah Brown","DAL","WR","2558091","robust",NA,NA,NA,NA,NA,NA,NA,NA,NA,NA,0,0,0.765,0,0,0,0.05,0,0,NA,0,NA,19.705,9.34038,242.76,99.63072,1.13,0.59304,NA,NA,NA,NA,NA,NA,NA,NA,NA,NA,NA,NA,NA,NA,NA,NA,NA,NA,NA,NA,NA,NA,NA,NA,NA,NA
"274","Rashard Higgins","CAR","WR","2555468","robust",NA,NA,NA,NA,NA,NA,NA,NA,NA,NA,0.15,0.22239,0.675,0,0,0,0.1,0.14826,0,NA,0,NA,19.5475,2.9652,246.1375,13.3434,1.035,0.800604,NA,NA,NA,NA,NA,NA,NA,NA,NA,NA,NA,NA,NA,NA,NA,NA,NA,NA,NA,NA,NA,NA,NA,NA,NA,NA
"275","Jamal Agnew","JAC","WR","2558821","robust",NA,NA,NA,NA,NA,NA,NA,NA,NA,NA,8.75,1.60970878975583,57.01,10.15581,0.4,0.044478,0.05,0.037065,0,NA,1.16,0,17.185,2.609376,196.425,31.735053,0.835,0.163086,NA,NA,NA,NA,NA,NA,NA,NA,NA,NA,NA,NA,NA,NA,NA,NA,NA,NA,NA,NA,NA,NA,NA,NA,NA,NA
"276","Lynn Bowden","FA","WR","2564412","robust",NA,NA,NA,NA,NA,NA,NA,NA,NA,NA,0,0,18.4,27.27984,0.015,0.022239,0.015,0.022239,NA,NA,NA,NA,21.475,10.637655,226.61,111.951126,1.085,0.570801,NA,NA,NA,NA,NA,NA,NA,NA,NA,NA,NA,NA,NA,NA,NA,NA,NA,NA,NA,NA,NA,NA,NA,NA,NA,NA
"277","Chris Moore","HOU","WR","2555209","robust",NA,NA,NA,NA,NA,NA,NA,NA,NA,NA,0,0,0.5325,0.7413,0,0,0.25,0.111195,0,NA,0,NA,20.14,6.74583,219.2425,62.04681,1.215,0.59304,NA,NA,NA,NA,NA,NA,NA,NA,NA,NA,NA,NA,NA,NA,NA,NA,NA,NA,NA,NA,NA,NA,NA,NA,NA,NA
"278","Chris Conley","FA","WR","2552652","robust",NA,NA,NA,NA,NA,NA,NA,NA,NA,NA,0,0,2.59,3.839934,0.01,0.014826,0,0,NA,NA,NA,NA,18.7,8.59908,233.295,94.745553,1.515,0.719061,NA,NA,NA,NA,NA,NA,NA,NA,NA,NA,NA,NA,NA,NA,NA,NA,NA,NA,NA,NA,NA,NA,NA,NA,NA,NA
"279","Chris Conley","FA","WR","2552652","robust",NA,NA,NA,NA,NA,NA,NA,NA,NA,NA,0,0,2.59,3.839934,0.01,0.014826,0,0,NA,NA,NA,NA,18.7,8.59908,233.295,94.745553,1.515,0.719061,NA,NA,NA,NA,NA,NA,NA,NA,NA,NA,NA,NA,NA,NA,NA,NA,NA,NA,NA,NA,NA,NA,NA,NA,NA,NA
"280","Ray-Ray McCloud","SF","WR","2560801","robust",NA,NA,NA,NA,NA,NA,NA,NA,NA,NA,0,0,3.5,0,0,0,0.17,0.237216,0,NA,0.12,0,15.175,4.180932,128,28.1694,0.8,0.29652,NA,NA,NA,NA,NA,NA,NA,NA,NA,NA,NA,NA,NA,NA,NA,NA,NA,NA,NA,NA,NA,NA,NA,NA,NA,NA
"281","Equanimeous St. Brown","CHI","WR","2560883","robust",NA,NA,NA,NA,NA,NA,NA,NA,NA,NA,0,0,12,0,0,0,0.0433333333333333,0.019768,0,NA,0,NA,16,3.7065,227.5,33.610542,1,0.637518,NA,NA,NA,NA,NA,NA,NA,NA,NA,NA,NA,NA,NA,NA,NA,NA,NA,NA,NA,NA,NA,NA,NA,NA,NA,NA
"282","James Proche","BAL","WR","2563572","robust",NA,NA,NA,NA,NA,NA,NA,NA,NA,NA,0,0,0.57,0,0,0,0.4,0,0,NA,0,NA,21.65,2.550072,266.9,25.35246,1.375,0.37065,NA,NA,NA,NA,NA,NA,NA,NA,NA,NA,NA,NA,NA,NA,NA,NA,NA,NA,NA,NA,NA,NA,NA,NA,NA,NA
"283","Amari Rodgers","GB","WR","2566091","robust",NA,NA,NA,NA,NA,NA,NA,NA,NA,NA,0.375,0.37065,1.5,1.4826,0,0,0.35,0.037065,0,NA,0,NA,10.72,5.604228,127.5975,73.485069,0.9475,0.496671,NA,NA,NA,NA,NA,NA,NA,NA,NA,NA,NA,NA,NA,NA,NA,NA,NA,NA,NA,NA,NA,NA,NA,NA,NA,NA
"284","Breshad Perriman","TB","WR","2552597","robust",NA,NA,NA,NA,NA,NA,NA,NA,NA,NA,0,0,0,0,0,0,0,0,0,NA,0,NA,10,5.552337,141.8,74.419107,0.58,0.37065,NA,NA,NA,NA,NA,NA,NA,NA,NA,NA,NA,NA,NA,NA,NA,NA,NA,NA,NA,NA,NA,NA,NA,NA,NA,NA
"285","Tylan Wallace","BAL","WR","2565857","robust",NA,NA,NA,NA,NA,NA,NA,NA,NA,NA,0,0,0,0,0,0,0,0,0,NA,0,NA,9.5,1.40847,126,25.2042,0.92,0.7413,NA,NA,NA,NA,NA,NA,NA,NA,NA,NA,NA,NA,NA,NA,NA,NA,NA,NA,NA,NA,NA,NA,NA,NA,NA,NA
"286","Ben Skowronek","LAR","WR","2566247","robust",NA,NA,NA,NA,NA,NA,NA,NA,NA,NA,0,0,1,0,0,0,0,0,0,NA,0,NA,18.455,2.07564,213.945,38.236254,1.4,0.88956,NA,NA,NA,NA,NA,NA,NA,NA,NA,NA,NA,NA,NA,NA,NA,NA,NA,NA,NA,NA,NA,NA,NA,NA,NA,NA
"287","Zach Pascal","PHI","WR","2558877","robust",NA,NA,NA,NA,NA,NA,NA,NA,NA,NA,0.1,0.14826,5,2.66868,0,0,0.00333333333333333,0.004942,0,NA,0,NA,15.72,5.574576,190.79,56.650146,1.015,0.355824,NA,NA,NA,NA,NA,NA,NA,NA,NA,NA,NA,NA,NA,NA,NA,NA,NA,NA,NA,NA,NA,NA,NA,NA,NA,NA
"288","Damiere Byrd","ATL","WR","2553499","robust",NA,NA,NA,NA,NA,NA,NA,NA,NA,NA,0,0,0,0,0,0,0.4,0.29652,0,NA,0,NA,18.235,3.395154,209.41,24.4629,0.995,0.281694,NA,NA,NA,NA,NA,NA,NA,NA,NA,NA,NA,NA,NA,NA,NA,NA,NA,NA,NA,NA,NA,NA,NA,NA,NA,NA
"289","Jalen Reagor","PHI","WR","2564850","robust",NA,NA,NA,NA,NA,NA,NA,NA,NA,NA,0.333333333333333,0.4942,5.7,8.45082,0,0,0.04,0.029652,0,NA,0,NA,16.85,4.922232,168.705,20.0151,0.93,0.14826,NA,NA,NA,NA,NA,NA,NA,NA,NA,NA,NA,NA,NA,NA,NA,NA,NA,NA,NA,NA,NA,NA,NA,NA,NA,NA
"290","Denzel Mims","NYJ","WR","2564802","robust",NA,NA,NA,NA,NA,NA,NA,NA,NA,NA,0,0,0,0,0,0,0,0,0,NA,0,NA,10.445,4.685016,142.325,76.87281,0.375,0.44478,NA,NA,NA,NA,NA,NA,NA,NA,NA,NA,NA,NA,NA,NA,NA,NA,NA,NA,NA,NA,NA,NA,NA,NA,NA,NA
"291","Antoine Wesley","ARI","WR","2562542","robust",NA,NA,NA,NA,NA,NA,NA,NA,NA,NA,0,0,0,0,0,0,0.1,0.07413,0,NA,0,NA,10.875,2.14977,129.55,30.326583,0.85,0.214977,NA,NA,NA,NA,NA,NA,NA,NA,NA,NA,NA,NA,NA,NA,NA,NA,NA,NA,NA,NA,NA,NA,"IR","Hip",0,2022
"292","Dez Fitzpatrick","FA","WR","2566109","robust",NA,NA,NA,NA,NA,NA,NA,NA,NA,NA,0,0,1.18,1.749468,0,0,0,0,NA,NA,NA,NA,12.33,2.327682,173.46,50.171184,0.865,0.051891,NA,NA,NA,NA,NA,NA,NA,NA,NA,NA,NA,NA,NA,NA,NA,NA,NA,NA,NA,NA,NA,NA,NA,NA,NA,NA
"293","Marquise Goodwin","SEA","WR","2539964","robust",NA,NA,NA,NA,NA,NA,NA,NA,NA,NA,0.233333333333333,0.34594,1.9,2.787288,0,0,0.05,0,0,NA,0,NA,15,0.400301999999999,189.2,8.76216600000004,1,0.0593040000000001,NA,NA,NA,NA,NA,NA,NA,NA,NA,NA,NA,NA,NA,NA,NA,NA,NA,NA,NA,NA,NA,NA,NA,NA,NA,NA
"294","Trent Sherfield","MIA","WR","2561272","robust",NA,NA,NA,NA,NA,NA,NA,NA,NA,NA,0,0,0,0,0,0,0.05,0.037065,0,NA,0,NA,11.865,4.106802,133.445,62.802936,0.84,0.252042,NA,NA,NA,NA,NA,NA,NA,NA,NA,NA,NA,NA,NA,NA,NA,NA,NA,NA,NA,NA,NA,NA,NA,NA,NA,NA
"295","Travis Kelce","KC","TE","2540258","robust",NA,NA,NA,NA,NA,NA,NA,NA,NA,NA,0.757666316526611,NA,5.6875,0.86176125,1.30586192810458,0.244205919117647,0.4775,0.01667925,0,NA,0,NA,100.3825,8.991969,1209.325,60.7866,9.815,1.03782,NA,NA,NA,NA,NA,NA,NA,NA,NA,NA,NA,NA,NA,NA,NA,NA,NA,NA,NA,NA,NA,NA,NA,NA,NA,NA
"296","Mark Andrews","BAL","TE","2560957","robust",NA,NA,NA,NA,NA,NA,NA,NA,NA,NA,0,0,1.974375,1.95147225,0,0,0.3775,0.09080925,0,NA,0,NA,94.145,4.4478,1167.64,50.8828319999999,8.85,1.193493,NA,NA,NA,NA,NA,NA,NA,NA,NA,NA,NA,NA,NA,NA,NA,NA,NA,NA,NA,NA,NA,NA,NA,NA,NA,NA
"297","Darren Waller","LVR","TE","2552408","robust",NA,NA,NA,NA,NA,NA,NA,NA,NA,NA,2.195,0,5.23625,3.3469695,0.0766666666666667,0,0.866666666666667,0,0,NA,0,NA,84.745,6.94598099999998,987,79.68975,5.35,1.045233,NA,NA,NA,NA,NA,NA,NA,NA,NA,NA,NA,NA,NA,NA,NA,NA,NA,NA,NA,NA,NA,NA,NA,NA,NA,NA
"298","George Kittle","SF","TE","2558266","robust",NA,NA,NA,NA,NA,NA,NA,NA,NA,NA,1,NA,15.36125,1.3454595,0.0944243809041203,0.0115462064357756,0.5275,0.02038575,0,NA,0,NA,70.935,3.380328,899.5,69.949068,5.9375,0.622692,NA,NA,NA,NA,NA,NA,NA,NA,NA,NA,NA,NA,NA,NA,NA,NA,NA,NA,NA,NA,NA,NA,"Q","Groin",0,2022
"299","Kyle Pitts","ATL","TE","2565830","robust",NA,NA,NA,NA,NA,NA,NA,NA,NA,NA,0,0,0.19875,0.1964445,0,0,0.5,0,0,NA,0,NA,76.5,3.03933,1038.855,67.4583,5.2,1.40847,NA,NA,NA,NA,NA,NA,NA,NA,NA,NA,NA,NA,NA,NA,NA,NA,NA,NA,NA,NA,NA,NA,NA,NA,NA,NA
"300","Dallas Goedert","PHI","TE","2560995","robust",NA,NA,NA,NA,NA,NA,NA,NA,NA,NA,0,0,0.170625,0.16864575,0,0,0.5,0,0,NA,0,NA,67.06,4.507104,855.49,119.49756,5.4625,0.852495,NA,NA,NA,NA,NA,NA,NA,NA,NA,NA,NA,NA,NA,NA,NA,NA,NA,NA,NA,NA,NA,NA,NA,NA,NA,NA
"301","Dalton Schultz","DAL","TE","2560866","robust",NA,NA,NA,NA,NA,NA,NA,NA,NA,NA,0,0,0.195,0.192738,0,0,0.466666666666667,0,0,NA,0,NA,77.2725,1.949619,805.65,46.7019,6.55,0.66717,NA,NA,NA,NA,NA,NA,NA,NA,NA,NA,NA,NA,NA,NA,NA,NA,NA,NA,NA,NA,NA,NA,NA,NA,NA,NA
"302","T.J. Hockenson","DET","TE","2562378","robust",NA,NA,NA,NA,NA,NA,NA,NA,NA,NA,0,0,0.585,0.578214,0.001875,0.00185325,0.3525,0.03521175,0,NA,0,NA,68.5,2.683506,702.05,16.093623,5.41,0.874734,NA,NA,NA,NA,NA,NA,NA,NA,NA,NA,NA,NA,NA,NA,NA,NA,NA,NA,NA,NA,NA,NA,NA,NA,NA,NA
"303","Zach Ertz","ARI","TE","2540158","robust",NA,NA,NA,NA,NA,NA,NA,NA,NA,NA,0,0,2.0875,0.67643625,0.005625,0.00555975,0.401875,0.00185325,0,NA,0,NA,68,5.55975,689.3,51.44622,4.85,1.060059,NA,NA,NA,NA,NA,NA,NA,NA,NA,NA,NA,NA,NA,NA,NA,NA,NA,NA,NA,NA,NA,NA,"Q","Calf",0,2022
"304","Tyler Higbee","LAR","TE","2555364","robust",NA,NA,NA,NA,NA,NA,NA,NA,NA,NA,0,0,0.19875,0.1964445,0,0,0.466666666666667,0,0,NA,0,NA,59.075,2.14977,603.5,18.5325,4.725,0.785778,NA,NA,NA,NA,NA,NA,NA,NA,NA,NA,NA,NA,NA,NA,NA,NA,NA,NA,NA,NA,NA,NA,NA,NA,NA,NA
"305","Mike Gesicki","MIA","TE","2560994","robust",NA,NA,NA,NA,NA,NA,NA,NA,NA,NA,0,0,0.211875,0.20941725,0,0,0.466666666666667,0,0,NA,0,NA,62.2175,3.55824,680.495,62.49159,3.975,0.882147,NA,NA,NA,NA,NA,NA,NA,NA,NA,NA,NA,NA,NA,NA,NA,NA,NA,NA,NA,NA,NA,NA,NA,NA,NA,NA
"306","Irv Smith Jr.","MIN","TE","2562738","robust",NA,NA,NA,NA,NA,NA,NA,NA,NA,NA,0,0,0.1075,0.318759,0,0,0.466666666666667,0,0,NA,0,NA,52.325,4.96671,589.1475,79.17084,4.895,0.563388,NA,NA,NA,NA,NA,NA,NA,NA,NA,NA,NA,NA,NA,NA,NA,NA,NA,NA,NA,NA,NA,NA,NA,NA,NA,NA
"307","Noah Fant","SEA","TE","2562383","robust",NA,NA,NA,NA,NA,NA,NA,NA,NA,NA,0,0,1.8025,0.674583,0,0,0.466666666666667,0,0,NA,0,NA,62.9575,7.85778,653.57,75.6126,4.15,0.96369,NA,NA,NA,NA,NA,NA,NA,NA,NA,NA,NA,NA,NA,NA,NA,NA,NA,NA,NA,NA,NA,NA,NA,NA,NA,NA
"308","Gerald Everett","LAC","TE","2557889","robust",NA,NA,NA,NA,NA,NA,NA,NA,NA,NA,0,0,8.1,4.37367,0.009375,0.00926625,0.73,0.126021,0,NA,0,NA,54.4,10.3782,569.125,114.1602,4.52,0.88956,NA,NA,NA,NA,NA,NA,NA,NA,NA,NA,NA,NA,NA,NA,NA,NA,NA,NA,NA,NA,NA,NA,NA,NA,NA,NA
"309","Dawson Knox","BUF","TE","2562681","robust",NA,NA,NA,NA,NA,NA,NA,NA,NA,NA,0,0,1.31,0.029652,0,0,0.533333333333333,0,0,NA,0,NA,54.5,5.530098,635.325,35.560161,7.0325,1.4826,NA,NA,NA,NA,NA,NA,NA,NA,NA,NA,NA,NA,NA,NA,NA,NA,NA,NA,NA,NA,NA,NA,NA,NA,NA,NA
"310","Cole Kmet","CHI","TE","2563704","robust",NA,NA,NA,NA,NA,NA,NA,NA,NA,NA,0,0,0.425625,0.42068775,0.00375,0.0037065,0.7,0,0,NA,0,NA,64.24,6.52344,665.85,28.9107,3.795,0.303933,NA,NA,NA,NA,NA,NA,NA,NA,NA,NA,NA,NA,NA,NA,NA,NA,NA,NA,NA,NA,NA,NA,NA,NA,NA,NA
"311","Hunter Henry","NE","TE","2555341","robust",NA,NA,NA,NA,NA,NA,NA,NA,NA,NA,0,0,2.290625,1.32507375,0,0,0.0333333333333333,0,0,NA,0,NA,53.2175,2.564898,605.5,58.93335,6.24,1.771707,NA,NA,NA,NA,NA,NA,NA,NA,NA,NA,NA,NA,NA,NA,NA,NA,NA,NA,NA,NA,NA,NA,NA,NA,NA,NA
"312","David Njoku","CLE","TE","2557986","robust",NA,NA,NA,NA,NA,NA,NA,NA,NA,NA,0,0,0.43125,0.4262475,0,0,0.466666666666667,0,0,NA,0,NA,53.785,1.971858,588.25,29.778021,4.86,0.934038,NA,NA,NA,NA,NA,NA,NA,NA,NA,NA,NA,NA,NA,NA,NA,NA,NA,NA,NA,NA,NA,NA,NA,NA,NA,NA
"313","Cameron Brate","TB","TE","2550656","robust",NA,NA,NA,NA,NA,NA,NA,NA,NA,NA,0,0,0.1425,0.140847,0,0,0.0333333333333333,0,0,NA,0,NA,41.65,13.78818,406.9325,130.120389,4,1.40847,NA,NA,NA,NA,NA,NA,NA,NA,NA,NA,NA,NA,NA,NA,NA,NA,NA,NA,NA,NA,NA,NA,NA,NA,NA,NA
"314","Robert Tonyan","GB","TE","2559270","robust",NA,NA,NA,NA,NA,NA,NA,NA,NA,NA,0,0,0.22125,0.2186835,0,0,0.0333333333333333,0,0,NA,0,NA,47.015,2.342508,539,58.970415,5,0.889559999999999,NA,NA,NA,NA,NA,NA,NA,NA,NA,NA,NA,NA,NA,NA,NA,NA,NA,NA,NA,NA,NA,NA,NA,NA,NA,NA
"315","Albert Okwuegbunam","DEN","TE","2563911","robust",NA,NA,NA,NA,NA,NA,NA,NA,NA,NA,0,0,0.159375,0.15752625,0,0,0.9,0,0,NA,0,NA,55.4475,5.1891,577.175,52.7434950000001,5,0.237216,NA,NA,NA,NA,NA,NA,NA,NA,NA,NA,NA,NA,NA,NA,NA,NA,NA,NA,NA,NA,NA,NA,NA,NA,NA,NA
"316","Evan Engram","JAC","TE","2557858","robust",NA,NA,NA,NA,NA,NA,NA,NA,NA,NA,0,0,0.15,0.14826,0,0,0.8,0,0,NA,0,NA,55.96,7.842954,565.6225,91.039053,4.02,1.423296,NA,NA,NA,NA,NA,NA,NA,NA,NA,NA,NA,NA,NA,NA,NA,NA,NA,NA,NA,NA,NA,NA,NA,NA,NA,NA
"317","Pat Freiermuth","PIT","TE","2566442","robust",NA,NA,NA,NA,NA,NA,NA,NA,NA,NA,0,0,0.1425,0.140847,0.0666666666666667,0,0.8,0,0,NA,0,NA,65.5575,4.67019,588.5125,32.98785,5.935,1.905141,NA,NA,NA,NA,NA,NA,NA,NA,NA,NA,NA,NA,NA,NA,NA,NA,NA,NA,NA,NA,NA,NA,NA,NA,NA,NA
"318","Logan Thomas","WAS","TE","2543767","robust",NA,NA,NA,NA,NA,NA,NA,NA,NA,NA,0,0,3.061875,0.06115725,0.005625,0.00555975,0.5275,0.09451575,0,NA,0,NA,54.7875,5.78214,568,56.101584,5,1.4826,NA,NA,NA,NA,NA,NA,NA,NA,NA,NA,NA,NA,NA,NA,NA,NA,NA,NA,NA,NA,NA,NA,"Q","Knee - ACL",0,2022
"319","Brevin Jordan","HOU","TE","2566130","robust",NA,NA,NA,NA,NA,NA,NA,NA,NA,NA,0,0,0.615,0.2854005,0,0,0.0333333333333333,0,0,NA,0,NA,41.05,3.07639500000001,400.5,50.4084,3.5575,0.882147,NA,NA,NA,NA,NA,NA,NA,NA,NA,NA,NA,NA,NA,NA,NA,NA,NA,NA,NA,NA,NA,NA,NA,NA,NA,NA
"320","Austin Hooper","TEN","TE","2555415","robust",NA,NA,NA,NA,NA,NA,NA,NA,NA,NA,0,0,0.1575,0.155673,0,0,0.733333333333333,0,0,NA,0,NA,50.82,2.2239,485.87,34.8411,4.18,0.704235,NA,NA,NA,NA,NA,NA,NA,NA,NA,NA,NA,NA,NA,NA,NA,NA,NA,NA,NA,NA,NA,NA,NA,NA,NA,NA
"321","Hayden Hurst","CIN","TE","2560747","robust",NA,NA,NA,NA,NA,NA,NA,NA,NA,NA,0,0,0.24375,0.2409225,0,0,0.766666666666667,0,0,NA,0,NA,46.75,4.610886,468.94,82.2843,4.61,1.949619,NA,NA,NA,NA,NA,NA,NA,NA,NA,NA,NA,NA,NA,NA,NA,NA,NA,NA,NA,NA,NA,NA,NA,NA,NA,NA
"322","C.J. Uzomah","NYJ","TE","2552559","robust",NA,NA,NA,NA,NA,NA,NA,NA,NA,NA,0,0,0.155625,0.15381975,0,0,0,0,0,NA,0,NA,42.655,7.324044,429.5,37.065,2.95,0.400302,NA,NA,NA,NA,NA,NA,NA,NA,NA,NA,NA,NA,NA,NA,NA,NA,NA,NA,NA,NA,NA,NA,NA,NA,NA,NA
"323","Adam Trautman","NO","TE","2564703","robust",NA,NA,NA,NA,NA,NA,NA,NA,NA,NA,0,0,2.709375,1.64012625,0,0,0.833333333333333,0,0,NA,0,NA,36.6675,6.945981,394.275,70.823802,3,1.097124,NA,NA,NA,NA,NA,NA,NA,NA,NA,NA,NA,NA,NA,NA,NA,NA,NA,NA,NA,NA,NA,NA,NA,NA,NA,NA
"324","Isaiah Likely","BAL","TE","2567283","robust",NA,NA,NA,NA,NA,NA,NA,NA,NA,NA,0,0,0,0,0,0,0.6,0,0,NA,0,NA,36,6.74583,415.95,94.96053,3.5,1.55673,NA,NA,NA,NA,NA,NA,NA,NA,NA,NA,NA,NA,NA,NA,NA,NA,NA,NA,NA,NA,NA,NA,NA,NA,NA,NA
"325","Daniel Bellinger","NYG","TE","2567985","robust",NA,NA,NA,NA,NA,NA,NA,NA,NA,NA,0,0,2.5625,0.555975,0.133333333333333,0,0.5,0,0,NA,0,NA,37.805,9.770334,361.895,70.4235,2.7375,0.785778,NA,NA,NA,NA,NA,NA,NA,NA,NA,NA,NA,NA,NA,NA,NA,NA,NA,NA,NA,NA,NA,NA,NA,NA,NA,NA
"326","Mo Alie-Cox","IND","TE","2558832","robust",NA,NA,NA,NA,NA,NA,NA,NA,NA,NA,0,0,0.11875,0.3521175,0,0,0.0333333333333333,0,0,NA,0,NA,36.1,2.37216,426.285,68.303382,3.3225,0.44478,NA,NA,NA,NA,NA,NA,NA,NA,NA,NA,NA,NA,NA,NA,NA,NA,NA,NA,NA,NA,NA,NA,NA,NA,NA,NA
"327","Kyle Rudolph","TB","TE","2495438","robust",NA,NA,NA,NA,NA,NA,NA,NA,NA,NA,0,0,0.166875,0.16493925,0,0,0.0333333333333333,0,0,NA,0,NA,33.07,11.63841,333.5,113.159445,2.645,1.319514,NA,NA,NA,NA,NA,NA,NA,NA,NA,NA,NA,NA,NA,NA,NA,NA,NA,NA,NA,NA,NA,NA,NA,NA,NA,NA
"328","Tyler Conklin","NYJ","TE","2561027","robust",NA,NA,NA,NA,NA,NA,NA,NA,NA,NA,0,0,0.07375,0.2186835,0,0,0.0333333333333333,0,0,NA,0,NA,35.6775,10.348548,351.08,101.824968,2,0,NA,NA,NA,NA,NA,NA,NA,NA,NA,NA,NA,NA,NA,NA,NA,NA,NA,NA,NA,NA,NA,NA,NA,NA,NA,NA
"329","Donald Parham","LAC","TE","2562394","robust",NA,NA,NA,NA,NA,NA,NA,NA,NA,NA,0,0,0.193333333333333,0,0,0,0.0333333333333333,0,0,NA,0,NA,20.8775,3.18759,219.25,50.4084,2.2,0.726474,NA,NA,NA,NA,NA,NA,NA,NA,NA,NA,NA,NA,NA,NA,NA,NA,NA,NA,NA,NA,NA,NA,"D","Hamstring",0,2022
"330","Foster Moreau","LVR","TE","2562317","robust",NA,NA,NA,NA,NA,NA,NA,NA,NA,NA,0,0,0.1125,0.333585,0,0,0,0,0,NA,0,NA,26.175,8.435994,316.3375,83.084904,2.305,0.59304,NA,NA,NA,NA,NA,NA,NA,NA,NA,NA,NA,NA,NA,NA,NA,NA,NA,NA,NA,NA,NA,NA,NA,NA,NA,NA
"331","Jonnu Smith","NE","TE","2558207","robust",NA,NA,NA,NA,NA,NA,NA,NA,NA,NA,3,NA,31.999375,0.987782250000002,0.0563856468932444,0.0161955733892827,0.035,0.0037065,0,NA,0,NA,33.25,5.1891,349.775,51.07557,2.75,0.37065,NA,NA,NA,NA,NA,NA,NA,NA,NA,NA,NA,NA,NA,NA,NA,NA,NA,NA,NA,NA,NA,NA,NA,NA,NA,NA
"332","John Bates","WAS","TE","2566580","robust",NA,NA,NA,NA,NA,NA,NA,NA,NA,NA,0,0,0.08625,0.2557485,0,0,0,0,0,NA,0,NA,17.1125,5.63388,199.59,96.22074,1.1625,0.37065,NA,NA,NA,NA,NA,NA,NA,NA,NA,NA,NA,NA,NA,NA,NA,NA,NA,NA,NA,NA,NA,NA,NA,NA,NA,NA
"333","Dan Arnold","JAC","TE","2559385","robust",NA,NA,NA,NA,NA,NA,NA,NA,NA,NA,0,0,0.095625,0.09451575,0,0,0.933333333333333,0,0,NA,0,NA,27.7875,2.89107,327.8225,23.57334,1.5,0.422541,NA,NA,NA,NA,NA,NA,NA,NA,NA,NA,NA,NA,NA,NA,NA,NA,NA,NA,NA,NA,NA,NA,NA,NA,NA,NA
"334","Durham Smythe","MIA","TE","2560880","robust",NA,NA,NA,NA,NA,NA,NA,NA,NA,NA,0,0,3.765,4.099389,0.0075,0.0111195,0.0025,0.0037065,0,NA,0,NA,29.5,9.6369,299.17,103.782,1.175,0.622692,NA,NA,NA,NA,NA,NA,NA,NA,NA,NA,NA,NA,NA,NA,NA,NA,NA,NA,NA,NA,NA,NA,NA,NA,NA,NA
"335","Jelani Woods","IND","TE","2567724","robust",NA,NA,NA,NA,NA,NA,NA,NA,NA,NA,0,0,0.576666666666667,0.427483,0.00333333333333333,0.002471,0.7,0.07413,0,NA,0,NA,24.26,11.475324,256.765,107.26611,2.5,2.14977,NA,NA,NA,NA,NA,NA,NA,NA,NA,NA,NA,NA,NA,NA,NA,NA,NA,NA,NA,NA,NA,NA,NA,NA,NA,NA
"336","Tommy Tremble","CAR","TE","2565914","robust",NA,NA,NA,NA,NA,NA,NA,NA,NA,NA,0,0,3.635,7.813302,0.025,0.014826,0.025,0.014826,0,NA,0,NA,26.9425,8.851122,259.5475,75.16782,1.8725,0.459606,NA,NA,NA,NA,NA,NA,NA,NA,NA,NA,NA,NA,NA,NA,NA,NA,NA,NA,NA,NA,NA,NA,NA,NA,NA,NA
"337","Harrison Bryant","CLE","TE","2563767","robust",NA,NA,NA,NA,NA,NA,NA,NA,NA,NA,0,0,0.118125,0.11675475,0,0,0.466666666666667,0,0,NA,0,NA,27.975,8.30256,299.1825,91.10577,2.7425,1.415883,NA,NA,NA,NA,NA,NA,NA,NA,NA,NA,NA,NA,NA,NA,NA,NA,NA,NA,NA,NA,NA,NA,NA,NA,NA,NA
"338","Greg Dulcich","DEN","TE","2567520","robust",NA,NA,NA,NA,NA,NA,NA,NA,NA,NA,0,0,0,0,0,0,0.166666666666667,0.04942,0,NA,0,NA,20.75,10.30407,231.5,141.51417,2,1.40847,NA,NA,NA,NA,NA,NA,NA,NA,NA,NA,NA,NA,NA,NA,NA,NA,NA,NA,NA,NA,NA,NA,"IR","Hamstring",0,2022
"339","Rob Gronkowski","FA","TE","497240","robust",NA,NA,NA,NA,NA,NA,NA,NA,NA,NA,0,0,0,0,0,0,NA,NA,NA,NA,NA,NA,24,4.4478,318.5,61.5279,3.5,2.2239,NA,NA,NA,NA,NA,NA,NA,NA,NA,NA,NA,NA,NA,NA,NA,NA,NA,NA,NA,NA,NA,NA,NA,NA,NA,NA
"340","Trey McBride","ARI","TE","2568117","robust",NA,NA,NA,NA,NA,NA,NA,NA,NA,NA,0,0,0.3975,0.392889,0.001875,0.00185325,0.5,0,0,NA,0,NA,22.665,9.392271,238.0275,85.612737,1.7725,0.615279,NA,NA,NA,NA,NA,NA,NA,NA,NA,NA,NA,NA,NA,NA,NA,NA,NA,NA,NA,NA,NA,NA,NA,NA,NA,NA
"341","Cade Otton","TB","TE","2568312","robust",NA,NA,NA,NA,NA,NA,NA,NA,NA,NA,0,0,0,0,0,0,0.5,0,0,NA,0,NA,19.7,15.27078,227,137.8818,2,1.4826,NA,NA,NA,NA,NA,NA,NA,NA,NA,NA,NA,NA,NA,NA,NA,NA,NA,NA,NA,NA,NA,NA,NA,NA,NA,NA
"342","Ryan Griffin","CHI","TE","2541316","robust",NA,NA,NA,NA,NA,NA,NA,NA,NA,NA,0,0,0.0825,0.244629,0,0,0.0333333333333333,0,0,NA,0,NA,18.83,5.1891,194.5475,65.664354,1.625,0.934038,NA,NA,NA,NA,NA,NA,NA,NA,NA,NA,NA,NA,NA,NA,NA,NA,NA,NA,NA,NA,NA,NA,NA,NA,NA,NA
"343","Anthony Firkser","ATL","TE","2558942","robust",NA,NA,NA,NA,NA,NA,NA,NA,NA,NA,0,0,0.365,0.2705745,0,0,0.5,0,0,NA,0,NA,26.31,2.9652,246.45,11.56428,1.63,0.385476,NA,NA,NA,NA,NA,NA,NA,NA,NA,NA,NA,NA,NA,NA,NA,NA,NA,NA,NA,NA,NA,NA,NA,NA,NA,NA
"344","Juwan Johnson","NO","TE","2564676","robust",NA,NA,NA,NA,NA,NA,NA,NA,NA,NA,0,0,0,0,0,0,0,0,0,NA,0,NA,7.7,4.4478,104,76.65042,1.5,1.03782,NA,NA,NA,NA,NA,NA,NA,NA,NA,NA,NA,NA,NA,NA,NA,NA,NA,NA,NA,NA,NA,NA,NA,NA,NA,NA
"345","Taysom Hill","NO","TE","2558954","robust",NA,NA,NA,NA,NA,NA,NA,NA,NA,NA,37.0594315245478,NA,404,0,6.50793422821264,0,1.93333333333333,0.19768,0,NA,0,NA,19.3,2.52042,202,34.0998,1.95,0.14826,NA,NA,NA,NA,NA,NA,NA,NA,NA,NA,NA,NA,NA,NA,NA,NA,NA,NA,NA,NA,NA,NA,NA,NA,NA,NA
"346","Andrew Beck","DEN","TE","2562626","robust",NA,NA,NA,NA,NA,NA,NA,NA,NA,NA,0,NA,1.59,2.357334,0.005,0.007413,0,0,0,NA,0,NA,20.435,3.009678,215.845,30.037476,1.915,0.770952,NA,NA,NA,NA,NA,NA,NA,NA,NA,NA,NA,NA,NA,NA,NA,NA,NA,NA,NA,NA,NA,NA,NA,NA,NA,NA
"347","Geoff Swaim","TEN","TE","2553454","robust",NA,NA,NA,NA,NA,NA,NA,NA,NA,NA,0,0,0.11125,0.3298785,0,0,0,0,0,NA,0,NA,29.17,8.30256,240.4925,67.725168,2.4975,0.578214,NA,NA,NA,NA,NA,NA,NA,NA,NA,NA,NA,NA,NA,NA,NA,NA,NA,NA,NA,NA,NA,NA,NA,NA,NA,NA
"348","O.J. Howard","HOU","TE","2557856","robust",NA,NA,NA,NA,NA,NA,NA,NA,NA,NA,0,0,0,0,0,0,0.05,0.037065,0,NA,0,NA,20.3575,6.6717,225.1125,57.8214,1.55,0.44478,NA,NA,NA,NA,NA,NA,NA,NA,NA,NA,NA,NA,NA,NA,NA,NA,NA,NA,NA,NA,NA,NA,NA,NA,NA,NA
"349","Zach Gentry","PIT","TE","2562654","robust",NA,NA,NA,NA,NA,NA,NA,NA,NA,NA,0,0,0.0775,0.1149015,0.1,0.07413,0,0,0,NA,0,NA,16.625,4.677603,151,40.630653,0.95,0.0741300000000001,NA,NA,NA,NA,NA,NA,NA,NA,NA,NA,NA,NA,NA,NA,NA,NA,NA,NA,NA,NA,NA,NA,NA,NA,NA,NA
"350","Jake Ferguson","DAL","TE","2567496","robust",NA,NA,NA,NA,NA,NA,NA,NA,NA,NA,0,0,0.5,0,0,0,0,0,0,NA,0,NA,16,2.66868,174,52.03926,1.45,0.59304,NA,NA,NA,NA,NA,NA,NA,NA,NA,NA,NA,NA,NA,NA,NA,NA,NA,NA,NA,NA,NA,NA,NA,NA,NA,NA
"351","Josiah Deguara","GB","TE","2563980","robust",NA,NA,NA,NA,NA,NA,NA,NA,NA,NA,0,0,0.18125,0.26872125,0,0,0,0,0,NA,0,NA,17.4,5.48562,165.815,58.26618,1.25,0.348411,NA,NA,NA,NA,NA,NA,NA,NA,NA,NA,NA,NA,NA,NA,NA,NA,NA,NA,NA,NA,NA,NA,NA,NA,NA,NA
"352","Eric Saubert","DEN","TE","2558023","robust",NA,NA,NA,NA,NA,NA,NA,NA,NA,NA,0,0,0,0,0,0,0.075,0.07413,0,NA,0,NA,11.0925,5.26323,94.6375,39.51129,1.0175,0.44478,NA,NA,NA,NA,NA,NA,NA,NA,NA,NA,NA,NA,NA,NA,NA,NA,NA,NA,NA,NA,NA,NA,NA,NA,NA,NA
"353","Will Dissly","SEA","TE","2561046","robust",NA,NA,NA,NA,NA,NA,NA,NA,NA,NA,0,0,0.07625,0.2260965,0,0,0.0333333333333333,0,0,NA,0,NA,19.325,5.78214,203.57,67.75482,1.1125,0.22239,NA,NA,NA,NA,NA,NA,NA,NA,NA,NA,NA,NA,NA,NA,NA,NA,NA,NA,NA,NA,NA,NA,NA,NA,NA,NA
"354","Jordan Akins","FA","TE","2560951","robust",NA,NA,NA,NA,NA,NA,NA,NA,NA,NA,0,0,0,0,0,0,0.5,0,NA,NA,NA,NA,25.05,4.52193,257.35,19.79271,1.1,0.14826,NA,NA,NA,NA,NA,NA,NA,NA,NA,NA,NA,NA,NA,NA,NA,NA,NA,NA,NA,NA,NA,NA,NA,NA,NA,NA
"355","Pharaoh Brown","HOU","TE","2559018","robust",NA,NA,NA,NA,NA,NA,NA,NA,NA,NA,0,0,0.13125,0.3891825,0,0,0.866666666666667,0,0,NA,0,NA,25.0475,3.40998,227.75,25.05594,1.3,0.622692,NA,NA,NA,NA,NA,NA,NA,NA,NA,NA,NA,NA,NA,NA,NA,NA,NA,NA,NA,NA,NA,NA,NA,NA,NA,NA
"356","Maxx Williams","ARI","TE","2552468","robust",NA,NA,NA,NA,NA,NA,NA,NA,NA,NA,0,0,0.1375,0.2038575,0,0,0,0,0,NA,0,NA,14.15,4.395909,154.8,72.210033,1,0.311346,NA,NA,NA,NA,NA,NA,NA,NA,NA,NA,NA,NA,NA,NA,NA,NA,NA,NA,NA,NA,NA,NA,NA,NA,NA,NA
"357","Brock Wright","DET","TE","2567221","robust",NA,NA,NA,NA,NA,NA,NA,NA,NA,NA,0,0,0.08625,0.12787425,0,0,0,0,0,NA,0,NA,13.05,4.52193,111.305,25.196787,1.1,0.37065,NA,NA,NA,NA,NA,NA,NA,NA,NA,NA,NA,NA,NA,NA,NA,NA,NA,NA,NA,NA,NA,NA,NA,NA,NA,NA
"358","Marcedes Lewis","GB","TE","2495888","robust",NA,NA,NA,NA,NA,NA,NA,NA,NA,NA,0,0,0.27375,0.40586175,0,0,0.466666666666667,0.04942,0,NA,0,NA,17.5,9.125403,167.565,83.7669,0.945,0.66717,NA,NA,NA,NA,NA,NA,NA,NA,NA,NA,NA,NA,NA,NA,NA,NA,NA,NA,NA,NA,NA,NA,NA,NA,NA,NA
"359","Devin Asiasi","FA","TE","2564586","robust",NA,NA,NA,NA,NA,NA,NA,NA,NA,NA,0,0,0,0,0,0,0,0,0,NA,0,NA,10,5.144622,130.9625,87.065685,1.085,0.711648,NA,NA,NA,NA,NA,NA,NA,NA,NA,NA,NA,NA,NA,NA,NA,NA,NA,NA,NA,NA,NA,NA,"O","Quadriceps",0,2022
"360","Jeremy Ruckert","NYJ","TE","2568042","robust",NA,NA,NA,NA,NA,NA,NA,NA,NA,NA,0,0,0,0,0,0,0,0,0,NA,0,NA,8.475,7.413,84.825,73.3887,0.825,0.7413,NA,NA,NA,NA,NA,NA,NA,NA,NA,NA,NA,NA,NA,NA,NA,NA,NA,NA,NA,NA,NA,NA,NA,NA,NA,NA
"361","Kylen Granson","IND","TE","2566145","robust",NA,NA,NA,NA,NA,NA,NA,NA,NA,NA,0,0,0,0,0,0,0.0333333333333333,0.02471,0,NA,0,NA,16.5,4.74432,168,63.52941,1,0.44478,NA,NA,NA,NA,NA,NA,NA,NA,NA,NA,NA,NA,NA,NA,NA,NA,NA,NA,NA,NA,NA,NA,NA,NA,NA,NA
"362","Nick Boyle","BAL","TE","2552402","robust",NA,NA,NA,NA,NA,NA,NA,NA,NA,NA,0,0,0,0,0,0,0,0,0,NA,0,NA,12.05,1.63086,140.5,49.993272,0.81,0.14826,NA,NA,NA,NA,NA,NA,NA,NA,NA,NA,NA,NA,NA,NA,NA,NA,NA,NA,NA,NA,NA,NA,NA,NA,NA,NA
"363","Charlie Woerner","SF","TE","2565129","robust",NA,NA,NA,NA,NA,NA,NA,NA,NA,NA,0,0,0,0,0,0,0,0,0,NA,0,NA,9.03,7.26474,94,84.849198,0.5,0.578214,NA,NA,NA,NA,NA,NA,NA,NA,NA,NA,NA,NA,NA,NA,NA,NA,NA,NA,NA,NA,NA,NA,NA,NA,NA,NA
"364","Parker Hesse","ATL","TE","2563272","robust",NA,NA,NA,NA,NA,NA,NA,NA,NA,NA,0,0,0.236666666666667,0.350882,0,0,0.0666666666666667,0.09884,0,NA,0,NA,14.3,14.914956,138.44,85.338456,0.935,0.29652,NA,NA,NA,NA,NA,NA,NA,NA,NA,NA,NA,NA,NA,NA,NA,NA,NA,NA,NA,NA,NA,NA,NA,NA,NA,NA
"365","Tyler Kroft","FA","TE","2552586","robust",NA,NA,NA,NA,NA,NA,NA,NA,NA,NA,0,0,0,0,0,0,0,0,0,NA,0,NA,15.25,1.26021,167.7,39.2889,0.975,0.51891,NA,NA,NA,NA,NA,NA,NA,NA,NA,NA,NA,NA,NA,NA,NA,NA,NA,NA,NA,NA,NA,NA,NA,NA,NA,NA
"366","Ian Thomas","CAR","TE","2560894","robust",NA,NA,NA,NA,NA,NA,NA,NA,NA,NA,0,0,0.84375,0.69496875,0,0,0.0333333333333333,0.02471,0,NA,0,NA,18.135,3.11346,169.055,20.23749,0.95,0.044478,NA,NA,NA,NA,NA,NA,NA,NA,NA,NA,NA,NA,NA,NA,NA,NA,NA,NA,NA,NA,NA,NA,NA,NA,NA,NA
"367","Chris Myarick","NYG","TE","2563210","robust",NA,NA,NA,NA,NA,NA,NA,NA,NA,NA,0,0,0.725,1.074885,0,0,0.1,0,0,NA,0,NA,16.8075,0.044477999999999,159.595,10.348548,1.14,0.0444779999999997,NA,NA,NA,NA,NA,NA,NA,NA,NA,NA,NA,NA,NA,NA,NA,NA,NA,NA,NA,NA,NA,NA,NA,NA,NA,NA
"368","Charlie Kolar","BAL","TE","2567280","robust",NA,NA,NA,NA,NA,NA,NA,NA,NA,NA,0,0,0,0,0,0,0,0,NA,NA,NA,NA,9.3,9.93342,104.3,113.71542,1.15,1.26021,NA,NA,NA,NA,NA,NA,NA,NA,NA,NA,NA,NA,NA,NA,NA,NA,NA,NA,NA,NA,NA,NA,"IR","Sports Hernia",0,2022
"369","Jack Stoll","PHI","TE","2567061","robust",NA,NA,NA,NA,NA,NA,NA,NA,NA,NA,0,0,0,0,0,0,0,0,0,NA,0,NA,9.275,4.796211,82.175,39.526116,0.535,0.22239,NA,NA,NA,NA,NA,NA,NA,NA,NA,NA,NA,NA,NA,NA,NA,NA,NA,NA,NA,NA,NA,NA,NA,NA,NA,NA
"370","Drew Sample","CIN","TE","2562720","robust",NA,NA,NA,NA,NA,NA,NA,NA,NA,NA,0,0,0,0,0,0,0.166666666666667,0.2471,0,NA,0,NA,12.05,2.2239,104.3,3.40998,0.8,0.29652,NA,NA,NA,NA,NA,NA,NA,NA,NA,NA,NA,NA,NA,NA,NA,NA,NA,NA,NA,NA,NA,NA,NA,NA,NA,NA
"371","Tre' McKitty","LAC","TE","2566490","robust",NA,NA,NA,NA,NA,NA,NA,NA,NA,NA,0,0,0,0,0,0,0,0,0,NA,0,NA,10.7,4.29954,97.3,25.2042,0.5,0.7413,NA,NA,NA,NA,NA,NA,NA,NA,NA,NA,NA,NA,NA,NA,NA,NA,NA,NA,NA,NA,NA,NA,NA,NA,NA,NA
"372","Tanner Hudson","NYG","TE","2561215","robust",NA,NA,NA,NA,NA,NA,NA,NA,NA,NA,NA,NA,0,0,0,0,0.05,0.07413,NA,NA,NA,NA,11.25,8.22843,108.95,69.75633,0.2,0.29652,NA,NA,NA,NA,NA,NA,NA,NA,NA,NA,NA,NA,NA,NA,NA,NA,NA,NA,NA,NA,NA,NA,NA,NA,NA,NA
"373","Cole Turner","WAS","TE","2568354","robust",NA,NA,NA,NA,NA,NA,NA,NA,NA,NA,0,0,0,0,0,0,0,0,0,NA,0,NA,9.275,2.9652,92.575,80.0604,0.8,0,NA,NA,NA,NA,NA,NA,NA,NA,NA,NA,NA,NA,NA,NA,NA,NA,NA,NA,NA,NA,NA,NA,"Q","Hamstring",0,2022
"374","Jesper Horsted","LVR","TE","2563270","robust",NA,NA,NA,NA,NA,NA,NA,NA,NA,NA,0,0,0,0,0,0,0,0,0,NA,0,NA,6.4875,4.484865,69.4075,50.786463,0.71,0.22239,NA,NA,NA,NA,NA,NA,NA,NA,NA,NA,NA,NA,NA,NA,NA,NA,NA,NA,NA,NA,NA,NA,NA,NA,NA,NA
"375","Jody Fortson","KC","TE","2563259","robust",NA,NA,NA,NA,NA,NA,NA,NA,NA,NA,0,0,0,0,0,0,0,0,0,NA,0,NA,8.55,4.284714,90.5,47.724894,1.2,0.44478,NA,NA,NA,NA,NA,NA,NA,NA,NA,NA,NA,NA,NA,NA,NA,NA,NA,NA,NA,NA,NA,NA,NA,NA,NA,NA
"376","Jets","NYJ","DST","100024","robust",NA,NA,NA,NA,NA,NA,NA,NA,NA,NA,NA,NA,NA,NA,NA,NA,NA,NA,NA,NA,NA,NA,NA,NA,NA,NA,NA,NA,11.45,3.054156,34.73,4.158693,0.08,0.118608,2.235,0.496671,0,NA,NA,NA,NA,NA,NA,NA,NA,NA,NA,NA,NA,NA,NA,NA,NA,NA
"377","Lions","DET","DST","100010","robust",NA,NA,NA,NA,NA,NA,NA,NA,NA,NA,NA,NA,NA,NA,NA,NA,NA,NA,NA,NA,NA,NA,NA,NA,NA,NA,NA,NA,13.135,2.349921,34.65,5.329947,0.3925,0.422541,1.84,0.8717688,0,NA,NA,NA,NA,NA,NA,NA,NA,NA,NA,NA,NA,NA,NA,NA,NA,NA
"378","Jaguars","JAC","DST","100015","robust",NA,NA,NA,NA,NA,NA,NA,NA,NA,NA,NA,NA,NA,NA,NA,NA,NA,NA,NA,NA,NA,NA,NA,NA,NA,NA,NA,NA,11.5,1.70499,37.38,3.684261,0.4075,0.467019,1.794,0.6197268,0,NA,NA,NA,NA,NA,NA,NA,NA,NA,NA,NA,NA,NA,NA,NA,NA,NA
"379","Texans","HOU","DST","100013","robust",NA,NA,NA,NA,NA,NA,NA,NA,NA,NA,NA,NA,NA,NA,NA,NA,NA,NA,NA,NA,NA,NA,NA,NA,NA,NA,NA,NA,13,1.4826,34.16,2.59455,0.4025,0.452193,2.605,0.3839934,0,NA,NA,NA,NA,NA,NA,NA,NA,NA,NA,NA,NA,NA,NA,NA,NA,NA
"380","Raiders","LVR","DST","100018","robust",NA,NA,NA,NA,NA,NA,NA,NA,NA,NA,NA,NA,NA,NA,NA,NA,NA,NA,NA,NA,NA,NA,NA,NA,NA,NA,NA,NA,11.155,1.18608,35.815,2.9652,0.5975,0.155673,1.8,0.7146132,0,NA,NA,NA,NA,NA,NA,NA,NA,NA,NA,NA,NA,NA,NA,NA,NA,NA
"381","Falcons","ATL","DST","100001","robust",NA,NA,NA,NA,NA,NA,NA,NA,NA,NA,NA,NA,NA,NA,NA,NA,NA,NA,NA,NA,NA,NA,NA,NA,NA,NA,NA,NA,13.065,1.40847,26.735,10.52646,0.4225,0.437367,2.4,0.1719816,0,NA,NA,NA,NA,NA,NA,NA,NA,NA,NA,NA,NA,NA,NA,NA,NA,NA
"382","Giants","NYG","DST","100023","robust",NA,NA,NA,NA,NA,NA,NA,NA,NA,NA,NA,NA,NA,NA,NA,NA,NA,NA,NA,NA,NA,NA,NA,NA,NA,NA,NA,NA,13.88,1.645686,37.575,1.85325,0.5225,0.066717,1.92,0.859908,0,NA,NA,NA,NA,NA,NA,NA,NA,NA,NA,NA,NA,NA,NA,NA,NA,NA
"383","Cardinals","ARI","DST","100026","robust",NA,NA,NA,NA,NA,NA,NA,NA,NA,NA,NA,NA,NA,NA,NA,NA,NA,NA,NA,NA,NA,NA,NA,NA,NA,NA,NA,NA,13.715,2.2239,38.36,2.431464,0.425,0.51891,2.34,0.652344,0,NA,NA,NA,NA,NA,NA,NA,NA,NA,NA,NA,NA,NA,NA,NA,NA,NA
"384","Vikings","MIN","DST","100020","robust",NA,NA,NA,NA,NA,NA,NA,NA,NA,NA,NA,NA,NA,NA,NA,NA,NA,NA,NA,NA,NA,NA,NA,NA,NA,NA,NA,NA,15.415,0.7413,45.345,4.381083,0.08625,0.12787425,2.416,0.600453,0,NA,NA,NA,NA,NA,NA,NA,NA,NA,NA,NA,NA,NA,NA,NA,NA,NA
"385","Steelers","PIT","DST","100027","robust",NA,NA,NA,NA,NA,NA,NA,NA,NA,NA,NA,NA,NA,NA,NA,NA,NA,NA,NA,NA,NA,NA,NA,NA,NA,NA,NA,NA,14.805,3.40998,53,3.469284,0.08375,0.12416775,2.35,0.459606,0,NA,NA,NA,NA,NA,NA,NA,NA,NA,NA,NA,NA,NA,NA,NA,NA,NA
"386","Seahawks","SEA","DST","100030","robust",NA,NA,NA,NA,NA,NA,NA,NA,NA,NA,NA,NA,NA,NA,NA,NA,NA,NA,NA,NA,NA,NA,NA,NA,NA,NA,NA,NA,13,1.304688,34.5,6.686526,0.74,0.252042,1.822,0.6582744,0,NA,NA,NA,NA,NA,NA,NA,NA,NA,NA,NA,NA,NA,NA,NA,NA,NA
"387","Chiefs","KC","DST","100016","robust",NA,NA,NA,NA,NA,NA,NA,NA,NA,NA,NA,NA,NA,NA,NA,NA,NA,NA,NA,NA,NA,NA,NA,NA,NA,NA,NA,NA,14.45,1.868076,34.315,5.04084,0.39,0.415128,3.04,0.526323,0,NA,NA,NA,NA,NA,NA,NA,NA,NA,NA,NA,NA,NA,NA,NA,NA,NA
"388","Chargers","LAC","DST","100028","robust",NA,NA,NA,NA,NA,NA,NA,NA,NA,NA,NA,NA,NA,NA,NA,NA,NA,NA,NA,NA,NA,NA,NA,NA,NA,NA,NA,NA,14.82,2.483355,41.45,2.379573,0.4125,0.481845,2.893,0.422541,0,NA,NA,NA,NA,NA,NA,NA,NA,NA,NA,NA,NA,NA,NA,NA,NA,NA
"389","Bears","CHI","DST","100005","robust",NA,NA,NA,NA,NA,NA,NA,NA,NA,NA,NA,NA,NA,NA,NA,NA,NA,NA,NA,NA,NA,NA,NA,NA,NA,NA,NA,NA,12,2.839179,44.65,4.22541,0.8075,0.274281,2.565,0.229803,0,NA,NA,NA,NA,NA,NA,NA,NA,NA,NA,NA,NA,NA,NA,NA,NA,NA
"390","Commanders","WAS","DST","100032","robust",NA,NA,NA,NA,NA,NA,NA,NA,NA,NA,NA,NA,NA,NA,NA,NA,NA,NA,NA,NA,NA,NA,NA,NA,NA,NA,NA,NA,13.4,2.127531,38.785,1.11195000000001,0.08375,0.12416775,2.776,0.459606,0,NA,NA,NA,NA,NA,NA,NA,NA,NA,NA,NA,NA,NA,NA,NA,NA,NA
"391","Panthers","CAR","DST","100004","robust",NA,NA,NA,NA,NA,NA,NA,NA,NA,NA,NA,NA,NA,NA,NA,NA,NA,NA,NA,NA,NA,NA,NA,NA,NA,NA,NA,NA,12.59,3.7065,39.6,5.04084,0.4275,0.526323,2.29,0.429954,0,NA,NA,NA,NA,NA,NA,NA,NA,NA,NA,NA,NA,NA,NA,NA,NA,NA
"392","Rams","LAR","DST","100017","robust",NA,NA,NA,NA,NA,NA,NA,NA,NA,NA,NA,NA,NA,NA,NA,NA,NA,NA,NA,NA,NA,NA,NA,NA,NA,NA,NA,NA,16.27,2.2239,45.085,3.350676,0.3975,0.437367,2.735,0.3662022,0,NA,NA,NA,NA,NA,NA,NA,NA,NA,NA,NA,NA,NA,NA,NA,NA,NA
"393","Eagles","PHI","DST","100025","robust",NA,NA,NA,NA,NA,NA,NA,NA,NA,NA,NA,NA,NA,NA,NA,NA,NA,NA,NA,NA,NA,NA,NA,NA,NA,NA,NA,NA,12.2,0.896973000000001,37.325,2.44629,0.405,0.459606,2.973,0.4344018,0,NA,NA,NA,NA,NA,NA,NA,NA,NA,NA,NA,NA,NA,NA,NA,NA,NA
"394","Patriots","NE","DST","100021","robust",NA,NA,NA,NA,NA,NA,NA,NA,NA,NA,NA,NA,NA,NA,NA,NA,NA,NA,NA,NA,NA,NA,NA,NA,NA,NA,NA,NA,16.54,1.4826,38.16,2.557485,0.405,0.459606,2.566,0.22239,0,NA,NA,NA,NA,NA,NA,NA,NA,NA,NA,NA,NA,NA,NA,NA,NA,NA
"395","Broncos","DEN","DST","100009","robust",NA,NA,NA,NA,NA,NA,NA,NA,NA,NA,NA,NA,NA,NA,NA,NA,NA,NA,NA,NA,NA,NA,NA,NA,NA,NA,NA,NA,14.5,3.839934,40.18,2.04598799999999,0.075,0.111195,2.41,0.607866,0,NA,NA,NA,NA,NA,NA,NA,NA,NA,NA,NA,NA,NA,NA,NA,NA,NA
"396","Cowboys","DAL","DST","100008","robust",NA,NA,NA,NA,NA,NA,NA,NA,NA,NA,NA,NA,NA,NA,NA,NA,NA,NA,NA,NA,NA,NA,NA,NA,NA,NA,NA,NA,19.5,3.106047,37.87,1.03782,0.09625,0.14270025,2.818,0.237216,0,NA,NA,NA,NA,NA,NA,NA,NA,NA,NA,NA,NA,NA,NA,NA,NA,NA
"397","Saints","NO","DST","100022","robust",NA,NA,NA,NA,NA,NA,NA,NA,NA,NA,NA,NA,NA,NA,NA,NA,NA,NA,NA,NA,NA,NA,NA,NA,NA,NA,NA,NA,16.1,2.2239,44.3,0.674582999999997,0.08,0.118608,2.471,0.570801,0,NA,NA,NA,NA,NA,NA,NA,NA,NA,NA,NA,NA,NA,NA,NA,NA,NA
"398","Titans","TEN","DST","100012","robust",NA,NA,NA,NA,NA,NA,NA,NA,NA,NA,NA,NA,NA,NA,NA,NA,NA,NA,NA,NA,NA,NA,NA,NA,NA,NA,NA,NA,14.1,0.7413,41.45,4.22541,0.075,0.111195,2.426,0.3884412,0,NA,NA,NA,NA,NA,NA,NA,NA,NA,NA,NA,NA,NA,NA,NA,NA,NA
"399","Browns","CLE","DST","100007","robust",NA,NA,NA,NA,NA,NA,NA,NA,NA,NA,NA,NA,NA,NA,NA,NA,NA,NA,NA,NA,NA,NA,NA,NA,NA,NA,NA,NA,15.32,2.802114,42.205,2.21648700000001,0.4025,0.452193,2.455,0.5144622,0,NA,NA,NA,NA,NA,NA,NA,NA,NA,NA,NA,NA,NA,NA,NA,NA,NA
"400","Dolphins","MIA","DST","100019","robust",NA,NA,NA,NA,NA,NA,NA,NA,NA,NA,NA,NA,NA,NA,NA,NA,NA,NA,NA,NA,NA,NA,NA,NA,NA,NA,NA,NA,15.17,2.839179,45.99,2.201661,0.4325,0.541149,2.474,0.637518,0,NA,NA,NA,NA,NA,NA,NA,NA,NA,NA,NA,NA,NA,NA,NA,NA,NA
"401","49ers","SF","DST","100029","robust",NA,NA,NA,NA,NA,NA,NA,NA,NA,NA,NA,NA,NA,NA,NA,NA,NA,NA,NA,NA,NA,NA,NA,NA,NA,NA,NA,NA,13.39,2.2239,48.46,7.761411,0.08125,0.12046125,2.5,0.681996,0,NA,NA,NA,NA,NA,NA,NA,NA,NA,NA,NA,NA,NA,NA,NA,NA,NA
"402","Buccaneers","TB","DST","100031","robust",NA,NA,NA,NA,NA,NA,NA,NA,NA,NA,NA,NA,NA,NA,NA,NA,NA,NA,NA,NA,NA,NA,NA,NA,NA,NA,NA,NA,14.95,1.452948,44.365,5.48562,0.4325,0.541149,2.73,0.437367,0,NA,NA,NA,NA,NA,NA,NA,NA,NA,NA,NA,NA,NA,NA,NA,NA,NA
"403","Colts","IND","DST","100014","robust",NA,NA,NA,NA,NA,NA,NA,NA,NA,NA,NA,NA,NA,NA,NA,NA,NA,NA,NA,NA,NA,NA,NA,NA,NA,NA,NA,NA,17,1.000755,33.275,5.1891,0.7625,0.1667925,2.638,0.44478,0,NA,NA,NA,NA,NA,NA,NA,NA,NA,NA,NA,NA,NA,NA,NA,NA,NA
"404","Bengals","CIN","DST","100006","robust",NA,NA,NA,NA,NA,NA,NA,NA,NA,NA,NA,NA,NA,NA,NA,NA,NA,NA,NA,NA,NA,NA,NA,NA,NA,NA,NA,NA,14.915,1.460361,40.1,1.03782,0.415,0.489258,2.142,1.0289244,0,NA,NA,NA,NA,NA,NA,NA,NA,NA,NA,NA,NA,NA,NA,NA,NA,NA
"405","Packers","GB","DST","100011","robust",NA,NA,NA,NA,NA,NA,NA,NA,NA,NA,NA,NA,NA,NA,NA,NA,NA,NA,NA,NA,NA,NA,NA,NA,NA,NA,NA,NA,17.8,3.298785,41.665,0.941450999999997,0.0775,0.1149015,2.83,0.252042,0,NA,NA,NA,NA,NA,NA,NA,NA,NA,NA,NA,NA,NA,NA,NA,NA,NA
"406","Ravens","BAL","DST","100002","robust",NA,NA,NA,NA,NA,NA,NA,NA,NA,NA,NA,NA,NA,NA,NA,NA,NA,NA,NA,NA,NA,NA,NA,NA,NA,NA,NA,NA,14,4.37367,37.565,4.29954,0.43,0.533736,2.516,0.711648,0,NA,NA,NA,NA,NA,NA,NA,NA,NA,NA,NA,NA,NA,NA,NA,NA,NA
"407","Bills","BUF","DST","100003","robust",NA,NA,NA,NA,NA,NA,NA,NA,NA,NA,NA,NA,NA,NA,NA,NA,NA,NA,NA,NA,NA,NA,NA,NA,NA,NA,NA,NA,19,1.875489,45.4,4.195758,0.415,0.489258,2.397,0.911799,0,NA,NA,NA,NA,NA,NA,NA,NA,NA,NA,NA,NA,NA,NA,NA,NA,NA
"408","Tyler Bass","BUF","K","2563596","robust",NA,NA,NA,NA,NA,NA,NA,NA,NA,NA,NA,NA,NA,NA,NA,NA,NA,NA,NA,NA,NA,NA,NA,NA,NA,NA,NA,NA,NA,NA,NA,NA,NA,NA,NA,NA,NA,NA,0.346965611333167,0.0474918167114264,9.71521813624296,1.32522807515973,8.04091357638807,0.587753163305747,7.20913523977591,0.293955812983514,3.07123241331358,0.324246248293143,47.995,4.00302,NA,NA,NA,NA
"409","Ryan Succop","TB","K","89802","robust",NA,NA,NA,NA,NA,NA,NA,NA,NA,NA,NA,NA,NA,NA,NA,NA,NA,NA,NA,NA,NA,NA,NA,NA,NA,NA,NA,NA,NA,NA,NA,NA,NA,NA,NA,NA,NA,NA,0.246457825051357,0.00818622320927082,8.95724494069722,0.491398422085586,9.4715542518458,0.362577964936134,7.4153675528089,0.407000946689724,1.11354382810893,0.101964473571766,48.37,5.211339,NA,NA,NA,NA
"410","Harrison Butker","KC","K","2558245","robust",NA,NA,NA,NA,NA,NA,NA,NA,NA,NA,NA,NA,NA,NA,NA,NA,NA,NA,NA,NA,NA,NA,NA,NA,NA,NA,NA,NA,NA,NA,NA,NA,NA,NA,NA,NA,NA,NA,0.290399171002913,0.137384520553897,6.78188236007011,0.88980697230442,9.79087899195579,0.790534403330606,7.56730719614072,1.00395616649092,4.60524173434038,0.7413,46.7425,4.96671,NA,NA,NA,NA
"411","Brett Maher","DAL","K","2540243","robust",NA,NA,NA,NA,NA,NA,NA,NA,NA,NA,NA,NA,NA,NA,NA,NA,NA,NA,NA,NA,NA,NA,NA,NA,NA,NA,NA,NA,NA,NA,NA,NA,NA,NA,NA,NA,NA,NA,0.323142319614335,0.135265935506759,6.64685615555164,1.8855114336225,9.75258785081002,2.94632069542467,6.40101127044815,2.90324433989348,1.68054410811919,0.397352456304618,36.0775,9.948246,NA,NA,NA,NA
"412","Brett Maher","DAL","K","2540243","robust",NA,NA,NA,NA,NA,NA,NA,NA,NA,NA,NA,NA,NA,NA,NA,NA,NA,NA,NA,NA,NA,NA,NA,NA,NA,NA,NA,NA,NA,NA,NA,NA,NA,NA,NA,NA,NA,NA,0.323142319614335,0.135265935506759,6.64685615555164,1.8855114336225,9.75258785081002,2.94632069542467,6.40101127044815,2.90324433989348,1.68054410811919,0.397352456304618,36.0775,9.948246,NA,NA,NA,NA
"413","Justin Tucker","BAL","K","2536340","robust",NA,NA,NA,NA,NA,NA,NA,NA,NA,NA,NA,NA,NA,NA,NA,NA,NA,NA,NA,NA,NA,NA,NA,NA,NA,NA,NA,NA,NA,NA,NA,NA,NA,NA,NA,NA,NA,NA,0.151097808325155,0.064415259876805,7.51572795977669,0.942007745316095,8.52236072547372,0.417970904720947,10.6967038162465,0.889559999999999,4.89331542606171,1.1096295434332,40.36,1.823598,NA,NA,NA,NA
"414","Brandon McManus","DEN","K","2541556","robust",NA,NA,NA,NA,NA,NA,NA,NA,NA,NA,NA,NA,NA,NA,NA,NA,NA,NA,NA,NA,NA,NA,NA,NA,NA,NA,NA,NA,NA,NA,NA,NA,NA,NA,NA,NA,NA,NA,0.19679531413519,0.0344032672631676,7.6760767843407,0.800604,7.75552553519829,0.800603999999999,7.79295744143799,0.394018338222895,4.86793909793191,0.575068056333393,39.38,6.760656,NA,NA,NA,NA
"415","Mason Crosby","GB","K","2507232","robust",NA,NA,NA,NA,NA,NA,NA,NA,NA,NA,NA,NA,NA,NA,NA,NA,NA,NA,NA,NA,NA,NA,NA,NA,NA,NA,NA,NA,NA,NA,NA,NA,NA,NA,NA,NA,NA,NA,0.522439191383822,0.11356477283321,8.1815915260149,0.542674717853931,9.20822047247793,1.29280131124891,6.32116773000418,1.05498273281473,2.76079768806879,0.741065289629399,46.0875,3.372915,NA,NA,NA,NA
"416","Matt Gay","LAR","K","2562271","robust",NA,NA,NA,NA,NA,NA,NA,NA,NA,NA,NA,NA,NA,NA,NA,NA,NA,NA,NA,NA,NA,NA,NA,NA,NA,NA,NA,NA,NA,NA,NA,NA,NA,NA,NA,NA,NA,NA,0.349552725598691,0.158694895430691,6.92452971213267,1.09497718381585,10.947489052735,1.22683526958485,8.50604699954118,1.64025361685233,3.36930341880342,0.576161169230769,42.15,1.77912,NA,NA,NA,NA
"417","Evan McPherson","CIN","K","2565953","robust",NA,NA,NA,NA,NA,NA,NA,NA,NA,NA,NA,NA,NA,NA,NA,NA,NA,NA,NA,NA,NA,NA,NA,NA,NA,NA,NA,NA,NA,NA,NA,NA,NA,NA,NA,NA,NA,NA,0.17546316458575,0.0783536236332801,7.36957640518051,0.927881043358756,10.4701050657844,1.4826,7.70098994789425,0.818027230370724,5.43336104823325,0.966956910226002,38.9875,5.04084,NA,NA,NA,NA
"418","Matt Prater","ARI","K","2506677","robust",NA,NA,NA,NA,NA,NA,NA,NA,NA,NA,NA,NA,NA,NA,NA,NA,NA,NA,NA,NA,NA,NA,NA,NA,NA,NA,NA,NA,NA,NA,NA,NA,NA,NA,NA,NA,NA,NA,0.471049020841918,0.215921792454339,8.79816980261698,0.640182115173885,8.71477020847998,0.812701898172642,6.11802255045314,1.36457220650253,4.70779758990585,0.636924310326257,43.625,1.11195,NA,NA,NA,NA
"419","Dustin Hopkins","LAC","K","2539227","robust",NA,NA,NA,NA,NA,NA,NA,NA,NA,NA,NA,NA,NA,NA,NA,NA,NA,NA,NA,NA,NA,NA,NA,NA,NA,NA,NA,NA,NA,NA,NA,NA,NA,NA,NA,NA,NA,NA,0.767013192184027,0.206212376957568,7.90295923861985,0.429954,7.34780458507027,0.808529794686575,8.75954894602086,2.23857821656396,2.04246265981486,0.101856143525745,42.5,6.582744,NA,NA,NA,NA
"420","Jake Elliott","PHI","K","2558172","robust",NA,NA,NA,NA,NA,NA,NA,NA,NA,NA,NA,NA,NA,NA,NA,NA,NA,NA,NA,NA,NA,NA,NA,NA,NA,NA,NA,NA,NA,NA,NA,NA,NA,NA,NA,NA,NA,NA,0.223332681034918,0.0214004832755572,6.55654830335035,0.780224430933852,9.39728517631849,0.800603999999999,8.57891428124405,0.722064955463795,2.53978221681043,0.503438229286278,38.7,5.9304,NA,NA,NA,NA
"421","Cade York","CLE","K","2567487","robust",NA,NA,NA,NA,NA,NA,NA,NA,NA,NA,NA,NA,NA,NA,NA,NA,NA,NA,NA,NA,NA,NA,NA,NA,NA,NA,NA,NA,NA,NA,NA,NA,NA,NA,NA,NA,NA,NA,0.217172845795633,0.031260238949185,6.96817672385849,1.1013888489961,7.5186530642357,1.14033503743614,7.2871489687271,0.51891,2.52981581697418,0.355824,34.4,4.18093199999999,NA,NA,NA,NA
"422","Randy Bullock","TEN","K","2533444","robust",NA,NA,NA,NA,NA,NA,NA,NA,NA,NA,NA,NA,NA,NA,NA,NA,NA,NA,NA,NA,NA,NA,NA,NA,NA,NA,NA,NA,NA,NA,NA,NA,NA,NA,NA,NA,NA,NA,0.234180936897508,0.0300920515726919,6.56020604634581,0.964033043800227,9.8263629192768,0.645527309949797,7.73808751117298,0.873235316706771,1.65085513936685,0.158443371693041,40.725,2.92072200000001,NA,NA,NA,NA
"423","Rodrigo Blankenship","IND","K","2564106","robust",NA,NA,NA,NA,NA,NA,NA,NA,NA,NA,NA,NA,NA,NA,NA,NA,NA,NA,NA,NA,NA,NA,NA,NA,NA,NA,NA,NA,NA,NA,NA,NA,NA,NA,NA,NA,NA,NA,0.156567097913251,0.0659857030748807,7.95066599193431,0.207564,9.08403381458378,0.622692,9.641939849319,1.54174055178862,1.37172460539309,0.259418122340086,39.675,4.52193,NA,NA,NA,NA
"424","Wil Lutz","NO","K","2556601","robust",NA,NA,NA,NA,NA,NA,NA,NA,NA,NA,NA,NA,NA,NA,NA,NA,NA,NA,NA,NA,NA,NA,NA,NA,NA,NA,NA,NA,NA,NA,NA,NA,NA,NA,NA,NA,NA,NA,0.25853563855326,0.0748661742688324,7.17209102175578,1.12211489374514,10.3924655545187,1.0266494311294,8.02598811168652,1.223145,2.28224149814197,0.913384951171785,37.455,5.9304,NA,NA,NA,NA
"425","Nick Folk","NE","K","2507225","robust",NA,NA,NA,NA,NA,NA,NA,NA,NA,NA,NA,NA,NA,NA,NA,NA,NA,NA,NA,NA,NA,NA,NA,NA,NA,NA,NA,NA,NA,NA,NA,NA,NA,NA,NA,NA,NA,NA,0.202581622024964,0.0396498142592334,8.40573870481538,1.36550328849385,9.02074085707933,0.427476073825367,9.41352639227133,1.393644,3.15686196862348,0.413236109362348,38.1,1.875489,NA,NA,NA,NA
"426","Robbie Gould","SF","K","2506264","robust",NA,NA,NA,NA,NA,NA,NA,NA,NA,NA,NA,NA,NA,NA,NA,NA,NA,NA,NA,NA,NA,NA,NA,NA,NA,NA,NA,NA,NA,NA,NA,NA,NA,NA,NA,NA,NA,NA,0.383909407339942,0.103865709365365,6.94836316670619,1.49343902688198,7.60944991541756,1.16913839852694,9.09997526790274,0.839101788563816,3.11936819441383,0.425891183670457,40.4,2.74281,NA,NA,NA,NA
"427","Chris Boswell","PIT","K","2550545","robust",NA,NA,NA,NA,NA,NA,NA,NA,NA,NA,NA,NA,NA,NA,NA,NA,NA,NA,NA,NA,NA,NA,NA,NA,NA,NA,NA,NA,NA,NA,NA,NA,NA,NA,NA,NA,NA,NA,0.239849237323968,0.0383553372374318,8.12453674400203,0.788322999199312,8.68710415638129,0.907064346597125,9.35595411193048,1.0262263471125,4.41965499741664,0.810813029341992,30.2875,2.74281,NA,NA,NA,NA
"428","Cairo Santos","CHI","K","2550636","robust",NA,NA,NA,NA,NA,NA,NA,NA,NA,NA,NA,NA,NA,NA,NA,NA,NA,NA,NA,NA,NA,NA,NA,NA,NA,NA,NA,NA,NA,NA,NA,NA,NA,NA,NA,NA,NA,NA,0.189846812216608,0.0323456629486837,8.71116154623838,0.524677271162323,7.63790806252729,0.607866,8.60522726841546,0.952850614371805,1.90969799703957,0.299965340692705,31.525,3.321024,NA,NA,NA,NA
"429","Jason Sanders","MIA","K","2561153","robust",NA,NA,NA,NA,NA,NA,NA,NA,NA,NA,NA,NA,NA,NA,NA,NA,NA,NA,NA,NA,NA,NA,NA,NA,NA,NA,NA,NA,NA,NA,NA,NA,NA,NA,NA,NA,NA,NA,0.3755,0.133886705360218,6.82892279479645,0.133434,8.45087494826897,0.791035903557581,8.74683852793471,0.603209909329374,3.6560184726674,0.530716024846633,37.1175,4.855515,NA,NA,NA,NA
"430","Jason Myers","SEA","K","2553112","robust",NA,NA,NA,NA,NA,NA,NA,NA,NA,NA,NA,NA,NA,NA,NA,NA,NA,NA,NA,NA,NA,NA,NA,NA,NA,NA,NA,NA,NA,NA,NA,NA,NA,NA,NA,NA,NA,NA,0.202823216841968,0.078053602579804,5.08037604728323,3.054156,7.69983143754556,1.58288441315678,6.88859360011249,1.11612025694643,2.86496280056668,0.444138270608117,33.8625,4.988949,NA,NA,NA,NA
"431","Younghoe Koo","ATL","K","2559205","robust",NA,NA,NA,NA,NA,NA,NA,NA,NA,NA,NA,NA,NA,NA,NA,NA,NA,NA,NA,NA,NA,NA,NA,NA,NA,NA,NA,NA,NA,NA,NA,NA,NA,NA,NA,NA,NA,NA,0.0861488931460196,0.0208057763041556,8.7675,0.532454456721619,8.93262151692507,0.601877272889717,7.29788901709028,0.454495423139674,4.18827231530461,0.977946785482358,32.3,4.74432,NA,NA,NA,NA
"432","Greg Joseph","MIN","K","2561534","robust",NA,NA,NA,NA,NA,NA,NA,NA,NA,NA,NA,NA,NA,NA,NA,NA,NA,NA,NA,NA,NA,NA,NA,NA,NA,NA,NA,NA,NA,NA,NA,NA,NA,NA,NA,NA,NA,NA,0.128948377498372,0.0460199153223681,8.04489090205439,0.541149,10.4748135493837,0.641892444386113,7.87880221634553,1.04540617213531,4.48423367731143,0.573683733356908,36.6225,3.7065,NA,NA,NA,NA
"433","Daniel Carlson","LVR","K","2560993","robust",NA,NA,NA,NA,NA,NA,NA,NA,NA,NA,NA,NA,NA,NA,NA,NA,NA,NA,NA,NA,NA,NA,NA,NA,NA,NA,NA,NA,NA,NA,NA,NA,NA,NA,NA,NA,NA,NA,0.225333869915253,0.0428097020923338,9.97738501061353,1.07206921090518,10.1322298996587,0.790607175809241,8.89294717330251,0.557746258606667,3.99232786511526,0.310928978191567,36.37,4.529343,NA,NA,NA,NA
"434","Austin Seibert","DET","K","2562729","robust",NA,NA,NA,NA,NA,NA,NA,NA,NA,NA,NA,NA,NA,NA,NA,NA,NA,NA,NA,NA,NA,NA,NA,NA,NA,NA,NA,NA,NA,NA,NA,NA,NA,NA,NA,NA,NA,NA,0.0898830860322837,0.0706292561950809,5.44526794623542,2.802114,9.12625647082325,1.34215108157752,7.17428454882463,1.63086,2.18149495717216,1.01500291442403,32.09,5.811792,NA,NA,NA,NA
"435","Kaimi Fairbairn","HOU","K","2556521","robust",NA,NA,NA,NA,NA,NA,NA,NA,NA,NA,NA,NA,NA,NA,NA,NA,NA,NA,NA,NA,NA,NA,NA,NA,NA,NA,NA,NA,NA,NA,NA,NA,NA,NA,NA,NA,NA,NA,0.405095513914487,0.319845600904594,7.03,0.966024015590686,7.61272113148404,0.420507132717643,6.01127971357012,1.58487969331177,4.24441063060368,0.677260101447274,29.39,1.4826,NA,NA,NA,NA
"436","Riley Patterson","FA","K","2567013","robust",NA,NA,NA,NA,NA,NA,NA,NA,NA,NA,NA,NA,NA,NA,NA,NA,NA,NA,NA,NA,NA,NA,NA,NA,NA,NA,NA,NA,NA,NA,NA,NA,NA,NA,NA,NA,NA,NA,0.109227083333333,0.0370341125,6.50786802030457,0.551627231598986,8.07160321489002,1.29878017766497,6.5489741962775,1.07924949259729,1.75043675972927,0.467592848984772,30.5,6.37518,NA,NA,NA,NA
"437","Greg Zuerlein","NYJ","K","2534797","robust",NA,NA,NA,NA,NA,NA,NA,NA,NA,NA,NA,NA,NA,NA,NA,NA,NA,NA,NA,NA,NA,NA,NA,NA,NA,NA,NA,NA,NA,NA,NA,NA,NA,NA,NA,NA,NA,NA,0.266226963040674,0.034879208260705,6.92692188360159,0.756126,8.75775918297958,1.01967176468553,6.00029851085891,0.437367,2.31608503648184,0.325578409833951,31.0875,2.705745,NA,NA,NA,NA
"438","Graham Gano","NYG","K","71309","robust",NA,NA,NA,NA,NA,NA,NA,NA,NA,NA,NA,NA,NA,NA,NA,NA,NA,NA,NA,NA,NA,NA,NA,NA,NA,NA,NA,NA,NA,NA,NA,NA,NA,NA,NA,NA,NA,NA,0.299895847568681,0.0793650106951945,6.98045383646686,1.19207711334463,10.3472447277788,1.27700321817514,6.92995534078456,0.567570003750987,4.51823903917426,0.70661482051938,27.125,5.1891,NA,NA,NA,NA
"439","Joey Slye","WAS","K","2563132","robust",NA,NA,NA,NA,NA,NA,NA,NA,NA,NA,NA,NA,NA,NA,NA,NA,NA,NA,NA,NA,NA,NA,NA,NA,NA,NA,NA,NA,NA,NA,NA,NA,NA,NA,NA,NA,NA,NA,0.17125,0.055640069399267,9.3224117159566,1.04923912218355,8.03453321180233,1.319514,7.0666665907637,0.61364777612431,3.06361251091352,0.641632182639223,30.775,2.231313,NA,NA,NA,NA
"440","Eddy Pineiro","FA","K","2560842","robust",NA,NA,NA,NA,NA,NA,NA,NA,NA,NA,NA,NA,NA,NA,NA,NA,NA,NA,NA,NA,NA,NA,NA,NA,NA,NA,NA,NA,NA,NA,NA,NA,NA,NA,NA,NA,NA,NA,0.1686481842334,0.0183956454870271,7.41120963393523,0.720297601474848,7.81195876391047,0.495728057187201,7.52501098745613,0.556755885406771,3.11806375651534,0.251751108403916,28.995,4.89258,NA,NA,NA,NA
"441","Zane Gonzalez","CAR","K","2558178","robust",NA,NA,NA,NA,NA,NA,NA,NA,NA,NA,NA,NA,NA,NA,NA,NA,NA,NA,NA,NA,NA,NA,NA,NA,NA,NA,NA,NA,NA,NA,NA,NA,NA,NA,NA,NA,NA,NA,0.522262658227848,0.0695320632911393,8.1151582278481,1.08042129113924,9.04920490506329,1.20477671202532,8.19679794991745,0.489258,3.31173913043478,0.440912347826087,30.33,0.504084,"IR","Groin",0,2022
"442","Mike Badgley","JAC","K","2560965","robust",NA,NA,NA,NA,NA,NA,NA,NA,NA,NA,NA,NA,NA,NA,NA,NA,NA,NA,NA,NA,NA,NA,NA,NA,NA,NA,NA,NA,NA,NA,NA,NA,NA,NA,NA,NA,NA,NA,0.107821782178218,0.107011425742574,4.03133663366337,4.00103830693069,5.57079207920792,5.52892366336634,4.32485148514851,4.29234718811881,1.1800495049505,1.1711806039604,22.16,6.167616,NA,NA,NA,NA
"443","Ryan Santoso","FA","K","2561269","robust",NA,NA,NA,NA,NA,NA,NA,NA,NA,NA,NA,NA,NA,NA,NA,NA,NA,NA,NA,NA,NA,NA,NA,NA,NA,NA,NA,NA,NA,NA,NA,NA,NA,NA,NA,NA,NA,NA,NA,NA,NA,NA,NA,NA,3.125,4.262475,2.08333333333333,2.84165,13.5,15.5673,NA,NA,NA,NA
"444","James McCourt",NA,"K","2569215","robust",NA,NA,NA,NA,NA,NA,NA,NA,NA,NA,NA,NA,NA,NA,NA,NA,NA,NA,NA,NA,NA,NA,NA,NA,NA,NA,NA,NA,NA,NA,NA,NA,NA,NA,NA,NA,NA,NA,0.367968949383241,0.180923235644407,6.14282858358145,3.02031034198213,5.48198638877074,2.69538698000851,5.66221607826457,2.78400244236495,NA,NA,14.815,7.286979,NA,NA,NA,NA
