"","player","team","position","id","avg_type","pass_att","pass_att_sd","pass_comp","pass_comp_sd","pass_yds","pass_yds_sd","pass_tds","pass_tds_sd","pass_int","pass_int_sd","rush_att","rush_att_sd","rush_yds","rush_yds_sd","rush_tds","rush_tds_sd","fumbles_lost","fumbles_lost_sd","two_pts","two_pts_sd","return_tds","return_tds_sd","rec","rec_sd","rec_yds","rec_yds_sd","rec_tds","rec_tds_sd","dst_int","dst_int_sd","dst_sacks","dst_sacks_sd","dst_safety","dst_safety_sd","dst_td","dst_td_sd","dst_blk","dst_blk_sd","fg_0019","fg_0019_sd","fg_2029","fg_2029_sd","fg_3039","fg_3039_sd","fg_4049","fg_4049_sd","fg_50","fg_50_sd","xp","xp_sd","injury_status","injury_details","week","season_year"
"1","Justin Herbert","LAC","QB","2565045","robust",39.7500292974021,2.66868,26.1446636225052,1.03782,294.97,17.0499,2,0.133434,0.771508566294188,0.29652,3.9075,1.08429149960053,15.3125,3.40998,0.2,0.044478,0.17875,0.0630105,0.13,0,0,NA,NA,NA,NA,NA,NA,NA,NA,NA,NA,NA,NA,NA,NA,NA,NA,NA,NA,NA,NA,NA,NA,NA,NA,NA,NA,NA,NA,NA,NA,NA,NA,NA
"2","Tom Brady","TB","QB","2504211","robust",38.4267625234343,1.46340046897505,24.875,0.914776523743984,294.35,12.053538,2.225,0.22239,0.721806331713776,0.103782,1.6,0.121079,3.225,1.18608,0.105,0.014826,0.0975,0.00741300000000001,0.03,0,0,NA,NA,NA,NA,NA,NA,NA,NA,NA,NA,NA,NA,NA,NA,NA,NA,NA,NA,NA,NA,NA,NA,NA,NA,NA,NA,NA,NA,NA,NA,NA,NA,NA
"3","Patrick Mahomes","KC","QB","2558125","robust",37.7675,0.296520000000004,25.775,0.192737999999999,311.7,5.75248799999999,2.5,0.29652,0.560406979974217,0.117401222980451,3.91,0.029652,20.3,1.03782,0.155,0.103782,0.0725,0.0037065,0.13,0,0,NA,NA,NA,NA,NA,NA,NA,NA,NA,NA,NA,NA,NA,NA,NA,NA,NA,NA,NA,NA,NA,NA,NA,NA,NA,NA,NA,NA,NA,NA,NA,NA,NA
"4","Derek Carr","LVR","QB","2543499","robust",36.1052546149445,0.487748031533036,24.0675,0.192737999999999,285.2175,13.8326580000001,1.8,0.29652,0.6975,0.0596335409125358,2.45,0.14826,7.885,2.2239,0.1,0,0.2025,0.00741300000000001,0.03,0,0,NA,NA,NA,NA,NA,NA,NA,NA,NA,NA,NA,NA,NA,NA,NA,NA,NA,NA,NA,NA,NA,NA,NA,NA,NA,NA,NA,NA,NA,NA,NA,NA,NA
"5","Josh Allen","BUF","QB","2560955","robust",37.075,0.296520000000004,25.15,0.444780000000001,288.9475,12.45384,2.2,0.163086,0.480962657819844,0.14826,7.435,0.889559999999999,36.34,3.143112,0.5,0.044478,0.245,0.066717,0.03,0,0,NA,NA,NA,NA,NA,NA,NA,NA,NA,NA,NA,NA,NA,NA,NA,NA,NA,NA,NA,NA,NA,NA,NA,NA,NA,NA,NA,NA,NA,NA,NA,NA,NA
"6","Kirk Cousins","MIN","QB","2532820","robust",34.15,1.4826,22.75,1.33434,272.555,3.55823999999997,2,0.14826,0.885,0.153284164828743,1.6075,0.103782,7.3,1.734642,0.0225,0,0.18375,0.0481845,0.22,0,0,NA,NA,NA,NA,NA,NA,NA,NA,NA,NA,NA,NA,NA,NA,NA,NA,NA,NA,NA,NA,NA,NA,NA,NA,NA,NA,NA,NA,NA,NA,NA,NA,NA
"7","Matthew Stafford","LAR","QB","79860","robust",36.3335396600283,0.791943599832038,24.2686588772586,1.18608,281.13,13.93644,2,0.0889560000000001,0.715550520595702,0.0412131926592477,2.25,0.733887,6.5525,4.00302,0.08,0.044478,0.10875,0.0259455,0.06,0,0,NA,NA,NA,NA,NA,NA,NA,NA,NA,NA,NA,NA,NA,NA,NA,NA,NA,NA,NA,NA,NA,NA,NA,NA,NA,NA,NA,NA,NA,NA,NA,NA,NA
"8","Dak Prescott","DAL","QB","2555260","robust",38.0525,0.444779999999996,26.055,0.311346000000001,282.9675,2.66868000000002,2.0075,0.29652,0.853597621752707,0.0444779999999999,3.75445372708766,0.159846383120657,14.225,3.11346,0.1,0.029652,0.21,0.014826,0.19,0,0,NA,NA,NA,NA,NA,NA,NA,NA,NA,NA,NA,NA,NA,NA,NA,NA,NA,NA,NA,NA,NA,NA,NA,NA,NA,NA,NA,NA,NA,NA,NA,NA,NA
"9","Sam Darnold","CAR","QB","2561036","robust",35.1736893489348,2.609376,22.485,1.03782,255.795,27.887706,1.575,0.29652,0.777956950044735,0.14826,3.35,0.44478,12.845,6.37518,0.2425,0.103782,0.1975,0.00741300000000001,0.13,0,0,NA,NA,NA,NA,NA,NA,NA,NA,NA,NA,NA,NA,NA,NA,NA,NA,NA,NA,NA,NA,NA,NA,NA,NA,NA,NA,NA,NA,NA,NA,NA,NA,NA
"10","Russell Wilson","SEA","QB","2532975","robust",33.1891891563126,1.21813631370202,22.2512781577129,0.7413,259.725,13.86231,2,0.0889560000000001,0.455816250969913,0.0913763473759866,4.4,0.29652,24.0225,3.157938,0.1,0.014826,0.1125,0.037065,0.06,0,0,NA,NA,NA,NA,NA,NA,NA,NA,NA,NA,NA,NA,NA,NA,NA,NA,NA,NA,NA,NA,NA,NA,NA,NA,NA,NA,NA,NA,NA,NA,NA,NA,NA
"11","Ben Roethlisberger","PIT","QB","2506109","robust",38.55,1.868076,24.55,0.667169999999999,257,33.684672,1.46,0.22239,1.03,0.0893405625176625,1.55,0.3765804,2.868,0.96369,0.015,0,0.045,0.014826,0.19,0,0,NA,NA,NA,NA,NA,NA,NA,NA,NA,NA,NA,NA,NA,NA,NA,NA,NA,NA,NA,NA,NA,NA,NA,NA,NA,NA,NA,NA,NA,NA,NA,NA,NA
"12","Matt Ryan","ATL","QB","310","robust",38.275,1.18608000000001,25.4,0,267.3075,10.67472,1.7075,0.163086,0.8,0.0166611363570219,2.05,0.14826,6.475,1.03782,0.085,0,0.215,0.022239,0.13,0,0,NA,NA,NA,NA,NA,NA,NA,NA,NA,NA,NA,NA,NA,NA,NA,NA,NA,NA,NA,NA,NA,NA,NA,NA,NA,NA,NA,NA,NA,NA,NA,NA,NA
"13","Kyler Murray","ARI","QB","2562382","robust",36.0115927501905,0.0795103542700806,24,0.374880231615716,261.7275,6.36035400000003,1.6875,0.37065,0.95,0.016811570227206,6.7,0.355824,34.71,3.67684800000001,0.5,0.0593040000000001,0.1375,0.0555975,0.03,0,0,NA,NA,NA,NA,NA,NA,NA,NA,NA,NA,NA,NA,NA,NA,NA,NA,NA,NA,NA,NA,NA,NA,NA,NA,NA,NA,NA,NA,NA,NA,NA,NA,NA
"14","Aaron Rodgers","GB","QB","2506363","robust",33.305,1.63086,22.5022702176726,1.92738,260.005,23.187864,2.0875,0.14826,0.486738197849059,0.14826,2.425,0.14826,9.83,4.017846,0.1,0,0.0975,0.00741300000000001,0.1,0,0,NA,NA,NA,NA,NA,NA,NA,NA,NA,NA,NA,NA,NA,NA,NA,NA,NA,NA,NA,NA,NA,NA,NA,NA,NA,NA,NA,NA,NA,NA,NA,NA,NA
"15","Baker Mayfield","CLE","QB","2560800","robust",32.590585568819,1.4826,21.3519523477775,0.148259999999999,261.495,8.16171299999999,1.6,0.0889559999999999,0.836633722442036,0.14826,4.36822421812383,0.429954,14.545,1.4826,0.13,0.066717,0.14,0.07413,0.06,0,0,NA,NA,NA,NA,NA,NA,NA,NA,NA,NA,NA,NA,NA,NA,NA,NA,NA,NA,NA,NA,NA,NA,NA,NA,NA,NA,NA,NA,NA,NA,NA,NA,NA
"16","Taylor Heinicke","WAS","QB","2553656","robust",34.425,0.593039999999998,22.925,0.444780000000001,255.1,8.74734000000001,1.67,0.177912,0.982765247316823,0.0511044886561567,3.6,0.88956,16.4125,5.78214,0.2,0.044478,0.0825,0.0185325,0.11,0,0,NA,NA,NA,NA,NA,NA,NA,NA,NA,NA,NA,NA,NA,NA,NA,NA,NA,NA,NA,NA,NA,NA,NA,NA,NA,NA,NA,NA,NA,NA,NA,NA,NA
"17","Joe Burrow","CIN","QB","2563722","robust",33.39,0.504084000000005,22.5952972456376,0.385476000000002,257.6025,8.435994,1.955,0.0889560000000001,0.760799210115704,0.133434,3.05,0.44478,11.155,3.454458,0.15,0.07413,0.14,0.059304,0.05,0,0,NA,NA,NA,NA,NA,NA,NA,NA,NA,NA,NA,NA,NA,NA,NA,NA,NA,NA,NA,NA,NA,NA,NA,NA,NA,NA,NA,NA,NA,NA,NA,NA,NA
"18","Jalen Hurts","PHI","QB","2564832","robust",34.345,1.77912,20.6,0.7413,243.7,16.75338,1.5975,0.14826,0.85341591207297,0.14826,8.70528842831013,0.296519999999999,51.3075,11.8608,0.5125,0.177912,0.195,0.00741300000000001,0.07,0,0,NA,NA,NA,NA,NA,NA,NA,NA,NA,NA,NA,NA,NA,NA,NA,NA,NA,NA,NA,NA,NA,NA,NA,NA,NA,NA,NA,NA,NA,NA,NA,NA,NA
"19","Jimmy Garoppolo","SF","QB","2543801","robust",30.75,1.22995261442784,20.78,0.90934941842116,247.865,10.682133,1.68,0.29652,0.85,0.0869775569822725,3,0.830256,7.7,2.37216,0.1,0.029652,0.305,0.14826,0.13,0,0,NA,NA,NA,NA,NA,NA,NA,NA,NA,NA,NA,NA,NA,NA,NA,NA,NA,NA,NA,NA,NA,NA,NA,NA,NA,NA,NA,NA,NA,NA,NA,NA,NA
"20","Mac Jones","NE","QB","2566334","robust",34.7771399290723,1.53449099999999,23.1703426259119,0.437366999999997,240.55,16.649598,1.245,0.103782,1,0.0639188726588959,2.5162077901502,0.96369,9.95,5.515272,0.1,0.126021,0.08,0.044478,0.08,0,0,NA,NA,NA,NA,NA,NA,NA,NA,NA,NA,NA,NA,NA,NA,NA,NA,NA,NA,NA,NA,NA,NA,NA,NA,NA,NA,NA,NA,NA,NA,NA,NA,NA
"21","Teddy Bridgewater","DEN","QB","2543465","robust",33.8,2.43672091748229,22.5,1.1326213658989,253.89,9.57018300000002,1.465,0.163086,0.6,0.115500549687883,3.63261662918571,0.0741300000000001,15.655,0.163086,0.13,0.07413,0.09375,0.00926625000000001,0.03,0,0,NA,NA,NA,NA,NA,NA,NA,NA,NA,NA,NA,NA,NA,NA,NA,NA,NA,NA,NA,NA,NA,NA,NA,NA,NA,NA,NA,NA,NA,NA,NA,NA,NA
"22","Jared Goff","DET","QB","2555334","robust",35.225,0.7413,22.6,0.921887488053991,252.9875,5.88592200000004,1.23,0.281694,0.942380040649712,0.118608,2.7,0.44478,9.9,2.29803,0.1,0,0.2025,0.00741300000000001,0.13,0,0,NA,NA,NA,NA,NA,NA,NA,NA,NA,NA,NA,NA,NA,NA,NA,NA,NA,NA,NA,NA,NA,NA,NA,NA,NA,NA,NA,NA,NA,NA,NA,NA,NA
"23","Daniel Jones","NYG","QB","2562299","robust",33.8468169069832,1.39903149258661,20.4,1.38876293606948,229.095,12.631752,1,0,0.985873146327042,0.0418889465110564,5.98966516909455,0.383490318798305,33.2925,2.475942,0.1525,0.044478,0.39375,0.0185325,0.13,0,0,NA,NA,NA,NA,NA,NA,NA,NA,NA,NA,NA,NA,NA,NA,NA,NA,NA,NA,NA,NA,NA,NA,NA,NA,NA,NA,NA,NA,NA,NA,NA,NA,NA
"24","Carson Wentz","IND","QB","2555259","robust",33.6,1.24188985200594,20.42,0.659733957152982,233.765,15.34491,1.19,0.0889560000000001,0.964143339420858,0.037065,3.335,0.434600533465282,15.83,2.757636,0.1,0.044478,0.29125,0.0129727500000001,0.25,0,0,NA,NA,NA,NA,NA,NA,NA,NA,NA,NA,NA,NA,NA,NA,NA,NA,NA,NA,NA,NA,NA,NA,NA,NA,NA,NA,NA,NA,NA,NA,NA,NA,NA
"25","Trevor Lawrence","JAC","QB","2566163","robust",35.4,1.33434,22.2134399391912,0.533736000000002,240.55,4.85551499999999,1.46,0.0741300000000001,1.51,0.102529318035732,3.2,0.353947325797167,16.5,2.209074,0.095,0.044478,0.20625,0.12046125,0.08,0,0,NA,NA,NA,NA,NA,NA,NA,NA,NA,NA,NA,NA,NA,NA,NA,NA,NA,NA,NA,NA,NA,NA,NA,NA,NA,NA,NA,NA,NA,NA,NA,NA,NA
"26","Ryan Tannehill","TEN","QB","2532956","robust",30.5,0.889560000000002,20.28,0.530579973090665,233.3425,7.26474000000001,1.7425,0.14826,0.5625,0,3.76203577095863,0.122632312031011,19.6175,1.4826,0.2,0.163086,0.2325,0.0481845,0.13,0,0,NA,NA,NA,NA,NA,NA,NA,NA,NA,NA,NA,NA,NA,NA,NA,NA,NA,NA,NA,NA,NA,NA,NA,NA,NA,NA,NA,NA,NA,NA,NA,NA,NA
"27","Jameis Winston","NO","QB","2552033","robust",28.2,2.52042,18.45,1.26021,207.9,32.283615,1.52,0.266868,0.925,0.0615274799847466,4.135,0.14826,17.35,1.4826,0.17,0.07413,0.11875,0.02038575,0.16,0,0,NA,NA,NA,NA,NA,NA,NA,NA,NA,NA,NA,NA,NA,NA,NA,NA,NA,NA,NA,NA,NA,NA,NA,NA,NA,NA,NA,NA,NA,NA,NA,NA,NA
"28","Zach Wilson","NYJ","QB","2566391","robust",32.5421269593047,2.194248,19.81,0.72552991722694,224.9,5.29288199999999,1.2,0.22239,1.54496047932952,0.214918406653951,2.45,0.622692,11.275,1.682751,0.1,0.044478,0.0575,0.037065,0.11,0,0,NA,NA,NA,NA,NA,NA,NA,NA,NA,NA,NA,NA,NA,NA,NA,NA,NA,NA,NA,NA,NA,NA,NA,NA,NA,NA,NA,NA,NA,NA,NA,NA,NA
"29","Lamar Jackson","BAL","QB","2560757","robust",27.9816994535093,0.593039999999998,17.1501044633619,0.444780000000001,210.175,1.33433999999997,1.2575,0.192738,0.873609156764091,0.107070871636884,10.235,0.7413,63.05,6.53826600000001,0.415,0.088956,0.29125,0.0259455,0.03,0,0,NA,NA,NA,NA,NA,NA,NA,NA,NA,NA,NA,NA,NA,NA,NA,NA,NA,NA,NA,NA,NA,NA,NA,NA,NA,NA,NA,NA,NA,NA,NA,NA,NA
"30","Jacoby Brissett","MIA","QB","2555261","robust",33.8,0.93989443890335,20.75,1.15201097712185,230.03,2.83917900000001,1.195,0.0667169999999999,0.803580797257911,0.22239,3.73,0.81543,14.735,5.26323,0.21,0.044478,0.1125,0.022239,0.06,0,0,NA,NA,NA,NA,NA,NA,NA,NA,NA,NA,NA,NA,NA,NA,NA,NA,NA,NA,NA,NA,NA,NA,NA,NA,NA,NA,NA,NA,NA,NA,NA,NA,NA
"31","Davis Mills","HOU","QB","2566136","robust",31.9865950792907,1.601208,18.922918549083,1.77912,215.375,13.3434,1,0.0741300000000001,1,0.118608,2.245,0.946087658413927,10.05,3.380328,0.085,0.051891,0.10875,0.01297275,0.08,0,0,NA,NA,NA,NA,NA,NA,NA,NA,NA,NA,NA,NA,NA,NA,NA,NA,NA,NA,NA,NA,NA,NA,NA,NA,NA,NA,NA,NA,NA,NA,NA,NA,NA
"32","Justin Fields","CHI","QB","2565920","robust",30,1.18608,19.04,1.275036,215.905,10.22994,1.23,0.252042,0.815,0.054022025762265,6.61,0.756126000000001,31.305,5.1891,0.205,0.088956,0.13,0.044478,0.08,0,0,NA,NA,NA,NA,NA,NA,NA,NA,NA,NA,NA,NA,NA,NA,NA,NA,NA,NA,NA,NA,NA,NA,NA,NA,NA,NA,NA,NA,NA,NA,NA,NA,NA
"33","Nick Foles","CHI","QB","2532842","robust",10,1.33434,6.5,1.03782,63.4,23.42508,0.35,0.22239,0.25,0.07413,0.65,0.07413,0.6,0.29652,0,0,0.1,0,NA,NA,NA,NA,NA,NA,NA,NA,NA,NA,NA,NA,NA,NA,NA,NA,NA,NA,NA,NA,NA,NA,NA,NA,NA,NA,NA,NA,NA,NA,NA,NA,NA,NA,NA,NA
"34","Kyle Allen","WAS","QB","2561177","robust",2.95989486952167,1.12173008903522,1.94702036016892,0.713644923990958,20.59,7.427826,0.0925,0.07413,0.0975,0.07413,0.1,NA,0.525,0.32123,0.0133333333333333,0.0131786666666667,0.0525,0.066717,0.03,0,0,NA,NA,NA,NA,NA,NA,NA,NA,NA,NA,NA,NA,NA,NA,NA,NA,NA,NA,NA,NA,NA,NA,NA,NA,NA,NA,NA,NA,NA,NA,NA,NA,NA
"35","Drew Lock","DEN","QB","2562305","robust",4.475,3.7065,2.3,1.03782,26.15,12.45384,0.15,0,0.2,0.29652,0.45,0.14826,1.3,0.29652,0.0125,0,0.045,0.059304,0,NA,0,NA,NA,NA,NA,NA,NA,NA,NA,NA,NA,NA,NA,NA,NA,NA,NA,NA,NA,NA,NA,NA,NA,NA,NA,NA,NA,NA,NA,NA,NA,NA,NA,NA
"36","Trey Lance","SF","QB","2566532","robust",3.9,1.87844177238407,2.6,1.10528754566596,27.2,10.30407,0.15,0.096369,0.1,0.014826,1.725,0.484787408298649,8,4.091976,0.1,0.066717,0.0025,0.0037065,0.03,0,0,NA,NA,NA,NA,NA,NA,NA,NA,NA,NA,NA,NA,NA,NA,NA,NA,NA,NA,NA,NA,NA,NA,NA,NA,NA,NA,NA,NA,NA,NA,NA,NA,NA
"37","Taysom Hill","NO","QB","2558954","robust",3.06,1.423296,2,1.18608,21.48,12.720708,0.05,0.059304,0.05,0.07413,3.75,0.14826,18.5,3.40998,0.18,0.14826,0.133333333333333,0.04942,0,NA,0,NA,NA,NA,NA,NA,NA,NA,NA,NA,NA,NA,NA,NA,NA,NA,NA,NA,NA,NA,NA,NA,NA,NA,NA,NA,NA,NA,NA,NA,NA,NA,NA,NA
"38","David Blough","DET","QB","2563043","robust",3.75,3.11346,2.175,1.63086,22.125,12.6021,0.125,0,0.225,0.29652,0.45,0.14826,1.725,0.14826,0,0,0.025,0,0,NA,0,NA,NA,NA,NA,NA,NA,NA,NA,NA,NA,NA,NA,NA,NA,NA,NA,NA,NA,NA,NA,NA,NA,NA,NA,NA,NA,NA,NA,NA,NA,NA,NA,NA
"39","Brett Hundley","IND","QB","2552588","robust",12.7463020833333,5.41697253125,7.6944140625,3.2700017109375,29.845,12.683643,0.1,0,0.37,0.192738,1.3,1.77912,3.64,4.981536,0.01,0.014826,0.055,0.066717,0.02,0,NA,NA,NA,NA,NA,NA,NA,NA,NA,NA,NA,NA,NA,NA,NA,NA,NA,NA,NA,NA,NA,NA,NA,NA,NA,NA,NA,NA,NA,NA,NA,NA,NA,NA
"40","Brian Hoyer","NE","QB","81294","robust",2.335,2.475942,1.401,1.4855652,21.52,14.885304,0.06,0.044478,0.12,0.133434,0.45,0.66717,0.5,0.7413,0.0025,0,0.05,0.07413,0,NA,0,NA,NA,NA,NA,NA,NA,NA,NA,NA,NA,NA,NA,NA,NA,NA,NA,NA,NA,NA,NA,NA,NA,NA,NA,NA,NA,NA,NA,NA,NA,NA,NA,NA
"41","Derrick Henry","TEN","RB","2556075","robust",NA,NA,NA,NA,NA,NA,NA,NA,NA,NA,24.725,2.2239,114,17.0499,0.9,0.14826,0.1925,0.014826,0.06,0,0,NA,2.45,0.103782,20.93,3.55824,0.0575,0,NA,NA,NA,NA,NA,NA,NA,NA,NA,NA,NA,NA,NA,NA,NA,NA,NA,NA,NA,NA,NA,NA,NA,NA,NA,NA
"42","Joe Mixon","CIN","RB","2557976","robust",NA,NA,NA,NA,NA,NA,NA,NA,NA,NA,20.275,1.26021,87.735,3.7065,0.665,0.103782,0.097,0.0059304,0,NA,0,NA,2.95,0.14826,21.8,1.942206,0.135,0.088956,NA,NA,NA,NA,NA,NA,NA,NA,NA,NA,NA,NA,NA,NA,NA,NA,NA,NA,NA,NA,NA,NA,NA,NA,NA,NA
"43","Nick Chubb","CLE","RB","2561021","robust",NA,NA,NA,NA,NA,NA,NA,NA,NA,NA,16.05,1.18608,83.335,10.22994,0.7,0.103782,0.112,0.029652,0,NA,0,NA,1.85,0.103782,15.18,1.275036,0.07,0.044478,NA,NA,NA,NA,NA,NA,NA,NA,NA,NA,NA,NA,NA,NA,NA,NA,NA,NA,NA,NA,NA,NA,NA,NA,NA,NA
"44","Dalvin Cook","MIN","RB","2557991","robust",NA,NA,NA,NA,NA,NA,NA,NA,NA,NA,18.05,1.015581,81.44,5.404077,0.725,0.0593039999999999,0.19375,0.00926625000000001,0.09,0,0,NA,3.2,0.244629,27.59,3.18759,0.065,0.081543,NA,NA,NA,NA,NA,NA,NA,NA,NA,NA,NA,NA,NA,NA,NA,NA,NA,NA,NA,NA,NA,NA,NA,NA,NA,NA
"45","Jonathan Taylor","IND","RB","2564148","robust",NA,NA,NA,NA,NA,NA,NA,NA,NA,NA,15.1,1.304688,70,4.74432,0.55,0.07413,0.095,0.037065,0,NA,0,NA,2.415,0.266868,19.45,2.905896,0.05,0.059304,NA,NA,NA,NA,NA,NA,NA,NA,NA,NA,NA,NA,NA,NA,NA,NA,NA,NA,NA,NA,NA,NA,NA,NA,NA,NA
"46","David Montgomery","CHI","RB","2562502","robust",NA,NA,NA,NA,NA,NA,NA,NA,NA,NA,17.0039292929791,0.7413,69.175,4.74431999999998,0.585,0.044478,0.1005,0.0029652,0.03,0,0,NA,2.745,0.163086,23.345,0.978516,0.1,0,NA,NA,NA,NA,NA,NA,NA,NA,NA,NA,NA,NA,NA,NA,NA,NA,NA,NA,NA,NA,NA,NA,NA,NA,NA,NA
"47","Ezekiel Elliott","DAL","RB","2555224","robust",NA,NA,NA,NA,NA,NA,NA,NA,NA,NA,15.725,1.4826,67,2.9652,0.6,0,0.152,0.0711648,0,NA,0,NA,2.655,0.326172,20.8425,1.03782,0.1,0,NA,NA,NA,NA,NA,NA,NA,NA,NA,NA,NA,NA,NA,NA,NA,NA,NA,NA,NA,NA,NA,NA,NA,NA,NA,NA
"48","Saquon Barkley","NYG","RB","2560968","robust",NA,NA,NA,NA,NA,NA,NA,NA,NA,NA,15.685,0.978516,62.055,6.25657200000001,0.45,0.103782,0.10375,0.0111195,0.03,0,0,NA,3.4575,0.548562,26.5,3.11346,0.1,0,NA,NA,NA,NA,NA,NA,NA,NA,NA,NA,NA,NA,NA,NA,NA,NA,NA,NA,NA,NA,NA,NA,NA,NA,NA,NA
"49","Najee Harris","PIT","RB","2566448","robust",NA,NA,NA,NA,NA,NA,NA,NA,NA,NA,13.8238091958049,0.967220972599311,54.98,3.988194,0.295,0.014826,0.097,0.0059304,0.01,0,0,NA,5,0.533736,40.275,4.195758,0.2,0,NA,NA,NA,NA,NA,NA,NA,NA,NA,NA,NA,NA,NA,NA,NA,NA,NA,NA,NA,NA,NA,NA,NA,NA,NA,NA
"50","Alvin Kamara","NO","RB","2558019","robust",NA,NA,NA,NA,NA,NA,NA,NA,NA,NA,16.03,0.444780000000001,73.3,2.52042,0.65,0.118608,0.0955,0.00889560000000001,0.03,0,0,NA,4.85,0.44478,39.75,8.421168,0.2925,0,NA,NA,NA,NA,NA,NA,NA,NA,NA,NA,NA,NA,NA,NA,NA,NA,NA,NA,NA,NA,NA,NA,NA,NA,NA,NA
"51","Antonio Gibson","WAS","RB","2565276","robust",NA,NA,NA,NA,NA,NA,NA,NA,NA,NA,15.625,0.593039999999998,67.825,5.48562,0.575,0.163086,0.131,0.0474432,0.01,0,0,NA,2.295,0.281694,19.925,0.222389999999998,0.1,0,NA,NA,NA,NA,NA,NA,NA,NA,NA,NA,NA,NA,NA,NA,NA,NA,NA,NA,NA,NA,NA,NA,NA,NA,NA,NA
"52","Aaron Jones","GB","RB","2558116","robust",NA,NA,NA,NA,NA,NA,NA,NA,NA,NA,15.05,0.7413,70.5325,4.89258,0.675,0.0741299999999999,0.1005,0.0029652,0,NA,0,NA,3.21,0.237216,26.075,1.03782,0.205,0.044478,NA,NA,NA,NA,NA,NA,NA,NA,NA,NA,NA,NA,NA,NA,NA,NA,NA,NA,NA,NA,NA,NA,NA,NA,NA,NA
"53","Chris Carson","SEA","RB","2558865","robust",NA,NA,NA,NA,NA,NA,NA,NA,NA,NA,15.4993776037758,0.103782,68.8475,1.70498999999999,0.6,0.0889559999999999,0.11,0,0.03,0,0,NA,2.45,0.14826,17.365,0.7413,0.1,0,NA,NA,NA,NA,NA,NA,NA,NA,NA,NA,NA,NA,NA,NA,NA,NA,NA,NA,NA,NA,NA,NA,NA,NA,NA,NA
"54","James Robinson","JAC","RB","2564223","robust",NA,NA,NA,NA,NA,NA,NA,NA,NA,NA,15.3960626527924,0.59304,66.85,3.40998,0.345,0.088956,0.10375,0.0111195,0.04,0,0,NA,3.7875,0.148259999999999,27.325,0.593039999999998,0.1,0,NA,NA,NA,NA,NA,NA,NA,NA,NA,NA,NA,NA,NA,NA,NA,NA,NA,NA,NA,NA,NA,NA,NA,NA,NA,NA
"55","Miles Sanders","PHI","RB","2562722","robust",NA,NA,NA,NA,NA,NA,NA,NA,NA,NA,13.0439462041935,0.572363357662761,63.345,7.494543,0.4,0.14826,0.08875,0.00926625000000001,0.1,0,0,NA,2.78,0.200151,24.05,1.267623,0.09,0.014826,NA,NA,NA,NA,NA,NA,NA,NA,NA,NA,NA,NA,NA,NA,NA,NA,NA,NA,NA,NA,NA,NA,NA,NA,NA,NA
"56","Clyde Edwards-Helaire","KC","RB","2564271","robust",NA,NA,NA,NA,NA,NA,NA,NA,NA,NA,14.935,0.805655945263398,63.58,2.14977,0.335,0.103782,0.155,0.0652344,0,NA,0,NA,2.4,0.266868,18.15,0.7413,0.1025,0.014826,NA,NA,NA,NA,NA,NA,NA,NA,NA,NA,NA,NA,NA,NA,NA,NA,NA,NA,NA,NA,NA,NA,NA,NA,NA,NA
"57","Alexander Mattison","MIN","RB","2562682","robust",NA,NA,NA,NA,NA,NA,NA,NA,NA,NA,8.1,4.677603,24.8,9.822225,0.15,0.07413,0.03375,0.01297275,0,NA,0,NA,1.2,0.22239,9.64,5.404077,0.025,0.037065,NA,NA,NA,NA,NA,NA,NA,NA,NA,NA,NA,NA,NA,NA,NA,NA,NA,NA,NA,NA,NA,NA,NA,NA,NA,NA
"58","Damien Harris","NE","RB","2562281","robust",NA,NA,NA,NA,NA,NA,NA,NA,NA,NA,13.9680061240627,1.7316858795353,60,6.59757,0.3,0.037065,0.11125,0.01667925,0.01,0,0,NA,1.19,0.29652,8.6,3.365502,0.02,0.022239,NA,NA,NA,NA,NA,NA,NA,NA,NA,NA,NA,NA,NA,NA,NA,NA,NA,NA,NA,NA,NA,NA,NA,NA,NA,NA
"59","Chuba Hubbard","CAR","RB","2565899","robust",NA,NA,NA,NA,NA,NA,NA,NA,NA,NA,14.3,1.03782,56.8,2.9652,0.375,0.192738,0.113333333333333,0.019768,0.01,0,0,NA,3,0.44478,23.515,0.7413,0.085,0.044478,NA,NA,NA,NA,NA,NA,NA,NA,NA,NA,NA,NA,NA,NA,NA,NA,NA,NA,NA,NA,NA,NA,NA,NA,NA,NA
"60","Josh Jacobs","LVR","RB","2562377","robust",NA,NA,NA,NA,NA,NA,NA,NA,NA,NA,10.1,0.7413,45.34,4.803624,0.38,0.118608,0.0825,0.0259455,0,NA,0,NA,1.4,0.14826,10.31,1.882902,0.02,0,NA,NA,NA,NA,NA,NA,NA,NA,NA,NA,NA,NA,NA,NA,NA,NA,NA,NA,NA,NA,NA,NA,"Q","Ankle",4,2021
"61","Trey Sermon","SF","RB","2566544","robust",NA,NA,NA,NA,NA,NA,NA,NA,NA,NA,13.8,1.378818,55.34,3.7065,0.55,0.029652,0.13,0.044478,0.01,0,0,NA,1.6,0.504084,14,4.4478,0.08,0.029652,NA,NA,NA,NA,NA,NA,NA,NA,NA,NA,NA,NA,NA,NA,NA,NA,NA,NA,NA,NA,NA,NA,NA,NA,NA,NA
"62","Melvin Gordon","DEN","RB","2552469","robust",NA,NA,NA,NA,NA,NA,NA,NA,NA,NA,12.7,0.444779999999998,55.9975,2.950374,0.5,0,0.112,0.029652,0,NA,0,NA,2.285,0.192738,17,4.344018,0.0525,0.029652,NA,NA,NA,NA,NA,NA,NA,NA,NA,NA,NA,NA,NA,NA,NA,NA,NA,NA,NA,NA,NA,NA,NA,NA,NA,NA
"63","Austin Ekeler","LAC","RB","2559169","robust",NA,NA,NA,NA,NA,NA,NA,NA,NA,NA,12.6338974859278,1.33434,59.52,4.803624,0.405,0.14826,0.091,0.0177912,0.03,0,0,NA,5.345,0.44478,46.175,2.757636,0.325,0.14826,NA,NA,NA,NA,NA,NA,NA,NA,NA,NA,NA,NA,NA,NA,NA,NA,NA,NA,NA,NA,NA,NA,NA,NA,NA,NA
"64","D'Andre Swift","DET","RB","2563965","robust",NA,NA,NA,NA,NA,NA,NA,NA,NA,NA,11.9787855686071,1.4826,48.4,13.93644,0.475,0.07413,0.115,0.0385476,0,NA,0,NA,4.65,0.44478,38.07,6.908916,0.175,0,NA,NA,NA,NA,NA,NA,NA,NA,NA,NA,NA,NA,NA,NA,NA,NA,NA,NA,NA,NA,NA,NA,NA,NA,NA,NA
"65","Michael Carter","NYJ","RB","2566382","robust",NA,NA,NA,NA,NA,NA,NA,NA,NA,NA,11.185,0.815429999999998,46.105,6.15279,0.2,0.155673,0.065,0.029652,0.01,0,0,NA,2.15,0.348411,17.53,1.638273,0.065,0.00741300000000001,NA,NA,NA,NA,NA,NA,NA,NA,NA,NA,NA,NA,NA,NA,NA,NA,NA,NA,NA,NA,NA,NA,NA,NA,NA,NA
"66","Darrell Henderson","LAR","RB","2562574","robust",NA,NA,NA,NA,NA,NA,NA,NA,NA,NA,12.3701400461852,1.03782,54.745,2.29803,0.43,0.07413,0.05,0,0.01,0,0,NA,1.52,0.400302,12.515,2.639028,0.05,0.051891,NA,NA,NA,NA,NA,NA,NA,NA,NA,NA,NA,NA,NA,NA,NA,NA,NA,NA,NA,NA,NA,NA,NA,NA,NA,NA
"67","Javonte Williams","DEN","RB","2566049","robust",NA,NA,NA,NA,NA,NA,NA,NA,NA,NA,10.74,1.33434,45.55,5.11497,0.25,0.07413,0.10875,0.01297275,0,NA,0,NA,1.85,0.22239,15,1.77912,0.06,0.051891,NA,NA,NA,NA,NA,NA,NA,NA,NA,NA,NA,NA,NA,NA,NA,NA,NA,NA,NA,NA,NA,NA,NA,NA,NA,NA
"68","Mike Davis","ATL","RB","2553439","robust",NA,NA,NA,NA,NA,NA,NA,NA,NA,NA,12.565,0.59304,47.475,4.4478,0.3,0.051891,0.095,0.037065,0,NA,0,NA,3.5,0.459606,22.61,2.164596,0.08,0.022239,NA,NA,NA,NA,NA,NA,NA,NA,NA,NA,NA,NA,NA,NA,NA,NA,NA,NA,NA,NA,NA,NA,NA,NA,NA,NA
"69","Sony Michel","LAR","RB","2560809","robust",NA,NA,NA,NA,NA,NA,NA,NA,NA,NA,9.9,3.098634,43.225,14.470176,0.3,0.118608,0.0575,0.059304,0,NA,0,NA,1.1,0.155673,7.745,2.083053,0.04,0.044478,NA,NA,NA,NA,NA,NA,NA,NA,NA,NA,NA,NA,NA,NA,NA,NA,NA,NA,NA,NA,NA,NA,NA,NA,NA,NA
"70","Zack Moss","BUF","RB","2563617","robust",NA,NA,NA,NA,NA,NA,NA,NA,NA,NA,10.915,1.32979404007783,49.58,7.479717,0.52,0.126021,0.08,0.066717,0,NA,0,NA,1.595,0.689409,12.6,4.974123,0.085,0.022239,NA,NA,NA,NA,NA,NA,NA,NA,NA,NA,NA,NA,NA,NA,NA,NA,NA,NA,NA,NA,NA,NA,NA,NA,NA,NA
"71","Latavius Murray","BAL","RB","2541161","robust",NA,NA,NA,NA,NA,NA,NA,NA,NA,NA,10.45,2.29803,46.29,13.71405,0.285,0.126021,0.04,0.014826,0,NA,0,NA,0.9,0.385476,5.85,3.18759,0.02,0.022239,NA,NA,NA,NA,NA,NA,NA,NA,NA,NA,NA,NA,NA,NA,NA,NA,NA,NA,NA,NA,NA,NA,NA,NA,NA,NA
"72","Myles Gaskin","MIA","RB","2562270","robust",NA,NA,NA,NA,NA,NA,NA,NA,NA,NA,11.93,0.81543,51.6,6.38259299999999,0.3,0.111195,0.13,0.022239,0.01,0,0,NA,3.3,0.326172,25.4,1.85325,0.1,0.037065,NA,NA,NA,NA,NA,NA,NA,NA,NA,NA,NA,NA,NA,NA,NA,NA,NA,NA,NA,NA,NA,NA,NA,NA,NA,NA
"73","Devin Singletary","BUF","RB","2562734","robust",NA,NA,NA,NA,NA,NA,NA,NA,NA,NA,10.4910336139795,0.465486563914002,48.08,2.950374,0.2,0.081543,0.0725,0.029652,0,NA,0,NA,2.05,0.0741300000000001,14,1.438122,0.05,0.0384745856492581,NA,NA,NA,NA,NA,NA,NA,NA,NA,NA,NA,NA,NA,NA,NA,NA,NA,NA,NA,NA,NA,NA,NA,NA,NA,NA
"74","Leonard Fournette","TB","RB","2557973","robust",NA,NA,NA,NA,NA,NA,NA,NA,NA,NA,11.75,1.85077415182959,46.7,6.86443799999999,0.3,0.059304,0.07,0.022239,0,NA,0,NA,3.625,0.37065,26,4.292127,0.075,0.059304,NA,NA,NA,NA,NA,NA,NA,NA,NA,NA,NA,NA,NA,NA,NA,NA,NA,NA,NA,NA,NA,NA,NA,NA,NA,NA
"75","James Conner","ARI","RB","2557978","robust",NA,NA,NA,NA,NA,NA,NA,NA,NA,NA,9.725,0.59304,39.5,4.58123399999999,0.3,0.059304,0.072,0.0415128,0,NA,0,NA,1.165,0.400302,7.2875,5.1891,0.0225,0,NA,NA,NA,NA,NA,NA,NA,NA,NA,NA,NA,NA,NA,NA,NA,NA,NA,NA,NA,NA,NA,NA,NA,NA,NA,NA
"76","Ronald Jones","TB","RB","2560770","robust",NA,NA,NA,NA,NA,NA,NA,NA,NA,NA,8.655,1.564143,37.365,5.604228,0.245,0.103782,0.0875,0.0111195,0,NA,0,NA,0.745,0.259455,5.83,2.957787,0.015,0.014826,NA,NA,NA,NA,NA,NA,NA,NA,NA,NA,NA,NA,NA,NA,NA,NA,NA,NA,NA,NA,NA,NA,NA,NA,NA,NA
"77","Kareem Hunt","CLE","RB","2557917","robust",NA,NA,NA,NA,NA,NA,NA,NA,NA,NA,9.29,2.579724,42.1775,9.93342,0.3,0.044478,0.0875,0.037065,0.03,0,0,NA,2.9425,0.59304,24.975,3.914064,0.1625,0,NA,NA,NA,NA,NA,NA,NA,NA,NA,NA,NA,NA,NA,NA,NA,NA,NA,NA,NA,NA,NA,NA,NA,NA,NA,NA
"78","Peyton Barber","LVR","RB","2556466","robust",NA,NA,NA,NA,NA,NA,NA,NA,NA,NA,8.65,2.972613,33.05,11.097261,0.195,0.037065,0.055,0.059304,0.03,0,0,NA,0.665,0.51891,4.205,3.543414,0.01,0,NA,NA,NA,NA,NA,NA,NA,NA,NA,NA,NA,NA,NA,NA,NA,NA,NA,NA,NA,NA,NA,NA,NA,NA,NA,NA
"79","Tony Pollard","DAL","RB","2562699","robust",NA,NA,NA,NA,NA,NA,NA,NA,NA,NA,8,0.719060999999999,39.58,8.035692,0.205,0.096369,0.0575,0.051891,0.03,0,0,NA,2.4,0.415127999999999,18,1.267623,0.1,0.029652,NA,NA,NA,NA,NA,NA,NA,NA,NA,NA,NA,NA,NA,NA,NA,NA,NA,NA,NA,NA,NA,NA,NA,NA,NA,NA
"80","Mark Ingram","HOU","RB","2495466","robust",NA,NA,NA,NA,NA,NA,NA,NA,NA,NA,10,1.267623,39.15,2.045988,0.225,0.07413,0.0825,0.022239,0.06,0,0,NA,1.1,0.0741300000000001,7.4,1.601208,0.03,0.037065,NA,NA,NA,NA,NA,NA,NA,NA,NA,NA,NA,NA,NA,NA,NA,NA,NA,NA,NA,NA,NA,NA,NA,NA,NA,NA
"81","Jamaal Williams","DET","RB","2558204","robust",NA,NA,NA,NA,NA,NA,NA,NA,NA,NA,10,0.0722379662307008,39.285,3.669435,0.24,0.066717,0.0366666666666667,0.019768,0.04,0,0,NA,2.9,0.533736,22.28,3.63237,0.06,0.044478,NA,NA,NA,NA,NA,NA,NA,NA,NA,NA,NA,NA,NA,NA,NA,NA,NA,NA,NA,NA,NA,NA,NA,NA,NA,NA
"82","Chase Edmonds","ARI","RB","2560711","robust",NA,NA,NA,NA,NA,NA,NA,NA,NA,NA,9,1.33642915328501,37.69,3.7065,0.2,0.00741299999999999,0.0666666666666667,0.02471,0.01,0,0,NA,3.955,0.44478,32.055,5.811792,0.145,0.07413,NA,NA,NA,NA,NA,NA,NA,NA,NA,NA,NA,NA,NA,NA,NA,NA,NA,NA,NA,NA,NA,NA,NA,NA,NA,NA
"83","Cordarrelle Patterson","ATL","RB","2540145","robust",NA,NA,NA,NA,NA,NA,NA,NA,NA,NA,6.42895180729702,2.27148610100287,28.67,10.570938,0.195,0.07413,0.03,0.027181,0,NA,0,NA,2.8575,0.363237,26.745,6.612396,0.1,0,NA,NA,NA,NA,NA,NA,NA,NA,NA,NA,NA,NA,NA,NA,NA,NA,NA,NA,NA,NA,NA,NA,NA,NA,NA,NA
"84","LeVeon Bell","BAL","RB","2540175","robust",NA,NA,NA,NA,NA,NA,NA,NA,NA,NA,4.35673430198056,0.474432,20.065,5.381838,0.1,0.07413,0.0333333333333333,0.04942,0,NA,0,NA,1,0.504084,7.645,4.4478,0.01,0.014826,NA,NA,NA,NA,NA,NA,NA,NA,NA,NA,NA,NA,NA,NA,NA,NA,NA,NA,NA,NA,NA,NA,NA,NA,NA,NA
"85","J.J. Taylor","NE","RB","2564640","robust",NA,NA,NA,NA,NA,NA,NA,NA,NA,NA,5.5,1.72992804336577,22.42,9.132816,0.105,0,0.02,0.029652,0,NA,0,NA,1.045,0.44478,7.15,2.07564,0.03,0.044478,NA,NA,NA,NA,NA,NA,NA,NA,NA,NA,NA,NA,NA,NA,NA,NA,NA,NA,NA,NA,NA,NA,NA,NA,NA,NA
"86","AJ Dillon","GB","RB","2563986","robust",NA,NA,NA,NA,NA,NA,NA,NA,NA,NA,6.6037897919058,1.63086,28.245,6.59757,0.1,0.118608,0.025,0.022239,0,NA,0,NA,0.88,0.170499,6.42,1.289862,0.015,0.014826,NA,NA,NA,NA,NA,NA,NA,NA,NA,NA,NA,NA,NA,NA,NA,NA,NA,NA,NA,NA,NA,NA,NA,NA,NA,NA
"87","Kenyan Drake","LVR","RB","2555230","robust",NA,NA,NA,NA,NA,NA,NA,NA,NA,NA,7.59625861326461,0.168632979973889,30,3.254307,0.2,0.00741300000000001,0.0625,0.051891,0.03,0,0,NA,2.85,0.66717,23.05,4.37367,0.05,0.051891,NA,NA,NA,NA,NA,NA,NA,NA,NA,NA,NA,NA,NA,NA,NA,NA,NA,NA,NA,NA,NA,NA,NA,NA,NA,NA
"88","Nyheim Hines","IND","RB","2560742","robust",NA,NA,NA,NA,NA,NA,NA,NA,NA,NA,6.1,0.864045774724905,24.3,3.33585,0.2,0.066717,0.0666666666666667,0.02471,0,NA,0,NA,3.475,0.37065,30.265,4.15128,0.1,0.022239,NA,NA,NA,NA,NA,NA,NA,NA,NA,NA,NA,NA,NA,NA,NA,NA,NA,NA,NA,NA,NA,NA,NA,NA,NA,NA
"89","Kenneth Gainwell","PHI","RB","2566397","robust",NA,NA,NA,NA,NA,NA,NA,NA,NA,NA,4.95,0.752500108211382,21.12,5.811792,0.15,0.051891,0.0275,0.0111195,0.03,0,0,NA,2.06,0.363237,17.735,2.59455,0.05,0.00741300000000001,NA,NA,NA,NA,NA,NA,NA,NA,NA,NA,NA,NA,NA,NA,NA,NA,NA,NA,NA,NA,NA,NA,NA,NA,NA,NA
"90","Ty Johnson","NYJ","RB","2562293","robust",NA,NA,NA,NA,NA,NA,NA,NA,NA,NA,6.6,0.49364422274317,28.33,1.074885,0.095,0.096369,0.055,0.066717,0,NA,0,NA,1.35,0.266868,10.75,1.467774,0.05,0.029652,NA,NA,NA,NA,NA,NA,NA,NA,NA,NA,NA,NA,NA,NA,NA,NA,NA,NA,NA,NA,NA,NA,NA,NA,NA,NA
"91","Wayne Gallman","ATL","RB","2557952","robust",NA,NA,NA,NA,NA,NA,NA,NA,NA,NA,1.55,1.223145,5.55,4.366257,0.075,0.07413,0.005,0.004942,0,NA,0,NA,0.275,0.185325,1.2,0.659757,0,0,NA,NA,NA,NA,NA,NA,NA,NA,NA,NA,NA,NA,NA,NA,NA,NA,NA,NA,NA,NA,NA,NA,NA,NA,NA,NA
"92","Phillip Lindsay","HOU","RB","2559947","robust",NA,NA,NA,NA,NA,NA,NA,NA,NA,NA,5.74458174469282,0.76415910531842,22.35,6.842199,0.1,0.029652,0.02625,0.01667925,0,NA,0,NA,0.76,0.229803,5.53,0.993342,0.05,0.022239,NA,NA,NA,NA,NA,NA,NA,NA,NA,NA,NA,NA,NA,NA,NA,NA,NA,NA,NA,NA,NA,NA,NA,NA,NA,NA
"93","Royce Freeman","CAR","RB","2560733","robust",NA,NA,NA,NA,NA,NA,NA,NA,NA,NA,5.4,0.800604,21,0.815430000000001,0.1,0.037065,0.0333333333333333,0.02471,0,NA,0,NA,1.2,0.29652,7.81,1.85325,0.025,0.014826,NA,NA,NA,NA,NA,NA,NA,NA,NA,NA,NA,NA,NA,NA,NA,NA,NA,NA,NA,NA,NA,NA,NA,NA,NA,NA
"94","Malcolm Brown","MIA","RB","2552382","robust",NA,NA,NA,NA,NA,NA,NA,NA,NA,NA,6.1484730950122,0.985929000000001,22.5,5.1891,0.2,0.081543,0.0833333333333333,0.012355,0,NA,0,NA,0.61,0.133434,4.35,1.11195,0.01,0,NA,NA,NA,NA,NA,NA,NA,NA,NA,NA,NA,NA,NA,NA,NA,NA,NA,NA,NA,NA,NA,NA,NA,NA,NA,NA
"95","Marlon Mack","IND","RB","2558123","robust",NA,NA,NA,NA,NA,NA,NA,NA,NA,NA,2.1975,0.014826,10.1,1.26021,0.09,0.044478,0,0,0,NA,0,NA,0.385,0.059304,2.7475,0.578214,0.005,0,NA,NA,NA,NA,NA,NA,NA,NA,NA,NA,NA,NA,NA,NA,NA,NA,NA,NA,NA,NA,NA,NA,NA,NA,NA,NA
"96","Jordan Wilkins","IND","RB","2560933","robust",NA,NA,NA,NA,NA,NA,NA,NA,NA,NA,1.9375,1.70499,8.46,5.278056,0.025,0,0.005,0.007413,0,NA,0,NA,0.66,0.533736,4.43,2.045988,0,0,NA,NA,NA,NA,NA,NA,NA,NA,NA,NA,NA,NA,NA,NA,NA,NA,NA,NA,NA,NA,NA,NA,NA,NA,NA,NA
"97","Tony Jones","NO","RB","2564679","robust",NA,NA,NA,NA,NA,NA,NA,NA,NA,NA,5.4,0.778754487980768,22.4,3.03933,0.075,0.059304,0.01,0.014826,0,NA,0,NA,1.1,0.0593040000000001,7.95,1.4826,0.025,0,NA,NA,NA,NA,NA,NA,NA,NA,NA,NA,NA,NA,NA,NA,NA,NA,NA,NA,NA,NA,NA,NA,NA,NA,NA,NA
"98","David Johnson","HOU","RB","2553435","robust",NA,NA,NA,NA,NA,NA,NA,NA,NA,NA,4.71023674724343,1.11195,19.43,4.358844,0.1,0.029652,0.0466666666666667,0.004942,0,NA,0,NA,2.04,0.44478,16.985,3.40998,0.1,0.081543,NA,NA,NA,NA,NA,NA,NA,NA,NA,NA,NA,NA,NA,NA,NA,NA,NA,NA,NA,NA,NA,NA,NA,NA,NA,NA
"99","Justin Jackson","LAC","RB","2560756","robust",NA,NA,NA,NA,NA,NA,NA,NA,NA,NA,4.20935044541639,0.769025940748673,19.78,3.691674,0.09,0.029652,0.00666666666666667,0.009884,0,NA,0,NA,1.03,0.192738,8.05,2.624202,0.03,0.044478,NA,NA,NA,NA,NA,NA,NA,NA,NA,NA,NA,NA,NA,NA,NA,NA,NA,NA,NA,NA,NA,NA,NA,NA,NA,NA
"100","Dare Ogunbowale","JAC","RB","2559362","robust",NA,NA,NA,NA,NA,NA,NA,NA,NA,NA,3.17,0.696822,13.81,5.500446,0.075,0.044478,0.1,0.103782,0,NA,0,NA,1.1,0.29652,7.43,0.59304,0.01,0,NA,NA,NA,NA,NA,NA,NA,NA,NA,NA,NA,NA,NA,NA,NA,NA,NA,NA,NA,NA,NA,NA,NA,NA,NA,NA
"101","J.D. McKissic","WAS","RB","2556440","robust",NA,NA,NA,NA,NA,NA,NA,NA,NA,NA,4.38,0.59304,18.41,3.157938,0.15,0.088956,0.065,0,0,NA,0,NA,3.35,0.830255999999999,25.985,2.253552,0.095,0.029652,NA,NA,NA,NA,NA,NA,NA,NA,NA,NA,NA,NA,NA,NA,NA,NA,NA,NA,NA,NA,NA,NA,NA,NA,NA,NA
"102","Boston Scott","PHI","RB","2561146","robust",NA,NA,NA,NA,NA,NA,NA,NA,NA,NA,1.4,0.647595091682785,6.75,4.507104,0.05,0.059304,0,0,0,NA,0,NA,0.6,0.44478,4.66,3.973368,0.02,0,NA,NA,NA,NA,NA,NA,NA,NA,NA,NA,NA,NA,NA,NA,NA,NA,NA,NA,NA,NA,NA,NA,NA,NA,NA,NA
"103","Ameer Abdullah","MIN","RB","2552374","robust",NA,NA,NA,NA,NA,NA,NA,NA,NA,NA,1.4,0.681996,6,3.202416,0.01,0.014826,0.0775,0.1000755,0,NA,0,NA,0.6,0.044478,4.61,0.934038,0.04,0.029652,NA,NA,NA,NA,NA,NA,NA,NA,NA,NA,NA,NA,NA,NA,NA,NA,NA,NA,NA,NA,NA,NA,NA,NA,NA,NA
"104","Darrel Williams","KC","RB","2560935","robust",NA,NA,NA,NA,NA,NA,NA,NA,NA,NA,4.85,0.86320174517107,19,2.461116,0.185,0.044478,0.03125,0.02409225,0,NA,0,NA,1,0.185325,7.15,1.70499,0.02,0.007413,NA,NA,NA,NA,NA,NA,NA,NA,NA,NA,NA,NA,NA,NA,NA,NA,NA,NA,NA,NA,NA,NA,NA,NA,NA,NA
"105","Samaje Perine","CIN","RB","2558138","robust",NA,NA,NA,NA,NA,NA,NA,NA,NA,NA,3.5,0.516124223558413,14.735,2.720571,0.105,0.044478,0.01,0.007413,0,NA,0,NA,0.87,0.192738,6,0.378063,0.015,0,NA,NA,NA,NA,NA,NA,NA,NA,NA,NA,NA,NA,NA,NA,NA,NA,NA,NA,NA,NA,NA,NA,NA,NA,NA,NA
"106","Salvon Ahmed","MIA","RB","2565090","robust",NA,NA,NA,NA,NA,NA,NA,NA,NA,NA,4.15,0.167677601312257,15.895,0.155673000000001,0.1,0.022239,0.00125,0.00185325,0,NA,0,NA,0.9,0.14826,6.9,1.4826,0.01,0,NA,NA,NA,NA,NA,NA,NA,NA,NA,NA,NA,NA,NA,NA,NA,NA,NA,NA,NA,NA,NA,NA,NA,NA,NA,NA
"107","Brandon Bolden","NE","RB","2532797","robust",NA,NA,NA,NA,NA,NA,NA,NA,NA,NA,3.4,1.03782,11.5,3.387741,0.09,0.07413,0.00125,0.00185325,0,NA,0,NA,1.255,0.81543,11.295,6.15279,0.03,0,NA,NA,NA,NA,NA,NA,NA,NA,NA,NA,NA,NA,NA,NA,NA,NA,NA,NA,NA,NA,NA,NA,NA,NA,NA,NA
"108","Benny Snell","PIT","RB","2562743","robust",NA,NA,NA,NA,NA,NA,NA,NA,NA,NA,2.77,0.114726064127158,10.49,1.452948,0.08,0.044478,0.0125,0.0185325,0,NA,0,NA,0.385,0.103782,2.35,1.541904,0.005,0,NA,NA,NA,NA,NA,NA,NA,NA,NA,NA,NA,NA,NA,NA,NA,NA,NA,NA,NA,NA,NA,NA,NA,NA,NA,NA
"109","Devonta Freeman","BAL","RB","2543583","robust",NA,NA,NA,NA,NA,NA,NA,NA,NA,NA,3.23992118495591,0.133200297631257,13.26,2.461116,0.035,0,0.0025,0,0,NA,0,NA,0.72,0.177912,4.5,0.59304,0.025,0.014826,NA,NA,NA,NA,NA,NA,NA,NA,NA,NA,NA,NA,NA,NA,NA,NA,NA,NA,NA,NA,NA,NA,NA,NA,NA,NA
"110","Damien Williams","CHI","RB","2550512","robust",NA,NA,NA,NA,NA,NA,NA,NA,NA,NA,3.8,0.526323,14.3,1.03782,0.1,0.103782,0.03375,0.01297275,0,NA,0,NA,1.685,0.44478,12,2.994852,0.06,0.044478,NA,NA,NA,NA,NA,NA,NA,NA,NA,NA,NA,NA,NA,NA,NA,NA,NA,NA,NA,NA,NA,NA,NA,NA,NA,NA
"111","Alex Collins","SEA","RB","2555430","robust",NA,NA,NA,NA,NA,NA,NA,NA,NA,NA,3.2,0.371419568620806,14.5,2.653854,0.115,0.029652,0.00625,0,0,NA,0,NA,0.635,0.29652,5.3,2.37216,0.015,0.014826,NA,NA,NA,NA,NA,NA,NA,NA,NA,NA,NA,NA,NA,NA,NA,NA,NA,NA,NA,NA,NA,NA,NA,NA,NA,NA
"112","Devontae Booker","NYG","RB","2555223","robust",NA,NA,NA,NA,NA,NA,NA,NA,NA,NA,1.96679818158419,0.760374322677815,8.235,3.031917,0.0325,0.022239,0.01,0.007413,0,NA,0,NA,0.67,0.170499,3.8925,1.03782,0.0125,0.007413,NA,NA,NA,NA,NA,NA,NA,NA,NA,NA,NA,NA,NA,NA,NA,NA,NA,NA,NA,NA,NA,NA,NA,NA,NA,NA
"113","Tevin Coleman","NYJ","RB","2552453","robust",NA,NA,NA,NA,NA,NA,NA,NA,NA,NA,3.8,0.106146650789304,13.545,1.77912,0.07,0.029652,0,0,0,NA,0,NA,0.46,0.0593040000000001,3.4,0.993342000000001,0.01,0,NA,NA,NA,NA,NA,NA,NA,NA,NA,NA,NA,NA,NA,NA,NA,NA,NA,NA,NA,NA,NA,NA,NA,NA,NA,NA
"114","Jeremy McNichols","TEN","RB","2557977","robust",NA,NA,NA,NA,NA,NA,NA,NA,NA,NA,2.45,0.675535668323471,9.92,3.973368,0.01,0,0.0366666666666667,0.039536,0,NA,0,NA,1.42,0.44478,11.05,4.4478,0.03,0.044478,NA,NA,NA,NA,NA,NA,NA,NA,NA,NA,NA,NA,NA,NA,NA,NA,NA,NA,NA,NA,NA,NA,NA,NA,NA,NA
"115","Travis Homer","SEA","RB","2562665","robust",NA,NA,NA,NA,NA,NA,NA,NA,NA,NA,1.65279525547445,0.103782,7.26,0.607866,0.015,0,0,0,0,NA,0,NA,1.13,0.326172,10,0.59304,0.035,0.029652,NA,NA,NA,NA,NA,NA,NA,NA,NA,NA,NA,NA,NA,NA,NA,NA,NA,NA,NA,NA,NA,NA,NA,NA,NA,NA
"116","Trenton Cannon","SF","RB","2561137","robust",NA,NA,NA,NA,NA,NA,NA,NA,NA,NA,2.96,0.681996,11.04,4.655364,0.105,0.007413,0,0,NA,NA,NA,NA,1.365,0.541149,9.835,4.647951,0.06,0.088956,NA,NA,NA,NA,NA,NA,NA,NA,NA,NA,NA,NA,NA,NA,NA,NA,NA,NA,NA,NA,NA,NA,NA,NA,NA,NA
"117","Keith Smith","ATL","RB","2550400","robust",NA,NA,NA,NA,NA,NA,NA,NA,NA,NA,1.095,0.411441947710087,4.04,1.371405,0.02,0.014826,0,0,0.01,0,0,NA,1.14,0.0593039999999999,6.98,2.00151,0.0175,0.022239,NA,NA,NA,NA,NA,NA,NA,NA,NA,NA,NA,NA,NA,NA,NA,NA,NA,NA,NA,NA,NA,NA,NA,NA,NA,NA
"118","Davante Adams","GB","WR","2543495","robust",NA,NA,NA,NA,NA,NA,NA,NA,NA,NA,0,0,0,0,0,0,0.09375,0.0185325,0,NA,0,NA,7.3,0.889559999999999,99.1,4.04749800000001,0.835,0.14826,NA,NA,NA,NA,NA,NA,NA,NA,NA,NA,NA,NA,NA,NA,NA,NA,NA,NA,NA,NA,NA,NA,NA,NA,NA,NA
"119","Keenan Allen","LAC","WR","2540154","robust",NA,NA,NA,NA,NA,NA,NA,NA,NA,NA,0.055,NA,0.395,0.155673,0,0,0.08,0.014826,0,NA,0,NA,7.015,1.022994,80.03,11.223282,0.52,0.133434,NA,NA,NA,NA,NA,NA,NA,NA,NA,NA,NA,NA,NA,NA,NA,NA,NA,NA,NA,NA,NA,NA,NA,NA,NA,NA
"120","Brandin Cooks","HOU","WR","2543498","robust",NA,NA,NA,NA,NA,NA,NA,NA,NA,NA,0.244630841971267,NA,1.3675,0.44478,0.000207446808510638,0,0.05,0.07413,0,NA,0,NA,5.9,0.148259999999999,77.35,8.74734000000001,0.4,0.14826,NA,NA,NA,NA,NA,NA,NA,NA,NA,NA,NA,NA,NA,NA,NA,NA,NA,NA,NA,NA,NA,NA,NA,NA,NA,NA
"121","Cooper Kupp","LAR","WR","2557898","robust",NA,NA,NA,NA,NA,NA,NA,NA,NA,NA,0.303752803060282,NA,1.21041666666667,0.59304,0.00131948291782087,0,0.09125,0.0259455,0,NA,0,NA,6.85,0.29652,83.76,3.85475999999999,0.8,0.14826,NA,NA,NA,NA,NA,NA,NA,NA,NA,NA,NA,NA,NA,NA,NA,NA,NA,NA,NA,NA,NA,NA,NA,NA,NA,NA
"122","Tyreek Hill","KC","WR","2556214","robust",NA,NA,NA,NA,NA,NA,NA,NA,NA,NA,0.95,NA,6.34833333333333,0.153202,0.0406201879558804,0.0426390186732236,0.1,0,0,NA,0,NA,6.415,0.148260000000001,91.075,2.757636,0.745,0.14826,NA,NA,NA,NA,NA,NA,NA,NA,NA,NA,NA,NA,NA,NA,NA,NA,NA,NA,NA,NA,NA,NA,NA,NA,NA,NA
"123","DK Metcalf","SEA","WR","2562685","robust",NA,NA,NA,NA,NA,NA,NA,NA,NA,NA,0,0,0.1,0.1304688,0,0,0.0766666666666667,0.017297,0,NA,0,NA,5.59,0.14826,81.85,6.89409,0.79,0.0963689999999999,NA,NA,NA,NA,NA,NA,NA,NA,NA,NA,NA,NA,NA,NA,NA,NA,NA,NA,NA,NA,NA,NA,NA,NA,NA,NA
"124","D.J. Moore","CAR","WR","2560813","robust",NA,NA,NA,NA,NA,NA,NA,NA,NA,NA,0.3,NA,2.75,0.585627,0.00172159090909091,0,0.0875,0.037065,0,NA,0,NA,6.05,0.29652,87.855,6.96822,0.4325,0.133434,NA,NA,NA,NA,NA,NA,NA,NA,NA,NA,NA,NA,NA,NA,NA,NA,NA,NA,NA,NA,NA,NA,NA,NA,NA,NA
"125","Stefon Diggs","BUF","WR","2552608","robust",NA,NA,NA,NA,NA,NA,NA,NA,NA,NA,0.0666666666666667,0.02471,0.454,0.51891,0,0,0.0666666666666667,0.02471,0,NA,0,NA,6.85,0.214977,88,3.20241599999999,0.65,0.22239,NA,NA,NA,NA,NA,NA,NA,NA,NA,NA,NA,NA,NA,NA,NA,NA,NA,NA,NA,NA,NA,NA,NA,NA,NA,NA
"126","Justin Jefferson","MIN","WR","2564556","robust",NA,NA,NA,NA,NA,NA,NA,NA,NA,NA,0,NA,0.1375,0.096369,0,0,0.05,0.07413,0,NA,0,NA,5.975,0.148259999999999,85.18,0.622691999999981,0.6075,0.14826,NA,NA,NA,NA,NA,NA,NA,NA,NA,NA,NA,NA,NA,NA,NA,NA,NA,NA,NA,NA,NA,NA,NA,NA,NA,NA
"127","Terry McLaurin","WAS","WR","2562489","robust",NA,NA,NA,NA,NA,NA,NA,NA,NA,NA,0.05,0.07413,0.550833333333333,0.145789,0,0,0.09,0.029652,0,NA,0,NA,5.9,0.148259999999999,80,1.63085999999999,0.555,0.177912,NA,NA,NA,NA,NA,NA,NA,NA,NA,NA,NA,NA,NA,NA,NA,NA,NA,NA,NA,NA,NA,NA,NA,NA,NA,NA
"128","Calvin Ridley","ATL","WR","2560854","robust",NA,NA,NA,NA,NA,NA,NA,NA,NA,NA,0.268743256262042,NA,1.515,0.4877754,0.005,0.00373797913408138,0.0666666666666667,0.02471,0,NA,0,NA,6.3,0.214976999999999,81.38,5.137209,0.59,0.111195,NA,NA,NA,NA,NA,NA,NA,NA,NA,NA,NA,NA,NA,NA,NA,NA,NA,NA,NA,NA,NA,NA,NA,NA,NA,NA
"129","CeeDee Lamb","DAL","WR","2563848","robust",NA,NA,NA,NA,NA,NA,NA,NA,NA,NA,0.61966344605475,NA,4.3,0.44478,0.02,0.0238922367533858,0.08,0.014826,0.06,0,0,NA,6,0.59304,78.15,4.67019,0.5,0.111195,NA,NA,NA,NA,NA,NA,NA,NA,NA,NA,NA,NA,NA,NA,NA,NA,NA,NA,NA,NA,NA,NA,NA,NA,NA,NA
"130","Adam Thielen","MIN","WR","2541785","robust",NA,NA,NA,NA,NA,NA,NA,NA,NA,NA,0.175,0.07413,0.55,0.0741300000000001,0,0,0.00375,0.0111195,0,NA,0,NA,5.265,0.533735999999999,66.75,12.15732,0.7625,0.266868,NA,NA,NA,NA,NA,NA,NA,NA,NA,NA,NA,NA,NA,NA,NA,NA,NA,NA,NA,NA,NA,NA,NA,NA,NA,NA
"131","DeAndre Hopkins","ARI","WR","2540165","robust",NA,NA,NA,NA,NA,NA,NA,NA,NA,NA,0.0125,0.037065,0.15375,0.14826,0,0,0.1,0,0,NA,0,NA,6.5,0.29652,74.895,3.40998,0.5775,0.029652,NA,NA,NA,NA,NA,NA,NA,NA,NA,NA,NA,NA,NA,NA,NA,NA,NA,NA,NA,NA,NA,NA,NA,NA,NA,NA
"132","Mike Evans","TB","WR","2543468","robust",NA,NA,NA,NA,NA,NA,NA,NA,NA,NA,0,0,0.01,0.014826,0,0,0,0,0,NA,0,NA,4.855,0.148260000000001,71.06,1.593795,0.6,0.081543,NA,NA,NA,NA,NA,NA,NA,NA,NA,NA,NA,NA,NA,NA,NA,NA,NA,NA,NA,NA,NA,NA,NA,NA,NA,NA
"133","Tyler Lockett","SEA","WR","2552430","robust",NA,NA,NA,NA,NA,NA,NA,NA,NA,NA,0.1,0,0.25,0.363237,0,0,0.0525,0.0630105,0,NA,0,NA,5.9,0.148259999999999,76.835,4.31436599999999,0.675,0.029652,NA,NA,NA,NA,NA,NA,NA,NA,NA,NA,NA,NA,NA,NA,NA,NA,NA,NA,NA,NA,NA,NA,NA,NA,NA,NA
"134","Deebo Samuel","SF","WR","2562721","robust",NA,NA,NA,NA,NA,NA,NA,NA,NA,NA,1.25,NA,7.45,0.454664,0.085,0.025068828508606,0.1125,0.037065,0,NA,0,NA,5.7525,0,78.53,3.098634,0.49,0.237216,NA,NA,NA,NA,NA,NA,NA,NA,NA,NA,NA,NA,NA,NA,NA,NA,NA,NA,NA,NA,NA,NA,NA,NA,NA,NA
"135","Mike Williams","LAC","WR","2558846","robust",NA,NA,NA,NA,NA,NA,NA,NA,NA,NA,0.07,NA,0.134,0.088956,0,0,0.0333333333333333,0.02471,0,NA,0,NA,5.025,0.51891,73.575,5.41149,0.745,0.22239,NA,NA,NA,NA,NA,NA,NA,NA,NA,NA,NA,NA,NA,NA,NA,NA,NA,NA,NA,NA,NA,NA,NA,NA,NA,NA
"136","Courtland Sutton","DEN","WR","2560888","robust",NA,NA,NA,NA,NA,NA,NA,NA,NA,NA,0.0277777777777778,NA,0.51,0.22239,0,0,0.04,0.014826,0,NA,0,NA,5.195,0.400302,72.775,4.484865,0.36,0.07413,NA,NA,NA,NA,NA,NA,NA,NA,NA,NA,NA,NA,NA,NA,NA,NA,NA,NA,NA,NA,NA,NA,NA,NA,NA,NA
"137","Diontae Johnson","PIT","WR","2562674","robust",NA,NA,NA,NA,NA,NA,NA,NA,NA,NA,0.177380952380952,NA,1.41625,0.14826,0.00367451945616503,0,0.0975,0.00741300000000001,0,NA,0,NA,6.35,0.163085999999999,67.925,7.85778,0.45,0.103782,NA,NA,NA,NA,NA,NA,NA,NA,NA,NA,NA,NA,NA,NA,NA,NA,NA,NA,NA,NA,NA,NA,NA,NA,NA,NA
"138","Chris Godwin","TB","WR","2558105","robust",NA,NA,NA,NA,NA,NA,NA,NA,NA,NA,0.201466049382716,NA,1.15666666666667,0.538678,0.04,0.044478,0.09875,0.0037065,0,NA,0,NA,5.8325,0.0444780000000004,75.4375,2.07564000000001,0.5875,0.0741300000000001,NA,NA,NA,NA,NA,NA,NA,NA,NA,NA,NA,NA,NA,NA,NA,NA,NA,NA,NA,NA,NA,NA,NA,NA,NA,NA
"139","Ja'Marr Chase","CIN","WR","2565941","robust",NA,NA,NA,NA,NA,NA,NA,NA,NA,NA,0.3,NA,1.1975,0.103782,0.00133695652173913,0,0.0925,0.022239,0,NA,0,NA,5.325,0.148260000000001,74.85,1.4826,0.7775,0.29652,NA,NA,NA,NA,NA,NA,NA,NA,NA,NA,NA,NA,NA,NA,NA,NA,NA,NA,NA,NA,NA,NA,NA,NA,NA,NA
"140","Amari Cooper","DAL","WR","2552487","robust",NA,NA,NA,NA,NA,NA,NA,NA,NA,NA,0.0875,0.037065,0.620833333333333,0.457135,0,0,0.0875,0.037065,0.17,0,0,NA,5.9,0.148259999999999,71.94,8.30255999999999,0.5825,0.103782,NA,NA,NA,NA,NA,NA,NA,NA,NA,NA,NA,NA,NA,NA,NA,NA,NA,NA,NA,NA,NA,NA,NA,NA,NA,NA
"141","Marquise Brown","BAL","WR","2562379","robust",NA,NA,NA,NA,NA,NA,NA,NA,NA,NA,0.180966631355932,NA,1.13458333333333,0.163086,0.000685969868173258,0,0,0,0,NA,0,NA,4.65,0.44478,62.475,3.85476,0.5,0.07413,NA,NA,NA,NA,NA,NA,NA,NA,NA,NA,NA,NA,NA,NA,NA,NA,NA,NA,NA,NA,NA,NA,NA,NA,NA,NA
"142","Allen Robinson","CHI","WR","2543509","robust",NA,NA,NA,NA,NA,NA,NA,NA,NA,NA,0.0333333333333333,0.02471,0.013,0.014826,0,0,0.0333333333333333,0.02471,0,NA,0,NA,5.15,0.22239,64.85,7.19061,0.36,0.059304,NA,NA,NA,NA,NA,NA,NA,NA,NA,NA,NA,NA,NA,NA,NA,NA,NA,NA,NA,NA,NA,NA,NA,NA,NA,NA
"143","Marvin Jones","JAC","WR","2532884","robust",NA,NA,NA,NA,NA,NA,NA,NA,NA,NA,0,0,0.018,0,0,0,0.0333333333333333,0.02471,0,NA,0,NA,5.15,0.118608,67,5.9304,0.5,0.014826,NA,NA,NA,NA,NA,NA,NA,NA,NA,NA,NA,NA,NA,NA,NA,NA,NA,NA,NA,NA,NA,NA,NA,NA,NA,NA
"144","Odell Beckham","CLE","WR","2543496","robust",NA,NA,NA,NA,NA,NA,NA,NA,NA,NA,0.326663572074399,NA,3.005,0.563388,0.015,0.020506549854311,0.0333333333333333,0.02471,0,NA,0,NA,4.535,0.392889,67.235,7.93191,0.4,0.140847,NA,NA,NA,NA,NA,NA,NA,NA,NA,NA,NA,NA,NA,NA,NA,NA,NA,NA,NA,NA,NA,NA,NA,NA,NA,NA
"145","Henry Ruggs","LVR","WR","2564433","robust",NA,NA,NA,NA,NA,NA,NA,NA,NA,NA,0.705,NA,3.89,0.311346,0.01,0.00664294240737541,0.0675,0.029652,0,NA,0,NA,3.515,0.467019,59.3,11.623584,0.32,0.044478,NA,NA,NA,NA,NA,NA,NA,NA,NA,NA,NA,NA,NA,NA,NA,NA,NA,NA,NA,NA,NA,NA,NA,NA,NA,NA
"146","Jakobi Meyers","NE","WR","2562492","robust",NA,NA,NA,NA,NA,NA,NA,NA,NA,NA,0.0666666666666667,0.02471,0.21,0.0904386,0,0,0.0866666666666667,0.009884,0,NA,0,NA,5.6,0.333584999999999,64.81,5.433729,0.32,0.14826,NA,NA,NA,NA,NA,NA,NA,NA,NA,NA,NA,NA,NA,NA,NA,NA,NA,NA,NA,NA,NA,NA,NA,NA,NA,NA
"147","Kenny Golladay","NYG","WR","2558052","robust",NA,NA,NA,NA,NA,NA,NA,NA,NA,NA,0,0,0.05,0.029652,0,0,0,0,0,NA,0,NA,4.5,0.659757,61,7.057176,0.31,0.103782,NA,NA,NA,NA,NA,NA,NA,NA,NA,NA,NA,NA,NA,NA,NA,NA,NA,NA,NA,NA,NA,NA,NA,NA,NA,NA
"148","Michael Pittman","IND","WR","2564136","robust",NA,NA,NA,NA,NA,NA,NA,NA,NA,NA,0.327528824311003,NA,2.15,0.1571556,0.00273762376237624,0.00317437871287129,0.0333333333333333,0.02471,0,NA,0,NA,4.775,0.22239,64.28,1.40847,0.39,0.14826,NA,NA,NA,NA,NA,NA,NA,NA,NA,NA,NA,NA,NA,NA,NA,NA,NA,NA,NA,NA,NA,NA,NA,NA,NA,NA
"149","Robert Woods","LAR","WR","2540169","robust",NA,NA,NA,NA,NA,NA,NA,NA,NA,NA,1.11750209300209,NA,6.67,0.563388,0.0679397223917023,0.029652,0.0525,0.066717,0,NA,0,NA,5.1,0.0889560000000007,57.52,3.602718,0.3,0.029652,NA,NA,NA,NA,NA,NA,NA,NA,NA,NA,NA,NA,NA,NA,NA,NA,NA,NA,NA,NA,NA,NA,NA,NA,NA,NA
"150","Tyler Boyd","CIN","WR","2555466","robust",NA,NA,NA,NA,NA,NA,NA,NA,NA,NA,0.133333333333333,0.04942,1.14,0.37065,0.001,0,0.0866666666666667,0.009884,0,NA,0,NA,5.275,0.289107,60.82,6.00453,0.4,0.103782,NA,NA,NA,NA,NA,NA,NA,NA,NA,NA,NA,NA,NA,NA,NA,NA,NA,NA,NA,NA,NA,NA,NA,NA,NA,NA
"151","Hunter Renfrow","LVR","WR","2562712","robust",NA,NA,NA,NA,NA,NA,NA,NA,NA,NA,0,0,0.006,0,0,0,0.0566666666666667,0.009884,0,NA,0,NA,4.095,0.333585,50.04,5.04084,0.215,0.051891,NA,NA,NA,NA,NA,NA,NA,NA,NA,NA,NA,NA,NA,NA,NA,NA,NA,NA,NA,NA,NA,NA,NA,NA,NA,NA
"152","DeVonta Smith","PHI","WR","2566409","robust",NA,NA,NA,NA,NA,NA,NA,NA,NA,NA,0.0666666666666667,0.02471,0.584,0.118608,0,0,0.0333333333333333,0.02471,0,NA,0,NA,4.29,0.830256,57.375,10.096506,0.395,0.155673,NA,NA,NA,NA,NA,NA,NA,NA,NA,NA,NA,NA,NA,NA,NA,NA,NA,NA,NA,NA,NA,NA,NA,NA,NA,NA
"153","Cole Beasley","BUF","WR","2535698","robust",NA,NA,NA,NA,NA,NA,NA,NA,NA,NA,0,0,0.009,0,0,0,0.0333333333333333,0.02471,0,NA,0,NA,5.46,0.59304,60,5.87109599999999,0.425,0.111195,NA,NA,NA,NA,NA,NA,NA,NA,NA,NA,NA,NA,NA,NA,NA,NA,NA,NA,NA,NA,NA,NA,NA,NA,NA,NA
"154","Emmanuel Sanders","BUF","WR","497322","robust",NA,NA,NA,NA,NA,NA,NA,NA,NA,NA,0,0,0.15,0.1452948,0,0,0,0,0,NA,0,NA,4.3,0.496671,56.95,3.78063,0.33,0.07413,NA,NA,NA,NA,NA,NA,NA,NA,NA,NA,NA,NA,NA,NA,NA,NA,NA,NA,NA,NA,NA,NA,NA,NA,NA,NA
"155","Corey Davis","NYJ","WR","2557848","robust",NA,NA,NA,NA,NA,NA,NA,NA,NA,NA,0,0,0.15,0.239687,0,0,0.00375,0.0111195,0,NA,0,NA,4.74,0.148259999999999,61.2175,2.77246200000001,0.575,0.252042,NA,NA,NA,NA,NA,NA,NA,NA,NA,NA,NA,NA,NA,NA,NA,NA,NA,NA,NA,NA,NA,NA,NA,NA,NA,NA
"156","JuJu Smith-Schuster","PIT","WR","2558149","robust",NA,NA,NA,NA,NA,NA,NA,NA,NA,NA,0.163349427753934,NA,0.862,0.511497,0.038,0.0281694,0.0266666666666667,0.019768,0,NA,0,NA,5.065,0.44478,54.65,3.48411,0.25,0.081543,NA,NA,NA,NA,NA,NA,NA,NA,NA,NA,NA,NA,NA,NA,NA,NA,NA,NA,NA,NA,NA,NA,NA,NA,NA,NA
"157","DeVante Parker","MIA","WR","2552409","robust",NA,NA,NA,NA,NA,NA,NA,NA,NA,NA,0,0,0.007,0,0,0,0,0,0,NA,0,NA,4.245,0.541149,57.3,2.81694,0.25,0.051891,NA,NA,NA,NA,NA,NA,NA,NA,NA,NA,NA,NA,NA,NA,NA,NA,NA,NA,NA,NA,NA,NA,NA,NA,NA,NA
"158","Tim Patrick","DEN","WR","2558985","robust",NA,NA,NA,NA,NA,NA,NA,NA,NA,NA,0.0333333333333333,0.02471,0.095,0.1319514,0,0,0,0,0,NA,0,NA,4.05,0.0741300000000004,55,4.81845,0.335,0.126021,NA,NA,NA,NA,NA,NA,NA,NA,NA,NA,NA,NA,NA,NA,NA,NA,NA,NA,NA,NA,NA,NA,NA,NA,NA,NA
"159","Antonio Brown","TB","WR","2508061","robust",NA,NA,NA,NA,NA,NA,NA,NA,NA,NA,0.378382264855628,NA,2.325,0.3054156,0.01,0.00607036383396226,0,0,0,NA,0,NA,4.1,0.348411,56.46,5.396664,0.38,0.059304,NA,NA,NA,NA,NA,NA,NA,NA,NA,NA,NA,NA,NA,NA,NA,NA,NA,NA,NA,NA,NA,NA,NA,NA,NA,NA
"160","Nelson Agholor","NE","WR","2552600","robust",NA,NA,NA,NA,NA,NA,NA,NA,NA,NA,0.0666666666666667,0.02471,0.3,0.14826,0,0,0.00666666666666667,0.004942,0,NA,0,NA,3.785,0.303933,49.25,8.754753,0.3,0.14826,NA,NA,NA,NA,NA,NA,NA,NA,NA,NA,NA,NA,NA,NA,NA,NA,NA,NA,NA,NA,NA,NA,NA,NA,NA,NA
"161","D.J. Chark","JAC","WR","2561018","robust",NA,NA,NA,NA,NA,NA,NA,NA,NA,NA,0,0,0.2,0.29652,0,0,0,0,0,NA,0,NA,4.1,0.148259999999999,57.57,2.52042,0.3,0.14826,NA,NA,NA,NA,NA,NA,NA,NA,NA,NA,NA,NA,NA,NA,NA,NA,NA,NA,NA,NA,NA,NA,NA,NA,NA,NA
"162","Rondale Moore","ARI","WR","2566433","robust",NA,NA,NA,NA,NA,NA,NA,NA,NA,NA,0.434839435494608,NA,2.5,0.8421168,0.00596860103626943,0.007413,0.0333333333333333,0.02471,0,NA,0,NA,3.37,0.548562,42.495,4.74432,0.15,0.07413,NA,NA,NA,NA,NA,NA,NA,NA,NA,NA,NA,NA,NA,NA,NA,NA,NA,NA,NA,NA,NA,NA,NA,NA,NA,NA
"163","Jaylen Waddle","MIA","WR","2566292","robust",NA,NA,NA,NA,NA,NA,NA,NA,NA,NA,0.0666666666666667,0.02471,0.315,0.2713158,0,0,0.133333333333333,0.02471,0,NA,0,NA,4.85,0.281694,54.9,5.611641,0.29,0.111195,NA,NA,NA,NA,NA,NA,NA,NA,NA,NA,NA,NA,NA,NA,NA,NA,NA,NA,NA,NA,NA,NA,NA,NA,NA,NA
"164","Robby Anderson","CAR","WR","2556462","robust",NA,NA,NA,NA,NA,NA,NA,NA,NA,NA,0.0666666666666667,0.02471,0.815,0.467019,0,0,0.01,0.007413,0,NA,0,NA,4.115,0.318759,55,3.55824,0.29,0.029652,NA,NA,NA,NA,NA,NA,NA,NA,NA,NA,NA,NA,NA,NA,NA,NA,NA,NA,NA,NA,NA,NA,NA,NA,NA,NA
"165","Will Fuller","MIA","WR","2555346","robust",NA,NA,NA,NA,NA,NA,NA,NA,NA,NA,0,0,0.089,0.118608,0,0,0.0333333333333333,0.02471,0,NA,0,NA,3.7,0.607866,47,8.702862,0.2,0.081543,NA,NA,NA,NA,NA,NA,NA,NA,NA,NA,NA,NA,NA,NA,NA,NA,NA,NA,NA,NA,NA,NA,NA,NA,NA,NA
"166","Christian Kirk","ARI","WR","2560781","robust",NA,NA,NA,NA,NA,NA,NA,NA,NA,NA,0.166666666666667,0.02471,1.096,0.385476,0,0,0.0333333333333333,0.02471,0,NA,0,NA,3.945,0.29652,48.275,7.909671,0.28,0.118608,NA,NA,NA,NA,NA,NA,NA,NA,NA,NA,NA,NA,NA,NA,NA,NA,NA,NA,NA,NA,NA,NA,NA,NA,NA,NA
"167","Brandon Aiyuk","SF","WR","2565093","robust",NA,NA,NA,NA,NA,NA,NA,NA,NA,NA,0.489491575150732,NA,3.945,1.267623,0.05,0.029652,0.0333333333333333,0.02471,0,NA,0,NA,4.085,0.14826,47.4,3.55824,0.35,0.07413,NA,NA,NA,NA,NA,NA,NA,NA,NA,NA,NA,NA,NA,NA,NA,NA,NA,NA,NA,NA,NA,NA,NA,NA,NA,NA
"168","Rashard Higgins","CLE","WR","2555468","robust",NA,NA,NA,NA,NA,NA,NA,NA,NA,NA,0,0,0.105,0.037065,0,0,0.02,0.014826,0,NA,0,NA,2.3,0.44478,35.65,10.682133,0.17,0.029652,NA,NA,NA,NA,NA,NA,NA,NA,NA,NA,NA,NA,NA,NA,NA,NA,NA,NA,NA,NA,NA,NA,NA,NA,NA,NA
"169","Chester Rogers","TEN","WR","2556396","robust",NA,NA,NA,NA,NA,NA,NA,NA,NA,NA,0,0,0.452,0.51891,0.001,0,0.0666666666666667,0.02471,0,NA,0,NA,2.85,0.859908,35.015,10.207701,0.21,0.081543,NA,NA,NA,NA,NA,NA,NA,NA,NA,NA,NA,NA,NA,NA,NA,NA,NA,NA,NA,NA,NA,NA,NA,NA,NA,NA
"170","Marquez Callaway","NO","WR","2565310","robust",NA,NA,NA,NA,NA,NA,NA,NA,NA,NA,0.0333333333333333,0.02471,0.285,0.2772462,0,0,0,0,0,NA,0,NA,3.75,0.37065,45.5,3.38774100000001,0.25,0.07413,NA,NA,NA,NA,NA,NA,NA,NA,NA,NA,NA,NA,NA,NA,NA,NA,NA,NA,NA,NA,NA,NA,NA,NA,NA,NA
"171","Deonte Harris","NO","WR","2563155","robust",NA,NA,NA,NA,NA,NA,NA,NA,NA,NA,0.401239353644168,NA,2.471,0.785778,0.005,0.00551991584245077,0.0533333333333333,0.004942,0,NA,0,NA,2.7,0.88956,32.25,8.1543,0.11,0.07413,NA,NA,NA,NA,NA,NA,NA,NA,NA,NA,NA,NA,NA,NA,NA,NA,NA,NA,NA,NA,NA,NA,NA,NA,NA,NA
"172","A.J. Green","ARI","WR","2495450","robust",NA,NA,NA,NA,NA,NA,NA,NA,NA,NA,0,0,0,0.014826,0,0,0,0,0,NA,0,NA,3.455,0.29652,44.6,3.965955,0.275,0.07413,NA,NA,NA,NA,NA,NA,NA,NA,NA,NA,NA,NA,NA,NA,NA,NA,NA,NA,NA,NA,NA,NA,NA,NA,NA,NA
"173","Sammy Watkins","BAL","WR","2543457","robust",NA,NA,NA,NA,NA,NA,NA,NA,NA,NA,0.0666666666666667,0.02471,0.324,0.29652,0,0,0.01,0.007413,0,NA,0,NA,3.3,0.214977,45,3.28395899999999,0.2,0.022239,NA,NA,NA,NA,NA,NA,NA,NA,NA,NA,NA,NA,NA,NA,NA,NA,NA,NA,NA,NA,NA,NA,NA,NA,NA,NA
"174","Jamison Crowder","NYJ","WR","2552415","robust",NA,NA,NA,NA,NA,NA,NA,NA,NA,NA,0.0333333333333333,0.04942,0.4,0.44478,0,0,0,0,0,NA,0,NA,3.545,0.889559999999999,41,9.93342,0.3,0.14826,NA,NA,NA,NA,NA,NA,NA,NA,NA,NA,NA,NA,NA,NA,NA,NA,NA,NA,NA,NA,NA,NA,NA,NA,NA,NA
"175","Darnell Mooney","CHI","WR","2563707","robust",NA,NA,NA,NA,NA,NA,NA,NA,NA,NA,0.259378306878307,NA,1.499,0.793191,0.00130555555555556,0.00112648529411765,0.00333333333333333,0.002471,0,NA,0,NA,3.835,0.326172,45.27,3.35067600000001,0.2,0.022239,NA,NA,NA,NA,NA,NA,NA,NA,NA,NA,NA,NA,NA,NA,NA,NA,NA,NA,NA,NA,NA,NA,NA,NA,NA,NA
"176","Laviska Shenault","JAC","WR","2564232","robust",NA,NA,NA,NA,NA,NA,NA,NA,NA,NA,1.04789823671026,NA,5.456,0.37065,0.015,0.00935977815608071,0.0333333333333333,0.02471,0,NA,0,NA,4.27,0.51891,43.5,6.43448399999999,0.2,0.022239,NA,NA,NA,NA,NA,NA,NA,NA,NA,NA,NA,NA,NA,NA,NA,NA,NA,NA,NA,NA,NA,NA,NA,NA,NA,NA
"177","Josh Reynolds","TEN","WR","2558194","robust",NA,NA,NA,NA,NA,NA,NA,NA,NA,NA,0.0666666666666667,0.04942,0.349,0.437367,0,0,0.0666666666666667,0.04942,0,NA,0,NA,1.93,0.340998,26.59,4.37367,0.1,0.066717,NA,NA,NA,NA,NA,NA,NA,NA,NA,NA,NA,NA,NA,NA,NA,NA,NA,NA,NA,NA,NA,NA,NA,NA,NA,NA
"178","Kadarius Toney","NYG","WR","2566376","robust",NA,NA,NA,NA,NA,NA,NA,NA,NA,NA,0.466666666666667,0.04942,0.955,1.2127668,0,0,0.04,0.014826,0,NA,0,NA,2.75,0.489258,34.17,5.544924,0.11,0.037065,NA,NA,NA,NA,NA,NA,NA,NA,NA,NA,NA,NA,NA,NA,NA,NA,NA,NA,NA,NA,NA,NA,NA,NA,NA,NA
"179","Mecole Hardman","KC","WR","2562580","robust",NA,NA,NA,NA,NA,NA,NA,NA,NA,NA,0.4914592760181,NA,3.172,0.326172,0.01,0.00805410787961696,0.1,0,0,NA,0,NA,3.355,0.303933,43.99,4.4478,0.27,0.044478,NA,NA,NA,NA,NA,NA,NA,NA,NA,NA,NA,NA,NA,NA,NA,NA,NA,NA,NA,NA,NA,NA,NA,NA,NA,NA
"180","Bryan Edwards","LVR","WR","2564418","robust",NA,NA,NA,NA,NA,NA,NA,NA,NA,NA,0,0,0.006,0,0,0,0,0,0,NA,0,NA,2.75,0.385476,44.05,2.89107,0.16,0.059304,NA,NA,NA,NA,NA,NA,NA,NA,NA,NA,NA,NA,NA,NA,NA,NA,NA,NA,NA,NA,NA,NA,NA,NA,NA,NA
"181","Braxton Berrios","NYJ","WR","2560975","robust",NA,NA,NA,NA,NA,NA,NA,NA,NA,NA,0.0666666666666667,0.02471,0.854,0.22239,0.001,0,0.0333333333333333,0.02471,0,NA,0,NA,3.3,0.44478,37.65,9.273663,0.18,0.07413,NA,NA,NA,NA,NA,NA,NA,NA,NA,NA,NA,NA,NA,NA,NA,NA,NA,NA,NA,NA,NA,NA,NA,NA,NA,NA
"182","Kalif Raymond","DET","WR","2556661","robust",NA,NA,NA,NA,NA,NA,NA,NA,NA,NA,0.133333333333333,0.04942,0.602,0.163086,0,0,0.0333333333333333,0.02471,0,NA,0,NA,2.85,0.252042,41.475,4.699842,0.135,0.051891,NA,NA,NA,NA,NA,NA,NA,NA,NA,NA,NA,NA,NA,NA,NA,NA,NA,NA,NA,NA,NA,NA,NA,NA,NA,NA
"183","Curtis Samuel","WAS","WR","2558066","robust",NA,NA,NA,NA,NA,NA,NA,NA,NA,NA,0.8,0.14826,5.514,3.03933,0.03,0.0415128,0.0466666666666667,0.004942,0,NA,0,NA,2.87,0.830256,33.6,9.04386,0.19,0.103782,NA,NA,NA,NA,NA,NA,NA,NA,NA,NA,NA,NA,NA,NA,NA,NA,NA,NA,NA,NA,NA,NA,NA,NA,NA,NA
"184","Zach Pascal","IND","WR","2558877","robust",NA,NA,NA,NA,NA,NA,NA,NA,NA,NA,0,0,0.11,0.14826,0,0,0,0,0,NA,0,NA,3.155,0.185325,43.4,3.11345999999999,0.315,0.126021,NA,NA,NA,NA,NA,NA,NA,NA,NA,NA,NA,NA,NA,NA,NA,NA,NA,NA,NA,NA,NA,NA,NA,NA,NA,NA
"185","Jalen Reagor","PHI","WR","2564850","robust",NA,NA,NA,NA,NA,NA,NA,NA,NA,NA,0.1,0,0.922,0.88956,0.002,0,0.0333333333333333,0.02471,0,NA,0,NA,3.64,0.607866,42.5,2.868831,0.225,0.07413,NA,NA,NA,NA,NA,NA,NA,NA,NA,NA,NA,NA,NA,NA,NA,NA,NA,NA,NA,NA,NA,NA,NA,NA,NA,NA
"186","Cordarrelle Patterson","ATL","WR","2540145","robust",NA,NA,NA,NA,NA,NA,NA,NA,NA,NA,3.67861272297442,NA,17,4.29954,0.162280478438958,0.0923370373335988,0.0925,0,0,NA,0,NA,3.6,0.148259999999999,40.6,4.29954,0.1,0,NA,NA,NA,NA,NA,NA,NA,NA,NA,NA,NA,NA,NA,NA,NA,NA,NA,NA,NA,NA,NA,NA,NA,NA,NA,NA
"187","Allen Lazard","GB","WR","2560787","robust",NA,NA,NA,NA,NA,NA,NA,NA,NA,NA,0.0666666666666667,0.02471,0.447,0.555975,0,0,0.00333333333333333,0.002471,0,NA,0,NA,2.855,0.192738,38.9,4.74432,0.17,0.051891,NA,NA,NA,NA,NA,NA,NA,NA,NA,NA,NA,NA,NA,NA,NA,NA,NA,NA,NA,NA,NA,NA,NA,NA,NA,NA
"188","Gabriel Davis","BUF","WR","2563602","robust",NA,NA,NA,NA,NA,NA,NA,NA,NA,NA,0,0,0.02,0.0237216,0,0,0,0,0,NA,0,NA,1.7,0.333585,25.7,6.130551,0.2,0.14826,NA,NA,NA,NA,NA,NA,NA,NA,NA,NA,NA,NA,NA,NA,NA,NA,NA,NA,NA,NA,NA,NA,NA,NA,NA,NA
"189","K.J. Osborn","MIN","WR","2564574","robust",NA,NA,NA,NA,NA,NA,NA,NA,NA,NA,0.0333333333333333,0.02471,0.205,0.22239,0,0,0,0,0,NA,0,NA,2.825,0.0963689999999999,39.55,1.92738,0.175,0.051891,NA,NA,NA,NA,NA,NA,NA,NA,NA,NA,NA,NA,NA,NA,NA,NA,NA,NA,NA,NA,NA,NA,NA,NA,NA,NA
"190","James Washington","PIT","WR","2560920","robust",NA,NA,NA,NA,NA,NA,NA,NA,NA,NA,0,0,0.006,0,0,0,0.0166666666666667,0.012355,0,NA,0,NA,2.855,0.504084,37.77,4.37367,0.15,0.022239,NA,NA,NA,NA,NA,NA,NA,NA,NA,NA,NA,NA,NA,NA,NA,NA,NA,NA,NA,NA,NA,NA,NA,NA,NA,NA
"191","Quintez Cephus","DET","WR","2563926","robust",NA,NA,NA,NA,NA,NA,NA,NA,NA,NA,0,0,0.011,0,0,0,0,0,0,NA,0,NA,2.75,0.340998,38.98,5.292882,0.23,0.118608,NA,NA,NA,NA,NA,NA,NA,NA,NA,NA,NA,NA,NA,NA,NA,NA,NA,NA,NA,NA,NA,NA,NA,NA,NA,NA
"192","Van Jefferson","LAR","WR","2564358","robust",NA,NA,NA,NA,NA,NA,NA,NA,NA,NA,0,0,0.42,0.3617544,0,0,0.01,0.007413,0,NA,0,NA,2.75,0.44478,35.75,4.74432,0.2,0.022239,NA,NA,NA,NA,NA,NA,NA,NA,NA,NA,NA,NA,NA,NA,NA,NA,NA,NA,NA,NA,NA,NA,NA,NA,NA,NA
"193","Olamide Zaccheaus","ATL","WR","2562808","robust",NA,NA,NA,NA,NA,NA,NA,NA,NA,NA,0.00666666666666667,0.009884,0.08,0.118608,0,0,0,0,0,NA,0,NA,2.76,0.22239,36.51,1.942206,0.22,0.014826,NA,NA,NA,NA,NA,NA,NA,NA,NA,NA,NA,NA,NA,NA,NA,NA,NA,NA,NA,NA,NA,NA,NA,NA,NA,NA
"194","Randall Cobb","GB","WR","2495448","robust",NA,NA,NA,NA,NA,NA,NA,NA,NA,NA,0.133333333333333,0.04942,0.65,0.37065,0,0,0,0,0,NA,0,NA,2.455,0.340998,31.65,6.108312,0.14,0.022239,NA,NA,NA,NA,NA,NA,NA,NA,NA,NA,NA,NA,NA,NA,NA,NA,NA,NA,NA,NA,NA,NA,NA,NA,NA,NA
"195","Quez Watkins","PHI","WR","2564880","robust",NA,NA,NA,NA,NA,NA,NA,NA,NA,NA,0.0333333333333333,0.02471,0.209,0.29652,0,0,0,0,0,NA,0,NA,2.205,0.681996000000001,31.5,7.146132,0.1,0.051891,NA,NA,NA,NA,NA,NA,NA,NA,NA,NA,NA,NA,NA,NA,NA,NA,NA,NA,NA,NA,NA,NA,NA,NA,NA,NA
"196","Chris Conley","HOU","WR","2552652","robust",NA,NA,NA,NA,NA,NA,NA,NA,NA,NA,0,0,0.035,0.0400302,0,0,0.00666666666666667,0.004942,0,NA,0,NA,2.41,0.14826,30.57,2.89107,0.1,0.07413,NA,NA,NA,NA,NA,NA,NA,NA,NA,NA,NA,NA,NA,NA,NA,NA,NA,NA,NA,NA,NA,NA,NA,NA,NA,NA
"197","Donovan Peoples-Jones","CLE","WR","2563803","robust",NA,NA,NA,NA,NA,NA,NA,NA,NA,NA,0.05,0,0.1025,0.1149015,0,0,0.05,0,0,NA,0,NA,1.8,0.59304,27.855,8.74734,0.085,0.029652,NA,NA,NA,NA,NA,NA,NA,NA,NA,NA,NA,NA,NA,NA,NA,NA,NA,NA,NA,NA,NA,NA,NA,NA,NA,NA
"198","Kendrick Bourne","NE","WR","2558914","robust",NA,NA,NA,NA,NA,NA,NA,NA,NA,NA,0.0333333333333333,0.02471,0.906,0.81543,0,0,0,0,0,NA,0,NA,2.55,0.0963690000000002,31.5,3.217242,0.185,0.037065,NA,NA,NA,NA,NA,NA,NA,NA,NA,NA,NA,NA,NA,NA,NA,NA,NA,NA,NA,NA,NA,NA,NA,NA,NA,NA
"199","DeSean Jackson","LAR","WR","1581","robust",NA,NA,NA,NA,NA,NA,NA,NA,NA,NA,0.108294513457557,NA,0.852,0.3736152,0.00375,0.00555975,0,0,0,NA,0,NA,1.675,0.214977,29.475,3.55082699999999,0.14,0.07413,NA,NA,NA,NA,NA,NA,NA,NA,NA,NA,NA,NA,NA,NA,NA,NA,NA,NA,NA,NA,NA,NA,NA,NA,NA,NA
"200","Parris Campbell","IND","WR","2562495","robust",NA,NA,NA,NA,NA,NA,NA,NA,NA,NA,0.166666666666667,0.02471,1.858,0.726474,0.001,0,0.0333333333333333,0.02471,0,NA,0,NA,2.205,0.289107000000001,27.6,3.795456,0.075,0.059304,NA,NA,NA,NA,NA,NA,NA,NA,NA,NA,NA,NA,NA,NA,NA,NA,NA,NA,NA,NA,NA,NA,NA,NA,NA,NA
"201","Kenny Stills","NO","WR","2540202","robust",NA,NA,NA,NA,NA,NA,NA,NA,NA,NA,0.0333333333333333,0.04942,0.09625,0.103782,0,0,0,0,0,NA,0,NA,1.72,0.800604,23.8,10.15581,0.115,0.133434,NA,NA,NA,NA,NA,NA,NA,NA,NA,NA,NA,NA,NA,NA,NA,NA,NA,NA,NA,NA,NA,NA,NA,NA,NA,NA
"202","Anthony Miller","HOU","WR","2560810","robust",NA,NA,NA,NA,NA,NA,NA,NA,NA,NA,0,0,0.3,0.44478,0.00125,0,0.1,0,0,NA,0,NA,2.69,0.533736,29.5,4.862928,0.135,0.059304,NA,NA,NA,NA,NA,NA,NA,NA,NA,NA,NA,NA,NA,NA,NA,NA,NA,NA,NA,NA,NA,NA,NA,NA,NA,NA
"203","Keelan Cole","NYJ","WR","2559153","robust",NA,NA,NA,NA,NA,NA,NA,NA,NA,NA,0.0333333333333333,0.04942,0.3,0.29652,0,0,0,0,0,NA,0,NA,2.3,0.637518,30.1,1.4826,0.15,0.059304,NA,NA,NA,NA,NA,NA,NA,NA,NA,NA,NA,NA,NA,NA,NA,NA,NA,NA,NA,NA,NA,NA,NA,NA,NA,NA
"204","Collin Johnson","NYG","WR","2564202","robust",NA,NA,NA,NA,NA,NA,NA,NA,NA,NA,0,0,0,0,0,0,0,0,0,NA,0,NA,2.0275,0.696822,24.94,10.170636,0.095,0.051891,NA,NA,NA,NA,NA,NA,NA,NA,NA,NA,NA,NA,NA,NA,NA,NA,NA,NA,NA,NA,NA,NA,NA,NA,NA,NA
"205","Freddie Swain","SEA","WR","2565195","robust",NA,NA,NA,NA,NA,NA,NA,NA,NA,NA,0.3,0,2.07,1.40847,0.001,0,0,0,0,NA,0,NA,2.2,0.652344,29.55,5.900748,0.175,0.051891,NA,NA,NA,NA,NA,NA,NA,NA,NA,NA,NA,NA,NA,NA,NA,NA,NA,NA,NA,NA,NA,NA,NA,NA,NA,NA
"206","Adam Humphries","WAS","WR","2553895","robust",NA,NA,NA,NA,NA,NA,NA,NA,NA,NA,0.0333333333333333,0.02471,0.22,0.3024504,0,0,0.00333333333333333,0.002471,0,NA,0,NA,2.8,0.637518,26,6.019356,0.1,0.103782,NA,NA,NA,NA,NA,NA,NA,NA,NA,NA,NA,NA,NA,NA,NA,NA,NA,NA,NA,NA,NA,NA,NA,NA,NA,NA
"207","C.J. Board","NYG","WR","2558911","robust",NA,NA,NA,NA,NA,NA,NA,NA,NA,NA,0,0,0.55,0.59304,0,0,0,0,0,NA,0,NA,1.5275,1.363992,18.77,13.26927,0.0425,0.029652,NA,NA,NA,NA,NA,NA,NA,NA,NA,NA,NA,NA,NA,NA,NA,NA,NA,NA,NA,NA,NA,NA,NA,NA,NA,NA
"208","Jalen Guyton","LAC","WR","2562844","robust",NA,NA,NA,NA,NA,NA,NA,NA,NA,NA,0.392808841229894,NA,2.25,0.4848102,0.0079168840956341,0.007413,0,0,0,NA,0,NA,1.55,0.29652,23.56,5.544924,0.1,0.022239,NA,NA,NA,NA,NA,NA,NA,NA,NA,NA,NA,NA,NA,NA,NA,NA,NA,NA,NA,NA,NA,NA,NA,NA,NA,NA
"209","Amon-Ra St. Brown","DET","WR","2566073","robust",NA,NA,NA,NA,NA,NA,NA,NA,NA,NA,0.0333333333333333,0.02471,0.138,0.14826,0,0,0.0333333333333333,0.02471,0,NA,0,NA,2.05,0.355824,24.12,6.15279,0.07,0.022239,NA,NA,NA,NA,NA,NA,NA,NA,NA,NA,NA,NA,NA,NA,NA,NA,NA,NA,NA,NA,NA,NA,NA,NA,NA,NA
"210","Auden Tate","CIN","WR","2560890","robust",NA,NA,NA,NA,NA,NA,NA,NA,NA,NA,0,0,0,0,0,0,0,0,0,NA,0,NA,2.2,0.214977,28.2,3.18759,0.1525,0.088956,NA,NA,NA,NA,NA,NA,NA,NA,NA,NA,NA,NA,NA,NA,NA,NA,NA,NA,NA,NA,NA,NA,NA,NA,NA,NA
"211","Dyami Brown","WAS","WR","2566586","robust",NA,NA,NA,NA,NA,NA,NA,NA,NA,NA,0.2,NA,0.873,0.659757,0.005,0.0025726458974359,0.0333333333333333,0.02471,0,NA,0,NA,2.05,0.44478,26.45,3.521175,0.07,0.059304,NA,NA,NA,NA,NA,NA,NA,NA,NA,NA,NA,NA,NA,NA,NA,NA,NA,NA,NA,NA,NA,NA,NA,NA,NA,NA
"212","Josh Palmer","LAC","WR","2566502","robust",NA,NA,NA,NA,NA,NA,NA,NA,NA,NA,0.0666666666666667,0.04942,0.26,0.385476,0,0,0.0333333333333333,0.04942,0,NA,0,NA,0.715,0.29652,9.6,3.85476,0.04,0.059304,NA,NA,NA,NA,NA,NA,NA,NA,NA,NA,NA,NA,NA,NA,NA,NA,NA,NA,NA,NA,NA,NA,NA,NA,NA,NA
"213","Damiere Byrd","CHI","WR","2553499","robust",NA,NA,NA,NA,NA,NA,NA,NA,NA,NA,0.0666666666666667,0.04942,0.4,0.29652,0,0,0,0,0,NA,0,NA,1.7,0.7413,21,1.03782,0.07,0.014826,NA,NA,NA,NA,NA,NA,NA,NA,NA,NA,NA,NA,NA,NA,NA,NA,NA,NA,NA,NA,NA,NA,NA,NA,NA,NA
"214","Cedrick Wilson","DAL","WR","2560936","robust",NA,NA,NA,NA,NA,NA,NA,NA,NA,NA,0.05,0.037065,0.625,0.51891,0,0,0,0,0,NA,0,NA,2.25,0.37065,27.3775,2.987439,0.1075,0.029652,NA,NA,NA,NA,NA,NA,NA,NA,NA,NA,NA,NA,NA,NA,NA,NA,NA,NA,NA,NA,NA,NA,NA,NA,NA,NA
"215","Demarcus Robinson","KC","WR","2555478","robust",NA,NA,NA,NA,NA,NA,NA,NA,NA,NA,0,0,0.006,0,0,0,0.0133333333333333,0.009884,0,NA,0,NA,2.03,0.793191,24.53,5.478207,0.15,0.07413,NA,NA,NA,NA,NA,NA,NA,NA,NA,NA,NA,NA,NA,NA,NA,NA,NA,NA,NA,NA,NA,NA,NA,NA,NA,NA
"216","Marquise Goodwin","CHI","WR","2539964","robust",NA,NA,NA,NA,NA,NA,NA,NA,NA,NA,0.29,NA,1.056,0.81543,0.005,0.0044478,0.00666666666666667,0.004942,0,NA,0,NA,1.565,0.578214,21.5,6.6717,0.055,0.014826,NA,NA,NA,NA,NA,NA,NA,NA,NA,NA,NA,NA,NA,NA,NA,NA,NA,NA,NA,NA,NA,NA,NA,NA,NA,NA
"217","Chris Hogan","NO","WR","2530515","robust",NA,NA,NA,NA,NA,NA,NA,NA,NA,NA,0,0,0.0225,0.07413,0,0,0,0,0,NA,0,NA,1.395,0.607866,18.3175,8.576841,0.1,0.014826,NA,NA,NA,NA,NA,NA,NA,NA,NA,NA,NA,NA,NA,NA,NA,NA,NA,NA,NA,NA,NA,NA,NA,NA,NA,NA
"218","KhaDarel Hodge","DET","WR","2561653","robust",NA,NA,NA,NA,NA,NA,NA,NA,NA,NA,0,0,0.03,0.029652,0,0,0,0,0,NA,0,NA,0.75,0.289107,10.2275,4.00302,0.0375,0.037065,NA,NA,NA,NA,NA,NA,NA,NA,NA,NA,NA,NA,NA,NA,NA,NA,NA,NA,NA,NA,NA,NA,NA,NA,NA,NA
"219","Brandon Zylstra","CAR","WR","2560243","robust",NA,NA,NA,NA,NA,NA,NA,NA,NA,NA,0.0333333333333333,0.04942,0.13,0.14826,0,0,0,0,0,NA,0,NA,0.775,0.29652,9.755,3.810282,0.05,0.07413,NA,NA,NA,NA,NA,NA,NA,NA,NA,NA,NA,NA,NA,NA,NA,NA,NA,NA,NA,NA,NA,NA,NA,NA,NA,NA
"220","Cam Sims","WAS","WR","2561067","robust",NA,NA,NA,NA,NA,NA,NA,NA,NA,NA,0,0,0.5025,0.59304,0,0,0,0,0,NA,0,NA,0.9175,0.200151,14.015,4.306953,0.0425,0.029652,NA,NA,NA,NA,NA,NA,NA,NA,NA,NA,NA,NA,NA,NA,NA,NA,NA,NA,NA,NA,NA,NA,NA,NA,NA,NA
"221","Tyron Johnson","JAC","WR","2562932","robust",NA,NA,NA,NA,NA,NA,NA,NA,NA,NA,0.0333333333333333,0.04942,0.19,0.281694,0,0,0.01,0.014826,0,NA,0,NA,0.52,0.103782,7.4,0.800604,0.03,0.044478,NA,NA,NA,NA,NA,NA,NA,NA,NA,NA,NA,NA,NA,NA,NA,NA,NA,NA,NA,NA,NA,NA,NA,NA,NA,NA
"222","David Moore","DEN","WR","2558856","robust",NA,NA,NA,NA,NA,NA,NA,NA,NA,NA,0.101612903225806,0.088956,1.2675,0.874734,0,0,0,0,0,NA,0,NA,0.96,0.281694,12.795,4.640538,0.04,0.044478,NA,NA,NA,NA,NA,NA,NA,NA,NA,NA,NA,NA,NA,NA,NA,NA,NA,NA,NA,NA,NA,NA,NA,NA,NA,NA
"223","Mike Thomas","CIN","WR","2556381","robust",NA,NA,NA,NA,NA,NA,NA,NA,NA,NA,0,0,0.0225,0,0,0,0,0,0,NA,0,NA,1.3725,0.948864,17.5575,10.22994,0.1075,0.059304,NA,NA,NA,NA,NA,NA,NA,NA,NA,NA,NA,NA,NA,NA,NA,NA,NA,NA,NA,NA,NA,NA,NA,NA,NA,NA
"224","Mohamed Sanu","SF","WR","2533040","robust",NA,NA,NA,NA,NA,NA,NA,NA,NA,NA,0,0,0.1875,0.2779875,0.00125,0,0.02,0,0,NA,0,NA,1.75,0.51891,20.58,1.18608,0.07,0.103782,NA,NA,NA,NA,NA,NA,NA,NA,NA,NA,NA,NA,NA,NA,NA,NA,NA,NA,NA,NA,NA,NA,NA,NA,NA,NA
"225","Byron Pringle","KC","WR","2560844","robust",NA,NA,NA,NA,NA,NA,NA,NA,NA,NA,0,0,0.0075,0,0,0,0.005,0,0,NA,0,NA,1.55,0.22239,20.1,0.593039999999998,0.12,0.029652,NA,NA,NA,NA,NA,NA,NA,NA,NA,NA,NA,NA,NA,NA,NA,NA,NA,NA,NA,NA,NA,NA,NA,NA,NA,NA
"226","Marcus Johnson","TEN","WR","2556855","robust",NA,NA,NA,NA,NA,NA,NA,NA,NA,NA,0,0,0,0,0,0,0,0,0,NA,0,NA,1.105,0.29652,13.8925,0.296519999999999,0.095,0.029652,NA,NA,NA,NA,NA,NA,NA,NA,NA,NA,NA,NA,NA,NA,NA,NA,NA,NA,NA,NA,NA,NA,NA,"Undisclosed",4,2021
"227","Trent Sherfield","SF","WR","2561272","robust",NA,NA,NA,NA,NA,NA,NA,NA,NA,NA,0,0,0.06,0.07413,0,0,0,0,0,NA,0,NA,0.965,0.51891,12.295,6.367767,0.06,0.059304,NA,NA,NA,NA,NA,NA,NA,NA,NA,NA,NA,NA,NA,NA,NA,NA,NA,NA,NA,NA,NA,NA,NA,NA,NA,NA
"228","N'Keal Harry","NE","WR","2562659","robust",NA,NA,NA,NA,NA,NA,NA,NA,NA,NA,0.133333333333333,0.19768,1.25,0.770952,0,0,0.0433333333333333,0.019768,0,NA,0,NA,1.625,0.66717,16.55,6.241746,0.085,0.029652,NA,NA,NA,NA,NA,NA,NA,NA,NA,NA,NA,NA,NA,NA,NA,NA,NA,NA,NA,NA,NA,NA,NA,NA,NA,NA
"229","Anthony Schwartz","CLE","WR","2565986","robust",NA,NA,NA,NA,NA,NA,NA,NA,NA,NA,0.05,0,0.4675,0.6931155,0.00125,0,0.01,0,0,NA,0,NA,1.185,0.81543,16.84,5.796966,0.07,0.07413,NA,NA,NA,NA,NA,NA,NA,NA,NA,NA,NA,NA,NA,NA,NA,NA,NA,NA,NA,NA,NA,NA,NA,NA,NA,NA
"230","Cameron Batson","TEN","WR","2561521","robust",NA,NA,NA,NA,NA,NA,NA,NA,NA,NA,0.1,0.07413,0.41,0.51891,0,0,0.01,0.007413,0,NA,0,NA,1.03,0.548562,12.0475,6.212094,0.065,0.044478,NA,NA,NA,NA,NA,NA,NA,NA,NA,NA,NA,NA,NA,NA,NA,NA,NA,NA,NA,NA,NA,NA,NA,NA,NA,NA
"231","Albert Wilson","MIA","WR","2550272","robust",NA,NA,NA,NA,NA,NA,NA,NA,NA,NA,0.1,0.07413,1.025,0.37065,0.01,0.014826,0,0,0,NA,0,NA,1.735,0.44478,17.675,2.52042,0.0625,0.066717,NA,NA,NA,NA,NA,NA,NA,NA,NA,NA,NA,NA,NA,NA,NA,NA,NA,NA,NA,NA,NA,NA,NA,NA,NA,NA
"232","Greg Ward","PHI","WR","2559278","robust",NA,NA,NA,NA,NA,NA,NA,NA,NA,NA,0,0,0,0,0,0,0,0,0,NA,0,NA,1.46,0.289107,15.19,1.816185,0.115,0.037065,NA,NA,NA,NA,NA,NA,NA,NA,NA,NA,NA,NA,NA,NA,NA,NA,NA,NA,NA,NA,NA,NA,NA,NA,NA,NA
"233","Amari Rodgers","GB","WR","2566091","robust",NA,NA,NA,NA,NA,NA,NA,NA,NA,NA,0,0,0.06,0.163086,0,0,0,0,0,NA,0,NA,0.71,0.44478,8.985,5.26323,0.065,0.059304,NA,NA,NA,NA,NA,NA,NA,NA,NA,NA,NA,NA,NA,NA,NA,NA,NA,NA,NA,NA,NA,NA,NA,NA,NA,NA
"234","Trinity Benson","DET","WR","2563035","robust",NA,NA,NA,NA,NA,NA,NA,NA,NA,NA,0,0,0.06,0.07413,0,0,0,0,0,NA,0,NA,1.33,0.29652,16.0275,3.832521,0.08,0.014826,NA,NA,NA,NA,NA,NA,NA,NA,NA,NA,NA,NA,NA,NA,NA,NA,NA,NA,NA,NA,NA,NA,NA,NA,NA,NA
"235","Diontae Spencer","DEN","WR","2550734","robust",NA,NA,NA,NA,NA,NA,NA,NA,NA,NA,0.15,0.22239,0.925,1.03782,0,0,0.05,0.07413,0,NA,0,NA,1.5475,0.311346,17.5175,0.296519999999999,0.07,0.044478,NA,NA,NA,NA,NA,NA,NA,NA,NA,NA,NA,NA,NA,NA,NA,NA,NA,NA,NA,NA,NA,NA,NA,NA,NA,NA
"236","Andre Roberts","HOU","WR","497320","robust",NA,NA,NA,NA,NA,NA,NA,NA,NA,NA,0,0,0.075,0.118608,0,0,0.1,0.07413,0,NA,0,NA,0.7075,0.37065,9,2.74281,0.0275,0.029652,NA,NA,NA,NA,NA,NA,NA,NA,NA,NA,NA,NA,NA,NA,NA,NA,NA,NA,NA,NA,NA,NA,NA,NA,NA,NA
"237","Denzel Mims","NYJ","WR","2564802","robust",NA,NA,NA,NA,NA,NA,NA,NA,NA,NA,0,0,0.1275,0.14826,0,0,0,0,0,NA,0,NA,1.07,0.474432,14.1825,4.507104,0.09,0.014826,NA,NA,NA,NA,NA,NA,NA,NA,NA,NA,NA,NA,NA,NA,NA,NA,NA,NA,NA,NA,NA,NA,NA,NA,NA,NA
"238","Juwan Johnson","NO","WR","2564676","robust",NA,NA,NA,NA,NA,NA,NA,NA,NA,NA,0,0,0,0,0,0,0,0,NA,NA,NA,NA,1.7,0,17.1,0,0.3,0,NA,NA,NA,NA,NA,NA,NA,NA,NA,NA,NA,NA,NA,NA,NA,NA,NA,NA,NA,NA,NA,NA,NA,NA,NA,NA
"239","Tyler Johnson","TB","WR","2565225","robust",NA,NA,NA,NA,NA,NA,NA,NA,NA,NA,0,0,0.075,0.07413,0,0,0,0,0,NA,0,NA,0.965,0.22239,13.9975,3.03933,0.0475,0.037065,NA,NA,NA,NA,NA,NA,NA,NA,NA,NA,NA,NA,NA,NA,NA,NA,NA,NA,NA,NA,NA,NA,NA,NA,NA,NA
"240","Racey McMath","TEN","WR","2566112","robust",NA,NA,NA,NA,NA,NA,NA,NA,NA,NA,0,0,0.1225,0.14826,0,0,0,0,0,NA,0,NA,0.865,0.51891,11.935,3.810282,0.0825,0,NA,NA,NA,NA,NA,NA,NA,NA,NA,NA,NA,NA,NA,NA,NA,NA,NA,NA,NA,NA,NA,NA,NA,NA,NA,NA
"241","Devin Duvernay","BAL","WR","2563551","robust",NA,NA,NA,NA,NA,NA,NA,NA,NA,NA,0.05,0.037065,0.9775,0.541149,0,0,0,0,0,NA,0,NA,1.3425,0.133434,14.6175,2.779875,0.0925,0.00741300000000001,NA,NA,NA,NA,NA,NA,NA,NA,NA,NA,NA,NA,NA,NA,NA,NA,NA,NA,NA,NA,NA,NA,NA,NA,NA,NA
"242","Tajae Sharpe","ATL","WR","2555317","robust",NA,NA,NA,NA,NA,NA,NA,NA,NA,NA,0,0,0.04,0.044478,0,0,0,0,0,NA,0,NA,0.8275,0.422541,10.67,4.180932,0.0575,0.037065,NA,NA,NA,NA,NA,NA,NA,NA,NA,NA,NA,NA,NA,NA,NA,NA,NA,NA,NA,NA,NA,NA,NA,NA,NA,NA
"243","Jakeem Grant","MIA","WR","2556190","robust",NA,NA,NA,NA,NA,NA,NA,NA,NA,NA,0.35,0.259455,0.91,0.7413,0,0,0,0,0,NA,0,NA,0.59,0.259455,8.2475,4.855515,0.02,0.022239,NA,NA,NA,NA,NA,NA,NA,NA,NA,NA,NA,NA,NA,NA,NA,NA,NA,NA,NA,NA,NA,NA,NA,NA,NA,NA
"244","Frank Darby","ATL","WR","2565812","robust",NA,NA,NA,NA,NA,NA,NA,NA,NA,NA,0,0,0.395,0.140847,0,0,0,0,NA,NA,NA,NA,0.975,0.407715,11.645,4.811037,0.04,0.059304,NA,NA,NA,NA,NA,NA,NA,NA,NA,NA,NA,NA,NA,NA,NA,NA,NA,NA,NA,NA,NA,NA,NA,NA,NA,NA
"245","Ray-Ray McCloud","PIT","WR","2560801","robust",NA,NA,NA,NA,NA,NA,NA,NA,NA,NA,0.1,0.07413,0.7475,0.7413,0,0,0.05,0.037065,0,NA,0,NA,1.16,0.311346,9.8225,2.646441,0.025,0.022239,NA,NA,NA,NA,NA,NA,NA,NA,NA,NA,NA,NA,NA,NA,NA,NA,NA,NA,NA,NA,NA,NA,NA,NA,NA,NA
"246","Isaiah McKenzie","BUF","WR","2558129","robust",NA,NA,NA,NA,NA,NA,NA,NA,NA,NA,0.498847982310669,0.268951343946932,2.8675,1.275036,0.0075,0.007413,0.005,0.0037065,0,NA,0,NA,0.7375,0.14826,6.685,1.319514,0.0625,0.029652,NA,NA,NA,NA,NA,NA,NA,NA,NA,NA,NA,NA,NA,NA,NA,NA,NA,NA,NA,NA,NA,NA,NA,NA,NA,NA
"247","Tavon Austin","JAC","WR","2539336","robust",NA,NA,NA,NA,NA,NA,NA,NA,NA,NA,0.3,0.44478,5.1525,6.81996,0.0175,0,0.005,0.007413,0,NA,0,NA,0.725,0.978516,6.12,8.347038,0.015,0,NA,NA,NA,NA,NA,NA,NA,NA,NA,NA,NA,NA,NA,NA,NA,NA,NA,NA,NA,NA,NA,NA,NA,NA,NA,NA
"248","John Ross","NYG","WR","2558010","robust",NA,NA,NA,NA,NA,NA,NA,NA,NA,NA,0,0,0.2275,0.29652,0,0,0,0,0,NA,0,NA,0.765,0.207564,10.115,1.690164,0.0325,0.014826,NA,NA,NA,NA,NA,NA,NA,NA,NA,NA,NA,NA,NA,NA,NA,NA,NA,NA,NA,NA,NA,NA,NA,NA,NA,NA
"249","Noah Brown","DAL","WR","2558091","robust",NA,NA,NA,NA,NA,NA,NA,NA,NA,NA,0,0,0.17,0.14826,0,0,0,0,0,NA,0,NA,0.6625,0.0741300000000001,7.685,1.571556,0.0175,0,NA,NA,NA,NA,NA,NA,NA,NA,NA,NA,NA,NA,NA,NA,NA,NA,NA,NA,NA,NA,NA,NA,NA,NA,NA,NA
"250","Travis Kelce","KC","TE","2540258","robust",NA,NA,NA,NA,NA,NA,NA,NA,NA,NA,0,0,0.02,0.059304,0.01,0,0.09375,0.0185325,0,NA,0,NA,7.12,0.355824,90.7,7.85778,0.8,0.14826,NA,NA,NA,NA,NA,NA,NA,NA,NA,NA,NA,NA,NA,NA,NA,NA,NA,NA,NA,NA,NA,NA,NA,NA,NA,NA
"251","Darren Waller","LVR","TE","2552408","robust",NA,NA,NA,NA,NA,NA,NA,NA,NA,NA,0,0,0.00375,0.0111195,0,0,0.09875,0.0037065,0,NA,0,NA,6.4225,0.533735999999999,78.18,0.177912000000007,0.5925,0.252042,NA,NA,NA,NA,NA,NA,NA,NA,NA,NA,NA,NA,NA,NA,NA,NA,NA,NA,NA,NA,NA,NA,NA,NA,NA,NA
"252","George Kittle","SF","TE","2558266","robust",NA,NA,NA,NA,NA,NA,NA,NA,NA,NA,0.265,0,1.1625,0.2409225,0.0075,0.0037065,0.05,0.07413,0,NA,0,NA,5.3625,0.696822,67.4425,2.68350599999998,0.5,0.29652,NA,NA,NA,NA,NA,NA,NA,NA,NA,NA,NA,NA,NA,NA,NA,NA,NA,NA,NA,NA,NA,NA,NA,NA,NA,NA
"253","Mark Andrews","BAL","TE","2560957","robust",NA,NA,NA,NA,NA,NA,NA,NA,NA,NA,0,0,0.00625,0.0185325,0,0,0,0,0,NA,0,NA,4.4525,0.489258,55.315,7.057176,0.405,0.118608,NA,NA,NA,NA,NA,NA,NA,NA,NA,NA,NA,NA,NA,NA,NA,NA,NA,NA,NA,NA,NA,NA,NA,NA,NA,NA
"254","T.J. Hockenson","DET","TE","2562378","robust",NA,NA,NA,NA,NA,NA,NA,NA,NA,NA,0,0,0.03375,0.05003775,0,0,0.0366666666666667,0.019768,0,NA,0,NA,5,0.0741299999999997,55.9,6.22692,0.66,0.07413,NA,NA,NA,NA,NA,NA,NA,NA,NA,NA,NA,NA,NA,NA,NA,NA,NA,NA,NA,NA,NA,NA,NA,NA,NA,NA
"255","Kyle Pitts","ATL","TE","2565830","robust",NA,NA,NA,NA,NA,NA,NA,NA,NA,NA,0,0,0.0366666666666667,0.027181,0,0,0.0333333333333333,0.02471,0,NA,0,NA,4.2,0.29652,48.8,3.936303,0.2,0.029652,NA,NA,NA,NA,NA,NA,NA,NA,NA,NA,NA,NA,NA,NA,NA,NA,NA,NA,NA,NA,NA,NA,NA,NA,NA,NA
"256","Tyler Higbee","LAR","TE","2555364","robust",NA,NA,NA,NA,NA,NA,NA,NA,NA,NA,0,0,0.0525,0.066717,0,0,0,0,0,NA,0,NA,3.85,0.29652,41.9,5.63388,0.345,0.088956,NA,NA,NA,NA,NA,NA,NA,NA,NA,NA,NA,NA,NA,NA,NA,NA,NA,NA,NA,NA,NA,NA,NA,NA,NA,NA
"257","Logan Thomas","WAS","TE","2543767","robust",NA,NA,NA,NA,NA,NA,NA,NA,NA,NA,0.305,0,0.75375,0.5152035,0.0166666666666667,0,0.0475,0.0630105,0,NA,0,NA,4.4975,0.281694000000001,45.275,3.024504,0.3325,0.0593040000000001,NA,NA,NA,NA,NA,NA,NA,NA,NA,NA,NA,NA,NA,NA,NA,NA,NA,NA,NA,NA,NA,NA,NA,NA,NA,NA
"258","Noah Fant","DEN","TE","2562383","robust",NA,NA,NA,NA,NA,NA,NA,NA,NA,NA,0,0,-0.00875,0.0259455,0,0,0,0,0,NA,0,NA,4.48,0.385476,48.83,4.536756,0.295,0.014826,NA,NA,NA,NA,NA,NA,NA,NA,NA,NA,NA,NA,NA,NA,NA,NA,NA,NA,NA,NA,NA,NA,NA,NA,NA,NA
"259","Dallas Goedert","PHI","TE","2560995","robust",NA,NA,NA,NA,NA,NA,NA,NA,NA,NA,0,0,0.01,0.029652,0,0,0,0,0,NA,0,NA,3.675,0.14826,43.805,1.79394599999999,0.25,0.059304,NA,NA,NA,NA,NA,NA,NA,NA,NA,NA,NA,NA,NA,NA,NA,NA,NA,NA,NA,NA,NA,NA,NA,NA,NA,NA
"260","Jared Cook","LAC","TE","71265","robust",NA,NA,NA,NA,NA,NA,NA,NA,NA,NA,0,0,0.0233333333333333,0.017297,0,0,0.01,0.007413,0,NA,0,NA,3.2,0.37065,42.055,6.07866,0.26,0.00741300000000001,NA,NA,NA,NA,NA,NA,NA,NA,NA,NA,NA,NA,NA,NA,NA,NA,NA,NA,NA,NA,NA,NA,NA,NA,NA,NA
"261","Dawson Knox","BUF","TE","2562681","robust",NA,NA,NA,NA,NA,NA,NA,NA,NA,NA,0,0,0.01125,0.0333585,0,0,0.0075,0.022239,0,NA,0,NA,3.2525,0.59304,38.035,5.78214,0.3225,0.088956,NA,NA,NA,NA,NA,NA,NA,NA,NA,NA,NA,NA,NA,NA,NA,NA,NA,NA,NA,NA,NA,NA,NA,NA,NA,NA
"262","Zach Ertz","PHI","TE","2540158","robust",NA,NA,NA,NA,NA,NA,NA,NA,NA,NA,0,0,0.01,0.029652,0,0,0,0,0,NA,0,NA,2.7825,0.59304,30.885,7.26474,0.2,0.059304,NA,NA,NA,NA,NA,NA,NA,NA,NA,NA,NA,NA,NA,NA,NA,NA,NA,NA,NA,NA,NA,NA,NA,NA,NA,NA
"263","Mike Gesicki","MIA","TE","2560994","robust",NA,NA,NA,NA,NA,NA,NA,NA,NA,NA,0,0,0.005,0.014826,0,0,0.00375,0.0111195,0,NA,0,NA,3.59,0.44478,41.3375,4.4478,0.245,0.14826,NA,NA,NA,NA,NA,NA,NA,NA,NA,NA,NA,NA,NA,NA,NA,NA,NA,NA,NA,NA,NA,NA,NA,NA,NA,NA
"264","Tyler Conklin","MIN","TE","2561027","robust",NA,NA,NA,NA,NA,NA,NA,NA,NA,NA,0,0,0.04,0.029652,0,0,0.00666666666666667,0.004942,0,NA,0,NA,3.33,0.555975,35.715,7.324044,0.235,0.07413,NA,NA,NA,NA,NA,NA,NA,NA,NA,NA,NA,NA,NA,NA,NA,NA,NA,NA,NA,NA,NA,NA,NA,NA,NA,NA
"265","Evan Engram","NYG","TE","2557858","robust",NA,NA,NA,NA,NA,NA,NA,NA,NA,NA,0.174554347826087,NA,1.44333333333333,0.306404,0.0232878898738333,0.00243731276347263,0.133333333333333,0.02471,0,NA,0,NA,3.475,0.400302,36.69,3.602718,0.135,0.096369,NA,NA,NA,NA,NA,NA,NA,NA,NA,NA,NA,NA,NA,NA,NA,NA,NA,NA,NA,NA,NA,NA,NA,NA,NA,NA
"266","Cameron Brate","TB","TE","2550656","robust",NA,NA,NA,NA,NA,NA,NA,NA,NA,NA,0,0,0.0266666666666667,0.019768,0,0,0,0,0,NA,0,NA,3.31,0.674583,32.89,7.279566,0.195,0.14826,NA,NA,NA,NA,NA,NA,NA,NA,NA,NA,NA,NA,NA,NA,NA,NA,NA,NA,NA,NA,NA,NA,NA,NA,NA,NA
"267","Dalton Schultz","DAL","TE","2560866","robust",NA,NA,NA,NA,NA,NA,NA,NA,NA,NA,0,0,0.02125,0.0037065,0,0,0.005,0.014826,0,NA,0,NA,3.735,0.400302,37.44,2.2239,0.31,0.029652,NA,NA,NA,NA,NA,NA,NA,NA,NA,NA,NA,NA,NA,NA,NA,NA,NA,NA,NA,NA,NA,NA,NA,NA,NA,NA
"268","Robert Tonyan","GB","TE","2559270","robust",NA,NA,NA,NA,NA,NA,NA,NA,NA,NA,0,0,0.0166666666666667,0.012355,0,0,0,0,0,NA,0,NA,2.91,0.29652,33.1,3.92889,0.285,0.103782,NA,NA,NA,NA,NA,NA,NA,NA,NA,NA,NA,NA,NA,NA,NA,NA,NA,NA,NA,NA,NA,NA,NA,NA,NA,NA
"269","Will Dissly","SEA","TE","2561046","robust",NA,NA,NA,NA,NA,NA,NA,NA,NA,NA,0,0,0.03,0.014826,0,0,0,0,0,NA,0,NA,2.52,0.837669,27.7,13.165488,0.12,0.103782,NA,NA,NA,NA,NA,NA,NA,NA,NA,NA,NA,NA,NA,NA,NA,NA,NA,NA,NA,NA,NA,NA,NA,NA,NA,NA
"270","Hunter Henry","NE","TE","2555341","robust",NA,NA,NA,NA,NA,NA,NA,NA,NA,NA,0,0,0.00625,0.0185325,0,0,0,0,0,NA,0,NA,3.3,0.44478,36.5125,4.15128,0.2,0.059304,NA,NA,NA,NA,NA,NA,NA,NA,NA,NA,NA,NA,NA,NA,NA,NA,NA,NA,NA,NA,NA,NA,NA,NA,NA,NA
"271","Austin Hooper","CLE","TE","2555415","robust",NA,NA,NA,NA,NA,NA,NA,NA,NA,NA,0,0,0.0166666666666667,0.012355,0,0,0.00666666666666667,0.004942,0,NA,0,NA,3.55,0.14826,35.75,1.868076,0.275,0.118608,NA,NA,NA,NA,NA,NA,NA,NA,NA,NA,NA,NA,NA,NA,NA,NA,NA,NA,NA,NA,NA,NA,NA,NA,NA,NA
"272","Anthony Firkser","TEN","TE","2558942","robust",NA,NA,NA,NA,NA,NA,NA,NA,NA,NA,0,0,0.0433333333333333,0.017297,0.01,0,0,0,0,NA,0,NA,3,0.303933,33,3.7065,0.18,0.081543,NA,NA,NA,NA,NA,NA,NA,NA,NA,NA,NA,NA,NA,NA,NA,NA,NA,NA,NA,NA,NA,NA,NA,NA,NA,NA
"273","Jonnu Smith","NE","TE","2558207","robust",NA,NA,NA,NA,NA,NA,NA,NA,NA,NA,0,0,0.663333333333333,0.242158,0.015,0,0.00333333333333333,0.002471,0,NA,0,NA,3.04,0.452193,29.65,3.232068,0.2,0.037065,NA,NA,NA,NA,NA,NA,NA,NA,NA,NA,NA,NA,NA,NA,NA,NA,NA,NA,NA,NA,NA,NA,NA,NA,NA,NA
"274","Jack Doyle","IND","TE","2540232","robust",NA,NA,NA,NA,NA,NA,NA,NA,NA,NA,0,0,0.02,0,0.005,0,0.01,0.007413,0,NA,0,NA,2.75,0.29652,30.3,2.9652,0.15,0.051891,NA,NA,NA,NA,NA,NA,NA,NA,NA,NA,NA,NA,NA,NA,NA,NA,NA,NA,NA,NA,NA,NA,NA,NA,NA,NA
"275","Adam Trautman","NO","TE","2564703","robust",NA,NA,NA,NA,NA,NA,NA,NA,NA,NA,0,0,0.0233333333333333,0.017297,0,0,0.0133333333333333,0.009884,0,NA,0,NA,2.4,0.800604,26.115,11.675475,0.15,0.07413,NA,NA,NA,NA,NA,NA,NA,NA,NA,NA,NA,NA,NA,NA,NA,NA,NA,NA,NA,NA,NA,NA,NA,NA,NA,NA
"276","O.J. Howard","TB","TE","2557856","robust",NA,NA,NA,NA,NA,NA,NA,NA,NA,NA,0,0,0.0233333333333333,0.034594,0,0,0,0,0,NA,0,NA,2.09,0.281694,27.42,2.253552,0.2,0.14826,NA,NA,NA,NA,NA,NA,NA,NA,NA,NA,NA,NA,NA,NA,NA,NA,NA,NA,NA,NA,NA,NA,NA,NA,NA,NA
"277","Donald Parham","LAC","TE","2562394","robust",NA,NA,NA,NA,NA,NA,NA,NA,NA,NA,0,NA,0.025,0.0185325,0,0,0,0,0,NA,0,NA,1.29,0.637518,14.8,4.74432,0.1,0.07413,NA,NA,NA,NA,NA,NA,NA,NA,NA,NA,NA,NA,NA,NA,NA,NA,NA,NA,NA,NA,NA,NA,NA,NA,NA,NA
"278","David Njoku","CLE","TE","2557986","robust",NA,NA,NA,NA,NA,NA,NA,NA,NA,NA,0,0,0.0266666666666667,0.019768,0,0,0.00333333333333333,0.002471,0,NA,0,NA,2.25,0.689409,30.9,5.026014,0.1,0.059304,NA,NA,NA,NA,NA,NA,NA,NA,NA,NA,NA,NA,NA,NA,NA,NA,NA,NA,NA,NA,NA,NA,NA,NA,NA,NA
"279","Dan Arnold","JAC","TE","2559385","robust",NA,NA,NA,NA,NA,NA,NA,NA,NA,NA,0,0,0.0233333333333333,0.034594,0,0,0.01,0.014826,0,NA,0,NA,1.7,1.18608,19.95,15.5673,0.1,0.014826,NA,NA,NA,NA,NA,NA,NA,NA,NA,NA,NA,NA,NA,NA,NA,NA,NA,NA,NA,NA,NA,NA,NA,NA,NA,NA
"280","Pat Freiermuth","PIT","TE","2566442","robust",NA,NA,NA,NA,NA,NA,NA,NA,NA,NA,0,0,0.0233333333333333,0.017297,0,0,0.0333333333333333,0.02471,0,NA,0,NA,2.545,0.526323,25.22,3.55824,0.13,0.081543,NA,NA,NA,NA,NA,NA,NA,NA,NA,NA,NA,NA,NA,NA,NA,NA,NA,NA,NA,NA,NA,NA,NA,NA,NA,NA
"281","Albert Okwuegbunam","DEN","TE","2563911","robust",NA,NA,NA,NA,NA,NA,NA,NA,NA,NA,0,0,0.0633333333333333,0.046949,0,0,0.1,0,0,NA,0,NA,2.15,0.44478,22.175,7.413,0.145,0.081543,NA,NA,NA,NA,NA,NA,NA,NA,NA,NA,NA,NA,NA,NA,NA,NA,NA,NA,NA,NA,NA,NA,NA,NA,NA,NA
"282","Blake Jarwin","DAL","TE","2559193","robust",NA,NA,NA,NA,NA,NA,NA,NA,NA,NA,0,0,0.02,0.014826,0,0,0,0,0,NA,0,NA,2.45,0.756126,24.7,4.825863,0.1,0.022239,NA,NA,NA,NA,NA,NA,NA,NA,NA,NA,NA,NA,NA,NA,NA,NA,NA,NA,NA,NA,NA,NA,NA,NA,NA,NA
"283","Cole Kmet","CHI","TE","2563704","robust",NA,NA,NA,NA,NA,NA,NA,NA,NA,NA,0,0,0.0766666666666667,0.056833,0,0,0.0166666666666667,0.012355,0,NA,0,NA,2.81,0.289107,28.2,1.171254,0.14,0.066717,NA,NA,NA,NA,NA,NA,NA,NA,NA,NA,NA,NA,NA,NA,NA,NA,NA,NA,NA,NA,NA,NA,NA,NA,NA,NA
"284","Maxx Williams","ARI","TE","2552468","robust",NA,NA,NA,NA,NA,NA,NA,NA,NA,NA,0,0,0.0175,0.051891,0,0,0.00375,0.0111195,0,NA,0,NA,2.15,0.355824,24.7,2.59455,0.1,0.029652,NA,NA,NA,NA,NA,NA,NA,NA,NA,NA,NA,NA,NA,NA,NA,NA,NA,NA,NA,NA,NA,NA,NA,NA,NA,NA
"285","Jordan Akins","HOU","TE","2560951","robust",NA,NA,NA,NA,NA,NA,NA,NA,NA,NA,0,0,0.216666666666667,0.160615,0,0,0,0,0,NA,0,NA,2.23,0.266868,24.1,2.928135,0.09,0.029652,NA,NA,NA,NA,NA,NA,NA,NA,NA,NA,NA,NA,NA,NA,NA,NA,NA,NA,NA,NA,NA,NA,NA,NA,NA,NA
"286","Pharaoh Brown","HOU","TE","2559018","robust",NA,NA,NA,NA,NA,NA,NA,NA,NA,NA,0,0,0.02,0.014826,0,0,0,0,0,NA,0,NA,1.85,0.237216,22.6,4.52193,0.08,0.051891,NA,NA,NA,NA,NA,NA,NA,NA,NA,NA,NA,NA,NA,NA,NA,NA,NA,NA,NA,NA,NA,NA,NA,NA,NA,NA
"287","Eric Ebron","PIT","TE","2543466","robust",NA,NA,NA,NA,NA,NA,NA,NA,NA,NA,0,0,0.02,0.014826,0,0,0.01,0.007413,0,NA,0,NA,1.84,0.244629,18.005,2.972613,0.11,0.014826,NA,NA,NA,NA,NA,NA,NA,NA,NA,NA,NA,NA,NA,NA,NA,NA,NA,NA,NA,NA,NA,NA,NA,NA,NA,NA
"288","Tommy Tremble","CAR","TE","2565914","robust",NA,NA,NA,NA,NA,NA,NA,NA,NA,NA,0.0683333333333333,NA,1.58666666666667,0.672112,0.065,0,0.0333333333333333,0.02471,0,NA,0,NA,1.9,0.51891,20,5.307708,0.06,0.07413,NA,NA,NA,NA,NA,NA,NA,NA,NA,NA,NA,NA,NA,NA,NA,NA,NA,NA,NA,NA,NA,NA,NA,NA,NA,NA
"289","Juwan Johnson","NO","TE","2564676","robust",NA,NA,NA,NA,NA,NA,NA,NA,NA,NA,0,0,0,0,0,0,0,0,0,NA,0,NA,1.8,0.266868,21.2,2.831766,0.1,0,NA,NA,NA,NA,NA,NA,NA,NA,NA,NA,NA,NA,NA,NA,NA,NA,NA,NA,NA,NA,NA,NA,NA,NA,NA,NA
"290","C.J. Uzomah","CIN","TE","2552559","robust",NA,NA,NA,NA,NA,NA,NA,NA,NA,NA,0,0,0.00625,0.00926625,0,0,0.00666666666666667,0.004942,0,NA,0,NA,2.29,0.029652,23.3,0.593040000000003,0.14,0.07413,NA,NA,NA,NA,NA,NA,NA,NA,NA,NA,NA,NA,NA,NA,NA,NA,NA,NA,NA,NA,NA,NA,NA,NA,NA,NA
"291","Harrison Bryant","CLE","TE","2563767","robust",NA,NA,NA,NA,NA,NA,NA,NA,NA,NA,0,0,0,0,0,0,0.0975,0.00247100000000002,0,NA,0,NA,1.6325,0.29652,18.97,3.48411,0.1175,0.066717,NA,NA,NA,NA,NA,NA,NA,NA,NA,NA,NA,NA,NA,NA,NA,NA,NA,NA,NA,NA,NA,NA,NA,NA,NA,NA
"292","Mo Alie-Cox","IND","TE","2558832","robust",NA,NA,NA,NA,NA,NA,NA,NA,NA,NA,0,0,0.00375,0.0111195,0,0,0.00125,0.0037065,0,NA,0,NA,1.45,0.37065,17.545,3.26172,0.1,0,NA,NA,NA,NA,NA,NA,NA,NA,NA,NA,NA,NA,NA,NA,NA,NA,NA,NA,NA,NA,NA,NA,NA,NA,NA,NA
"293","Tyler Kroft","NYJ","TE","2552586","robust",NA,NA,NA,NA,NA,NA,NA,NA,NA,NA,0,0,0.02,0.014826,0,0,0,0,0,NA,0,NA,1.295,0.51891,12.275,5.70801,0.085,0.07413,NA,NA,NA,NA,NA,NA,NA,NA,NA,NA,NA,NA,NA,NA,NA,NA,NA,NA,NA,NA,NA,NA,NA,NA,NA,NA
"294","Geoff Swaim","TEN","TE","2553454","robust",NA,NA,NA,NA,NA,NA,NA,NA,NA,NA,0,0,0.02,0.014826,0,0,0,0,0,NA,0,NA,1.8,0.274281,17.44,4.29954,0.1,0,NA,NA,NA,NA,NA,NA,NA,NA,NA,NA,NA,NA,NA,NA,NA,NA,NA,NA,NA,NA,NA,NA,NA,NA,NA,NA
"295","Hayden Hurst","ATL","TE","2560747","robust",NA,NA,NA,NA,NA,NA,NA,NA,NA,NA,0,0,0.0166666666666667,0.02471,0,0,0,0,0,NA,0,NA,2.025,0.252042,20.135,2.2239,0.1,0,NA,NA,NA,NA,NA,NA,NA,NA,NA,NA,NA,NA,NA,NA,NA,NA,NA,NA,NA,NA,NA,NA,NA,NA,NA,NA
"296","Jimmy Graham","CHI","TE","497236","robust",NA,NA,NA,NA,NA,NA,NA,NA,NA,NA,0,0,0.0133333333333333,0.009884,0,0,0,0,0,NA,0,NA,1.285,0.170499,16.27,3.024504,0.13,0.07413,NA,NA,NA,NA,NA,NA,NA,NA,NA,NA,NA,NA,NA,NA,NA,NA,NA,NA,NA,NA,NA,NA,NA,NA,NA,NA
"297","Chris Manhertz","JAC","TE","2552622","robust",NA,NA,NA,NA,NA,NA,NA,NA,NA,NA,0,0,0,0,0,0,0,0,0,NA,0,NA,0.8,0.29652,9.75,3.7065,0.05,0.059304,NA,NA,NA,NA,NA,NA,NA,NA,NA,NA,NA,NA,NA,NA,NA,NA,NA,NA,NA,NA,NA,NA,NA,NA,NA,NA
"298","Ricky Seals-Jones","WAS","TE","2559248","robust",NA,NA,NA,NA,NA,NA,NA,NA,NA,NA,0,0,0,0,0,0,0.05,0.07413,0,NA,0,NA,0.8325,0.548562,12.3775,9.918594,0.045,0.059304,NA,NA,NA,NA,NA,NA,NA,NA,NA,NA,NA,NA,NA,NA,NA,NA,NA,NA,NA,NA,NA,NA,NA,NA,NA,NA
"299","Tommy Sweeney","BUF","TE","2562750","robust",NA,NA,NA,NA,NA,NA,NA,NA,NA,NA,0,0,0.0133333333333333,0.019768,0,0,0.00666666666666667,0.009884,0,NA,0,NA,0.935,0.355824,10.4,4.996362,0.05,0.029652,NA,NA,NA,NA,NA,NA,NA,NA,NA,NA,NA,NA,NA,NA,NA,NA,NA,NA,NA,NA,NA,NA,NA,NA,NA,NA
"300","Drew Sample","CIN","TE","2562720","robust",NA,NA,NA,NA,NA,NA,NA,NA,NA,NA,0,0,0.0166666666666667,0.02471,0,0,0.0433333333333333,0.019768,0,NA,0,NA,1.3,0.607866,12.96,4.00302,0.05,0.044478,NA,NA,NA,NA,NA,NA,NA,NA,NA,NA,NA,NA,NA,NA,NA,NA,NA,NA,NA,NA,NA,NA,NA,NA,NA,NA
"301","Ian Thomas","CAR","TE","2560894","robust",NA,NA,NA,NA,NA,NA,NA,NA,NA,NA,0,0,0.5,0,0.04,0,0,0,0,NA,0,NA,1.61,0.14826,15,3.7065,0.085,0.029652,NA,NA,NA,NA,NA,NA,NA,NA,NA,NA,NA,NA,NA,NA,NA,NA,NA,NA,NA,NA,NA,NA,NA,NA,NA,NA
"302","Kyle Rudolph","NYG","TE","2495438","robust",NA,NA,NA,NA,NA,NA,NA,NA,NA,NA,0,0,0.0133333333333333,0.009884,0,0,0.00666666666666667,0.004942,0,NA,0,NA,1.315,0.51891,15.45,2.839179,0.05,0.059304,NA,NA,NA,NA,NA,NA,NA,NA,NA,NA,NA,NA,NA,NA,NA,NA,NA,NA,NA,NA,NA,NA,NA,NA,NA,NA
"303","Ryan Griffin","NYJ","TE","2541316","robust",NA,NA,NA,NA,NA,NA,NA,NA,NA,NA,0,0,0,0,0,0,0.01,0.007413,0,NA,0,NA,1.55,0.229803,15.425,1.40847,0.07,0.07413,NA,NA,NA,NA,NA,NA,NA,NA,NA,NA,NA,NA,NA,NA,NA,NA,NA,NA,NA,NA,NA,NA,NA,NA,NA,NA
"304","John Bates","WAS","TE","2566580","robust",NA,NA,NA,NA,NA,NA,NA,NA,NA,NA,0,NA,0,0,0,0,0.025,0,0,NA,0,NA,0.7475,0.607866,7.525,6.52344,0.025,0,NA,NA,NA,NA,NA,NA,NA,NA,NA,NA,NA,NA,NA,NA,NA,NA,NA,NA,NA,NA,NA,NA,NA,NA,NA,NA
"305","Jacob Hollister","JAC","TE","2558956","robust",NA,NA,NA,NA,NA,NA,NA,NA,NA,NA,0,0,0.0125,0.012355,0,0,0,0,0,NA,0,NA,1.1,0.481845,10.995,4.833276,0.0675,0.00741300000000001,NA,NA,NA,NA,NA,NA,NA,NA,NA,NA,NA,NA,NA,NA,NA,NA,NA,NA,NA,NA,NA,NA,NA,NA,NA,NA
"306","Chris Herndon","MIN","TE","2560738","robust",NA,NA,NA,NA,NA,NA,NA,NA,NA,NA,0,0,0,0,0,0,0.025,0.02471,0,NA,0,NA,0.9425,0.37065,10.365,4.07715,0.1,0.037065,NA,NA,NA,NA,NA,NA,NA,NA,NA,NA,NA,NA,NA,NA,NA,NA,NA,NA,NA,NA,NA,NA,NA,NA,NA,NA
"307","Durham Smythe","MIA","TE","2560880","robust",NA,NA,NA,NA,NA,NA,NA,NA,NA,NA,0,0,0,0,0,0,0,0,0,NA,0,NA,1.185,0.44478,10.1125,3.92889,0.0525,0.044478,NA,NA,NA,NA,NA,NA,NA,NA,NA,NA,NA,NA,NA,NA,NA,NA,NA,NA,NA,NA,NA,NA,NA,NA,NA,NA
"308","Noah Gray","KC","TE","2566178","robust",NA,NA,NA,NA,NA,NA,NA,NA,NA,NA,0,NA,0,0,0,0,0,0,0,NA,0,NA,0.825,0.7413,8.6,6.81996,0.025,0,NA,NA,NA,NA,NA,NA,NA,NA,NA,NA,NA,NA,NA,NA,NA,NA,NA,NA,NA,NA,NA,NA,NA,NA,NA,NA
"309","Foster Moreau","LVR","TE","2562317","robust",NA,NA,NA,NA,NA,NA,NA,NA,NA,NA,0,0,0.0166666666666667,0.02471,0,0,0,0,0,NA,0,NA,1.02,0.177912,11.07,1.63086,0.105,0.014826,NA,NA,NA,NA,NA,NA,NA,NA,NA,NA,NA,NA,NA,NA,NA,NA,NA,NA,NA,NA,NA,NA,NA,NA,NA,NA
"310","Marcedes Lewis","GB","TE","2495888","robust",NA,NA,NA,NA,NA,NA,NA,NA,NA,NA,0,0,0,0,0,0,0,0,0,NA,0,NA,0.85,0.22239,9.5,3.48411,0.05,0.07413,NA,NA,NA,NA,NA,NA,NA,NA,NA,NA,NA,NA,NA,NA,NA,NA,NA,NA,NA,NA,NA,NA,NA,NA,NA,NA
"311","Darren Fells","DET","TE","2540928","robust",NA,NA,NA,NA,NA,NA,NA,NA,NA,NA,0,0,0,0,0,0,0,0,0,NA,0,NA,0.935,0.044478,10.985,2.920722,0.095,0,NA,NA,NA,NA,NA,NA,NA,NA,NA,NA,NA,NA,NA,NA,NA,NA,NA,NA,NA,NA,NA,NA,NA,NA,NA,NA
"312","Johnny Mundt","LAR","TE","2558875","robust",NA,NA,NA,NA,NA,NA,NA,NA,NA,NA,0,0,0.005,0.007413,0,0,0,0,0,NA,0,NA,0.5375,0.51891,6.275,7.85778,0.0125,0.014826,NA,NA,NA,NA,NA,NA,NA,NA,NA,NA,NA,NA,NA,NA,NA,NA,NA,NA,NA,NA,NA,NA,NA,NA,NA,NA
"313","MyCole Pruitt","TEN","TE","2552401","robust",NA,NA,NA,NA,NA,NA,NA,NA,NA,NA,0,NA,0,0,0,0,0,0,0,NA,0,NA,0.725,0.22239,8.05,2.52042,0.1,0,NA,NA,NA,NA,NA,NA,NA,NA,NA,NA,NA,NA,NA,NA,NA,NA,NA,NA,NA,NA,NA,NA,NA,NA,NA,NA
"314","Adam Shaheen","MIA","TE","2558144","robust",NA,NA,NA,NA,NA,NA,NA,NA,NA,NA,0,0,0,0,0,0,0.025,0.02471,0,NA,0,NA,0.8,0.14826,8.85,1.4826,0.05,0.07413,NA,NA,NA,NA,NA,NA,NA,NA,NA,NA,NA,NA,NA,NA,NA,NA,NA,NA,NA,NA,NA,NA,NA,NA,NA,NA
"315","Devin Asiasi","NE","TE","2564586","robust",NA,NA,NA,NA,NA,NA,NA,NA,NA,NA,0,0,0,0,0,0,0.015,0.022239,0,NA,0,NA,0.3875,0.22239,4.2925,3.750978,0.03,0.014826,NA,NA,NA,NA,NA,NA,NA,NA,NA,NA,NA,NA,NA,NA,NA,NA,NA,NA,NA,NA,NA,NA,"O","Coach's Decision",4,2021
"316","Ross Dwelley","SF","TE","2561060","robust",NA,NA,NA,NA,NA,NA,NA,NA,NA,NA,0,0,0,0,0,0,0,0,0,NA,0,NA,0.725,0.0741300000000001,7.55,2.2239,0.04,0.037065,NA,NA,NA,NA,NA,NA,NA,NA,NA,NA,NA,NA,NA,NA,NA,NA,NA,NA,NA,NA,NA,NA,NA,NA,NA,NA
"317","Texans","HOU","DST","100013","robust",NA,NA,NA,NA,NA,NA,NA,NA,NA,NA,NA,NA,NA,NA,NA,NA,NA,NA,NA,NA,NA,NA,NA,NA,NA,NA,NA,NA,0.65,0.14826,1.9,0.237216,0.0025,0.0037065,0.1,0,0,NA,NA,NA,NA,NA,NA,NA,NA,NA,NA,NA,NA,NA,NA,NA,NA,NA
"318","Vikings","MIN","DST","100020","robust",NA,NA,NA,NA,NA,NA,NA,NA,NA,NA,NA,NA,NA,NA,NA,NA,NA,NA,NA,NA,NA,NA,NA,NA,NA,NA,NA,NA,0.79,0.0815429999999999,2.17,0.0815430000000002,0.0125,0.014826,0.125,0.029652,0,NA,NA,NA,NA,NA,NA,NA,NA,NA,NA,NA,NA,NA,NA,NA,NA,NA
"319","Eagles","PHI","DST","100025","robust",NA,NA,NA,NA,NA,NA,NA,NA,NA,NA,NA,NA,NA,NA,NA,NA,NA,NA,NA,NA,NA,NA,NA,NA,NA,NA,NA,NA,0.55,0.07413,2.1,0.111195,0.04125,0.00926625,0.125,0.014826,0,NA,NA,NA,NA,NA,NA,NA,NA,NA,NA,NA,NA,NA,NA,NA,NA,NA
"320","Raiders","LVR","DST","100018","robust",NA,NA,NA,NA,NA,NA,NA,NA,NA,NA,NA,NA,NA,NA,NA,NA,NA,NA,NA,NA,NA,NA,NA,NA,NA,NA,NA,NA,0.74,0.177912,1.7625,0,0.0375,0.044478,0.125,0.07413,0,NA,NA,NA,NA,NA,NA,NA,NA,NA,NA,NA,NA,NA,NA,NA,NA,NA
"321","Lions","DET","DST","100010","robust",NA,NA,NA,NA,NA,NA,NA,NA,NA,NA,NA,NA,NA,NA,NA,NA,NA,NA,NA,NA,NA,NA,NA,NA,NA,NA,NA,NA,0.85,0.118608,2.935,0.59304,0.0075,0,0.14,0.07413,0,NA,NA,NA,NA,NA,NA,NA,NA,NA,NA,NA,NA,NA,NA,NA,NA,NA
"322","Cardinals","ARI","DST","100026","robust",NA,NA,NA,NA,NA,NA,NA,NA,NA,NA,NA,NA,NA,NA,NA,NA,NA,NA,NA,NA,NA,NA,NA,NA,NA,NA,NA,NA,0.7,0,2.6,0.14826,0.0225,0.022239,0.135,0.022239,0,NA,NA,NA,NA,NA,NA,NA,NA,NA,NA,NA,NA,NA,NA,NA,NA,NA
"323","Jets","NYJ","DST","100024","robust",NA,NA,NA,NA,NA,NA,NA,NA,NA,NA,NA,NA,NA,NA,NA,NA,NA,NA,NA,NA,NA,NA,NA,NA,NA,NA,NA,NA,0.65,0.0741300000000001,2,0.281694000000001,0.0225,0.029652,0.1,0.029652,0,NA,NA,NA,NA,NA,NA,NA,NA,NA,NA,NA,NA,NA,NA,NA,NA,NA
"324","Jaguars","JAC","DST","100015","robust",NA,NA,NA,NA,NA,NA,NA,NA,NA,NA,NA,NA,NA,NA,NA,NA,NA,NA,NA,NA,NA,NA,NA,NA,NA,NA,NA,NA,0.76,0.0444779999999999,2.2,0.177912,0.005,0,0.165,0.07413,0,NA,NA,NA,NA,NA,NA,NA,NA,NA,NA,NA,NA,NA,NA,NA,NA,NA
"325","Panthers","CAR","DST","100004","robust",NA,NA,NA,NA,NA,NA,NA,NA,NA,NA,NA,NA,NA,NA,NA,NA,NA,NA,NA,NA,NA,NA,NA,NA,NA,NA,NA,NA,0.8,0.185325,2.6,0.259455,0.0025,0.0037065,0.13,0.022239,0,NA,NA,NA,NA,NA,NA,NA,NA,NA,NA,NA,NA,NA,NA,NA,NA,NA
"326","Patriots","NE","DST","100021","robust",NA,NA,NA,NA,NA,NA,NA,NA,NA,NA,NA,NA,NA,NA,NA,NA,NA,NA,NA,NA,NA,NA,NA,NA,NA,NA,NA,NA,0.855,0.103782,1.955,0.029652,0.00375,0,0.13,0.044478,0,NA,NA,NA,NA,NA,NA,NA,NA,NA,NA,NA,NA,NA,NA,NA,NA,NA
"327","Giants","NYG","DST","100023","robust",NA,NA,NA,NA,NA,NA,NA,NA,NA,NA,NA,NA,NA,NA,NA,NA,NA,NA,NA,NA,NA,NA,NA,NA,NA,NA,NA,NA,0.96,0.0593040000000001,2.285,0.415128,0.00375,0,0.125,0.059304,0,NA,NA,NA,NA,NA,NA,NA,NA,NA,NA,NA,NA,NA,NA,NA,NA,NA
"328","Seahawks","SEA","DST","100030","robust",NA,NA,NA,NA,NA,NA,NA,NA,NA,NA,NA,NA,NA,NA,NA,NA,NA,NA,NA,NA,NA,NA,NA,NA,NA,NA,NA,NA,0.87,0.044478,2.45,0.118608,0.03,0.044478,0.125,0.044478,0,NA,NA,NA,NA,NA,NA,NA,NA,NA,NA,NA,NA,NA,NA,NA,NA,NA
"329","49ers","SF","DST","100029","robust",NA,NA,NA,NA,NA,NA,NA,NA,NA,NA,NA,NA,NA,NA,NA,NA,NA,NA,NA,NA,NA,NA,NA,NA,NA,NA,NA,NA,0.72,0.14826,2.79,0.459606,0.0625,0.0555975,0.16,0.059304,0,NA,NA,NA,NA,NA,NA,NA,NA,NA,NA,NA,NA,NA,NA,NA,NA,NA
"330","Steelers","PIT","DST","100027","robust",NA,NA,NA,NA,NA,NA,NA,NA,NA,NA,NA,NA,NA,NA,NA,NA,NA,NA,NA,NA,NA,NA,NA,NA,NA,NA,NA,NA,0.6,0.07413,2.1,0.111195,0.00375,0.00555975,0.12,0.022239,0,NA,NA,NA,NA,NA,NA,NA,NA,NA,NA,NA,NA,NA,NA,NA,NA,NA
"331","Rams","LAR","DST","100017","robust",NA,NA,NA,NA,NA,NA,NA,NA,NA,NA,NA,NA,NA,NA,NA,NA,NA,NA,NA,NA,NA,NA,NA,NA,NA,NA,NA,NA,0.905,0.07413,2.565,0.14826,0.02,0.022239,0.155,0.07413,0,NA,NA,NA,NA,NA,NA,NA,NA,NA,NA,NA,NA,NA,NA,NA,NA,NA
"332","Browns","CLE","DST","100007","robust",NA,NA,NA,NA,NA,NA,NA,NA,NA,NA,NA,NA,NA,NA,NA,NA,NA,NA,NA,NA,NA,NA,NA,NA,NA,NA,NA,NA,0.8,0.126021,2.5,0.126021,0.065,0.037065,0.12,0.029652,0,NA,NA,NA,NA,NA,NA,NA,NA,NA,NA,NA,NA,NA,NA,NA,NA,NA
"333","Falcons","ATL","DST","100001","robust",NA,NA,NA,NA,NA,NA,NA,NA,NA,NA,NA,NA,NA,NA,NA,NA,NA,NA,NA,NA,NA,NA,NA,NA,NA,NA,NA,NA,0.9,0.22239,2.15,0.0889560000000001,0.005,0,0.125,0.07413,0,NA,NA,NA,NA,NA,NA,NA,NA,NA,NA,NA,NA,NA,NA,NA,NA,NA
"334","Cowboys","DAL","DST","100008","robust",NA,NA,NA,NA,NA,NA,NA,NA,NA,NA,NA,NA,NA,NA,NA,NA,NA,NA,NA,NA,NA,NA,NA,NA,NA,NA,NA,NA,0.9,0.014826,2.245,0.155673,0.00625,0.00926625,0.155,0.07413,0,NA,NA,NA,NA,NA,NA,NA,NA,NA,NA,NA,NA,NA,NA,NA,NA,NA
"335","Chargers","LAC","DST","100028","robust",NA,NA,NA,NA,NA,NA,NA,NA,NA,NA,NA,NA,NA,NA,NA,NA,NA,NA,NA,NA,NA,NA,NA,NA,NA,NA,NA,NA,0.75,0.0741299999999999,1.8,0.415128,0.0225,0.0333585,0.14,0.059304,0,NA,NA,NA,NA,NA,NA,NA,NA,NA,NA,NA,NA,NA,NA,NA,NA,NA
"336","Colts","IND","DST","100014","robust",NA,NA,NA,NA,NA,NA,NA,NA,NA,NA,NA,NA,NA,NA,NA,NA,NA,NA,NA,NA,NA,NA,NA,NA,NA,NA,NA,NA,0.88,0.0889560000000001,2.485,0.126021,0.055,0.014826,0.16,0.07413,0,NA,NA,NA,NA,NA,NA,NA,NA,NA,NA,NA,NA,NA,NA,NA,NA,NA
"337","Commanders","WAS","DST","100032","robust",NA,NA,NA,NA,NA,NA,NA,NA,NA,NA,NA,NA,NA,NA,NA,NA,NA,NA,NA,NA,NA,NA,NA,NA,NA,NA,NA,NA,0.82,0.192738,2.7,0.29652,0.0125,0.0185325,0.17,0.044478,0,NA,NA,NA,NA,NA,NA,NA,NA,NA,NA,NA,NA,NA,NA,NA,NA,NA
"338","Broncos","DEN","DST","100009","robust",NA,NA,NA,NA,NA,NA,NA,NA,NA,NA,NA,NA,NA,NA,NA,NA,NA,NA,NA,NA,NA,NA,NA,NA,NA,NA,NA,NA,0.8,0.177912,2.585,0.281694,0.03125,0.02409225,0.13,0.059304,0,NA,NA,NA,NA,NA,NA,NA,NA,NA,NA,NA,NA,NA,NA,NA,NA,NA
"339","Chiefs","KC","DST","100016","robust",NA,NA,NA,NA,NA,NA,NA,NA,NA,NA,NA,NA,NA,NA,NA,NA,NA,NA,NA,NA,NA,NA,NA,NA,NA,NA,NA,NA,0.915,0.207564,2.605,0.140847,0.025,0.022239,0.16,0.07413,0,NA,NA,NA,NA,NA,NA,NA,NA,NA,NA,NA,NA,NA,NA,NA,NA,NA
"340","Ravens","BAL","DST","100002","robust",NA,NA,NA,NA,NA,NA,NA,NA,NA,NA,NA,NA,NA,NA,NA,NA,NA,NA,NA,NA,NA,NA,NA,NA,NA,NA,NA,NA,0.78,0.118608,2.1,0.103782,0.03,0.044478,0.13,0.059304,0,NA,NA,NA,NA,NA,NA,NA,NA,NA,NA,NA,NA,NA,NA,NA,NA,NA
"341","Buccaneers","TB","DST","100031","robust",NA,NA,NA,NA,NA,NA,NA,NA,NA,NA,NA,NA,NA,NA,NA,NA,NA,NA,NA,NA,NA,NA,NA,NA,NA,NA,NA,NA,1,0,2.45,0.22239,0.005,0.007413,0.2,0.022239,0,NA,NA,NA,NA,NA,NA,NA,NA,NA,NA,NA,NA,NA,NA,NA,NA,NA
"342","Dolphins","MIA","DST","100019","robust",NA,NA,NA,NA,NA,NA,NA,NA,NA,NA,NA,NA,NA,NA,NA,NA,NA,NA,NA,NA,NA,NA,NA,NA,NA,NA,NA,NA,0.9,0.0296519999999999,2.54,0.281694,0.06,0.044478,0.15,0.059304,0,NA,NA,NA,NA,NA,NA,NA,NA,NA,NA,NA,NA,NA,NA,NA,NA,NA
"343","Packers","GB","DST","100011","robust",NA,NA,NA,NA,NA,NA,NA,NA,NA,NA,NA,NA,NA,NA,NA,NA,NA,NA,NA,NA,NA,NA,NA,NA,NA,NA,NA,NA,0.95,0.103782,1.8,0.14826,0.00375,0,0.14,0.059304,0,NA,NA,NA,NA,NA,NA,NA,NA,NA,NA,NA,NA,NA,NA,NA,NA,NA
"344","Bears","CHI","DST","100005","robust",NA,NA,NA,NA,NA,NA,NA,NA,NA,NA,NA,NA,NA,NA,NA,NA,NA,NA,NA,NA,NA,NA,NA,NA,NA,NA,NA,NA,0.8,0.07413,2.455,0.103782,0.0225,0.022239,0.15,0.037065,0,NA,NA,NA,NA,NA,NA,NA,NA,NA,NA,NA,NA,NA,NA,NA,NA,NA
"345","Bengals","CIN","DST","100006","robust",NA,NA,NA,NA,NA,NA,NA,NA,NA,NA,NA,NA,NA,NA,NA,NA,NA,NA,NA,NA,NA,NA,NA,NA,NA,NA,NA,NA,1.1,0.14826,2.365,0.0889559999999997,0.00375,0.00555975,0.175,0.00741300000000001,0,NA,NA,NA,NA,NA,NA,NA,NA,NA,NA,NA,NA,NA,NA,NA,NA,NA
"346","Titans","TEN","DST","100012","robust",NA,NA,NA,NA,NA,NA,NA,NA,NA,NA,NA,NA,NA,NA,NA,NA,NA,NA,NA,NA,NA,NA,NA,NA,NA,NA,NA,NA,1.19,0.44478,2.845,0.29652,0.005,0,0.175,0.014826,0,NA,NA,NA,NA,NA,NA,NA,NA,NA,NA,NA,NA,NA,NA,NA,NA,NA
"347","Bills","BUF","DST","100003","robust",NA,NA,NA,NA,NA,NA,NA,NA,NA,NA,NA,NA,NA,NA,NA,NA,NA,NA,NA,NA,NA,NA,NA,NA,NA,NA,NA,NA,0.995,0.037065,2.875,0.0593040000000001,0.01,0.014826,0.205,0.037065,0,NA,NA,NA,NA,NA,NA,NA,NA,NA,NA,NA,NA,NA,NA,NA,NA,NA
"348","Saints","NO","DST","100022","robust",NA,NA,NA,NA,NA,NA,NA,NA,NA,NA,NA,NA,NA,NA,NA,NA,NA,NA,NA,NA,NA,NA,NA,NA,NA,NA,NA,NA,1,0.14826,2.855,0.103782,0.02,0.014826,0.15,0.044478,0,NA,NA,NA,NA,NA,NA,NA,NA,NA,NA,NA,NA,NA,NA,NA,NA,NA
"349","Harrison Butker","KC","K","2558245","robust",NA,NA,NA,NA,NA,NA,NA,NA,NA,NA,NA,NA,NA,NA,NA,NA,NA,NA,NA,NA,NA,NA,NA,NA,NA,NA,NA,NA,NA,NA,NA,NA,NA,NA,NA,NA,NA,NA,0.0223541666666667,0.0101619875,0.50069753504472,0.14826,0.55,0.0718642393092106,0.478455774853801,0.114029063596491,0.184210115131579,0.0227998519736842,3.1,0.14826,NA,NA,NA,NA
"350","Matt Gay","LAR","K","2562271","robust",NA,NA,NA,NA,NA,NA,NA,NA,NA,NA,NA,NA,NA,NA,NA,NA,NA,NA,NA,NA,NA,NA,NA,NA,NA,NA,NA,NA,NA,NA,NA,NA,NA,NA,NA,NA,NA,NA,0.0162462006079027,0.0116715319148936,0.487241641337386,0.118608,0.524067407548126,0.041712676861702,0.464750664893617,0.125873134308511,0.161190476190476,0.0440191,2.75,0.326172,NA,NA,NA,NA
"351","Aldrick Rosas","NO","K","2556771","robust",NA,NA,NA,NA,NA,NA,NA,NA,NA,NA,NA,NA,NA,NA,NA,NA,NA,NA,NA,NA,NA,NA,NA,NA,NA,NA,NA,NA,NA,NA,NA,NA,NA,NA,NA,NA,NA,NA,0,0,0.458324902094958,0.10809062480748,0.52,0.14826,0.440501091891884,0.111195,0.191796855277868,0.00743981394568866,2.5,0.237216,NA,NA,NA,NA
"352","Tyler Bass","BUF","K","2563596","robust",NA,NA,NA,NA,NA,NA,NA,NA,NA,NA,NA,NA,NA,NA,NA,NA,NA,NA,NA,NA,NA,NA,NA,NA,NA,NA,NA,NA,NA,NA,NA,NA,NA,NA,NA,NA,NA,NA,0.0140921052631579,0.0117047368421053,0.65543248668936,0.14826,0.47,0.0439621029938029,0.5,0.0442027974164267,0.2,0.0121382456140351,3.1025,0.37065,NA,NA,NA,NA
"353","Jason Myers","SEA","K","2553112","robust",NA,NA,NA,NA,NA,NA,NA,NA,NA,NA,NA,NA,NA,NA,NA,NA,NA,NA,NA,NA,NA,NA,NA,NA,NA,NA,NA,NA,NA,NA,NA,NA,NA,NA,NA,NA,NA,NA,0.00487012987012987,0.00613738636363636,0.385,0.126021,0.602297541316878,0.126021,0.530713884750284,0.07413,0.267898169212436,0.0340511348716282,2.775,0.333585,NA,NA,NA,NA
"354","Mason Crosby","GB","K","2507232","robust",NA,NA,NA,NA,NA,NA,NA,NA,NA,NA,NA,NA,NA,NA,NA,NA,NA,NA,NA,NA,NA,NA,NA,NA,NA,NA,NA,NA,NA,NA,NA,NA,NA,NA,NA,NA,NA,NA,0.0271989966555184,0.00731382943143813,0.418279532967033,0.0296519999999999,0.60616419812072,0.160638612040134,0.459925122431916,0.0788978612040134,0.289936892817328,0.0668628043478261,2.91,0.252042000000001,NA,NA,NA,NA
"355","Younghoe Koo","ATL","K","2559205","robust",NA,NA,NA,NA,NA,NA,NA,NA,NA,NA,NA,NA,NA,NA,NA,NA,NA,NA,NA,NA,NA,NA,NA,NA,NA,NA,NA,NA,NA,NA,NA,NA,NA,NA,NA,NA,NA,NA,0.0087194055944056,0.007413,0.54,0.0474555118006994,0.59,0.0148260000000001,0.48238475340449,0.037065,0.299874401913876,0.0703645329545455,2.05,0.22239,NA,NA,NA,NA
"356","Justin Tucker","BAL","K","2536340","robust",NA,NA,NA,NA,NA,NA,NA,NA,NA,NA,NA,NA,NA,NA,NA,NA,NA,NA,NA,NA,NA,NA,NA,NA,NA,NA,NA,NA,NA,NA,NA,NA,NA,NA,NA,NA,NA,NA,0.025462962962963,0.0503351851851852,0.494913194444444,0.0594755972222222,0.634195601851852,0.0905461342592592,0.604856288580247,0.0287997337962963,0.273333333333333,0.04942,2.3,0.177911999999999,NA,NA,NA,NA
"357","Ryan Succop","TB","K","89802","robust",NA,NA,NA,NA,NA,NA,NA,NA,NA,NA,NA,NA,NA,NA,NA,NA,NA,NA,NA,NA,NA,NA,NA,NA,NA,NA,NA,NA,NA,NA,NA,NA,NA,NA,NA,NA,NA,NA,0.0329507275132275,0.00594805,0.549952536570184,0.0933756522875817,0.621141651104886,0.108039918300654,0.457458683473389,0.059031751633987,0.0788707334785766,0.00638860784313725,2.7475,0.14826,NA,NA,NA,NA
"358","Robbie Gould","SF","K","2506264","robust",NA,NA,NA,NA,NA,NA,NA,NA,NA,NA,NA,NA,NA,NA,NA,NA,NA,NA,NA,NA,NA,NA,NA,NA,NA,NA,NA,NA,NA,NA,NA,NA,NA,NA,NA,NA,NA,NA,0.00870716687445691,0.00879399297291171,0.428434610838555,0.133434,0.426575832645197,0.155673,0.525,0.0785504417998413,0.117795210569777,0.0263831791907514,2.575,0.170499,NA,NA,NA,NA
"359","Randy Bullock","TEN","K","2533444","robust",NA,NA,NA,NA,NA,NA,NA,NA,NA,NA,NA,NA,NA,NA,NA,NA,NA,NA,NA,NA,NA,NA,NA,NA,NA,NA,NA,NA,NA,NA,NA,NA,NA,NA,NA,NA,NA,NA,0.00487012987012987,0.0122747727272727,0.478197775075603,0.107920085308357,0.693713978329363,0.179855415625099,0.435525243986782,0.0593040000000001,0.128630600169062,0.0332960215802297,2.7575,0.14826,NA,NA,NA,NA
"360","Greg Zuerlein","DAL","K","2534797","robust",NA,NA,NA,NA,NA,NA,NA,NA,NA,NA,NA,NA,NA,NA,NA,NA,NA,NA,NA,NA,NA,NA,NA,NA,NA,NA,NA,NA,NA,NA,NA,NA,NA,NA,NA,NA,NA,NA,0.0347399527186761,0.0082016170212766,0.452458814988552,0.0591754507411098,0.650710634330003,0.00705197993727835,0.525599160477281,0.07896664770907,0.215252374434905,0.0350004529053129,2.625,0.252042,NA,NA,NA,NA
"361","Dustin Hopkins","WAS","K","2539227","robust",NA,NA,NA,NA,NA,NA,NA,NA,NA,NA,NA,NA,NA,NA,NA,NA,NA,NA,NA,NA,NA,NA,NA,NA,NA,NA,NA,NA,NA,NA,NA,NA,NA,NA,NA,NA,NA,NA,0.0258141338059371,0.0346509304386354,0.403259858218875,0.110015883030572,0.509969723822183,0.0592142250775365,0.621646359474228,0.229170196278245,0.117299332119004,0.0210714637522768,2.1975,0.148259999999999,NA,NA,NA,NA
"362","Brandon McManus","DEN","K","2541556","robust",NA,NA,NA,NA,NA,NA,NA,NA,NA,NA,NA,NA,NA,NA,NA,NA,NA,NA,NA,NA,NA,NA,NA,NA,NA,NA,NA,NA,NA,NA,NA,NA,NA,NA,NA,NA,NA,NA,0.00177304964539007,0.00262872340425532,0.462063122721869,0.0990744870642294,0.509718018512969,0.0362288684946558,0.5431875451709,0.143544523215639,0.203329420970266,0.0362461101905551,2.2,0.533736,NA,NA,NA,NA
"363","Jake Elliott","PHI","K","2558172","robust",NA,NA,NA,NA,NA,NA,NA,NA,NA,NA,NA,NA,NA,NA,NA,NA,NA,NA,NA,NA,NA,NA,NA,NA,NA,NA,NA,NA,NA,NA,NA,NA,NA,NA,NA,NA,NA,NA,0.00914634146341464,0.00771434146341464,0.270922641044592,0.15824992609017,0.376282335550628,0.0149027050997783,0.452253479921163,0.0539583850702144,0.1,0.029269692042375,2.2,0.533736,NA,NA,NA,NA
"364","Daniel Carlson","LVR","K","2560993","robust",NA,NA,NA,NA,NA,NA,NA,NA,NA,NA,NA,NA,NA,NA,NA,NA,NA,NA,NA,NA,NA,NA,NA,NA,NA,NA,NA,NA,NA,NA,NA,NA,NA,NA,NA,NA,NA,NA,0.00617753623188406,0.00209497826086957,0.664270447887758,0.0648300337650322,0.608202795765238,0.0749083307123034,0.426530475896803,0.015223737280296,0.243544685990338,0.0669676811594202,2.555,0.14826,NA,NA,NA,NA
"365","Greg Joseph","MIN","K","2561534","robust",NA,NA,NA,NA,NA,NA,NA,NA,NA,NA,NA,NA,NA,NA,NA,NA,NA,NA,NA,NA,NA,NA,NA,NA,NA,NA,NA,NA,NA,NA,NA,NA,NA,NA,NA,NA,NA,NA,0.0142251630226314,0.00820633601841197,0.439287200141631,0.10702490041604,0.476961250774542,0.189346800212446,0.388516198990883,0.059304,0.302136752136752,0.173451528205128,2.49,0.029652,NA,NA,NA,NA
"366","Austin Seibert","DET","K","2562729","robust",NA,NA,NA,NA,NA,NA,NA,NA,NA,NA,NA,NA,NA,NA,NA,NA,NA,NA,NA,NA,NA,NA,NA,NA,NA,NA,NA,NA,NA,NA,NA,NA,NA,NA,NA,NA,NA,NA,0,0,0.320454545454545,0.0559862937062937,0.483441558441558,0.0460183636363637,0.448116883116883,0.0413972727272727,0.103652597402597,0.0179400524475525,2.12,0.44478,NA,"Illness",4,2021
"367","Matt Prater","ARI","K","2506677","robust",NA,NA,NA,NA,NA,NA,NA,NA,NA,NA,NA,NA,NA,NA,NA,NA,NA,NA,NA,NA,NA,NA,NA,NA,NA,NA,NA,NA,NA,NA,NA,NA,NA,NA,NA,NA,NA,NA,0.0180233557256679,0.00429076159975004,0.483917804582545,0.123726009648842,0.538297430580668,0.167815082315591,0.424715057634133,0.0795721481542984,0.280556004688953,0.0853977759812442,2.2,0.29652,NA,NA,NA,NA
"368","Zane Gonzalez","CAR","K","2558178","robust",NA,NA,NA,NA,NA,NA,NA,NA,NA,NA,NA,NA,NA,NA,NA,NA,NA,NA,NA,NA,NA,NA,NA,NA,NA,NA,NA,NA,NA,NA,NA,NA,NA,NA,NA,NA,NA,NA,0.00342465753424658,0.00431578767123288,0.55,0.0915653461686075,0.475398195923113,0.0770164734066713,0.460669585271247,0.07413,0.1,0.0177510544429708,2.3,0.44478,NA,NA,NA,NA
"369","Cairo Santos","CHI","K","2550636","robust",NA,NA,NA,NA,NA,NA,NA,NA,NA,NA,NA,NA,NA,NA,NA,NA,NA,NA,NA,NA,NA,NA,NA,NA,NA,NA,NA,NA,NA,NA,NA,NA,NA,NA,NA,NA,NA,NA,0.00233333333333333,0.00232564705882353,0.532641528997028,0.088956,0.5,0.0201994471555956,0.421150664731227,0.07413,0.07,0.014826,2.25,0.274281,NA,NA,NA,NA
"370","Kaimi Fairbairn","HOU","K","2556521","robust",NA,NA,NA,NA,NA,NA,NA,NA,NA,NA,NA,NA,NA,NA,NA,NA,NA,NA,NA,NA,NA,NA,NA,NA,NA,NA,NA,NA,NA,NA,NA,NA,NA,NA,NA,NA,NA,NA,0.00686619718309859,0.00678654929577465,0.426828851899274,0.0673803627827572,0.416996372172429,0.0167992142552284,0.341884336320956,0.072267521980367,0.151242424242424,0.0402099090909091,1.5,0.170499,NA,NA,NA,NA
"371","Jason Sanders","MIA","K","2561153","robust",NA,NA,NA,NA,NA,NA,NA,NA,NA,NA,NA,NA,NA,NA,NA,NA,NA,NA,NA,NA,NA,NA,NA,NA,NA,NA,NA,NA,NA,NA,NA,NA,NA,NA,NA,NA,NA,NA,0.0245344622697564,0.0103905329768271,0.359963894648769,0.106715082123759,0.431556865170311,0.088956,0.51,0.103782,0.233162083015024,0.051891,2,0.0593040000000001,NA,NA,NA,NA
"372","Rodrigo Blankenship","IND","K","2564106","robust",NA,NA,NA,NA,NA,NA,NA,NA,NA,NA,NA,NA,NA,NA,NA,NA,NA,NA,NA,NA,NA,NA,NA,NA,NA,NA,NA,NA,NA,NA,NA,NA,NA,NA,NA,NA,NA,NA,0.00427380952380952,0.0052597,0.545,0.029652,0.51,0.118608,0.5225,0.014826,0.0903988095238095,0.0124609,1.8825,0.29652,NA,NA,NA,NA
"373","Nick Folk","NE","K","2507225","robust",NA,NA,NA,NA,NA,NA,NA,NA,NA,NA,NA,NA,NA,NA,NA,NA,NA,NA,NA,NA,NA,NA,NA,NA,NA,NA,NA,NA,NA,NA,NA,NA,NA,NA,NA,NA,NA,NA,0.00182481751824818,0.00459930656934307,0.503008769115004,0.029652,0.494438692941217,0.014826,0.6225,0.151627121037004,0.13491148156408,0.0391730098795718,1.7775,0.14826,NA,NA,NA,NA
"374","Chris Boswell","PIT","K","2550545","robust",NA,NA,NA,NA,NA,NA,NA,NA,NA,NA,NA,NA,NA,NA,NA,NA,NA,NA,NA,NA,NA,NA,NA,NA,NA,NA,NA,NA,NA,NA,NA,NA,NA,NA,NA,NA,NA,NA,0.00716356107660455,0.00613913043478261,0.54,0.144192458159619,0.430873766272441,0.0544818917510423,0.508388904251397,0.07413,0.13173740510697,0.0352955235507246,2,0.14826,NA,NA,NA,NA
"375","Graham Gano","NYG","K","71309","robust",NA,NA,NA,NA,NA,NA,NA,NA,NA,NA,NA,NA,NA,NA,NA,NA,NA,NA,NA,NA,NA,NA,NA,NA,NA,NA,NA,NA,NA,NA,NA,NA,NA,NA,NA,NA,NA,NA,0.0479346436561202,0.0533574899328859,0.424004008202834,0.0159981451945432,0.58732117007877,0.150033710027635,0.469665740270754,0.118829977957626,0.256527129370267,0.065385751633987,1.7,0.252042,NA,NA,NA,NA
"376","Matthew Wright","JAC","K","2562968","robust",NA,NA,NA,NA,NA,NA,NA,NA,NA,NA,NA,NA,NA,NA,NA,NA,NA,NA,NA,NA,NA,NA,NA,NA,NA,NA,NA,NA,NA,NA,NA,NA,NA,NA,NA,NA,NA,NA,0,0,0.39,0.133434,0.37,0.103782,0.36,0.088956,0.110909090909091,0.0161738181818182,1.255,0.659757,NA,NA,NA,NA
