"","player","team","position","id","avg_type","pass_att","pass_att_sd","pass_comp","pass_comp_sd","pass_yds","pass_yds_sd","pass_tds","pass_tds_sd","pass_int","pass_int_sd","rush_att","rush_att_sd","rush_yds","rush_yds_sd","rush_tds","rush_tds_sd","fumbles_lost","fumbles_lost_sd","two_pts","two_pts_sd","return_tds","return_tds_sd","rec","rec_sd","rec_yds","rec_yds_sd","rec_tds","rec_tds_sd","dst_int","dst_int_sd","dst_sacks","dst_sacks_sd","dst_safety","dst_safety_sd","dst_td","dst_td_sd","dst_blk","dst_blk_sd","fg_0019","fg_0019_sd","fg_2029","fg_2029_sd","fg_3039","fg_3039_sd","fg_4049","fg_4049_sd","fg_50","fg_50_sd","xp","xp_sd","injury_status","injury_details","week","season_year"
"1","Patrick Mahomes","KC","QB","2558125","robust",38.7410390094984,1.808772,25.85,1.289862,312.9,20.90466,2.31,0.22239,0.845,0.133434,3.7,0.233508466705415,21.1,1.363992,0.1925,0,0.10875,0.0259455,0.14,0,0,NA,NA,NA,NA,NA,NA,NA,NA,NA,NA,NA,NA,NA,NA,NA,NA,NA,NA,NA,NA,NA,NA,NA,NA,NA,NA,NA,NA,NA,NA,NA,NA,NA
"2","Tom Brady","TB","QB","2504211","robust",41.1396661389592,4.4478,27.55,2.9652,278.35,9.93341999999998,1.8,0.29652,0.7,0,1.285,0.234745,1.03375,1.03782,0.05,0.07413,0.1925,0.022239,0.03,0,0,NA,NA,NA,NA,NA,NA,NA,NA,NA,NA,NA,NA,NA,NA,NA,NA,NA,NA,NA,NA,NA,NA,NA,NA,NA,NA,NA,NA,NA,NA,NA,NA,NA
"3","Justin Herbert","LAC","QB","2565045","robust",39.1683777300946,1.03782,26.6839762177709,0.444780000000001,283.97,6.70135199999997,1.8,0.029652,0.8,0,3.19207507939215,0.29652,12.375,0.889560000000002,0.1,0,0.09125,0.0259455,0.22,0,0,NA,NA,NA,NA,NA,NA,NA,NA,NA,NA,NA,NA,NA,NA,NA,NA,NA,NA,NA,NA,NA,NA,NA,NA,NA,NA,NA,NA,NA,NA,NA,NA,NA
"4","Tua Tagovailoa","MIA","QB","2564499","robust",33.8346239452545,2.031162,22.1901726670477,2.04496401534022,266.96,15.86382,1.855,0.14826,0.8,0.14826,2.3092134442693,0.29652,8.5,0.429953999999999,0.1,0,0.11,0.029652,0.06,0,0,NA,NA,NA,NA,NA,NA,NA,NA,NA,NA,NA,NA,NA,NA,NA,NA,NA,NA,NA,NA,NA,NA,NA,NA,NA,NA,NA,NA,NA,NA,NA,NA,NA
"5","Geno Smith","SEA","QB","2539335","robust",34.9275,2.81694,23.4464138786095,1.586382,259.395,21.20118,1.825,0.14826,0.805,0.14826,3.6825,0.14826,16.465,1.289862,0.1,0,0.22,0.029652,0,NA,0,NA,NA,NA,NA,NA,NA,NA,NA,NA,NA,NA,NA,NA,NA,NA,NA,NA,NA,NA,NA,NA,NA,NA,NA,NA,NA,NA,NA,NA,NA,NA,NA,NA
"6","Kirk Cousins","MIN","QB","2532820","robust",36.15,0.444779999999996,23.1789602021774,0.148259999999997,265.2,5.42631600000004,1.9325,0.14826,0.7,0,2.18641534979383,0.59304,5.335,0.637518,0.09,0,0.135,0.051891,0.13,0,0,NA,NA,NA,NA,NA,NA,NA,NA,NA,NA,NA,NA,NA,NA,NA,NA,NA,NA,NA,NA,NA,NA,NA,NA,NA,NA,NA,NA,NA,NA,NA,NA,NA
"7","Josh Allen","BUF","QB","2560955","robust",33.8694924185508,0.593039999999998,21.583020123625,0.148260000000002,261.9,8.59908000000002,1.9775,0.14826,0.815,0.0296519999999999,8.825,0.252115234699605,51.5,9.592422,0.455,0.14826,0.29375,0.0185325,0.13,0,0,NA,NA,NA,NA,NA,NA,NA,NA,NA,NA,NA,NA,NA,NA,NA,NA,NA,NA,NA,NA,NA,NA,NA,NA,NA,NA,NA,NA,NA,NA,NA,NA,NA
"8","Jared Goff","DET","QB","2555334","robust",35.3,2.25355199999999,22.7,0.889559999999997,246.6,21.6459599999999,1.6875,0.29652,0.695,0.044478,1.35,0.360766,4.35,1.18608,0,0,0.19625,0.0111195,0.23,0,0,NA,NA,NA,NA,NA,NA,NA,NA,NA,NA,NA,NA,NA,NA,NA,NA,NA,NA,NA,NA,NA,NA,NA,NA,NA,NA,NA,NA,NA,NA,NA,NA,NA
"9","Trevor Lawrence","JAC","QB","2566163","robust",34.9,1.2504992244601,22,1.59887699008398,237.25,7.501956,1.29,0.14826,0.85,0.14826,3.745,0.7413,17.175,3.024504,0.1525,0.059304,0.325,0.037065,0.16,0,0,NA,NA,NA,NA,NA,NA,NA,NA,NA,NA,NA,NA,NA,NA,NA,NA,NA,NA,NA,NA,NA,NA,NA,NA,NA,NA,NA,NA,NA,NA,NA,NA,NA
"10","Joe Burrow","CIN","QB","2563722","robust",34.2,1.63085999999999,22.6246528287311,0.150318864493119,259.7825,4.84810199999997,1.82,0.177912,0.8575,0.133434,4,0.163086,16,1.897728,0.2,0,0.11,0.029652,0.16,0,0,NA,NA,NA,NA,NA,NA,NA,NA,NA,NA,NA,NA,NA,NA,NA,NA,NA,NA,NA,NA,NA,NA,NA,NA,NA,NA,NA,NA,NA,NA,NA,NA,NA
"11","Derek Carr","LVR","QB","2543499","robust",32.12,2.66868,19.995,1.18608,243.925,11.668062,1.5925,0.59304,0.9,0.133434,1.27958333333333,0.281694,4.3575,1.156428,0,0,0.10375,0.0111195,0.06,0,0,NA,NA,NA,NA,NA,NA,NA,NA,NA,NA,NA,NA,NA,NA,NA,NA,NA,NA,NA,NA,NA,NA,NA,NA,NA,NA,NA,NA,NA,NA,NA,NA,NA
"12","Aaron Rodgers","GB","QB","2506363","robust",32.905,1.18608,21.805,0.978516,239.875,15.893472,1.88,0.281694,0.61,0.14826,1.5,0.27181,4.725,1.18608,0.0925,0,0.14,0.059304,0.06,0,0,NA,NA,NA,NA,NA,NA,NA,NA,NA,NA,NA,NA,NA,NA,NA,NA,NA,NA,NA,NA,NA,NA,NA,NA,NA,NA,NA,NA,NA,NA,NA,NA,NA
"13","Dak Prescott","DAL","QB","2555260","robust",32.0075,0.444780000000001,21.1,0.177911999999996,235.45,10.52646,1.865,0.0593040000000001,0.85,0.14826,3.56260012554928,0.14826,14.185,2.07564,0.1,0,0.145,0.066717,0.26,0,0,NA,NA,NA,NA,NA,NA,NA,NA,NA,NA,NA,NA,NA,NA,NA,NA,NA,NA,NA,NA,NA,NA,NA,NA,NA,NA,NA,NA,NA,NA,NA,NA,NA
"14","Nick Foles","IND","QB","2532842","robust",34.1824293884111,2.031162,21.49,0.7413,226.43,28.46592,1.2,0.192738,0.9,0.14826,2.63808546087533,0.7413,8.0075,2.2239,0.1,0,0.125,0.07413,0.09,0,0,NA,NA,NA,NA,NA,NA,NA,NA,NA,NA,NA,NA,NA,NA,NA,NA,NA,NA,NA,NA,NA,NA,NA,NA,NA,NA,NA,NA,NA,NA,NA,NA,NA
"15","Mac Jones","NE","QB","2566334","robust",31.7,1.70499,20.22,0.978516,219.43,15.27078,1.045,0.133434,0.8625,0.22239,3.1825,0.29652,9.35,1.77912,0.1,0,0.11,0.029652,0.13,0,0,NA,NA,NA,NA,NA,NA,NA,NA,NA,NA,NA,NA,NA,NA,NA,NA,NA,NA,NA,NA,NA,NA,NA,NA,NA,NA,NA,NA,NA,NA,NA,NA,NA
"16","Gardner Minshew","PHI","QB","2562796","robust",32.175,1.03782,20.75,0.815430000000001,236.125,2.77246200000001,1.2,0.29652,0.8,0,2.79,0.400302,10.115,4.937058,0.1,0.014826,0.18625,0.0407715,0.15,0,0,NA,NA,NA,NA,NA,NA,NA,NA,NA,NA,NA,NA,NA,NA,NA,NA,NA,NA,NA,NA,NA,NA,NA,NA,NA,NA,NA,NA,NA,NA,NA,NA,NA
"17","Zach Wilson","NYJ","QB","2566391","robust",32.655,2.2239,19.9918130603273,1.4826,229.7825,15.522822,1.0425,0.14826,0.865,0.103782,2.975,0.29652,13.215,2.994852,0.1,0,0.0925,0.022239,0.09,0,0,NA,NA,NA,NA,NA,NA,NA,NA,NA,NA,NA,NA,NA,NA,NA,NA,NA,NA,NA,NA,NA,NA,NA,NA,NA,NA,NA,NA,NA,NA,NA,NA,NA
"18","Deshaun Watson","CLE","QB","2558063","robust",28.3,1.63086,18.25,2.2239,196.775,33.06198,1.03,0.266868,0.75,0.14826,6.46222570547464,0.978516,31.555,6.108312,0.195,0.029652,0.10375,0.0111195,0.16,0,0,NA,NA,NA,NA,NA,NA,NA,NA,NA,NA,NA,NA,NA,NA,NA,NA,NA,NA,NA,NA,NA,NA,NA,NA,NA,NA,NA,NA,NA,NA,NA,NA,NA
"19","Davis Mills","HOU","QB","2566136","robust",28.7443216045539,3.55824,17.7500817583154,1.63086,205.775,32.46894,0.985,0.14826,0.9,0.118608,1.8175,0.14826,7.13,2.905896,0.09,0.029652,0.1075,0.022239,0.1,0,0,NA,NA,NA,NA,NA,NA,NA,NA,NA,NA,NA,NA,NA,NA,NA,NA,NA,NA,NA,NA,NA,NA,NA,NA,NA,NA,NA,NA,NA,NA,NA,NA,NA
"20","Andy Dalton","NO","QB","2495143","robust",26.475,1.4826,16.4825,1.03782,194.0475,11.1195,1.05,0.14826,0.8,0.14826,2.475,0.415540535683464,7.925,0.148259999999999,0,0,0.0925,0.022239,0.16,0,0,NA,NA,NA,NA,NA,NA,NA,NA,NA,NA,NA,NA,NA,NA,NA,NA,NA,NA,NA,NA,NA,NA,NA,NA,NA,NA,NA,NA,NA,NA,NA,NA,NA
"21","Russell Wilson","DEN","QB","2532975","robust",31.375,1.141602,19.2625,1.36902915712699,223.9175,7.501956,1.1,0.14826,0.69,0.0296519999999999,4.005,0.578213999999999,17.2,4.15128,0.1,0,0.10375,0.0111195,0.03,0,0,NA,NA,NA,NA,NA,NA,NA,NA,NA,NA,NA,NA,NA,NA,NA,NA,NA,NA,NA,NA,NA,NA,NA,NA,NA,NA,NA,NA,NA,NA,NA,NA,NA
"22","Taylor Heinicke","WAS","QB","2553656","robust",31.7355452570739,0.784161203724398,19.5999303678323,0.444780000000001,206.965,6.6717,1.05,0.14826,0.95,0.29652,2.925,0.14826,12.3225,1.33434,0.0875,0,0.23,0.044478,0.09,0,0,NA,NA,NA,NA,NA,NA,NA,NA,NA,NA,NA,NA,NA,NA,NA,NA,NA,NA,NA,NA,NA,NA,NA,NA,NA,NA,NA,NA,NA,NA,NA,NA,NA
"23","Kenny Pickett","PIT","QB","2568162","robust",30.7825166420707,3.49883730586377,20.0921285400616,2.61789045300929,214.93,9.04385999999999,1.055,0.0889560000000001,0.845,0.14826,3.925,0.14826,20.95,0.889560000000002,0.195,0.014826,0.09375,0.0185325,0.09,0,0,NA,NA,NA,NA,NA,NA,NA,NA,NA,NA,NA,NA,NA,NA,NA,NA,NA,NA,NA,NA,NA,NA,NA,NA,NA,NA,NA,NA,NA,NA,NA,NA,NA
"24","Brock Purdy","SF","QB","2568216","robust",29,0.730283866878187,18.4189968533485,0.296520000000004,215.6475,9.04385999999999,1.575,0.237216,0.755,0.14826,2.28708333333333,0.29652,8.45,6.07866,0.1,0,0.095,0.014826,0.08,0,0,NA,NA,NA,NA,NA,NA,NA,NA,NA,NA,NA,NA,NA,NA,NA,NA,NA,NA,NA,NA,NA,NA,NA,NA,NA,NA,NA,NA,NA,NA,NA,NA,NA
"25","Daniel Jones","NYG","QB","2562299","robust",31.3240532785129,0.889560000000002,20.45,0.239004709937842,216.6675,4.773972,1.1,0.14826,0.5225,0.14826,6.8,0.192738,37.575,4.59606,0.2,0,0.18875,0.0333585,0.13,0,0,NA,NA,NA,NA,NA,NA,NA,NA,NA,NA,NA,NA,NA,NA,NA,NA,NA,NA,NA,NA,NA,NA,NA,NA,NA,NA,NA,NA,NA,NA,NA,NA,NA
"26","Sam Darnold","CAR","QB","2561036","robust",28.6051863300024,1.63086,17.8,0.548209018066863,210.305,2.80211399999998,1.1,0.177912,0.6325,0.192738,2.925,0.44478,13.325,2.81694,0.1525,0,0.11,0.029652,0.09,0,0,NA,NA,NA,NA,NA,NA,NA,NA,NA,NA,NA,NA,NA,NA,NA,NA,NA,NA,NA,NA,NA,NA,NA,NA,NA,NA,NA,NA,NA,NA,NA,NA,NA
"27","Trace McSorley","ARI","QB","2562403","robust",30.8204316944144,2.97874593972244,19.5537084882465,1.41229959065141,209.56,3.7065,1,0,1,0.0593040000000001,2.93,1.18608,14.05,4.37367,0.05,0.118608,0.0925,0.0111195,0.09,0,0,NA,NA,NA,NA,NA,NA,NA,NA,NA,NA,NA,NA,NA,NA,NA,NA,NA,NA,NA,NA,NA,NA,NA,NA,NA,NA,NA,NA,NA,NA,NA,NA,NA
"28","Tyler Huntley","BAL","QB","2563560","robust",24.9057839292986,0.593039999999998,16.0524507910585,0.289252914353382,179.8,8.92525200000001,1.005,0.029652,0.785,0.14826,8.37200519816422,0.889560000000001,38.84,6.34552799999999,0.2,0,0.1775,0.0333585,0.07,0,0,NA,NA,NA,NA,NA,NA,NA,NA,NA,NA,NA,NA,NA,NA,NA,NA,NA,NA,NA,NA,NA,NA,NA,NA,NA,NA,NA,NA,NA,"Q","Shoulder",16,2022
"29","Baker Mayfield","LAR","QB","2560800","robust",30.5817338614834,1.03782,18.51,0.447790612865181,197.1,1.82359799999998,1.015,0,1,0,2.55,0.474432,8.5,1.245384,0.1,0,0.1825,0.051891,0.09,0,0,NA,NA,NA,NA,NA,NA,NA,NA,NA,NA,NA,NA,NA,NA,NA,NA,NA,NA,NA,NA,NA,NA,NA,NA,NA,NA,NA,NA,NA,NA,NA,NA,NA
"30","Malik Willis","TEN","QB","2567667","robust",22.95,0.650126736438347,13.4,0.39396276720501,156.45,3.009678,0.85,0.0889560000000001,0.615,0.044478,7.86984840047936,1.63086,37.68,7.91708399999999,0.3,0.088956,0.30625,0.0185325,0.08,0,0,NA,NA,NA,NA,NA,NA,NA,NA,NA,NA,NA,NA,NA,NA,NA,NA,NA,NA,NA,NA,NA,NA,NA,NA,NA,NA,NA,NA,NA,NA,NA,NA,NA
"31","Desmond Ridder","ATL","QB","2567256","robust",22.4,2.66868,13.8,1.18608,163.8,23.098908,0.9,0.14826,0.7525,0.14826,5.24,0.795920238991103,25.6,2.37216,0.13,0.059304,0.19,0.014826,0.08,0,0,NA,NA,NA,NA,NA,NA,NA,NA,NA,NA,NA,NA,NA,NA,NA,NA,NA,NA,NA,NA,NA,NA,NA,NA,NA,NA,NA,NA,NA,NA,NA,NA,NA
"32","Justin Fields","CHI","QB","2565920","robust",22.5262492911056,1.230558,13.885,0.195970979523619,155.4675,8.21360399999999,1,0,0.9,0.14826,11.85,1.13339479382604,72.575,1.63085999999999,0.45,0.07413,0.18125,0.0555975,0.09,0,0,NA,NA,NA,NA,NA,NA,NA,NA,NA,NA,NA,NA,NA,NA,NA,NA,NA,NA,NA,NA,NA,NA,NA,NA,NA,NA,NA,NA,NA,NA,NA,NA,NA
"33","Mitchell Trubisky","PIT","QB","2558008","robust",2.06996120440847,0,1.38186445885296,0,19.82,10.734024,0.11,0,0.04,0,0.3,0,0.8,0.489258,0,0,0,0,0.03,0,0,NA,NA,NA,NA,NA,NA,NA,NA,NA,NA,NA,NA,NA,NA,NA,NA,NA,NA,NA,NA,NA,NA,NA,NA,NA,NA,NA,NA,NA,NA,NA,NA,NA
"34","Brett Rypien","DEN","QB","2562718","robust",6.025,0.14826,3.425,0,35.05,0,0.175,0,0.125,0,0.475,0,1.775,0,0,0,0,0,0,NA,0,NA,NA,NA,NA,NA,NA,NA,NA,NA,NA,NA,NA,NA,NA,NA,NA,NA,NA,NA,NA,NA,NA,NA,NA,NA,NA,NA,NA,NA,NA,NA,NA,NA
"35","Teddy Bridgewater","MIA","QB","2543465","robust",1.5,0,1,0,11.5,0,0.1,0,0,0,0.3,0,1.2,0,0,0,0.025,0.02471,0,NA,0,NA,NA,NA,NA,NA,NA,NA,NA,NA,NA,NA,NA,NA,NA,NA,NA,NA,NA,NA,NA,NA,NA,NA,NA,NA,NA,NA,NA,NA,NA,NA,NA,NA
"36","Bailey Zappe","NE","QB","2567961","robust",2.09806018248525,0,1.31484198043049,0,23.745,14.811174,0.12,0,0.2,0.14826,0.3,NA,0.075,0.07413,0,0,0.05125,0.014826,0.03,0,0,NA,NA,NA,NA,NA,NA,NA,NA,NA,NA,NA,NA,NA,NA,NA,NA,NA,NA,NA,NA,NA,NA,NA,NA,NA,NA,NA,NA,NA,NA,NA,NA,NA
"37","Phillip Walker","CAR","QB","2558904","robust",4,0.14826,2.325,0,24.7,6.37518,0.15,0,0.125,0.14826,0.475,0,2.25,0.88956,0,0,0,0,0,NA,0,NA,NA,NA,NA,NA,NA,NA,NA,NA,NA,NA,NA,NA,NA,NA,NA,NA,NA,NA,NA,NA,NA,NA,NA,NA,NA,NA,NA,NA,NA,NA,NA,NA
"38","Jeff Driskel","HOU","QB","2555262","robust",5.6,0.971789440315733,3.4,0.59304,37,5.9304,0.1,0.014826,0.1,0,2.76,0.88956,10.7025,3.573066,0.0575,0.014826,0.0525,0.0630105,0.08,0,0,NA,NA,NA,NA,NA,NA,NA,NA,NA,NA,NA,NA,NA,NA,NA,NA,NA,NA,NA,NA,NA,NA,NA,NA,NA,NA,NA,NA,NA,NA,NA,NA,NA
"39","Jameis Winston","NO","QB","2552033","robust",2.98633161442261,1.59033050308592,1.75441347247036,0.976776828569108,24.8,9.56277,0.14,0.118608,0.095,0.133434,0.500730158730159,0.440449866666667,2.6025,1.022994,0.0025,0,0.0025,0,0.03,0,0,NA,NA,NA,NA,NA,NA,NA,NA,NA,NA,NA,NA,NA,NA,NA,NA,NA,NA,NA,NA,NA,NA,NA,NA,NA,NA,NA,NA,NA,NA,NA,NA,NA
"40","Carson Wentz","WAS","QB","2555259","robust",3.37978212974296,2.08981997111383,2.08570134638923,1.29194163231334,25.67,10.437504,0.115,0.118608,0.095,0.133434,0.4,NA,1.8,1.77912,0,0,0.05,0.07413,0.04,0,0,NA,NA,NA,NA,NA,NA,NA,NA,NA,NA,NA,NA,NA,NA,NA,NA,NA,NA,NA,NA,NA,NA,NA,NA,NA,NA,NA,NA,NA,NA,NA,NA,NA
"41","Jordan Love","GB","QB","2564007","robust",2.1,0,1.35,0,18.75,3.7065,0.15,0,0.025,0,0.275,0,0.575,0.7413,0,0,0,0,0,NA,0,NA,NA,NA,NA,NA,NA,NA,NA,NA,NA,NA,NA,NA,NA,NA,NA,NA,NA,NA,NA,NA,NA,NA,NA,NA,NA,NA,NA,NA,NA,NA,NA,NA
"42","Derrick Henry","TEN","RB","2556075","robust",NA,NA,NA,NA,NA,NA,NA,NA,NA,NA,22.9975,1.645686,104.1,11.1195,0.8,0.14826,0.109,0.014826,0.06,0,0,NA,2.1,0.0741300000000004,19.95,2.52042,0.05,0.103782,NA,NA,NA,NA,NA,NA,NA,NA,NA,NA,NA,NA,NA,NA,NA,NA,NA,NA,NA,NA,NA,NA,NA,NA,NA,NA
"43","Josh Jacobs","LVR","RB","2562377","robust",NA,NA,NA,NA,NA,NA,NA,NA,NA,NA,20.548178401156,1.33434,93.675,2.19424799999998,0.69,0.0296519999999999,0.108,0.0237216,0,NA,0,NA,2.42,0.355824,19.0525,1.4826,0.0425,0,NA,NA,NA,NA,NA,NA,NA,NA,NA,NA,NA,NA,NA,NA,NA,NA,NA,NA,NA,NA,NA,NA,NA,NA,NA,NA
"44","Nick Chubb","CLE","RB","2561021","robust",NA,NA,NA,NA,NA,NA,NA,NA,NA,NA,18.55,1.719816,91.175,7.85778,0.6,0.133434,0.106,0.0177912,0.03,0,0,NA,1.215,0.44478,10.575,3.85476,0,0,NA,NA,NA,NA,NA,NA,NA,NA,NA,NA,NA,NA,NA,NA,NA,NA,NA,NA,NA,NA,NA,NA,NA,NA,NA,NA
"45","Christian McCaffrey","SF","RB","2557997","robust",NA,NA,NA,NA,NA,NA,NA,NA,NA,NA,17.7,1.33434,76.8075,9.48864000000001,0.65,0.14826,0.1,0,0,NA,0,NA,4.9375,0.148259999999999,42.375,5.48562,0.25,0.14826,NA,NA,NA,NA,NA,NA,NA,NA,NA,NA,NA,NA,NA,NA,NA,NA,NA,NA,NA,NA,NA,NA,NA,NA,NA,NA
"46","Dalvin Cook","MIN","RB","2557991","robust",NA,NA,NA,NA,NA,NA,NA,NA,NA,NA,18.265,1.393644,84.63,0.978515999999995,0.65,0.103782,0.144,0.0652344,0.03,0,0,NA,2.3175,0.44478,18.8,1.601208,0.1,0.014826,NA,NA,NA,NA,NA,NA,NA,NA,NA,NA,NA,NA,NA,NA,NA,NA,NA,NA,NA,NA,NA,NA,NA,NA,NA,NA
"47","James Conner","ARI","RB","2557978","robust",NA,NA,NA,NA,NA,NA,NA,NA,NA,NA,16.4254963490797,2.07564,67.45,7.85778,0.605,0.14826,0.104,0.0118608,0,NA,0,NA,3.1275,0.7413,21.3825,4.59606,0.1,0,NA,NA,NA,NA,NA,NA,NA,NA,NA,NA,NA,NA,NA,NA,NA,NA,NA,NA,NA,NA,NA,NA,NA,NA,NA,NA
"48","Saquon Barkley","NYG","RB","2560968","robust",NA,NA,NA,NA,NA,NA,NA,NA,NA,NA,17.0996495294151,0.295827189747816,72.7275,3.11346000000001,0.6,0.103782,0.0895,0.0207564,0,NA,0,NA,3.4475,0.59304,24.8,2.535246,0.1,0.029652,NA,NA,NA,NA,NA,NA,NA,NA,NA,NA,NA,NA,NA,NA,NA,NA,NA,NA,NA,NA,NA,NA,NA,NA,NA,NA
"49","Miles Sanders","PHI","RB","2562722","robust",NA,NA,NA,NA,NA,NA,NA,NA,NA,NA,14.6990946777718,0.450148922941984,73.815,4.284714,0.5725,0.163086,0.104,0.0118608,0.09,0,0,NA,1.5375,0.0889560000000001,9.055,1.467774,0,0,NA,NA,NA,NA,NA,NA,NA,NA,NA,NA,NA,NA,NA,NA,NA,NA,NA,NA,NA,NA,NA,NA,NA,NA,NA,NA
"50","Alvin Kamara","NO","RB","2558019","robust",NA,NA,NA,NA,NA,NA,NA,NA,NA,NA,16.15,1.03782,66.4,3.55824000000001,0.25,0.14826,0.131,0.0474432,0,NA,0,NA,3.5825,0.29652,27.84,1.675338,0.105,0.014826,NA,NA,NA,NA,NA,NA,NA,NA,NA,NA,NA,NA,NA,NA,NA,NA,NA,NA,NA,NA,NA,NA,NA,NA,NA,NA
"51","J.K. Dobbins","BAL","RB","2563548","robust",NA,NA,NA,NA,NA,NA,NA,NA,NA,NA,14.275,0.7413,68.465,8.065344,0.525,0.14826,0.1,0,0.01,0,0,NA,1.1,0.845082,7.395,3.276546,0.05,0.059304,NA,NA,NA,NA,NA,NA,NA,NA,NA,NA,NA,NA,NA,NA,NA,NA,NA,NA,NA,NA,NA,NA,NA,NA,NA,NA
"52","Travis Etienne","JAC","RB","2566157","robust",NA,NA,NA,NA,NA,NA,NA,NA,NA,NA,15.2925312268383,1.35648640617902,70.5125,2.505594,0.375,0.22239,0.225,0.044478,0.04,0,0,NA,2.1,0.177912,16.7,2.9652,0.035,0,NA,NA,NA,NA,NA,NA,NA,NA,NA,NA,NA,NA,NA,NA,NA,NA,NA,NA,NA,NA,NA,NA,NA,NA,NA,NA
"53","Rhamondre Stevenson","NE","RB","2566343","robust",NA,NA,NA,NA,NA,NA,NA,NA,NA,NA,14,0.148259999999999,62.37,3.217242,0.455,0.133434,0.091,0.0177912,0.01,0,0,NA,3.6,0.14826,25.7,2.327682,0.1,0,NA,NA,NA,NA,NA,NA,NA,NA,NA,NA,NA,NA,NA,NA,NA,NA,NA,NA,NA,NA,NA,NA,"Q","Ankle",16,2022
"54","Isiah Pacheco","KC","RB","2567808","robust",NA,NA,NA,NA,NA,NA,NA,NA,NA,NA,14.9059234704614,1.33434,69.825,2.74280999999999,0.4,0.133434,0.201,0,0.01,0,0,NA,1.2225,0.504084,9.915,2.89107,0.0225,0,NA,NA,NA,NA,NA,NA,NA,NA,NA,NA,NA,NA,NA,NA,NA,NA,NA,NA,NA,NA,NA,NA,NA,NA,NA,NA
"55","Latavius Murray","DEN","RB","2541161","robust",NA,NA,NA,NA,NA,NA,NA,NA,NA,NA,16.1136606354495,1.03782,63.5,5.1891,0.515,0.088956,0.1,0,0,NA,0,NA,1.84,0.0593040000000001,12.8875,1.18608,0,0,NA,NA,NA,NA,NA,NA,NA,NA,NA,NA,NA,NA,NA,NA,NA,NA,NA,NA,NA,NA,NA,NA,"Q","Foot",16,2022
"56","Raheem Mostert","MIA","RB","2553728","robust",NA,NA,NA,NA,NA,NA,NA,NA,NA,NA,13.0328925908441,0.296519999999999,60.5,2.37216,0.455,0.133434,0.0895,0.0207564,0,NA,0.01,0,1.7225,0.163086,13.685,1.92738,0.1,0,NA,NA,NA,NA,NA,NA,NA,NA,NA,NA,NA,NA,NA,NA,NA,NA,NA,NA,NA,NA,NA,NA,NA,NA,NA,NA
"57","Najee Harris","PIT","RB","2566448","robust",NA,NA,NA,NA,NA,NA,NA,NA,NA,NA,16.0014292347788,0.7413,61.34,1.319514,0.505,0.14826,0.1,0,0,NA,0,NA,2.1175,0.237216,13.77,1.77912,0.1,0.014826,NA,NA,NA,NA,NA,NA,NA,NA,NA,NA,NA,NA,NA,NA,NA,NA,NA,NA,NA,NA,NA,NA,NA,NA,NA,NA
"58","Tony Pollard","DAL","RB","2562699","robust",NA,NA,NA,NA,NA,NA,NA,NA,NA,NA,12.6,1.18608,61.5,12.6021,0.5,0,0.1,0,0,NA,0,NA,2.4575,0.14826,21.315,1.734642,0.12,0.059304,NA,NA,NA,NA,NA,NA,NA,NA,NA,NA,NA,NA,NA,NA,NA,NA,NA,NA,NA,NA,NA,NA,NA,NA,NA,NA
"59","Tyler Allgeier","ATL","RB","2567232","robust",NA,NA,NA,NA,NA,NA,NA,NA,NA,NA,14.0769902470462,0.809528519458557,58.2,4.00302,0.25,0.118608,0.062,0.0563388,0.04,0,0,NA,0.6825,0.326172,5.0175,3.350676,0.0125,0,NA,NA,NA,NA,NA,NA,NA,NA,NA,NA,NA,NA,NA,NA,NA,NA,NA,NA,NA,NA,NA,NA,NA,NA,NA,NA
"60","Kenneth Walker III","SEA","RB","2568282","robust",NA,NA,NA,NA,NA,NA,NA,NA,NA,NA,13.3011936641198,0.300059452847977,59.6,5.174274,0.6,0.207564,0.0875,0.037065,0.01,0,0,NA,2.08,0.266868,16.5,2.2239,0.035,0,NA,NA,NA,NA,NA,NA,NA,NA,NA,NA,NA,NA,NA,NA,NA,NA,NA,NA,NA,NA,NA,NA,"Q","Ankle",16,2022
"61","Jamaal Williams","DET","RB","2558204","robust",NA,NA,NA,NA,NA,NA,NA,NA,NA,NA,13.4,0.454147386002678,52.1,2.2239,0.7,0.22239,0.096,0,0.03,0,0,NA,0.5225,0.044478,3.26,0.770952,0,0,NA,NA,NA,NA,NA,NA,NA,NA,NA,NA,NA,NA,NA,NA,NA,NA,NA,NA,NA,NA,NA,NA,NA,NA,NA,NA
"62","Ezekiel Elliott","DAL","RB","2555224","robust",NA,NA,NA,NA,NA,NA,NA,NA,NA,NA,14.4,1.3427950175031,61.0475,3.869586,0.6925,0.29652,0.0895,0.0207564,0.09,0,0,NA,1.58,0.51891,10.7,1.92738,0,0,NA,NA,NA,NA,NA,NA,NA,NA,NA,NA,NA,NA,NA,NA,NA,NA,NA,NA,NA,NA,NA,NA,NA,NA,NA,NA
"63","Zack Moss","IND","RB","2563617","robust",NA,NA,NA,NA,NA,NA,NA,NA,NA,NA,13.7729140699451,1.18608,58.5,5.9304,0.465,0.103782,0.108,0.0237216,0.01,0,0,NA,1.3125,0.29652,9.9,1.63086,0,0,NA,NA,NA,NA,NA,NA,NA,NA,NA,NA,NA,NA,NA,NA,NA,NA,NA,NA,NA,NA,NA,NA,NA,NA,NA,NA
"64","David Montgomery","CHI","RB","2562502","robust",NA,NA,NA,NA,NA,NA,NA,NA,NA,NA,15.515,0.890228508798854,61.115,1.764294,0.32,0.0593040000000001,0.103,0.00889560000000001,0,NA,0,NA,2.3,0.578214,19.5,4.344018,0.1,0,NA,NA,NA,NA,NA,NA,NA,NA,NA,NA,NA,NA,NA,NA,NA,NA,NA,NA,NA,NA,NA,NA,NA,NA,NA,NA
"65","Aaron Jones","GB","RB","2558116","robust",NA,NA,NA,NA,NA,NA,NA,NA,NA,NA,12.9887109283142,0.533736000000002,61.175,1.571556,0.4125,0.163086,0.104,0.0118608,0,NA,0,NA,3.605,0.29652,29.2,6.81996,0.195,0.014826,NA,NA,NA,NA,NA,NA,NA,NA,NA,NA,NA,NA,NA,NA,NA,NA,NA,NA,NA,NA,NA,NA,NA,NA,NA,NA
"66","Cam Akers","LAR","RB","2564319","robust",NA,NA,NA,NA,NA,NA,NA,NA,NA,NA,14.525,1.22637869551541,57.62,4.49227799999999,0.4825,0.14826,0.158,0.0622692,0.01,0,0,NA,1.7,0.7413,11.43,2.66868,0,0,NA,NA,NA,NA,NA,NA,NA,NA,NA,NA,NA,NA,NA,NA,NA,NA,NA,NA,NA,NA,NA,NA,NA,NA,NA,NA
"67","Brian Robinson","WAS","RB","2568348","robust",NA,NA,NA,NA,NA,NA,NA,NA,NA,NA,14.2,1.363992,56.9,2.81694,0.255,0.088956,0.1,0,0.01,0,0,NA,1,0.029652,7.75,4.062324,0.0425,0.029652,NA,NA,NA,NA,NA,NA,NA,NA,NA,NA,NA,NA,NA,NA,NA,NA,NA,NA,NA,NA,NA,NA,NA,NA,NA,NA
"68","DOnta Foreman","CAR","RB","2557994","robust",NA,NA,NA,NA,NA,NA,NA,NA,NA,NA,14.3,0.444780000000001,58.2,5.9304,0.345,0.133434,0.0925,0.014826,0.04,0,0,NA,0.9,0.29652,7.465,1.097124,0,0,NA,NA,NA,NA,NA,NA,NA,NA,NA,NA,NA,NA,NA,NA,NA,NA,NA,NA,NA,NA,NA,NA,NA,NA,NA,NA
"69","Joe Mixon","CIN","RB","2557976","robust",NA,NA,NA,NA,NA,NA,NA,NA,NA,NA,14.365,0.237216,58.1,4.788798,0.45,0.14826,0.0895,0.0207564,0,NA,0,NA,3.3,0.118608,24.975,1.4826,0.1,0,NA,NA,NA,NA,NA,NA,NA,NA,NA,NA,NA,NA,NA,NA,NA,NA,NA,NA,NA,NA,NA,NA,NA,NA,NA,NA
"70","Austin Ekeler","LAC","RB","2559169","robust",NA,NA,NA,NA,NA,NA,NA,NA,NA,NA,12.7115751686332,0.7413,54.5525,7.413,0.6,0.118608,0.15,0.07413,0.03,0,0,NA,5.7,0.59304,41.425,2.81694,0.2425,0.07413,NA,NA,NA,NA,NA,NA,NA,NA,NA,NA,NA,NA,NA,NA,NA,NA,NA,NA,NA,NA,NA,NA,NA,NA,NA,NA
"71","Cordarrelle Patterson","ATL","RB","2540145","robust",NA,NA,NA,NA,NA,NA,NA,NA,NA,NA,12.1025,1.497426,50.6,5.33736,0.2525,0.07413,0.1205,0.0385476,0,NA,0,NA,1.3075,0.44478,10.0575,4.59606,0.0525,0.059304,NA,NA,NA,NA,NA,NA,NA,NA,NA,NA,NA,NA,NA,NA,NA,NA,NA,NA,NA,NA,NA,NA,NA,NA,NA,NA
"72","Jeffery Wilson","MIA","RB","2560938","robust",NA,NA,NA,NA,NA,NA,NA,NA,NA,NA,8.32288500569535,2.15604138111215,42.895,8.169126,0.25,0.059304,0.1,0.059304,0,NA,0,NA,1.15,0.266868,9.805,2.653854,0.1,0,NA,NA,NA,NA,NA,NA,NA,NA,NA,NA,NA,NA,NA,NA,NA,NA,NA,NA,NA,NA,NA,NA,"Q","Hip",16,2022
"73","Devin Singletary","BUF","RB","2562734","robust",NA,NA,NA,NA,NA,NA,NA,NA,NA,NA,12.3265241766627,0.7413,54.3,0.7413,0.45,0.133434,0.097,0,0,NA,0,NA,2.0725,0.29652,15.6225,2.81694,0.1,0,NA,NA,NA,NA,NA,NA,NA,NA,NA,NA,NA,NA,NA,NA,NA,NA,NA,NA,NA,NA,NA,NA,NA,NA,NA,NA
"74","Khalil Herbert","CHI","RB","2565926","robust",NA,NA,NA,NA,NA,NA,NA,NA,NA,NA,7.95,2.2239,35.7,5.48562,0.15,0.059304,0.0125,0.037065,0,NA,0,NA,0.755,0.44478,6,1.4826,0.0075,0,NA,NA,NA,NA,NA,NA,NA,NA,NA,NA,NA,NA,NA,NA,NA,NA,NA,NA,NA,NA,NA,NA,NA,NA,NA,NA
"75","AJ Dillon","GB","RB","2563986","robust",NA,NA,NA,NA,NA,NA,NA,NA,NA,NA,10.6,0.726474,43.845,2.905896,0.3,0.044478,0.066,0.0504084,0,NA,0,NA,1.7375,0.252042,12.98,0.207564000000001,0,0,NA,NA,NA,NA,NA,NA,NA,NA,NA,NA,NA,NA,NA,NA,NA,NA,NA,NA,NA,NA,NA,NA,NA,NA,NA,NA
"76","Rachaad White","TB","RB","2568315","robust",NA,NA,NA,NA,NA,NA,NA,NA,NA,NA,11.2913069007365,0.567263222063982,47.55,1.33434,0.25,0.14826,0.15,0.0859908,0.01,0,0,NA,3.2,0.237216,20.885,2.07564,0.1,0,NA,NA,NA,NA,NA,NA,NA,NA,NA,NA,NA,NA,NA,NA,NA,NA,NA,NA,NA,NA,NA,NA,NA,NA,NA,NA
"77","Leonard Fournette","TB","RB","2557973","robust",NA,NA,NA,NA,NA,NA,NA,NA,NA,NA,10.9775,1.92738,43.28,7.70951999999999,0.365,0.103782,0.0875,0.037065,0,NA,0,NA,3.485,0.681996,23.9,2.312856,0.1,0,NA,NA,NA,NA,NA,NA,NA,NA,NA,NA,NA,NA,NA,NA,NA,NA,NA,NA,NA,NA,NA,NA,NA,NA,NA,NA
"78","Deon Jackson","IND","RB","2565603","robust",NA,NA,NA,NA,NA,NA,NA,NA,NA,NA,7.7,1.77912,29.9,4.74432,0.19,0.118608,0.091,0,0,NA,0,NA,1.885,0.29652,13.3,2.74281,0.095,0.014826,NA,NA,NA,NA,NA,NA,NA,NA,NA,NA,NA,NA,NA,NA,NA,NA,NA,NA,NA,NA,NA,NA,NA,NA,NA,NA
"79","Gus Edwards","BAL","RB","2561324","robust",NA,NA,NA,NA,NA,NA,NA,NA,NA,NA,9.625,1.4826,42.85,3.26172,0.245,0.07413,0.088,0.029652,0.03,0,0,NA,0.3,0.088956,2.6925,1.527078,0,0,NA,NA,NA,NA,NA,NA,NA,NA,NA,NA,NA,NA,NA,NA,NA,NA,NA,NA,NA,NA,NA,NA,NA,NA,NA,NA
"80","Chuba Hubbard","CAR","RB","2565899","robust",NA,NA,NA,NA,NA,NA,NA,NA,NA,NA,9,2.66868,39.095,9.19212,0.25,0.103782,0.066,0.0504084,0,NA,0,NA,1.76,0.207564,15.45,3.33585,0.0325,0,NA,NA,NA,NA,NA,NA,NA,NA,NA,NA,NA,NA,NA,NA,NA,NA,NA,NA,NA,NA,NA,NA,NA,NA,NA,NA
"81","Michael Carter","NYJ","RB","2566382","robust",NA,NA,NA,NA,NA,NA,NA,NA,NA,NA,7.835,0.148259999999999,30.52,1.230558,0.175,0.14826,0.093,0,0,NA,0,NA,1.95,0.14826,16.885,2.120118,0,0,NA,NA,NA,NA,NA,NA,NA,NA,NA,NA,NA,NA,NA,NA,NA,NA,NA,NA,NA,NA,NA,NA,NA,NA,NA,NA
"82","James Cook","BUF","RB","2567328","robust",NA,NA,NA,NA,NA,NA,NA,NA,NA,NA,7.43552836153481,0.678862604753956,36.9,1.63086,0.2,0,0.0955,0.00889560000000001,0,NA,0,NA,1.65,0.311346,13.325,2.52042,0.08,0,NA,NA,NA,NA,NA,NA,NA,NA,NA,NA,NA,NA,NA,NA,NA,NA,NA,NA,NA,NA,NA,NA,NA,NA,NA,NA
"83","D'Andre Swift","DET","RB","2563965","robust",NA,NA,NA,NA,NA,NA,NA,NA,NA,NA,8.125,0.547252374773745,39.7,2.016336,0.25,0.133434,0.075,0.044478,0.04,0,0,NA,3.3625,0.37065,25.37,2.52042,0.125,0.07413,NA,NA,NA,NA,NA,NA,NA,NA,NA,NA,NA,NA,NA,NA,NA,NA,NA,NA,NA,NA,NA,NA,NA,NA,NA,NA
"84","Dare Ogunbowale","HOU","RB","2559362","robust",NA,NA,NA,NA,NA,NA,NA,NA,NA,NA,7.375,2.20474067014947,25.8,12.30558,0.125,0.07413,0.062,0.0563388,0.01,0,0,NA,1.6,0.14826,11.44,1.882902,0,0,NA,NA,NA,NA,NA,NA,NA,NA,NA,NA,NA,NA,NA,NA,NA,NA,NA,NA,NA,NA,NA,NA,NA,NA,NA,NA
"85","Antonio Gibson","WAS","RB","2565276","robust",NA,NA,NA,NA,NA,NA,NA,NA,NA,NA,8.40354859664884,0.283766865855428,32.845,3.85475999999999,0.15,0.103782,0.075,0.044478,0.03,0,0,NA,2.925,0.22239,22.155,2.81694,0.09,0,NA,NA,NA,NA,NA,NA,NA,NA,NA,NA,NA,NA,NA,NA,NA,NA,NA,NA,NA,NA,NA,NA,NA,NA,NA,NA
"86","Joshua Kelley","LAC","RB","2565054","robust",NA,NA,NA,NA,NA,NA,NA,NA,NA,NA,6.4,0.7413,26.5,4.4478,0.16,0.118608,0.089,0.014826,0,NA,0,NA,0.9,0.29652,6.2,2.52042,0,0,NA,NA,NA,NA,NA,NA,NA,NA,NA,NA,NA,NA,NA,NA,NA,NA,NA,NA,NA,NA,NA,NA,NA,NA,NA,NA
"87","Damien Harris","NE","RB","2562281","robust",NA,NA,NA,NA,NA,NA,NA,NA,NA,NA,6.75320991861986,0.674583,29.44,3.662022,0.23,0.022239,0.07,0.0237216,0,NA,0,NA,0.95,0,7.4,1.415883,0.015,0,NA,NA,NA,NA,NA,NA,NA,NA,NA,NA,NA,NA,NA,NA,NA,NA,NA,NA,NA,NA,NA,NA,"Q","Thigh",16,2022
"88","Kareem Hunt","CLE","RB","2557917","robust",NA,NA,NA,NA,NA,NA,NA,NA,NA,NA,7.4475,1.03782,30.55,5.04084,0.15,0.07413,0.05,0.07413,0.03,0,0,NA,1.5925,0.29652,11.65,3.26172,0.0775,0,NA,NA,NA,NA,NA,NA,NA,NA,NA,NA,NA,NA,NA,NA,NA,NA,NA,NA,NA,NA,NA,NA,NA,NA,NA,NA
"89","Rex Burkhead","HOU","RB","2539265","robust",NA,NA,NA,NA,NA,NA,NA,NA,NA,NA,2.1925,1.33434,6.95,2.416638,0.0175,0.014826,0.0125,0.037065,0,NA,0,NA,1.75,0.22239,13.38,2.37216,0.0725,0,NA,NA,NA,NA,NA,NA,NA,NA,NA,NA,NA,NA,NA,NA,NA,NA,NA,NA,NA,NA,NA,NA,NA,NA,NA,NA
"90","Jordan Mason","SF","RB","2569257","robust",NA,NA,NA,NA,NA,NA,NA,NA,NA,NA,5.765,2.37216,26.2,12.15732,0.105,0.14826,0.064,0.0533736,0,NA,0,NA,0.205,0.014826,1.8275,0.340998,0,0,NA,NA,NA,NA,NA,NA,NA,NA,NA,NA,NA,NA,NA,NA,NA,NA,NA,NA,NA,NA,NA,NA,"Q","Hamstring",16,2022
"91","Royce Freeman","HOU","RB","2560733","robust",NA,NA,NA,NA,NA,NA,NA,NA,NA,NA,8.5,0.7413,28.92,6.931155,0.145,0,0.0875,0.0185325,0,NA,0,NA,1.02,0.274281,6.99,1.92738,0.015,0.014826,NA,NA,NA,NA,NA,NA,NA,NA,NA,NA,NA,NA,NA,NA,NA,NA,NA,NA,NA,NA,NA,NA,NA,NA,NA,NA
"92","Hassan Haskins","TEN","RB","2567649","robust",NA,NA,NA,NA,NA,NA,NA,NA,NA,NA,3.73438401469651,0.81543,15.6,0.889559999999999,0.02,0,0.00125,0.00185325,0,NA,0,NA,1.105,0.088956,7.255,1.11195,0.03,0.014826,NA,NA,NA,NA,NA,NA,NA,NA,NA,NA,NA,NA,NA,NA,NA,NA,NA,NA,NA,NA,NA,NA,NA,NA,NA,NA
"93","Marlon Mack","DEN","RB","2558123","robust",NA,NA,NA,NA,NA,NA,NA,NA,NA,NA,5.92160063657493,0.44478,23,1.18608,0.14,0.118608,0.011,0.014826,0.07,0,0,NA,1.92,0.14826,15.89,1.156428,0.0925,0,NA,NA,NA,NA,NA,NA,NA,NA,NA,NA,NA,NA,NA,NA,NA,NA,NA,NA,NA,NA,NA,NA,NA,NA,NA,NA
"94","Jerick McKinnon","KC","RB","2543715","robust",NA,NA,NA,NA,NA,NA,NA,NA,NA,NA,7.1,1.03782,29.865,1.77912,0.1925,0.014826,0.1,0,0,NA,0,NA,4.05,0.29652,37.3,1.03782,0.4,0.14826,NA,NA,NA,NA,NA,NA,NA,NA,NA,NA,NA,NA,NA,NA,NA,NA,NA,NA,NA,NA,NA,NA,NA,NA,NA,NA
"95","Kyren Williams","LAR","RB","2567862","robust",NA,NA,NA,NA,NA,NA,NA,NA,NA,NA,3.92853762549912,0.59304,16.3775,4.74432,0.1,0.014826,0.001,0,0,NA,0,NA,1.05,0.14826,9.025,2.81694,0,0,NA,NA,NA,NA,NA,NA,NA,NA,NA,NA,NA,NA,NA,NA,NA,NA,NA,NA,NA,NA,NA,NA,NA,NA,NA,NA
"96","Jaylen Warren","PIT","RB","2568493","robust",NA,NA,NA,NA,NA,NA,NA,NA,NA,NA,5.55,1.4826,22.55,4.74432,0.1,0,0.062,0.0563388,0,NA,0,NA,1.46,0.177912,12.3875,0.444780000000001,0,0,NA,NA,NA,NA,NA,NA,NA,NA,NA,NA,NA,NA,NA,NA,NA,NA,NA,NA,NA,NA,NA,NA,NA,NA,NA,NA
"97","Samaje Perine","CIN","RB","2558138","robust",NA,NA,NA,NA,NA,NA,NA,NA,NA,NA,6.87041287978297,0.505308271132466,28.325,2.07564,0.1,0,0.05,0.07413,0,NA,0,NA,1.95,0.0889560000000001,14.7,1.03782,0.1,0.059304,NA,NA,NA,NA,NA,NA,NA,NA,NA,NA,NA,NA,NA,NA,NA,NA,NA,NA,NA,NA,NA,NA,NA,NA,NA,NA
"98","David Johnson","NO","RB","2553435","robust",NA,NA,NA,NA,NA,NA,NA,NA,NA,NA,4.4,1.78334779109273,15.7,4.00302,0.055,0.029652,0.0575,0.0533736,0,NA,0,NA,1,0.14826,6.85,0.889559999999999,0,0,NA,NA,NA,NA,NA,NA,NA,NA,NA,NA,NA,NA,NA,NA,NA,NA,NA,NA,NA,NA,NA,NA,NA,NA,NA,NA
"99","Matt Breida","NYG","RB","2558918","robust",NA,NA,NA,NA,NA,NA,NA,NA,NA,NA,4.075,0.59304,14.505,3.587892,0.1,0.029652,0.052,0.0711648,0,NA,0,NA,0.7,0.0444779999999999,6.225,1.18608,0,0,NA,NA,NA,NA,NA,NA,NA,NA,NA,NA,NA,NA,NA,NA,NA,NA,NA,NA,NA,NA,NA,NA,NA,NA,NA,NA
"100","Tyrion Davis-Price","SF","RB","2568207","robust",NA,NA,NA,NA,NA,NA,NA,NA,NA,NA,2.1,4.19773054433532e-05,8.1,0.719061,0.055,0.029652,0.001,0,0,NA,0,NA,0.22,0.044478,1.21,0.452193,0.01,0.007413,NA,NA,NA,NA,NA,NA,NA,NA,NA,NA,NA,NA,NA,NA,NA,NA,NA,NA,NA,NA,NA,NA,NA,NA,NA,NA
"101","Travis Homer","SEA","RB","2562665","robust",NA,NA,NA,NA,NA,NA,NA,NA,NA,NA,2.9,0.44478,12.85,1.03782,0.0275,0,0.1125,0.037065,0,NA,0,NA,1.4,0.29652,13.1,1.33434,0.0925,0,NA,NA,NA,NA,NA,NA,NA,NA,NA,NA,NA,NA,NA,NA,NA,NA,NA,NA,NA,NA,NA,NA,NA,NA,NA,NA
"102","Alexander Mattison","MIN","RB","2562682","robust",NA,NA,NA,NA,NA,NA,NA,NA,NA,NA,4.18930462969532,0.571897391981717,16.6875,0.593040000000003,0.135,0.07413,0.012,0.029652,0,NA,0,NA,0.9325,0.14826,6.64,0.7413,0.03,0.044478,NA,NA,NA,NA,NA,NA,NA,NA,NA,NA,NA,NA,NA,NA,NA,NA,NA,NA,NA,NA,NA,NA,NA,NA,NA,NA
"103","Kenneth Gainwell","PHI","RB","2566397","robust",NA,NA,NA,NA,NA,NA,NA,NA,NA,NA,3.87245622651549,0.0938114685758153,17.3825,0.637518,0.145,0.059304,0.046,0.0681996,0.04,0,0,NA,1.29,0.029652,9.075,0.607866,0,0,NA,NA,NA,NA,NA,NA,NA,NA,NA,NA,NA,NA,NA,NA,NA,NA,NA,NA,NA,NA,NA,NA,NA,NA,NA,NA
"104","Snoop Conner","JAC","RB","2567730","robust",NA,NA,NA,NA,NA,NA,NA,NA,NA,NA,1.69722264376997,2.51630229165335,13.4,0.0444780000000017,0.09,0.014826,0.00125,0,0,NA,0,NA,0.27,0.044478,1,0.044478,0.005,0,NA,NA,NA,NA,NA,NA,NA,NA,NA,NA,NA,NA,NA,NA,NA,NA,NA,NA,NA,NA,NA,NA,NA,NA,NA,NA
"105","Chase Edmonds","DEN","RB","2560711","robust",NA,NA,NA,NA,NA,NA,NA,NA,NA,NA,5.7,0,20.3,0,0.1,0,0.1,0,0,NA,0,NA,1.275,0.0741300000000001,9.4,0.667170000000002,0.1,0,NA,NA,NA,NA,NA,NA,NA,NA,NA,NA,NA,NA,NA,NA,NA,NA,NA,NA,NA,NA,NA,NA,NA,"Ankle",16,2022
"106","Myles Gaskin","MIA","RB","2562270","robust",NA,NA,NA,NA,NA,NA,NA,NA,NA,NA,0.875526785714286,0.37065,11.9,0.0148259999999997,0.085,0,0.00375,0,0,NA,0,NA,0.9,0,5.65,0.0296520000000007,0.02,0.029652,NA,NA,NA,NA,NA,NA,NA,NA,NA,NA,NA,NA,NA,NA,NA,NA,NA,NA,NA,NA,NA,NA,"Q","Illness",16,2022
"107","Keaontay Ingram","ARI","RB","2568108","robust",NA,NA,NA,NA,NA,NA,NA,NA,NA,NA,2.6,0.145008460701477,9.9,2.81694,0.0875,0,0.001,0,0,NA,0,NA,0.345,0.088956,2.25,1.33434,0,0,NA,NA,NA,NA,NA,NA,NA,NA,NA,NA,NA,NA,NA,NA,NA,NA,NA,NA,NA,NA,NA,NA,NA,NA,NA,NA
"108","JaMycal Hasty","JAC","RB","2565108","robust",NA,NA,NA,NA,NA,NA,NA,NA,NA,NA,2.87069983866564,1.126776,13.2,2.37216,0.0925,0,0.011,0.014826,0,NA,0,NA,0.815,0.504084,5.295,2.905896,0.025,0.014826,NA,NA,NA,NA,NA,NA,NA,NA,NA,NA,NA,NA,NA,NA,NA,NA,NA,NA,NA,NA,NA,NA,NA,NA,NA,NA
"109","Ronald Jones","KC","RB","2560770","robust",NA,NA,NA,NA,NA,NA,NA,NA,NA,NA,1.92488697007587,1.067472,13,3.7065,0.1,0,0.003,0,0,NA,0,NA,0.25,0.170499,2.185,0.867321,0.01,0,NA,NA,NA,NA,NA,NA,NA,NA,NA,NA,NA,NA,NA,NA,NA,NA,NA,NA,NA,NA,NA,NA,NA,NA,NA,NA
"110","Justin Jackson","DET","RB","2560756","robust",NA,NA,NA,NA,NA,NA,NA,NA,NA,NA,3.4875,0.59304,14.9,2.37216,0.0825,0,0.011,0.014826,0,NA,0.01,0,1.07,0.0889560000000001,9.22,1.097124,0,0,NA,NA,NA,NA,NA,NA,NA,NA,NA,NA,NA,NA,NA,NA,NA,NA,NA,NA,NA,NA,NA,NA,NA,NA,NA,NA
"111","Kevin Harris","NE","RB","2567934","robust",NA,NA,NA,NA,NA,NA,NA,NA,NA,NA,1.7,0.378063,8.1,3.120873,0.085,0.029652,0.002,0,0,NA,0,NA,0.2,0.096369,1.1,0.852495,0.005,0,NA,NA,NA,NA,NA,NA,NA,NA,NA,NA,NA,NA,NA,NA,NA,NA,NA,NA,NA,NA,NA,NA,NA,NA,NA,NA
"112","DeeJay Dallas","SEA","RB","2565144","robust",NA,NA,NA,NA,NA,NA,NA,NA,NA,NA,2.6,0.598444467002096,10.8,2.564898,0.085,0,0.05,0.07413,0,NA,0.01,0,0.8,0.429954,4.975,3.417393,0.015,0.007413,NA,NA,NA,NA,NA,NA,NA,NA,NA,NA,NA,NA,NA,NA,NA,NA,NA,NA,NA,NA,NA,NA,"Q","Ankle",16,2022
"113","Boston Scott","PHI","RB","2561146","robust",NA,NA,NA,NA,NA,NA,NA,NA,NA,NA,3.795,0.29652,15.585,0.889559999999999,0.11,0.029652,0.012,0.029652,0,NA,0,NA,0.3625,0.14826,2.175,1.03782,0,0,NA,NA,NA,NA,NA,NA,NA,NA,NA,NA,NA,NA,NA,NA,NA,NA,NA,NA,NA,NA,NA,NA,NA,NA,NA,NA
"114","Kenyan Drake","BAL","RB","2555230","robust",NA,NA,NA,NA,NA,NA,NA,NA,NA,NA,2.5,0.831749600912185,14.3,4.499691,0.1,0,0.001,0,0,NA,0,NA,0.7,0.644931,5.2,3.461871,0.005,0,NA,NA,NA,NA,NA,NA,NA,NA,NA,NA,NA,NA,NA,NA,NA,NA,NA,NA,NA,NA,NA,NA,NA,NA,NA,NA
"115","Isaiah Spiller","LAC","RB","2568189","robust",NA,NA,NA,NA,NA,NA,NA,NA,NA,NA,0.774441964285714,0.385476,12.175,0.0741299999999984,0.09,0,0.00125,0,0,NA,0,NA,0.31,0.0296519999999999,1.45,0.029652,0.005,0,NA,NA,NA,NA,NA,NA,NA,NA,NA,NA,NA,NA,NA,NA,NA,NA,NA,NA,NA,NA,NA,NA,NA,NA,NA,NA
"116","Salvon Ahmed","MIA","RB","2565090","robust",NA,NA,NA,NA,NA,NA,NA,NA,NA,NA,2.5,0.857612667753405,11.645,2.349921,0.1,0,0,0,0,NA,0,NA,0.2,0.126021,1.305,0.259455,0.005,0,NA,NA,NA,NA,NA,NA,NA,NA,NA,NA,NA,NA,NA,NA,NA,NA,NA,NA,NA,NA,NA,NA,NA,NA,NA,NA
"117","Gary Brightwell","NYG","RB","2566364","robust",NA,NA,NA,NA,NA,NA,NA,NA,NA,NA,2.54780410893454,0.451291256187291,11.1,5.9304,0.095,0.014826,0.001,0,0,NA,0,NA,0.725,0.622692,4.8,4.255062,0,0,NA,NA,NA,NA,NA,NA,NA,NA,NA,NA,NA,NA,NA,NA,NA,NA,NA,NA,NA,NA,NA,NA,NA,NA,NA,NA
"118","Sony Michel","LAC","RB","2560809","robust",NA,NA,NA,NA,NA,NA,NA,NA,NA,NA,2.55,0.14826,10.3,0,0,0,0,0,0,NA,0,NA,0.6,0,3.8,0,0,0,NA,NA,NA,NA,NA,NA,NA,NA,NA,NA,NA,NA,NA,NA,NA,NA,NA,NA,NA,NA,NA,NA,NA,NA,NA,NA
"119","Kene Nwangwu","MIN","RB","2566313","robust",NA,NA,NA,NA,NA,NA,NA,NA,NA,NA,1.7,1.03782,8.39,8.124648,0.065,0.044478,0.0025,0,0,NA,0,NA,0.4,0.14826,3.1,1.675338,0.01,0,NA,NA,NA,NA,NA,NA,NA,NA,NA,NA,NA,NA,NA,NA,NA,NA,NA,NA,NA,NA,NA,NA,NA,NA,NA,NA
"120","Benny Snell","PIT","RB","2562743","robust",NA,NA,NA,NA,NA,NA,NA,NA,NA,NA,3.3,0.29652,12.25,1.85325,0.095,0,0.002,0,0,NA,0,NA,0.3,0.088956,1.805,0.303933,0.005,0.007413,NA,NA,NA,NA,NA,NA,NA,NA,NA,NA,NA,NA,NA,NA,NA,NA,NA,NA,NA,NA,NA,NA,NA,NA,NA,NA
"121","Ty Johnson","NYJ","RB","2562293","robust",NA,NA,NA,NA,NA,NA,NA,NA,NA,NA,2.5333844963135,0.51891,11.2,4.610886,0.1,0.029652,0.001,0,0,NA,0,NA,0.9,0.392889,8.3,3.135699,0.005,0,NA,NA,NA,NA,NA,NA,NA,NA,NA,NA,NA,NA,NA,NA,NA,NA,NA,NA,NA,NA,NA,NA,NA,NA,NA,NA
"122","Jordan Wilkins","IND","RB","2560933","robust",NA,NA,NA,NA,NA,NA,NA,NA,NA,NA,2.95,0.14826,13.565,0.326171999999998,0.09,0,0,0,0.04,0,0,NA,0.8,0,5.5,1.11195,0.01,0,NA,NA,NA,NA,NA,NA,NA,NA,NA,NA,NA,NA,NA,NA,NA,NA,NA,NA,NA,NA,NA,NA,NA,NA,NA,NA
"123","Eno Benjamin","NO","RB","2564889","robust",NA,NA,NA,NA,NA,NA,NA,NA,NA,NA,0.469242529534399,0.4637993161918,8.2,0.0296519999999994,0.0775,0.029652,0,0,0,NA,0,NA,0.6,0.00741300000000001,2.5,0.00741299999999984,0.0075,0.007413,NA,NA,NA,NA,NA,NA,NA,NA,NA,NA,NA,NA,NA,NA,NA,NA,NA,NA,NA,NA,NA,NA,NA,NA,NA,NA
"124","D'Ernest Johnson","CLE","RB","2563327","robust",NA,NA,NA,NA,NA,NA,NA,NA,NA,NA,2.5,0,9.3,5.78214,0,0,0,0,0,NA,0,NA,0.3,0.14826,1.9,1.156428,0,0,NA,NA,NA,NA,NA,NA,NA,NA,NA,NA,NA,NA,NA,NA,NA,NA,NA,NA,NA,NA,NA,NA,NA,NA,NA,NA
"125","Jonathan Williams","WAS","RB","2555227","robust",NA,NA,NA,NA,NA,NA,NA,NA,NA,NA,2,0.0118372782955594,10.1,0.793191,0.005,0,0.005,0,0,NA,0,NA,0.15,0.088956,0.95,0.437367,0.005,0,NA,NA,NA,NA,NA,NA,NA,NA,NA,NA,NA,NA,NA,NA,NA,NA,NA,NA,NA,NA,NA,NA,NA,NA,NA,NA
"126","Malcolm Brown","LAR","RB","2552382","robust",NA,NA,NA,NA,NA,NA,NA,NA,NA,NA,1.84206081510082,0.177912,7.4,1.126776,0.02,0,0,0,0,NA,0,NA,0.625,0.118608,4.5,0.59304,0.01,0,NA,NA,NA,NA,NA,NA,NA,NA,NA,NA,NA,NA,NA,NA,NA,NA,NA,NA,NA,NA,NA,NA,NA,NA,NA,NA
"127","Darrel Williams","ARI","RB","2560935","robust",NA,NA,NA,NA,NA,NA,NA,NA,NA,NA,2.9,0.29652,12.25,0.667169999999999,0.095,0,0,0,0,NA,0,NA,0.9,0.14826,6.4,1.682751,0.005,0,NA,NA,NA,NA,NA,NA,NA,NA,NA,NA,NA,NA,NA,NA,NA,NA,NA,NA,NA,NA,NA,NA,"IR","Hip",16,2022
"128","Justice Hill","BAL","RB","2562407","robust",NA,NA,NA,NA,NA,NA,NA,NA,NA,NA,1.6,0.869550232372972,7.2,3.936303,0.005,0,0.001,0,0,NA,0,NA,0.5,0.111195,3.24,0.926625,0.005,0,NA,NA,NA,NA,NA,NA,NA,NA,NA,NA,NA,NA,NA,NA,NA,NA,NA,NA,NA,NA,NA,NA,NA,NA,NA,NA
"129","Julius Chestnut","TEN","RB","2568804","robust",NA,NA,NA,NA,NA,NA,NA,NA,NA,NA,0.65,0.474432,8.65,0.0148259999999997,0.055,0,0.00125,0,0,NA,0,NA,0.4,0.044478,2.53,0.029652,0.005,0,NA,NA,NA,NA,NA,NA,NA,NA,NA,NA,NA,NA,NA,NA,NA,NA,NA,NA,NA,NA,NA,NA,NA,NA,NA,NA
"130","Craig Reynolds","DET","RB","2562834","robust",NA,NA,NA,NA,NA,NA,NA,NA,NA,NA,3.3,0,13.225,0.0741300000000011,0,0,0,0,0,NA,0,NA,1.1,0,11.175,0.222390000000001,0,0,NA,NA,NA,NA,NA,NA,NA,NA,NA,NA,NA,NA,NA,NA,NA,NA,NA,NA,NA,NA,NA,NA,NA,NA,NA,NA
"131","Patrick Taylor","GB","RB","2564040","robust",NA,NA,NA,NA,NA,NA,NA,NA,NA,NA,0.728390919037199,0.573442753129103,8.65,0.0148260000000023,0.06,0,0.00125,0,0,NA,0,NA,0.21,0.029652,0.705,0.014826,0.005,0,NA,NA,NA,NA,NA,NA,NA,NA,NA,NA,NA,NA,NA,NA,NA,NA,NA,NA,NA,NA,NA,NA,NA,NA,NA,NA
"132","Justin Jefferson","MIN","WR","2564556","robust",NA,NA,NA,NA,NA,NA,NA,NA,NA,NA,0.279406352235551,NA,1.66916666666667,0.29652,0.0126027235887287,0.014826,0.05,0.07413,0,NA,0,NA,6.8475,0.148260000000001,99.505,9.60724800000001,0.6775,0.133434,NA,NA,NA,NA,NA,NA,NA,NA,NA,NA,NA,NA,NA,NA,NA,NA,NA,NA,NA,NA,NA,NA,NA,NA,NA,NA
"133","Tyreek Hill","MIA","WR","2556214","robust",NA,NA,NA,NA,NA,NA,NA,NA,NA,NA,0.424868564043822,NA,2.69375,0.311346,0.00425480679441207,0,0.0875,0.037065,0,NA,0,NA,7.3,0.44478,95.9,4.29954000000001,0.75,0.29652,NA,NA,NA,NA,NA,NA,NA,NA,NA,NA,NA,NA,NA,NA,NA,NA,NA,NA,NA,NA,NA,NA,NA,NA,NA,NA
"134","A.J. Brown","PHI","WR","2562238","robust",NA,NA,NA,NA,NA,NA,NA,NA,NA,NA,0,0,0.3,0.474432,0,0,0.0875,0.037065,0,NA,0,NA,5.335,0.103782,77.625,6.52344000000001,0.72,0.177912,NA,NA,NA,NA,NA,NA,NA,NA,NA,NA,NA,NA,NA,NA,NA,NA,NA,NA,NA,NA,NA,NA,NA,NA,NA,NA
"135","Davante Adams","LVR","WR","2543495","robust",NA,NA,NA,NA,NA,NA,NA,NA,NA,NA,0.125,0.037065,0.355,0.491729,0,0,0.0125,0.037065,0,NA,0,NA,6.055,0.148260000000001,84.3,8.45082,0.675,0.14826,NA,NA,NA,NA,NA,NA,NA,NA,NA,NA,NA,NA,NA,NA,NA,NA,NA,NA,NA,NA,NA,NA,NA,NA,NA,NA
"136","DK Metcalf","SEA","WR","2562685","robust",NA,NA,NA,NA,NA,NA,NA,NA,NA,NA,0,0,0.0870833333333333,0.032123,0,0,0.1,0,0,NA,0,NA,6.2325,0.29652,78.965,2.90589600000001,0.5825,0.0593040000000001,NA,NA,NA,NA,NA,NA,NA,NA,NA,NA,NA,NA,NA,NA,NA,NA,NA,NA,NA,NA,NA,NA,NA,NA,NA,NA
"137","Ja'Marr Chase","CIN","WR","2565941","robust",NA,NA,NA,NA,NA,NA,NA,NA,NA,NA,0.3625,0.111195,1.85,0.44478,0,0,0.0875,0.037065,0,NA,0,NA,6.1,0.148259999999999,83.3025,1.393644,0.7,0.14826,NA,NA,NA,NA,NA,NA,NA,NA,NA,NA,NA,NA,NA,NA,NA,NA,NA,NA,NA,NA,NA,NA,NA,NA,NA,NA
"138","Stefon Diggs","BUF","WR","2552608","robust",NA,NA,NA,NA,NA,NA,NA,NA,NA,NA,0.0125,0.037065,-0.0229166666666667,0.061775,0,0,0.0125,0.037065,0,NA,0,NA,6.2,0.29652,82,1.55673,0.675,0.14826,NA,NA,NA,NA,NA,NA,NA,NA,NA,NA,NA,NA,NA,NA,NA,NA,NA,NA,NA,NA,NA,NA,NA,NA,NA,NA
"139","Amon-Ra St. Brown","DET","WR","2566073","robust",NA,NA,NA,NA,NA,NA,NA,NA,NA,NA,0.646016410107464,NA,5.33083333333333,0.412657,0.0119419136951086,0,0.0125,0.037065,0,NA,0,NA,7,0.163085999999999,76.8,1.18608,0.59,0.177912,NA,NA,NA,NA,NA,NA,NA,NA,NA,NA,NA,NA,NA,NA,NA,NA,NA,NA,NA,NA,NA,NA,NA,NA,NA,NA
"140","Keenan Allen","LAC","WR","2540154","robust",NA,NA,NA,NA,NA,NA,NA,NA,NA,NA,0,0,0,0,0,0,0.1,0,0,NA,0,NA,6.4425,0.889559999999999,70.38,14.0847,0.435,0.14826,NA,NA,NA,NA,NA,NA,NA,NA,NA,NA,NA,NA,NA,NA,NA,NA,NA,NA,NA,NA,NA,NA,NA,NA,NA,NA
"141","Michael Pittman","IND","WR","2564136","robust",NA,NA,NA,NA,NA,NA,NA,NA,NA,NA,0.1,0,1.90083333333333,0.150731,0,0,0.0875,0.037065,0,NA,0,NA,5.6,0.593039999999999,61.255,7.54643399999999,0.3425,0.103782,NA,NA,NA,NA,NA,NA,NA,NA,NA,NA,NA,NA,NA,NA,NA,NA,NA,NA,NA,NA,NA,NA,NA,NA,NA,NA
"142","Jaylen Waddle","MIA","WR","2566292","robust",NA,NA,NA,NA,NA,NA,NA,NA,NA,NA,0.198870903277378,NA,0.98,0.133434,0.00110791366906475,0,0.0875,0.037065,0,NA,0,NA,4.96,0.103781999999999,71.75,2.04598799999999,0.575,0.14826,NA,NA,NA,NA,NA,NA,NA,NA,NA,NA,NA,NA,NA,NA,NA,NA,NA,NA,NA,NA,NA,NA,NA,NA,NA,NA
"143","Garrett Wilson","NYJ","WR","2568048","robust",NA,NA,NA,NA,NA,NA,NA,NA,NA,NA,0.305,NA,1.08,0.39536,0.001,0,0.0125,0.037065,0,NA,0,NA,4.8,0.118608,70.8625,3.26172,0.515,0.29652,NA,NA,NA,NA,NA,NA,NA,NA,NA,NA,NA,NA,NA,NA,NA,NA,NA,NA,NA,NA,NA,NA,NA,NA,NA,NA
"144","CeeDee Lamb","DAL","WR","2563848","robust",NA,NA,NA,NA,NA,NA,NA,NA,NA,NA,0.644302209369086,NA,3.89666666666667,0.286636,0.00775060992138791,0,0.0125,0.037065,0,NA,0,NA,5.2175,0.29652,72.575,2.016336,0.5,0.07413,NA,NA,NA,NA,NA,NA,NA,NA,NA,NA,NA,NA,NA,NA,NA,NA,NA,NA,NA,NA,NA,NA,NA,NA,NA,NA
"145","Mike Williams","LAC","WR","2558846","robust",NA,NA,NA,NA,NA,NA,NA,NA,NA,NA,0,0,0,0,0,0,0,0,0,NA,0,NA,4.7,0.593039999999999,64.93,10.67472,0.475,0.0593040000000001,NA,NA,NA,NA,NA,NA,NA,NA,NA,NA,NA,NA,NA,NA,NA,NA,NA,NA,NA,NA,NA,NA,NA,NA,NA,NA
"146","Terry McLaurin","WAS","WR","2562489","robust",NA,NA,NA,NA,NA,NA,NA,NA,NA,NA,0.3,NA,1.7425,0.81543,0.00238615113672751,0,0.0875,0.037065,0,NA,0,NA,5.2,0.148259999999999,70.935,3.26172,0.3575,0.14826,NA,NA,NA,NA,NA,NA,NA,NA,NA,NA,NA,NA,NA,NA,NA,NA,NA,NA,NA,NA,NA,NA,NA,NA,NA,NA
"147","Christian Kirk","JAC","WR","2560781","robust",NA,NA,NA,NA,NA,NA,NA,NA,NA,NA,0.175,0.07413,0.814166666666667,0.242158,0,0,0.05,0.07413,0,NA,0,NA,5.01,0.0296519999999994,63.755,4.15128,0.445,0.163086,NA,NA,NA,NA,NA,NA,NA,NA,NA,NA,NA,NA,NA,NA,NA,NA,NA,NA,NA,NA,NA,NA,NA,NA,NA,NA
"148","Tee Higgins","CIN","WR","2563731","robust",NA,NA,NA,NA,NA,NA,NA,NA,NA,NA,0.0125,0.037065,0.101666666666667,0.059304,0,0,0,0,0,NA,0,NA,4.9,0.148259999999999,67.0475,6.37518,0.485,0.088956,NA,NA,NA,NA,NA,NA,NA,NA,NA,NA,NA,NA,NA,NA,NA,NA,NA,NA,NA,NA,NA,NA,NA,NA,NA,NA
"149","Mike Evans","TB","WR","2543468","robust",NA,NA,NA,NA,NA,NA,NA,NA,NA,NA,0,0,0.02125,0,0,0,0,0,0,NA,0,NA,4.5,0.148259999999999,62.9,8.74734,0.48,0.14826,NA,NA,NA,NA,NA,NA,NA,NA,NA,NA,NA,NA,NA,NA,NA,NA,NA,NA,NA,NA,NA,NA,NA,NA,NA,NA
"150","Christian Watson","GB","WR","2567637","robust",NA,NA,NA,NA,NA,NA,NA,NA,NA,NA,0.375,0.0741300000000001,2.295,0.985929,0.04,0.059304,0,0,0,NA,0,NA,3.955,0.533736,58.46,2.268378,0.6525,0.163086,NA,NA,NA,NA,NA,NA,NA,NA,NA,NA,NA,NA,NA,NA,NA,NA,NA,NA,NA,NA,NA,NA,NA,NA,NA,NA
"151","DeAndre Hopkins","ARI","WR","2540165","robust",NA,NA,NA,NA,NA,NA,NA,NA,NA,NA,0,0,0,0,0,0,0.1,0,0,NA,0,NA,5.7225,0.785778,68.1225,0.874734000000005,0.47,0.088956,NA,NA,NA,NA,NA,NA,NA,NA,NA,NA,NA,NA,NA,NA,NA,NA,NA,NA,NA,NA,NA,NA,NA,NA,NA,NA
"152","JuJu Smith-Schuster","KC","WR","2558149","robust",NA,NA,NA,NA,NA,NA,NA,NA,NA,NA,0,0,0.1,0.044478,0,0,0.0875,0.037065,0,NA,0,NA,5.46,0.103781999999999,64.7125,5.48562,0.48,0.103782,NA,NA,NA,NA,NA,NA,NA,NA,NA,NA,NA,NA,NA,NA,NA,NA,NA,NA,NA,NA,NA,NA,NA,NA,NA,NA
"153","Jerry Jeudy","DEN","WR","2563896","robust",NA,NA,NA,NA,NA,NA,NA,NA,NA,NA,0.0125,0.037065,0.165,0.14826,0,0,0,0,0,NA,0,NA,4.625,0.44478,64.45,3.662022,0.455,0.133434,NA,NA,NA,NA,NA,NA,NA,NA,NA,NA,NA,NA,NA,NA,NA,NA,NA,NA,NA,NA,NA,NA,NA,NA,NA,NA
"154","Drake London","ATL","WR","2567250","robust",NA,NA,NA,NA,NA,NA,NA,NA,NA,NA,0,0,0.0375,0,0,0,0.15,0.07413,0,NA,0,NA,4.3,0.29652,55.7,12.246276,0.2,0.044478,NA,NA,NA,NA,NA,NA,NA,NA,NA,NA,NA,NA,NA,NA,NA,NA,NA,NA,NA,NA,NA,NA,NA,NA,NA,NA
"155","DeVonta Smith","PHI","WR","2566409","robust",NA,NA,NA,NA,NA,NA,NA,NA,NA,NA,0,0,0.25,0.390418,0,0,0.05,0.07413,0,NA,0,NA,4.6,0.59304,58.46,5.9304,0.2625,0.14826,NA,NA,NA,NA,NA,NA,NA,NA,NA,NA,NA,NA,NA,NA,NA,NA,NA,NA,NA,NA,NA,NA,NA,NA,NA,NA
"156","Chris Godwin","TB","WR","2558105","robust",NA,NA,NA,NA,NA,NA,NA,NA,NA,NA,0.2,NA,0.817916666666667,0.29652,0.000884199134199134,0,0.05,0.07413,0,NA,0,NA,6,0.148259999999999,65.8,2.920722,0.4175,0.163086,NA,NA,NA,NA,NA,NA,NA,NA,NA,NA,NA,NA,NA,NA,NA,NA,NA,NA,NA,NA,NA,NA,NA,NA,NA,NA
"157","Diontae Johnson","PIT","WR","2562674","robust",NA,NA,NA,NA,NA,NA,NA,NA,NA,NA,0.4,NA,2.04583333333333,0.0864850000000004,0.00396484375,0,0.0875,0.037065,0,NA,0,NA,5.3525,0.133434000000001,58.4325,7.27956600000001,0.2,0.14826,NA,NA,NA,NA,NA,NA,NA,NA,NA,NA,NA,NA,NA,NA,NA,NA,NA,NA,NA,NA,NA,NA,"Q","Toe",16,2022
"158","Zay Jones","JAC","WR","2557863","robust",NA,NA,NA,NA,NA,NA,NA,NA,NA,NA,0.1,0,0.72,0.22239,0,0,0.0125,0.037065,0,NA,0,NA,5.1075,0.148259999999999,56.3125,5.78214000000001,0.26,0.118608,NA,NA,NA,NA,NA,NA,NA,NA,NA,NA,NA,NA,NA,NA,NA,NA,NA,NA,NA,NA,NA,NA,NA,NA,NA,NA
"159","D.J. Moore","CAR","WR","2560813","robust",NA,NA,NA,NA,NA,NA,NA,NA,NA,NA,0.525,0.22239,2.66083333333333,0.14826,0,0,0,0,0,NA,0,NA,4.4475,0.459606000000001,63.6675,2.95037399999999,0.5,0.252042,NA,NA,NA,NA,NA,NA,NA,NA,NA,NA,NA,NA,NA,NA,NA,NA,NA,NA,NA,NA,NA,NA,NA,NA,NA,NA
"160","Darius Slayton","NYG","WR","2562736","robust",NA,NA,NA,NA,NA,NA,NA,NA,NA,NA,0,0,-0.0275,0.081543,0,0,0,0,0,NA,0,NA,3.9,0.7413,57.45,3.083808,0.2,0,NA,NA,NA,NA,NA,NA,NA,NA,NA,NA,NA,NA,NA,NA,NA,NA,NA,NA,NA,NA,NA,NA,NA,NA,NA,NA
"161","Gabriel Davis","BUF","WR","2563602","robust",NA,NA,NA,NA,NA,NA,NA,NA,NA,NA,0,0,0.0966666666666667,0.009884,0,0,0,0,0,NA,0,NA,3.41,0.355824,51.4625,4.07715,0.3175,0.029652,NA,NA,NA,NA,NA,NA,NA,NA,NA,NA,NA,NA,NA,NA,NA,NA,NA,NA,NA,NA,NA,NA,NA,NA,NA,NA
"162","Amari Cooper","CLE","WR","2552487","robust",NA,NA,NA,NA,NA,NA,NA,NA,NA,NA,0.0125,0.037065,0.1,0.14826,0,0,0,0,0,NA,0,NA,4.2525,0.163085999999999,55.2,11.460498,0.45,0.088956,NA,NA,NA,NA,NA,NA,NA,NA,NA,NA,NA,NA,NA,NA,NA,NA,NA,NA,NA,NA,NA,NA,NA,NA,NA,NA
"163","Van Jefferson","LAR","WR","2564358","robust",NA,NA,NA,NA,NA,NA,NA,NA,NA,NA,0.0125,0.037065,0.437083333333333,0.29652,0,0,0,0,0,NA,0,NA,3.325,0.29652,42.715,3.513762,0.205,0.014826,NA,NA,NA,NA,NA,NA,NA,NA,NA,NA,NA,NA,NA,NA,NA,NA,NA,NA,NA,NA,NA,NA,NA,NA,NA,NA
"164","Brandin Cooks","HOU","WR","2543498","robust",NA,NA,NA,NA,NA,NA,NA,NA,NA,NA,0.211641839378238,NA,1.0975,0.29652,0.000729706390328152,0,0,0,0,NA,0,NA,4,0.948863999999999,50.305,8.762166,0.205,0.014826,NA,NA,NA,NA,NA,NA,NA,NA,NA,NA,NA,NA,NA,NA,NA,NA,NA,NA,NA,NA,NA,NA,"Q","Calf",16,2022
"165","Brandon Aiyuk","SF","WR","2565093","robust",NA,NA,NA,NA,NA,NA,NA,NA,NA,NA,0.1,0,0.880833333333333,0.88956,0.01,0,0.075,0.037065,0,NA,0,NA,4.1,0.207564,55.525,2.07564,0.325,0.059304,NA,NA,NA,NA,NA,NA,NA,NA,NA,NA,NA,NA,NA,NA,NA,NA,NA,NA,NA,NA,NA,NA,NA,NA,NA,NA
"166","Adam Thielen","MIN","WR","2541785","robust",NA,NA,NA,NA,NA,NA,NA,NA,NA,NA,0,0,0.195,0.014826,0,0,0,0,0,NA,0,NA,4.4,0.29652,50.5525,2.37216,0.385,0.252042,NA,NA,NA,NA,NA,NA,NA,NA,NA,NA,NA,NA,NA,NA,NA,NA,NA,NA,NA,NA,NA,NA,NA,NA,NA,NA
"167","George Pickens","PIT","WR","2568159","robust",NA,NA,NA,NA,NA,NA,NA,NA,NA,NA,0.25,NA,1.5,0.14826,0.0312913752913753,0.0261786774825175,0,0,0,NA,0,NA,3.7875,0.29652,51.8525,2.52041999999999,0.2,0.07413,NA,NA,NA,NA,NA,NA,NA,NA,NA,NA,NA,NA,NA,NA,NA,NA,NA,NA,NA,NA,NA,NA,NA,NA,NA,NA
"168","Corey Davis","NYJ","WR","2557848","robust",NA,NA,NA,NA,NA,NA,NA,NA,NA,NA,0,0,0.182916666666667,0.14826,0,0,0,0,0,NA,0,NA,2.845,0.148259999999999,40.9925,7.56126,0.2,0.07413,NA,NA,NA,NA,NA,NA,NA,NA,NA,NA,NA,NA,NA,NA,NA,NA,NA,NA,NA,NA,NA,NA,NA,NA,NA,NA
"169","D.J. Chark","DET","WR","2561018","robust",NA,NA,NA,NA,NA,NA,NA,NA,NA,NA,0,0,0,0,0,0,0,0,0,NA,0,NA,3.165,0.252042000000001,45.0725,1.03782,0.3475,0.088956,NA,NA,NA,NA,NA,NA,NA,NA,NA,NA,NA,NA,NA,NA,NA,NA,NA,NA,NA,NA,NA,NA,NA,NA,NA,NA
"170","Jakobi Meyers","NE","WR","2562492","robust",NA,NA,NA,NA,NA,NA,NA,NA,NA,NA,0.1,0,-0.0204166666666667,0.44478,0,0,0.075,0.037065,0,NA,0,NA,4.1,0.148260000000001,53.75,2.9652,0.2,0,NA,NA,NA,NA,NA,NA,NA,NA,NA,NA,NA,NA,NA,NA,NA,NA,NA,NA,NA,NA,NA,NA,"Q","Shoulder",16,2022
"171","Courtland Sutton","DEN","WR","2560888","robust",NA,NA,NA,NA,NA,NA,NA,NA,NA,NA,0.0125,0.037065,0.17625,0.14826,0,0,0,0,0,NA,0,NA,3.105,1.897728,41.6,19.86684,0.2,0.07413,NA,NA,NA,NA,NA,NA,NA,NA,NA,NA,NA,NA,NA,NA,NA,NA,NA,NA,NA,NA,NA,NA,"Q","Hamstring",16,2022
"172","Marquise Goodwin","SEA","WR","2539964","robust",NA,NA,NA,NA,NA,NA,NA,NA,NA,NA,0.236577868852459,NA,1.1175,0.348411,0.00288133353346559,0,0.0125,0.037065,0,NA,0,NA,3.455,0.59304,49.135,6.034182,0.255,0.103782,NA,NA,NA,NA,NA,NA,NA,NA,NA,NA,NA,NA,NA,NA,NA,NA,NA,NA,NA,NA,NA,NA,"Q","Ankle",16,2022
"173","Marquise Brown","ARI","WR","2562379","robust",NA,NA,NA,NA,NA,NA,NA,NA,NA,NA,0.0125,0.037065,0.192916666666667,0.192738,0,0,0,0,0,NA,0,NA,4.3,0.44478,47.805,4.59605999999999,0.235,0.118608,NA,NA,NA,NA,NA,NA,NA,NA,NA,NA,NA,NA,NA,NA,NA,NA,NA,NA,NA,NA,NA,NA,"Q","Groin",16,2022
"174","Donovan Peoples-Jones","CLE","WR","2563803","robust",NA,NA,NA,NA,NA,NA,NA,NA,NA,NA,0.0125,0.037065,0.0520833333333333,0.061775,0,0,0.05,0.07413,0,NA,0.01,0,3.4,0.37065,47.14,1.008168,0.2,0.07413,NA,NA,NA,NA,NA,NA,NA,NA,NA,NA,NA,NA,NA,NA,NA,NA,NA,NA,NA,NA,NA,NA,NA,NA,NA,NA
"175","Allen Lazard","GB","WR","2560787","robust",NA,NA,NA,NA,NA,NA,NA,NA,NA,NA,0.0125,0.037065,0.200833333333333,0.177912,0,0,0,0,0,NA,0,NA,3.8,0.355824,48.035,4.655364,0.305,0.014826,NA,NA,NA,NA,NA,NA,NA,NA,NA,NA,NA,NA,NA,NA,NA,NA,NA,NA,NA,NA,NA,NA,NA,NA,NA,NA
"176","Tutu Atwell","LAR","WR","2566196","robust",NA,NA,NA,NA,NA,NA,NA,NA,NA,NA,0.941778091322928,NA,4.945,0.442308999999999,0.00426104292954654,0,0,0,0,NA,0,NA,3.1175,0.29652,40.85,8.8956,0.2,0,NA,NA,NA,NA,NA,NA,NA,NA,NA,NA,NA,NA,NA,NA,NA,NA,NA,NA,NA,NA,NA,NA,NA,NA,NA,NA
"177","Josh Palmer","LAC","WR","2566502","robust",NA,NA,NA,NA,NA,NA,NA,NA,NA,NA,0.0125,0.037065,0.17375,0.133434,0,0,0,0,0,NA,0,NA,3.9225,0.652344,43.645,10.704372,0.225,0.07413,NA,NA,NA,NA,NA,NA,NA,NA,NA,NA,NA,NA,NA,NA,NA,NA,NA,NA,NA,NA,NA,NA,NA,NA,NA,NA
"178","Tyler Boyd","CIN","WR","2555466","robust",NA,NA,NA,NA,NA,NA,NA,NA,NA,NA,0.0875,0.037065,0.3,0.14826,0,0,0,0,0,NA,0,NA,3.71,0.14826,44.3825,2.52042,0.24,0.07413,NA,NA,NA,NA,NA,NA,NA,NA,NA,NA,NA,NA,NA,NA,NA,NA,NA,NA,NA,NA,NA,NA,NA,NA,NA,NA
"179","Richie James","NYG","WR","2560761","robust",NA,NA,NA,NA,NA,NA,NA,NA,NA,NA,0.0125,0.037065,0.3525,0.126021,0,0,0.1,0,0,NA,0.07,0,3.7275,0.177912,42.85,2.34250800000001,0.21,0.029652,NA,NA,NA,NA,NA,NA,NA,NA,NA,NA,NA,NA,NA,NA,NA,NA,NA,NA,NA,NA,NA,NA,NA,NA,NA,NA
"180","Chris Moore","HOU","WR","2555209","robust",NA,NA,NA,NA,NA,NA,NA,NA,NA,NA,0.0875,0.037065,0.35,0.37065,0,0,0,0,0,NA,0,NA,4.005,0.44478,48.1675,1.03781999999999,0.2325,0.103782,NA,NA,NA,NA,NA,NA,NA,NA,NA,NA,NA,NA,NA,NA,NA,NA,NA,NA,NA,NA,NA,NA,"Q","Foot",16,2022
"181","Marquez Valdes-Scantling","KC","WR","2560907","robust",NA,NA,NA,NA,NA,NA,NA,NA,NA,NA,0.0875,0.037065,0.05,0.113666,0,0,0,0,0,NA,0,NA,2.79,0.266868,45.47,6.049008,0.2,0,NA,NA,NA,NA,NA,NA,NA,NA,NA,NA,NA,NA,NA,NA,NA,NA,NA,NA,NA,NA,NA,NA,NA,NA,NA,NA
"182","Tre'Quan Smith","NO","WR","2560878","robust",NA,NA,NA,NA,NA,NA,NA,NA,NA,NA,0,0,0.0158333333333333,0,0,0,0,0,0,NA,0,NA,1.8,0.504084,23.35,4.047498,0.095,0.014826,NA,NA,NA,NA,NA,NA,NA,NA,NA,NA,NA,NA,NA,NA,NA,NA,NA,NA,NA,NA,NA,NA,NA,NA,NA,NA
"183","Treylon Burks","TEN","WR","2567643","robust",NA,NA,NA,NA,NA,NA,NA,NA,NA,NA,0.186339355089355,NA,1.32625,0.22239,0.002,0,0,0,0,NA,0,NA,2.47,0.489258,34.2,2.698332,0.1475,0.07413,NA,NA,NA,NA,NA,NA,NA,NA,NA,NA,NA,NA,NA,NA,NA,NA,NA,NA,NA,NA,NA,NA,"Q","Concussion",16,2022
"184","Michael Gallup","DAL","WR","2560735","robust",NA,NA,NA,NA,NA,NA,NA,NA,NA,NA,0,0,0.05,0.066717,0,0,0,0,0,NA,0,NA,3.2,0.118607999999999,39.28,4.96671,0.25,0.103782,NA,NA,NA,NA,NA,NA,NA,NA,NA,NA,NA,NA,NA,NA,NA,NA,NA,NA,NA,NA,NA,NA,NA,NA,NA,NA
"185","Jahan Dotson","WAS","WR","2568321","robust",NA,NA,NA,NA,NA,NA,NA,NA,NA,NA,0.112800715661987,NA,0.853333333333333,0.232274,0.00143640883084028,0,0,0,0,NA,0,NA,2.94,0.252042,41.66,0.444779999999996,0.22,0.118608,NA,NA,NA,NA,NA,NA,NA,NA,NA,NA,NA,NA,NA,NA,NA,NA,NA,NA,NA,NA,NA,NA,NA,NA,NA,NA
"186","Elijah Moore","NYJ","WR","2566385","robust",NA,NA,NA,NA,NA,NA,NA,NA,NA,NA,0.493569601753745,NA,2.13416666666667,0.269339,0.00487460914598398,0,0,0,0,NA,0,NA,3,0.177912,40.1875,2.14977,0.185,0.029652,NA,NA,NA,NA,NA,NA,NA,NA,NA,NA,NA,NA,NA,NA,NA,NA,NA,NA,NA,NA,NA,NA,NA,NA,NA,NA
"187","Demarcus Robinson","BAL","WR","2555478","robust",NA,NA,NA,NA,NA,NA,NA,NA,NA,NA,0,0,0.0375,0,0,0,0.05,0.07413,0,NA,0,NA,3.65,0.29652,40,2.9652,0.17,0.014826,NA,NA,NA,NA,NA,NA,NA,NA,NA,NA,NA,NA,NA,NA,NA,NA,NA,NA,NA,NA,NA,NA,NA,NA,NA,NA
"188","Robert Woods","TEN","WR","2540169","robust",NA,NA,NA,NA,NA,NA,NA,NA,NA,NA,0,0,0.283,0.22239,0,0,0,0,0,NA,0.01,0,2.5,0.29652,30.635,6.575331,0.115,0.059304,NA,NA,NA,NA,NA,NA,NA,NA,NA,NA,NA,NA,NA,NA,NA,NA,NA,NA,NA,NA,NA,NA,NA,NA,NA,NA
"189","K.J. Osborn","MIN","WR","2564574","robust",NA,NA,NA,NA,NA,NA,NA,NA,NA,NA,0.225,NA,0.958333333333333,0.09884,0.000823155216284987,0,0,0,0,NA,0.01,0,3.2,0.29652,37.6975,2.07564,0.255,0.133434,NA,NA,NA,NA,NA,NA,NA,NA,NA,NA,NA,NA,NA,NA,NA,NA,NA,NA,NA,NA,NA,NA,NA,NA,NA,NA
"190","Jauan Jennings","SF","WR","2565114","robust",NA,NA,NA,NA,NA,NA,NA,NA,NA,NA,0,0,0.215,0.14826,0,0,0,0,0,NA,0,NA,2.8,0.29652,32.95,3.03933,0.15,0.07413,NA,NA,NA,NA,NA,NA,NA,NA,NA,NA,NA,NA,NA,NA,NA,NA,NA,NA,NA,NA,NA,NA,NA,NA,NA,NA
"191","Isaiah Hodgins","NYG","WR","2563611","robust",NA,NA,NA,NA,NA,NA,NA,NA,NA,NA,0.0125,0.037065,0.1775,0.14826,0,0,0.0125,0.037065,0,NA,0,NA,3.39,0.326172,40.655,1.4826,0.2,0.014826,NA,NA,NA,NA,NA,NA,NA,NA,NA,NA,NA,NA,NA,NA,NA,NA,NA,NA,NA,NA,NA,NA,NA,NA,NA,NA
"192","Nelson Agholor","NE","WR","2552600","robust",NA,NA,NA,NA,NA,NA,NA,NA,NA,NA,0,0,0.1,0.00741300000000001,0,0,0.05,0.07413,0,NA,0,NA,2.8,0.14826,37.64,2.52042,0.2,0,NA,NA,NA,NA,NA,NA,NA,NA,NA,NA,NA,NA,NA,NA,NA,NA,NA,NA,NA,NA,NA,NA,NA,NA,NA,NA
"193","Julio Jones","TB","WR","2495454","robust",NA,NA,NA,NA,NA,NA,NA,NA,NA,NA,0.3,0.0113984838709677,2,0.407715,0.005,0,0,0,0,NA,0,NA,2.675,0.704235,32.44,6.857025,0.18,0.00741299999999999,NA,NA,NA,NA,NA,NA,NA,NA,NA,NA,NA,NA,NA,NA,NA,NA,NA,NA,NA,NA,NA,NA,"Q","Knee",16,2022
"194","Randall Cobb","GB","WR","2495448","robust",NA,NA,NA,NA,NA,NA,NA,NA,NA,NA,0,0,0.02625,0,0,0,0.0125,0.037065,0,NA,0,NA,2.5,0.51891,32.78,0.296520000000004,0.1625,0.088956,NA,NA,NA,NA,NA,NA,NA,NA,NA,NA,NA,NA,NA,NA,NA,NA,NA,NA,NA,NA,NA,NA,NA,NA,NA,NA
"195","DeSean Jackson","BAL","WR","1581","robust",NA,NA,NA,NA,NA,NA,NA,NA,NA,NA,0.0125,0.037065,0.065,0.118608,0,0,0,0,0,NA,0,NA,2.1,0.726474,33.875,4.89258,0.1,0.059304,NA,NA,NA,NA,NA,NA,NA,NA,NA,NA,NA,NA,NA,NA,NA,NA,NA,NA,NA,NA,NA,NA,NA,NA,NA,NA
"196","Mecole Hardman","KC","WR","2562580","robust",NA,NA,NA,NA,NA,NA,NA,NA,NA,NA,0,0,2.9,0,0.025,0,0.025,0,0,NA,0,NA,2.2,0,26.125,0,0.125,0,NA,NA,NA,NA,NA,NA,NA,NA,NA,NA,NA,NA,NA,NA,NA,NA,NA,NA,NA,NA,NA,NA,NA,"Abdomen",16,2022
"197","Parris Campbell","IND","WR","2562495","robust",NA,NA,NA,NA,NA,NA,NA,NA,NA,NA,0.175,0.07413,1.82583333333333,0.326172,0,0,0,0,0,NA,0,NA,3.1525,0.14826,35.885,2.74281,0.205,0.014826,NA,NA,NA,NA,NA,NA,NA,NA,NA,NA,NA,NA,NA,NA,NA,NA,NA,NA,NA,NA,NA,NA,NA,NA,NA,NA
"198","Romeo Doubs","GB","WR","2567586","robust",NA,NA,NA,NA,NA,NA,NA,NA,NA,NA,0.0125,0.037065,0.3825,0.037065,0,0,0.05,0.07413,0,NA,0,NA,2.3725,0.44478,28.15,2.52042,0.2075,0.103782,NA,NA,NA,NA,NA,NA,NA,NA,NA,NA,NA,NA,NA,NA,NA,NA,NA,NA,NA,NA,NA,NA,NA,NA,NA,NA
"199","Quez Watkins","PHI","WR","2564880","robust",NA,NA,NA,NA,NA,NA,NA,NA,NA,NA,0.2,NA,1.45,1.77912,0.00416666666666667,0,0.05,0.07413,0,NA,0,NA,2.6,0.29652,30.6,3.26172,0.15,0.088956,NA,NA,NA,NA,NA,NA,NA,NA,NA,NA,NA,NA,NA,NA,NA,NA,NA,NA,NA,NA,NA,NA,NA,NA,NA,NA
"200","Isaiah McKenzie","BUF","WR","2558129","robust",NA,NA,NA,NA,NA,NA,NA,NA,NA,NA,0.8,NA,5.1,0.239687000000001,0.0827166627510698,0,0.001,0,0,NA,0.01,0,2.95,0.14826,33.65,3.884412,0.21,0.029652,NA,NA,NA,NA,NA,NA,NA,NA,NA,NA,NA,NA,NA,NA,NA,NA,NA,NA,NA,NA,NA,NA,NA,NA,NA,NA
"201","Curtis Samuel","WAS","WR","2558066","robust",NA,NA,NA,NA,NA,NA,NA,NA,NA,NA,2.36349957415367,NA,11.025,0.59304,0.1,0,0.011,0.014826,0,NA,0,NA,3.4,0,36.75,2.2239,0.1,0,NA,NA,NA,NA,NA,NA,NA,NA,NA,NA,NA,NA,NA,NA,NA,NA,NA,NA,NA,NA,NA,NA,NA,NA,NA,NA
"202","Josh Reynolds","DET","WR","2558194","robust",NA,NA,NA,NA,NA,NA,NA,NA,NA,NA,0,0,0.0925,0.022239,0,0,0,0,0,NA,0,NA,2.79,0.44478,33.9325,5.33736,0.16,0.133434,NA,NA,NA,NA,NA,NA,NA,NA,NA,NA,NA,NA,NA,NA,NA,NA,NA,NA,NA,NA,NA,NA,NA,NA,NA,NA
"203","Marvin Jones","JAC","WR","2532884","robust",NA,NA,NA,NA,NA,NA,NA,NA,NA,NA,0,0,0.104166666666667,0.14826,0,0,0,0,0,NA,0,NA,2.72,0.29652,31.805,6.123138,0.16,0.029652,NA,NA,NA,NA,NA,NA,NA,NA,NA,NA,NA,NA,NA,NA,NA,NA,NA,NA,NA,NA,NA,NA,NA,NA,NA,NA
"204","Noah Brown","DAL","WR","2558091","robust",NA,NA,NA,NA,NA,NA,NA,NA,NA,NA,0,0,0.01875,0,0,0,0.05,0.07413,0,NA,0,NA,2.685,0.29652,34.55,6.212094,0.2,0,NA,NA,NA,NA,NA,NA,NA,NA,NA,NA,NA,NA,NA,NA,NA,NA,NA,NA,NA,NA,NA,NA,NA,NA,NA,NA
"205","Mack Hollins","LVR","WR","2558262","robust",NA,NA,NA,NA,NA,NA,NA,NA,NA,NA,0.2,0,1.765,0.14826,0,0,0,0,0,NA,0,NA,3,0.44478,36.57,0.7413,0.2,0.07413,NA,NA,NA,NA,NA,NA,NA,NA,NA,NA,NA,NA,NA,NA,NA,NA,NA,NA,NA,NA,NA,NA,NA,NA,NA,NA
"206","Chase Claypool","CHI","WR","2564970","robust",NA,NA,NA,NA,NA,NA,NA,NA,NA,NA,1,0,6.5,0,0,0,0,0,0,NA,0,NA,1.9,0,24.05,0.148260000000002,0.1,0,NA,NA,NA,NA,NA,NA,NA,NA,NA,NA,NA,NA,NA,NA,NA,NA,NA,NA,NA,NA,NA,NA,"D","Knee",16,2022
"207","Alec Pierce","IND","WR","2567715","robust",NA,NA,NA,NA,NA,NA,NA,NA,NA,NA,0,0,0.0725,0.088956,0,0,0,0,0,NA,0,NA,2.3975,0.489258,34.375,3.11346,0.1775,0,NA,NA,NA,NA,NA,NA,NA,NA,NA,NA,NA,NA,NA,NA,NA,NA,NA,NA,NA,NA,NA,NA,NA,NA,NA,NA
"208","Hunter Renfrow","LVR","WR","2562712","robust",NA,NA,NA,NA,NA,NA,NA,NA,NA,NA,0.0125,0.037065,0.21125,0.14826,0,0,0.05,0.07413,0,NA,0,NA,2.5,0.7413,26,2.9652,0.11,0.029652,NA,NA,NA,NA,NA,NA,NA,NA,NA,NA,NA,NA,NA,NA,NA,NA,NA,NA,NA,NA,NA,NA,NA,NA,NA,NA
"209","Byron Pringle","CHI","WR","2560844","robust",NA,NA,NA,NA,NA,NA,NA,NA,NA,NA,0,0,0.006,0,0,0,0,0,0,NA,0,NA,2.2,0.289107,29.02,2.112705,0.115,0.07413,NA,NA,NA,NA,NA,NA,NA,NA,NA,NA,NA,NA,NA,NA,NA,NA,NA,NA,NA,NA,NA,NA,NA,NA,NA,NA
"210","Kalif Raymond","DET","WR","2556661","robust",NA,NA,NA,NA,NA,NA,NA,NA,NA,NA,0.2625,0.111195,1.47083333333333,0.29652,0,0,0.05,0.07413,0,NA,0,NA,2.085,0.904386,22.1375,2.624202,0.1,0,NA,NA,NA,NA,NA,NA,NA,NA,NA,NA,NA,NA,NA,NA,NA,NA,NA,NA,NA,NA,NA,NA,NA,NA,NA,NA
"211","Marquez Callaway","NO","WR","2565310","robust",NA,NA,NA,NA,NA,NA,NA,NA,NA,NA,0,0,0.005,0,0,0,0,0,0,NA,0.01,0,2.085,0.22239,26.935,5.04084,0.1,0.029652,NA,NA,NA,NA,NA,NA,NA,NA,NA,NA,NA,NA,NA,NA,NA,NA,NA,NA,NA,NA,NA,NA,NA,NA,NA,NA
"212","Russell Gage","TB","WR","2561061","robust",NA,NA,NA,NA,NA,NA,NA,NA,NA,NA,0,0,0.0129166666666667,0,0,0,0.05,0.07413,0,NA,0,NA,3,0,31.4,4.091976,0.2,0.07413,NA,NA,NA,NA,NA,NA,NA,NA,NA,NA,NA,NA,NA,NA,NA,NA,NA,NA,NA,NA,NA,NA,NA,NA,NA,NA
"213","Olamide Zaccheaus","ATL","WR","2562808","robust",NA,NA,NA,NA,NA,NA,NA,NA,NA,NA,0.0875,0.037065,0.648333333333333,0.153202,0,0,0,0,0,NA,0,NA,2.195,0.163086,30.795,4.4478,0.1,0,NA,NA,NA,NA,NA,NA,NA,NA,NA,NA,NA,NA,NA,NA,NA,NA,NA,NA,NA,NA,NA,NA,NA,NA,NA,NA
"214","Skyy Moore","KC","WR","2567805","robust",NA,NA,NA,NA,NA,NA,NA,NA,NA,NA,0.2,0,1.7575,0.422541,0,0,0.125,0.07413,0,NA,0.01,0,1.515,0.51891,18.505,5.100144,0.095,0.044478,NA,NA,NA,NA,NA,NA,NA,NA,NA,NA,NA,NA,NA,NA,NA,NA,NA,NA,NA,NA,NA,NA,NA,NA,NA,NA
"215","Jameson Williams","DET","WR","2567565","robust",NA,NA,NA,NA,NA,NA,NA,NA,NA,NA,0.0125,0.037065,0.3925,0.14826,0,0,0.0125,0.037065,0,NA,0,NA,1.2025,1.03782,14.51,16.575468,0.0625,0.059304,NA,NA,NA,NA,NA,NA,NA,NA,NA,NA,NA,NA,NA,NA,NA,NA,NA,NA,NA,NA,NA,NA,NA,NA,NA,NA
"216","Tyquan Thornton","NE","WR","2567958","robust",NA,NA,NA,NA,NA,NA,NA,NA,NA,NA,0.14,NA,0.754166666666667,0.919212,0.005,0.000618620070422535,0,0,0,NA,0,NA,2.34,0.44478,27.5825,4.699842,0.1,0.07413,NA,NA,NA,NA,NA,NA,NA,NA,NA,NA,NA,NA,NA,NA,NA,NA,NA,NA,NA,NA,NA,NA,"Q","Knee",16,2022
"217","DeAndre Carter","LAC","WR","2553502","robust",NA,NA,NA,NA,NA,NA,NA,NA,NA,NA,0.2,0.044478,0.7,0.622692,0.005,0,0.0125,0.0185325,0,NA,0,NA,1.4,0.59304,15.8,5.989704,0.1,0.00741300000000001,NA,NA,NA,NA,NA,NA,NA,NA,NA,NA,NA,NA,NA,NA,NA,NA,NA,NA,NA,NA,NA,NA,NA,NA,NA,NA
"218","Justin Watson","KC","WR","2560051","robust",NA,NA,NA,NA,NA,NA,NA,NA,NA,NA,0,0,0,0,0,0,0,0,0,NA,0,NA,1.4,0.578214,20.2,3.009678,0.11,0.029652,NA,NA,NA,NA,NA,NA,NA,NA,NA,NA,NA,NA,NA,NA,NA,NA,NA,NA,NA,NA,NA,NA,NA,NA,NA,NA
"219","Dante Pettis","CHI","WR","2560836","robust",NA,NA,NA,NA,NA,NA,NA,NA,NA,NA,0.133333333333333,0.04942,0.995,0.2831766,0,0,0,0,0,NA,0.01,0,1.9,0.348411,24.31,8.1543,0.1,0.022239,NA,NA,NA,NA,NA,NA,NA,NA,NA,NA,NA,NA,NA,NA,NA,NA,NA,NA,NA,NA,NA,NA,NA,NA,NA,NA
"220","Phillip Dorsett","HOU","WR","2552424","robust",NA,NA,NA,NA,NA,NA,NA,NA,NA,NA,0,0,0.1,0.14826,0,0,0,0,0,NA,0,NA,2.15,0.29652,26.61,5.367012,0.1,0,NA,NA,NA,NA,NA,NA,NA,NA,NA,NA,NA,NA,NA,NA,NA,NA,NA,NA,NA,NA,NA,NA,NA,NA,NA,NA
"221","James Proche","BAL","WR","2563572","robust",NA,NA,NA,NA,NA,NA,NA,NA,NA,NA,0,0,0.45875,0.252042,0,0,0,0,0,NA,0.01,0,1,0.429954,13.6,7.56126,0.03,0.014826,NA,NA,NA,NA,NA,NA,NA,NA,NA,NA,NA,NA,NA,NA,NA,NA,NA,NA,NA,NA,NA,NA,NA,NA,NA,NA
"222","Laviska Shenault","CAR","WR","2564232","robust",NA,NA,NA,NA,NA,NA,NA,NA,NA,NA,0.68,NA,4.21875,0.459606,0.0376301617169155,0.044478,0,0,0,NA,0,NA,2.1,0.0889560000000001,21.7,2.07564,0.1,0.044478,NA,NA,NA,NA,NA,NA,NA,NA,NA,NA,NA,NA,NA,NA,NA,NA,NA,NA,NA,NA,NA,NA,NA,NA,NA,NA
"223","Robby Anderson","ARI","WR","2556462","robust",NA,NA,NA,NA,NA,NA,NA,NA,NA,NA,0.0125,0.037065,0.125,0.210035,0,0,0.05,0.07413,0,NA,0,NA,1.41,0.44478,17.5075,3.85476,0.0625,0.044478,NA,NA,NA,NA,NA,NA,NA,NA,NA,NA,NA,NA,NA,NA,NA,NA,NA,NA,NA,NA,NA,NA,NA,NA,NA,NA
"224","Brandon Powell","LAR","WR","2561261","robust",NA,NA,NA,NA,NA,NA,NA,NA,NA,NA,0.739550328606019,NA,3.855,1.4247786,0.00340314769975787,0.00378278389830508,0,0,0,NA,0.01,0,2,0.303933,23.2,4.106802,0.055,0.007413,NA,NA,NA,NA,NA,NA,NA,NA,NA,NA,NA,NA,NA,NA,NA,NA,NA,NA,NA,NA,NA,NA,NA,NA,NA,NA
"225","Nick Westbrook-Ikhine","TEN","WR","2565477","robust",NA,NA,NA,NA,NA,NA,NA,NA,NA,NA,0,0,0.05,0.101311,0,0,0,0,0,NA,0,NA,1.5,0.44478,23.4025,9.48864,0.1925,0.014826,NA,NA,NA,NA,NA,NA,NA,NA,NA,NA,NA,NA,NA,NA,NA,NA,NA,NA,NA,NA,NA,NA,NA,NA,NA,NA
"226","Greg Dortch","ARI","WR","2562561","robust",NA,NA,NA,NA,NA,NA,NA,NA,NA,NA,0.2625,0,0.6,0.14826,0,0,0.0875,0,0,NA,0,NA,2.1,0.59304,19.7,4.89258,0.1,0,NA,NA,NA,NA,NA,NA,NA,NA,NA,NA,NA,NA,NA,NA,NA,NA,NA,NA,NA,NA,NA,NA,NA,NA,NA,NA
"227","Kendrick Bourne","NE","WR","2558914","robust",NA,NA,NA,NA,NA,NA,NA,NA,NA,NA,0.256802884615385,NA,1.5475,0.22239,0.00103414351851852,0,0,0,0,NA,0,NA,1.805,0.311346,21.36,6.434484,0.1,0,NA,NA,NA,NA,NA,NA,NA,NA,NA,NA,NA,NA,NA,NA,NA,NA,NA,NA,NA,NA,NA,NA,NA,NA,NA,NA
"228","Amari Rodgers","HOU","WR","2566091","robust",NA,NA,NA,NA,NA,NA,NA,NA,NA,NA,0.0666666666666667,0.02471,0.395,0.2164596,0,0,0,0,0,NA,0,NA,1.505,0.37065,19.155,5.344773,0.05,0.051891,NA,NA,NA,NA,NA,NA,NA,NA,NA,NA,NA,NA,NA,NA,NA,NA,NA,NA,NA,NA,NA,NA,NA,NA,NA,NA
"229","Trent Sherfield","MIA","WR","2561272","robust",NA,NA,NA,NA,NA,NA,NA,NA,NA,NA,0,0,0.0916666666666667,0.02471,0,0,0,0,0,NA,0,NA,1.935,0.192738,24.235,2.52042,0.15,0.044478,NA,NA,NA,NA,NA,NA,NA,NA,NA,NA,NA,NA,NA,NA,NA,NA,NA,NA,NA,NA,NA,NA,NA,NA,NA,NA
"230","Damiere Byrd","ATL","WR","2553499","robust",NA,NA,NA,NA,NA,NA,NA,NA,NA,NA,0,0,0.085,0.029652,0,0,0,0,0,NA,0,NA,1.4,0.29652,19.8,9.19212,0.0925,0,NA,NA,NA,NA,NA,NA,NA,NA,NA,NA,NA,NA,NA,NA,NA,NA,NA,NA,NA,NA,NA,NA,NA,NA,NA,NA
"231","Trenton Irwin","CIN","WR","2562900","robust",NA,NA,NA,NA,NA,NA,NA,NA,NA,NA,0.0875,0.037065,0.602916666666667,0.192738,0,0,0,0,0,NA,0,NA,1.1525,0.59304,13.11,6.464136,0.07,0.059304,NA,NA,NA,NA,NA,NA,NA,NA,NA,NA,NA,NA,NA,NA,NA,NA,NA,NA,NA,NA,NA,NA,NA,NA,NA,NA
"232","Keelan Cole","LVR","WR","2559153","robust",NA,NA,NA,NA,NA,NA,NA,NA,NA,NA,0,0,0.06,0,0,0,0,0,0,NA,0.01,0,1,0.244629,15,2.29803,0.085,0,NA,NA,NA,NA,NA,NA,NA,NA,NA,NA,NA,NA,NA,NA,NA,NA,NA,NA,NA,NA,NA,NA,NA,NA,NA,NA
"233","Kadarius Toney","KC","WR","2566376","robust",NA,NA,NA,NA,NA,NA,NA,NA,NA,NA,0.4,NA,3.3925,0.96369,0.00331475409836066,0,0,0,0,NA,0,NA,2.01,0.44478,21.5,2.713158,0.1,0.014826,NA,NA,NA,NA,NA,NA,NA,NA,NA,NA,NA,NA,NA,NA,NA,NA,NA,NA,NA,NA,NA,NA,NA,NA,NA,NA
"234","Lance McCutcheon","LAR","WR","2567847","robust",NA,NA,NA,NA,NA,NA,NA,NA,NA,NA,0,0,0,0,0,0,0,0,0,NA,0,NA,0.8475,0.281694,10.5075,2.557485,0.07,0.044478,NA,NA,NA,NA,NA,NA,NA,NA,NA,NA,NA,NA,NA,NA,NA,NA,NA,NA,NA,NA,NA,NA,NA,NA,NA,NA
"235","Cedrick Wilson","MIA","WR","2560936","robust",NA,NA,NA,NA,NA,NA,NA,NA,NA,NA,0.1,0,0.155,0.14826,0,0,0,0,0,NA,0,NA,1.3,0.355824,15.2,3.862173,0.09,0.014826,NA,NA,NA,NA,NA,NA,NA,NA,NA,NA,NA,NA,NA,NA,NA,NA,NA,NA,NA,NA,NA,NA,NA,NA,NA,NA
"236","Ray-Ray McCloud","SF","WR","2560801","robust",NA,NA,NA,NA,NA,NA,NA,NA,NA,NA,0.26389880952381,NA,1.695,0.155673,0.005,0.0044478,0,0,0,NA,0.01,0,1.68,0.237216,18.29,2.980026,0.055,0.007413,NA,NA,NA,NA,NA,NA,NA,NA,NA,NA,NA,NA,NA,NA,NA,NA,NA,NA,NA,NA,NA,NA,NA,NA,NA,NA
"237","Cam Sims","WAS","WR","2561067","robust",NA,NA,NA,NA,NA,NA,NA,NA,NA,NA,0,0,0.0875,0.07413,0,0,0,0,0,NA,0,NA,0.36,0.051891,5.015,0.289107,0.02,0.014826,NA,NA,NA,NA,NA,NA,NA,NA,NA,NA,NA,NA,NA,NA,NA,NA,NA,NA,NA,NA,NA,NA,NA,NA,NA,NA
"238","James Washington","DAL","WR","2560920","robust",NA,NA,NA,NA,NA,NA,NA,NA,NA,NA,0.0875,0,0.4,0.44478,0,0,0,0,0,NA,0,NA,0.93,0.59304,13.27,11.1195,0.165,0.14826,NA,NA,NA,NA,NA,NA,NA,NA,NA,NA,NA,NA,NA,NA,NA,NA,NA,NA,NA,NA,NA,NA,NA,NA,NA,NA
"239","Steven Sims","PIT","WR","2563033","robust",NA,NA,NA,NA,NA,NA,NA,NA,NA,NA,1.09457385816571,NA,6.8,0.29652,0.02,0.0154303565822496,0.00125,0.00185325,0,NA,0.05,0,1.9,0.111195,18.77,1.882902,0.05,0.066717,NA,NA,NA,NA,NA,NA,NA,NA,NA,NA,NA,NA,NA,NA,NA,NA,NA,NA,NA,NA,NA,NA,NA,NA,NA,NA
"240","Shi Smith","CAR","WR","2565908","robust",NA,NA,NA,NA,NA,NA,NA,NA,NA,NA,0,0,0.085,0.0711648,0,0,0.0333333333333333,0.02471,0,NA,0.01,0,1.4,0.133434,18.8,1.70499,0.1,0,NA,NA,NA,NA,NA,NA,NA,NA,NA,NA,NA,NA,NA,NA,NA,NA,NA,NA,NA,NA,NA,NA,NA,NA,NA,NA
"241","Dareke Young","SEA","WR","2568291","robust",NA,NA,NA,NA,NA,NA,NA,NA,NA,NA,0,0,0.55,0.66717,0,0,0,0,NA,NA,NA,NA,1.2,0.7413,15.35,8.37669,0.1,0,NA,NA,NA,NA,NA,NA,NA,NA,NA,NA,NA,NA,NA,NA,NA,NA,NA,NA,NA,NA,NA,NA,NA,NA,NA,NA
"242","T.Y. Hilton","DAL","WR","2532865","robust",NA,NA,NA,NA,NA,NA,NA,NA,NA,NA,0,0,0.5,0.00741300000000001,0,0,0,0,0,NA,0,NA,1.2,0.014826,20.7,0.0148259999999997,0.17,0.029652,NA,NA,NA,NA,NA,NA,NA,NA,NA,NA,NA,NA,NA,NA,NA,NA,NA,NA,NA,NA,NA,NA,NA,NA,NA,NA
"243","Jamal Agnew","JAC","WR","2558821","robust",NA,NA,NA,NA,NA,NA,NA,NA,NA,NA,0.998758169934641,0.310241317647059,5.75,1.77912,0.02,0,0,0,0,NA,0.07,0,1.6,0,14.35,4.00302,0.095,0,NA,NA,NA,NA,NA,NA,NA,NA,NA,NA,NA,NA,NA,NA,NA,NA,NA,NA,NA,NA,NA,NA,NA,NA,NA,NA
"244","Velus Jones","CHI","WR","2567409","robust",NA,NA,NA,NA,NA,NA,NA,NA,NA,NA,0.533333333333333,0.19768,5.262,3.7065,0.002,0,0.00125,0.00185325,0,NA,0,NA,1.58,0.214977,18.9,0.385476000000002,0.1,0.014826,NA,NA,NA,NA,NA,NA,NA,NA,NA,NA,NA,NA,NA,NA,NA,NA,NA,NA,NA,NA,NA,NA,NA,NA,NA,NA
"245","Ashton Dulin","IND","WR","2562562","robust",NA,NA,NA,NA,NA,NA,NA,NA,NA,NA,0.175,0.037065,0.75,0.563388,0,0,0,0,0,NA,0,NA,1.15,0.14826,13.45,2.89107,0.05,0.037065,NA,NA,NA,NA,NA,NA,NA,NA,NA,NA,NA,NA,NA,NA,NA,NA,NA,NA,NA,NA,NA,NA,NA,NA,NA,NA
"246","David Bell","CLE","WR","2567460","robust",NA,NA,NA,NA,NA,NA,NA,NA,NA,NA,0.0666666666666667,0.04942,0.315,0.59304,0,0,0,0,0,NA,0,NA,1.7,0.14826,16.6,0.400301999999999,0.06,0.014826,NA,NA,NA,NA,NA,NA,NA,NA,NA,NA,NA,NA,NA,NA,NA,NA,NA,NA,NA,NA,NA,NA,NA,NA,NA,NA
"247","A.J. Green","ARI","WR","2495450","robust",NA,NA,NA,NA,NA,NA,NA,NA,NA,NA,0,0,0.085,0.0711648,0,0,0,0,0,NA,0,NA,1.7,0.363237,18.15,1.067472,0.075,0,NA,NA,NA,NA,NA,NA,NA,NA,NA,NA,NA,NA,NA,NA,NA,NA,NA,NA,NA,NA,NA,NA,NA,NA,NA,NA
"248","Danny Gray","SF","WR","2568210","robust",NA,NA,NA,NA,NA,NA,NA,NA,NA,NA,0,0,0.095,0.07413,0,0,0,0,0,NA,0,NA,0.59,0.385476,7.76,4.217997,0.015,0.014826,NA,NA,NA,NA,NA,NA,NA,NA,NA,NA,NA,NA,NA,NA,NA,NA,NA,NA,NA,NA,NA,NA,NA,NA,NA,NA
"249","Cole Beasley","BUF","WR","2535698","robust",NA,NA,NA,NA,NA,NA,NA,NA,NA,NA,0,0,0,0,0,0,0,0,0,NA,0,NA,1.15,0.533736,12.5525,4.15128,0.0175,0.022239,NA,NA,NA,NA,NA,NA,NA,NA,NA,NA,NA,NA,NA,NA,NA,NA,NA,NA,NA,NA,NA,NA,NA,NA,NA,NA
"250","Kenny Golladay","NYG","WR","2558052","robust",NA,NA,NA,NA,NA,NA,NA,NA,NA,NA,0,0,0.06,0.07413,0,0,0,0,0,NA,0,NA,0.39,0.170499,5.4,2.535246,0.0075,0.007413,NA,NA,NA,NA,NA,NA,NA,NA,NA,NA,NA,NA,NA,NA,NA,NA,NA,NA,NA,NA,NA,NA,NA,NA,NA,NA
"251","Laquon Treadwell","SEA","WR","2555214","robust",NA,NA,NA,NA,NA,NA,NA,NA,NA,NA,0,0,0,0,0,0,0,0,0,NA,0,NA,1.15,0.163086,14.25,2.105292,0.075,0.07413,NA,NA,NA,NA,NA,NA,NA,NA,NA,NA,NA,NA,NA,NA,NA,NA,NA,NA,NA,NA,NA,NA,NA,NA,NA,NA
"252","Penny Hart","SEA","WR","2562804","robust",NA,NA,NA,NA,NA,NA,NA,NA,NA,NA,0,0,0.055,0.07413,0,0,0,0,0,NA,0,NA,0.6,0.155673,6.8975,2.74281,0.0525,0.044478,NA,NA,NA,NA,NA,NA,NA,NA,NA,NA,NA,NA,NA,NA,NA,NA,NA,NA,NA,NA,NA,NA,NA,NA,NA,NA
"253","Braxton Berrios","NYJ","WR","2560975","robust",NA,NA,NA,NA,NA,NA,NA,NA,NA,NA,0.66,0.0949849872122761,4.55,1.052646,0.1,0.051891,0.0125,0.0185325,0,NA,0.01,0,1.58,0.22239,15.7,0.882146999999998,0.075,0.014826,NA,NA,NA,NA,NA,NA,NA,NA,NA,NA,NA,NA,NA,NA,NA,NA,NA,NA,NA,NA,NA,NA,NA,NA,NA,NA
"254","N'Keal Harry","CHI","WR","2562659","robust",NA,NA,NA,NA,NA,NA,NA,NA,NA,NA,0,0,0.025,0,0,0,0,0,0,NA,0,NA,1,0.029652,12.325,0.37065,0.06,0.059304,NA,NA,NA,NA,NA,NA,NA,NA,NA,NA,NA,NA,NA,NA,NA,NA,NA,NA,NA,NA,NA,NA,NA,NA,NA,NA
"255","Mike Woods","CLE","WR","2567481","robust",NA,NA,NA,NA,NA,NA,NA,NA,NA,NA,0,0,0.5975,0.8858535,0.00125,0,0,0,0,NA,0,NA,0.85,0.0741300000000001,10.27,4.195758,0.02,0,NA,NA,NA,NA,NA,NA,NA,NA,NA,NA,NA,NA,NA,NA,NA,NA,NA,NA,NA,NA,NA,NA,NA,NA,NA,NA
"256","KhaDarel Hodge","ATL","WR","2561653","robust",NA,NA,NA,NA,NA,NA,NA,NA,NA,NA,0,0,0,0,0,0,0,0,0,NA,0,NA,0.95,0.155673,13.42,2.698332,0.0575,0.037065,NA,NA,NA,NA,NA,NA,NA,NA,NA,NA,NA,NA,NA,NA,NA,NA,NA,NA,NA,NA,NA,NA,NA,NA,NA,NA
"257","Sammy Watkins","BAL","WR","2543457","robust",NA,NA,NA,NA,NA,NA,NA,NA,NA,NA,0,0,0.1,0.07413,0,0,0,0,0,NA,0,NA,1,0,13.53,0.726474,0.08,0.014826,NA,NA,NA,NA,NA,NA,NA,NA,NA,NA,NA,NA,NA,NA,NA,NA,NA,NA,NA,NA,NA,NA,NA,NA,NA,NA
"258","Jalen Reagor","MIN","WR","2564850","robust",NA,NA,NA,NA,NA,NA,NA,NA,NA,NA,0.224550163576881,0.0257070229007634,1.245,0.133434,0.00104007633587786,0,0,0,0,NA,0,NA,0.65,0.311346,9.6,4.166106,0.095,0,NA,NA,NA,NA,NA,NA,NA,NA,NA,NA,NA,NA,NA,NA,NA,NA,NA,NA,NA,NA,NA,NA,NA,NA,NA,NA
"259","Scott Miller","TB","WR","2562865","robust",NA,NA,NA,NA,NA,NA,NA,NA,NA,NA,0,0,0.495,0.0593040000000001,0,0,0,0,0,NA,0.01,0,0.91,0.237216,9.7925,2.268378,0.01,0,NA,NA,NA,NA,NA,NA,NA,NA,NA,NA,NA,NA,NA,NA,NA,NA,NA,NA,NA,NA,NA,NA,NA,NA,NA,NA
"260","Chris Conley","TEN","WR","2552652","robust",NA,NA,NA,NA,NA,NA,NA,NA,NA,NA,0,0,0.1,0.037065,0,0,0,0,0,NA,0,NA,0.68,0.07413,8.0525,1.015581,0.025,0.029652,NA,NA,NA,NA,NA,NA,NA,NA,NA,NA,NA,NA,NA,NA,NA,NA,NA,NA,NA,NA,NA,NA,NA,NA,NA,NA
"261","Zach Pascal","PHI","WR","2558877","robust",NA,NA,NA,NA,NA,NA,NA,NA,NA,NA,0,0,0.065,0.07413,0,0,0,0,0,NA,0,NA,0.76,0.14826,8.43,1.475187,0.0725,0.037065,NA,NA,NA,NA,NA,NA,NA,NA,NA,NA,NA,NA,NA,NA,NA,NA,NA,NA,NA,NA,NA,NA,NA,NA,NA,NA
"262","Khalil Shakir","BUF","WR","2567334","robust",NA,NA,NA,NA,NA,NA,NA,NA,NA,NA,0,0,0.0425,0.0630105,0,0,0,0,0,NA,0,NA,0.7,0.504084,8.61,5.026014,0.01,0,NA,NA,NA,NA,NA,NA,NA,NA,NA,NA,NA,NA,NA,NA,NA,NA,NA,NA,NA,NA,NA,NA,NA,NA,NA,NA
"263","Breshad Perriman","TB","WR","2552597","robust",NA,NA,NA,NA,NA,NA,NA,NA,NA,NA,0,0,0.05,0.07413,0,0,0.1,0,NA,NA,NA,NA,0.595,0.600453,6.855,6.145377,0.06,0.059304,NA,NA,NA,NA,NA,NA,NA,NA,NA,NA,NA,NA,NA,NA,NA,NA,NA,NA,NA,NA,NA,NA,NA,NA,NA,NA
"264","Travis Kelce","KC","TE","2540258","robust",NA,NA,NA,NA,NA,NA,NA,NA,NA,NA,0.265,0,0.6925,0.303933,0.0433333333333333,0,0.05,0.07413,0,NA,0,NA,6.3,0.281694000000001,77.725,1.77911999999998,0.785,0.14826,NA,NA,NA,NA,NA,NA,NA,NA,NA,NA,NA,NA,NA,NA,NA,NA,NA,NA,NA,NA,NA,NA,NA,NA,NA,NA
"265","Mark Andrews","BAL","TE","2560957","robust",NA,NA,NA,NA,NA,NA,NA,NA,NA,NA,0,0,0.16,0.474432,0,0,0,0,0,NA,0,NA,4.45,0.29652,55.875,4.81845,0.5,0.192738,NA,NA,NA,NA,NA,NA,NA,NA,NA,NA,NA,NA,NA,NA,NA,NA,NA,NA,NA,NA,NA,NA,NA,NA,NA,NA
"266","Dallas Goedert","PHI","TE","2560995","robust",NA,NA,NA,NA,NA,NA,NA,NA,NA,NA,0,0,0.0375,0.111195,0,0,0.05,0.07413,0,NA,0,NA,4.275,0.429954,49.95,8.45082,0.23,0.088956,NA,NA,NA,NA,NA,NA,NA,NA,NA,NA,NA,NA,NA,NA,NA,NA,NA,NA,NA,NA,NA,NA,NA,NA,NA,NA
"267","Evan Engram","JAC","TE","2557858","robust",NA,NA,NA,NA,NA,NA,NA,NA,NA,NA,0,0,0.03,0.088956,0,0,0,0,0,NA,0,NA,4.6125,0.44478,47.135,2.431464,0.35,0.088956,NA,NA,NA,NA,NA,NA,NA,NA,NA,NA,NA,NA,NA,NA,NA,NA,NA,NA,NA,NA,NA,NA,NA,NA,NA,NA
"268","David Njoku","CLE","TE","2557986","robust",NA,NA,NA,NA,NA,NA,NA,NA,NA,NA,0.185,0,0.77,0.904386,0.005,0.007413,0.0125,0.037065,0,NA,0,NA,3.7325,0.29652,39.7025,7.946736,0.2,0.088956,NA,NA,NA,NA,NA,NA,NA,NA,NA,NA,NA,NA,NA,NA,NA,NA,NA,NA,NA,NA,NA,NA,NA,NA,NA,NA
"269","George Kittle","SF","TE","2558266","robust",NA,NA,NA,NA,NA,NA,NA,NA,NA,NA,0,0,0.0175,0.051891,0,0,0.05,0.07413,0,NA,0,NA,3.9175,0.14826,48.6875,3.602718,0.5,0.177912,NA,NA,NA,NA,NA,NA,NA,NA,NA,NA,NA,NA,NA,NA,NA,NA,NA,NA,NA,NA,NA,NA,NA,NA,NA,NA
"270","Pat Freiermuth","PIT","TE","2566442","robust",NA,NA,NA,NA,NA,NA,NA,NA,NA,NA,0,0,0.00875,0.0259455,0,0,0,0,0,NA,0,NA,4,0,45.65,1.26021,0.34,0.177912,NA,NA,NA,NA,NA,NA,NA,NA,NA,NA,NA,NA,NA,NA,NA,NA,NA,NA,NA,NA,NA,NA,NA,NA,NA,NA
"271","T.J. Hockenson","MIN","TE","2562378","robust",NA,NA,NA,NA,NA,NA,NA,NA,NA,NA,0,0,0.01625,0.0481845,0,0,0.05,0.07413,0,NA,0,NA,4.57,0.355824,48.5,0.667169999999994,0.255,0.133434,NA,NA,NA,NA,NA,NA,NA,NA,NA,NA,NA,NA,NA,NA,NA,NA,NA,NA,NA,NA,NA,NA,NA,NA,NA,NA
"272","Dalton Schultz","DAL","TE","2560866","robust",NA,NA,NA,NA,NA,NA,NA,NA,NA,NA,0,0,0.0075,0.022239,0,0,0.0125,0.037065,0,NA,0,NA,4.1,0.593039999999999,43.2475,8.45082,0.4075,0.088956,NA,NA,NA,NA,NA,NA,NA,NA,NA,NA,NA,NA,NA,NA,NA,NA,NA,NA,NA,NA,NA,NA,NA,NA,NA,NA
"273","Darren Waller","LVR","TE","2552408","robust",NA,NA,NA,NA,NA,NA,NA,NA,NA,NA,0,0,0.05,0.07413,0,0,0,0,0,NA,0,NA,3.925,0.14826,44.725,4.89258,0.3225,0.14826,NA,NA,NA,NA,NA,NA,NA,NA,NA,NA,NA,NA,NA,NA,NA,NA,NA,NA,NA,NA,NA,NA,NA,NA,NA,NA
"274","Greg Dulcich","DEN","TE","2567520","robust",NA,NA,NA,NA,NA,NA,NA,NA,NA,NA,0,0,0.01125,0.0333585,0,0,0,0,0,NA,0,NA,3.405,0.29652,40.875,2.2239,0.1,0,NA,NA,NA,NA,NA,NA,NA,NA,NA,NA,NA,NA,NA,NA,NA,NA,NA,NA,NA,NA,NA,NA,NA,NA,NA,NA
"275","Cole Kmet","CHI","TE","2563704","robust",NA,NA,NA,NA,NA,NA,NA,NA,NA,NA,0,0,0.11,0.326172,0,0,0,0,0,NA,0,NA,3.4325,0.800604,36.75,6.019356,0.3125,0.14826,NA,NA,NA,NA,NA,NA,NA,NA,NA,NA,NA,NA,NA,NA,NA,NA,NA,NA,NA,NA,NA,NA,NA,NA,NA,NA
"276","Noah Fant","SEA","TE","2562383","robust",NA,NA,NA,NA,NA,NA,NA,NA,NA,NA,0,0,0.05,0.07413,0,0,0,0,0,NA,0,NA,3.5525,0.59304,36.3325,4.89258000000001,0.2,0,NA,NA,NA,NA,NA,NA,NA,NA,NA,NA,NA,NA,NA,NA,NA,NA,NA,NA,NA,NA,NA,NA,"Q","Knee",16,2022
"277","Dawson Knox","BUF","TE","2562681","robust",NA,NA,NA,NA,NA,NA,NA,NA,NA,NA,0,0,0.0475,0.0630105,0,0,0,0,0,NA,0,NA,3.3675,0.311346,38.23,1.45294800000001,0.2975,0.059304,NA,NA,NA,NA,NA,NA,NA,NA,NA,NA,NA,NA,NA,NA,NA,NA,NA,NA,NA,NA,NA,NA,NA,NA,NA,NA
"278","Gerald Everett","LAC","TE","2557889","robust",NA,NA,NA,NA,NA,NA,NA,NA,NA,NA,0,0,0.08125,0.2409225,0.00125,0.0037065,0,0,0,NA,0,NA,3.7,0.44478,39,2.120118,0.2,0,NA,NA,NA,NA,NA,NA,NA,NA,NA,NA,NA,NA,NA,NA,NA,NA,NA,NA,NA,NA,NA,NA,NA,NA,NA,NA
"279","Hunter Henry","NE","TE","2555341","robust",NA,NA,NA,NA,NA,NA,NA,NA,NA,NA,0,0,0.0075,0.022239,0,0,0,0,0,NA,0,NA,2.59,0.355824,33.675,2.59455,0.2,0,NA,NA,NA,NA,NA,NA,NA,NA,NA,NA,NA,NA,NA,NA,NA,NA,NA,NA,NA,NA,NA,NA,NA,NA,NA,NA
"280","Tyler Higbee","LAR","TE","2555364","robust",NA,NA,NA,NA,NA,NA,NA,NA,NA,NA,0,0,0.00875,0.0259455,0,0,0,0,0,NA,0,NA,3.9,0.14826,34.5,1.18608,0.15,0.07413,NA,NA,NA,NA,NA,NA,NA,NA,NA,NA,NA,NA,NA,NA,NA,NA,NA,NA,NA,NA,NA,NA,NA,NA,NA,NA
"281","Chigoziem Okonkwo","TEN","TE","2567658","robust",NA,NA,NA,NA,NA,NA,NA,NA,NA,NA,0.24,0,1.4475,0.6634635,0.01,0,0,0,0,NA,0,NA,2.545,0.14826,34.1775,3.750978,0.15,0.103782,NA,NA,NA,NA,NA,NA,NA,NA,NA,NA,NA,NA,NA,NA,NA,NA,NA,NA,NA,NA,NA,NA,NA,NA,NA,NA
"282","Juwan Johnson","NO","TE","2564676","robust",NA,NA,NA,NA,NA,NA,NA,NA,NA,NA,0,0,0.15625,0.3150525,0,0,0,0,0,NA,0,NA,3.06,0.845082,34.345,9.325554,0.3,0.163086,NA,NA,NA,NA,NA,NA,NA,NA,NA,NA,NA,NA,NA,NA,NA,NA,NA,NA,NA,NA,NA,NA,NA,NA,NA,NA
"283","Austin Hooper","TEN","TE","2555415","robust",NA,NA,NA,NA,NA,NA,NA,NA,NA,NA,0,0,0.00625,0.00926625,0,0,0,0,0,NA,0,NA,2.1,0.0815429999999999,23.315,0.948864000000001,0.18,0,NA,NA,NA,NA,NA,NA,NA,NA,NA,NA,NA,NA,NA,NA,NA,NA,NA,NA,NA,NA,NA,NA,NA,NA,NA,NA
"284","Tyler Conklin","NYJ","TE","2561027","robust",NA,NA,NA,NA,NA,NA,NA,NA,NA,NA,0,0,0.386666666666667,0.286636,0,0,0,0,0,NA,0,NA,2.98,0.326172,30.675,2.20166099999999,0.15,0.051891,NA,NA,NA,NA,NA,NA,NA,NA,NA,NA,NA,NA,NA,NA,NA,NA,NA,NA,NA,NA,NA,NA,NA,NA,NA,NA
"285","Jordan Akins","HOU","TE","2560951","robust",NA,NA,NA,NA,NA,NA,NA,NA,NA,NA,0,0,0.00375,0.0111195,0,0,0.05,0.07413,0,NA,0,NA,2.5125,0.44478,28.24,8.45082,0.105,0.014826,NA,NA,NA,NA,NA,NA,NA,NA,NA,NA,NA,NA,NA,NA,NA,NA,NA,NA,NA,NA,NA,NA,NA,NA,NA,NA
"286","Trey McBride","ARI","TE","2568117","robust",NA,NA,NA,NA,NA,NA,NA,NA,NA,NA,0,0,0.04,0.029652,0,0,0,0,0,NA,0,NA,2.5,0.29652,25.5,9.48864,0.1,0,NA,NA,NA,NA,NA,NA,NA,NA,NA,NA,NA,NA,NA,NA,NA,NA,NA,NA,NA,NA,NA,NA,NA,NA,NA,NA
"287","Daniel Bellinger","NYG","TE","2567985","robust",NA,NA,NA,NA,NA,NA,NA,NA,NA,NA,0,0,0.06375,0.1890315,0.0333333333333333,0,0,0,0,NA,0,NA,2.85,0.14826,28.375,1.03782,0.2,0,NA,NA,NA,NA,NA,NA,NA,NA,NA,NA,NA,NA,NA,NA,NA,NA,NA,NA,NA,NA,NA,NA,NA,NA,NA,NA
"288","Mike Gesicki","MIA","TE","2560994","robust",NA,NA,NA,NA,NA,NA,NA,NA,NA,NA,0,0,0.00375,0.0111195,0,0,0,0,0,NA,0,NA,1.55,0.252042,17.925,0.444779999999996,0.15,0.059304,NA,NA,NA,NA,NA,NA,NA,NA,NA,NA,NA,NA,NA,NA,NA,NA,NA,NA,NA,NA,NA,NA,NA,NA,NA,NA
"289","Cade Otton","TB","TE","2568312","robust",NA,NA,NA,NA,NA,NA,NA,NA,NA,NA,0,0,0.00625,0.0185325,0,0,0,0,0,NA,0,NA,2.5125,0.7413,25.7,5.04084,0.2,0,NA,NA,NA,NA,NA,NA,NA,NA,NA,NA,NA,NA,NA,NA,NA,NA,NA,NA,NA,NA,NA,NA,NA,NA,NA,NA
"290","Will Dissly","SEA","TE","2561046","robust",NA,NA,NA,NA,NA,NA,NA,NA,NA,NA,0,0,0.01,0.029652,0,0,0,0,0,NA,0,NA,2.15,0.266868,23.7,4.59606,0.1,0,NA,NA,NA,NA,NA,NA,NA,NA,NA,NA,NA,NA,NA,NA,NA,NA,NA,NA,NA,NA,NA,NA,NA,NA,NA,NA
"291","Robert Tonyan","GB","TE","2559270","robust",NA,NA,NA,NA,NA,NA,NA,NA,NA,NA,0,0,0.00375,0.0111195,0,0,0,0,0,NA,0,NA,2.6,0.59304,25.4,2.9652,0.1,0,NA,NA,NA,NA,NA,NA,NA,NA,NA,NA,NA,NA,NA,NA,NA,NA,NA,NA,NA,NA,NA,NA,NA,NA,NA,NA
"292","Jelani Woods","IND","TE","2567724","robust",NA,NA,NA,NA,NA,NA,NA,NA,NA,NA,0,0,0.005,0.014826,0,0,0,0,0,NA,0,NA,1.605,0.59304,21.2225,2.861418,0.145,0.07413,NA,NA,NA,NA,NA,NA,NA,NA,NA,NA,NA,NA,NA,NA,NA,NA,NA,NA,NA,NA,NA,NA,NA,NA,NA,NA
"293","Parker Hesse","ATL","TE","2563272","robust",NA,NA,NA,NA,NA,NA,NA,NA,NA,NA,0,0,0.01375,0.02038575,0,0,0,0,0,NA,0,NA,1.3,0.281694,13.19,2.705745,0.1,0.014826,NA,NA,NA,NA,NA,NA,NA,NA,NA,NA,NA,NA,NA,NA,NA,NA,NA,NA,NA,NA,NA,NA,NA,NA,NA,NA
"294","MyCole Pruitt","ATL","TE","2552401","robust",NA,NA,NA,NA,NA,NA,NA,NA,NA,NA,0,0,0.005,0.014826,0,0,0,0,0,NA,0,NA,1.355,0.474432,11.43,3.40998,0.1,0.044478,NA,NA,NA,NA,NA,NA,NA,NA,NA,NA,NA,NA,NA,NA,NA,NA,NA,NA,NA,NA,NA,NA,NA,NA,NA,NA
"295","Logan Thomas","WAS","TE","2543767","robust",NA,NA,NA,NA,NA,NA,NA,NA,NA,NA,0,0,0.015,0.022239,0,0,0,0,0,NA,0,NA,2.4,0.14826,24.3,2.14977,0.12,0.00741300000000001,NA,NA,NA,NA,NA,NA,NA,NA,NA,NA,NA,NA,NA,NA,NA,NA,NA,NA,NA,NA,NA,NA,NA,NA,NA,NA
"296","Foster Moreau","LVR","TE","2562317","robust",NA,NA,NA,NA,NA,NA,NA,NA,NA,NA,0,0,0.00625,0.0185325,0,0,0.0125,0.037065,0,NA,0,NA,1.6,0.622692,20.3,6.07866,0.1,0,NA,NA,NA,NA,NA,NA,NA,NA,NA,NA,NA,NA,NA,NA,NA,NA,NA,NA,NA,NA,NA,NA,NA,NA,NA,NA
"297","Irv Smith Jr.","MIN","TE","2562738","robust",NA,NA,NA,NA,NA,NA,NA,NA,NA,NA,0,0,0,0,0,0,0.025,0,0,NA,0,NA,2.1,0,18.8,0,0.175,0,NA,NA,NA,NA,NA,NA,NA,NA,NA,NA,NA,NA,NA,NA,NA,NA,NA,NA,NA,NA,NA,NA,"IR","Ankle",16,2022
"298","Isaiah Likely","BAL","TE","2567283","robust",NA,NA,NA,NA,NA,NA,NA,NA,NA,NA,0,0,0.00625,0.0185325,0,0,0,0,0,NA,0,NA,1.81,0.237216,20.315,2.120118,0.105,0.014826,NA,NA,NA,NA,NA,NA,NA,NA,NA,NA,NA,NA,NA,NA,NA,NA,NA,NA,NA,NA,NA,NA,NA,NA,NA,NA
"299","Taysom Hill","NO","TE","2558954","robust",NA,NA,NA,NA,NA,NA,NA,NA,NA,NA,0,0,13.9933333333333,3.696616,0.0933333333333333,0.009884,0.092,0.059304,0,NA,0,NA,1.255,0.0741300000000001,14.4,2.74281,0.2,0.07413,NA,NA,NA,NA,NA,NA,NA,NA,NA,NA,NA,NA,NA,NA,NA,NA,NA,NA,NA,NA,NA,NA,NA,NA,NA,NA
"300","Eric Tomlinson","DEN","TE","2553744","robust",NA,NA,NA,NA,NA,NA,NA,NA,NA,NA,0,0,0,0,0,0,0,0,0,NA,0,NA,0.95,0.29652,9.2,1.92738,0.1,0,NA,NA,NA,NA,NA,NA,NA,NA,NA,NA,NA,NA,NA,NA,NA,NA,NA,NA,NA,NA,NA,NA,NA,NA,NA,NA
"301","Mitchell Wilcox","CIN","TE","2563749","robust",NA,NA,NA,NA,NA,NA,NA,NA,NA,NA,0,0,0.01375,0.0407715,0,0,0,0,0,NA,0,NA,1.69,0.652344,15.165,7.057176,0.075,0.14826,NA,NA,NA,NA,NA,NA,NA,NA,NA,NA,NA,NA,NA,NA,NA,NA,NA,NA,NA,NA,NA,NA,NA,NA,NA,NA
"302","Jonnu Smith","NE","TE","2558207","robust",NA,NA,NA,NA,NA,NA,NA,NA,NA,NA,0,0,0.52,0.711648,0,0,0,0,0,NA,0,NA,1.6575,0.355824,16.6975,3.40998,0.0925,0,NA,NA,NA,NA,NA,NA,NA,NA,NA,NA,NA,NA,NA,NA,NA,NA,NA,NA,NA,NA,NA,NA,NA,NA,NA,NA
"303","Ross Dwelley","SF","TE","2561060","robust",NA,NA,NA,NA,NA,NA,NA,NA,NA,NA,0,0,0,0,0,0,0,0,0,NA,0,NA,0.6,0,12.28,0.148259999999997,0.105,0,NA,NA,NA,NA,NA,NA,NA,NA,NA,NA,NA,NA,NA,NA,NA,NA,NA,NA,NA,NA,NA,NA,NA,NA,NA,NA
"304","Brock Wright","DET","TE","2567221","robust",NA,NA,NA,NA,NA,NA,NA,NA,NA,NA,0,0,0.00875,0.0259455,0,0,0,0,0,NA,0,NA,1.4,0.29652,16,1.26021,0.1025,0.044478,NA,NA,NA,NA,NA,NA,NA,NA,NA,NA,NA,NA,NA,NA,NA,NA,NA,NA,NA,NA,NA,NA,NA,NA,NA,NA
"305","C.J. Uzomah","NYJ","TE","2552559","robust",NA,NA,NA,NA,NA,NA,NA,NA,NA,NA,0,0,0.00625,0.0185325,0,0,0,0,0,NA,0,NA,1.365,0.29652,14.26,3.825108,0.1075,0.029652,NA,NA,NA,NA,NA,NA,NA,NA,NA,NA,NA,NA,NA,NA,NA,NA,NA,NA,NA,NA,NA,NA,NA,NA,NA,NA
"306","Noah Gray","KC","TE","2566178","robust",NA,NA,NA,NA,NA,NA,NA,NA,NA,NA,0,0,0.065,0.192738,0.0333333333333333,0,0,0,0,NA,0,NA,1.5425,0.29652,16.605,3.26172,0.1,0,NA,NA,NA,NA,NA,NA,NA,NA,NA,NA,NA,NA,NA,NA,NA,NA,NA,NA,NA,NA,NA,NA,NA,NA,NA,NA
"307","Cameron Brate","TB","TE","2550656","robust",NA,NA,NA,NA,NA,NA,NA,NA,NA,NA,0,0,0.005,0.014826,0,0,0,0,0,NA,0,NA,1.775,0.44478,15.605,2.37216,0.1,0,NA,NA,NA,NA,NA,NA,NA,NA,NA,NA,NA,NA,NA,NA,NA,NA,NA,NA,NA,NA,NA,NA,NA,NA,NA,NA
"308","Josiah Deguara","GB","TE","2563980","robust",NA,NA,NA,NA,NA,NA,NA,NA,NA,NA,0,0,0,0,0,0,0,0,0,NA,0,NA,0.8,0.259455,7.5,2.379573,0.1,0,NA,NA,NA,NA,NA,NA,NA,NA,NA,NA,NA,NA,NA,NA,NA,NA,NA,NA,NA,NA,NA,NA,NA,NA,NA,NA
"309","Colby Parkinson","SEA","TE","2565180","robust",NA,NA,NA,NA,NA,NA,NA,NA,NA,NA,0,0,0.005,0.007413,0,0,0,0,0,NA,0,NA,1.25,0.244629,13.205,3.85476,0.08,0.022239,NA,NA,NA,NA,NA,NA,NA,NA,NA,NA,NA,NA,NA,NA,NA,NA,NA,NA,NA,NA,NA,NA,NA,NA,NA,NA
"310","Kylen Granson","IND","TE","2566145","robust",NA,NA,NA,NA,NA,NA,NA,NA,NA,NA,0,0,0.06625,0.1964445,0,0,0,0,0,NA,0,NA,1.7,0.22239,18.2,0.593039999999998,0.1,0,NA,NA,NA,NA,NA,NA,NA,NA,NA,NA,NA,NA,NA,NA,NA,NA,NA,NA,NA,NA,NA,NA,"Q","Ankle",16,2022
"311","Donald Parham","LAC","TE","2562394","robust",NA,NA,NA,NA,NA,NA,NA,NA,NA,NA,0,0,0.0133333333333333,0.009884,0,0,0,0,0,NA,0,NA,1.2,0.237216,14.9,3.55824,0.085,0.007413,NA,NA,NA,NA,NA,NA,NA,NA,NA,NA,NA,NA,NA,NA,NA,NA,NA,NA,NA,NA,NA,NA,NA,NA,NA,NA
"312","Mo Alie-Cox","IND","TE","2558832","robust",NA,NA,NA,NA,NA,NA,NA,NA,NA,NA,0,0,0.0075,0.022239,0,0,0.05,0.07413,0,NA,0,NA,1.1725,0.163086,13.4,1.77912,0.1,0.029652,NA,NA,NA,NA,NA,NA,NA,NA,NA,NA,NA,NA,NA,NA,NA,NA,NA,NA,NA,NA,NA,NA,NA,NA,NA,NA
"313","Ian Thomas","CAR","TE","2560894","robust",NA,NA,NA,NA,NA,NA,NA,NA,NA,NA,0,0,0.00625,0.0185325,0,0,0,0,0,NA,0,NA,1.4,0.29652,14.925,0.7413,0.0775,0.029652,NA,NA,NA,NA,NA,NA,NA,NA,NA,NA,NA,NA,NA,NA,NA,NA,NA,NA,NA,NA,NA,NA,NA,NA,NA,NA
"314","O.J. Howard","HOU","TE","2557856","robust",NA,NA,NA,NA,NA,NA,NA,NA,NA,NA,0,0,0,0,0,0,0,0,0,NA,0,NA,1.04,0.14826,12.7,0.7413,0.15,0,NA,NA,NA,NA,NA,NA,NA,NA,NA,NA,NA,NA,NA,NA,NA,NA,NA,NA,NA,NA,NA,NA,NA,NA,NA,NA
"315","Josh Oliver","BAL","TE","2562693","robust",NA,NA,NA,NA,NA,NA,NA,NA,NA,NA,0,0,0.00625,0.00926625,0,0,0,0,0,NA,0,NA,1.23,0.14826,12.595,1.70499,0.1,0.00741300000000001,NA,NA,NA,NA,NA,NA,NA,NA,NA,NA,NA,NA,NA,NA,NA,NA,NA,NA,NA,NA,NA,NA,NA,NA,NA,NA
"316","Tommy Tremble","CAR","TE","2565914","robust",NA,NA,NA,NA,NA,NA,NA,NA,NA,NA,0,0,0.14875,0.4410735,0,0,0.0125,0.037065,0,NA,0,NA,1.4,0.177912,14.695,1.067472,0.105,0.014826,NA,NA,NA,NA,NA,NA,NA,NA,NA,NA,NA,NA,NA,NA,NA,NA,NA,NA,NA,NA,NA,NA,NA,NA,NA,NA
"317","Brevin Jordan","HOU","TE","2566130","robust",NA,NA,NA,NA,NA,NA,NA,NA,NA,NA,0,0,0.005,0.014826,0,0,0,0,0,NA,0,NA,1.1,0.252042,10.975,3.85476,0.0225,0,NA,NA,NA,NA,NA,NA,NA,NA,NA,NA,NA,NA,NA,NA,NA,NA,NA,NA,NA,NA,NA,NA,NA,NA,NA,NA
"318","Harrison Bryant","CLE","TE","2563767","robust",NA,NA,NA,NA,NA,NA,NA,NA,NA,NA,0,0,0.4275,0.526323,0,0,0,0,0,NA,0,NA,1.41,0.118608,11.7,1.282449,0.095,0,NA,NA,NA,NA,NA,NA,NA,NA,NA,NA,NA,NA,NA,NA,NA,NA,NA,NA,NA,NA,NA,NA,NA,NA,NA,NA
"319","Dan Arnold","JAC","TE","2559385","robust",NA,NA,NA,NA,NA,NA,NA,NA,NA,NA,0,0,0,0,0,0,0,0,NA,NA,NA,NA,0.705,0.733887,9.35,9.85929,0.005,0.007413,NA,NA,NA,NA,NA,NA,NA,NA,NA,NA,NA,NA,NA,NA,NA,NA,NA,NA,NA,NA,NA,NA,NA,NA,NA,NA
"320","Teagan Quitoriano","HOU","TE","2567691","robust",NA,NA,NA,NA,NA,NA,NA,NA,NA,NA,0,0,0.0333333333333333,0.04942,0,0,0,0,0,NA,0,NA,1.5,0.0889560000000001,15.04,0.237216,0.1,0,NA,NA,NA,NA,NA,NA,NA,NA,NA,NA,NA,NA,NA,NA,NA,NA,NA,NA,NA,NA,NA,NA,NA,NA,NA,NA
"321","Adam Trautman","NO","TE","2564703","robust",NA,NA,NA,NA,NA,NA,NA,NA,NA,NA,0,0,0.00375,0.00555975,0,0,0,0,0,NA,0,NA,1.3,0.037065,12.2,1.074885,0.1,0.029652,NA,NA,NA,NA,NA,NA,NA,NA,NA,NA,NA,NA,NA,NA,NA,NA,NA,NA,NA,NA,NA,NA,"Q","Ankle",16,2022
"322","Jack Stoll","PHI","TE","2567061","robust",NA,NA,NA,NA,NA,NA,NA,NA,NA,NA,0,0,0,0,0,0,0,0,0,NA,0,NA,1.1,0.14826,10.8,0.59304,0.08,0,NA,NA,NA,NA,NA,NA,NA,NA,NA,NA,NA,NA,NA,NA,NA,NA,NA,NA,NA,NA,NA,NA,NA,NA,NA,NA
"323","John Bates","WAS","TE","2566580","robust",NA,NA,NA,NA,NA,NA,NA,NA,NA,NA,0,0,0.005,0.007413,0,0,0,0,0,NA,0,NA,1.1,0.51891,9.7,4.351431,0.07,0,NA,NA,NA,NA,NA,NA,NA,NA,NA,NA,NA,NA,NA,NA,NA,NA,NA,NA,NA,NA,NA,NA,NA,NA,NA,NA
"324","Durham Smythe","MIA","TE","2560880","robust",NA,NA,NA,NA,NA,NA,NA,NA,NA,NA,0,0,0.23875,0.27984075,0.0333333333333333,0.02471,0,0,0,NA,0,NA,1.11,0.274281,10.895,1.608621,0.09,0,NA,NA,NA,NA,NA,NA,NA,NA,NA,NA,NA,NA,NA,NA,NA,NA,NA,NA,NA,NA,NA,NA,NA,NA,NA,NA
"325","Stephen Sullivan","CAR","TE","2565192","robust",NA,NA,NA,NA,NA,NA,NA,NA,NA,NA,0,0,0,0,0,0,0,0,0,NA,0,NA,0.525,0.51891,7.205,6.81996,0.0525,0.066717,NA,NA,NA,NA,NA,NA,NA,NA,NA,NA,NA,NA,NA,NA,NA,NA,NA,NA,NA,NA,NA,NA,NA,NA,NA,NA
"326","Albert Okwuegbunam","DEN","TE","2563911","robust",NA,NA,NA,NA,NA,NA,NA,NA,NA,NA,0,0,0,0,0,0,0,0,0,NA,0,NA,0.7,0.29652,5.5,2.409225,0,0,NA,NA,NA,NA,NA,NA,NA,NA,NA,NA,NA,NA,NA,NA,NA,NA,NA,NA,NA,NA,NA,NA,NA,NA,NA,NA
"327","Marcedes Lewis","GB","TE","2495888","robust",NA,NA,NA,NA,NA,NA,NA,NA,NA,NA,0,0,0,0,0,0,0,0,0,NA,0,NA,0.9,0.44478,8.1,2.81694,0.06,0,NA,NA,NA,NA,NA,NA,NA,NA,NA,NA,NA,NA,NA,NA,NA,NA,NA,NA,NA,NA,NA,NA,NA,NA,NA,NA
"328","Anthony Firkser","ATL","TE","2558942","robust",NA,NA,NA,NA,NA,NA,NA,NA,NA,NA,0,0,0.005,0,0,0,0,0,0,NA,0,NA,1.1,0.14826,11.7,0.681996000000001,0.095,0,NA,NA,NA,NA,NA,NA,NA,NA,NA,NA,NA,NA,NA,NA,NA,NA,NA,NA,NA,NA,NA,NA,NA,NA,NA,NA
"329","Jake Ferguson","DAL","TE","2567496","robust",NA,NA,NA,NA,NA,NA,NA,NA,NA,NA,0,0,0.01875,0.02779875,0,0,0,0,0,NA,0,NA,1.075,0.37065,9.73,1.33434,0.085,0,NA,NA,NA,NA,NA,NA,NA,NA,NA,NA,NA,NA,NA,NA,NA,NA,NA,NA,NA,NA,NA,NA,"Q","Concussion",16,2022
"330","Blake Bell","KC","TE","2552478","robust",NA,NA,NA,NA,NA,NA,NA,NA,NA,NA,0.13,0,0.43,0.637518,0.02,0.029652,0,0,0,NA,0,NA,0.9,0,9.8,0,0.06,0,NA,NA,NA,NA,NA,NA,NA,NA,NA,NA,NA,NA,NA,NA,NA,NA,NA,NA,NA,NA,NA,NA,NA,NA,NA,NA
"331","Zach Gentry","PIT","TE","2562654","robust",NA,NA,NA,NA,NA,NA,NA,NA,NA,NA,0,0,0.005,0,0,0,0,0,0,NA,0,NA,1.13,0,9.95,0.993342,0.025,0,NA,NA,NA,NA,NA,NA,NA,NA,NA,NA,NA,NA,NA,NA,NA,NA,NA,NA,NA,NA,NA,NA,NA,NA,NA,NA
"332","Tre' McKitty","LAC","TE","2566490","robust",NA,NA,NA,NA,NA,NA,NA,NA,NA,NA,0,0,0,0,0,0,0,0,NA,NA,NA,NA,0.875,0.926625,6.67,6.419658,0.01,0.014826,NA,NA,NA,NA,NA,NA,NA,NA,NA,NA,NA,NA,NA,NA,NA,NA,NA,NA,NA,NA,NA,NA,NA,NA,NA,NA
"333","Tyler Kroft","SF","TE","2552586","robust",NA,NA,NA,NA,NA,NA,NA,NA,NA,NA,0,0,0,0,0,0,0,0,0,NA,0,NA,0.4,0,4.6,0.452193,0,0,NA,NA,NA,NA,NA,NA,NA,NA,NA,NA,NA,NA,NA,NA,NA,NA,NA,NA,NA,NA,NA,NA,NA,NA,NA,NA
"334","Andrew Beck","DEN","TE","2562626","robust",NA,NA,NA,NA,NA,NA,NA,NA,NA,NA,0,0,-0.05,0.037065,0,0,0,0,0,NA,0,NA,0.8,0,9.4,0.7413,0,0,NA,NA,NA,NA,NA,NA,NA,NA,NA,NA,NA,NA,NA,NA,NA,NA,NA,NA,NA,NA,NA,NA,NA,NA,NA,NA
"335","Pharaoh Brown","CLE","TE","2559018","robust",NA,NA,NA,NA,NA,NA,NA,NA,NA,NA,0,0,0,0,0,0,0,0,NA,NA,NA,NA,0.815,0.570801,6.705,4.885167,0.01,0.014826,NA,NA,NA,NA,NA,NA,NA,NA,NA,NA,NA,NA,NA,NA,NA,NA,NA,NA,NA,NA,NA,NA,NA,NA,NA,NA
"336","Johnny Mundt","MIN","TE","2558875","robust",NA,NA,NA,NA,NA,NA,NA,NA,NA,NA,0,0,0.0125,0,0,0,0,0,0,NA,0,NA,0.84,0.14826,6.7,0.37065,0.04,0.059304,NA,NA,NA,NA,NA,NA,NA,NA,NA,NA,NA,NA,NA,NA,NA,NA,NA,NA,NA,NA,NA,NA,NA,NA,NA,NA
"337","James Mitchell","DET","TE","2567556","robust",NA,NA,NA,NA,NA,NA,NA,NA,NA,NA,0,0,0,0,0,0,0,0,0,NA,0,NA,0.8,0.29652,8,0.7413,0.1,0,NA,NA,NA,NA,NA,NA,NA,NA,NA,NA,NA,NA,NA,NA,NA,NA,NA,NA,NA,NA,NA,NA,NA,NA,NA,NA
"338","Charlie Woerner","SF","TE","2565129","robust",NA,NA,NA,NA,NA,NA,NA,NA,NA,NA,0,0,0,0,0,0,0,0,0,NA,0,NA,0.2,0,2.3,0.200151,0,0,NA,NA,NA,NA,NA,NA,NA,NA,NA,NA,NA,NA,NA,NA,NA,NA,NA,NA,NA,NA,NA,NA,NA,NA,NA,NA
"339","Ko Kieft","TB","TE","2568306","robust",NA,NA,NA,NA,NA,NA,NA,NA,NA,NA,0,0,0,0,0,0,0,0,0,NA,0,NA,0.7,0,7.9,0,0.065,0,NA,NA,NA,NA,NA,NA,NA,NA,NA,NA,NA,NA,NA,NA,NA,NA,NA,NA,NA,NA,NA,NA,NA,NA,NA,NA
"340","Seahawks","SEA","DST","100030","robust",NA,NA,NA,NA,NA,NA,NA,NA,NA,NA,NA,NA,NA,NA,NA,NA,NA,NA,NA,NA,NA,NA,NA,NA,NA,NA,NA,NA,0.75,0.14826,1.99,0.281694,0.00666666666666667,0.009884,0.15,0.07413,0,NA,NA,NA,NA,NA,NA,NA,NA,NA,NA,NA,NA,NA,NA,NA,NA,NA
"341","Dolphins","MIA","DST","100019","robust",NA,NA,NA,NA,NA,NA,NA,NA,NA,NA,NA,NA,NA,NA,NA,NA,NA,NA,NA,NA,NA,NA,NA,NA,NA,NA,NA,NA,0.6,0.163086,2.2,0.192738,0.01,0.014826,0.19,0,0,NA,NA,NA,NA,NA,NA,NA,NA,NA,NA,NA,NA,NA,NA,NA,NA,NA
"342","Panthers","CAR","DST","100004","robust",NA,NA,NA,NA,NA,NA,NA,NA,NA,NA,NA,NA,NA,NA,NA,NA,NA,NA,NA,NA,NA,NA,NA,NA,NA,NA,NA,NA,0.6,0.103782,1.82,0.252042,0.01,0.014826,0.12,0,0,NA,NA,NA,NA,NA,NA,NA,NA,NA,NA,NA,NA,NA,NA,NA,NA,NA
"343","Giants","NYG","DST","100023","robust",NA,NA,NA,NA,NA,NA,NA,NA,NA,NA,NA,NA,NA,NA,NA,NA,NA,NA,NA,NA,NA,NA,NA,NA,NA,NA,NA,NA,0.7,0.14826,2.45,0.29652,0.01,0.014826,0.15,0.059304,0,NA,NA,NA,NA,NA,NA,NA,NA,NA,NA,NA,NA,NA,NA,NA,NA,NA
"344","Eagles","PHI","DST","100025","robust",NA,NA,NA,NA,NA,NA,NA,NA,NA,NA,NA,NA,NA,NA,NA,NA,NA,NA,NA,NA,NA,NA,NA,NA,NA,NA,NA,NA,0.84,0.266868,2.545,0.311346,0.01,0.014826,0.16,0.059304,0,NA,NA,NA,NA,NA,NA,NA,NA,NA,NA,NA,NA,NA,NA,NA,NA,NA
"345","Bears","CHI","DST","100005","robust",NA,NA,NA,NA,NA,NA,NA,NA,NA,NA,NA,NA,NA,NA,NA,NA,NA,NA,NA,NA,NA,NA,NA,NA,NA,NA,NA,NA,0.855,0.118608,1.79,0.44478,0.01,0.014826,0.15,0.07413,0,NA,NA,NA,NA,NA,NA,NA,NA,NA,NA,NA,NA,NA,NA,NA,NA,NA
"346","Packers","GB","DST","100011","robust",NA,NA,NA,NA,NA,NA,NA,NA,NA,NA,NA,NA,NA,NA,NA,NA,NA,NA,NA,NA,NA,NA,NA,NA,NA,NA,NA,NA,0.885,0.14826,2.28,0.192738,0.0433333333333333,0.019768,0.15,0.07413,0,NA,NA,NA,NA,NA,NA,NA,NA,NA,NA,NA,NA,NA,NA,NA,NA,NA
"347","Falcons","ATL","DST","100001","robust",NA,NA,NA,NA,NA,NA,NA,NA,NA,NA,NA,NA,NA,NA,NA,NA,NA,NA,NA,NA,NA,NA,NA,NA,NA,NA,NA,NA,0.835,0.0593039999999999,1.91,0.622692,0.0466666666666667,0.009884,0.2,0.044478,0,NA,NA,NA,NA,NA,NA,NA,NA,NA,NA,NA,NA,NA,NA,NA,NA,NA
"348","Commanders","WAS","DST","100032","robust",NA,NA,NA,NA,NA,NA,NA,NA,NA,NA,NA,NA,NA,NA,NA,NA,NA,NA,NA,NA,NA,NA,NA,NA,NA,NA,NA,NA,0.67,0.0889559999999999,2.1,0.44478,0.01,0.014826,0.16,0.059304,0,NA,NA,NA,NA,NA,NA,NA,NA,NA,NA,NA,NA,NA,NA,NA,NA,NA
"349","Patriots","NE","DST","100021","robust",NA,NA,NA,NA,NA,NA,NA,NA,NA,NA,NA,NA,NA,NA,NA,NA,NA,NA,NA,NA,NA,NA,NA,NA,NA,NA,NA,NA,0.85,0.118608,2.73,0.192738,0.0166666666666667,0.02471,0.2,0.044478,0,NA,NA,NA,NA,NA,NA,NA,NA,NA,NA,NA,NA,NA,NA,NA,NA,NA
"350","Cardinals","ARI","DST","100026","robust",NA,NA,NA,NA,NA,NA,NA,NA,NA,NA,NA,NA,NA,NA,NA,NA,NA,NA,NA,NA,NA,NA,NA,NA,NA,NA,NA,NA,0.68,0.133434,1.77,0.44478,0.01,0.014826,0.2,0.044478,0,NA,NA,NA,NA,NA,NA,NA,NA,NA,NA,NA,NA,NA,NA,NA,NA,NA
"351","Colts","IND","DST","100014","robust",NA,NA,NA,NA,NA,NA,NA,NA,NA,NA,NA,NA,NA,NA,NA,NA,NA,NA,NA,NA,NA,NA,NA,NA,NA,NA,NA,NA,0.745,0.014826,2.4,0.22239,0.01,0.014826,0.18,0,0,NA,NA,NA,NA,NA,NA,NA,NA,NA,NA,NA,NA,NA,NA,NA,NA,NA
"352","Raiders","LVR","DST","100018","robust",NA,NA,NA,NA,NA,NA,NA,NA,NA,NA,NA,NA,NA,NA,NA,NA,NA,NA,NA,NA,NA,NA,NA,NA,NA,NA,NA,NA,0.785,0.192738,2.18,0.533736,0.01,0.014826,0.19,0,0,NA,NA,NA,NA,NA,NA,NA,NA,NA,NA,NA,NA,NA,NA,NA,NA,NA
"353","Jaguars","JAC","DST","100015","robust",NA,NA,NA,NA,NA,NA,NA,NA,NA,NA,NA,NA,NA,NA,NA,NA,NA,NA,NA,NA,NA,NA,NA,NA,NA,NA,NA,NA,0.865,0,2.4,0.0148260000000003,0.0133333333333333,0.019768,0.19,0,0,NA,NA,NA,NA,NA,NA,NA,NA,NA,NA,NA,NA,NA,NA,NA,NA,NA
"354","Texans","HOU","DST","100013","robust",NA,NA,NA,NA,NA,NA,NA,NA,NA,NA,NA,NA,NA,NA,NA,NA,NA,NA,NA,NA,NA,NA,NA,NA,NA,NA,NA,NA,0.81,0.0296519999999999,2.3,0.14826,0.0466666666666667,0.009884,0.175,0.029652,0,NA,NA,NA,NA,NA,NA,NA,NA,NA,NA,NA,NA,NA,NA,NA,NA,NA
"355","Chargers","LAC","DST","100028","robust",NA,NA,NA,NA,NA,NA,NA,NA,NA,NA,NA,NA,NA,NA,NA,NA,NA,NA,NA,NA,NA,NA,NA,NA,NA,NA,NA,NA,0.89,0.133434,2.45,0.0593040000000001,0.0466666666666667,0.009884,0.19,0,0,NA,NA,NA,NA,NA,NA,NA,NA,NA,NA,NA,NA,NA,NA,NA,NA,NA
"356","Buccaneers","TB","DST","100031","robust",NA,NA,NA,NA,NA,NA,NA,NA,NA,NA,NA,NA,NA,NA,NA,NA,NA,NA,NA,NA,NA,NA,NA,NA,NA,NA,NA,NA,0.9,0.163086,2.74,0.385476,0.01,0.014826,0.185,0.029652,0,NA,NA,NA,NA,NA,NA,NA,NA,NA,NA,NA,NA,NA,NA,NA,NA,NA
"357","Vikings","MIN","DST","100020","robust",NA,NA,NA,NA,NA,NA,NA,NA,NA,NA,NA,NA,NA,NA,NA,NA,NA,NA,NA,NA,NA,NA,NA,NA,NA,NA,NA,NA,0.745,0.14826,2.8,0.29652,0.0133333333333333,0.019768,0.185,0,0,NA,NA,NA,NA,NA,NA,NA,NA,NA,NA,NA,NA,NA,NA,NA,NA,NA
"358","Steelers","PIT","DST","100027","robust",NA,NA,NA,NA,NA,NA,NA,NA,NA,NA,NA,NA,NA,NA,NA,NA,NA,NA,NA,NA,NA,NA,NA,NA,NA,NA,NA,NA,0.9,0.266868,2.19,0.14826,0.01,0.014826,0.175,0,0,NA,NA,NA,NA,NA,NA,NA,NA,NA,NA,NA,NA,NA,NA,NA,NA,NA
"359","Broncos","DEN","DST","100009","robust",NA,NA,NA,NA,NA,NA,NA,NA,NA,NA,NA,NA,NA,NA,NA,NA,NA,NA,NA,NA,NA,NA,NA,NA,NA,NA,NA,NA,1.13,0.355824,2.76,0.148259999999999,0.0433333333333333,0.019768,0.18,0.029652,0,NA,NA,NA,NA,NA,NA,NA,NA,NA,NA,NA,NA,NA,NA,NA,NA,NA
"360","Cowboys","DAL","DST","100008","robust",NA,NA,NA,NA,NA,NA,NA,NA,NA,NA,NA,NA,NA,NA,NA,NA,NA,NA,NA,NA,NA,NA,NA,NA,NA,NA,NA,NA,0.9,0.14826,2.935,0.252042,0.01,0.014826,0.19,0,0,NA,NA,NA,NA,NA,NA,NA,NA,NA,NA,NA,NA,NA,NA,NA,NA,NA
"361","Saints","NO","DST","100022","robust",NA,NA,NA,NA,NA,NA,NA,NA,NA,NA,NA,NA,NA,NA,NA,NA,NA,NA,NA,NA,NA,NA,NA,NA,NA,NA,NA,NA,0.66,0.266868,2.3,0.148259999999999,0.01,0.014826,0.1,0.07413,0,NA,NA,NA,NA,NA,NA,NA,NA,NA,NA,NA,NA,NA,NA,NA,NA,NA
"362","Lions","DET","DST","100010","robust",NA,NA,NA,NA,NA,NA,NA,NA,NA,NA,NA,NA,NA,NA,NA,NA,NA,NA,NA,NA,NA,NA,NA,NA,NA,NA,NA,NA,0.83,0.0444779999999999,2.475,0.44478,0.0466666666666667,0.009884,0.19,0,0,NA,NA,NA,NA,NA,NA,NA,NA,NA,NA,NA,NA,NA,NA,NA,NA,NA
"363","Chiefs","KC","DST","100016","robust",NA,NA,NA,NA,NA,NA,NA,NA,NA,NA,NA,NA,NA,NA,NA,NA,NA,NA,NA,NA,NA,NA,NA,NA,NA,NA,NA,NA,0.81,0.14826,2.9,0.14826,0.05,0,0.2,0,0,NA,NA,NA,NA,NA,NA,NA,NA,NA,NA,NA,NA,NA,NA,NA,NA,NA
"364","Bengals","CIN","DST","100006","robust",NA,NA,NA,NA,NA,NA,NA,NA,NA,NA,NA,NA,NA,NA,NA,NA,NA,NA,NA,NA,NA,NA,NA,NA,NA,NA,NA,NA,1,0.29652,2.125,0.37065,0.01,0.014826,0.18,0.014826,0,NA,NA,NA,NA,NA,NA,NA,NA,NA,NA,NA,NA,NA,NA,NA,NA,NA
"365","Browns","CLE","DST","100007","robust",NA,NA,NA,NA,NA,NA,NA,NA,NA,NA,NA,NA,NA,NA,NA,NA,NA,NA,NA,NA,NA,NA,NA,NA,NA,NA,NA,NA,0.815,0.0593039999999999,2.125,0.51891,0.0166666666666667,0.02471,0.2,0.103782,0,NA,NA,NA,NA,NA,NA,NA,NA,NA,NA,NA,NA,NA,NA,NA,NA,NA
"366","Rams","LAR","DST","100017","robust",NA,NA,NA,NA,NA,NA,NA,NA,NA,NA,NA,NA,NA,NA,NA,NA,NA,NA,NA,NA,NA,NA,NA,NA,NA,NA,NA,NA,0.705,0.103782,2.95,0.0593040000000001,0.0166666666666667,0.02471,0.14,0.059304,0,NA,NA,NA,NA,NA,NA,NA,NA,NA,NA,NA,NA,NA,NA,NA,NA,NA
"367","Jets","NYJ","DST","100024","robust",NA,NA,NA,NA,NA,NA,NA,NA,NA,NA,NA,NA,NA,NA,NA,NA,NA,NA,NA,NA,NA,NA,NA,NA,NA,NA,NA,NA,0.75,0.0593039999999999,2.32,0.177911999999999,0.0766666666666667,0.069188,0.175,0.014826,0,NA,NA,NA,NA,NA,NA,NA,NA,NA,NA,NA,NA,NA,NA,NA,NA,NA
"368","Bills","BUF","DST","100003","robust",NA,NA,NA,NA,NA,NA,NA,NA,NA,NA,NA,NA,NA,NA,NA,NA,NA,NA,NA,NA,NA,NA,NA,NA,NA,NA,NA,NA,0.92,0.14826,2.8,0.607866,0.08,0.059304,0.18,0.044478,0,NA,NA,NA,NA,NA,NA,NA,NA,NA,NA,NA,NA,NA,NA,NA,NA,NA
"369","49ers","SF","DST","100029","robust",NA,NA,NA,NA,NA,NA,NA,NA,NA,NA,NA,NA,NA,NA,NA,NA,NA,NA,NA,NA,NA,NA,NA,NA,NA,NA,NA,NA,0.975,0.14826,2.7,0.118608,0.0166666666666667,0.02471,0.2,0,0,NA,NA,NA,NA,NA,NA,NA,NA,NA,NA,NA,NA,NA,NA,NA,NA,NA
"370","Ravens","BAL","DST","100002","robust",NA,NA,NA,NA,NA,NA,NA,NA,NA,NA,NA,NA,NA,NA,NA,NA,NA,NA,NA,NA,NA,NA,NA,NA,NA,NA,NA,NA,0.8,0.192738,2.42,0.578214,0.0166666666666667,0.02471,0.17,0.059304,0,NA,NA,NA,NA,NA,NA,NA,NA,NA,NA,NA,NA,NA,NA,NA,NA,NA
"371","Titans","TEN","DST","100012","robust",NA,NA,NA,NA,NA,NA,NA,NA,NA,NA,NA,NA,NA,NA,NA,NA,NA,NA,NA,NA,NA,NA,NA,NA,NA,NA,NA,NA,1,0.133434,2.625,0.326172,0.0166666666666667,0.02471,0.175,0.029652,0,NA,NA,NA,NA,NA,NA,NA,NA,NA,NA,NA,NA,NA,NA,NA,NA,NA
"372","Harrison Butker","KC","K","2558245","robust",NA,NA,NA,NA,NA,NA,NA,NA,NA,NA,NA,NA,NA,NA,NA,NA,NA,NA,NA,NA,NA,NA,NA,NA,NA,NA,NA,NA,NA,NA,NA,NA,NA,NA,NA,NA,NA,NA,0.0202564102564103,0.0243298461538462,0.45,0.0943131680161943,0.489421811740891,0.029652,0.310642712550607,0.16403888562753,0.181140350877193,0.0950251228070175,3.12,0.385476,NA,NA,NA,NA
"373","Tyler Bass","BUF","K","2563596","robust",NA,NA,NA,NA,NA,NA,NA,NA,NA,NA,NA,NA,NA,NA,NA,NA,NA,NA,NA,NA,NA,NA,NA,NA,NA,NA,NA,NA,NA,NA,NA,NA,NA,NA,NA,NA,NA,NA,0.0125367647058824,0.00457861764705882,0.448970588235294,0.0776184705882353,0.600827205882353,0.14826,0.492996323529412,0.059304,0.156794117647059,0.0338672352941177,2.75,0.29652,NA,NA,NA,NA
"374","Jake Elliott","PHI","K","2558172","robust",NA,NA,NA,NA,NA,NA,NA,NA,NA,NA,NA,NA,NA,NA,NA,NA,NA,NA,NA,NA,NA,NA,NA,NA,NA,NA,NA,NA,NA,NA,NA,NA,NA,NA,NA,NA,NA,NA,0.0110171979865772,0.0104354144295302,0.459945285419279,0.088956,0.617542453352017,0.118608,0.401469273176488,0.149131337764584,0.196719276249478,0.0194560041300981,2.1,0.59304,NA,NA,NA,NA
"375","Mike Badgley","DET","K","2560965","robust",NA,NA,NA,NA,NA,NA,NA,NA,NA,NA,NA,NA,NA,NA,NA,NA,NA,NA,NA,NA,NA,NA,NA,NA,NA,NA,NA,NA,NA,NA,NA,NA,NA,NA,NA,NA,NA,NA,0.00719424460431655,0.0170658992805755,0.473677051079791,0.118608,0.526749410298877,0.182061881134583,0.54,0.108927488979517,0.0877218430896775,0.000824416135881102,2.7,0.266868,NA,NA,NA,NA
"376","Mason Crosby","GB","K","2507232","robust",NA,NA,NA,NA,NA,NA,NA,NA,NA,NA,NA,NA,NA,NA,NA,NA,NA,NA,NA,NA,NA,NA,NA,NA,NA,NA,NA,NA,NA,NA,NA,NA,NA,NA,NA,NA,NA,NA,0.00545454545454546,0.00329466666666667,0.446637629611768,0.118608,0.532222992524717,0.0889559999999999,0.377653524636283,0.134799693754521,0.109191919191919,0.0498692727272727,2.38,0.177912,NA,NA,NA,NA
"377","Greg Joseph","MIN","K","2561534","robust",NA,NA,NA,NA,NA,NA,NA,NA,NA,NA,NA,NA,NA,NA,NA,NA,NA,NA,NA,NA,NA,NA,NA,NA,NA,NA,NA,NA,NA,NA,NA,NA,NA,NA,NA,NA,NA,NA,0.0209535655058043,0.00344218905472637,0.611753299474848,0.0835040880029677,0.535728666608478,0.086948164222746,0.498408314785721,0.044478,0.233919383346426,0.0382878829536528,2.49,0.14826,NA,NA,NA,NA
"378","Brett Maher","DAL","K","2540243","robust",NA,NA,NA,NA,NA,NA,NA,NA,NA,NA,NA,NA,NA,NA,NA,NA,NA,NA,NA,NA,NA,NA,NA,NA,NA,NA,NA,NA,NA,NA,NA,NA,NA,NA,NA,NA,NA,NA,0,0,0.54217981557377,0.0888505099043715,0.585,0.0966736553961748,0.394328893442623,0.05343706284153,0.348360655737705,0.057386612021858,2.75,0.148259999999999,NA,NA,NA,NA
"379","Chris Boswell","PIT","K","2550545","robust",NA,NA,NA,NA,NA,NA,NA,NA,NA,NA,NA,NA,NA,NA,NA,NA,NA,NA,NA,NA,NA,NA,NA,NA,NA,NA,NA,NA,NA,NA,NA,NA,NA,NA,NA,NA,NA,NA,0.00168918918918919,0.00250439189189189,0.396414000624315,0.0593040000000001,0.525,0.0471430416022389,0.407804303598522,0.088956,0.267599755275017,0.127476963022652,2.1975,0.429954,NA,NA,NA,NA
"380","Randy Bullock","TEN","K","2533444","robust",NA,NA,NA,NA,NA,NA,NA,NA,NA,NA,NA,NA,NA,NA,NA,NA,NA,NA,NA,NA,NA,NA,NA,NA,NA,NA,NA,NA,NA,NA,NA,NA,NA,NA,NA,NA,NA,NA,0,0,0.377272853395217,0.0251986651195641,0.459845513963161,0.0990426131907309,0.345521530510432,0.0577575577304678,0.0315513626834382,0.0230626666666667,2.225,0.14826,NA,NA,NA,NA
"381","Robbie Gould","SF","K","2506264","robust",NA,NA,NA,NA,NA,NA,NA,NA,NA,NA,NA,NA,NA,NA,NA,NA,NA,NA,NA,NA,NA,NA,NA,NA,NA,NA,NA,NA,NA,NA,NA,NA,NA,NA,NA,NA,NA,NA,0.00248344370860927,0.00490927152317881,0.481467210602974,0.0209508542401227,0.4,0.103782,0.408323579864308,0.14826,0.186309749802256,0.0189183487948045,2.57,0.14826,NA,NA,NA,NA
"382","Evan McPherson","CIN","K","2565953","robust",NA,NA,NA,NA,NA,NA,NA,NA,NA,NA,NA,NA,NA,NA,NA,NA,NA,NA,NA,NA,NA,NA,NA,NA,NA,NA,NA,NA,NA,NA,NA,NA,NA,NA,NA,NA,NA,NA,0.00524761755975629,0.00678936299015779,0.321738278198719,0.0963855511834088,0.415694032182472,0.134190046477113,0.429655742266833,0.088956,0.211601637764933,0.0903129075144508,2.32,0.14826,NA,NA,NA,NA
"383","Jason Myers","SEA","K","2553112","robust",NA,NA,NA,NA,NA,NA,NA,NA,NA,NA,NA,NA,NA,NA,NA,NA,NA,NA,NA,NA,NA,NA,NA,NA,NA,NA,NA,NA,NA,NA,NA,NA,NA,NA,NA,NA,NA,NA,0.0105203257111916,0.0142337998250656,0.339156772683458,0.0430991475071848,0.479247875052808,0.0467082008934149,0.30781295369891,0.0784046610646007,0.198830488170111,0.0616306918238994,2.3575,0.14826,NA,NA,NA,NA
"384","Joey Slye","WAS","K","2563132","robust",NA,NA,NA,NA,NA,NA,NA,NA,NA,NA,NA,NA,NA,NA,NA,NA,NA,NA,NA,NA,NA,NA,NA,NA,NA,NA,NA,NA,NA,NA,NA,NA,NA,NA,NA,NA,NA,NA,0.021078431372549,0.0116282352941176,0.395408968596383,0.118608,0.337884930134845,0.0450331308534146,0.384858395281189,0.0655801323529411,0.178962169841103,0.0335055430916553,1.5475,0.266868,NA,NA,NA,NA
"385","Ryan Succop","TB","K","89802","robust",NA,NA,NA,NA,NA,NA,NA,NA,NA,NA,NA,NA,NA,NA,NA,NA,NA,NA,NA,NA,NA,NA,NA,NA,NA,NA,NA,NA,NA,NA,NA,NA,NA,NA,NA,NA,NA,NA,0.00621468926553672,0.00402061016949153,0.45662713295923,0.0713552186784243,0.416982363719652,0.13100657924874,0.415365752404947,0.11708965935639,0.0905550847457627,0.00833020169491527,2.4675,0.44478,NA,NA,NA,NA
"386","Jason Sanders","MIA","K","2561153","robust",NA,NA,NA,NA,NA,NA,NA,NA,NA,NA,NA,NA,NA,NA,NA,NA,NA,NA,NA,NA,NA,NA,NA,NA,NA,NA,NA,NA,NA,NA,NA,NA,NA,NA,NA,NA,NA,NA,0.0204774067194314,0.00393460151833306,0.460993553939101,0.088956,0.514904036966103,0.0812584504118884,0.614734608994624,0.0288650625908578,0.143987839038054,0.0370725968436155,2.3,0.29652,NA,NA,NA,NA
"387","Justin Tucker","BAL","K","2536340","robust",NA,NA,NA,NA,NA,NA,NA,NA,NA,NA,NA,NA,NA,NA,NA,NA,NA,NA,NA,NA,NA,NA,NA,NA,NA,NA,NA,NA,NA,NA,NA,NA,NA,NA,NA,NA,NA,NA,0.0147647058823529,0.0116282352941176,0.52343137254902,0.069478705882353,0.620533088235294,0.0772914264705882,0.461127450980392,0.14826,0.32094362745098,0.111867257352941,2.025,0.44478,NA,NA,NA,NA
"388","Cade York","CLE","K","2567487","robust",NA,NA,NA,NA,NA,NA,NA,NA,NA,NA,NA,NA,NA,NA,NA,NA,NA,NA,NA,NA,NA,NA,NA,NA,NA,NA,NA,NA,NA,NA,NA,NA,NA,NA,NA,NA,NA,NA,0.027012371676757,0.013054216899184,0.415928027618604,0.146617340621014,0.507542521311276,0.148512168384393,0.4338031769494,0.11223988521777,0.197697690350362,0.0230824965746722,2,0.0444779999999997,NA,NA,NA,NA
"389","Graham Gano","NYG","K","71309","robust",NA,NA,NA,NA,NA,NA,NA,NA,NA,NA,NA,NA,NA,NA,NA,NA,NA,NA,NA,NA,NA,NA,NA,NA,NA,NA,NA,NA,NA,NA,NA,NA,NA,NA,NA,NA,NA,NA,0.017171103544343,0.00400997291440953,0.434889019225565,0.022795113721465,0.60126896330751,0.10754472999943,0.505,0.0340546435631332,0.328697866461024,0.0832765587044535,2,0.133434,NA,NA,NA,NA
"390","Eddy Pineiro","CAR","K","2560842","robust",NA,NA,NA,NA,NA,NA,NA,NA,NA,NA,NA,NA,NA,NA,NA,NA,NA,NA,NA,NA,NA,NA,NA,NA,NA,NA,NA,NA,NA,NA,NA,NA,NA,NA,NA,NA,NA,NA,0,0,0.455736802091056,0.07413,0.668813586212096,0.133434,0.613029004140644,0.0920932061556731,0.120038780834915,0.0396132480550285,1.7225,0.29652,NA,NA,NA,NA
"391","Younghoe Koo","ATL","K","2559205","robust",NA,NA,NA,NA,NA,NA,NA,NA,NA,NA,NA,NA,NA,NA,NA,NA,NA,NA,NA,NA,NA,NA,NA,NA,NA,NA,NA,NA,NA,NA,NA,NA,NA,NA,NA,NA,NA,NA,0,0,0.482103453624864,0.118608,0.430351476437354,0.159900598966021,0.513337326488617,0.118608,0.244794355532611,0.0858688446050593,1.7,0.14826,NA,NA,NA,NA
"392","Daniel Carlson","LVR","K","2560993","robust",NA,NA,NA,NA,NA,NA,NA,NA,NA,NA,NA,NA,NA,NA,NA,NA,NA,NA,NA,NA,NA,NA,NA,NA,NA,NA,NA,NA,NA,NA,NA,NA,NA,NA,NA,NA,NA,NA,0.0264444444444444,0.0069188,0.552390010351967,0.0757060298913044,0.571986283643892,0.14210110923913,0.41,0.0191776842391305,0.318766304347826,0.0803128717391305,1.98,0.14826,NA,NA,NA,NA
"393","Cairo Santos","CHI","K","2550636","robust",NA,NA,NA,NA,NA,NA,NA,NA,NA,NA,NA,NA,NA,NA,NA,NA,NA,NA,NA,NA,NA,NA,NA,NA,NA,NA,NA,NA,NA,NA,NA,NA,NA,NA,NA,NA,NA,NA,0.0139912280701754,0.00650263157894737,0.477614388972012,0.118608,0.457967897377222,0.132901610631931,0.497790744367189,0.135158230395177,0.148740440845704,0.0731962887989204,1.9,0.192738,NA,NA,NA,NA
"394","Greg Zuerlein","NYJ","K","2534797","robust",NA,NA,NA,NA,NA,NA,NA,NA,NA,NA,NA,NA,NA,NA,NA,NA,NA,NA,NA,NA,NA,NA,NA,NA,NA,NA,NA,NA,NA,NA,NA,NA,NA,NA,NA,NA,NA,NA,0.00905797101449275,0.0201440217391304,0.510288979722324,0.208420882672634,0.481810604676653,0.168454804987212,0.439885638358604,0.014147789721867,0.236221288515406,0.0736316470588235,1.905,0.014826,NA,NA,NA,NA
"395","Chase McLaughlin","IND","K","2563203","robust",NA,NA,NA,NA,NA,NA,NA,NA,NA,NA,NA,NA,NA,NA,NA,NA,NA,NA,NA,NA,NA,NA,NA,NA,NA,NA,NA,NA,NA,NA,NA,NA,NA,NA,NA,NA,NA,NA,0,0,0.492720156977747,0.029652,0.555408077453855,0.0889559999999999,0.546220027600483,0.0889560000000001,0.401737967914439,0.136010711229947,1.9,0.266868,NA,NA,NA,NA
"396","Matt Prater","ARI","K","2506677","robust",NA,NA,NA,NA,NA,NA,NA,NA,NA,NA,NA,NA,NA,NA,NA,NA,NA,NA,NA,NA,NA,NA,NA,NA,NA,NA,NA,NA,NA,NA,NA,NA,NA,NA,NA,NA,NA,NA,0.0112683438155136,0.00683798742138365,0.333338387241689,0.0791019716981132,0.410034909404013,0.113886902515723,0.344462226714585,0.0741300000000001,0.218322401916742,0.0296164779874214,1.8,0.14826,NA,NA,NA,NA
"397","Brandon McManus","DEN","K","2541556","robust",NA,NA,NA,NA,NA,NA,NA,NA,NA,NA,NA,NA,NA,NA,NA,NA,NA,NA,NA,NA,NA,NA,NA,NA,NA,NA,NA,NA,NA,NA,NA,NA,NA,NA,NA,NA,NA,NA,0.0189080459770115,0.00681655172413793,0.47785307976264,0.105875904224358,0.468353743296419,0.0692485196225417,0.49937036733734,0.059304,0.313623828841882,0.110726004056795,1.8375,0.22239,NA,NA,NA,NA
"398","Wil Lutz","NO","K","2556601","robust",NA,NA,NA,NA,NA,NA,NA,NA,NA,NA,NA,NA,NA,NA,NA,NA,NA,NA,NA,NA,NA,NA,NA,NA,NA,NA,NA,NA,NA,NA,NA,NA,NA,NA,NA,NA,NA,NA,0.00801526717557252,0.00611148091603053,0.343922182567221,0.0850915359703909,0.44144508057676,0.0527129518852648,0.279188752299439,0.0706836976636595,0.0906013974716265,0.0240782527565734,1.85,0.103782,NA,NA,NA,NA
"399","Matt Gay","LAR","K","2562271","robust",NA,NA,NA,NA,NA,NA,NA,NA,NA,NA,NA,NA,NA,NA,NA,NA,NA,NA,NA,NA,NA,NA,NA,NA,NA,NA,NA,NA,NA,NA,NA,NA,NA,NA,NA,NA,NA,NA,0.0113278985507246,0.0114955217391304,0.522506038647343,0.167566030434783,0.6025,0.131846651086957,0.440597826086957,0.0817686130434783,0.317163425925926,0.104762163333333,1.7475,0.192738,NA,NA,NA,NA
"400","Nick Folk","NE","K","2507225","robust",NA,NA,NA,NA,NA,NA,NA,NA,NA,NA,NA,NA,NA,NA,NA,NA,NA,NA,NA,NA,NA,NA,NA,NA,NA,NA,NA,NA,NA,NA,NA,NA,NA,NA,NA,NA,NA,NA,0.0227695298692117,0.00442578897136798,0.497447139834334,0.044478,0.527246675711642,0.044478,0.500789126905437,0.082886648688889,0.23046515140074,0.0516497402401269,1.88,0.14826,NA,NA,NA,NA
"401","Riley Patterson","JAC","K","2567013","robust",NA,NA,NA,NA,NA,NA,NA,NA,NA,NA,NA,NA,NA,NA,NA,NA,NA,NA,NA,NA,NA,NA,NA,NA,NA,NA,NA,NA,NA,NA,NA,NA,NA,NA,NA,NA,NA,NA,0.0136767728674204,0.00662827338129496,0.488318468851293,0.123461847675706,0.538114796624239,0.111698567100166,0.466433833702269,0.088956,0.112596153846154,0.014826,1.84,0.14826,NA,NA,NA,NA
"402","Kaimi Fairbairn","HOU","K","2556521","robust",NA,NA,NA,NA,NA,NA,NA,NA,NA,NA,NA,NA,NA,NA,NA,NA,NA,NA,NA,NA,NA,NA,NA,NA,NA,NA,NA,NA,NA,NA,NA,NA,NA,NA,NA,NA,NA,NA,0.00884353741496599,0.0201714285714286,0.382899659863946,0.127117821428571,0.370073529411765,0.124603808823529,0.39125525210084,0.0296519999999999,0.202467320261438,0.0553213294117647,1.6,0.14826,NA,NA,NA,NA
