"","player","team","position","id","avg_type","pass_att","pass_att_sd","pass_comp","pass_comp_sd","pass_yds","pass_yds_sd","pass_tds","pass_tds_sd","pass_int","pass_int_sd","rush_att","rush_att_sd","rush_yds","rush_yds_sd","rush_tds","rush_tds_sd","fumbles_lost","fumbles_lost_sd","two_pts","two_pts_sd","return_tds","return_tds_sd","rec","rec_sd","rec_yds","rec_yds_sd","rec_tds","rec_tds_sd","fg_0019","fg_0019_sd","fg_2029","fg_2029_sd","fg_3039","fg_3039_sd","fg_4049","fg_4049_sd","fg_50","fg_50_sd","xp","xp_sd","dst_int","dst_int_sd","dst_sacks","dst_sacks_sd","dst_safety","dst_safety_sd","dst_td","dst_td_sd","dst_blk","dst_blk_sd","idp_solo","idp_solo_sd","idp_sack","idp_sack_sd","idp_int","idp_int_sd","idp_pd","idp_pd_sd","idp_td","idp_td_sd","injury_status","injury_details","season_year","week"
"1","Kirk Cousins","MIN","QB","10700","robust",38.0725,1.03782,25.872914250129,1.33434,287.4,9.48864000000001,2,0.051891,0.8175,0.14826,1.47,0.415128,5.365,0.637518,0.05,0.044478,0.2625,0.04633125,0.13,0,0,NA,NA,NA,NA,NA,NA,NA,NA,NA,NA,NA,NA,NA,NA,NA,NA,NA,NA,NA,NA,NA,NA,NA,NA,NA,NA,NA,NA,NA,NA,NA,NA,NA,NA,NA,NA,NA,NA,NA,NA,NA,NA,NA
"2","Justin Herbert","LAC","QB","14779","robust",38.175,2.44629,26.1,1.33434,283.1,19.12554,2.015,0.029652,0.705,0.237216,3.3,0.279781323681561,13.0875,2.2239,0.145,0.07413,0.086875,0.01297275,0.16,0,0,NA,NA,NA,NA,NA,NA,NA,NA,NA,NA,NA,NA,NA,NA,NA,NA,NA,NA,NA,NA,NA,NA,NA,NA,NA,NA,NA,NA,NA,NA,NA,NA,NA,NA,NA,NA,NA,NA,NA,NA,NA,NA,NA
"3","Tua Tagovailoa","MIA","QB","14778","robust",36,0,24,0.229802999999999,289.93,5.1891,1.945,0.0741300000000001,0.9375,0.0741300000000001,2.68,0.355824,7.9975,1.905141,0.05,0.00741300000000001,0.1775,0.022239,0.06,0,0,NA,NA,NA,NA,NA,NA,NA,NA,NA,NA,NA,NA,NA,NA,NA,NA,NA,NA,NA,NA,NA,NA,NA,NA,NA,NA,NA,NA,NA,NA,NA,NA,NA,NA,NA,NA,NA,NA,NA,NA,NA,NA,NA
"4","Patrick Mahomes","KC","QB","13116","robust",36.585,1.77912,24.333774165681,0.837668999999999,280.375,9.6369,2,0.170499,0.8,0.22239,4.69705889947699,0.453500951270823,25.025,1.40847,0.1125,0.037065,0.113125,0.01297275,0.17,0,0,NA,NA,NA,NA,NA,NA,NA,NA,NA,NA,NA,NA,NA,NA,NA,NA,NA,NA,NA,NA,NA,NA,NA,NA,NA,NA,NA,NA,NA,NA,NA,NA,NA,NA,NA,NA,NA,NA,NA,NA,NA,NA,NA
"5","Joe Burrow","CIN","QB","14777","robust",36.625,0.859907999999997,24.3625,0.889559999999999,274.65,3.7065,1.875,0.14826,0.8,0.140847,2.52464285714286,1.045233,9.75,2.9652,0.1,0.037065,0.086875,0.01297275,0.16,0,0,NA,NA,NA,NA,NA,NA,NA,NA,NA,NA,NA,NA,NA,NA,NA,NA,NA,NA,NA,NA,NA,NA,NA,NA,NA,NA,NA,NA,NA,NA,NA,NA,NA,NA,NA,NA,NA,NA,NA,NA,NA,NA,NA
"6","Matthew Stafford","LAR","QB","9431","robust",35.5,0.531315743773334,23.7016034540914,0.375404562071741,265.7,11.645823,1.375,0.274281,0.855,0.133434,2,0,6.84,1.008168,0.0825,0.014826,0.1425,0.03150525,0.09,0,0,NA,NA,NA,NA,NA,NA,NA,NA,NA,NA,NA,NA,NA,NA,NA,NA,NA,NA,NA,NA,NA,NA,NA,NA,NA,NA,NA,NA,NA,NA,NA,NA,NA,NA,NA,NA,NA,NA,NA,NA,NA,NA,NA
"7","Jared Goff","DET","QB","12611","robust",35,1.171254,23.125,0.518909999999999,255.25,3.965955,1.535,0.14826,0.76,0.229803,2,0.14826,5.775,3.209829,0.09,0.00741300000000001,0.18125,0.0185325,0.14,0,0,NA,NA,NA,NA,NA,NA,NA,NA,NA,NA,NA,NA,NA,NA,NA,NA,NA,NA,NA,NA,NA,NA,NA,NA,NA,NA,NA,NA,NA,NA,NA,NA,NA,NA,NA,NA,NA,NA,NA,NA,NA,NA,NA
"8","Josh Allen","BUF","QB","13589","robust",37.1810312603772,0.714705893270432,24.7249620288292,0.904385999999999,264.11,2.93554799999998,2.05,0.14826,0.945,0.0741300000000001,6,0.244629,33.2,0.296519999999999,0.35,0.059304,0.185,0.014826,0.16,0,0,NA,NA,NA,NA,NA,NA,NA,NA,NA,NA,NA,NA,NA,NA,NA,NA,NA,NA,NA,NA,NA,NA,NA,NA,NA,NA,NA,NA,NA,NA,NA,NA,NA,NA,NA,NA,NA,NA,NA,NA,NA,NA,NA
"9","Dak Prescott","DAL","QB","12620","robust",32.94,0.889560000000002,21.685,0.7413,237.335,13.832658,1.6,0.140847,0.8725,0.0741300000000001,3.4,0.437367,14.225,1.074885,0.1,0,0.1275,0.00741300000000001,0.16,0,0,NA,NA,NA,NA,NA,NA,NA,NA,NA,NA,NA,NA,NA,NA,NA,NA,NA,NA,NA,NA,NA,NA,NA,NA,NA,NA,NA,NA,NA,NA,NA,NA,NA,NA,NA,NA,NA,NA,NA,NA,NA,NA,NA
"10","Geno Smith","SEA","QB","11150","robust",34.525,0.667169999999999,23.31,0.459606000000001,257.32,4.166106,1.705,0.0889559999999999,0.7,0.14826,3.2325,0.526323,15.8,1.77912,0.1,0.029652,0.15,0.037065,0,NA,0,NA,NA,NA,NA,NA,NA,NA,NA,NA,NA,NA,NA,NA,NA,NA,NA,NA,NA,NA,NA,NA,NA,NA,NA,NA,NA,NA,NA,NA,NA,NA,NA,NA,NA,NA,NA,NA,NA,NA,NA,NA,NA,NA
"11","Sam Howell","WAS","QB","15693","robust",32.2602748538286,1.53449100000001,20.5209084162306,1.77912,227.735,14.425698,1.1575,0.14826,0.95,0.0741300000000001,3.195,0.701508387109425,14.11,1.660512,0.1,0.051891,0.1625,0.02779875,0.08,0,0,NA,NA,NA,NA,NA,NA,NA,NA,NA,NA,NA,NA,NA,NA,NA,NA,NA,NA,NA,NA,NA,NA,NA,NA,NA,NA,NA,NA,NA,NA,NA,NA,NA,NA,NA,NA,NA,NA,NA,NA,NA,NA,NA
"12","C.J. Stroud","HOU","QB","16150","robust",34.9441398022247,0.963690000000003,21.7142437322289,0.423662242597431,247.385,6.6717,1.255,0.22239,0.82,0.192738,3.1,0.14826,13.605,0.985929,0.1,0.007413,0.21875,0.0185325,0.08,0,0,NA,NA,NA,NA,NA,NA,NA,NA,NA,NA,NA,NA,NA,NA,NA,NA,NA,NA,NA,NA,NA,NA,NA,NA,NA,NA,NA,NA,NA,NA,NA,NA,NA,NA,NA,NA,NA,NA,NA,NA,NA,NA,NA
"13","Andy Dalton","CAR","QB","10313","robust",12.6,12.0156073391542,8,7.44262509953733,72,57.717618,0.4,0.29652,0.25,0.259455,1.05,0.88956,2.5,1.40847,0,0,0,0,0,NA,0,NA,NA,NA,NA,NA,NA,NA,NA,NA,NA,NA,NA,NA,NA,NA,NA,NA,NA,NA,NA,NA,NA,NA,NA,NA,NA,NA,NA,NA,NA,NA,NA,NA,NA,NA,NA,NA,NA,NA,NA,NA,NA,NA
"14","Russell Wilson","DEN","QB","10703","robust",33.935,1.18608,21.5291316129407,0.667169999999999,255,2.81694000000001,1.75,0.192738,0.7075,0.14826,3.6,0.474432,18.245,1.289862,0.135,0.059304,0.13,0.022239,0.03,0,0,NA,NA,NA,NA,NA,NA,NA,NA,NA,NA,NA,NA,NA,NA,NA,NA,NA,NA,NA,NA,NA,NA,NA,NA,NA,NA,NA,NA,NA,NA,NA,NA,NA,NA,NA,NA,NA,NA,NA,NA,NA,NA,NA
"15","Jimmy Garoppolo","LVR","QB","11760","robust",17,NA,11.0175,NA,174.26125,18.8623785,0.9875,NA,0.555,NA,1.5125,NA,5.56625,0.1000755,0.0410256000060227,0.0608245545689292,0.1,0,0,NA,0,NA,NA,NA,NA,NA,NA,NA,NA,NA,NA,NA,NA,NA,NA,NA,NA,NA,NA,NA,NA,NA,NA,NA,NA,NA,NA,NA,NA,NA,NA,NA,NA,NA,NA,NA,NA,NA,NA,NA,"O","Concussion",2023,4
"16","Trevor Lawrence","JAC","QB","15237","robust",36.45,1.089711,23.65,0.518909999999999,250.15,6.18985500000002,1.665,0.14826,0.805,0.0815430000000001,4.5,0.419008776004944,20,0.392889000000001,0.1775,0.022239,0.2875,0.06486375,0.19,0,0,NA,NA,NA,NA,NA,NA,NA,NA,NA,NA,NA,NA,NA,NA,NA,NA,NA,NA,NA,NA,NA,NA,NA,NA,NA,NA,NA,NA,NA,NA,NA,NA,NA,NA,NA,NA,NA,NA,NA,NA,NA,NA,NA
"17","Gardner Minshew","IND","QB","14067","robust",1.4,NA,0.9,NA,69.6,61.94797,0.2,0.17297,0.3,0.27181,0.4,0.32123,1.7,1.45789,0,0,0.05,0.04942,0,NA,0,NA,NA,NA,NA,NA,NA,NA,NA,NA,NA,NA,NA,NA,NA,NA,NA,NA,NA,NA,NA,NA,NA,NA,NA,NA,NA,NA,NA,NA,NA,NA,NA,NA,NA,NA,NA,NA,NA,NA,NA,NA,NA,NA
"18","Jordan Love","GB","QB","14782","robust",32.9456172461983,2.00151,20.025,1.31779277251919,244.195,3.639783,1.7,0.14826,0.8775,0.14826,3.8775,0.214977,16.2775,2.305443,0.13,0.044478,0.0925,0.00555975,0.11,0,0,NA,NA,NA,NA,NA,NA,NA,NA,NA,NA,NA,NA,NA,NA,NA,NA,NA,NA,NA,NA,NA,NA,NA,NA,NA,NA,NA,NA,NA,NA,NA,NA,NA,NA,NA,NA,NA,NA,NA,NA,NA,NA,NA
"19","Deshaun Watson","CLE","QB","13113","robust",31.85,2.76051674875942,20.1929323731213,2.03985707277918,227.095,13.328574,1.245,0.22239,0.75,0.118608,5.25,0.66717,28,2.142357,0.19,0.014826,0.1925,0.00555975,0.19,0,0,NA,NA,NA,NA,NA,NA,NA,NA,NA,NA,NA,NA,NA,NA,NA,NA,NA,NA,NA,NA,NA,NA,NA,NA,NA,NA,NA,NA,NA,NA,NA,NA,NA,NA,NA,NA,NA,NA,NA,"Q","Shoulder",2023,4
"20","Mac Jones","NE","QB","15241","robust",34,1.964445,22.1,1.786533,231.7025,11.8608,1.15,0.14826,0.9,0.118608,3.2,0.0815429999999999,12.44,1.638273,0.05,0.07413,0.113125,0.01297275,0.13,0,0,NA,NA,NA,NA,NA,NA,NA,NA,NA,NA,NA,NA,NA,NA,NA,NA,NA,NA,NA,NA,NA,NA,NA,NA,NA,NA,NA,NA,NA,NA,NA,NA,NA,NA,NA,NA,NA,NA,NA,NA,NA,NA,NA
"21","Brock Purdy","SF","QB","15698","robust",30.235,1.312101,20.6,0.659886985250053,237.6225,7.249914,1.775,0.259455,0.4925,0.274281,2.9,0.22239,9.34,2.238726,0.175,0.022239,0.1375,0.02779875,0.09,0,0,NA,NA,NA,NA,NA,NA,NA,NA,NA,NA,NA,NA,NA,NA,NA,NA,NA,NA,NA,NA,NA,NA,NA,NA,NA,NA,NA,NA,NA,NA,NA,NA,NA,NA,NA,NA,NA,NA,NA,NA,NA,NA,NA
"22","Jameis Winston","NO","QB","12140","robust",28.125,3.11346,17.925,3.55824,211.3,36.47196,1.1,0.29652,0.75,0.14826,2.275,0.14826,8.6,4.00302,0.0625,0.029652,0.09,0.014826,0.16,0,0,NA,NA,NA,NA,NA,NA,NA,NA,NA,NA,NA,NA,NA,NA,NA,NA,NA,NA,NA,NA,NA,NA,NA,NA,NA,NA,NA,NA,NA,NA,NA,NA,NA,NA,NA,NA,NA,NA,NA,NA,NA,NA,NA
"23","Daniel Jones","NYG","QB","14059","robust",32.375,0.815430000000001,21.1019685272367,0.785777999999999,224.22,9.95565899999998,1.2,0.192738,0.7775,0.0815430000000001,7.425,0.691734498672881,37.855,3.55824,0.3,0.00741300000000001,0.113125,0.01297275,0.16,0,0,NA,NA,NA,NA,NA,NA,NA,NA,NA,NA,NA,NA,NA,NA,NA,NA,NA,NA,NA,NA,NA,NA,NA,NA,NA,NA,NA,NA,NA,NA,NA,NA,NA,NA,NA,NA,NA,NA,NA,NA,NA,NA,NA
"24","Baker Mayfield","TB","QB","13590","robust",33.69,1.71492475009918,21,1.4826,220.975,6.19726799999999,1.1725,0.237216,0.9,0.14826,3.7,0.534538773252556,11.4875,1.697577,0.06,0.037065,0.11125,0.0111195,0.09,0,0,NA,NA,NA,NA,NA,NA,NA,NA,NA,NA,NA,NA,NA,NA,NA,NA,NA,NA,NA,NA,NA,NA,NA,NA,NA,NA,NA,NA,NA,NA,NA,NA,NA,NA,NA,NA,NA,NA,NA,NA,NA,NA,NA
"25","Kenny Pickett","PIT","QB","15692","robust",32.6386034826762,0.796463046831363,20.85,0.518909999999999,224.545,6.73100400000001,1.24,0.237216,0.855,0.14826,3.28562189742279,0.624536050238063,13.62,3.424806,0.145,0.066717,0.06,0.014826,0.09,0,0,NA,NA,NA,NA,NA,NA,NA,NA,NA,NA,NA,NA,NA,NA,NA,NA,NA,NA,NA,NA,NA,NA,NA,NA,NA,NA,NA,NA,NA,NA,NA,NA,NA,NA,NA,NA,NA,NA,NA,NA,NA,NA,NA
"26","Anthony Richardson","IND","QB","16152","robust",30.4925,2.81694,19.7267728481962,1.62607542473567,213,9.6369,1.125,0.14826,0.85,0.22239,8.55,1.33434,45.075,4.67019,0.4,0,0.125,0.0185325,0.05,0,0,NA,NA,NA,NA,NA,NA,NA,NA,NA,NA,NA,NA,NA,NA,NA,NA,NA,NA,NA,NA,NA,NA,NA,NA,NA,NA,NA,NA,NA,NA,NA,NA,NA,NA,NA,NA,NA,NA,NA,NA,NA,NA,NA
"27","Bryce Young","CAR","QB","16148","robust",33.8,0.422457089224866,21.0425821229315,0.340510978167025,228.9725,5.48561999999998,1.2,0.0593039999999997,0.7925,0.133434,2.7414319625015,0.495591889581076,12.9,0.59304,0.1,0,0.1725,0.0407715,0.09,0,0,NA,NA,NA,NA,NA,NA,NA,NA,NA,NA,NA,NA,NA,NA,NA,NA,NA,NA,NA,NA,NA,NA,NA,NA,NA,NA,NA,NA,NA,NA,NA,NA,NA,NA,NA,NA,NA,NA,NA,NA,NA,NA,NA
"28","Jalen Hurts","PHI","QB","14783","robust",29.4,0.593040000000003,19.1,0.414440203103684,226.205,8.8956,1.3125,0.244629,0.6025,0.155673,9.55,0.667170000000002,43.65,3.521175,0.7,0.14826,0.179375,0.02038575,0.22,0,0,NA,NA,NA,NA,NA,NA,NA,NA,NA,NA,NA,NA,NA,NA,NA,NA,NA,NA,NA,NA,NA,NA,NA,NA,NA,NA,NA,NA,NA,NA,NA,NA,NA,NA,NA,NA,NA,NA,NA,NA,NA,NA,NA
"29","Lamar Jackson","BAL","QB","13593","robust",30.9702255548346,2.00151,19.8398850607003,1.690164,208.575,16.071384,1.05,0.022239,0.8725,0.200151,9.69488006226472,0.578213999999998,57.7,5.322534,0.27,0.103782,0.2225,0.01667925,0.09,0,0,NA,NA,NA,NA,NA,NA,NA,NA,NA,NA,NA,NA,NA,NA,NA,NA,NA,NA,NA,NA,NA,NA,NA,NA,NA,NA,NA,NA,NA,NA,NA,NA,NA,NA,NA,NA,NA,NA,NA,NA,NA,NA,NA
"30","Ryan Tannehill","TEN","QB","10697","robust",30.1692070615336,1.46659838942975,19.1071363356097,0.7413,215.125,10.444917,1.055,0.0741300000000001,0.8675,0.22239,2.46717079800254,0.230779149762879,10.5,0.904386,0.105,0.007413,0.0925,0.00741300000000001,0.06,0,0,NA,NA,NA,NA,NA,NA,NA,NA,NA,NA,NA,NA,NA,NA,NA,NA,NA,NA,NA,NA,NA,NA,NA,NA,NA,NA,NA,NA,NA,NA,NA,NA,NA,NA,NA,NA,NA,NA,NA,NA,NA,NA,NA
"31","Joshua Dobbs","ARI","QB","13119","robust",32.3837653104301,2.4796031015127,21.44,1.43975673600252,206.15,10.363374,0.95,0.07413,0.7375,0.244629,3.9020814626228,0.142088047030875,19.5675,3.7065,0.1,0.014826,0.2675,0.02409225,0.1,0,0,NA,NA,NA,NA,NA,NA,NA,NA,NA,NA,NA,NA,NA,NA,NA,NA,NA,NA,NA,NA,NA,NA,NA,NA,NA,NA,NA,NA,NA,NA,NA,NA,NA,NA,NA,NA,NA,NA,NA,NA,NA,NA,NA
"32","Brian Hoyer","LVR","QB","9714","robust",27,0.667169999999999,17.15,0.518909999999999,167.5,51.81687,1,0.333585,0.75,0.318759,1.8,0.81543,4.25,1.564143,0.02,0,0.0675,0.051891,0.03,0,0,NA,NA,NA,NA,NA,NA,NA,NA,NA,NA,NA,NA,NA,NA,NA,NA,NA,NA,NA,NA,NA,NA,NA,NA,NA,NA,NA,NA,NA,NA,NA,NA,NA,NA,NA,NA,NA,NA,NA,NA,NA,NA,NA
"33","Desmond Ridder","ATL","QB","15697","robust",29.375,1.512252,18.375,0.593039999999998,197.245,10.059441,1.08,0.0889559999999997,0.45,0.126021,3.92617316229393,0.59304,16.15,1.979271,0.11,0.029652,0.22,0.014826,0.07,0,0,NA,NA,NA,NA,NA,NA,NA,NA,NA,NA,NA,NA,NA,NA,NA,NA,NA,NA,NA,NA,NA,NA,NA,NA,NA,NA,NA,NA,NA,NA,NA,NA,NA,NA,NA,NA,NA,NA,NA,NA,NA,NA,NA
"34","Justin Fields","CHI","QB","15238","robust",27.79,1.660512,17.0131972796517,0.82077542637679,189.34,5.26323,1.1,0.14826,0.88,0.207564,9.995,1.349166,55.295,6.019356,0.4,0.014826,0.168125,0.03150525,0.07,0,0,NA,NA,NA,NA,NA,NA,NA,NA,NA,NA,NA,NA,NA,NA,NA,NA,NA,NA,NA,NA,NA,NA,NA,NA,NA,NA,NA,NA,NA,NA,NA,NA,NA,NA,NA,NA,NA,NA,NA,NA,NA,NA,NA
"35","Zach Wilson","NYJ","QB","15239","robust",31.1424468981158,0.7413,17.7889213460924,0.444780000000001,194.14,0.296519999999983,1,0,0.85,0.14826,2.82093910877535,0.172342709318689,15,0.7413,0.115,0.044478,0.035,0.007413,0.08,0,0,NA,NA,NA,NA,NA,NA,NA,NA,NA,NA,NA,NA,NA,NA,NA,NA,NA,NA,NA,NA,NA,NA,NA,NA,NA,NA,NA,NA,NA,NA,NA,NA,NA,NA,NA,NA,NA,NA,NA,NA,NA,NA,NA
"36","Derek Carr","NO","QB","11644","robust",7.8,NA,4.9,NA,47.9325,15.811929,0.1,NA,0.1,NA,0.5,NA,1.56875,0.5003775,0.01,0.014826,0,0,0.04,0,0,NA,NA,NA,NA,NA,NA,NA,NA,NA,NA,NA,NA,NA,NA,NA,NA,NA,NA,NA,NA,NA,NA,NA,NA,NA,NA,NA,NA,NA,NA,NA,NA,NA,NA,NA,NA,NA,NA,NA,"Q","Shoulder - AC Joint",2023,4
"37","Mitchell Trubisky","PIT","QB","13115","robust",3.225,1.92738,2.15,1.18608,27.975,3.7065,0.15,0.14826,0.125,0,0.425,0.44478,1.05,1.33434,0,0,0,0,0,NA,0,NA,NA,NA,NA,NA,NA,NA,NA,NA,NA,NA,NA,NA,NA,NA,NA,NA,NA,NA,NA,NA,NA,NA,NA,NA,NA,NA,NA,NA,NA,NA,NA,NA,NA,NA,NA,NA,NA,NA,NA,NA,NA,NA
"38","Tyler Huntley","BAL","QB","14789","robust",6.9,8.30256,4.55,5.70801,43.75,53.74425,0.15,0.07413,0.1,0,2.35,3.03933,12.35,15.78969,0.05,0.07413,0.2,0.29652,NA,NA,NA,NA,NA,NA,NA,NA,NA,NA,NA,NA,NA,NA,NA,NA,NA,NA,NA,NA,NA,NA,NA,NA,NA,NA,NA,NA,NA,NA,NA,NA,NA,NA,NA,NA,NA,NA,NA,NA,NA,NA,NA,NA,NA,NA
"39","Davis Mills","HOU","QB","15252","robust",3.6,2.07564,2.2,1.18608,25.725,3.40998,0.15,0.14826,0.175,0,0.375,0.29652,1.45,1.33434,0.025,0,0.025,0,0,NA,0,NA,NA,NA,NA,NA,NA,NA,NA,NA,NA,NA,NA,NA,NA,NA,NA,NA,NA,NA,NA,NA,NA,NA,NA,NA,NA,NA,NA,NA,NA,NA,NA,NA,NA,NA,NA,NA,NA,NA,NA,NA,NA,NA
"40","Aidan O'Connell","LVR","QB","16159","robust",5.37603125,0.441722137500001,3.22882589285714,0.581695462499999,34.915,19.081062,0.17,0.163086,0.175,0.14826,0.327857142857143,0.131316,1.7275,0.429954,0.0075,0,0.005,0,0,NA,0,NA,NA,NA,NA,NA,NA,NA,NA,NA,NA,NA,NA,NA,NA,NA,NA,NA,NA,NA,NA,NA,NA,NA,NA,NA,NA,NA,NA,NA,NA,NA,NA,NA,NA,NA,NA,NA,NA,NA,NA,NA,NA,NA
"41","Taylor Heinicke","ATL","QB","12476","robust",1,NA,0.7,NA,14.8,8.42611,0.1,0.07413,0.025,0.02471,0.275,0.17297,1.15,0.66717,0,0,0.025,0.02471,0,NA,0,NA,NA,NA,NA,NA,NA,NA,NA,NA,NA,NA,NA,NA,NA,NA,NA,NA,NA,NA,NA,NA,NA,NA,NA,NA,NA,NA,NA,NA,NA,NA,NA,NA,NA,NA,NA,NA,NA,NA,NA,NA,NA,NA
"42","Marcus Mariota","PHI","QB","12141","robust",1.2,NA,0.8,NA,13.8,7.93191,0.1,0.07413,0.025,0.02471,0.3,NA,2.3,1.75441,0.0106944444444444,0.0105703888888889,0,0,0,NA,0,NA,NA,NA,NA,NA,NA,NA,NA,NA,NA,NA,NA,NA,NA,NA,NA,NA,NA,NA,NA,NA,NA,NA,NA,NA,NA,NA,NA,NA,NA,NA,NA,NA,NA,NA,NA,NA,NA,NA,NA,NA,NA,NA
"43","Nick Mullens","MIN","QB","13968","robust",1.725,2.37216,1.175,1.63086,14.675,10.67472,0.075,0,0.05,0,0.25,0.29652,0.65,0.29652,0,0,0,0,0,NA,0,NA,NA,NA,NA,NA,NA,NA,NA,NA,NA,NA,NA,NA,NA,NA,NA,NA,NA,NA,NA,NA,NA,NA,NA,NA,NA,NA,NA,NA,NA,NA,NA,NA,NA,NA,NA,NA,NA,NA,NA,NA,NA,NA
"44","Teddy Bridgewater","DET","QB","11640","robust",1.575,2.07564,0.975,1.33434,13.95,5.63388,0.1,0.14826,0.1,0.14826,0.35,0.44478,0.8,0.29652,0,0,0,0,0,NA,0,NA,NA,NA,NA,NA,NA,NA,NA,NA,NA,NA,NA,NA,NA,NA,NA,NA,NA,NA,NA,NA,NA,NA,NA,NA,NA,NA,NA,NA,NA,NA,NA,NA,NA,NA,NA,NA,NA,NA,NA,NA,NA,NA
"45","Tim Boyle","NYJ","QB","13873","robust",0,0,0,0,13.3575,0,0.01,0,0.115,0,0,0,0,0,0.005,0,0.005,0.007413,0.02,0,0,NA,NA,NA,NA,NA,NA,NA,NA,NA,NA,NA,NA,NA,NA,NA,NA,NA,NA,NA,NA,NA,NA,NA,NA,NA,NA,NA,NA,NA,NA,NA,NA,NA,NA,NA,NA,NA,NA,NA,NA,NA,NA,NA
"46","Mike White","MIA","QB","13598","robust",1.325,1.18608,0.8,0.7413,12.225,11.1195,0.1,0.14826,0.025,0,0.325,0.44478,0.125,0,0,0,0,0,0,NA,0,NA,NA,NA,NA,NA,NA,NA,NA,NA,NA,NA,NA,NA,NA,NA,NA,NA,NA,NA,NA,NA,NA,NA,NA,NA,NA,NA,NA,NA,NA,NA,NA,NA,NA,NA,NA,NA,NA,NA,NA,NA,NA,NA
"47","Dorian Thompson-Robinson","CLE","QB","16158","robust",0.4125,0.29652,0.2375,0.14826,10.01,13.93644,0.03,0,0.04,0,0.00925,0,0.285,0.14826,0,0,0.00125,0,0.04,0,0,NA,NA,NA,NA,NA,NA,NA,NA,NA,NA,NA,NA,NA,NA,NA,NA,NA,NA,NA,NA,NA,NA,NA,NA,NA,NA,NA,NA,NA,NA,NA,NA,NA,NA,NA,NA,NA,NA,NA,NA,NA,NA,NA
"48","Blaine Gabbert","KC","QB","10262","robust",1.12272727272727,0.00673909090909103,0.673636363636364,0.00404345454545465,12.36,0,0.055,0.059304,0.075,0,0.12375,0.1445535,0.14,0.044478,0.0025,0,0,0,0.01,0,0,NA,NA,NA,NA,NA,NA,NA,NA,NA,NA,NA,NA,NA,NA,NA,NA,NA,NA,NA,NA,NA,NA,NA,NA,NA,NA,NA,NA,NA,NA,NA,NA,NA,NA,NA,NA,NA,NA,NA,NA,NA,NA,NA
"49","Sam Darnold","SF","QB","13592","robust",0.570363475177305,NA,0.362547872340426,NA,10.171,0.593039999999999,0.096,0.007413,0.055,0.0355824,0.3125,0.2409225,0.156,0.044478,0.003,0,0.00125,0.00185325,0.03,0,0,NA,NA,NA,NA,NA,NA,NA,NA,NA,NA,NA,NA,NA,NA,NA,NA,NA,NA,NA,NA,NA,NA,NA,NA,NA,NA,NA,NA,NA,NA,NA,NA,NA,NA,NA,NA,NA,NA,NA,NA,NA,NA,NA
"50","Jake Browning","CIN","QB","14358","robust",0,0,0,0,11.61,0,0.015,0,0.1,0,0,0,0,0,0.0025,0,0.005,0.007413,0.04,0,0,NA,NA,NA,NA,NA,NA,NA,NA,NA,NA,NA,NA,NA,NA,NA,NA,NA,NA,NA,NA,NA,NA,NA,NA,NA,NA,NA,NA,NA,NA,NA,NA,NA,NA,NA,NA,NA,NA,NA,NA,NA,NA,NA
"51","Jarrett Stidham","DEN","QB","14063","robust",1.7,0.0849056908789387,1.025,0.0817355986733,12.06,3.55824,0.0625,0.037065,0.1,0.007413,0.0884285714285714,0.07413,0.5925,0.37065,0,0,0,0,0.03,0,0,NA,NA,NA,NA,NA,NA,NA,NA,NA,NA,NA,NA,NA,NA,NA,NA,NA,NA,NA,NA,NA,NA,NA,NA,NA,NA,NA,NA,NA,NA,NA,NA,NA,NA,NA,NA,NA,NA,NA,NA,NA,NA,NA
"52","Easton Stick","LAC","QB","14069","robust",0.3,0.29652,0.075,0.07413,8.2,5.33736,0.0475,0.066717,0,0,0.05,0.04942,0.1,0.029652,0,0,0.0025,0.002471,0.03,0,0,NA,NA,NA,NA,NA,NA,NA,NA,NA,NA,NA,NA,NA,NA,NA,NA,NA,NA,NA,NA,NA,NA,NA,NA,NA,NA,NA,NA,NA,NA,NA,NA,NA,NA,NA,NA,NA,NA,NA,NA,NA,NA,NA
"53","Sean Clifford","GB","QB","16313","robust",0.875,1.18608,0.525,0.7413,9.45,3.11346,0.075,0,0.025,0,0.175,0.14826,0.125,0.14826,0,0,0,0,0,NA,0,NA,NA,NA,NA,NA,NA,NA,NA,NA,NA,NA,NA,NA,NA,NA,NA,NA,NA,NA,NA,NA,NA,NA,NA,NA,NA,NA,NA,NA,NA,NA,NA,NA,NA,NA,NA,NA,NA,NA,NA,NA,NA,NA
"54","Jacoby Brissett","WAS","QB","12616","robust",0.95,NA,0.6,NA,9.075,2.32274,0.075,0.02471,0.025,0.02471,0.15,NA,0.85,0.37065,0,0,0,0,0,NA,0,NA,NA,NA,NA,NA,NA,NA,NA,NA,NA,NA,NA,NA,NA,NA,NA,NA,NA,NA,NA,NA,NA,NA,NA,NA,NA,NA,NA,NA,NA,NA,NA,NA,NA,NA,NA,NA,NA,NA,NA,NA,NA,NA
"55","Cooper Rush","DAL","QB","13124","robust",1.25,1.63086,0.75,0.88956,8.55,5.9304,0.025,0,0,0,0.3,0.44478,-0.075,0.88956,0,0,0,0,0,NA,0,NA,NA,NA,NA,NA,NA,NA,NA,NA,NA,NA,NA,NA,NA,NA,NA,NA,NA,NA,NA,NA,NA,NA,NA,NA,NA,NA,NA,NA,NA,NA,NA,NA,NA,NA,NA,NA,NA,NA,NA,NA,NA,NA
"56","Clayton Tune","ARI","QB","16160","robust",1.4,NA,0.9,NA,9.6,3.55824,0,0,0.2,0.14826,0.5,NA,2.05,2.89107,0,0,0,0,0,NA,0,NA,NA,NA,NA,NA,NA,NA,NA,NA,NA,NA,NA,NA,NA,NA,NA,NA,NA,NA,NA,NA,NA,NA,NA,NA,NA,NA,NA,NA,NA,NA,NA,NA,NA,NA,NA,NA,NA,NA,NA,NA,NA,NA
"57","Kyle Allen","BUF","QB","13879","robust",1.05,0,0.525,0.44478,7.425,1.4826,0.025,0,0.025,0,0.375,0.14826,-0.2,0.44478,0,0,0,0,0,NA,0,NA,NA,NA,NA,NA,NA,NA,NA,NA,NA,NA,NA,NA,NA,NA,NA,NA,NA,NA,NA,NA,NA,NA,NA,NA,NA,NA,NA,NA,NA,NA,NA,NA,NA,NA,NA,NA,NA,NA,NA,NA,NA,NA
"58","Drew Lock","SEA","QB","14057","robust",0.45,0.29652,0.325,0.29652,4.625,2.07564,0.025,0,0,0,0.05,0,0.35,0.14826,0,0,0,0,0,NA,0,NA,NA,NA,NA,NA,NA,NA,NA,NA,NA,NA,NA,NA,NA,NA,NA,NA,NA,NA,NA,NA,NA,NA,NA,NA,NA,NA,NA,NA,NA,NA,NA,NA,NA,NA,NA,NA,NA,NA,NA,NA,NA,NA
"59","Brett Rypien","LAR","QB","14065","robust",0.925,0.14826,0.525,0.44478,6.8,2.66868,0.075,0,0.075,0,0.2,0.29652,0.225,0.29652,0,0,0,0,0,NA,0,NA,NA,NA,NA,NA,NA,NA,NA,NA,NA,NA,NA,NA,NA,NA,NA,NA,NA,NA,NA,NA,NA,NA,NA,NA,NA,NA,NA,NA,NA,NA,NA,NA,NA,NA,NA,NA,NA,NA,NA,NA,NA,NA
"60","Tyrod Taylor","NYG","QB","10413","robust",1.1,1.18608,0.725,0.7413,7.8,0.889559999999999,0.075,0,0.05,0,0.375,0.44478,1.9,1.92738,0,0,0.025,0,0,NA,0,NA,NA,NA,NA,NA,NA,NA,NA,NA,NA,NA,NA,NA,NA,NA,NA,NA,NA,NA,NA,NA,NA,NA,NA,NA,NA,NA,NA,NA,NA,NA,NA,NA,NA,NA,NA,NA,NA,NA,NA,NA,NA,NA
"61","Malik Willis","TEN","QB","15694","robust",0.85,1.26021,0.4,0.59304,6.35,0.51891,0,0,0,0,0.5,0.7413,2.05,2.89107,0,0,0.1,0.14826,NA,NA,NA,NA,NA,NA,NA,NA,NA,NA,NA,NA,NA,NA,NA,NA,NA,NA,NA,NA,NA,NA,NA,NA,NA,NA,NA,NA,NA,NA,NA,NA,NA,NA,NA,NA,NA,NA,NA,NA,NA,NA,NA,NA,NA,NA
"62","Kyle Trask","TB","QB","15242","robust",0,NA,0,NA,6.4,0,0,0,0,0,0,0,0,0,0,0,0,0,NA,NA,NA,NA,NA,NA,NA,NA,NA,NA,NA,NA,NA,NA,NA,NA,NA,NA,NA,NA,NA,NA,NA,NA,NA,NA,NA,NA,NA,NA,NA,NA,NA,NA,NA,NA,NA,NA,NA,NA,NA,NA,NA,NA,NA,NA
"63","C.J. Beathard","JAC","QB","13125","robust",0.85,1.26021,0.55,0.81543,5.8,0.29652,0,0,0.05,0.07413,0.25,0.37065,-0.15,0.37065,0,0,0,0,NA,NA,NA,NA,NA,NA,NA,NA,NA,NA,NA,NA,NA,NA,NA,NA,NA,NA,NA,NA,NA,NA,NA,NA,NA,NA,NA,NA,NA,NA,NA,NA,NA,NA,NA,NA,NA,NA,NA,NA,NA,NA,NA,NA,NA,NA
"64","Tyson Bagent","CHI","QB","16384","robust",0.8,0,0.5,0,4.5,0.7413,0.05,0.07413,0.05,0.07413,0.05,0.07413,0.15,0.22239,0,0,0,0,NA,NA,NA,NA,NA,NA,NA,NA,NA,NA,NA,NA,NA,NA,NA,NA,NA,NA,NA,NA,NA,NA,NA,NA,NA,NA,NA,NA,NA,NA,NA,NA,NA,NA,NA,NA,NA,NA,NA,NA,NA,NA,NA,NA,NA,NA
"65","Christian McCaffrey","SF","RB","13130","robust",NA,NA,NA,NA,NA,NA,NA,NA,NA,NA,17.853459213881,1.378818,86.8,3.63236999999999,0.7975,0.140847,0.01875,0.0185325,0,NA,0,NA,4.3,0.29652,34.85,3.432219,0.2,0.014826,NA,NA,NA,NA,NA,NA,NA,NA,NA,NA,NA,NA,NA,NA,NA,NA,NA,NA,NA,NA,NA,NA,NA,NA,NA,NA,NA,NA,NA,NA,NA,NA,NA,NA,NA,NA
"66","Tony Pollard","DAL","RB","14085","robust",NA,NA,NA,NA,NA,NA,NA,NA,NA,NA,18.625,0.148260000000002,82.8,7.301805,0.65,0.14826,0.01875,0.0185325,0.04,0,0,NA,3.1,0.14826,25.475,1.03782,0.1,0,NA,NA,NA,NA,NA,NA,NA,NA,NA,NA,NA,NA,NA,NA,NA,NA,NA,NA,NA,NA,NA,NA,NA,NA,NA,NA,NA,NA,NA,NA,NA,NA,NA,NA,NA,NA
"67","Zack Moss","IND","RB","14798","robust",NA,NA,NA,NA,NA,NA,NA,NA,NA,NA,18.65,1.18608,74.775,5.26323,0.465,0.051891,0.117,0.0252042,0.01,0,0,NA,2.005,0.155673,15.535,2.972613,0.0975,0.00741300000000001,NA,NA,NA,NA,NA,NA,NA,NA,NA,NA,NA,NA,NA,NA,NA,NA,NA,NA,NA,NA,NA,NA,NA,NA,NA,NA,NA,NA,NA,NA,NA,NA,NA,NA,NA,NA
"68","Derrick Henry","TEN","RB","12626","robust",NA,NA,NA,NA,NA,NA,NA,NA,NA,NA,19.225,0.630104999999998,79.825,2.44629,0.61,0.014826,0.108,0.0118608,0.06,0,0,NA,2,0,19.565,1.875489,0.08,0.014826,NA,NA,NA,NA,NA,NA,NA,NA,NA,NA,NA,NA,NA,NA,NA,NA,NA,NA,NA,NA,NA,NA,NA,NA,NA,NA,NA,NA,NA,NA,NA,NA,NA,NA,NA,NA
"69","Bijan Robinson","ATL","RB","16161","robust",NA,NA,NA,NA,NA,NA,NA,NA,NA,NA,14.6,0.704234999999999,65,8.8956,0.3825,0.14826,0.086,0.0207564,0.01,0,0,NA,3.81,0.622692,29.555,2.81694,0.16,0.059304,NA,NA,NA,NA,NA,NA,NA,NA,NA,NA,NA,NA,NA,NA,NA,NA,NA,NA,NA,NA,NA,NA,NA,NA,NA,NA,NA,NA,NA,NA,NA,NA,NA,NA,NA,NA
"70","D'Andre Swift","PHI","RB","14797","robust",NA,NA,NA,NA,NA,NA,NA,NA,NA,NA,13.8282914034349,1.95956516526746,65.03,5.841444,0.5,0.118608,0.069,0.044478,0.03,0,0,NA,2.3,0.44478,16.625,2.957787,0.1,0,NA,NA,NA,NA,NA,NA,NA,NA,NA,NA,NA,NA,NA,NA,NA,NA,NA,NA,NA,NA,NA,NA,NA,NA,NA,NA,NA,NA,NA,NA,NA,NA,NA,NA,NA,NA
"71","Josh Jacobs","LVR","RB","14073","robust",NA,NA,NA,NA,NA,NA,NA,NA,NA,NA,16.75,0.956276999999999,72.58,7.620564,0.535,0.059304,0.096,0.0059304,0,NA,0,NA,3.0325,0.244629,23.0275,2.142357,0.055,0.014826,NA,NA,NA,NA,NA,NA,NA,NA,NA,NA,NA,NA,NA,NA,NA,NA,NA,NA,NA,NA,NA,NA,NA,NA,NA,NA,NA,NA,NA,NA,NA,NA,NA,NA,NA,NA
"72","Miles Sanders","CAR","RB","14079","robust",NA,NA,NA,NA,NA,NA,NA,NA,NA,NA,15.5017585259691,0.533736000000002,66.3575,6.6717,0.4,0.103782,0.14,0.059304,0,NA,0,NA,2.545,0.504083999999999,20.6325,6.6717,0.05,0.022239,NA,NA,NA,NA,NA,NA,NA,NA,NA,NA,NA,NA,NA,NA,NA,NA,NA,NA,NA,NA,NA,NA,NA,NA,NA,NA,NA,NA,NA,NA,NA,NA,"Q","Groin",2023,4
"73","Travis Etienne","JAC","RB","15253","robust",NA,NA,NA,NA,NA,NA,NA,NA,NA,NA,15.9098016428454,1.31151283136505,75.5575,2.80952699999999,0.5,0.066717,0.106,0.00889560000000001,0.03,0,0,NA,2.9175,0.392889,22.8375,3.002265,0.055,0.044478,NA,NA,NA,NA,NA,NA,NA,NA,NA,NA,NA,NA,NA,NA,NA,NA,NA,NA,NA,NA,NA,NA,NA,NA,NA,NA,NA,NA,NA,NA,NA,NA,NA,NA,NA,NA
"74","Saquon Barkley","NYG","RB","13604","robust",NA,NA,NA,NA,NA,NA,NA,NA,NA,NA,18,NA,80,0,0.8,0,0,0,NA,NA,NA,NA,4,0,22,0,0.1,1.02876041019329e-17,NA,NA,NA,NA,NA,NA,NA,NA,NA,NA,NA,NA,NA,NA,NA,NA,NA,NA,NA,NA,NA,NA,NA,NA,NA,NA,NA,NA,NA,NA,NA,NA,"D","Ankle",2023,4
"75","James Cook","BUF","RB","15715","robust",NA,NA,NA,NA,NA,NA,NA,NA,NA,NA,13.0940792478761,0.824208107098936,63.6,8.562015,0.3,0.00741299999999996,0.089,0.0163086,0.01,0,0,NA,2.765,0.29652,20.9275,2.9652,0.1,0,NA,NA,NA,NA,NA,NA,NA,NA,NA,NA,NA,NA,NA,NA,NA,NA,NA,NA,NA,NA,NA,NA,NA,NA,NA,NA,NA,NA,NA,NA,NA,NA,NA,NA,NA,NA
"76","Brian Robinson","WAS","RB","15716","robust",NA,NA,NA,NA,NA,NA,NA,NA,NA,NA,15.425,0.518909999999999,64.2,7.56126,0.35,0.022239,0.01875,0.0185325,0.04,0,0,NA,1.375,0.481845,11.1,2.07564,0.035,0.022239,NA,NA,NA,NA,NA,NA,NA,NA,NA,NA,NA,NA,NA,NA,NA,NA,NA,NA,NA,NA,NA,NA,NA,NA,NA,NA,NA,NA,NA,NA,NA,NA,NA,NA,NA,NA
"77","Kenneth Walker III","SEA","RB","15711","robust",NA,NA,NA,NA,NA,NA,NA,NA,NA,NA,16.1,0.296215598734524,73.62,1.77912,0.73,0.14826,0.01875,0.0185325,0.01,0,0,NA,2.125,0.259455,16.8,1.03782,0.05,0.022239,NA,NA,NA,NA,NA,NA,NA,NA,NA,NA,NA,NA,NA,NA,NA,NA,NA,NA,NA,NA,NA,NA,NA,NA,NA,NA,NA,NA,NA,NA,NA,NA,NA,NA,NA,NA
"78","Kyren Williams","LAR","RB","15710","robust",NA,NA,NA,NA,NA,NA,NA,NA,NA,NA,15.3580093217912,0.911799,60.885,5.359599,0.5,0.07413,0.066,0.0504084,0.01,0,0.01,0,3.005,0.756126,24.4725,5.55975,0.1,0,NA,NA,NA,NA,NA,NA,NA,NA,NA,NA,NA,NA,NA,NA,NA,NA,NA,NA,NA,NA,NA,NA,NA,NA,NA,NA,NA,NA,NA,NA,NA,NA,NA,NA,NA,NA
"79","Rachaad White","TB","RB","15721","robust",NA,NA,NA,NA,NA,NA,NA,NA,NA,NA,15.7523764825261,0.589516627006786,62.0925,3.617544,0.3,0.014826,0.176,0.1126776,0,NA,0,NA,2.95,0.14826,19.7,3.40998,0.095,0,NA,NA,NA,NA,NA,NA,NA,NA,NA,NA,NA,NA,NA,NA,NA,NA,NA,NA,NA,NA,NA,NA,NA,NA,NA,NA,NA,NA,NA,NA,NA,NA,NA,NA,NA,NA
"80","Raheem Mostert","MIA","RB","12447","robust",NA,NA,NA,NA,NA,NA,NA,NA,NA,NA,12.5,1.15255025777239,62.69,7.153545,0.5,0.00741300000000001,0.0795,0.022239,0,NA,0,NA,2.8,0.177912,19.545,2.29803,0.11,0.029652,NA,NA,NA,NA,NA,NA,NA,NA,NA,NA,NA,NA,NA,NA,NA,NA,NA,NA,NA,NA,NA,NA,NA,NA,NA,NA,NA,NA,NA,NA,NA,NA,NA,NA,NA,NA
"81","James Conner","ARI","RB","13146","robust",NA,NA,NA,NA,NA,NA,NA,NA,NA,NA,15.4,0.711647999999999,62.74,2.9652,0.465,0.051891,0.094,0.00889560000000001,0,NA,0,NA,2.7125,0.318759,18.015,0.889559999999999,0.08,0.014826,NA,NA,NA,NA,NA,NA,NA,NA,NA,NA,NA,NA,NA,NA,NA,NA,NA,NA,NA,NA,NA,NA,NA,NA,NA,NA,NA,NA,NA,NA,NA,NA,NA,NA,NA,NA
"82","Rhamondre Stevenson","NE","RB","15259","robust",NA,NA,NA,NA,NA,NA,NA,NA,NA,NA,15.355,0.659757,63.55,4.22541,0.4,0.118608,0.093,0.0103782,0.01,0,0,NA,3.185,0.14826,23.55,2.9652,0.085,0.007413,NA,NA,NA,NA,NA,NA,NA,NA,NA,NA,NA,NA,NA,NA,NA,NA,NA,NA,NA,NA,NA,NA,NA,NA,NA,NA,NA,NA,NA,NA,NA,NA,NA,NA,NA,NA
"83","Alexander Mattison","MIN","RB","14223","robust",NA,NA,NA,NA,NA,NA,NA,NA,NA,NA,15.2046251946568,1.76318262719648,60.64,5.515272,0.4,0,0.144,0.0504084,0.01,0,0,NA,2.5,0.489258,17.6425,3.610131,0.135,0.07413,NA,NA,NA,NA,NA,NA,NA,NA,NA,NA,NA,NA,NA,NA,NA,NA,NA,NA,NA,NA,NA,NA,NA,NA,NA,NA,NA,NA,NA,NA,NA,NA,NA,NA,NA,NA
"84","David Montgomery","DET","RB","14071","robust",NA,NA,NA,NA,NA,NA,NA,NA,NA,NA,15.375,0.518909999999999,61.305,4.759146,0.515,0.081543,0.138,0.0563388,0,NA,0,NA,1.4425,0.570801,12.75,3.55824,0.0475,0.066717,NA,NA,NA,NA,NA,NA,NA,NA,NA,NA,NA,NA,NA,NA,NA,NA,NA,NA,NA,NA,NA,NA,NA,NA,NA,NA,NA,NA,NA,NA,NA,NA,NA,NA,NA,NA
"85","Najee Harris","PIT","RB","15254","robust",NA,NA,NA,NA,NA,NA,NA,NA,NA,NA,14.95,0.44478,60.3325,2.2239,0.38,0.111195,0.093,0.0103782,0,NA,0,NA,1.895,0.140847,11.6,1.33434,0.095,0,NA,NA,NA,NA,NA,NA,NA,NA,NA,NA,NA,NA,NA,NA,NA,NA,NA,NA,NA,NA,NA,NA,NA,NA,NA,NA,NA,NA,NA,NA,NA,NA,NA,NA,NA,NA
"86","Joshua Kelley","LAC","RB","14807","robust",NA,NA,NA,NA,NA,NA,NA,NA,NA,NA,15.3,0.585566880477392,62.805,2.053401,0.5,0.022239,0.117,0.0252042,0.01,0,0,NA,1.595,0.504084,11.3725,2.083053,0.065,0.07413,NA,NA,NA,NA,NA,NA,NA,NA,NA,NA,NA,NA,NA,NA,NA,NA,NA,NA,NA,NA,NA,NA,NA,NA,NA,NA,NA,NA,NA,NA,NA,NA,NA,NA,NA,NA
"87","Dameon Pierce","HOU","RB","15717","robust",NA,NA,NA,NA,NA,NA,NA,NA,NA,NA,13.8796913291352,0.148260000000001,57.4,2.66868,0.3,0.140847,0.101,0.0014826,0,NA,0,NA,2.15,0.22239,14.725,1.4826,0.085,0.00741300000000001,NA,NA,NA,NA,NA,NA,NA,NA,NA,NA,NA,NA,NA,NA,NA,NA,NA,NA,NA,NA,NA,NA,NA,NA,NA,NA,NA,NA,NA,NA,NA,NA,NA,NA,NA,NA
"88","Javonte Williams","DEN","RB","15256","robust",NA,NA,NA,NA,NA,NA,NA,NA,NA,NA,14.445,0.193871392143532,63.025,1.534491,0.4,0,0.09,0.014826,0.01,0,0,NA,2.965,0.0963689999999999,20.5825,1.571556,0.1,0,NA,NA,NA,NA,NA,NA,NA,NA,NA,NA,NA,NA,NA,NA,NA,NA,NA,NA,NA,NA,NA,NA,NA,NA,NA,NA,NA,NA,NA,NA,NA,NA,NA,NA,NA,NA
"89","Gus Edwards","BAL","RB","13850","robust",NA,NA,NA,NA,NA,NA,NA,NA,NA,NA,10.2,1.33434,47.8575,7.005285,0.3,0.118608,0.097,0.0044478,0,NA,0,NA,0.3,0.207564,2.2,1.074885,0,0,NA,NA,NA,NA,NA,NA,NA,NA,NA,NA,NA,NA,NA,NA,NA,NA,NA,NA,NA,NA,NA,NA,NA,NA,NA,NA,NA,NA,NA,NA,NA,NA,NA,NA,NA,NA
"90","Joe Mixon","CIN","RB","13131","robust",NA,NA,NA,NA,NA,NA,NA,NA,NA,NA,15.15,1.18608,60.375,2.142357,0.4,0.00741299999999996,0.0205,0.022239,0,NA,0,NA,3.225,0.22239,23.8,3.40998,0.1,0,NA,NA,NA,NA,NA,NA,NA,NA,NA,NA,NA,NA,NA,NA,NA,NA,NA,NA,NA,NA,NA,NA,NA,NA,NA,NA,NA,NA,NA,NA,NA,NA,NA,NA,NA,NA
"91","Aaron Jones","GB","RB","13319","robust",NA,NA,NA,NA,NA,NA,NA,NA,NA,NA,12.5,1.83496843143532,57.5,7.56126,0.35,0.07413,0.093,0.0103782,0,NA,0,NA,3.02,0.177912,27.24,2.194248,0.13,0.044478,NA,NA,NA,NA,NA,NA,NA,NA,NA,NA,NA,NA,NA,NA,NA,NA,NA,NA,NA,NA,NA,NA,NA,NA,NA,NA,NA,NA,NA,NA,NA,NA,NA,NA,NA,NA
"92","Jerome Ford","CLE","RB","15713","robust",NA,NA,NA,NA,NA,NA,NA,NA,NA,NA,13.3653415660205,1.21471918843613,57.6,3.128286,0.3,0.037065,0.1205,0.022239,0.01,0,0,NA,2,0.44478,16.3,2.2239,0.1,0.037065,NA,NA,NA,NA,NA,NA,NA,NA,NA,NA,NA,NA,NA,NA,NA,NA,NA,NA,NA,NA,NA,NA,NA,NA,NA,NA,NA,NA,NA,NA,NA,NA,NA,NA,NA,NA
"93","Isiah Pacheco","KC","RB","15749","robust",NA,NA,NA,NA,NA,NA,NA,NA,NA,NA,12.9484825330489,1.47810040699647,58.05,4.4478,0.385,0.081543,0.102,0.0029652,0.01,0,0,NA,1.825,0.22239,14.1,1.03782,0.05,0.066717,NA,NA,NA,NA,NA,NA,NA,NA,NA,NA,NA,NA,NA,NA,NA,NA,NA,NA,NA,NA,NA,NA,NA,NA,NA,NA,NA,NA,NA,NA,NA,NA,NA,NA,NA,NA
"94","Khalil Herbert","CHI","RB","15271","robust",NA,NA,NA,NA,NA,NA,NA,NA,NA,NA,11.101471522688,1.18303035907446,52.3775,7.346283,0.27,0.066717,0.05,0.037065,0.04,0,0,NA,1.665,0.474432,14.85,5.581989,0.095,0,NA,NA,NA,NA,NA,NA,NA,NA,NA,NA,NA,NA,NA,NA,NA,NA,NA,NA,NA,NA,NA,NA,NA,NA,NA,NA,NA,NA,NA,NA,NA,NA,NA,NA,NA,NA
"95","Alvin Kamara","NO","RB","13132","robust",NA,NA,NA,NA,NA,NA,NA,NA,NA,NA,13.9025,1.237971,56.4625,3.298785,0.3,0,0.132,0.0474432,0,NA,0,NA,2.7875,0.429954,24.0525,3.921477,0.1,0,NA,NA,NA,NA,NA,NA,NA,NA,NA,NA,NA,NA,NA,NA,NA,NA,NA,NA,NA,NA,NA,NA,NA,NA,NA,NA,NA,NA,NA,NA,NA,NA,NA,NA,NA,NA
"96","Breece Hall","NYJ","RB","15708","robust",NA,NA,NA,NA,NA,NA,NA,NA,NA,NA,12.3,0.384125438525558,57.89,1.4826,0.3,0.103782,0.016,0.0177912,0.01,0,0,NA,1.915,0.126021,16.78,2.987439,0.08,0,NA,NA,NA,NA,NA,NA,NA,NA,NA,NA,NA,NA,NA,NA,NA,NA,NA,NA,NA,NA,NA,NA,NA,NA,NA,NA,NA,NA,NA,NA,NA,NA,NA,NA,NA,NA
"97","Tyler Allgeier","ATL","RB","15712","robust",NA,NA,NA,NA,NA,NA,NA,NA,NA,NA,11.5,0.7413,49.1,4.15128,0.3,0,0.01875,0.0185325,0,NA,0,NA,1.15,0.0741300000000001,8.9,0.659757,0.01,0,NA,NA,NA,NA,NA,NA,NA,NA,NA,NA,NA,NA,NA,NA,NA,NA,NA,NA,NA,NA,NA,NA,NA,NA,NA,NA,NA,NA,NA,NA,NA,NA,NA,NA,NA,NA
"98","Devon Achane","MIA","RB","16167","robust",NA,NA,NA,NA,NA,NA,NA,NA,NA,NA,9.925,0.148260000000001,48.03,6.6717,0.3,0.029652,0.068,0.044478,0,NA,0,NA,2,0.407715,15.1675,6.175029,0.1,0.059304,NA,NA,NA,NA,NA,NA,NA,NA,NA,NA,NA,NA,NA,NA,NA,NA,NA,NA,NA,NA,NA,NA,NA,NA,NA,NA,NA,NA,NA,NA,NA,NA,NA,NA,NA,NA
"99","Jahmyr Gibbs","DET","RB","16162","robust",NA,NA,NA,NA,NA,NA,NA,NA,NA,NA,9.45,1.92738,41.875,8.8956,0.25,0.07413,0.0265,0.0340998,0,NA,0,NA,2.6,0.748713,22,4.67019,0.075,0.037065,NA,NA,NA,NA,NA,NA,NA,NA,NA,NA,NA,NA,NA,NA,NA,NA,NA,NA,NA,NA,NA,NA,NA,NA,NA,NA,NA,NA,NA,NA,NA,NA,NA,NA,NA,NA
"100","Matt Breida","NYG","RB","13378","robust",NA,NA,NA,NA,NA,NA,NA,NA,NA,NA,10.425,0.919211999999999,46.95,1.77912,0.31,0.14826,0.096,0.0059304,0,NA,0,NA,1.7,0.44478,13.345,6.656874,0.05,0.044478,NA,NA,NA,NA,NA,NA,NA,NA,NA,NA,NA,NA,NA,NA,NA,NA,NA,NA,NA,NA,NA,NA,NA,NA,NA,NA,NA,NA,NA,NA,NA,NA,NA,NA,NA,NA
"101","AJ Dillon","GB","RB","14805","robust",NA,NA,NA,NA,NA,NA,NA,NA,NA,NA,10,0.537952060302021,40.3675,2.29803,0.285,0.022239,0.003,0.0044478,0,NA,0,NA,1.1,0.133434,9.4025,1.237971,0,0,NA,NA,NA,NA,NA,NA,NA,NA,NA,NA,NA,NA,NA,NA,NA,NA,NA,NA,NA,NA,NA,NA,NA,NA,NA,NA,NA,NA,NA,NA,NA,NA,NA,NA,NA,NA
"102","Roschon Johnson","CHI","RB","16175","robust",NA,NA,NA,NA,NA,NA,NA,NA,NA,NA,9.15,1.289862,41.6525,2.305443,0.25,0.07413,0.016,0.0177912,0,NA,0,NA,1.87,0.14826,14.74,1.304688,0.05,0.029652,NA,NA,NA,NA,NA,NA,NA,NA,NA,NA,NA,NA,NA,NA,NA,NA,NA,NA,NA,NA,NA,NA,NA,NA,NA,NA,NA,NA,NA,NA,NA,NA,NA,NA,NA,NA
"103","Dalvin Cook","NYJ","RB","13128","robust",NA,NA,NA,NA,NA,NA,NA,NA,NA,NA,8.965,1.92738,36.6475,5.9304,0.2,0.014826,0.13,0.044478,0,NA,0,NA,1.6675,0.44478,12.23,2.112705,0,0,NA,NA,NA,NA,NA,NA,NA,NA,NA,NA,NA,NA,NA,NA,NA,NA,NA,NA,NA,NA,NA,NA,NA,NA,NA,NA,NA,NA,NA,NA,NA,NA,NA,NA,NA,NA
"104","Kenneth Gainwell","PHI","RB","15255","robust",NA,NA,NA,NA,NA,NA,NA,NA,NA,NA,7.99,0.029652,33.75,1.85325,0.215,0.111195,0.004,0.0059304,0,NA,0,NA,1.7,0.177912,12.755,0.904386,0.05,0.044478,NA,NA,NA,NA,NA,NA,NA,NA,NA,NA,NA,NA,NA,NA,NA,NA,NA,NA,NA,NA,NA,NA,NA,NA,NA,NA,NA,NA,NA,NA,NA,NA,NA,NA,NA,NA
"105","Ezekiel Elliott","NE","RB","12625","robust",NA,NA,NA,NA,NA,NA,NA,NA,NA,NA,8.85,0.615279,35.0275,1.275036,0.2075,0.051891,0.062,0.059304,0,NA,0,NA,1.07,0.133434,6.75,0.96369,0,0,NA,NA,NA,NA,NA,NA,NA,NA,NA,NA,NA,NA,NA,NA,NA,NA,NA,NA,NA,NA,NA,NA,NA,NA,NA,NA,NA,NA,NA,NA,NA,NA,NA,NA,NA,NA
"106","Jaylen Warren","PIT","RB","15742","robust",NA,NA,NA,NA,NA,NA,NA,NA,NA,NA,7.7824136546221,1.86833203131454,36.5925,6.323289,0.2,0.00741300000000001,0.001,0.0014826,0,NA,0,NA,2.98,0.207564,23,2.74281,0.0525,0.029652,NA,NA,NA,NA,NA,NA,NA,NA,NA,NA,NA,NA,NA,NA,NA,NA,NA,NA,NA,NA,NA,NA,NA,NA,NA,NA,NA,NA,NA,NA,NA,NA,NA,NA,NA,NA
"107","Austin Ekeler","LAC","RB","13404","robust",NA,NA,NA,NA,NA,NA,NA,NA,NA,NA,9.6,NA,43,0,0.5,0,0.2,0,NA,NA,NA,NA,3.6,0,28,0,0.2,0,NA,NA,NA,NA,NA,NA,NA,NA,NA,NA,NA,NA,NA,NA,NA,NA,NA,NA,NA,NA,NA,NA,NA,NA,NA,NA,NA,NA,NA,NA,NA,NA,"D","Ankle",2023,4
"108","DOnta Foreman","CHI","RB","13134","robust",NA,NA,NA,NA,NA,NA,NA,NA,NA,NA,1.23,NA,10.1,10.97124,0.02,0.029652,0,0,0,NA,0,NA,0.2,0.14826,1.65,1.26021,0.00127840909090909,0,NA,NA,NA,NA,NA,NA,NA,NA,NA,NA,NA,NA,NA,NA,NA,NA,NA,NA,NA,NA,NA,NA,NA,NA,NA,NA,NA,NA,NA,NA,NA,NA,NA,NA,NA,NA
"109","Kareem Hunt","CLE","RB","13138","robust",NA,NA,NA,NA,NA,NA,NA,NA,NA,NA,6.47,1.92738,25,2.9652,0.2,0.029652,0.0125,0.037065,0.03,0,0,NA,1.7,0.0444779999999997,12.55,1.497426,0.0225,0,NA,NA,NA,NA,NA,NA,NA,NA,NA,NA,NA,NA,NA,NA,NA,NA,NA,NA,NA,NA,NA,NA,NA,NA,NA,NA,NA,NA,NA,NA,NA,NA,NA,NA,NA,NA
"110","Justice Hill","BAL","RB","14086","robust",NA,NA,NA,NA,NA,NA,NA,NA,NA,NA,6.98,2.00151,27.875,10.111332,0.135,0.103782,0.084,0.0237216,0,NA,0.01,0,1.0125,0.689409,5.82,2.045988,0,0,NA,NA,NA,NA,NA,NA,NA,NA,NA,NA,NA,NA,NA,NA,NA,NA,NA,NA,NA,NA,NA,NA,NA,NA,NA,NA,NA,NA,NA,NA,NA,NA,"Q","Foot",2023,4
"111","Elijah Mitchell","SF","RB","15263","robust",NA,NA,NA,NA,NA,NA,NA,NA,NA,NA,5.645,0.804535591025997,25.625,3.78063,0.1725,0.051891,0,0,0,NA,0,NA,0.9,0.0741300000000001,5.55,0.66717,0.05,0.029652,NA,NA,NA,NA,NA,NA,NA,NA,NA,NA,NA,NA,NA,NA,NA,NA,NA,NA,NA,NA,NA,NA,NA,NA,NA,NA,NA,NA,NA,NA,NA,NA,"Q","Knee",2023,4
"112","Gary Brightwell","NYG","RB","15462","robust",NA,NA,NA,NA,NA,NA,NA,NA,NA,NA,6.7475,1.616034,25.8,6.96822,0.12,0.14826,0.001,0,0,NA,0,NA,0.8675,0.177912,7.66,1.497426,0,0,NA,NA,NA,NA,NA,NA,NA,NA,NA,NA,NA,NA,NA,NA,NA,NA,NA,NA,NA,NA,NA,NA,NA,NA,NA,NA,NA,NA,NA,NA,NA,NA,NA,NA,NA,NA
"113","Devin Singletary","HOU","RB","14080","robust",NA,NA,NA,NA,NA,NA,NA,NA,NA,NA,7.4025,0.81543,32.35,3.11346,0.15,0.022239,0.096,0.0059304,0,NA,0,NA,1.05,0.0889560000000001,7.715,1.460361,0,0,NA,NA,NA,NA,NA,NA,NA,NA,NA,NA,NA,NA,NA,NA,NA,NA,NA,NA,NA,NA,NA,NA,NA,NA,NA,NA,NA,NA,NA,NA,NA,NA,NA,NA,NA,NA
"114","Cam Akers","MIN","RB","14799","robust",NA,NA,NA,NA,NA,NA,NA,NA,NA,NA,5.91458434557965,3.11346,25.2,7.235088,0.2,0.044478,0.036,0.0533736,0,NA,0,NA,0.7525,0.163086,4.9,0.385476,0,0,NA,NA,NA,NA,NA,NA,NA,NA,NA,NA,NA,NA,NA,NA,NA,NA,NA,NA,NA,NA,NA,NA,NA,NA,NA,NA,NA,NA,NA,NA,NA,NA,NA,NA,NA,NA
"115","Zach Charbonnet","SEA","RB","16169","robust",NA,NA,NA,NA,NA,NA,NA,NA,NA,NA,5.7,0.388027138161319,26,2.105292,0.15,0.022239,0.046,0.0459606,0,NA,0,NA,1.065,0.0963689999999999,7.975,0.422541,0.0575,0.037065,NA,NA,NA,NA,NA,NA,NA,NA,NA,NA,NA,NA,NA,NA,NA,NA,NA,NA,NA,NA,NA,NA,NA,NA,NA,NA,NA,NA,NA,NA,NA,NA,NA,NA,NA,NA
"116","Clyde Edwards-Helaire","KC","RB","14803","robust",NA,NA,NA,NA,NA,NA,NA,NA,NA,NA,5.5,1.55088441253397,24.55,9.058686,0.15,0.044478,0.004,0.0059304,0,NA,0,NA,0.8975,0.140847,6.2,0.511497,0.02,0.014826,NA,NA,NA,NA,NA,NA,NA,NA,NA,NA,NA,NA,NA,NA,NA,NA,NA,NA,NA,NA,NA,NA,NA,NA,NA,NA,NA,NA,NA,NA,NA,NA,NA,NA,NA,NA
"117","Chuba Hubbard","CAR","RB","15261","robust",NA,NA,NA,NA,NA,NA,NA,NA,NA,NA,6.01,0.934038,27.25,6.37518,0.12,0.029652,0.003,0.0044478,0,NA,0,NA,1.845,0.163086,15.085,0.37065,0.0425,0.051891,NA,NA,NA,NA,NA,NA,NA,NA,NA,NA,NA,NA,NA,NA,NA,NA,NA,NA,NA,NA,NA,NA,NA,NA,NA,NA,NA,NA,NA,NA,NA,NA,NA,NA,NA,NA
"118","Samaje Perine","DEN","RB","13133","robust",NA,NA,NA,NA,NA,NA,NA,NA,NA,NA,6,0.37065,24.4,3.068982,0.1075,0.022239,0,0,0,NA,0,NA,2.2875,0.303933,17.7475,2.290617,0.1,0,NA,NA,NA,NA,NA,NA,NA,NA,NA,NA,NA,NA,NA,NA,NA,NA,NA,NA,NA,NA,NA,NA,NA,NA,NA,NA,NA,NA,NA,NA,NA,NA,NA,NA,NA,NA
"119","Kendre Miller","NO","RB","16171","robust",NA,NA,NA,NA,NA,NA,NA,NA,NA,NA,7.0275,0.511497,28.475,3.55824,0.105,0.126021,0.016,0.0177912,0,NA,0,NA,0.8,0.29652,6.2,2.053401,0.01,0,NA,NA,NA,NA,NA,NA,NA,NA,NA,NA,NA,NA,NA,NA,NA,NA,NA,NA,NA,NA,NA,NA,NA,NA,NA,NA,NA,NA,NA,NA,NA,NA,NA,NA,NA,NA
"120","Tyjae Spears","TEN","RB","16165","robust",NA,NA,NA,NA,NA,NA,NA,NA,NA,NA,6.7,0.7413,28.2,4.00302,0.15,0.014826,0.0205,0.022239,0,NA,0,NA,1.86,0.0889559999999997,14.4125,1.623447,0.05,0.037065,NA,NA,NA,NA,NA,NA,NA,NA,NA,NA,NA,NA,NA,NA,NA,NA,NA,NA,NA,NA,NA,NA,NA,NA,NA,NA,NA,NA,NA,NA,NA,NA,NA,NA,NA,NA
"121","Rico Dowdle","DAL","RB","14823","robust",NA,NA,NA,NA,NA,NA,NA,NA,NA,NA,4.73,0.741300000000001,18.9,4.558995,0.09,0.014826,0.001,0.0014826,0,NA,0,NA,0.915,0.126021,6.825,0.896973,0.02,0.007413,NA,NA,NA,NA,NA,NA,NA,NA,NA,NA,NA,NA,NA,NA,NA,NA,NA,NA,NA,NA,NA,NA,NA,NA,NA,NA,NA,NA,NA,NA,NA,NA,NA,NA,NA,NA
"122","Cordarrelle Patterson","ATL","RB","11225","robust",NA,NA,NA,NA,NA,NA,NA,NA,NA,NA,2.6,NA,15.2675,10.126158,0.14948584962449,0.0726054413065376,0.012,0.029652,0,NA,0,NA,0.85,0.378063,6.23791666666667,1.218203,0.0108241708609644,0.029652,NA,NA,NA,NA,NA,NA,NA,NA,NA,NA,NA,NA,NA,NA,NA,NA,NA,NA,NA,NA,NA,NA,NA,NA,NA,NA,NA,NA,NA,NA,NA,NA,"Q","Thigh",2023,4
"123","Isaiah Spiller","LAC","RB","15709","robust",NA,NA,NA,NA,NA,NA,NA,NA,NA,NA,5.04525974631129,0.726474,18.9825,6.864438,0.1,0.14826,0.001,0,0,NA,0,NA,0.69,0.237216,4.875,1.33434,0,0,NA,NA,NA,NA,NA,NA,NA,NA,NA,NA,NA,NA,NA,NA,NA,NA,NA,NA,NA,NA,NA,NA,NA,NA,NA,NA,NA,NA,NA,NA,NA,NA,NA,NA,NA,NA
"124","Melvin Gordon","BAL","RB","12151","robust",NA,NA,NA,NA,NA,NA,NA,NA,NA,NA,3.20443233525288,1.156428,14,4.89258,0,0,0.006,0,0,NA,0,NA,0.72,0.44478,5.8075,4.15128,0,0,NA,NA,NA,NA,NA,NA,NA,NA,NA,NA,NA,NA,NA,NA,NA,NA,NA,NA,NA,NA,NA,NA,NA,NA,NA,NA,NA,NA,NA,NA,NA,NA,NA,NA,NA,NA
"125","Jordan Mason","SF","RB","15972","robust",NA,NA,NA,NA,NA,NA,NA,NA,NA,NA,2.3425,1.03782,11.5525,5.352186,0.0625,0.044478,0.001,0,0,NA,0,NA,0.2,0.266868,1.55,1.512252,0,0,NA,NA,NA,NA,NA,NA,NA,NA,NA,NA,NA,NA,NA,NA,NA,NA,NA,NA,NA,NA,NA,NA,NA,NA,NA,NA,NA,NA,NA,NA,NA,NA,NA,NA,NA,NA
"126","Latavius Murray","BUF","RB","11390","robust",NA,NA,NA,NA,NA,NA,NA,NA,NA,NA,4.1372992050513,0.793191,19,6.15279,0.2,0.126021,0,0,0,NA,0,NA,1.05,0.0963689999999999,7.405,1.4826,0,0,NA,NA,NA,NA,NA,NA,NA,NA,NA,NA,NA,NA,NA,NA,NA,NA,NA,NA,NA,NA,NA,NA,NA,NA,NA,NA,NA,NA,NA,NA,NA,NA,NA,NA,NA,NA
"127","Tank Bigsby","JAC","RB","16164","robust",NA,NA,NA,NA,NA,NA,NA,NA,NA,NA,3.13,0.14826,15.225,3.195003,0.13,0.044478,0.084,0.1097124,0,NA,0,NA,0.575,0.229803,4.2,1.816185,0.01,0,NA,NA,NA,NA,NA,NA,NA,NA,NA,NA,NA,NA,NA,NA,NA,NA,NA,NA,NA,NA,NA,NA,NA,NA,NA,NA,NA,NA,NA,NA,NA,NA,NA,NA,NA,NA
"128","Antonio Gibson","WAS","RB","14852","robust",NA,NA,NA,NA,NA,NA,NA,NA,NA,NA,3.99634365789523,0.582198214390946,17.015,2.097879,0.1,0,0.0655,0.051891,0.03,0,0,NA,2.4725,0.363237,19.275,2.068227,0.085,0,NA,NA,NA,NA,NA,NA,NA,NA,NA,NA,NA,NA,NA,NA,NA,NA,NA,NA,NA,NA,NA,NA,NA,NA,NA,NA,NA,NA,NA,NA,NA,NA,NA,NA,NA,NA
"129","Ronnie Rivers","LAR","RB","15726","robust",NA,NA,NA,NA,NA,NA,NA,NA,NA,NA,3.73,1.70499,11.1,7.768824,0.095,0.066717,0.0125,0.0185325,0,NA,0,NA,0.8,0.326172,5.4,2.105292,0.01,0,NA,NA,NA,NA,NA,NA,NA,NA,NA,NA,NA,NA,NA,NA,NA,NA,NA,NA,NA,NA,NA,NA,NA,NA,NA,NA,NA,NA,NA,NA,NA,NA,NA,NA,NA,NA
"130","Sean Tucker","TB","RB","16166","robust",NA,NA,NA,NA,NA,NA,NA,NA,NA,NA,5.03808483286473,1.03782,18.725,4.951884,0.1,0,0.012,0.029652,0,NA,0,NA,0.7375,0.326172,4.9,1.660512,0,0,NA,NA,NA,NA,NA,NA,NA,NA,NA,NA,NA,NA,NA,NA,NA,NA,NA,NA,NA,NA,NA,NA,NA,NA,NA,NA,NA,NA,NA,NA,NA,NA,NA,NA,NA,NA
"131","Damien Harris","BUF","RB","14075","robust",NA,NA,NA,NA,NA,NA,NA,NA,NA,NA,3.275,0.526323,15.2925,2.9652,0.1175,0.051891,0.003,0.0044478,0,NA,0,NA,0.51,0.385476,4.1,2.66868,0,0,NA,NA,NA,NA,NA,NA,NA,NA,NA,NA,NA,NA,NA,NA,NA,NA,NA,NA,NA,NA,NA,NA,NA,NA,NA,NA,NA,NA,NA,NA,NA,NA,NA,NA,NA,NA
"132","Kenyan Drake","BAL","RB","12630","robust",NA,NA,NA,NA,NA,NA,NA,NA,NA,NA,2.785,1.171254,12.135,5.144622,0.0925,0.00741300000000001,0.025,0.02471,0,NA,0,NA,0.3725,0.170499,2.4725,1.060059,0.015,0.014826,NA,NA,NA,NA,NA,NA,NA,NA,NA,NA,NA,NA,NA,NA,NA,NA,NA,NA,NA,NA,NA,NA,NA,NA,NA,NA,NA,NA,NA,NA,NA,NA,NA,NA,NA,NA
"133","Zamir White","LVR","RB","15714","robust",NA,NA,NA,NA,NA,NA,NA,NA,NA,NA,3.29556265136881,0.7413,15,2.631615,0.055,0.022239,0.084,0.0563388,0,NA,0,NA,0.245,0.266868,2.025,1.949619,0,0,NA,NA,NA,NA,NA,NA,NA,NA,NA,NA,NA,NA,NA,NA,NA,NA,NA,NA,NA,NA,NA,NA,NA,NA,NA,NA,NA,NA,NA,NA,NA,NA,NA,NA,NA,NA
"134","Royce Freeman","FA","RB","13617","robust",NA,NA,NA,NA,NA,NA,NA,NA,NA,NA,1.45365151515152,1.56755747272727,10.6,1.18608,0.1,0,0,0,0,NA,0,NA,0.4,0.07413,3.5,1.11195,0,0,NA,NA,NA,NA,NA,NA,NA,NA,NA,NA,NA,NA,NA,NA,NA,NA,NA,NA,NA,NA,NA,NA,NA,NA,NA,NA,NA,NA,NA,NA,NA,NA,NA,NA,NA,NA
"135","Royce Freeman","LAR","RB","13617","robust",NA,NA,NA,NA,NA,NA,NA,NA,NA,NA,1.45365151515152,1.56755747272727,10.6,1.18608,0.1,0,0,0,0,NA,0,NA,0.4,0.07413,3.5,1.11195,0,0,NA,NA,NA,NA,NA,NA,NA,NA,NA,NA,NA,NA,NA,NA,NA,NA,NA,NA,NA,NA,NA,NA,NA,NA,NA,NA,NA,NA,NA,NA,NA,NA,NA,NA,NA,NA
"136","Keaontay Ingram","ARI","RB","15734","robust",NA,NA,NA,NA,NA,NA,NA,NA,NA,NA,3.42875576044289,1.03782,11.9,2.9652,0.075,0,0.001,0.0014826,0,NA,0,NA,0.5,0.140847,3.35,0.7413,0,0,NA,NA,NA,NA,NA,NA,NA,NA,NA,NA,NA,NA,NA,NA,NA,NA,NA,NA,NA,NA,NA,NA,NA,NA,NA,NA,NA,NA,NA,NA,NA,NA,"Q","Neck",2023,4
"137","Tony Jones","NO","RB","14828","robust",NA,NA,NA,NA,NA,NA,NA,NA,NA,NA,3.225,1.141602,13.445,3.85476,0.1,0,0.011,0.014826,0,NA,0,NA,0.395,0.415128,3.0675,3.7065,0,0,NA,NA,NA,NA,NA,NA,NA,NA,NA,NA,NA,NA,NA,NA,NA,NA,NA,NA,NA,NA,NA,NA,NA,NA,NA,NA,NA,NA,NA,NA,NA,NA,NA,NA,NA,NA
"138","Craig Reynolds","DET","RB","14727","robust",NA,NA,NA,NA,NA,NA,NA,NA,NA,NA,0.773693640992309,NA,4.988,2.357334,0.01,0.0102887940180814,0,0,0,NA,0,NA,0.44,0.192738,3.626,1.423296,0.01,0.00802095274173559,NA,NA,NA,NA,NA,NA,NA,NA,NA,NA,NA,NA,NA,NA,NA,NA,NA,NA,NA,NA,NA,NA,NA,NA,NA,NA,NA,NA,NA,NA,NA,NA,NA,NA,NA,NA
"139","Jaleel McLaughlin","DEN","RB","16390","robust",NA,NA,NA,NA,NA,NA,NA,NA,NA,NA,2.57482133448451,1.03782,10.585,4.4478,0.0925,0.014826,0.00125,0.0037065,0,NA,0,NA,0.15,0.281694,1.985,0.14826,0,0,NA,NA,NA,NA,NA,NA,NA,NA,NA,NA,NA,NA,NA,NA,NA,NA,NA,NA,NA,NA,NA,NA,NA,NA,NA,NA,NA,NA,NA,NA,NA,NA,NA,NA,NA,NA
"140","Boston Scott","PHI","RB","13814","robust",NA,NA,NA,NA,NA,NA,NA,NA,NA,NA,1.3,1.32454247351766,7.605,4.603473,0.06,0.07413,0.001,0,0,NA,0,NA,0.225,0.037065,1.32,0.533736,0.005,0,NA,NA,NA,NA,NA,NA,NA,NA,NA,NA,NA,NA,NA,NA,NA,NA,NA,NA,NA,NA,NA,NA,NA,NA,NA,NA,NA,NA,NA,NA,NA,NA,NA,NA,NA,NA
"141","Pierre Strong Jr.","CLE","RB","15733","robust",NA,NA,NA,NA,NA,NA,NA,NA,NA,NA,2.3,1.03782,9.85,1.70499,0.0875,0.037065,0.001,0.0014826,0,NA,0,NA,0.28,0.185325,2.2,0.563388,0,0,NA,NA,NA,NA,NA,NA,NA,NA,NA,NA,NA,NA,NA,NA,NA,NA,NA,NA,NA,NA,NA,NA,NA,NA,NA,NA,NA,NA,NA,NA,NA,NA,NA,NA,NA,NA
"142","Jerick McKinnon","KC","RB","11761","robust",NA,NA,NA,NA,NA,NA,NA,NA,NA,NA,2.04574355992535,0.29652,8.4,1.423296,0.05,0.059304,0,0,0,NA,0,NA,2.385,0.311346,19.135,2.305443,0.14,0.103782,NA,NA,NA,NA,NA,NA,NA,NA,NA,NA,NA,NA,NA,NA,NA,NA,NA,NA,NA,NA,NA,NA,NA,NA,NA,NA,NA,NA,NA,NA,NA,NA,NA,NA,NA,NA
"143","Deuce Vaughn","DAL","RB","16176","robust",NA,NA,NA,NA,NA,NA,NA,NA,NA,NA,2.05,0.37065,8.35,0.859908000000001,0.05,0.066717,0.011,0.0163086,0,NA,0,NA,0.7,0.214977,5.375,2.068227,0.01,0,NA,NA,NA,NA,NA,NA,NA,NA,NA,NA,NA,NA,NA,NA,NA,NA,NA,NA,NA,NA,NA,NA,NA,NA,NA,NA,NA,NA,NA,NA,NA,NA,NA,NA,NA,NA
"144","Michael Carter","NYJ","RB","15258","robust",NA,NA,NA,NA,NA,NA,NA,NA,NA,NA,1.5,0.44478,7,2.9652,0.015,0,0.00125,0.0037065,0,NA,0,NA,1.3,0.29652,9.9,1.77912,0,0,NA,NA,NA,NA,NA,NA,NA,NA,NA,NA,NA,NA,NA,NA,NA,NA,NA,NA,NA,NA,NA,NA,NA,NA,NA,NA,NA,NA,NA,NA,NA,NA,NA,NA,NA,NA
"145","Trey Sermon","IND","RB","15257","robust",NA,NA,NA,NA,NA,NA,NA,NA,NA,NA,2.9,0.150683461919882,12.05,0.422541,0.08,0.014826,0.001,0,0,NA,0,NA,0.725,0.22239,5.705,2.016336,0.01,0,NA,NA,NA,NA,NA,NA,NA,NA,NA,NA,NA,NA,NA,NA,NA,NA,NA,NA,NA,NA,NA,NA,NA,NA,NA,NA,NA,NA,NA,NA,NA,NA,NA,NA,NA,NA
"146","Zach Evans","LAR","RB","16163","robust",NA,NA,NA,NA,NA,NA,NA,NA,NA,NA,0.9375,NA,5.36,6.404832,0.05,0.0669659409387223,0,0,0,NA,0,NA,0.2675,0.2483355,1.72,0.919212,0.0011436170212766,0,NA,NA,NA,NA,NA,NA,NA,NA,NA,NA,NA,NA,NA,NA,NA,NA,NA,NA,NA,NA,NA,NA,NA,NA,NA,NA,NA,NA,NA,NA,NA,NA,NA,NA,NA,NA
"147","Ty Chandler","MIN","RB","15723","robust",NA,NA,NA,NA,NA,NA,NA,NA,NA,NA,2.27057817544689,1.60463681167021,8.38,5.33736,0.05,0.044478,0.00125,0.0037065,0,NA,0,NA,0.7,0.14826,4.4,1.126776,0.0125,0,NA,NA,NA,NA,NA,NA,NA,NA,NA,NA,NA,NA,NA,NA,NA,NA,NA,NA,NA,NA,NA,NA,NA,NA,NA,NA,NA,NA,NA,NA,NA,NA,NA,NA,NA,NA
"148","Salvon Ahmed","MIA","RB","14811","robust",NA,NA,NA,NA,NA,NA,NA,NA,NA,NA,0.48,NA,4.265,2.972613,0.00455665024630542,0.00609837931034483,0,0,0,NA,0,NA,0.305,0.163086,2.52,1.245384,0.0032843137254902,0.00324621568627451,NA,NA,NA,NA,NA,NA,NA,NA,NA,NA,NA,NA,NA,NA,NA,NA,NA,NA,NA,NA,NA,NA,NA,NA,NA,NA,NA,NA,NA,NA,NA,NA,"Q","Groin",2023,4
"149","Rashaad Penny","PHI","RB","13608","robust",NA,NA,NA,NA,NA,NA,NA,NA,NA,NA,0.38,NA,3,2.209074,0.01,0.014826,0,0,0,NA,0,NA,0.10375,0.0111195,0.735,0.348411,0.000596590909090909,0,NA,NA,NA,NA,NA,NA,NA,NA,NA,NA,NA,NA,NA,NA,NA,NA,NA,NA,NA,NA,NA,NA,NA,NA,NA,NA,NA,NA,NA,NA,NA,NA,NA,NA,NA,NA
"150","Travis Homer","CHI","RB","14083","robust",NA,NA,NA,NA,NA,NA,NA,NA,NA,NA,0.65,0.457147741638451,2.905,1.638273,0.005,0,0,0,0,NA,0,NA,0.445,0.14826,4.48,2.105292,0.005,0,NA,NA,NA,NA,NA,NA,NA,NA,NA,NA,NA,NA,NA,NA,NA,NA,NA,NA,NA,NA,NA,NA,NA,NA,NA,NA,NA,NA,NA,NA,NA,NA,"Q","Ankle",2023,4
"151","Emanuel Wilson","GB","RB","16432","robust",NA,NA,NA,NA,NA,NA,NA,NA,NA,NA,0.185,NA,4.6275,1.564143,0.0100897008547009,0.014826,0.00333333333333333,0.004942,0,NA,0,NA,0.3525,0.103782,2.81875,0.9451575,0.0084164281399229,0.0124781963602497,NA,NA,NA,NA,NA,NA,NA,NA,NA,NA,NA,NA,NA,NA,NA,NA,NA,NA,NA,NA,NA,NA,NA,NA,NA,NA,NA,NA,NA,NA,NA,NA,NA,NA,NA,NA
"152","Trayveon Williams","CIN","RB","14076","robust",NA,NA,NA,NA,NA,NA,NA,NA,NA,NA,2.55,0.0741300000000001,9,1.060059,0.025,0.022239,0.00125,0.00185325,0,NA,0,NA,0.8,0.244629,5.5,1.237971,0.01,0,NA,NA,NA,NA,NA,NA,NA,NA,NA,NA,NA,NA,NA,NA,NA,NA,NA,NA,NA,NA,NA,NA,NA,NA,NA,NA,NA,NA,NA,NA,NA,NA,NA,NA,NA,NA
"153","Ke'Shawn Vaughn","TB","RB","14810","robust",NA,NA,NA,NA,NA,NA,NA,NA,NA,NA,1.36,NA,6.7275,0.533735999999999,0.05,0.0705474399936869,0.002,0,0,NA,0,NA,0.33,0.0617749999999999,1.6475,0.429954,0.00311332450649976,0,NA,NA,NA,NA,NA,NA,NA,NA,NA,NA,NA,NA,NA,NA,NA,NA,NA,NA,NA,NA,NA,NA,NA,NA,NA,NA,NA,NA,NA,NA,NA,NA,NA,NA,NA,NA
"154","Dare Ogunbowale","HOU","RB","13148","robust",NA,NA,NA,NA,NA,NA,NA,NA,NA,NA,0.945,NA,4.415,4.825863,0.05,0.0582071922764465,0,0,0,NA,0,NA,0.325,0.192738,2.15,0.919212,0.00194940476190476,0,NA,NA,NA,NA,NA,NA,NA,NA,NA,NA,NA,NA,NA,NA,NA,NA,NA,NA,NA,NA,NA,NA,NA,NA,NA,NA,NA,NA,NA,NA,NA,NA,NA,NA,NA,NA
"155","Elijah Dotson","LAC","RB","16409","robust",NA,NA,NA,NA,NA,NA,NA,NA,NA,NA,1.6,1.03782,6.275,2.535246,0.05,0.059304,0.001,0,0,NA,0.01,0,0.325,0.415128,2.525,3.054156,0,0,NA,NA,NA,NA,NA,NA,NA,NA,NA,NA,NA,NA,NA,NA,NA,NA,NA,NA,NA,NA,NA,NA,NA,NA,NA,NA,NA,NA,NA,NA,NA,NA,NA,NA,NA,NA
"156","DeeJay Dallas","SEA","RB","14815","robust",NA,NA,NA,NA,NA,NA,NA,NA,NA,NA,1.51161747499822,0.29652,6.7,0.889559999999999,0.0475,0.044478,0,0,0,NA,0.01,0,0.8175,0.163086,5.63,0.7413,0,0,NA,NA,NA,NA,NA,NA,NA,NA,NA,NA,NA,NA,NA,NA,NA,NA,NA,NA,NA,NA,NA,NA,NA,NA,NA,NA,NA,NA,NA,NA,NA,NA,NA,NA,NA,NA
"157","Eric Gray","NYG","RB","16173","robust",NA,NA,NA,NA,NA,NA,NA,NA,NA,NA,1.06,0.491276839067597,5.01,1.942206,0.04,0.059304,0,0,0,NA,0.01,0,0.595,0.0444779999999999,4.55,1.378818,0.01,0,NA,NA,NA,NA,NA,NA,NA,NA,NA,NA,NA,NA,NA,NA,NA,NA,NA,NA,NA,NA,NA,NA,NA,NA,NA,NA,NA,NA,NA,NA,NA,NA,NA,NA,NA,NA
"158","Chase Brown","CIN","RB","16181","robust",NA,NA,NA,NA,NA,NA,NA,NA,NA,NA,1.2,0.289107,5.62,1.70499,0.015,0,0.00125,0.00185325,0,NA,0,NA,0.26,0.14826,2.15,0.489258,0.005,0,NA,NA,NA,NA,NA,NA,NA,NA,NA,NA,NA,NA,NA,NA,NA,NA,NA,NA,NA,NA,NA,NA,NA,NA,NA,NA,NA,NA,NA,NA,NA,NA,NA,NA,NA,NA
"159","JaMycal Hasty","JAC","RB","14821","robust",NA,NA,NA,NA,NA,NA,NA,NA,NA,NA,1.0425,1.26021,4.63,5.33736,0.0525,0.066717,0,0,0,NA,0,NA,0.4425,0.29652,2.4275,1.55673,0,0,NA,NA,NA,NA,NA,NA,NA,NA,NA,NA,NA,NA,NA,NA,NA,NA,NA,NA,NA,NA,NA,NA,NA,NA,NA,NA,NA,NA,NA,NA,NA,NA,NA,NA,NA,NA
"160","Tyrion Davis-Price","SF","RB","15746","robust",NA,NA,NA,NA,NA,NA,NA,NA,NA,NA,1.145,0.504084,3.92,2.060814,0.005,0,0,0,0,NA,0,NA,0.1325,0,0.8825,1.230558,0.005,0,NA,NA,NA,NA,NA,NA,NA,NA,NA,NA,NA,NA,NA,NA,NA,NA,NA,NA,NA,NA,NA,NA,NA,NA,NA,NA,NA,NA,NA,NA,NA,NA,NA,NA,NA,NA
"161","Chris Brooks","MIA","RB","16387","robust",NA,NA,NA,NA,NA,NA,NA,NA,NA,NA,0.688518283440697,0.415128,5.39,2.105292,0.03,0.014826,0.00125,0,0,NA,0,NA,0.235,0,1.8,0.237216,0.005,0,NA,NA,NA,NA,NA,NA,NA,NA,NA,NA,NA,NA,NA,NA,NA,NA,NA,NA,NA,NA,NA,NA,NA,NA,NA,NA,NA,NA,NA,NA,NA,NA,NA,NA,NA,NA
"162","Raheem Blackshear","CAR","RB","15973","robust",NA,NA,NA,NA,NA,NA,NA,NA,NA,NA,0.9,NA,3.95,2.836708,0.0587019334301741,0.0812579460143044,0,0,0,NA,0.01,0,0.45,0.22239,4.185,1.971858,0.00446495766061354,0,NA,NA,NA,NA,NA,NA,NA,NA,NA,NA,NA,NA,NA,NA,NA,NA,NA,NA,NA,NA,NA,NA,NA,NA,NA,NA,NA,NA,NA,NA,NA,NA,NA,NA,NA,NA
"163","Mike Boone","HOU","RB","13868","robust",NA,NA,NA,NA,NA,NA,NA,NA,NA,NA,0.55,0.14826,4.1,4.255062,0.005,0,0,0,0,NA,0,NA,0.5,0.400302,4.2,3.587892,0.005,0,NA,NA,NA,NA,NA,NA,NA,NA,NA,NA,NA,NA,NA,NA,NA,NA,NA,NA,NA,NA,NA,NA,NA,NA,NA,NA,NA,NA,NA,NA,NA,NA,NA,NA,NA,NA
"164","Emari Demercado","ARI","RB","16385","robust",NA,NA,NA,NA,NA,NA,NA,NA,NA,NA,1,0.14826,5,1.571556,0.005,0,0.00125,0.00185325,0,NA,0,NA,0.5,0.00741300000000001,3.25,0.289107,0.005,0,NA,NA,NA,NA,NA,NA,NA,NA,NA,NA,NA,NA,NA,NA,NA,NA,NA,NA,NA,NA,NA,NA,NA,NA,NA,NA,NA,NA,NA,NA,NA,NA,NA,NA,NA,NA
"165","D'Ernest Johnson","JAC","RB","14331","robust",NA,NA,NA,NA,NA,NA,NA,NA,NA,NA,1.50660330873203,0.029652,6.025,0.993342,0.04,0.059304,0,0,0,NA,0,NA,0.57,0.014826,4.16,0.222390000000001,0.01,0,NA,NA,NA,NA,NA,NA,NA,NA,NA,NA,NA,NA,NA,NA,NA,NA,NA,NA,NA,NA,NA,NA,NA,NA,NA,NA,NA,NA,NA,NA,NA,NA,NA,NA,NA,NA
"166","Ameer Abdullah","LVR","RB","12155","robust",NA,NA,NA,NA,NA,NA,NA,NA,NA,NA,0.633574413836046,0.14826,3.21,1.33434,0,0,0,0,0,NA,0,NA,1.1,0.29652,9.175,3.40998,0.045,0.044478,NA,NA,NA,NA,NA,NA,NA,NA,NA,NA,NA,NA,NA,NA,NA,NA,NA,NA,NA,NA,NA,NA,NA,NA,NA,NA,NA,NA,NA,NA,NA,NA,NA,NA,NA,NA
"167","Patrick Taylor","GB","RB","14817","robust",NA,NA,NA,NA,NA,NA,NA,NA,NA,NA,0.975,0.37065,4.055,1.734642,0,0,0,0,0,NA,0,NA,0.1975,0.096369,1.59,0.681996,0,0,NA,NA,NA,NA,NA,NA,NA,NA,NA,NA,NA,NA,NA,NA,NA,NA,NA,NA,NA,NA,NA,NA,NA,NA,NA,NA,NA,NA,NA,NA,NA,NA,NA,NA,NA,NA
"168","Jake Funk","IND","RB","15480","robust",NA,NA,NA,NA,NA,NA,NA,NA,NA,NA,0.4,0.22239,2.3,0.44478,0.005,0,0.00125,0,0,NA,0,NA,0.2,0,1.5,0.14826,0.005,0,NA,NA,NA,NA,NA,NA,NA,NA,NA,NA,NA,NA,NA,NA,NA,NA,NA,NA,NA,NA,NA,NA,NA,NA,NA,NA,NA,NA,NA,NA,NA,NA,NA,NA,NA,NA
"169","Godwin Igwebuike","FA","RB","14011","robust",NA,NA,NA,NA,NA,NA,NA,NA,NA,NA,0.29,NA,1.98,1.349166,0.0180047619047619,0.0153249066666667,0,0,0,NA,0,NA,0.2225,0.022239,1.6525,0.126021,0.005,0.007413,NA,NA,NA,NA,NA,NA,NA,NA,NA,NA,NA,NA,NA,NA,NA,NA,NA,NA,NA,NA,NA,NA,NA,NA,NA,NA,NA,NA,NA,NA,NA,NA,NA,NA,NA,NA
"170","Godwin Igwebuike","PIT","RB","14011","robust",NA,NA,NA,NA,NA,NA,NA,NA,NA,NA,0.29,NA,1.98,1.349166,0.0180047619047619,0.0153249066666667,0,0,0,NA,0,NA,0.2225,0.022239,1.6525,0.126021,0.005,0.007413,NA,NA,NA,NA,NA,NA,NA,NA,NA,NA,NA,NA,NA,NA,NA,NA,NA,NA,NA,NA,NA,NA,NA,NA,NA,NA,NA,NA,NA,NA,NA,NA,NA,NA,NA,NA
"171","Brandon Bolden","LVR","RB","10932","robust",NA,NA,NA,NA,NA,NA,NA,NA,NA,NA,0.286214814814815,NA,1.88,1.052646,0.005,0.00319790099904528,0.00333333333333333,0.004942,0.05,0,0,NA,0.3925,0.2409225,3.16,1.586382,0.02,0.014826,NA,NA,NA,NA,NA,NA,NA,NA,NA,NA,NA,NA,NA,NA,NA,NA,NA,NA,NA,NA,NA,NA,NA,NA,NA,NA,NA,NA,NA,NA,NA,NA,NA,NA,NA,NA
"172","Ty Montgomery","NE","RB","12261","robust",NA,NA,NA,NA,NA,NA,NA,NA,NA,NA,0.249493438914027,NA,1.96,0.8094996,0.00540161652447239,0.007413,0,0,0,NA,0,NA,0.46,0.170499,3.711,0.6093486,0.005,0.00538750586684969,NA,NA,NA,NA,NA,NA,NA,NA,NA,NA,NA,NA,NA,NA,NA,NA,NA,NA,NA,NA,NA,NA,NA,NA,NA,NA,NA,NA,NA,NA,NA,NA,NA,NA,NA,NA
"173","Chris Evans","CIN","RB","15275","robust",NA,NA,NA,NA,NA,NA,NA,NA,NA,NA,0.5,NA,2.26,1.33434,0.00118048780487805,0,0,0,0,NA,0,NA,0.365,0.1230558,2.74,0.9014208,0.01,0.0109669426086957,NA,NA,NA,NA,NA,NA,NA,NA,NA,NA,NA,NA,NA,NA,NA,NA,NA,NA,NA,NA,NA,NA,NA,NA,NA,NA,NA,NA,NA,NA,NA,NA,NA,NA,NA,NA
"174","Nick Bawden","NYJ","RB","13838","robust",NA,NA,NA,NA,NA,NA,NA,NA,NA,NA,0.295,0.22239,1.06,0.874734,0.0075,0.007413,0,0,0,NA,0,NA,0.175,0.07413,1.875,0.81543,0,0,NA,NA,NA,NA,NA,NA,NA,NA,NA,NA,NA,NA,NA,NA,NA,NA,NA,NA,NA,NA,NA,NA,NA,NA,NA,NA,NA,NA,NA,NA,NA,NA,NA,NA,NA,NA
"175","Kyle Juszczyk","SF","RB","11367","robust",NA,NA,NA,NA,NA,NA,NA,NA,NA,NA,0.5,0.14826,1.94,0.607866,0.005,0,0,0,0,NA,0,NA,0.85,0.170499,8.15,1.571556,0.02,0.029652,NA,NA,NA,NA,NA,NA,NA,NA,NA,NA,NA,NA,NA,NA,NA,NA,NA,NA,NA,NA,NA,NA,NA,NA,NA,NA,NA,NA,NA,NA,NA,NA,NA,NA,NA,NA
"176","Hunter Luepke","DAL","RB","16391","robust",NA,NA,NA,NA,NA,NA,NA,NA,NA,NA,0.5,0.07413,1.6,0.481845,0.0075,0.007413,0,0,0,NA,0,NA,0.225,0.029652,1.8,0.014826,0.0075,0.007413,NA,NA,NA,NA,NA,NA,NA,NA,NA,NA,NA,NA,NA,NA,NA,NA,NA,NA,NA,NA,NA,NA,NA,NA,NA,NA,NA,NA,NA,NA,NA,NA,NA,NA,NA,NA
"177","Chris Rodriguez","WAS","RB","16174","robust",NA,NA,NA,NA,NA,NA,NA,NA,NA,NA,0.3,NA,1.67,0.845082,0.00436383928571429,0.00552665625,0,0,0,NA,0,NA,0.165,0.096369,1.215,0.615279,0.00436349693251534,0.00552564110429448,NA,NA,NA,NA,NA,NA,NA,NA,NA,NA,NA,NA,NA,NA,NA,NA,NA,NA,NA,NA,NA,NA,NA,NA,NA,NA,NA,NA,NA,NA,NA,NA,"O","Illness",2023,4
"178","C.J. Ham","MIN","RB","12923","robust",NA,NA,NA,NA,NA,NA,NA,NA,NA,NA,0.4,NA,1,0.126021,0.05,0.0676932502325581,0,0,0,NA,0,NA,0.765,0.140847,5.62,1.252797,0.015,0,NA,NA,NA,NA,NA,NA,NA,NA,NA,NA,NA,NA,NA,NA,NA,NA,NA,NA,NA,NA,NA,NA,NA,NA,NA,NA,NA,NA,NA,NA,NA,NA,NA,NA,NA,NA
"179","Alec Ingold","MIA","RB","14420","robust",NA,NA,NA,NA,NA,NA,NA,NA,NA,NA,0.485,NA,1.264,0.29652,0.0259057425742574,0.007413,0,0,0,NA,0,NA,0.7,0.200151,5.45,1.223145,0.015,0,NA,NA,NA,NA,NA,NA,NA,NA,NA,NA,NA,NA,NA,NA,NA,NA,NA,NA,NA,NA,NA,NA,NA,NA,NA,NA,NA,NA,NA,NA,NA,NA,NA,NA,NA,NA
"180","Keith Smith","ATL","RB","12040","robust",NA,NA,NA,NA,NA,NA,NA,NA,NA,NA,0.305,0.133434,1.345,0.726474,0.0025,0,0,0,0,NA,0,NA,0.1275,0,0.98,0.622692,0.0025,0,NA,NA,NA,NA,NA,NA,NA,NA,NA,NA,NA,NA,NA,NA,NA,NA,NA,NA,NA,NA,NA,NA,NA,NA,NA,NA,NA,NA,NA,NA,NA,NA,NA,NA,NA,NA
"181","Michael Burton","DEN","RB","12325","robust",NA,NA,NA,NA,NA,NA,NA,NA,NA,NA,0.3425,0.044478,1.27,0.504084,0.0025,0,0,0,0,NA,0,NA,0.2125,0,1.545,0.563388,0.005,0,NA,NA,NA,NA,NA,NA,NA,NA,NA,NA,NA,NA,NA,NA,NA,NA,NA,NA,NA,NA,NA,NA,NA,NA,NA,NA,NA,NA,NA,NA,NA,NA,NA,NA,NA,NA
"182","Andrew Beck","HOU","RB","14319","robust",NA,NA,NA,NA,NA,NA,NA,NA,NA,NA,0.34,0.088956,1.445,0.378063,0.005,0.007413,0,0,NA,NA,NA,NA,0.165,0.096369,1.38,0.711648,0.005,0.007413,NA,NA,NA,NA,NA,NA,NA,NA,NA,NA,NA,NA,NA,NA,NA,NA,NA,NA,NA,NA,NA,NA,NA,NA,NA,NA,NA,NA,NA,NA,NA,NA,NA,NA,NA,NA
"183","Khari Blasingame","CHI","RB","14552","robust",NA,NA,NA,NA,NA,NA,NA,NA,NA,NA,0.255,0.081543,0.87,0.696822,0.005,0.007413,0,0,NA,NA,NA,NA,0.2,0,1.375,0.259455,0.005,0.007413,NA,NA,NA,NA,NA,NA,NA,NA,NA,NA,NA,NA,NA,NA,NA,NA,NA,NA,NA,NA,NA,NA,NA,NA,NA,NA,NA,NA,NA,NA,NA,NA,NA,NA,NA,NA
"184","Patrick Ricard","BAL","RB","13455","robust",NA,NA,NA,NA,NA,NA,NA,NA,NA,NA,0.325,0,1.075,0,0.0025,0,0,0,0,NA,0,NA,0.285,0.029652,1.71,0.622692,0.0025,0,NA,NA,NA,NA,NA,NA,NA,NA,NA,NA,NA,NA,NA,NA,NA,NA,NA,NA,NA,NA,NA,NA,NA,NA,NA,NA,NA,NA,NA,NA,NA,NA,NA,NA,NA,NA
"185","Adam Prentice","NO","RB","15650","robust",NA,NA,NA,NA,NA,NA,NA,NA,NA,NA,0.281932830042586,0.140847,0.9525,0.22239,0,0,0,0,0,NA,0,NA,0.2425,0.037065,1.3775,0.385476,0.0075,0.007413,NA,NA,NA,NA,NA,NA,NA,NA,NA,NA,NA,NA,NA,NA,NA,NA,NA,NA,NA,NA,NA,NA,NA,NA,NA,NA,NA,NA,NA,NA,NA,NA,NA,NA,NA,NA
"186","Giovanni Ricci","CAR","RB","15054","robust",NA,NA,NA,NA,NA,NA,NA,NA,NA,NA,0.285,0.022239,1.12,0.0296519999999999,0.005,0.007413,0,0,NA,NA,NA,NA,0.22,0.029652,1.895,0.00741300000000001,0.005,0.007413,NA,NA,NA,NA,NA,NA,NA,NA,NA,NA,NA,NA,NA,NA,NA,NA,NA,NA,NA,NA,NA,NA,NA,NA,NA,NA,NA,NA,NA,NA,NA,NA,NA,NA,NA,NA
"187","Jakob Johnson","LVR","RB","14359","robust",NA,NA,NA,NA,NA,NA,NA,NA,NA,NA,0.18,0.118608,0.77,0.548562,0.005,0.007413,0,0,NA,NA,NA,NA,0.22,0.029652,1.555,0.229803,0.005,0.007413,NA,NA,NA,NA,NA,NA,NA,NA,NA,NA,NA,NA,NA,NA,NA,NA,NA,NA,NA,NA,NA,NA,NA,NA,NA,NA,NA,NA,NA,NA,NA,NA,NA,NA,NA,NA
"188","Nick Bellore","SEA","RB","10514","robust",NA,NA,NA,NA,NA,NA,NA,NA,NA,NA,0.23,0.059304,0.8775,0.163086,0.0025,0,0,0,0,NA,0,NA,0.14,0,0.8475,1.03782,0.0025,0,NA,NA,NA,NA,NA,NA,NA,NA,NA,NA,NA,NA,NA,NA,NA,NA,NA,NA,NA,NA,NA,NA,NA,NA,NA,NA,NA,NA,NA,NA,NA,NA,NA,NA,NA,NA
"189","Lamical Perine","KC","RB","14806","robust",NA,NA,NA,NA,NA,NA,NA,NA,NA,NA,0.18,0.118608,0.85,0.37065,0.005,0.007413,0,0,NA,NA,NA,NA,0.19,0.133434,1.49,0.726474,0.005,0.007413,NA,NA,NA,NA,NA,NA,NA,NA,NA,NA,NA,NA,NA,NA,NA,NA,NA,NA,NA,NA,NA,NA,NA,NA,NA,NA,NA,NA,NA,NA,NA,NA,NA,NA,NA,NA
"190","Ty Johnson","FA","RB","14095","robust",NA,NA,NA,NA,NA,NA,NA,NA,NA,NA,0.18,0.118608,0.795,0.437367,0.005,0.007413,0,0,NA,NA,NA,NA,0.18,0.118608,1.48,0.711648,0.01,0.014826,NA,NA,NA,NA,NA,NA,NA,NA,NA,NA,NA,NA,NA,NA,NA,NA,NA,NA,NA,NA,NA,NA,NA,NA,NA,NA,NA,NA,NA,NA,NA,NA,NA,NA,NA,NA
"191","Reggie Gilliam","BUF","RB","15103","robust",NA,NA,NA,NA,NA,NA,NA,NA,NA,NA,0.025,0,0,0,0,0,0,0,0,NA,0,NA,0.3925,0.044478,2.76,0.029652,0.005,0,NA,NA,NA,NA,NA,NA,NA,NA,NA,NA,NA,NA,NA,NA,NA,NA,NA,NA,NA,NA,NA,NA,NA,NA,NA,NA,NA,NA,NA,NA,NA,NA,NA,NA,NA,NA
"192","Taiwan Jones","NYG","RB","10368","robust",NA,NA,NA,NA,NA,NA,NA,NA,NA,NA,0,0,0,0,0,0,0,0,NA,NA,NA,NA,0.17,0.103782,1.45,0.66717,0.005,0.007413,NA,NA,NA,NA,NA,NA,NA,NA,NA,NA,NA,NA,NA,NA,NA,NA,NA,NA,NA,NA,NA,NA,NA,NA,NA,NA,NA,NA,NA,NA,NA,NA,NA,NA,NA,NA
"193","Tyreek Hill","MIA","WR","12801","robust",NA,NA,NA,NA,NA,NA,NA,NA,NA,NA,0.206666666666667,0.14826,1.05,0.266868,0.00928571428571429,0,0,0,0,NA,0,NA,7.2,0.29652,103.225,5.33736,0.75,0.14826,NA,NA,NA,NA,NA,NA,NA,NA,NA,NA,NA,NA,NA,NA,NA,NA,NA,NA,NA,NA,NA,NA,NA,NA,NA,NA,NA,NA,NA,NA,NA,NA,NA,NA,NA,NA
"194","Davante Adams","LVR","WR","11675","robust",NA,NA,NA,NA,NA,NA,NA,NA,NA,NA,0.00833333333333333,0,0.145,0.214977,0,0,0,0,0,NA,0,NA,6.53,0.652344,90.33,6.22692,0.6225,0.081543,NA,NA,NA,NA,NA,NA,NA,NA,NA,NA,NA,NA,NA,NA,NA,NA,NA,NA,NA,NA,NA,NA,NA,NA,NA,NA,NA,NA,NA,NA,NA,NA,NA,NA,NA,NA
"195","Justin Jefferson","MIN","WR","14836","robust",NA,NA,NA,NA,NA,NA,NA,NA,NA,NA,0.02,0.029652,0.225,0.22239,0,0,0.05,0.037065,0,NA,0,NA,7.625,0.51891,102.73,3.36550199999999,0.7,0.29652,NA,NA,NA,NA,NA,NA,NA,NA,NA,NA,NA,NA,NA,NA,NA,NA,NA,NA,NA,NA,NA,NA,NA,NA,NA,NA,NA,NA,NA,NA,NA,NA,NA,NA,NA,NA
"196","Keenan Allen","LAC","WR","11222","robust",NA,NA,NA,NA,NA,NA,NA,NA,NA,NA,0.0583333333333333,0.07413,1,0.88956,0,0,0,0,0,NA,0,NA,8,0.126021,93.3025,4.647951,0.6825,0.177912,NA,NA,NA,NA,NA,NA,NA,NA,NA,NA,NA,NA,NA,NA,NA,NA,NA,NA,NA,NA,NA,NA,NA,NA,NA,NA,NA,NA,NA,NA,NA,NA,NA,NA,NA,NA
"197","Ja'Marr Chase","CIN","WR","15281","robust",NA,NA,NA,NA,NA,NA,NA,NA,NA,NA,0.209166666666667,0.14826,1.4,0.7413,0,0,0.05,0.037065,0,NA,0,NA,6.8875,0.22239,86.1125,3.7065,0.61,0.111195,NA,NA,NA,NA,NA,NA,NA,NA,NA,NA,NA,NA,NA,NA,NA,NA,NA,NA,NA,NA,NA,NA,NA,NA,NA,NA,NA,NA,NA,NA,NA,NA,NA,NA,NA,NA
"198","Amon-Ra St. Brown","DET","WR","15287","robust",NA,NA,NA,NA,NA,NA,NA,NA,NA,NA,0.41,0.14826,3.02,1.008168,0,0,0.05,0.037065,0,NA,0,NA,6.9,0.148260000000001,80.605,5.11497,0.445,0.07413,NA,NA,NA,NA,NA,NA,NA,NA,NA,NA,NA,NA,NA,NA,NA,NA,NA,NA,NA,NA,NA,NA,NA,NA,NA,NA,NA,NA,NA,NA,NA,NA,NA,NA,NA,NA
"199","A.J. Brown","PHI","WR","14104","robust",NA,NA,NA,NA,NA,NA,NA,NA,NA,NA,0,0,0.05,0.040242,0,0,0.05,0.037065,0,NA,0,NA,5.2925,0.570801,78.1525,3.40998,0.6,0.22239,NA,NA,NA,NA,NA,NA,NA,NA,NA,NA,NA,NA,NA,NA,NA,NA,NA,NA,NA,NA,NA,NA,NA,NA,NA,NA,NA,NA,NA,NA,NA,NA,NA,NA,NA,NA
"200","Puka Nacua","LAR","WR","16211","robust",NA,NA,NA,NA,NA,NA,NA,NA,NA,NA,0.5825,0.29652,3.105,0.7413,0.015,0,0.01875,0.0185325,0,NA,0,NA,6.505,0.392888999999999,77.25,5.656119,0.35,0.096369,NA,NA,NA,NA,NA,NA,NA,NA,NA,NA,NA,NA,NA,NA,NA,NA,NA,NA,NA,NA,NA,NA,NA,NA,NA,NA,NA,NA,NA,NA,NA,NA,NA,NA,NA,NA
"201","Stefon Diggs","BUF","WR","12186","robust",NA,NA,NA,NA,NA,NA,NA,NA,NA,NA,0,0,0.0342857142857143,0.114372,0,0,0,0,0,NA,0,NA,6.785,0.29652,82.3425,2.097879,0.5175,0.096369,NA,NA,NA,NA,NA,NA,NA,NA,NA,NA,NA,NA,NA,NA,NA,NA,NA,NA,NA,NA,NA,NA,NA,NA,NA,NA,NA,NA,NA,NA,NA,NA,NA,NA,NA,NA
"202","Chris Olave","NO","WR","15754","robust",NA,NA,NA,NA,NA,NA,NA,NA,NA,NA,0,0,0,0,0,0,0.05,0.037065,0,NA,0,NA,5.75,0.37065,78.67,5.129796,0.35,0.0741300000000001,NA,NA,NA,NA,NA,NA,NA,NA,NA,NA,NA,NA,NA,NA,NA,NA,NA,NA,NA,NA,NA,NA,NA,NA,NA,NA,NA,NA,NA,NA,NA,NA,NA,NA,NA,NA
"203","CeeDee Lamb","DAL","WR","14832","robust",NA,NA,NA,NA,NA,NA,NA,NA,NA,NA,0.208333333333333,0.07413,2.025,0.66717,0,0,0,0,0,NA,0,NA,6.15,0.244628999999999,78.16,5.455968,0.4,0.096369,NA,NA,NA,NA,NA,NA,NA,NA,NA,NA,NA,NA,NA,NA,NA,NA,NA,NA,NA,NA,NA,NA,NA,NA,NA,NA,NA,NA,NA,NA,NA,NA,NA,NA,NA,NA
"204","Calvin Ridley","JAC","WR","13629","robust",NA,NA,NA,NA,NA,NA,NA,NA,NA,NA,0,0,0.0985714285714286,0.118608,0,0,0,0,0,NA,0,NA,5.485,0.474432,69.7525,4.707255,0.45,0.029652,NA,NA,NA,NA,NA,NA,NA,NA,NA,NA,NA,NA,NA,NA,NA,NA,NA,NA,NA,NA,NA,NA,NA,NA,NA,NA,NA,NA,NA,NA,NA,NA,NA,NA,NA,NA
"205","Jaylen Waddle","MIA","WR","15284","robust",NA,NA,NA,NA,NA,NA,NA,NA,NA,NA,0.103333333333333,0.07413,1,0.07413,0,0,0.01875,0.0185325,0,NA,0,NA,5,0.29652,75.7,2.96519999999999,0.395,0.00741299999999996,NA,NA,NA,NA,NA,NA,NA,NA,NA,NA,NA,NA,NA,NA,NA,NA,NA,NA,NA,NA,NA,NA,NA,NA,NA,NA,NA,NA,NA,NA,NA,NA,NA,NA,NA,NA
"206","DK Metcalf","SEA","WR","14102","robust",NA,NA,NA,NA,NA,NA,NA,NA,NA,NA,0,0,0.05,0.036006,0,0,0.01875,0.0185325,0,NA,0,NA,5.6,0.548562000000001,73.7275,8.8956,0.495,0.081543,NA,NA,NA,NA,NA,NA,NA,NA,NA,NA,NA,NA,NA,NA,NA,NA,NA,NA,NA,NA,NA,NA,NA,NA,NA,NA,NA,NA,NA,NA,NA,NA,NA,NA,NA,NA
"207","DeVonta Smith","PHI","WR","15282","robust",NA,NA,NA,NA,NA,NA,NA,NA,NA,NA,0,0,0.05,0.044478,0,0,0,0,0,NA,0,NA,4.95,0.259455,65.945,1.92738,0.4,0.044478,NA,NA,NA,NA,NA,NA,NA,NA,NA,NA,NA,NA,NA,NA,NA,NA,NA,NA,NA,NA,NA,NA,NA,NA,NA,NA,NA,NA,NA,NA,NA,NA,NA,NA,NA,NA
"208","Brandon Aiyuk","SF","WR","14840","robust",NA,NA,NA,NA,NA,NA,NA,NA,NA,NA,0.05,0.07413,0.4925,0.44478,0,0,0.01875,0.0185325,0,NA,0,NA,4.85,0.644930999999999,66.9375,8.117235,0.5,0.059304,NA,NA,NA,NA,NA,NA,NA,NA,NA,NA,NA,NA,NA,NA,NA,NA,NA,NA,NA,NA,NA,NA,NA,NA,NA,NA,NA,NA,NA,NA,NA,NA,NA,NA,NA,NA
"209","Tee Higgins","CIN","WR","14835","robust",NA,NA,NA,NA,NA,NA,NA,NA,NA,NA,0,0,0,0,0,0,0,0,0,NA,0,NA,5.155,0.392889,68.405,2.89107,0.5,0.096369,NA,NA,NA,NA,NA,NA,NA,NA,NA,NA,NA,NA,NA,NA,NA,NA,NA,NA,NA,NA,NA,NA,NA,NA,NA,NA,NA,NA,NA,NA,NA,NA,NA,NA,NA,NA
"210","Mike Evans","TB","WR","11671","robust",NA,NA,NA,NA,NA,NA,NA,NA,NA,NA,0,0,0.0171428571428571,0,0,0,0,0,0,NA,0,NA,5.0375,0.481845,69.75,5.418903,0.4,0.111195,NA,NA,NA,NA,NA,NA,NA,NA,NA,NA,NA,NA,NA,NA,NA,NA,NA,NA,NA,NA,NA,NA,NA,NA,NA,NA,NA,NA,NA,NA,NA,NA,NA,NA,NA,NA
"211","Amari Cooper","CLE","WR","12175","robust",NA,NA,NA,NA,NA,NA,NA,NA,NA,NA,0,0,0,0,0,0,0,0,0,NA,0,NA,4.95,0.37065,68.825,2.2239,0.4,0.014826,NA,NA,NA,NA,NA,NA,NA,NA,NA,NA,NA,NA,NA,NA,NA,NA,NA,NA,NA,NA,NA,NA,NA,NA,NA,NA,NA,NA,NA,NA,NA,NA,NA,NA,NA,NA
"212","Zay Flowers","BAL","WR","16190","robust",NA,NA,NA,NA,NA,NA,NA,NA,NA,NA,0.500833333333333,0.0753655,3.1,0.971103,0,0,0.05,0.037065,0,NA,0,NA,5.3525,0.311345999999999,61.72,0.667170000000004,0.235,0.07413,NA,NA,NA,NA,NA,NA,NA,NA,NA,NA,NA,NA,NA,NA,NA,NA,NA,NA,NA,NA,NA,NA,NA,NA,NA,NA,NA,NA,NA,NA,NA,NA,NA,NA,NA,NA
"213","Jerry Jeudy","DEN","WR","14833","robust",NA,NA,NA,NA,NA,NA,NA,NA,NA,NA,0.02,0.029652,0.9,0.944628,0,0,0,0,0,NA,0,NA,4.7275,0.44478,69,3.491523,0.3975,0.014826,NA,NA,NA,NA,NA,NA,NA,NA,NA,NA,NA,NA,NA,NA,NA,NA,NA,NA,NA,NA,NA,NA,NA,NA,NA,NA,NA,NA,NA,NA,NA,NA,NA,NA,NA,NA
"214","George Pickens","PIT","WR","15762","robust",NA,NA,NA,NA,NA,NA,NA,NA,NA,NA,0.01,0.014826,0.5,0.49773,0.00833333333333333,0,0,0,0,NA,0,NA,4.3875,0.7413,65.93,3.617544,0.35,0.014826,NA,NA,NA,NA,NA,NA,NA,NA,NA,NA,NA,NA,NA,NA,NA,NA,NA,NA,NA,NA,NA,NA,NA,NA,NA,NA,NA,NA,NA,NA,NA,NA,NA,NA,NA,NA
"215","Adam Thielen","CAR","WR","11938","robust",NA,NA,NA,NA,NA,NA,NA,NA,NA,NA,0.01,0.014826,0.137142857142857,0.14826,0,0,0,0,0,NA,0,NA,5,0.674583,58.66,6.404832,0.4,0.044478,NA,NA,NA,NA,NA,NA,NA,NA,NA,NA,NA,NA,NA,NA,NA,NA,NA,NA,NA,NA,NA,NA,NA,NA,NA,NA,NA,NA,NA,NA,NA,NA,NA,NA,NA,NA
"216","Michael Pittman","IND","WR","14842","robust",NA,NA,NA,NA,NA,NA,NA,NA,NA,NA,0.01,0.014826,0.636428571428571,0.654462,0,0,0,0,0,NA,0,NA,5.8,0.222390000000001,62.4175,6.45672300000001,0.3,0,NA,NA,NA,NA,NA,NA,NA,NA,NA,NA,NA,NA,NA,NA,NA,NA,NA,NA,NA,NA,NA,NA,NA,NA,NA,NA,NA,NA,NA,NA,NA,NA,NA,NA,NA,NA
"217","Deebo Samuel","SF","WR","14136","robust",NA,NA,NA,NA,NA,NA,NA,NA,NA,NA,2.4,0.7413,12.7775,2.2239,0.1,0.029652,0.094,0.00889560000000001,0,NA,0,NA,4.3,0.88956,60.305,12.023886,0.3,0,NA,NA,NA,NA,NA,NA,NA,NA,NA,NA,NA,NA,NA,NA,NA,NA,NA,NA,NA,NA,NA,NA,NA,NA,NA,NA,NA,NA,NA,NA,NA,NA,"Q","Knee",2023,4
"218","Terry McLaurin","WAS","WR","14109","robust",NA,NA,NA,NA,NA,NA,NA,NA,NA,NA,0.02,0.029652,0.44,0.474432,0,0,0,0,0,NA,0,NA,4.5,0.548562,63.035,5.04084,0.3,0.051891,NA,NA,NA,NA,NA,NA,NA,NA,NA,NA,NA,NA,NA,NA,NA,NA,NA,NA,NA,NA,NA,NA,NA,NA,NA,NA,NA,NA,NA,NA,NA,NA,NA,NA,NA,NA
"219","DeAndre Hopkins","TEN","WR","11232","robust",NA,NA,NA,NA,NA,NA,NA,NA,NA,NA,0,0,0,0,0,0,0,0,0,NA,0,NA,5.125,0.259455,66.175,1.860663,0.3,0.096369,NA,NA,NA,NA,NA,NA,NA,NA,NA,NA,NA,NA,NA,NA,NA,NA,NA,NA,NA,NA,NA,NA,NA,NA,NA,NA,NA,NA,NA,NA,NA,NA,NA,NA,NA,NA
"220","Nico Collins","HOU","WR","15290","robust",NA,NA,NA,NA,NA,NA,NA,NA,NA,NA,0,0,0,0,0,0,0,0,0,NA,0,NA,4.2,0.29652,61.4825,7.020111,0.3,0.022239,NA,NA,NA,NA,NA,NA,NA,NA,NA,NA,NA,NA,NA,NA,NA,NA,NA,NA,NA,NA,NA,NA,NA,NA,NA,NA,NA,NA,NA,NA,NA,NA,NA,NA,NA,NA
"221","Garrett Wilson","NYJ","WR","15753","robust",NA,NA,NA,NA,NA,NA,NA,NA,NA,NA,0.00833333333333333,0,0.17,0.207564,0,0,0.01875,0.0185325,0,NA,0,NA,4.75,0.37065,63.075,3.33585,0.38,0,NA,NA,NA,NA,NA,NA,NA,NA,NA,NA,NA,NA,NA,NA,NA,NA,NA,NA,NA,NA,NA,NA,NA,NA,NA,NA,NA,NA,NA,NA,NA,NA,NA,NA,NA,NA
"222","Courtland Sutton","DEN","WR","13630","robust",NA,NA,NA,NA,NA,NA,NA,NA,NA,NA,0,0,0.0171428571428571,0,0,0,0.1,0.07413,0,NA,0,NA,4.5875,0.200151,61.4125,4.840689,0.4,0.00741300000000001,NA,NA,NA,NA,NA,NA,NA,NA,NA,NA,NA,NA,NA,NA,NA,NA,NA,NA,NA,NA,NA,NA,NA,NA,NA,NA,NA,NA,NA,NA,NA,NA,NA,NA,NA,NA
"223","Tyler Lockett","SEA","WR","12187","robust",NA,NA,NA,NA,NA,NA,NA,NA,NA,NA,0,0,0.015,0,0,0,0.01875,0.0185325,0,NA,0,NA,4.915,0.126021,60.8225,3.654609,0.4325,0.081543,NA,NA,NA,NA,NA,NA,NA,NA,NA,NA,NA,NA,NA,NA,NA,NA,NA,NA,NA,NA,NA,NA,NA,NA,NA,NA,NA,NA,NA,NA,NA,NA,NA,NA,NA,NA
"224","Josh Palmer","LAC","WR","15319","robust",NA,NA,NA,NA,NA,NA,NA,NA,NA,NA,0,0,0.135,0.14826,0,0,0.05,0.037065,0,NA,0,NA,4.4675,0.392889,51.225,4.773972,0.3225,0.0889560000000001,NA,NA,NA,NA,NA,NA,NA,NA,NA,NA,NA,NA,NA,NA,NA,NA,NA,NA,NA,NA,NA,NA,NA,NA,NA,NA,NA,NA,NA,NA,NA,NA,NA,NA,NA,NA
"225","Nathaniel Dell","HOU","WR","16204","robust",NA,NA,NA,NA,NA,NA,NA,NA,NA,NA,0.01,0.014826,0.2,0.22239,0,0,0.01875,0.0185325,0,NA,0.01,0,3.9,0.207564,52.65,11.8608,0.3,0.059304,NA,NA,NA,NA,NA,NA,NA,NA,NA,NA,NA,NA,NA,NA,NA,NA,NA,NA,NA,NA,NA,NA,NA,NA,NA,NA,NA,NA,NA,NA,NA,NA,NA,NA,NA,NA
"226","Tutu Atwell","LAR","WR","15301","robust",NA,NA,NA,NA,NA,NA,NA,NA,NA,NA,0.649166666666667,0.07413,5.26,1.33434,0.05,0.029652,0.001,0.0014826,0,NA,0,NA,4.385,0.518909999999999,62,4.68501599999999,0.315,0.044478,NA,NA,NA,NA,NA,NA,NA,NA,NA,NA,NA,NA,NA,NA,NA,NA,NA,NA,NA,NA,NA,NA,NA,NA,NA,NA,NA,NA,NA,NA,NA,NA,NA,NA,NA,NA
"227","Jakobi Meyers","LVR","WR","14127","robust",NA,NA,NA,NA,NA,NA,NA,NA,NA,NA,0.00833333333333333,0,0.205,0.311346,0,0,0.01875,0.0185325,0,NA,0,NA,5.2325,0.348411,61.1175,2.868831,0.335,0.103782,NA,NA,NA,NA,NA,NA,NA,NA,NA,NA,NA,NA,NA,NA,NA,NA,NA,NA,NA,NA,NA,NA,NA,NA,NA,NA,NA,NA,NA,NA,NA,NA,NA,NA,NA,NA
"228","Christian Kirk","JAC","WR","13633","robust",NA,NA,NA,NA,NA,NA,NA,NA,NA,NA,0.0166666666666667,0,0.595,0.459606,0,0,0,0,0,NA,0,NA,4.7,0.177911999999999,56.96,6.093486,0.35,0.07413,NA,NA,NA,NA,NA,NA,NA,NA,NA,NA,NA,NA,NA,NA,NA,NA,NA,NA,NA,NA,NA,NA,NA,NA,NA,NA,NA,NA,NA,NA,NA,NA,NA,NA,NA,NA
"229","Marquise Brown","ARI","WR","14105","robust",NA,NA,NA,NA,NA,NA,NA,NA,NA,NA,0.159166666666667,0.07413,1.2075,1.312101,0,0,0,0,0,NA,0,NA,5.025,0.22239,57.4,6.997872,0.315,0.118608,NA,NA,NA,NA,NA,NA,NA,NA,NA,NA,NA,NA,NA,NA,NA,NA,NA,NA,NA,NA,NA,NA,NA,NA,NA,NA,NA,NA,NA,NA,NA,NA,"Q","Thumb",2023,4
"230","D.J. Moore","CHI","WR","13635","robust",NA,NA,NA,NA,NA,NA,NA,NA,NA,NA,0.04,0.059304,0.833214285714286,0.875793,0,0,0,0,0,NA,0,NA,3.945,0.163086,55.125,3.106047,0.39,0.014826,NA,NA,NA,NA,NA,NA,NA,NA,NA,NA,NA,NA,NA,NA,NA,NA,NA,NA,NA,NA,NA,NA,NA,NA,NA,NA,NA,NA,NA,NA,NA,NA,NA,NA,NA,NA
"231","Elijah Moore","CLE","WR","15288","robust",NA,NA,NA,NA,NA,NA,NA,NA,NA,NA,0.815,0.0741300000000001,4.4575,2.031162,0,0,0.05,0.037065,0,NA,0,NA,3.755,0.548562,46.795,12.468666,0.2,0.00741299999999999,NA,NA,NA,NA,NA,NA,NA,NA,NA,NA,NA,NA,NA,NA,NA,NA,NA,NA,NA,NA,NA,NA,NA,NA,NA,NA,NA,NA,NA,NA,NA,NA,NA,NA,NA,NA
"232","D.J. Chark","CAR","WR","13668","robust",NA,NA,NA,NA,NA,NA,NA,NA,NA,NA,0,0,0.045,0,0,0,0,0,0,NA,0,NA,2.9,0.14826,46.175,1.85325,0.2525,0.081543,NA,NA,NA,NA,NA,NA,NA,NA,NA,NA,NA,NA,NA,NA,NA,NA,NA,NA,NA,NA,NA,NA,NA,NA,NA,NA,NA,NA,NA,NA,NA,NA,NA,NA,NA,NA
"233","Chris Godwin","TB","WR","13163","robust",NA,NA,NA,NA,NA,NA,NA,NA,NA,NA,0.134,0.0504084,0.6475,0.274281,0.00214285714285714,0,0.05,0.037065,0,NA,0,NA,5.41,0.44478,57.925,3.03933,0.2375,0.066717,NA,NA,NA,NA,NA,NA,NA,NA,NA,NA,NA,NA,NA,NA,NA,NA,NA,NA,NA,NA,NA,NA,NA,NA,NA,NA,NA,NA,NA,NA,NA,NA,NA,NA,NA,NA
"234","Jayden Reed","GB","WR","16184","robust",NA,NA,NA,NA,NA,NA,NA,NA,NA,NA,0.0583333333333333,0.07413,0.45,0.59304,0,0,0.01875,0.0185325,0,NA,0.01,0,3.1,0.170499,44.525,0.7413,0.3,0,NA,NA,NA,NA,NA,NA,NA,NA,NA,NA,NA,NA,NA,NA,NA,NA,NA,NA,NA,NA,NA,NA,NA,NA,NA,NA,NA,NA,NA,NA,NA,NA,NA,NA,NA,NA
"235","Jordan Addison","MIN","WR","16186","robust",NA,NA,NA,NA,NA,NA,NA,NA,NA,NA,0.01,0.014826,0.1125,0.14826,0,0,0.01875,0.0185325,0,NA,0,NA,3.85,0.22239,49.7,4.67019,0.3,0.014826,NA,NA,NA,NA,NA,NA,NA,NA,NA,NA,NA,NA,NA,NA,NA,NA,NA,NA,NA,NA,NA,NA,NA,NA,NA,NA,NA,NA,NA,NA,NA,NA,NA,NA,NA,NA
"236","Gabriel Davis","BUF","WR","14845","robust",NA,NA,NA,NA,NA,NA,NA,NA,NA,NA,0.106,0.00889560000000001,0.2,0.29652,0.00166666666666667,0,0,0,0,NA,0,NA,3.245,0.229803,52.25,1.40847,0.4,0.037065,NA,NA,NA,NA,NA,NA,NA,NA,NA,NA,NA,NA,NA,NA,NA,NA,NA,NA,NA,NA,NA,NA,NA,NA,NA,NA,NA,NA,NA,NA,NA,NA,NA,NA,NA,NA
"237","Drake London","ATL","WR","15751","robust",NA,NA,NA,NA,NA,NA,NA,NA,NA,NA,0,0,0.025,0,0,0,0.05,0.037065,0,NA,0,NA,4.17,0.207564,50.955,4.907406,0.3,0,NA,NA,NA,NA,NA,NA,NA,NA,NA,NA,NA,NA,NA,NA,NA,NA,NA,NA,NA,NA,NA,NA,NA,NA,NA,NA,NA,NA,NA,NA,NA,NA,NA,NA,NA,NA
"238","Christian Watson","GB","WR","15789","robust",NA,NA,NA,NA,NA,NA,NA,NA,NA,NA,0.116666666666667,0.14826,2.1925,1.208319,0.01,0,0,0,0,NA,0,NA,3.8775,0.14826,51.52,5.1891,0.34,0.059304,NA,NA,NA,NA,NA,NA,NA,NA,NA,NA,NA,NA,NA,NA,NA,NA,NA,NA,NA,NA,NA,NA,NA,NA,NA,NA,NA,NA,NA,NA,NA,NA,NA,NA,NA,NA
"239","Michael Thomas","NO","WR","12652","robust",NA,NA,NA,NA,NA,NA,NA,NA,NA,NA,0.01,0.014826,0.126785714285714,0.111195,0,0,0.01875,0.0185325,0,NA,0,NA,4.6525,0.229803,52.3,0.444780000000006,0.2,0,NA,NA,NA,NA,NA,NA,NA,NA,NA,NA,NA,NA,NA,NA,NA,NA,NA,NA,NA,NA,NA,NA,NA,NA,NA,NA,NA,NA,NA,NA,NA,NA,NA,NA,NA,NA
"240","Jahan Dotson","WAS","WR","15755","robust",NA,NA,NA,NA,NA,NA,NA,NA,NA,NA,0.01,0.014826,0.13,0.14826,0,0,0,0,0,NA,0,NA,3.5,0.37065,46.2,3.26172,0.2275,0.066717,NA,NA,NA,NA,NA,NA,NA,NA,NA,NA,NA,NA,NA,NA,NA,NA,NA,NA,NA,NA,NA,NA,NA,NA,NA,NA,NA,NA,NA,NA,NA,NA,NA,NA,NA,NA
"241","Brandin Cooks","DAL","WR","11674","robust",NA,NA,NA,NA,NA,NA,NA,NA,NA,NA,0.16,0.059304,0.86,0.378063,0.00214285714285714,0,0,0,0,NA,0,NA,3.705,0.311346,44.8,4.15128,0.265,0.051891,NA,NA,NA,NA,NA,NA,NA,NA,NA,NA,NA,NA,NA,NA,NA,NA,NA,NA,NA,NA,NA,NA,NA,NA,NA,NA,NA,NA,NA,NA,NA,NA,NA,NA,NA,NA
"242","Josh Downs","IND","WR","16187","robust",NA,NA,NA,NA,NA,NA,NA,NA,NA,NA,0.01,0.014826,0.195714285714286,0.283812,0,0,0.01875,0.0185325,0,NA,0,NA,3.65,0.51891,42.6625,7.531608,0.15,0.066717,NA,NA,NA,NA,NA,NA,NA,NA,NA,NA,NA,NA,NA,NA,NA,NA,NA,NA,NA,NA,NA,NA,NA,NA,NA,NA,NA,NA,NA,NA,NA,NA,NA,NA,NA,NA
"243","JuJu Smith-Schuster","NE","WR","13156","robust",NA,NA,NA,NA,NA,NA,NA,NA,NA,NA,0,0,0.103571428571429,0.111195,0,0,0.01875,0.0185325,0,NA,0,NA,3.5775,0.674583,37.4,6.011943,0.15,0.022239,NA,NA,NA,NA,NA,NA,NA,NA,NA,NA,NA,NA,NA,NA,NA,NA,NA,NA,NA,NA,NA,NA,NA,NA,NA,NA,NA,NA,NA,NA,NA,NA,NA,NA,NA,NA
"244","Kendrick Bourne","NE","WR","13418","robust",NA,NA,NA,NA,NA,NA,NA,NA,NA,NA,0.075,0.07413,1.5,0.785778,0,0,0,0,0,NA,0,NA,3.5,0.652344,42.76,4.781385,0.215,0.059304,NA,NA,NA,NA,NA,NA,NA,NA,NA,NA,NA,NA,NA,NA,NA,NA,NA,NA,NA,NA,NA,NA,NA,NA,NA,NA,NA,NA,NA,NA,NA,NA,NA,NA,NA,NA
"245","Romeo Doubs","GB","WR","15779","robust",NA,NA,NA,NA,NA,NA,NA,NA,NA,NA,0,0,0.0885714285714286,0.029652,0,0,0.01875,0.0185325,0,NA,0,NA,3.6,0.29652,44.3,2.631615,0.3425,0.096369,NA,NA,NA,NA,NA,NA,NA,NA,NA,NA,NA,NA,NA,NA,NA,NA,NA,NA,NA,NA,NA,NA,NA,NA,NA,NA,NA,NA,NA,NA,NA,NA,NA,NA,NA,NA
"246","DeVante Parker","NE","WR","12176","robust",NA,NA,NA,NA,NA,NA,NA,NA,NA,NA,0,0,0,0,0,0,0,0,0,NA,0,NA,3.325,0.81543,43.45,3.92889,0.2,0.037065,NA,NA,NA,NA,NA,NA,NA,NA,NA,NA,NA,NA,NA,NA,NA,NA,NA,NA,NA,NA,NA,NA,NA,NA,NA,NA,NA,NA,NA,NA,NA,NA,NA,NA,NA,NA
"247","Rashid Shaheed","NO","WR","16080","robust",NA,NA,NA,NA,NA,NA,NA,NA,NA,NA,0.490833333333333,0.0877205,3.55,1.401057,0.005,0,0.01875,0.0185325,0,NA,0.01,0,2.4775,0.51891,37.8,5.248404,0.2,0,NA,NA,NA,NA,NA,NA,NA,NA,NA,NA,NA,NA,NA,NA,NA,NA,NA,NA,NA,NA,NA,NA,NA,NA,NA,NA,NA,NA,NA,NA,NA,NA,NA,NA,NA,NA
"248","Allen Lazard","NYJ","WR","13632","robust",NA,NA,NA,NA,NA,NA,NA,NA,NA,NA,0.05,0.07413,0.25,0.29652,0,0,0,0,0,NA,0,NA,3.1,0.51891,41.5275,4.51451699999999,0.2,0,NA,NA,NA,NA,NA,NA,NA,NA,NA,NA,NA,NA,NA,NA,NA,NA,NA,NA,NA,NA,NA,NA,NA,NA,NA,NA,NA,NA,NA,NA,NA,NA,NA,NA,NA,NA
"249","Nelson Agholor","BAL","WR","12181","robust",NA,NA,NA,NA,NA,NA,NA,NA,NA,NA,0.01,0.014826,0.1,0.14826,0,0,0,0,0,NA,0,NA,2.9425,0.0963689999999999,38.4,7.479717,0.2,0,NA,NA,NA,NA,NA,NA,NA,NA,NA,NA,NA,NA,NA,NA,NA,NA,NA,NA,NA,NA,NA,NA,NA,NA,NA,NA,NA,NA,NA,NA,NA,NA,NA,NA,NA,NA
"250","Robert Woods","HOU","WR","11228","robust",NA,NA,NA,NA,NA,NA,NA,NA,NA,NA,0.01,0.014826,0.105,0.14826,0,0,0,0,0,NA,0,NA,3.95,0.0741300000000001,43.6175,2.409225,0.2,0.037065,NA,NA,NA,NA,NA,NA,NA,NA,NA,NA,NA,NA,NA,NA,NA,NA,NA,NA,NA,NA,NA,NA,NA,NA,NA,NA,NA,NA,NA,NA,NA,NA,NA,NA,NA,NA
"251","Tyler Boyd","CIN","WR","12650","robust",NA,NA,NA,NA,NA,NA,NA,NA,NA,NA,0,0,0.0257142857142857,0,0,0,0,0,0,NA,0,NA,3.945,0.0444780000000004,44,0.444779999999996,0.25,0.07413,NA,NA,NA,NA,NA,NA,NA,NA,NA,NA,NA,NA,NA,NA,NA,NA,NA,NA,NA,NA,NA,NA,NA,NA,NA,NA,NA,NA,NA,NA,NA,NA,NA,NA,NA,NA
"252","Darius Slayton","NYG","WR","14122","robust",NA,NA,NA,NA,NA,NA,NA,NA,NA,NA,0.01,0.014826,0.05,0.07413,0,0,0.01875,0.0185325,0,NA,0,NA,3.01,0.229803,42.315,3.958542,0.165,0.044478,NA,NA,NA,NA,NA,NA,NA,NA,NA,NA,NA,NA,NA,NA,NA,NA,NA,NA,NA,NA,NA,NA,NA,NA,NA,NA,NA,NA,NA,NA,NA,NA,NA,NA,NA,NA
"253","Darnell Mooney","CHI","WR","14974","robust",NA,NA,NA,NA,NA,NA,NA,NA,NA,NA,0.01,0.014826,0.116428571428571,0.14826,0,0,0,0,0,NA,0,NA,2.765,0.392889,34.7525,3.713913,0.215,0.111195,NA,NA,NA,NA,NA,NA,NA,NA,NA,NA,NA,NA,NA,NA,NA,NA,NA,NA,NA,NA,NA,NA,NA,NA,NA,NA,NA,NA,NA,NA,NA,NA,NA,NA,NA,NA
"254","Calvin Austin III","PIT","WR","15777","robust",NA,NA,NA,NA,NA,NA,NA,NA,NA,NA,0.0583333333333333,0.07413,1.0025,1.33434,0,0,0.01875,0.0185325,0,NA,0.01,0,2.95,0.37065,36.4,4.603473,0.145,0.059304,NA,NA,NA,NA,NA,NA,NA,NA,NA,NA,NA,NA,NA,NA,NA,NA,NA,NA,NA,NA,NA,NA,NA,NA,NA,NA,NA,NA,NA,NA,NA,NA,NA,NA,NA,NA
"255","Skyy Moore","KC","WR","15766","robust",NA,NA,NA,NA,NA,NA,NA,NA,NA,NA,0.17,0.07413,1.4,0.59304,0,0,0.01875,0.0185325,0,NA,0.01,0,3.145,0.363237,35.455,2.157183,0.2,0.00741300000000001,NA,NA,NA,NA,NA,NA,NA,NA,NA,NA,NA,NA,NA,NA,NA,NA,NA,NA,NA,NA,NA,NA,NA,NA,NA,NA,NA,NA,NA,NA,NA,NA,NA,NA,NA,NA
"256","Allen Robinson","PIT","WR","11678","robust",NA,NA,NA,NA,NA,NA,NA,NA,NA,NA,0,0,0,0,0,0,0,0,0,NA,0,NA,3.2,0.385476,35.975,2.2239,0.195,0.00741300000000001,NA,NA,NA,NA,NA,NA,NA,NA,NA,NA,NA,NA,NA,NA,NA,NA,NA,NA,NA,NA,NA,NA,NA,NA,NA,NA,NA,NA,NA,NA,NA,NA,NA,NA,NA,NA
"257","Quentin Johnston","LAC","WR","16188","robust",NA,NA,NA,NA,NA,NA,NA,NA,NA,NA,0.01,0.014826,0.2,0.29652,0,0,0.01875,0.0185325,0,NA,0,NA,3,0.14826,35.375,1.85325,0.2125,0.088956,NA,NA,NA,NA,NA,NA,NA,NA,NA,NA,NA,NA,NA,NA,NA,NA,NA,NA,NA,NA,NA,NA,NA,NA,NA,NA,NA,NA,NA,NA,NA,NA,NA,NA,NA,NA
"258","Van Jefferson","LAR","WR","14858","robust",NA,NA,NA,NA,NA,NA,NA,NA,NA,NA,0.0875,0.12355,1.16,0.770952,0,0,0,0,0,NA,0,NA,2.5975,0.207564,35.42,3.128286,0.155,0.037065,NA,NA,NA,NA,NA,NA,NA,NA,NA,NA,NA,NA,NA,NA,NA,NA,NA,NA,NA,NA,NA,NA,NA,NA,NA,NA,NA,NA,NA,NA,NA,NA,NA,NA,NA,NA
"259","Nick Westbrook-Ikhine","TEN","WR","15109","robust",NA,NA,NA,NA,NA,NA,NA,NA,NA,NA,0,0,0.065,0,0,0,0,0,0,NA,0,NA,2.5,0.385476,33.3925,1.045233,0.19,0.044478,NA,NA,NA,NA,NA,NA,NA,NA,NA,NA,NA,NA,NA,NA,NA,NA,NA,NA,NA,NA,NA,NA,NA,NA,NA,NA,NA,NA,NA,NA,NA,NA,NA,NA,NA,NA
"260","Michael Gallup","DAL","WR","13646","robust",NA,NA,NA,NA,NA,NA,NA,NA,NA,NA,0,0,0.0107142857142857,0,0,0,0,0,0,NA,0,NA,2.5875,0.318759,33.3775,4.336605,0.2,0.037065,NA,NA,NA,NA,NA,NA,NA,NA,NA,NA,NA,NA,NA,NA,NA,NA,NA,NA,NA,NA,NA,NA,NA,NA,NA,NA,NA,NA,NA,NA,NA,NA,NA,NA,NA,NA
"261","Josh Reynolds","DET","WR","13168","robust",NA,NA,NA,NA,NA,NA,NA,NA,NA,NA,0,0,0.05,0.101311,0,0,0,0,0,NA,0,NA,2.8075,0.252042,38,1.4826,0.2525,0,NA,NA,NA,NA,NA,NA,NA,NA,NA,NA,NA,NA,NA,NA,NA,NA,NA,NA,NA,NA,NA,NA,NA,NA,NA,NA,NA,NA,NA,NA,NA,NA,NA,NA,NA,NA
"262","Isaiah Hodgins","NYG","WR","14849","robust",NA,NA,NA,NA,NA,NA,NA,NA,NA,NA,0,0,0,0,0,0,0.075,0.0185325,0,NA,0,NA,2.62,0.504084,31.6025,11.275173,0.2,0.133434,NA,NA,NA,NA,NA,NA,NA,NA,NA,NA,NA,NA,NA,NA,NA,NA,NA,NA,NA,NA,NA,NA,NA,NA,NA,NA,NA,NA,NA,NA,NA,NA,NA,NA,NA,NA
"263","Alec Pierce","IND","WR","15768","robust",NA,NA,NA,NA,NA,NA,NA,NA,NA,NA,0,0,0,0,0,0,0,0,0,NA,0,NA,2.3575,0.140847,32.6,0.7413,0.15,0.00741300000000001,NA,NA,NA,NA,NA,NA,NA,NA,NA,NA,NA,NA,NA,NA,NA,NA,NA,NA,NA,NA,NA,NA,NA,NA,NA,NA,NA,NA,NA,NA,NA,NA,NA,NA,NA,NA
"264","Marquez Valdes-Scantling","KC","WR","13793","robust",NA,NA,NA,NA,NA,NA,NA,NA,NA,NA,0,0,0.128571428571429,0.14826,0,0,0,0,0,NA,0,NA,2.23,0.140847,35.2,5.33736,0.19,0.014826,NA,NA,NA,NA,NA,NA,NA,NA,NA,NA,NA,NA,NA,NA,NA,NA,NA,NA,NA,NA,NA,NA,NA,NA,NA,NA,NA,NA,NA,NA,NA,NA,NA,NA,NA,NA
"265","Terrace Marshall","CAR","WR","15308","robust",NA,NA,NA,NA,NA,NA,NA,NA,NA,NA,0,0,0,0,0,0,0,0,0,NA,0,NA,2.2475,0.808017,29.215,5.26323,0.1125,0.029652,NA,NA,NA,NA,NA,NA,NA,NA,NA,NA,NA,NA,NA,NA,NA,NA,NA,NA,NA,NA,NA,NA,NA,NA,NA,NA,NA,NA,NA,NA,NA,NA,NA,NA,NA,NA
"266","Jonathan Mingo","CAR","WR","16197","robust",NA,NA,NA,NA,NA,NA,NA,NA,NA,NA,0.01,0.014826,0.345,0.37065,0,0,0.01875,0.0185325,0,NA,0,NA,2.0225,0.526323,26.085,4.899993,0.05,0,NA,NA,NA,NA,NA,NA,NA,NA,NA,NA,NA,NA,NA,NA,NA,NA,NA,NA,NA,NA,NA,NA,NA,NA,NA,NA,NA,NA,NA,NA,NA,NA,"Q","Concussion",2023,4
"267","Rondale Moore","ARI","WR","15283","robust",NA,NA,NA,NA,NA,NA,NA,NA,NA,NA,1.06151156021291,0.0741300000000001,7.1,0.904386,0.08,0.014826,0.001,0.0014826,0,NA,0,NA,3.705,0.511497,33.2675,6.582744,0.1,0,NA,NA,NA,NA,NA,NA,NA,NA,NA,NA,NA,NA,NA,NA,NA,NA,NA,NA,NA,NA,NA,NA,NA,NA,NA,NA,NA,NA,NA,NA,NA,NA,NA,NA,NA,NA
"268","K.J. Osborn","MIN","WR","14977","robust",NA,NA,NA,NA,NA,NA,NA,NA,NA,NA,0.01,0.014826,0.03,0.014826,0,0,0,0,0,NA,0.01,0,2.8175,0.392889,33.835,7.739172,0.2525,0.081543,NA,NA,NA,NA,NA,NA,NA,NA,NA,NA,NA,NA,NA,NA,NA,NA,NA,NA,NA,NA,NA,NA,NA,NA,NA,NA,NA,NA,NA,NA,NA,NA,NA,NA,NA,NA
"269","Marvin Mims","DEN","WR","16189","robust",NA,NA,NA,NA,NA,NA,NA,NA,NA,NA,0.573333333333333,0.22239,3.1,1.63086,0,0,0.01875,0.0185325,0,NA,0.01,0,2.1,0.140847,33.49,2.765049,0.2,0.014826,NA,NA,NA,NA,NA,NA,NA,NA,NA,NA,NA,NA,NA,NA,NA,NA,NA,NA,NA,NA,NA,NA,NA,NA,NA,NA,NA,NA,NA,NA,NA,NA,NA,NA,NA,NA
"270","Curtis Samuel","WAS","WR","13157","robust",NA,NA,NA,NA,NA,NA,NA,NA,NA,NA,1.0075,0.691945754901961,5.25,1.690164,0,0,0.001,0.0014826,0,NA,0,NA,2.85,0.22239,31.63,1.534491,0.115,0.044478,NA,NA,NA,NA,NA,NA,NA,NA,NA,NA,NA,NA,NA,NA,NA,NA,NA,NA,NA,NA,NA,NA,NA,NA,NA,NA,NA,NA,NA,NA,NA,NA,NA,NA,NA,NA
"271","Donovan Peoples-Jones","CLE","WR","14857","robust",NA,NA,NA,NA,NA,NA,NA,NA,NA,NA,0,0,0.01,0,0,0,0,0,0,NA,0.01,0,2.4425,0.185325,35.515,1.971858,0.15,0.051891,NA,NA,NA,NA,NA,NA,NA,NA,NA,NA,NA,NA,NA,NA,NA,NA,NA,NA,NA,NA,NA,NA,NA,NA,NA,NA,NA,NA,NA,NA,NA,NA,NA,NA,NA,NA
"272","Jaxon Smith-Njigba","SEA","WR","16185","robust",NA,NA,NA,NA,NA,NA,NA,NA,NA,NA,0.01,0.014826,0.201428571428571,0.29652,0,0,0.01875,0.0185325,0,NA,0,NA,3,0.207564,34.845,4.981536,0.15,0.051891,NA,NA,NA,NA,NA,NA,NA,NA,NA,NA,NA,NA,NA,NA,NA,NA,NA,NA,NA,NA,NA,NA,NA,NA,NA,NA,NA,NA,NA,NA,NA,NA,NA,NA,NA,NA
"273","Chase Claypool","CHI","WR","14841","robust",NA,NA,NA,NA,NA,NA,NA,NA,NA,NA,0.04,0.059304,0.8375,0.7413,0,0,0.01875,0.0185325,0,NA,0,NA,2.1575,0.214977000000001,29.4,6.22692,0.18,0.014826,NA,NA,NA,NA,NA,NA,NA,NA,NA,NA,NA,NA,NA,NA,NA,NA,NA,NA,NA,NA,NA,NA,NA,NA,NA,NA,NA,NA,NA,NA,NA,NA,NA,NA,NA,NA
"274","Parris Campbell","NYG","WR","14112","robust",NA,NA,NA,NA,NA,NA,NA,NA,NA,NA,0.02,0.029652,0.5975,0.696822,0,0,0,0,0,NA,0,NA,2.915,0.170499,30.9,2.757636,0.1,0.029652,NA,NA,NA,NA,NA,NA,NA,NA,NA,NA,NA,NA,NA,NA,NA,NA,NA,NA,NA,NA,NA,NA,NA,NA,NA,NA,NA,NA,NA,NA,NA,NA,NA,NA,NA,NA
"275","Michael Wilson","ARI","WR","16206","robust",NA,NA,NA,NA,NA,NA,NA,NA,NA,NA,0.01,0.014826,0.2,0.29652,0,0,0.01875,0.0185325,0,NA,0,NA,2.6,0.400302,32.075,2.498181,0.1,0.088956,NA,NA,NA,NA,NA,NA,NA,NA,NA,NA,NA,NA,NA,NA,NA,NA,NA,NA,NA,NA,NA,NA,NA,NA,NA,NA,NA,NA,NA,NA,NA,NA,NA,NA,NA,NA
"276","Jalin Hyatt","NYG","WR","16183","robust",NA,NA,NA,NA,NA,NA,NA,NA,NA,NA,0.01,0.014826,0.117857142857143,0.14826,0,0,0.05,0.037065,0,NA,0,NA,0.94,0.14826,12.35,3.017091,0.0875,0.037065,NA,NA,NA,NA,NA,NA,NA,NA,NA,NA,NA,NA,NA,NA,NA,NA,NA,NA,NA,NA,NA,NA,NA,NA,NA,NA,NA,NA,NA,NA,NA,NA,NA,NA,NA,NA
"277","Chris Moore","TEN","WR","12773","robust",NA,NA,NA,NA,NA,NA,NA,NA,NA,NA,0,0,0.44,0.29652,0,0,0,0,0,NA,0,NA,2.29,0.504084,31.32,4.685016,0.18,0.029652,NA,NA,NA,NA,NA,NA,NA,NA,NA,NA,NA,NA,NA,NA,NA,NA,NA,NA,NA,NA,NA,NA,NA,NA,NA,NA,NA,NA,NA,NA,NA,NA,NA,NA,NA,NA
"278","Kadarius Toney","KC","WR","15289","robust",NA,NA,NA,NA,NA,NA,NA,NA,NA,NA,0.538333333333333,0.234745,2.8,1.4826,0.005,0,0.01875,0.0185325,0,NA,0,NA,2.55,0.66717,26.9,6.352941,0.1025,0.066717,NA,NA,NA,NA,NA,NA,NA,NA,NA,NA,NA,NA,NA,NA,NA,NA,NA,NA,NA,NA,NA,NA,NA,NA,NA,NA,NA,NA,NA,NA,NA,NA,NA,NA,NA,NA
"279","Mack Hollins","ATL","WR","13289","robust",NA,NA,NA,NA,NA,NA,NA,NA,NA,NA,0.02,0.029652,0.625357142857143,0.7413,0,0,0,0,0,NA,0,NA,2.2725,0.192738,29.825,2.9652,0.15,0.07413,NA,NA,NA,NA,NA,NA,NA,NA,NA,NA,NA,NA,NA,NA,NA,NA,NA,NA,NA,NA,NA,NA,NA,NA,NA,NA,NA,NA,NA,NA,NA,NA,NA,NA,NA,NA
"280","Braxton Berrios","MIA","WR","13638","robust",NA,NA,NA,NA,NA,NA,NA,NA,NA,NA,0.07,0.103782,0.55,0.318759,0.00833333333333333,0,0,0,0,NA,0.01,0,2.35,0.607866,26.6,4.4478,0.1425,0.051891,NA,NA,NA,NA,NA,NA,NA,NA,NA,NA,NA,NA,NA,NA,NA,NA,NA,NA,NA,NA,NA,NA,NA,NA,NA,NA,NA,NA,NA,NA,NA,NA,NA,NA,NA,NA
"281","Hunter Renfrow","LVR","WR","14123","robust",NA,NA,NA,NA,NA,NA,NA,NA,NA,NA,0,0,0.2,0.42007,0,0,0,0,0,NA,0,NA,2.2275,0.59304,22.89,8.065344,0.1225,0.14826,NA,NA,NA,NA,NA,NA,NA,NA,NA,NA,NA,NA,NA,NA,NA,NA,NA,NA,NA,NA,NA,NA,NA,NA,NA,NA,NA,NA,NA,NA,NA,NA,NA,NA,NA,NA
"282","Wan'Dale Robinson","NYG","WR","15757","robust",NA,NA,NA,NA,NA,NA,NA,NA,NA,NA,0.185,0.14826,0.75,0.81543,0,0,0,0,0,NA,0,NA,2.3475,0.378063,24.9425,6.723591,0.1,0.07413,NA,NA,NA,NA,NA,NA,NA,NA,NA,NA,NA,NA,NA,NA,NA,NA,NA,NA,NA,NA,NA,NA,NA,NA,NA,NA,NA,NA,NA,NA,NA,NA,NA,NA,NA,NA
"283","Rashee Rice","KC","WR","16194","robust",NA,NA,NA,NA,NA,NA,NA,NA,NA,NA,0.1575,0.042007,0.7825,0.400302,0,0,0.01875,0.0185325,0,NA,0,NA,2.35,0.44478,30.915,2.557485,0.165,0.014826,NA,NA,NA,NA,NA,NA,NA,NA,NA,NA,NA,NA,NA,NA,NA,NA,NA,NA,NA,NA,NA,NA,NA,NA,NA,NA,NA,NA,NA,NA,NA,NA,NA,NA,NA,NA
"284","Kalif Raymond","DET","WR","13066","robust",NA,NA,NA,NA,NA,NA,NA,NA,NA,NA,0.35,0.0741300000000001,2.55,0.37065,0,0,0,0,0,NA,0.01,0,2.185,0.237216,29.095,4.588647,0.16,0.07413,NA,NA,NA,NA,NA,NA,NA,NA,NA,NA,NA,NA,NA,NA,NA,NA,NA,NA,NA,NA,NA,NA,NA,NA,NA,NA,NA,NA,NA,NA,NA,NA,NA,NA,NA,NA
"285","Justin Watson","KC","WR","13776","robust",NA,NA,NA,NA,NA,NA,NA,NA,NA,NA,0,0,0,0,0,0,0.075,0.0185325,0,NA,0,NA,1.5,0.22239,21.105,4.825863,0.1,0.007413,NA,NA,NA,NA,NA,NA,NA,NA,NA,NA,NA,NA,NA,NA,NA,NA,NA,NA,NA,NA,NA,NA,NA,NA,NA,NA,NA,NA,NA,NA,NA,NA,NA,NA,NA,NA
"286","John Metchie","HOU","WR","15759","robust",NA,NA,NA,NA,NA,NA,NA,NA,NA,NA,0.0125,0.037065,0.221666666666667,0.14826,0,0,0.0125,0.037065,0,NA,0,NA,0.975,0.22239,13.0875,3.128286,0.055,0.044478,NA,NA,NA,NA,NA,NA,NA,NA,NA,NA,NA,NA,NA,NA,NA,NA,NA,NA,NA,NA,NA,NA,NA,NA,NA,NA,NA,NA,NA,NA,NA,NA,NA,NA,NA,NA
"287","Olamide Zaccheaus","PHI","WR","14592","robust",NA,NA,NA,NA,NA,NA,NA,NA,NA,NA,0.0125,0.037065,0.11875,0.14826,0,0,0,0,0,NA,0,NA,1.575,0.51891,21.275,10.615416,0.1475,0.14826,NA,NA,NA,NA,NA,NA,NA,NA,NA,NA,NA,NA,NA,NA,NA,NA,NA,NA,NA,NA,NA,NA,NA,NA,NA,NA,NA,NA,NA,NA,NA,NA,NA,NA,NA,NA
"288","Devin Duvernay","BAL","WR","14847","robust",NA,NA,NA,NA,NA,NA,NA,NA,NA,NA,0,0,1.912,0.3143112,0.004,0,0,0,0,NA,0.01,0,1.755,0.29652,18.54,2.81694,0.05,0.022239,NA,NA,NA,NA,NA,NA,NA,NA,NA,NA,NA,NA,NA,NA,NA,NA,NA,NA,NA,NA,NA,NA,NA,NA,NA,NA,NA,NA,NA,NA,NA,NA,NA,NA,NA,NA
"289","Trey Palmer","TB","WR","16199","robust",NA,NA,NA,NA,NA,NA,NA,NA,NA,NA,0,0,0.05,0.113666,0,0,0,0,0,NA,0,NA,1.84,0.29652,20.925,4.121628,0.1,0.014826,NA,NA,NA,NA,NA,NA,NA,NA,NA,NA,NA,NA,NA,NA,NA,NA,NA,NA,NA,NA,NA,NA,NA,NA,NA,NA,NA,NA,NA,NA,NA,NA,NA,NA,NA,NA
"290","Brandon Johnson","DEN","WR","15987","robust",NA,NA,NA,NA,NA,NA,NA,NA,NA,NA,0,0,0.0178571428571429,0,0,0,0.01875,0.0185325,0,NA,0,NA,1.69,0.22239,22.94,3.7065,0.15,0.07413,NA,NA,NA,NA,NA,NA,NA,NA,NA,NA,NA,NA,NA,NA,NA,NA,NA,NA,NA,NA,NA,NA,NA,NA,NA,NA,NA,NA,NA,NA,NA,NA,NA,NA,NA,NA
"291","Marvin Jones","DET","WR","10738","robust",NA,NA,NA,NA,NA,NA,NA,NA,NA,NA,0,0,0.05,0.09884,0,0,0.0333333333333333,0,0,NA,0,NA,1.2,0.29652,15.75,6.6717,0.09,0.088956,NA,NA,NA,NA,NA,NA,NA,NA,NA,NA,NA,NA,NA,NA,NA,NA,NA,NA,NA,NA,NA,NA,NA,NA,NA,NA,NA,NA,NA,NA,NA,NA,NA,NA,NA,NA
"292","Dontayvion Wicks","GB","WR","16195","robust",NA,NA,NA,NA,NA,NA,NA,NA,NA,NA,0.0125,0.037065,0.127083333333333,0.14826,0,0,0,0,0,NA,0,NA,1.45,0.44478,18.4775,1.912554,0.095,0.014826,NA,NA,NA,NA,NA,NA,NA,NA,NA,NA,NA,NA,NA,NA,NA,NA,NA,NA,NA,NA,NA,NA,NA,NA,NA,NA,NA,NA,NA,NA,NA,NA,NA,NA,NA,NA
"293","Ronnie Bell","SF","WR","16202","robust",NA,NA,NA,NA,NA,NA,NA,NA,NA,NA,0.0125,0,0.18,0.14826,0,0,0.0333333333333333,0.04942,0,NA,0,NA,1.7,0.29652,20.345,6.686526,0.13,0.059304,NA,NA,NA,NA,NA,NA,NA,NA,NA,NA,NA,NA,NA,NA,NA,NA,NA,NA,NA,NA,NA,NA,NA,NA,NA,NA,NA,NA,NA,NA,NA,NA,NA,NA,NA,NA
"294","Randall Cobb","NYJ","WR","10308","robust",NA,NA,NA,NA,NA,NA,NA,NA,NA,NA,0,0,0,0,0,0,0,0,0,NA,0,NA,1.52,0.59304,18.09,5.04084,0.05,0.103782,NA,NA,NA,NA,NA,NA,NA,NA,NA,NA,NA,NA,NA,NA,NA,NA,NA,NA,NA,NA,NA,NA,NA,NA,NA,NA,NA,NA,NA,NA,NA,NA,NA,NA,NA,NA
"295","Jauan Jennings","SF","WR","14860","robust",NA,NA,NA,NA,NA,NA,NA,NA,NA,NA,0,0,0,0,0,0,0,0,0,NA,0,NA,1.65,0.37065,21.55,3.78063,0.100355017471064,0,NA,NA,NA,NA,NA,NA,NA,NA,NA,NA,NA,NA,NA,NA,NA,NA,NA,NA,NA,NA,NA,NA,NA,NA,NA,NA,NA,NA,NA,NA,NA,NA,"D","Shin",2023,4
"296","Jamal Agnew","JAC","WR","13308","robust",NA,NA,NA,NA,NA,NA,NA,NA,NA,NA,0.4655,0.0681996,2.695,1.319514,0,0,0.0666666666666667,0,0,NA,0.07,0,1.95,0.133434,20.025,0.7413,0.0925,0.014826,NA,NA,NA,NA,NA,NA,NA,NA,NA,NA,NA,NA,NA,NA,NA,NA,NA,NA,NA,NA,NA,NA,NA,NA,NA,NA,NA,NA,NA,NA,NA,NA,"Q","Quadriceps",2023,4
"297","Khalil Shakir","BUF","WR","15761","robust",NA,NA,NA,NA,NA,NA,NA,NA,NA,NA,0,0,0,0,0,0,0,0,0,NA,0,NA,0.7975,0.140847,9.9025,2.134944,0.06,0.07413,NA,NA,NA,NA,NA,NA,NA,NA,NA,NA,NA,NA,NA,NA,NA,NA,NA,NA,NA,NA,NA,NA,NA,NA,NA,NA,NA,NA,NA,NA,NA,NA,NA,NA,NA,NA
"298","Trent Sherfield","BUF","WR","13893","robust",NA,NA,NA,NA,NA,NA,NA,NA,NA,NA,0,0,0.109,0.066717,0,0,0,0,0,NA,0,NA,1,0.170499,11.51,1.971858,0.095,0.029652,NA,NA,NA,NA,NA,NA,NA,NA,NA,NA,NA,NA,NA,NA,NA,NA,NA,NA,NA,NA,NA,NA,NA,NA,NA,NA,NA,NA,NA,NA,NA,NA,NA,NA,NA,NA
"299","Demario Douglas","NE","WR","16342","robust",NA,NA,NA,NA,NA,NA,NA,NA,NA,NA,0,0,0.05,0.12355,0,0,0,0,0,NA,0,NA,1.3375,0.66717,17.605,1.838424,0.055,0.014826,NA,NA,NA,NA,NA,NA,NA,NA,NA,NA,NA,NA,NA,NA,NA,NA,NA,NA,NA,NA,NA,NA,NA,NA,NA,NA,NA,NA,NA,NA,NA,NA,NA,NA,NA,NA
"300","Tim Jones","JAC","WR","16005","robust",NA,NA,NA,NA,NA,NA,NA,NA,NA,NA,0,0,0.035,0,0,0,0,0,0,NA,0,NA,1.1,0.14826,12.8,8.59908,0.065,0.044478,NA,NA,NA,NA,NA,NA,NA,NA,NA,NA,NA,NA,NA,NA,NA,NA,NA,NA,NA,NA,NA,NA,NA,NA,NA,NA,NA,NA,NA,NA,NA,NA,NA,NA,NA,NA
"301","Mecole Hardman","NYJ","WR","14113","robust",NA,NA,NA,NA,NA,NA,NA,NA,NA,NA,0.075,0.22239,1.43125,1.63086,0.01,0,0.00125,0.0037065,0,NA,0,NA,0.8925,0.59304,11.2,9.029034,0.06,0.059304,NA,NA,NA,NA,NA,NA,NA,NA,NA,NA,NA,NA,NA,NA,NA,NA,NA,NA,NA,NA,NA,NA,NA,NA,NA,NA,NA,NA,NA,NA,NA,NA,NA,NA,NA,NA
"302","Deven Thompkins","TB","WR","15977","robust",NA,NA,NA,NA,NA,NA,NA,NA,NA,NA,0.05,0.07413,0.9,0.14826,0,0,0,0,0,NA,0.01,0,1.35,0.0815430000000001,15.26,3.031917,0.05,0.051891,NA,NA,NA,NA,NA,NA,NA,NA,NA,NA,NA,NA,NA,NA,NA,NA,NA,NA,NA,NA,NA,NA,NA,NA,NA,NA,NA,NA,NA,NA,NA,NA,NA,NA,NA,NA
"303","Deonte Harris","BUF","WR","14558","robust",NA,NA,NA,NA,NA,NA,NA,NA,NA,NA,0.514671467674661,0.355824,2.8575,1.77912,0,0,0,0,0,NA,0.02,0,1.7,0.0593040000000001,19.5825,0.37065,0.1,0.044478,NA,NA,NA,NA,NA,NA,NA,NA,NA,NA,NA,NA,NA,NA,NA,NA,NA,NA,NA,NA,NA,NA,NA,NA,NA,NA,NA,NA,NA,NA,NA,NA,NA,NA,NA,NA
"304","Ben Skowronek","LAR","WR","15491","robust",NA,NA,NA,NA,NA,NA,NA,NA,NA,NA,0.05,0.07413,1,0,0,0,0,0,0,NA,0,NA,1.3,0.66717,15.5,2.2239,0.065,0.059304,NA,NA,NA,NA,NA,NA,NA,NA,NA,NA,NA,NA,NA,NA,NA,NA,NA,NA,NA,NA,NA,NA,NA,NA,NA,NA,NA,NA,NA,NA,NA,NA,"Q","Achilles",2023,4
"305","Greg Dortch","ARI","WR","14108","robust",NA,NA,NA,NA,NA,NA,NA,NA,NA,NA,0,0,1.1275,1.1601345,0.00125,0,0,0,0,NA,0.02,0,0.69,0.578214,8,6.6717,0.0271286141199626,0.0253948832942565,NA,NA,NA,NA,NA,NA,NA,NA,NA,NA,NA,NA,NA,NA,NA,NA,NA,NA,NA,NA,NA,NA,NA,NA,NA,NA,NA,NA,NA,NA,NA,NA,NA,NA,NA,NA
"306","Zach Pascal","ARI","WR","13488","robust",NA,NA,NA,NA,NA,NA,NA,NA,NA,NA,0,0,0.00875,0,0,0,0,0,0,NA,0,NA,0.75,0.252042,6,0.29652,0.01,0,NA,NA,NA,NA,NA,NA,NA,NA,NA,NA,NA,NA,NA,NA,NA,NA,NA,NA,NA,NA,NA,NA,NA,NA,NA,NA,NA,NA,NA,NA,NA,NA,NA,NA,NA,NA
"307","Isaiah McKenzie","IND","WR","13313","robust",NA,NA,NA,NA,NA,NA,NA,NA,NA,NA,0.237399716513111,NA,1.7,0.6686526,0.00230361445783133,0.00180412771084337,0,0,0,NA,0,NA,1.125,0.333585,12.1,3.128286,0.09,0.029652,NA,NA,NA,NA,NA,NA,NA,NA,NA,NA,NA,NA,NA,NA,NA,NA,NA,NA,NA,NA,NA,NA,NA,NA,NA,NA,NA,NA,NA,NA,NA,NA,NA,NA,NA,NA
"308","Dyami Brown","WAS","WR","15292","robust",NA,NA,NA,NA,NA,NA,NA,NA,NA,NA,0.114422700587084,NA,0.85,0.192738,0.00077054794520548,0.000812383561643836,0,0,0,NA,0,NA,0.9,0.14826,11.1,3.7065,0.04,0.029652,NA,NA,NA,NA,NA,NA,NA,NA,NA,NA,NA,NA,NA,NA,NA,NA,NA,NA,NA,NA,NA,NA,NA,NA,NA,NA,NA,NA,NA,NA,NA,NA,NA,NA,NA,NA
"309","Sterling Shepard","NYG","WR","12658","robust",NA,NA,NA,NA,NA,NA,NA,NA,NA,NA,0,0,0.1,0.14826,0,0,0,0,0,NA,0,NA,0.33,0.22239,4.915,2.81694,0.005,0,NA,NA,NA,NA,NA,NA,NA,NA,NA,NA,NA,NA,NA,NA,NA,NA,NA,NA,NA,NA,NA,NA,NA,NA,NA,NA,NA,NA,NA,NA,NA,NA,NA,NA,NA,NA
"310","Cedrick Wilson","MIA","WR","13652","robust",NA,NA,NA,NA,NA,NA,NA,NA,NA,NA,0,0,0.00875,0,0,0,0,0,0,NA,0,NA,0.755,0.548562,9.085,5.85627,0.01,0,NA,NA,NA,NA,NA,NA,NA,NA,NA,NA,NA,NA,NA,NA,NA,NA,NA,NA,NA,NA,NA,NA,NA,NA,NA,NA,NA,NA,NA,NA,NA,NA,NA,NA,NA,NA
"311","Jake Bobo","SEA","WR","16393","robust",NA,NA,NA,NA,NA,NA,NA,NA,NA,NA,0,0,0.1,0.14826,0,0,0,0,0,NA,0,NA,0.72,0.340998,9.09,3.602718,0.06,0.059304,NA,NA,NA,NA,NA,NA,NA,NA,NA,NA,NA,NA,NA,NA,NA,NA,NA,NA,NA,NA,NA,NA,NA,NA,NA,NA,NA,NA,NA,NA,NA,NA,NA,NA,NA,NA
"312","Amari Rodgers","HOU","WR","15297","robust",NA,NA,NA,NA,NA,NA,NA,NA,NA,NA,0,0,0.76,0.385476,0,0,0,0,NA,NA,NA,NA,0.77,0.400302,11.285,5.611641,0.035,0.051891,NA,NA,NA,NA,NA,NA,NA,NA,NA,NA,NA,NA,NA,NA,NA,NA,NA,NA,NA,NA,NA,NA,NA,NA,NA,NA,NA,NA,NA,NA,NA,NA,NA,NA,NA,NA
"313","Amari Rodgers","FA","WR","15297","robust",NA,NA,NA,NA,NA,NA,NA,NA,NA,NA,0,0,0.76,0.385476,0,0,0,0,NA,NA,NA,NA,0.77,0.400302,11.285,5.611641,0.035,0.051891,NA,NA,NA,NA,NA,NA,NA,NA,NA,NA,NA,NA,NA,NA,NA,NA,NA,NA,NA,NA,NA,NA,NA,NA,NA,NA,NA,NA,NA,NA,NA,NA,NA,NA,NA,NA
"314","Laviska Shenault","CAR","WR","14838","robust",NA,NA,NA,NA,NA,NA,NA,NA,NA,NA,1.32,0.339714373811034,7.65,0.96369,0.075,0.00741300000000001,0,0,0,NA,0,NA,0.9,0.318759,11.005,2.727984,0.05,0.059304,NA,NA,NA,NA,NA,NA,NA,NA,NA,NA,NA,NA,NA,NA,NA,NA,NA,NA,NA,NA,NA,NA,NA,NA,NA,NA,NA,NA,NA,NA,NA,NA,NA,NA,NA,NA
"315","Demarcus Robinson","LAR","WR","12785","robust",NA,NA,NA,NA,NA,NA,NA,NA,NA,NA,0,0,0.035,0.051891,0,0,0,0,0,NA,0,NA,0.56,0.385476,6.835,5.537511,0.03,0.014826,NA,NA,NA,NA,NA,NA,NA,NA,NA,NA,NA,NA,NA,NA,NA,NA,NA,NA,NA,NA,NA,NA,NA,NA,NA,NA,NA,NA,NA,NA,NA,NA,NA,NA,NA,NA
"316","KhaDarel Hodge","ATL","WR","13963","robust",NA,NA,NA,NA,NA,NA,NA,NA,NA,NA,0,0,0.00375,0,0,0,0,0,0,NA,0,NA,0.55,0.252042,7.28,2.639028,0.01,0,NA,NA,NA,NA,NA,NA,NA,NA,NA,NA,NA,NA,NA,NA,NA,NA,NA,NA,NA,NA,NA,NA,NA,NA,NA,NA,NA,NA,NA,NA,NA,NA,NA,NA,NA,NA
"317","Equanimeous St. Brown","CHI","WR","13637","robust",NA,NA,NA,NA,NA,NA,NA,NA,NA,NA,0,0,0.75,0.7413,0,0,0,0,0,NA,0,NA,0.33,0.212506,4.575,3.18759,0.00464285714285714,0.006354,NA,NA,NA,NA,NA,NA,NA,NA,NA,NA,NA,NA,NA,NA,NA,NA,NA,NA,NA,NA,NA,NA,NA,NA,NA,NA,NA,NA,NA,NA,NA,NA,NA,NA,NA,NA
"318","David Bell","CLE","WR","15758","robust",NA,NA,NA,NA,NA,NA,NA,NA,NA,NA,0,0,0,0,0,0,0,0,0,NA,0,NA,0.405,0.192738,6.625,3.899238,0.0075,0.007413,NA,NA,NA,NA,NA,NA,NA,NA,NA,NA,NA,NA,NA,NA,NA,NA,NA,NA,NA,NA,NA,NA,NA,NA,NA,NA,NA,NA,NA,NA,NA,NA,NA,NA,NA,NA
"319","DeAndre Carter","LVR","WR","12394","robust",NA,NA,NA,NA,NA,NA,NA,NA,NA,NA,0,0,0.278,0.22239,0,0,0.0333333333333333,0.02471,0,NA,0,NA,0.935,0.022239,11.05,0.355824,0.05,0.051891,NA,NA,NA,NA,NA,NA,NA,NA,NA,NA,NA,NA,NA,NA,NA,NA,NA,NA,NA,NA,NA,NA,NA,NA,NA,NA,NA,NA,NA,NA,NA,NA,NA,NA,NA,NA
"320","Marquise Goodwin","CLE","WR","11239","robust",NA,NA,NA,NA,NA,NA,NA,NA,NA,NA,0.188787671232877,0.033246797260274,0.935,0.192738,0.00125,0,0,0,0,NA,0,NA,0.65,0.14826,8.65,0.800604000000001,0.03,0.029652,NA,NA,NA,NA,NA,NA,NA,NA,NA,NA,NA,NA,NA,NA,NA,NA,NA,NA,NA,NA,NA,NA,NA,NA,NA,NA,NA,NA,NA,NA,NA,NA,NA,NA,NA,NA
"321","Tyler Scott","CHI","WR","16205","robust",NA,NA,NA,NA,NA,NA,NA,NA,NA,NA,0,0,0.2,0.14826,0,0,0,0,0,NA,0,NA,0.8,0.0148259999999999,9.4,1.445535,0.0775,0.029652,NA,NA,NA,NA,NA,NA,NA,NA,NA,NA,NA,NA,NA,NA,NA,NA,NA,NA,NA,NA,NA,NA,NA,NA,NA,NA,NA,NA,NA,NA,NA,NA,NA,NA,NA,NA
"322","Kayshon Boutte","NE","WR","16193","robust",NA,NA,NA,NA,NA,NA,NA,NA,NA,NA,0,0,-0.05,0.04942,0,0,0.05,0.037065,0,NA,0,NA,0.37,0.244629,4.17,2.740339,0.00424551188743329,0.00517579184861718,NA,NA,NA,NA,NA,NA,NA,NA,NA,NA,NA,NA,NA,NA,NA,NA,NA,NA,NA,NA,NA,NA,NA,NA,NA,NA,NA,NA,NA,NA,NA,NA,NA,NA,NA,NA
"323","Samori Toure","GB","WR","15841","robust",NA,NA,NA,NA,NA,NA,NA,NA,NA,NA,0,0,0,0,0,0,0,0,0,NA,0,NA,0.73,0.0444779999999999,9.2,1.215732,0.05,0.07413,NA,NA,NA,NA,NA,NA,NA,NA,NA,NA,NA,NA,NA,NA,NA,NA,NA,NA,NA,NA,NA,NA,NA,NA,NA,NA,NA,NA,NA,NA,NA,NA,NA,NA,NA,NA
"324","Brandon Powell","MIN","WR","13910","robust",NA,NA,NA,NA,NA,NA,NA,NA,NA,NA,0,0,1.13625,0.4040085,0,0,0,0,0,NA,0,NA,0.6,0.014826,6.22,3.291372,0.01,0,NA,NA,NA,NA,NA,NA,NA,NA,NA,NA,NA,NA,NA,NA,NA,NA,NA,NA,NA,NA,NA,NA,NA,NA,NA,NA,NA,NA,NA,NA,NA,NA,NA,NA,NA,NA
"325","Mason Kinsey","TEN","WR","15535","robust",NA,NA,NA,NA,NA,NA,NA,NA,NA,NA,0,0,0.2375,0,0,0,0,0,0,NA,0.01,0,0.7275,0,9.09,0,0.01,0,NA,NA,NA,NA,NA,NA,NA,NA,NA,NA,NA,NA,NA,NA,NA,NA,NA,NA,NA,NA,NA,NA,NA,NA,NA,NA,NA,NA,NA,NA,NA,NA,NA,NA,NA,NA
"326","Trenton Irwin","CIN","WR","14551","robust",NA,NA,NA,NA,NA,NA,NA,NA,NA,NA,0,0,0.01125,0,0,0,0,0,0,NA,0.01,0,0.4,0.340998,5.04,2.268378,0.025,0.014826,NA,NA,NA,NA,NA,NA,NA,NA,NA,NA,NA,NA,NA,NA,NA,NA,NA,NA,NA,NA,NA,NA,NA,NA,NA,NA,NA,NA,NA,NA,NA,NA,NA,NA,NA,NA
"327","Robby Anderson","MIA","WR","12930","robust",NA,NA,NA,NA,NA,NA,NA,NA,NA,NA,0,0,0,0,0,0,0,0,NA,NA,NA,NA,0.61,0.311346,7.49,3.691674,0.035,0.051891,NA,NA,NA,NA,NA,NA,NA,NA,NA,NA,NA,NA,NA,NA,NA,NA,NA,NA,NA,NA,NA,NA,NA,NA,NA,NA,NA,NA,NA,NA,NA,NA,NA,NA,NA,NA
"328","Derius Davis","LAC","WR","16299","robust",NA,NA,NA,NA,NA,NA,NA,NA,NA,NA,0.350377928949358,0.192738,1.8,1.18608,0.00139455782312925,0,0,0,0,NA,0,NA,0.785,0.103782,9.25,0.37065,0.06,0.059304,NA,NA,NA,NA,NA,NA,NA,NA,NA,NA,NA,NA,NA,NA,NA,NA,NA,NA,NA,NA,NA,NA,NA,NA,NA,NA,NA,NA,NA,NA,NA,NA,NA,NA,NA,NA
"329","Ray-Ray McCloud","SF","WR","13641","robust",NA,NA,NA,NA,NA,NA,NA,NA,NA,NA,0,0,0.62,0.563388,0.00125,0,0,0,0,NA,0.01,0,0.5,0.29652,6.16,1.719816,0.005,0,NA,NA,NA,NA,NA,NA,NA,NA,NA,NA,NA,NA,NA,NA,NA,NA,NA,NA,NA,NA,NA,NA,NA,NA,NA,NA,NA,NA,NA,NA,NA,NA,NA,NA,NA,NA
"330","Velus Jones","CHI","WR","15767","robust",NA,NA,NA,NA,NA,NA,NA,NA,NA,NA,0.1,0.07413,2.275,2.00151,0,0,0.0025,0.002471,0,NA,0,NA,0.2825,0.111195,5.0275,3.209829,0.025,0.022239,NA,NA,NA,NA,NA,NA,NA,NA,NA,NA,NA,NA,NA,NA,NA,NA,NA,NA,NA,NA,NA,NA,NA,NA,NA,NA,NA,NA,NA,NA,NA,NA,NA,NA,NA,NA
"331","Antoine Green","DET","WR","16349","robust",NA,NA,NA,NA,NA,NA,NA,NA,NA,NA,0,0,0.2125,0.29652,0,0,0,0,0,NA,0,NA,0.4775,0.07413,6.3925,0.578213999999999,0.025,0.014826,NA,NA,NA,NA,NA,NA,NA,NA,NA,NA,NA,NA,NA,NA,NA,NA,NA,NA,NA,NA,NA,NA,NA,NA,NA,NA,NA,NA,NA,NA,NA,NA,NA,NA,NA,NA
"332",NA,NA,"WR","16453","robust",NA,NA,NA,NA,NA,NA,NA,NA,NA,NA,0,0,0.315,0.170499,0,0,0,0,NA,NA,NA,NA,0.485,0.274281,6.17,3.068982,0.025,0.037065,NA,NA,NA,NA,NA,NA,NA,NA,NA,NA,NA,NA,NA,NA,NA,NA,NA,NA,NA,NA,NA,NA,NA,NA,NA,NA,NA,NA,NA,NA,NA,NA,NA,NA,NA,NA
"333","Justyn Ross","KC","WR","15763","robust",NA,NA,NA,NA,NA,NA,NA,NA,NA,NA,0,0,0.1125,0.086485,0,0,0,0,0,NA,0,NA,0.5975,0.111195,7.475,0.541149,0.0175,0.022239,NA,NA,NA,NA,NA,NA,NA,NA,NA,NA,NA,NA,NA,NA,NA,NA,NA,NA,NA,NA,NA,NA,NA,NA,NA,NA,NA,NA,NA,NA,NA,NA,NA,NA,NA,NA
"334","Jalen Tolbert","DAL","WR","15788","robust",NA,NA,NA,NA,NA,NA,NA,NA,NA,NA,0,0,0,0,0,0,0,0,0,NA,0,NA,0.3425,0.289107,4.3475,1.875489,0,0,NA,NA,NA,NA,NA,NA,NA,NA,NA,NA,NA,NA,NA,NA,NA,NA,NA,NA,NA,NA,NA,NA,NA,NA,NA,NA,NA,NA,NA,NA,NA,NA,NA,NA,NA,NA
"335","Jamison Crowder","WAS","WR","12184","robust",NA,NA,NA,NA,NA,NA,NA,NA,NA,NA,0,0,0.025,0,0,0,0,0,0,NA,0,NA,0.2825,0,3.7775,1.645686,0.01,0.014826,NA,NA,NA,NA,NA,NA,NA,NA,NA,NA,NA,NA,NA,NA,NA,NA,NA,NA,NA,NA,NA,NA,NA,NA,NA,NA,NA,NA,NA,NA,NA,NA,NA,NA,NA,NA
"336","Miles Boykin","PIT","WR","14125","robust",NA,NA,NA,NA,NA,NA,NA,NA,NA,NA,0,0,0.25,0,0,0,0,0,0,NA,0,NA,0.44,0.118608,4.925,2.07564,0.0075,0,NA,NA,NA,NA,NA,NA,NA,NA,NA,NA,NA,NA,NA,NA,NA,NA,NA,NA,NA,NA,NA,NA,NA,NA,NA,NA,NA,NA,NA,NA,NA,NA,NA,NA,NA,NA
"337","Andrei Iosivas","CIN","WR","16207","robust",NA,NA,NA,NA,NA,NA,NA,NA,NA,NA,0,0,0.255,0.081543,0,0,0,0,NA,NA,NA,NA,0.46,0.088956,5.835,1.682751,0.02,0.029652,NA,NA,NA,NA,NA,NA,NA,NA,NA,NA,NA,NA,NA,NA,NA,NA,NA,NA,NA,NA,NA,NA,NA,NA,NA,NA,NA,NA,NA,NA,NA,NA,NA,NA,NA,NA
"338","Xavier Gipson","NYJ","WR","16416","robust",NA,NA,NA,NA,NA,NA,NA,NA,NA,NA,0,0,0.32,0.177912,0,0,0,0,NA,NA,0.01,0,0.31,0.163086,5.09,2.505594,0.015,0.022239,NA,NA,NA,NA,NA,NA,NA,NA,NA,NA,NA,NA,NA,NA,NA,NA,NA,NA,NA,NA,NA,NA,NA,NA,NA,NA,NA,NA,NA,NA,NA,NA,NA,NA,NA,NA
"339","Rakim Jarrett","TB","WR","16198","robust",NA,NA,NA,NA,NA,NA,NA,NA,NA,NA,0.0333333333333333,0.04942,0.595,0.874734,0,0,0,0,0,NA,0,NA,0.385,0.044478,4.28,3.202416,0.01,0,NA,NA,NA,NA,NA,NA,NA,NA,NA,NA,NA,NA,NA,NA,NA,NA,NA,NA,NA,NA,NA,NA,NA,NA,NA,NA,NA,NA,NA,NA,NA,NA,NA,NA,NA,NA
"340","Simi Fehoko","LAC","WR","15303","robust",NA,NA,NA,NA,NA,NA,NA,NA,NA,NA,0,0,0.04,0.059304,0,0,0,0,NA,NA,NA,NA,0.41,0.133434,5.495,1.341753,0.065,0.051891,NA,NA,NA,NA,NA,NA,NA,NA,NA,NA,NA,NA,NA,NA,NA,NA,NA,NA,NA,NA,NA,NA,NA,NA,NA,NA,NA,NA,NA,NA,NA,NA,NA,NA,NA,NA
"341","KaVontae Turpin","DAL","WR","15981","robust",NA,NA,NA,NA,NA,NA,NA,NA,NA,NA,0.5,0,3,0.44478,0.01,0,0,0,0,NA,0.01,0,0.3,0.192738,3,0.904386,0.01,0,NA,NA,NA,NA,NA,NA,NA,NA,NA,NA,NA,NA,NA,NA,NA,NA,NA,NA,NA,NA,NA,NA,NA,NA,NA,NA,NA,NA,NA,NA,NA,NA,NA,NA,NA,NA
"342","Scott Miller","ATL","WR","14280","robust",NA,NA,NA,NA,NA,NA,NA,NA,NA,NA,0,0,0,0,0,0,0,0,0,NA,0,NA,0.28,0.088956,3.1525,0.429954,0.0025,0,NA,NA,NA,NA,NA,NA,NA,NA,NA,NA,NA,NA,NA,NA,NA,NA,NA,NA,NA,NA,NA,NA,NA,NA,NA,NA,NA,NA,NA,NA,NA,NA,NA,NA,NA,NA
"343","Colton Dowell","TEN","WR","16354","robust",NA,NA,NA,NA,NA,NA,NA,NA,NA,NA,0,0,0,0,0,0,0,0,NA,NA,NA,NA,0.4,0,5.3,1.03782,0,0,NA,NA,NA,NA,NA,NA,NA,NA,NA,NA,NA,NA,NA,NA,NA,NA,NA,NA,NA,NA,NA,NA,NA,NA,NA,NA,NA,NA,NA,NA,NA,NA,NA,NA,NA,NA
"344","Lil'Jordan Humphrey","DEN","WR","14118","robust",NA,NA,NA,NA,NA,NA,NA,NA,NA,NA,0,0,0.0125,0,0,0,0,0,0,NA,0,NA,0.33,0.133434,4.01,1.067472,0.02,0.029652,NA,NA,NA,NA,NA,NA,NA,NA,NA,NA,NA,NA,NA,NA,NA,NA,NA,NA,NA,NA,NA,NA,NA,NA,NA,NA,NA,NA,NA,NA,NA,NA,NA,NA,NA,NA
"345","Tre Tucker","LVR","WR","16287","robust",NA,NA,NA,NA,NA,NA,NA,NA,NA,NA,0.192411290322581,0.0818060419354838,1.4025,0.029652,0.0075,0,0,0,0,NA,0,NA,0.3675,0.118608,4.345,1.497426,0.015,0.014826,NA,NA,NA,NA,NA,NA,NA,NA,NA,NA,NA,NA,NA,NA,NA,NA,NA,NA,NA,NA,NA,NA,NA,NA,NA,NA,NA,NA,NA,NA,NA,NA,NA,NA,NA,NA
"346","Xavier Hutchinson","HOU","WR","16201","robust",NA,NA,NA,NA,NA,NA,NA,NA,NA,NA,0,0,0.075,0.07413,0,0,0,0,0,NA,0,NA,0.2625,0.081543,2.925,0.385476,0.0075,0.007413,NA,NA,NA,NA,NA,NA,NA,NA,NA,NA,NA,NA,NA,NA,NA,NA,NA,NA,NA,NA,NA,NA,NA,NA,NA,NA,NA,NA,NA,NA,NA,NA,NA,NA,NA,NA
"347","Keith Kirkwood","NO","WR","13882","robust",NA,NA,NA,NA,NA,NA,NA,NA,NA,NA,0,0,0,0,0,0,0,0,0,NA,0,NA,0.4,0.022239,5.075,0.103782,0.0125,0.014826,NA,NA,NA,NA,NA,NA,NA,NA,NA,NA,NA,NA,NA,NA,NA,NA,NA,NA,NA,NA,NA,NA,NA,NA,NA,NA,NA,NA,NA,NA,NA,NA,NA,NA,NA,NA
"348","Laquon Treadwell","FA","WR","12645","robust",NA,NA,NA,NA,NA,NA,NA,NA,NA,NA,0,0,0.02,0.029652,0,0,0,0,NA,NA,NA,NA,0.335,0.200151,4.04,1.986684,0.02,0.029652,NA,NA,NA,NA,NA,NA,NA,NA,NA,NA,NA,NA,NA,NA,NA,NA,NA,NA,NA,NA,NA,NA,NA,NA,NA,NA,NA,NA,NA,NA,NA,NA,NA,NA,NA,NA
"349","Keelan Doss","LAC","WR","14317","robust",NA,NA,NA,NA,NA,NA,NA,NA,NA,NA,0,0,0.385,0.177912,0,0,0,0,0,NA,0,NA,0.25,0,2.6225,3.85476,0.01,0,NA,NA,NA,NA,NA,NA,NA,NA,NA,NA,NA,NA,NA,NA,NA,NA,NA,NA,NA,NA,NA,NA,NA,NA,NA,NA,NA,NA,NA,NA,NA,NA,NA,NA,NA,NA
"350","Byron Pringle","WAS","WR","13863","robust",NA,NA,NA,NA,NA,NA,NA,NA,NA,NA,0,0,0,0,0,0,0,0,0,NA,0,NA,0.375,0,3.99,1.423296,0.005,0,NA,NA,NA,NA,NA,NA,NA,NA,NA,NA,NA,NA,NA,NA,NA,NA,NA,NA,NA,NA,NA,NA,NA,NA,NA,NA,NA,NA,NA,NA,NA,NA,NA,NA,NA,NA
"351","Lynn Bowden","NO","WR","14843","robust",NA,NA,NA,NA,NA,NA,NA,NA,NA,NA,0,0,0.47,0.252042,0,0,0,0,NA,NA,NA,NA,0.28,0.118608,3.025,1.519665,0.015,0.022239,NA,NA,NA,NA,NA,NA,NA,NA,NA,NA,NA,NA,NA,NA,NA,NA,NA,NA,NA,NA,NA,NA,NA,NA,NA,NA,NA,NA,NA,NA,NA,NA,NA,NA,NA,NA
"352","Gunner Olszewski","PIT","WR","14555","robust",NA,NA,NA,NA,NA,NA,NA,NA,NA,NA,0,0,1.225,0.96369,0.0025,0.002471,0,0,0,NA,0,NA,0.23,0.029652,2.39,0.452193,0.00702938529696802,0.00293615557247681,NA,NA,NA,NA,NA,NA,NA,NA,NA,NA,NA,NA,NA,NA,NA,NA,NA,NA,NA,NA,NA,NA,NA,NA,NA,NA,NA,NA,NA,NA,NA,NA,NA,NA,NA,NA
"353","Jason Brownlee","NYJ","WR","16423","robust",NA,NA,NA,NA,NA,NA,NA,NA,NA,NA,NA,NA,0,0,0,0,0,0,NA,NA,NA,NA,0.2,0,3,0,0,0,NA,NA,NA,NA,NA,NA,NA,NA,NA,NA,NA,NA,NA,NA,NA,NA,NA,NA,NA,NA,NA,NA,NA,NA,NA,NA,NA,NA,NA,NA,NA,NA,NA,NA,NA,NA
"354","Cedric Tillman","CLE","WR","16191","robust",NA,NA,NA,NA,NA,NA,NA,NA,NA,NA,0,NA,0.2,0,0,0,0,0,NA,NA,NA,NA,0.1,0.14826,2.45,0.66717,0,0,NA,NA,NA,NA,NA,NA,NA,NA,NA,NA,NA,NA,NA,NA,NA,NA,NA,NA,NA,NA,NA,NA,NA,NA,NA,NA,NA,NA,NA,NA,NA,NA,NA,NA,NA,NA
"355","Austin Trammell","LAR","WR","16120","robust",NA,NA,NA,NA,NA,NA,NA,NA,NA,NA,0,0,0.05,0.07413,0,0,0,0,NA,NA,NA,NA,0.165,0.096369,2.085,0.719061,0.01,0.014826,NA,NA,NA,NA,NA,NA,NA,NA,NA,NA,NA,NA,NA,NA,NA,NA,NA,NA,NA,NA,NA,NA,NA,NA,NA,NA,NA,NA,NA,NA,NA,NA,NA,NA,NA,NA
"356","Ihmir Smith-Marsette","CAR","WR","15434","robust",NA,NA,NA,NA,NA,NA,NA,NA,NA,NA,0,0,0.1,0.14826,0,0,0,0,NA,NA,NA,NA,0.15,0.07413,2.385,0.274281,0.005,0.007413,NA,NA,NA,NA,NA,NA,NA,NA,NA,NA,NA,NA,NA,NA,NA,NA,NA,NA,NA,NA,NA,NA,NA,NA,NA,NA,NA,NA,NA,NA,NA,NA,NA,NA,NA,NA
"357","Lawrence Cager","NYG","WR","15041","robust",NA,NA,NA,NA,NA,NA,NA,NA,NA,NA,0,0,0,0,0,0,0,0,NA,NA,NA,NA,0.2,0,2.215,0.0222389999999999,0.005,0.007413,NA,NA,NA,NA,NA,NA,NA,NA,NA,NA,NA,NA,NA,NA,NA,NA,NA,NA,NA,NA,NA,NA,NA,NA,NA,NA,NA,NA,NA,NA,NA,NA,NA,NA,NA,NA
"358","Mike Woods","CLE","WR","15792","robust",NA,NA,NA,NA,NA,NA,NA,NA,NA,NA,0,0,0,0,0,0,0,0,NA,NA,NA,NA,0.14,0.059304,1.65,0.81543,0.005,0.007413,NA,NA,NA,NA,NA,NA,NA,NA,NA,NA,NA,NA,NA,NA,NA,NA,NA,NA,NA,NA,NA,NA,NA,NA,NA,NA,NA,NA,NA,NA,NA,NA,NA,"Achilles",2023,4
"359","Juwann Winfree","IND","WR","14267","robust",NA,NA,NA,NA,NA,NA,NA,NA,NA,NA,0,0,0,0,0,0,0,0,NA,NA,NA,NA,0.135,0.051891,1.605,0.748713,0.005,0.007413,NA,NA,NA,NA,NA,NA,NA,NA,NA,NA,NA,NA,NA,NA,NA,NA,NA,NA,NA,NA,NA,NA,NA,NA,NA,NA,NA,NA,NA,NA,NA,NA,NA,NA,NA,NA
"360","Trent Taylor","CHI","WR","13316","robust",NA,NA,NA,NA,NA,NA,NA,NA,NA,NA,0,0,0.05,0.07413,0,0,0,0,NA,NA,NA,NA,0.135,0.051891,1.43,0.340998,0.005,0.007413,NA,NA,NA,NA,NA,NA,NA,NA,NA,NA,NA,NA,NA,NA,NA,NA,NA,NA,NA,NA,NA,NA,NA,NA,NA,NA,NA,NA,NA,NA,NA,NA,NA,NA,NA,NA
"361","Treylon Burks","TEN","WR","15752","robust",NA,NA,NA,NA,NA,NA,NA,NA,NA,NA,0.3,NA,1.75,0,0.01,0,NA,NA,NA,NA,NA,NA,0,0,0,0,0,0,NA,NA,NA,NA,NA,NA,NA,NA,NA,NA,NA,NA,NA,NA,NA,NA,NA,NA,NA,NA,NA,NA,NA,NA,NA,NA,NA,NA,NA,NA,NA,NA,"O","Knee",2023,4
"362","Travis Kelce","KC","TE","11244","robust",NA,NA,NA,NA,NA,NA,NA,NA,NA,NA,0,0,0.132083333333333,0.1618505,0,0,0,0,0,NA,0,NA,6.2575,0.467019,71.9,2.564898,0.65,0.07413,NA,NA,NA,NA,NA,NA,NA,NA,NA,NA,NA,NA,NA,NA,NA,NA,NA,NA,NA,NA,NA,NA,NA,NA,NA,NA,NA,NA,NA,NA,NA,NA,NA,NA,NA,NA
"363","Mark Andrews","BAL","TE","13671","robust",NA,NA,NA,NA,NA,NA,NA,NA,NA,NA,0,0,0.29125,0.2878715,0,0,0,0,0,NA,0,NA,5.155,0.237216,57.5025,2.942961,0.3025,0.037065,NA,NA,NA,NA,NA,NA,NA,NA,NA,NA,NA,NA,NA,NA,NA,NA,NA,NA,NA,NA,NA,NA,NA,NA,NA,NA,NA,NA,NA,NA,NA,NA,NA,NA,NA,NA
"364","T.J. Hockenson","MIN","TE","14138","robust",NA,NA,NA,NA,NA,NA,NA,NA,NA,NA,0,0,0.008,0.0118608,0,0,0.05,0.037065,0,NA,0,NA,5.6275,0.37065,56.2125,4.040085,0.4,0,NA,NA,NA,NA,NA,NA,NA,NA,NA,NA,NA,NA,NA,NA,NA,NA,NA,NA,NA,NA,NA,NA,NA,NA,NA,NA,NA,NA,NA,NA,NA,NA,NA,NA,NA,NA
"365","Darren Waller","NYG","TE","12263","robust",NA,NA,NA,NA,NA,NA,NA,NA,NA,NA,0,0,0.014,0.0207564,0,0,0,0,0,NA,0,NA,4.225,0.296520000000001,50.3,1.85325000000001,0.25,0.044478,NA,NA,NA,NA,NA,NA,NA,NA,NA,NA,NA,NA,NA,NA,NA,NA,NA,NA,NA,NA,NA,NA,NA,NA,NA,NA,NA,NA,NA,NA,NA,NA,NA,NA,NA,NA
"366","George Kittle","SF","TE","13299","robust",NA,NA,NA,NA,NA,NA,NA,NA,NA,NA,0,0,0.0441666666666667,0,0.000833333333333333,0,0,0,0,NA,0,NA,4.05,0.22239,51.6,2.994852,0.36,0.088956,NA,NA,NA,NA,NA,NA,NA,NA,NA,NA,NA,NA,NA,NA,NA,NA,NA,NA,NA,NA,NA,NA,NA,NA,NA,NA,NA,NA,NA,NA,NA,NA,NA,NA,NA,NA
"367","Sam LaPorta","DET","TE","16214","robust",NA,NA,NA,NA,NA,NA,NA,NA,NA,NA,0,0,0.024,0.0355824,0,0,0.01875,0.0185325,0,NA,0,NA,4.1575,0.192737999999999,46.84,2.564898,0.2975,0.051891,NA,NA,NA,NA,NA,NA,NA,NA,NA,NA,NA,NA,NA,NA,NA,NA,NA,NA,NA,NA,NA,NA,NA,NA,NA,NA,NA,NA,NA,NA,NA,NA,NA,NA,NA,NA
"368","Evan Engram","JAC","TE","13189","robust",NA,NA,NA,NA,NA,NA,NA,NA,NA,NA,0,0,0.191,0.192738,0,0,0,0,0,NA,0,NA,4.82,0.266868,48.1,2.060814,0.2,0.081543,NA,NA,NA,NA,NA,NA,NA,NA,NA,NA,NA,NA,NA,NA,NA,NA,NA,NA,NA,NA,NA,NA,NA,NA,NA,NA,NA,NA,NA,NA,NA,NA,NA,NA,NA,NA
"369","Gerald Everett","LAC","TE","13236","robust",NA,NA,NA,NA,NA,NA,NA,NA,NA,NA,0,0,0.29,0.286636,0.000833333333333333,0,0,0,0,NA,0,NA,3.5,0.452193,34.0525,3.71391299999999,0.2,0.118608,NA,NA,NA,NA,NA,NA,NA,NA,NA,NA,NA,NA,NA,NA,NA,NA,NA,NA,NA,NA,NA,NA,NA,NA,NA,NA,NA,NA,NA,NA,NA,NA,NA,NA,NA,NA
"370","Dallas Goedert","PHI","TE","13674","robust",NA,NA,NA,NA,NA,NA,NA,NA,NA,NA,0,0,0.005,0.007413,0,0,0,0,0,NA,0,NA,3.95,0.0741300000000004,43.37,3.595305,0.2025,0.00741299999999999,NA,NA,NA,NA,NA,NA,NA,NA,NA,NA,NA,NA,NA,NA,NA,NA,NA,NA,NA,NA,NA,NA,NA,NA,NA,NA,NA,NA,NA,NA,NA,NA,NA,NA,NA,NA
"371","Tyler Higbee","LAR","TE","12678","robust",NA,NA,NA,NA,NA,NA,NA,NA,NA,NA,0,0,0.009,0.0133434,0,0,0,0,0,NA,0,NA,4,0.14826,39.6,2.37216,0.2125,0.037065,NA,NA,NA,NA,NA,NA,NA,NA,NA,NA,NA,NA,NA,NA,NA,NA,NA,NA,NA,NA,NA,NA,NA,NA,NA,NA,NA,NA,NA,NA,NA,NA,"Q","Achilles",2023,4
"372","Kyle Pitts","ATL","TE","15329","robust",NA,NA,NA,NA,NA,NA,NA,NA,NA,NA,0,0,0.0541666666666667,0.0803075,0,0,0,0,0,NA,0,NA,3.3,0.29652,44.1975,2.2239,0.2,0.066717,NA,NA,NA,NA,NA,NA,NA,NA,NA,NA,NA,NA,NA,NA,NA,NA,NA,NA,NA,NA,NA,NA,NA,NA,NA,NA,NA,NA,NA,NA,NA,NA,NA,NA,NA,NA
"373","Luke Musgrave","GB","TE","16215","robust",NA,NA,NA,NA,NA,NA,NA,NA,NA,NA,0,0,0.017,0.0252042,0,0,0.01875,0.0185325,0,NA,0,NA,3.35,0.326172,37.05,2.52042,0.2,0,NA,NA,NA,NA,NA,NA,NA,NA,NA,NA,NA,NA,NA,NA,NA,NA,NA,NA,NA,NA,NA,NA,NA,NA,NA,NA,NA,NA,NA,NA,NA,NA,NA,NA,NA,NA
"374","Cole Kmet","CHI","TE","14867","robust",NA,NA,NA,NA,NA,NA,NA,NA,NA,NA,0,0,0.03,0.044478,0,0,0,0,0,NA,0,NA,3.28,0.252042,35.825,3.573066,0.26,0.059304,NA,NA,NA,NA,NA,NA,NA,NA,NA,NA,NA,NA,NA,NA,NA,NA,NA,NA,NA,NA,NA,NA,NA,NA,NA,NA,NA,NA,NA,NA,NA,NA,NA,NA,NA,NA
"375","Hunter Henry","NE","TE","12676","robust",NA,NA,NA,NA,NA,NA,NA,NA,NA,NA,0,0,0.007,0.0103782,0,0,0,0,0,NA,0,NA,3.255,0.355824,35.125,1.994097,0.25,0.07413,NA,NA,NA,NA,NA,NA,NA,NA,NA,NA,NA,NA,NA,NA,NA,NA,NA,NA,NA,NA,NA,NA,NA,NA,NA,NA,NA,NA,NA,NA,NA,NA,NA,NA,NA,NA
"376","Hayden Hurst","CAR","TE","13680","robust",NA,NA,NA,NA,NA,NA,NA,NA,NA,NA,0,0,0.007,0.0103782,0,0,0,0,0,NA,0,NA,3.05,0.14826,29.8,2.37216,0.2,0,NA,NA,NA,NA,NA,NA,NA,NA,NA,NA,NA,NA,NA,NA,NA,NA,NA,NA,NA,NA,NA,NA,NA,NA,NA,NA,NA,NA,NA,NA,NA,NA,NA,NA,NA,NA
"377","David Njoku","CLE","TE","13192","robust",NA,NA,NA,NA,NA,NA,NA,NA,NA,NA,0,0,0.0175,0.0259455,0,0,0.075,0.0185325,0,NA,0,NA,3.305,0.29652,35.8975,1.490013,0.25,0.07413,NA,NA,NA,NA,NA,NA,NA,NA,NA,NA,NA,NA,NA,NA,NA,NA,NA,NA,NA,NA,NA,NA,NA,NA,NA,NA,NA,NA,NA,NA,NA,NA,"Q","Arm",2023,4
"378","Pat Freiermuth","PIT","TE","15331","robust",NA,NA,NA,NA,NA,NA,NA,NA,NA,NA,0,0,0.007,0.0103782,0,0,0,0,0,NA,0,NA,3.3425,0.29652,36.705,1.564143,0.295,0.00741300000000001,NA,NA,NA,NA,NA,NA,NA,NA,NA,NA,NA,NA,NA,NA,NA,NA,NA,NA,NA,NA,NA,NA,NA,NA,NA,NA,NA,NA,NA,NA,NA,NA,NA,NA,NA,NA
"379","Zach Ertz","ARI","TE","11247","robust",NA,NA,NA,NA,NA,NA,NA,NA,NA,NA,0,0,0.01,0.014826,0,0,0,0,0,NA,0,NA,3.6575,0.303933,35.4,2.498181,0.2,0,NA,NA,NA,NA,NA,NA,NA,NA,NA,NA,NA,NA,NA,NA,NA,NA,NA,NA,NA,NA,NA,NA,NA,NA,NA,NA,NA,NA,NA,NA,NA,NA,NA,NA,NA,NA
"380","Jake Ferguson","DAL","TE","15799","robust",NA,NA,NA,NA,NA,NA,NA,NA,NA,NA,0,0,0.005,0.007413,0,0,0,0,0,NA,0,NA,3.15,0.22239,30.425,3.15052499999999,0.205,0.07413,NA,NA,NA,NA,NA,NA,NA,NA,NA,NA,NA,NA,NA,NA,NA,NA,NA,NA,NA,NA,NA,NA,NA,NA,NA,NA,NA,NA,NA,NA,NA,NA,NA,NA,NA,NA
"381","Logan Thomas","WAS","TE","11647","robust",NA,NA,NA,NA,NA,NA,NA,NA,NA,NA,0,0,0.009,0.0133434,0,0,0,0,0,NA,0,NA,3,0.192738,30.695,3.461871,0.15,0,NA,NA,NA,NA,NA,NA,NA,NA,NA,NA,NA,NA,NA,NA,NA,NA,NA,NA,NA,NA,NA,NA,NA,NA,NA,NA,NA,NA,NA,NA,NA,NA,NA,NA,NA,NA
"382","Noah Fant","SEA","TE","14137","robust",NA,NA,NA,NA,NA,NA,NA,NA,NA,NA,0,0,0.042,0.0622692,0,0,0,0,0,NA,0,NA,2.9,0.14826,29.35,2.112705,0.13,0.044478,NA,NA,NA,NA,NA,NA,NA,NA,NA,NA,NA,NA,NA,NA,NA,NA,NA,NA,NA,NA,NA,NA,NA,NA,NA,NA,NA,NA,NA,NA,NA,NA,"Q","Knee",2023,4
"383","Chigoziem Okonkwo","TEN","TE","15889","robust",NA,NA,NA,NA,NA,NA,NA,NA,NA,NA,0,0,0.095,0.140847,0,0,0,0,0,NA,0,NA,3.1,0.14826,35.225,0.7413,0.2,0,NA,NA,NA,NA,NA,NA,NA,NA,NA,NA,NA,NA,NA,NA,NA,NA,NA,NA,NA,NA,NA,NA,NA,NA,NA,NA,NA,NA,NA,NA,NA,NA,NA,NA,NA,NA
"384","Dalton Schultz","HOU","TE","13772","robust",NA,NA,NA,NA,NA,NA,NA,NA,NA,NA,0,0,0.006,0.0088956,0,0,0,0,0,NA,0,NA,3.1025,0.14826,31.3675,0.911798999999998,0.2,0,NA,NA,NA,NA,NA,NA,NA,NA,NA,NA,NA,NA,NA,NA,NA,NA,NA,NA,NA,NA,NA,NA,NA,NA,NA,NA,NA,NA,NA,NA,NA,NA,NA,NA,NA,NA
"385","Dalton Kincaid","BUF","TE","16213","robust",NA,NA,NA,NA,NA,NA,NA,NA,NA,NA,0,0,0.008,0.0118608,0,0,0.01875,0.0185325,0,NA,0,NA,2.925,0.0741300000000004,29,4.67019,0.17,0.044478,NA,NA,NA,NA,NA,NA,NA,NA,NA,NA,NA,NA,NA,NA,NA,NA,NA,NA,NA,NA,NA,NA,NA,NA,NA,NA,NA,NA,NA,NA,NA,NA,NA,NA,NA,NA
"386","Dawson Knox","BUF","TE","14143","robust",NA,NA,NA,NA,NA,NA,NA,NA,NA,NA,0,0,0.006,0.0088956,0,0,0,0,0,NA,0,NA,2.705,0.37065,29.0575,3.580479,0.3,0.096369,NA,NA,NA,NA,NA,NA,NA,NA,NA,NA,NA,NA,NA,NA,NA,NA,NA,NA,NA,NA,NA,NA,NA,NA,NA,NA,NA,NA,NA,NA,NA,NA,NA,NA,NA,NA
"387","Austin Hooper","LVR","TE","12677","robust",NA,NA,NA,NA,NA,NA,NA,NA,NA,NA,0,0,0.006,0.0088956,0,0,0,0,0,NA,0,NA,1.71,0.7413,19.27,5.663532,0.105,0.014826,NA,NA,NA,NA,NA,NA,NA,NA,NA,NA,NA,NA,NA,NA,NA,NA,NA,NA,NA,NA,NA,NA,NA,NA,NA,NA,NA,NA,NA,NA,NA,NA,NA,NA,NA,NA
"388","Tyler Conklin","NYJ","TE","13675","robust",NA,NA,NA,NA,NA,NA,NA,NA,NA,NA,0,0,0.02,0.059304,0,0,0,0,0,NA,0,NA,2.58,0.681996,26.025,9.78516,0.1,0,NA,NA,NA,NA,NA,NA,NA,NA,NA,NA,NA,NA,NA,NA,NA,NA,NA,NA,NA,NA,NA,NA,NA,NA,NA,NA,NA,NA,NA,NA,NA,NA,NA,NA,NA,NA
"389","Cade Otton","TB","TE","15802","robust",NA,NA,NA,NA,NA,NA,NA,NA,NA,NA,0,0,0.007,0.0103782,0,0,0,0,0,NA,0,NA,2.825,0.14826,27.93,2.9652,0.145,0.07413,NA,NA,NA,NA,NA,NA,NA,NA,NA,NA,NA,NA,NA,NA,NA,NA,NA,NA,NA,NA,NA,NA,NA,NA,NA,NA,NA,NA,NA,NA,NA,NA,NA,NA,NA,NA
"390","Kylen Granson","IND","TE","15419","robust",NA,NA,NA,NA,NA,NA,NA,NA,NA,NA,0,0,0.023,0,0,0,0,0,0,NA,0,NA,2.5,0.59304,25.425,2.164596,0.1775,0,NA,NA,NA,NA,NA,NA,NA,NA,NA,NA,NA,NA,NA,NA,NA,NA,NA,NA,NA,NA,NA,NA,NA,NA,NA,NA,NA,NA,NA,NA,NA,NA,NA,NA,NA,NA
"391","Drew Sample","CIN","TE","14146","robust",NA,NA,NA,NA,NA,NA,NA,NA,NA,NA,0,0,0,0,0,0,0,0,0,NA,0,NA,1.4,0.896973,11.425,7.123893,0.0575,0.051891,NA,NA,NA,NA,NA,NA,NA,NA,NA,NA,NA,NA,NA,NA,NA,NA,NA,NA,NA,NA,NA,NA,NA,NA,NA,NA,NA,NA,NA,NA,NA,NA,NA,NA,NA,NA
"392","Juwan Johnson","NO","TE","14861","robust",NA,NA,NA,NA,NA,NA,NA,NA,NA,NA,0,0,0.608,0.9014208,0.01875,0.0185325,0,0,0,NA,0,NA,2.395,0.29652,28.015,1.994097,0.2,0.07413,NA,NA,NA,NA,NA,NA,NA,NA,NA,NA,NA,NA,NA,NA,NA,NA,NA,NA,NA,NA,NA,NA,NA,NA,NA,NA,NA,NA,NA,NA,NA,NA,NA,NA,NA,NA
"393","Mike Gesicki","NE","TE","13672","robust",NA,NA,NA,NA,NA,NA,NA,NA,NA,NA,0,0,0.007,0.0103782,0,0,0,0,0,NA,0,NA,1.965,0.400302,21.825,3.33585,0.1,0,NA,NA,NA,NA,NA,NA,NA,NA,NA,NA,NA,NA,NA,NA,NA,NA,NA,NA,NA,NA,NA,NA,NA,NA,NA,NA,NA,NA,NA,NA,NA,NA,NA,NA,NA,NA
"394","Jonnu Smith","ATL","TE","13193","robust",NA,NA,NA,NA,NA,NA,NA,NA,NA,NA,0,0,0.012,0.0177912,0,0,0,0,0,NA,0,NA,2,0,22.4,3.92889,0.09,0.014826,NA,NA,NA,NA,NA,NA,NA,NA,NA,NA,NA,NA,NA,NA,NA,NA,NA,NA,NA,NA,NA,NA,NA,NA,NA,NA,NA,NA,NA,NA,NA,NA,NA,NA,NA,NA
"395","Donald Parham","LAC","TE","14341","robust",NA,NA,NA,NA,NA,NA,NA,NA,NA,NA,0,0,0.005,0.007413,0,0,0,0,0,NA,0,NA,1.95,0.0741300000000001,17.9425,2.246139,0.2,0.096369,NA,NA,NA,NA,NA,NA,NA,NA,NA,NA,NA,NA,NA,NA,NA,NA,NA,NA,NA,NA,NA,NA,NA,NA,NA,NA,NA,NA,NA,NA,NA,NA,NA,NA,NA,NA
"396","Isaiah Likely","BAL","TE","15798","robust",NA,NA,NA,NA,NA,NA,NA,NA,NA,NA,0,0,0.016,0.0237216,0,0,0,0,0,NA,0,NA,1.39,0.44478,14.425,1.942206,0.1,0.037065,NA,NA,NA,NA,NA,NA,NA,NA,NA,NA,NA,NA,NA,NA,NA,NA,NA,NA,NA,NA,NA,NA,NA,NA,NA,NA,NA,NA,NA,NA,NA,NA,NA,NA,NA,NA
"397","Colby Parkinson","SEA","TE","14871","robust",NA,NA,NA,NA,NA,NA,NA,NA,NA,NA,0,0,0.005,0.014826,0,0,0,0,0,NA,0,NA,1.3,0.266868,15.4475,3.63237,0.1,0,NA,NA,NA,NA,NA,NA,NA,NA,NA,NA,NA,NA,NA,NA,NA,NA,NA,NA,NA,NA,NA,NA,NA,NA,NA,NA,NA,NA,NA,NA,NA,NA,NA,NA,NA,NA
"398","Adam Trautman","DEN","TE","14870","robust",NA,NA,NA,NA,NA,NA,NA,NA,NA,NA,0,0,0.006,0,0,0,0,0,0,NA,0,NA,2,0,20.9,1.77912,0.115,0,NA,NA,NA,NA,NA,NA,NA,NA,NA,NA,NA,NA,NA,NA,NA,NA,NA,NA,NA,NA,NA,NA,NA,NA,NA,NA,NA,NA,NA,NA,NA,NA,NA,NA,NA,NA
"399","Trey McBride","ARI","TE","15794","robust",NA,NA,NA,NA,NA,NA,NA,NA,NA,NA,0,0,0.007,0.0103782,0,0,0,0,0,NA,0,NA,1.76,0.237216,18.085,1.734642,0.0575,0.044478,NA,NA,NA,NA,NA,NA,NA,NA,NA,NA,NA,NA,NA,NA,NA,NA,NA,NA,NA,NA,NA,NA,NA,NA,NA,NA,NA,NA,NA,NA,NA,NA,NA,NA,NA,NA
"400","John Bates","WAS","TE","15344","robust",NA,NA,NA,NA,NA,NA,NA,NA,NA,NA,0,0,0.035,0.029652,0,0,0,0,0,NA,0,NA,0.98,0.22239,10.15,2.59455,0.05,0.059304,NA,NA,NA,NA,NA,NA,NA,NA,NA,NA,NA,NA,NA,NA,NA,NA,NA,NA,NA,NA,NA,NA,NA,NA,NA,NA,NA,NA,NA,NA,NA,NA,NA,NA,NA,NA
"401","Will Dissly","SEA","TE","13763","robust",NA,NA,NA,NA,NA,NA,NA,NA,NA,NA,0,0,0.00875,0.0259455,0,0,0,0,0,NA,0,NA,1.8175,0.29652,18.02,4.210584,0.1,0,NA,NA,NA,NA,NA,NA,NA,NA,NA,NA,NA,NA,NA,NA,NA,NA,NA,NA,NA,NA,NA,NA,NA,NA,NA,NA,NA,NA,NA,NA,NA,NA,"Q","Shoulder",2023,4
"402","Tanner Hudson","CIN","TE","14370","robust",NA,NA,NA,NA,NA,NA,NA,NA,NA,NA,0,0,0.005,0.007413,0,0,0,0,0,NA,0,NA,1.79,0.252042,17.54,2.579724,0.1,0,NA,NA,NA,NA,NA,NA,NA,NA,NA,NA,NA,NA,NA,NA,NA,NA,NA,NA,NA,NA,NA,NA,NA,NA,NA,NA,NA,NA,NA,NA,NA,NA,NA,NA,NA,NA
"403","Durham Smythe","MIA","TE","13676","robust",NA,NA,NA,NA,NA,NA,NA,NA,NA,NA,0,0,0.018,0.0266868,0,0,0,0,0,NA,0,NA,1.9,0,19.05,0.756126000000002,0.1,0,NA,NA,NA,NA,NA,NA,NA,NA,NA,NA,NA,NA,NA,NA,NA,NA,NA,NA,NA,NA,NA,NA,NA,NA,NA,NA,NA,NA,NA,NA,NA,NA,NA,NA,NA,NA
"404","Will Mallory","IND","TE","16220","robust",NA,NA,NA,NA,NA,NA,NA,NA,NA,NA,0,0,0,0,0,0,0.075,0.02471,0,NA,0,NA,0.4675,0.22239,9.265,6.6717,0.03,0.029652,NA,NA,NA,NA,NA,NA,NA,NA,NA,NA,NA,NA,NA,NA,NA,NA,NA,NA,NA,NA,NA,NA,NA,NA,NA,NA,NA,NA,NA,NA,NA,NA,NA,NA,NA,NA
"405","Mo Alie-Cox","IND","TE","13246","robust",NA,NA,NA,NA,NA,NA,NA,NA,NA,NA,0,0,0.003,0,0,0,0.0125,0.037065,0,NA,0,NA,0.91,0.237216,8.24,0.474432,0.0475,0.059304,NA,NA,NA,NA,NA,NA,NA,NA,NA,NA,NA,NA,NA,NA,NA,NA,NA,NA,NA,NA,NA,NA,NA,NA,NA,NA,NA,NA,NA,NA,NA,NA,NA,NA,NA,NA
"406","C.J. Uzomah","NYJ","TE","12317","robust",NA,NA,NA,NA,NA,NA,NA,NA,NA,NA,0,0,0.005,0.007413,0,0,0,0,0,NA,0,NA,0.9975,0.140847,10.105,1.942206,0.045,0.037065,NA,NA,NA,NA,NA,NA,NA,NA,NA,NA,NA,NA,NA,NA,NA,NA,NA,NA,NA,NA,NA,NA,NA,NA,NA,NA,NA,NA,NA,NA,NA,NA,NA,NA,NA,NA
"407","Noah Gray","KC","TE","15337","robust",NA,NA,NA,NA,NA,NA,NA,NA,NA,NA,0,0,0.088,0.1126776,0,0,0,0,0,NA,0,NA,1.315,0.318759,13.045,3.128286,0.08,0.00741300000000001,NA,NA,NA,NA,NA,NA,NA,NA,NA,NA,NA,NA,NA,NA,NA,NA,NA,NA,NA,NA,NA,NA,NA,NA,NA,NA,NA,NA,NA,NA,NA,NA,NA,NA,NA,NA
"408","Teagan Quitoriano","HOU","TE","15905","robust",NA,NA,NA,NA,NA,NA,NA,NA,NA,NA,0,0,0.01875,0.0555975,0,0,0,0,0,NA,0,NA,0.665,0.489258,8.895,6.22692,0.05,0.044478,NA,NA,NA,NA,NA,NA,NA,NA,NA,NA,NA,NA,NA,NA,NA,NA,NA,NA,NA,NA,NA,NA,NA,NA,NA,NA,NA,NA,NA,NA,NA,NA,NA,NA,NA,NA
"409","Taysom Hill","NO","TE","13424","robust",NA,NA,NA,NA,NA,NA,NA,NA,NA,NA,2.4025,0.511497,16.06,2.787288,0.18875,0.1149015,0,0,0,NA,0,NA,0.925,0.185325,8.5425,1.11195,0.0925,0.022239,NA,NA,NA,NA,NA,NA,NA,NA,NA,NA,NA,NA,NA,NA,NA,NA,NA,NA,NA,NA,NA,NA,NA,NA,NA,NA,NA,NA,NA,NA,NA,NA,NA,NA,NA,NA
"410","Jordan Akins","CLE","TE","13753","robust",NA,NA,NA,NA,NA,NA,NA,NA,NA,NA,0,0,0.00375,0.00555975,0,0,0,0,0,NA,0,NA,0.735,0.29652,8.2,3.18759,0.05,0.07413,NA,NA,NA,NA,NA,NA,NA,NA,NA,NA,NA,NA,NA,NA,NA,NA,NA,NA,NA,NA,NA,NA,NA,NA,NA,NA,NA,NA,NA,NA,NA,NA,NA,NA,NA,NA
"411","Foster Moreau","NO","TE","14239","robust",NA,NA,NA,NA,NA,NA,NA,NA,NA,NA,0,0,1,0.7413,0,0,0,0,0,NA,0,NA,0.35,0.29652,4.95,2.016336,0,0,NA,NA,NA,NA,NA,NA,NA,NA,NA,NA,NA,NA,NA,NA,NA,NA,NA,NA,NA,NA,NA,NA,NA,NA,NA,NA,NA,NA,NA,NA,NA,NA,"Q","Ankle",2023,4
"412","Josiah Deguara","GB","TE","14876","robust",NA,NA,NA,NA,NA,NA,NA,NA,NA,NA,0,0,0.02,0.029652,0,0,0,0,0,NA,0,NA,0.8,0.652344,7.95,6.731004,0.05,0.07413,NA,NA,NA,NA,NA,NA,NA,NA,NA,NA,NA,NA,NA,NA,NA,NA,NA,NA,NA,NA,NA,NA,NA,NA,NA,NA,NA,NA,NA,NA,NA,NA,NA,NA,NA,NA
"413","Daniel Bellinger","NYG","TE","15873","robust",NA,NA,NA,NA,NA,NA,NA,NA,NA,NA,0,0,0.0925,0.0111195,0,0,0,0,0,NA,0,NA,1.0325,0.59304,10.575,5.04084,0.1,0,NA,NA,NA,NA,NA,NA,NA,NA,NA,NA,NA,NA,NA,NA,NA,NA,NA,NA,NA,NA,NA,NA,NA,NA,NA,NA,NA,NA,NA,NA,NA,NA,NA,NA,NA,NA
"414","Brock Wright","DET","TE","15626","robust",NA,NA,NA,NA,NA,NA,NA,NA,NA,NA,0,0,0.0166666666666667,0.012355,0,0,0,0,0,NA,0,NA,0.76,0.800604,7.715,3.691674,0.05,0.044478,NA,NA,NA,NA,NA,NA,NA,NA,NA,NA,NA,NA,NA,NA,NA,NA,NA,NA,NA,NA,NA,NA,NA,NA,NA,NA,NA,NA,NA,NA,NA,NA,NA,NA,NA,NA
"415","Josh Oliver","MIN","TE","14209","robust",NA,NA,NA,NA,NA,NA,NA,NA,NA,NA,0,0,0.0075,0.022239,0,0,0,0,0,NA,0,NA,1.49,0.340998,13.26,1.957032,0.1025,0.044478,NA,NA,NA,NA,NA,NA,NA,NA,NA,NA,NA,NA,NA,NA,NA,NA,NA,NA,NA,NA,NA,NA,NA,NA,NA,NA,NA,NA,NA,NA,NA,NA,NA,NA,NA,NA
"416","Robert Tonyan","CHI","TE","13427","robust",NA,NA,NA,NA,NA,NA,NA,NA,NA,NA,0,0,0.00375,0.00555975,0,0,0,0,0,NA,0,NA,0.945,0.652344,9.855,6.44931,0.05,0.07413,NA,NA,NA,NA,NA,NA,NA,NA,NA,NA,NA,NA,NA,NA,NA,NA,NA,NA,NA,NA,NA,NA,NA,NA,NA,NA,NA,NA,NA,NA,NA,NA,NA,NA,NA,NA
"417","Trevon Wesco","TEN","TE","14231","robust",NA,NA,NA,NA,NA,NA,NA,NA,NA,NA,0,0,-0.05,0.037065,0,0,0,0,0,NA,0,NA,0.595,0.489258,6.6075,2.379573,0,0,NA,NA,NA,NA,NA,NA,NA,NA,NA,NA,NA,NA,NA,NA,NA,NA,NA,NA,NA,NA,NA,NA,NA,NA,NA,NA,NA,NA,NA,NA,NA,NA,NA,NA,NA,NA
"418","Cole Turner","WAS","TE","15803","robust",NA,NA,NA,NA,NA,NA,NA,NA,NA,NA,0,0,0.004,0,0,0,0,0,0,NA,0,NA,0.915,0.252042,11.68,2.81694,0.0775,0,NA,NA,NA,NA,NA,NA,NA,NA,NA,NA,NA,NA,NA,NA,NA,NA,NA,NA,NA,NA,NA,NA,NA,NA,NA,NA,NA,NA,NA,NA,NA,NA,NA,NA,NA,NA
"419","Michael Mayer","LVR","TE","16212","robust",NA,NA,NA,NA,NA,NA,NA,NA,NA,NA,0,0,0,0,0,0,0,0,0,NA,0,NA,0.95,0.14826,8.5,2.194248,0.06,0,NA,NA,NA,NA,NA,NA,NA,NA,NA,NA,NA,NA,NA,NA,NA,NA,NA,NA,NA,NA,NA,NA,NA,NA,NA,NA,NA,NA,NA,NA,NA,NA,NA,NA,NA,NA
"420","Brevin Jordan","HOU","TE","15330","robust",NA,NA,NA,NA,NA,NA,NA,NA,NA,NA,0,0,0.00375,0.00555975,0,0,0,0,0,NA,0,NA,0.9,0.163086,9.4,1.660512,0.085,0,NA,NA,NA,NA,NA,NA,NA,NA,NA,NA,NA,NA,NA,NA,NA,NA,NA,NA,NA,NA,NA,NA,NA,NA,NA,NA,NA,NA,NA,NA,NA,NA,NA,NA,NA,NA
"421","Tommy Tremble","CAR","TE","15332","robust",NA,NA,NA,NA,NA,NA,NA,NA,NA,NA,0,0,0.0166666666666667,0.02471,0,0,0.0333333333333333,0.04942,0,NA,0,NA,0.84,0.37065,9.575,2.935548,0.075,0.059304,NA,NA,NA,NA,NA,NA,NA,NA,NA,NA,NA,NA,NA,NA,NA,NA,NA,NA,NA,NA,NA,NA,NA,NA,NA,NA,NA,NA,NA,NA,NA,NA,NA,NA,NA,NA
"422","Jack Stoll","PHI","TE","15541","robust",NA,NA,NA,NA,NA,NA,NA,NA,NA,NA,0,0,0,0,0,0,0,0,0,NA,0,NA,0.6775,0.511497,6.6925,5.285469,0.0075,0.007413,NA,NA,NA,NA,NA,NA,NA,NA,NA,NA,NA,NA,NA,NA,NA,NA,NA,NA,NA,NA,NA,NA,NA,NA,NA,NA,NA,NA,NA,NA,NA,NA,NA,NA,NA,NA
"423","Ian Thomas","CAR","TE","13678","robust",NA,NA,NA,NA,NA,NA,NA,NA,NA,NA,0,0,0,0,0,0,0,0,0,NA,0,NA,0.65,0.59304,6.05,2.653854,0,0,NA,NA,NA,NA,NA,NA,NA,NA,NA,NA,NA,NA,NA,NA,NA,NA,NA,NA,NA,NA,NA,NA,NA,NA,NA,NA,NA,NA,NA,NA,NA,NA,NA,NA,NA,NA
"424","Andrew Ogletree","IND","TE","15916","robust",NA,NA,NA,NA,NA,NA,NA,NA,NA,NA,0,0,0.0225,0.022239,0,0,0,0,0,NA,0,NA,1,0.0815430000000001,11.2,0.548562,0.1,0.007413,NA,NA,NA,NA,NA,NA,NA,NA,NA,NA,NA,NA,NA,NA,NA,NA,NA,NA,NA,NA,NA,NA,NA,NA,NA,NA,NA,NA,NA,NA,NA,NA,NA,NA,NA,NA
"425","Harrison Bryant","CLE","TE","14875","robust",NA,NA,NA,NA,NA,NA,NA,NA,NA,NA,0,0,0.424,0.6286224,0,0,0,0,0,NA,0,NA,1,0.14826,9.025,1.18608,0.095,0.014826,NA,NA,NA,NA,NA,NA,NA,NA,NA,NA,NA,NA,NA,NA,NA,NA,NA,NA,NA,NA,NA,NA,NA,NA,NA,NA,NA,NA,NA,NA,NA,NA,NA,NA,NA,NA
"426","Pharaoh Brown","NE","TE","13994","robust",NA,NA,NA,NA,NA,NA,NA,NA,NA,NA,0,0,0,0,0,0,0,0,0,NA,0,NA,0.7,0.14826,7.445,2.66868,0.035,0,NA,NA,NA,NA,NA,NA,NA,NA,NA,NA,NA,NA,NA,NA,NA,NA,NA,NA,NA,NA,NA,NA,NA,NA,NA,NA,NA,NA,NA,NA,NA,NA,NA,NA,NA,NA
"427","Mitchell Wilcox","CIN","TE","15563","robust",NA,NA,NA,NA,NA,NA,NA,NA,NA,NA,0,0,0,0,0,0,0,0,0,NA,0,NA,1.19,0.0889560000000001,10.3,0.222390000000001,0.085,0.014826,NA,NA,NA,NA,NA,NA,NA,NA,NA,NA,NA,NA,NA,NA,NA,NA,NA,NA,NA,NA,NA,NA,NA,NA,NA,NA,NA,NA,NA,NA,NA,NA,NA,NA,NA,NA
"428","Johnny Mundt","MIN","TE","13940","robust",NA,NA,NA,NA,NA,NA,NA,NA,NA,NA,0,0,0,0,0,0,0,0,0,NA,0,NA,0.475,0.07413,4.225,1.26021,0.005,0,NA,NA,NA,NA,NA,NA,NA,NA,NA,NA,NA,NA,NA,NA,NA,NA,NA,NA,NA,NA,NA,NA,NA,NA,NA,NA,NA,NA,NA,NA,NA,NA,NA,NA,NA,NA
"429","Brycen Hopkins","LAR","TE","14868","robust",NA,NA,NA,NA,NA,NA,NA,NA,NA,NA,0,0,0.005,0.007413,0,0,0,0,0,NA,0,NA,0.6,0.051891,6.5,2.676093,0.01,0,NA,NA,NA,NA,NA,NA,NA,NA,NA,NA,NA,NA,NA,NA,NA,NA,NA,NA,NA,NA,NA,NA,NA,NA,NA,NA,NA,NA,NA,NA,NA,NA,NA,NA,NA,NA
"430","Darnell Washington","PIT","TE","16216","robust",NA,NA,NA,NA,NA,NA,NA,NA,NA,NA,0,0,0.365,0.303933,0,0,0,0,0,NA,0,NA,0.8525,0.289107,8.6325,2.44629,0,0,NA,NA,NA,NA,NA,NA,NA,NA,NA,NA,NA,NA,NA,NA,NA,NA,NA,NA,NA,NA,NA,NA,NA,NA,NA,NA,NA,NA,NA,NA,NA,NA,NA,NA,NA,NA
"431",NA,NA,"TE","14355","robust",NA,NA,NA,NA,NA,NA,NA,NA,NA,NA,0,0,0,0,0,0,0,0,0,NA,0,NA,0.6025,0.7413,5.765,6.464136,0.015,0,NA,NA,NA,NA,NA,NA,NA,NA,NA,NA,NA,NA,NA,NA,NA,NA,NA,NA,NA,NA,NA,NA,NA,NA,NA,NA,NA,NA,NA,NA,NA,NA,NA,NA,NA,NA
"432","Tucker Kraft","GB","TE","16222","robust",NA,NA,NA,NA,NA,NA,NA,NA,NA,NA,0,NA,0,0,0,0,0,0,0,NA,0,NA,0.8,1.03782,5.75,6.30105,0,0,NA,NA,NA,NA,NA,NA,NA,NA,NA,NA,NA,NA,NA,NA,NA,NA,NA,NA,NA,NA,NA,NA,NA,NA,NA,NA,NA,NA,NA,NA,NA,NA,NA,NA,NA,NA
"433","Luke Farrell","JAC","TE","15335","robust",NA,NA,NA,NA,NA,NA,NA,NA,NA,NA,0,0,0,0,0,0,0,0,0,NA,0,NA,0.57,0.133434,5.9,1.40847,0.01,0,NA,NA,NA,NA,NA,NA,NA,NA,NA,NA,NA,NA,NA,NA,NA,NA,NA,NA,NA,NA,NA,NA,NA,NA,NA,NA,NA,NA,NA,NA,NA,NA,NA,NA,NA,NA
"434","Connor Heyward","PIT","TE","15800","robust",NA,NA,NA,NA,NA,NA,NA,NA,NA,NA,0.145,0,1.1,0.44478,0.01,0,0,0,0,NA,0,NA,0.835,0.192738,9.26,0.148260000000002,0.07,0.044478,NA,NA,NA,NA,NA,NA,NA,NA,NA,NA,NA,NA,NA,NA,NA,NA,NA,NA,NA,NA,NA,NA,NA,NA,NA,NA,NA,NA,NA,NA,NA,NA,NA,NA,NA,NA
"435","Payne Durham","TB","TE","16218","robust",NA,NA,NA,NA,NA,NA,NA,NA,NA,NA,NA,NA,0,0,0,0,0,0,NA,NA,NA,NA,0.6,0.7413,5.05,6.00453,0.05,0.07413,NA,NA,NA,NA,NA,NA,NA,NA,NA,NA,NA,NA,NA,NA,NA,NA,NA,NA,NA,NA,NA,NA,NA,NA,NA,NA,NA,NA,NA,NA,NA,NA,NA,NA,NA,NA
"436","MyCole Pruitt","ATL","TE","12309","robust",NA,NA,NA,NA,NA,NA,NA,NA,NA,NA,0,0,0,0,0,0,0,0,0,NA,0,NA,0.47,0.14826,4.8325,1.63086,0.1325,0.14826,NA,NA,NA,NA,NA,NA,NA,NA,NA,NA,NA,NA,NA,NA,NA,NA,NA,NA,NA,NA,NA,NA,NA,NA,NA,NA,NA,NA,NA,NA,NA,NA,NA,NA,NA,NA
"437","James Mitchell","DET","TE","15909","robust",NA,NA,NA,NA,NA,NA,NA,NA,NA,NA,0,NA,0,0,0,0,0,0,0,NA,0,NA,0.625,0.29652,6.175,3.11346,0.075,0,NA,NA,NA,NA,NA,NA,NA,NA,NA,NA,NA,NA,NA,NA,NA,NA,NA,NA,NA,NA,NA,NA,NA,NA,NA,NA,NA,NA,NA,NA,NA,NA,NA,NA,NA,NA
"438","Julian Hill","MIA","TE","16425","robust",NA,NA,NA,NA,NA,NA,NA,NA,NA,NA,0,0,0,0,0,0,0,0,0,NA,0,NA,0.605,0.281694,6.13,3.943716,0.01,0,NA,NA,NA,NA,NA,NA,NA,NA,NA,NA,NA,NA,NA,NA,NA,NA,NA,NA,NA,NA,NA,NA,NA,NA,NA,NA,NA,NA,NA,NA,NA,NA,NA,NA,NA,NA
"439","Stone Smartt","LAC","TE","16113","robust",NA,NA,NA,NA,NA,NA,NA,NA,NA,NA,0,0,0,0,0,0,0,0,0,NA,0,NA,0.49,0.207564,4.88,2.639028,0.035,0.029652,NA,NA,NA,NA,NA,NA,NA,NA,NA,NA,NA,NA,NA,NA,NA,NA,NA,NA,NA,NA,NA,NA,NA,NA,NA,NA,NA,NA,NA,NA,NA,NA,NA,NA,NA,NA
"440","Ross Dwelley","SF","TE","13988","robust",NA,NA,NA,NA,NA,NA,NA,NA,NA,NA,NA,NA,NA,NA,NA,NA,0,0,NA,NA,NA,NA,0.3,0.29652,4.9,4.74432,0.05,0.07413,NA,NA,NA,NA,NA,NA,NA,NA,NA,NA,NA,NA,NA,NA,NA,NA,NA,NA,NA,NA,NA,NA,NA,NA,NA,NA,NA,NA,NA,NA,NA,NA,NA,NA,NA,NA
"441","Tre' McKitty","LAC","TE","15333","robust",NA,NA,NA,NA,NA,NA,NA,NA,NA,NA,0,0,0,0,0,0,0,0,0,NA,0,NA,0.615,0.51891,4.805,3.48411,0.015,0.014826,NA,NA,NA,NA,NA,NA,NA,NA,NA,NA,NA,NA,NA,NA,NA,NA,NA,NA,NA,NA,NA,NA,NA,NA,NA,NA,NA,NA,NA,NA,NA,NA,NA,NA,NA,NA
"442","Jacob Harris","JAC","TE","15425","robust",NA,NA,NA,NA,NA,NA,NA,NA,NA,NA,0,0,0,0,0,0,0,0,NA,NA,NA,NA,0.5,0,7.1,0,0,0,NA,NA,NA,NA,NA,NA,NA,NA,NA,NA,NA,NA,NA,NA,NA,NA,NA,NA,NA,NA,NA,NA,NA,NA,NA,NA,NA,NA,NA,NA,NA,NA,NA,NA,NA,NA
"443","Blake Bell","KC","TE","12213","robust",NA,NA,NA,NA,NA,NA,NA,NA,NA,NA,0,0,0,0,0,0,0,0,0,NA,0,NA,0.5,0.44478,4.5,2.52042,0.01,0,NA,NA,NA,NA,NA,NA,NA,NA,NA,NA,NA,NA,NA,NA,NA,NA,NA,NA,NA,NA,NA,NA,NA,NA,NA,NA,NA,NA,NA,NA,NA,NA,NA,NA,NA,NA
"444","Ko Kieft","TB","TE","15929","robust",NA,NA,NA,NA,NA,NA,NA,NA,NA,NA,0,0,0,0,0,0,0,0,0,NA,0,NA,0.35,0.29652,3.975,1.549317,0.0075,0.007413,NA,NA,NA,NA,NA,NA,NA,NA,NA,NA,NA,NA,NA,NA,NA,NA,NA,NA,NA,NA,NA,NA,NA,NA,NA,NA,NA,NA,NA,NA,NA,NA,NA,NA,NA,NA
"445","Brayden Willis","SF","TE","16367","robust",NA,NA,NA,NA,NA,NA,NA,NA,NA,NA,NA,NA,NA,NA,NA,NA,0,0,NA,NA,NA,NA,0.35,0.37065,3.9,3.85476,0.05,0.07413,NA,NA,NA,NA,NA,NA,NA,NA,NA,NA,NA,NA,NA,NA,NA,NA,NA,NA,NA,NA,NA,NA,NA,NA,NA,NA,NA,NA,NA,NA,NA,NA,NA,NA,NA,NA
"446","Peyton Hendershot","DAL","TE","16000","robust",NA,NA,NA,NA,NA,NA,NA,NA,NA,NA,0,0,0,0,0.05,0.037065,0,0,0,NA,0,NA,0.565,0.0741300000000001,5.05,0.941451,0.04,0.044478,NA,NA,NA,NA,NA,NA,NA,NA,NA,NA,NA,NA,NA,NA,NA,NA,NA,NA,NA,NA,NA,NA,NA,NA,NA,NA,NA,NA,NA,NA,NA,NA,"Q","Ankle",2023,4
"447",NA,NA,"TE","16483","robust",NA,NA,NA,NA,NA,NA,NA,NA,NA,NA,NA,NA,NA,NA,NA,NA,0,0,NA,NA,NA,NA,0.35,0.37065,3.65,3.78063,0.05,0.07413,NA,NA,NA,NA,NA,NA,NA,NA,NA,NA,NA,NA,NA,NA,NA,NA,NA,NA,NA,NA,NA,NA,NA,NA,NA,NA,NA,NA,NA,NA,NA,NA,NA,NA,NA,NA
"448","Albert Okwuegbunam","PHI","TE","14873","robust",NA,NA,NA,NA,NA,NA,NA,NA,NA,NA,0,0,0,0,0,0,0,0,0,NA,0,NA,0.1825,0.081543,1.66,0.726474,0.0075,0.007413,NA,NA,NA,NA,NA,NA,NA,NA,NA,NA,NA,NA,NA,NA,NA,NA,NA,NA,NA,NA,NA,NA,NA,NA,NA,NA,NA,NA,NA,NA,NA,NA,NA,NA,NA,NA
"449","Quintin Morris","BUF","TE","15341","robust",NA,NA,NA,NA,NA,NA,NA,NA,NA,NA,0,0,0,0,0,0,0.025,0.02471,0,NA,0,NA,0.245,0.044478,2.385,0.355824,0.055,0.059304,NA,NA,NA,NA,NA,NA,NA,NA,NA,NA,NA,NA,NA,NA,NA,NA,NA,NA,NA,NA,NA,NA,NA,NA,NA,NA,NA,NA,NA,NA,NA,NA,NA,NA,NA,NA
"450","Brenton Strange","JAC","TE","16269","robust",NA,NA,NA,NA,NA,NA,NA,NA,NA,NA,0,0,0,0,0,0,0,0,0,NA,0,NA,0.4525,0.29652,4.55,1.26021,0,0,NA,NA,NA,NA,NA,NA,NA,NA,NA,NA,NA,NA,NA,NA,NA,NA,NA,NA,NA,NA,NA,NA,NA,NA,NA,NA,NA,NA,NA,NA,NA,NA,NA,NA,NA,NA
"451","Chris Manhertz","DEN","TE","12955","robust",NA,NA,NA,NA,NA,NA,NA,NA,NA,NA,0,0,0,0,0,0,0,0,0,NA,0,NA,0.43,0.207564,4.44,1.734642,0.01,0,NA,NA,NA,NA,NA,NA,NA,NA,NA,NA,NA,NA,NA,NA,NA,NA,NA,NA,NA,NA,NA,NA,NA,NA,NA,NA,NA,NA,NA,NA,NA,NA,NA,NA,NA,NA
"452","Lawrence Cager","NYG","TE","15041","robust",NA,NA,NA,NA,NA,NA,NA,NA,NA,NA,0,NA,0,0,0,0,0,0,0,NA,0,NA,0.525,0,4.825,1.33434,0.025,0,NA,NA,NA,NA,NA,NA,NA,NA,NA,NA,NA,NA,NA,NA,NA,NA,NA,NA,NA,NA,NA,NA,NA,NA,NA,NA,NA,NA,NA,NA,NA,NA,NA,NA,NA,NA
"453","Jesper Horsted","LVR","TE","14752","robust",NA,NA,NA,NA,NA,NA,NA,NA,NA,NA,0,0,0,0,0,0,0,0,0,NA,0,NA,0.28,0.163086,2.88,1.571556,0.035,0.029652,NA,NA,NA,NA,NA,NA,NA,NA,NA,NA,NA,NA,NA,NA,NA,NA,NA,NA,NA,NA,NA,NA,NA,NA,NA,NA,NA,NA,NA,NA,NA,NA,NA,NA,NA,NA
"454","Marcedes Lewis","CHI","TE","8269","robust",NA,NA,NA,NA,NA,NA,NA,NA,NA,NA,0,0,0,0,0,0,0,0,0,NA,0,NA,0.265,0.14826,3.05,2.44629,0.0525,0.066717,NA,NA,NA,NA,NA,NA,NA,NA,NA,NA,NA,NA,NA,NA,NA,NA,NA,NA,NA,NA,NA,NA,NA,NA,NA,NA,NA,NA,NA,NA,NA,NA,NA,NA,NA,NA
"455","Charlie Woerner","SF","TE","14984","robust",NA,NA,NA,NA,NA,NA,NA,NA,NA,NA,NA,NA,0,0,0,0,0,0,NA,NA,NA,NA,0.2,0.14826,2.9,3.11346,0,0,NA,NA,NA,NA,NA,NA,NA,NA,NA,NA,NA,NA,NA,NA,NA,NA,NA,NA,NA,NA,NA,NA,NA,NA,NA,NA,NA,NA,NA,NA,NA,NA,NA,NA,NA,NA
"456",NA,NA,"TE","16474","robust",NA,NA,NA,NA,NA,NA,NA,NA,NA,NA,0,0,0,0,0,0,0,0,NA,NA,NA,NA,0.43,0.044478,4.565,0.392889,0.02,0.029652,NA,NA,NA,NA,NA,NA,NA,NA,NA,NA,NA,NA,NA,NA,NA,NA,NA,NA,NA,NA,NA,NA,NA,NA,NA,NA,NA,NA,NA,NA,NA,NA,NA,NA,NA,NA
"457","Luke Schoonmaker","DAL","TE","16221","robust",NA,NA,NA,NA,NA,NA,NA,NA,NA,NA,0,0,0,0,0,0,0,0,0,NA,0,NA,0.44,0.088956,4.105,0.14826,0.05,0.059304,NA,NA,NA,NA,NA,NA,NA,NA,NA,NA,NA,NA,NA,NA,NA,NA,NA,NA,NA,NA,NA,NA,NA,NA,NA,NA,NA,NA,NA,NA,NA,NA,NA,NA,NA,NA
"458","Jimmy Graham","NO","TE","9925","robust",NA,NA,NA,NA,NA,NA,NA,NA,NA,NA,0,0,0,0,0,0,0,0,0,NA,0,NA,0.3775,0.096369,4,0,0.015,0.014826,NA,NA,NA,NA,NA,NA,NA,NA,NA,NA,NA,NA,NA,NA,NA,NA,NA,NA,NA,NA,NA,NA,NA,NA,NA,NA,NA,NA,NA,NA,NA,NA,NA,NA,NA,NA
"459","Charlie Kolar","BAL","TE","15795","robust",NA,NA,NA,NA,NA,NA,NA,NA,NA,NA,0,0,0,0,0,0,0,0,0,NA,0,NA,0.25,0,2.6975,0.14826,0.0025,0,NA,NA,NA,NA,NA,NA,NA,NA,NA,NA,NA,NA,NA,NA,NA,NA,NA,NA,NA,NA,NA,NA,NA,NA,NA,NA,NA,NA,NA,NA,NA,NA,NA,NA,NA,NA
"460","Tommy Sweeney","NYG","TE","14294","robust",NA,NA,NA,NA,NA,NA,NA,NA,NA,NA,0,0,0,0,0,0,0,0,NA,NA,NA,NA,0.16,0.088956,1.66,0.830256,0.01,0.014826,NA,NA,NA,NA,NA,NA,NA,NA,NA,NA,NA,NA,NA,NA,NA,NA,NA,NA,NA,NA,NA,NA,NA,NA,NA,NA,NA,NA,NA,NA,NA,NA,NA,"Undisclosed",2023,4
"461","Josh Whyle","TEN","TE","16312","robust",NA,NA,NA,NA,NA,NA,NA,NA,NA,NA,NA,NA,0,0,0,0,0,0,NA,NA,NA,NA,0.3,0.29652,1.8,0.29652,0,0,NA,NA,NA,NA,NA,NA,NA,NA,NA,NA,NA,NA,NA,NA,NA,NA,NA,NA,NA,NA,NA,NA,NA,NA,NA,NA,NA,NA,NA,NA,NA,NA,NA,NA,NA,NA
"462","Geoff Swaim","ARI","TE","12378","robust",NA,NA,NA,NA,NA,NA,NA,NA,NA,NA,0,0,0,0,0,0,0,0,0,NA,0,NA,0.265,0.044478,1.65,0.0741299999999997,0.0025,0,NA,NA,NA,NA,NA,NA,NA,NA,NA,NA,NA,NA,NA,NA,NA,NA,NA,NA,NA,NA,NA,NA,NA,NA,NA,NA,NA,NA,NA,NA,NA,NA,NA,NA,NA,NA
"463","Jeremy Ruckert","NYJ","TE","15796","robust",NA,NA,NA,NA,NA,NA,NA,NA,NA,NA,0,0,0,0,0,0,0,0,0,NA,0,NA,0.12,0,1.4175,0.59304,0.0025,0,NA,NA,NA,NA,NA,NA,NA,NA,NA,NA,NA,NA,NA,NA,NA,NA,NA,NA,NA,NA,NA,NA,NA,NA,NA,NA,NA,NA,NA,NA,NA,NA,NA,NA,NA,NA
"464","Grant Calcaterra","PHI","TE","15804","robust",NA,NA,NA,NA,NA,NA,NA,NA,NA,NA,NA,NA,0,0,0,0,0,0,NA,NA,NA,NA,0.1,0,0.9,0.14826,0,0,NA,NA,NA,NA,NA,NA,NA,NA,NA,NA,NA,NA,NA,NA,NA,NA,NA,NA,NA,NA,NA,NA,NA,NA,NA,NA,NA,NA,NA,NA,NA,NA,NA,NA,NA,NA
"465","Harrison Butker","KC","K","13354","robust",NA,NA,NA,NA,NA,NA,NA,NA,NA,NA,NA,NA,NA,NA,NA,NA,NA,NA,NA,NA,NA,NA,NA,NA,NA,NA,NA,NA,0,0,0.498528329654157,0.00218189845474618,0.7,0.0525110228108903,0.513321682609762,0.059304,0.203194444444444,0.0766833666666667,2.775,0.59304,NA,NA,NA,NA,NA,NA,NA,NA,NA,NA,NA,NA,NA,NA,NA,NA,NA,NA,NA,NA,NA,NA,NA,NA
"466","Jake Elliott","PHI","K","13303","robust",NA,NA,NA,NA,NA,NA,NA,NA,NA,NA,NA,NA,NA,NA,NA,NA,NA,NA,NA,NA,NA,NA,NA,NA,NA,NA,NA,NA,0,0,0.47735385210995,0.0218056422764228,0.800174216027875,0.000516585365853424,0.489547038327526,0.0154975609756097,0.224146825396825,0.0605748,2.775,0.59304,NA,NA,NA,NA,NA,NA,NA,NA,NA,NA,NA,NA,NA,NA,NA,NA,NA,NA,NA,NA,NA,NA,NA,NA
"467","Cameron Dicker","LAC","K","15979","robust",NA,NA,NA,NA,NA,NA,NA,NA,NA,NA,NA,NA,NA,NA,NA,NA,NA,NA,NA,NA,NA,NA,NA,NA,NA,NA,NA,NA,0,0,0.623008921330089,0.082727396593674,0.636184103811841,0.0449709975669101,0.491896458502298,0.0501013787510138,0.0985185185185185,0.009884,2.81,0.29652,NA,NA,NA,NA,NA,NA,NA,NA,NA,NA,NA,NA,NA,NA,NA,NA,NA,NA,NA,NA,NA,NA,NA,NA
"468","Tyler Bass","BUF","K","14983","robust",NA,NA,NA,NA,NA,NA,NA,NA,NA,NA,NA,NA,NA,NA,NA,NA,NA,NA,NA,NA,NA,NA,NA,NA,NA,NA,NA,NA,0.0264285714285714,0.006354,0.471693121693122,0.0939764444444445,0.666534391534392,0.0490277777777777,0.45026455026455,0.0525577777777777,0.179861111111111,0.0432425,3,0,NA,NA,NA,NA,NA,NA,NA,NA,NA,NA,NA,NA,NA,NA,NA,NA,NA,NA,NA,NA,NA,NA,NA,NA
"469","Jake Moody","SF","K","16286","robust",NA,NA,NA,NA,NA,NA,NA,NA,NA,NA,NA,NA,NA,NA,NA,NA,NA,NA,NA,NA,NA,NA,NA,NA,NA,NA,NA,NA,0,0,0.68548309178744,0.164804956521739,0.528945249597424,0.0624315458937196,0.521537842190016,0.0569105917874397,0.151811594202899,0.0637732869565217,2.9,0.14826,NA,NA,NA,NA,NA,NA,NA,NA,NA,NA,NA,NA,NA,NA,NA,NA,NA,NA,NA,NA,NA,NA,NA,NA
"470","Jason Myers","SEA","K","12437","robust",NA,NA,NA,NA,NA,NA,NA,NA,NA,NA,NA,NA,NA,NA,NA,NA,NA,NA,NA,NA,NA,NA,NA,NA,NA,NA,NA,NA,0.00403050108932462,0.000969019607843138,0.5,0.0125290423415742,0.816365580048445,0.0485272179596475,0.472266201166457,0.041118130150611,0.17536231884058,0.0634786086956522,2.6,0.29652,NA,NA,NA,NA,NA,NA,NA,NA,NA,NA,NA,NA,NA,NA,NA,NA,NA,NA,NA,NA,NA,NA,NA,NA
"471","Jason Sanders","MIA","K","13832","robust",NA,NA,NA,NA,NA,NA,NA,NA,NA,NA,NA,NA,NA,NA,NA,NA,NA,NA,NA,NA,NA,NA,NA,NA,NA,NA,NA,NA,0.0236559139784946,0.0318838709677419,0.427396953405018,0.126326553763441,0.438418458781362,0.138123586021505,0.511075268817204,0.152484612903226,0.0575868055555555,0.0255336666666667,2.8,0.29652,NA,NA,NA,NA,NA,NA,NA,NA,NA,NA,NA,NA,NA,NA,NA,NA,NA,NA,NA,NA,NA,NA,NA,NA
"472","Greg Joseph","MIN","K","13898","robust",NA,NA,NA,NA,NA,NA,NA,NA,NA,NA,NA,NA,NA,NA,NA,NA,NA,NA,NA,NA,NA,NA,NA,NA,NA,NA,NA,NA,0.00781893004115226,0.00122024691358025,0.588081671415005,0.100247977207977,0.561793289015511,0.0900448357075023,0.458404558404558,0.0766221196581196,0.179709401709402,0.0126717948717949,2.335,0.44478,NA,NA,NA,NA,NA,NA,NA,NA,NA,NA,NA,NA,NA,NA,NA,NA,NA,NA,NA,NA,NA,NA,NA,NA
"473","Evan McPherson","CIN","K","15368","robust",NA,NA,NA,NA,NA,NA,NA,NA,NA,NA,NA,NA,NA,NA,NA,NA,NA,NA,NA,NA,NA,NA,NA,NA,NA,NA,NA,NA,0.024025974025974,0.00577636363636364,0.497519292301901,0.0519482055335969,0.512865926344187,0.032828534914361,0.581440178179309,0.10588139657444,0.257391304347826,0.0618824347826087,2.175,0.29652,NA,NA,NA,NA,NA,NA,NA,NA,NA,NA,NA,NA,NA,NA,NA,NA,NA,NA,NA,NA,NA,NA,NA,NA
"474","Chris Boswell","PIT","K","11936","robust",NA,NA,NA,NA,NA,NA,NA,NA,NA,NA,NA,NA,NA,NA,NA,NA,NA,NA,NA,NA,NA,NA,NA,NA,NA,NA,NA,NA,0.00498866213151927,0.00672380952380952,0.30046218487395,0.126427394957983,0.40187675070028,0.166790028011205,0.467132853141256,0.194832268907563,0.242156862745098,0.109305411764706,2.25,0.7413,NA,NA,NA,NA,NA,NA,NA,NA,NA,NA,NA,NA,NA,NA,NA,NA,NA,NA,NA,NA,NA,NA,NA,NA
"475","Anders Carlson","GB","K","16339","robust",NA,NA,NA,NA,NA,NA,NA,NA,NA,NA,NA,NA,NA,NA,NA,NA,NA,NA,NA,NA,NA,NA,NA,NA,NA,NA,NA,NA,0,0,0.389800241218152,0.14826,0.457615709332127,0.133434,0.319575606814413,0.137070650384441,0.133414141414141,0.0529542787878788,2.3825,0.29652,NA,NA,NA,NA,NA,NA,NA,NA,NA,NA,NA,NA,NA,NA,NA,NA,NA,NA,NA,NA,NA,NA,NA,NA
"476","Graham Gano","NYG","K","9694","robust",NA,NA,NA,NA,NA,NA,NA,NA,NA,NA,NA,NA,NA,NA,NA,NA,NA,NA,NA,NA,NA,NA,NA,NA,NA,NA,NA,NA,0,0,0.304728370221328,0.15059676056338,0.521111670020121,0.0219655492957746,0.462966130114017,0.0903381690140845,0.173809523809524,0.0858966666666666,2.2,0.29652,NA,NA,NA,NA,NA,NA,NA,NA,NA,NA,NA,NA,NA,NA,NA,NA,NA,NA,NA,NA,NA,NA,NA,NA
"477",NA,NA,"K","16444","robust",NA,NA,NA,NA,NA,NA,NA,NA,NA,NA,NA,NA,NA,NA,NA,NA,NA,NA,NA,NA,NA,NA,NA,NA,NA,NA,NA,NA,0.0026378896882494,0.00355539568345324,0.541740502334974,0.118608,0.423042197820691,0.109587275022088,0.287832260507384,0.125243491101855,0.150190058479532,0.0625553157894737,2.175,0.340998,NA,NA,NA,NA,NA,NA,NA,NA,NA,NA,NA,NA,NA,NA,NA,NA,NA,NA,NA,NA,NA,NA,NA,NA
"478","Dustin Hopkins","CLE","K","11387","robust",NA,NA,NA,NA,NA,NA,NA,NA,NA,NA,NA,NA,NA,NA,NA,NA,NA,NA,NA,NA,NA,NA,NA,NA,NA,NA,NA,NA,0.0394736842105263,0.0195078947368421,0.357957229675496,0.102155067079463,0.484798689943814,0.113689800481596,0.617460010319917,0.207089690402477,0.209226579520697,0.102457673202614,2.1,0.29652,NA,NA,NA,NA,NA,NA,NA,NA,NA,NA,NA,NA,NA,NA,NA,NA,NA,NA,NA,NA,NA,NA,NA,NA
"479","Brandon McManus","JAC","K","11947","robust",NA,NA,NA,NA,NA,NA,NA,NA,NA,NA,NA,NA,NA,NA,NA,NA,NA,NA,NA,NA,NA,NA,NA,NA,NA,NA,NA,NA,0.0104895104895105,0.0138237762237762,0.372628852628853,0.149826694638695,0.443550893550894,0.0836914452214452,0.51,0.138652475524475,0.14475,0.0637518,2.215,0.400302,NA,NA,NA,NA,NA,NA,NA,NA,NA,NA,NA,NA,NA,NA,NA,NA,NA,NA,NA,NA,NA,NA,NA,NA
"480","Cairo Santos","CHI","K","11945","robust",NA,NA,NA,NA,NA,NA,NA,NA,NA,NA,NA,NA,NA,NA,NA,NA,NA,NA,NA,NA,NA,NA,NA,NA,NA,NA,NA,NA,0,0,0.497395833333333,0.029652,0.40787037037037,0.14826,0.495659722222222,0.059304,0.136111111111111,0.0638341666666667,2.2,0.59304,NA,NA,NA,NA,NA,NA,NA,NA,NA,NA,NA,NA,NA,NA,NA,NA,NA,NA,NA,NA,NA,NA,NA,NA
"481","Younghoe Koo","ATL","K","13403","robust",NA,NA,NA,NA,NA,NA,NA,NA,NA,NA,NA,NA,NA,NA,NA,NA,NA,NA,NA,NA,NA,NA,NA,NA,NA,NA,NA,NA,0,0,0.574590517241379,0.0430294827586207,0.567729885057471,0.00852068965517249,0.495114942528736,0.0596448275862069,0.174166666666667,0.027181,2.05,0.14826,NA,NA,NA,NA,NA,NA,NA,NA,NA,NA,NA,NA,NA,NA,NA,NA,NA,NA,NA,NA,NA,NA,NA,NA
"482","Kaimi Fairbairn","HOU","K","12860","robust",NA,NA,NA,NA,NA,NA,NA,NA,NA,NA,NA,NA,NA,NA,NA,NA,NA,NA,NA,NA,NA,NA,NA,NA,NA,NA,NA,NA,0.00428240740740741,0.00102958333333333,0.552368421052632,0.0156063157894737,0.676510721247563,0.0786095906432749,0.386514985380117,0.011372380116959,0.179590643274854,0.0431774736842105,2,0,NA,NA,NA,NA,NA,NA,NA,NA,NA,NA,NA,NA,NA,NA,NA,NA,NA,NA,NA,NA,NA,NA,NA,NA
"483","Wil Lutz","DEN","K","12956","robust",NA,NA,NA,NA,NA,NA,NA,NA,NA,NA,NA,NA,NA,NA,NA,NA,NA,NA,NA,NA,NA,NA,NA,NA,NA,NA,NA,NA,0.00395299145299145,0.000950384615384615,0.56784188034188,0.089447032051282,0.69508547008547,0.10622132051282,0.366412927350427,0.0479627435897437,0.163236111111111,0.0411833333333334,2,0,NA,NA,NA,NA,NA,NA,NA,NA,NA,NA,NA,NA,NA,NA,NA,NA,NA,NA,NA,NA,NA,NA,NA,NA
"484","Matt Gay","IND","K","14244","robust",NA,NA,NA,NA,NA,NA,NA,NA,NA,NA,NA,NA,NA,NA,NA,NA,NA,NA,NA,NA,NA,NA,NA,NA,NA,NA,NA,NA,0.030787037037037,0.00480472222222222,0.452539682539683,0.0141695438596492,0.565049603174603,0.00795798245614043,0.452215608465608,0.0321002923976608,0.326461988304094,0.053259649122807,2.1,0.14826,NA,NA,NA,NA,NA,NA,NA,NA,NA,NA,NA,NA,NA,NA,NA,NA,NA,NA,NA,NA,NA,NA,NA,NA
"485","Riley Patterson","DET","K","15369","robust",NA,NA,NA,NA,NA,NA,NA,NA,NA,NA,NA,NA,NA,NA,NA,NA,NA,NA,NA,NA,NA,NA,NA,NA,NA,NA,NA,NA,0.0123333333333333,0.0029652,0.486153846153846,0.127275507692308,0.66482905982906,0.177835969230769,0.481709401709402,0.125298707692308,0.0916666666666667,0.00380153846153847,2.225,0.0741300000000004,NA,NA,NA,NA,NA,NA,NA,NA,NA,NA,NA,NA,NA,NA,NA,NA,NA,NA,NA,NA,NA,NA,NA,NA
"486","Justin Tucker","BAL","K","10976","robust",NA,NA,NA,NA,NA,NA,NA,NA,NA,NA,NA,NA,NA,NA,NA,NA,NA,NA,NA,NA,NA,NA,NA,NA,NA,NA,NA,NA,0.0166666666666667,0.00400702702702703,0.530357142857143,0.0394978378378379,0.576521879021879,0.0489906756756758,0.481797511797512,0.034981981981982,0.238159722222222,0.0711883333333333,2.1,0.177911999999999,NA,NA,NA,NA,NA,NA,NA,NA,NA,NA,NA,NA,NA,NA,NA,NA,NA,NA,NA,NA,NA,NA,NA,NA
"487","Daniel Carlson","LVR","K","13718","robust",NA,NA,NA,NA,NA,NA,NA,NA,NA,NA,NA,NA,NA,NA,NA,NA,NA,NA,NA,NA,NA,NA,NA,NA,NA,NA,NA,NA,0,0,0.575197407863183,0.0727593014009844,0.542706361226808,0.113729622870125,0.449432033320712,0.0356334854221885,0.245449561403509,0.0590113815789474,2,0.415128,NA,NA,NA,NA,NA,NA,NA,NA,NA,NA,NA,NA,NA,NA,NA,NA,NA,NA,NA,NA,NA,NA,NA,NA
"488","Brett Maher","LAR","K","13909","robust",NA,NA,NA,NA,NA,NA,NA,NA,NA,NA,NA,NA,NA,NA,NA,NA,NA,NA,NA,NA,NA,NA,NA,NA,NA,NA,NA,NA,0,0,0.471476348854398,0.00875533924611975,0.618009361911801,0.0534013599408721,0.600926952451343,0.0939272209903916,0.172262626262626,0.0299515151515152,1.925,0.14826,NA,NA,NA,NA,NA,NA,NA,NA,NA,NA,NA,NA,NA,NA,NA,NA,NA,NA,NA,NA,NA,NA,NA,NA
"489","Nick Folk","TEN","K","8851","robust",NA,NA,NA,NA,NA,NA,NA,NA,NA,NA,NA,NA,NA,NA,NA,NA,NA,NA,NA,NA,NA,NA,NA,NA,NA,NA,NA,NA,0.0132142857142857,0.003177,0.546031746031746,0.00470666666666665,0.550734126984127,0.00235333333333332,0.587301587301587,0.0964866666666667,0.146666666666667,0.067776,2,0,NA,NA,NA,NA,NA,NA,NA,NA,NA,NA,NA,NA,NA,NA,NA,NA,NA,NA,NA,NA,NA,NA,NA,NA
"490","Eddy Pineiro","CAR","K","13719","robust",NA,NA,NA,NA,NA,NA,NA,NA,NA,NA,NA,NA,NA,NA,NA,NA,NA,NA,NA,NA,NA,NA,NA,NA,NA,NA,NA,NA,0,0,0.407881735243185,0.0233709213430928,0.697119730894565,0.0981329336586501,0.647587511825922,0.101064552108749,0.195488721804511,0.0728294736842105,2,0,NA,NA,NA,NA,NA,NA,NA,NA,NA,NA,NA,NA,NA,NA,NA,NA,NA,NA,NA,NA,NA,NA,NA,NA
"491","Brandon Aubrey","DAL","K","16414","robust",NA,NA,NA,NA,NA,NA,NA,NA,NA,NA,NA,NA,NA,NA,NA,NA,NA,NA,NA,NA,NA,NA,NA,NA,NA,NA,NA,NA,0.0144927536231884,0.0107434782608696,0.723112128146453,0.113993958810069,0.611975591151793,0.0355100228832952,0.498093058733791,0.00282723112128137,0.148421052631579,0.0884357894736842,2.035,0.14826,NA,NA,NA,NA,NA,NA,NA,NA,NA,NA,NA,NA,NA,NA,NA,NA,NA,NA,NA,NA,NA,NA,NA,NA
"492","Joey Slye","WAS","K","14600","robust",NA,NA,NA,NA,NA,NA,NA,NA,NA,NA,NA,NA,NA,NA,NA,NA,NA,NA,NA,NA,NA,NA,NA,NA,NA,NA,NA,NA,0,0,0.384821785779233,0.134919565739225,0.352364975450082,0.0531406546644844,0.41953809783597,0.118608,0.124683760683761,0.056769641025641,1.575,0.29652,NA,NA,NA,NA,NA,NA,NA,NA,NA,NA,NA,NA,NA,NA,NA,NA,NA,NA,NA,NA,NA,NA,NA,NA
"493","Chase McLaughlin","TB","K","14717","robust",NA,NA,NA,NA,NA,NA,NA,NA,NA,NA,NA,NA,NA,NA,NA,NA,NA,NA,NA,NA,NA,NA,NA,NA,NA,NA,NA,NA,0.00806100217864924,0.00193803921568628,0.532405851229381,0.125741830065359,0.555477746654217,0.105198614379085,0.4558372237784,0.0215168496732027,0.21478835978836,0.0541266666666667,1.65,0.237216,NA,NA,NA,NA,NA,NA,NA,NA,NA,NA,NA,NA,NA,NA,NA,NA,NA,NA,NA,NA,NA,NA,NA,NA
"494","Chad Ryland","NE","K","16292","robust",NA,NA,NA,NA,NA,NA,NA,NA,NA,NA,NA,NA,NA,NA,NA,NA,NA,NA,NA,NA,NA,NA,NA,NA,NA,NA,NA,NA,0.00453514739229025,0.00268952380952381,0.299408686551544,0.0726688644688644,0.32888147566719,0.102253626373626,0.426347462061748,0.00923230769230774,0.15534188034188,0.0719757948717949,1.4825,0.548562,NA,NA,NA,NA,NA,NA,NA,NA,NA,NA,NA,NA,NA,NA,NA,NA,NA,NA,NA,NA,NA,NA,NA,NA
"495","Greg Zuerlein","NYJ","K","10868","robust",NA,NA,NA,NA,NA,NA,NA,NA,NA,NA,NA,NA,NA,NA,NA,NA,NA,NA,NA,NA,NA,NA,NA,NA,NA,NA,NA,NA,0,0,0.330192384370016,0.0839050598086125,0.444233452950558,0.088956,0.396410059239007,0.144078892344498,0.129375,0.05003775,1.6,0.0889559999999997,NA,NA,NA,NA,NA,NA,NA,NA,NA,NA,NA,NA,NA,NA,NA,NA,NA,NA,NA,NA,NA,NA,NA,NA
"496","Matt Prater","ARI","K","8930","robust",NA,NA,NA,NA,NA,NA,NA,NA,NA,NA,NA,NA,NA,NA,NA,NA,NA,NA,NA,NA,NA,NA,NA,NA,NA,NA,NA,NA,0.0134228187919463,0.0199006711409396,0.296290395352772,0.0924628661666008,0.488618944221984,0.192150177654955,0.334146974225932,0.14826,0.154096638655462,0.0722611764705882,1.575,0.0741300000000001,NA,NA,NA,NA,NA,NA,NA,NA,NA,NA,NA,NA,NA,NA,NA,NA,NA,NA,NA,NA,NA,NA,NA,NA
"497","Austin Seibert","NYJ","K","14258","robust",NA,NA,NA,NA,NA,NA,NA,NA,NA,NA,NA,NA,NA,NA,NA,NA,NA,NA,NA,NA,NA,NA,NA,NA,NA,NA,NA,NA,0,0,0.1,0.14826,0.25,0.37065,0.15,0.22239,0.1,0.14826,1.4,0,NA,NA,NA,NA,NA,NA,NA,NA,NA,NA,NA,NA,NA,NA,NA,NA,NA,NA,NA,NA,NA,NA,NA,NA
"498","Commanders","WAS","DST","0520","robust",NA,NA,NA,NA,NA,NA,NA,NA,NA,NA,NA,NA,NA,NA,NA,NA,NA,NA,NA,NA,NA,NA,NA,NA,NA,NA,NA,NA,NA,NA,NA,NA,NA,NA,NA,NA,NA,NA,NA,NA,0.755,0.207564,2.695,0.237216,0.0433333333333333,0.009884,0.115,0.029652,0,NA,NA,NA,NA,NA,NA,NA,NA,NA,NA,NA,NA,NA,NA,NA
"499","Cardinals","ARI","DST","0519","robust",NA,NA,NA,NA,NA,NA,NA,NA,NA,NA,NA,NA,NA,NA,NA,NA,NA,NA,NA,NA,NA,NA,NA,NA,NA,NA,NA,NA,NA,NA,NA,NA,NA,NA,NA,NA,NA,NA,NA,NA,0.585,0.118608,2.1,0.118608,0.01,0.007413,0.1,0.007413,0,NA,NA,NA,NA,NA,NA,NA,NA,NA,NA,NA,NA,NA,NA,NA
"500","Raiders","LVR","DST","0513","robust",NA,NA,NA,NA,NA,NA,NA,NA,NA,NA,NA,NA,NA,NA,NA,NA,NA,NA,NA,NA,NA,NA,NA,NA,NA,NA,NA,NA,NA,NA,NA,NA,NA,NA,NA,NA,NA,NA,NA,NA,0.425,0.14826,1.92,0.111195,0.00666666666666667,0.004942,0.1,0.022239,0,NA,NA,NA,NA,NA,NA,NA,NA,NA,NA,NA,NA,NA,NA,NA
"501","Dolphins","MIA","DST","0503","robust",NA,NA,NA,NA,NA,NA,NA,NA,NA,NA,NA,NA,NA,NA,NA,NA,NA,NA,NA,NA,NA,NA,NA,NA,NA,NA,NA,NA,NA,NA,NA,NA,NA,NA,NA,NA,NA,NA,NA,NA,0.925,0.103782,2.3,0.14826,0.04,0.014826,0.12,0.029652,0,NA,NA,NA,NA,NA,NA,NA,NA,NA,NA,NA,NA,NA,NA,NA
"502","Giants","NYG","DST","0517","robust",NA,NA,NA,NA,NA,NA,NA,NA,NA,NA,NA,NA,NA,NA,NA,NA,NA,NA,NA,NA,NA,NA,NA,NA,NA,NA,NA,NA,NA,NA,NA,NA,NA,NA,NA,NA,NA,NA,NA,NA,0.82,0.177912,2.48,0.22239,0.0166666666666667,0.012355,0.125,0.044478,0,NA,NA,NA,NA,NA,NA,NA,NA,NA,NA,NA,NA,NA,NA,NA
"503","Patriots","NE","DST","0504","robust",NA,NA,NA,NA,NA,NA,NA,NA,NA,NA,NA,NA,NA,NA,NA,NA,NA,NA,NA,NA,NA,NA,NA,NA,NA,NA,NA,NA,NA,NA,NA,NA,NA,NA,NA,NA,NA,NA,NA,NA,0.85,0.029652,2.155,0.14826,0.0433333333333333,0.009884,0.15,0.07413,0,NA,NA,NA,NA,NA,NA,NA,NA,NA,NA,NA,NA,NA,NA,NA
"504","Panthers","CAR","DST","0527","robust",NA,NA,NA,NA,NA,NA,NA,NA,NA,NA,NA,NA,NA,NA,NA,NA,NA,NA,NA,NA,NA,NA,NA,NA,NA,NA,NA,NA,NA,NA,NA,NA,NA,NA,NA,NA,NA,NA,NA,NA,0.75,0.207564,2.6,0.467019,0.01,0.007413,0.1,0.081543,0,NA,NA,NA,NA,NA,NA,NA,NA,NA,NA,NA,NA,NA,NA,NA
"505","Colts","IND","DST","0502","robust",NA,NA,NA,NA,NA,NA,NA,NA,NA,NA,NA,NA,NA,NA,NA,NA,NA,NA,NA,NA,NA,NA,NA,NA,NA,NA,NA,NA,NA,NA,NA,NA,NA,NA,NA,NA,NA,NA,NA,NA,0.8,0.00741300000000001,2.74,0.66717,0.01,0.007413,0.175,0.022239,0,NA,NA,NA,NA,NA,NA,NA,NA,NA,NA,NA,NA,NA,NA,NA
"506","Bills","BUF","DST","0501","robust",NA,NA,NA,NA,NA,NA,NA,NA,NA,NA,NA,NA,NA,NA,NA,NA,NA,NA,NA,NA,NA,NA,NA,NA,NA,NA,NA,NA,NA,NA,NA,NA,NA,NA,NA,NA,NA,NA,NA,NA,0.92,0.118608,2.14,0.207564,0.0133333333333333,0.009884,0.15,0.07413,0,NA,NA,NA,NA,NA,NA,NA,NA,NA,NA,NA,NA,NA,NA,NA
"507","Jets","NYJ","DST","0505","robust",NA,NA,NA,NA,NA,NA,NA,NA,NA,NA,NA,NA,NA,NA,NA,NA,NA,NA,NA,NA,NA,NA,NA,NA,NA,NA,NA,NA,NA,NA,NA,NA,NA,NA,NA,NA,NA,NA,NA,NA,0.7,0.170499,1.9,0.0889560000000001,0.0433333333333333,0.009884,0.12,0.029652,0,NA,NA,NA,NA,NA,NA,NA,NA,NA,NA,NA,NA,NA,NA,NA
"508","Texans","HOU","DST","0532","robust",NA,NA,NA,NA,NA,NA,NA,NA,NA,NA,NA,NA,NA,NA,NA,NA,NA,NA,NA,NA,NA,NA,NA,NA,NA,NA,NA,NA,NA,NA,NA,NA,NA,NA,NA,NA,NA,NA,NA,NA,0.805,0.0889560000000001,2.255,0.22239,0.0433333333333333,0.009884,0.175,0.022239,0,NA,NA,NA,NA,NA,NA,NA,NA,NA,NA,NA,NA,NA,NA,NA
"509","Bears","CHI","DST","0521","robust",NA,NA,NA,NA,NA,NA,NA,NA,NA,NA,NA,NA,NA,NA,NA,NA,NA,NA,NA,NA,NA,NA,NA,NA,NA,NA,NA,NA,NA,NA,NA,NA,NA,NA,NA,NA,NA,NA,NA,NA,0.845,0.22239,2.695,0.237216,0.0166666666666667,0.012355,0.1,0.081543,0,NA,NA,NA,NA,NA,NA,NA,NA,NA,NA,NA,NA,NA,NA,NA
"510","Buccaneers","TB","DST","0525","robust",NA,NA,NA,NA,NA,NA,NA,NA,NA,NA,NA,NA,NA,NA,NA,NA,NA,NA,NA,NA,NA,NA,NA,NA,NA,NA,NA,NA,NA,NA,NA,NA,NA,NA,NA,NA,NA,NA,NA,NA,0.95,0.126021,2.75,0.400302,0.01,0.007413,0.135,0.051891,0,NA,NA,NA,NA,NA,NA,NA,NA,NA,NA,NA,NA,NA,NA,NA
"511","Packers","GB","DST","0523","robust",NA,NA,NA,NA,NA,NA,NA,NA,NA,NA,NA,NA,NA,NA,NA,NA,NA,NA,NA,NA,NA,NA,NA,NA,NA,NA,NA,NA,NA,NA,NA,NA,NA,NA,NA,NA,NA,NA,NA,NA,0.8,0.229803,1.97,0.0741300000000001,0.01,0.007413,0.125,0.044478,0,NA,NA,NA,NA,NA,NA,NA,NA,NA,NA,NA,NA,NA,NA,NA
"512","Lions","DET","DST","0522","robust",NA,NA,NA,NA,NA,NA,NA,NA,NA,NA,NA,NA,NA,NA,NA,NA,NA,NA,NA,NA,NA,NA,NA,NA,NA,NA,NA,NA,NA,NA,NA,NA,NA,NA,NA,NA,NA,NA,NA,NA,0.76,0.088956,2.035,0.22239,0.01,0.007413,0.175,0.014826,0,NA,NA,NA,NA,NA,NA,NA,NA,NA,NA,NA,NA,NA,NA,NA
"513","Falcons","ATL","DST","0526","robust",NA,NA,NA,NA,NA,NA,NA,NA,NA,NA,NA,NA,NA,NA,NA,NA,NA,NA,NA,NA,NA,NA,NA,NA,NA,NA,NA,NA,NA,NA,NA,NA,NA,NA,NA,NA,NA,NA,NA,NA,0.8,0.155673,1.68,0.200151,0.00666666666666667,0.004942,0.12,0.044478,0,NA,NA,NA,NA,NA,NA,NA,NA,NA,NA,NA,NA,NA,NA,NA
"514","Rams","LAR","DST","0528","robust",NA,NA,NA,NA,NA,NA,NA,NA,NA,NA,NA,NA,NA,NA,NA,NA,NA,NA,NA,NA,NA,NA,NA,NA,NA,NA,NA,NA,NA,NA,NA,NA,NA,NA,NA,NA,NA,NA,NA,NA,0.845,0.229803,2.385,0.318759,0.01,0.007413,0.1,0.081543,0,NA,NA,NA,NA,NA,NA,NA,NA,NA,NA,NA,NA,NA,NA,NA
"515","Seahawks","SEA","DST","0515","robust",NA,NA,NA,NA,NA,NA,NA,NA,NA,NA,NA,NA,NA,NA,NA,NA,NA,NA,NA,NA,NA,NA,NA,NA,NA,NA,NA,NA,NA,NA,NA,NA,NA,NA,NA,NA,NA,NA,NA,NA,0.8,0.096369,2.9,0.22239,0.01,0.007413,0.15,0.07413,0,NA,NA,NA,NA,NA,NA,NA,NA,NA,NA,NA,NA,NA,NA,NA
"516","Steelers","PIT","DST","0510","robust",NA,NA,NA,NA,NA,NA,NA,NA,NA,NA,NA,NA,NA,NA,NA,NA,NA,NA,NA,NA,NA,NA,NA,NA,NA,NA,NA,NA,NA,NA,NA,NA,NA,NA,NA,NA,NA,NA,NA,NA,0.985,0.29652,3.11,0.281694,0.0133333333333333,0.009884,0.19,0.037065,0,NA,NA,NA,NA,NA,NA,NA,NA,NA,NA,NA,NA,NA,NA,NA
"517","Titans","TEN","DST","0508","robust",NA,NA,NA,NA,NA,NA,NA,NA,NA,NA,NA,NA,NA,NA,NA,NA,NA,NA,NA,NA,NA,NA,NA,NA,NA,NA,NA,NA,NA,NA,NA,NA,NA,NA,NA,NA,NA,NA,NA,NA,0.715,0.014826,2.73,0.200151,0.0133333333333333,0.009884,0.09,0.088956,0,NA,NA,NA,NA,NA,NA,NA,NA,NA,NA,NA,NA,NA,NA,NA
"518","Vikings","MIN","DST","0524","robust",NA,NA,NA,NA,NA,NA,NA,NA,NA,NA,NA,NA,NA,NA,NA,NA,NA,NA,NA,NA,NA,NA,NA,NA,NA,NA,NA,NA,NA,NA,NA,NA,NA,NA,NA,NA,NA,NA,NA,NA,0.765,0.0815430000000001,2.53,0.192738,0.00666666666666667,0.004942,0.15,0.051891,0,NA,NA,NA,NA,NA,NA,NA,NA,NA,NA,NA,NA,NA,NA,NA
"519","Broncos","DEN","DST","0511","robust",NA,NA,NA,NA,NA,NA,NA,NA,NA,NA,NA,NA,NA,NA,NA,NA,NA,NA,NA,NA,NA,NA,NA,NA,NA,NA,NA,NA,NA,NA,NA,NA,NA,NA,NA,NA,NA,NA,NA,NA,0.92,0.14826,3.175,0.348411,0.01,0.007413,0.18,0.014826,0,NA,NA,NA,NA,NA,NA,NA,NA,NA,NA,NA,NA,NA,NA,NA
"520","Jaguars","JAC","DST","0509","robust",NA,NA,NA,NA,NA,NA,NA,NA,NA,NA,NA,NA,NA,NA,NA,NA,NA,NA,NA,NA,NA,NA,NA,NA,NA,NA,NA,NA,NA,NA,NA,NA,NA,NA,NA,NA,NA,NA,NA,NA,0.585,0.14826,2.27,0.237216,0.01,0.007413,0.175,0.014826,0,NA,NA,NA,NA,NA,NA,NA,NA,NA,NA,NA,NA,NA,NA,NA
"521","Chargers","LAC","DST","0514","robust",NA,NA,NA,NA,NA,NA,NA,NA,NA,NA,NA,NA,NA,NA,NA,NA,NA,NA,NA,NA,NA,NA,NA,NA,NA,NA,NA,NA,NA,NA,NA,NA,NA,NA,NA,NA,NA,NA,NA,NA,0.945,0.111195,2.5,0.311346,0.0466666666666667,0.004942,0.15,0.022239,0,NA,NA,NA,NA,NA,NA,NA,NA,NA,NA,NA,NA,NA,NA,NA
"522","Ravens","BAL","DST","0531","robust",NA,NA,NA,NA,NA,NA,NA,NA,NA,NA,NA,NA,NA,NA,NA,NA,NA,NA,NA,NA,NA,NA,NA,NA,NA,NA,NA,NA,NA,NA,NA,NA,NA,NA,NA,NA,NA,NA,NA,NA,0.725,0.192738,3.24,0.37065,0.08,0.029652,0.1,0.059304,0,NA,NA,NA,NA,NA,NA,NA,NA,NA,NA,NA,NA,NA,NA,NA
"523","Chiefs","KC","DST","0512","robust",NA,NA,NA,NA,NA,NA,NA,NA,NA,NA,NA,NA,NA,NA,NA,NA,NA,NA,NA,NA,NA,NA,NA,NA,NA,NA,NA,NA,NA,NA,NA,NA,NA,NA,NA,NA,NA,NA,NA,NA,0.9,0.07413,3.26,0.333585,0.01,0.007413,0.185,0.014826,0,NA,NA,NA,NA,NA,NA,NA,NA,NA,NA,NA,NA,NA,NA,NA
"524","Saints","NO","DST","0529","robust",NA,NA,NA,NA,NA,NA,NA,NA,NA,NA,NA,NA,NA,NA,NA,NA,NA,NA,NA,NA,NA,NA,NA,NA,NA,NA,NA,NA,NA,NA,NA,NA,NA,NA,NA,NA,NA,NA,NA,NA,0.91,0.07413,2.41,0.192738,0.0266666666666667,0.019768,0.185,0.00741299999999999,0,NA,NA,NA,NA,NA,NA,NA,NA,NA,NA,NA,NA,NA,NA,NA
"525","Cowboys","DAL","DST","0516","robust",NA,NA,NA,NA,NA,NA,NA,NA,NA,NA,NA,NA,NA,NA,NA,NA,NA,NA,NA,NA,NA,NA,NA,NA,NA,NA,NA,NA,NA,NA,NA,NA,NA,NA,NA,NA,NA,NA,NA,NA,0.95,0.140847,2.725,0.363237,0.0133333333333333,0.009884,0.2,0.044478,0,NA,NA,NA,NA,NA,NA,NA,NA,NA,NA,NA,NA,NA,NA,NA
"526","Browns","CLE","DST","0507","robust",NA,NA,NA,NA,NA,NA,NA,NA,NA,NA,NA,NA,NA,NA,NA,NA,NA,NA,NA,NA,NA,NA,NA,NA,NA,NA,NA,NA,NA,NA,NA,NA,NA,NA,NA,NA,NA,NA,NA,NA,0.895,0.22239,2.81,0.244629,0.0133333333333333,0.009884,0.165,0,0,NA,NA,NA,NA,NA,NA,NA,NA,NA,NA,NA,NA,NA,NA,NA
"527","Bengals","CIN","DST","0506","robust",NA,NA,NA,NA,NA,NA,NA,NA,NA,NA,NA,NA,NA,NA,NA,NA,NA,NA,NA,NA,NA,NA,NA,NA,NA,NA,NA,NA,NA,NA,NA,NA,NA,NA,NA,NA,NA,NA,NA,NA,0.96,0.22239,2.9,0.185325,0.0133333333333333,0.009884,0.2,0.037065,0,NA,NA,NA,NA,NA,NA,NA,NA,NA,NA,NA,NA,NA,NA,NA
"528","Eagles","PHI","DST","0518","robust",NA,NA,NA,NA,NA,NA,NA,NA,NA,NA,NA,NA,NA,NA,NA,NA,NA,NA,NA,NA,NA,NA,NA,NA,NA,NA,NA,NA,NA,NA,NA,NA,NA,NA,NA,NA,NA,NA,NA,NA,0.97,0.103782,4.25,0.318758999999999,0.103333333333333,0.004942,0.2,0.044478,0,NA,NA,NA,NA,NA,NA,NA,NA,NA,NA,NA,NA,NA,NA,NA
"529","49ers","SF","DST","0530","robust",NA,NA,NA,NA,NA,NA,NA,NA,NA,NA,NA,NA,NA,NA,NA,NA,NA,NA,NA,NA,NA,NA,NA,NA,NA,NA,NA,NA,NA,NA,NA,NA,NA,NA,NA,NA,NA,NA,NA,NA,0.99,0.07413,2.7,0.0889560000000001,0.0133333333333333,0.009884,0.12,0.059304,0,NA,NA,NA,NA,NA,NA,NA,NA,NA,NA,NA,NA,NA,NA,NA
"530","Maxx Crosby","LVR","DL","14225","robust",NA,NA,NA,NA,NA,NA,NA,NA,NA,NA,NA,NA,NA,NA,NA,NA,NA,NA,NA,NA,NA,NA,NA,NA,NA,NA,NA,NA,NA,NA,NA,NA,NA,NA,NA,NA,NA,NA,NA,NA,NA,NA,NA,NA,NA,NA,NA,NA,NA,NA,3.215,0.59304,0.64,0.0593040000000001,0,0,0.11,0.014826,0.005,0.007413,"Q","Knee",2023,4
"531","Aaron Donald","LAR","DL","11757","robust",NA,NA,NA,NA,NA,NA,NA,NA,NA,NA,NA,NA,NA,NA,NA,NA,NA,NA,NA,NA,NA,NA,NA,NA,NA,NA,NA,NA,NA,NA,NA,NA,NA,NA,NA,NA,NA,NA,NA,NA,NA,NA,NA,NA,NA,NA,NA,NA,NA,NA,3.0575,1.4826,0.62,0.118608,0,0,0.115,0.022239,0.005,0.007413,NA,NA,NA,NA
"532","Derrick Brown","CAR","DL","14897","robust",NA,NA,NA,NA,NA,NA,NA,NA,NA,NA,NA,NA,NA,NA,NA,NA,NA,NA,NA,NA,NA,NA,NA,NA,NA,NA,NA,NA,NA,NA,NA,NA,NA,NA,NA,NA,NA,NA,NA,NA,NA,NA,NA,NA,NA,NA,NA,NA,NA,NA,3.51,1.645686,0.18,0.118608,0.005,0.007413,0.185,0.022239,0.005,0.007413,NA,NA,NA,NA
"533","Christian Wilkins","MIA","DL","14162","robust",NA,NA,NA,NA,NA,NA,NA,NA,NA,NA,NA,NA,NA,NA,NA,NA,NA,NA,NA,NA,NA,NA,NA,NA,NA,NA,NA,NA,NA,NA,NA,NA,NA,NA,NA,NA,NA,NA,NA,NA,NA,NA,NA,NA,NA,NA,NA,NA,NA,NA,3.665,1.134189,0.295,0.00741300000000001,0.005,0.007413,0.28,0.177912,0.005,0.007413,NA,NA,NA,NA
"534","Danielle Hunter","MIN","DL","12221","robust",NA,NA,NA,NA,NA,NA,NA,NA,NA,NA,NA,NA,NA,NA,NA,NA,NA,NA,NA,NA,NA,NA,NA,NA,NA,NA,NA,NA,NA,NA,NA,NA,NA,NA,NA,NA,NA,NA,NA,NA,NA,NA,NA,NA,NA,NA,NA,NA,NA,NA,3.1775,1.793946,0.86,0.0593040000000001,0.005,0.007413,0.15,0.07413,0.005,0.007413,NA,NA,NA,NA
"535","Jonathan Allen","WAS","DL","13208","robust",NA,NA,NA,NA,NA,NA,NA,NA,NA,NA,NA,NA,NA,NA,NA,NA,NA,NA,NA,NA,NA,NA,NA,NA,NA,NA,NA,NA,NA,NA,NA,NA,NA,NA,NA,NA,NA,NA,NA,NA,NA,NA,NA,NA,NA,NA,NA,NA,NA,NA,2.62,0.44478,0.465,0.096369,0.005,0.007413,0.165,0.051891,0.005,0.007413,NA,NA,NA,NA
"536","Da'Ron Payne","WAS","DL","13723","robust",NA,NA,NA,NA,NA,NA,NA,NA,NA,NA,NA,NA,NA,NA,NA,NA,NA,NA,NA,NA,NA,NA,NA,NA,NA,NA,NA,NA,NA,NA,NA,NA,NA,NA,NA,NA,NA,NA,NA,NA,NA,NA,NA,NA,NA,NA,NA,NA,NA,NA,2.66,0,0.43,0.044478,0.005,0.007413,0.215,0.126021,0.005,0.007413,NA,NA,NA,NA
"537","Cameron Jordan","NO","DL","10292","robust",NA,NA,NA,NA,NA,NA,NA,NA,NA,NA,NA,NA,NA,NA,NA,NA,NA,NA,NA,NA,NA,NA,NA,NA,NA,NA,NA,NA,NA,NA,NA,NA,NA,NA,NA,NA,NA,NA,NA,NA,NA,NA,NA,NA,NA,NA,NA,NA,NA,NA,2.4775,1.03782,0.66,0.0889559999999999,0.005,0.007413,0.205,0.140847,0.005,0.007413,NA,NA,NA,NA
"538","DeForest Buckner","IND","DL","12688","robust",NA,NA,NA,NA,NA,NA,NA,NA,NA,NA,NA,NA,NA,NA,NA,NA,NA,NA,NA,NA,NA,NA,NA,NA,NA,NA,NA,NA,NA,NA,NA,NA,NA,NA,NA,NA,NA,NA,NA,NA,NA,NA,NA,NA,NA,NA,NA,NA,NA,NA,2.62,0.59304,0.43,0.044478,0,0,0.11,0.014826,0.055,0.066717,"Q","Groin",2023,4
"539","Dexter Lawrence","NYG","DL","14159","robust",NA,NA,NA,NA,NA,NA,NA,NA,NA,NA,NA,NA,NA,NA,NA,NA,NA,NA,NA,NA,NA,NA,NA,NA,NA,NA,NA,NA,NA,NA,NA,NA,NA,NA,NA,NA,NA,NA,NA,NA,NA,NA,NA,NA,NA,NA,NA,NA,NA,NA,2.49,1.33434,0.235,0.051891,0,0,0.12,0.029652,0.005,0.007413,NA,NA,NA,NA
"540","Harrison Phillips","MIN","DL","13693","robust",NA,NA,NA,NA,NA,NA,NA,NA,NA,NA,NA,NA,NA,NA,NA,NA,NA,NA,NA,NA,NA,NA,NA,NA,NA,NA,NA,NA,NA,NA,NA,NA,NA,NA,NA,NA,NA,NA,NA,NA,NA,NA,NA,NA,NA,NA,NA,NA,NA,NA,3.22,0.919212,0.14,0.059304,0,0,0.175,0.037065,0.005,0.007413,NA,NA,NA,NA
"541","Carl Granderson","NO","DL","14405","robust",NA,NA,NA,NA,NA,NA,NA,NA,NA,NA,NA,NA,NA,NA,NA,NA,NA,NA,NA,NA,NA,NA,NA,NA,NA,NA,NA,NA,NA,NA,NA,NA,NA,NA,NA,NA,NA,NA,NA,NA,NA,NA,NA,NA,NA,NA,NA,NA,NA,NA,2.255,0.29652,0.56,0.0593039999999999,0,0,0.06,0.088956,0.005,0.007413,NA,NA,NA,NA
"542","Jeffery Simmons","TEN","DL","14163","robust",NA,NA,NA,NA,NA,NA,NA,NA,NA,NA,NA,NA,NA,NA,NA,NA,NA,NA,NA,NA,NA,NA,NA,NA,NA,NA,NA,NA,NA,NA,NA,NA,NA,NA,NA,NA,NA,NA,NA,NA,NA,NA,NA,NA,NA,NA,NA,NA,NA,NA,2.74,1.393644,0.51,0.014826,0,0,0.205,0.140847,0.005,0.007413,NA,NA,NA,NA
"543","B.J. Hill","CIN","DL","13742","robust",NA,NA,NA,NA,NA,NA,NA,NA,NA,NA,NA,NA,NA,NA,NA,NA,NA,NA,NA,NA,NA,NA,NA,NA,NA,NA,NA,NA,NA,NA,NA,NA,NA,NA,NA,NA,NA,NA,NA,NA,NA,NA,NA,NA,NA,NA,NA,NA,NA,NA,2.24,1.4826,0.345,0.066717,0.005,0.007413,0.165,0.051891,0.005,0.007413,NA,NA,NA,NA
"544","Kayvon Thibodeaux","NYG","DL","15806","robust",NA,NA,NA,NA,NA,NA,NA,NA,NA,NA,NA,NA,NA,NA,NA,NA,NA,NA,NA,NA,NA,NA,NA,NA,NA,NA,NA,NA,NA,NA,NA,NA,NA,NA,NA,NA,NA,NA,NA,NA,NA,NA,NA,NA,NA,NA,NA,NA,NA,NA,2.2375,1.77912,0.405,0.00741299999999992,0.01,0.014826,0.13,0.044478,0.005,0.007413,NA,NA,NA,NA
"545","Roy Robertson-Harris","JAC","DL","13434","robust",NA,NA,NA,NA,NA,NA,NA,NA,NA,NA,NA,NA,NA,NA,NA,NA,NA,NA,NA,NA,NA,NA,NA,NA,NA,NA,NA,NA,NA,NA,NA,NA,NA,NA,NA,NA,NA,NA,NA,NA,NA,NA,NA,NA,NA,NA,NA,NA,NA,NA,2.625,1.371405,0.21,0.163086,0,0,0.165,0.051891,0.005,0.007413,NA,NA,NA,NA
"546","Brian Burns","CAR","DL","14171","robust",NA,NA,NA,NA,NA,NA,NA,NA,NA,NA,NA,NA,NA,NA,NA,NA,NA,NA,NA,NA,NA,NA,NA,NA,NA,NA,NA,NA,NA,NA,NA,NA,NA,NA,NA,NA,NA,NA,NA,NA,NA,NA,NA,NA,NA,NA,NA,NA,NA,NA,2.2825,1.4826,0.725,0.111195,0.005,0.007413,0.105,0.00741299999999999,0.005,0.007413,NA,NA,NA,NA
"547","Myles Garrett","CLE","DL","13198","robust",NA,NA,NA,NA,NA,NA,NA,NA,NA,NA,NA,NA,NA,NA,NA,NA,NA,NA,NA,NA,NA,NA,NA,NA,NA,NA,NA,NA,NA,NA,NA,NA,NA,NA,NA,NA,NA,NA,NA,NA,NA,NA,NA,NA,NA,NA,NA,NA,NA,NA,2.4025,0.29652,0.925,0.111195,0,0,0.135,0.096369,0.005,0.007413,NA,NA,NA,NA
"548","Sam Hubbard","CIN","DL","13684","robust",NA,NA,NA,NA,NA,NA,NA,NA,NA,NA,NA,NA,NA,NA,NA,NA,NA,NA,NA,NA,NA,NA,NA,NA,NA,NA,NA,NA,NA,NA,NA,NA,NA,NA,NA,NA,NA,NA,NA,NA,NA,NA,NA,NA,NA,NA,NA,NA,NA,NA,2.5175,0.993342000000001,0.505,0.00741300000000001,0,0,0.155,0.066717,0.005,0.007413,NA,NA,NA,NA
"549","Quinnen Williams","NYJ","DL","14157","robust",NA,NA,NA,NA,NA,NA,NA,NA,NA,NA,NA,NA,NA,NA,NA,NA,NA,NA,NA,NA,NA,NA,NA,NA,NA,NA,NA,NA,NA,NA,NA,NA,NA,NA,NA,NA,NA,NA,NA,NA,NA,NA,NA,NA,NA,NA,NA,NA,NA,NA,2.3225,0.59304,0.34,0.059304,0,0,0.21,0.133434,0.005,0.007413,NA,NA,NA,NA
"550","Kwity Paye","IND","DL","15345","robust",NA,NA,NA,NA,NA,NA,NA,NA,NA,NA,NA,NA,NA,NA,NA,NA,NA,NA,NA,NA,NA,NA,NA,NA,NA,NA,NA,NA,NA,NA,NA,NA,NA,NA,NA,NA,NA,NA,NA,NA,NA,NA,NA,NA,NA,NA,NA,NA,NA,NA,2.405,0.88956,0.525,0.111195,0,0,0.06,0.088956,0.005,0.007413,NA,NA,NA,NA
"551","Javon Hargrave","SF","DL","12764","robust",NA,NA,NA,NA,NA,NA,NA,NA,NA,NA,NA,NA,NA,NA,NA,NA,NA,NA,NA,NA,NA,NA,NA,NA,NA,NA,NA,NA,NA,NA,NA,NA,NA,NA,NA,NA,NA,NA,NA,NA,NA,NA,NA,NA,NA,NA,NA,NA,NA,NA,1.88,0.44478,0.53,0.103782,0,0,0.105,0.00741299999999999,0.005,0.007413,NA,NA,NA,NA
"552","Montez Sweat","WAS","DL","14148","robust",NA,NA,NA,NA,NA,NA,NA,NA,NA,NA,NA,NA,NA,NA,NA,NA,NA,NA,NA,NA,NA,NA,NA,NA,NA,NA,NA,NA,NA,NA,NA,NA,NA,NA,NA,NA,NA,NA,NA,NA,NA,NA,NA,NA,NA,NA,NA,NA,NA,NA,1.895,0.29652,0.54,0.0593039999999999,0.005,0.007413,0.105,0.00741299999999999,0.005,0.007413,NA,NA,NA,NA
"553","Nick Bosa","SF","DL","14147","robust",NA,NA,NA,NA,NA,NA,NA,NA,NA,NA,NA,NA,NA,NA,NA,NA,NA,NA,NA,NA,NA,NA,NA,NA,NA,NA,NA,NA,NA,NA,NA,NA,NA,NA,NA,NA,NA,NA,NA,NA,NA,NA,NA,NA,NA,NA,NA,NA,NA,NA,2.3675,0.14826,0.755,0.0815430000000001,0.005,0.007413,0.045,0.066717,0.005,0.007413,NA,NA,NA,NA
"554","Demarcus Lawrence","DAL","DL","11769","robust",NA,NA,NA,NA,NA,NA,NA,NA,NA,NA,NA,NA,NA,NA,NA,NA,NA,NA,NA,NA,NA,NA,NA,NA,NA,NA,NA,NA,NA,NA,NA,NA,NA,NA,NA,NA,NA,NA,NA,NA,NA,NA,NA,NA,NA,NA,NA,NA,NA,NA,2.3175,0.44478,0.38,0.029652,0.005,0.007413,0.165,0.051891,0.005,0.007413,NA,NA,NA,NA
"555","Josh Sweat","PHI","DL","13690","robust",NA,NA,NA,NA,NA,NA,NA,NA,NA,NA,NA,NA,NA,NA,NA,NA,NA,NA,NA,NA,NA,NA,NA,NA,NA,NA,NA,NA,NA,NA,NA,NA,NA,NA,NA,NA,NA,NA,NA,NA,NA,NA,NA,NA,NA,NA,NA,NA,NA,NA,2.1275,1.4826,0.855,0.229803,0.005,0.007413,0.13,0.103782,0.005,0.007413,NA,NA,NA,NA
"556","Zach Allen","DEN","DL","14153","robust",NA,NA,NA,NA,NA,NA,NA,NA,NA,NA,NA,NA,NA,NA,NA,NA,NA,NA,NA,NA,NA,NA,NA,NA,NA,NA,NA,NA,NA,NA,NA,NA,NA,NA,NA,NA,NA,NA,NA,NA,NA,NA,NA,NA,NA,NA,NA,NA,NA,NA,2.6,0.88956,0.41,0.163086,0.005,0.007413,0.255,0.214977,0.005,0.007413,NA,NA,NA,NA
"557","Aidan Hutchinson","DET","DL","15805","robust",NA,NA,NA,NA,NA,NA,NA,NA,NA,NA,NA,NA,NA,NA,NA,NA,NA,NA,NA,NA,NA,NA,NA,NA,NA,NA,NA,NA,NA,NA,NA,NA,NA,NA,NA,NA,NA,NA,NA,NA,NA,NA,NA,NA,NA,NA,NA,NA,NA,NA,2.4725,0.7413,0.515,0.126021,0.065,0.051891,0.285,0.170499,0.005,0.007413,NA,NA,NA,NA
"558","Micah Parsons","DAL","DL","15350","robust",NA,NA,NA,NA,NA,NA,NA,NA,NA,NA,NA,NA,NA,NA,NA,NA,NA,NA,NA,NA,NA,NA,NA,NA,NA,NA,NA,NA,NA,NA,NA,NA,NA,NA,NA,NA,NA,NA,NA,NA,NA,NA,NA,NA,NA,NA,NA,NA,NA,NA,2.75,0.37065,1.1,0,0,0,0.3,0,0,0,NA,NA,NA,NA
"559","Matt Judon","NE","DL","12795","robust",NA,NA,NA,NA,NA,NA,NA,NA,NA,NA,NA,NA,NA,NA,NA,NA,NA,NA,NA,NA,NA,NA,NA,NA,NA,NA,NA,NA,NA,NA,NA,NA,NA,NA,NA,NA,NA,NA,NA,NA,NA,NA,NA,NA,NA,NA,NA,NA,NA,NA,2.55,0.66717,0.9,0,0,0,0.1,0,0,0,NA,NA,NA,NA
"560","Will Anderson","HOU","DL","16223","robust",NA,NA,NA,NA,NA,NA,NA,NA,NA,NA,NA,NA,NA,NA,NA,NA,NA,NA,NA,NA,NA,NA,NA,NA,NA,NA,NA,NA,NA,NA,NA,NA,NA,NA,NA,NA,NA,NA,NA,NA,NA,NA,NA,NA,NA,NA,NA,NA,NA,NA,2.3,0.88956,0.6,0,0,0,0.1,0,0,0,NA,NA,NA,NA
"561","T.J. Watt","PIT","DL","13214","robust",NA,NA,NA,NA,NA,NA,NA,NA,NA,NA,NA,NA,NA,NA,NA,NA,NA,NA,NA,NA,NA,NA,NA,NA,NA,NA,NA,NA,NA,NA,NA,NA,NA,NA,NA,NA,NA,NA,NA,NA,NA,NA,NA,NA,NA,NA,NA,NA,NA,NA,2.2,0.59304,1.2,0,0,0,0.4,0,0.1,0,NA,NA,NA,NA
"562","Randy Gregory","DEN","DL","12215","robust",NA,NA,NA,NA,NA,NA,NA,NA,NA,NA,NA,NA,NA,NA,NA,NA,NA,NA,NA,NA,NA,NA,NA,NA,NA,NA,NA,NA,NA,NA,NA,NA,NA,NA,NA,NA,NA,NA,NA,NA,NA,NA,NA,NA,NA,NA,NA,NA,NA,NA,1.9,1.03782,0.6,0,0,0,0.3,0,0,0,NA,NA,NA,NA
"563","Alex Highsmith","PIT","DL","14940","robust",NA,NA,NA,NA,NA,NA,NA,NA,NA,NA,NA,NA,NA,NA,NA,NA,NA,NA,NA,NA,NA,NA,NA,NA,NA,NA,NA,NA,NA,NA,NA,NA,NA,NA,NA,NA,NA,NA,NA,NA,NA,NA,NA,NA,NA,NA,NA,NA,NA,NA,1.95,0.81543,0.4,0,0.1,0,0.2,0,0.1,0,NA,NA,NA,NA
"564","Shaquil Barrett","TB","DL","12075","robust",NA,NA,NA,NA,NA,NA,NA,NA,NA,NA,NA,NA,NA,NA,NA,NA,NA,NA,NA,NA,NA,NA,NA,NA,NA,NA,NA,NA,NA,NA,NA,NA,NA,NA,NA,NA,NA,NA,NA,NA,NA,NA,NA,NA,NA,NA,NA,NA,NA,NA,2.3,0.29652,0.5,0,0.2,0,0.2,0,0.2,0,NA,NA,NA,NA
"565","Jadeveon Clowney","BAL","DL","11706","robust",NA,NA,NA,NA,NA,NA,NA,NA,NA,NA,NA,NA,NA,NA,NA,NA,NA,NA,NA,NA,NA,NA,NA,NA,NA,NA,NA,NA,NA,NA,NA,NA,NA,NA,NA,NA,NA,NA,NA,NA,NA,NA,NA,NA,NA,NA,NA,NA,NA,NA,1.9,0.44478,0.5,0,0,0,0.4,0,0,0,NA,NA,NA,NA
"566","Travon Walker","JAC","DL","15815","robust",NA,NA,NA,NA,NA,NA,NA,NA,NA,NA,NA,NA,NA,NA,NA,NA,NA,NA,NA,NA,NA,NA,NA,NA,NA,NA,NA,NA,NA,NA,NA,NA,NA,NA,NA,NA,NA,NA,NA,NA,NA,NA,NA,NA,NA,NA,NA,NA,NA,NA,1.65,0.81543,0.3,0,0,0,0.2,0,0,0,NA,NA,NA,NA
"567","Josh Allen","JAC","DL","14167","robust",NA,NA,NA,NA,NA,NA,NA,NA,NA,NA,NA,NA,NA,NA,NA,NA,NA,NA,NA,NA,NA,NA,NA,NA,NA,NA,NA,NA,NA,NA,NA,NA,NA,NA,NA,NA,NA,NA,NA,NA,NA,NA,NA,NA,NA,NA,NA,NA,NA,NA,1.9,0.44478,0.5,0,0,0,0.1,0,0,0,NA,NA,NA,NA
"568","Byron Young","LAR","DL","16276","robust",NA,NA,NA,NA,NA,NA,NA,NA,NA,NA,NA,NA,NA,NA,NA,NA,NA,NA,NA,NA,NA,NA,NA,NA,NA,NA,NA,NA,NA,NA,NA,NA,NA,NA,NA,NA,NA,NA,NA,NA,NA,NA,NA,NA,NA,NA,NA,NA,NA,NA,1.4,1.18608,0.3,0,0,0,0,0,0,0,NA,NA,NA,NA
"569","Uchenna Nwosu","SEA","DL","13704","robust",NA,NA,NA,NA,NA,NA,NA,NA,NA,NA,NA,NA,NA,NA,NA,NA,NA,NA,NA,NA,NA,NA,NA,NA,NA,NA,NA,NA,NA,NA,NA,NA,NA,NA,NA,NA,NA,NA,NA,NA,NA,NA,NA,NA,NA,NA,NA,NA,NA,NA,2.1,0.14826,0.5,0,0,0,0.2,0,0,0,NA,NA,NA,NA
"570","Michael Hoecht","LAR","DL","15565","robust",NA,NA,NA,NA,NA,NA,NA,NA,NA,NA,NA,NA,NA,NA,NA,NA,NA,NA,NA,NA,NA,NA,NA,NA,NA,NA,NA,NA,NA,NA,NA,NA,NA,NA,NA,NA,NA,NA,NA,NA,NA,NA,NA,NA,NA,NA,NA,NA,NA,NA,1.95,0.22239,0.3,0,0,0,0,0,0,0,NA,NA,NA,NA
"571","Jermaine Johnson","NYJ","DL","15809","robust",NA,NA,NA,NA,NA,NA,NA,NA,NA,NA,NA,NA,NA,NA,NA,NA,NA,NA,NA,NA,NA,NA,NA,NA,NA,NA,NA,NA,NA,NA,NA,NA,NA,NA,NA,NA,NA,NA,NA,NA,NA,NA,NA,NA,NA,NA,NA,NA,NA,NA,1.8,0.44478,0.3,0,0,0,0,0,0,0,NA,NA,NA,NA
"572","Marcus Davenport","MIN","DL","13688","robust",NA,NA,NA,NA,NA,NA,NA,NA,NA,NA,NA,NA,NA,NA,NA,NA,NA,NA,NA,NA,NA,NA,NA,NA,NA,NA,NA,NA,NA,NA,NA,NA,NA,NA,NA,NA,NA,NA,NA,NA,NA,NA,NA,NA,NA,NA,NA,NA,NA,NA,1.45,0.96369,0.1,0,0,0,0.1,0,0,0,"Q","Ankle",2023,4
"573","Preston Smith","GB","DL","12270","robust",NA,NA,NA,NA,NA,NA,NA,NA,NA,NA,NA,NA,NA,NA,NA,NA,NA,NA,NA,NA,NA,NA,NA,NA,NA,NA,NA,NA,NA,NA,NA,NA,NA,NA,NA,NA,NA,NA,NA,NA,NA,NA,NA,NA,NA,NA,NA,NA,NA,NA,1.75,0.51891,0,0,0,0,0.1,0,0,0,NA,NA,NA,NA
"574","Michael Danna","KC","DL","14978","robust",NA,NA,NA,NA,NA,NA,NA,NA,NA,NA,NA,NA,NA,NA,NA,NA,NA,NA,NA,NA,NA,NA,NA,NA,NA,NA,NA,NA,NA,NA,NA,NA,NA,NA,NA,NA,NA,NA,NA,NA,NA,NA,NA,NA,NA,NA,NA,NA,NA,NA,1.25,1.11195,0.6,0,0,0,0.2,0,0,0,NA,NA,NA,NA
"575","Gregory Rousseau","BUF","DL","15346","robust",NA,NA,NA,NA,NA,NA,NA,NA,NA,NA,NA,NA,NA,NA,NA,NA,NA,NA,NA,NA,NA,NA,NA,NA,NA,NA,NA,NA,NA,NA,NA,NA,NA,NA,NA,NA,NA,NA,NA,NA,NA,NA,NA,NA,NA,NA,NA,NA,NA,NA,1.75,0.37065,0.5,0,0,0,0.3,0,0,0,NA,NA,NA,NA
"576","Bradley Chubb","MIA","DL","13681","robust",NA,NA,NA,NA,NA,NA,NA,NA,NA,NA,NA,NA,NA,NA,NA,NA,NA,NA,NA,NA,NA,NA,NA,NA,NA,NA,NA,NA,NA,NA,NA,NA,NA,NA,NA,NA,NA,NA,NA,NA,NA,NA,NA,NA,NA,NA,NA,NA,NA,NA,1.25,1.11195,0.2,0,0,0,0.1,0,0,0,NA,NA,NA,NA
"577","Yannick Ngakoue","CHI","DL","12756","robust",NA,NA,NA,NA,NA,NA,NA,NA,NA,NA,NA,NA,NA,NA,NA,NA,NA,NA,NA,NA,NA,NA,NA,NA,NA,NA,NA,NA,NA,NA,NA,NA,NA,NA,NA,NA,NA,NA,NA,NA,NA,NA,NA,NA,NA,NA,NA,NA,NA,NA,1.55,0.66717,0.4,0,0,0,0.1,0,0,0,NA,NA,NA,NA
"578","Jerry Hughes","HOU","DL","9853","robust",NA,NA,NA,NA,NA,NA,NA,NA,NA,NA,NA,NA,NA,NA,NA,NA,NA,NA,NA,NA,NA,NA,NA,NA,NA,NA,NA,NA,NA,NA,NA,NA,NA,NA,NA,NA,NA,NA,NA,NA,NA,NA,NA,NA,NA,NA,NA,NA,NA,NA,1.7,0.44478,0.4,0,0,0,0,0,0,0,NA,NA,NA,NA
"579","Boye Mafe","SEA","DL","15853","robust",NA,NA,NA,NA,NA,NA,NA,NA,NA,NA,NA,NA,NA,NA,NA,NA,NA,NA,NA,NA,NA,NA,NA,NA,NA,NA,NA,NA,NA,NA,NA,NA,NA,NA,NA,NA,NA,NA,NA,NA,NA,NA,NA,NA,NA,NA,NA,NA,NA,NA,1.6,0.59304,0.3,0,0,0,0,0,0,0,NA,NA,NA,NA
"580","Rashan Gary","GB","DL","14149","robust",NA,NA,NA,NA,NA,NA,NA,NA,NA,NA,NA,NA,NA,NA,NA,NA,NA,NA,NA,NA,NA,NA,NA,NA,NA,NA,NA,NA,NA,NA,NA,NA,NA,NA,NA,NA,NA,NA,NA,NA,NA,NA,NA,NA,NA,NA,NA,NA,NA,NA,1.35,0.81543,0.8,0,0,0,0,0,0,0,NA,NA,NA,NA
"581","Brandon Graham","PHI","DL","9826","robust",NA,NA,NA,NA,NA,NA,NA,NA,NA,NA,NA,NA,NA,NA,NA,NA,NA,NA,NA,NA,NA,NA,NA,NA,NA,NA,NA,NA,NA,NA,NA,NA,NA,NA,NA,NA,NA,NA,NA,NA,NA,NA,NA,NA,NA,NA,NA,NA,NA,NA,1.5,0.59304,0.7,0,0,0,0.1,0,0,0,NA,NA,NA,NA
"582","Joe Tryon","TB","DL","15379","robust",NA,NA,NA,NA,NA,NA,NA,NA,NA,NA,NA,NA,NA,NA,NA,NA,NA,NA,NA,NA,NA,NA,NA,NA,NA,NA,NA,NA,NA,NA,NA,NA,NA,NA,NA,NA,NA,NA,NA,NA,NA,NA,NA,NA,NA,NA,NA,NA,NA,NA,1.6,0.44478,0.4,0,0,0,0.1,0,0,0,NA,NA,NA,NA
"583","Tuli Tuipulotu","LAC","DL","16266","robust",NA,NA,NA,NA,NA,NA,NA,NA,NA,NA,NA,NA,NA,NA,NA,NA,NA,NA,NA,NA,NA,NA,NA,NA,NA,NA,NA,NA,NA,NA,NA,NA,NA,NA,NA,NA,NA,NA,NA,NA,NA,NA,NA,NA,NA,NA,NA,NA,NA,NA,1.45,0.66717,0.3,0,0,0,0,0,0,0,NA,NA,NA,NA
"584","Trey Hendrickson","CIN","DL","13284","robust",NA,NA,NA,NA,NA,NA,NA,NA,NA,NA,NA,NA,NA,NA,NA,NA,NA,NA,NA,NA,NA,NA,NA,NA,NA,NA,NA,NA,NA,NA,NA,NA,NA,NA,NA,NA,NA,NA,NA,NA,NA,NA,NA,NA,NA,NA,NA,NA,NA,NA,1.15,0.96369,0.7,0,0,0,0.3,0,0,0,NA,NA,NA,NA
"585","Chris Jones","KC","DL","12741","robust",NA,NA,NA,NA,NA,NA,NA,NA,NA,NA,NA,NA,NA,NA,NA,NA,NA,NA,NA,NA,NA,NA,NA,NA,NA,NA,NA,NA,NA,NA,NA,NA,NA,NA,NA,NA,NA,NA,NA,NA,NA,NA,NA,NA,NA,NA,NA,NA,NA,NA,1.3,0.7413,0.9,0,0,0,0.3,0,0,0,NA,NA,NA,NA
"586","Samson Ebukam","IND","DL","13294","robust",NA,NA,NA,NA,NA,NA,NA,NA,NA,NA,NA,NA,NA,NA,NA,NA,NA,NA,NA,NA,NA,NA,NA,NA,NA,NA,NA,NA,NA,NA,NA,NA,NA,NA,NA,NA,NA,NA,NA,NA,NA,NA,NA,NA,NA,NA,NA,NA,NA,NA,1.5,0.44478,0.4,0,0,0,0.1,0,0,0,NA,NA,NA,NA
"587","D.J. Reader","CIN","DL","12802","robust",NA,NA,NA,NA,NA,NA,NA,NA,NA,NA,NA,NA,NA,NA,NA,NA,NA,NA,NA,NA,NA,NA,NA,NA,NA,NA,NA,NA,NA,NA,NA,NA,NA,NA,NA,NA,NA,NA,NA,NA,NA,NA,NA,NA,NA,NA,NA,NA,NA,NA,1.3,0.7413,0.2,0,0,0,0.3,0,0,0,NA,NA,NA,NA
"588","D.J. Jones","DEN","DL","13332","robust",NA,NA,NA,NA,NA,NA,NA,NA,NA,NA,NA,NA,NA,NA,NA,NA,NA,NA,NA,NA,NA,NA,NA,NA,NA,NA,NA,NA,NA,NA,NA,NA,NA,NA,NA,NA,NA,NA,NA,NA,NA,NA,NA,NA,NA,NA,NA,NA,NA,NA,1.3,0.7413,0.2,0,0,0,0.3,0,0,0,NA,NA,NA,NA
"589","Charles Harris","DET","DL","13204","robust",NA,NA,NA,NA,NA,NA,NA,NA,NA,NA,NA,NA,NA,NA,NA,NA,NA,NA,NA,NA,NA,NA,NA,NA,NA,NA,NA,NA,NA,NA,NA,NA,NA,NA,NA,NA,NA,NA,NA,NA,NA,NA,NA,NA,NA,NA,NA,NA,NA,NA,1.4,0.59304,0.3,0,0,0,0.1,0,0,0,NA,NA,NA,NA
"590","Harold Landry","TEN","DL","13700","robust",NA,NA,NA,NA,NA,NA,NA,NA,NA,NA,NA,NA,NA,NA,NA,NA,NA,NA,NA,NA,NA,NA,NA,NA,NA,NA,NA,NA,NA,NA,NA,NA,NA,NA,NA,NA,NA,NA,NA,NA,NA,NA,NA,NA,NA,NA,NA,NA,NA,NA,1.65,0.0741299999999999,0.6,0,0,0,0.1,0,0,0,NA,NA,NA,NA
"591","Darrell Taylor","SEA","DL","14923","robust",NA,NA,NA,NA,NA,NA,NA,NA,NA,NA,NA,NA,NA,NA,NA,NA,NA,NA,NA,NA,NA,NA,NA,NA,NA,NA,NA,NA,NA,NA,NA,NA,NA,NA,NA,NA,NA,NA,NA,NA,NA,NA,NA,NA,NA,NA,NA,NA,NA,NA,1.5,0.29652,0.3,0,0,0,0.1,0,0,0,NA,NA,NA,NA
"592","Arik Armstead","SF","DL","12218","robust",NA,NA,NA,NA,NA,NA,NA,NA,NA,NA,NA,NA,NA,NA,NA,NA,NA,NA,NA,NA,NA,NA,NA,NA,NA,NA,NA,NA,NA,NA,NA,NA,NA,NA,NA,NA,NA,NA,NA,NA,NA,NA,NA,NA,NA,NA,NA,NA,NA,NA,1.3,0.59304,0.3,0,0,0,0,0,0,0,NA,NA,NA,NA
"593","DeMarcus Walker","CHI","DL","13258","robust",NA,NA,NA,NA,NA,NA,NA,NA,NA,NA,NA,NA,NA,NA,NA,NA,NA,NA,NA,NA,NA,NA,NA,NA,NA,NA,NA,NA,NA,NA,NA,NA,NA,NA,NA,NA,NA,NA,NA,NA,NA,NA,NA,NA,NA,NA,NA,NA,NA,NA,1.35,0.51891,0.1,0,0,0,0,0,0,0,NA,NA,NA,NA
"594","Josh Uche","NE","DL","14925","robust",NA,NA,NA,NA,NA,NA,NA,NA,NA,NA,NA,NA,NA,NA,NA,NA,NA,NA,NA,NA,NA,NA,NA,NA,NA,NA,NA,NA,NA,NA,NA,NA,NA,NA,NA,NA,NA,NA,NA,NA,NA,NA,NA,NA,NA,NA,NA,NA,NA,NA,1.05,0.81543,0.3,0,0,0,0,0,0,0,NA,NA,NA,NA
"595","Jonathan Greenard","HOU","DL","14882","robust",NA,NA,NA,NA,NA,NA,NA,NA,NA,NA,NA,NA,NA,NA,NA,NA,NA,NA,NA,NA,NA,NA,NA,NA,NA,NA,NA,NA,NA,NA,NA,NA,NA,NA,NA,NA,NA,NA,NA,NA,NA,NA,NA,NA,NA,NA,NA,NA,NA,NA,1.15,0.66717,0.2,0,0,0,0.1,0,0,0,NA,NA,NA,NA
"596","George Karlaftis","KC","DL","15808","robust",NA,NA,NA,NA,NA,NA,NA,NA,NA,NA,NA,NA,NA,NA,NA,NA,NA,NA,NA,NA,NA,NA,NA,NA,NA,NA,NA,NA,NA,NA,NA,NA,NA,NA,NA,NA,NA,NA,NA,NA,NA,NA,NA,NA,NA,NA,NA,NA,NA,NA,0.65,1.26021,0.7,0,0,0,0.5,0,0,0,NA,NA,NA,NA
"597","Dorance Armstrong","DAL","DL","13759","robust",NA,NA,NA,NA,NA,NA,NA,NA,NA,NA,NA,NA,NA,NA,NA,NA,NA,NA,NA,NA,NA,NA,NA,NA,NA,NA,NA,NA,NA,NA,NA,NA,NA,NA,NA,NA,NA,NA,NA,NA,NA,NA,NA,NA,NA,NA,NA,NA,NA,NA,1.05,0.66717,0.5,0,0,0,0,0,0,0,NA,NA,NA,NA
"598","Joey Bosa","LAC","DL","12686","robust",NA,NA,NA,NA,NA,NA,NA,NA,NA,NA,NA,NA,NA,NA,NA,NA,NA,NA,NA,NA,NA,NA,NA,NA,NA,NA,NA,NA,NA,NA,NA,NA,NA,NA,NA,NA,NA,NA,NA,NA,NA,NA,NA,NA,NA,NA,NA,NA,NA,NA,1.15,0.51891,0.5,0,0,0,0.1,0,0,0,"D","Hamstring",2023,4
"599","Osa Odighizuwa","DAL","DL","15393","robust",NA,NA,NA,NA,NA,NA,NA,NA,NA,NA,NA,NA,NA,NA,NA,NA,NA,NA,NA,NA,NA,NA,NA,NA,NA,NA,NA,NA,NA,NA,NA,NA,NA,NA,NA,NA,NA,NA,NA,NA,NA,NA,NA,NA,NA,NA,NA,NA,NA,NA,1,0.7413,0.4,0,0,0,0,0,0,0,NA,NA,NA,NA
"600","Bryan Bresee","NO","DL","16256","robust",NA,NA,NA,NA,NA,NA,NA,NA,NA,NA,NA,NA,NA,NA,NA,NA,NA,NA,NA,NA,NA,NA,NA,NA,NA,NA,NA,NA,NA,NA,NA,NA,NA,NA,NA,NA,NA,NA,NA,NA,NA,NA,NA,NA,NA,NA,NA,NA,NA,NA,0.9,0.88956,0.2,0,0,0,0.2,0,0,0,NA,NA,NA,NA
"601","Khalil Mack","LAC","DL","11721","robust",NA,NA,NA,NA,NA,NA,NA,NA,NA,NA,NA,NA,NA,NA,NA,NA,NA,NA,NA,NA,NA,NA,NA,NA,NA,NA,NA,NA,NA,NA,NA,NA,NA,NA,NA,NA,NA,NA,NA,NA,NA,NA,NA,NA,NA,NA,NA,NA,NA,NA,1.4,0.14826,0.2,0,0.1,0,0.2,0,0,0,NA,NA,NA,NA
"602","Chase Young","WAS","DL","14877","robust",NA,NA,NA,NA,NA,NA,NA,NA,NA,NA,NA,NA,NA,NA,NA,NA,NA,NA,NA,NA,NA,NA,NA,NA,NA,NA,NA,NA,NA,NA,NA,NA,NA,NA,NA,NA,NA,NA,NA,NA,NA,NA,NA,NA,NA,NA,NA,NA,NA,NA,1.1,0.59304,0.2,0,0,0,0.1,0,0,0,NA,NA,NA,NA
"603","K'Lavon Chaisson","JAC","DL","14888","robust",NA,NA,NA,NA,NA,NA,NA,NA,NA,NA,NA,NA,NA,NA,NA,NA,NA,NA,NA,NA,NA,NA,NA,NA,NA,NA,NA,NA,NA,NA,NA,NA,NA,NA,NA,NA,NA,NA,NA,NA,NA,NA,NA,NA,NA,NA,NA,NA,NA,NA,1.2,0.44478,0.2,0,0,0,0,0,0,0,NA,NA,NA,NA
"604","Sheldon Rankins","HOU","DL","12735","robust",NA,NA,NA,NA,NA,NA,NA,NA,NA,NA,NA,NA,NA,NA,NA,NA,NA,NA,NA,NA,NA,NA,NA,NA,NA,NA,NA,NA,NA,NA,NA,NA,NA,NA,NA,NA,NA,NA,NA,NA,NA,NA,NA,NA,NA,NA,NA,NA,NA,NA,1.15,0.51891,0.1,0,0,0,0,0,0,0,NA,NA,NA,NA
"605","Jalen Carter","PHI","DL","16233","robust",NA,NA,NA,NA,NA,NA,NA,NA,NA,NA,NA,NA,NA,NA,NA,NA,NA,NA,NA,NA,NA,NA,NA,NA,NA,NA,NA,NA,NA,NA,NA,NA,NA,NA,NA,NA,NA,NA,NA,NA,NA,NA,NA,NA,NA,NA,NA,NA,NA,NA,1,0.59304,0.3,0,0,0,0.1,0,0,0,NA,NA,NA,NA
"606","Ed Oliver","BUF","DL","14158","robust",NA,NA,NA,NA,NA,NA,NA,NA,NA,NA,NA,NA,NA,NA,NA,NA,NA,NA,NA,NA,NA,NA,NA,NA,NA,NA,NA,NA,NA,NA,NA,NA,NA,NA,NA,NA,NA,NA,NA,NA,NA,NA,NA,NA,NA,NA,NA,NA,NA,NA,1.1,0.44478,0.3,0,0,0,0.2,0,0,0,NA,NA,NA,NA
"607","Maliek Collins","HOU","DL","12754","robust",NA,NA,NA,NA,NA,NA,NA,NA,NA,NA,NA,NA,NA,NA,NA,NA,NA,NA,NA,NA,NA,NA,NA,NA,NA,NA,NA,NA,NA,NA,NA,NA,NA,NA,NA,NA,NA,NA,NA,NA,NA,NA,NA,NA,NA,NA,NA,NA,NA,NA,1.1,0.44478,0.1,0,0,0,0.1,0,0,0,NA,NA,NA,NA
"608","Vita Vea","TB","DL","13692","robust",NA,NA,NA,NA,NA,NA,NA,NA,NA,NA,NA,NA,NA,NA,NA,NA,NA,NA,NA,NA,NA,NA,NA,NA,NA,NA,NA,NA,NA,NA,NA,NA,NA,NA,NA,NA,NA,NA,NA,NA,NA,NA,NA,NA,NA,NA,NA,NA,NA,NA,0.65,0.96369,0.4,0,0,0,0,0,0,0,"Q","Pectoral",2023,4
"609","A.J. Epenesa","BUF","DL","14879","robust",NA,NA,NA,NA,NA,NA,NA,NA,NA,NA,NA,NA,NA,NA,NA,NA,NA,NA,NA,NA,NA,NA,NA,NA,NA,NA,NA,NA,NA,NA,NA,NA,NA,NA,NA,NA,NA,NA,NA,NA,NA,NA,NA,NA,NA,NA,NA,NA,NA,NA,0.8,0.44478,0.3,0,0,0,0.2,0,0,0,NA,NA,NA,NA
"610","DaQuan Jones","BUF","DL","11793","robust",NA,NA,NA,NA,NA,NA,NA,NA,NA,NA,NA,NA,NA,NA,NA,NA,NA,NA,NA,NA,NA,NA,NA,NA,NA,NA,NA,NA,NA,NA,NA,NA,NA,NA,NA,NA,NA,NA,NA,NA,NA,NA,NA,NA,NA,NA,NA,NA,NA,NA,0.75,0.51891,0.1,0,0,0,0,0,0,0,NA,NA,NA,NA
"611","Jihad Ward","NYG","DL","12744","robust",NA,NA,NA,NA,NA,NA,NA,NA,NA,NA,NA,NA,NA,NA,NA,NA,NA,NA,NA,NA,NA,NA,NA,NA,NA,NA,NA,NA,NA,NA,NA,NA,NA,NA,NA,NA,NA,NA,NA,NA,NA,NA,NA,NA,NA,NA,NA,NA,NA,NA,0.8,0.44478,0.1,0,0,0,0.1,0,0,0,NA,NA,NA,NA
"612","Drake Jackson","SF","DL","15811","robust",NA,NA,NA,NA,NA,NA,NA,NA,NA,NA,NA,NA,NA,NA,NA,NA,NA,NA,NA,NA,NA,NA,NA,NA,NA,NA,NA,NA,NA,NA,NA,NA,NA,NA,NA,NA,NA,NA,NA,NA,NA,NA,NA,NA,NA,NA,NA,NA,NA,NA,0.65,0.37065,0.4,0,0,0,0.4,0,0,0,NA,NA,NA,NA
"613","Foyesade Oluokun","JAC","LB","13813","robust",NA,NA,NA,NA,NA,NA,NA,NA,NA,NA,NA,NA,NA,NA,NA,NA,NA,NA,NA,NA,NA,NA,NA,NA,NA,NA,NA,NA,NA,NA,NA,NA,NA,NA,NA,NA,NA,NA,NA,NA,NA,NA,NA,NA,NA,NA,NA,NA,NA,NA,7.3,3.85476,0.11,0.014826,0.075,0.037065,0.39,0.014826,0.005,0.007413,NA,NA,NA,NA
"614","Roquan Smith","BAL","LB","13696","robust",NA,NA,NA,NA,NA,NA,NA,NA,NA,NA,NA,NA,NA,NA,NA,NA,NA,NA,NA,NA,NA,NA,NA,NA,NA,NA,NA,NA,NA,NA,NA,NA,NA,NA,NA,NA,NA,NA,NA,NA,NA,NA,NA,NA,NA,NA,NA,NA,NA,NA,6.28,3.11346,0.365,0.051891,0.095,0.00741300000000001,0.425,0.0370649999999999,0.01,0.014826,NA,NA,NA,NA
"615","Ernest Jones","LAR","LB","15404","robust",NA,NA,NA,NA,NA,NA,NA,NA,NA,NA,NA,NA,NA,NA,NA,NA,NA,NA,NA,NA,NA,NA,NA,NA,NA,NA,NA,NA,NA,NA,NA,NA,NA,NA,NA,NA,NA,NA,NA,NA,NA,NA,NA,NA,NA,NA,NA,NA,NA,NA,6.4325,2.52042,0.1,0,0.09,0.014826,0.375,0.111195,0.005,0.007413,NA,NA,NA,NA
"616","T.J. Edwards","CHI","LB","14322","robust",NA,NA,NA,NA,NA,NA,NA,NA,NA,NA,NA,NA,NA,NA,NA,NA,NA,NA,NA,NA,NA,NA,NA,NA,NA,NA,NA,NA,NA,NA,NA,NA,NA,NA,NA,NA,NA,NA,NA,NA,NA,NA,NA,NA,NA,NA,NA,NA,NA,NA,5.82,4.15128,0.13,0.044478,0.02,0.029652,0.22,0.177912,0.005,0.007413,NA,NA,NA,NA
"617","Cody Barton","WAS","LB","14217","robust",NA,NA,NA,NA,NA,NA,NA,NA,NA,NA,NA,NA,NA,NA,NA,NA,NA,NA,NA,NA,NA,NA,NA,NA,NA,NA,NA,NA,NA,NA,NA,NA,NA,NA,NA,NA,NA,NA,NA,NA,NA,NA,NA,NA,NA,NA,NA,NA,NA,NA,5.3675,0.14826,0.105,0.00741299999999999,0.03,0.044478,0.24,0.207564,0.005,0.007413,NA,NA,NA,NA
"618","Zaire Franklin","IND","LB","13837","robust",NA,NA,NA,NA,NA,NA,NA,NA,NA,NA,NA,NA,NA,NA,NA,NA,NA,NA,NA,NA,NA,NA,NA,NA,NA,NA,NA,NA,NA,NA,NA,NA,NA,NA,NA,NA,NA,NA,NA,NA,NA,NA,NA,NA,NA,NA,NA,NA,NA,NA,7.27,3.380328,0.245,0.081543,0.02,0.029652,0.365,0.051891,0.005,0.007413,NA,NA,NA,NA
"619","Bobby Okereke","NYG","LB","14218","robust",NA,NA,NA,NA,NA,NA,NA,NA,NA,NA,NA,NA,NA,NA,NA,NA,NA,NA,NA,NA,NA,NA,NA,NA,NA,NA,NA,NA,NA,NA,NA,NA,NA,NA,NA,NA,NA,NA,NA,NA,NA,NA,NA,NA,NA,NA,NA,NA,NA,NA,6.1325,1.18608,0.075,0.037065,0.04,0.059304,0.265,0.244629,0.005,0.007413,NA,NA,NA,NA
"620","Quay Walker","GB","LB","15846","robust",NA,NA,NA,NA,NA,NA,NA,NA,NA,NA,NA,NA,NA,NA,NA,NA,NA,NA,NA,NA,NA,NA,NA,NA,NA,NA,NA,NA,NA,NA,NA,NA,NA,NA,NA,NA,NA,NA,NA,NA,NA,NA,NA,NA,NA,NA,NA,NA,NA,NA,5.265,0.29652,0.09,0.014826,0.025,0.037065,0.33,0.044478,0.005,0.007413,NA,NA,NA,NA
"621","C.J. Mosley","NYJ","LB","11728","robust",NA,NA,NA,NA,NA,NA,NA,NA,NA,NA,NA,NA,NA,NA,NA,NA,NA,NA,NA,NA,NA,NA,NA,NA,NA,NA,NA,NA,NA,NA,NA,NA,NA,NA,NA,NA,NA,NA,NA,NA,NA,NA,NA,NA,NA,NA,NA,NA,NA,NA,6.5725,3.11346,0.085,0.022239,0.045,0.066717,0.375,0.111195,0.005,0.007413,NA,NA,NA,NA
"622","Tremaine Edmunds","CHI","LB","13697","robust",NA,NA,NA,NA,NA,NA,NA,NA,NA,NA,NA,NA,NA,NA,NA,NA,NA,NA,NA,NA,NA,NA,NA,NA,NA,NA,NA,NA,NA,NA,NA,NA,NA,NA,NA,NA,NA,NA,NA,NA,NA,NA,NA,NA,NA,NA,NA,NA,NA,NA,6.215,2.81694,0.08,0.029652,0.075,0.037065,0.28,0.118608,0.005,0.007413,NA,NA,NA,NA
"623","Alex Singleton","DEN","LB","14412","robust",NA,NA,NA,NA,NA,NA,NA,NA,NA,NA,NA,NA,NA,NA,NA,NA,NA,NA,NA,NA,NA,NA,NA,NA,NA,NA,NA,NA,NA,NA,NA,NA,NA,NA,NA,NA,NA,NA,NA,NA,NA,NA,NA,NA,NA,NA,NA,NA,NA,NA,5.1775,1.18608,0.04,0.059304,0.015,0.022239,0.26,0.088956,0.005,0.007413,NA,NA,NA,NA
"624","Robert Spillane","LVR","LB","13987","robust",NA,NA,NA,NA,NA,NA,NA,NA,NA,NA,NA,NA,NA,NA,NA,NA,NA,NA,NA,NA,NA,NA,NA,NA,NA,NA,NA,NA,NA,NA,NA,NA,NA,NA,NA,NA,NA,NA,NA,NA,NA,NA,NA,NA,NA,NA,NA,NA,NA,NA,5.565,0.148259999999999,0.12,0.029652,0.02,0.029652,0.21,0.163086,0.005,0.007413,NA,NA,NA,NA
"625","Ja'Whaun Bentley","NE","LB","13775","robust",NA,NA,NA,NA,NA,NA,NA,NA,NA,NA,NA,NA,NA,NA,NA,NA,NA,NA,NA,NA,NA,NA,NA,NA,NA,NA,NA,NA,NA,NA,NA,NA,NA,NA,NA,NA,NA,NA,NA,NA,NA,NA,NA,NA,NA,NA,NA,NA,NA,NA,4.695,2.07564,0.16,0.059304,0.025,0.037065,0.275,0.111195,0.005,0.007413,NA,NA,NA,NA
"626","Bobby Wagner","SEA","LB","10775","robust",NA,NA,NA,NA,NA,NA,NA,NA,NA,NA,NA,NA,NA,NA,NA,NA,NA,NA,NA,NA,NA,NA,NA,NA,NA,NA,NA,NA,NA,NA,NA,NA,NA,NA,NA,NA,NA,NA,NA,NA,NA,NA,NA,NA,NA,NA,NA,NA,NA,NA,6.085,3.914064,0.215,0.022239,0.08,0.029652,0.33,0.044478,0.005,0.007413,NA,NA,NA,NA
"627","Kyzir White","ARI","LB","13762","robust",NA,NA,NA,NA,NA,NA,NA,NA,NA,NA,NA,NA,NA,NA,NA,NA,NA,NA,NA,NA,NA,NA,NA,NA,NA,NA,NA,NA,NA,NA,NA,NA,NA,NA,NA,NA,NA,NA,NA,NA,NA,NA,NA,NA,NA,NA,NA,NA,NA,NA,5.6725,1.92738,0.205,0.140847,0.09,0.014826,0.41,0.0148259999999999,0.005,0.007413,NA,NA,NA,NA
"628","Quincy Williams","NYJ","LB","14221","robust",NA,NA,NA,NA,NA,NA,NA,NA,NA,NA,NA,NA,NA,NA,NA,NA,NA,NA,NA,NA,NA,NA,NA,NA,NA,NA,NA,NA,NA,NA,NA,NA,NA,NA,NA,NA,NA,NA,NA,NA,NA,NA,NA,NA,NA,NA,NA,NA,NA,NA,6.28,1.33434,0.125,0.037065,0.005,0.007413,0.23,0.044478,0.005,0.007413,NA,NA,NA,NA
"629","Pete Werner","NO","LB","15387","robust",NA,NA,NA,NA,NA,NA,NA,NA,NA,NA,NA,NA,NA,NA,NA,NA,NA,NA,NA,NA,NA,NA,NA,NA,NA,NA,NA,NA,NA,NA,NA,NA,NA,NA,NA,NA,NA,NA,NA,NA,NA,NA,NA,NA,NA,NA,NA,NA,NA,NA,5.6225,2.9652,0.185,0.170499,0.015,0.022239,0.3,0,0.005,0.007413,NA,NA,NA,NA
"630","Jordyn Brooks","SEA","LB","14892","robust",NA,NA,NA,NA,NA,NA,NA,NA,NA,NA,NA,NA,NA,NA,NA,NA,NA,NA,NA,NA,NA,NA,NA,NA,NA,NA,NA,NA,NA,NA,NA,NA,NA,NA,NA,NA,NA,NA,NA,NA,NA,NA,NA,NA,NA,NA,NA,NA,NA,NA,5.405,4.4478,0.09,0.014826,0.005,0.007413,0.23,0.044478,0.005,0.007413,NA,NA,NA,NA
"631","Jordan Hicks","MIN","LB","12287","robust",NA,NA,NA,NA,NA,NA,NA,NA,NA,NA,NA,NA,NA,NA,NA,NA,NA,NA,NA,NA,NA,NA,NA,NA,NA,NA,NA,NA,NA,NA,NA,NA,NA,NA,NA,NA,NA,NA,NA,NA,NA,NA,NA,NA,NA,NA,NA,NA,NA,NA,5.3,0.59304,0.165,0.096369,0.04,0.059304,0.4,0,0.005,0.007413,NA,NA,NA,NA
"632","Azeez Al-Shaair","TEN","LB","14590","robust",NA,NA,NA,NA,NA,NA,NA,NA,NA,NA,NA,NA,NA,NA,NA,NA,NA,NA,NA,NA,NA,NA,NA,NA,NA,NA,NA,NA,NA,NA,NA,NA,NA,NA,NA,NA,NA,NA,NA,NA,NA,NA,NA,NA,NA,NA,NA,NA,NA,NA,4.4475,1.18608,0.12,0.029652,0.025,0.037065,0.215,0.170499,0.005,0.007413,NA,NA,NA,NA
"633","Dre Greenlaw","SF","LB","14247","robust",NA,NA,NA,NA,NA,NA,NA,NA,NA,NA,NA,NA,NA,NA,NA,NA,NA,NA,NA,NA,NA,NA,NA,NA,NA,NA,NA,NA,NA,NA,NA,NA,NA,NA,NA,NA,NA,NA,NA,NA,NA,NA,NA,NA,NA,NA,NA,NA,NA,NA,5.185,1.18608,0.015,0.022239,0.03,0.044478,0.335,0.051891,0.005,0.007413,"Q","Ankle",2023,4
"634","Divine Deablo","LVR","LB","15396","robust",NA,NA,NA,NA,NA,NA,NA,NA,NA,NA,NA,NA,NA,NA,NA,NA,NA,NA,NA,NA,NA,NA,NA,NA,NA,NA,NA,NA,NA,NA,NA,NA,NA,NA,NA,NA,NA,NA,NA,NA,NA,NA,NA,NA,NA,NA,NA,NA,NA,NA,5.3575,2.81694,0.085,0.022239,0.01,0.014826,0.245,0.066717,0.005,0.007413,NA,NA,NA,NA
"635","Fred Warner","SF","LB","13743","robust",NA,NA,NA,NA,NA,NA,NA,NA,NA,NA,NA,NA,NA,NA,NA,NA,NA,NA,NA,NA,NA,NA,NA,NA,NA,NA,NA,NA,NA,NA,NA,NA,NA,NA,NA,NA,NA,NA,NA,NA,NA,NA,NA,NA,NA,NA,NA,NA,NA,NA,5.445,1.77912,0.145,0.081543,0.085,0.022239,0.445,0.081543,0.005,0.007413,NA,NA,NA,NA
"636","Lavonte David","TB","LB","10768","robust",NA,NA,NA,NA,NA,NA,NA,NA,NA,NA,NA,NA,NA,NA,NA,NA,NA,NA,NA,NA,NA,NA,NA,NA,NA,NA,NA,NA,NA,NA,NA,NA,NA,NA,NA,NA,NA,NA,NA,NA,NA,NA,NA,NA,NA,NA,NA,NA,NA,NA,5.575,1.33434,0.17,0.044478,0.055,0.081543,0.33,0.192738,0.005,0.007413,NA,NA,NA,NA
"637","Kaden Elliss","ATL","LB","14303","robust",NA,NA,NA,NA,NA,NA,NA,NA,NA,NA,NA,NA,NA,NA,NA,NA,NA,NA,NA,NA,NA,NA,NA,NA,NA,NA,NA,NA,NA,NA,NA,NA,NA,NA,NA,NA,NA,NA,NA,NA,NA,NA,NA,NA,NA,NA,NA,NA,NA,NA,5.36,1.63086,0.43,0.044478,0.015,0.022239,0.175,0.111195,0.005,0.007413,NA,NA,NA,NA
"638","Logan Wilson","CIN","LB","14928","robust",NA,NA,NA,NA,NA,NA,NA,NA,NA,NA,NA,NA,NA,NA,NA,NA,NA,NA,NA,NA,NA,NA,NA,NA,NA,NA,NA,NA,NA,NA,NA,NA,NA,NA,NA,NA,NA,NA,NA,NA,NA,NA,NA,NA,NA,NA,NA,NA,NA,NA,6.1925,2.37216,0.115,0.022239,0.22,0.118608,0.51,0.014826,0.01,0.014826,NA,NA,NA,NA
"639","Patrick Queen","BAL","LB","14896","robust",NA,NA,NA,NA,NA,NA,NA,NA,NA,NA,NA,NA,NA,NA,NA,NA,NA,NA,NA,NA,NA,NA,NA,NA,NA,NA,NA,NA,NA,NA,NA,NA,NA,NA,NA,NA,NA,NA,NA,NA,NA,NA,NA,NA,NA,NA,NA,NA,NA,NA,4.9975,2.2239,0.315,0.022239,0.075,0.037065,0.31,0.014826,0.005,0.007413,NA,NA,NA,NA
"640","Germaine Pratt","CIN","LB","14210","robust",NA,NA,NA,NA,NA,NA,NA,NA,NA,NA,NA,NA,NA,NA,NA,NA,NA,NA,NA,NA,NA,NA,NA,NA,NA,NA,NA,NA,NA,NA,NA,NA,NA,NA,NA,NA,NA,NA,NA,NA,NA,NA,NA,NA,NA,NA,NA,NA,NA,NA,4.9125,1.77912,0.11,0.014826,0.08,0.029652,0.43,0.103782,0.005,0.007413,NA,NA,NA,NA
"641","Leighton Vander Esch","DAL","LB","13727","robust",NA,NA,NA,NA,NA,NA,NA,NA,NA,NA,NA,NA,NA,NA,NA,NA,NA,NA,NA,NA,NA,NA,NA,NA,NA,NA,NA,NA,NA,NA,NA,NA,NA,NA,NA,NA,NA,NA,NA,NA,NA,NA,NA,NA,NA,NA,NA,NA,NA,NA,4.7575,0.88956,0.09,0.014826,0.02,0.029652,0.155,0.229803,0.005,0.007413,NA,NA,NA,NA
"642","Devin White","TB","LB","14168","robust",NA,NA,NA,NA,NA,NA,NA,NA,NA,NA,NA,NA,NA,NA,NA,NA,NA,NA,NA,NA,NA,NA,NA,NA,NA,NA,NA,NA,NA,NA,NA,NA,NA,NA,NA,NA,NA,NA,NA,NA,NA,NA,NA,NA,NA,NA,NA,NA,NA,NA,4.8775,1.03782,0.21,0.014826,0.075,0.037065,0.315,0.022239,0.005,0.007413,"Q","Foot",2023,4
"643","Eric Kendricks","LAC","LB","12239","robust",NA,NA,NA,NA,NA,NA,NA,NA,NA,NA,NA,NA,NA,NA,NA,NA,NA,NA,NA,NA,NA,NA,NA,NA,NA,NA,NA,NA,NA,NA,NA,NA,NA,NA,NA,NA,NA,NA,NA,NA,NA,NA,NA,NA,NA,NA,NA,NA,NA,NA,5.4225,2.2239,0.19,0.014826,0.085,0.022239,0.39,0.014826,0.005,0.007413,NA,NA,NA,NA
"644","Alex Anzalone","DET","LB","13268","robust",NA,NA,NA,NA,NA,NA,NA,NA,NA,NA,NA,NA,NA,NA,NA,NA,NA,NA,NA,NA,NA,NA,NA,NA,NA,NA,NA,NA,NA,NA,NA,NA,NA,NA,NA,NA,NA,NA,NA,NA,NA,NA,NA,NA,NA,NA,NA,NA,NA,NA,4.515,0.7413,0.145,0.081543,0.025,0.037065,0.27,0.103782,0.005,0.007413,NA,NA,NA,NA
"645","Matt Milano","BUF","LB","13307","robust",NA,NA,NA,NA,NA,NA,NA,NA,NA,NA,NA,NA,NA,NA,NA,NA,NA,NA,NA,NA,NA,NA,NA,NA,NA,NA,NA,NA,NA,NA,NA,NA,NA,NA,NA,NA,NA,NA,NA,NA,NA,NA,NA,NA,NA,NA,NA,NA,NA,NA,4.7575,1.4826,0.2,0,0.19,0.163086,0.545,0.229803,0.005,0.007413,NA,NA,NA,NA
"646","Kenneth Murray","LAC","LB","14889","robust",NA,NA,NA,NA,NA,NA,NA,NA,NA,NA,NA,NA,NA,NA,NA,NA,NA,NA,NA,NA,NA,NA,NA,NA,NA,NA,NA,NA,NA,NA,NA,NA,NA,NA,NA,NA,NA,NA,NA,NA,NA,NA,NA,NA,NA,NA,NA,NA,NA,NA,4.3975,0.59304,0.11,0.014826,0.075,0.037065,0.26,0.088956,0.005,0.007413,NA,NA,NA,NA
"647","Cole Holcomb","PIT","LB","14260","robust",NA,NA,NA,NA,NA,NA,NA,NA,NA,NA,NA,NA,NA,NA,NA,NA,NA,NA,NA,NA,NA,NA,NA,NA,NA,NA,NA,NA,NA,NA,NA,NA,NA,NA,NA,NA,NA,NA,NA,NA,NA,NA,NA,NA,NA,NA,NA,NA,NA,NA,4.99,3.202416,0.12,0.118608,0.015,0.022239,0.295,0.00741300000000001,0.005,0.007413,NA,NA,NA,NA
"648","Nicholas Morrow","PHI","LB","13426","robust",NA,NA,NA,NA,NA,NA,NA,NA,NA,NA,NA,NA,NA,NA,NA,NA,NA,NA,NA,NA,NA,NA,NA,NA,NA,NA,NA,NA,NA,NA,NA,NA,NA,NA,NA,NA,NA,NA,NA,NA,NA,NA,NA,NA,NA,NA,NA,NA,NA,NA,7.1,0,0.04,0,0.05,0,0.33,0,0.01,0,NA,NA,NA,NA
"649","Krys Barnes","ARI","LB","15082","robust",NA,NA,NA,NA,NA,NA,NA,NA,NA,NA,NA,NA,NA,NA,NA,NA,NA,NA,NA,NA,NA,NA,NA,NA,NA,NA,NA,NA,NA,NA,NA,NA,NA,NA,NA,NA,NA,NA,NA,NA,NA,NA,NA,NA,NA,NA,NA,NA,NA,NA,4.0425,1.92738,0.055,0.081543,0.01,0.014826,0.325,0.111195,0.005,0.007413,"Q","Finger",2023,4
"650","Jerome Baker","MIA","LB","13706","robust",NA,NA,NA,NA,NA,NA,NA,NA,NA,NA,NA,NA,NA,NA,NA,NA,NA,NA,NA,NA,NA,NA,NA,NA,NA,NA,NA,NA,NA,NA,NA,NA,NA,NA,NA,NA,NA,NA,NA,NA,NA,NA,NA,NA,NA,NA,NA,NA,NA,NA,4.3275,0.59304,0.255,0.081543,0.02,0.029652,0.24,0.059304,0.005,0.007413,NA,NA,NA,NA
"651","Demario Davis","NO","LB","10816","robust",NA,NA,NA,NA,NA,NA,NA,NA,NA,NA,NA,NA,NA,NA,NA,NA,NA,NA,NA,NA,NA,NA,NA,NA,NA,NA,NA,NA,NA,NA,NA,NA,NA,NA,NA,NA,NA,NA,NA,NA,NA,NA,NA,NA,NA,NA,NA,NA,NA,NA,4.1225,2.52042,0.37,0.044478,0.02,0.029652,0.28,0.0296519999999999,0.005,0.007413,NA,NA,NA,NA
"652","Zach Cunningham","PHI","LB","13216","robust",NA,NA,NA,NA,NA,NA,NA,NA,NA,NA,NA,NA,NA,NA,NA,NA,NA,NA,NA,NA,NA,NA,NA,NA,NA,NA,NA,NA,NA,NA,NA,NA,NA,NA,NA,NA,NA,NA,NA,NA,NA,NA,NA,NA,NA,NA,NA,NA,NA,NA,3.6075,0.14826,0.08,0.029652,0.01,0.014826,0.125,0.185325,0.005,0.007413,NA,NA,NA,NA
"653","Drue Tranquill","KC","LB","14235","robust",NA,NA,NA,NA,NA,NA,NA,NA,NA,NA,NA,NA,NA,NA,NA,NA,NA,NA,NA,NA,NA,NA,NA,NA,NA,NA,NA,NA,NA,NA,NA,NA,NA,NA,NA,NA,NA,NA,NA,NA,NA,NA,NA,NA,NA,NA,NA,NA,NA,NA,4.45,1.77912,0.2,0,0.02,0.029652,0.19,0.133434,0.005,0.007413,NA,NA,NA,NA
"654","Christian Rozeboom","LAR","LB","15076","robust",NA,NA,NA,NA,NA,NA,NA,NA,NA,NA,NA,NA,NA,NA,NA,NA,NA,NA,NA,NA,NA,NA,NA,NA,NA,NA,NA,NA,NA,NA,NA,NA,NA,NA,NA,NA,NA,NA,NA,NA,NA,NA,NA,NA,NA,NA,NA,NA,NA,NA,4.23,1.63086,0.19,0.163086,0.065,0.051891,0.235,0.051891,0.005,0.007413,NA,NA,NA,NA
"655","Terrel Bernard","BUF","LB","15869","robust",NA,NA,NA,NA,NA,NA,NA,NA,NA,NA,NA,NA,NA,NA,NA,NA,NA,NA,NA,NA,NA,NA,NA,NA,NA,NA,NA,NA,NA,NA,NA,NA,NA,NA,NA,NA,NA,NA,NA,NA,NA,NA,NA,NA,NA,NA,NA,NA,NA,NA,4.5,2.2239,0.25,0.07413,0.19,0.163086,0.43,0.103782,0.005,0.007413,NA,NA,NA,NA
"656","Frankie Luvu","CAR","LB","13952","robust",NA,NA,NA,NA,NA,NA,NA,NA,NA,NA,NA,NA,NA,NA,NA,NA,NA,NA,NA,NA,NA,NA,NA,NA,NA,NA,NA,NA,NA,NA,NA,NA,NA,NA,NA,NA,NA,NA,NA,NA,NA,NA,NA,NA,NA,NA,NA,NA,NA,NA,4.8175,2.179422,0.505,0.140847,0.015,0.022239,0.215,0.022239,0.005,0.007413,"Q","Hip",2023,4
"657","David Long","MIA","LB","14268","robust",NA,NA,NA,NA,NA,NA,NA,NA,NA,NA,NA,NA,NA,NA,NA,NA,NA,NA,NA,NA,NA,NA,NA,NA,NA,NA,NA,NA,NA,NA,NA,NA,NA,NA,NA,NA,NA,NA,NA,NA,NA,NA,NA,NA,NA,NA,NA,NA,NA,NA,4.505,2.105292,0.19,0.163086,0.085,0.022239,0.275,0.111195,0.005,0.007413,NA,NA,NA,NA
"658","Jack Gibbens","TEN","LB","16009","robust",NA,NA,NA,NA,NA,NA,NA,NA,NA,NA,NA,NA,NA,NA,NA,NA,NA,NA,NA,NA,NA,NA,NA,NA,NA,NA,NA,NA,NA,NA,NA,NA,NA,NA,NA,NA,NA,NA,NA,NA,NA,NA,NA,NA,NA,NA,NA,NA,NA,NA,3.5475,0,0.125,0.111195,0.025,0.037065,0.155,0.229803,0.005,0.007413,NA,NA,NA,NA
"659","Jeremiah Owusu-Koramoah","CLE","LB","15351","robust",NA,NA,NA,NA,NA,NA,NA,NA,NA,NA,NA,NA,NA,NA,NA,NA,NA,NA,NA,NA,NA,NA,NA,NA,NA,NA,NA,NA,NA,NA,NA,NA,NA,NA,NA,NA,NA,NA,NA,NA,NA,NA,NA,NA,NA,NA,NA,NA,NA,NA,3.685,0.7413,0.035,0.051891,0.01,0.014826,0.165,0.096369,0.005,0.007413,NA,NA,NA,NA
"660","Darius Leonard","IND","LB","13733","robust",NA,NA,NA,NA,NA,NA,NA,NA,NA,NA,NA,NA,NA,NA,NA,NA,NA,NA,NA,NA,NA,NA,NA,NA,NA,NA,NA,NA,NA,NA,NA,NA,NA,NA,NA,NA,NA,NA,NA,NA,NA,NA,NA,NA,NA,NA,NA,NA,NA,NA,4.3,1.33434,0.06,0.059304,0.155,0.066717,0.415,0.0222389999999999,0.005,0.007413,NA,NA,NA,NA
"661","Ivan Pace","MIN","LB","16383","robust",NA,NA,NA,NA,NA,NA,NA,NA,NA,NA,NA,NA,NA,NA,NA,NA,NA,NA,NA,NA,NA,NA,NA,NA,NA,NA,NA,NA,NA,NA,NA,NA,NA,NA,NA,NA,NA,NA,NA,NA,NA,NA,NA,NA,NA,NA,NA,NA,NA,NA,3.645,0.88956,0.175,0.037065,0.015,0.022239,0.17,0.103782,0.005,0.007413,NA,NA,NA,NA
"662","Micah McFadden","NYG","LB","15890","robust",NA,NA,NA,NA,NA,NA,NA,NA,NA,NA,NA,NA,NA,NA,NA,NA,NA,NA,NA,NA,NA,NA,NA,NA,NA,NA,NA,NA,NA,NA,NA,NA,NA,NA,NA,NA,NA,NA,NA,NA,NA,NA,NA,NA,NA,NA,NA,NA,NA,NA,3.9425,2.179422,0.125,0.037065,0.02,0.029652,0.18,0.118608,0.005,0.007413,NA,NA,NA,NA
"663","Jamin Davis","WAS","LB","15373","robust",NA,NA,NA,NA,NA,NA,NA,NA,NA,NA,NA,NA,NA,NA,NA,NA,NA,NA,NA,NA,NA,NA,NA,NA,NA,NA,NA,NA,NA,NA,NA,NA,NA,NA,NA,NA,NA,NA,NA,NA,NA,NA,NA,NA,NA,NA,NA,NA,NA,NA,4.09,1.423296,0.12,0.029652,0.005,0.007413,0.2,0,0.005,0.007413,NA,NA,NA,NA
"664","Deion Jones","FA","LB","12745","robust",NA,NA,NA,NA,NA,NA,NA,NA,NA,NA,NA,NA,NA,NA,NA,NA,NA,NA,NA,NA,NA,NA,NA,NA,NA,NA,NA,NA,NA,NA,NA,NA,NA,NA,NA,NA,NA,NA,NA,NA,NA,NA,NA,NA,NA,NA,NA,NA,NA,NA,5.295,0.00741299999999984,0.14,0,0.08,0,0.34,0,0.01,0,NA,NA,NA,NA
"665","Deion Jones","CAR","LB","12745","robust",NA,NA,NA,NA,NA,NA,NA,NA,NA,NA,NA,NA,NA,NA,NA,NA,NA,NA,NA,NA,NA,NA,NA,NA,NA,NA,NA,NA,NA,NA,NA,NA,NA,NA,NA,NA,NA,NA,NA,NA,NA,NA,NA,NA,NA,NA,NA,NA,NA,NA,5.295,0.00741299999999984,0.14,0,0.08,0,0.34,0,0.01,0,NA,NA,NA,NA
"666","Kwon Alexander","FA","LB","12233","robust",NA,NA,NA,NA,NA,NA,NA,NA,NA,NA,NA,NA,NA,NA,NA,NA,NA,NA,NA,NA,NA,NA,NA,NA,NA,NA,NA,NA,NA,NA,NA,NA,NA,NA,NA,NA,NA,NA,NA,NA,NA,NA,NA,NA,NA,NA,NA,NA,NA,NA,4.3375,0.96369,0.115,0.022239,0.02,0.029652,0.18,0.118608,0.005,0.007413,NA,NA,NA,NA
"667","Kamu Grugier-Hill","CAR","LB","12828","robust",NA,NA,NA,NA,NA,NA,NA,NA,NA,NA,NA,NA,NA,NA,NA,NA,NA,NA,NA,NA,NA,NA,NA,NA,NA,NA,NA,NA,NA,NA,NA,NA,NA,NA,NA,NA,NA,NA,NA,NA,NA,NA,NA,NA,NA,NA,NA,NA,NA,NA,3.565,0.29652,0.165,0.051891,0.015,0.022239,0.12,0.177912,0.005,0.007413,NA,NA,NA,NA
"668","Anthony Walker","CLE","LB","13306","robust",NA,NA,NA,NA,NA,NA,NA,NA,NA,NA,NA,NA,NA,NA,NA,NA,NA,NA,NA,NA,NA,NA,NA,NA,NA,NA,NA,NA,NA,NA,NA,NA,NA,NA,NA,NA,NA,NA,NA,NA,NA,NA,NA,NA,NA,NA,NA,NA,NA,NA,3.715,1.63086,0.03,0.044478,0.065,0.051891,0.28,0.0296519999999999,0.005,0.007413,NA,NA,NA,NA
"669","Derrick Barnes","DET","LB","15409","robust",NA,NA,NA,NA,NA,NA,NA,NA,NA,NA,NA,NA,NA,NA,NA,NA,NA,NA,NA,NA,NA,NA,NA,NA,NA,NA,NA,NA,NA,NA,NA,NA,NA,NA,NA,NA,NA,NA,NA,NA,NA,NA,NA,NA,NA,NA,NA,NA,NA,NA,3.04,0.14826,0.16,0.059304,0.01,0.014826,0.11,0.163086,0.005,0.007413,NA,NA,NA,NA
"670","Isaiah McDuffie","GB","LB","15473","robust",NA,NA,NA,NA,NA,NA,NA,NA,NA,NA,NA,NA,NA,NA,NA,NA,NA,NA,NA,NA,NA,NA,NA,NA,NA,NA,NA,NA,NA,NA,NA,NA,NA,NA,NA,NA,NA,NA,NA,NA,NA,NA,NA,NA,NA,NA,NA,NA,NA,NA,3.365,2.164596,0.115,0.126021,0.06,0.059304,0.21,0.014826,0.055,0.066717,NA,NA,NA,NA
"671","Sione Takitaki","CLE","LB","14212","robust",NA,NA,NA,NA,NA,NA,NA,NA,NA,NA,NA,NA,NA,NA,NA,NA,NA,NA,NA,NA,NA,NA,NA,NA,NA,NA,NA,NA,NA,NA,NA,NA,NA,NA,NA,NA,NA,NA,NA,NA,NA,NA,NA,NA,NA,NA,NA,NA,NA,NA,2.9625,1.92738,0.15,0.07413,0.02,0.029652,0.175,0.111195,0.005,0.007413,NA,NA,NA,NA
"672","Damone Clark","DAL","LB","15826","robust",NA,NA,NA,NA,NA,NA,NA,NA,NA,NA,NA,NA,NA,NA,NA,NA,NA,NA,NA,NA,NA,NA,NA,NA,NA,NA,NA,NA,NA,NA,NA,NA,NA,NA,NA,NA,NA,NA,NA,NA,NA,NA,NA,NA,NA,NA,NA,NA,NA,NA,3.0925,1.33434,0.07,0.044478,0.01,0.014826,0.105,0.155673,0.005,0.007413,NA,NA,NA,NA
"673","Chad Muma","JAC","LB","15830","robust",NA,NA,NA,NA,NA,NA,NA,NA,NA,NA,NA,NA,NA,NA,NA,NA,NA,NA,NA,NA,NA,NA,NA,NA,NA,NA,NA,NA,NA,NA,NA,NA,NA,NA,NA,NA,NA,NA,NA,NA,NA,NA,NA,NA,NA,NA,NA,NA,NA,NA,2.46,0.59304,0.12,0.029652,0.01,0.014826,0.205,0.00741299999999996,0.005,0.007413,NA,NA,NA,NA
"674","Henry To'oTo'o","HOU","LB","16236","robust",NA,NA,NA,NA,NA,NA,NA,NA,NA,NA,NA,NA,NA,NA,NA,NA,NA,NA,NA,NA,NA,NA,NA,NA,NA,NA,NA,NA,NA,NA,NA,NA,NA,NA,NA,NA,NA,NA,NA,NA,NA,NA,NA,NA,NA,NA,NA,NA,NA,NA,4.485,0.0222390000000002,0.04,0,0.03,0,0.23,0,0.01,0,NA,NA,NA,NA
"675","Jahlani Tavai","NE","LB","14200","robust",NA,NA,NA,NA,NA,NA,NA,NA,NA,NA,NA,NA,NA,NA,NA,NA,NA,NA,NA,NA,NA,NA,NA,NA,NA,NA,NA,NA,NA,NA,NA,NA,NA,NA,NA,NA,NA,NA,NA,NA,NA,NA,NA,NA,NA,NA,NA,NA,NA,NA,2.795,2.045988,0.09,0.014826,0.01,0.014826,0.155,0.081543,0.005,0.007413,NA,NA,NA,NA
"676","Willie Gay","KC","LB","14926","robust",NA,NA,NA,NA,NA,NA,NA,NA,NA,NA,NA,NA,NA,NA,NA,NA,NA,NA,NA,NA,NA,NA,NA,NA,NA,NA,NA,NA,NA,NA,NA,NA,NA,NA,NA,NA,NA,NA,NA,NA,NA,NA,NA,NA,NA,NA,NA,NA,NA,NA,2.885,1.63086,0.1,0,0.02,0.029652,0.23,0.044478,0.055,0.066717,NA,NA,NA,NA
"677","Elandon Roberts","PIT","LB","12831","robust",NA,NA,NA,NA,NA,NA,NA,NA,NA,NA,NA,NA,NA,NA,NA,NA,NA,NA,NA,NA,NA,NA,NA,NA,NA,NA,NA,NA,NA,NA,NA,NA,NA,NA,NA,NA,NA,NA,NA,NA,NA,NA,NA,NA,NA,NA,NA,NA,NA,NA,3.25,1.40847,0.2,0,0,0,0.1,0,0,0,NA,NA,NA,NA
"678","Blake Cashman","HOU","LB","14251","robust",NA,NA,NA,NA,NA,NA,NA,NA,NA,NA,NA,NA,NA,NA,NA,NA,NA,NA,NA,NA,NA,NA,NA,NA,NA,NA,NA,NA,NA,NA,NA,NA,NA,NA,NA,NA,NA,NA,NA,NA,NA,NA,NA,NA,NA,NA,NA,NA,NA,NA,2.7325,0.88956,0.265,0.096369,0.07,0.044478,0.205,0.00741299999999996,0.005,0.007413,NA,NA,NA,NA
"679","Jack Campbell","DET","LB","16239","robust",NA,NA,NA,NA,NA,NA,NA,NA,NA,NA,NA,NA,NA,NA,NA,NA,NA,NA,NA,NA,NA,NA,NA,NA,NA,NA,NA,NA,NA,NA,NA,NA,NA,NA,NA,NA,NA,NA,NA,NA,NA,NA,NA,NA,NA,NA,NA,NA,NA,NA,3.32,0.0889560000000001,0.2,0.14826,0.015,0.022239,0.26,0.059304,0.005,0.007413,NA,NA,NA,NA
"680","Christian Harris","HOU","LB","15823","robust",NA,NA,NA,NA,NA,NA,NA,NA,NA,NA,NA,NA,NA,NA,NA,NA,NA,NA,NA,NA,NA,NA,NA,NA,NA,NA,NA,NA,NA,NA,NA,NA,NA,NA,NA,NA,NA,NA,NA,NA,NA,NA,NA,NA,NA,NA,NA,NA,NA,NA,3.1575,0.340998,0.145,0.081543,0.065,0.051891,0.315,0.126021,0.005,0.007413,NA,NA,NA,NA
"681","Owen Pappoe","ARI","LB","16237","robust",NA,NA,NA,NA,NA,NA,NA,NA,NA,NA,NA,NA,NA,NA,NA,NA,NA,NA,NA,NA,NA,NA,NA,NA,NA,NA,NA,NA,NA,NA,NA,NA,NA,NA,NA,NA,NA,NA,NA,NA,NA,NA,NA,NA,NA,NA,NA,NA,NA,NA,2.8,1.4826,0.4,0,0,0,0.4,0,0,0,NA,NA,NA,NA
"682","Leo Chenal","KC","LB","15831","robust",NA,NA,NA,NA,NA,NA,NA,NA,NA,NA,NA,NA,NA,NA,NA,NA,NA,NA,NA,NA,NA,NA,NA,NA,NA,NA,NA,NA,NA,NA,NA,NA,NA,NA,NA,NA,NA,NA,NA,NA,NA,NA,NA,NA,NA,NA,NA,NA,NA,NA,2.185,0.14826,0.135,0.051891,0.01,0.014826,0.09,0.133434,0.005,0.007413,NA,NA,NA,NA
"683","E.J. Speed","IND","LB","14257","robust",NA,NA,NA,NA,NA,NA,NA,NA,NA,NA,NA,NA,NA,NA,NA,NA,NA,NA,NA,NA,NA,NA,NA,NA,NA,NA,NA,NA,NA,NA,NA,NA,NA,NA,NA,NA,NA,NA,NA,NA,NA,NA,NA,NA,NA,NA,NA,NA,NA,NA,2.7,1.18608,0.1,0,0,0,0.2,0,0,0,NA,NA,NA,NA
"684","Monty Rice","TEN","LB","15399","robust",NA,NA,NA,NA,NA,NA,NA,NA,NA,NA,NA,NA,NA,NA,NA,NA,NA,NA,NA,NA,NA,NA,NA,NA,NA,NA,NA,NA,NA,NA,NA,NA,NA,NA,NA,NA,NA,NA,NA,NA,NA,NA,NA,NA,NA,NA,NA,NA,NA,NA,2.1,1.77912,0.1,0,0,0,0.1,0,0,0,NA,NA,NA,NA
"685","Haason Reddick","PHI","LB","13245","robust",NA,NA,NA,NA,NA,NA,NA,NA,NA,NA,NA,NA,NA,NA,NA,NA,NA,NA,NA,NA,NA,NA,NA,NA,NA,NA,NA,NA,NA,NA,NA,NA,NA,NA,NA,NA,NA,NA,NA,NA,NA,NA,NA,NA,NA,NA,NA,NA,NA,NA,2.055,1.712403,1.2,0,0.01,0,0.03,0,0.01,0,NA,NA,NA,NA
"686","Jack Sanborn","CHI","LB","15975","robust",NA,NA,NA,NA,NA,NA,NA,NA,NA,NA,NA,NA,NA,NA,NA,NA,NA,NA,NA,NA,NA,NA,NA,NA,NA,NA,NA,NA,NA,NA,NA,NA,NA,NA,NA,NA,NA,NA,NA,NA,NA,NA,NA,NA,NA,NA,NA,NA,NA,NA,2.4,0.88956,0.1,0,0.2,0,0.2,0,0,0,NA,NA,NA,NA
"687","Dorian Williams","BUF","LB","16284","robust",NA,NA,NA,NA,NA,NA,NA,NA,NA,NA,NA,NA,NA,NA,NA,NA,NA,NA,NA,NA,NA,NA,NA,NA,NA,NA,NA,NA,NA,NA,NA,NA,NA,NA,NA,NA,NA,NA,NA,NA,NA,NA,NA,NA,NA,NA,NA,NA,NA,NA,1.45,1.85325,0.1,0,0.1,0,0.3,0,0,0,NA,NA,NA,NA
"688","Brian Asamoah","MIN","LB","15829","robust",NA,NA,NA,NA,NA,NA,NA,NA,NA,NA,NA,NA,NA,NA,NA,NA,NA,NA,NA,NA,NA,NA,NA,NA,NA,NA,NA,NA,NA,NA,NA,NA,NA,NA,NA,NA,NA,NA,NA,NA,NA,NA,NA,NA,NA,NA,NA,NA,NA,NA,1.7,1.4826,0.1,0,0,0,0.1,0,0,0,NA,NA,NA,NA
"689","Isaiah Simmons","NYG","LB","14887","robust",NA,NA,NA,NA,NA,NA,NA,NA,NA,NA,NA,NA,NA,NA,NA,NA,NA,NA,NA,NA,NA,NA,NA,NA,NA,NA,NA,NA,NA,NA,NA,NA,NA,NA,NA,NA,NA,NA,NA,NA,NA,NA,NA,NA,NA,NA,NA,NA,NA,NA,2.05,0.96369,0.2,0,0.1,0,0.2,0,0,0,NA,NA,NA,NA
"690","Nick Niemann","LAC","LB","15456","robust",NA,NA,NA,NA,NA,NA,NA,NA,NA,NA,NA,NA,NA,NA,NA,NA,NA,NA,NA,NA,NA,NA,NA,NA,NA,NA,NA,NA,NA,NA,NA,NA,NA,NA,NA,NA,NA,NA,NA,NA,NA,NA,NA,NA,NA,NA,NA,NA,NA,NA,1.65,1.11195,0.2,0,0.1,0,0.2,0,0,0,NA,NA,NA,NA
"691","Jake Hummel","LAR","LB","16017","robust",NA,NA,NA,NA,NA,NA,NA,NA,NA,NA,NA,NA,NA,NA,NA,NA,NA,NA,NA,NA,NA,NA,NA,NA,NA,NA,NA,NA,NA,NA,NA,NA,NA,NA,NA,NA,NA,NA,NA,NA,NA,NA,NA,NA,NA,NA,NA,NA,NA,NA,1.4,1.18608,0.3,0,0,0,0.1,0,0,0,NA,NA,NA,NA
"692","Christian Elliss","PHI","LB","15681","robust",NA,NA,NA,NA,NA,NA,NA,NA,NA,NA,NA,NA,NA,NA,NA,NA,NA,NA,NA,NA,NA,NA,NA,NA,NA,NA,NA,NA,NA,NA,NA,NA,NA,NA,NA,NA,NA,NA,NA,NA,NA,NA,NA,NA,NA,NA,NA,NA,NA,NA,1.8,0.59304,0.2,0,0,0,0.1,0,0,0,NA,NA,NA,NA
"693","Jamien Sherwood","NYJ","LB","15428","robust",NA,NA,NA,NA,NA,NA,NA,NA,NA,NA,NA,NA,NA,NA,NA,NA,NA,NA,NA,NA,NA,NA,NA,NA,NA,NA,NA,NA,NA,NA,NA,NA,NA,NA,NA,NA,NA,NA,NA,NA,NA,NA,NA,NA,NA,NA,NA,NA,NA,NA,1.6,0.88956,0,0,0,0,0,0,0,0,NA,NA,NA,NA
"694","Tony Fields","CLE","LB","15431","robust",NA,NA,NA,NA,NA,NA,NA,NA,NA,NA,NA,NA,NA,NA,NA,NA,NA,NA,NA,NA,NA,NA,NA,NA,NA,NA,NA,NA,NA,NA,NA,NA,NA,NA,NA,NA,NA,NA,NA,NA,NA,NA,NA,NA,NA,NA,NA,NA,NA,NA,1.55,0.81543,0,0,0.1,0,0.1,0,0.1,0,NA,NA,NA,NA
"695","Duke Riley","MIA","LB","13220","robust",NA,NA,NA,NA,NA,NA,NA,NA,NA,NA,NA,NA,NA,NA,NA,NA,NA,NA,NA,NA,NA,NA,NA,NA,NA,NA,NA,NA,NA,NA,NA,NA,NA,NA,NA,NA,NA,NA,NA,NA,NA,NA,NA,NA,NA,NA,NA,NA,NA,NA,1.6,0.7413,0.1,0,0,0,0.1,0,0,0,NA,NA,NA,NA
"696","Eric Wilson","GB","LB","13447","robust",NA,NA,NA,NA,NA,NA,NA,NA,NA,NA,NA,NA,NA,NA,NA,NA,NA,NA,NA,NA,NA,NA,NA,NA,NA,NA,NA,NA,NA,NA,NA,NA,NA,NA,NA,NA,NA,NA,NA,NA,NA,NA,NA,NA,NA,NA,NA,NA,NA,NA,1.45,0.81543,0.2,0,0,0,0.1,0,0,0,NA,NA,NA,NA
"697","Malcolm Rodriguez","DET","LB","15914","robust",NA,NA,NA,NA,NA,NA,NA,NA,NA,NA,NA,NA,NA,NA,NA,NA,NA,NA,NA,NA,NA,NA,NA,NA,NA,NA,NA,NA,NA,NA,NA,NA,NA,NA,NA,NA,NA,NA,NA,NA,NA,NA,NA,NA,NA,NA,NA,NA,NA,NA,1.55,0.66717,0,0,0,0,0.1,0,0,0,NA,NA,NA,NA
"698","Devin Bush","SEA","LB","14170","robust",NA,NA,NA,NA,NA,NA,NA,NA,NA,NA,NA,NA,NA,NA,NA,NA,NA,NA,NA,NA,NA,NA,NA,NA,NA,NA,NA,NA,NA,NA,NA,NA,NA,NA,NA,NA,NA,NA,NA,NA,NA,NA,NA,NA,NA,NA,NA,NA,NA,NA,1.2,1.03782,0.1,0,0,0,0.1,0,0,0,NA,NA,NA,NA
"699","Mark Robinson","PIT","LB","15936","robust",NA,NA,NA,NA,NA,NA,NA,NA,NA,NA,NA,NA,NA,NA,NA,NA,NA,NA,NA,NA,NA,NA,NA,NA,NA,NA,NA,NA,NA,NA,NA,NA,NA,NA,NA,NA,NA,NA,NA,NA,NA,NA,NA,NA,NA,NA,NA,NA,NA,NA,1.4,0.7413,0.1,0,0,0,0,0,0,0,NA,NA,NA,NA
"700","Malik Harrison","BAL","LB","14891","robust",NA,NA,NA,NA,NA,NA,NA,NA,NA,NA,NA,NA,NA,NA,NA,NA,NA,NA,NA,NA,NA,NA,NA,NA,NA,NA,NA,NA,NA,NA,NA,NA,NA,NA,NA,NA,NA,NA,NA,NA,NA,NA,NA,NA,NA,NA,NA,NA,NA,NA,1.5,0.44478,0.1,0,0,0,0,0,0,0,NA,NA,NA,NA
"701","Trenton Simpson","BAL","LB","16234","robust",NA,NA,NA,NA,NA,NA,NA,NA,NA,NA,NA,NA,NA,NA,NA,NA,NA,NA,NA,NA,NA,NA,NA,NA,NA,NA,NA,NA,NA,NA,NA,NA,NA,NA,NA,NA,NA,NA,NA,NA,NA,NA,NA,NA,NA,NA,NA,NA,NA,NA,1.25,0.66717,0.2,0,0,0,0.1,0,0,0,NA,NA,NA,NA
"702","David Mayo","WAS","LB","12326","robust",NA,NA,NA,NA,NA,NA,NA,NA,NA,NA,NA,NA,NA,NA,NA,NA,NA,NA,NA,NA,NA,NA,NA,NA,NA,NA,NA,NA,NA,NA,NA,NA,NA,NA,NA,NA,NA,NA,NA,NA,NA,NA,NA,NA,NA,NA,NA,NA,NA,NA,0.9,1.03782,0.2,0,0,0,0,0,0,0,NA,NA,NA,NA
"703","Zack Baun","NO","LB","14893","robust",NA,NA,NA,NA,NA,NA,NA,NA,NA,NA,NA,NA,NA,NA,NA,NA,NA,NA,NA,NA,NA,NA,NA,NA,NA,NA,NA,NA,NA,NA,NA,NA,NA,NA,NA,NA,NA,NA,NA,NA,NA,NA,NA,NA,NA,NA,NA,NA,NA,NA,1.2,0.59304,0.1,0,0,0,0,0,0,0,NA,NA,NA,NA
"704","Akeem Davis-Gaither","CIN","LB","14943","robust",NA,NA,NA,NA,NA,NA,NA,NA,NA,NA,NA,NA,NA,NA,NA,NA,NA,NA,NA,NA,NA,NA,NA,NA,NA,NA,NA,NA,NA,NA,NA,NA,NA,NA,NA,NA,NA,NA,NA,NA,NA,NA,NA,NA,NA,NA,NA,NA,NA,NA,1.25,0.37065,0,0,0,0,0,0,0,0,"Q","Knee",2023,4
"705","Markus Bailey","CIN","LB","15000","robust",NA,NA,NA,NA,NA,NA,NA,NA,NA,NA,NA,NA,NA,NA,NA,NA,NA,NA,NA,NA,NA,NA,NA,NA,NA,NA,NA,NA,NA,NA,NA,NA,NA,NA,NA,NA,NA,NA,NA,NA,NA,NA,NA,NA,NA,NA,NA,NA,NA,NA,1,0.44478,0,0,0,0,0,0,0,0,NA,NA,NA,NA
"706","Daiyan Henley","LAC","LB","16280","robust",NA,NA,NA,NA,NA,NA,NA,NA,NA,NA,NA,NA,NA,NA,NA,NA,NA,NA,NA,NA,NA,NA,NA,NA,NA,NA,NA,NA,NA,NA,NA,NA,NA,NA,NA,NA,NA,NA,NA,NA,NA,NA,NA,NA,NA,NA,NA,NA,NA,NA,0.75,0.66717,0.2,0,0,0,0,0,0,0,NA,NA,NA,NA
"707","Tyrel Dodson","BUF","LB","14472","robust",NA,NA,NA,NA,NA,NA,NA,NA,NA,NA,NA,NA,NA,NA,NA,NA,NA,NA,NA,NA,NA,NA,NA,NA,NA,NA,NA,NA,NA,NA,NA,NA,NA,NA,NA,NA,NA,NA,NA,NA,NA,NA,NA,NA,NA,NA,NA,NA,NA,NA,0.9,0.44478,0.1,0,0,0,0,0,0,0,NA,NA,NA,NA
"708","Channing Tindall","MIA","LB","15824","robust",NA,NA,NA,NA,NA,NA,NA,NA,NA,NA,NA,NA,NA,NA,NA,NA,NA,NA,NA,NA,NA,NA,NA,NA,NA,NA,NA,NA,NA,NA,NA,NA,NA,NA,NA,NA,NA,NA,NA,NA,NA,NA,NA,NA,NA,NA,NA,NA,NA,NA,0.55,0.81543,0.1,0,0,0,0.1,0,0,0,NA,NA,NA,NA
"709",NA,NA,"LB","16138","robust",NA,NA,NA,NA,NA,NA,NA,NA,NA,NA,NA,NA,NA,NA,NA,NA,NA,NA,NA,NA,NA,NA,NA,NA,NA,NA,NA,NA,NA,NA,NA,NA,NA,NA,NA,NA,NA,NA,NA,NA,NA,NA,NA,NA,NA,NA,NA,NA,NA,NA,0.8,0.44478,0.1,0,0,0,0,0,0,0,NA,NA,NA,NA
"710","Troy Dye","MIN","LB","14953","robust",NA,NA,NA,NA,NA,NA,NA,NA,NA,NA,NA,NA,NA,NA,NA,NA,NA,NA,NA,NA,NA,NA,NA,NA,NA,NA,NA,NA,NA,NA,NA,NA,NA,NA,NA,NA,NA,NA,NA,NA,NA,NA,NA,NA,NA,NA,NA,NA,NA,NA,0.4,0.59304,0.2,0,0,0,0.1,0,0,0,NA,NA,NA,NA
"711","Carter Coughlin","NYG","LB","15002","robust",NA,NA,NA,NA,NA,NA,NA,NA,NA,NA,NA,NA,NA,NA,NA,NA,NA,NA,NA,NA,NA,NA,NA,NA,NA,NA,NA,NA,NA,NA,NA,NA,NA,NA,NA,NA,NA,NA,NA,NA,NA,NA,NA,NA,NA,NA,NA,NA,NA,NA,0.4,0.59304,0.1,0,0,0,0,0,0,0,NA,NA,NA,NA
"712","Kamren Curl","WAS","DB","15001","robust",NA,NA,NA,NA,NA,NA,NA,NA,NA,NA,NA,NA,NA,NA,NA,NA,NA,NA,NA,NA,NA,NA,NA,NA,NA,NA,NA,NA,NA,NA,NA,NA,NA,NA,NA,NA,NA,NA,NA,NA,NA,NA,NA,NA,NA,NA,NA,NA,NA,NA,5.51,2.9652,0.09,0.014826,0.035,0.051891,0.34,0.059304,0.005,0.007413,NA,NA,NA,NA
"713","Jordan Fuller","LAR","DB","14991","robust",NA,NA,NA,NA,NA,NA,NA,NA,NA,NA,NA,NA,NA,NA,NA,NA,NA,NA,NA,NA,NA,NA,NA,NA,NA,NA,NA,NA,NA,NA,NA,NA,NA,NA,NA,NA,NA,NA,NA,NA,NA,NA,NA,NA,NA,NA,NA,NA,NA,NA,4.635,1.92738,0.015,0.022239,0.095,0.00741300000000001,0.415,0.0222389999999999,0.005,0.007413,NA,NA,NA,NA
"714","K'Von Wallace","ARI","DB","14950","robust",NA,NA,NA,NA,NA,NA,NA,NA,NA,NA,NA,NA,NA,NA,NA,NA,NA,NA,NA,NA,NA,NA,NA,NA,NA,NA,NA,NA,NA,NA,NA,NA,NA,NA,NA,NA,NA,NA,NA,NA,NA,NA,NA,NA,NA,NA,NA,NA,NA,NA,7.175,0.0370649999999999,0.04,0,0.08,0,0.4,0,0.01,0,NA,NA,NA,NA
"715","Jabrill Peppers","NE","DB","13231","robust",NA,NA,NA,NA,NA,NA,NA,NA,NA,NA,NA,NA,NA,NA,NA,NA,NA,NA,NA,NA,NA,NA,NA,NA,NA,NA,NA,NA,NA,NA,NA,NA,NA,NA,NA,NA,NA,NA,NA,NA,NA,NA,NA,NA,NA,NA,NA,NA,NA,NA,4.545,0.14826,0.025,0.037065,0.045,0.066717,0.355,0.081543,0.005,0.007413,NA,NA,NA,NA
"716","DeShon Elliott","MIA","DB","13806","robust",NA,NA,NA,NA,NA,NA,NA,NA,NA,NA,NA,NA,NA,NA,NA,NA,NA,NA,NA,NA,NA,NA,NA,NA,NA,NA,NA,NA,NA,NA,NA,NA,NA,NA,NA,NA,NA,NA,NA,NA,NA,NA,NA,NA,NA,NA,NA,NA,NA,NA,5.22,1.03782,0.08,0.029652,0.09,0.014826,0.545,0.229803,0.005,0.007413,"Q","Ankle",2023,4
"717","Julian Love","SEA","DB","14179","robust",NA,NA,NA,NA,NA,NA,NA,NA,NA,NA,NA,NA,NA,NA,NA,NA,NA,NA,NA,NA,NA,NA,NA,NA,NA,NA,NA,NA,NA,NA,NA,NA,NA,NA,NA,NA,NA,NA,NA,NA,NA,NA,NA,NA,NA,NA,NA,NA,NA,NA,5.2,1.4826,0.035,0.051891,0.09,0.014826,0.545,0.229803,0.005,0.007413,NA,NA,NA,NA
"718","Jaquan Brisker","CHI","DB","15835","robust",NA,NA,NA,NA,NA,NA,NA,NA,NA,NA,NA,NA,NA,NA,NA,NA,NA,NA,NA,NA,NA,NA,NA,NA,NA,NA,NA,NA,NA,NA,NA,NA,NA,NA,NA,NA,NA,NA,NA,NA,NA,NA,NA,NA,NA,NA,NA,NA,NA,NA,4.79,1.92738,0.165,0.096369,0.09,0.014826,0.335,0.051891,0.005,0.007413,NA,NA,NA,NA
"719","Richie Grant","ATL","DB","15381","robust",NA,NA,NA,NA,NA,NA,NA,NA,NA,NA,NA,NA,NA,NA,NA,NA,NA,NA,NA,NA,NA,NA,NA,NA,NA,NA,NA,NA,NA,NA,NA,NA,NA,NA,NA,NA,NA,NA,NA,NA,NA,NA,NA,NA,NA,NA,NA,NA,NA,NA,4.1175,1.77912,0.01,0.014826,0.1,0,0.415,0.0222389999999999,0.005,0.007413,NA,NA,NA,NA
"720","Tony Adams","NYJ","DB","16014","robust",NA,NA,NA,NA,NA,NA,NA,NA,NA,NA,NA,NA,NA,NA,NA,NA,NA,NA,NA,NA,NA,NA,NA,NA,NA,NA,NA,NA,NA,NA,NA,NA,NA,NA,NA,NA,NA,NA,NA,NA,NA,NA,NA,NA,NA,NA,NA,NA,NA,NA,6.775,0.0370649999999999,0.04,0,0.08,0,0.39,0,0.01,0,"O","Hamstring",2023,4
"721","Antoine Winfield","TB","DB","14909","robust",NA,NA,NA,NA,NA,NA,NA,NA,NA,NA,NA,NA,NA,NA,NA,NA,NA,NA,NA,NA,NA,NA,NA,NA,NA,NA,NA,NA,NA,NA,NA,NA,NA,NA,NA,NA,NA,NA,NA,NA,NA,NA,NA,NA,NA,NA,NA,NA,NA,NA,4.81,1.33434,0.19,0.014826,0.12,0.029652,0.445,0.066717,0.005,0.007413,NA,NA,NA,NA
"722","Minkah Fitzpatrick","PIT","DB","13713","robust",NA,NA,NA,NA,NA,NA,NA,NA,NA,NA,NA,NA,NA,NA,NA,NA,NA,NA,NA,NA,NA,NA,NA,NA,NA,NA,NA,NA,NA,NA,NA,NA,NA,NA,NA,NA,NA,NA,NA,NA,NA,NA,NA,NA,NA,NA,NA,NA,NA,NA,4.4725,1.4826,0.01,0.014826,0.16,0.059304,0.585,0.170499,0.005,0.007413,NA,NA,NA,NA
"723","Reed Blankenship","PHI","DB","16018","robust",NA,NA,NA,NA,NA,NA,NA,NA,NA,NA,NA,NA,NA,NA,NA,NA,NA,NA,NA,NA,NA,NA,NA,NA,NA,NA,NA,NA,NA,NA,NA,NA,NA,NA,NA,NA,NA,NA,NA,NA,NA,NA,NA,NA,NA,NA,NA,NA,NA,NA,4.5175,1.18608,0.02,0.029652,0.16,0.059304,0.59,0.163086,0.005,0.007413,NA,NA,NA,NA
"724","Kyle Hamilton","BAL","DB","15834","robust",NA,NA,NA,NA,NA,NA,NA,NA,NA,NA,NA,NA,NA,NA,NA,NA,NA,NA,NA,NA,NA,NA,NA,NA,NA,NA,NA,NA,NA,NA,NA,NA,NA,NA,NA,NA,NA,NA,NA,NA,NA,NA,NA,NA,NA,NA,NA,NA,NA,NA,4.9675,0.148259999999999,0.395,0.155673,0.09,0.014826,0.37,0.044478,0.005,0.007413,"Q","Back",2023,4
"725","Ryan Neal","TB","DB","14028","robust",NA,NA,NA,NA,NA,NA,NA,NA,NA,NA,NA,NA,NA,NA,NA,NA,NA,NA,NA,NA,NA,NA,NA,NA,NA,NA,NA,NA,NA,NA,NA,NA,NA,NA,NA,NA,NA,NA,NA,NA,NA,NA,NA,NA,NA,NA,NA,NA,NA,NA,4.43,1.4826,0.09,0.014826,0.065,0.096369,0.345,0.214977,0.005,0.007413,NA,NA,NA,NA
"726","Rayshawn Jenkins","JAC","DB","13288","robust",NA,NA,NA,NA,NA,NA,NA,NA,NA,NA,NA,NA,NA,NA,NA,NA,NA,NA,NA,NA,NA,NA,NA,NA,NA,NA,NA,NA,NA,NA,NA,NA,NA,NA,NA,NA,NA,NA,NA,NA,NA,NA,NA,NA,NA,NA,NA,NA,NA,NA,4.5,0.59304,0.02,0.029652,0.09,0.014826,0.445,0.081543,0.005,0.007413,NA,NA,NA,NA
"727","Jevon Holland","MIA","DB","15366","robust",NA,NA,NA,NA,NA,NA,NA,NA,NA,NA,NA,NA,NA,NA,NA,NA,NA,NA,NA,NA,NA,NA,NA,NA,NA,NA,NA,NA,NA,NA,NA,NA,NA,NA,NA,NA,NA,NA,NA,NA,NA,NA,NA,NA,NA,NA,NA,NA,NA,NA,5.535,0.800604,0.1,0,0.07,0.103782,0.5,0,0.005,0.007413,NA,NA,NA,NA
"728","Darrick Forrest","WAS","DB","15437","robust",NA,NA,NA,NA,NA,NA,NA,NA,NA,NA,NA,NA,NA,NA,NA,NA,NA,NA,NA,NA,NA,NA,NA,NA,NA,NA,NA,NA,NA,NA,NA,NA,NA,NA,NA,NA,NA,NA,NA,NA,NA,NA,NA,NA,NA,NA,NA,NA,NA,NA,3.8475,0.29652,0.01,0.014826,0.12,0.029652,0.45,0.07413,0.005,0.007413,NA,NA,NA,NA
"729","Alohi Gilman","LAC","DB","14982","robust",NA,NA,NA,NA,NA,NA,NA,NA,NA,NA,NA,NA,NA,NA,NA,NA,NA,NA,NA,NA,NA,NA,NA,NA,NA,NA,NA,NA,NA,NA,NA,NA,NA,NA,NA,NA,NA,NA,NA,NA,NA,NA,NA,NA,NA,NA,NA,NA,NA,NA,4.0725,0.7413,0.01,0.014826,0.105,0.00741299999999999,0.425,0.0370649999999999,0.005,0.007413,"Q","Heel",2023,4
"730","Nate Hobbs","LVR","DB","15441","robust",NA,NA,NA,NA,NA,NA,NA,NA,NA,NA,NA,NA,NA,NA,NA,NA,NA,NA,NA,NA,NA,NA,NA,NA,NA,NA,NA,NA,NA,NA,NA,NA,NA,NA,NA,NA,NA,NA,NA,NA,NA,NA,NA,NA,NA,NA,NA,NA,NA,NA,4.935,1.979271,0.06,0,0.06,0,0.34,0,0.01,0,"O","Ankle",2023,4
"731","Kevin Byard","TEN","DB","12752","robust",NA,NA,NA,NA,NA,NA,NA,NA,NA,NA,NA,NA,NA,NA,NA,NA,NA,NA,NA,NA,NA,NA,NA,NA,NA,NA,NA,NA,NA,NA,NA,NA,NA,NA,NA,NA,NA,NA,NA,NA,NA,NA,NA,NA,NA,NA,NA,NA,NA,NA,4.11,1.33434,0.015,0.022239,0.18,0.029652,0.425,0.185325,0.005,0.007413,NA,NA,NA,NA
"732","Grant Delpit","CLE","DB","14907","robust",NA,NA,NA,NA,NA,NA,NA,NA,NA,NA,NA,NA,NA,NA,NA,NA,NA,NA,NA,NA,NA,NA,NA,NA,NA,NA,NA,NA,NA,NA,NA,NA,NA,NA,NA,NA,NA,NA,NA,NA,NA,NA,NA,NA,NA,NA,NA,NA,NA,NA,4.6725,1.03782,0.02,0.029652,0.22,0.118608,0.5,0,0.005,0.007413,NA,NA,NA,NA
"733","Kyle Dugger","NE","DB","14921","robust",NA,NA,NA,NA,NA,NA,NA,NA,NA,NA,NA,NA,NA,NA,NA,NA,NA,NA,NA,NA,NA,NA,NA,NA,NA,NA,NA,NA,NA,NA,NA,NA,NA,NA,NA,NA,NA,NA,NA,NA,NA,NA,NA,NA,NA,NA,NA,NA,NA,NA,4.16,0.44478,0.02,0.029652,0.18,0.029652,0.57,0.0444779999999999,0.055,0.066717,NA,NA,NA,NA
"734","Russ Yeast","LAR","DB","15955","robust",NA,NA,NA,NA,NA,NA,NA,NA,NA,NA,NA,NA,NA,NA,NA,NA,NA,NA,NA,NA,NA,NA,NA,NA,NA,NA,NA,NA,NA,NA,NA,NA,NA,NA,NA,NA,NA,NA,NA,NA,NA,NA,NA,NA,NA,NA,NA,NA,NA,NA,3.7575,1.4826,0.065,0.051891,0.1,0,0.41,0.0148259999999999,0.005,0.007413,NA,NA,NA,NA
"735","Tracy Walker","DET","DB","13747","robust",NA,NA,NA,NA,NA,NA,NA,NA,NA,NA,NA,NA,NA,NA,NA,NA,NA,NA,NA,NA,NA,NA,NA,NA,NA,NA,NA,NA,NA,NA,NA,NA,NA,NA,NA,NA,NA,NA,NA,NA,NA,NA,NA,NA,NA,NA,NA,NA,NA,NA,6.08,0.029652,0.06,0,0.1,0,0.41,0,0.01,0,NA,NA,NA,NA
"736","Johnathan Ford","GB","DB","13339","robust",NA,NA,NA,NA,NA,NA,NA,NA,NA,NA,NA,NA,NA,NA,NA,NA,NA,NA,NA,NA,NA,NA,NA,NA,NA,NA,NA,NA,NA,NA,NA,NA,NA,NA,NA,NA,NA,NA,NA,NA,NA,NA,NA,NA,NA,NA,NA,NA,NA,NA,6.08,0.029652,0.04,0,0.12,0,0.47,0,0.01,0,NA,NA,NA,NA
"737","Jalen Thompson","ARI","DB","14518","robust",NA,NA,NA,NA,NA,NA,NA,NA,NA,NA,NA,NA,NA,NA,NA,NA,NA,NA,NA,NA,NA,NA,NA,NA,NA,NA,NA,NA,NA,NA,NA,NA,NA,NA,NA,NA,NA,NA,NA,NA,NA,NA,NA,NA,NA,NA,NA,NA,NA,NA,4.25,0.7413,0.005,0.007413,0.105,0.00741299999999999,0.475,0.0370649999999999,0.005,0.007413,NA,NA,NA,NA
"738","Jayron Kearse","DAL","DB","12720","robust",NA,NA,NA,NA,NA,NA,NA,NA,NA,NA,NA,NA,NA,NA,NA,NA,NA,NA,NA,NA,NA,NA,NA,NA,NA,NA,NA,NA,NA,NA,NA,NA,NA,NA,NA,NA,NA,NA,NA,NA,NA,NA,NA,NA,NA,NA,NA,NA,NA,NA,3.985,0.44478,0.09,0.014826,0.09,0.014826,0.385,0.022239,0.005,0.007413,NA,NA,NA,NA
"739","Amani Hooker","TEN","DB","14182","robust",NA,NA,NA,NA,NA,NA,NA,NA,NA,NA,NA,NA,NA,NA,NA,NA,NA,NA,NA,NA,NA,NA,NA,NA,NA,NA,NA,NA,NA,NA,NA,NA,NA,NA,NA,NA,NA,NA,NA,NA,NA,NA,NA,NA,NA,NA,NA,NA,NA,NA,4.2075,0.889559999999999,0.015,0.022239,0.165,0.051891,0.59,0.163086,0.005,0.007413,NA,NA,NA,NA
"740","Xavier McKinney","NYG","DB","14908","robust",NA,NA,NA,NA,NA,NA,NA,NA,NA,NA,NA,NA,NA,NA,NA,NA,NA,NA,NA,NA,NA,NA,NA,NA,NA,NA,NA,NA,NA,NA,NA,NA,NA,NA,NA,NA,NA,NA,NA,NA,NA,NA,NA,NA,NA,NA,NA,NA,NA,NA,4.4425,1.63086,0.09,0.014826,0.105,0.155673,0.67,0.0444779999999999,0.01,0.014826,NA,NA,NA,NA
"741","Jason Pinnock","NYG","DB","15448","robust",NA,NA,NA,NA,NA,NA,NA,NA,NA,NA,NA,NA,NA,NA,NA,NA,NA,NA,NA,NA,NA,NA,NA,NA,NA,NA,NA,NA,NA,NA,NA,NA,NA,NA,NA,NA,NA,NA,NA,NA,NA,NA,NA,NA,NA,NA,NA,NA,NA,NA,4.715,1.33434,0.095,0.00741300000000001,0.125,0.037065,0.405,0.155673,0.005,0.007413,NA,NA,NA,NA
"742","Jalen Pitre","HOU","DB","15850","robust",NA,NA,NA,NA,NA,NA,NA,NA,NA,NA,NA,NA,NA,NA,NA,NA,NA,NA,NA,NA,NA,NA,NA,NA,NA,NA,NA,NA,NA,NA,NA,NA,NA,NA,NA,NA,NA,NA,NA,NA,NA,NA,NA,NA,NA,NA,NA,NA,NA,NA,5.06,0.504084,0.02,0.029652,0.165,0.051891,0.44,0.059304,0.005,0.007413,NA,NA,NA,NA
"743","Harrison Smith","MIN","DB","10783","robust",NA,NA,NA,NA,NA,NA,NA,NA,NA,NA,NA,NA,NA,NA,NA,NA,NA,NA,NA,NA,NA,NA,NA,NA,NA,NA,NA,NA,NA,NA,NA,NA,NA,NA,NA,NA,NA,NA,NA,NA,NA,NA,NA,NA,NA,NA,NA,NA,NA,NA,4.2825,0.88956,0.09,0.014826,0.19,0.014826,0.49,0.133434,0.01,0.014826,NA,NA,NA,NA
"744","Jimmie Ward","HOU","DB","11768","robust",NA,NA,NA,NA,NA,NA,NA,NA,NA,NA,NA,NA,NA,NA,NA,NA,NA,NA,NA,NA,NA,NA,NA,NA,NA,NA,NA,NA,NA,NA,NA,NA,NA,NA,NA,NA,NA,NA,NA,NA,NA,NA,NA,NA,NA,NA,NA,NA,NA,NA,4.105,1.03782,0.01,0.014826,0.195,0.155673,0.39,0.014826,0.005,0.007413,NA,NA,NA,NA
"745","Brandon Stephens","BAL","DB","15405","robust",NA,NA,NA,NA,NA,NA,NA,NA,NA,NA,NA,NA,NA,NA,NA,NA,NA,NA,NA,NA,NA,NA,NA,NA,NA,NA,NA,NA,NA,NA,NA,NA,NA,NA,NA,NA,NA,NA,NA,NA,NA,NA,NA,NA,NA,NA,NA,NA,NA,NA,3.975,0.44478,0.065,0.051891,0.03,0.044478,0.365,0.051891,0.005,0.007413,NA,NA,NA,NA
"746","Justin Simmons","DEN","DB","12767","robust",NA,NA,NA,NA,NA,NA,NA,NA,NA,NA,NA,NA,NA,NA,NA,NA,NA,NA,NA,NA,NA,NA,NA,NA,NA,NA,NA,NA,NA,NA,NA,NA,NA,NA,NA,NA,NA,NA,NA,NA,NA,NA,NA,NA,NA,NA,NA,NA,NA,NA,3.955,0.88956,0.09,0.014826,0.24,0.088956,0.535,0.0518909999999999,0.01,0.014826,"Q","Hip",2023,4
"747","Daxton Hill","CIN","DB","15836","robust",NA,NA,NA,NA,NA,NA,NA,NA,NA,NA,NA,NA,NA,NA,NA,NA,NA,NA,NA,NA,NA,NA,NA,NA,NA,NA,NA,NA,NA,NA,NA,NA,NA,NA,NA,NA,NA,NA,NA,NA,NA,NA,NA,NA,NA,NA,NA,NA,NA,NA,4.86,0.652344000000001,0.12,0.118608,0.165,0.051891,0.53,0.103782,0.005,0.007413,NA,NA,NA,NA
"748","Vonn Bell","CAR","DB","12718","robust",NA,NA,NA,NA,NA,NA,NA,NA,NA,NA,NA,NA,NA,NA,NA,NA,NA,NA,NA,NA,NA,NA,NA,NA,NA,NA,NA,NA,NA,NA,NA,NA,NA,NA,NA,NA,NA,NA,NA,NA,NA,NA,NA,NA,NA,NA,NA,NA,NA,NA,4.41,1.63086,0.045,0.066717,0.185,0.170499,0.465,0.200151,0.005,0.007413,NA,NA,NA,NA
"749","Josh Metellus","MIN","DB","14995","robust",NA,NA,NA,NA,NA,NA,NA,NA,NA,NA,NA,NA,NA,NA,NA,NA,NA,NA,NA,NA,NA,NA,NA,NA,NA,NA,NA,NA,NA,NA,NA,NA,NA,NA,NA,NA,NA,NA,NA,NA,NA,NA,NA,NA,NA,NA,NA,NA,NA,NA,3.51,0.29652,0.02,0.029652,0.04,0.059304,0.33,0.044478,0.005,0.007413,NA,NA,NA,NA
"750","Deommodore Lenoir","SF","DB","15445","robust",NA,NA,NA,NA,NA,NA,NA,NA,NA,NA,NA,NA,NA,NA,NA,NA,NA,NA,NA,NA,NA,NA,NA,NA,NA,NA,NA,NA,NA,NA,NA,NA,NA,NA,NA,NA,NA,NA,NA,NA,NA,NA,NA,NA,NA,NA,NA,NA,NA,NA,4.7825,0.934038,0.015,0.022239,0.175,0.037065,0.455,0.081543,0.005,0.007413,NA,NA,NA,NA
"751","Charvarius Ward","SF","DB","13920","robust",NA,NA,NA,NA,NA,NA,NA,NA,NA,NA,NA,NA,NA,NA,NA,NA,NA,NA,NA,NA,NA,NA,NA,NA,NA,NA,NA,NA,NA,NA,NA,NA,NA,NA,NA,NA,NA,NA,NA,NA,NA,NA,NA,NA,NA,NA,NA,NA,NA,NA,4.305,0.889559999999999,0.005,0.007413,0.105,0.00741299999999999,0.665,0.348411,0.005,0.007413,NA,NA,NA,NA
"752","Jordan Whitehead","NYJ","DB","13760","robust",NA,NA,NA,NA,NA,NA,NA,NA,NA,NA,NA,NA,NA,NA,NA,NA,NA,NA,NA,NA,NA,NA,NA,NA,NA,NA,NA,NA,NA,NA,NA,NA,NA,NA,NA,NA,NA,NA,NA,NA,NA,NA,NA,NA,NA,NA,NA,NA,NA,NA,4.055,1.03782,0.005,0.007413,0.2,0.14826,0.51,0.133434,0.005,0.007413,NA,NA,NA,NA
"753","Kareem Jackson","DEN","DB","9861","robust",NA,NA,NA,NA,NA,NA,NA,NA,NA,NA,NA,NA,NA,NA,NA,NA,NA,NA,NA,NA,NA,NA,NA,NA,NA,NA,NA,NA,NA,NA,NA,NA,NA,NA,NA,NA,NA,NA,NA,NA,NA,NA,NA,NA,NA,NA,NA,NA,NA,NA,3.6775,0.59304,0.035,0.051891,0.095,0.00741300000000001,0.345,0.066717,0.005,0.007413,NA,NA,NA,NA
"754","Adoree Jackson","NYG","DB","13226","robust",NA,NA,NA,NA,NA,NA,NA,NA,NA,NA,NA,NA,NA,NA,NA,NA,NA,NA,NA,NA,NA,NA,NA,NA,NA,NA,NA,NA,NA,NA,NA,NA,NA,NA,NA,NA,NA,NA,NA,NA,NA,NA,NA,NA,NA,NA,NA,NA,NA,NA,3.8275,0.148259999999999,0.055,0.066717,0.05,0.07413,0.505,0.140847,0.005,0.007413,NA,NA,NA,NA
"755","Jamal Adams","SEA","DB","13230","robust",NA,NA,NA,NA,NA,NA,NA,NA,NA,NA,NA,NA,NA,NA,NA,NA,NA,NA,NA,NA,NA,NA,NA,NA,NA,NA,NA,NA,NA,NA,NA,NA,NA,NA,NA,NA,NA,NA,NA,NA,NA,NA,NA,NA,NA,NA,NA,NA,NA,NA,4.35,1.70499,0,0,0.3,0,1,0,0,0,NA,NA,NA,NA
"756","Jakorian Bennett","LVR","DB","16289","robust",NA,NA,NA,NA,NA,NA,NA,NA,NA,NA,NA,NA,NA,NA,NA,NA,NA,NA,NA,NA,NA,NA,NA,NA,NA,NA,NA,NA,NA,NA,NA,NA,NA,NA,NA,NA,NA,NA,NA,NA,NA,NA,NA,NA,NA,NA,NA,NA,NA,NA,5.475,0.0370649999999999,0.02,0,0.09,0,0.38,0,0.01,0,NA,NA,NA,NA
"757","Talanoa Hufanga","SF","DB","15452","robust",NA,NA,NA,NA,NA,NA,NA,NA,NA,NA,NA,NA,NA,NA,NA,NA,NA,NA,NA,NA,NA,NA,NA,NA,NA,NA,NA,NA,NA,NA,NA,NA,NA,NA,NA,NA,NA,NA,NA,NA,NA,NA,NA,NA,NA,NA,NA,NA,NA,NA,3.675,0.59304,0.08,0.029652,0.235,0.096369,0.53,0.044478,0.005,0.007413,NA,NA,NA,NA
"758","Jessie Bates","ATL","DB","13737","robust",NA,NA,NA,NA,NA,NA,NA,NA,NA,NA,NA,NA,NA,NA,NA,NA,NA,NA,NA,NA,NA,NA,NA,NA,NA,NA,NA,NA,NA,NA,NA,NA,NA,NA,NA,NA,NA,NA,NA,NA,NA,NA,NA,NA,NA,NA,NA,NA,NA,NA,3.6,1.92738,0.005,0.007413,0.29,0.163086,0.64,0.0889559999999999,0.005,0.007413,NA,NA,NA,NA
"759","Tyrann Mathieu","NO","DB","11313","robust",NA,NA,NA,NA,NA,NA,NA,NA,NA,NA,NA,NA,NA,NA,NA,NA,NA,NA,NA,NA,NA,NA,NA,NA,NA,NA,NA,NA,NA,NA,NA,NA,NA,NA,NA,NA,NA,NA,NA,NA,NA,NA,NA,NA,NA,NA,NA,NA,NA,NA,3.9925,0.44478,0.085,0.022239,0.21,0.014826,0.685,0.0222389999999999,0.01,0.014826,NA,NA,NA,NA
"760","Akayleb Evans","MIN","DB","15880","robust",NA,NA,NA,NA,NA,NA,NA,NA,NA,NA,NA,NA,NA,NA,NA,NA,NA,NA,NA,NA,NA,NA,NA,NA,NA,NA,NA,NA,NA,NA,NA,NA,NA,NA,NA,NA,NA,NA,NA,NA,NA,NA,NA,NA,NA,NA,NA,NA,NA,NA,3.7175,0.7413,0.005,0.007413,0.04,0.059304,0.485,0.170499,0.005,0.007413,NA,NA,NA,NA
"761","Delarrin Turner-Yell","DEN","DB","15893","robust",NA,NA,NA,NA,NA,NA,NA,NA,NA,NA,NA,NA,NA,NA,NA,NA,NA,NA,NA,NA,NA,NA,NA,NA,NA,NA,NA,NA,NA,NA,NA,NA,NA,NA,NA,NA,NA,NA,NA,NA,NA,NA,NA,NA,NA,NA,NA,NA,NA,NA,5.415,0.0222389999999995,0.06,0,0.1,0,0.4,0,0.01,0,NA,NA,NA,NA
"762","Julian Blackmon","IND","DB","14933","robust",NA,NA,NA,NA,NA,NA,NA,NA,NA,NA,NA,NA,NA,NA,NA,NA,NA,NA,NA,NA,NA,NA,NA,NA,NA,NA,NA,NA,NA,NA,NA,NA,NA,NA,NA,NA,NA,NA,NA,NA,NA,NA,NA,NA,NA,NA,NA,NA,NA,NA,3.905,1.77912,0.03,0.044478,0.045,0.066717,0.295,0.140847,0.005,0.007413,NA,NA,NA,NA
"763","Micah Hyde","BUF","DB","11382","robust",NA,NA,NA,NA,NA,NA,NA,NA,NA,NA,NA,NA,NA,NA,NA,NA,NA,NA,NA,NA,NA,NA,NA,NA,NA,NA,NA,NA,NA,NA,NA,NA,NA,NA,NA,NA,NA,NA,NA,NA,NA,NA,NA,NA,NA,NA,NA,NA,NA,NA,3.47,0.7413,0.02,0.029652,0.18,0.029652,0.515,0.022239,0.005,0.007413,NA,NA,NA,NA
"764","Jeremy Chinn","CAR","DB","14927","robust",NA,NA,NA,NA,NA,NA,NA,NA,NA,NA,NA,NA,NA,NA,NA,NA,NA,NA,NA,NA,NA,NA,NA,NA,NA,NA,NA,NA,NA,NA,NA,NA,NA,NA,NA,NA,NA,NA,NA,NA,NA,NA,NA,NA,NA,NA,NA,NA,NA,NA,4.6625,0.0741299999999997,0.075,0.037065,0.03,0.044478,0.405,0.140847,0.005,0.007413,NA,NA,NA,NA
"765","Brian Branch","DET","DB","16244","robust",NA,NA,NA,NA,NA,NA,NA,NA,NA,NA,NA,NA,NA,NA,NA,NA,NA,NA,NA,NA,NA,NA,NA,NA,NA,NA,NA,NA,NA,NA,NA,NA,NA,NA,NA,NA,NA,NA,NA,NA,NA,NA,NA,NA,NA,NA,NA,NA,NA,NA,5.32,0.029652,0.02,0,0.15,0,0.51,0,0.01,0,NA,NA,NA,NA
"766","Darnell Savage","GB","DB","14197","robust",NA,NA,NA,NA,NA,NA,NA,NA,NA,NA,NA,NA,NA,NA,NA,NA,NA,NA,NA,NA,NA,NA,NA,NA,NA,NA,NA,NA,NA,NA,NA,NA,NA,NA,NA,NA,NA,NA,NA,NA,NA,NA,NA,NA,NA,NA,NA,NA,NA,NA,3.7575,0.7413,0.005,0.007413,0.105,0.00741299999999999,0.37,0.103782,0.005,0.007413,NA,NA,NA,NA
"767","Camryn Bynum","MIN","DB","15418","robust",NA,NA,NA,NA,NA,NA,NA,NA,NA,NA,NA,NA,NA,NA,NA,NA,NA,NA,NA,NA,NA,NA,NA,NA,NA,NA,NA,NA,NA,NA,NA,NA,NA,NA,NA,NA,NA,NA,NA,NA,NA,NA,NA,NA,NA,NA,NA,NA,NA,NA,3.8825,1.971858,0.02,0.029652,0.1,0,0.455,0.066717,0.005,0.007413,NA,NA,NA,NA
"768","Devon Witherspoon","SEA","DB","16241","robust",NA,NA,NA,NA,NA,NA,NA,NA,NA,NA,NA,NA,NA,NA,NA,NA,NA,NA,NA,NA,NA,NA,NA,NA,NA,NA,NA,NA,NA,NA,NA,NA,NA,NA,NA,NA,NA,NA,NA,NA,NA,NA,NA,NA,NA,NA,NA,NA,NA,NA,3.6575,1.33434,0.01,0.014826,0.045,0.066717,0.545,0.229803,0.005,0.007413,NA,NA,NA,NA
"769","Geno Stone","BAL","DB","15003","robust",NA,NA,NA,NA,NA,NA,NA,NA,NA,NA,NA,NA,NA,NA,NA,NA,NA,NA,NA,NA,NA,NA,NA,NA,NA,NA,NA,NA,NA,NA,NA,NA,NA,NA,NA,NA,NA,NA,NA,NA,NA,NA,NA,NA,NA,NA,NA,NA,NA,NA,3.7425,0.7413,0.015,0.022239,0.11,0.014826,0.325,0.185325,0.005,0.007413,NA,NA,NA,NA
"770","Jordan Howden","NO","DB","16311","robust",NA,NA,NA,NA,NA,NA,NA,NA,NA,NA,NA,NA,NA,NA,NA,NA,NA,NA,NA,NA,NA,NA,NA,NA,NA,NA,NA,NA,NA,NA,NA,NA,NA,NA,NA,NA,NA,NA,NA,NA,NA,NA,NA,NA,NA,NA,NA,NA,NA,NA,5.2,0,0.04,0,0.14,0,0.49,0,0.01,0,"O","Finger",2023,4
"771","Kei'Trel Clark","ARI","DB","16325","robust",NA,NA,NA,NA,NA,NA,NA,NA,NA,NA,NA,NA,NA,NA,NA,NA,NA,NA,NA,NA,NA,NA,NA,NA,NA,NA,NA,NA,NA,NA,NA,NA,NA,NA,NA,NA,NA,NA,NA,NA,NA,NA,NA,NA,NA,NA,NA,NA,NA,NA,3.27,2.07564,0.005,0.007413,0.055,0.081543,0.315,0.170499,0.005,0.007413,NA,NA,NA,NA
"772","Rasul Douglas","GB","DB","13281","robust",NA,NA,NA,NA,NA,NA,NA,NA,NA,NA,NA,NA,NA,NA,NA,NA,NA,NA,NA,NA,NA,NA,NA,NA,NA,NA,NA,NA,NA,NA,NA,NA,NA,NA,NA,NA,NA,NA,NA,NA,NA,NA,NA,NA,NA,NA,NA,NA,NA,NA,4.1425,0,0.01,0.014826,0.225,0.111195,0.76,0.355824,0.005,0.007413,NA,NA,NA,NA
"773","Christian Gonzalez","NE","DB","16251","robust",NA,NA,NA,NA,NA,NA,NA,NA,NA,NA,NA,NA,NA,NA,NA,NA,NA,NA,NA,NA,NA,NA,NA,NA,NA,NA,NA,NA,NA,NA,NA,NA,NA,NA,NA,NA,NA,NA,NA,NA,NA,NA,NA,NA,NA,NA,NA,NA,NA,NA,3.19,0.29652,0.08,0.029652,0.125,0.037065,0.55,0.0741299999999999,0.055,0.066717,NA,NA,NA,NA
"774","Marcus Epps","LVR","DB","14270","robust",NA,NA,NA,NA,NA,NA,NA,NA,NA,NA,NA,NA,NA,NA,NA,NA,NA,NA,NA,NA,NA,NA,NA,NA,NA,NA,NA,NA,NA,NA,NA,NA,NA,NA,NA,NA,NA,NA,NA,NA,NA,NA,NA,NA,NA,NA,NA,NA,NA,NA,3.94,1.63086,0.005,0.007413,0.04,0.059304,0.33,0.044478,0.005,0.007413,NA,NA,NA,NA
"775","Jerry Jacobs","DET","DB","15549","robust",NA,NA,NA,NA,NA,NA,NA,NA,NA,NA,NA,NA,NA,NA,NA,NA,NA,NA,NA,NA,NA,NA,NA,NA,NA,NA,NA,NA,NA,NA,NA,NA,NA,NA,NA,NA,NA,NA,NA,NA,NA,NA,NA,NA,NA,NA,NA,NA,NA,NA,5.12,0.029652,0.03,0,0.09,0,0.38,0,0.01,0,NA,NA,NA,NA
"776","Bryan Cook","KC","DB","15860","robust",NA,NA,NA,NA,NA,NA,NA,NA,NA,NA,NA,NA,NA,NA,NA,NA,NA,NA,NA,NA,NA,NA,NA,NA,NA,NA,NA,NA,NA,NA,NA,NA,NA,NA,NA,NA,NA,NA,NA,NA,NA,NA,NA,NA,NA,NA,NA,NA,NA,NA,5.115,0.0222390000000002,0.07,0,0.1,0,0.4,0,0.01,0,NA,NA,NA,NA
"777","Carlton Davis","TB","DB","13710","robust",NA,NA,NA,NA,NA,NA,NA,NA,NA,NA,NA,NA,NA,NA,NA,NA,NA,NA,NA,NA,NA,NA,NA,NA,NA,NA,NA,NA,NA,NA,NA,NA,NA,NA,NA,NA,NA,NA,NA,NA,NA,NA,NA,NA,NA,NA,NA,NA,NA,NA,3.625,0.29652,0.005,0.007413,0.115,0.022239,0.58,0.177912,0.005,0.007413,"Q","Toe",2023,4
"778","Michael Davis","LAC","DB","13479","robust",NA,NA,NA,NA,NA,NA,NA,NA,NA,NA,NA,NA,NA,NA,NA,NA,NA,NA,NA,NA,NA,NA,NA,NA,NA,NA,NA,NA,NA,NA,NA,NA,NA,NA,NA,NA,NA,NA,NA,NA,NA,NA,NA,NA,NA,NA,NA,NA,NA,NA,4.32,0.148259999999999,0.015,0.022239,0.05,0.07413,0.645,0.378063,0.005,0.007413,NA,NA,NA,NA
"779","Damarri Mathis","DEN","DB","15876","robust",NA,NA,NA,NA,NA,NA,NA,NA,NA,NA,NA,NA,NA,NA,NA,NA,NA,NA,NA,NA,NA,NA,NA,NA,NA,NA,NA,NA,NA,NA,NA,NA,NA,NA,NA,NA,NA,NA,NA,NA,NA,NA,NA,NA,NA,NA,NA,NA,NA,NA,4.1675,0.59304,0.01,0.014826,0.035,0.051891,0.315,0.022239,0.005,0.007413,NA,NA,NA,NA
"780","Daryl Worley","BAL","DB","12760","robust",NA,NA,NA,NA,NA,NA,NA,NA,NA,NA,NA,NA,NA,NA,NA,NA,NA,NA,NA,NA,NA,NA,NA,NA,NA,NA,NA,NA,NA,NA,NA,NA,NA,NA,NA,NA,NA,NA,NA,NA,NA,NA,NA,NA,NA,NA,NA,NA,NA,NA,4.99,0.0148259999999997,0.04,0,0.09,0,0.37,0,0.01,0,NA,NA,NA,NA
"781","Marco Wilson","ARI","DB","15422","robust",NA,NA,NA,NA,NA,NA,NA,NA,NA,NA,NA,NA,NA,NA,NA,NA,NA,NA,NA,NA,NA,NA,NA,NA,NA,NA,NA,NA,NA,NA,NA,NA,NA,NA,NA,NA,NA,NA,NA,NA,NA,NA,NA,NA,NA,NA,NA,NA,NA,NA,3.55,0.14826,0.005,0.007413,0.1,0,0.555,0.214977,0.005,0.007413,NA,NA,NA,NA
"782","Kenny Moore","IND","DB","13470","robust",NA,NA,NA,NA,NA,NA,NA,NA,NA,NA,NA,NA,NA,NA,NA,NA,NA,NA,NA,NA,NA,NA,NA,NA,NA,NA,NA,NA,NA,NA,NA,NA,NA,NA,NA,NA,NA,NA,NA,NA,NA,NA,NA,NA,NA,NA,NA,NA,NA,NA,4.0225,0.88956,0.03,0.044478,0.13,0.044478,0.56,0.0593039999999999,0.005,0.007413,NA,NA,NA,NA
"783","D.J. Reed","NYJ","DB","13774","robust",NA,NA,NA,NA,NA,NA,NA,NA,NA,NA,NA,NA,NA,NA,NA,NA,NA,NA,NA,NA,NA,NA,NA,NA,NA,NA,NA,NA,NA,NA,NA,NA,NA,NA,NA,NA,NA,NA,NA,NA,NA,NA,NA,NA,NA,NA,NA,NA,NA,NA,3.7725,0.14826,0.005,0.007413,0.04,0.059304,0.43,0.103782,0.005,0.007413,NA,NA,NA,NA
"784","Sean Bunting","TEN","DB","14199","robust",NA,NA,NA,NA,NA,NA,NA,NA,NA,NA,NA,NA,NA,NA,NA,NA,NA,NA,NA,NA,NA,NA,NA,NA,NA,NA,NA,NA,NA,NA,NA,NA,NA,NA,NA,NA,NA,NA,NA,NA,NA,NA,NA,NA,NA,NA,NA,NA,NA,NA,3.3125,0.148259999999999,0.005,0.007413,0.11,0.014826,0.625,0.259455,0.005,0.007413,NA,NA,NA,NA
"785","Trevon Moehrig","LVR","DB","15365","robust",NA,NA,NA,NA,NA,NA,NA,NA,NA,NA,NA,NA,NA,NA,NA,NA,NA,NA,NA,NA,NA,NA,NA,NA,NA,NA,NA,NA,NA,NA,NA,NA,NA,NA,NA,NA,NA,NA,NA,NA,NA,NA,NA,NA,NA,NA,NA,NA,NA,NA,3.7125,0.44478,0.01,0.014826,0.03,0.044478,0.355,0.066717,0.005,0.007413,NA,NA,NA,NA
"786","Andre Cisco","JAC","DB","15364","robust",NA,NA,NA,NA,NA,NA,NA,NA,NA,NA,NA,NA,NA,NA,NA,NA,NA,NA,NA,NA,NA,NA,NA,NA,NA,NA,NA,NA,NA,NA,NA,NA,NA,NA,NA,NA,NA,NA,NA,NA,NA,NA,NA,NA,NA,NA,NA,NA,NA,NA,3.11,0.88956,0.075,0.037065,0.155,0.066717,0.56,0.207564,0.055,0.066717,NA,NA,NA,NA
"787","Cam Taylor-Britt","CIN","DB","15859","robust",NA,NA,NA,NA,NA,NA,NA,NA,NA,NA,NA,NA,NA,NA,NA,NA,NA,NA,NA,NA,NA,NA,NA,NA,NA,NA,NA,NA,NA,NA,NA,NA,NA,NA,NA,NA,NA,NA,NA,NA,NA,NA,NA,NA,NA,NA,NA,NA,NA,NA,3.785,0.44478,0.005,0.007413,0.095,0.00741300000000001,0.485,0.170499,0.005,0.007413,NA,NA,NA,NA
"788","L'Jarius Sneed","KC","DB","14956","robust",NA,NA,NA,NA,NA,NA,NA,NA,NA,NA,NA,NA,NA,NA,NA,NA,NA,NA,NA,NA,NA,NA,NA,NA,NA,NA,NA,NA,NA,NA,NA,NA,NA,NA,NA,NA,NA,NA,NA,NA,NA,NA,NA,NA,NA,NA,NA,NA,NA,NA,3.8325,1.4826,0.09,0.014826,0.11,0.014826,0.52,0.118608,0.005,0.007413,NA,NA,NA,NA
"789","Jonathan Jones","NE","DB","12988","robust",NA,NA,NA,NA,NA,NA,NA,NA,NA,NA,NA,NA,NA,NA,NA,NA,NA,NA,NA,NA,NA,NA,NA,NA,NA,NA,NA,NA,NA,NA,NA,NA,NA,NA,NA,NA,NA,NA,NA,NA,NA,NA,NA,NA,NA,NA,NA,NA,NA,NA,4.91,0.0148259999999997,0.01,0,0.16,0,0.53,0,0.01,0,"O","Ankle",2023,4
"790","Derion Kendrick","LAR","DB","15924","robust",NA,NA,NA,NA,NA,NA,NA,NA,NA,NA,NA,NA,NA,NA,NA,NA,NA,NA,NA,NA,NA,NA,NA,NA,NA,NA,NA,NA,NA,NA,NA,NA,NA,NA,NA,NA,NA,NA,NA,NA,NA,NA,NA,NA,NA,NA,NA,NA,NA,NA,3.6,1.03782,0.005,0.007413,0.03,0.044478,0.56,0.355824,0.005,0.007413,NA,NA,NA,NA
"791","Justin Evans","PHI","DB","13257","robust",NA,NA,NA,NA,NA,NA,NA,NA,NA,NA,NA,NA,NA,NA,NA,NA,NA,NA,NA,NA,NA,NA,NA,NA,NA,NA,NA,NA,NA,NA,NA,NA,NA,NA,NA,NA,NA,NA,NA,NA,NA,NA,NA,NA,NA,NA,NA,NA,NA,NA,2.9225,2.37216,0.02,0.029652,0.06,0.088956,0.32,0.177912,0.005,0.007413,"Q","Neck",2023,4
"792","Justin Reid","KC","DB","13717","robust",NA,NA,NA,NA,NA,NA,NA,NA,NA,NA,NA,NA,NA,NA,NA,NA,NA,NA,NA,NA,NA,NA,NA,NA,NA,NA,NA,NA,NA,NA,NA,NA,NA,NA,NA,NA,NA,NA,NA,NA,NA,NA,NA,NA,NA,NA,NA,NA,NA,NA,3.7225,0.7413,0.02,0.029652,0.04,0.059304,0.425,0.111195,0.005,0.007413,NA,NA,NA,NA
"793","Benjamin St-Juste","WAS","DB","15392","robust",NA,NA,NA,NA,NA,NA,NA,NA,NA,NA,NA,NA,NA,NA,NA,NA,NA,NA,NA,NA,NA,NA,NA,NA,NA,NA,NA,NA,NA,NA,NA,NA,NA,NA,NA,NA,NA,NA,NA,NA,NA,NA,NA,NA,NA,NA,NA,NA,NA,NA,3.645,0.7413,0.09,0.014826,0.03,0.044478,0.4,0.14826,0.005,0.007413,NA,NA,NA,NA
"794","DaRon Bland","DAL","DB","15904","robust",NA,NA,NA,NA,NA,NA,NA,NA,NA,NA,NA,NA,NA,NA,NA,NA,NA,NA,NA,NA,NA,NA,NA,NA,NA,NA,NA,NA,NA,NA,NA,NA,NA,NA,NA,NA,NA,NA,NA,NA,NA,NA,NA,NA,NA,NA,NA,NA,NA,NA,3.16,0.44478,0.005,0.007413,0.165,0.051891,0.385,0.126021,0.055,0.066717,NA,NA,NA,NA
"795","Troy Hill","CAR","DB","12589","robust",NA,NA,NA,NA,NA,NA,NA,NA,NA,NA,NA,NA,NA,NA,NA,NA,NA,NA,NA,NA,NA,NA,NA,NA,NA,NA,NA,NA,NA,NA,NA,NA,NA,NA,NA,NA,NA,NA,NA,NA,NA,NA,NA,NA,NA,NA,NA,NA,NA,NA,4.81,0.0148260000000003,0.06,0,0.09,0,0.37,0,0.01,0,NA,NA,NA,NA
"796","Jartavius Martin","WAS","DB","16263","robust",NA,NA,NA,NA,NA,NA,NA,NA,NA,NA,NA,NA,NA,NA,NA,NA,NA,NA,NA,NA,NA,NA,NA,NA,NA,NA,NA,NA,NA,NA,NA,NA,NA,NA,NA,NA,NA,NA,NA,NA,NA,NA,NA,NA,NA,NA,NA,NA,NA,NA,3.55,1.85325,0.1,0,0.1,0,0.6,0,0,0,NA,NA,NA,NA
"797","Eric Murray","HOU","DB","12772","robust",NA,NA,NA,NA,NA,NA,NA,NA,NA,NA,NA,NA,NA,NA,NA,NA,NA,NA,NA,NA,NA,NA,NA,NA,NA,NA,NA,NA,NA,NA,NA,NA,NA,NA,NA,NA,NA,NA,NA,NA,NA,NA,NA,NA,NA,NA,NA,NA,NA,NA,2.85,0,0.01,0.014826,0.03,0.044478,0.2,0.14826,0.005,0.007413,NA,NA,NA,NA
"798","Taron Johnson","BUF","DB","13764","robust",NA,NA,NA,NA,NA,NA,NA,NA,NA,NA,NA,NA,NA,NA,NA,NA,NA,NA,NA,NA,NA,NA,NA,NA,NA,NA,NA,NA,NA,NA,NA,NA,NA,NA,NA,NA,NA,NA,NA,NA,NA,NA,NA,NA,NA,NA,NA,NA,NA,NA,3.7175,1.03782,0.035,0.051891,0.03,0.044478,0.4,0.14826,0.005,0.007413,NA,NA,NA,NA
"799","Ahkello Witherspoon","LAR","DB","13266","robust",NA,NA,NA,NA,NA,NA,NA,NA,NA,NA,NA,NA,NA,NA,NA,NA,NA,NA,NA,NA,NA,NA,NA,NA,NA,NA,NA,NA,NA,NA,NA,NA,NA,NA,NA,NA,NA,NA,NA,NA,NA,NA,NA,NA,NA,NA,NA,NA,NA,NA,2.7325,1.4826,0.005,0.007413,0.16,0.059304,0.37,0.103782,0.005,0.007413,NA,NA,NA,NA
"800","Paulson Adebo","NO","DB","15394","robust",NA,NA,NA,NA,NA,NA,NA,NA,NA,NA,NA,NA,NA,NA,NA,NA,NA,NA,NA,NA,NA,NA,NA,NA,NA,NA,NA,NA,NA,NA,NA,NA,NA,NA,NA,NA,NA,NA,NA,NA,NA,NA,NA,NA,NA,NA,NA,NA,NA,NA,4.71,0.0148259999999997,0.01,0,0.14,0,0.48,0,0.01,0,"O","Hamstring",2023,4
"801","Jonathan Owens","GB","DB","14414","robust",NA,NA,NA,NA,NA,NA,NA,NA,NA,NA,NA,NA,NA,NA,NA,NA,NA,NA,NA,NA,NA,NA,NA,NA,NA,NA,NA,NA,NA,NA,NA,NA,NA,NA,NA,NA,NA,NA,NA,NA,NA,NA,NA,NA,NA,NA,NA,NA,NA,NA,4,1.03782,0.1,0,0.2,0,0.8,0,0,0,NA,NA,NA,NA
"802","Sam Franklin","CAR","DB","15148","robust",NA,NA,NA,NA,NA,NA,NA,NA,NA,NA,NA,NA,NA,NA,NA,NA,NA,NA,NA,NA,NA,NA,NA,NA,NA,NA,NA,NA,NA,NA,NA,NA,NA,NA,NA,NA,NA,NA,NA,NA,NA,NA,NA,NA,NA,NA,NA,NA,NA,NA,4.68,0.029652,0.04,0,0.06,0,0.3,0,0.01,0,NA,NA,NA,NA
"803","Juan Thornhill","CLE","DB","14207","robust",NA,NA,NA,NA,NA,NA,NA,NA,NA,NA,NA,NA,NA,NA,NA,NA,NA,NA,NA,NA,NA,NA,NA,NA,NA,NA,NA,NA,NA,NA,NA,NA,NA,NA,NA,NA,NA,NA,NA,NA,NA,NA,NA,NA,NA,NA,NA,NA,NA,NA,3.445,0.7413,0.065,0.051891,0.105,0.00741299999999999,0.405,0.00741299999999992,0.005,0.007413,NA,NA,NA,NA
"804","Rodney Thomas II","IND","DB","15946","robust",NA,NA,NA,NA,NA,NA,NA,NA,NA,NA,NA,NA,NA,NA,NA,NA,NA,NA,NA,NA,NA,NA,NA,NA,NA,NA,NA,NA,NA,NA,NA,NA,NA,NA,NA,NA,NA,NA,NA,NA,NA,NA,NA,NA,NA,NA,NA,NA,NA,NA,3.64,0,0.01,0.014826,0.085,0.126021,0.375,0.259455,0.005,0.007413,NA,NA,NA,NA
"805","Taylor Rapp","BUF","DB","14186","robust",NA,NA,NA,NA,NA,NA,NA,NA,NA,NA,NA,NA,NA,NA,NA,NA,NA,NA,NA,NA,NA,NA,NA,NA,NA,NA,NA,NA,NA,NA,NA,NA,NA,NA,NA,NA,NA,NA,NA,NA,NA,NA,NA,NA,NA,NA,NA,NA,NA,NA,2.915,0.29652,0.015,0.022239,0.04,0.059304,0.275,0.111195,0.005,0.007413,NA,NA,NA,NA
"806","Jamel Dean","TB","DB","14219","robust",NA,NA,NA,NA,NA,NA,NA,NA,NA,NA,NA,NA,NA,NA,NA,NA,NA,NA,NA,NA,NA,NA,NA,NA,NA,NA,NA,NA,NA,NA,NA,NA,NA,NA,NA,NA,NA,NA,NA,NA,NA,NA,NA,NA,NA,NA,NA,NA,NA,NA,4.62,0.029652,0.01,0,0.15,0,0.51,0,0.01,0,"O","Neck",2023,4
"807","Marshon Lattimore","NO","DB","13224","robust",NA,NA,NA,NA,NA,NA,NA,NA,NA,NA,NA,NA,NA,NA,NA,NA,NA,NA,NA,NA,NA,NA,NA,NA,NA,NA,NA,NA,NA,NA,NA,NA,NA,NA,NA,NA,NA,NA,NA,NA,NA,NA,NA,NA,NA,NA,NA,NA,NA,NA,3.1225,0.29652,0.005,0.007413,0.185,0.022239,0.775,0.333585,0.005,0.007413,NA,NA,NA,NA
"808","Malik Hooker","DAL","DB","13228","robust",NA,NA,NA,NA,NA,NA,NA,NA,NA,NA,NA,NA,NA,NA,NA,NA,NA,NA,NA,NA,NA,NA,NA,NA,NA,NA,NA,NA,NA,NA,NA,NA,NA,NA,NA,NA,NA,NA,NA,NA,NA,NA,NA,NA,NA,NA,NA,NA,NA,NA,2.84,0.148259999999999,0.005,0.007413,0.155,0.066717,0.36,0.088956,0.005,0.007413,NA,NA,NA,NA
"809","Marcus Peters","LVR","DB","12245","robust",NA,NA,NA,NA,NA,NA,NA,NA,NA,NA,NA,NA,NA,NA,NA,NA,NA,NA,NA,NA,NA,NA,NA,NA,NA,NA,NA,NA,NA,NA,NA,NA,NA,NA,NA,NA,NA,NA,NA,NA,NA,NA,NA,NA,NA,NA,NA,NA,NA,NA,3.6375,0.29652,0.075,0.037065,0.17,0.103782,0.5,0.29652,0.01,0.014826,NA,NA,NA,NA
"810","Christian Benford","BUF","DB","15913","robust",NA,NA,NA,NA,NA,NA,NA,NA,NA,NA,NA,NA,NA,NA,NA,NA,NA,NA,NA,NA,NA,NA,NA,NA,NA,NA,NA,NA,NA,NA,NA,NA,NA,NA,NA,NA,NA,NA,NA,NA,NA,NA,NA,NA,NA,NA,NA,NA,NA,NA,4.525,0.0370649999999999,0.01,0,0.09,0,0.38,0,0.01,0,NA,NA,NA,NA
"811","Ahmad Gardner","NYJ","DB","15833","robust",NA,NA,NA,NA,NA,NA,NA,NA,NA,NA,NA,NA,NA,NA,NA,NA,NA,NA,NA,NA,NA,NA,NA,NA,NA,NA,NA,NA,NA,NA,NA,NA,NA,NA,NA,NA,NA,NA,NA,NA,NA,NA,NA,NA,NA,NA,NA,NA,NA,NA,3.93,0.622692,0.005,0.007413,0.095,0.00741300000000001,0.59,0.311346,0.005,0.007413,NA,NA,NA,NA
"812","Alontae Taylor","NO","DB","15856","robust",NA,NA,NA,NA,NA,NA,NA,NA,NA,NA,NA,NA,NA,NA,NA,NA,NA,NA,NA,NA,NA,NA,NA,NA,NA,NA,NA,NA,NA,NA,NA,NA,NA,NA,NA,NA,NA,NA,NA,NA,NA,NA,NA,NA,NA,NA,NA,NA,NA,NA,3.2675,0.14826,0.03,0.044478,0.095,0.00741300000000001,0.58,0.326172,0.005,0.007413,NA,NA,NA,NA
"813","Donte Jackson","CAR","DB","13738","robust",NA,NA,NA,NA,NA,NA,NA,NA,NA,NA,NA,NA,NA,NA,NA,NA,NA,NA,NA,NA,NA,NA,NA,NA,NA,NA,NA,NA,NA,NA,NA,NA,NA,NA,NA,NA,NA,NA,NA,NA,NA,NA,NA,NA,NA,NA,NA,NA,NA,NA,3.865,0.59304,0.005,0.007413,0.125,0.037065,0.45,0.07413,0.005,0.007413,NA,NA,NA,NA
"814","Roger McCreary","TEN","DB","15849","robust",NA,NA,NA,NA,NA,NA,NA,NA,NA,NA,NA,NA,NA,NA,NA,NA,NA,NA,NA,NA,NA,NA,NA,NA,NA,NA,NA,NA,NA,NA,NA,NA,NA,NA,NA,NA,NA,NA,NA,NA,NA,NA,NA,NA,NA,NA,NA,NA,NA,NA,3.6875,0.96369,0.065,0.051891,0.08,0.029652,0.355,0.066717,0.005,0.007413,NA,NA,NA,NA
"815","Byron Murphy","MIN","DB","14180","robust",NA,NA,NA,NA,NA,NA,NA,NA,NA,NA,NA,NA,NA,NA,NA,NA,NA,NA,NA,NA,NA,NA,NA,NA,NA,NA,NA,NA,NA,NA,NA,NA,NA,NA,NA,NA,NA,NA,NA,NA,NA,NA,NA,NA,NA,NA,NA,NA,NA,NA,3.0325,0.14826,0.015,0.022239,0.04,0.059304,0.47,0.192738,0.005,0.007413,NA,NA,NA,NA
"816","Eli Apple","FA","DB","12715","robust",NA,NA,NA,NA,NA,NA,NA,NA,NA,NA,NA,NA,NA,NA,NA,NA,NA,NA,NA,NA,NA,NA,NA,NA,NA,NA,NA,NA,NA,NA,NA,NA,NA,NA,NA,NA,NA,NA,NA,NA,NA,NA,NA,NA,NA,NA,NA,NA,NA,NA,4.405,0.00741299999999984,0.01,0,0.07,0,0.32,0,0.01,0,NA,NA,NA,NA
"817","Marcus Williams","BAL","DB","13253","robust",NA,NA,NA,NA,NA,NA,NA,NA,NA,NA,NA,NA,NA,NA,NA,NA,NA,NA,NA,NA,NA,NA,NA,NA,NA,NA,NA,NA,NA,NA,NA,NA,NA,NA,NA,NA,NA,NA,NA,NA,NA,NA,NA,NA,NA,NA,NA,NA,NA,NA,3.45,1.40847,0,0,0.1,0,0.8,0,0,0,"Q","Pectoral",2023,4
"818","Levi Wallace","PIT","DB","13711","robust",NA,NA,NA,NA,NA,NA,NA,NA,NA,NA,NA,NA,NA,NA,NA,NA,NA,NA,NA,NA,NA,NA,NA,NA,NA,NA,NA,NA,NA,NA,NA,NA,NA,NA,NA,NA,NA,NA,NA,NA,NA,NA,NA,NA,NA,NA,NA,NA,NA,NA,3.015,0.14826,0.005,0.007413,0.2,0.14826,0.6,0.29652,0.005,0.007413,NA,NA,NA,NA
"819","Martin Emerson","CLE","DB","15862","robust",NA,NA,NA,NA,NA,NA,NA,NA,NA,NA,NA,NA,NA,NA,NA,NA,NA,NA,NA,NA,NA,NA,NA,NA,NA,NA,NA,NA,NA,NA,NA,NA,NA,NA,NA,NA,NA,NA,NA,NA,NA,NA,NA,NA,NA,NA,NA,NA,NA,NA,3.2625,0.44478,0.07,0.044478,0.03,0.044478,0.555,0.363237,0.005,0.007413,NA,NA,NA,NA
"820","TreDavious White","BUF","DB","13249","robust",NA,NA,NA,NA,NA,NA,NA,NA,NA,NA,NA,NA,NA,NA,NA,NA,NA,NA,NA,NA,NA,NA,NA,NA,NA,NA,NA,NA,NA,NA,NA,NA,NA,NA,NA,NA,NA,NA,NA,NA,NA,NA,NA,NA,NA,NA,NA,NA,NA,NA,3.0075,0.14826,0.01,0.014826,0.115,0.022239,0.43,0.044478,0.005,0.007413,NA,NA,NA,NA
"821","Stephon Gilmore","DAL","DB","10789","robust",NA,NA,NA,NA,NA,NA,NA,NA,NA,NA,NA,NA,NA,NA,NA,NA,NA,NA,NA,NA,NA,NA,NA,NA,NA,NA,NA,NA,NA,NA,NA,NA,NA,NA,NA,NA,NA,NA,NA,NA,NA,NA,NA,NA,NA,NA,NA,NA,NA,NA,2.975,0.29652,0.005,0.007413,0.19,0.014826,0.635,0.0963689999999999,0.005,0.007413,NA,NA,NA,NA
"822","Tyson Campbell","JAC","DB","15380","robust",NA,NA,NA,NA,NA,NA,NA,NA,NA,NA,NA,NA,NA,NA,NA,NA,NA,NA,NA,NA,NA,NA,NA,NA,NA,NA,NA,NA,NA,NA,NA,NA,NA,NA,NA,NA,NA,NA,NA,NA,NA,NA,NA,NA,NA,NA,NA,NA,NA,NA,3.195,1.18608,0.005,0.007413,0.15,0.07413,0.45,0.07413,0.055,0.066717,NA,NA,NA,NA
"823","Trent McDuffie","KC","DB","15845","robust",NA,NA,NA,NA,NA,NA,NA,NA,NA,NA,NA,NA,NA,NA,NA,NA,NA,NA,NA,NA,NA,NA,NA,NA,NA,NA,NA,NA,NA,NA,NA,NA,NA,NA,NA,NA,NA,NA,NA,NA,NA,NA,NA,NA,NA,NA,NA,NA,NA,NA,2.965,1.18608,0.075,0.037065,0.035,0.051891,0.46,0.207564,0.005,0.007413,NA,NA,NA,NA
"824","Kendall Fuller","WAS","DB","12714","robust",NA,NA,NA,NA,NA,NA,NA,NA,NA,NA,NA,NA,NA,NA,NA,NA,NA,NA,NA,NA,NA,NA,NA,NA,NA,NA,NA,NA,NA,NA,NA,NA,NA,NA,NA,NA,NA,NA,NA,NA,NA,NA,NA,NA,NA,NA,NA,NA,NA,NA,2.9825,1.823598,0.015,0.022239,0.16,0.059304,0.765,0.496671,0.055,0.066717,NA,NA,NA,NA
"825","Nick Scott","CIN","DB","14302","robust",NA,NA,NA,NA,NA,NA,NA,NA,NA,NA,NA,NA,NA,NA,NA,NA,NA,NA,NA,NA,NA,NA,NA,NA,NA,NA,NA,NA,NA,NA,NA,NA,NA,NA,NA,NA,NA,NA,NA,NA,NA,NA,NA,NA,NA,NA,NA,NA,NA,NA,3.2075,0.934038,0.01,0.014826,0.14,0.088956,0.325,0.0370649999999999,0.005,0.007413,NA,NA,NA,NA
"826","A.J. Terrell","ATL","DB","14918","robust",NA,NA,NA,NA,NA,NA,NA,NA,NA,NA,NA,NA,NA,NA,NA,NA,NA,NA,NA,NA,NA,NA,NA,NA,NA,NA,NA,NA,NA,NA,NA,NA,NA,NA,NA,NA,NA,NA,NA,NA,NA,NA,NA,NA,NA,NA,NA,NA,NA,NA,3.2475,0.29652,0.015,0.022239,0.05,0.07413,0.54,0.237216,0.005,0.007413,NA,NA,NA,NA
"827","Kristian Fulton","TEN","DB","14904","robust",NA,NA,NA,NA,NA,NA,NA,NA,NA,NA,NA,NA,NA,NA,NA,NA,NA,NA,NA,NA,NA,NA,NA,NA,NA,NA,NA,NA,NA,NA,NA,NA,NA,NA,NA,NA,NA,NA,NA,NA,NA,NA,NA,NA,NA,NA,NA,NA,NA,NA,3.17,0.7413,0.005,0.007413,0.095,0.00741300000000001,0.43,0.103782,0.005,0.007413,NA,NA,NA,NA
"828","Asante Samuel","LAC","DB","15384","robust",NA,NA,NA,NA,NA,NA,NA,NA,NA,NA,NA,NA,NA,NA,NA,NA,NA,NA,NA,NA,NA,NA,NA,NA,NA,NA,NA,NA,NA,NA,NA,NA,NA,NA,NA,NA,NA,NA,NA,NA,NA,NA,NA,NA,NA,NA,NA,NA,NA,NA,3.445,0.29652,0.005,0.007413,0.125,0.037065,0.55,0.0741299999999999,0.005,0.007413,NA,NA,NA,NA
"829","Tashaun Gipson","SF","DB","11010","robust",NA,NA,NA,NA,NA,NA,NA,NA,NA,NA,NA,NA,NA,NA,NA,NA,NA,NA,NA,NA,NA,NA,NA,NA,NA,NA,NA,NA,NA,NA,NA,NA,NA,NA,NA,NA,NA,NA,NA,NA,NA,NA,NA,NA,NA,NA,NA,NA,NA,NA,2.7425,0.44478,0.02,0.029652,0.235,0.051891,0.57,0.252042,0.01,0.014826,NA,NA,NA,NA
"830","Darius Slay","PHI","DB","11348","robust",NA,NA,NA,NA,NA,NA,NA,NA,NA,NA,NA,NA,NA,NA,NA,NA,NA,NA,NA,NA,NA,NA,NA,NA,NA,NA,NA,NA,NA,NA,NA,NA,NA,NA,NA,NA,NA,NA,NA,NA,NA,NA,NA,NA,NA,NA,NA,NA,NA,NA,2.84,0.29652,0.005,0.007413,0.145,0.066717,0.69,0.163086,0.055,0.066717,NA,NA,NA,NA
"831","Tre Flowers","ATL","DB","13778","robust",NA,NA,NA,NA,NA,NA,NA,NA,NA,NA,NA,NA,NA,NA,NA,NA,NA,NA,NA,NA,NA,NA,NA,NA,NA,NA,NA,NA,NA,NA,NA,NA,NA,NA,NA,NA,NA,NA,NA,NA,NA,NA,NA,NA,NA,NA,NA,NA,NA,NA,4.02,0.029652,0.01,0,0.06,0,0.3,0,0.01,0,NA,NA,NA,NA
"832","Dallis Flowers","IND","DB","16064","robust",NA,NA,NA,NA,NA,NA,NA,NA,NA,NA,NA,NA,NA,NA,NA,NA,NA,NA,NA,NA,NA,NA,NA,NA,NA,NA,NA,NA,NA,NA,NA,NA,NA,NA,NA,NA,NA,NA,NA,NA,NA,NA,NA,NA,NA,NA,NA,NA,NA,NA,2.6325,0.59304,0.01,0.014826,0.045,0.066717,0.285,0.126021,0.005,0.007413,NA,NA,NA,NA
"833","Quandre Diggs","SEA","DB","12349","robust",NA,NA,NA,NA,NA,NA,NA,NA,NA,NA,NA,NA,NA,NA,NA,NA,NA,NA,NA,NA,NA,NA,NA,NA,NA,NA,NA,NA,NA,NA,NA,NA,NA,NA,NA,NA,NA,NA,NA,NA,NA,NA,NA,NA,NA,NA,NA,NA,NA,NA,2.7525,0.7413,0.005,0.007413,0.12,0.029652,0.33,0.192738,0.005,0.007413,NA,NA,NA,NA
"834","Patrick Peterson","PIT","DB","10260","robust",NA,NA,NA,NA,NA,NA,NA,NA,NA,NA,NA,NA,NA,NA,NA,NA,NA,NA,NA,NA,NA,NA,NA,NA,NA,NA,NA,NA,NA,NA,NA,NA,NA,NA,NA,NA,NA,NA,NA,NA,NA,NA,NA,NA,NA,NA,NA,NA,NA,NA,2.8725,0,0.005,0.007413,0.165,0.051891,0.625,0.259455,0.005,0.007413,NA,NA,NA,NA
"835","Tariq Woolen","SEA","DB","15894","robust",NA,NA,NA,NA,NA,NA,NA,NA,NA,NA,NA,NA,NA,NA,NA,NA,NA,NA,NA,NA,NA,NA,NA,NA,NA,NA,NA,NA,NA,NA,NA,NA,NA,NA,NA,NA,NA,NA,NA,NA,NA,NA,NA,NA,NA,NA,NA,NA,NA,NA,2.875,0.7413,0.005,0.007413,0.17,0.044478,0.63,0.252042,0.005,0.007413,NA,NA,NA,NA
"836","Dee Alford","ATL","DB","16012","robust",NA,NA,NA,NA,NA,NA,NA,NA,NA,NA,NA,NA,NA,NA,NA,NA,NA,NA,NA,NA,NA,NA,NA,NA,NA,NA,NA,NA,NA,NA,NA,NA,NA,NA,NA,NA,NA,NA,NA,NA,NA,NA,NA,NA,NA,NA,NA,NA,NA,NA,2.1725,0.88956,0.015,0.022239,0.045,0.066717,0.43,0.103782,0.005,0.007413,NA,NA,NA,NA
"837","Steven Nelson","HOU","DB","12291","robust",NA,NA,NA,NA,NA,NA,NA,NA,NA,NA,NA,NA,NA,NA,NA,NA,NA,NA,NA,NA,NA,NA,NA,NA,NA,NA,NA,NA,NA,NA,NA,NA,NA,NA,NA,NA,NA,NA,NA,NA,NA,NA,NA,NA,NA,NA,NA,NA,NA,NA,3.1675,0.29652,0.065,0.051891,0.095,0.00741300000000001,0.425,0.111195,0.005,0.007413,NA,NA,NA,NA
"838","Xavien Howard","MIA","DB","12742","robust",NA,NA,NA,NA,NA,NA,NA,NA,NA,NA,NA,NA,NA,NA,NA,NA,NA,NA,NA,NA,NA,NA,NA,NA,NA,NA,NA,NA,NA,NA,NA,NA,NA,NA,NA,NA,NA,NA,NA,NA,NA,NA,NA,NA,NA,NA,NA,NA,NA,NA,3.2375,0.29652,0.015,0.022239,0.185,0.126021,0.725,0.037065,0.06,0.059304,NA,NA,NA,NA
"839","Denzel Ward","CLE","DB","13707","robust",NA,NA,NA,NA,NA,NA,NA,NA,NA,NA,NA,NA,NA,NA,NA,NA,NA,NA,NA,NA,NA,NA,NA,NA,NA,NA,NA,NA,NA,NA,NA,NA,NA,NA,NA,NA,NA,NA,NA,NA,NA,NA,NA,NA,NA,NA,NA,NA,NA,NA,3.0875,0.29652,0.005,0.007413,0.16,0.059304,0.76,0.504084,0.005,0.007413,NA,NA,NA,NA
"840","Elijah Hicks","CHI","DB","15956","robust",NA,NA,NA,NA,NA,NA,NA,NA,NA,NA,NA,NA,NA,NA,NA,NA,NA,NA,NA,NA,NA,NA,NA,NA,NA,NA,NA,NA,NA,NA,NA,NA,NA,NA,NA,NA,NA,NA,NA,NA,NA,NA,NA,NA,NA,NA,NA,NA,NA,NA,3.82,0.029652,0.03,0,0.07,0,0.31,0,0.01,0,NA,NA,NA,NA
"841","Patrick Surtain II","DEN","DB","15362","robust",NA,NA,NA,NA,NA,NA,NA,NA,NA,NA,NA,NA,NA,NA,NA,NA,NA,NA,NA,NA,NA,NA,NA,NA,NA,NA,NA,NA,NA,NA,NA,NA,NA,NA,NA,NA,NA,NA,NA,NA,NA,NA,NA,NA,NA,NA,NA,NA,NA,NA,2.9775,0.44478,0.005,0.007413,0.105,0.00741299999999999,0.55,0.22239,0.005,0.007413,NA,NA,NA,NA
"842","Kader Kohou","MIA","DB","16016","robust",NA,NA,NA,NA,NA,NA,NA,NA,NA,NA,NA,NA,NA,NA,NA,NA,NA,NA,NA,NA,NA,NA,NA,NA,NA,NA,NA,NA,NA,NA,NA,NA,NA,NA,NA,NA,NA,NA,NA,NA,NA,NA,NA,NA,NA,NA,NA,NA,NA,NA,3.3775,0.459606,0.07,0.044478,0.085,0.022239,0.56,0.355824,0.005,0.007413,NA,NA,NA,NA
"843","M.J. Stewart","HOU","DB","13736","robust",NA,NA,NA,NA,NA,NA,NA,NA,NA,NA,NA,NA,NA,NA,NA,NA,NA,NA,NA,NA,NA,NA,NA,NA,NA,NA,NA,NA,NA,NA,NA,NA,NA,NA,NA,NA,NA,NA,NA,NA,NA,NA,NA,NA,NA,NA,NA,NA,NA,NA,3.805,0.00741300000000017,0.02,0,0.06,0,0.28,0,0.01,0,NA,NA,NA,NA
"844","Michael Jackson","SEA","DB","14252","robust",NA,NA,NA,NA,NA,NA,NA,NA,NA,NA,NA,NA,NA,NA,NA,NA,NA,NA,NA,NA,NA,NA,NA,NA,NA,NA,NA,NA,NA,NA,NA,NA,NA,NA,NA,NA,NA,NA,NA,NA,NA,NA,NA,NA,NA,NA,NA,NA,NA,NA,3.45,0.51891,0,0,0.1,0,0.6,0,0,0,NA,NA,NA,NA
"845","Donovan Wilson","DAL","DB","14283","robust",NA,NA,NA,NA,NA,NA,NA,NA,NA,NA,NA,NA,NA,NA,NA,NA,NA,NA,NA,NA,NA,NA,NA,NA,NA,NA,NA,NA,NA,NA,NA,NA,NA,NA,NA,NA,NA,NA,NA,NA,NA,NA,NA,NA,NA,NA,NA,NA,NA,NA,3.2225,0.133434,0.09,0.014826,0.12,0.118608,0.32,0.118608,0.005,0.007413,NA,NA,NA,NA
"846","Terell Smith","CHI","DB","16319","robust",NA,NA,NA,NA,NA,NA,NA,NA,NA,NA,NA,NA,NA,NA,NA,NA,NA,NA,NA,NA,NA,NA,NA,NA,NA,NA,NA,NA,NA,NA,NA,NA,NA,NA,NA,NA,NA,NA,NA,NA,NA,NA,NA,NA,NA,NA,NA,NA,NA,NA,2.895,0.859908,0.06,0.059304,0.085,0.022239,0.255,0.081543,0.005,0.007413,NA,NA,NA,NA
"847","Decobie Durant","LAR","DB","15888","robust",NA,NA,NA,NA,NA,NA,NA,NA,NA,NA,NA,NA,NA,NA,NA,NA,NA,NA,NA,NA,NA,NA,NA,NA,NA,NA,NA,NA,NA,NA,NA,NA,NA,NA,NA,NA,NA,NA,NA,NA,NA,NA,NA,NA,NA,NA,NA,NA,NA,NA,2.9,0.88956,0.1,0,0.2,0,0.7,0,0,0,NA,NA,NA,NA
"848","Terrell Edmunds","PHI","DB","13716","robust",NA,NA,NA,NA,NA,NA,NA,NA,NA,NA,NA,NA,NA,NA,NA,NA,NA,NA,NA,NA,NA,NA,NA,NA,NA,NA,NA,NA,NA,NA,NA,NA,NA,NA,NA,NA,NA,NA,NA,NA,NA,NA,NA,NA,NA,NA,NA,NA,NA,NA,2.85,0.96369,0.1,0,0.1,0,0.3,0,0,0,NA,NA,NA,NA
"849","Cameron Sutton","DET","DB","13276","robust",NA,NA,NA,NA,NA,NA,NA,NA,NA,NA,NA,NA,NA,NA,NA,NA,NA,NA,NA,NA,NA,NA,NA,NA,NA,NA,NA,NA,NA,NA,NA,NA,NA,NA,NA,NA,NA,NA,NA,NA,NA,NA,NA,NA,NA,NA,NA,NA,NA,NA,3.485,0.0222389999999999,0,0,0.14,0,0.46,0,0.01,0,NA,NA,NA,NA
"850","Damontae Kazee","PIT","DB","13301","robust",NA,NA,NA,NA,NA,NA,NA,NA,NA,NA,NA,NA,NA,NA,NA,NA,NA,NA,NA,NA,NA,NA,NA,NA,NA,NA,NA,NA,NA,NA,NA,NA,NA,NA,NA,NA,NA,NA,NA,NA,NA,NA,NA,NA,NA,NA,NA,NA,NA,NA,2.945,0.711648,0.005,0.007413,0.095,0.00741300000000001,0.375,0.037065,0.005,0.007413,NA,NA,NA,NA
"851","Chidobe Awuzie","CIN","DB","13263","robust",NA,NA,NA,NA,NA,NA,NA,NA,NA,NA,NA,NA,NA,NA,NA,NA,NA,NA,NA,NA,NA,NA,NA,NA,NA,NA,NA,NA,NA,NA,NA,NA,NA,NA,NA,NA,NA,NA,NA,NA,NA,NA,NA,NA,NA,NA,NA,NA,NA,NA,2.9125,0.7413,0.005,0.007413,0.035,0.051891,0.305,0.00741300000000001,0.005,0.007413,NA,NA,NA,NA
"852","Julius Brents","IND","DB","16261","robust",NA,NA,NA,NA,NA,NA,NA,NA,NA,NA,NA,NA,NA,NA,NA,NA,NA,NA,NA,NA,NA,NA,NA,NA,NA,NA,NA,NA,NA,NA,NA,NA,NA,NA,NA,NA,NA,NA,NA,NA,NA,NA,NA,NA,NA,NA,NA,NA,NA,NA,2.1025,1.33434,0.055,0.066717,0.04,0.059304,0.22,0.177912,0.005,0.007413,NA,NA,NA,NA
"853","Derwin James","LAC","DB","13714","robust",NA,NA,NA,NA,NA,NA,NA,NA,NA,NA,NA,NA,NA,NA,NA,NA,NA,NA,NA,NA,NA,NA,NA,NA,NA,NA,NA,NA,NA,NA,NA,NA,NA,NA,NA,NA,NA,NA,NA,NA,NA,NA,NA,NA,NA,NA,NA,NA,NA,NA,2.3,1.4826,0.1,0,0.1,0,0.4,0,0,0,"D","Hamstring",2023,4
"854","James Bradberry","PHI","DB","12750","robust",NA,NA,NA,NA,NA,NA,NA,NA,NA,NA,NA,NA,NA,NA,NA,NA,NA,NA,NA,NA,NA,NA,NA,NA,NA,NA,NA,NA,NA,NA,NA,NA,NA,NA,NA,NA,NA,NA,NA,NA,NA,NA,NA,NA,NA,NA,NA,NA,NA,NA,2.715,0.29652,0.005,0.007413,0.11,0.014826,0.56,0.207564,0.005,0.007413,NA,NA,NA,NA
"855","Myles Bryant","NE","DB","15177","robust",NA,NA,NA,NA,NA,NA,NA,NA,NA,NA,NA,NA,NA,NA,NA,NA,NA,NA,NA,NA,NA,NA,NA,NA,NA,NA,NA,NA,NA,NA,NA,NA,NA,NA,NA,NA,NA,NA,NA,NA,NA,NA,NA,NA,NA,NA,NA,NA,NA,NA,2.5,1.03782,0,0,0,0,0.4,0,0,0,NA,NA,NA,NA
"856","Tre Hawkins","NYG","DB","16341","robust",NA,NA,NA,NA,NA,NA,NA,NA,NA,NA,NA,NA,NA,NA,NA,NA,NA,NA,NA,NA,NA,NA,NA,NA,NA,NA,NA,NA,NA,NA,NA,NA,NA,NA,NA,NA,NA,NA,NA,NA,NA,NA,NA,NA,NA,NA,NA,NA,NA,NA,3.12,0.029652,0.01,0,0.11,0,0.39,0,0.01,0,NA,NA,NA,NA
"857","J.C. Jackson","LAC","DB","13917","robust",NA,NA,NA,NA,NA,NA,NA,NA,NA,NA,NA,NA,NA,NA,NA,NA,NA,NA,NA,NA,NA,NA,NA,NA,NA,NA,NA,NA,NA,NA,NA,NA,NA,NA,NA,NA,NA,NA,NA,NA,NA,NA,NA,NA,NA,NA,NA,NA,NA,NA,2.525,0.7413,0.005,0.007413,0.135,0.051891,0.66,0.207564,0.005,0.007413,NA,NA,NA,NA
"858","Emmanuel Forbes","WAS","DB","16253","robust",NA,NA,NA,NA,NA,NA,NA,NA,NA,NA,NA,NA,NA,NA,NA,NA,NA,NA,NA,NA,NA,NA,NA,NA,NA,NA,NA,NA,NA,NA,NA,NA,NA,NA,NA,NA,NA,NA,NA,NA,NA,NA,NA,NA,NA,NA,NA,NA,NA,NA,2.65,0.66717,0,0,0.2,0,0.6,0,0,0,NA,NA,NA,NA
"859","CJ Henderson","CAR","DB","14905","robust",NA,NA,NA,NA,NA,NA,NA,NA,NA,NA,NA,NA,NA,NA,NA,NA,NA,NA,NA,NA,NA,NA,NA,NA,NA,NA,NA,NA,NA,NA,NA,NA,NA,NA,NA,NA,NA,NA,NA,NA,NA,NA,NA,NA,NA,NA,NA,NA,NA,NA,2.75,0.51891,0,0,0.1,0,0.3,0,0,0,NA,NA,NA,NA
"860","Antonio Hamilton","ARI","DB","12976","robust",NA,NA,NA,NA,NA,NA,NA,NA,NA,NA,NA,NA,NA,NA,NA,NA,NA,NA,NA,NA,NA,NA,NA,NA,NA,NA,NA,NA,NA,NA,NA,NA,NA,NA,NA,NA,NA,NA,NA,NA,NA,NA,NA,NA,NA,NA,NA,NA,NA,NA,2.45,0.81543,0,0,0,0,0.4,0,0,0,NA,NA,NA,NA
"861","Jeff Okudah","ATL","DB","14902","robust",NA,NA,NA,NA,NA,NA,NA,NA,NA,NA,NA,NA,NA,NA,NA,NA,NA,NA,NA,NA,NA,NA,NA,NA,NA,NA,NA,NA,NA,NA,NA,NA,NA,NA,NA,NA,NA,NA,NA,NA,NA,NA,NA,NA,NA,NA,NA,NA,NA,NA,2.45,0.66717,0,0,0,0,0.3,0,0,0,NA,NA,NA,NA
"862","Mike Hilton","CIN","DB","13414","robust",NA,NA,NA,NA,NA,NA,NA,NA,NA,NA,NA,NA,NA,NA,NA,NA,NA,NA,NA,NA,NA,NA,NA,NA,NA,NA,NA,NA,NA,NA,NA,NA,NA,NA,NA,NA,NA,NA,NA,NA,NA,NA,NA,NA,NA,NA,NA,NA,NA,NA,2.25,0.81543,0,0,0.1,0,0.5,0,0,0,NA,NA,NA,NA
"863",NA,NA,"DB","16139","robust",NA,NA,NA,NA,NA,NA,NA,NA,NA,NA,NA,NA,NA,NA,NA,NA,NA,NA,NA,NA,NA,NA,NA,NA,NA,NA,NA,NA,NA,NA,NA,NA,NA,NA,NA,NA,NA,NA,NA,NA,NA,NA,NA,NA,NA,NA,NA,NA,NA,NA,2.6,0.29652,0,0,0,0,0.3,0,0,0,NA,NA,NA,NA
"864","Dane Jackson","BUF","DB","15016","robust",NA,NA,NA,NA,NA,NA,NA,NA,NA,NA,NA,NA,NA,NA,NA,NA,NA,NA,NA,NA,NA,NA,NA,NA,NA,NA,NA,NA,NA,NA,NA,NA,NA,NA,NA,NA,NA,NA,NA,NA,NA,NA,NA,NA,NA,NA,NA,NA,NA,NA,2.35,0.51891,0,0,0.2,0,0.6,0,0,0,NA,NA,NA,NA
"865","Mike Edwards","KC","DB","14222","robust",NA,NA,NA,NA,NA,NA,NA,NA,NA,NA,NA,NA,NA,NA,NA,NA,NA,NA,NA,NA,NA,NA,NA,NA,NA,NA,NA,NA,NA,NA,NA,NA,NA,NA,NA,NA,NA,NA,NA,NA,NA,NA,NA,NA,NA,NA,NA,NA,NA,NA,2,1.03782,0.1,0,0.2,0,0.3,0,0,0,NA,NA,NA,NA
"866","Andrew Booth","MIN","DB","15854","robust",NA,NA,NA,NA,NA,NA,NA,NA,NA,NA,NA,NA,NA,NA,NA,NA,NA,NA,NA,NA,NA,NA,NA,NA,NA,NA,NA,NA,NA,NA,NA,NA,NA,NA,NA,NA,NA,NA,NA,NA,NA,NA,NA,NA,NA,NA,NA,NA,NA,NA,1.85,1.26021,0,0,0,0,0.4,0,0,0,NA,NA,NA,NA
"867","Michael Carter","NYJ","DB","15432","robust",NA,NA,NA,NA,NA,NA,NA,NA,NA,NA,NA,NA,NA,NA,NA,NA,NA,NA,NA,NA,NA,NA,NA,NA,NA,NA,NA,NA,NA,NA,NA,NA,NA,NA,NA,NA,NA,NA,NA,NA,NA,NA,NA,NA,NA,NA,NA,NA,NA,NA,2.3,0.59304,0,0,0.1,0,0.5,0,0,0,NA,NA,NA,NA
"868","Ambry Thomas","SF","DB","15403","robust",NA,NA,NA,NA,NA,NA,NA,NA,NA,NA,NA,NA,NA,NA,NA,NA,NA,NA,NA,NA,NA,NA,NA,NA,NA,NA,NA,NA,NA,NA,NA,NA,NA,NA,NA,NA,NA,NA,NA,NA,NA,NA,NA,NA,NA,NA,NA,NA,NA,NA,2.4,0.44478,0,0,0,0,0.1,0,0,0,NA,NA,NA,NA
"869","Jalyn Armour-Davis","BAL","DB","15879","robust",NA,NA,NA,NA,NA,NA,NA,NA,NA,NA,NA,NA,NA,NA,NA,NA,NA,NA,NA,NA,NA,NA,NA,NA,NA,NA,NA,NA,NA,NA,NA,NA,NA,NA,NA,NA,NA,NA,NA,NA,NA,NA,NA,NA,NA,NA,NA,NA,NA,NA,2,0.88956,0,0,0,0,0.3,0,0,0,NA,NA,NA,NA
"870","Coby Bryant","SEA","DB","15872","robust",NA,NA,NA,NA,NA,NA,NA,NA,NA,NA,NA,NA,NA,NA,NA,NA,NA,NA,NA,NA,NA,NA,NA,NA,NA,NA,NA,NA,NA,NA,NA,NA,NA,NA,NA,NA,NA,NA,NA,NA,NA,NA,NA,NA,NA,NA,NA,NA,NA,NA,2.25,0.37065,0,0,0,0,0.1,0,0,0,"D","Toe",2023,4
"871","Tyrique Stevenson","CHI","DB","16267","robust",NA,NA,NA,NA,NA,NA,NA,NA,NA,NA,NA,NA,NA,NA,NA,NA,NA,NA,NA,NA,NA,NA,NA,NA,NA,NA,NA,NA,NA,NA,NA,NA,NA,NA,NA,NA,NA,NA,NA,NA,NA,NA,NA,NA,NA,NA,NA,NA,NA,NA,1.9,0.7413,0,0,0.1,0,0.2,0,0,0,NA,NA,NA,NA
"872","Adrian Phillips","NE","DB","12088","robust",NA,NA,NA,NA,NA,NA,NA,NA,NA,NA,NA,NA,NA,NA,NA,NA,NA,NA,NA,NA,NA,NA,NA,NA,NA,NA,NA,NA,NA,NA,NA,NA,NA,NA,NA,NA,NA,NA,NA,NA,NA,NA,NA,NA,NA,NA,NA,NA,NA,NA,1.75,0.96369,0,0,0,0,0.1,0,0,0,NA,NA,NA,NA
"873","Rodney McLeod","CLE","DB","11017","robust",NA,NA,NA,NA,NA,NA,NA,NA,NA,NA,NA,NA,NA,NA,NA,NA,NA,NA,NA,NA,NA,NA,NA,NA,NA,NA,NA,NA,NA,NA,NA,NA,NA,NA,NA,NA,NA,NA,NA,NA,NA,NA,NA,NA,NA,NA,NA,NA,NA,NA,1.6,1.03782,0,0,0.1,0,0.4,0,0,0,NA,NA,NA,NA
"874","Jalen Mills","NE","DB","12716","robust",NA,NA,NA,NA,NA,NA,NA,NA,NA,NA,NA,NA,NA,NA,NA,NA,NA,NA,NA,NA,NA,NA,NA,NA,NA,NA,NA,NA,NA,NA,NA,NA,NA,NA,NA,NA,NA,NA,NA,NA,NA,NA,NA,NA,NA,NA,NA,NA,NA,NA,2.05,0.37065,0,0,0.1,0,0.2,0,0,0,NA,NA,NA,NA
"875","Darious Williams","JAC","DB","13959","robust",NA,NA,NA,NA,NA,NA,NA,NA,NA,NA,NA,NA,NA,NA,NA,NA,NA,NA,NA,NA,NA,NA,NA,NA,NA,NA,NA,NA,NA,NA,NA,NA,NA,NA,NA,NA,NA,NA,NA,NA,NA,NA,NA,NA,NA,NA,NA,NA,NA,NA,1.75,0.66717,0,0,0,0,0.8,0,0,0,NA,NA,NA,NA
"876","Deonte Banks","NYG","DB","16255","robust",NA,NA,NA,NA,NA,NA,NA,NA,NA,NA,NA,NA,NA,NA,NA,NA,NA,NA,NA,NA,NA,NA,NA,NA,NA,NA,NA,NA,NA,NA,NA,NA,NA,NA,NA,NA,NA,NA,NA,NA,NA,NA,NA,NA,NA,NA,NA,NA,NA,NA,1.85,0.51891,0.1,0,0.1,0,0.7,0,0,0,NA,NA,NA,NA
"877","Greg Newsome","CLE","DB","15375","robust",NA,NA,NA,NA,NA,NA,NA,NA,NA,NA,NA,NA,NA,NA,NA,NA,NA,NA,NA,NA,NA,NA,NA,NA,NA,NA,NA,NA,NA,NA,NA,NA,NA,NA,NA,NA,NA,NA,NA,NA,NA,NA,NA,NA,NA,NA,NA,NA,NA,NA,1.8,0.59304,0,0,0,0,0.4,0,0,0,NA,NA,NA,NA
"878","Brandin Echols","NYJ","DB","15464","robust",NA,NA,NA,NA,NA,NA,NA,NA,NA,NA,NA,NA,NA,NA,NA,NA,NA,NA,NA,NA,NA,NA,NA,NA,NA,NA,NA,NA,NA,NA,NA,NA,NA,NA,NA,NA,NA,NA,NA,NA,NA,NA,NA,NA,NA,NA,NA,NA,NA,NA,1.7,0.7413,0,0,0.1,0,0.3,0,0,0,NA,NA,NA,NA
"879","Dee Delaney","TB","DB","14024","robust",NA,NA,NA,NA,NA,NA,NA,NA,NA,NA,NA,NA,NA,NA,NA,NA,NA,NA,NA,NA,NA,NA,NA,NA,NA,NA,NA,NA,NA,NA,NA,NA,NA,NA,NA,NA,NA,NA,NA,NA,NA,NA,NA,NA,NA,NA,NA,NA,NA,NA,1.7,0.59304,0,0,0.3,0,0.6,0,0,0,NA,NA,NA,NA
"880","Christian Matthew","ARI","DB","15951","robust",NA,NA,NA,NA,NA,NA,NA,NA,NA,NA,NA,NA,NA,NA,NA,NA,NA,NA,NA,NA,NA,NA,NA,NA,NA,NA,NA,NA,NA,NA,NA,NA,NA,NA,NA,NA,NA,NA,NA,NA,NA,NA,NA,NA,NA,NA,NA,NA,NA,NA,1.75,0.51891,0,0,0,0,0.3,0,0,0,NA,NA,NA,NA
"881","Isaiah Oliver","SF","DB","13709","robust",NA,NA,NA,NA,NA,NA,NA,NA,NA,NA,NA,NA,NA,NA,NA,NA,NA,NA,NA,NA,NA,NA,NA,NA,NA,NA,NA,NA,NA,NA,NA,NA,NA,NA,NA,NA,NA,NA,NA,NA,NA,NA,NA,NA,NA,NA,NA,NA,NA,NA,1.4,0.88956,0,0,0.1,0,0.2,0,0,0,NA,NA,NA,NA
"882","Shaq Griffin","HOU","DB","13273","robust",NA,NA,NA,NA,NA,NA,NA,NA,NA,NA,NA,NA,NA,NA,NA,NA,NA,NA,NA,NA,NA,NA,NA,NA,NA,NA,NA,NA,NA,NA,NA,NA,NA,NA,NA,NA,NA,NA,NA,NA,NA,NA,NA,NA,NA,NA,NA,NA,NA,NA,1.65,0.51891,0,0,0,0,0.1,0,0,0,NA,NA,NA,NA
"883","Zyon McCollum","TB","DB","15895","robust",NA,NA,NA,NA,NA,NA,NA,NA,NA,NA,NA,NA,NA,NA,NA,NA,NA,NA,NA,NA,NA,NA,NA,NA,NA,NA,NA,NA,NA,NA,NA,NA,NA,NA,NA,NA,NA,NA,NA,NA,NA,NA,NA,NA,NA,NA,NA,NA,NA,NA,1.5,0.59304,0,0,0,0,0.4,0,0,0,NA,NA,NA,NA
"884","Jaylon Jones","CHI","DB","16026","robust",NA,NA,NA,NA,NA,NA,NA,NA,NA,NA,NA,NA,NA,NA,NA,NA,NA,NA,NA,NA,NA,NA,NA,NA,NA,NA,NA,NA,NA,NA,NA,NA,NA,NA,NA,NA,NA,NA,NA,NA,NA,NA,NA,NA,NA,NA,NA,NA,NA,NA,1.45,0.66717,0,0,0,0,0.3,0,0,0,NA,NA,NA,NA
"885","Kelee Ringo","PHI","DB","16242","robust",NA,NA,NA,NA,NA,NA,NA,NA,NA,NA,NA,NA,NA,NA,NA,NA,NA,NA,NA,NA,NA,NA,NA,NA,NA,NA,NA,NA,NA,NA,NA,NA,NA,NA,NA,NA,NA,NA,NA,NA,NA,NA,NA,NA,NA,NA,NA,NA,NA,NA,1.55,0.51891,0,0,0,0,0.3,0,0,0,NA,NA,NA,NA
"886","Joshua Williams","KC","DB","15885","robust",NA,NA,NA,NA,NA,NA,NA,NA,NA,NA,NA,NA,NA,NA,NA,NA,NA,NA,NA,NA,NA,NA,NA,NA,NA,NA,NA,NA,NA,NA,NA,NA,NA,NA,NA,NA,NA,NA,NA,NA,NA,NA,NA,NA,NA,NA,NA,NA,NA,NA,1.5,0.44478,0,0,0.1,0,0.5,0,0,0,NA,NA,NA,NA
"887","Tre Herndon","JAC","DB","13914","robust",NA,NA,NA,NA,NA,NA,NA,NA,NA,NA,NA,NA,NA,NA,NA,NA,NA,NA,NA,NA,NA,NA,NA,NA,NA,NA,NA,NA,NA,NA,NA,NA,NA,NA,NA,NA,NA,NA,NA,NA,NA,NA,NA,NA,NA,NA,NA,NA,NA,NA,1.4,0.59304,0,0,0,0,0.4,0,0,0,NA,NA,NA,NA
"888","David Long","LVR","DB","14211","robust",NA,NA,NA,NA,NA,NA,NA,NA,NA,NA,NA,NA,NA,NA,NA,NA,NA,NA,NA,NA,NA,NA,NA,NA,NA,NA,NA,NA,NA,NA,NA,NA,NA,NA,NA,NA,NA,NA,NA,NA,NA,NA,NA,NA,NA,NA,NA,NA,NA,NA,1.5,0.44478,0,0,0,0,0.1,0,0,0,NA,NA,NA,NA
"889","Darnay Holmes","NYG","DB","14944","robust",NA,NA,NA,NA,NA,NA,NA,NA,NA,NA,NA,NA,NA,NA,NA,NA,NA,NA,NA,NA,NA,NA,NA,NA,NA,NA,NA,NA,NA,NA,NA,NA,NA,NA,NA,NA,NA,NA,NA,NA,NA,NA,NA,NA,NA,NA,NA,NA,NA,NA,1.4,0.44478,0,0,0,0,0.7,0,0,0,NA,NA,NA,NA
"890","Jourdan Lewis","DAL","DB","13227","robust",NA,NA,NA,NA,NA,NA,NA,NA,NA,NA,NA,NA,NA,NA,NA,NA,NA,NA,NA,NA,NA,NA,NA,NA,NA,NA,NA,NA,NA,NA,NA,NA,NA,NA,NA,NA,NA,NA,NA,NA,NA,NA,NA,NA,NA,NA,NA,NA,NA,NA,1.2,0.59304,0,0,0.1,0,0.1,0,0,0,NA,NA,NA,NA
"891","Joey Porter Jr.","PIT","DB","16240","robust",NA,NA,NA,NA,NA,NA,NA,NA,NA,NA,NA,NA,NA,NA,NA,NA,NA,NA,NA,NA,NA,NA,NA,NA,NA,NA,NA,NA,NA,NA,NA,NA,NA,NA,NA,NA,NA,NA,NA,NA,NA,NA,NA,NA,NA,NA,NA,NA,NA,NA,1.3,0.29652,0,0,0.1,0,0.3,0,0,0,NA,NA,NA,NA
"892","Kaiir Elam","BUF","DB","15847","robust",NA,NA,NA,NA,NA,NA,NA,NA,NA,NA,NA,NA,NA,NA,NA,NA,NA,NA,NA,NA,NA,NA,NA,NA,NA,NA,NA,NA,NA,NA,NA,NA,NA,NA,NA,NA,NA,NA,NA,NA,NA,NA,NA,NA,NA,NA,NA,NA,NA,NA,1.25,0.37065,0,0,0.1,0,0.2,0,0,0,NA,NA,NA,NA
"893","Riley Moss","DEN","DB","16279","robust",NA,NA,NA,NA,NA,NA,NA,NA,NA,NA,NA,NA,NA,NA,NA,NA,NA,NA,NA,NA,NA,NA,NA,NA,NA,NA,NA,NA,NA,NA,NA,NA,NA,NA,NA,NA,NA,NA,NA,NA,NA,NA,NA,NA,NA,NA,NA,NA,NA,NA,1.15,0.51891,0,0,0,0,0.3,0,0,0,NA,NA,NA,NA
"894","Cam Smith","MIA","DB","16243","robust",NA,NA,NA,NA,NA,NA,NA,NA,NA,NA,NA,NA,NA,NA,NA,NA,NA,NA,NA,NA,NA,NA,NA,NA,NA,NA,NA,NA,NA,NA,NA,NA,NA,NA,NA,NA,NA,NA,NA,NA,NA,NA,NA,NA,NA,NA,NA,NA,NA,NA,1.05,0.51891,0,0,0,0,0.1,0,0,0,NA,NA,NA,NA
"895","Kelvin Joseph","MIA","DB","15383","robust",NA,NA,NA,NA,NA,NA,NA,NA,NA,NA,NA,NA,NA,NA,NA,NA,NA,NA,NA,NA,NA,NA,NA,NA,NA,NA,NA,NA,NA,NA,NA,NA,NA,NA,NA,NA,NA,NA,NA,NA,NA,NA,NA,NA,NA,NA,NA,NA,NA,NA,1.1,0.44478,0.1,0,0,0,0.1,0,0,0,NA,NA,NA,NA
"896","Mekhi Blackmon","MIN","DB","16288","robust",NA,NA,NA,NA,NA,NA,NA,NA,NA,NA,NA,NA,NA,NA,NA,NA,NA,NA,NA,NA,NA,NA,NA,NA,NA,NA,NA,NA,NA,NA,NA,NA,NA,NA,NA,NA,NA,NA,NA,NA,NA,NA,NA,NA,NA,NA,NA,NA,NA,NA,1.05,0.37065,0,0,0,0,0,0,0,0,NA,NA,NA,NA
"897","Cordale Flott","NYG","DB","15866","robust",NA,NA,NA,NA,NA,NA,NA,NA,NA,NA,NA,NA,NA,NA,NA,NA,NA,NA,NA,NA,NA,NA,NA,NA,NA,NA,NA,NA,NA,NA,NA,NA,NA,NA,NA,NA,NA,NA,NA,NA,NA,NA,NA,NA,NA,NA,NA,NA,NA,NA,0.95,0.37065,0,0,0,0,0.3,0,0,0,NA,NA,NA,NA
"898","Mike Hughes","ATL","DB","13731","robust",NA,NA,NA,NA,NA,NA,NA,NA,NA,NA,NA,NA,NA,NA,NA,NA,NA,NA,NA,NA,NA,NA,NA,NA,NA,NA,NA,NA,NA,NA,NA,NA,NA,NA,NA,NA,NA,NA,NA,NA,NA,NA,NA,NA,NA,NA,NA,NA,NA,NA,0.9,0.29652,0,0,0,0,0.1,0,0,0,NA,NA,NA,NA
"899","Essang Bassey","DEN","DB","15079","robust",NA,NA,NA,NA,NA,NA,NA,NA,NA,NA,NA,NA,NA,NA,NA,NA,NA,NA,NA,NA,NA,NA,NA,NA,NA,NA,NA,NA,NA,NA,NA,NA,NA,NA,NA,NA,NA,NA,NA,NA,NA,NA,NA,NA,NA,NA,NA,NA,NA,NA,0.8,0.29652,0,0,0,0,0.1,0,0,0,NA,NA,NA,NA
"900","Cameron Mitchell","CLE","DB","16309","robust",NA,NA,NA,NA,NA,NA,NA,NA,NA,NA,NA,NA,NA,NA,NA,NA,NA,NA,NA,NA,NA,NA,NA,NA,NA,NA,NA,NA,NA,NA,NA,NA,NA,NA,NA,NA,NA,NA,NA,NA,NA,NA,NA,NA,NA,NA,NA,NA,NA,NA,0.85,0.22239,0,0,0,0,0.1,0,0,0,NA,NA,NA,NA
"901","Quentin Lake","LAR","DB","15923","robust",NA,NA,NA,NA,NA,NA,NA,NA,NA,NA,NA,NA,NA,NA,NA,NA,NA,NA,NA,NA,NA,NA,NA,NA,NA,NA,NA,NA,NA,NA,NA,NA,NA,NA,NA,NA,NA,NA,NA,NA,NA,NA,NA,NA,NA,NA,NA,NA,NA,NA,0.95,0.07413,0,0,0,0,0.1,0,0,0,NA,NA,NA,NA
"902","Duke Shelley","LAR","DB","14278","robust",NA,NA,NA,NA,NA,NA,NA,NA,NA,NA,NA,NA,NA,NA,NA,NA,NA,NA,NA,NA,NA,NA,NA,NA,NA,NA,NA,NA,NA,NA,NA,NA,NA,NA,NA,NA,NA,NA,NA,NA,NA,NA,NA,NA,NA,NA,NA,NA,NA,NA,0.65,0.37065,0,0,0,0,0.2,0,0,0,NA,NA,NA,NA
"903","Montaric Brown","JAC","DB","15933","robust",NA,NA,NA,NA,NA,NA,NA,NA,NA,NA,NA,NA,NA,NA,NA,NA,NA,NA,NA,NA,NA,NA,NA,NA,NA,NA,NA,NA,NA,NA,NA,NA,NA,NA,NA,NA,NA,NA,NA,NA,NA,NA,NA,NA,NA,NA,NA,NA,NA,NA,0.8,0.14826,0,0,0,0,0,0,0,0,NA,NA,NA,NA
"904","Jalen Davis","CIN","DB","14037","robust",NA,NA,NA,NA,NA,NA,NA,NA,NA,NA,NA,NA,NA,NA,NA,NA,NA,NA,NA,NA,NA,NA,NA,NA,NA,NA,NA,NA,NA,NA,NA,NA,NA,NA,NA,NA,NA,NA,NA,NA,NA,NA,NA,NA,NA,NA,NA,NA,NA,NA,0.4,0.29652,0,0,0,0,0.2,0,0,0,NA,NA,NA,NA
"905","Noah Igbinoghene","DAL","DB","14919","robust",NA,NA,NA,NA,NA,NA,NA,NA,NA,NA,NA,NA,NA,NA,NA,NA,NA,NA,NA,NA,NA,NA,NA,NA,NA,NA,NA,NA,NA,NA,NA,NA,NA,NA,NA,NA,NA,NA,NA,NA,NA,NA,NA,NA,NA,NA,NA,NA,NA,NA,0.3,0.14826,0,0,0,0,0,0,0.1,0,NA,NA,NA,NA
