"","player","team","position","id","avg_type","pass_att","pass_att_sd","pass_comp","pass_comp_sd","pass_yds","pass_yds_sd","pass_tds","pass_tds_sd","pass_int","pass_int_sd","rush_att","rush_att_sd","rush_yds","rush_yds_sd","rush_tds","rush_tds_sd","fumbles_lost","fumbles_lost_sd","two_pts","two_pts_sd","return_tds","return_tds_sd","rec","rec_sd","rec_yds","rec_yds_sd","rec_tds","rec_tds_sd","dst_int","dst_int_sd","dst_sacks","dst_sacks_sd","dst_safety","dst_safety_sd","dst_td","dst_td_sd","dst_blk","dst_blk_sd","fg_0019","fg_0019_sd","fg_2029","fg_2029_sd","fg_3039","fg_3039_sd","fg_4049","fg_4049_sd","fg_50","fg_50_sd","xp","xp_sd","injury_status","injury_details","week","season_year"
"1","Dak Prescott","DAL","QB","2555260","robust",37.4,1.33434,24.885,0.845082,304.0275,5.33736000000003,1.89,0.14826,0.6,0.103782,3.775,0.148259999999999,18.7208333333333,0.444780000000001,0.222464522960791,0.0369598034833374,0.25,0.07413,0,NA,0,NA,NA,NA,NA,NA,NA,NA,NA,NA,NA,NA,NA,NA,NA,NA,NA,NA,NA,NA,NA,NA,NA,NA,NA,NA,NA,NA,NA,NA,NA,NA,NA,NA
"2","Patrick Mahomes","KC","QB","2558125","robust",37.225,1.63086,24,1.03782,287.9,8.1543,1.975,0.14826,0.55,0.14826,4.05,0.44478,21.0754166666667,1.77912,0.112636141165039,0.0226426857825726,0.0975,0.00741300000000001,0,NA,0,NA,NA,NA,NA,NA,NA,NA,NA,NA,NA,NA,NA,NA,NA,NA,NA,NA,NA,NA,NA,NA,NA,NA,NA,NA,NA,NA,NA,NA,NA,NA,NA,NA
"3","Russell Wilson","SEA","QB","2532975","robust",34.1,1.03782,23.75,0.7413,282.6225,20.0299260000001,2.45,0.14826,0.4,0.14826,4.35,0.29652,24.8983333333333,0.449722000000002,0.10576367204392,0.0170904403446323,0.11,0.029652,0,NA,0,NA,NA,NA,NA,NA,NA,NA,NA,NA,NA,NA,NA,NA,NA,NA,NA,NA,NA,NA,NA,NA,NA,NA,NA,NA,NA,NA,NA,NA,NA,NA,NA,NA
"4","Matt Ryan","ATL","QB","310","robust",38.9,1.18608000000001,26.2,0.415128000000002,299.6,10.97124,1.8325,0.14826,0.8,0,2.195,0.29652,7.6925,0.252042,0.0502138730047619,0.0728616475325599,0.225,0.037065,0,NA,0,NA,NA,NA,NA,NA,NA,NA,NA,NA,NA,NA,NA,NA,NA,NA,NA,NA,NA,NA,NA,NA,NA,NA,NA,NA,NA,NA,NA,NA,NA,NA,NA,NA
"5","Matthew Stafford","DET","QB","79860","robust",36.8425,2.03116200000001,24.05,0.7413,277.5,16.842336,1.8075,0.29652,0.75,0.14826,2.55,0.29652,9.62916666666667,0.135905,0.05,0.0725639918456076,0.2125,0.037065,0,NA,0,NA,NA,NA,NA,NA,NA,NA,NA,NA,NA,NA,NA,NA,NA,NA,NA,NA,NA,NA,NA,NA,NA,NA,NA,NA,NA,NA,NA,NA,NA,NA,NA,NA
"6","Carson Wentz","PHI","QB","2555259","robust",35.66,1.85325,23.15,0.934037999999998,266.86,12.513144,1.905,0.0741300000000002,0.75,0.088956,3.1,0.14826,12.04,0.978516,0.1,0.0254318606019248,0.35,0.07413,0,NA,0,NA,NA,NA,NA,NA,NA,NA,NA,NA,NA,NA,NA,NA,NA,NA,NA,NA,NA,NA,NA,NA,NA,NA,NA,NA,NA,NA,NA,NA,NA,NA,NA,NA
"7","Aaron Rodgers","GB","QB","2506363","robust",36.5,0.889560000000002,23.2,0.978516,263,8.8956,1.825,0.14826,0.315,0.0593040000000001,2.65,0.14826,11.8675,0.59304,0.1,0,0.2,0,0,NA,0,NA,NA,NA,NA,NA,NA,NA,NA,NA,NA,NA,NA,NA,NA,NA,NA,NA,NA,NA,NA,NA,NA,NA,NA,NA,NA,NA,NA,NA,NA,NA,NA,NA
"8","Ben Roethlisberger","PIT","QB","2506109","robust",35.975,1.92738,24.02,1.03782,280.2,4.13645400000003,1.95,0.133434,0.8,0,2,0.14826,4.98416666666667,1.307159,0.0872814718365716,0,0.0875,0.037065,0,NA,0,NA,NA,NA,NA,NA,NA,NA,NA,NA,NA,NA,NA,NA,NA,NA,NA,NA,NA,NA,NA,NA,NA,NA,NA,NA,NA,NA,NA,NA,NA,NA,NA,NA
"9","Drew Brees","NO","QB","2504775","robust",33.325,2.698332,23.475,1.4826,272.955,2.66868000000002,1.95,0.044478,0.6,0.118608,1.125,0.14826,2.2175,0.244629,0.05,0.0740700364004044,0.09875,0.0037065,0,NA,0,NA,NA,NA,NA,NA,NA,NA,NA,NA,NA,NA,NA,NA,NA,NA,NA,NA,NA,NA,NA,NA,NA,NA,NA,NA,NA,NA,NA,NA,NA,NA,NA,NA
"10","Kyler Murray","ARI","QB","2562382","robust",36.365,0.296520000000004,23.65,0.444780000000001,270.05,7.413,1.825,0.14826,0.8,0,7.5,1.03782,46.8645833333333,4.00302,0.508800505172427,0.14826,0.1,0,0,NA,0,NA,NA,NA,NA,NA,NA,NA,NA,NA,NA,NA,NA,NA,NA,NA,NA,NA,NA,NA,NA,NA,NA,NA,NA,NA,NA,NA,NA,NA,NA,NA,NA,NA
"11","Ryan Fitzpatrick","MIA","QB","2506581","robust",36.8625,0.593040000000008,23.45,0.444780000000001,275,5.9304,1.73,0.0889560000000001,1,0,3.725,0.148259999999999,16.3,2.500652,0.100767221570507,0.00227496540086783,0.1,0,0,NA,0,NA,NA,NA,NA,NA,NA,NA,NA,NA,NA,NA,NA,NA,NA,NA,NA,NA,NA,NA,NA,NA,NA,NA,NA,NA,NA,NA,NA,NA,NA,NA,NA,NA
"12","Gardner Minshew","JAC","QB","2562796","robust",35.85,0.7413,22.7,0.444780000000001,265,10.3782,2,0,0.75,0.14826,4.4,0.444780000000001,22.4625,0.593040000000003,0.05,0.0712975218340611,0.333333333333333,0.04942,0,NA,0,NA,NA,NA,NA,NA,NA,NA,NA,NA,NA,NA,NA,NA,NA,NA,NA,NA,NA,NA,NA,NA,NA,NA,NA,NA,NA,NA,NA,NA,NA,NA,NA,NA
"13","Jared Goff","LAR","QB","2555334","robust",35.5,0.681995999999991,22.84,0.148260000000002,262.6825,9.19211999999998,1.65,0.29652,0.9,0,2.9,0.252042,8.50583333333333,1.77912,0.1,0,0.1875,0.037065,0,NA,0,NA,NA,NA,NA,NA,NA,NA,NA,NA,NA,NA,NA,NA,NA,NA,NA,NA,NA,NA,NA,NA,NA,NA,NA,NA,NA,NA,NA,NA,NA,NA,NA,NA
"14","Philip Rivers","IND","QB","2506121","robust",33,0.822843,22.05,0.985929000000001,256.94,10.82298,1.9,0.00741300000000001,0.905,0.14826,1.45,0.415128,2.649,0.59304,0.00273643031784841,0,0.1,0,0,NA,0,NA,NA,NA,NA,NA,NA,NA,NA,NA,NA,NA,NA,NA,NA,NA,NA,NA,NA,NA,NA,NA,NA,NA,NA,NA,NA,NA,NA,NA,NA,NA,NA,NA
"15","Tom Brady","TB","QB","2504211","robust",34.875,0.593039999999998,22.8575,0.281694000000002,266.75,1.4826,1.75,0.177912,0.55,0.133434,1.3675,0.14826,2.64833333333333,0.536207,0.0946547491716574,0.0158497377562015,0.1875,0.037065,0,NA,0,NA,NA,NA,NA,NA,NA,NA,NA,NA,NA,NA,NA,NA,NA,NA,NA,NA,NA,NA,NA,NA,NA,NA,NA,NA,NA,NA,NA,NA,NA,NA,NA,NA
"16","Joe Burrow","CIN","QB","2563722","robust",37.3,0.444779999999996,23.67,0.7413,257.6,5.9304,1.6,0.29652,0.81,0,4.275,0.44478,20.86,0.948864000000001,0.141252124720548,0.0870995998893152,0.466666666666667,0.2471,0,NA,0,NA,NA,NA,NA,NA,NA,NA,NA,NA,NA,NA,NA,NA,NA,NA,NA,NA,NA,NA,NA,NA,NA,NA,NA,NA,NA,NA,NA,NA,NA,NA,NA,NA
"17","Justin Herbert","LAC","QB","2565045","robust",33.2,0.444779999999996,20.54,1.008168,244.5,12.00906,1.6,0.340998,1,0,3.45,1.33434,19.525,5.003775,0.175,0.0386332489853251,0.366666666666667,0.09884,0,NA,0,NA,NA,NA,NA,NA,NA,NA,NA,NA,NA,NA,NA,NA,NA,NA,NA,NA,NA,NA,NA,NA,NA,NA,NA,NA,NA,NA,NA,NA,NA,NA,NA,NA
"18","Baker Mayfield","CLE","QB","2560800","robust",33.32,0.963689999999998,20.55,1.11195,246.15,8.18395200000001,1.8,0.103782,0.95,0.0593040000000001,2.05,0.22239,8.176,1.4410872,0.05,0.036581912776512,0.09875,0.00185325,0,NA,0,NA,NA,NA,NA,NA,NA,NA,NA,NA,NA,NA,NA,NA,NA,NA,NA,NA,NA,NA,NA,NA,NA,NA,NA,NA,NA,NA,NA,NA,NA,NA,NA,NA
"19","Daniel Jones","NYG","QB","2562299","robust",36.4,1.868076,23.4,1.986684,236,5.72283600000002,1.4,0.177912,1,0,3.8,0.518910000000001,20.265,1.875489,0.0936626536945076,0.018791499265046,0.533333333333333,0.04942,0,NA,0,NA,NA,NA,NA,NA,NA,NA,NA,NA,NA,NA,NA,NA,NA,NA,NA,NA,NA,NA,NA,NA,NA,NA,NA,NA,NA,NA,NA,NA,NA,NA,NA,NA
"20","Teddy Bridgewater","CAR","QB","2543465","robust",36.2,0.941451000000002,23.5,1.905141,251.715,5.50785900000001,1.095,0.14826,0.865,0.07413,2.485,0.911799,9.795,2.1512526,0.00709856957087126,0,0.166666666666667,0.04942,0,NA,0,NA,NA,NA,NA,NA,NA,NA,NA,NA,NA,NA,NA,NA,NA,NA,NA,NA,NA,NA,NA,NA,NA,NA,NA,NA,NA,NA,NA,NA,NA,NA,NA,NA
"21","Josh Allen","BUF","QB","2560955","robust",33.71,0.7413,20,0.148259999999999,237.48,6.30105000000002,1.7,0.126021,0.8,0.088956,7.4,0.29652,39.648,3.2261376,0.4,0.0368386071906172,0.366666666666667,0.02471,0,NA,0,NA,NA,NA,NA,NA,NA,NA,NA,NA,NA,NA,NA,NA,NA,NA,NA,NA,NA,NA,NA,NA,NA,NA,NA,NA,NA,NA,NA,NA,NA,NA,NA,NA
"22","Lamar Jackson","BAL","QB","2560757","robust",30,0.7413,19.7,1.823598,231.745,19.57032,1.96,0.14826,0.5,0.237216,10.94,1.77912,63.97125,1.4826,0.520478381425086,0.0755484966016637,0.266666666666667,0.04942,0,NA,0,NA,NA,NA,NA,NA,NA,NA,NA,NA,NA,NA,NA,NA,NA,NA,NA,NA,NA,NA,NA,NA,NA,NA,NA,NA,NA,NA,NA,NA,NA,NA,NA,NA
"23","Deshaun Watson","HOU","QB","2558063","robust",33.3,1.638273,21.41,0.459606000000001,245,5.57457600000001,1.15,0.22239,0.895,0.155673,5.85,0.66717,28.635,2.2416912,0.332222648386256,0.051891,0.133333333333333,0.02471,0,NA,0,NA,NA,NA,NA,NA,NA,NA,NA,NA,NA,NA,NA,NA,NA,NA,NA,NA,NA,NA,NA,NA,NA,NA,NA,NA,NA,NA,NA,NA,NA,NA,NA,NA
"24","Kirk Cousins","MIN","QB","2532820","robust",31.4,0.7413,20.75,1.33434,233.335,22.239,1.4,0.266868,0.815,0.252042,2.155,0.29652,7.4575,0.5300295,0.0463368055555555,0.0686989479166667,0.2,0,0,NA,0,NA,NA,NA,NA,NA,NA,NA,NA,NA,NA,NA,NA,NA,NA,NA,NA,NA,NA,NA,NA,NA,NA,NA,NA,NA,NA,NA,NA,NA,NA,NA,NA,NA
"25","Ryan Tannehill","TEN","QB","2532956","robust",28.44,1.85325,19.25,0.815430000000001,238.73,9.97789800000001,1.85,0.185325,0.6,0.14826,3.45,0.44478,14.7,1.008168,0.101498183070697,0.037065,0.166666666666667,0.02471,0,NA,0,NA,NA,NA,NA,NA,NA,NA,NA,NA,NA,NA,NA,NA,NA,NA,NA,NA,NA,NA,NA,NA,NA,NA,NA,NA,NA,NA,NA,NA,NA,NA,NA,NA
"26","Cam Newton","NE","QB","2495455","robust",33.3,1.319514,20.9,0.926625,249.45,3.04674300000001,1.685,0.29652,0.8,0.229803,9.97,2.74281,44.601,2.52042,0.70962616388948,0.155395875291271,0.133333333333333,0.02471,0,NA,0,NA,NA,NA,NA,NA,NA,NA,NA,NA,NA,NA,NA,NA,NA,NA,NA,NA,NA,NA,NA,NA,NA,NA,NA,NA,NA,NA,NA,NA,NA,NA,NA,NA
"27","Derek Carr","LVR","QB","2543499","robust",33.5,0.911798999999998,22.42,0.815430000000001,251.5,2.77246200000001,1.2,0.140847,0.7,0.118608,1.5,0.133434,4.303,0.593040000000001,0.05,0.0582911644426162,0.266666666666667,0.02471,0,NA,0,NA,NA,NA,NA,NA,NA,NA,NA,NA,NA,NA,NA,NA,NA,NA,NA,NA,NA,NA,NA,NA,NA,NA,NA,NA,NA,NA,NA,NA,NA,NA,NA,NA
"28","Mitchell Trubisky","CHI","QB","2558008","robust",34.05,1.55673,21.425,1.33434,235,20.0151,1.495,0.014826,0.84,0.14826,3.935,0.7413,19.63625,1.319514,0.14011951671608,0.0887788045167391,0.13,0.044478,0,NA,0,NA,NA,NA,NA,NA,NA,NA,NA,NA,NA,NA,NA,NA,NA,NA,NA,NA,NA,NA,NA,NA,NA,NA,NA,NA,NA,NA,NA,NA,NA,NA,NA,NA
"29","Nick Mullens","SF","QB","2558979","robust",30.79,2.386986,19.97,1.230558,241.26,11.475324,1.6,0.266868,0.89,0.163086,1.765,0.14826,3.915,2.794701,0.01125,0,0.133333333333333,0.04942,0,NA,0,NA,NA,NA,NA,NA,NA,NA,NA,NA,NA,NA,NA,NA,NA,NA,NA,NA,NA,NA,NA,NA,NA,NA,NA,NA,NA,NA,NA,NA,NA,NA,NA,NA
"30","Sam Darnold","NYJ","QB","2561036","robust",32.9,2.045988,21.2,0.963689999999998,221.5,22.83204,1.2,0.29652,1.1,0.326172,2.16,0.148259999999999,6.7075,1.0489395,0.0652171744921413,0.0515690170979512,0.166666666666667,0.04942,0,NA,0,NA,NA,NA,NA,NA,NA,NA,NA,NA,NA,NA,NA,NA,NA,NA,NA,NA,NA,NA,NA,NA,NA,NA,NA,NA,NA,NA,NA,NA,NA,NA,NA,NA
"31","Jeff Driskel","DEN","QB","2555262","robust",31,0.296519999999999,18.25,1.92738,206,38.265906,1.05,0.0593040000000001,0.85,0.0741300000000001,2.55,1.393644,12.8225,8.7139815,0.085,0.0298485756592993,0.0666666666666667,0.04942,0,NA,0,NA,NA,NA,NA,NA,NA,NA,NA,NA,NA,NA,NA,NA,NA,NA,NA,NA,NA,NA,NA,NA,NA,NA,NA,NA,NA,NA,NA,NA,NA,NA,NA,NA
"32","Dwayne Haskins","WAS","QB","2562660","robust",30.5,1.571556,18.125,1.33434,209.5,9.87411599999999,1.14,0.118608,0.865,0.14826,2.44,0.7413,9.5,2.07564,0.0105027173913043,0,0.233333333333333,0.04942,0,NA,0,NA,NA,NA,NA,NA,NA,NA,NA,NA,NA,NA,NA,NA,NA,NA,NA,NA,NA,NA,NA,NA,NA,NA,NA,NA,NA,NA,NA,NA,NA,NA,NA,NA
"33","Matt Barkley","BUF","QB","2539308","robust",1.1,0.81543,0.6,0.44478,7.1,5.26323,0,0,0,0,0.2,0.14826,0.15,0.04942,0,0,0.05,0.04942,0,NA,0,NA,NA,NA,NA,NA,NA,NA,NA,NA,NA,NA,NA,NA,NA,NA,NA,NA,NA,NA,NA,NA,NA,NA,NA,NA,NA,NA,NA,NA,NA,NA,NA,NA
"34","Kyle Allen","WAS","QB","2561177","robust",1.2,0.88956,0.7,0.51891,13.525,11.34189,0.1,0.07413,0,0,0.1,0.07413,0.325,0.14826,0,0,0.0125,0.012355,0,NA,0,NA,NA,NA,NA,NA,NA,NA,NA,NA,NA,NA,NA,NA,NA,NA,NA,NA,NA,NA,NA,NA,NA,NA,NA,NA,NA,NA,NA,NA,NA,NA,NA,NA
"35","Mason Rudolph","PIT","QB","2560860","robust",3.85,0,2.5,0,26.95,5.33736,0.175,0,0.075,0,0.45,0,0.75,0.37065,0,0,0,0,0,NA,0,NA,NA,NA,NA,NA,NA,NA,NA,NA,NA,NA,NA,NA,NA,NA,NA,NA,NA,NA,NA,NA,NA,NA,NA,NA,NA,NA,NA,NA,NA,NA,NA,NA
"36","Jameis Winston","NO","QB","2552033","robust",1.4,1.03782,0.9,0.66717,10.2,7.56126,0.1,0.07413,0,0,0.3,0.22239,0.975,0.32123,0,0,0.0125,0.012355,0,NA,0,NA,NA,NA,NA,NA,NA,NA,NA,NA,NA,NA,NA,NA,NA,NA,NA,NA,NA,NA,NA,NA,NA,NA,NA,NA,NA,NA,NA,NA,NA,NA,NA,NA
"37","Jacoby Brissett","IND","QB","2555261","robust",0.7,0.51891,0.4,0.29652,8.95,7.70952,0,0,0,0,0.1,0.07413,0.275,0.17297,0,0,0.0125,0.012355,0,NA,0,NA,NA,NA,NA,NA,NA,NA,NA,NA,NA,NA,NA,NA,NA,NA,NA,NA,NA,NA,NA,NA,NA,NA,NA,NA,NA,NA,NA,NA,NA,NA,NA,NA
"38","Andy Dalton","DAL","QB","2495143","robust",1.5,1.11195,1,0.7413,12.7,9.41451,0.1,0.07413,0,0,0.3,0.07413,0.975,0.32123,0,0,0.01,0.009884,0,NA,0,NA,NA,NA,NA,NA,NA,NA,NA,NA,NA,NA,NA,NA,NA,NA,NA,NA,NA,NA,NA,NA,NA,NA,NA,NA,NA,NA,NA,NA,NA,NA,NA,NA
"39","Nick Foles","CHI","QB","2532842","robust",2.3,1.70499,1.6,1.18608,16.4,12.15732,0.1,0.07413,0.1,0,0.1,0.07413,0.3,0.09884,0,0,0.0175,0.017297,0,NA,0,NA,NA,NA,NA,NA,NA,NA,NA,NA,NA,NA,NA,NA,NA,NA,NA,NA,NA,NA,NA,NA,NA,NA,NA,NA,NA,NA,NA,NA,NA,NA,NA,NA
"40","Mike Glennon","FA","QB","2539275","robust",1.125,0,0.7,0,13.3,14.23296,0.1,0.14826,0.07,0.014826,0.075,0,0,0,0,0,0.15,0.22239,0,NA,0,NA,NA,NA,NA,NA,NA,NA,NA,NA,NA,NA,NA,NA,NA,NA,NA,NA,NA,NA,NA,NA,NA,NA,NA,NA,NA,NA,NA,NA,NA,NA,NA,NA
"41","Derrick Henry","TEN","RB","2556075","robust",NA,NA,NA,NA,NA,NA,NA,NA,NA,NA,21.6,0.593039999999998,102.976666666667,6.45425199999999,0.817141614596649,0.0508283156019829,0.11,0,0,NA,0,NA,1.465,0.14826,12.3025,1.33434,0.08,0,NA,NA,NA,NA,NA,NA,NA,NA,NA,NA,NA,NA,NA,NA,NA,NA,NA,NA,NA,NA,NA,NA,NA,NA,NA,NA
"42","Jonathan Taylor","IND","RB","2564148","robust",NA,NA,NA,NA,NA,NA,NA,NA,NA,NA,19.33,0.681996000000001,81.6,5.1891,0.735344481890127,0.014826,0.146666666666667,0.069188,0,NA,0,NA,2.85,0.133434,23.8,2.846592,0.1,0.103782,NA,NA,NA,NA,NA,NA,NA,NA,NA,NA,NA,NA,NA,NA,NA,NA,NA,NA,NA,NA,NA,NA,NA,NA,NA,NA
"43","Ezekiel Elliott","DAL","RB","2555224","robust",NA,NA,NA,NA,NA,NA,NA,NA,NA,NA,19.85,0.7413,86.2595833333333,2.2239,0.7,0.0296519999999999,0.19,0,0,NA,0,NA,4.05,0.148259999999999,32.45,1.77911999999999,0.2,0,NA,NA,NA,NA,NA,NA,NA,NA,NA,NA,NA,NA,NA,NA,NA,NA,NA,NA,NA,NA,NA,NA,NA,NA,NA,NA
"44","Josh Jacobs","LVR","RB","2562377","robust",NA,NA,NA,NA,NA,NA,NA,NA,NA,NA,17.885,1.378818,78.5533333333333,7.039879,0.6,0.0397374557478147,0.11,0,0,NA,0,NA,2.85,0.44478,22.25,1.4826,0.05,0.014826,NA,NA,NA,NA,NA,NA,NA,NA,NA,NA,NA,NA,NA,NA,NA,NA,NA,NA,NA,NA,NA,NA,NA,NA,NA,NA
"45","Nick Chubb","CLE","RB","2561021","robust",NA,NA,NA,NA,NA,NA,NA,NA,NA,NA,17.355,1.18608,84.7979166666667,4.13892499999999,0.7,0,0.14,0.059304,0,NA,0,NA,1.45,0.29652,11.45,1.03782,0.0625,0.044478,NA,NA,NA,NA,NA,NA,NA,NA,NA,NA,NA,NA,NA,NA,NA,NA,NA,NA,NA,NA,NA,NA,NA,NA,NA,NA
"46","Aaron Jones","GB","RB","2558116","robust",NA,NA,NA,NA,NA,NA,NA,NA,NA,NA,14.175,0.37065,65.6508333333333,1.92738,0.758409170251186,0.0444779999999999,0.11,0,0,NA,0,NA,3.6,0.59304,30.45,2.07564,0.2,0,NA,NA,NA,NA,NA,NA,NA,NA,NA,NA,NA,NA,NA,NA,NA,NA,NA,NA,NA,NA,NA,NA,NA,NA,NA,NA
"47","Dalvin Cook","MIN","RB","2557991","robust",NA,NA,NA,NA,NA,NA,NA,NA,NA,NA,17.1,0.444779999999996,75.9841666666667,2.37215999999999,0.723141099649294,0.0686179886800853,0.131,0.0474432,0,NA,0,NA,3.3,0.14826,27.175,1.63086,0.08,0.059304,NA,NA,NA,NA,NA,NA,NA,NA,NA,NA,NA,NA,NA,NA,NA,NA,NA,NA,NA,NA,NA,NA,NA,NA,NA,NA
"48","Devin Singletary","BUF","RB","2562734","robust",NA,NA,NA,NA,NA,NA,NA,NA,NA,NA,15.55,1.26021,71.375,2.720571,0.3,0.0190668319935888,0.10625,0.00926625000000001,0,NA,0,NA,3.005,0.140847,22.3,2.572311,0.1,0.00741300000000001,NA,NA,NA,NA,NA,NA,NA,NA,NA,NA,NA,NA,NA,NA,NA,NA,NA,NA,NA,NA,NA,NA,NA,NA,NA,NA
"49","Miles Sanders","PHI","RB","2562722","robust",NA,NA,NA,NA,NA,NA,NA,NA,NA,NA,16.5,0.667169999999999,76.365,1.0037202,0.6,0.0629072376936275,0.1875,0.0185325,0,NA,0,NA,3.4,0.14826,34.35,1.03782,0.2,0.022239,NA,NA,NA,NA,NA,NA,NA,NA,NA,NA,NA,NA,NA,NA,NA,NA,NA,NA,NA,NA,NA,NA,NA,NA,NA,NA
"50","Chris Carson","SEA","RB","2558865","robust",NA,NA,NA,NA,NA,NA,NA,NA,NA,NA,16.2475,0.889560000000002,66.7833333333333,2.2239,0.595,0.0473667108422149,0.11,0,0,NA,0,NA,3.2,0.29652,24,2.757636,0.22,0.059304,NA,NA,NA,NA,NA,NA,NA,NA,NA,NA,NA,NA,NA,NA,NA,NA,NA,NA,NA,NA,NA,NA,NA,NA,NA,NA
"51","James Robinson","JAC","RB","2564223","robust",NA,NA,NA,NA,NA,NA,NA,NA,NA,NA,15.85,0,72.55,2.29803,0.549591221417574,0.0729178897473913,0.1075,0.103782,0,NA,0,NA,2.625,0.148259999999999,24.6,6.81996,0.1,0,NA,NA,NA,NA,NA,NA,NA,NA,NA,NA,NA,NA,NA,NA,NA,NA,NA,NA,NA,NA,NA,NA,NA,NA,NA,NA
"52","James Conner","PIT","RB","2557978","robust",NA,NA,NA,NA,NA,NA,NA,NA,NA,NA,15.69,0.548562000000001,69.025,2.50806500000002,0.626235622341411,0.0777938673667526,0.107,0.0207564,0,NA,0,NA,2.65,0.29652,20.4275,2.37216,0.1,0,NA,NA,NA,NA,NA,NA,NA,NA,NA,NA,NA,NA,NA,NA,NA,NA,NA,NA,NA,NA,NA,NA,NA,NA,NA,NA
"53","Austin Ekeler","LAC","RB","2559169","robust",NA,NA,NA,NA,NA,NA,NA,NA,NA,NA,12.35,0.340998000000001,59,3.3269544,0.44,0.059304,0.09625,0.00555975,0,NA,0,NA,4.17,0.0741299999999997,40.2,1.430709,0.3,0.133434,NA,NA,NA,NA,NA,NA,NA,NA,NA,NA,NA,NA,NA,NA,NA,NA,NA,NA,NA,NA,NA,NA,NA,NA,NA,NA
"54","Kenyan Drake","ARI","RB","2555230","robust",NA,NA,NA,NA,NA,NA,NA,NA,NA,NA,15.3,1.022994,69.9,2.1972132,0.615,0.106862855000717,0.10375,0.00555975,0,NA,0,NA,3.1,0.192738,24.2,3.083808,0.1,0.029652,NA,NA,NA,NA,NA,NA,NA,NA,NA,NA,NA,NA,NA,NA,NA,NA,NA,NA,NA,NA,NA,NA,NA,NA,NA,NA
"55","Joe Mixon","CIN","RB","2557976","robust",NA,NA,NA,NA,NA,NA,NA,NA,NA,NA,17,0.296519999999999,69.1,2.52041999999999,0.555695279599878,0.0825738215347796,0.11125,0.01667925,0,NA,0,NA,2.55,0.126021,21.4,3.343263,0.1,0.00741300000000001,NA,NA,NA,NA,NA,NA,NA,NA,NA,NA,NA,NA,NA,NA,NA,NA,NA,NA,NA,NA,NA,NA,NA,NA,NA,NA
"56","Mike Davis","CAR","RB","2553439","robust",NA,NA,NA,NA,NA,NA,NA,NA,NA,NA,11.27,1.77912,51,2.9652,0.273161916237576,0.0499282859723389,0.1,0,0,NA,0,NA,4,1.18608,29.62,12.987576,0.05,0.059304,NA,NA,NA,NA,NA,NA,NA,NA,NA,NA,NA,NA,NA,NA,NA,NA,NA,NA,NA,NA,NA,NA,NA,NA,NA,NA
"57","Melvin Gordon","DEN","RB","2552469","robust",NA,NA,NA,NA,NA,NA,NA,NA,NA,NA,16.695,0.889560000000002,61.7575,6.2899305,0.600509499168799,0.0904667669353222,0.233333333333333,0.09884,0,NA,0,NA,2.71,0.281694,19.1,3.11346,0.1,0.14826,NA,NA,NA,NA,NA,NA,NA,NA,NA,NA,NA,NA,NA,NA,NA,NA,NA,NA,NA,NA,NA,NA,NA,NA,NA,NA
"58","Alvin Kamara","NO","RB","2558019","robust",NA,NA,NA,NA,NA,NA,NA,NA,NA,NA,13.13,0.637518000000001,63.964,2.9652,0.700089261796108,0.0370649999999999,0.10125,0.00185325,0,NA,0,NA,6,0.192738,48.01,3.26171999999999,0.2,0,NA,NA,NA,NA,NA,NA,NA,NA,NA,NA,NA,NA,NA,NA,NA,NA,NA,NA,NA,NA,NA,NA,NA,NA,NA,NA
"59","David Montgomery","CHI","RB","2562502","robust",NA,NA,NA,NA,NA,NA,NA,NA,NA,NA,14.475,0.59304,58.415,4.366257,0.54824859509469,0.118608,0.123333333333333,0.034594,0,NA,0,NA,1.7,0.29652,14.8,1.92738,0.1,0.044478,NA,NA,NA,NA,NA,NA,NA,NA,NA,NA,NA,NA,NA,NA,NA,NA,NA,NA,NA,NA,NA,NA,NA,NA,NA,NA
"60","Leonard Fournette","TB","RB","2557973","robust",NA,NA,NA,NA,NA,NA,NA,NA,NA,NA,13.6,2.07564,54.4,1.63086,0.566979950779187,0.247564475025222,0.116666666666667,0.02471,0,NA,0,NA,2.55,0.7413,19,3.7065,0.04,0.029652,NA,NA,NA,NA,NA,NA,NA,NA,NA,NA,NA,NA,NA,NA,NA,NA,NA,NA,NA,NA,NA,NA,NA,NA,NA,NA
"61","Todd Gurley","ATL","RB","2552475","robust",NA,NA,NA,NA,NA,NA,NA,NA,NA,NA,15.6,0.59304,61.8,1.860663,0.45,0.104903175222783,0.108,0.0237216,0,NA,0,NA,2.175,0.14826,16.31,0.711648000000001,0.1,0,NA,NA,NA,NA,NA,NA,NA,NA,NA,NA,NA,NA,NA,NA,NA,NA,NA,NA,NA,NA,NA,NA,NA,NA,NA,NA
"62","David Johnson","HOU","RB","2553435","robust",NA,NA,NA,NA,NA,NA,NA,NA,NA,NA,15.505,0.444780000000001,58.394,1.97927100000001,0.3,0.0172061099504472,0.10625,0.00926625000000001,0,NA,0,NA,2.67,0.0741300000000001,24.6,3.85476,0.1,0.007413,NA,NA,NA,NA,NA,NA,NA,NA,NA,NA,NA,NA,NA,NA,NA,NA,NA,NA,NA,NA,NA,NA,NA,NA,NA,NA
"63","Clyde Edwards-Helaire","KC","RB","2564271","robust",NA,NA,NA,NA,NA,NA,NA,NA,NA,NA,13.3,0.148260000000002,60.905,1.623447,0.550123740456784,0.133434,0.123333333333333,0.034594,0,NA,0,NA,3.05,0.14826,27,2.550072,0.15,0.014826,NA,NA,NA,NA,NA,NA,NA,NA,NA,NA,NA,NA,NA,NA,NA,NA,NA,NA,NA,NA,NA,NA,NA,NA,NA,NA
"64","Jerick McKinnon","SF","RB","2543715","robust",NA,NA,NA,NA,NA,NA,NA,NA,NA,NA,11.95,1.18608,53.19,1.70499,0.3,0.0714200755249205,0.1075,0.0111195,0,NA,0,NA,2.82,0.874734,24.35,5.26323,0.115,0.07413,NA,NA,NA,NA,NA,NA,NA,NA,NA,NA,NA,NA,NA,NA,NA,NA,NA,NA,NA,NA,NA,NA,NA,NA,NA,NA
"65","Joshua Kelley","LAC","RB","2565054","robust",NA,NA,NA,NA,NA,NA,NA,NA,NA,NA,13,0,54.24,4.507104,0.332047012482825,0.249007099292964,0.13,0.044478,0,NA,0,NA,1.3,0.44478,11,1.55673,0.03,0,NA,NA,NA,NA,NA,NA,NA,NA,NA,NA,NA,NA,NA,NA,NA,NA,NA,NA,NA,NA,NA,NA,NA,NA,NA,NA
"66","Frank Gore","NYJ","RB","2506404","robust",NA,NA,NA,NA,NA,NA,NA,NA,NA,NA,14.44,0.296519999999999,51.4525,5.2595235,0.199348200184444,0.0167587168130859,0.1,0,0,NA,0,NA,1.25,0.192738,8.38,3.736152,0,0,NA,NA,NA,NA,NA,NA,NA,NA,NA,NA,NA,NA,NA,NA,NA,NA,NA,NA,NA,NA,NA,NA,NA,NA,NA,NA
"67","Darrell Henderson","LAR","RB","2562574","robust",NA,NA,NA,NA,NA,NA,NA,NA,NA,NA,11.835,1.534491,48.4,6.731004,0.368532426839673,0.051891,0.0875,0.0185325,0,NA,0,NA,1.7,0.37065,14.4,3.914064,0.035,0,NA,NA,NA,NA,NA,NA,NA,NA,NA,NA,NA,NA,NA,NA,NA,NA,NA,NA,NA,NA,NA,NA,NA,NA,NA,NA
"68","Jeffery Wilson","SF","RB","2560938","robust",NA,NA,NA,NA,NA,NA,NA,NA,NA,NA,11.225,5.9304,48.4,11.1195,0.249106092349681,0.0714793850352752,0.2175,0.192738,0,NA,0,NA,1,0.7413,8.5,2.52042,0.1,0.14826,NA,NA,NA,NA,NA,NA,NA,NA,NA,NA,NA,NA,NA,NA,NA,NA,NA,NA,NA,NA,NA,NA,NA,NA,NA,NA
"69","Mark Ingram","BAL","RB","2495466","robust",NA,NA,NA,NA,NA,NA,NA,NA,NA,NA,10.55,1.4826,50.7725,3.74727149999999,0.463935075498144,0.130276285867096,0.1,0,0,NA,0,NA,1.65,0.355824,14.15,2.07564,0.12,0.118608,NA,NA,NA,NA,NA,NA,NA,NA,NA,NA,NA,NA,NA,NA,NA,NA,NA,NA,NA,NA,NA,NA,NA,NA,NA,NA
"70","Kareem Hunt","CLE","RB","2557917","robust",NA,NA,NA,NA,NA,NA,NA,NA,NA,NA,9.1,0.748713,45.59,4.59606,0.29,0.014826,0.0875,0.0185325,0,NA,0,NA,3.155,0.22239,26.3,2.2239,0.2,0,NA,NA,NA,NA,NA,NA,NA,NA,NA,NA,NA,NA,NA,NA,NA,NA,NA,NA,NA,NA,NA,NA,NA,NA,NA,NA
"71","Gus Edwards","BAL","RB","2561324","robust",NA,NA,NA,NA,NA,NA,NA,NA,NA,NA,6.6,0.770951999999999,32,5.26323,0.111851560658962,0.0862108761670222,0.0466666666666667,0.009884,0,NA,0,NA,0.295,0.14826,1.785,0.637518,0,0,NA,NA,NA,NA,NA,NA,NA,NA,NA,NA,NA,NA,NA,NA,NA,NA,NA,NA,NA,NA,NA,NA,NA,NA,NA,NA
"72","Antonio Gibson","WAS","RB","2565276","robust",NA,NA,NA,NA,NA,NA,NA,NA,NA,NA,10.8,1.18608,45.605,2.527833,0.405712597072414,0.14826,0.126666666666667,0.039536,0,NA,0,NA,2.4,0.44478,19.08,2.846592,0.085,0.014826,NA,NA,NA,NA,NA,NA,NA,NA,NA,NA,NA,NA,NA,NA,NA,NA,NA,NA,NA,NA,NA,NA,NA,NA,NA,NA
"73","Sony Michel","NE","RB","2560809","robust",NA,NA,NA,NA,NA,NA,NA,NA,NA,NA,12.05,1.675338,43.46,2.431464,0.3,0.14826,0.0833333333333333,0.02471,0,NA,0,NA,0.65,0.29652,5.1,1.33434,0,0,NA,NA,NA,NA,NA,NA,NA,NA,NA,NA,NA,NA,NA,NA,NA,NA,NA,NA,NA,NA,NA,NA,NA,NA,NA,NA
"74","Adrian Peterson","DET","RB","2507164","robust",NA,NA,NA,NA,NA,NA,NA,NA,NA,NA,10.9,1.70499,41.97,5.381838,0.181578236037086,0.0546242145028315,0.1,0,0,NA,0,NA,1.005,0.14826,8,0.474432,0.015,0,NA,NA,NA,NA,NA,NA,NA,NA,NA,NA,NA,NA,NA,NA,NA,NA,NA,NA,NA,NA,NA,NA,NA,NA,NA,NA
"75","Latavius Murray","NO","RB","2541161","robust",NA,NA,NA,NA,NA,NA,NA,NA,NA,NA,8.7,0.533735999999999,36.7575,0.530029500000002,0.203951042624064,0.142402184205562,0.0666666666666667,0.04942,0,NA,0,NA,1.39,0.177912,10.115,1.4826,0.01,0,NA,NA,NA,NA,NA,NA,NA,NA,NA,NA,NA,NA,NA,NA,NA,NA,NA,NA,NA,NA,NA,NA,NA,NA,NA,NA
"76","Malcolm Brown","LAR","RB","2552382","robust",NA,NA,NA,NA,NA,NA,NA,NA,NA,NA,10.75,0.696822000000001,44.9,1.63086,0.286929567176697,0.023930447407658,0.0866666666666667,0.019768,0,NA,0,NA,1.8,0.14826,13.5,2.81694,0.075,0.029652,NA,NA,NA,NA,NA,NA,NA,NA,NA,NA,NA,NA,NA,NA,NA,NA,NA,NA,NA,NA,NA,NA,NA,NA,NA,NA
"77","Alexander Mattison","MIN","RB","2562682","robust",NA,NA,NA,NA,NA,NA,NA,NA,NA,NA,6.3,1.92738,29.37,12.409362,0.103421430573323,0.0394053870319915,0.08,0.029652,0,NA,0,NA,1.25,0.44478,9,3.11346,0,0,NA,NA,NA,NA,NA,NA,NA,NA,NA,NA,NA,NA,NA,NA,NA,NA,NA,NA,NA,NA,NA,NA,NA,NA,NA,NA
"78","J.K. Dobbins","BAL","RB","2563548","robust",NA,NA,NA,NA,NA,NA,NA,NA,NA,NA,7.2,1.18608,34.4025,11.4123135,0.155342074842573,0.0662098398384016,0.04,0.029652,0,NA,0,NA,1.2,0.59304,10,4.59606,0.05,0.07413,NA,NA,NA,NA,NA,NA,NA,NA,NA,NA,NA,NA,NA,NA,NA,NA,NA,NA,NA,NA,NA,NA,NA,NA,NA,NA
"79","Ronald Jones","TB","RB","2560770","robust",NA,NA,NA,NA,NA,NA,NA,NA,NA,NA,9.75,1.33434,38.415,2.246139,0.2,0.14826,0.0866666666666667,0.019768,0,NA,0,NA,1.6,0.14826,12.04,1.660512,0,0,NA,NA,NA,NA,NA,NA,NA,NA,NA,NA,NA,NA,NA,NA,NA,NA,NA,NA,NA,NA,NA,NA,NA,NA,NA,NA
"80","Myles Gaskin","MIA","RB","2562270","robust",NA,NA,NA,NA,NA,NA,NA,NA,NA,NA,8,0.326172,35,0.7413,0.178864510241988,0.044478,0.0766666666666667,0.034594,0,NA,0,NA,3.6,1.18608,26.275,7.63539,0.06,0.088956,NA,NA,NA,NA,NA,NA,NA,NA,NA,NA,NA,NA,NA,NA,NA,NA,NA,NA,NA,NA,NA,NA,NA,NA,NA,NA
"81","Tony Pollard","DAL","RB","2562699","robust",NA,NA,NA,NA,NA,NA,NA,NA,NA,NA,4.1,0.934037999999999,19.2,6.241746,0.0897913761858922,0.029652,0.04,0.029652,0,NA,0,NA,1.27,0.355824,9.08,2.81694,0.07,0.029652,NA,NA,NA,NA,NA,NA,NA,NA,NA,NA,NA,NA,NA,NA,NA,NA,NA,NA,NA,NA,NA,NA,NA,NA,NA,NA
"82","Dion Lewis","NYG","RB","2495469","robust",NA,NA,NA,NA,NA,NA,NA,NA,NA,NA,7.85,0.726474,31.1775,1.0044615,0.115556250006183,0.0807183037408332,0.09,0.014826,0,NA,0,NA,2.9,1.171254,19.67,4.59606,0.08,0.014826,NA,NA,NA,NA,NA,NA,NA,NA,NA,NA,NA,NA,NA,NA,NA,NA,NA,NA,NA,NA,NA,NA,NA,NA,NA,NA
"83","Benny Snell","PIT","RB","2562743","robust",NA,NA,NA,NA,NA,NA,NA,NA,NA,NA,6.5,2.2239,25.94,7.324044,0.1,0.0047878262792922,0.0866666666666667,0.019768,0,NA,0,NA,0.78,0.14826,5.55,1.33434,0.01,0,NA,NA,NA,NA,NA,NA,NA,NA,NA,NA,NA,NA,NA,NA,NA,NA,NA,NA,NA,NA,NA,NA,NA,NA,NA,NA
"84","Kerryon Johnson","DET","RB","2560765","robust",NA,NA,NA,NA,NA,NA,NA,NA,NA,NA,7.315,0.889560000000001,29.8025,3.8510535,0.189025552422389,0.047367431957133,0.09,0.014826,0,NA,0,NA,1.16,0.237216,8.495,0.726474,0.005,0,NA,NA,NA,NA,NA,NA,NA,NA,NA,NA,NA,NA,NA,NA,NA,NA,NA,NA,NA,NA,NA,NA,NA,NA,NA,NA
"85","Jordan Howard","MIA","RB","2555418","robust",NA,NA,NA,NA,NA,NA,NA,NA,NA,NA,7.2,1.393644,25.6225,5.3707185,0.223853055317029,0.0832434601869722,0.0333333333333333,0.04942,0,NA,0,NA,0.8,0.22239,4,1.33434,0,0,NA,NA,NA,NA,NA,NA,NA,NA,NA,NA,NA,NA,NA,NA,NA,NA,NA,NA,NA,NA,NA,NA,NA,NA,NA,NA
"86","J.D. McKissic","WAS","RB","2556440","robust",NA,NA,NA,NA,NA,NA,NA,NA,NA,NA,4.405,2.653854,25.435,9.585009,0.121009426697491,0.0044198479565987,0.05,0.07413,0,NA,0,NA,1.305,0.163086,8.6,0.7413,0.05,0.07413,NA,NA,NA,NA,NA,NA,NA,NA,NA,NA,NA,NA,NA,NA,NA,NA,NA,NA,NA,NA,NA,NA,NA,NA,NA,NA
"87","Carlos Hyde","SEA","RB","2543743","robust",NA,NA,NA,NA,NA,NA,NA,NA,NA,NA,7.095,1.92738,27,2.81694,0.120237684221405,0.0441256093733448,0.0966666666666667,0.00494200000000001,0,NA,0,NA,1,0.29652,5.41,2.401812,0.015,0,NA,NA,NA,NA,NA,NA,NA,NA,NA,NA,NA,NA,NA,NA,NA,NA,NA,NA,NA,NA,NA,NA,NA,NA,NA,NA
"88","Matt Breida","MIA","RB","2558918","robust",NA,NA,NA,NA,NA,NA,NA,NA,NA,NA,5.84,0.889559999999999,24.89,2.653854,0.0926419278374531,0.021818155576384,0.0433333333333333,0.019768,0,NA,0,NA,0.95,0.118608,6.25,1.4826,0.025,0,NA,NA,NA,NA,NA,NA,NA,NA,NA,NA,NA,NA,NA,NA,NA,NA,NA,NA,NA,NA,NA,NA,NA,NA,NA,NA
"89","Boston Scott","PHI","RB","2561146","robust",NA,NA,NA,NA,NA,NA,NA,NA,NA,NA,6,0.96369,22.565,2.127531,0.183415380575307,0.029652,0.0333333333333333,0.04942,0,NA,0,NA,2.1,0.29652,17,4.4478,0.005,0,NA,NA,NA,NA,NA,NA,NA,NA,NA,NA,NA,NA,NA,NA,NA,NA,NA,NA,NA,NA,NA,NA,NA,NA,NA,NA
"90","Devontae Booker","LVR","RB","2555223","robust",NA,NA,NA,NA,NA,NA,NA,NA,NA,NA,3.3275,1.70499,15.92,5.940284,0.0585253051291752,0.0311095884103233,0.025,0.02471,0,NA,0,NA,0.9,0.14826,7.025,0.59304,0.0075,0.007413,NA,NA,NA,NA,NA,NA,NA,NA,NA,NA,NA,NA,NA,NA,NA,NA,NA,NA,NA,NA,NA,NA,NA,NA,NA,NA
"91","Peyton Barber","WAS","RB","2556466","robust",NA,NA,NA,NA,NA,NA,NA,NA,NA,NA,6.68,1.008168,24.3125,3.11346,0.12,0.07413,0.05,0.037065,0,NA,0,NA,0.3925,0.155673,2.2175,0.7413,0,0,NA,NA,NA,NA,NA,NA,NA,NA,NA,NA,NA,NA,NA,NA,NA,NA,NA,NA,NA,NA,NA,NA,NA,NA,NA,NA
"92","Devonta Freeman","FA","RB","2543583","robust",NA,NA,NA,NA,NA,NA,NA,NA,NA,NA,5.15,1.33434,21.93,4.344018,0.0917448887222374,0.0244780559608218,0.0766666666666667,0.034594,0,NA,0,NA,1.3,0.14826,9.1,2.07564,0.06,0.059304,NA,NA,NA,NA,NA,NA,NA,NA,NA,NA,NA,NA,NA,NA,NA,NA,NA,NA,NA,NA,NA,NA,NA,NA,NA,NA
"93","Royce Freeman","DEN","RB","2560733","robust",NA,NA,NA,NA,NA,NA,NA,NA,NA,NA,5.3,1.03782,18.6,2.37216,0.0979880762668212,0.0059657562536218,0.05,0,0,NA,0,NA,1.3,0.177912,7.7,0.711648000000001,0.015,0,NA,NA,NA,NA,NA,NA,NA,NA,NA,NA,NA,NA,NA,NA,NA,NA,NA,NA,NA,NA,NA,NA,NA,NA,NA,NA
"94","D'Andre Swift","DET","RB","2563965","robust",NA,NA,NA,NA,NA,NA,NA,NA,NA,NA,4.76,0.7413,21.0325,3.6064245,0.0952258754274952,0.0141562341823912,0.08,0.029652,0,NA,0,NA,2.855,0.29652,24.85,3.647196,0.08,0.088956,NA,NA,NA,NA,NA,NA,NA,NA,NA,NA,NA,NA,NA,NA,NA,NA,NA,NA,NA,NA,NA,NA,NA,NA,NA,NA
"95","Jamaal Williams","GB","RB","2558204","robust",NA,NA,NA,NA,NA,NA,NA,NA,NA,NA,5.9,0.148260000000001,23.0575,1.8643695,0.0927797258136687,0.0214095570173095,0.0333333333333333,0.04942,0,NA,0,NA,2,0.14826,13.725,4.29954,0.085,0,NA,NA,NA,NA,NA,NA,NA,NA,NA,NA,NA,NA,NA,NA,NA,NA,NA,NA,NA,NA,NA,NA,NA,NA,NA,NA
"96","Rex Burkhead","NE","RB","2539265","robust",NA,NA,NA,NA,NA,NA,NA,NA,NA,NA,5.7,0.81543,22.634,2.74281,0.182704529613491,0.00741299999999999,0.09625,0.00555975,0,NA,0,NA,2.6,0.437367,24.3,1.92738,0.07,0.07413,NA,NA,NA,NA,NA,NA,NA,NA,NA,NA,NA,NA,NA,NA,NA,NA,NA,NA,NA,NA,NA,NA,NA,NA,NA,NA
"97","Jordan Wilkins","IND","RB","2560933","robust",NA,NA,NA,NA,NA,NA,NA,NA,NA,NA,4.4275,0.607865999999999,23.075,1.667925,0.151400452286376,0.0699773788804383,0.02,0.029652,0,NA,0,NA,0.645,0.14826,4.36,0.29652,0.005,0,NA,NA,NA,NA,NA,NA,NA,NA,NA,NA,NA,NA,NA,NA,NA,NA,NA,NA,NA,NA,NA,NA,NA,NA,NA,NA
"98","Chase Edmonds","ARI","RB","2560711","robust",NA,NA,NA,NA,NA,NA,NA,NA,NA,NA,4.875,1.03782,22.2,1.18608,0.113427599025392,0.0393962416849545,0.04,0.029652,0,NA,0,NA,1.7,0.44478,13,4.29954,0.105,0.014826,NA,NA,NA,NA,NA,NA,NA,NA,NA,NA,NA,NA,NA,NA,NA,NA,NA,NA,NA,NA,NA,NA,NA,NA,NA,NA
"99","Tarik Cohen","CHI","RB","2558250","robust",NA,NA,NA,NA,NA,NA,NA,NA,NA,NA,5.395,1.052646,21.445,1.240442,0.0828148507779191,0.0318118014911047,0.09,0.007413,0,NA,0,NA,3.0225,1.341753,21.6175,11.957169,0.14,0.059304,NA,NA,NA,NA,NA,NA,NA,NA,NA,NA,NA,NA,NA,NA,NA,NA,NA,NA,NA,NA,NA,NA,NA,NA,NA,NA
"100","Darrynton Evans","TEN","RB","2564043","robust",NA,NA,NA,NA,NA,NA,NA,NA,NA,NA,3.63,0.81543,14.6475,2.574782,0.1,0.00308257619986165,0.05,0.037065,0,NA,0,NA,1.46,0.44478,12.3775,5.641293,0.1,0.007413,NA,NA,NA,NA,NA,NA,NA,NA,NA,NA,NA,NA,NA,NA,NA,NA,NA,NA,NA,NA,NA,NA,NA,NA,NA,NA
"101","Wayne Gallman","NYG","RB","2557952","robust",NA,NA,NA,NA,NA,NA,NA,NA,NA,NA,4.6,0.44478,18.625,2.483355,0.11029720727395,0.0305332790087172,0.136666666666667,0.054362,0,NA,0,NA,0.95,0.29652,6.5,3.973368,0.01,0.014826,NA,NA,NA,NA,NA,NA,NA,NA,NA,NA,NA,NA,NA,NA,NA,NA,NA,NA,NA,NA,NA,NA,NA,NA,NA,NA
"102","Nyheim Hines","IND","RB","2560742","robust",NA,NA,NA,NA,NA,NA,NA,NA,NA,NA,3.6,2.07564,12.74,4.210584,0.114168254251751,0.0976021462463535,0.05,0,0,NA,0,NA,2.8,0.59304,19.965,2.81694,0.075,0.07413,NA,NA,NA,NA,NA,NA,NA,NA,NA,NA,NA,NA,NA,NA,NA,NA,NA,NA,NA,NA,NA,NA,NA,NA,NA,NA
"103","Jalen Richard","LVR","RB","2556885","robust",NA,NA,NA,NA,NA,NA,NA,NA,NA,NA,3.45,0.44478,16.03,4.492278,0.05,0.0616414372763612,0.0566666666666667,0.019768,0,NA,0,NA,1.7,0.355824,12.855,1.18608,0,0,NA,NA,NA,NA,NA,NA,NA,NA,NA,NA,NA,NA,NA,NA,NA,NA,NA,NA,NA,NA,NA,NA,NA,NA,NA,NA
"104","JaMycal Hasty","FA","RB","2565108","robust",NA,NA,NA,NA,NA,NA,NA,NA,NA,NA,4.55,0.22239,18.55,1.85325,0.1,0,0.05,0.07413,NA,NA,NA,NA,0.8,0,6.85,2.29803,0,0,NA,NA,NA,NA,NA,NA,NA,NA,NA,NA,NA,NA,NA,NA,NA,NA,NA,NA,NA,NA,NA,NA,NA,NA,NA,NA
"105","Darrel Williams","KC","RB","2560935","robust",NA,NA,NA,NA,NA,NA,NA,NA,NA,NA,4,0.904386,16.975,3.002265,0.10497796994672,0.029586676486014,0.103333333333333,0.00494199999999999,0,NA,0,NA,1.1,0.44478,8.35,1.92738,0.025,0,NA,NA,NA,NA,NA,NA,NA,NA,NA,NA,NA,NA,NA,NA,NA,NA,NA,NA,NA,NA,NA,NA,NA,NA,NA,NA
"106","Giovani Bernard","CIN","RB","2540156","robust",NA,NA,NA,NA,NA,NA,NA,NA,NA,NA,3.15,0.489258,12.09125,1.141602,0.0353291126006643,0.0523789423417449,0.113333333333333,0.019768,0,NA,0,NA,2.345,0.59304,17.5,3.7065,0,0,NA,NA,NA,NA,NA,NA,NA,NA,NA,NA,NA,NA,NA,NA,NA,NA,NA,NA,NA,NA,NA,NA,NA,NA,NA,NA
"107","Brian Hill","ATL","RB","2558112","robust",NA,NA,NA,NA,NA,NA,NA,NA,NA,NA,3.6,0.504084,14.76,1.363992,0.08,0.029652,0.0166666666666667,0.02471,0,NA,0,NA,0.95,0.44478,6.5,2.81694,0.005,0,NA,NA,NA,NA,NA,NA,NA,NA,NA,NA,NA,NA,NA,NA,NA,NA,NA,NA,NA,NA,NA,NA,NA,NA,NA,NA
"108","LeSean McCoy","TB","RB","79607","robust",NA,NA,NA,NA,NA,NA,NA,NA,NA,NA,2.94,0.859908,9.7525,5.1186765,0.0577826514912608,0.0856685591009432,0.02,0.029652,0,NA,0,NA,1.35,0.281694,10,1.18608,0,0,NA,NA,NA,NA,NA,NA,NA,NA,NA,NA,NA,NA,NA,NA,NA,NA,NA,NA,NA,NA,NA,NA,NA,NA,NA,NA
"109","Kalen Ballage","FA","RB","2560967","robust",NA,NA,NA,NA,NA,NA,NA,NA,NA,NA,2.75,0.88956,9.46,4.482394,0.1,0,0,0,0,NA,0,NA,0.705,0.37065,4.39,3.33585,0,0,NA,NA,NA,NA,NA,NA,NA,NA,NA,NA,NA,NA,NA,NA,NA,NA,NA,NA,NA,NA,NA,NA,NA,NA,NA,NA
"110","T.J. Yeldon","BUF","RB","2552471","robust",NA,NA,NA,NA,NA,NA,NA,NA,NA,NA,3.81,0.29652,14.29,0.548562000000001,0.0874490938527212,0,0.05,0,0,NA,0,NA,1.15,0.29652,9.37,4.833276,0.02,0,NA,NA,NA,NA,NA,NA,NA,NA,NA,NA,NA,NA,NA,NA,NA,NA,NA,NA,NA,NA,NA,NA,NA,NA,NA,NA
"111","Josh Adams","FA","RB","2560949","robust",NA,NA,NA,NA,NA,NA,NA,NA,NA,NA,3.625,0.7413,13.3,2.2239,0.195576614750344,0.135143778057719,0.015,0,0,NA,0,NA,0.475,0.29652,1.725,0.44478,0,0,NA,NA,NA,NA,NA,NA,NA,NA,NA,NA,NA,NA,NA,NA,NA,NA,NA,NA,NA,NA,NA,NA,NA,NA,NA,NA
"112","Ito Smith","ATL","RB","2559924","robust",NA,NA,NA,NA,NA,NA,NA,NA,NA,NA,3.25,0.29652,12.4,1.13666,0.117174292882886,0.0318010710854444,0,0,0,NA,0,NA,0.9975,0.22239,5.295,1.690164,0,0,NA,NA,NA,NA,NA,NA,NA,NA,NA,NA,NA,NA,NA,NA,NA,NA,NA,NA,NA,NA,NA,NA,NA,NA,NA,NA
"113","Buddy Howell","HOU","RB","2561344","robust",NA,NA,NA,NA,NA,NA,NA,NA,NA,NA,2.09,1.868076,7.0625,8.74734,0.0225,0,0,0,0,NA,0,NA,0.41,0.207564,2.58,2.401812,0.005,0,NA,NA,NA,NA,NA,NA,NA,NA,NA,NA,NA,NA,NA,NA,NA,NA,NA,NA,NA,NA,NA,NA,NA,NA,NA,NA
"114","Darwin Thompson","KC","RB","2562832","robust",NA,NA,NA,NA,NA,NA,NA,NA,NA,NA,3,0.59304,11.1,2.81694,0.04,0.059304,0.0166666666666667,0.02471,0,NA,0,NA,0.705,0.14826,4.45,2.66868,0.01,0,NA,NA,NA,NA,NA,NA,NA,NA,NA,NA,NA,NA,NA,NA,NA,NA,NA,NA,NA,NA,NA,NA,NA,NA,NA,NA
"115","Chris Thompson","JAC","RB","2540011","robust",NA,NA,NA,NA,NA,NA,NA,NA,NA,NA,2.24,0.237216,9.89,1.052646,0.00739193629929221,0,0.0333333333333333,0.04942,0,NA,0,NA,2.4,0.29652,18.3,4.29954,0.1,0.118608,NA,NA,NA,NA,NA,NA,NA,NA,NA,NA,NA,NA,NA,NA,NA,NA,NA,NA,NA,NA,NA,NA,NA,NA,NA,NA
"116","Lamical Perine","NYJ","RB","2564808","robust",NA,NA,NA,NA,NA,NA,NA,NA,NA,NA,2.85,0.44478,10.2125,1.8717825,0.0436095325242407,0.0646554929204392,0.01,0.014826,0,NA,0,NA,0.45,0.192738,3.6,3.33585,0,0,NA,NA,NA,NA,NA,NA,NA,NA,NA,NA,NA,NA,NA,NA,NA,NA,NA,NA,NA,NA,NA,NA,NA,NA,NA,NA
"117","J.J. Taylor","NE","RB","2564640","robust",NA,NA,NA,NA,NA,NA,NA,NA,NA,NA,2.1,0.7413,10.15,2.14977,0.100520833333333,0,0,0,0,NA,0,NA,0.595,0.29652,4.825,0.59304,0,0,NA,NA,NA,NA,NA,NA,NA,NA,NA,NA,NA,NA,NA,NA,NA,NA,NA,NA,NA,NA,NA,NA,NA,NA,NA,NA
"118","DeAndre Hopkins","ARI","WR","2540165","robust",NA,NA,NA,NA,NA,NA,NA,NA,NA,NA,0.1,0,0.48,0.059304,0,0,0.095,0,0,NA,0,NA,7.905,0.0296520000000007,95.675,2.37215999999999,0.75,0.14826,NA,NA,NA,NA,NA,NA,NA,NA,NA,NA,NA,NA,NA,NA,NA,NA,NA,NA,NA,NA,NA,NA,NA,NA,NA,NA
"119","Calvin Ridley","ATL","WR","2560854","robust",NA,NA,NA,NA,NA,NA,NA,NA,NA,NA,0.2725,NA,1.5,0.29652,0,0,0.1,0,0,NA,0,NA,7.15,0.570801,89.7,9.93342,0.8,0.22239,NA,NA,NA,NA,NA,NA,NA,NA,NA,NA,NA,NA,NA,NA,NA,NA,NA,NA,NA,NA,NA,NA,NA,NA,NA,NA
"120","Amari Cooper","DAL","WR","2552487","robust",NA,NA,NA,NA,NA,NA,NA,NA,NA,NA,0.06,NA,0.397,0.00889560000000001,0,0,0.095,0,0,NA,0,NA,5.85,0.148260000000001,82.3,4.00301999999998,0.575,0.14826,NA,NA,NA,NA,NA,NA,NA,NA,NA,NA,NA,NA,NA,NA,NA,NA,NA,NA,NA,NA,NA,NA,NA,NA,NA,NA
"121","Tyler Lockett","SEA","WR","2552430","robust",NA,NA,NA,NA,NA,NA,NA,NA,NA,NA,0.19,0.029652,0.785,0.237216,0,0,0.01,0,0,NA,0,NA,5.655,0.177912,76.6,5.04084000000001,0.6375,0.14826,NA,NA,NA,NA,NA,NA,NA,NA,NA,NA,NA,NA,NA,NA,NA,NA,NA,NA,NA,NA,NA,NA,NA,NA,NA,NA
"122","Tyreek Hill","KC","WR","2556214","robust",NA,NA,NA,NA,NA,NA,NA,NA,NA,NA,0.4,NA,3.6275,0.59304,0.005,0.0037760303030303,0.0375,0.037065,0,NA,0,NA,5.35,0.237216,77.2,4.358844,0.555,0.07413,NA,NA,NA,NA,NA,NA,NA,NA,NA,NA,NA,NA,NA,NA,NA,NA,NA,NA,NA,NA,NA,NA,NA,NA,NA,NA
"123","Allen Robinson","CHI","WR","2543509","robust",NA,NA,NA,NA,NA,NA,NA,NA,NA,NA,0.12,NA,0.7295,0.1393644,0.000576797385620915,0.000726764705882353,0.093,0,0,NA,0,NA,5.8525,0.29652,73.2,1.67533800000001,0.5,0.14826,NA,NA,NA,NA,NA,NA,NA,NA,NA,NA,NA,NA,NA,NA,NA,NA,NA,NA,NA,NA,NA,NA,NA,NA,NA,NA
"124","DK Metcalf","SEA","WR","2562685","robust",NA,NA,NA,NA,NA,NA,NA,NA,NA,NA,0.1,0,0.4,0.14826,0,0,0.1125,0.0185325,0,NA,0,NA,5.05,0.37065,76.55,9.837051,0.75,0.207564,NA,NA,NA,NA,NA,NA,NA,NA,NA,NA,NA,NA,NA,NA,NA,NA,NA,NA,NA,NA,NA,NA,NA,NA,NA,NA
"125","Mike Evans","TB","WR","2543468","robust",NA,NA,NA,NA,NA,NA,NA,NA,NA,NA,0,0,0,0,0,0,0,0,0,NA,0,NA,4.975,0.148259999999999,72.27,3.27654599999999,0.6,0.14826,NA,NA,NA,NA,NA,NA,NA,NA,NA,NA,NA,NA,NA,NA,NA,NA,NA,NA,NA,NA,NA,NA,NA,NA,NA,NA
"126","JuJu Smith-Schuster","PIT","WR","2558149","robust",NA,NA,NA,NA,NA,NA,NA,NA,NA,NA,0,0,0.1,0,0,0,0.035,0.029652,0,NA,0,NA,5.3,0.600453,68.2,1.541904,0.7,0.192738,NA,NA,NA,NA,NA,NA,NA,NA,NA,NA,NA,NA,NA,NA,NA,NA,NA,NA,NA,NA,NA,NA,NA,NA,NA,NA
"127","Stefon Diggs","BUF","WR","2552608","robust",NA,NA,NA,NA,NA,NA,NA,NA,NA,NA,0.2,NA,1.772,0.5841444,0.00437280701754386,0.00507205263157895,0.04,0.059304,0,NA,0,NA,5.435,0.29652,76.7375,3.11346000000001,0.4775,0.0148259999999999,NA,NA,NA,NA,NA,NA,NA,NA,NA,NA,NA,NA,NA,NA,NA,NA,NA,NA,NA,NA,NA,NA,NA,NA,NA,NA
"128","D.J. Moore","CAR","WR","2560813","robust",NA,NA,NA,NA,NA,NA,NA,NA,NA,NA,0.36,NA,3.2175,0.66717,0.00449155653450808,0.00350239757709251,0.09625,0.00555975,0,NA,0,NA,5.85,0.852495,77.55,4.59606,0.36,0.14826,NA,NA,NA,NA,NA,NA,NA,NA,NA,NA,NA,NA,NA,NA,NA,NA,NA,NA,NA,NA,NA,NA,NA,NA,NA,NA
"129","Terry McLaurin","WAS","WR","2562489","robust",NA,NA,NA,NA,NA,NA,NA,NA,NA,NA,0.04,0.059304,0.08,0.118608,0,0,0.01,0,0,NA,0,NA,5.1,0.29652,75.75,5.87109599999999,0.5,0,NA,NA,NA,NA,NA,NA,NA,NA,NA,NA,NA,NA,NA,NA,NA,NA,NA,NA,NA,NA,NA,NA,NA,NA,NA,NA
"130","Marquise Brown","BAL","WR","2562379","robust",NA,NA,NA,NA,NA,NA,NA,NA,NA,NA,0.5,0.29652,4.73333333333333,3.4594,0,0,0.0333333333333333,0.04942,0,NA,0,NA,4.95,0.518910000000001,65.6,7.11648,0.48,0.118608,NA,NA,NA,NA,NA,NA,NA,NA,NA,NA,NA,NA,NA,NA,NA,NA,NA,NA,NA,NA,NA,NA,NA,NA,NA,NA
"131","Chris Godwin","TB","WR","2558105","robust",NA,NA,NA,NA,NA,NA,NA,NA,NA,NA,0.05,NA,0.4525,0.066717,0,0,0.0125,0.0185325,0,NA,0,NA,5.52,0.29652,77.455,4.37367,0.5,0.029652,NA,NA,NA,NA,NA,NA,NA,NA,NA,NA,NA,NA,NA,NA,NA,NA,NA,NA,NA,NA,NA,NA,NA,NA,NA,NA
"132","Julian Edelman","NE","WR","238498","robust",NA,NA,NA,NA,NA,NA,NA,NA,NA,NA,0.35,NA,3.94,0.0889560000000001,0.01,0.013559867768595,0.08,0.029652,0,NA,0,NA,5.63,0.355824,72.23,4.655364,0.405,0.0148259999999999,NA,NA,NA,NA,NA,NA,NA,NA,NA,NA,NA,NA,NA,NA,NA,NA,NA,NA,NA,NA,NA,NA,NA,NA,NA,NA
"133","Cooper Kupp","LAR","WR","2557898","robust",NA,NA,NA,NA,NA,NA,NA,NA,NA,NA,0.21,NA,2.43,0.340998,0.0054180602006689,0.00803281605351171,0.0666666666666667,0.04942,0,NA,0,NA,5,0.118608,65.5,11.964582,0.45,0.0593040000000001,NA,NA,NA,NA,NA,NA,NA,NA,NA,NA,NA,NA,NA,NA,NA,NA,NA,NA,NA,NA,NA,NA,NA,NA,NA,NA
"134","Keenan Allen","LAC","WR","2540154","robust",NA,NA,NA,NA,NA,NA,NA,NA,NA,NA,0.2,NA,1.80375,0.00555975000000021,0.00147671568627451,0.00218937867647059,0.0875,0.0185325,0,NA,0,NA,5.9,0.266868,70,6.338115,0.4,0.07413,NA,NA,NA,NA,NA,NA,NA,NA,NA,NA,NA,NA,NA,NA,NA,NA,NA,NA,NA,NA,NA,NA,NA,NA,NA,NA
"135","DeVante Parker","MIA","WR","2552409","robust",NA,NA,NA,NA,NA,NA,NA,NA,NA,NA,0,0,0,0,0,0,0,0,0,NA,0,NA,4.8,0.14826,71.8,4.188345,0.54,0.088956,NA,NA,NA,NA,NA,NA,NA,NA,NA,NA,NA,NA,NA,NA,NA,NA,NA,NA,NA,NA,NA,NA,NA,NA,NA,NA
"136","T.Y. Hilton","IND","WR","2532865","robust",NA,NA,NA,NA,NA,NA,NA,NA,NA,NA,0,0,0,0,0,0,0,0,0,NA,0,NA,5.05,0.489258,68.14,1.897728,0.48,0.118608,NA,NA,NA,NA,NA,NA,NA,NA,NA,NA,NA,NA,NA,NA,NA,NA,NA,NA,NA,NA,NA,NA,NA,NA,NA,NA
"137","Adam Thielen","MIN","WR","2541785","robust",NA,NA,NA,NA,NA,NA,NA,NA,NA,NA,0.15,NA,0.8415,0.0919212000000001,0,0,0.06,0.059304,0,NA,0,NA,5.3825,0.192738,74.325,1.33433999999999,0.575,0.14826,NA,NA,NA,NA,NA,NA,NA,NA,NA,NA,NA,NA,NA,NA,NA,NA,NA,NA,NA,NA,NA,NA,NA,NA,NA,NA
"138","Darius Slayton","NYG","WR","2562736","robust",NA,NA,NA,NA,NA,NA,NA,NA,NA,NA,0,0,0.133333333333333,0.09884,0,0,0.00125,0,0,NA,0,NA,4.1,0.14826,58.15,2.52042,0.8,0.29652,NA,NA,NA,NA,NA,NA,NA,NA,NA,NA,NA,NA,NA,NA,NA,NA,NA,NA,NA,NA,NA,NA,NA,NA,NA,NA
"139","Odell Beckham","CLE","WR","2543496","robust",NA,NA,NA,NA,NA,NA,NA,NA,NA,NA,0.1,0,0.5625,0.1297275,0,0,0.01875,0.02038575,0,NA,0,NA,4.75,0.22239,66.15,3.076395,0.53,0,NA,NA,NA,NA,NA,NA,NA,NA,NA,NA,NA,NA,NA,NA,NA,NA,NA,NA,NA,NA,NA,NA,NA,NA,NA,NA
"140","Diontae Johnson","PIT","WR","2562674","robust",NA,NA,NA,NA,NA,NA,NA,NA,NA,NA,0.1,NA,1.20666666666667,0.434896,0,0,0.233333333333333,0.09884,0,NA,0,NA,5.2,0.326172,62.895,2.81693999999999,0.515,0.14826,NA,NA,NA,NA,NA,NA,NA,NA,NA,NA,NA,NA,NA,NA,NA,NA,NA,NA,NA,NA,NA,NA,NA,NA,NA,NA
"141","Michael Gallup","DAL","WR","2560735","robust",NA,NA,NA,NA,NA,NA,NA,NA,NA,NA,0.00625,0.00926625,0.11875,0.02779875,0,0,0,0,0,NA,0,NA,4.2,0.0815430000000002,68,3.26172,0.4,0.029652,NA,NA,NA,NA,NA,NA,NA,NA,NA,NA,NA,NA,NA,NA,NA,NA,NA,NA,NA,NA,NA,NA,NA,NA,NA,NA
"142","Jerry Jeudy","DEN","WR","2563896","robust",NA,NA,NA,NA,NA,NA,NA,NA,NA,NA,0.0666666666666667,0.04942,0.3,0.14826,0,0,0.0333333333333333,0.04942,0,NA,0,NA,4.35,0.385476,59.795,7.413,0.2,0.103782,NA,NA,NA,NA,NA,NA,NA,NA,NA,NA,NA,NA,NA,NA,NA,NA,NA,NA,NA,NA,NA,NA,NA,NA,NA,NA
"143","Kenny Golladay","DET","WR","2558052","robust",NA,NA,NA,NA,NA,NA,NA,NA,NA,NA,0,0,0.133333333333333,0.09884,0,0,0.0466666666666667,0.009884,0,NA,0,NA,4.355,0.148259999999999,66.535,8.1543,0.5,0.103782,NA,NA,NA,NA,NA,NA,NA,NA,NA,NA,NA,NA,NA,NA,NA,NA,NA,NA,NA,NA,NA,NA,NA,NA,NA,NA
"144","Robby Anderson","CAR","WR","2556462","robust",NA,NA,NA,NA,NA,NA,NA,NA,NA,NA,0.125,NA,0.88,0.029652,0.000698051948051948,0.00103493181818182,0.15,0.07413,0,NA,0,NA,4.6,0.51891,62.8,3.224655,0.3,0.014826,NA,NA,NA,NA,NA,NA,NA,NA,NA,NA,NA,NA,NA,NA,NA,NA,NA,NA,NA,NA,NA,NA,NA,NA,NA,NA
"145","Russell Gage","ATL","WR","2561061","robust",NA,NA,NA,NA,NA,NA,NA,NA,NA,NA,0.13,NA,0.595,0.153202,0,0,0.1,0,0,NA,0,NA,6,0.429954,64.4,3.550827,0.3,0.059304,NA,NA,NA,NA,NA,NA,NA,NA,NA,NA,NA,NA,NA,NA,NA,NA,NA,NA,NA,NA,NA,NA,NA,NA,NA,NA
"146","Robert Woods","LAR","WR","2540169","robust",NA,NA,NA,NA,NA,NA,NA,NA,NA,NA,0.73,NA,6.49875,0.00185324999999963,0.0916795785736003,0.0123358568067802,0.0875,0.0185325,0,NA,0,NA,5.4,0.14826,66,3.469284,0.2,0.07413,NA,NA,NA,NA,NA,NA,NA,NA,NA,NA,NA,NA,NA,NA,NA,NA,NA,NA,NA,NA,NA,NA,NA,NA,NA,NA
"147","Tyler Boyd","CIN","WR","2555466","robust",NA,NA,NA,NA,NA,NA,NA,NA,NA,NA,0.065,NA,0.72625,0.10934175,0,0,0.0425,0.051891,0,NA,0,NA,5.1,0.22239,62.115,0.296520000000004,0.42,0.044478,NA,NA,NA,NA,NA,NA,NA,NA,NA,NA,NA,NA,NA,NA,NA,NA,NA,NA,NA,NA,NA,NA,NA,NA,NA,NA
"148","Marquez Valdes-Scantling","GB","WR","2560907","robust",NA,NA,NA,NA,NA,NA,NA,NA,NA,NA,0.0666666666666667,0.04942,0.466666666666667,0.34594,0,0,0,0,0,NA,0,NA,4.3,1.052646,60.705,1.77912,0.35,0.103782,NA,NA,NA,NA,NA,NA,NA,NA,NA,NA,NA,NA,NA,NA,NA,NA,NA,NA,NA,NA,NA,NA,NA,NA,NA,NA
"149","Corey Davis","TEN","WR","2557848","robust",NA,NA,NA,NA,NA,NA,NA,NA,NA,NA,0.0666666666666667,0.04942,0.433333333333333,0.09884,0,0,0,0,0,NA,0,NA,4.5,0.44478,62.8,5.1891,0.4,0.14826,NA,NA,NA,NA,NA,NA,NA,NA,NA,NA,NA,NA,NA,NA,NA,NA,NA,NA,NA,NA,NA,NA,NA,NA,NA,NA
"150","Brandin Cooks","HOU","WR","2543498","robust",NA,NA,NA,NA,NA,NA,NA,NA,NA,NA,0.25,NA,2.97333333333333,0.217448,0.00317663817663818,0.00470968376068376,0,0,0,NA,0,NA,3.87,0.845082,49.3,10.037202,0.27,0.103782,NA,NA,NA,NA,NA,NA,NA,NA,NA,NA,NA,NA,NA,NA,NA,NA,NA,NA,NA,NA,NA,NA,NA,NA,NA,NA
"151","CeeDee Lamb","DAL","WR","2563848","robust",NA,NA,NA,NA,NA,NA,NA,NA,NA,NA,0.15,NA,1.69333333333333,0.138376,0.00271367521367521,0.00402329487179487,0.0333333333333333,0.04942,0,NA,0,NA,4.3,0.44478,61.6,3.26172,0.2,0.14826,NA,NA,NA,NA,NA,NA,NA,NA,NA,NA,NA,NA,NA,NA,NA,NA,NA,NA,NA,NA,NA,NA,NA,NA,NA,NA
"152","A.J. Green","CIN","WR","2495450","robust",NA,NA,NA,NA,NA,NA,NA,NA,NA,NA,0,0,0,0,0,0,0.0133333333333333,0.019768,0,NA,0,NA,4.75,0.459605999999999,64.3,2.9652,0.38,0.118608,NA,NA,NA,NA,NA,NA,NA,NA,NA,NA,NA,NA,NA,NA,NA,NA,NA,NA,NA,NA,NA,NA,NA,NA,NA,NA
"153","Emmanuel Sanders","NO","WR","497322","robust",NA,NA,NA,NA,NA,NA,NA,NA,NA,NA,0.0333333333333333,0.04942,0.366666666666667,0.0494200000000001,0,0,0,0,0,NA,0,NA,4.3,0.266868,54.595,1.33434,0.3,0.0741300000000001,NA,NA,NA,NA,NA,NA,NA,NA,NA,NA,NA,NA,NA,NA,NA,NA,NA,NA,NA,NA,NA,NA,NA,NA,NA,NA
"154","Jarvis Landry","CLE","WR","2543488","robust",NA,NA,NA,NA,NA,NA,NA,NA,NA,NA,0.0666666666666667,0.04942,0.533333333333333,0.04942,0,0,0.01,0.014826,0,NA,0,NA,4.7,0.148260000000001,63.01,2.2239,0.37,0.103782,NA,NA,NA,NA,NA,NA,NA,NA,NA,NA,NA,NA,NA,NA,NA,NA,NA,NA,NA,NA,NA,NA,NA,NA,NA,NA
"155","Will Fuller","HOU","WR","2555346","robust",NA,NA,NA,NA,NA,NA,NA,NA,NA,NA,0.0766666666666667,0.034594,0.48,0.177912,0,0,0.0433333333333333,0.019768,0,NA,0,NA,4.405,0.29652,61.9,4.74432,0.145,0.133434,NA,NA,NA,NA,NA,NA,NA,NA,NA,NA,NA,NA,NA,NA,NA,NA,NA,NA,NA,NA,NA,NA,NA,NA,NA,NA
"156","DeSean Jackson","PHI","WR","1581","robust",NA,NA,NA,NA,NA,NA,NA,NA,NA,NA,0.1,NA,0.88,0.326172,0.0244444444444444,0.0362413333333333,0.00666666666666667,0.009884,0,NA,0,NA,4,0.681996,59.31,5.63388,0.3,0.088956,NA,NA,NA,NA,NA,NA,NA,NA,NA,NA,NA,NA,NA,NA,NA,NA,NA,NA,NA,NA,NA,NA,NA,NA,NA,NA
"157","John Brown","BUF","WR","2543847","robust",NA,NA,NA,NA,NA,NA,NA,NA,NA,NA,0.05,NA,0.356666666666667,0.064246,0,0,0,0,0,NA,0,NA,4,0.578214,55,12.6021,0.4,0,NA,NA,NA,NA,NA,NA,NA,NA,NA,NA,NA,NA,NA,NA,NA,NA,NA,NA,NA,NA,NA,NA,NA,NA,NA,NA
"158","Keelan Cole","JAC","WR","2559153","robust",NA,NA,NA,NA,NA,NA,NA,NA,NA,NA,0.07,NA,0.526666666666667,0.187796,0.00199494949494949,0.00295771212121212,0.0666666666666667,0.04942,0,NA,0,NA,4.52,0.474431999999999,60.52,2.66868,0.6,0.14826,NA,NA,NA,NA,NA,NA,NA,NA,NA,NA,NA,NA,NA,NA,NA,NA,NA,NA,NA,NA,NA,NA,NA,NA,NA,NA
"159","Michael Pittman","IND","WR","2564136","robust",NA,NA,NA,NA,NA,NA,NA,NA,NA,NA,0.0666666666666667,0.04942,0.366666666666667,0.19768,0,0,0.05,0,0,NA,0,NA,3.08,0.859908,38.15,9.56277,0.155,0.163086,NA,NA,NA,NA,NA,NA,NA,NA,NA,NA,NA,NA,NA,NA,NA,NA,NA,NA,NA,NA,NA,NA,NA,NA,NA,NA
"160","Marvin Jones","DET","WR","2532884","robust",NA,NA,NA,NA,NA,NA,NA,NA,NA,NA,0.0666666666666667,0.04942,0,0,0,0,0,0,0,NA,0,NA,4.55,0.444780000000001,56.5,7.694694,0.54,0.14826,NA,NA,NA,NA,NA,NA,NA,NA,NA,NA,NA,NA,NA,NA,NA,NA,NA,NA,NA,NA,NA,NA,NA,NA,NA,NA
"161","N'Keal Harry","NE","WR","2562659","robust",NA,NA,NA,NA,NA,NA,NA,NA,NA,NA,0.24,NA,2.41666666666667,0.84014,0.00870870870870871,0.0129115315315315,0.166666666666667,0.04942,0,NA,0,NA,4,1.03782,51.7,10.08168,0.255,0.29652,NA,NA,NA,NA,NA,NA,NA,NA,NA,NA,NA,NA,NA,NA,NA,NA,NA,NA,NA,NA,NA,NA,NA,NA,NA,NA
"162","Tre'Quan Smith","NO","WR","2560878","robust",NA,NA,NA,NA,NA,NA,NA,NA,NA,NA,0,0,0.0666666666666667,0.04942,0,0,0,0,0,NA,0,NA,3.75,0.652344,48.23,4.788798,0.3,0.07413,NA,NA,NA,NA,NA,NA,NA,NA,NA,NA,NA,NA,NA,NA,NA,NA,NA,NA,NA,NA,NA,NA,NA,NA,NA,NA
"163","Allen Lazard","GB","WR","2560787","robust",NA,NA,NA,NA,NA,NA,NA,NA,NA,NA,0.2,NA,2.0375,0.1890315,0.00140299479166667,0.002080080078125,0.005,0.007413,0,NA,0,NA,4.22,0.14826,58,2.72798400000001,0.325,0.0741300000000001,NA,NA,NA,NA,NA,NA,NA,NA,NA,NA,NA,NA,NA,NA,NA,NA,NA,NA,NA,NA,NA,NA,NA,NA,NA,NA
"164","Mike Williams","LAC","WR","2558846","robust",NA,NA,NA,NA,NA,NA,NA,NA,NA,NA,0.05,0.037065,0.3,0.22239,0,0,0,0,0,NA,0,NA,3.1725,0.22239,50.99,7.309218,0.17,0.14826,NA,NA,NA,NA,NA,NA,NA,NA,NA,NA,NA,NA,NA,NA,NA,NA,NA,NA,NA,NA,NA,NA,NA,NA,NA,NA
"165","Preston Williams","MIA","WR","2562805","robust",NA,NA,NA,NA,NA,NA,NA,NA,NA,NA,0,0,0.0333333333333333,0.04942,0,0,0.05,0,0,NA,0,NA,3.785,0.7413,55.5,4.507104,0.2,0.14826,NA,NA,NA,NA,NA,NA,NA,NA,NA,NA,NA,NA,NA,NA,NA,NA,NA,NA,NA,NA,NA,NA,NA,NA,NA,NA
"166","Golden Tate","NYG","WR","497326","robust",NA,NA,NA,NA,NA,NA,NA,NA,NA,NA,0.08,NA,0.89,0.014826,0,0,0.0466666666666667,0.009884,0,NA,0,NA,4.7,0.148260000000001,52.85,1.77911999999999,0.25,0,NA,NA,NA,NA,NA,NA,NA,NA,NA,NA,NA,NA,NA,NA,NA,NA,NA,NA,NA,NA,NA,NA,NA,NA,NA,NA
"167","Brandon Aiyuk","SF","WR","2565093","robust",NA,NA,NA,NA,NA,NA,NA,NA,NA,NA,0.125,NA,1.09,0.177912,0.00374570446735395,0.00555338144329897,0.0333333333333333,0.04942,0,NA,0,NA,3,0.770952,45.5,15.12252,0.2,0.14826,NA,NA,NA,NA,NA,NA,NA,NA,NA,NA,NA,NA,NA,NA,NA,NA,NA,NA,NA,NA,NA,NA,NA,NA,NA,NA
"168","Chris Hogan","NYJ","WR","2530515","robust",NA,NA,NA,NA,NA,NA,NA,NA,NA,NA,0,0,0.0666666666666667,0.09884,0,0,0,0,0,NA,0,NA,3.8,1.200906,44.165,14.277438,0.2,0,NA,NA,NA,NA,NA,NA,NA,NA,NA,NA,NA,NA,NA,NA,NA,NA,NA,NA,NA,NA,NA,NA,NA,NA,NA,NA
"169","Hunter Renfrow","LVR","WR","2562712","robust",NA,NA,NA,NA,NA,NA,NA,NA,NA,NA,0.0666666666666667,0.09884,0.233333333333333,0.34594,0,0,0.0366666666666667,0.039536,0,NA,0,NA,3.7,0.7413,48.2,6.22692,0.25,0.059304,NA,NA,NA,NA,NA,NA,NA,NA,NA,NA,NA,NA,NA,NA,NA,NA,NA,NA,NA,NA,NA,NA,NA,NA,NA,NA
"170","Kendrick Bourne","SF","WR","2558914","robust",NA,NA,NA,NA,NA,NA,NA,NA,NA,NA,0,0,0,0,0,0,0,0,0,NA,0,NA,3,0.859908,41.5,9.221772,0.2,0,NA,NA,NA,NA,NA,NA,NA,NA,NA,NA,NA,NA,NA,NA,NA,NA,NA,NA,NA,NA,NA,NA,NA,NA,NA,NA
"171","Anthony Miller","CHI","WR","2560810","robust",NA,NA,NA,NA,NA,NA,NA,NA,NA,NA,0.0666666666666667,0.04942,0.266666666666667,0.04942,0,0,0.05,0,0,NA,0,NA,3.95,0.830255999999999,49.45,2.09046600000001,0.25,0.0296519999999999,NA,NA,NA,NA,NA,NA,NA,NA,NA,NA,NA,NA,NA,NA,NA,NA,NA,NA,NA,NA,NA,NA,NA,NA,NA,NA
"172","Larry Fitzgerald","ARI","WR","2506106","robust",NA,NA,NA,NA,NA,NA,NA,NA,NA,NA,0,0,0,0,0,0,0.04,0.029652,0,NA,0,NA,4.6,0.59304,52,3.40998,0.22,0.14826,NA,NA,NA,NA,NA,NA,NA,NA,NA,NA,NA,NA,NA,NA,NA,NA,NA,NA,NA,NA,NA,NA,NA,NA,NA,NA
"173","Braxton Berrios","NYJ","WR","2560975","robust",NA,NA,NA,NA,NA,NA,NA,NA,NA,NA,0.05,NA,0.35,0.111195,0,0,0.05,0.04942,0,NA,0,NA,4,0.7413,49.4,3.26172,0.1625,0.14826,NA,NA,NA,NA,NA,NA,NA,NA,NA,NA,NA,NA,NA,NA,NA,NA,NA,NA,NA,NA,NA,NA,NA,NA,NA,NA
"174","Chris Conley","JAC","WR","2552652","robust",NA,NA,NA,NA,NA,NA,NA,NA,NA,NA,0,0,0,0,0,0,0.01,0.014826,0,NA,0,NA,3.235,0.14826,47.14,2.757636,0.2,0.14826,NA,NA,NA,NA,NA,NA,NA,NA,NA,NA,NA,NA,NA,NA,NA,NA,NA,NA,NA,NA,NA,NA,NA,NA,NA,NA
"175","Laviska Shenault","JAC","WR","2564232","robust",NA,NA,NA,NA,NA,NA,NA,NA,NA,NA,2.185,NA,21.565,6.4752555,0.0944147251825728,0.00414036422215878,0.11,0.066717,0,NA,0,NA,3.45,0.237216,48.01,4.329192,0.225,0.133434,NA,NA,NA,NA,NA,NA,NA,NA,NA,NA,NA,NA,NA,NA,NA,NA,NA,NA,NA,NA,NA,NA,NA,NA,NA,NA
"176","Adam Humphries","TEN","WR","2553895","robust",NA,NA,NA,NA,NA,NA,NA,NA,NA,NA,0.0666666666666667,0.04942,0.166666666666667,0.04942,0,0,0.0333333333333333,0.04942,0,NA,0,NA,3.95,0.429954,46,6.6717,0.2,0.14826,NA,NA,NA,NA,NA,NA,NA,NA,NA,NA,NA,NA,NA,NA,NA,NA,NA,NA,NA,NA,NA,NA,NA,NA,NA,NA
"177","Danny Amendola","DET","WR","2649","robust",NA,NA,NA,NA,NA,NA,NA,NA,NA,NA,0,0,0.0333333333333333,0.04942,0,0,0.0333333333333333,0.04942,0,NA,0,NA,3.99,0.44478,45.7,4.4478,0.13,0.088956,NA,NA,NA,NA,NA,NA,NA,NA,NA,NA,NA,NA,NA,NA,NA,NA,NA,NA,NA,NA,NA,NA,NA,NA,NA,NA
"178","Cole Beasley","BUF","WR","2535698","robust",NA,NA,NA,NA,NA,NA,NA,NA,NA,NA,0,0,0,0,0,0,0,0,0,NA,0,NA,3.535,0.44478,41.65,5.63388,0.2,0,NA,NA,NA,NA,NA,NA,NA,NA,NA,NA,NA,NA,NA,NA,NA,NA,NA,NA,NA,NA,NA,NA,NA,NA,NA,NA
"179","KJ Hamler","DEN","WR","2563890","robust",NA,NA,NA,NA,NA,NA,NA,NA,NA,NA,0.2,NA,1.82,0.118608,0.00456140350877193,0.00676273684210526,0.04,0.029652,0,NA,0,NA,3.33,0.696822,40.6,6.52344,0.1,0.014826,NA,NA,NA,NA,NA,NA,NA,NA,NA,NA,NA,NA,NA,NA,NA,NA,NA,NA,NA,NA,NA,NA,NA,NA,NA,NA
"180","Sammy Watkins","KC","WR","2543457","robust",NA,NA,NA,NA,NA,NA,NA,NA,NA,NA,0.166666666666667,0.04942,1.1,0.14826,0,0,0.0233333333333333,0.034594,0,NA,0,NA,3.14,0.44478,41,6.81996,0.19,0.14826,NA,NA,NA,NA,NA,NA,NA,NA,NA,NA,NA,NA,NA,NA,NA,NA,NA,NA,NA,NA,NA,NA,"Q","Concussion",3,2020
"181","Chase Claypool","PIT","WR","2564970","robust",NA,NA,NA,NA,NA,NA,NA,NA,NA,NA,0.1,NA,0.896666666666667,0.00494199999999995,0.00378340365682138,0.00560927426160338,0.0333333333333333,0.04942,0,NA,0,NA,2,0.37065,26.55,4.4478,0.15,0.088956,NA,NA,NA,NA,NA,NA,NA,NA,NA,NA,NA,NA,NA,NA,NA,NA,NA,NA,NA,NA,NA,NA,NA,NA,NA,NA
"182","Justin Jefferson","MIN","WR","2564556","robust",NA,NA,NA,NA,NA,NA,NA,NA,NA,NA,0.0666666666666667,0.04942,0.366666666666667,0.19768,0,0,0.04,0.029652,0,NA,0,NA,2.86,0.355824,36.55,4.492278,0.11,0.14826,NA,NA,NA,NA,NA,NA,NA,NA,NA,NA,NA,NA,NA,NA,NA,NA,NA,NA,NA,NA,NA,NA,NA,NA,NA,NA
"183","Andy Isabella","ARI","WR","2562669","robust",NA,NA,NA,NA,NA,NA,NA,NA,NA,NA,0.13,NA,0.963333333333333,0.093898,0,0,0,0,0,NA,0,NA,2.7,0.311346,40.11,4.59605999999999,0.16,0.177912,NA,NA,NA,NA,NA,NA,NA,NA,NA,NA,NA,NA,NA,NA,NA,NA,NA,NA,NA,NA,NA,NA,NA,NA,NA,NA
"184","Miles Boykin","BAL","WR","2562631","robust",NA,NA,NA,NA,NA,NA,NA,NA,NA,NA,0,0,0,0,0,0,0,0,0,NA,0,NA,2.5,0.44478,32.275,8.1543,0.2,0,NA,NA,NA,NA,NA,NA,NA,NA,NA,NA,NA,NA,NA,NA,NA,NA,NA,NA,NA,NA,NA,NA,NA,NA,NA,NA
"185","James Washington","PIT","WR","2560920","robust",NA,NA,NA,NA,NA,NA,NA,NA,NA,NA,0,0,0,0,0,0,0.0466666666666667,0.009884,0,NA,0,NA,2.85,0.148259999999999,41,3.098634,0.2,0.103782,NA,NA,NA,NA,NA,NA,NA,NA,NA,NA,NA,NA,NA,NA,NA,NA,NA,NA,NA,NA,NA,NA,NA,NA,NA,NA
"186","Tee Higgins","CIN","WR","2563731","robust",NA,NA,NA,NA,NA,NA,NA,NA,NA,NA,0.075,0.02471,0.375,0.12355,0,0,0.05,0.037065,0,NA,0,NA,2.575,0.44478,35.4675,7.16837100000001,0.1325,0.096369,NA,NA,NA,NA,NA,NA,NA,NA,NA,NA,NA,NA,NA,NA,NA,NA,NA,NA,NA,NA,NA,NA,NA,NA,NA,NA
"187","Curtis Samuel","CAR","WR","2558066","robust",NA,NA,NA,NA,NA,NA,NA,NA,NA,NA,1.35,NA,16.6633333333333,0.0395360000000009,0.0971820031339666,0.0041779621535811,0.0333333333333333,0.04942,0,NA,0,NA,3.42,0.7413,36,2.9652,0.16,0.14826,NA,NA,NA,NA,NA,NA,NA,NA,NA,NA,NA,NA,NA,NA,NA,NA,NA,NA,NA,NA,NA,NA,NA,NA,NA,NA
"188","Isaiah Ford","MIA","WR","2558071","robust",NA,NA,NA,NA,NA,NA,NA,NA,NA,NA,0.075,0.02471,0.425,0.22239,0,0,0.0075,0.007413,0,NA,0,NA,3.45,0.22239,39,2.44629,0.1075,0.07413,NA,NA,NA,NA,NA,NA,NA,NA,NA,NA,NA,NA,NA,NA,NA,NA,NA,NA,NA,NA,NA,NA,NA,NA,NA,NA
"189","Josh Malone","FA","WR","2558127","robust",NA,NA,NA,NA,NA,NA,NA,NA,NA,NA,0.1,0.14826,0.6,0.88956,0,0,0,0,0,NA,0,NA,2.5525,0.7413,28.07,20.430228,0.105,0.103782,NA,NA,NA,NA,NA,NA,NA,NA,NA,NA,NA,NA,NA,NA,NA,NA,NA,NA,NA,NA,NA,NA,NA,NA,NA,NA
"190","Randall Cobb","HOU","WR","2495448","robust",NA,NA,NA,NA,NA,NA,NA,NA,NA,NA,0.1,NA,0.593333333333333,0.00988400000000006,0,0,0.0433333333333333,0.019768,0,NA,0,NA,3.1,0.14826,37.71,1.92738,0.1,0.118608,NA,NA,NA,NA,NA,NA,NA,NA,NA,NA,NA,NA,NA,NA,NA,NA,NA,NA,NA,NA,NA,NA,NA,NA,NA,NA
"191","Bryan Edwards","LVR","WR","2564418","robust",NA,NA,NA,NA,NA,NA,NA,NA,NA,NA,0.0666666666666667,0.04942,0.366666666666667,0.19768,0,0,0.0333333333333333,0.04942,0,NA,0,NA,2.8,0.44478,38.6,3.55824,0.1,0.14826,NA,NA,NA,NA,NA,NA,NA,NA,NA,NA,NA,NA,NA,NA,NA,NA,NA,NA,NA,NA,NA,NA,NA,NA,NA,NA
"192","David Moore","SEA","WR","2558856","robust",NA,NA,NA,NA,NA,NA,NA,NA,NA,NA,0.15,NA,1.81,0.266868,0.00370143149284254,0.00548774233128834,0.0433333333333333,0.019768,0,NA,0,NA,2.2,0.29652,32.15,10.08168,0.2,0.14826,NA,NA,NA,NA,NA,NA,NA,NA,NA,NA,NA,NA,NA,NA,NA,NA,NA,NA,NA,NA,NA,NA,NA,NA,NA,NA
"193","Damiere Byrd","NE","WR","2553499","robust",NA,NA,NA,NA,NA,NA,NA,NA,NA,NA,0,0,0.0666666666666667,0.09884,0,0,0.0366666666666667,0.039536,0,NA,0,NA,2.7,0.44478,34.72,5.9304,0.115,0.014826,NA,NA,NA,NA,NA,NA,NA,NA,NA,NA,NA,NA,NA,NA,NA,NA,NA,NA,NA,NA,NA,NA,NA,NA,NA,NA
"194",NA,NA,"WR","0","robust",NA,NA,NA,NA,NA,NA,NA,NA,NA,NA,0,NA,4.4,0,0.1,0,0.1,0.044478,0,NA,0,NA,1.2,0.59304,13,11.8608,0.045,0.059304,NA,NA,NA,NA,NA,NA,NA,NA,NA,NA,NA,NA,NA,NA,NA,NA,NA,NA,NA,NA,NA,NA,NA,NA,NA,NA
"195","Dede Westbrook","JAC","WR","2557895","robust",NA,NA,NA,NA,NA,NA,NA,NA,NA,NA,0,0,0.2,0.29652,0,0,0,0,0,NA,0,NA,1.7775,0.578214,20.6725,10.837806,0.0925,0,NA,NA,NA,NA,NA,NA,NA,NA,NA,NA,NA,NA,NA,NA,NA,NA,NA,NA,NA,NA,NA,NA,NA,NA,NA,NA
"196","Mecole Hardman","KC","WR","2562580","robust",NA,NA,NA,NA,NA,NA,NA,NA,NA,NA,0.225,NA,1.78666666666667,0.276752,0.00194625998547567,0.00288552505446623,0.05,0,0,NA,0,NA,2.3,0.88956,32.1,5.1891,0.18,0.059304,NA,NA,NA,NA,NA,NA,NA,NA,NA,NA,NA,NA,NA,NA,NA,NA,NA,NA,NA,NA,NA,NA,NA,NA,NA,NA
"197","Davante Adams","GB","WR","2543495","robust",NA,NA,NA,NA,NA,NA,NA,NA,NA,NA,0,0,0,0,0,0,0,0,0,NA,0,NA,1.225,0.96369,14.475,11.83609,0.075,0.07413,NA,NA,NA,NA,NA,NA,NA,NA,NA,NA,NA,NA,NA,NA,NA,NA,NA,NA,NA,NA,NA,NA,"O","Hamstring",3,2020
"198","Scott Miller","TB","WR","2562865","robust",NA,NA,NA,NA,NA,NA,NA,NA,NA,NA,0.5,NA,2.5,0,0,0,0,0,0,NA,0,NA,2.525,0.7413,33.15,5.78214,0.095,0,NA,NA,NA,NA,NA,NA,NA,NA,NA,NA,NA,NA,NA,NA,NA,NA,NA,NA,NA,NA,NA,NA,NA,NA,NA,NA
"199","Olabisi Johnson","MIN","WR","2562465","robust",NA,NA,NA,NA,NA,NA,NA,NA,NA,NA,0,NA,0.2,0,0,0,0,0,0,NA,0,NA,2.625,0.14826,32.65,2.52042,0.07,0.014826,NA,NA,NA,NA,NA,NA,NA,NA,NA,NA,NA,NA,NA,NA,NA,NA,NA,NA,NA,NA,NA,NA,NA,NA,NA,NA
"200","Zach Pascal","IND","WR","2558877","robust",NA,NA,NA,NA,NA,NA,NA,NA,NA,NA,0.0666666666666667,0.04942,0.5,0.14826,0,0,0,0,0,NA,0,NA,2.54,0.533736,33,3.40998,0.235,0.103782,NA,NA,NA,NA,NA,NA,NA,NA,NA,NA,NA,NA,NA,NA,NA,NA,NA,NA,NA,NA,NA,NA,NA,NA,NA,NA
"201","Van Jefferson","LAR","WR","2564358","robust",NA,NA,NA,NA,NA,NA,NA,NA,NA,NA,0.15,NA,1.24,0.0889560000000001,0.00215277777777778,0.00319170833333333,0.0333333333333333,0.04942,0,NA,0,NA,2.2,0.489258,27.55,7.961562,0.1,0.14826,NA,NA,NA,NA,NA,NA,NA,NA,NA,NA,NA,NA,NA,NA,NA,NA,NA,NA,NA,NA,NA,NA,NA,NA,NA,NA
"202","Darnell Mooney","CHI","WR","2563707","robust",NA,NA,NA,NA,NA,NA,NA,NA,NA,NA,0.05,NA,0.4,0,0,0,0.065,0.051891,0,NA,0,NA,2.1,0.14826,26.6,9.48864,0.1,0.14826,NA,NA,NA,NA,NA,NA,NA,NA,NA,NA,NA,NA,NA,NA,NA,NA,NA,NA,NA,NA,NA,NA,NA,NA,NA,NA
"203","Josh Reynolds","LAR","WR","2558194","robust",NA,NA,NA,NA,NA,NA,NA,NA,NA,NA,0.135,NA,0.88,0.118608,0,0,0,0,0,NA,0,NA,1.7,0.385476,22,8.851122,0.1,0.014826,NA,NA,NA,NA,NA,NA,NA,NA,NA,NA,NA,NA,NA,NA,NA,NA,NA,NA,NA,NA,NA,NA,NA,NA,NA,NA
"204","Dontrelle Inman","WAS","WR","2530700","robust",NA,NA,NA,NA,NA,NA,NA,NA,NA,NA,0,0,0,0,0,0,0,0,0,NA,0,NA,2.185,0.163086,24.79,7.04235,0.0775,0.051891,NA,NA,NA,NA,NA,NA,NA,NA,NA,NA,NA,NA,NA,NA,NA,NA,NA,NA,NA,NA,NA,NA,NA,NA,NA,NA
"205","Mohamed Sanu","FA","WR","2533040","robust",NA,NA,NA,NA,NA,NA,NA,NA,NA,NA,0,0,0.15,0.22239,0,0,0,0,0,NA,0,NA,2.31,0.340998,25.6275,6.834786,0.16,0.044478,NA,NA,NA,NA,NA,NA,NA,NA,NA,NA,NA,NA,NA,NA,NA,NA,NA,NA,NA,NA,NA,NA,NA,NA,NA,NA
"206","Tim Patrick","DEN","WR","2558985","robust",NA,NA,NA,NA,NA,NA,NA,NA,NA,NA,0.05,0.037065,0.15,0.111195,0,0,0.02,0.014826,0,NA,0,NA,2.12,0.29652,26.75,3.40998,0.05,0.07413,NA,NA,NA,NA,NA,NA,NA,NA,NA,NA,NA,NA,NA,NA,NA,NA,NA,NA,NA,NA,NA,NA,NA,NA,NA,NA
"207","Greg Ward","PHI","WR","2559278","robust",NA,NA,NA,NA,NA,NA,NA,NA,NA,NA,0.2,NA,0.8,0,0,0,0,0,NA,NA,NA,NA,2.1,0.88956,21.25,13.71405,0.055,0.066717,NA,NA,NA,NA,NA,NA,NA,NA,NA,NA,NA,NA,NA,NA,NA,NA,NA,NA,NA,NA,NA,NA,NA,NA,NA,NA
"208","Nelson Agholor","LVR","WR","2552600","robust",NA,NA,NA,NA,NA,NA,NA,NA,NA,NA,0.09,NA,0.776666666666667,0.217448,0.00410934744268078,0.00609251851851852,0.01,0.014826,0,NA,0,NA,2.15,0.29652,26.9,3.869586,0.15,0.059304,NA,NA,NA,NA,NA,NA,NA,NA,NA,NA,NA,NA,NA,NA,NA,NA,NA,NA,NA,NA,NA,NA,NA,NA,NA,NA
"209","Demarcus Robinson","KC","WR","2555478","robust",NA,NA,NA,NA,NA,NA,NA,NA,NA,NA,0,0,0,0,0,0,0,0,0,NA,0,NA,1.975,0.200151,25.185,4.862928,0.1,0.044478,NA,NA,NA,NA,NA,NA,NA,NA,NA,NA,NA,NA,NA,NA,NA,NA,NA,NA,NA,NA,NA,NA,NA,NA,NA,NA
"210","Willie Snead","BAL","WR","2550256","robust",NA,NA,NA,NA,NA,NA,NA,NA,NA,NA,0.0666666666666667,0.04942,0.2,0.14826,0,0,0,0,0,NA,0,NA,2.25,0.133434,25.9,4.551582,0.15,0,NA,NA,NA,NA,NA,NA,NA,NA,NA,NA,NA,NA,NA,NA,NA,NA,NA,NA,NA,NA,NA,NA,NA,NA,NA,NA
"211","Joe Reed","LAC","WR","2565069","robust",NA,NA,NA,NA,NA,NA,NA,NA,NA,NA,0.185,NA,1.215,0.044478,0.00262931034482759,0.00259881034482759,0.035,0.029652,0,NA,0,NA,0.775,0.311346,10.8,4.81845,0.08,0.059304,NA,NA,NA,NA,NA,NA,NA,NA,NA,NA,NA,NA,NA,NA,NA,NA,NA,NA,NA,NA,NA,NA,NA,NA,NA,NA
"212","Kenny Stills","HOU","WR","2540202","robust",NA,NA,NA,NA,NA,NA,NA,NA,NA,NA,0,0,0,0,0,0,0.005,0.004942,0,NA,0,NA,1.9675,0.14826,26.0775,1.40847,0.1,0,NA,NA,NA,NA,NA,NA,NA,NA,NA,NA,NA,NA,NA,NA,NA,NA,NA,NA,NA,NA,NA,NA,NA,NA,NA,NA
"213","Devin Duvernay","BAL","WR","2563551","robust",NA,NA,NA,NA,NA,NA,NA,NA,NA,NA,0.1,0.07413,0.575,0.39536,0,0,0.025,0.02471,0,NA,0,NA,1.0725,0.526323,15.29,8.37669,0.0975,0.07413,NA,NA,NA,NA,NA,NA,NA,NA,NA,NA,NA,NA,NA,NA,NA,NA,NA,NA,NA,NA,NA,NA,NA,NA,NA,NA
"214","Kalif Raymond","TEN","WR","2556661","robust",NA,NA,NA,NA,NA,NA,NA,NA,NA,NA,0.05,0.037065,0.25,0.185325,0,0,0,0,0,NA,0,NA,1.52,0.504084,20.24,5.26323,0.1,0.029652,NA,NA,NA,NA,NA,NA,NA,NA,NA,NA,NA,NA,NA,NA,NA,NA,NA,NA,NA,NA,NA,NA,NA,NA,NA,NA
"215","JJ Arcega-Whiteside","PHI","WR","2562466","robust",NA,NA,NA,NA,NA,NA,NA,NA,NA,NA,0,0,0.05,0.07413,0,0,0,0,0,NA,0,NA,1.325,0.14826,18.1825,2.624202,0.03,0.014826,NA,NA,NA,NA,NA,NA,NA,NA,NA,NA,NA,NA,NA,NA,NA,NA,NA,NA,NA,NA,NA,NA,NA,NA,NA,NA
"216","Jakeem Grant","MIA","WR","2556190","robust",NA,NA,NA,NA,NA,NA,NA,NA,NA,NA,0.1,NA,0.71,0.177912,0.05,0.0605395,0,0,0,NA,0,NA,1.75,0.474432,18,1.868076,0.06,0.029652,NA,NA,NA,NA,NA,NA,NA,NA,NA,NA,NA,NA,NA,NA,NA,NA,NA,NA,NA,NA,NA,NA,NA,NA,NA,NA
"217","Trent Taylor","SF","WR","2558202","robust",NA,NA,NA,NA,NA,NA,NA,NA,NA,NA,0,0,0,0,0,0,0.005,0.0037065,0,NA,0,NA,0.975,0.200151,14.1625,5.9304,0.04,0.044478,NA,NA,NA,NA,NA,NA,NA,NA,NA,NA,NA,NA,NA,NA,NA,NA,NA,NA,NA,NA,NA,NA,NA,NA,NA,NA
"218","Zay Jones","LVR","WR","2557863","robust",NA,NA,NA,NA,NA,NA,NA,NA,NA,NA,0.025,0.02471,0.025,0.02471,0,0,0,0,0,NA,0,NA,1.5,0.504084,14.9225,4.81845,0.1,0.029652,NA,NA,NA,NA,NA,NA,NA,NA,NA,NA,NA,NA,NA,NA,NA,NA,NA,NA,NA,NA,NA,NA,NA,NA,NA,NA
"219","Isaiah McKenzie","BUF","WR","2558129","robust",NA,NA,NA,NA,NA,NA,NA,NA,NA,NA,0.225,0.17297,1.725,1.30963,0.025,0.02471,0,0,0,NA,0,NA,1.87,0.37065,18.51,3.513762,0.1,0.014826,NA,NA,NA,NA,NA,NA,NA,NA,NA,NA,NA,NA,NA,NA,NA,NA,NA,NA,NA,NA,NA,NA,NA,NA,NA,NA
"220","Rashard Higgins","CLE","WR","2555468","robust",NA,NA,NA,NA,NA,NA,NA,NA,NA,NA,0,0,0,0,0,0,0,0,0,NA,0,NA,1.1,1.18608,12.75,13.3434,0,0,NA,NA,NA,NA,NA,NA,NA,NA,NA,NA,NA,NA,NA,NA,NA,NA,NA,NA,NA,NA,NA,NA,"O","Coach's Decision",3,2020
"221","KeeSean Johnson","ARI","WR","2562677","robust",NA,NA,NA,NA,NA,NA,NA,NA,NA,NA,0.025,0.02471,0.125,0.09884,0,0,0.055,0.034594,0,NA,0,NA,1.475,0.59304,16.465,6.30105,0.0875,0.059304,NA,NA,NA,NA,NA,NA,NA,NA,NA,NA,NA,NA,NA,NA,NA,NA,NA,NA,NA,NA,NA,NA,NA,NA,NA,NA
"222","Jakobi Meyers","NE","WR","2562492","robust",NA,NA,NA,NA,NA,NA,NA,NA,NA,NA,0,0,0,0,0,0,0,0,0,NA,0,NA,1.455,0.177912,18.5325,3.11346,0.03,0,NA,NA,NA,NA,NA,NA,NA,NA,NA,NA,NA,NA,NA,NA,NA,NA,NA,NA,NA,NA,NA,NA,NA,NA,NA,NA
"223","KhaDarel Hodge","CLE","WR","2561653","robust",NA,NA,NA,NA,NA,NA,NA,NA,NA,NA,0,0,0.025,0,0,0,0,0,0,NA,0,NA,1.315,0.207564,19.345,2.81694,0.0975,0,NA,NA,NA,NA,NA,NA,NA,NA,NA,NA,NA,NA,NA,NA,NA,NA,NA,NA,NA,NA,NA,NA,NA,NA,NA,NA
"224","Cameron Batson","FA","WR","2561521","robust",NA,NA,NA,NA,NA,NA,NA,NA,NA,NA,0.2,NA,1.5,0,0,0,0,0,NA,NA,NA,NA,1.15,0.96369,12.95,13.26927,0.05,0.07413,NA,NA,NA,NA,NA,NA,NA,NA,NA,NA,NA,NA,NA,NA,NA,NA,NA,NA,NA,NA,NA,NA,NA,NA,NA,NA
"225","Gabriel Davis","BUF","WR","2563602","robust",NA,NA,NA,NA,NA,NA,NA,NA,NA,NA,0.2,NA,0.7,0,0,0,0,0,NA,NA,NA,NA,1.05,0.66717,12.9,13.19514,0.15,0.07413,NA,NA,NA,NA,NA,NA,NA,NA,NA,NA,NA,NA,NA,NA,NA,NA,NA,NA,NA,NA,NA,NA,NA,NA,NA,NA
"226","Marvin Hall","DET","WR","2557034","robust",NA,NA,NA,NA,NA,NA,NA,NA,NA,NA,0.025,0.02471,0.225,0.17297,0,0,0,0,0,NA,0,NA,0.7,0.14826,14.29,5.63388,0.1,0.044478,NA,NA,NA,NA,NA,NA,NA,NA,NA,NA,NA,NA,NA,NA,NA,NA,NA,NA,NA,NA,NA,NA,NA,NA,NA,NA
"227","Damion Ratley","NYG","WR","2561054","robust",NA,NA,NA,NA,NA,NA,NA,NA,NA,NA,0,0,0.05,0.07413,0,0,0,0,0,NA,0,NA,1.355,0.59304,16.6625,4.29954,0.08,0.029652,NA,NA,NA,NA,NA,NA,NA,NA,NA,NA,NA,NA,NA,NA,NA,NA,NA,NA,NA,NA,NA,NA,NA,NA,NA,NA
"228","Mike Thomas","CIN","WR","2556381","robust",NA,NA,NA,NA,NA,NA,NA,NA,NA,NA,0.025,0,0.125,0.14826,0,0,0,0,0,NA,0,NA,1.5225,0,17.765,3.024504,0.1225,0.014826,NA,NA,NA,NA,NA,NA,NA,NA,NA,NA,NA,NA,NA,NA,NA,NA,NA,NA,NA,NA,NA,NA,NA,NA,NA,NA
"229","Equanimeous St. Brown","GB","WR","2560883","robust",NA,NA,NA,NA,NA,NA,NA,NA,NA,NA,0.05,0.07413,0.25,0.37065,0,0,0,0,NA,NA,NA,NA,0.65,0.96369,10.15,15.04839,0.05,0.07413,NA,NA,NA,NA,NA,NA,NA,NA,NA,NA,NA,NA,NA,NA,NA,NA,NA,NA,NA,NA,NA,NA,"IR","Knee",3,2020
"230","Javon Wims","CHI","WR","2560939","robust",NA,NA,NA,NA,NA,NA,NA,NA,NA,NA,0,0,0,0,0,0,0,0,0,NA,0,NA,1.3625,0.0741300000000001,14.855,2.698332,0.0975,0,NA,NA,NA,NA,NA,NA,NA,NA,NA,NA,NA,NA,NA,NA,NA,NA,NA,NA,NA,NA,NA,NA,NA,NA,NA,NA
"231","DaeSean Hamilton","DEN","WR","2561002","robust",NA,NA,NA,NA,NA,NA,NA,NA,NA,NA,0,0,0,0,0,0,0,0,0,NA,0,NA,1.48,0.133434,15.515,1.289862,0.0725,0.014826,NA,NA,NA,NA,NA,NA,NA,NA,NA,NA,NA,NA,NA,NA,NA,NA,NA,NA,NA,NA,NA,NA,NA,NA,NA,NA
"232","Brandon Powell","ATL","WR","2561261","robust",NA,NA,NA,NA,NA,NA,NA,NA,NA,NA,0,0,0.1,0.14826,0,0,0,0,NA,NA,NA,NA,0.845,0.511497,11.42,5.960052,0.035,0.051891,NA,NA,NA,NA,NA,NA,NA,NA,NA,NA,NA,NA,NA,NA,NA,NA,NA,NA,NA,NA,NA,NA,NA,NA,NA,NA
"233","Keke Coutee","HOU","WR","2561029","robust",NA,NA,NA,NA,NA,NA,NA,NA,NA,NA,0,0,0.05,0.07413,0,0,0.1,0.14826,0,NA,0,NA,1.19,0.400302,12.79,1.882902,0.0225,0.014826,NA,NA,NA,NA,NA,NA,NA,NA,NA,NA,NA,NA,NA,NA,NA,NA,NA,NA,NA,NA,NA,NA,NA,NA,NA,NA
"234","Antonio Gandy-Golden","WAS","WR","2565273","robust",NA,NA,NA,NA,NA,NA,NA,NA,NA,NA,0,0,0,0,0,0,0,0,NA,NA,NA,NA,1.185,0.467019,12.285,2.542659,0.03,0.044478,NA,NA,NA,NA,NA,NA,NA,NA,NA,NA,NA,NA,NA,NA,NA,NA,NA,NA,NA,NA,NA,NA,NA,NA,NA,NA
"235","Pharoh Cooper","CAR","WR","2555419","robust",NA,NA,NA,NA,NA,NA,NA,NA,NA,NA,0,0,0.05,0.07413,0,0,0,0,0,NA,0,NA,0.7675,0.14826,7.225,0.29652,0.015,0,NA,NA,NA,NA,NA,NA,NA,NA,NA,NA,NA,NA,NA,NA,NA,NA,NA,NA,NA,NA,NA,NA,NA,NA,NA,NA
"236","Noah Brown","DAL","WR","2558091","robust",NA,NA,NA,NA,NA,NA,NA,NA,NA,NA,0,0,0,0,0,0,0,0,0,NA,0,NA,0.8275,0.14826,10.415,3.40998,0.0175,0,NA,NA,NA,NA,NA,NA,NA,NA,NA,NA,NA,NA,NA,NA,NA,NA,NA,NA,NA,NA,NA,NA,NA,NA,NA,NA
"237","Cordarrelle Patterson","CHI","WR","2540145","robust",NA,NA,NA,NA,NA,NA,NA,NA,NA,NA,1.4,NA,14.27,0.422541,0.0905439038306412,0.00700980409034568,0,0,0,NA,0,NA,1.045,0.118608,10.6775,1.430709,0,0,NA,NA,NA,NA,NA,NA,NA,NA,NA,NA,NA,NA,NA,NA,NA,NA,NA,NA,NA,NA,NA,NA,NA,NA,NA,NA
"238","Trent Sherfield","ARI","WR","2561272","robust",NA,NA,NA,NA,NA,NA,NA,NA,NA,NA,0,0,0,0,0,0,0,0,0,NA,0,NA,0.6375,0.14826,8.5825,2.37216,0.035,0.044478,NA,NA,NA,NA,NA,NA,NA,NA,NA,NA,NA,NA,NA,NA,NA,NA,NA,NA,NA,NA,NA,NA,NA,NA,NA,NA
"239","Ted Ginn","CHI","WR","2507166","robust",NA,NA,NA,NA,NA,NA,NA,NA,NA,NA,0,0,0.1,0.14826,0,0,0,0,0,NA,0,NA,0.6125,0.14826,8.6025,1.63086,0.045,0.014826,NA,NA,NA,NA,NA,NA,NA,NA,NA,NA,NA,NA,NA,NA,NA,NA,NA,NA,NA,NA,NA,NA,NA,NA,NA,NA
"240","Travis Kelce","KC","TE","2540258","robust",NA,NA,NA,NA,NA,NA,NA,NA,NA,NA,0.00666666666666667,0,0.103333333333333,0,0,0,0.096,0,0,NA,0,NA,6.165,0.148260000000001,73.725,1.438122,0.6,0.14826,NA,NA,NA,NA,NA,NA,NA,NA,NA,NA,NA,NA,NA,NA,NA,NA,NA,NA,NA,NA,NA,NA,NA,NA,NA,NA
"241","Hayden Hurst","ATL","TE","2560747","robust",NA,NA,NA,NA,NA,NA,NA,NA,NA,NA,0,0,0,0,0,0,0.01,0,0,NA,0,NA,4.625,0.37065,53.3,7.11648,0.3,0,NA,NA,NA,NA,NA,NA,NA,NA,NA,NA,NA,NA,NA,NA,NA,NA,NA,NA,NA,NA,NA,NA,NA,NA,NA,NA
"242","Darren Waller","LVR","TE","2552408","robust",NA,NA,NA,NA,NA,NA,NA,NA,NA,NA,0.01,0,0.12,0,0.005,0,0.096,0,0,NA,0,NA,5.6,0.726474,63.75,7.39817399999999,0.335,0.118608,NA,NA,NA,NA,NA,NA,NA,NA,NA,NA,NA,NA,NA,NA,NA,NA,NA,NA,NA,NA,NA,NA,NA,NA,NA,NA
"243","Mark Andrews","BAL","TE","2560957","robust",NA,NA,NA,NA,NA,NA,NA,NA,NA,NA,0,0,0,0,0,0,0.003,0,0,NA,0,NA,4.495,0.44478,60.075,2.37216,0.675,0.0741299999999999,NA,NA,NA,NA,NA,NA,NA,NA,NA,NA,NA,NA,NA,NA,NA,NA,NA,NA,NA,NA,NA,NA,NA,NA,NA,NA
"244","Hunter Henry","LAC","TE","2555341","robust",NA,NA,NA,NA,NA,NA,NA,NA,NA,NA,0,0,0,0,0,0,0.097,0,0,NA,0,NA,4.675,0.593039999999999,56.3,3.85476,0.45,0.14826,NA,NA,NA,NA,NA,NA,NA,NA,NA,NA,NA,NA,NA,NA,NA,NA,NA,NA,NA,NA,NA,NA,NA,NA,NA,NA
"245","Zach Ertz","PHI","TE","2540158","robust",NA,NA,NA,NA,NA,NA,NA,NA,NA,NA,0,0,0,0,0,0,0.015,0.0385476,0,NA,0,NA,5.05,0.148259999999999,56.5375,0.889560000000002,0.47,0.088956,NA,NA,NA,NA,NA,NA,NA,NA,NA,NA,NA,NA,NA,NA,NA,NA,NA,NA,NA,NA,NA,NA,NA,NA,NA,NA
"246","Jonnu Smith","TEN","TE","2558207","robust",NA,NA,NA,NA,NA,NA,NA,NA,NA,NA,0.02,0,0.176666666666667,0,0,0,0,0,0,NA,0,NA,4.075,0.385476000000001,48.3,0.444779999999996,0.45,0.14826,NA,NA,NA,NA,NA,NA,NA,NA,NA,NA,NA,NA,NA,NA,NA,NA,NA,NA,NA,NA,NA,NA,NA,NA,NA,NA
"247","Mike Gesicki","MIA","TE","2560994","robust",NA,NA,NA,NA,NA,NA,NA,NA,NA,NA,0,0,0,0,0,0,0.093,0,0,NA,0,NA,4.6,0.296519999999999,54.5775,1.645686,0.415,0.044478,NA,NA,NA,NA,NA,NA,NA,NA,NA,NA,NA,NA,NA,NA,NA,NA,NA,NA,NA,NA,NA,NA,NA,NA,NA,NA
"248","Noah Fant","DEN","TE","2562383","robust",NA,NA,NA,NA,NA,NA,NA,NA,NA,NA,0,0,0.0333333333333333,0,0,0,0.004,0,0,NA,0,NA,3.875,0.14826,49.175,5.63388000000001,0.4,0.14826,NA,NA,NA,NA,NA,NA,NA,NA,NA,NA,NA,NA,NA,NA,NA,NA,NA,NA,NA,NA,NA,NA,NA,NA,NA,NA
"249","Jared Cook","NO","TE","71265","robust",NA,NA,NA,NA,NA,NA,NA,NA,NA,NA,0,0,0,0,0,0,0,0,0,NA,0,NA,4,0.148259999999999,52.685,3.172764,0.5,0,NA,NA,NA,NA,NA,NA,NA,NA,NA,NA,NA,NA,NA,NA,NA,NA,NA,NA,NA,NA,NA,NA,NA,NA,NA,NA
"250","T.J. Hockenson","DET","TE","2562378","robust",NA,NA,NA,NA,NA,NA,NA,NA,NA,NA,0,0,0,0,0,0,0,0,0,NA,0,NA,4.3,0.14826,49.58,2.81694,0.4,0.118608,NA,NA,NA,NA,NA,NA,NA,NA,NA,NA,NA,NA,NA,NA,NA,NA,NA,NA,NA,NA,NA,NA,NA,NA,NA,NA
"251","Dallas Goedert","PHI","TE","2560995","robust",NA,NA,NA,NA,NA,NA,NA,NA,NA,NA,0,0,0,0,0,0,0.034,0.0504084,0,NA,0,NA,4.65,0.222390000000001,51.2975,2.9652,0.3575,0.14826,NA,NA,NA,NA,NA,NA,NA,NA,NA,NA,NA,NA,NA,NA,NA,NA,NA,NA,NA,NA,NA,NA,NA,NA,NA,NA
"252","Evan Engram","NYG","TE","2557858","robust",NA,NA,NA,NA,NA,NA,NA,NA,NA,NA,0.05,NA,0.82,0,0.00872340425531915,0,0,0,0,NA,0,NA,4.59,0.133434,48.9,1.771707,0.2,0.07413,NA,NA,NA,NA,NA,NA,NA,NA,NA,NA,NA,NA,NA,NA,NA,NA,NA,NA,NA,NA,NA,NA,NA,NA,NA,NA
"253","Jordan Reed","SF","TE","2540160","robust",NA,NA,NA,NA,NA,NA,NA,NA,NA,NA,0,0,0,0,0,0,0,0,0,NA,0,NA,4.2,0.748713,44.665,8.37669,0.55,0.22239,NA,NA,NA,NA,NA,NA,NA,NA,NA,NA,NA,NA,NA,NA,NA,NA,NA,NA,NA,NA,NA,NA,NA,NA,NA,NA
"254","Tyler Higbee","LAR","TE","2555364","robust",NA,NA,NA,NA,NA,NA,NA,NA,NA,NA,0,0,0,0,0,0,0,0,0,NA,0,NA,4.6175,0.29652,50.5,1.4826,0.4,0,NA,NA,NA,NA,NA,NA,NA,NA,NA,NA,NA,NA,NA,NA,NA,NA,NA,NA,NA,NA,NA,NA,NA,NA,NA,NA
"255","Logan Thomas","WAS","TE","2543767","robust",NA,NA,NA,NA,NA,NA,NA,NA,NA,NA,0,0,0,0,0,0,0,0,0,NA,0,NA,3.655,0.22239,37.75,5.12238299999999,0.2,0.051891,NA,NA,NA,NA,NA,NA,NA,NA,NA,NA,NA,NA,NA,NA,NA,NA,NA,NA,NA,NA,NA,NA,NA,NA,NA,NA
"256","Mo Alie-Cox","IND","TE","2558832","robust",NA,NA,NA,NA,NA,NA,NA,NA,NA,NA,0,0,0,0,0,0,0.00375,0.00555975,0,NA,0,NA,2.5,0.51891,34.1,5.04084,0.1,0.126021,NA,NA,NA,NA,NA,NA,NA,NA,NA,NA,NA,NA,NA,NA,NA,NA,NA,NA,NA,NA,NA,NA,NA,NA,NA,NA
"257","Dalton Schultz","DAL","TE","2560866","robust",NA,NA,NA,NA,NA,NA,NA,NA,NA,NA,0,0,0,0,0,0,0.175,0.07413,0,NA,0,NA,3.65,0.51891,38.25,4.07715,0.22,0.07413,NA,NA,NA,NA,NA,NA,NA,NA,NA,NA,NA,NA,NA,NA,NA,NA,NA,NA,NA,NA,NA,NA,NA,NA,NA,NA
"258","Chris Herndon","NYJ","TE","2560738","robust",NA,NA,NA,NA,NA,NA,NA,NA,NA,NA,0,0,0,0,0,0,0.166666666666667,0.09884,0,NA,0,NA,3.605,0.904386,36,10.215114,0.2,0,NA,NA,NA,NA,NA,NA,NA,NA,NA,NA,NA,NA,NA,NA,NA,NA,NA,NA,NA,NA,NA,NA,NA,NA,NA,NA
"259","Tyler Eifert","JAC","TE","2540148","robust",NA,NA,NA,NA,NA,NA,NA,NA,NA,NA,0,0,0,0,0,0,0,0,0,NA,0,NA,3.05,0.326172,35.7,3.157938,0.25,0.014826,NA,NA,NA,NA,NA,NA,NA,NA,NA,NA,NA,NA,NA,NA,NA,NA,NA,NA,NA,NA,NA,NA,NA,NA,NA,NA
"260","Eric Ebron","PIT","TE","2543466","robust",NA,NA,NA,NA,NA,NA,NA,NA,NA,NA,0,0,0,0,0,0,0,0,0,NA,0,NA,3.15,0.29652,35.95,1.623447,0.18,0.044478,NA,NA,NA,NA,NA,NA,NA,NA,NA,NA,NA,NA,NA,NA,NA,NA,NA,NA,NA,NA,NA,NA,NA,NA,NA,NA
"261","Jack Doyle","IND","TE","2540232","robust",NA,NA,NA,NA,NA,NA,NA,NA,NA,NA,0,0,0,0,0,0,0,0,0,NA,0,NA,2.3,0.44478,25.595,1.764294,0.2,0,NA,NA,NA,NA,NA,NA,NA,NA,NA,NA,NA,NA,NA,NA,NA,NA,NA,NA,NA,NA,NA,NA,NA,NA,NA,NA
"262","Austin Hooper","CLE","TE","2555415","robust",NA,NA,NA,NA,NA,NA,NA,NA,NA,NA,0,0,0,0,0,0,0.00666666666666667,0.009884,0,NA,0,NA,3.3,0.0444780000000004,37,2.268378,0.2,0.177912,NA,NA,NA,NA,NA,NA,NA,NA,NA,NA,NA,NA,NA,NA,NA,NA,NA,NA,NA,NA,NA,NA,NA,NA,NA,NA
"263","Jordan Akins","HOU","TE","2560951","robust",NA,NA,NA,NA,NA,NA,NA,NA,NA,NA,0,0,0,0,0,0,0,0,0,NA,0,NA,2.8,0.59304,28.4,5.33736,0.1,0,NA,NA,NA,NA,NA,NA,NA,NA,NA,NA,NA,NA,NA,NA,NA,NA,NA,NA,NA,NA,NA,NA,NA,NA,NA,NA
"264","Drew Sample","CIN","TE","2562720","robust",NA,NA,NA,NA,NA,NA,NA,NA,NA,NA,0,NA,0,NA,0,NA,0.025,0.02471,0,NA,0,NA,3.45,0.37065,30.875,3.11346,0.125,0.07413,NA,NA,NA,NA,NA,NA,NA,NA,NA,NA,NA,NA,NA,NA,NA,NA,NA,NA,NA,NA,NA,NA,NA,NA,NA,NA
"265","Jace Sternberger","GB","TE","2562744","robust",NA,NA,NA,NA,NA,NA,NA,NA,NA,NA,0,NA,0,NA,0,NA,0,0,0,NA,0,NA,1.7,0.14826,18.45,3.7065,0.125,0,NA,NA,NA,NA,NA,NA,NA,NA,NA,NA,NA,NA,NA,NA,NA,NA,NA,NA,NA,NA,NA,NA,NA,NA,NA,NA
"266","Greg Olsen","SEA","TE","2495700","robust",NA,NA,NA,NA,NA,NA,NA,NA,NA,NA,0,0,0,0,0,0,0,0,0,NA,0,NA,2.41,0.14826,28.5,2.2239,0.185,0.14826,NA,NA,NA,NA,NA,NA,NA,NA,NA,NA,NA,NA,NA,NA,NA,NA,NA,NA,NA,NA,NA,NA,NA,NA,NA,NA
"267","O.J. Howard","TB","TE","2557856","robust",NA,NA,NA,NA,NA,NA,NA,NA,NA,NA,0,0,0,0,0,0,0.01,0.014826,0,NA,0,NA,2.5,0.14826,30.3,0.889560000000002,0.15,0.07413,NA,NA,NA,NA,NA,NA,NA,NA,NA,NA,NA,NA,NA,NA,NA,NA,NA,NA,NA,NA,NA,NA,NA,NA,NA,NA
"268","Jimmy Graham","CHI","TE","497236","robust",NA,NA,NA,NA,NA,NA,NA,NA,NA,NA,0,0,0,0,0,0,0,0,0,NA,0,NA,2.4,0.415128,27.6,4.89258,0.2,0,NA,NA,NA,NA,NA,NA,NA,NA,NA,NA,NA,NA,NA,NA,NA,NA,NA,NA,NA,NA,NA,NA,NA,NA,NA,NA
"269","Dan Arnold","ARI","TE","2559385","robust",NA,NA,NA,NA,NA,NA,NA,NA,NA,NA,0,0,0,0,0,0,0,0,0,NA,0,NA,2.2,0.533736,28.895,1.349166,0.16,0.14826,NA,NA,NA,NA,NA,NA,NA,NA,NA,NA,NA,NA,NA,NA,NA,NA,NA,NA,NA,NA,NA,NA,NA,NA,NA,NA
"270","Ian Thomas","CAR","TE","2560894","robust",NA,NA,NA,NA,NA,NA,NA,NA,NA,NA,0,0,0,0,0,0,0,0,0,NA,0,NA,2.8,0.29652,26.2,3.26172,0.1,0.044478,NA,NA,NA,NA,NA,NA,NA,NA,NA,NA,NA,NA,NA,NA,NA,NA,NA,NA,NA,NA,NA,NA,NA,NA,NA,NA
"271","Robert Tonyan","GB","TE","2559270","robust",NA,NA,NA,NA,NA,NA,NA,NA,NA,NA,0,0,0,0,0,0,0,0,0,NA,0,NA,1.6,0.7413,19.8,7.48713,0.2,0.029652,NA,NA,NA,NA,NA,NA,NA,NA,NA,NA,NA,NA,NA,NA,NA,NA,NA,NA,NA,NA,NA,NA,NA,NA,NA,NA
"272","Tyler Kroft","BUF","TE","2552586","robust",NA,NA,NA,NA,NA,NA,NA,NA,NA,NA,0,0,0,0,0,0,0.00333333333333333,0.004942,0,NA,0,NA,1.05,0.770952,11.25,9.236598,0.1,0.118608,NA,NA,NA,NA,NA,NA,NA,NA,NA,NA,NA,NA,NA,NA,NA,NA,NA,NA,NA,NA,NA,NA,NA,NA,NA,NA
"273","Kyle Rudolph","MIN","TE","2495438","robust",NA,NA,NA,NA,NA,NA,NA,NA,NA,NA,0,0,0,0,0,0,0,0,0,NA,0,NA,2.45,0.0889560000000001,25.93,0.7413,0.25,0.07413,NA,NA,NA,NA,NA,NA,NA,NA,NA,NA,NA,NA,NA,NA,NA,NA,NA,NA,NA,NA,NA,NA,NA,NA,NA,NA
"274","Gerald Everett","LAR","TE","2557889","robust",NA,NA,NA,NA,NA,NA,NA,NA,NA,NA,0,0,0,0,0,0,0,0,0,NA,0,NA,1.4,1.33434,16.3,11.41602,0.1,0.014826,NA,NA,NA,NA,NA,NA,NA,NA,NA,NA,NA,NA,NA,NA,NA,NA,NA,NA,NA,NA,NA,NA,NA,NA,NA,NA
"275","Irv Smith Jr.","MIN","TE","2562738","robust",NA,NA,NA,NA,NA,NA,NA,NA,NA,NA,0,0,0,0,0,0,0,0,0,NA,0,NA,2.3,0.504084,23,3.11346,0.095,0.029652,NA,NA,NA,NA,NA,NA,NA,NA,NA,NA,NA,NA,NA,NA,NA,NA,NA,NA,NA,NA,NA,NA,NA,NA,NA,NA
"276","Darren Fells","HOU","TE","2540928","robust",NA,NA,NA,NA,NA,NA,NA,NA,NA,NA,0,0,0,0,0,0,0,0,0,NA,0,NA,2.05,0.14826,20.3,1.63086,0.2,0.14826,NA,NA,NA,NA,NA,NA,NA,NA,NA,NA,NA,NA,NA,NA,NA,NA,NA,NA,NA,NA,NA,NA,NA,NA,NA,NA
"277","Rob Gronkowski","TB","TE","497240","robust",NA,NA,NA,NA,NA,NA,NA,NA,NA,NA,0,0,0,0,0,0,0,0,0,NA,0,NA,1.65,0.340998,18.9,2.81694,0.1,0.07413,NA,NA,NA,NA,NA,NA,NA,NA,NA,NA,NA,NA,NA,NA,NA,NA,NA,NA,NA,NA,NA,NA,NA,NA,NA,NA
"278","Anthony Firkser","TEN","TE","2558942","robust",NA,NA,NA,NA,NA,NA,NA,NA,NA,NA,0,0,0,0,0,0,0,0,0,NA,0,NA,1.6925,0.244629,20.51,4.714668,0.1,0,NA,NA,NA,NA,NA,NA,NA,NA,NA,NA,NA,NA,NA,NA,NA,NA,NA,NA,NA,NA,NA,NA,NA,NA,NA,NA
"279","Ryan Izzo","NE","TE","2560751","robust",NA,NA,NA,NA,NA,NA,NA,NA,NA,NA,NA,NA,NA,NA,NA,NA,0,0,NA,NA,NA,NA,1.85,0.0741299999999999,23.1,0.148259999999999,0.2,0,NA,NA,NA,NA,NA,NA,NA,NA,NA,NA,NA,NA,NA,NA,NA,NA,NA,NA,NA,NA,NA,NA,NA,NA,NA,NA
"280","Jacob Hollister","SEA","TE","2558956","robust",NA,NA,NA,NA,NA,NA,NA,NA,NA,NA,0,0,0,0,0,0,0,0,0,NA,0,NA,0.775,0.207564,7.85,2.364747,0.0775,0.022239,NA,NA,NA,NA,NA,NA,NA,NA,NA,NA,NA,NA,NA,NA,NA,NA,NA,NA,NA,NA,NA,NA,NA,NA,NA,NA
"281","Taysom Hill","NO","TE","2558954","robust",NA,NA,NA,NA,NA,NA,NA,NA,NA,NA,2.25,NA,12.34,0,0.08,0,0,0,NA,NA,NA,NA,1.735,0.496671,18.545,5.107557,0.15,0.07413,NA,NA,NA,NA,NA,NA,NA,NA,NA,NA,NA,NA,NA,NA,NA,NA,NA,NA,NA,NA,NA,NA,NA,NA,NA,NA
"282","Cole Kmet","CHI","TE","2563704","robust",NA,NA,NA,NA,NA,NA,NA,NA,NA,NA,0,0,0,0,0,0,0.045,0.034594,0,NA,0,NA,0.9,0.318759,9.775,3.788043,0.085,0.07413,NA,NA,NA,NA,NA,NA,NA,NA,NA,NA,NA,NA,NA,NA,NA,NA,NA,NA,NA,NA,NA,NA,NA,NA,NA,NA
"283","Ryan Griffin","NYJ","TE","2541316","robust",NA,NA,NA,NA,NA,NA,NA,NA,NA,NA,0,0,0,0,0,0,0,0,0,NA,0,NA,1.865,0.37065,18.0325,2.00151,0.1225,0.022239,NA,NA,NA,NA,NA,NA,NA,NA,NA,NA,NA,NA,NA,NA,NA,NA,NA,NA,NA,NA,NA,NA,NA,NA,NA,NA
"284","Nick Boyle","BAL","TE","2552402","robust",NA,NA,NA,NA,NA,NA,NA,NA,NA,NA,0,0,0,0,0,0,0,0,0,NA,0,NA,1.6,0.59304,15.9,5.1891,0.095,0.014826,NA,NA,NA,NA,NA,NA,NA,NA,NA,NA,NA,NA,NA,NA,NA,NA,NA,NA,NA,NA,NA,NA,NA,NA,NA,NA
"285","James OShaughnessy","JAC","TE","2553318","robust",NA,NA,NA,NA,NA,NA,NA,NA,NA,NA,0,0,0,0,0,0,0,0,0,NA,0,NA,1.6,0.29652,16.075,3.48411,0.085,0.014826,NA,NA,NA,NA,NA,NA,NA,NA,NA,NA,NA,NA,NA,NA,NA,NA,NA,NA,NA,NA,NA,NA,NA,NA,NA,NA
"286","Will Dissly","SEA","TE","2561046","robust",NA,NA,NA,NA,NA,NA,NA,NA,NA,NA,0,0,0,0,0,0,0,0,0,NA,0,NA,1.2,0.44478,14.9,4.59606,0.1,0,NA,NA,NA,NA,NA,NA,NA,NA,NA,NA,NA,NA,NA,NA,NA,NA,NA,NA,NA,NA,NA,NA,NA,NA,NA,NA
"287","Kaden Smith","NYG","TE","2562740","robust",NA,NA,NA,NA,NA,NA,NA,NA,NA,NA,0,NA,0,NA,0,NA,0,0,0,NA,0,NA,1.65,0.29652,13.525,5.63388,0.06,0.044478,NA,NA,NA,NA,NA,NA,NA,NA,NA,NA,NA,NA,NA,NA,NA,NA,NA,NA,NA,NA,NA,NA,NA,NA,NA,NA
"288","Jason Witten","LVR","TE","2505629","robust",NA,NA,NA,NA,NA,NA,NA,NA,NA,NA,0,0,0,0,0,0,0.005,0.004942,0,NA,0,NA,1.3375,0.59304,11.385,6.37518,0.0875,0.07413,NA,NA,NA,NA,NA,NA,NA,NA,NA,NA,NA,NA,NA,NA,NA,NA,NA,NA,NA,NA,NA,NA,NA,NA,NA,NA
"289","Devin Asiasi","NE","TE","2564586","robust",NA,NA,NA,NA,NA,NA,NA,NA,NA,NA,0,0,0,0,0,0,0,0,0,NA,0,NA,0.575,0.407715,6.775,4.870341,0.045,0.059304,NA,NA,NA,NA,NA,NA,NA,NA,NA,NA,NA,NA,NA,NA,NA,NA,NA,NA,NA,NA,NA,NA,NA,NA,NA,NA
"290","Harrison Bryant","CLE","TE","2563767","robust",NA,NA,NA,NA,NA,NA,NA,NA,NA,NA,NA,NA,NA,NA,NA,NA,0,0,NA,NA,NA,NA,1.35,0.37065,15.25,3.33585,0.06,0.059304,NA,NA,NA,NA,NA,NA,NA,NA,NA,NA,NA,NA,NA,NA,NA,NA,NA,NA,NA,NA,NA,NA,NA,NA,NA,NA
"291","Levine Toilolo","NYG","TE","2540203","robust",NA,NA,NA,NA,NA,NA,NA,NA,NA,NA,0,0,0,0,0,0,0,0,0,NA,0,NA,0.59,0.37065,5.925,3.276546,0.015,0.014826,NA,NA,NA,NA,NA,NA,NA,NA,NA,NA,NA,NA,NA,NA,NA,NA,NA,NA,NA,NA,NA,NA,NA,NA,NA,NA
"292","Jeremy Sprinkle","WAS","TE","2557886","robust",NA,NA,NA,NA,NA,NA,NA,NA,NA,NA,0,0,0,0,0,0,0,0,0,NA,0,NA,0.5,0.415128,4.525,3.602718,0,0,NA,NA,NA,NA,NA,NA,NA,NA,NA,NA,NA,NA,NA,NA,NA,NA,NA,NA,NA,NA,NA,NA,NA,NA,NA,NA
"293","Josh Hill","NO","TE","2541834","robust",NA,NA,NA,NA,NA,NA,NA,NA,NA,NA,0,0,0,0,0,0,0,0,0,NA,0,NA,1.3125,0.14826,12.98,2.342508,0.1,0.00741300000000001,NA,NA,NA,NA,NA,NA,NA,NA,NA,NA,NA,NA,NA,NA,NA,NA,NA,NA,NA,NA,NA,NA,NA,NA,NA,NA
"294","Blake Bell","DAL","TE","2552478","robust",NA,NA,NA,NA,NA,NA,NA,NA,NA,NA,0,0,0,0,0,0,0.005,0.004942,0,NA,0,NA,1.1775,0.0963690000000001,13.585,1.63086,0.0925,0.00741300000000001,NA,NA,NA,NA,NA,NA,NA,NA,NA,NA,NA,NA,NA,NA,NA,NA,NA,NA,NA,NA,NA,NA,NA,NA,NA,NA
"295","Darrell Daniels","ARI","TE","2558886","robust",NA,NA,NA,NA,NA,NA,NA,NA,NA,NA,0,0,0,0,0,0,0,0,0,NA,0,NA,0.645,0.177912,7.6075,1.289862,0.045,0.059304,NA,NA,NA,NA,NA,NA,NA,NA,NA,NA,NA,NA,NA,NA,NA,NA,NA,NA,NA,NA,NA,NA,NA,NA,NA,NA
"296","Cethan Carter","CIN","TE","2558929","robust",NA,NA,NA,NA,NA,NA,NA,NA,NA,NA,0,0,0,0,0,0,0,0,0,NA,0,NA,1.1125,0.22239,9.6875,2.00151,0.0725,0.029652,NA,NA,NA,NA,NA,NA,NA,NA,NA,NA,NA,NA,NA,NA,NA,NA,NA,NA,NA,NA,NA,NA,NA,NA,NA,NA
"297","MyCole Pruitt","TEN","TE","2552401","robust",NA,NA,NA,NA,NA,NA,NA,NA,NA,NA,0,0,0,0,0,0,0,0,0,NA,0,NA,0.895,0.22239,9.5025,3.283959,0.17,0.088956,NA,NA,NA,NA,NA,NA,NA,NA,NA,NA,NA,NA,NA,NA,NA,NA,NA,NA,NA,NA,NA,NA,NA,NA,NA,NA
"298","Adam Shaheen","MIA","TE","2558144","robust",NA,NA,NA,NA,NA,NA,NA,NA,NA,NA,0,0,0,0,0,0,0.025,0.02471,0,NA,0,NA,0.9,0.29652,8.5325,4.173519,0.1,0.007413,NA,NA,NA,NA,NA,NA,NA,NA,NA,NA,NA,NA,NA,NA,NA,NA,NA,NA,NA,NA,NA,NA,NA,NA,NA,NA
"299","Vance McDonald","PIT","TE","2540215","robust",NA,NA,NA,NA,NA,NA,NA,NA,NA,NA,0,NA,0.03,0,0,0,0,0,0,NA,0,NA,1.155,0.578214,10.8,1.77912,0.08,0.014826,NA,NA,NA,NA,NA,NA,NA,NA,NA,NA,NA,NA,NA,NA,NA,NA,NA,NA,NA,NA,NA,NA,NA,NA,NA,NA
"300","Marcedes Lewis","GB","TE","2495888","robust",NA,NA,NA,NA,NA,NA,NA,NA,NA,NA,0,0,0,0,0,0,0,0,0,NA,0,NA,1.11,0.0741299999999999,11.32,1.022994,0.0925,0.00741300000000001,NA,NA,NA,NA,NA,NA,NA,NA,NA,NA,NA,NA,NA,NA,NA,NA,NA,NA,NA,NA,NA,NA,NA,NA,NA,NA
"301","Foster Moreau","LVR","TE","2562317","robust",NA,NA,NA,NA,NA,NA,NA,NA,NA,NA,0,NA,0,NA,0,NA,0,0,0,NA,0,NA,0.975,0,10.8,0.59304,0.125,0,NA,NA,NA,NA,NA,NA,NA,NA,NA,NA,NA,NA,NA,NA,NA,NA,NA,NA,NA,NA,NA,NA,NA,NA,NA,NA
"302","Demetrius Harris","CHI","TE","2541187","robust",NA,NA,NA,NA,NA,NA,NA,NA,NA,NA,0,0,0,0,0,0,0,0,0,NA,0,NA,0.7075,0.155673,7.36,2.59455,0.0925,0.029652,NA,NA,NA,NA,NA,NA,NA,NA,NA,NA,NA,NA,NA,NA,NA,NA,NA,NA,NA,NA,NA,NA,NA,NA,NA,NA
"303","Ross Dwelley","SF","TE","2561060","robust",NA,NA,NA,NA,NA,NA,NA,NA,NA,NA,0,0,0,0,0,0,0,0,0,NA,0,NA,0.93,0.281694,8.455,2.59455,0.0875,0.014826,NA,NA,NA,NA,NA,NA,NA,NA,NA,NA,NA,NA,NA,NA,NA,NA,NA,NA,NA,NA,NA,NA,NA,NA,NA,NA
"304","Nick Vannett","DEN","TE","2555289","robust",NA,NA,NA,NA,NA,NA,NA,NA,NA,NA,0,0,0,0,0,0,0,0,NA,NA,NA,NA,0.55,0.81543,5.15,7.63539,0.05,0.07413,NA,NA,NA,NA,NA,NA,NA,NA,NA,NA,NA,NA,NA,NA,NA,NA,NA,NA,NA,NA,NA,NA,"O","Coach's Decision",3,2020
"305","Cameron Brate","TB","TE","2550656","robust",NA,NA,NA,NA,NA,NA,NA,NA,NA,NA,0,0,0,0,0,0,0,0,0,NA,0,NA,0.7,0.22239,6.35,2.81694,0.08,0.07413,NA,NA,NA,NA,NA,NA,NA,NA,NA,NA,NA,NA,NA,NA,NA,NA,NA,NA,NA,NA,NA,NA,NA,NA,NA,NA
"306","Virgil Green","LAC","TE","2495288","robust",NA,NA,NA,NA,NA,NA,NA,NA,NA,NA,0,0,0,0,0,0,0.0075,0.007413,0,NA,0,NA,0.7,0.177912,7.175,2.37216,0.07,0.037065,NA,NA,NA,NA,NA,NA,NA,NA,NA,NA,NA,NA,NA,NA,NA,NA,NA,NA,NA,NA,NA,NA,NA,NA,NA,NA
"307","Ricky Seals-Jones","KC","TE","2559248","robust",NA,NA,NA,NA,NA,NA,NA,NA,NA,NA,0,0,0,0,0,0,0.01,0.009884,0,NA,0,NA,0.3625,0.259455,4.6625,3.224655,0.0925,0.00741300000000001,NA,NA,NA,NA,NA,NA,NA,NA,NA,NA,NA,NA,NA,NA,NA,NA,NA,NA,NA,NA,NA,NA,NA,NA,NA,NA
"308","Jesse James","DET","TE","2552633","robust",NA,NA,NA,NA,NA,NA,NA,NA,NA,NA,0,0,0,0,0,0,0,0,0,NA,0,NA,0.825,0.07413,8.225,0.815430000000001,0,0,NA,NA,NA,NA,NA,NA,NA,NA,NA,NA,NA,NA,NA,NA,NA,NA,NA,NA,NA,NA,NA,NA,NA,NA,NA,NA
"309","Lee Smith","BUF","TE","2495347","robust",NA,NA,NA,NA,NA,NA,NA,NA,NA,NA,0,0,0,0,0,0,0.025,0.02471,0,NA,0,NA,0.3,0.185325,2.675,1.712403,0.0225,0.022239,NA,NA,NA,NA,NA,NA,NA,NA,NA,NA,NA,NA,NA,NA,NA,NA,NA,NA,NA,NA,NA,NA,NA,NA,NA,NA
"310","Chris Manhertz","CAR","TE","2552622","robust",NA,NA,NA,NA,NA,NA,NA,NA,NA,NA,0,0,0,0,0,0,0,0,0,NA,0,NA,0.6575,0.200151,6.2375,1.26021,0.0375,0.029652,NA,NA,NA,NA,NA,NA,NA,NA,NA,NA,NA,NA,NA,NA,NA,NA,NA,NA,NA,NA,NA,NA,NA,NA,NA,NA
"311","Richard Rodgers","FA","TE","2550313","robust",NA,NA,NA,NA,NA,NA,NA,NA,NA,NA,0,0,0,0,0,0,0,0,0,NA,0,NA,0.2875,0.22239,3.39,3.024504,0.025,0,NA,NA,NA,NA,NA,NA,NA,NA,NA,NA,NA,NA,NA,NA,NA,NA,NA,NA,NA,NA,NA,NA,NA,NA,NA,NA
"312","Durham Smythe","MIA","TE","2560880","robust",NA,NA,NA,NA,NA,NA,NA,NA,NA,NA,0,0,0,0,0,0,0,0,0,NA,0,NA,0.4625,0.37065,4.6325,3.63237,0,0,NA,NA,NA,NA,NA,NA,NA,NA,NA,NA,NA,NA,NA,NA,NA,NA,NA,NA,NA,NA,NA,NA,NA,NA,NA,NA
"313","Tyler Davis","JAC","TE","2564178","robust",NA,NA,NA,NA,NA,NA,NA,NA,NA,NA,NA,NA,NA,NA,NA,NA,0,0,NA,NA,NA,NA,0.35,0.51891,3.85,5.70801,0.05,0.07413,NA,NA,NA,NA,NA,NA,NA,NA,NA,NA,NA,NA,NA,NA,NA,NA,NA,NA,NA,NA,NA,NA,NA,NA,NA,NA
"314","Cowboys","DAL","DST","100008","robust",NA,NA,NA,NA,NA,NA,NA,NA,NA,NA,NA,NA,NA,NA,NA,NA,NA,NA,NA,NA,NA,NA,NA,NA,NA,NA,NA,NA,0.5425,0.051891,2.925,0.14826,0,0,0.1,0.029652,0,NA,NA,NA,NA,NA,NA,NA,NA,NA,NA,NA,NA,NA,NA,NA,NA,NA
"315","Giants","NYG","DST","100023","robust",NA,NA,NA,NA,NA,NA,NA,NA,NA,NA,NA,NA,NA,NA,NA,NA,NA,NA,NA,NA,NA,NA,NA,NA,NA,NA,NA,NA,1.1,0.311346,2.35,0,0.02,0.029652,0.15,0.044478,0,NA,NA,NA,NA,NA,NA,NA,NA,NA,NA,NA,NA,NA,NA,NA,NA,NA
"316","Packers","GB","DST","100011","robust",NA,NA,NA,NA,NA,NA,NA,NA,NA,NA,NA,NA,NA,NA,NA,NA,NA,NA,NA,NA,NA,NA,NA,NA,NA,NA,NA,NA,0.74,0.0296519999999999,1.9,0.14826,0.0333333333333333,0.04942,0.1,0,0,NA,NA,NA,NA,NA,NA,NA,NA,NA,NA,NA,NA,NA,NA,NA,NA,NA
"317","Vikings","MIN","DST","100020","robust",NA,NA,NA,NA,NA,NA,NA,NA,NA,NA,NA,NA,NA,NA,NA,NA,NA,NA,NA,NA,NA,NA,NA,NA,NA,NA,NA,NA,0.7,0.07413,2.775,0.326172,0.01,0.009884,0.135,0.059304,0,NA,NA,NA,NA,NA,NA,NA,NA,NA,NA,NA,NA,NA,NA,NA,NA,NA
"318","Lions","DET","DST","100010","robust",NA,NA,NA,NA,NA,NA,NA,NA,NA,NA,NA,NA,NA,NA,NA,NA,NA,NA,NA,NA,NA,NA,NA,NA,NA,NA,NA,NA,0.71,0.14826,2.35,0.244629,0,0,0.2,0,0,NA,NA,NA,NA,NA,NA,NA,NA,NA,NA,NA,NA,NA,NA,NA,NA,NA
"319","Panthers","CAR","DST","100004","robust",NA,NA,NA,NA,NA,NA,NA,NA,NA,NA,NA,NA,NA,NA,NA,NA,NA,NA,NA,NA,NA,NA,NA,NA,NA,NA,NA,NA,0.9075,0.22239,2.4,0.0741300000000001,0.0125,0.012355,0.125,0.07413,0,NA,NA,NA,NA,NA,NA,NA,NA,NA,NA,NA,NA,NA,NA,NA,NA,NA
"320","Chiefs","KC","DST","100016","robust",NA,NA,NA,NA,NA,NA,NA,NA,NA,NA,NA,NA,NA,NA,NA,NA,NA,NA,NA,NA,NA,NA,NA,NA,NA,NA,NA,NA,0.765,0.103782,2.4025,0.214977,0,0,0.13,0.037065,0,NA,NA,NA,NA,NA,NA,NA,NA,NA,NA,NA,NA,NA,NA,NA,NA,NA
"321","Raiders","LVR","DST","100018","robust",NA,NA,NA,NA,NA,NA,NA,NA,NA,NA,NA,NA,NA,NA,NA,NA,NA,NA,NA,NA,NA,NA,NA,NA,NA,NA,NA,NA,0.5,0.14826,1.05,0.22239,0,0,0.08,0.029652,NA,NA,NA,NA,NA,NA,NA,NA,NA,NA,NA,NA,NA,NA,NA,NA,NA,NA
"322","Bengals","CIN","DST","100006","robust",NA,NA,NA,NA,NA,NA,NA,NA,NA,NA,NA,NA,NA,NA,NA,NA,NA,NA,NA,NA,NA,NA,NA,NA,NA,NA,NA,NA,0.8,0,2.3075,0.0741300000000001,0.0175,0.017297,0.1275,0.07413,0,NA,NA,NA,NA,NA,NA,NA,NA,NA,NA,NA,NA,NA,NA,NA,NA,NA
"323","Seahawks","SEA","DST","100030","robust",NA,NA,NA,NA,NA,NA,NA,NA,NA,NA,NA,NA,NA,NA,NA,NA,NA,NA,NA,NA,NA,NA,NA,NA,NA,NA,NA,NA,0.7,0,1.86,0.504084,0,0,0.135,0.029652,0,NA,NA,NA,NA,NA,NA,NA,NA,NA,NA,NA,NA,NA,NA,NA,NA,NA
"324","Jets","NYJ","DST","100024","robust",NA,NA,NA,NA,NA,NA,NA,NA,NA,NA,NA,NA,NA,NA,NA,NA,NA,NA,NA,NA,NA,NA,NA,NA,NA,NA,NA,NA,0.775,0.0741300000000001,1.9775,0.0741300000000002,0.1125,0.04942,0.1575,0.051891,0,NA,NA,NA,NA,NA,NA,NA,NA,NA,NA,NA,NA,NA,NA,NA,NA,NA
"325","Saints","NO","DST","100022","robust",NA,NA,NA,NA,NA,NA,NA,NA,NA,NA,NA,NA,NA,NA,NA,NA,NA,NA,NA,NA,NA,NA,NA,NA,NA,NA,NA,NA,0.5,0.207564,2.7,0.148259999999999,0.0133333333333333,0.019768,0.14,0,0,NA,NA,NA,NA,NA,NA,NA,NA,NA,NA,NA,NA,NA,NA,NA,NA,NA
"326","Dolphins","MIA","DST","100019","robust",NA,NA,NA,NA,NA,NA,NA,NA,NA,NA,NA,NA,NA,NA,NA,NA,NA,NA,NA,NA,NA,NA,NA,NA,NA,NA,NA,NA,0.75,0.0593040000000001,2.2,0.148259999999999,0.00666666666666667,0.009884,0.13,0,0,NA,NA,NA,NA,NA,NA,NA,NA,NA,NA,NA,NA,NA,NA,NA,NA,NA
"327","Commanders","WAS","DST","100032","robust",NA,NA,NA,NA,NA,NA,NA,NA,NA,NA,NA,NA,NA,NA,NA,NA,NA,NA,NA,NA,NA,NA,NA,NA,NA,NA,NA,NA,1,0.118608,2.6,0.22239,0,0,0.12,0.059304,0,NA,NA,NA,NA,NA,NA,NA,NA,NA,NA,NA,NA,NA,NA,NA,NA,NA
"328","Browns","CLE","DST","100007","robust",NA,NA,NA,NA,NA,NA,NA,NA,NA,NA,NA,NA,NA,NA,NA,NA,NA,NA,NA,NA,NA,NA,NA,NA,NA,NA,NA,NA,0.865,0.07413,3,0.14826,0,0,0.15,0.07413,0,NA,NA,NA,NA,NA,NA,NA,NA,NA,NA,NA,NA,NA,NA,NA,NA,NA
"329","Jaguars","JAC","DST","100015","robust",NA,NA,NA,NA,NA,NA,NA,NA,NA,NA,NA,NA,NA,NA,NA,NA,NA,NA,NA,NA,NA,NA,NA,NA,NA,NA,NA,NA,0.95,0.14826,2.4,0.14826,0,0,0.19,0,0,NA,NA,NA,NA,NA,NA,NA,NA,NA,NA,NA,NA,NA,NA,NA,NA,NA
"330","Ravens","BAL","DST","100002","robust",NA,NA,NA,NA,NA,NA,NA,NA,NA,NA,NA,NA,NA,NA,NA,NA,NA,NA,NA,NA,NA,NA,NA,NA,NA,NA,NA,NA,0.67,0.029652,1.95,0.170499,0.0075,0.0111195,0.185,0.07413,0,NA,NA,NA,NA,NA,NA,NA,NA,NA,NA,NA,NA,NA,NA,NA,NA,NA
"331","Cardinals","ARI","DST","100026","robust",NA,NA,NA,NA,NA,NA,NA,NA,NA,NA,NA,NA,NA,NA,NA,NA,NA,NA,NA,NA,NA,NA,NA,NA,NA,NA,NA,NA,0.745,0.0741300000000001,2.85,0.22239,0,0,0.19,0,0,NA,NA,NA,NA,NA,NA,NA,NA,NA,NA,NA,NA,NA,NA,NA,NA,NA
"332","Texans","HOU","DST","100013","robust",NA,NA,NA,NA,NA,NA,NA,NA,NA,NA,NA,NA,NA,NA,NA,NA,NA,NA,NA,NA,NA,NA,NA,NA,NA,NA,NA,NA,0.84,0.044478,1.7875,0.0741300000000001,0,0,0.1775,0.022239,0,NA,NA,NA,NA,NA,NA,NA,NA,NA,NA,NA,NA,NA,NA,NA,NA,NA
"333","Broncos","DEN","DST","100009","robust",NA,NA,NA,NA,NA,NA,NA,NA,NA,NA,NA,NA,NA,NA,NA,NA,NA,NA,NA,NA,NA,NA,NA,NA,NA,NA,NA,NA,0.6275,0.0741300000000001,2.0675,0.22239,0,0,0.1325,0.066717,0,NA,NA,NA,NA,NA,NA,NA,NA,NA,NA,NA,NA,NA,NA,NA,NA,NA
"334","Bears","CHI","DST","100005","robust",NA,NA,NA,NA,NA,NA,NA,NA,NA,NA,NA,NA,NA,NA,NA,NA,NA,NA,NA,NA,NA,NA,NA,NA,NA,NA,NA,NA,0.8,0.14826,2.4,0.237216,0.0266666666666667,0.039536,0.13,0.059304,0,NA,NA,NA,NA,NA,NA,NA,NA,NA,NA,NA,NA,NA,NA,NA,NA,NA
"335","Rams","LAR","DST","100017","robust",NA,NA,NA,NA,NA,NA,NA,NA,NA,NA,NA,NA,NA,NA,NA,NA,NA,NA,NA,NA,NA,NA,NA,NA,NA,NA,NA,NA,0.9,0.07413,2.75,0.0741299999999997,0.00375,0.00555975,0.15,0.022239,0,NA,NA,NA,NA,NA,NA,NA,NA,NA,NA,NA,NA,NA,NA,NA,NA,NA
"336","Titans","TEN","DST","100012","robust",NA,NA,NA,NA,NA,NA,NA,NA,NA,NA,NA,NA,NA,NA,NA,NA,NA,NA,NA,NA,NA,NA,NA,NA,NA,NA,NA,NA,0.865,0.14826,2.265,0.29652,0,0,0.15,0.00741300000000001,0,NA,NA,NA,NA,NA,NA,NA,NA,NA,NA,NA,NA,NA,NA,NA,NA,NA
"337","Falcons","ATL","DST","100001","robust",NA,NA,NA,NA,NA,NA,NA,NA,NA,NA,NA,NA,NA,NA,NA,NA,NA,NA,NA,NA,NA,NA,NA,NA,NA,NA,NA,NA,0.8,0.014826,2.3,0.0741300000000001,0,0,0.15,0,0,NA,NA,NA,NA,NA,NA,NA,NA,NA,NA,NA,NA,NA,NA,NA,NA,NA
"338","Bills","BUF","DST","100003","robust",NA,NA,NA,NA,NA,NA,NA,NA,NA,NA,NA,NA,NA,NA,NA,NA,NA,NA,NA,NA,NA,NA,NA,NA,NA,NA,NA,NA,0.85,0.07413,2.15,0.14826,0,0,0.195,0,0,NA,NA,NA,NA,NA,NA,NA,NA,NA,NA,NA,NA,NA,NA,NA,NA,NA
"339","Buccaneers","TB","DST","100031","robust",NA,NA,NA,NA,NA,NA,NA,NA,NA,NA,NA,NA,NA,NA,NA,NA,NA,NA,NA,NA,NA,NA,NA,NA,NA,NA,NA,NA,0.9,0.037065,3.205,0.22239,0,0,0.21,0,0,NA,NA,NA,NA,NA,NA,NA,NA,NA,NA,NA,NA,NA,NA,NA,NA,NA
"340","Eagles","PHI","DST","100025","robust",NA,NA,NA,NA,NA,NA,NA,NA,NA,NA,NA,NA,NA,NA,NA,NA,NA,NA,NA,NA,NA,NA,NA,NA,NA,NA,NA,NA,0.76,0.0148259999999999,2.7,0.14826,0,0,0.15,0,0,NA,NA,NA,NA,NA,NA,NA,NA,NA,NA,NA,NA,NA,NA,NA,NA,NA
"341","Steelers","PIT","DST","100027","robust",NA,NA,NA,NA,NA,NA,NA,NA,NA,NA,NA,NA,NA,NA,NA,NA,NA,NA,NA,NA,NA,NA,NA,NA,NA,NA,NA,NA,1,0.155673,3.81,0.429954,0.025,0.037065,0.15,0.00741300000000001,0,NA,NA,NA,NA,NA,NA,NA,NA,NA,NA,NA,NA,NA,NA,NA,NA,NA
"342","Colts","IND","DST","100014","robust",NA,NA,NA,NA,NA,NA,NA,NA,NA,NA,NA,NA,NA,NA,NA,NA,NA,NA,NA,NA,NA,NA,NA,NA,NA,NA,NA,NA,1.1,0.0741299999999999,2.8,0.14826,0.1125,0.0185325,0.2,0,0,NA,NA,NA,NA,NA,NA,NA,NA,NA,NA,NA,NA,NA,NA,NA,NA,NA
"343","49ers","SF","DST","100029","robust",NA,NA,NA,NA,NA,NA,NA,NA,NA,NA,NA,NA,NA,NA,NA,NA,NA,NA,NA,NA,NA,NA,NA,NA,NA,NA,NA,NA,0.9,0.044478,2.8,0.415128,0.0875,0,0.2,0,0,NA,NA,NA,NA,NA,NA,NA,NA,NA,NA,NA,NA,NA,NA,NA,NA,NA
"344","Patriots","NE","DST","100021","robust",NA,NA,NA,NA,NA,NA,NA,NA,NA,NA,NA,NA,NA,NA,NA,NA,NA,NA,NA,NA,NA,NA,NA,NA,NA,NA,NA,NA,0.8,0.07413,2.25,0.0741299999999997,0.00625,0.00926625,0.2,0.081543,0,NA,NA,NA,NA,NA,NA,NA,NA,NA,NA,NA,NA,NA,NA,NA,NA,NA
"345","Chargers","LAC","DST","100028","robust",NA,NA,NA,NA,NA,NA,NA,NA,NA,NA,NA,NA,NA,NA,NA,NA,NA,NA,NA,NA,NA,NA,NA,NA,NA,NA,NA,NA,0.85,0.0444779999999999,2.585,0.340998,0.05,0.07413,0.2,0,0,NA,NA,NA,NA,NA,NA,NA,NA,NA,NA,NA,NA,NA,NA,NA,NA,NA
"346","Jason Myers","SEA","K","2553112","robust",NA,NA,NA,NA,NA,NA,NA,NA,NA,NA,NA,NA,NA,NA,NA,NA,NA,NA,NA,NA,NA,NA,NA,NA,NA,NA,NA,NA,NA,NA,NA,NA,NA,NA,NA,NA,NA,NA,0.0230113636363636,0.0240080113636364,0.429219829877725,0.179915992822966,0.544884702286018,0.155045890151515,0.433823431685274,0.157647928030303,0.143301435406699,0.0552605454545454,3.05,0.22239,NA,NA,NA,NA
"347","Justin Tucker","BAL","K","2536340","robust",NA,NA,NA,NA,NA,NA,NA,NA,NA,NA,NA,NA,NA,NA,NA,NA,NA,NA,NA,NA,NA,NA,NA,NA,NA,NA,NA,NA,NA,NA,NA,NA,NA,NA,NA,NA,NA,NA,0.00751445086705202,0.000571329479768787,0.525410228317403,0.0408323204503382,0.617830480939968,0.0478628471041596,0.576940005289206,0.000862595489062567,0.130439570818694,0.00991742090747668,3,0.14826,NA,NA,NA,NA
"348","Robbie Gould","SF","K","2506264","robust",NA,NA,NA,NA,NA,NA,NA,NA,NA,NA,NA,NA,NA,NA,NA,NA,NA,NA,NA,NA,NA,NA,NA,NA,NA,NA,NA,NA,NA,NA,NA,NA,NA,NA,NA,NA,NA,NA,0,0,0.555501914258067,0.0793227489587277,0.572479279734107,0.0799627201817493,0.492122828053347,0.0881426252682064,0.134186861037486,0.0219710978164837,2.4,0.14826,NA,NA,NA,NA
"349","Nick Folk","FA","K","2507225","robust",NA,NA,NA,NA,NA,NA,NA,NA,NA,NA,NA,NA,NA,NA,NA,NA,NA,NA,NA,NA,NA,NA,NA,NA,NA,NA,NA,NA,NA,NA,NA,NA,NA,NA,NA,NA,NA,NA,0.0566112716763006,0.00980187138728323,0.655545520231214,0.0881632803468208,0.544365366088632,0.0730230491329479,0.415,0.0508572507225434,0.0967479527938343,0.0148224291907514,2.85,0.289107,NA,NA,NA,NA
"350","Mason Crosby","GB","K","2507232","robust",NA,NA,NA,NA,NA,NA,NA,NA,NA,NA,NA,NA,NA,NA,NA,NA,NA,NA,NA,NA,NA,NA,NA,NA,NA,NA,NA,NA,NA,NA,NA,NA,NA,NA,NA,NA,NA,NA,0.0233773740710157,0.00500729479768786,0.331489127442885,0.0466857803468209,0.667349298100743,0.134915375722543,0.570580787228186,0.0607772138728323,0.109505917974126,0.0145740028901734,2.8,0.14826,NA,NA,NA,NA
"351","Zane Gonzalez","ARI","K","2558178","robust",NA,NA,NA,NA,NA,NA,NA,NA,NA,NA,NA,NA,NA,NA,NA,NA,NA,NA,NA,NA,NA,NA,NA,NA,NA,NA,NA,NA,NA,NA,NA,NA,NA,NA,NA,NA,NA,NA,0,0,0.593178104575163,0.0326236601307189,0.607924836601307,0.0476434640522877,0.40812908496732,0.0320583986928105,0.251830065359477,0.020688568627451,2.775,0.29652,NA,NA,NA,NA
"352","Stephen Gostkowski","TEN","K","2506922","robust",NA,NA,NA,NA,NA,NA,NA,NA,NA,NA,NA,NA,NA,NA,NA,NA,NA,NA,NA,NA,NA,NA,NA,NA,NA,NA,NA,NA,NA,NA,NA,NA,NA,NA,NA,NA,NA,NA,0.00681399631675875,0.0010921546961326,0.541482504604052,0.0475984419889502,0.482689423835833,0.0791344088397791,0.393304393580637,0.107374408839779,0.293739147592739,0.0639300552486188,2.505,0.0148259999999997,NA,NA,NA,NA
"353","Greg Zuerlein","DAL","K","2534797","robust",NA,NA,NA,NA,NA,NA,NA,NA,NA,NA,NA,NA,NA,NA,NA,NA,NA,NA,NA,NA,NA,NA,NA,NA,NA,NA,NA,NA,NA,NA,NA,NA,NA,NA,NA,NA,NA,NA,0.0138888888888889,0.0158397435897436,0.403581603581604,0.154897606837607,0.550820105820106,0.179637777777778,0.412372812372812,0.037065,0.182173382173382,0.0844032051282051,2.65,0.133434,NA,NA,NA,NA
"354","Chris Boswell","PIT","K","2550545","robust",NA,NA,NA,NA,NA,NA,NA,NA,NA,NA,NA,NA,NA,NA,NA,NA,NA,NA,NA,NA,NA,NA,NA,NA,NA,NA,NA,NA,NA,NA,NA,NA,NA,NA,NA,NA,NA,NA,0.0257013201320132,0.00699708910891089,0.578352440507209,0.037065,0.497089630015633,0.051891,0.555139395518499,0.0300653355914538,0.103929998262984,0.0159913230849401,2.575,0.259455,NA,NA,NA,NA
"355","Wil Lutz","NO","K","2556601","robust",NA,NA,NA,NA,NA,NA,NA,NA,NA,NA,NA,NA,NA,NA,NA,NA,NA,NA,NA,NA,NA,NA,NA,NA,NA,NA,NA,NA,NA,NA,NA,NA,NA,NA,NA,NA,NA,NA,0.0216871921182266,0.00582127789046654,0.541028325123153,0.0680316206896553,0.455143436685019,0.0852677586206896,0.499242610837438,0.0281547931034482,0.142103738046943,0.0838801034482759,2.95,0,NA,NA,NA,NA
"356","Jake Elliott","PHI","K","2558172","robust",NA,NA,NA,NA,NA,NA,NA,NA,NA,NA,NA,NA,NA,NA,NA,NA,NA,NA,NA,NA,NA,NA,NA,NA,NA,NA,NA,NA,NA,NA,NA,NA,NA,NA,NA,NA,NA,NA,0.010865561694291,0.00764508287292817,0.428232044198895,0.0720175428903751,0.75154523480663,0.0741300000000001,0.47350913540758,0.0553262576330329,0.109202348066298,0.0184786107880198,2.505,0.311346,NA,NA,NA,NA
"357","Harrison Butker","KC","K","2558245","robust",NA,NA,NA,NA,NA,NA,NA,NA,NA,NA,NA,NA,NA,NA,NA,NA,NA,NA,NA,NA,NA,NA,NA,NA,NA,NA,NA,NA,NA,NA,NA,NA,NA,NA,NA,NA,NA,NA,0.0341916423001949,0.00548027339181286,0.49729044834308,0.0578011695906433,0.486832358674464,0.0462409356725146,0.509895833333333,0.0400453728070175,0.320138888888889,0.0398105555555556,2.4,0.29652,NA,NA,NA,NA
"358","Jason Sanders","MIA","K","2561153","robust",NA,NA,NA,NA,NA,NA,NA,NA,NA,NA,NA,NA,NA,NA,NA,NA,NA,NA,NA,NA,NA,NA,NA,NA,NA,NA,NA,NA,NA,NA,NA,NA,NA,NA,NA,NA,NA,NA,0.0059447983014862,0.00314777070063694,0.404607597816197,0.0148259999999999,0.417877616014559,0.163807738853503,0.490659121929026,0.027697571656051,0.176323362147407,0.0242828025477707,2.355,0.29652,NA,NA,NA,NA
"359","Tyler Bass","BUF","K","2563596","robust",NA,NA,NA,NA,NA,NA,NA,NA,NA,NA,NA,NA,NA,NA,NA,NA,NA,NA,NA,NA,NA,NA,NA,NA,NA,NA,NA,NA,NA,NA,NA,NA,NA,NA,NA,NA,NA,NA,0.0884615384615385,0.114046153846154,0.342908653846154,0.0420545192307692,0.402524038461539,0.133291442307692,0.310096153846154,0.0883857692307692,0.112211538461538,0.0287966538461538,2.425,0.29652,NA,NA,NA,NA
"360","Cody Parkey","FA","K","2550380","robust",NA,NA,NA,NA,NA,NA,NA,NA,NA,NA,NA,NA,NA,NA,NA,NA,NA,NA,NA,NA,NA,NA,NA,NA,NA,NA,NA,NA,NA,NA,NA,NA,NA,NA,NA,NA,NA,NA,0,0,0.457519379844961,0.11970321751026,0.50468992248062,0.00787272093023272,0.5215617875057,0.145248151846785,0.191006383948928,0.014826,2.4,0.29652,NA,NA,NA,NA
"361","Mike Badgley","LAC","K","2560965","robust",NA,NA,NA,NA,NA,NA,NA,NA,NA,NA,NA,NA,NA,NA,NA,NA,NA,NA,NA,NA,NA,NA,NA,NA,NA,NA,NA,NA,NA,NA,NA,NA,NA,NA,NA,NA,NA,NA,0.0227027027027027,0.00373989189189189,0.637588765235824,0.103271300476948,0.5,0.0716550715421304,0.6125,0.0950686804451511,0.0766086380498145,0.0125192095389507,2.4,0.14826,NA,NA,NA,NA
"362","Rodrigo Blankenship","IND","K","2564106","robust",NA,NA,NA,NA,NA,NA,NA,NA,NA,NA,NA,NA,NA,NA,NA,NA,NA,NA,NA,NA,NA,NA,NA,NA,NA,NA,NA,NA,NA,NA,NA,NA,NA,NA,NA,NA,NA,NA,0.015,0.022239,0.55,0.07413,0.65,0.07413,0.4,0.14826,0.2,0,2.45,0.51891,NA,NA,NA,NA
"363","Ryan Succop","TB","K","89802","robust",NA,NA,NA,NA,NA,NA,NA,NA,NA,NA,NA,NA,NA,NA,NA,NA,NA,NA,NA,NA,NA,NA,NA,NA,NA,NA,NA,NA,NA,NA,NA,NA,NA,NA,NA,NA,NA,NA,0.00959302325581395,0.00861976744186047,0.507113543091655,0.158806538987688,0.531315549475604,0.180891171910625,0.407442240462076,0.0862962665298678,0.145,0.0590172378020976,2.275,0.407715,NA,NA,NA,NA
"364","Sam Sloman","LAR","K","2564397","robust",NA,NA,NA,NA,NA,NA,NA,NA,NA,NA,NA,NA,NA,NA,NA,NA,NA,NA,NA,NA,NA,NA,NA,NA,NA,NA,NA,NA,NA,NA,NA,NA,NA,NA,NA,NA,NA,NA,0.0126785714285714,0.0058245,0.387225274725275,0.0500988461538462,0.803159340659341,0.115675384615385,0.33646978021978,0.0576340384615385,0.118612637362637,0.0193471153846154,2,0.14826,NA,NA,NA,NA
"365","Kaimi Fairbairn","HOU","K","2556521","robust",NA,NA,NA,NA,NA,NA,NA,NA,NA,NA,NA,NA,NA,NA,NA,NA,NA,NA,NA,NA,NA,NA,NA,NA,NA,NA,NA,NA,NA,NA,NA,NA,NA,NA,NA,NA,NA,NA,0,0,0.39848876481941,0.146019442721257,0.591350634132892,0.040473099669148,0.56,0.0593039999999999,0.135,0.0530018258891646,2.025,0.0741299999999997,NA,NA,NA,NA
"366","Dan Bailey","MIN","K","2495259","robust",NA,NA,NA,NA,NA,NA,NA,NA,NA,NA,NA,NA,NA,NA,NA,NA,NA,NA,NA,NA,NA,NA,NA,NA,NA,NA,NA,NA,NA,NA,NA,NA,NA,NA,NA,NA,NA,NA,0.0104166666666667,0.01544375,0.490940170940171,0.14826,0.5,0.114046153846154,0.3,0.105413493589744,0.0728311965811966,0.0162198974358974,2.05,0.29652,NA,NA,NA,NA
"367","Randy Bullock","CIN","K","2533444","robust",NA,NA,NA,NA,NA,NA,NA,NA,NA,NA,NA,NA,NA,NA,NA,NA,NA,NA,NA,NA,NA,NA,NA,NA,NA,NA,NA,NA,NA,NA,NA,NA,NA,NA,NA,NA,NA,NA,0,0,0.542291666666667,0.0593040000000001,0.456059670781893,0.0655882716049382,0.574989711934156,0.0904126697530863,0.141365740740741,0.0360354166666667,2,0,NA,NA,NA,NA
"368","Cairo Santos","FA","K","2550636","robust",NA,NA,NA,NA,NA,NA,NA,NA,NA,NA,NA,NA,NA,NA,NA,NA,NA,NA,NA,NA,NA,NA,NA,NA,NA,NA,NA,NA,NA,NA,NA,NA,NA,NA,NA,NA,NA,NA,0.0137218045112782,0.00930805263157895,0.439896616541353,0.118301447368421,0.548621553884712,0.154391052631579,0.3,0.138227368421053,0.0786340852130326,0.0424528947368421,2.19,0.14826,NA,NA,NA,NA
"369","Younghoe Koo","ATL","K","2559205","robust",NA,NA,NA,NA,NA,NA,NA,NA,NA,NA,NA,NA,NA,NA,NA,NA,NA,NA,NA,NA,NA,NA,NA,NA,NA,NA,NA,NA,NA,NA,NA,NA,NA,NA,NA,NA,NA,NA,0.0130511463844797,0.00209185185185185,0.492059082892416,0.00261481481481481,0.650257936507937,0.0486355555555554,0.668946208112875,0.0505051481481482,0.138505291005291,0.0221997777777778,2.03,0.133434,NA,NA,NA,NA
"370","Matt Prater","DET","K","2506677","robust",NA,NA,NA,NA,NA,NA,NA,NA,NA,NA,NA,NA,NA,NA,NA,NA,NA,NA,NA,NA,NA,NA,NA,NA,NA,NA,NA,NA,NA,NA,NA,NA,NA,NA,NA,NA,NA,NA,0,0,0.576749639249639,0.0485361628787879,0.515,0.0846143674242425,0.475036075036075,0.109387212121212,0.204011544011544,0.0331606060606061,2.2,0.0963689999999996,NA,NA,NA,NA
"371","Daniel Carlson","LVR","K","2560993","robust",NA,NA,NA,NA,NA,NA,NA,NA,NA,NA,NA,NA,NA,NA,NA,NA,NA,NA,NA,NA,NA,NA,NA,NA,NA,NA,NA,NA,NA,NA,NA,NA,NA,NA,NA,NA,NA,NA,0,0,0.504639417430115,0.138325500352361,0.392847075405215,0.0878850591966174,0.430573173596429,0.117805229739253,0.233978153629316,0.0506790084566596,2,0.14826,NA,NA,NA,NA
"372","Dustin Hopkins","WAS","K","2539227","robust",NA,NA,NA,NA,NA,NA,NA,NA,NA,NA,NA,NA,NA,NA,NA,NA,NA,NA,NA,NA,NA,NA,NA,NA,NA,NA,NA,NA,NA,NA,NA,NA,NA,NA,NA,NA,NA,NA,0.00697167755991285,0.0103362091503268,0.48978548684431,0.029652,0.523697000167588,0.106872924082453,0.465,0.169354811463047,0.15,0.0552589643036702,1.9,0.14826,NA,NA,NA,NA
"373","Graham Gano","NYG","K","71309","robust",NA,NA,NA,NA,NA,NA,NA,NA,NA,NA,NA,NA,NA,NA,NA,NA,NA,NA,NA,NA,NA,NA,NA,NA,NA,NA,NA,NA,NA,NA,NA,NA,NA,NA,NA,NA,NA,NA,0.00729166666666667,0.0061775,0.412869318181818,0.168758068181818,0.648295454545454,0.253853130681818,0.3,0.139274545454546,0.1,0.014826,1.7,0.22239,NA,NA,NA,NA
"374","Brandon McManus","DEN","K","2541556","robust",NA,NA,NA,NA,NA,NA,NA,NA,NA,NA,NA,NA,NA,NA,NA,NA,NA,NA,NA,NA,NA,NA,NA,NA,NA,NA,NA,NA,NA,NA,NA,NA,NA,NA,NA,NA,NA,NA,0,0,0.3996918767507,0.0305656470588235,0.47,0.0817298823529413,0.55,0.0966804705882352,0.2,0.0634361764705883,1.8,0.29652,NA,NA,NA,NA
"375","Sam Ficken","NYJ","K","2557430","robust",NA,NA,NA,NA,NA,NA,NA,NA,NA,NA,NA,NA,NA,NA,NA,NA,NA,NA,NA,NA,NA,NA,NA,NA,NA,NA,NA,NA,NA,NA,NA,NA,NA,NA,NA,NA,NA,NA,0,0,0.297764227642276,0.00662951219512185,0.427371273712737,0.144362650406504,0.453929539295393,0.0799559349593495,0.127280939476061,0.0404467208672087,1.65,0,NA,NA,NA,NA
"376",NA,NA,"K","0","robust",NA,NA,NA,NA,NA,NA,NA,NA,NA,NA,NA,NA,NA,NA,NA,NA,NA,NA,NA,NA,NA,NA,NA,NA,NA,NA,NA,NA,NA,NA,NA,NA,NA,NA,NA,NA,NA,NA,0.005,0,0.3975,0.133434,0.46,0,0.51,0.088956,0.245,0.029652,1.805,0.0593039999999997,NA,NA,NA,NA
