"","player","team","position","id","avg_type","pass_att","pass_att_sd","pass_comp","pass_comp_sd","pass_yds","pass_yds_sd","pass_tds","pass_tds_sd","pass_int","pass_int_sd","rush_att","rush_att_sd","rush_yds","rush_yds_sd","rush_tds","rush_tds_sd","fumbles_lost","fumbles_lost_sd","two_pts","two_pts_sd","return_tds","return_tds_sd","rec","rec_sd","rec_yds","rec_yds_sd","rec_tds","rec_tds_sd","fg_0019","fg_0019_sd","fg_2029","fg_2029_sd","fg_3039","fg_3039_sd","fg_4049","fg_4049_sd","fg_50","fg_50_sd","xp","xp_sd","dst_int","dst_int_sd","dst_sacks","dst_sacks_sd","dst_safety","dst_safety_sd","dst_td","dst_td_sd","dst_blk","dst_blk_sd","idp_solo","idp_solo_sd","idp_sack","idp_sack_sd","idp_int","idp_int_sd","idp_pd","idp_pd_sd","idp_td","idp_td_sd","injury_status","injury_details","season_year","week"
"1","Tua Tagovailoa","MIA","QB","14778","robust",34.45,1.61326292809563,22.7967460432978,0.593039999999998,280.2275,2.81693999999997,2,0.163086,0.8,0.14826,2.6,0.29652,8.5075,3.40998,0.1,0,0.145,0.066717,0.06,0,0,NA,NA,NA,NA,NA,NA,NA,NA,NA,NA,NA,NA,NA,NA,NA,NA,NA,NA,NA,NA,NA,NA,NA,NA,NA,NA,NA,NA,NA,NA,NA,NA,NA,NA,NA,NA,NA,NA,NA,NA,NA,NA,NA
"2","Patrick Mahomes","KC","QB","13116","robust",37.1,0.207564000000001,24.86,0.711648000000001,296.2,10.67472,2.2075,0.222390000000001,0.8,0.163086,4.83742673141685,0.207129487994508,28.1575,0.993342000000003,0.185,0.029652,0.09375,0.0185325,0.16,0,0,NA,NA,NA,NA,NA,NA,NA,NA,NA,NA,NA,NA,NA,NA,NA,NA,NA,NA,NA,NA,NA,NA,NA,NA,NA,NA,NA,NA,NA,NA,NA,NA,NA,NA,NA,NA,NA,NA,NA,NA,NA,NA,NA
"3","Kirk Cousins","MIN","QB","10700","robust",37.45,1.77911999999999,25.3,0.889560000000002,274.6,17.064726,1.96,0.118608,0.87,0.0889560000000001,1.4,0.44478,5,0.29652,0.085,0,0.2125,0.0185325,0.13,0,0,NA,NA,NA,NA,NA,NA,NA,NA,NA,NA,NA,NA,NA,NA,NA,NA,NA,NA,NA,NA,NA,NA,NA,NA,NA,NA,NA,NA,NA,NA,NA,NA,NA,NA,NA,NA,NA,NA,NA,NA,NA,NA,NA
"4","Matthew Stafford","LAR","QB","9431","robust",36.1,0.296520000000004,23.65,0.444780000000001,268.9275,10.3782,1.64,0.14826,0.95,0.14826,2.05,0.14826,7.925,1.4826,0.0875,0,0.09625,0.0111195,0.09,0,0,NA,NA,NA,NA,NA,NA,NA,NA,NA,NA,NA,NA,NA,NA,NA,NA,NA,NA,NA,NA,NA,NA,NA,NA,NA,NA,NA,NA,NA,NA,NA,NA,NA,NA,NA,NA,NA,NA,NA,NA,NA,NA,NA
"5","Jared Goff","DET","QB","12611","robust",33.295,1.33434,22,1.4826,243.65,1.46777400000001,1.715,0.192738,0.69,0.0296519999999999,1.93,0.0889560000000001,5.3925,3.11346,0.1,0,0.1525,0.0630105,0.13,0,0,NA,NA,NA,NA,NA,NA,NA,NA,NA,NA,NA,NA,NA,NA,NA,NA,NA,NA,NA,NA,NA,NA,NA,NA,NA,NA,NA,NA,NA,NA,NA,NA,NA,NA,NA,NA,NA,NA,NA,NA,NA,NA,NA
"6","Josh Allen","BUF","QB","13589","robust",36.4725,0.625318152725714,24.5607597488787,0.593039999999998,268.085,1.58638199999999,2.0125,0.14826,0.915,0.044478,5.75,0.859908,31.9075,3.89923799999999,0.3,0.044478,0.2,0,0.16,0,0,NA,NA,NA,NA,NA,NA,NA,NA,NA,NA,NA,NA,NA,NA,NA,NA,NA,NA,NA,NA,NA,NA,NA,NA,NA,NA,NA,NA,NA,NA,NA,NA,NA,NA,NA,NA,NA,NA,NA,NA,NA,NA,NA
"7","Joe Burrow","CIN","QB","14777","robust",36.6,1.378818,24.0825,0.296520000000004,255.4,13.165488,1.7,0.22239,0.735,0.118608,2.01666666666667,0.19768,9.8775,6.96822,0.1,0.133434,0.10375,0.0111195,0.16,0,0,NA,NA,NA,NA,NA,NA,NA,NA,NA,NA,NA,NA,NA,NA,NA,NA,NA,NA,NA,NA,NA,NA,NA,NA,NA,NA,NA,NA,NA,NA,NA,NA,NA,NA,NA,NA,NA,NA,NA,NA,NA,NA,NA
"8","C.J. Stroud","HOU","QB","16150","robust",34.5189635066266,1.156428,22.2945890929072,0.444780000000001,256.345,6.06383399999996,1.5,0.0889560000000001,0.52,0.14826,3.15,0.14826,13.4725,1.319514,0.1,0,0.2125,0.037065,0.05,0,0,NA,NA,NA,NA,NA,NA,NA,NA,NA,NA,NA,NA,NA,NA,NA,NA,NA,NA,NA,NA,NA,NA,NA,NA,NA,NA,NA,NA,NA,NA,NA,NA,NA,NA,NA,NA,NA,NA,NA,NA,NA,NA,NA
"9","Dak Prescott","DAL","QB","12620","robust",34.4770932966213,0.7413,23.12,0.0593039999999987,243.8675,12.868968,1.455,0.0889560000000001,0.9,0.029652,3.1,0.44478,11.6,2.37216,0.1,0,0.1125,0.037065,0.16,0,0,NA,NA,NA,NA,NA,NA,NA,NA,NA,NA,NA,NA,NA,NA,NA,NA,NA,NA,NA,NA,NA,NA,NA,NA,NA,NA,NA,NA,NA,NA,NA,NA,NA,NA,NA,NA,NA,NA,NA,NA,NA,NA,NA
"10","Jimmy Garoppolo","LVR","QB","11760","robust",33.45,1.77912,22.305,0.444780000000001,253.6625,7.04235,1.5325,0.14826,1,0.044478,2.75,0.44478,8.9325,6.019356,0.1,0,0.1775,0.0333585,0.06,0,0,NA,NA,NA,NA,NA,NA,NA,NA,NA,NA,NA,NA,NA,NA,NA,NA,NA,NA,NA,NA,NA,NA,NA,NA,NA,NA,NA,NA,NA,NA,NA,NA,NA,NA,NA,NA,NA,NA,NA,NA,NA,NA,NA
"11","Sam Howell","WAS","QB","15693","robust",33.55,1.660512,22.29,1.18608,249.55,12.513144,1.4525,0.252042,0.85,0.14826,3.8,0.370613020039835,17.6,1.33434,0.2,0.029652,0.10625,0.0185325,0.05,0,0,NA,NA,NA,NA,NA,NA,NA,NA,NA,NA,NA,NA,NA,NA,NA,NA,NA,NA,NA,NA,NA,NA,NA,NA,NA,NA,NA,NA,NA,NA,NA,NA,NA,NA,NA,NA,NA,NA,NA,NA,NA,NA,NA
"12","Trevor Lawrence","JAC","QB","15237","robust",36.0825,2.12555999308047,23.425,1.37187994801555,241.5875,6.37518000000002,1.245,0.29652,0.9,0.14826,5.08,0.652343999999999,22.355,2.787288,0.15,0.029652,0.26,0.059304,0.19,0,0,NA,NA,NA,NA,NA,NA,NA,NA,NA,NA,NA,NA,NA,NA,NA,NA,NA,NA,NA,NA,NA,NA,NA,NA,NA,NA,NA,NA,NA,NA,NA,NA,NA,NA,NA,NA,NA,NA,NA,NA,NA,NA,NA
"13","Jordan Love","GB","QB","14782","robust",33.995,2.07564,20.845,0.163085999999999,240.735,7.62056399999998,1.645,0.14826,0.85,0.14826,4.14118648141614,0.44478,15.96,4.862928,0.195,0.014826,0.0625,0.00741300000000001,0.11,0,0,NA,NA,NA,NA,NA,NA,NA,NA,NA,NA,NA,NA,NA,NA,NA,NA,NA,NA,NA,NA,NA,NA,NA,NA,NA,NA,NA,NA,NA,NA,NA,NA,NA,NA,NA,NA,NA,NA,NA,NA,NA,NA,NA
"14","Jalen Hurts","PHI","QB","14783","robust",31.7620213303182,0.889560000000002,20.7263615772561,1.126776,240.59,8.74734000000001,1.3925,0.281694,0.59,0.14826,8.9,0.889559999999999,40.2825,5.63388,0.6,0,0.185,0.044478,0.16,0,0,NA,NA,NA,NA,NA,NA,NA,NA,NA,NA,NA,NA,NA,NA,NA,NA,NA,NA,NA,NA,NA,NA,NA,NA,NA,NA,NA,NA,NA,NA,NA,NA,NA,NA,NA,NA,NA,NA,NA,NA,NA,NA,NA
"15","Brock Purdy","SF","QB","15698","robust",30.5985243972302,1.33434,20.0334137634549,1.580963017207,240.6,11.26776,1.45,0.133434,0.5,0.237216,2.59,0.29652,8.35,3.55824,0.15,0.059304,0.1375,0.0555975,0.07,0,0,NA,NA,NA,NA,NA,NA,NA,NA,NA,NA,NA,NA,NA,NA,NA,NA,NA,NA,NA,NA,NA,NA,NA,NA,NA,NA,NA,NA,NA,NA,NA,NA,NA,NA,NA,NA,NA,NA,NA,NA,NA,NA,NA
"16","Ryan Tannehill","TEN","QB","10697","robust",31.9,2.2239,20.4825,0.7413,229.105,3.839934,1.15,0.14826,0.8,0.14826,2.59481698798637,0.14826,10.285,1.230558,0.1075,0,0.1075,0.022239,0.06,0,0,NA,NA,NA,NA,NA,NA,NA,NA,NA,NA,NA,NA,NA,NA,NA,NA,NA,NA,NA,NA,NA,NA,NA,NA,NA,NA,NA,NA,NA,NA,NA,NA,NA,NA,NA,NA,NA,NA,NA,NA,NA,NA,NA
"17","Daniel Jones","NYG","QB","14059","robust",32.755,0.282243261846411,22.084862214257,0.296519999999999,221.3325,13.002402,1.0675,0.103782,0.8,0.0889559999999999,7.25,0.412981599621153,37.7625,2.23872600000001,0.2925,0.014826,0.17875,0.0630105,0.16,0,0,NA,NA,NA,NA,NA,NA,NA,NA,NA,NA,NA,NA,NA,NA,NA,NA,NA,NA,NA,NA,NA,NA,NA,NA,NA,NA,NA,NA,NA,NA,NA,NA,NA,NA,NA,NA,NA,NA,NA,NA,NA,NA,NA
"18","Russell Wilson","DEN","QB","10703","robust",32.2205126492203,0.922252214936296,20.5975,1.11004892978368,226.685,11.445672,1.475,0.029652,0.65,0.0889559999999999,3.8,0.29652,18.17,3.306198,0.1,0,0.13,0.044478,0.03,0,0,NA,NA,NA,NA,NA,NA,NA,NA,NA,NA,NA,NA,NA,NA,NA,NA,NA,NA,NA,NA,NA,NA,NA,NA,NA,NA,NA,NA,NA,NA,NA,NA,NA,NA,NA,NA,NA,NA,NA,NA,NA,NA,NA
"19","Joshua Dobbs","ARI","QB","13119","robust",32.7863542555006,1.66452763841037,21.65,0.622692000000002,216.4825,11.697714,1.135,0.252042,0.6,0.177912,5.07,0.593039999999999,27.1,2.81694,0.185,0.029652,0.25,0.07413,0.08,0,0,NA,NA,NA,NA,NA,NA,NA,NA,NA,NA,NA,NA,NA,NA,NA,NA,NA,NA,NA,NA,NA,NA,NA,NA,NA,NA,NA,NA,NA,NA,NA,NA,NA,NA,NA,NA,NA,NA,NA,NA,NA,NA,NA
"20","Derek Carr","NO","QB","11644","robust",32,0.201946873737941,20.7852591304497,0.28949118680475,227.45,9.43674900000001,1.24,0.0815430000000001,0.7,0.118608,2.05,0.0532530530130877,6.335,0.689409,0.035,0.044478,0.113333333333333,0.009884,0.03,0,0,NA,NA,NA,NA,NA,NA,NA,NA,NA,NA,NA,NA,NA,NA,NA,NA,NA,NA,NA,NA,NA,NA,NA,NA,NA,NA,NA,NA,NA,NA,NA,NA,NA,NA,NA,NA,NA,NA,NA,"Q","Shoulder - AC Joint",2023,5
"21","Zach Wilson","NYJ","QB","15239","robust",33.677769778271,1.63086,19.9,0.296519999999999,218.395,2.66868000000002,1.0975,0.177912,0.865,0.103782,2.86962939206176,0.158876617772315,14.9275,0.163085999999999,0.13,0.088956,0.1075,0.022239,0.11,0,0,NA,NA,NA,NA,NA,NA,NA,NA,NA,NA,NA,NA,NA,NA,NA,NA,NA,NA,NA,NA,NA,NA,NA,NA,NA,NA,NA,NA,NA,NA,NA,NA,NA,NA,NA,NA,NA,NA,NA,NA,NA,NA,NA
"22","Bryce Young","CAR","QB","16148","robust",32.2346401467488,0.593039999999998,20.4301779381793,0.7413,212.75,12.943098,1.1,0.118608,0.9,0.14826,2.80992320886673,0.59304,12.1975,1.4826,0.1,0,0.195,0.00741300000000001,0.08,0,0,NA,NA,NA,NA,NA,NA,NA,NA,NA,NA,NA,NA,NA,NA,NA,NA,NA,NA,NA,NA,NA,NA,NA,NA,NA,NA,NA,NA,NA,NA,NA,NA,NA,NA,NA,NA,NA,NA,NA,NA,NA,NA,NA
"23","Anthony Richardson","IND","QB","16152","robust",31.0487985724814,1.77912,18.8882097672607,0.459605999999998,212.85,6.30105,1.2,0.044478,0.8,0.0296519999999999,9.16596149190953,0.770951999999999,41.7675,2.876244,0.4,0.29652,0.26,0.059304,0.12,0,0,NA,NA,NA,NA,NA,NA,NA,NA,NA,NA,NA,NA,NA,NA,NA,NA,NA,NA,NA,NA,NA,NA,NA,NA,NA,NA,NA,NA,NA,NA,NA,NA,NA,NA,NA,NA,NA,NA,NA,NA,NA,NA,NA
"24","Lamar Jackson","BAL","QB","13593","robust",29.0413253237188,0.245075699781828,19.3286527118095,0.444780000000001,212.1,8.74734000000001,1.215,0.044478,0.7,0.118608,9.81769112251072,0.444780000000001,57.7,1.03782,0.395,0.14826,0.33,0.044478,0.09,0,0,NA,NA,NA,NA,NA,NA,NA,NA,NA,NA,NA,NA,NA,NA,NA,NA,NA,NA,NA,NA,NA,NA,NA,NA,NA,NA,NA,NA,NA,NA,NA,NA,NA,NA,NA,NA,NA,NA,NA,NA,NA,NA,NA
"25","Mac Jones","NE","QB","15241","robust",31.6725,1.15985283990744,20.165,0.889559999999997,209.54,5.48561999999998,1.15,0.0741300000000001,0.91,0.029652,3.45,0.29652,14.1,3.009678,0.055,0.07413,0.10875,0.0259455,0.13,0,0,NA,NA,NA,NA,NA,NA,NA,NA,NA,NA,NA,NA,NA,NA,NA,NA,NA,NA,NA,NA,NA,NA,NA,NA,NA,NA,NA,NA,NA,NA,NA,NA,NA,NA,NA,NA,NA,NA,NA,NA,NA,NA,NA
"26","Justin Fields","CHI","QB","15238","robust",27.1506569299296,2.37216,16.946532549045,1.601208,189.05,14.97426,1.15,0.14826,0.85,0.177912,8.8,0.296519999999999,47.545,0.978515999999995,0.3075,0,0.2325,0.0481845,0.07,0,0,NA,NA,NA,NA,NA,NA,NA,NA,NA,NA,NA,NA,NA,NA,NA,NA,NA,NA,NA,NA,NA,NA,NA,NA,NA,NA,NA,NA,NA,NA,NA,NA,NA,NA,NA,NA,NA,NA,NA,NA,NA,NA,NA
"27","Kenny Pickett","PIT","QB","15692","robust",30.561595051129,1.57392082280382,19.15,0.91171065379035,208,3.27654600000001,1.055,0.111195,0.86,0.0593040000000001,2.7,0.827817384343946,12.4,2.379573,0.105,0,0.0133333333333333,0.009884,0.09,0,0,NA,NA,NA,NA,NA,NA,NA,NA,NA,NA,NA,NA,NA,NA,NA,NA,NA,NA,NA,NA,NA,NA,NA,NA,NA,NA,NA,NA,NA,NA,NA,NA,NA,NA,NA,NA,NA,NA,NA,NA,NA,NA,NA
"28","Desmond Ridder","ATL","QB","15697","robust",29.0112079935577,2.9652,18.2321810649017,1.393644,192.785,15.463518,1.085,0.044478,0.55,0.103782,3.68060895807975,0.741299999999999,14.0375,4.15128,0.115,0,0.2425,0.0630105,0.04,0,0,NA,NA,NA,NA,NA,NA,NA,NA,NA,NA,NA,NA,NA,NA,NA,NA,NA,NA,NA,NA,NA,NA,NA,NA,NA,NA,NA,NA,NA,NA,NA,NA,NA,NA,NA,NA,NA,NA,NA,NA,NA,NA,NA
"29","Jameis Winston","NO","QB","12140","robust",7.075,1.92738,4.475,1.18608,50.625,6.22692,0.225,0.14826,0.175,0,0.675,0.44478,1.7,1.33434,0,0,0.025,0,0,NA,0,NA,NA,NA,NA,NA,NA,NA,NA,NA,NA,NA,NA,NA,NA,NA,NA,NA,NA,NA,NA,NA,NA,NA,NA,NA,NA,NA,NA,NA,NA,NA,NA,NA,NA,NA,NA,NA,NA,NA,NA,NA,NA,NA
"30","Mitchell Trubisky","PIT","QB","13115","robust",0.553080592105263,0.546664857236842,0.344807565789474,0.340807798026316,12.3025,5.240991,0.06,0.059304,0.045,0.044478,0.0186666666666667,0.0184501333333333,0.145,0.044478,0.0075,0.007413,0,0,0,NA,0,NA,NA,NA,NA,NA,NA,NA,NA,NA,NA,NA,NA,NA,NA,NA,NA,NA,NA,NA,NA,NA,NA,NA,NA,NA,NA,NA,NA,NA,NA,NA,NA,NA,NA,NA,NA,NA,NA,NA,NA,NA,NA,NA
"31","Davis Mills","HOU","QB","15252","robust",1.10694457013575,1.64115601968326,0.717171380090498,1.06327828812217,11.235,4.00302,0.05,0.059304,0.04,0,0.3,0.44478,0.5,0.07413,0.005,0,0.01375,0.014826,0.03,0,0,NA,NA,NA,NA,NA,NA,NA,NA,NA,NA,NA,NA,NA,NA,NA,NA,NA,NA,NA,NA,NA,NA,NA,NA,NA,NA,NA,NA,NA,NA,NA,NA,NA,NA,NA,NA,NA,NA,NA,NA,NA,NA,NA
"32","Tyler Huntley","BAL","QB","14789","robust",5.05,5.70801,3.4,3.85476,32.95,35.65653,0.1,0,0.05,0.07413,1.85,2.29803,7.85,9.11799,0.05,0.07413,0.05,0.07413,NA,NA,NA,NA,NA,NA,NA,NA,NA,NA,NA,NA,NA,NA,NA,NA,NA,NA,NA,NA,NA,NA,NA,NA,NA,NA,NA,NA,NA,NA,NA,NA,NA,NA,NA,NA,NA,NA,NA,NA,NA,NA,NA,NA,NA,NA
"33","Andy Dalton","CAR","QB","10313","robust",3.1,4.59606,2.05,3.03933,26.75,31.50525,0.15,0.22239,0.1,0.14826,0.3,0.44478,1,1.4826,0,0,0,0,NA,NA,NA,NA,NA,NA,NA,NA,NA,NA,NA,NA,NA,NA,NA,NA,NA,NA,NA,NA,NA,NA,NA,NA,NA,NA,NA,NA,NA,NA,NA,NA,NA,NA,NA,NA,NA,NA,NA,NA,NA,NA,NA,NA,NA,NA
"34","Gardner Minshew","IND","QB","14067","robust",1.23086750881316,1.82488416856639,0.847684782608696,1.25677745869565,12.87,0.889559999999999,0.05,0.07413,0.03,0,0.25,0.37065,0.425,0.630105,0,0,0,0,0,NA,0,NA,NA,NA,NA,NA,NA,NA,NA,NA,NA,NA,NA,NA,NA,NA,NA,NA,NA,NA,NA,NA,NA,NA,NA,NA,NA,NA,NA,NA,NA,NA,NA,NA,NA,NA,NA,NA,NA,NA,NA,NA,NA,NA
"35","Taylor Heinicke","ATL","QB","12476","robust",1,1.4826,0.6,0.88956,11.09,0.7413,0.05,0.07413,0.1,0,0.15,0.051705675,0.85,0.163086,0,0,0.0333333333333333,0.04942,0.03,0,0,NA,NA,NA,NA,NA,NA,NA,NA,NA,NA,NA,NA,NA,NA,NA,NA,NA,NA,NA,NA,NA,NA,NA,NA,NA,NA,NA,NA,NA,NA,NA,NA,NA,NA,NA,NA,NA,NA,NA,NA,NA,NA,NA
"36","Marcus Mariota","PHI","QB","12141","robust",1.2081541218638,0.96369,0.741129032258065,0.59304,9.825,3.7065,0.085,0.07413,0.0375,0.037065,0.23685119047619,0.22239,1.1325,0.88956,0.015,0.014826,0,0,0.02,0,0,NA,NA,NA,NA,NA,NA,NA,NA,NA,NA,NA,NA,NA,NA,NA,NA,NA,NA,NA,NA,NA,NA,NA,NA,NA,NA,NA,NA,NA,NA,NA,NA,NA,NA,NA,NA,NA,NA,NA,NA,NA,NA,NA
"37","Nick Mullens","MIN","QB","13968","robust",1.625,2.2239,1.075,1.4826,13.375,7.70952,0.075,0,0.05,0,0.275,0.29652,0.65,0.29652,0,0,0,0,0,NA,0,NA,NA,NA,NA,NA,NA,NA,NA,NA,NA,NA,NA,NA,NA,NA,NA,NA,NA,NA,NA,NA,NA,NA,NA,NA,NA,NA,NA,NA,NA,NA,NA,NA,NA,NA,NA,NA,NA,NA,"Q","Back",2023,5
"38","Mike White","MIA","QB","13598","robust",1.4,1.63086,0.9,0.88956,13.475,11.1195,0.125,0.14826,0.025,0,0.325,0.44478,0.15,0,0,0,0,0,0,NA,0,NA,NA,NA,NA,NA,NA,NA,NA,NA,NA,NA,NA,NA,NA,NA,NA,NA,NA,NA,NA,NA,NA,NA,NA,NA,NA,NA,NA,NA,NA,NA,NA,NA,NA,NA,NA,NA,NA,NA,NA,NA,NA,NA
"39","Blaine Gabbert","KC","QB","10262","robust",0.620907079646018,0.729163672566371,0.413938053097345,0.486109115044248,11.25,0.148260000000001,0.04,0.044478,0,0,0.04875,0.0481845,0.1225,0.022239,0,0,0,0,0,NA,0,NA,NA,NA,NA,NA,NA,NA,NA,NA,NA,NA,NA,NA,NA,NA,NA,NA,NA,NA,NA,NA,NA,NA,NA,NA,NA,NA,NA,NA,NA,NA,NA,NA,NA,NA,NA,NA,NA,NA,NA,NA,NA,NA
"40","Tyson Bagent","CHI","QB","16384","robust",0.6,0.59304,0.3,0.29652,10.7,5.70801,0,0,0.1,0,0,0,0.2,0.118608,0,0,0.0025,0.002471,0,NA,0,NA,NA,NA,NA,NA,NA,NA,NA,NA,NA,NA,NA,NA,NA,NA,NA,NA,NA,NA,NA,NA,NA,NA,NA,NA,NA,NA,NA,NA,NA,NA,NA,NA,NA,NA,NA,NA,NA,NA,NA,NA,NA,NA
"41","Teddy Bridgewater","DET","QB","11640","robust",1.10947368421053,1.64490568421053,0.65,0.949003806578947,11.855,2.37216,0.05,0.07413,0.04,0,0.25,0.37065,0.55,0.81543,0,0,0,0,0.02,0,0,NA,NA,NA,NA,NA,NA,NA,NA,NA,NA,NA,NA,NA,NA,NA,NA,NA,NA,NA,NA,NA,NA,NA,NA,NA,NA,NA,NA,NA,NA,NA,NA,NA,NA,NA,NA,NA,NA,NA,NA,NA,NA,NA
"42","Malik Willis","TEN","QB","15694","robust",0.919125,1.31691945,0.435375,0.62380395,8.4,1.77912,0,0,0,0,0.2,0.19768,0.03,0.029652,0,0,0.055,0.051891,0,NA,0,NA,NA,NA,NA,NA,NA,NA,NA,NA,NA,NA,NA,NA,NA,NA,NA,NA,NA,NA,NA,NA,NA,NA,NA,NA,NA,NA,NA,NA,NA,NA,NA,NA,NA,NA,NA,NA,NA,NA,NA,NA,NA,NA
"43","Sean Clifford","GB","QB","16313","robust",0.6,0.44478,0.4,0.29652,9.15,2.52042,0.095,0,0,0,0.05,0.14826,0.2,0,0,0,0.00125,0,0.04,0,0,NA,NA,NA,NA,NA,NA,NA,NA,NA,NA,NA,NA,NA,NA,NA,NA,NA,NA,NA,NA,NA,NA,NA,NA,NA,NA,NA,NA,NA,NA,NA,NA,NA,NA,NA,NA,NA,NA,NA,NA,NA,NA,NA
"44","Jake Browning","CIN","QB","14358","robust",0,0,0,0,10.1025,0,0.07,0.014826,0.07,0.014826,0,0,0.005,0,0.0025,0,0.005,0.007413,0.04,0,0,NA,NA,NA,NA,NA,NA,NA,NA,NA,NA,NA,NA,NA,NA,NA,NA,NA,NA,NA,NA,NA,NA,NA,NA,NA,NA,NA,NA,NA,NA,NA,NA,NA,NA,NA,NA,NA,NA,NA,NA,NA,NA,NA
"45","Jacoby Brissett","WAS","QB","12616","robust",0.85,1.10885174615385,0.55,0.720486576923077,10.5,4.89258,0.05,0.07413,0.025,0,0.125,0.185325,0.545,0.14826,0,0,0.00125,0,0.01,0,0,NA,NA,NA,NA,NA,NA,NA,NA,NA,NA,NA,NA,NA,NA,NA,NA,NA,NA,NA,NA,NA,NA,NA,NA,NA,NA,NA,NA,NA,NA,NA,NA,NA,NA,NA,NA,NA,NA,NA,NA,NA,NA,NA
"46","Cooper Rush","DAL","QB","13124","robust",1.3,1.4826,0.825,0.88956,8.825,7.11648,0.025,0,0,0,0.375,0.44478,-0.2,0.29652,0,0,0,0,0,NA,0,NA,NA,NA,NA,NA,NA,NA,NA,NA,NA,NA,NA,NA,NA,NA,NA,NA,NA,NA,NA,NA,NA,NA,NA,NA,NA,NA,NA,NA,NA,NA,NA,NA,NA,NA,NA,NA,NA,NA,NA,NA,NA,NA
"47","Clayton Tune","ARI","QB","16160","robust",1.3455,1.7924634,0.828,1.1030544,10.81,1.245384,0.01,0,0.085,0.103782,0.23,0.088956,1.025,0.37065,0.005,0,0.0025,0,0,NA,0,NA,NA,NA,NA,NA,NA,NA,NA,NA,NA,NA,NA,NA,NA,NA,NA,NA,NA,NA,NA,NA,NA,NA,NA,NA,NA,NA,NA,NA,NA,NA,NA,NA,NA,NA,NA,NA,NA,NA,NA,NA,NA,NA
"48","Sam Darnold","SF","QB","13592","robust",0.55,0.615083921052632,0.35,0.396766194078947,8,2.37216,0.02,0,0.045,0,0.3,0.44478,0.04,0,0,0,0.00125,0,0,NA,0,NA,NA,NA,NA,NA,NA,NA,NA,NA,NA,NA,NA,NA,NA,NA,NA,NA,NA,NA,NA,NA,NA,NA,NA,NA,NA,NA,NA,NA,NA,NA,NA,NA,NA,NA,NA,NA,NA,NA,NA,NA,NA,NA
"49","Jarrett Stidham","DEN","QB","14063","robust",1.1,0.29652,0.675,0.44478,8.225,3.40998,0.075,0,0.025,0,0.125,0.14826,0.6,0.44478,0,0,0,0,0,NA,0,NA,NA,NA,NA,NA,NA,NA,NA,NA,NA,NA,NA,NA,NA,NA,NA,NA,NA,NA,NA,NA,NA,NA,NA,NA,NA,NA,NA,NA,NA,NA,NA,NA,NA,NA,NA,NA,NA,NA,NA,NA,NA,NA
"50","Kyle Allen","BUF","QB","13879","robust",0.85,0.59304,0.5,0.7413,5.75,0,0.025,0,0,0,0.475,0.14826,-0.325,0,0,0,0,0,0,NA,0,NA,NA,NA,NA,NA,NA,NA,NA,NA,NA,NA,NA,NA,NA,NA,NA,NA,NA,NA,NA,NA,NA,NA,NA,NA,NA,NA,NA,NA,NA,NA,NA,NA,NA,NA,NA,NA,NA,NA,NA,NA,NA,NA
"51","Brett Rypien","LAR","QB","14065","robust",0.7,1.03782,0.45,0.66717,8.05,2.59455,0.05,0.07413,0,0,0.15,0.22239,0.3,0.44478,0,0,0,0,NA,NA,NA,NA,NA,NA,NA,NA,NA,NA,NA,NA,NA,NA,NA,NA,NA,NA,NA,NA,NA,NA,NA,NA,NA,NA,NA,NA,NA,NA,NA,NA,NA,NA,NA,NA,NA,NA,NA,NA,NA,NA,NA,NA,NA,NA
"52","Tyrod Taylor","NYG","QB","10413","robust",1.125,1.33434,0.75,0.88956,7.175,2.07564,0.075,0,0.05,0,0.3,0.29652,1.75,1.4826,0,0,0.025,0,0,NA,0,NA,NA,NA,NA,NA,NA,NA,NA,NA,NA,NA,NA,NA,NA,NA,NA,NA,NA,NA,NA,NA,NA,NA,NA,NA,NA,NA,NA,NA,NA,NA,NA,NA,NA,NA,NA,NA,NA,NA,NA,NA,NA,NA
"53","Tim Boyle","NYJ","QB","13873","robust",0.65,0.96369,0.4,0.59304,8.6,0.148259999999999,0.05,0.07413,0.1,0.14826,0.1,0.14826,0.2,0.29652,0,0,0,0,NA,NA,NA,NA,NA,NA,NA,NA,NA,NA,NA,NA,NA,NA,NA,NA,NA,NA,NA,NA,NA,NA,NA,NA,NA,NA,NA,NA,NA,NA,NA,NA,NA,NA,NA,NA,NA,NA,NA,NA,NA,NA,NA,NA,NA,NA
"54","Bailey Zappe","NE","QB","15696","robust",0.65,0.96369,0.4,0.59304,7.55,1.11195,0.05,0.07413,0.05,0.07413,0.15,0.22239,0.1,0.14826,0,0,0,0,NA,NA,NA,NA,NA,NA,NA,NA,NA,NA,NA,NA,NA,NA,NA,NA,NA,NA,NA,NA,NA,NA,NA,NA,NA,NA,NA,NA,NA,NA,NA,NA,NA,NA,NA,NA,NA,NA,NA,NA,NA,NA,NA,NA,NA,NA
"55","C.J. Beathard","JAC","QB","13125","robust",0.8,1.18608,0.5,0.7413,5.25,0.37065,0,0,0.05,0.07413,0.3,0.44478,-0.15,0.22239,0,0,0,0,NA,NA,NA,NA,NA,NA,NA,NA,NA,NA,NA,NA,NA,NA,NA,NA,NA,NA,NA,NA,NA,NA,NA,NA,NA,NA,NA,NA,NA,NA,NA,NA,NA,NA,NA,NA,NA,NA,NA,NA,NA,NA,NA,NA,NA,NA
"56","Christian McCaffrey","SF","RB","13130","robust",NA,NA,NA,NA,NA,NA,NA,NA,NA,NA,18.025,0.593039999999998,84.1,6.923742,0.77,0.0889560000000001,0.0875,0.037065,0,NA,0,NA,4.475,0.37065,38.4975,2.72798399999999,0.2325,0.029652,NA,NA,NA,NA,NA,NA,NA,NA,NA,NA,NA,NA,NA,NA,NA,NA,NA,NA,NA,NA,NA,NA,NA,NA,NA,NA,NA,NA,NA,NA,NA,NA,NA,NA,NA,NA
"57","Derrick Henry","TEN","RB","12626","robust",NA,NA,NA,NA,NA,NA,NA,NA,NA,NA,19.7564527509081,0.444780000000001,81.25,5.841444,0.6,0,0.098,0,0.03,0,0,NA,1.895,0.14826,17.77,1.33434,0.0875,0,NA,NA,NA,NA,NA,NA,NA,NA,NA,NA,NA,NA,NA,NA,NA,NA,NA,NA,NA,NA,NA,NA,NA,NA,NA,NA,NA,NA,NA,NA,NA,NA,NA,NA,NA,NA
"58","David Montgomery","DET","RB","14071","robust",NA,NA,NA,NA,NA,NA,NA,NA,NA,NA,18.65,2.37216,74.05,6.22692,0.705,0.14826,0.138,0.0563388,0,NA,0,NA,1.8925,0.207564,15.025,0.296519999999999,0.1,0,NA,NA,NA,NA,NA,NA,NA,NA,NA,NA,NA,NA,NA,NA,NA,NA,NA,NA,NA,NA,NA,NA,NA,NA,NA,NA,NA,NA,NA,NA,NA,NA,NA,NA,NA,NA
"59","Bijan Robinson","ATL","RB","16161","robust",NA,NA,NA,NA,NA,NA,NA,NA,NA,NA,15.3925,2.2239,80.475,1.63085999999999,0.44,0.192738,0.0895,0.0207564,0.01,0,0,NA,4.05,0.770952000000001,29.45,4.74432,0.2,0,NA,NA,NA,NA,NA,NA,NA,NA,NA,NA,NA,NA,NA,NA,NA,NA,NA,NA,NA,NA,NA,NA,NA,NA,NA,NA,NA,NA,NA,NA,NA,NA,NA,NA,NA,NA
"60","Tony Pollard","DAL","RB","14085","robust",NA,NA,NA,NA,NA,NA,NA,NA,NA,NA,17.0275,1.4826,72.6,6.923742,0.5,0.059304,0.0125,0.037065,0.04,0,0,NA,3.2,0.44478,25.025,1.03782,0.1,0,NA,NA,NA,NA,NA,NA,NA,NA,NA,NA,NA,NA,NA,NA,NA,NA,NA,NA,NA,NA,NA,NA,NA,NA,NA,NA,NA,NA,NA,NA,NA,NA,NA,NA,NA,NA
"61","Josh Jacobs","LVR","RB","14073","robust",NA,NA,NA,NA,NA,NA,NA,NA,NA,NA,18.0675,1.03782,74.7825,6.22692,0.5,0,0.096,0,0,NA,0,NA,3.6,0.29652,28.16,0.593039999999998,0.1,0.014826,NA,NA,NA,NA,NA,NA,NA,NA,NA,NA,NA,NA,NA,NA,NA,NA,NA,NA,NA,NA,NA,NA,NA,NA,NA,NA,NA,NA,NA,NA,NA,NA,NA,NA,NA,NA
"62","Jonathan Taylor","IND","RB","14802","robust",NA,NA,NA,NA,NA,NA,NA,NA,NA,NA,14.9,1.18608,65.95,5.38183799999999,0.42,0.059304,0.1615,0.0830256,0,NA,0,NA,2.075,0.14826,14.56,3.380328,0.095,0.014826,NA,NA,NA,NA,NA,NA,NA,NA,NA,NA,NA,NA,NA,NA,NA,NA,NA,NA,NA,NA,NA,NA,NA,NA,NA,NA,NA,NA,NA,NA,NA,NA,NA,NA,NA,NA
"63","D'Andre Swift","PHI","RB","14797","robust",NA,NA,NA,NA,NA,NA,NA,NA,NA,NA,13.825,2.342508,65.955,9.39968399999999,0.5,0.044478,0.0125,0.037065,0.03,0,0,NA,2.62,0.14826,18.8975,3.276546,0.1,0,NA,NA,NA,NA,NA,NA,NA,NA,NA,NA,NA,NA,NA,NA,NA,NA,NA,NA,NA,NA,NA,NA,NA,NA,NA,NA,NA,NA,NA,NA,NA,NA,NA,NA,NA,NA
"64","Travis Etienne","JAC","RB","15253","robust",NA,NA,NA,NA,NA,NA,NA,NA,NA,NA,15.55,1.304688,70.3125,8.45082,0.4,0,0.103,0,0.03,0,0,NA,2.65,0.29652,20.225,0.444780000000001,0.075,0.014826,NA,NA,NA,NA,NA,NA,NA,NA,NA,NA,NA,NA,NA,NA,NA,NA,NA,NA,NA,NA,NA,NA,NA,NA,NA,NA,NA,NA,NA,NA,NA,NA,NA,NA,NA,NA
"65","Brian Robinson","WAS","RB","15716","robust",NA,NA,NA,NA,NA,NA,NA,NA,NA,NA,17.595,0.593039999999998,74.94,2.93554800000001,0.6,0,0.05,0.07413,0.04,0,0,NA,1.375,0.44478,11.58,2.2239,0.0925,0.103782,NA,NA,NA,NA,NA,NA,NA,NA,NA,NA,NA,NA,NA,NA,NA,NA,NA,NA,NA,NA,NA,NA,NA,NA,NA,NA,NA,NA,NA,NA,NA,NA,NA,NA,NA,NA
"66","Joe Mixon","CIN","RB","13131","robust",NA,NA,NA,NA,NA,NA,NA,NA,NA,NA,16.2,1.46797494239111,67.435,5.33735999999999,0.5,0.0741300000000001,0.015,0.0385476,0,NA,0,NA,3.1,0.29652,22.55,3.11346,0.1,0,NA,NA,NA,NA,NA,NA,NA,NA,NA,NA,NA,NA,NA,NA,NA,NA,NA,NA,NA,NA,NA,NA,NA,NA,NA,NA,NA,NA,NA,NA,NA,NA,NA,NA,NA,NA
"67","Kyren Williams","LAR","RB","15710","robust",NA,NA,NA,NA,NA,NA,NA,NA,NA,NA,15.8847201407625,1.03782,62.9325,6.96822,0.6,0.0889559999999999,0.064,0.0533736,0.01,0,0.01,0,2.905,0.652344,21.93,2.52042,0.1075,0,NA,NA,NA,NA,NA,NA,NA,NA,NA,NA,NA,NA,NA,NA,NA,NA,NA,NA,NA,NA,NA,NA,NA,NA,NA,NA,NA,NA,NA,NA,NA,NA,NA,NA,NA,NA
"68","James Conner","ARI","RB","13146","robust",NA,NA,NA,NA,NA,NA,NA,NA,NA,NA,15.798009742959,1.03782,69.1525,1.08229800000001,0.5,0,0.07,0.0474432,0,NA,0,NA,2.375,0.340998,16.745,2.831766,0.1,0,NA,NA,NA,NA,NA,NA,NA,NA,NA,NA,NA,NA,NA,NA,NA,NA,NA,NA,NA,NA,NA,NA,NA,NA,NA,NA,NA,NA,NA,NA,NA,NA,NA,NA,NA,NA
"69","Breece Hall","NYJ","RB","15708","robust",NA,NA,NA,NA,NA,NA,NA,NA,NA,NA,12.6532397183263,1.77912,63.25,1.49742600000001,0.4,0.07413,0.044,0.0652344,0.01,0,0,NA,2.15,0.148259999999999,19.2075,1.067472,0.1,0,NA,NA,NA,NA,NA,NA,NA,NA,NA,NA,NA,NA,NA,NA,NA,NA,NA,NA,NA,NA,NA,NA,NA,NA,NA,NA,NA,NA,NA,NA,NA,NA,NA,NA,NA,NA
"70","James Cook","BUF","RB","15715","robust",NA,NA,NA,NA,NA,NA,NA,NA,NA,NA,13.3,1.03782,63.045,2.37215999999999,0.3425,0.088956,0.089,0.014826,0.01,0,0,NA,2.525,0.548562,21.2625,1.55673,0.1,0,NA,NA,NA,NA,NA,NA,NA,NA,NA,NA,NA,NA,NA,NA,NA,NA,NA,NA,NA,NA,NA,NA,NA,NA,NA,NA,NA,NA,NA,NA,NA,NA,NA,NA,NA,NA
"71","Miles Sanders","CAR","RB","14079","robust",NA,NA,NA,NA,NA,NA,NA,NA,NA,NA,13.4748864982953,1.11161344474531,53.45,4.344018,0.33,0,0.109,0.014826,0,NA,0,NA,2.6,0.37065,17.98,5.55975,0.065,0.029652,NA,NA,NA,NA,NA,NA,NA,NA,NA,NA,NA,NA,NA,NA,NA,NA,NA,NA,NA,NA,NA,NA,NA,NA,NA,NA,NA,NA,NA,NA,NA,NA,NA,NA,NA,NA
"72","Dameon Pierce","HOU","RB","15717","robust",NA,NA,NA,NA,NA,NA,NA,NA,NA,NA,15.465,0.148259999999999,60.45,7.11648,0.3375,0.0593040000000001,0.101,0,0,NA,0,NA,2.18,0.207564,15.155,2.37216,0.0925,0,NA,NA,NA,NA,NA,NA,NA,NA,NA,NA,NA,NA,NA,NA,NA,NA,NA,NA,NA,NA,NA,NA,NA,NA,NA,NA,NA,NA,NA,NA,NA,NA,NA,NA,NA,NA
"73","Rhamondre Stevenson","NE","RB","15259","robust",NA,NA,NA,NA,NA,NA,NA,NA,NA,NA,14.075,1.03782,57.9075,5.78214,0.3725,0.103782,0.093,0,0,NA,0,NA,3,0,21.325,1.92738,0.0775,0.029652,NA,NA,NA,NA,NA,NA,NA,NA,NA,NA,NA,NA,NA,NA,NA,NA,NA,NA,NA,NA,NA,NA,NA,NA,NA,NA,NA,NA,NA,NA,NA,NA,"Q","Thigh",2023,5
"74","Isiah Pacheco","KC","RB","15749","robust",NA,NA,NA,NA,NA,NA,NA,NA,NA,NA,13.56,0.766860223741244,61.425,1.4826,0.5,0,0.101,0,0,NA,0,NA,2.105,0.429954,17.39,1.33434,0.075,0.014826,NA,NA,NA,NA,NA,NA,NA,NA,NA,NA,NA,NA,NA,NA,NA,NA,NA,NA,NA,NA,NA,NA,NA,NA,NA,NA,NA,NA,NA,NA,NA,NA,NA,NA,NA,NA
"75","Alexander Mattison","MIN","RB","14223","robust",NA,NA,NA,NA,NA,NA,NA,NA,NA,NA,14.4019411211222,0.7413,58.6525,2.07564,0.4,0.07413,0.144,0.0652344,0.01,0,0,NA,2.275,0.326172,15.05,5.1891,0.1,0,NA,NA,NA,NA,NA,NA,NA,NA,NA,NA,NA,NA,NA,NA,NA,NA,NA,NA,NA,NA,NA,NA,NA,NA,NA,NA,NA,NA,NA,NA,NA,NA,NA,NA,NA,NA
"76","Najee Harris","PIT","RB","15254","robust",NA,NA,NA,NA,NA,NA,NA,NA,NA,NA,14.3575,1.230558,56.8,4.74432,0.3,0,0.046,0.0681996,0,NA,0,NA,1.73,0.0889560000000001,11.8475,1.63086,0.1,0,NA,NA,NA,NA,NA,NA,NA,NA,NA,NA,NA,NA,NA,NA,NA,NA,NA,NA,NA,NA,NA,NA,NA,NA,NA,NA,NA,NA,NA,NA,NA,NA,NA,NA,NA,NA
"77","Aaron Jones","GB","RB","13319","robust",NA,NA,NA,NA,NA,NA,NA,NA,NA,NA,11.9,1.63086,56.2075,6.89409,0.3375,0.07413,0.093,0,0,NA,0,NA,3.0325,0.0444779999999997,26.425,1.92738,0.2,0.07413,NA,NA,NA,NA,NA,NA,NA,NA,NA,NA,NA,NA,NA,NA,NA,NA,NA,NA,NA,NA,NA,NA,NA,NA,NA,NA,NA,NA,NA,NA,NA,NA,"Q","Hamstring",2023,5
"78","Devon Achane","MIA","RB","16167","robust",NA,NA,NA,NA,NA,NA,NA,NA,NA,NA,11.4425,1.03782,56.205,8.45082,0.6,0,0.0925,0.014826,0,NA,0,NA,2.535,0.44478,21.5875,5.70801,0.1275,0.059304,NA,NA,NA,NA,NA,NA,NA,NA,NA,NA,NA,NA,NA,NA,NA,NA,NA,NA,NA,NA,NA,NA,NA,NA,NA,NA,NA,NA,NA,NA,NA,NA,NA,NA,NA,NA
"79","Alvin Kamara","NO","RB","13132","robust",NA,NA,NA,NA,NA,NA,NA,NA,NA,NA,14.4725,0.7413,57.925,2.81694,0.315,0,0.1275,0.044478,0,NA,0,NA,4.18,0.44478,31.655,2.81694000000001,0.1725,0,NA,NA,NA,NA,NA,NA,NA,NA,NA,NA,NA,NA,NA,NA,NA,NA,NA,NA,NA,NA,NA,NA,NA,NA,NA,NA,NA,NA,NA,NA,NA,NA,NA,NA,NA,NA
"80","Khalil Herbert","CHI","RB","15271","robust",NA,NA,NA,NA,NA,NA,NA,NA,NA,NA,12.7053004201016,0.434302129543065,58.1,2.81694,0.3,0.0593040000000001,0.075,0.037065,0.04,0,0,NA,1.97,0,17,3.736152,0.1,0,NA,NA,NA,NA,NA,NA,NA,NA,NA,NA,NA,NA,NA,NA,NA,NA,NA,NA,NA,NA,NA,NA,NA,NA,NA,NA,NA,NA,NA,NA,NA,NA,NA,NA,NA,NA
"81","Raheem Mostert","MIA","RB","12447","robust",NA,NA,NA,NA,NA,NA,NA,NA,NA,NA,11.875,1.03782,58.5,3.11346,0.565,0.07413,0.1,0,0,NA,0,NA,2.675,0.14826,22.245,1.63086,0.145,0.029652,NA,NA,NA,NA,NA,NA,NA,NA,NA,NA,NA,NA,NA,NA,NA,NA,NA,NA,NA,NA,NA,NA,NA,NA,NA,NA,NA,NA,NA,NA,NA,NA,NA,NA,NA,NA
"82","Gus Edwards","BAL","RB","13850","robust",NA,NA,NA,NA,NA,NA,NA,NA,NA,NA,12.6575,1.4826,58.635,2.66868000000001,0.3975,0.14826,0.088,0.029652,0,NA,0,NA,0.575,0.281694,3.5025,0.889559999999999,0,0,NA,NA,NA,NA,NA,NA,NA,NA,NA,NA,NA,NA,NA,NA,NA,NA,NA,NA,NA,NA,NA,NA,NA,NA,NA,NA,NA,NA,NA,NA,NA,NA,NA,NA,NA,NA
"83","Tyler Allgeier","ATL","RB","15712","robust",NA,NA,NA,NA,NA,NA,NA,NA,NA,NA,10.415,0.7413,43.9,2.9652,0.3,0,0,0,0,NA,0,NA,1.1125,0.281694,9,0.59304,0.0075,0,NA,NA,NA,NA,NA,NA,NA,NA,NA,NA,NA,NA,NA,NA,NA,NA,NA,NA,NA,NA,NA,NA,NA,NA,NA,NA,NA,NA,NA,NA,NA,NA,NA,NA,NA,NA
"84","Saquon Barkley","NYG","RB","13604","robust",NA,NA,NA,NA,NA,NA,NA,NA,NA,NA,8.38294376083015,3.43526758019322,33.06,10.778502,0.25,0.081543,0.001,0,0,NA,0,NA,1.92,0.859908,13.785,6.249159,0.07,0.029652,NA,NA,NA,NA,NA,NA,NA,NA,NA,NA,NA,NA,NA,NA,NA,NA,NA,NA,NA,NA,NA,NA,NA,NA,NA,NA,NA,NA,NA,NA,NA,NA,"Q","Ankle",2023,5
"85","Zack Moss","IND","RB","14798","robust",NA,NA,NA,NA,NA,NA,NA,NA,NA,NA,7.725,0.44478,27.79,4.996362,0.2,0,0.002,0,0,NA,0,NA,0.85,0.29652,5.87,1.03782,0.05,0.029652,NA,NA,NA,NA,NA,NA,NA,NA,NA,NA,NA,NA,NA,NA,NA,NA,NA,NA,NA,NA,NA,NA,NA,NA,NA,NA,NA,NA,NA,NA,NA,NA,NA,NA,NA,NA
"86","Javonte Williams","DEN","RB","15256","robust",NA,NA,NA,NA,NA,NA,NA,NA,NA,NA,7.25621735078631,2.07564,34.4925,7.70952,0.145,0,0.038,0.0563388,0.01,0,0,NA,1.7,0.44478,10.6,0.593039999999998,0,0,NA,NA,NA,NA,NA,NA,NA,NA,NA,NA,NA,NA,NA,NA,NA,NA,NA,NA,NA,NA,NA,NA,NA,NA,NA,NA,NA,NA,NA,NA,NA,NA,"Q","Quadriceps",2023,5
"87","Jaleel McLaughlin","DEN","RB","16390","robust",NA,NA,NA,NA,NA,NA,NA,NA,NA,NA,9.075,2.80745944316066,36.945,6.464136,0.2,0,0.012,0.029652,0,NA,0,NA,1.7,0.44478,13.3,4.981536,0.1,0,NA,NA,NA,NA,NA,NA,NA,NA,NA,NA,NA,NA,NA,NA,NA,NA,NA,NA,NA,NA,NA,NA,NA,NA,NA,NA,NA,NA,NA,NA,NA,NA,NA,NA,NA,NA
"88","AJ Dillon","GB","RB","14805","robust",NA,NA,NA,NA,NA,NA,NA,NA,NA,NA,9.145,1.022994,38.55,4.759146,0.25,0.103782,0.003,0,0,NA,0,NA,0.95,0.385476,7.72,2.653854,0,0,NA,NA,NA,NA,NA,NA,NA,NA,NA,NA,NA,NA,NA,NA,NA,NA,NA,NA,NA,NA,NA,NA,NA,NA,NA,NA,NA,NA,NA,NA,NA,NA,NA,NA,NA,NA
"89","Ezekiel Elliott","NE","RB","12625","robust",NA,NA,NA,NA,NA,NA,NA,NA,NA,NA,9.175,0.889560000000002,35.6,3.11346,0.2625,0.029652,0.044,0.0652344,0,NA,0,NA,1.1025,0.29652,6.755,1.4826,0,0,NA,NA,NA,NA,NA,NA,NA,NA,NA,NA,NA,NA,NA,NA,NA,NA,NA,NA,NA,NA,NA,NA,NA,NA,NA,NA,NA,NA,NA,NA,NA,NA,NA,NA,NA,NA
"90","Matt Breida","NYG","RB","13378","robust",NA,NA,NA,NA,NA,NA,NA,NA,NA,NA,7.12,1.363992,31.44,7.56126,0.2,0,0.066,0.0504084,0,NA,0,NA,1.7,0.14826,13.4,6.52344,0.055,0,NA,NA,NA,NA,NA,NA,NA,NA,NA,NA,NA,NA,NA,NA,NA,NA,NA,NA,NA,NA,NA,NA,NA,NA,NA,NA,NA,NA,NA,NA,NA,NA,NA,NA,NA,NA
"91","Dalvin Cook","NYJ","RB","13128","robust",NA,NA,NA,NA,NA,NA,NA,NA,NA,NA,8.0775,0.889559999999999,34.525,6.063834,0.2,0,0.096,0,0,NA,0,NA,1.3025,0.44478,8.9,1.77912,0.0325,0,NA,NA,NA,NA,NA,NA,NA,NA,NA,NA,NA,NA,NA,NA,NA,NA,NA,NA,NA,NA,NA,NA,NA,NA,NA,NA,NA,NA,NA,NA,NA,NA,NA,NA,NA,NA
"92","Kenneth Gainwell","PHI","RB","15255","robust",NA,NA,NA,NA,NA,NA,NA,NA,NA,NA,6.745,1.022994,29.7325,4.759146,0.2,0,0.003,0,0.03,0,0,NA,1.7,0.29652,12.4,1.33434,0.05,0.07413,NA,NA,NA,NA,NA,NA,NA,NA,NA,NA,NA,NA,NA,NA,NA,NA,NA,NA,NA,NA,NA,NA,NA,NA,NA,NA,NA,NA,NA,NA,NA,NA,NA,NA,NA,NA
"93","Jahmyr Gibbs","DET","RB","16162","robust",NA,NA,NA,NA,NA,NA,NA,NA,NA,NA,8.5,0.7413,37.93,4.00302,0.25,0.059304,0.012,0.029652,0,NA,0,NA,3.15,0.44478,22.525,1.03782,0.1,0,NA,NA,NA,NA,NA,NA,NA,NA,NA,NA,NA,NA,NA,NA,NA,NA,NA,NA,NA,NA,NA,NA,NA,NA,NA,NA,NA,NA,NA,NA,NA,NA,"Q","Hamstring",2023,5
"94","Samaje Perine","DEN","RB","13133","robust",NA,NA,NA,NA,NA,NA,NA,NA,NA,NA,6.29346606419797,2.66868,24.9,8.74734,0.15,0.044478,0,0,0,NA,0,NA,2.005,0.0148259999999997,14.8,2.81694,0.1,0,NA,NA,NA,NA,NA,NA,NA,NA,NA,NA,NA,NA,NA,NA,NA,NA,NA,NA,NA,NA,NA,NA,NA,NA,NA,NA,NA,NA,NA,NA,NA,NA,NA,NA,NA,NA
"95","Jaylen Warren","PIT","RB","15742","robust",NA,NA,NA,NA,NA,NA,NA,NA,NA,NA,7.6,0.581561315470147,30.865,2.9652,0.2,0,0.001,0,0,NA,0,NA,3.0975,0.355824,23.505,2.66868,0.0925,0.014826,NA,NA,NA,NA,NA,NA,NA,NA,NA,NA,NA,NA,NA,NA,NA,NA,NA,NA,NA,NA,NA,NA,NA,NA,NA,NA,NA,NA,NA,NA,NA,NA,NA,NA,NA,NA
"96","Justice Hill","BAL","RB","14086","robust",NA,NA,NA,NA,NA,NA,NA,NA,NA,NA,6.00119258375639,2.134944,25.4,5.11497,0.12,0.029652,0.015,0.0385476,0,NA,0,NA,0.8525,0.14826,5.46,2.66868,0,0,NA,NA,NA,NA,NA,NA,NA,NA,NA,NA,NA,NA,NA,NA,NA,NA,NA,NA,NA,NA,NA,NA,NA,NA,NA,NA,NA,NA,NA,NA,NA,NA,"Q","Foot",2023,5
"97","Cam Akers","MIN","RB","14799","robust",NA,NA,NA,NA,NA,NA,NA,NA,NA,NA,6.7,1.423296,27.6,4.4478,0.2,0,0.088,0.029652,0,NA,0,NA,1.2125,0.14826,9.125,2.401812,0.0225,0,NA,NA,NA,NA,NA,NA,NA,NA,NA,NA,NA,NA,NA,NA,NA,NA,NA,NA,NA,NA,NA,NA,NA,NA,NA,NA,NA,NA,NA,NA,NA,NA,NA,NA,NA,NA
"98","Rico Dowdle","DAL","RB","14823","robust",NA,NA,NA,NA,NA,NA,NA,NA,NA,NA,4.6,1.000755,17.1,7.101654,0.1,0.014826,0.001,0,0,NA,0,NA,0.87,0.14826,6.2,0.289107,0.05,0.029652,NA,NA,NA,NA,NA,NA,NA,NA,NA,NA,NA,NA,NA,NA,NA,NA,NA,NA,NA,NA,NA,NA,NA,NA,NA,NA,NA,NA,NA,NA,NA,NA,NA,NA,NA,NA
"99","Chuba Hubbard","CAR","RB","15261","robust",NA,NA,NA,NA,NA,NA,NA,NA,NA,NA,7.45359535429262,0.804769055451518,32.595,2.81694,0.1425,0,0.003,0,0,NA,0,NA,1.8625,0.14826,14.925,0.296519999999999,0,0,NA,NA,NA,NA,NA,NA,NA,NA,NA,NA,NA,NA,NA,NA,NA,NA,NA,NA,NA,NA,NA,NA,NA,NA,NA,NA,NA,NA,NA,NA,NA,NA,NA,NA,NA,NA
"100","Cordarrelle Patterson","ATL","RB","11225","robust",NA,NA,NA,NA,NA,NA,NA,NA,NA,NA,2.55,1.78349127837119,13.95,9.051273,0.165,0.088956,0.011,0.007413,0,NA,0.09,0,0.795,0.44478,6.235,2.802114,0.01,0.007413,NA,NA,NA,NA,NA,NA,NA,NA,NA,NA,NA,NA,NA,NA,NA,NA,NA,NA,NA,NA,NA,NA,NA,NA,NA,NA,NA,NA,NA,NA,NA,NA,NA,NA,NA,NA
"101","Roschon Johnson","CHI","RB","16175","robust",NA,NA,NA,NA,NA,NA,NA,NA,NA,NA,6.7,0.44478,29.53,5.129796,0.1775,0,0.012,0.029652,0,NA,0,NA,1.545,0.29652,11.925,2.52042,0.05,0.059304,NA,NA,NA,NA,NA,NA,NA,NA,NA,NA,NA,NA,NA,NA,NA,NA,NA,NA,NA,NA,NA,NA,NA,NA,NA,NA,NA,NA,NA,NA,NA,NA,NA,NA,NA,NA
"102","Devin Singletary","HOU","RB","14080","robust",NA,NA,NA,NA,NA,NA,NA,NA,NA,NA,7,0.262616178167919,29,1.957032,0.15,0.059304,0.096,0,0,NA,0,NA,0.88,0.14826,5.905,1.349166,0,0,NA,NA,NA,NA,NA,NA,NA,NA,NA,NA,NA,NA,NA,NA,NA,NA,NA,NA,NA,NA,NA,NA,NA,NA,NA,NA,NA,NA,NA,NA,NA,NA,NA,NA,NA,NA
"103","Tyjae Spears","TEN","RB","16165","robust",NA,NA,NA,NA,NA,NA,NA,NA,NA,NA,6.30476660998533,1.52638595192851,27.1,2.66868,0.1,0,0.015,0.0385476,0,NA,0,NA,2.045,0.14826,13.8625,0.518909999999999,0.06,0,NA,NA,NA,NA,NA,NA,NA,NA,NA,NA,NA,NA,NA,NA,NA,NA,NA,NA,NA,NA,NA,NA,NA,NA,NA,NA,NA,NA,NA,NA,NA,NA,NA,NA,NA,NA
"104","Antonio Gibson","WAS","RB","14852","robust",NA,NA,NA,NA,NA,NA,NA,NA,NA,NA,5.14077680968568,0.642124792159941,22.305,1.586382,0.15,0.044478,0.048,0.0711648,0.03,0,0,NA,2.2325,0.14826,18.45,3.306198,0.1,0,NA,NA,NA,NA,NA,NA,NA,NA,NA,NA,NA,NA,NA,NA,NA,NA,NA,NA,NA,NA,NA,NA,NA,NA,NA,NA,NA,NA,NA,NA,NA,NA,NA,NA,NA,NA
"105","Ronnie Rivers","LAR","RB","15726","robust",NA,NA,NA,NA,NA,NA,NA,NA,NA,NA,4.4377725484552,2.216487,14.9,11.593932,0.1,0.07413,0.011,0.007413,0,NA,0,NA,0.565,0.07413,4.19,0.926625000000001,0.01,0,NA,NA,NA,NA,NA,NA,NA,NA,NA,NA,NA,NA,NA,NA,NA,NA,NA,NA,NA,NA,NA,NA,NA,NA,NA,NA,NA,NA,NA,NA,NA,NA,NA,NA,NA,NA
"106","Kendre Miller","NO","RB","16171","robust",NA,NA,NA,NA,NA,NA,NA,NA,NA,NA,4.78955083674289,0.66717,19.25,0.533736000000002,0.1,0.007413,0.012,0.014826,0,NA,0,NA,0.7,0.133434,4.6,0.919212,0.015,0.007413,NA,NA,NA,NA,NA,NA,NA,NA,NA,NA,NA,NA,NA,NA,NA,NA,NA,NA,NA,NA,NA,NA,NA,NA,NA,NA,NA,NA,NA,NA,NA,NA,NA,NA,NA,NA
"107","Latavius Murray","BUF","RB","11390","robust",NA,NA,NA,NA,NA,NA,NA,NA,NA,NA,4.32189683443977,1.082298,20.21,3.439632,0.145,0.029652,0,0,0,NA,0,NA,1.115,0.118608,7.955,1.304688,0,0,NA,NA,NA,NA,NA,NA,NA,NA,NA,NA,NA,NA,NA,NA,NA,NA,NA,NA,NA,NA,NA,NA,NA,NA,NA,NA,NA,NA,NA,NA,NA,NA,NA,NA,NA,NA
"108","Clyde Edwards-Helaire","KC","RB","14803","robust",NA,NA,NA,NA,NA,NA,NA,NA,NA,NA,4.35,0.741300000000001,18.55,1.63086,0.1575,0.029652,0.004,0,0,NA,0,NA,0.8,0.14826,5.9175,1.18608,0.0225,0,NA,NA,NA,NA,NA,NA,NA,NA,NA,NA,NA,NA,NA,NA,NA,NA,NA,NA,NA,NA,NA,NA,NA,NA,NA,NA,NA,NA,NA,NA,NA,NA,NA,NA,NA,NA
"109","Tank Bigsby","JAC","RB","16164","robust",NA,NA,NA,NA,NA,NA,NA,NA,NA,NA,3.02478429848338,0.7413,12.995,2.935548,0.1225,0,0.055,0.0652344,0,NA,0,NA,0.4375,0.14826,2.6025,1.03782,0,0,NA,NA,NA,NA,NA,NA,NA,NA,NA,NA,NA,NA,NA,NA,NA,NA,NA,NA,NA,NA,NA,NA,NA,NA,NA,NA,NA,NA,NA,NA,NA,NA,NA,NA,NA,NA
"110","Jordan Mason","SF","RB","15972","robust",NA,NA,NA,NA,NA,NA,NA,NA,NA,NA,4.4725,0.29652,17.4,6.81996,0.1,0,0.001,0,0,NA,0,NA,0.585,0.340998,4.305,1.171254,0.01,0,NA,NA,NA,NA,NA,NA,NA,NA,NA,NA,NA,NA,NA,NA,NA,NA,NA,NA,NA,NA,NA,NA,NA,NA,NA,NA,NA,NA,NA,NA,NA,NA,NA,NA,NA,NA
"111","Zamir White","LVR","RB","15714","robust",NA,NA,NA,NA,NA,NA,NA,NA,NA,NA,3.61496363195628,0.400302000000001,15.95,2.66868,0.1,0,0.068,0.103782,0,NA,0,NA,0.2075,0.059304,1.4175,0.578214,0,0,NA,NA,NA,NA,NA,NA,NA,NA,NA,NA,NA,NA,NA,NA,NA,NA,NA,NA,NA,NA,NA,NA,NA,NA,NA,NA,NA,NA,NA,NA,NA,NA,NA,NA,NA,NA
"112","Damien Harris","BUF","RB","14075","robust",NA,NA,NA,NA,NA,NA,NA,NA,NA,NA,4.16528017954377,0.14826,18.3125,1.571556,0.15,0.059304,0.003,0,0,NA,0,NA,0.55,0.237216,4.25,1.912554,0,0,NA,NA,NA,NA,NA,NA,NA,NA,NA,NA,NA,NA,NA,NA,NA,NA,NA,NA,NA,NA,NA,NA,NA,NA,NA,NA,NA,NA,NA,NA,NA,NA,NA,NA,NA,NA
"113","Kenyan Drake","BAL","RB","12630","robust",NA,NA,NA,NA,NA,NA,NA,NA,NA,NA,2.4125,1.000755,10.5375,4.484865,0.0925,0.00741300000000001,0.025,0.02471,0,NA,0,NA,0.35,0.14826,2.5175,1.104537,0.015,0.014826,NA,NA,NA,NA,NA,NA,NA,NA,NA,NA,NA,NA,NA,NA,NA,NA,NA,NA,NA,NA,NA,NA,NA,NA,NA,NA,NA,NA,NA,NA,NA,NA,NA,NA,NA,NA
"114","Michael Carter","NYJ","RB","15258","robust",NA,NA,NA,NA,NA,NA,NA,NA,NA,NA,1.77405461924051,0.59304,7,1.33434,0.0475,0.044478,0.001,0,0,NA,0,NA,1.41,0.830256,11.3,2.416638,0.04,0.059304,NA,NA,NA,NA,NA,NA,NA,NA,NA,NA,NA,NA,NA,NA,NA,NA,NA,NA,NA,NA,NA,NA,NA,NA,NA,NA,NA,NA,NA,NA,NA,NA,NA,NA,NA,NA
"115","Tony Jones","NO","RB","14828","robust",NA,NA,NA,NA,NA,NA,NA,NA,NA,NA,2.85,2.416638,10.7675,6.81996,0.1,0,0.011,0.014826,0,NA,0,NA,0.3775,0.311346,2.54,2.609376,0,0,NA,NA,NA,NA,NA,NA,NA,NA,NA,NA,NA,NA,NA,NA,NA,NA,NA,NA,NA,NA,NA,NA,NA,NA,NA,NA,NA,NA,NA,NA,NA,NA,NA,NA,NA,NA
"116","Gary Brightwell","NYG","RB","15462","robust",NA,NA,NA,NA,NA,NA,NA,NA,NA,NA,2.78764119524677,0.81151416392714,10.735,3.988194,0.075,0,0.001,0,0,NA,0,NA,0.5,0.07413,4.3,0.66717,0.005,0,NA,NA,NA,NA,NA,NA,NA,NA,NA,NA,NA,NA,NA,NA,NA,NA,NA,NA,NA,NA,NA,NA,NA,NA,NA,NA,NA,NA,NA,NA,NA,NA,NA,NA,NA,NA
"117","Boston Scott","PHI","RB","13814","robust",NA,NA,NA,NA,NA,NA,NA,NA,NA,NA,2,2.48087361515788,9.145,8.00604,0.1,0.133434,0.00125,0,0,NA,0,NA,0.24,0.059304,1.21,0.770952,0.005,0,NA,NA,NA,NA,NA,NA,NA,NA,NA,NA,NA,NA,NA,NA,NA,NA,NA,NA,NA,NA,NA,NA,NA,NA,NA,NA,NA,NA,NA,NA,NA,NA,NA,NA,NA,NA
"118","Zach Evans","LAR","RB","16163","robust",NA,NA,NA,NA,NA,NA,NA,NA,NA,NA,3.35,2.29803,11.75,7.78365,0.1,0,0,0,NA,NA,NA,NA,0.4,0.44478,2.55,2.14977,0,0,NA,NA,NA,NA,NA,NA,NA,NA,NA,NA,NA,NA,NA,NA,NA,NA,NA,NA,NA,NA,NA,NA,NA,NA,NA,NA,NA,NA,NA,NA,NA,NA,NA,NA,NA,NA
"119","Keaontay Ingram","ARI","RB","15734","robust",NA,NA,NA,NA,NA,NA,NA,NA,NA,NA,3.8,0.615279,13.34,1.645686,0.085,0.014826,0.001,0,0,NA,0,NA,0.5,0.044478,3.8,0.993342,0.01,0,NA,NA,NA,NA,NA,NA,NA,NA,NA,NA,NA,NA,NA,NA,NA,NA,NA,NA,NA,NA,NA,NA,NA,NA,NA,NA,NA,NA,NA,NA,NA,NA,"Q","Neck",2023,5
"120","Craig Reynolds","DET","RB","14727","robust",NA,NA,NA,NA,NA,NA,NA,NA,NA,NA,0.926263247282609,0.69312859361413,4.8575,3.283959,0.0075,0.007413,0,0,0,NA,0,NA,0.5075,0.244629,4.2275,2.164596,0.0125,0.014826,NA,NA,NA,NA,NA,NA,NA,NA,NA,NA,NA,NA,NA,NA,NA,NA,NA,NA,NA,NA,NA,NA,NA,NA,NA,NA,NA,NA,NA,NA,NA,NA,NA,NA,NA,NA
"121","Zonovan Knight","DET","RB","15727","robust",NA,NA,NA,NA,NA,NA,NA,NA,NA,NA,0.275,0.14826,5.4,3.068982,0.0075,0.007413,0.0025,0.002471,0,NA,0,NA,0.3,0.037065,2.7,0.607866,0.015,0.014826,NA,NA,NA,NA,NA,NA,NA,NA,NA,NA,NA,NA,NA,NA,NA,NA,NA,NA,NA,NA,NA,NA,NA,NA,NA,NA,NA,NA,NA,NA,NA,NA,NA,NA,NA,NA
"122","Emari Demercado","ARI","RB","16385","robust",NA,NA,NA,NA,NA,NA,NA,NA,NA,NA,1.96565293481465,0.400302,7.8,3.298785,0.07,0.029652,0.011,0.007413,0,NA,0,NA,0.7,0.422541,5.6,4.81845,0.025,0.007413,NA,NA,NA,NA,NA,NA,NA,NA,NA,NA,NA,NA,NA,NA,NA,NA,NA,NA,NA,NA,NA,NA,NA,NA,NA,NA,NA,NA,NA,NA,NA,NA,NA,NA,NA,NA
"123","Jerick McKinnon","KC","RB","11761","robust",NA,NA,NA,NA,NA,NA,NA,NA,NA,NA,2.03,0.14826,8.2325,0.459606000000001,0.05,0.07413,0,0,0,NA,0,NA,2.1175,0,18.3575,0.993342000000003,0.1875,0.07413,NA,NA,NA,NA,NA,NA,NA,NA,NA,NA,NA,NA,NA,NA,NA,NA,NA,NA,NA,NA,NA,NA,NA,NA,NA,NA,NA,NA,NA,NA,NA,NA,NA,NA,NA,NA
"124","Keaton Mitchell","BAL","RB","16178","robust",NA,NA,NA,NA,NA,NA,NA,NA,NA,NA,1.2,1.18608,7.495,7.56126,0.05,0.014826,0,0,0,NA,0,NA,0.3,0.14826,1.8,0.59304,0,0,NA,NA,NA,NA,NA,NA,NA,NA,NA,NA,NA,NA,NA,NA,NA,NA,NA,NA,NA,NA,NA,NA,NA,NA,NA,NA,NA,NA,NA,NA,NA,NA,NA,"Shoulder",2023,5
"125","Tyrion Davis-Price","SF","RB","15746","robust",NA,NA,NA,NA,NA,NA,NA,NA,NA,NA,1.05386168032787,0.29652,6.4,4.74432,0.005,0,0.00125,0,0,NA,0,NA,0.215,0.029652,1.325,0.14826,0.005,0,NA,NA,NA,NA,NA,NA,NA,NA,NA,NA,NA,NA,NA,NA,NA,NA,NA,NA,NA,NA,NA,NA,NA,NA,NA,NA,NA,NA,NA,NA,NA,NA,NA,NA,NA,NA
"126","Salvon Ahmed","MIA","RB","14811","robust",NA,NA,NA,NA,NA,NA,NA,NA,NA,NA,1,0.931251656991838,5.7,3.85476,0.035,0.007413,0,0,0,NA,0,NA,0.4,0.333585,4.3,1.92738,0.01,0,NA,NA,NA,NA,NA,NA,NA,NA,NA,NA,NA,NA,NA,NA,NA,NA,NA,NA,NA,NA,NA,NA,NA,NA,NA,NA,NA,NA,NA,NA,NA,NA,NA,NA,NA,NA
"127","Deuce Vaughn","DAL","RB","16176","robust",NA,NA,NA,NA,NA,NA,NA,NA,NA,NA,2.75775033672808,0.764281298466088,9.5825,2.134944,0.025,0,0.011,0.014826,0,NA,0,NA,0.9125,0.14826,5.865,1.067472,0.0125,0,NA,NA,NA,NA,NA,NA,NA,NA,NA,NA,NA,NA,NA,NA,NA,NA,NA,NA,NA,NA,NA,NA,NA,NA,NA,NA,NA,NA,NA,NA,NA,NA,NA,NA,NA,NA
"128","Trayveon Williams","CIN","RB","14076","robust",NA,NA,NA,NA,NA,NA,NA,NA,NA,NA,2.4,0.29652,10.2,1.4826,0.05,0.059304,0.002,0,0,NA,0,NA,0.69,0.103782,4.83,0.59304,0.005,0,NA,NA,NA,NA,NA,NA,NA,NA,NA,NA,NA,NA,NA,NA,NA,NA,NA,NA,NA,NA,NA,NA,NA,NA,NA,NA,NA,NA,NA,NA,NA,NA,NA,NA,NA,NA
"129","Melvin Gordon","BAL","RB","12151","robust",NA,NA,NA,NA,NA,NA,NA,NA,NA,NA,1.905,0.88956,8.1075,3.758391,0,0,0,0,0,NA,0,NA,0.3525,0.303933,2.67,2.268378,0,0,NA,NA,NA,NA,NA,NA,NA,NA,NA,NA,NA,NA,NA,NA,NA,NA,NA,NA,NA,NA,NA,NA,NA,NA,NA,NA,NA,NA,NA,NA,NA,NA,NA,NA,NA,NA
"130","Ty Chandler","MIN","RB","15723","robust",NA,NA,NA,NA,NA,NA,NA,NA,NA,NA,0.7,0.207564,4.1,1.63086,0.005,0,0.00125,0,0,NA,0,NA,0.35,0.044478,2.45,0.0741299999999997,0.01,0,NA,NA,NA,NA,NA,NA,NA,NA,NA,NA,NA,NA,NA,NA,NA,NA,NA,NA,NA,NA,NA,NA,NA,NA,NA,NA,NA,NA,NA,NA,NA,NA,NA,NA,NA,NA
"131","Royce Freeman","FA","RB","13617","robust",NA,NA,NA,NA,NA,NA,NA,NA,NA,NA,0.751909090909091,0.743186945454545,7.3475,3.402567,0,0,0,0,0,NA,0,NA,0.3,0,2.5,0.37065,0,0,NA,NA,NA,NA,NA,NA,NA,NA,NA,NA,NA,NA,NA,NA,NA,NA,NA,NA,NA,NA,NA,NA,NA,NA,NA,NA,NA,NA,NA,NA,NA,NA,NA,NA,NA,NA
"132","Royce Freeman","LAR","RB","13617","robust",NA,NA,NA,NA,NA,NA,NA,NA,NA,NA,0.751909090909091,0.743186945454545,7.3475,3.402567,0,0,0,0,0,NA,0,NA,0.3,0,2.5,0.37065,0,0,NA,NA,NA,NA,NA,NA,NA,NA,NA,NA,NA,NA,NA,NA,NA,NA,NA,NA,NA,NA,NA,NA,NA,NA,NA,NA,NA,NA,NA,NA,NA,NA,NA,NA,NA,NA
"133","Chase Brown","CIN","RB","16181","robust",NA,NA,NA,NA,NA,NA,NA,NA,NA,NA,0.915,0.14826,5.9,2.2239,0.01,0,0.00125,0,0,NA,0,NA,0.53,0.118608,3.495,1.230558,0.005,0,NA,NA,NA,NA,NA,NA,NA,NA,NA,NA,NA,NA,NA,NA,NA,NA,NA,NA,NA,NA,NA,NA,NA,NA,NA,NA,NA,NA,NA,NA,NA,NA,NA,NA,NA,NA
"134","Rashaad Penny","PHI","RB","13608","robust",NA,NA,NA,NA,NA,NA,NA,NA,NA,NA,1.05,0.88956,4.11,3.18759,0.0075,0.007413,0,0,0,NA,0,NA,0.16,0.07413,0.975,0.29652,0,0,NA,NA,NA,NA,NA,NA,NA,NA,NA,NA,NA,NA,NA,NA,NA,NA,NA,NA,NA,NA,NA,NA,NA,NA,NA,NA,NA,NA,NA,NA,NA,NA,NA,NA,NA,NA
"135","Chris Brooks","MIA","RB","16387","robust",NA,NA,NA,NA,NA,NA,NA,NA,NA,NA,0.83885,1.07888802,7.28,3.469284,0.06,0.044478,0.0025,0,0,NA,0,NA,0.24,0,2.1775,0.311346,0.0025,0,NA,NA,NA,NA,NA,NA,NA,NA,NA,NA,NA,NA,NA,NA,NA,NA,NA,NA,NA,NA,NA,NA,NA,NA,NA,NA,NA,NA,NA,NA,NA,NA,NA,NA,NA,NA
"136","Dare Ogunbowale","HOU","RB","13148","robust",NA,NA,NA,NA,NA,NA,NA,NA,NA,NA,1.395,1.33434,4.5325,4.29954,0.0525,0.066717,0,0,0,NA,0,NA,0.36,0.22239,2.085,0.96369,0,0,NA,NA,NA,NA,NA,NA,NA,NA,NA,NA,NA,NA,NA,NA,NA,NA,NA,NA,NA,NA,NA,NA,NA,NA,NA,NA,NA,NA,NA,NA,NA,NA,NA,NA,NA,NA
"137","Emanuel Wilson","GB","RB","16432","robust",NA,NA,NA,NA,NA,NA,NA,NA,NA,NA,0.715765889190821,0.252042,5,3.63237,0.035,0.014826,0.00125,0,0,NA,0,NA,0.3,0.088956,1.9,0.0444779999999997,0.005,0,NA,NA,NA,NA,NA,NA,NA,NA,NA,NA,NA,NA,NA,NA,NA,NA,NA,NA,NA,NA,NA,NA,NA,NA,NA,NA,NA,NA,NA,NA,NA,NA,NA,NA,NA,NA
"138","JaMycal Hasty","JAC","RB","14821","robust",NA,NA,NA,NA,NA,NA,NA,NA,NA,NA,1.05,0.922083821746881,5.7,4.00302,0.05,0.051891,0,0,0,NA,0,NA,0.53,0.177912,2.855,0.882147,0.005,0,NA,NA,NA,NA,NA,NA,NA,NA,NA,NA,NA,NA,NA,NA,NA,NA,NA,NA,NA,NA,NA,NA,NA,NA,NA,NA,NA,NA,NA,NA,NA,NA,NA,NA,NA,NA
"139","Raheem Blackshear","CAR","RB","15973","robust",NA,NA,NA,NA,NA,NA,NA,NA,NA,NA,1.04,1.26021,3.675,3.26172,0.0775,0.07413,0,0,0,NA,0,NA,0.36,0.266868,3.2825,2.59455,0,0,NA,NA,NA,NA,NA,NA,NA,NA,NA,NA,NA,NA,NA,NA,NA,NA,NA,NA,NA,NA,NA,NA,NA,NA,NA,NA,NA,NA,NA,NA,NA,NA,NA,NA,NA,NA
"140","Patrick Taylor","GB","RB","14817","robust",NA,NA,NA,NA,NA,NA,NA,NA,NA,NA,0.735,0.252042,2.72,0.800604,0.0025,0,0,0,0,NA,0,NA,0.27,0.207564,2.41,1.438122,0.0025,0,NA,NA,NA,NA,NA,NA,NA,NA,NA,NA,NA,NA,NA,NA,NA,NA,NA,NA,NA,NA,NA,NA,NA,NA,NA,NA,NA,NA,NA,NA,NA,NA,NA,NA,NA,NA
"141","Trey Sermon","IND","RB","15257","robust",NA,NA,NA,NA,NA,NA,NA,NA,NA,NA,0.68,0.44478,2.825,1.349166,0.0075,0.007413,0.0025,0.002471,0,NA,0,NA,0.2075,0.00741300000000001,1.905,0.37065,0.0075,0.007413,NA,NA,NA,NA,NA,NA,NA,NA,NA,NA,NA,NA,NA,NA,NA,NA,NA,NA,NA,NA,NA,NA,NA,NA,NA,NA,NA,NA,NA,NA,NA,NA,NA,NA,NA,NA
"142","Eric Gray","NYG","RB","16173","robust",NA,NA,NA,NA,NA,NA,NA,NA,NA,NA,0.26,NA,2.425,1.82854,0.0191090482287665,0.0164163832693128,0,0,0,NA,0.01,0,0.2125,0.059304,1.67,0.711648,0.005,0.007413,NA,NA,NA,NA,NA,NA,NA,NA,NA,NA,NA,NA,NA,NA,NA,NA,NA,NA,NA,NA,NA,NA,NA,NA,NA,NA,NA,NA,NA,NA,NA,NA,NA,NA,NA,NA
"143","Brandon Bolden","LVR","RB","10932","robust",NA,NA,NA,NA,NA,NA,NA,NA,NA,NA,0.405690247252747,0.260137240384615,2.2375,1.000755,0.0075,0.007413,0.0025,0.002471,0.05,0,0,NA,0.375,0.192738,3.215,1.33434,0.0175,0.014826,NA,NA,NA,NA,NA,NA,NA,NA,NA,NA,NA,NA,NA,NA,NA,NA,NA,NA,NA,NA,NA,NA,NA,NA,NA,NA,NA,NA,NA,NA,NA,NA,NA,NA,NA,NA
"144","Chris Evans","CIN","RB","15275","robust",NA,NA,NA,NA,NA,NA,NA,NA,NA,NA,0.26,0.237216,3.35,4.00302,0.005,0,0.00125,0,0,NA,0,NA,0.41,0.14826,3.7,1.393644,0.02,0.029652,NA,NA,NA,NA,NA,NA,NA,NA,NA,NA,NA,NA,NA,NA,NA,NA,NA,NA,NA,NA,NA,NA,NA,NA,NA,NA,NA,NA,NA,NA,NA,NA,NA,NA,NA,NA
"145","Israel Abanikanda","NYJ","RB","16168","robust",NA,NA,NA,NA,NA,NA,NA,NA,NA,NA,0.8,1.18608,3.4,5.04084,0.05,0.07413,0,0,NA,NA,NA,NA,0.15,0.07413,0.95,0.07413,0,0,NA,NA,NA,NA,NA,NA,NA,NA,NA,NA,NA,NA,NA,NA,NA,NA,NA,NA,NA,NA,NA,NA,NA,NA,NA,NA,NA,NA,NA,NA,NA,NA,NA,NA,NA,NA
"146","Ameer Abdullah","LVR","RB","12155","robust",NA,NA,NA,NA,NA,NA,NA,NA,NA,NA,0.446137773637634,0.170499,2.325,0.644931,0.005,0,0,0,0,NA,0,NA,1.245,0.0741300000000001,10.2,1.341753,0.05,0.07413,NA,NA,NA,NA,NA,NA,NA,NA,NA,NA,NA,NA,NA,NA,NA,NA,NA,NA,NA,NA,NA,NA,NA,NA,NA,NA,NA,NA,NA,NA,NA,NA,NA,NA,NA,NA
"147","Travis Homer","CHI","RB","14083","robust",NA,NA,NA,NA,NA,NA,NA,NA,NA,NA,0.659328808446455,0.429290594268477,3.2,1.85325,0.0075,0.007413,0,0,0,NA,0,NA,0.475,0.29652,4.0375,2.527833,0.0075,0.007413,NA,NA,NA,NA,NA,NA,NA,NA,NA,NA,NA,NA,NA,NA,NA,NA,NA,NA,NA,NA,NA,NA,NA,NA,NA,NA,NA,NA,NA,NA,NA,NA,NA,NA,NA,NA
"148","Mike Boone","HOU","RB","13868","robust",NA,NA,NA,NA,NA,NA,NA,NA,NA,NA,0.7,0.14826,3.78,2.090466,0.005,0,0,0,0,NA,0,NA,0.45,0.14826,3.555,0.459606,0.01,0,NA,NA,NA,NA,NA,NA,NA,NA,NA,NA,NA,NA,NA,NA,NA,NA,NA,NA,NA,NA,NA,NA,NA,NA,NA,NA,NA,NA,NA,NA,NA,NA,NA,NA,NA,NA
"149","Kyle Juszczyk","SF","RB","11367","robust",NA,NA,NA,NA,NA,NA,NA,NA,NA,NA,0.645,0.14826,2.4,0.59304,0.005,0,0,0,0,NA,0,NA,0.58,0.177912,4.515,0.874734,0.02,0.029652,NA,NA,NA,NA,NA,NA,NA,NA,NA,NA,NA,NA,NA,NA,NA,NA,NA,NA,NA,NA,NA,NA,NA,NA,NA,NA,NA,NA,NA,NA,NA,NA,NA,NA,NA,NA
"150","D'Ernest Johnson","JAC","RB","14331","robust",NA,NA,NA,NA,NA,NA,NA,NA,NA,NA,1.055,0.044478,4.1,0.355824,0.0075,0.007413,0,0,0,NA,0,NA,0.5,0.014826,3.2,0.326172,0.0075,0.007413,NA,NA,NA,NA,NA,NA,NA,NA,NA,NA,NA,NA,NA,NA,NA,NA,NA,NA,NA,NA,NA,NA,NA,NA,NA,NA,NA,NA,NA,NA,NA,NA,NA,NA,NA,NA
"151","Hunter Luepke","DAL","RB","16391","robust",NA,NA,NA,NA,NA,NA,NA,NA,NA,NA,0.391509174311927,0.044478,1.045,0.133434,0.055,0.014826,0,0,0,NA,0,NA,0.26,0.059304,1.5,1.052646,0.005,0,NA,NA,NA,NA,NA,NA,NA,NA,NA,NA,NA,NA,NA,NA,NA,NA,NA,NA,NA,NA,NA,NA,NA,NA,NA,NA,NA,NA,NA,NA,NA,NA,NA,NA,NA,NA
"152","Ty Montgomery","NE","RB","12261","robust",NA,NA,NA,NA,NA,NA,NA,NA,NA,NA,0.447692307692308,0.220109076923077,2.2375,0.926625,0.0075,0.007413,0,0,0,NA,0,NA,0.3825,0.177912,3.225,1.378818,0.0075,0.007413,NA,NA,NA,NA,NA,NA,NA,NA,NA,NA,NA,NA,NA,NA,NA,NA,NA,NA,NA,NA,NA,NA,NA,NA,NA,NA,NA,NA,NA,NA,NA,NA,NA,NA,NA,NA
"153","Godwin Igwebuike","FA","RB","14011","robust",NA,NA,NA,NA,NA,NA,NA,NA,NA,NA,0.625,0.37065,1.875,1.2355,0.075,0.02471,0,0,0,NA,0,NA,0.2675,0.07413,1.9,0.44478,0,0,NA,NA,NA,NA,NA,NA,NA,NA,NA,NA,NA,NA,NA,NA,NA,NA,NA,NA,NA,NA,NA,NA,NA,NA,NA,NA,NA,NA,NA,NA,NA,NA,NA,NA,NA,NA
"154","Godwin Igwebuike","PIT","RB","14011","robust",NA,NA,NA,NA,NA,NA,NA,NA,NA,NA,0.625,0.37065,1.875,1.2355,0.075,0.02471,0,0,0,NA,0,NA,0.2675,0.07413,1.9,0.44478,0,0,NA,NA,NA,NA,NA,NA,NA,NA,NA,NA,NA,NA,NA,NA,NA,NA,NA,NA,NA,NA,NA,NA,NA,NA,NA,NA,NA,NA,NA,NA,NA,NA,NA,NA,NA,NA
"155","Nick Bawden","NYJ","RB","13838","robust",NA,NA,NA,NA,NA,NA,NA,NA,NA,NA,0.3125,0.0667170000000001,1,0.770952,0.01,0.014826,0,0,0,NA,0,NA,0.155,0.044478,1.69,1.616034,0.005,0,NA,NA,NA,NA,NA,NA,NA,NA,NA,NA,NA,NA,NA,NA,NA,NA,NA,NA,NA,NA,NA,NA,NA,NA,NA,NA,NA,NA,NA,NA,NA,NA,NA,NA,NA,NA
"156","Andrew Beck","HOU","RB","14319","robust",NA,NA,NA,NA,NA,NA,NA,NA,NA,NA,0.525,0.037065,2.31,0.014826,0.005,0.007413,0,0,NA,NA,NA,NA,0.445,0.066717,3.39,0.726474,0.01,0.014826,NA,NA,NA,NA,NA,NA,NA,NA,NA,NA,NA,NA,NA,NA,NA,NA,NA,NA,NA,NA,NA,NA,NA,NA,NA,NA,NA,NA,NA,NA,NA,NA,NA,NA,NA,NA
"157","Adam Prentice","NO","RB","15650","robust",NA,NA,NA,NA,NA,NA,NA,NA,NA,NA,0.435197980485591,0.111195,1.225,0.348411,0.000918141592920354,0.000907491150442478,0,0,0,NA,0,NA,0.295,0.118608,1.1875,0.14826,0.00181962025316456,0.00179851265822785,NA,NA,NA,NA,NA,NA,NA,NA,NA,NA,NA,NA,NA,NA,NA,NA,NA,NA,NA,NA,NA,NA,NA,NA,NA,NA,NA,NA,NA,NA,NA,NA,NA,NA,NA,NA
"158","Keith Smith","ATL","RB","12040","robust",NA,NA,NA,NA,NA,NA,NA,NA,NA,NA,0.26,NA,1.325,0.51891,0.00232142857142857,0.0022945,0,0,0,NA,0,NA,0.115,0.014826,0.8275,0.51891,0.005,0.007413,NA,NA,NA,NA,NA,NA,NA,NA,NA,NA,NA,NA,NA,NA,NA,NA,NA,NA,NA,NA,NA,NA,NA,NA,NA,NA,NA,NA,NA,NA,NA,NA,NA,NA,NA,NA
"159","Patrick Ricard","BAL","RB","13455","robust",NA,NA,NA,NA,NA,NA,NA,NA,NA,NA,0.28,0.0345940000000001,0.6625,0.51891,0.0025,0.002471,0,0,0,NA,0,NA,0.3075,0.00741300000000001,2.385,0.7413,0.0075,0.007413,NA,NA,NA,NA,NA,NA,NA,NA,NA,NA,NA,NA,NA,NA,NA,NA,NA,NA,NA,NA,NA,NA,NA,NA,NA,NA,NA,NA,NA,NA,NA,NA,NA,NA,NA,NA
"160","Jake Funk","IND","RB","15480","robust",NA,NA,NA,NA,NA,NA,NA,NA,NA,NA,0.21,0.163086,0.645,0.956277,0.005,0.007413,0,0,NA,NA,NA,NA,0.05,0.07413,0.41,0.607866,0.005,0.007413,NA,NA,NA,NA,NA,NA,NA,NA,NA,NA,NA,NA,NA,NA,NA,NA,NA,NA,NA,NA,NA,NA,NA,NA,NA,NA,NA,NA,NA,NA,NA,NA,NA,NA,NA,NA
"161","Khari Blasingame","CHI","RB","14552","robust",NA,NA,NA,NA,NA,NA,NA,NA,NA,NA,0.25,0.07413,0.93,0.489258,0.005,0.007413,0,0,NA,NA,NA,NA,0.2,0,1.54,0.0889560000000001,0.005,0.007413,NA,NA,NA,NA,NA,NA,NA,NA,NA,NA,NA,NA,NA,NA,NA,NA,NA,NA,NA,NA,NA,NA,NA,NA,NA,NA,NA,NA,NA,NA,NA,NA,NA,NA,NA,NA
"162","Alec Ingold","MIA","RB","14420","robust",NA,NA,NA,NA,NA,NA,NA,NA,NA,NA,0.35,NA,1,0.0489258,0.05,0.014826,0,0,0,NA,0,NA,0.65,0.14826,5.15,0.59304,0.015,0,NA,NA,NA,NA,NA,NA,NA,NA,NA,NA,NA,NA,NA,NA,NA,NA,NA,NA,NA,NA,NA,NA,NA,NA,NA,NA,NA,NA,NA,NA,NA,NA,NA,NA,NA,NA
"163","Jakob Johnson","LVR","RB","14359","robust",NA,NA,NA,NA,NA,NA,NA,NA,NA,NA,0.124711538461538,0.105492692307692,0.5225,0.415128,0.00275641025641026,0.000760307692307692,0,0,0,NA,0,NA,0.3225,0.14826,2.145,1.11195,0.01,0.014826,NA,NA,NA,NA,NA,NA,NA,NA,NA,NA,NA,NA,NA,NA,NA,NA,NA,NA,NA,NA,NA,NA,NA,NA,NA,NA,NA,NA,NA,NA,NA,NA,NA,NA,NA,NA
"164","Michael Burton","DEN","RB","12325","robust",NA,NA,NA,NA,NA,NA,NA,NA,NA,NA,0.285845108695652,0.163086,0.85,0.259455,0.005,0.007413,0,0,0,NA,0,NA,0.2,0.022239,1.3775,0.392889,0.005,0.007413,NA,NA,NA,NA,NA,NA,NA,NA,NA,NA,NA,NA,NA,NA,NA,NA,NA,NA,NA,NA,NA,NA,NA,NA,NA,NA,NA,NA,NA,NA,NA,NA,NA,NA,NA,NA
"165","Giovanni Ricci","CAR","RB","15054","robust",NA,NA,NA,NA,NA,NA,NA,NA,NA,NA,0.28,0.029652,1.1,0,0.005,0.007413,0,0,NA,NA,NA,NA,0.22,0.029652,1.88,0.0296519999999999,0.005,0.007413,NA,NA,NA,NA,NA,NA,NA,NA,NA,NA,NA,NA,NA,NA,NA,NA,NA,NA,NA,NA,NA,NA,NA,NA,NA,NA,NA,NA,NA,NA,NA,NA,NA,NA,NA,NA
"166","Ty Johnson","FA","RB","14095","robust",NA,NA,NA,NA,NA,NA,NA,NA,NA,NA,0.18,0.118608,0.85,0.37065,0.005,0.007413,0,0,NA,NA,NA,NA,0.18,0.118608,1.46,0.681996,0.005,0.007413,NA,NA,NA,NA,NA,NA,NA,NA,NA,NA,NA,NA,NA,NA,NA,NA,NA,NA,NA,NA,NA,NA,NA,NA,NA,NA,NA,NA,NA,NA,NA,NA,NA,NA,NA,NA
"167","C.J. Ham","MIN","RB","12923","robust",NA,NA,NA,NA,NA,NA,NA,NA,NA,NA,0.245,NA,0.83,0.252042,0.0731771708683473,0.0936664735294118,0,0,0,NA,0,NA,0.7,0.29652,5.16,1.63086,0.01,0,NA,NA,NA,NA,NA,NA,NA,NA,NA,NA,NA,NA,NA,NA,NA,NA,NA,NA,NA,NA,NA,NA,NA,NA,NA,NA,NA,NA,NA,NA,NA,NA,NA,NA,NA,NA
"168","Reggie Gilliam","BUF","RB","15103","robust",NA,NA,NA,NA,NA,NA,NA,NA,NA,NA,0.025,0,0,0,0,0,0,0,0,NA,0,NA,0.3925,0.044478,2.71,0.103782,0.0025,0,NA,NA,NA,NA,NA,NA,NA,NA,NA,NA,NA,NA,NA,NA,NA,NA,NA,NA,NA,NA,NA,NA,NA,NA,NA,NA,NA,NA,NA,NA,NA,NA,NA,NA,NA,NA
"169","Justin Jefferson","MIN","WR","14836","robust",NA,NA,NA,NA,NA,NA,NA,NA,NA,NA,0.02,0,0.4,0.29652,0,0,0.05,0.07413,0,NA,0,NA,7.3,0.133434,101.8225,4.4478,0.685,0.118608,NA,NA,NA,NA,NA,NA,NA,NA,NA,NA,NA,NA,NA,NA,NA,NA,NA,NA,NA,NA,NA,NA,NA,NA,NA,NA,NA,NA,NA,NA,NA,NA,NA,NA,NA,NA
"170","Tyreek Hill","MIA","WR","12801","robust",NA,NA,NA,NA,NA,NA,NA,NA,NA,NA,0.35,0.0948864,2.295,0.578214,0,0,0,0,0,NA,0,NA,6.86,0.103782,99.6,3.55824000000001,0.705,0.14826,NA,NA,NA,NA,NA,NA,NA,NA,NA,NA,NA,NA,NA,NA,NA,NA,NA,NA,NA,NA,NA,NA,NA,NA,NA,NA,NA,NA,NA,NA,NA,NA,NA,NA,NA,NA
"171","Davante Adams","LVR","WR","11675","robust",NA,NA,NA,NA,NA,NA,NA,NA,NA,NA,0.01,0,0.125,0,0,0,0,0,0,NA,0,NA,6.7525,0.296519999999999,92.025,3.7065,0.63,0.0593039999999999,NA,NA,NA,NA,NA,NA,NA,NA,NA,NA,NA,NA,NA,NA,NA,NA,NA,NA,NA,NA,NA,NA,NA,NA,NA,NA,NA,NA,NA,NA,NA,NA,"Q","Shoulder",2023,5
"172","A.J. Brown","PHI","WR","14104","robust",NA,NA,NA,NA,NA,NA,NA,NA,NA,NA,0,0,0,0,0,0,0.05,0.07413,0,NA,0,NA,5.79,0.29652,85.795,7.413,0.55,0.14826,NA,NA,NA,NA,NA,NA,NA,NA,NA,NA,NA,NA,NA,NA,NA,NA,NA,NA,NA,NA,NA,NA,NA,NA,NA,NA,NA,NA,NA,NA,NA,NA,NA,NA,NA,NA
"173","Stefon Diggs","BUF","WR","12186","robust",NA,NA,NA,NA,NA,NA,NA,NA,NA,NA,0,0,0,0,0,0,0,0,0,NA,0,NA,6.865,0.29652,85.2,1.08229800000001,0.6275,0.044478,NA,NA,NA,NA,NA,NA,NA,NA,NA,NA,NA,NA,NA,NA,NA,NA,NA,NA,NA,NA,NA,NA,NA,NA,NA,NA,NA,NA,NA,NA,NA,NA,NA,NA,NA,NA
"174","Ja'Marr Chase","CIN","WR","15281","robust",NA,NA,NA,NA,NA,NA,NA,NA,NA,NA,0.176,0.1067472,1.05,0.14826,0,0,0.05,0.07413,0,NA,0,NA,7.015,0.148259999999999,85.1775,2.69833199999999,0.55,0.133434,NA,NA,NA,NA,NA,NA,NA,NA,NA,NA,NA,NA,NA,NA,NA,NA,NA,NA,NA,NA,NA,NA,NA,NA,NA,NA,NA,NA,NA,NA,NA,NA,NA,NA,NA,NA
"175","CeeDee Lamb","DAL","WR","14832","robust",NA,NA,NA,NA,NA,NA,NA,NA,NA,NA,0.3035,0.0207564,2.315,1.452948,0,0,0,0,0,NA,0,NA,6.28,0.44478,79.5275,0.770951999999994,0.415,0.044478,NA,NA,NA,NA,NA,NA,NA,NA,NA,NA,NA,NA,NA,NA,NA,NA,NA,NA,NA,NA,NA,NA,NA,NA,NA,NA,NA,NA,NA,NA,NA,NA,NA,NA,NA,NA
"176","Puka Nacua","LAR","WR","16211","robust",NA,NA,NA,NA,NA,NA,NA,NA,NA,NA,0.185,0.044478,1.1675,0.489258,0,0,0.0125,0.037065,0,NA,0,NA,6,0.474432,75.7525,9.48864000000001,0.4,0.059304,NA,NA,NA,NA,NA,NA,NA,NA,NA,NA,NA,NA,NA,NA,NA,NA,NA,NA,NA,NA,NA,NA,NA,NA,NA,NA,NA,NA,NA,NA,NA,NA,NA,NA,NA,NA
"177","Brandon Aiyuk","SF","WR","14840","robust",NA,NA,NA,NA,NA,NA,NA,NA,NA,NA,0.01,0,0.1575,0,0,0,0.0875,0.037065,0,NA,0,NA,4.8,0.59304,72.65,3.85475999999999,0.4,0.133434,NA,NA,NA,NA,NA,NA,NA,NA,NA,NA,NA,NA,NA,NA,NA,NA,NA,NA,NA,NA,NA,NA,NA,NA,NA,NA,NA,NA,NA,NA,NA,NA,NA,NA,NA,NA
"178","Jaylen Waddle","MIA","WR","15284","robust",NA,NA,NA,NA,NA,NA,NA,NA,NA,NA,0.134,0.0504084,1.19,0.44478,0,0,0.0125,0.037065,0,NA,0,NA,4.6625,0.222390000000001,71.0375,3.098634,0.4,0,NA,NA,NA,NA,NA,NA,NA,NA,NA,NA,NA,NA,NA,NA,NA,NA,NA,NA,NA,NA,NA,NA,NA,NA,NA,NA,NA,NA,NA,NA,NA,NA,NA,NA,NA,NA
"179","Cooper Kupp","LAR","WR","13164","robust",NA,NA,NA,NA,NA,NA,NA,NA,NA,NA,0.34,0.0830256,4.125,1.18608,0.05,0.029652,0.011,0.014826,0,NA,0,NA,5.6325,0.637518,67.465,7.85778,0.49,0.029652,NA,NA,NA,NA,NA,NA,NA,NA,NA,NA,NA,NA,NA,NA,NA,NA,NA,NA,NA,NA,NA,NA,NA,NA,NA,NA,NA,NA,NA,NA,NA,NA,NA,"Hamstring",2023,5
"180","Chris Olave","NO","WR","15754","robust",NA,NA,NA,NA,NA,NA,NA,NA,NA,NA,0,0,0,0,0,0,0.05,0.07413,0,NA,0,NA,5.475,0.163086,73.25,4.655364,0.305,0.088956,NA,NA,NA,NA,NA,NA,NA,NA,NA,NA,NA,NA,NA,NA,NA,NA,NA,NA,NA,NA,NA,NA,NA,NA,NA,NA,NA,NA,NA,NA,NA,NA,NA,NA,NA,NA
"181","Nico Collins","HOU","WR","15290","robust",NA,NA,NA,NA,NA,NA,NA,NA,NA,NA,0,0,0,0,0,0,0,0,0,NA,0,NA,4.75,0.29652,71.515,3.7065,0.42,0.059304,NA,NA,NA,NA,NA,NA,NA,NA,NA,NA,NA,NA,NA,NA,NA,NA,NA,NA,NA,NA,NA,NA,NA,NA,NA,NA,NA,NA,NA,NA,NA,NA,NA,NA,NA,NA
"182","Terry McLaurin","WAS","WR","14109","robust",NA,NA,NA,NA,NA,NA,NA,NA,NA,NA,0.02,0,0.4875,0.29652,0,0,0,0,0,NA,0,NA,4.81,0.44478,68.8,3.7065,0.4,0.0593040000000001,NA,NA,NA,NA,NA,NA,NA,NA,NA,NA,NA,NA,NA,NA,NA,NA,NA,NA,NA,NA,NA,NA,NA,NA,NA,NA,NA,NA,NA,NA,NA,NA,NA,NA,NA,NA
"183","Christian Kirk","JAC","WR","13633","robust",NA,NA,NA,NA,NA,NA,NA,NA,NA,NA,0.02,0,0.47,0.44478,0,0,0,0,0,NA,0,NA,5.48,0.429954,63.59,4.74432,0.35,0.044478,NA,NA,NA,NA,NA,NA,NA,NA,NA,NA,NA,NA,NA,NA,NA,NA,NA,NA,NA,NA,NA,NA,NA,NA,NA,NA,NA,NA,NA,NA,NA,NA,NA,NA,NA,NA
"184","Jerry Jeudy","DEN","WR","14833","robust",NA,NA,NA,NA,NA,NA,NA,NA,NA,NA,0.02,0,0.67,0.44478,0,0,0,0,0,NA,0,NA,4.605,0.681996,60.275,3.11346,0.315,0.044478,NA,NA,NA,NA,NA,NA,NA,NA,NA,NA,NA,NA,NA,NA,NA,NA,NA,NA,NA,NA,NA,NA,NA,NA,NA,NA,NA,NA,NA,NA,NA,NA,NA,NA,NA,NA
"185","DeVonta Smith","PHI","WR","15282","robust",NA,NA,NA,NA,NA,NA,NA,NA,NA,NA,0,0,0.05,0.14826,0,0,0,0,0,NA,0,NA,5.15,0.44478,67.9,4.195758,0.4,0,NA,NA,NA,NA,NA,NA,NA,NA,NA,NA,NA,NA,NA,NA,NA,NA,NA,NA,NA,NA,NA,NA,NA,NA,NA,NA,NA,NA,NA,NA,NA,NA,NA,NA,NA,NA
"186","DeAndre Hopkins","TEN","WR","11232","robust",NA,NA,NA,NA,NA,NA,NA,NA,NA,NA,0,0,0,0,0,0,0,0,0,NA,0,NA,5.3,0.148260000000001,66.4,1.18608,0.4,0,NA,NA,NA,NA,NA,NA,NA,NA,NA,NA,NA,NA,NA,NA,NA,NA,NA,NA,NA,NA,NA,NA,NA,NA,NA,NA,NA,NA,NA,NA,NA,NA,NA,NA,NA,NA
"187","D.J. Moore","CHI","WR","13635","robust",NA,NA,NA,NA,NA,NA,NA,NA,NA,NA,0.03,0,0.5225,0.44478,0,0,0,0,0,NA,0,NA,4.3275,0.296519999999999,64.6,5.04084000000001,0.45,0.088956,NA,NA,NA,NA,NA,NA,NA,NA,NA,NA,NA,NA,NA,NA,NA,NA,NA,NA,NA,NA,NA,NA,NA,NA,NA,NA,NA,NA,NA,NA,NA,NA,NA,NA,NA,NA
"188","Garrett Wilson","NYJ","WR","15753","robust",NA,NA,NA,NA,NA,NA,NA,NA,NA,NA,0.01,0,0.1,0.14826,0,0,0.0125,0.037065,0,NA,0,NA,5,0.0148259999999997,66.4525,0.7413,0.405,0.088956,NA,NA,NA,NA,NA,NA,NA,NA,NA,NA,NA,NA,NA,NA,NA,NA,NA,NA,NA,NA,NA,NA,NA,NA,NA,NA,NA,NA,NA,NA,NA,NA,NA,NA,NA,NA
"189","Deebo Samuel","SF","WR","14136","robust",NA,NA,NA,NA,NA,NA,NA,NA,NA,NA,2.715,0.7413,15.165,0.296519999999999,0.135,0,0.095,0,0,NA,0,NA,4.6,0.340997999999999,62.7475,4.4478,0.3,0.07413,NA,NA,NA,NA,NA,NA,NA,NA,NA,NA,NA,NA,NA,NA,NA,NA,NA,NA,NA,NA,NA,NA,NA,NA,NA,NA,NA,NA,NA,NA,NA,NA,NA,NA,NA,NA
"190","Jakobi Meyers","LVR","WR","14127","robust",NA,NA,NA,NA,NA,NA,NA,NA,NA,NA,0.01,0,0.245,0.44478,0,0,0.0125,0.037065,0,NA,0,NA,5.05,0.148259999999999,60.325,1.98668399999999,0.35,0,NA,NA,NA,NA,NA,NA,NA,NA,NA,NA,NA,NA,NA,NA,NA,NA,NA,NA,NA,NA,NA,NA,NA,NA,NA,NA,NA,NA,NA,NA,NA,NA,NA,NA,NA,NA
"191","Jayden Reed","GB","WR","16184","robust",NA,NA,NA,NA,NA,NA,NA,NA,NA,NA,0.187,0.0385476,0.8425,1.097124,0,0,0.0125,0.037065,0,NA,0.01,0,3.5075,0.7413,46.185,2.81694,0.3,0,NA,NA,NA,NA,NA,NA,NA,NA,NA,NA,NA,NA,NA,NA,NA,NA,NA,NA,NA,NA,NA,NA,NA,NA,NA,NA,NA,NA,NA,NA,NA,NA,NA,NA,NA,NA
"192","George Pickens","PIT","WR","15762","robust",NA,NA,NA,NA,NA,NA,NA,NA,NA,NA,0.01,0,0.3125,0.14826,0,0,0,0,0,NA,0,NA,4.2,0.563388,59.52,4.536756,0.3,0,NA,NA,NA,NA,NA,NA,NA,NA,NA,NA,NA,NA,NA,NA,NA,NA,NA,NA,NA,NA,NA,NA,NA,NA,NA,NA,NA,NA,NA,NA,NA,NA,NA,NA,NA,NA
"193","Michael Pittman","IND","WR","14842","robust",NA,NA,NA,NA,NA,NA,NA,NA,NA,NA,0.01,0,0.5225,0.44478,0,0,0,0,0,NA,0,NA,5.33,0.207564,63.2775,3.424806,0.3,0,NA,NA,NA,NA,NA,NA,NA,NA,NA,NA,NA,NA,NA,NA,NA,NA,NA,NA,NA,NA,NA,NA,NA,NA,NA,NA,NA,NA,NA,NA,NA,NA,NA,NA,NA,NA
"194","Romeo Doubs","GB","WR","15779","robust",NA,NA,NA,NA,NA,NA,NA,NA,NA,NA,0,0,0.06,0,0,0,0,0,0,NA,0,NA,4.345,0.148259999999999,54.0475,2.81694,0.4,0.14826,NA,NA,NA,NA,NA,NA,NA,NA,NA,NA,NA,NA,NA,NA,NA,NA,NA,NA,NA,NA,NA,NA,NA,NA,NA,NA,NA,NA,NA,NA,NA,NA,NA,NA,NA,NA
"195","Zay Flowers","BAL","WR","16190","robust",NA,NA,NA,NA,NA,NA,NA,NA,NA,NA,0.629837569060774,0.22239,2.96,2.045988,0,0,0.0125,0.037065,0,NA,0,NA,4.9,1.03782,57.09,3.11346,0.285,0.0296519999999999,NA,NA,NA,NA,NA,NA,NA,NA,NA,NA,NA,NA,NA,NA,NA,NA,NA,NA,NA,NA,NA,NA,NA,NA,NA,NA,NA,NA,NA,NA,NA,NA,NA,NA,NA,NA
"196","Calvin Ridley","JAC","WR","13629","robust",NA,NA,NA,NA,NA,NA,NA,NA,NA,NA,0,0,0,0,0,0,0,0,0,NA,0,NA,4.5725,0.37065,59.665,3.232068,0.405,0.0148259999999999,NA,NA,NA,NA,NA,NA,NA,NA,NA,NA,NA,NA,NA,NA,NA,NA,NA,NA,NA,NA,NA,NA,NA,NA,NA,NA,NA,NA,NA,NA,NA,NA,NA,NA,NA,NA
"197","Marquise Brown","ARI","WR","14105","robust",NA,NA,NA,NA,NA,NA,NA,NA,NA,NA,0.06,0.059304,0.6,0.88956,0,0,0,0,0,NA,0,NA,5.2,0.415128,59.7,1.4826,0.385,0.044478,NA,NA,NA,NA,NA,NA,NA,NA,NA,NA,NA,NA,NA,NA,NA,NA,NA,NA,NA,NA,NA,NA,NA,NA,NA,NA,NA,NA,NA,NA,NA,NA,NA,NA,NA,NA
"198","Christian Watson","GB","WR","15789","robust",NA,NA,NA,NA,NA,NA,NA,NA,NA,NA,0.1985,0.00889560000000001,1.925,0.37065,0.02,0.029652,0,0,0,NA,0,NA,4.0475,0.489257999999999,53.03,4.74432,0.375,0.014826,NA,NA,NA,NA,NA,NA,NA,NA,NA,NA,NA,NA,NA,NA,NA,NA,NA,NA,NA,NA,NA,NA,NA,NA,NA,NA,NA,NA,NA,NA,NA,NA,"Q","Hamstring",2023,5
"199","Courtland Sutton","DEN","WR","13630","robust",NA,NA,NA,NA,NA,NA,NA,NA,NA,NA,0,0,0,0,0,0,0.1,0.14826,0,NA,0,NA,4.2,0.311346,53.085,2.342508,0.3775,0,NA,NA,NA,NA,NA,NA,NA,NA,NA,NA,NA,NA,NA,NA,NA,NA,NA,NA,NA,NA,NA,NA,NA,NA,NA,NA,NA,NA,NA,NA,NA,NA,NA,NA,NA,NA
"200","Tee Higgins","CIN","WR","14835","robust",NA,NA,NA,NA,NA,NA,NA,NA,NA,NA,0,0,0.05,0.07413,0,0,0,0,0,NA,0,NA,2.35,0.726474,29.97,9.851877,0.175,0.07413,NA,NA,NA,NA,NA,NA,NA,NA,NA,NA,NA,NA,NA,NA,NA,NA,NA,NA,NA,NA,NA,NA,NA,NA,NA,NA,NA,NA,NA,NA,NA,NA,"Q","Ribs",2023,5
"201","Jameson Williams","DET","WR","15756","robust",NA,NA,NA,NA,NA,NA,NA,NA,NA,NA,0.1,0.14826,1.1,0.22239,0,0,0.05,0.07413,0,NA,0,NA,2.105,1.18608,28.5325,12.943098,0.16,0.14826,NA,NA,NA,NA,NA,NA,NA,NA,NA,NA,NA,NA,NA,NA,NA,NA,NA,NA,NA,NA,NA,NA,NA,NA,NA,NA,NA,NA,NA,NA,NA,NA,"Q","Coach's Decision",2023,5
"202","Nathaniel Dell","HOU","WR","16204","robust",NA,NA,NA,NA,NA,NA,NA,NA,NA,NA,0.188,0.0355824,1.1575,0.756126,0,0,0.0125,0.037065,0,NA,0.01,0,3.775,0.14826,49.77,6.81996,0.275,0,NA,NA,NA,NA,NA,NA,NA,NA,NA,NA,NA,NA,NA,NA,NA,NA,NA,NA,NA,NA,NA,NA,NA,NA,NA,NA,NA,NA,NA,NA,NA,NA,NA,NA,NA,NA
"203","Adam Thielen","CAR","WR","11938","robust",NA,NA,NA,NA,NA,NA,NA,NA,NA,NA,0.06,0.059304,0.5,0.474432,0,0,0,0,0,NA,0,NA,4.995,0.607866,56.335,3.40998,0.315,0,NA,NA,NA,NA,NA,NA,NA,NA,NA,NA,NA,NA,NA,NA,NA,NA,NA,NA,NA,NA,NA,NA,NA,NA,NA,NA,NA,NA,NA,NA,NA,NA,NA,NA,NA,NA
"204","Gabriel Davis","BUF","WR","14845","robust",NA,NA,NA,NA,NA,NA,NA,NA,NA,NA,0.01,0,0.025,0.14826,0,0,0,0,0,NA,0,NA,3.295,0.192738,53.0175,2.2239,0.4375,0.07413,NA,NA,NA,NA,NA,NA,NA,NA,NA,NA,NA,NA,NA,NA,NA,NA,NA,NA,NA,NA,NA,NA,NA,NA,NA,NA,NA,NA,NA,NA,NA,NA,NA,NA,NA,NA
"205","Michael Thomas","NO","WR","12652","robust",NA,NA,NA,NA,NA,NA,NA,NA,NA,NA,0.01,0,0.08,0,0,0,0.0125,0.037065,0,NA,0,NA,4.5425,0.340998000000001,52.225,2.52042,0.2,0,NA,NA,NA,NA,NA,NA,NA,NA,NA,NA,NA,NA,NA,NA,NA,NA,NA,NA,NA,NA,NA,NA,NA,NA,NA,NA,NA,NA,NA,NA,NA,NA,NA,NA,NA,NA
"206","Brandin Cooks","DAL","WR","11674","robust",NA,NA,NA,NA,NA,NA,NA,NA,NA,NA,0.01,0,0.3,0.44478,0,0,0,0,0,NA,0,NA,4,0.29652,45.3,3.85476,0.2,0.103782,NA,NA,NA,NA,NA,NA,NA,NA,NA,NA,NA,NA,NA,NA,NA,NA,NA,NA,NA,NA,NA,NA,NA,NA,NA,NA,NA,NA,NA,NA,NA,NA,NA,NA,NA,NA
"207","Kalif Raymond","DET","WR","13066","robust",NA,NA,NA,NA,NA,NA,NA,NA,NA,NA,0.2,0.14826,2.9,1.616034,0,0,0,0,0,NA,0.01,0,3.1025,0.29652,42.3,2.194248,0.2,0.07413,NA,NA,NA,NA,NA,NA,NA,NA,NA,NA,NA,NA,NA,NA,NA,NA,NA,NA,NA,NA,NA,NA,NA,NA,NA,NA,NA,NA,NA,NA,NA,NA,NA,NA,NA,NA
"208","Josh Reynolds","DET","WR","13168","robust",NA,NA,NA,NA,NA,NA,NA,NA,NA,NA,0,0,0.0725,0,0,0,0,0,0,NA,0,NA,3.4875,0.37065,48.9,5.01118799999999,0.3325,0.0296519999999999,NA,NA,NA,NA,NA,NA,NA,NA,NA,NA,NA,NA,NA,NA,NA,NA,NA,NA,NA,NA,NA,NA,NA,NA,NA,NA,NA,NA,NA,NA,NA,NA,"Q","Groin",2023,5
"209","Drake London","ATL","WR","15751","robust",NA,NA,NA,NA,NA,NA,NA,NA,NA,NA,0,0,0,0,0,0,0.05,0.07413,0,NA,0,NA,3.8,0.252042,45.4,1.03781999999999,0.3,0,NA,NA,NA,NA,NA,NA,NA,NA,NA,NA,NA,NA,NA,NA,NA,NA,NA,NA,NA,NA,NA,NA,NA,NA,NA,NA,NA,NA,NA,NA,NA,NA,NA,NA,NA,NA
"210","Allen Lazard","NYJ","WR","13632","robust",NA,NA,NA,NA,NA,NA,NA,NA,NA,NA,0.01,0,0.1,0.14826,0,0,0,0,0,NA,0,NA,3.2,0.148259999999999,44.145,3.7065,0.265,0.103782,NA,NA,NA,NA,NA,NA,NA,NA,NA,NA,NA,NA,NA,NA,NA,NA,NA,NA,NA,NA,NA,NA,NA,NA,NA,NA,NA,NA,NA,NA,NA,NA,NA,NA,NA,NA
"211","Jordan Addison","MIN","WR","16186","robust",NA,NA,NA,NA,NA,NA,NA,NA,NA,NA,0.01,0,0.07,0,0,0,0.0125,0.037065,0,NA,0,NA,3.6,0.266868,46.96,2.55007200000001,0.3,0,NA,NA,NA,NA,NA,NA,NA,NA,NA,NA,NA,NA,NA,NA,NA,NA,NA,NA,NA,NA,NA,NA,NA,NA,NA,NA,NA,NA,NA,NA,NA,NA,NA,NA,NA,NA
"212","D.J. Chark","CAR","WR","13668","robust",NA,NA,NA,NA,NA,NA,NA,NA,NA,NA,0,0,0,0,0,0,0,0,0,NA,0,NA,2.5,0.311346,39.94,1.512252,0.2,0,NA,NA,NA,NA,NA,NA,NA,NA,NA,NA,NA,NA,NA,NA,NA,NA,NA,NA,NA,NA,NA,NA,NA,NA,NA,NA,NA,NA,NA,NA,NA,NA,NA,NA,NA,NA
"213","Marquez Valdes-Scantling","KC","WR","13793","robust",NA,NA,NA,NA,NA,NA,NA,NA,NA,NA,0,0,0.1,0.14826,0,0,0,0,0,NA,0,NA,2.345,0.578214,35.55,9.93341999999999,0.2,0,NA,NA,NA,NA,NA,NA,NA,NA,NA,NA,NA,NA,NA,NA,NA,NA,NA,NA,NA,NA,NA,NA,NA,NA,NA,NA,NA,NA,NA,NA,NA,NA,NA,NA,NA,NA
"214","Tyler Boyd","CIN","WR","12650","robust",NA,NA,NA,NA,NA,NA,NA,NA,NA,NA,0,0,0.065,0,0,0,0,0,0,NA,0,NA,4.005,0.0148259999999997,46.6025,1.4826,0.285,0,NA,NA,NA,NA,NA,NA,NA,NA,NA,NA,NA,NA,NA,NA,NA,NA,NA,NA,NA,NA,NA,NA,NA,NA,NA,NA,NA,NA,NA,NA,NA,NA,NA,NA,NA,NA
"215","Jahan Dotson","WAS","WR","15755","robust",NA,NA,NA,NA,NA,NA,NA,NA,NA,NA,0.01,0,0.1,0.14826,0,0,0,0,0,NA,0,NA,3.385,0.355824,44.945,2.505594,0.31,0.029652,NA,NA,NA,NA,NA,NA,NA,NA,NA,NA,NA,NA,NA,NA,NA,NA,NA,NA,NA,NA,NA,NA,NA,NA,NA,NA,NA,NA,NA,NA,NA,NA,NA,NA,NA,NA
"216","Robert Woods","HOU","WR","11228","robust",NA,NA,NA,NA,NA,NA,NA,NA,NA,NA,0.01,0,0.1,0.14826,0,0,0,0,0,NA,0,NA,4.05,0.148259999999999,43.72,2.653854,0.2,0,NA,NA,NA,NA,NA,NA,NA,NA,NA,NA,NA,NA,NA,NA,NA,NA,NA,NA,NA,NA,NA,NA,NA,NA,NA,NA,NA,NA,NA,NA,NA,NA,NA,NA,NA,NA
"217","Tutu Atwell","LAR","WR","15301","robust",NA,NA,NA,NA,NA,NA,NA,NA,NA,NA,0.4225,0.044478,3.805,0.88956,0.025,0,0,0,0,NA,0,NA,3.6,0.14826,45.1,1.77912,0.23,0,NA,NA,NA,NA,NA,NA,NA,NA,NA,NA,NA,NA,NA,NA,NA,NA,NA,NA,NA,NA,NA,NA,NA,NA,NA,NA,NA,NA,NA,NA,NA,NA,NA,NA,NA,NA
"218","Darius Slayton","NYG","WR","14122","robust",NA,NA,NA,NA,NA,NA,NA,NA,NA,NA,0,0,0.05,0,0,0,0,0,0,NA,0,NA,3.05,0.22239,40.895,3.11346,0.17,0.029652,NA,NA,NA,NA,NA,NA,NA,NA,NA,NA,NA,NA,NA,NA,NA,NA,NA,NA,NA,NA,NA,NA,NA,NA,NA,NA,NA,NA,NA,NA,NA,NA,NA,NA,NA,NA
"219","DeVante Parker","NE","WR","12176","robust",NA,NA,NA,NA,NA,NA,NA,NA,NA,NA,0,0,0,0,0,0,0,0,0,NA,0,NA,3,0.14826,40.375,4.15128,0.2,0,NA,NA,NA,NA,NA,NA,NA,NA,NA,NA,NA,NA,NA,NA,NA,NA,NA,NA,NA,NA,NA,NA,NA,NA,NA,NA,NA,NA,NA,NA,NA,NA,NA,NA,NA,NA
"220","Michael Wilson","ARI","WR","16206","robust",NA,NA,NA,NA,NA,NA,NA,NA,NA,NA,0.01,0,0.2,0.29652,0,0,0.0125,0.037065,0,NA,0,NA,2.845,0.51891,41.1,4.29954,0.3,0,NA,NA,NA,NA,NA,NA,NA,NA,NA,NA,NA,NA,NA,NA,NA,NA,NA,NA,NA,NA,NA,NA,NA,NA,NA,NA,NA,NA,NA,NA,NA,NA,NA,NA,NA,NA
"221","Rashid Shaheed","NO","WR","16080","robust",NA,NA,NA,NA,NA,NA,NA,NA,NA,NA,0.235,0.118608,2.5,0.96369,0,0,0.0125,0.037065,0,NA,0.01,0,2.6325,0.22239,36.6925,0.593039999999998,0.2,0,NA,NA,NA,NA,NA,NA,NA,NA,NA,NA,NA,NA,NA,NA,NA,NA,NA,NA,NA,NA,NA,NA,NA,NA,NA,NA,NA,NA,NA,NA,NA,NA,NA,NA,NA,NA
"222","Curtis Samuel","WAS","WR","13157","robust",NA,NA,NA,NA,NA,NA,NA,NA,NA,NA,1.20226375575296,0.179831074983184,5.69,0.845082,0.045,0.044478,0.001,0,0,NA,0,NA,3.3275,0.459605999999999,39,1.77912,0.2,0,NA,NA,NA,NA,NA,NA,NA,NA,NA,NA,NA,NA,NA,NA,NA,NA,NA,NA,NA,NA,NA,NA,NA,NA,NA,NA,NA,NA,NA,NA,NA,NA,NA,NA,NA,NA
"223","Kendrick Bourne","NE","WR","13418","robust",NA,NA,NA,NA,NA,NA,NA,NA,NA,NA,0.05,0.118608,0.6575,0.7413,0,0,0,0,0,NA,0,NA,3.0225,0.29652,37.41,4.59606,0.2075,0.044478,NA,NA,NA,NA,NA,NA,NA,NA,NA,NA,NA,NA,NA,NA,NA,NA,NA,NA,NA,NA,NA,NA,NA,NA,NA,NA,NA,NA,NA,NA,NA,NA,NA,NA,NA,NA
"224","Odell Beckham","BAL","WR","11679","robust",NA,NA,NA,NA,NA,NA,NA,NA,NA,NA,0.01,0,0.1,0.14826,0,0,0,0,0,NA,0,NA,2.45,0.7413,33.525,9.93342,0.2,0,NA,NA,NA,NA,NA,NA,NA,NA,NA,NA,NA,NA,NA,NA,NA,NA,NA,NA,NA,NA,NA,NA,NA,NA,NA,NA,NA,NA,NA,NA,NA,NA,"Q","Ankle",2023,5
"225","Wan'Dale Robinson","NYG","WR","15757","robust",NA,NA,NA,NA,NA,NA,NA,NA,NA,NA,0.59,0.49502792236756,2.2575,2.060814,0,0,0,0,0,NA,0,NA,3.79,0.44478,37.95,5.48562,0.2,0,NA,NA,NA,NA,NA,NA,NA,NA,NA,NA,NA,NA,NA,NA,NA,NA,NA,NA,NA,NA,NA,NA,NA,NA,NA,NA,NA,NA,NA,NA,NA,NA,NA,NA,NA,NA
"226","Zay Jones","JAC","WR","13176","robust",NA,NA,NA,NA,NA,NA,NA,NA,NA,NA,0.06,0.059304,0.3,0.59304,0,0,0.0125,0.037065,0,NA,0,NA,3.9,0.133434,41.2725,2.50559400000001,0.25,0.088956,NA,NA,NA,NA,NA,NA,NA,NA,NA,NA,NA,NA,NA,NA,NA,NA,NA,NA,NA,NA,NA,NA,NA,NA,NA,NA,NA,NA,NA,NA,NA,NA,"Q","Knee",2023,5
"227","Michael Gallup","DAL","WR","13646","robust",NA,NA,NA,NA,NA,NA,NA,NA,NA,NA,0,0,0,0,0,0,0,0,0,NA,0,NA,3.15,0.429954,40.25,2.2239,0.2,0.014826,NA,NA,NA,NA,NA,NA,NA,NA,NA,NA,NA,NA,NA,NA,NA,NA,NA,NA,NA,NA,NA,NA,NA,NA,NA,NA,NA,NA,NA,NA,NA,NA,NA,NA,NA,NA
"228","Josh Downs","IND","WR","16187","robust",NA,NA,NA,NA,NA,NA,NA,NA,NA,NA,0.01,0,0.1,0.14826,0,0,0.0125,0.037065,0,NA,0,NA,2.9,0.266868,39.6025,1.4826,0.1625,0.029652,NA,NA,NA,NA,NA,NA,NA,NA,NA,NA,NA,NA,NA,NA,NA,NA,NA,NA,NA,NA,NA,NA,NA,NA,NA,NA,NA,NA,NA,NA,NA,NA,NA,NA,NA,NA
"229","Rondale Moore","ARI","WR","15283","robust",NA,NA,NA,NA,NA,NA,NA,NA,NA,NA,1.1,0.14826,7.315,1.304688,0.0225,0,0.001,0,0,NA,0,NA,3.15,0.44478,30.75,2.52042,0.15,0.059304,NA,NA,NA,NA,NA,NA,NA,NA,NA,NA,NA,NA,NA,NA,NA,NA,NA,NA,NA,NA,NA,NA,NA,NA,NA,NA,NA,NA,NA,NA,NA,NA,NA,NA,NA,NA
"230","Rashee Rice","KC","WR","16194","robust",NA,NA,NA,NA,NA,NA,NA,NA,NA,NA,0.085,0.029652,0.3,0.59304,0,0,0.0125,0.037065,0,NA,0,NA,2.955,0.14826,39.925,1.082298,0.24,0.118608,NA,NA,NA,NA,NA,NA,NA,NA,NA,NA,NA,NA,NA,NA,NA,NA,NA,NA,NA,NA,NA,NA,NA,NA,NA,NA,NA,NA,NA,NA,NA,NA,NA,NA,NA,NA
"231","Nick Westbrook-Ikhine","TEN","WR","15109","robust",NA,NA,NA,NA,NA,NA,NA,NA,NA,NA,0,0,0.055,0.14826,0,0,0,0,0,NA,0,NA,2.95,0.14826,36.7225,4.862928,0.2475,0.118608,NA,NA,NA,NA,NA,NA,NA,NA,NA,NA,NA,NA,NA,NA,NA,NA,NA,NA,NA,NA,NA,NA,NA,NA,NA,NA,NA,NA,NA,NA,NA,NA,NA,NA,NA,NA
"232","Marvin Mims","DEN","WR","16189","robust",NA,NA,NA,NA,NA,NA,NA,NA,NA,NA,0.34,0.1541904,2.135,1.03782,0,0,0.0125,0.037065,0,NA,0.01,0,2.2,0.355824,32.1,2.07564,0.185,0.044478,NA,NA,NA,NA,NA,NA,NA,NA,NA,NA,NA,NA,NA,NA,NA,NA,NA,NA,NA,NA,NA,NA,NA,NA,NA,NA,NA,NA,NA,NA,NA,NA,NA,NA,NA,NA
"233","Skyy Moore","KC","WR","15766","robust",NA,NA,NA,NA,NA,NA,NA,NA,NA,NA,0.488,0.0859908,3.025,0.14826,0,0,0.025,0.07413,0,NA,0.01,0,2.8,0.37065,35.135,5.26323,0.2,0,NA,NA,NA,NA,NA,NA,NA,NA,NA,NA,NA,NA,NA,NA,NA,NA,NA,NA,NA,NA,NA,NA,NA,NA,NA,NA,NA,NA,NA,NA,NA,NA,NA,NA,NA,NA
"234","Darnell Mooney","CHI","WR","14974","robust",NA,NA,NA,NA,NA,NA,NA,NA,NA,NA,0.01,0,0.1975,0.14826,0,0,0,0,0,NA,0,NA,2.955,0.14826,39.475,2.66868,0.215,0.044478,NA,NA,NA,NA,NA,NA,NA,NA,NA,NA,NA,NA,NA,NA,NA,NA,NA,NA,NA,NA,NA,NA,NA,NA,NA,NA,NA,NA,NA,NA,NA,NA,NA,NA,NA,NA
"235","Calvin Austin III","PIT","WR","15777","robust",NA,NA,NA,NA,NA,NA,NA,NA,NA,NA,0.2385,0.0830256,1.3575,0.504084,0,0,0.0125,0.037065,0,NA,0.01,0,3.025,0.44478,36.5075,4.551582,0.18,0.044478,NA,NA,NA,NA,NA,NA,NA,NA,NA,NA,NA,NA,NA,NA,NA,NA,NA,NA,NA,NA,NA,NA,NA,NA,NA,NA,NA,NA,NA,NA,NA,NA,NA,NA,NA,NA
"236","Alec Pierce","IND","WR","15768","robust",NA,NA,NA,NA,NA,NA,NA,NA,NA,NA,0,0,0,0,0,0,0,0,0,NA,0,NA,2.1825,0.29652,32.8,8.45082,0.165,0.029652,NA,NA,NA,NA,NA,NA,NA,NA,NA,NA,NA,NA,NA,NA,NA,NA,NA,NA,NA,NA,NA,NA,NA,NA,NA,NA,NA,NA,NA,NA,NA,NA,NA,NA,NA,NA
"237","Jonathan Mingo","CAR","WR","16197","robust",NA,NA,NA,NA,NA,NA,NA,NA,NA,NA,0.01,0,0.375,0.44478,0,0,0.0125,0.037065,0,NA,0,NA,2.6375,0.22239,34.9,3.765804,0.18,0.044478,NA,NA,NA,NA,NA,NA,NA,NA,NA,NA,NA,NA,NA,NA,NA,NA,NA,NA,NA,NA,NA,NA,NA,NA,NA,NA,NA,NA,NA,NA,NA,NA,NA,NA,NA,NA
"238","K.J. Osborn","MIN","WR","14977","robust",NA,NA,NA,NA,NA,NA,NA,NA,NA,NA,0.01,0,0.1,0.14826,0,0,0,0,0,NA,0,NA,2.915,0.14826,34.6775,5.04084,0.28,0.059304,NA,NA,NA,NA,NA,NA,NA,NA,NA,NA,NA,NA,NA,NA,NA,NA,NA,NA,NA,NA,NA,NA,NA,NA,NA,NA,NA,NA,NA,NA,NA,NA,NA,NA,NA,NA
"239","Rashod Bateman","BAL","WR","15293","robust",NA,NA,NA,NA,NA,NA,NA,NA,NA,NA,0,0,0,0,0,0,0.0125,0.037065,0,NA,0,NA,2.165,0.681996,27.05,7.324044,0.1,0,NA,NA,NA,NA,NA,NA,NA,NA,NA,NA,NA,NA,NA,NA,NA,NA,NA,NA,NA,NA,NA,NA,NA,NA,NA,NA,NA,NA,NA,NA,NA,NA,NA,NA,NA,NA
"240","JuJu Smith-Schuster","NE","WR","13156","robust",NA,NA,NA,NA,NA,NA,NA,NA,NA,NA,0,0,0.05,0.07413,0,0,0.0125,0.037065,0,NA,0,NA,3.1,0.14826,33.92,7.26474,0.135,0,NA,NA,NA,NA,NA,NA,NA,NA,NA,NA,NA,NA,NA,NA,NA,NA,NA,NA,NA,NA,NA,NA,NA,NA,NA,NA,NA,NA,NA,NA,NA,NA,NA,NA,NA,NA
"241","Justin Watson","KC","WR","13776","robust",NA,NA,NA,NA,NA,NA,NA,NA,NA,NA,0,0,0,0,0,0,0.025,0.07413,0,NA,0,NA,1.4525,0.29652,22.2,1.77912,0.1425,0.07413,NA,NA,NA,NA,NA,NA,NA,NA,NA,NA,NA,NA,NA,NA,NA,NA,NA,NA,NA,NA,NA,NA,NA,NA,NA,NA,NA,NA,NA,NA,NA,NA,NA,NA,NA,NA
"242","Kadarius Toney","KC","WR","15289","robust",NA,NA,NA,NA,NA,NA,NA,NA,NA,NA,0.5015,0.0029652,3,0.340998,0.0275,0.029652,0.0125,0.037065,0,NA,0,NA,2.265,0.326172,25.2025,5.33736,0.185,0,NA,NA,NA,NA,NA,NA,NA,NA,NA,NA,NA,NA,NA,NA,NA,NA,NA,NA,NA,NA,NA,NA,NA,NA,NA,NA,NA,NA,NA,NA,NA,NA,NA,NA,NA,NA
"243","Mack Hollins","ATL","WR","13289","robust",NA,NA,NA,NA,NA,NA,NA,NA,NA,NA,0.01,0,0.4775,0.29652,0,0,0,0,0,NA,0,NA,2.1375,0.0741300000000004,27.605,2.431464,0.165,0.014826,NA,NA,NA,NA,NA,NA,NA,NA,NA,NA,NA,NA,NA,NA,NA,NA,NA,NA,NA,NA,NA,NA,NA,NA,NA,NA,NA,NA,NA,NA,NA,NA,NA,NA,NA,NA
"244","Allen Robinson","PIT","WR","11678","robust",NA,NA,NA,NA,NA,NA,NA,NA,NA,NA,0,0,0,0,0,0,0,0,0,NA,0,NA,2.95,0.252042000000001,31.395,3.454458,0.175,0.014826,NA,NA,NA,NA,NA,NA,NA,NA,NA,NA,NA,NA,NA,NA,NA,NA,NA,NA,NA,NA,NA,NA,NA,NA,NA,NA,NA,NA,NA,NA,NA,NA,NA,NA,NA,NA
"245","Braxton Berrios","MIA","WR","13638","robust",NA,NA,NA,NA,NA,NA,NA,NA,NA,NA,0.247,0.103782,1.335,0.563388,0.0141666666666667,0,0,0,0,NA,0.01,0,2.4,0.0741300000000004,26.05,1.438122,0.2,0,NA,NA,NA,NA,NA,NA,NA,NA,NA,NA,NA,NA,NA,NA,NA,NA,NA,NA,NA,NA,NA,NA,NA,NA,NA,NA,NA,NA,NA,NA,NA,NA,NA,NA,NA,NA
"246","Marvin Jones","DET","WR","10738","robust",NA,NA,NA,NA,NA,NA,NA,NA,NA,NA,0,0,0,0,0,0,0.0125,0.037065,0,NA,0,NA,2,0.44478,25.3825,6.52344,0.1825,0.014826,NA,NA,NA,NA,NA,NA,NA,NA,NA,NA,NA,NA,NA,NA,NA,NA,NA,NA,NA,NA,NA,NA,NA,NA,NA,NA,NA,NA,NA,NA,NA,NA,NA,NA,NA,NA
"247","Van Jefferson","LAR","WR","14858","robust",NA,NA,NA,NA,NA,NA,NA,NA,NA,NA,0.06,0.059304,0.25,0.474432,0,0,0,0,0,NA,0,NA,1.7,0.711648,22.4475,8.67321,0.13,0,NA,NA,NA,NA,NA,NA,NA,NA,NA,NA,NA,NA,NA,NA,NA,NA,NA,NA,NA,NA,NA,NA,NA,NA,NA,NA,NA,NA,NA,NA,NA,NA,NA,NA,NA,NA
"248","Terrace Marshall","CAR","WR","15308","robust",NA,NA,NA,NA,NA,NA,NA,NA,NA,NA,0,0,0.02,0,0,0,0,0,0,NA,0,NA,2,0.103782,25.05,0.252042,0.1,0.00741300000000001,NA,NA,NA,NA,NA,NA,NA,NA,NA,NA,NA,NA,NA,NA,NA,NA,NA,NA,NA,NA,NA,NA,NA,NA,NA,NA,NA,NA,NA,NA,NA,NA,NA,NA,NA,NA
"249","Kyle Philips","TEN","WR","15901","robust",NA,NA,NA,NA,NA,NA,NA,NA,NA,NA,0.01,0,0.17,0.14826,0,0,0.025,0,0,NA,0,NA,1.7,0,22.3,0.889560000000002,0.095,0,NA,NA,NA,NA,NA,NA,NA,NA,NA,NA,NA,NA,NA,NA,NA,NA,NA,NA,NA,NA,NA,NA,NA,NA,NA,NA,NA,NA,NA,NA,NA,NA,NA,"Knee - MCL",2023,5
"250","Jalin Hyatt","NYG","WR","16183","robust",NA,NA,NA,NA,NA,NA,NA,NA,NA,NA,0.01,0,0.2,0.44478,0,0,0.0125,0.037065,0,NA,0,NA,1.8,0.29652,22,10.437504,0.1,0,NA,NA,NA,NA,NA,NA,NA,NA,NA,NA,NA,NA,NA,NA,NA,NA,NA,NA,NA,NA,NA,NA,NA,NA,NA,NA,NA,NA,NA,NA,NA,NA,NA,NA,NA,NA
"251","John Metchie","HOU","WR","15759","robust",NA,NA,NA,NA,NA,NA,NA,NA,NA,NA,0.0125,0.0185325,0.2,0.29652,0,0,0.0125,0.0185325,0,NA,0,NA,1.21,0.185325,14.545,0.66717,0.085,0.00741300000000001,NA,NA,NA,NA,NA,NA,NA,NA,NA,NA,NA,NA,NA,NA,NA,NA,NA,NA,NA,NA,NA,NA,NA,NA,NA,NA,NA,NA,NA,NA,NA,NA,"Q","Illness",2023,5
"252","Isaiah Hodgins","NYG","WR","14849","robust",NA,NA,NA,NA,NA,NA,NA,NA,NA,NA,0,0,0,0,0,0,0.05,0.07413,0,NA,0,NA,2.2175,0.800604,24.1,8.8956,0.13,0.044478,NA,NA,NA,NA,NA,NA,NA,NA,NA,NA,NA,NA,NA,NA,NA,NA,NA,NA,NA,NA,NA,NA,NA,NA,NA,NA,NA,NA,NA,NA,NA,NA,NA,NA,NA,NA
"253","Chris Moore","TEN","WR","12773","robust",NA,NA,NA,NA,NA,NA,NA,NA,NA,NA,0,0,0.1,0.14826,0,0,0,0,0,NA,0,NA,1.975,0.281694,27.45,3.076395,0.15,0.066717,NA,NA,NA,NA,NA,NA,NA,NA,NA,NA,NA,NA,NA,NA,NA,NA,NA,NA,NA,NA,NA,NA,NA,NA,NA,NA,NA,NA,NA,NA,NA,NA,NA,NA,NA,NA
"254","Brandon Johnson","DEN","WR","15987","robust",NA,NA,NA,NA,NA,NA,NA,NA,NA,NA,0,0,0.05,0.14826,0,0,0.0125,0.037065,0,NA,0,NA,1.8,0.29652,21.6375,3.85476,0.2,0.07413,NA,NA,NA,NA,NA,NA,NA,NA,NA,NA,NA,NA,NA,NA,NA,NA,NA,NA,NA,NA,NA,NA,NA,NA,NA,NA,NA,NA,NA,NA,NA,NA,NA,NA,NA,NA
"255","Parris Campbell","NYG","WR","14112","robust",NA,NA,NA,NA,NA,NA,NA,NA,NA,NA,0.02,0,0.34,0.14826,0,0,0,0,0,NA,0,NA,2.1325,1.349166,21.4675,7.26474,0.1,0,NA,NA,NA,NA,NA,NA,NA,NA,NA,NA,NA,NA,NA,NA,NA,NA,NA,NA,NA,NA,NA,NA,NA,NA,NA,NA,NA,NA,NA,NA,NA,NA,NA,NA,NA,NA
"256","Trenton Irwin","CIN","WR","14551","robust",NA,NA,NA,NA,NA,NA,NA,NA,NA,NA,0,0,0.05,0.07413,0,0,0,0,0,NA,0.01,0,1.435,0.266868,19.04,6.642048,0.1,0,NA,NA,NA,NA,NA,NA,NA,NA,NA,NA,NA,NA,NA,NA,NA,NA,NA,NA,NA,NA,NA,NA,NA,NA,NA,NA,NA,NA,NA,NA,NA,NA,NA,NA,NA,NA
"257","Jauan Jennings","SF","WR","14860","robust",NA,NA,NA,NA,NA,NA,NA,NA,NA,NA,0,0,0,0,0,0,0,0,0,NA,0,NA,1.315,0.303933,18.91,4.59606,0.1,0,NA,NA,NA,NA,NA,NA,NA,NA,NA,NA,NA,NA,NA,NA,NA,NA,NA,NA,NA,NA,NA,NA,NA,NA,NA,NA,NA,NA,NA,NA,NA,NA,NA,NA,NA,NA
"258","Olamide Zaccheaus","PHI","WR","14592","robust",NA,NA,NA,NA,NA,NA,NA,NA,NA,NA,0.0333333333333333,0.04942,0.03,0,0,0,0,0,0,NA,0,NA,1.1,0.681996,14.35,10.89711,0.1,0.088956,NA,NA,NA,NA,NA,NA,NA,NA,NA,NA,NA,NA,NA,NA,NA,NA,NA,NA,NA,NA,NA,NA,NA,NA,NA,NA,NA,NA,NA,NA,NA,NA,NA,NA,NA,NA
"259","Hunter Renfrow","LVR","WR","14123","robust",NA,NA,NA,NA,NA,NA,NA,NA,NA,NA,0,0,0,0,0,0,0,0,0,NA,0,NA,1.9,0.763539,20.245,7.576086,0.1,0.014826,NA,NA,NA,NA,NA,NA,NA,NA,NA,NA,NA,NA,NA,NA,NA,NA,NA,NA,NA,NA,NA,NA,NA,NA,NA,NA,NA,NA,NA,NA,NA,NA,NA,NA,NA,NA
"260","Demario Douglas","NE","WR","16342","robust",NA,NA,NA,NA,NA,NA,NA,NA,NA,NA,0.085,0.029652,0.4,0.830256,0,0,0.0125,0.037065,0,NA,0,NA,1.5125,0.14826,21.7875,1.393644,0.1,0.014826,NA,NA,NA,NA,NA,NA,NA,NA,NA,NA,NA,NA,NA,NA,NA,NA,NA,NA,NA,NA,NA,NA,NA,NA,NA,NA,NA,NA,NA,NA,NA,NA,NA,NA,NA,NA
"261","Khalil Shakir","BUF","WR","15761","robust",NA,NA,NA,NA,NA,NA,NA,NA,NA,NA,0,0,0,0,0,0,0,0,0,NA,0,NA,0.87,0.252042,10.3925,2.179422,0.08,0.029652,NA,NA,NA,NA,NA,NA,NA,NA,NA,NA,NA,NA,NA,NA,NA,NA,NA,NA,NA,NA,NA,NA,NA,NA,NA,NA,NA,NA,NA,NA,NA,NA,NA,NA,NA,NA
"262","Nelson Agholor","BAL","WR","12181","robust",NA,NA,NA,NA,NA,NA,NA,NA,NA,NA,0.01,0,0.1,0.14826,0,0,0,0,0,NA,0,NA,1.57,0.59304,19.74,5.33736,0.145,0,NA,NA,NA,NA,NA,NA,NA,NA,NA,NA,NA,NA,NA,NA,NA,NA,NA,NA,NA,NA,NA,NA,NA,NA,NA,NA,NA,NA,NA,NA,NA,NA,NA,NA,NA,NA
"263","Ben Skowronek","LAR","WR","15491","robust",NA,NA,NA,NA,NA,NA,NA,NA,NA,NA,0,0,0.4475,0.392889,0,0,0,0,0,NA,0,NA,0.51,0.274281,8.4175,5.78214,0.0075,0.007413,NA,NA,NA,NA,NA,NA,NA,NA,NA,NA,NA,NA,NA,NA,NA,NA,NA,NA,NA,NA,NA,NA,NA,NA,NA,NA,NA,NA,NA,NA,NA,NA,NA,NA,NA,NA
"264","DeAndre Carter","LVR","WR","12394","robust",NA,NA,NA,NA,NA,NA,NA,NA,NA,NA,0.025,0.037065,0.4,0.51891,0,0,0,0,0,NA,0,NA,1.005,0.585627,12.215,7.539021,0.09,0.051891,NA,NA,NA,NA,NA,NA,NA,NA,NA,NA,NA,NA,NA,NA,NA,NA,NA,NA,NA,NA,NA,NA,NA,NA,NA,NA,NA,NA,NA,NA,NA,NA,NA,NA,NA,NA
"265","Dontayvion Wicks","GB","WR","16195","robust",NA,NA,NA,NA,NA,NA,NA,NA,NA,NA,0.0125,0.0185325,0.105,0.14826,0,0,0,0,0,NA,0,NA,1.1,0.237216,13.615,2.794701,0.1,0.022239,NA,NA,NA,NA,NA,NA,NA,NA,NA,NA,NA,NA,NA,NA,NA,NA,NA,NA,NA,NA,NA,NA,NA,NA,NA,NA,NA,NA,NA,NA,NA,NA,NA,NA,NA,NA
"266","Quez Watkins","PHI","WR","14992","robust",NA,NA,NA,NA,NA,NA,NA,NA,NA,NA,0.0125,0.0185325,0.1,0.07413,0,0,0.0125,0.0185325,0,NA,0,NA,1.405,0.0963690000000002,15.9,3.63237,0.1,0.014826,NA,NA,NA,NA,NA,NA,NA,NA,NA,NA,NA,NA,NA,NA,NA,NA,NA,NA,NA,NA,NA,NA,NA,NA,NA,NA,NA,NA,NA,NA,NA,NA,NA,NA,NA,NA
"267","Byron Pringle","WAS","WR","13863","robust",NA,NA,NA,NA,NA,NA,NA,NA,NA,NA,0,0,0,0,0,0,0,0,0,NA,0,NA,0.745,0.207564,11.23,3.172764,0.1,0.00741300000000001,NA,NA,NA,NA,NA,NA,NA,NA,NA,NA,NA,NA,NA,NA,NA,NA,NA,NA,NA,NA,NA,NA,NA,NA,NA,NA,NA,NA,NA,NA,NA,NA,NA,NA,NA,NA
"268","Devin Duvernay","BAL","WR","14847","robust",NA,NA,NA,NA,NA,NA,NA,NA,NA,NA,0.350526315789474,0.177912,2.905,0.0889559999999997,0.015,0.014826,0,0,0,NA,0.06,0,0.52,0.0593040000000001,6.73,1.571556,0.02,0.029652,NA,NA,NA,NA,NA,NA,NA,NA,NA,NA,NA,NA,NA,NA,NA,NA,NA,NA,NA,NA,NA,NA,NA,NA,NA,NA,NA,NA,NA,NA,NA,NA,NA,NA,NA,NA
"269","Randall Cobb","NYJ","WR","10308","robust",NA,NA,NA,NA,NA,NA,NA,NA,NA,NA,0,0,0,0,0,0,0,0,0,NA,0,NA,1.6,0.355824,18.2,4.544169,0.085,0.059304,NA,NA,NA,NA,NA,NA,NA,NA,NA,NA,NA,NA,NA,NA,NA,NA,NA,NA,NA,NA,NA,NA,NA,NA,NA,NA,NA,NA,NA,NA,NA,NA,NA,NA,NA,NA
"270","Trent Sherfield","BUF","WR","13893","robust",NA,NA,NA,NA,NA,NA,NA,NA,NA,NA,0,0,0.125,0.14826,0,0,0,0,0,NA,0,NA,1.55,0.429954,17.75,4.158693,0.1,0,NA,NA,NA,NA,NA,NA,NA,NA,NA,NA,NA,NA,NA,NA,NA,NA,NA,NA,NA,NA,NA,NA,NA,NA,NA,NA,NA,NA,NA,NA,NA,NA,NA,NA,NA,NA
"271","Ronnie Bell","SF","WR","16202","robust",NA,NA,NA,NA,NA,NA,NA,NA,NA,NA,0.0125,0,0.165,0.14826,0,0,0.0333333333333333,0.04942,0,NA,0,NA,0.625,0.163086,7.82,1.527078,0.05,0.059304,NA,NA,NA,NA,NA,NA,NA,NA,NA,NA,NA,NA,NA,NA,NA,NA,NA,NA,NA,NA,NA,NA,NA,NA,NA,NA,NA,NA,NA,NA,NA,NA,NA,NA,NA,NA
"272","Dyami Brown","WAS","WR","15292","robust",NA,NA,NA,NA,NA,NA,NA,NA,NA,NA,0,0,0.25,0.14826,0,0,0,0,0,NA,0,NA,1.015,0.400302,15.775,2.624202,0.095,0,NA,NA,NA,NA,NA,NA,NA,NA,NA,NA,NA,NA,NA,NA,NA,NA,NA,NA,NA,NA,NA,NA,NA,NA,NA,NA,NA,NA,NA,NA,NA,NA,NA,NA,NA,NA
"273","Deonte Harris","BUF","WR","14558","robust",NA,NA,NA,NA,NA,NA,NA,NA,NA,NA,0.441354166666667,0.177912,2.555,1.008168,0.005,0,0,0,0,NA,0.02,0,1.42,0.118608,15.875,1.438122,0.095,0.007413,NA,NA,NA,NA,NA,NA,NA,NA,NA,NA,NA,NA,NA,NA,NA,NA,NA,NA,NA,NA,NA,NA,NA,NA,NA,NA,NA,NA,NA,NA,NA,NA,NA,NA,NA,NA
"274","Equanimeous St. Brown","CHI","WR","13637","robust",NA,NA,NA,NA,NA,NA,NA,NA,NA,NA,0,0,0.5,0.51891,0,0,0,0,0,NA,0,NA,1,0.0815430000000001,14.55,2.083053,0.075,0,NA,NA,NA,NA,NA,NA,NA,NA,NA,NA,NA,NA,NA,NA,NA,NA,NA,NA,NA,NA,NA,NA,NA,NA,NA,NA,NA,NA,NA,NA,NA,NA,NA,NA,NA,NA
"275","Demarcus Robinson","LAR","WR","12785","robust",NA,NA,NA,NA,NA,NA,NA,NA,NA,NA,0,0,0.0125,0,0,0,0.05,0.07413,0,NA,0,NA,0.765,0.192738,7.35,3.33585,0.035,0.029652,NA,NA,NA,NA,NA,NA,NA,NA,NA,NA,NA,NA,NA,NA,NA,NA,NA,NA,NA,NA,NA,NA,NA,NA,NA,NA,NA,NA,NA,NA,NA,NA,NA,NA,NA,NA
"276","Cedrick Wilson","MIA","WR","13652","robust",NA,NA,NA,NA,NA,NA,NA,NA,NA,NA,0,0,0,0,0,0,0,0,0,NA,0,NA,0.43,0.044478,6.475,0.622692,0.02,0,NA,NA,NA,NA,NA,NA,NA,NA,NA,NA,NA,NA,NA,NA,NA,NA,NA,NA,NA,NA,NA,NA,NA,NA,NA,NA,NA,NA,NA,NA,NA,NA,NA,NA,NA,NA
"277","Greg Dortch","ARI","WR","14108","robust",NA,NA,NA,NA,NA,NA,NA,NA,NA,NA,0,0,1.0025,1.11195,0,0,0,0,0,NA,0.02,0,0.555,0.318759,7.93,5.218752,0.04,0.037065,NA,NA,NA,NA,NA,NA,NA,NA,NA,NA,NA,NA,NA,NA,NA,NA,NA,NA,NA,NA,NA,NA,NA,NA,NA,NA,NA,NA,NA,NA,NA,NA,NA,NA,NA,NA
"278","Mecole Hardman","NYJ","WR","14113","robust",NA,NA,NA,NA,NA,NA,NA,NA,NA,NA,0,0,0.8,0.59304,0,0,0,0,0,NA,0,NA,0.755,0.459606,8.57,4.848102,0.045,0.014826,NA,NA,NA,NA,NA,NA,NA,NA,NA,NA,NA,NA,NA,NA,NA,NA,NA,NA,NA,NA,NA,NA,NA,NA,NA,NA,NA,NA,NA,NA,NA,NA,NA,NA,NA,NA
"279","Zach Pascal","ARI","WR","13488","robust",NA,NA,NA,NA,NA,NA,NA,NA,NA,NA,0,0,0,0,0,0,0,0,0,NA,0,NA,0.91,0.103782,10.985,0.163086000000002,0.06,0.059304,NA,NA,NA,NA,NA,NA,NA,NA,NA,NA,NA,NA,NA,NA,NA,NA,NA,NA,NA,NA,NA,NA,NA,NA,NA,NA,NA,NA,NA,NA,NA,NA,NA,NA,NA,NA
"280","Isaiah McKenzie","IND","WR","13313","robust",NA,NA,NA,NA,NA,NA,NA,NA,NA,NA,0,0,0.5,0.44478,0,0,0,0,0,NA,0,NA,1.225,0.37065,12.89,1.512252,0.1,0,NA,NA,NA,NA,NA,NA,NA,NA,NA,NA,NA,NA,NA,NA,NA,NA,NA,NA,NA,NA,NA,NA,NA,NA,NA,NA,NA,NA,NA,NA,NA,NA,NA,NA,NA,NA
"281","Jalen Tolbert","DAL","WR","15788","robust",NA,NA,NA,NA,NA,NA,NA,NA,NA,NA,0,0,0,0,0,0,0,0,0,NA,0,NA,0.84,0.207564,10.37,3.513762,0.03,0,NA,NA,NA,NA,NA,NA,NA,NA,NA,NA,NA,NA,NA,NA,NA,NA,NA,NA,NA,NA,NA,NA,NA,NA,NA,NA,NA,NA,NA,NA,NA,NA,NA,NA,NA,NA
"282","Lil'Jordan Humphrey","DEN","WR","14118","robust",NA,NA,NA,NA,NA,NA,NA,NA,NA,NA,0,0,0,0,0,0,0,0,0,NA,0,NA,0.7,0.170499,8.9,2.431464,0.085,0.037065,NA,NA,NA,NA,NA,NA,NA,NA,NA,NA,NA,NA,NA,NA,NA,NA,NA,NA,NA,NA,NA,NA,NA,NA,NA,NA,NA,NA,NA,NA,NA,NA,NA,NA,NA,NA
"283","KhaDarel Hodge","ATL","WR","13963","robust",NA,NA,NA,NA,NA,NA,NA,NA,NA,NA,0,0,0,0,0,0,0,0,0,NA,0,NA,0.625,0.029652,7.93,0.785777999999999,0.01,0,NA,NA,NA,NA,NA,NA,NA,NA,NA,NA,NA,NA,NA,NA,NA,NA,NA,NA,NA,NA,NA,NA,NA,NA,NA,NA,NA,NA,NA,NA,NA,NA,NA,NA,NA,NA
"284","Jamal Agnew","JAC","WR","13308","robust",NA,NA,NA,NA,NA,NA,NA,NA,NA,NA,0.326403985507246,0.059304,2.3,0.29652,0.005,0,0.0333333333333333,0.04942,0,NA,0.07,0,0.65,0.415128,7.57,5.278056,0.025,0.014826,NA,NA,NA,NA,NA,NA,NA,NA,NA,NA,NA,NA,NA,NA,NA,NA,NA,NA,NA,NA,NA,NA,NA,NA,NA,NA,NA,NA,NA,NA,NA,NA,"Q","Quadriceps",2023,5
"285","Sterling Shepard","NYG","WR","12658","robust",NA,NA,NA,NA,NA,NA,NA,NA,NA,NA,0,0,0.065,0.14826,0,0,0,0,0,NA,0,NA,0.39,0.14826,5.4475,2.9652,0.0075,0.007413,NA,NA,NA,NA,NA,NA,NA,NA,NA,NA,NA,NA,NA,NA,NA,NA,NA,NA,NA,NA,NA,NA,NA,NA,NA,NA,NA,NA,NA,NA,NA,NA,NA,NA,NA,NA
"286","Justyn Ross","KC","WR","15763","robust",NA,NA,NA,NA,NA,NA,NA,NA,NA,NA,0,0,0.1,0.14826,0,0,0,0,0,NA,0,NA,0.5,0.326172,5.215,0.59304,0.02,0.029652,NA,NA,NA,NA,NA,NA,NA,NA,NA,NA,NA,NA,NA,NA,NA,NA,NA,NA,NA,NA,NA,NA,NA,NA,NA,NA,NA,NA,NA,NA,NA,NA,NA,NA,NA,NA
"287","Andrei Iosivas","CIN","WR","16207","robust",NA,NA,NA,NA,NA,NA,NA,NA,NA,NA,0,0,0.2,0,0,0,0,0,0,NA,0,NA,0.85,0.14826,10.7,1.77912,0.1,0,NA,NA,NA,NA,NA,NA,NA,NA,NA,NA,NA,NA,NA,NA,NA,NA,NA,NA,NA,NA,NA,NA,NA,NA,NA,NA,NA,NA,NA,NA,NA,NA,NA,NA,NA,NA
"288","Laviska Shenault","CAR","WR","14838","robust",NA,NA,NA,NA,NA,NA,NA,NA,NA,NA,1.17450111877255,0.0756092826156444,6.1,0.148259999999999,0.02,0,0,0,0,NA,0,NA,0.935,0.133434,10.08,0.340998000000001,0.02,0,NA,NA,NA,NA,NA,NA,NA,NA,NA,NA,NA,NA,NA,NA,NA,NA,NA,NA,NA,NA,NA,NA,NA,NA,NA,NA,NA,NA,NA,NA,NA,NA,NA,NA,NA,NA
"289","Colton Dowell","TEN","WR","16354","robust",NA,NA,NA,NA,NA,NA,NA,NA,NA,NA,0,0,0.2,0.29652,0,0,0,0,0,NA,0,NA,0.5,0.415128,7,4.685016,0.025,0,NA,NA,NA,NA,NA,NA,NA,NA,NA,NA,NA,NA,NA,NA,NA,NA,NA,NA,NA,NA,NA,NA,NA,NA,NA,NA,NA,NA,NA,NA,NA,NA,NA,NA,NA,NA
"290","Tyler Scott","CHI","WR","16205","robust",NA,NA,NA,NA,NA,NA,NA,NA,NA,NA,0.325,0.0741300000000001,1.9,0.155673,0.000746445497630332,0.00073778672985782,0,0,0,NA,0,NA,0.6,0.0296519999999999,7.9,0.59304,0.05,0.044478,NA,NA,NA,NA,NA,NA,NA,NA,NA,NA,NA,NA,NA,NA,NA,NA,NA,NA,NA,NA,NA,NA,NA,NA,NA,NA,NA,NA,NA,NA,NA,NA,NA,NA,NA,NA
"291","Ray-Ray McCloud","SF","WR","13641","robust",NA,NA,NA,NA,NA,NA,NA,NA,NA,NA,0.202011904761905,0.0172852333333333,1.0975,0.0963689999999999,0.0075,0.007413,0,0,0,NA,0.01,0,0.3675,0.133434,5.0725,1.771707,0.015,0.022239,NA,NA,NA,NA,NA,NA,NA,NA,NA,NA,NA,NA,NA,NA,NA,NA,NA,NA,NA,NA,NA,NA,NA,NA,NA,NA,NA,NA,NA,NA,NA,NA,NA,NA,NA,NA
"292","Kayshon Boutte","NE","WR","16193","robust",NA,NA,NA,NA,NA,NA,NA,NA,NA,NA,0,0,-0.05,0,0,0,0.05,0.07413,0,NA,0,NA,0.34,0.118608,3.845,1.541904,0.0025,0,NA,NA,NA,NA,NA,NA,NA,NA,NA,NA,NA,NA,NA,NA,NA,NA,NA,NA,NA,NA,NA,NA,NA,NA,NA,NA,NA,NA,NA,NA,NA,NA,NA,NA,NA,NA
"293","Amari Rodgers","HOU","WR","15297","robust",NA,NA,NA,NA,NA,NA,NA,NA,NA,NA,0,0,0.2775,0.29652,0,0,0,0,0,NA,0,NA,0.2775,0.044478,4.9775,2.475942,0.015,0.014826,NA,NA,NA,NA,NA,NA,NA,NA,NA,NA,NA,NA,NA,NA,NA,NA,NA,NA,NA,NA,NA,NA,NA,NA,NA,NA,NA,NA,NA,NA,NA,NA,NA,NA,NA,NA
"294","Amari Rodgers","IND","WR","15297","robust",NA,NA,NA,NA,NA,NA,NA,NA,NA,NA,0,0,0.2775,0.29652,0,0,0,0,0,NA,0,NA,0.2775,0.044478,4.9775,2.475942,0.015,0.014826,NA,NA,NA,NA,NA,NA,NA,NA,NA,NA,NA,NA,NA,NA,NA,NA,NA,NA,NA,NA,NA,NA,NA,NA,NA,NA,NA,NA,NA,NA,NA,NA,NA,NA,NA,NA
"295","Samori Toure","GB","WR","15841","robust",NA,NA,NA,NA,NA,NA,NA,NA,NA,NA,0,0,0,0,0,0,0,0,0,NA,0,NA,0.61,0.0296519999999999,8.38,0.192737999999999,0.05,0.07413,NA,NA,NA,NA,NA,NA,NA,NA,NA,NA,NA,NA,NA,NA,NA,NA,NA,NA,NA,NA,NA,NA,NA,NA,NA,NA,NA,NA,NA,NA,NA,NA,NA,NA,NA,NA
"296","Velus Jones","CHI","WR","15767","robust",NA,NA,NA,NA,NA,NA,NA,NA,NA,NA,0.4,0.14826,3.39,1.882902,0.005,0,0.00125,0,0,NA,0,NA,0.26,0,4.05,0.81543,0.02,0.029652,NA,NA,NA,NA,NA,NA,NA,NA,NA,NA,NA,NA,NA,NA,NA,NA,NA,NA,NA,NA,NA,NA,NA,NA,NA,NA,NA,NA,NA,NA,NA,NA,NA,NA,NA,NA
"297","Tim Jones","JAC","WR","16005","robust",NA,NA,NA,NA,NA,NA,NA,NA,NA,NA,0,0,0,0,0,0,0,0,0,NA,0,NA,0.345,0.118608,3.7925,2.07564,0.015,0.014826,NA,NA,NA,NA,NA,NA,NA,NA,NA,NA,NA,NA,NA,NA,NA,NA,NA,NA,NA,NA,NA,NA,NA,NA,NA,NA,NA,NA,NA,NA,NA,NA,NA,NA,NA,NA
"298","Xavier Gipson","NYJ","WR","16416","robust",NA,NA,NA,NA,NA,NA,NA,NA,NA,NA,0.6,0.066717,2.7,0.948864,0.00160175879396985,0.0015831783919598,0,0,0,NA,0.01,0,0.43,0.029652,5.2075,0.303933,0.02,0.022239,NA,NA,NA,NA,NA,NA,NA,NA,NA,NA,NA,NA,NA,NA,NA,NA,NA,NA,NA,NA,NA,NA,NA,NA,NA,NA,NA,NA,NA,NA,NA,NA,NA,NA,NA,NA
"299","Jamison Crowder","WAS","WR","12184","robust",NA,NA,NA,NA,NA,NA,NA,NA,NA,NA,0,0,0.11,0.14826,0,0,0,0,0,NA,0.01,0,0.265,0.014826,3.9025,1.349166,0.0175,0.014826,NA,NA,NA,NA,NA,NA,NA,NA,NA,NA,NA,NA,NA,NA,NA,NA,NA,NA,NA,NA,NA,NA,NA,NA,NA,NA,NA,NA,NA,NA,NA,NA,NA,NA,NA,NA
"300","Antoine Green","DET","WR","16349","robust",NA,NA,NA,NA,NA,NA,NA,NA,NA,NA,0,0,0.125,0.14826,0,0,0,0,0,NA,0,NA,0.3025,0.14826,4.8125,2.994852,0.0225,0.029652,NA,NA,NA,NA,NA,NA,NA,NA,NA,NA,NA,NA,NA,NA,NA,NA,NA,NA,NA,NA,NA,NA,NA,NA,NA,NA,NA,NA,NA,NA,NA,NA,NA,NA,NA,NA
"301","Miles Boykin","PIT","WR","14125","robust",NA,NA,NA,NA,NA,NA,NA,NA,NA,NA,0,0,0.0525,0.051891,0,0,0,0,0,NA,0,NA,0.3425,0.133434,4.39,1.312101,0.01,0.014826,NA,NA,NA,NA,NA,NA,NA,NA,NA,NA,NA,NA,NA,NA,NA,NA,NA,NA,NA,NA,NA,NA,NA,NA,NA,NA,NA,NA,NA,NA,NA,NA,NA,NA,NA,NA
"302","KaVontae Turpin","DAL","WR","15981","robust",NA,NA,NA,NA,NA,NA,NA,NA,NA,NA,0.549434398231867,0.269292827004219,4.2,1.18608,0.03,0.029652,0,0,0,NA,0.01,0,0.445,0.059304,4.82,0.489258,0.015,0,NA,NA,NA,NA,NA,NA,NA,NA,NA,NA,NA,NA,NA,NA,NA,NA,NA,NA,NA,NA,NA,NA,NA,NA,NA,NA,NA,NA,NA,NA,NA,NA,NA,NA,NA,NA
"303","Scott Miller","ATL","WR","14280","robust",NA,NA,NA,NA,NA,NA,NA,NA,NA,NA,0,0,0,0,0,0,0,0,0,NA,0,NA,0.16,0.044478,3.8125,2.172009,0.0075,0.007413,NA,NA,NA,NA,NA,NA,NA,NA,NA,NA,NA,NA,NA,NA,NA,NA,NA,NA,NA,NA,NA,NA,NA,NA,NA,NA,NA,NA,NA,NA,NA,NA,NA,NA,NA,NA
"304","Brandon Powell","MIN","WR","13910","robust",NA,NA,NA,NA,NA,NA,NA,NA,NA,NA,0,0,0.8825,0.7413,0,0,0,0,0,NA,0,NA,0.4325,0.111195,4.075,0.96369,0.015,0.014826,NA,NA,NA,NA,NA,NA,NA,NA,NA,NA,NA,NA,NA,NA,NA,NA,NA,NA,NA,NA,NA,NA,NA,NA,NA,NA,NA,NA,NA,NA,NA,NA,NA,NA,NA,NA
"305","Xavier Hutchinson","HOU","WR","16201","robust",NA,NA,NA,NA,NA,NA,NA,NA,NA,NA,0,0,0.075,0.07413,0,0,0,0,0,NA,0,NA,0.2575,0.07413,2.925,0.29652,0.0075,0.007413,NA,NA,NA,NA,NA,NA,NA,NA,NA,NA,NA,NA,NA,NA,NA,NA,NA,NA,NA,NA,NA,NA,NA,NA,NA,NA,NA,NA,NA,NA,NA,NA,NA,NA,NA,NA
"306","Tre Tucker","LVR","WR","16287","robust",NA,NA,NA,NA,NA,NA,NA,NA,NA,NA,0,0,0.66,0.7413,0.0025,0,0,0,0,NA,0,NA,0.2775,0.014826,4.185,0.904386,0.0125,0.014826,NA,NA,NA,NA,NA,NA,NA,NA,NA,NA,NA,NA,NA,NA,NA,NA,NA,NA,NA,NA,NA,NA,NA,NA,NA,NA,NA,NA,NA,NA,NA,NA,NA,NA,NA,NA
"307","Matthew Slater","NE","WR","9200","robust",NA,NA,NA,NA,NA,NA,NA,NA,NA,NA,0,0,0.14,0.059304,0,0,0,0,NA,NA,NA,NA,0.025,0.037065,3.79,1.912554,0.01,0.014826,NA,NA,NA,NA,NA,NA,NA,NA,NA,NA,NA,NA,NA,NA,NA,NA,NA,NA,NA,NA,NA,NA,NA,NA,NA,NA,NA,NA,NA,NA,NA,NA,NA,NA,NA,NA
"308","Keith Kirkwood","NO","WR","13882","robust",NA,NA,NA,NA,NA,NA,NA,NA,NA,NA,0,0,0,0,0,0,0,0,0,NA,0,NA,0.2375,0.066717,3.415,1.03782,0.0075,0.007413,NA,NA,NA,NA,NA,NA,NA,NA,NA,NA,NA,NA,NA,NA,NA,NA,NA,NA,NA,NA,NA,NA,NA,NA,NA,NA,NA,NA,NA,NA,NA,NA,NA,NA,NA,NA
"309","Robby Anderson","MIA","WR","12930","robust",NA,NA,NA,NA,NA,NA,NA,NA,NA,NA,0,0,0,0,0,0,0,0,NA,NA,NA,NA,0.295,0.140847,3.495,1.771707,0.02,0.029652,NA,NA,NA,NA,NA,NA,NA,NA,NA,NA,NA,NA,NA,NA,NA,NA,NA,NA,NA,NA,NA,NA,NA,NA,NA,NA,NA,NA,NA,NA,NA,NA,NA,NA,NA,NA
"310","Lynn Bowden","NO","WR","14843","robust",NA,NA,NA,NA,NA,NA,NA,NA,NA,NA,0,0,0.455,0.229803,0,0,0,0,NA,NA,NA,NA,0.34,0.059304,3.05,0.96369,0.005,0.007413,NA,NA,NA,NA,NA,NA,NA,NA,NA,NA,NA,NA,NA,NA,NA,NA,NA,NA,NA,NA,NA,NA,NA,NA,NA,NA,NA,NA,NA,NA,NA,NA,NA,NA,NA,NA
"311","Montrell Washington","KC","WR","15900","robust",NA,NA,NA,NA,NA,NA,NA,NA,NA,NA,0,0,0.465,0.244629,0,0,0,0,NA,NA,NA,NA,0.17,0.103782,2.5,1.18608,0.01,0.014826,NA,NA,NA,NA,NA,NA,NA,NA,NA,NA,NA,NA,NA,NA,NA,NA,NA,NA,NA,NA,NA,NA,NA,NA,NA,NA,NA,NA,NA,NA,NA,NA,NA,NA,NA,NA
"312","Gunner Olszewski","PIT","WR","14555","robust",NA,NA,NA,NA,NA,NA,NA,NA,NA,NA,0,0,1.785,0.867321,0.01,0.014826,0,0,NA,NA,NA,NA,0.19,0.133434,2.425,1.223145,0.01,0.014826,NA,NA,NA,NA,NA,NA,NA,NA,NA,NA,NA,NA,NA,NA,NA,NA,NA,NA,NA,NA,NA,NA,NA,NA,NA,NA,NA,NA,NA,NA,NA,NA,NA,NA,NA,NA
"313","Erik Ezukanma","MIA","WR","15780","robust",NA,NA,NA,NA,NA,NA,NA,NA,NA,NA,0.401447368421053,0.194883868421053,2.26,1.097124,0.01,0.014826,0,0,NA,NA,NA,NA,0.205,0.00741299999999999,2.36,0.533736,0.01,0.014826,NA,NA,NA,NA,NA,NA,NA,NA,NA,NA,NA,NA,NA,NA,NA,NA,NA,NA,NA,NA,NA,NA,NA,NA,NA,NA,NA,NA,NA,NA,NA,NA,NA,"Neck",2023,5
"314","Malik Heath","GB","WR","16413","robust",NA,NA,NA,NA,NA,NA,NA,NA,NA,NA,0,0,0,0,0,0,0,0,0,NA,0,NA,0.175,0,1.535,0.44478,0.0025,0,NA,NA,NA,NA,NA,NA,NA,NA,NA,NA,NA,NA,NA,NA,NA,NA,NA,NA,NA,NA,NA,NA,NA,NA,NA,NA,NA,NA,NA,NA,NA,NA,NA,NA,NA,NA
"315","Tre'Quan Smith","FA","WR","13645","robust",NA,NA,NA,NA,NA,NA,NA,NA,NA,NA,0,0,0,0,0,0,0,0,NA,NA,NA,NA,0.15,0.07413,1.905,0.896973,0.01,0.014826,NA,NA,NA,NA,NA,NA,NA,NA,NA,NA,NA,NA,NA,NA,NA,NA,NA,NA,NA,NA,NA,NA,NA,NA,NA,NA,NA,NA,NA,NA,NA,NA,NA,NA,NA,NA
"316","Ihmir Smith-Marsette","CAR","WR","15434","robust",NA,NA,NA,NA,NA,NA,NA,NA,NA,NA,0,0,0.465,0.244629,0,0,0,0,NA,NA,0.01,0,0.03,0.044478,1.785,0.867321,0.005,0.007413,NA,NA,NA,NA,NA,NA,NA,NA,NA,NA,NA,NA,NA,NA,NA,NA,NA,NA,NA,NA,NA,NA,NA,NA,NA,NA,NA,NA,NA,NA,NA,NA,NA,NA,NA,NA
"317","Lawrence Cager","NYG","WR","15041","robust",NA,NA,NA,NA,NA,NA,NA,NA,NA,NA,0,0,0,0,0,0,0,0,NA,NA,NA,NA,0.205,0.00741299999999999,2.29,0.014826,0.005,0.007413,NA,NA,NA,NA,NA,NA,NA,NA,NA,NA,NA,NA,NA,NA,NA,NA,NA,NA,NA,NA,NA,NA,NA,NA,NA,NA,NA,NA,NA,NA,NA,NA,NA,NA,NA,NA
"318","Trent Taylor","CHI","WR","13316","robust",NA,NA,NA,NA,NA,NA,NA,NA,NA,NA,0,0,0,0,0,0,0,0,NA,NA,NA,NA,0.13,0.044478,1.36,0.681996,0.005,0.007413,NA,NA,NA,NA,NA,NA,NA,NA,NA,NA,NA,NA,NA,NA,NA,NA,NA,NA,NA,NA,NA,NA,NA,NA,NA,NA,NA,NA,NA,NA,NA,NA,NA,NA,NA,NA
"319","Juwann Winfree","IND","WR","14267","robust",NA,NA,NA,NA,NA,NA,NA,NA,NA,NA,0,0,0,0,0,0,0,0,NA,NA,NA,NA,0.045,0.066717,0.865,0.392889,0.005,0.007413,NA,NA,NA,NA,NA,NA,NA,NA,NA,NA,NA,NA,NA,NA,NA,NA,NA,NA,NA,NA,NA,NA,NA,NA,NA,NA,NA,NA,NA,NA,NA,NA,NA,NA,NA,NA
"320","Travis Kelce","KC","TE","11244","robust",NA,NA,NA,NA,NA,NA,NA,NA,NA,NA,0,0,0.044,0.0652344,0,0,0,0,0,NA,0,NA,6.8,0.281694000000001,76.6225,5.322534,0.7225,0.14826,NA,NA,NA,NA,NA,NA,NA,NA,NA,NA,NA,NA,NA,NA,NA,NA,NA,NA,NA,NA,NA,NA,NA,NA,NA,NA,NA,NA,NA,NA,NA,NA,NA,NA,NA,NA
"321","Mark Andrews","BAL","TE","13671","robust",NA,NA,NA,NA,NA,NA,NA,NA,NA,NA,0,0,0.061,0,0,0,0,0,0,NA,0,NA,5,0.44478,58.855,8.213604,0.47,0.029652,NA,NA,NA,NA,NA,NA,NA,NA,NA,NA,NA,NA,NA,NA,NA,NA,NA,NA,NA,NA,NA,NA,NA,NA,NA,NA,NA,NA,NA,NA,NA,NA,NA,NA,NA,NA
"322","T.J. Hockenson","MIN","TE","14138","robust",NA,NA,NA,NA,NA,NA,NA,NA,NA,NA,0,0,0.01,0,0,0,0.05,0.07413,0,NA,0,NA,5.535,0.266868,53.7325,0.7413,0.4,0,NA,NA,NA,NA,NA,NA,NA,NA,NA,NA,NA,NA,NA,NA,NA,NA,NA,NA,NA,NA,NA,NA,NA,NA,NA,NA,NA,NA,NA,NA,NA,NA,NA,NA,NA,NA
"323","Evan Engram","JAC","TE","13189","robust",NA,NA,NA,NA,NA,NA,NA,NA,NA,NA,0,0,0.055,0,0,0,0,0,0,NA,0,NA,4.7,0.148259999999999,46.2025,2.07564,0.215,0,NA,NA,NA,NA,NA,NA,NA,NA,NA,NA,NA,NA,NA,NA,NA,NA,NA,NA,NA,NA,NA,NA,NA,NA,NA,NA,NA,NA,NA,NA,NA,NA,NA,NA,NA,NA
"324","Sam LaPorta","DET","TE","16214","robust",NA,NA,NA,NA,NA,NA,NA,NA,NA,NA,0,0,0.012,0,0,0,0.0125,0.037065,0,NA,0,NA,4.275,0.148259999999999,50.435,2.81694,0.3,0,NA,NA,NA,NA,NA,NA,NA,NA,NA,NA,NA,NA,NA,NA,NA,NA,NA,NA,NA,NA,NA,NA,NA,NA,NA,NA,NA,NA,NA,NA,NA,NA,NA,NA,NA,NA
"325","Darren Waller","NYG","TE","12263","robust",NA,NA,NA,NA,NA,NA,NA,NA,NA,NA,0,0,0.013,0,0,0,0,0,0,NA,0,NA,4.08,0.148259999999999,46.925,5.63388,0.25,0.029652,NA,NA,NA,NA,NA,NA,NA,NA,NA,NA,NA,NA,NA,NA,NA,NA,NA,NA,NA,NA,NA,NA,NA,NA,NA,NA,NA,NA,NA,NA,NA,NA,NA,NA,NA,NA
"326","Dallas Goedert","PHI","TE","13674","robust",NA,NA,NA,NA,NA,NA,NA,NA,NA,NA,0,0,0.005,0,0,0,0,0,0,NA,0,NA,3.95,0.14826,43.7,3.7065,0.2,0,NA,NA,NA,NA,NA,NA,NA,NA,NA,NA,NA,NA,NA,NA,NA,NA,NA,NA,NA,NA,NA,NA,NA,NA,NA,NA,NA,NA,NA,NA,NA,NA,NA,NA,NA,NA
"327","Tyler Higbee","LAR","TE","12678","robust",NA,NA,NA,NA,NA,NA,NA,NA,NA,NA,0,0,0.009,0,0,0,0,0,0,NA,0,NA,3.855,0.44478,39.07,3.33585,0.215,0.044478,NA,NA,NA,NA,NA,NA,NA,NA,NA,NA,NA,NA,NA,NA,NA,NA,NA,NA,NA,NA,NA,NA,NA,NA,NA,NA,NA,NA,NA,NA,NA,NA,NA,NA,NA,NA
"328","George Kittle","SF","TE","13299","robust",NA,NA,NA,NA,NA,NA,NA,NA,NA,NA,0,0,0.056,0,0.001,0,0,0,0,NA,0,NA,3.7375,0.14826,46.625,1.03782,0.3,0.044478,NA,NA,NA,NA,NA,NA,NA,NA,NA,NA,NA,NA,NA,NA,NA,NA,NA,NA,NA,NA,NA,NA,NA,NA,NA,NA,NA,NA,NA,NA,NA,NA,NA,NA,NA,NA
"329","Cole Kmet","CHI","TE","14867","robust",NA,NA,NA,NA,NA,NA,NA,NA,NA,NA,0,0,0.185,0,0,0,0,0,0,NA,0,NA,3.5,0.29652,39.5425,0.548562000000007,0.3,0,NA,NA,NA,NA,NA,NA,NA,NA,NA,NA,NA,NA,NA,NA,NA,NA,NA,NA,NA,NA,NA,NA,NA,NA,NA,NA,NA,NA,NA,NA,NA,NA,NA,NA,NA,NA
"330","Jake Ferguson","DAL","TE","15799","robust",NA,NA,NA,NA,NA,NA,NA,NA,NA,NA,0,0,0.007,0,0,0,0,0,0,NA,0,NA,3.6175,0.59304,36.34,3.26172,0.2,0,NA,NA,NA,NA,NA,NA,NA,NA,NA,NA,NA,NA,NA,NA,NA,NA,NA,NA,NA,NA,NA,NA,NA,NA,NA,NA,NA,NA,NA,NA,NA,NA,NA,NA,NA,NA
"331","Hunter Henry","NE","TE","12676","robust",NA,NA,NA,NA,NA,NA,NA,NA,NA,NA,0,0,0.03,0.0474432,0,0,0,0,0,NA,0,NA,3.465,0.7413,37.9,6.6717,0.3,0,NA,NA,NA,NA,NA,NA,NA,NA,NA,NA,NA,NA,NA,NA,NA,NA,NA,NA,NA,NA,NA,NA,NA,NA,NA,NA,NA,NA,NA,NA,NA,NA,NA,NA,NA,NA
"332","Zach Ertz","ARI","TE","11247","robust",NA,NA,NA,NA,NA,NA,NA,NA,NA,NA,0,0,0.009,0,0,0,0,0,0,NA,0,NA,4.0525,0.14826,38.225,0.444779999999996,0.2375,0.044478,NA,NA,NA,NA,NA,NA,NA,NA,NA,NA,NA,NA,NA,NA,NA,NA,NA,NA,NA,NA,NA,NA,NA,NA,NA,NA,NA,NA,NA,NA,NA,NA,NA,NA,NA,NA
"333","Luke Musgrave","GB","TE","16215","robust",NA,NA,NA,NA,NA,NA,NA,NA,NA,NA,0,0,0.007,0,0,0,0.0125,0.037065,0,NA,0,NA,2.93,0.578214,30.385,6.123138,0.2,0,NA,NA,NA,NA,NA,NA,NA,NA,NA,NA,NA,NA,NA,NA,NA,NA,NA,NA,NA,NA,NA,NA,NA,NA,NA,NA,NA,NA,NA,NA,NA,NA,"Q","Concussion",2023,5
"334","Logan Thomas","WAS","TE","11647","robust",NA,NA,NA,NA,NA,NA,NA,NA,NA,NA,0.0933333333333333,0,0.34,0.6049008,0.00125,0.0037065,0,0,0,NA,0,NA,3,0.14826,33.05,3.36550199999999,0.2,0,NA,NA,NA,NA,NA,NA,NA,NA,NA,NA,NA,NA,NA,NA,NA,NA,NA,NA,NA,NA,NA,NA,NA,NA,NA,NA,NA,NA,NA,NA,NA,NA,NA,NA,NA,NA
"335","Kyle Pitts","ATL","TE","15329","robust",NA,NA,NA,NA,NA,NA,NA,NA,NA,NA,0,0,0.035,0.103782,0,0,0,0,0,NA,0,NA,2.995,0.0148259999999997,37.8,1.77912,0.2,0,NA,NA,NA,NA,NA,NA,NA,NA,NA,NA,NA,NA,NA,NA,NA,NA,NA,NA,NA,NA,NA,NA,NA,NA,NA,NA,NA,NA,NA,NA,NA,NA,NA,NA,NA,NA
"336","Tyler Conklin","NYJ","TE","13675","robust",NA,NA,NA,NA,NA,NA,NA,NA,NA,NA,0,0,0.02375,0.03521175,0,0,0,0,0,NA,0,NA,2.97,0.244629,30.4,2.231313,0.15,0.059304,NA,NA,NA,NA,NA,NA,NA,NA,NA,NA,NA,NA,NA,NA,NA,NA,NA,NA,NA,NA,NA,NA,NA,NA,NA,NA,NA,NA,NA,NA,NA,NA,NA,NA,NA,NA
"337","Dalton Schultz","HOU","TE","13772","robust",NA,NA,NA,NA,NA,NA,NA,NA,NA,NA,0,0,0.007,0,0,0,0,0,0,NA,0,NA,3.3,0.29652,33.795,0.889560000000002,0.3,0,NA,NA,NA,NA,NA,NA,NA,NA,NA,NA,NA,NA,NA,NA,NA,NA,NA,NA,NA,NA,NA,NA,NA,NA,NA,NA,NA,NA,NA,NA,NA,NA,NA,NA,NA,NA
"338","Dawson Knox","BUF","TE","14143","robust",NA,NA,NA,NA,NA,NA,NA,NA,NA,NA,0,0,0.004,0,0,0,0,0,0,NA,0,NA,2.5025,0.252042000000001,27.16,3.587892,0.27,0.059304,NA,NA,NA,NA,NA,NA,NA,NA,NA,NA,NA,NA,NA,NA,NA,NA,NA,NA,NA,NA,NA,NA,NA,NA,NA,NA,NA,NA,NA,NA,NA,NA,NA,NA,NA,NA
"339","Chigoziem Okonkwo","TEN","TE","15889","robust",NA,NA,NA,NA,NA,NA,NA,NA,NA,NA,0,0,0.075,0,0.001,0,0,0,0,NA,0,NA,2.98,0.0593040000000001,32.2875,2.031162,0.2,0,NA,NA,NA,NA,NA,NA,NA,NA,NA,NA,NA,NA,NA,NA,NA,NA,NA,NA,NA,NA,NA,NA,NA,NA,NA,NA,NA,NA,NA,NA,NA,NA,NA,NA,NA,NA
"340","Irv Smith Jr.","CIN","TE","14141","robust",NA,NA,NA,NA,NA,NA,NA,NA,NA,NA,0,0,0.006,0,0,0,0,0,0,NA,0,NA,2.825,0.14826,24.7625,9.48864,0.165,0.103782,NA,NA,NA,NA,NA,NA,NA,NA,NA,NA,NA,NA,NA,NA,NA,NA,NA,NA,NA,NA,NA,NA,NA,NA,NA,NA,NA,NA,NA,NA,NA,NA,NA,NA,NA,NA
"341","Dalton Kincaid","BUF","TE","16213","robust",NA,NA,NA,NA,NA,NA,NA,NA,NA,NA,0,0,0.007,0,0,0,0.0125,0.037065,0,NA,0,NA,3.1,0.29652,29.7,2.52042,0.2,0,NA,NA,NA,NA,NA,NA,NA,NA,NA,NA,NA,NA,NA,NA,NA,NA,NA,NA,NA,NA,NA,NA,NA,NA,NA,NA,NA,NA,NA,NA,NA,NA,NA,NA,NA,NA
"342","Mike Gesicki","NE","TE","13672","robust",NA,NA,NA,NA,NA,NA,NA,NA,NA,NA,0,0,0.006,0,0,0,0,0,0,NA,0,NA,1.955,0.59304,20.775,6.52344,0.1075,0,NA,NA,NA,NA,NA,NA,NA,NA,NA,NA,NA,NA,NA,NA,NA,NA,NA,NA,NA,NA,NA,NA,NA,NA,NA,NA,NA,NA,NA,NA,NA,NA,NA,NA,NA,NA
"343","Austin Hooper","LVR","TE","12677","robust",NA,NA,NA,NA,NA,NA,NA,NA,NA,NA,0,0,0.008,0,0,0,0,0,0,NA,0,NA,1.965,0.340998,21.075,5.455968,0.1325,0,NA,NA,NA,NA,NA,NA,NA,NA,NA,NA,NA,NA,NA,NA,NA,NA,NA,NA,NA,NA,NA,NA,NA,NA,NA,NA,NA,NA,NA,NA,NA,NA,NA,NA,NA,NA
"344","Hayden Hurst","CAR","TE","13680","robust",NA,NA,NA,NA,NA,NA,NA,NA,NA,NA,0,0,0.007,0,0,0,0,0,0,NA,0,NA,2.57,0.133434,24.8,2.683506,0.2,0,NA,NA,NA,NA,NA,NA,NA,NA,NA,NA,NA,NA,NA,NA,NA,NA,NA,NA,NA,NA,NA,NA,NA,NA,NA,NA,NA,NA,NA,NA,NA,NA,NA,NA,NA,NA
"345","Jonnu Smith","ATL","TE","13193","robust",NA,NA,NA,NA,NA,NA,NA,NA,NA,NA,0,0,0.096,0,0,0,0,0,0,NA,0,NA,2.45,0.59304,27.3025,2.81694,0.135,0.07413,NA,NA,NA,NA,NA,NA,NA,NA,NA,NA,NA,NA,NA,NA,NA,NA,NA,NA,NA,NA,NA,NA,NA,NA,NA,NA,NA,NA,NA,NA,NA,NA,NA,NA,NA,NA
"346","Durham Smythe","MIA","TE","13676","robust",NA,NA,NA,NA,NA,NA,NA,NA,NA,NA,0,0,0.038,0,0,0,0,0,0,NA,0,NA,2.1,0.14826,23.205,0.311346000000001,0.11,0,NA,NA,NA,NA,NA,NA,NA,NA,NA,NA,NA,NA,NA,NA,NA,NA,NA,NA,NA,NA,NA,NA,NA,NA,NA,NA,NA,NA,NA,NA,NA,NA,NA,NA,NA,NA
"347","Kylen Granson","IND","TE","15419","robust",NA,NA,NA,NA,NA,NA,NA,NA,NA,NA,0,0,0.003,0,0,0,0,0,0,NA,0,NA,2.1875,0.29652,25.3,3.11346,0.15,0.029652,NA,NA,NA,NA,NA,NA,NA,NA,NA,NA,NA,NA,NA,NA,NA,NA,NA,NA,NA,NA,NA,NA,NA,NA,NA,NA,NA,NA,NA,NA,NA,NA,NA,NA,NA,NA
"348","Darnell Washington","PIT","TE","16216","robust",NA,NA,NA,NA,NA,NA,NA,NA,NA,NA,0,0,0.009,0,0,0,0.0125,0.037065,0,NA,0,NA,2,0.29652,21.2,5.085318,0.1325,0.029652,NA,NA,NA,NA,NA,NA,NA,NA,NA,NA,NA,NA,NA,NA,NA,NA,NA,NA,NA,NA,NA,NA,NA,NA,NA,NA,NA,NA,NA,NA,NA,NA,NA,NA,NA,NA
"349","Will Mallory","IND","TE","16220","robust",NA,NA,NA,NA,NA,NA,NA,NA,NA,NA,0,0,0,0,0,0,0.025,0.02471,0,NA,0,NA,0.6475,0.51891,9.95,9.56277,0.0075,0.007413,NA,NA,NA,NA,NA,NA,NA,NA,NA,NA,NA,NA,NA,NA,NA,NA,NA,NA,NA,NA,NA,NA,NA,NA,NA,NA,NA,NA,NA,NA,NA,NA,NA,NA,NA,NA
"350","Noah Gray","KC","TE","15337","robust",NA,NA,NA,NA,NA,NA,NA,NA,NA,NA,0,0,0.055,0,0,0,0,0,0,NA,0,NA,1.5225,0.266868,15.91,3.024504,0.1,0,NA,NA,NA,NA,NA,NA,NA,NA,NA,NA,NA,NA,NA,NA,NA,NA,NA,NA,NA,NA,NA,NA,NA,NA,NA,NA,NA,NA,NA,NA,NA,NA,NA,NA,NA,NA
"351","Foster Moreau","NO","TE","14239","robust",NA,NA,NA,NA,NA,NA,NA,NA,NA,NA,0,0,0.2575,0.088956,0,0,0,0,0,NA,0,NA,1.81,0.192738,20.3,0.400301999999999,0.1,0.029652,NA,NA,NA,NA,NA,NA,NA,NA,NA,NA,NA,NA,NA,NA,NA,NA,NA,NA,NA,NA,NA,NA,NA,NA,NA,NA,NA,NA,NA,NA,NA,NA,NA,NA,NA,NA
"352","Trey McBride","ARI","TE","15794","robust",NA,NA,NA,NA,NA,NA,NA,NA,NA,NA,0,0,0.007,0,0,0,0,0,0,NA,0,NA,1.61,0.504084,16.06,2.550072,0.085,0.029652,NA,NA,NA,NA,NA,NA,NA,NA,NA,NA,NA,NA,NA,NA,NA,NA,NA,NA,NA,NA,NA,NA,NA,NA,NA,NA,NA,NA,NA,NA,NA,NA,NA,NA,NA,NA
"353","Adam Trautman","DEN","TE","14870","robust",NA,NA,NA,NA,NA,NA,NA,NA,NA,NA,0,0,0.005,0,0,0,0,0,0,NA,0,NA,1.8175,0.0741300000000001,18.25,1.912554,0.1,0,NA,NA,NA,NA,NA,NA,NA,NA,NA,NA,NA,NA,NA,NA,NA,NA,NA,NA,NA,NA,NA,NA,NA,NA,NA,NA,NA,NA,NA,NA,NA,NA,NA,NA,NA,NA
"354","Teagan Quitoriano","HOU","TE","15905","robust",NA,NA,NA,NA,NA,NA,NA,NA,NA,NA,0,0,0.00875,0.01297275,0,0,0,0,0,NA,0,NA,0.76,0.378063,9.21,4.462626,0.05,0.066717,NA,NA,NA,NA,NA,NA,NA,NA,NA,NA,NA,NA,NA,NA,NA,NA,NA,NA,NA,NA,NA,NA,NA,NA,NA,NA,NA,NA,NA,NA,NA,NA,NA,NA,NA,NA
"355","Mo Alie-Cox","IND","TE","13246","robust",NA,NA,NA,NA,NA,NA,NA,NA,NA,NA,0,0,0.005,0,0,0,0.0125,0.037065,0,NA,0,NA,0.82,0.326172,10.55,4.640538,0.0975,0.133434,NA,NA,NA,NA,NA,NA,NA,NA,NA,NA,NA,NA,NA,NA,NA,NA,NA,NA,NA,NA,NA,NA,NA,NA,NA,NA,NA,NA,NA,NA,NA,NA,NA,NA,NA,NA
"356","C.J. Uzomah","NYJ","TE","12317","robust",NA,NA,NA,NA,NA,NA,NA,NA,NA,NA,0,0,0.003,0,0,0,0,0,0,NA,0,NA,1.175,0.14826,12.2375,1.63086,0.1,0.14826,NA,NA,NA,NA,NA,NA,NA,NA,NA,NA,NA,NA,NA,NA,NA,NA,NA,NA,NA,NA,NA,NA,NA,NA,NA,NA,NA,NA,NA,NA,NA,NA,NA,NA,NA,NA
"357","Isaiah Likely","BAL","TE","15798","robust",NA,NA,NA,NA,NA,NA,NA,NA,NA,NA,0,0,0.004,0,0,0,0,0,0,NA,0,NA,0.885,0.29652,7.7,1.03782,0.05,0.044478,NA,NA,NA,NA,NA,NA,NA,NA,NA,NA,NA,NA,NA,NA,NA,NA,NA,NA,NA,NA,NA,NA,NA,NA,NA,NA,NA,NA,NA,NA,NA,NA,NA,NA,NA,NA
"358","Josiah Deguara","GB","TE","14876","robust",NA,NA,NA,NA,NA,NA,NA,NA,NA,NA,0,0,0.0075,0.0111195,0,0,0,0,0,NA,0,NA,1.085,0.274281,9.235,1.653099,0.085,0,NA,NA,NA,NA,NA,NA,NA,NA,NA,NA,NA,NA,NA,NA,NA,NA,NA,NA,NA,NA,NA,NA,NA,NA,NA,NA,NA,NA,NA,NA,NA,NA,NA,NA,NA,NA
"359","Taysom Hill","NO","TE","13424","robust",NA,NA,NA,NA,NA,NA,NA,NA,NA,NA,2.47666666666667,0,13.42,6.790308,0.1045,0.0533736,0,0,0,NA,0,NA,1.16,0.177912,11.605,0.874734,0.1,0,NA,NA,NA,NA,NA,NA,NA,NA,NA,NA,NA,NA,NA,NA,NA,NA,NA,NA,NA,NA,NA,NA,NA,NA,NA,NA,NA,NA,NA,NA,NA,NA,NA,NA,NA,NA
"360","Jeremy Ruckert","NYJ","TE","15796","robust",NA,NA,NA,NA,NA,NA,NA,NA,NA,NA,0,0,0,0,0,0,0,0,0,NA,0,NA,0.6,0.281694,7.25,2.713158,0.02,0,NA,NA,NA,NA,NA,NA,NA,NA,NA,NA,NA,NA,NA,NA,NA,NA,NA,NA,NA,NA,NA,NA,NA,NA,NA,NA,NA,NA,NA,NA,NA,NA,NA,NA,NA,NA
"361","Robert Tonyan","CHI","TE","13427","robust",NA,NA,NA,NA,NA,NA,NA,NA,NA,NA,0,0,0.0075,0.0111195,0,0,0,0,0,NA,0,NA,1.29,0.14826,12,2.305443,0.1,0,NA,NA,NA,NA,NA,NA,NA,NA,NA,NA,NA,NA,NA,NA,NA,NA,NA,NA,NA,NA,NA,NA,NA,NA,NA,NA,NA,NA,NA,NA,NA,NA,NA,NA,NA,NA
"362","John Bates","WAS","TE","15344","robust",NA,NA,NA,NA,NA,NA,NA,NA,NA,NA,0,0,0.035,0.029652,0,0,0,0,0,NA,0,NA,1,0.155673,11.03,2.157183,0.085,0,NA,NA,NA,NA,NA,NA,NA,NA,NA,NA,NA,NA,NA,NA,NA,NA,NA,NA,NA,NA,NA,NA,NA,NA,NA,NA,NA,NA,NA,NA,NA,NA,NA,NA,NA,NA
"363","Connor Heyward","PIT","TE","15800","robust",NA,NA,NA,NA,NA,NA,NA,NA,NA,NA,0,0,0.685,1.015581,0.0025,0,0,0,0,NA,0,NA,1.375,0.429954,13.49,2.342508,0.085,0,NA,NA,NA,NA,NA,NA,NA,NA,NA,NA,NA,NA,NA,NA,NA,NA,NA,NA,NA,NA,NA,NA,NA,NA,NA,NA,NA,NA,NA,NA,NA,NA,NA,NA,NA,NA
"364","Andrew Ogletree","IND","TE","15916","robust",NA,NA,NA,NA,NA,NA,NA,NA,NA,NA,0,0,0.0266666666666667,0.039536,0,0,0,0,0,NA,0,NA,1.03,0.044478,12.47,3.024504,0.095,0,NA,NA,NA,NA,NA,NA,NA,NA,NA,NA,NA,NA,NA,NA,NA,NA,NA,NA,NA,NA,NA,NA,NA,NA,NA,NA,NA,NA,NA,NA,NA,NA,NA,NA,NA,NA
"365","Brevin Jordan","HOU","TE","15330","robust",NA,NA,NA,NA,NA,NA,NA,NA,NA,NA,0,0,0.005,0.007413,0,0,0,0,0,NA,0,NA,0.7,0.163086,6.4,1.467774,0.05,0.051891,NA,NA,NA,NA,NA,NA,NA,NA,NA,NA,NA,NA,NA,NA,NA,NA,NA,NA,NA,NA,NA,NA,NA,NA,NA,NA,NA,NA,NA,NA,NA,NA,NA,NA,NA,NA
"366","Tanner Hudson","CIN","TE","14370","robust",NA,NA,NA,NA,NA,NA,NA,NA,NA,NA,0,0,0,0,0,0,0,0,0,NA,0,NA,0.89,0,9.3825,0,0.1025,0,NA,NA,NA,NA,NA,NA,NA,NA,NA,NA,NA,NA,NA,NA,NA,NA,NA,NA,NA,NA,NA,NA,NA,NA,NA,NA,NA,NA,NA,NA,NA,NA,NA,NA,NA,NA
"367","Brock Wright","DET","TE","15626","robust",NA,NA,NA,NA,NA,NA,NA,NA,NA,NA,0,0,0.00875,0.01297275,0,0,0,0,0,NA,0,NA,0.7,0.355824,6.9,3.298785,0.1,0,NA,NA,NA,NA,NA,NA,NA,NA,NA,NA,NA,NA,NA,NA,NA,NA,NA,NA,NA,NA,NA,NA,NA,NA,NA,NA,NA,NA,NA,NA,NA,NA,NA,NA,NA,NA
"368","Trevon Wesco","TEN","TE","14231","robust",NA,NA,NA,NA,NA,NA,NA,NA,NA,NA,0,0,-0.05,0.07413,0,0,0,0,0,NA,0,NA,0.5,0,5.425,0.0741299999999997,0.0025,0,NA,NA,NA,NA,NA,NA,NA,NA,NA,NA,NA,NA,NA,NA,NA,NA,NA,NA,NA,NA,NA,NA,NA,NA,NA,NA,NA,NA,NA,NA,NA,NA,NA,NA,NA,NA
"369","Cole Turner","WAS","TE","15803","robust",NA,NA,NA,NA,NA,NA,NA,NA,NA,NA,0,0,0.004,0,0,0,0,0,0,NA,0,NA,0.62,0.237216,8.62,1.40847,0.0675,0,NA,NA,NA,NA,NA,NA,NA,NA,NA,NA,NA,NA,NA,NA,NA,NA,NA,NA,NA,NA,NA,NA,NA,NA,NA,NA,NA,NA,NA,NA,NA,NA,NA,NA,NA,NA
"370","Michael Mayer","LVR","TE","16212","robust",NA,NA,NA,NA,NA,NA,NA,NA,NA,NA,0,0,0.011,0,0,0,0,0,0,NA,0,NA,0.8,0.29652,6.8,1.022994,0.0675,0,NA,NA,NA,NA,NA,NA,NA,NA,NA,NA,NA,NA,NA,NA,NA,NA,NA,NA,NA,NA,NA,NA,NA,NA,NA,NA,NA,NA,NA,NA,NA,NA,NA,NA,NA,NA
"371","Josh Oliver","MIN","TE","14209","robust",NA,NA,NA,NA,NA,NA,NA,NA,NA,NA,0,0,0.00375,0.00555975,0,0,0,0,0,NA,0,NA,1.095,0.51891,10.445,1.63086,0.1,0.022239,NA,NA,NA,NA,NA,NA,NA,NA,NA,NA,NA,NA,NA,NA,NA,NA,NA,NA,NA,NA,NA,NA,NA,NA,NA,NA,NA,NA,NA,NA,NA,NA,NA,NA,NA,NA
"372","Daniel Bellinger","NYG","TE","15873","robust",NA,NA,NA,NA,NA,NA,NA,NA,NA,NA,0,0,0.05,0.037065,0,0,0,0,0,NA,0,NA,0.9525,0.422541,8.0275,3.491523,0.04,0.044478,NA,NA,NA,NA,NA,NA,NA,NA,NA,NA,NA,NA,NA,NA,NA,NA,NA,NA,NA,NA,NA,NA,NA,NA,NA,NA,NA,NA,NA,NA,NA,NA,"Q","Knee",2023,5
"373","Brycen Hopkins","LAR","TE","14868","robust",NA,NA,NA,NA,NA,NA,NA,NA,NA,NA,0,0,0.00625,0,0,0,0,0,0,NA,0,NA,0.555,0.163086,5.755,2.238726,0.015,0,NA,NA,NA,NA,NA,NA,NA,NA,NA,NA,NA,NA,NA,NA,NA,NA,NA,NA,NA,NA,NA,NA,NA,NA,NA,NA,NA,NA,NA,NA,NA,NA,NA,NA,NA,NA
"374","Jack Stoll","PHI","TE","15541","robust",NA,NA,NA,NA,NA,NA,NA,NA,NA,NA,0,0,0,0,0,0,0,0,0,NA,0,NA,0.705,0.578214,6.8575,5.834031,0.015,0.014826,NA,NA,NA,NA,NA,NA,NA,NA,NA,NA,NA,NA,NA,NA,NA,NA,NA,NA,NA,NA,NA,NA,NA,NA,NA,NA,NA,NA,NA,NA,NA,NA,NA,NA,NA,NA
"375","Tommy Tremble","CAR","TE","15332","robust",NA,NA,NA,NA,NA,NA,NA,NA,NA,NA,0,0,0.0133333333333333,0.019768,0,0,0.0333333333333333,0.04942,0,NA,0,NA,0.7,0.533736,7.4,4.136454,0.055,0.059304,NA,NA,NA,NA,NA,NA,NA,NA,NA,NA,NA,NA,NA,NA,NA,NA,NA,NA,NA,NA,NA,NA,NA,NA,NA,NA,NA,NA,NA,NA,NA,NA,NA,NA,NA,NA
"376","Stephen Sullivan","CAR","TE","15026","robust",NA,NA,NA,NA,NA,NA,NA,NA,NA,NA,NA,NA,0,0,0,0,0,0,NA,NA,NA,NA,0.5,0.59304,6.3,7.85778,0.05,0.07413,NA,NA,NA,NA,NA,NA,NA,NA,NA,NA,NA,NA,NA,NA,NA,NA,NA,NA,NA,NA,NA,NA,NA,NA,NA,NA,NA,NA,NA,NA,NA,NA,NA,"Hip",2023,5
"377","Johnny Mundt","MIN","TE","13940","robust",NA,NA,NA,NA,NA,NA,NA,NA,NA,NA,0,0,0,0,0,0,0,0,0,NA,0,NA,0.5,0.07413,4.3,0.81543,0.005,0,NA,NA,NA,NA,NA,NA,NA,NA,NA,NA,NA,NA,NA,NA,NA,NA,NA,NA,NA,NA,NA,NA,NA,NA,NA,NA,NA,NA,NA,NA,NA,NA,NA,NA,NA,NA
"378","Ian Thomas","CAR","TE","13678","robust",NA,NA,NA,NA,NA,NA,NA,NA,NA,NA,0,0,0,0,0,0,0,0,0,NA,0,NA,0.725,0.37065,6.785,3.958542,0.01,0,NA,NA,NA,NA,NA,NA,NA,NA,NA,NA,NA,NA,NA,NA,NA,NA,NA,NA,NA,NA,NA,NA,NA,NA,NA,NA,NA,NA,NA,NA,NA,NA,NA,NA,NA,NA
"379","Mitchell Wilcox","CIN","TE","15563","robust",NA,NA,NA,NA,NA,NA,NA,NA,NA,NA,0,0,0,0,0,0,0,0,0,NA,0,NA,1.0475,0.244629,8.9925,1.70499,0.0925,0.00741300000000001,NA,NA,NA,NA,NA,NA,NA,NA,NA,NA,NA,NA,NA,NA,NA,NA,NA,NA,NA,NA,NA,NA,NA,NA,NA,NA,NA,NA,NA,NA,NA,NA,NA,NA,NA,NA
"380","Julian Hill","MIA","TE","16425","robust",NA,NA,NA,NA,NA,NA,NA,NA,NA,NA,0,0,0.015,0.014826,0,0,0,0,0,NA,0,NA,0.42,0.207564,3.96,1.578969,0.0125,0.014826,NA,NA,NA,NA,NA,NA,NA,NA,NA,NA,NA,NA,NA,NA,NA,NA,NA,NA,NA,NA,NA,NA,NA,NA,NA,NA,NA,NA,NA,NA,NA,NA,NA,NA,NA,NA
"381","Josh Whyle","TEN","TE","16312","robust",NA,NA,NA,NA,NA,NA,NA,NA,NA,NA,0,0,0.01,0.014826,0,0,0,0,0,NA,0,NA,0.55,0.0815430000000001,5.5,1.341753,0.03,0.022239,NA,NA,NA,NA,NA,NA,NA,NA,NA,NA,NA,NA,NA,NA,NA,NA,NA,NA,NA,NA,NA,NA,NA,NA,NA,NA,NA,NA,NA,NA,NA,NA,NA,NA,NA,NA
"382","Jimmy Graham","NO","TE","9925","robust",NA,NA,NA,NA,NA,NA,NA,NA,NA,NA,0,0,0.005,0,0,0,0,0,0,NA,0,NA,0.825,0,7.9,0.578213999999999,0.085,0,NA,NA,NA,NA,NA,NA,NA,NA,NA,NA,NA,NA,NA,NA,NA,NA,NA,NA,NA,NA,NA,NA,NA,NA,NA,NA,NA,NA,NA,NA,NA,NA,NA,NA,NA,NA
"383","Luke Schoonmaker","DAL","TE","16221","robust",NA,NA,NA,NA,NA,NA,NA,NA,NA,NA,0,0,0.01,0,0,0,0,0,0,NA,0,NA,0.9,0.044478,7.815,0.252042,0.1,0.059304,NA,NA,NA,NA,NA,NA,NA,NA,NA,NA,NA,NA,NA,NA,NA,NA,NA,NA,NA,NA,NA,NA,NA,NA,NA,NA,NA,NA,NA,NA,NA,NA,NA,NA,NA,NA
"384","Ross Dwelley","SF","TE","13988","robust",NA,NA,NA,NA,NA,NA,NA,NA,NA,NA,NA,NA,NA,NA,NA,NA,0,0,NA,NA,NA,NA,0.25,0.22239,4.9,4.89258,0.05,0.07413,NA,NA,NA,NA,NA,NA,NA,NA,NA,NA,NA,NA,NA,NA,NA,NA,NA,NA,NA,NA,NA,NA,NA,NA,NA,NA,NA,NA,NA,NA,NA,NA,NA,NA,NA,NA
"385","Pharaoh Brown","NE","TE","13994","robust",NA,NA,NA,NA,NA,NA,NA,NA,NA,NA,0,0,0.0133333333333333,0.019768,0,0,0,0,0,NA,0,NA,0.39,0.133434,3.825,0.874734,0.02,0.029652,NA,NA,NA,NA,NA,NA,NA,NA,NA,NA,NA,NA,NA,NA,NA,NA,NA,NA,NA,NA,NA,NA,NA,NA,NA,NA,NA,NA,NA,NA,NA,NA,NA,NA,NA,NA
"386","Chris Manhertz","DEN","TE","12955","robust",NA,NA,NA,NA,NA,NA,NA,NA,NA,NA,0,0,0,0,0,0,0,0,0,NA,0,NA,0.6875,0.111195,7.055,1.40847,0.0775,0.022239,NA,NA,NA,NA,NA,NA,NA,NA,NA,NA,NA,NA,NA,NA,NA,NA,NA,NA,NA,NA,NA,NA,NA,NA,NA,NA,NA,NA,NA,NA,NA,NA,NA,NA,NA,NA
"387","Blake Bell","KC","TE","12213","robust",NA,NA,NA,NA,NA,NA,NA,NA,NA,NA,0,0,0.0233333333333333,0.034594,0,0,0,0,0,NA,0,NA,0.55,0.340998,5,2.2239,0.02,0.029652,NA,NA,NA,NA,NA,NA,NA,NA,NA,NA,NA,NA,NA,NA,NA,NA,NA,NA,NA,NA,NA,NA,NA,NA,NA,NA,NA,NA,NA,NA,NA,NA,NA,NA,NA,NA
"388","James Mitchell","DET","TE","15909","robust",NA,NA,NA,NA,NA,NA,NA,NA,NA,NA,0,0,0,0,0,0,0,0,0,NA,0,NA,0.4575,0.422541,4.53,3.92889,0.055,0.059304,NA,NA,NA,NA,NA,NA,NA,NA,NA,NA,NA,NA,NA,NA,NA,NA,NA,NA,NA,NA,NA,NA,NA,NA,NA,NA,NA,NA,NA,NA,NA,NA,"D","Hamstring",2023,5
"389","Tucker Kraft","GB","TE","16222","robust",NA,NA,NA,NA,NA,NA,NA,NA,NA,NA,0,0,0,0,0,0,0,0,0,NA,0,NA,0.58,0.118608,3.995,1.067472,0.005,0,NA,NA,NA,NA,NA,NA,NA,NA,NA,NA,NA,NA,NA,NA,NA,NA,NA,NA,NA,NA,NA,NA,NA,NA,NA,NA,NA,NA,NA,NA,NA,NA,NA,NA,NA,NA
"390","Lawrence Cager","NYG","TE","15041","robust",NA,NA,NA,NA,NA,NA,NA,NA,NA,NA,0,0,0.0133333333333333,0.019768,0,0,0,0,0,NA,0,NA,0.68,0.0889560000000001,6.495,0.726474,0.05,0.07413,NA,NA,NA,NA,NA,NA,NA,NA,NA,NA,NA,NA,NA,NA,NA,NA,NA,NA,NA,NA,NA,NA,NA,NA,NA,NA,NA,NA,NA,NA,NA,NA,NA,NA,NA,NA
"391","Luke Farrell","JAC","TE","15335","robust",NA,NA,NA,NA,NA,NA,NA,NA,NA,NA,0,0,0,0,0,0,0,0,0,NA,0,NA,0.54,0.118608,4.81,0.845081999999999,0.0075,0,NA,NA,NA,NA,NA,NA,NA,NA,NA,NA,NA,NA,NA,NA,NA,NA,NA,NA,NA,NA,NA,NA,NA,NA,NA,NA,NA,NA,NA,NA,NA,NA,NA,NA,NA,NA
"392","Quintin Morris","BUF","TE","15341","robust",NA,NA,NA,NA,NA,NA,NA,NA,NA,NA,0,0,0,0,0,0,0.025,0.02471,0,NA,0,NA,0.2375,0.111195,2.3,1.18608,0.015,0.014826,NA,NA,NA,NA,NA,NA,NA,NA,NA,NA,NA,NA,NA,NA,NA,NA,NA,NA,NA,NA,NA,NA,NA,NA,NA,NA,NA,NA,NA,NA,NA,NA,NA,NA,NA,NA
"393","Davis Allen","LAR","TE","16219","robust",NA,NA,NA,NA,NA,NA,NA,NA,NA,NA,NA,NA,NA,NA,NA,NA,0,0,NA,NA,NA,NA,0.4,0.44478,4,4.15128,0.05,0.07413,NA,NA,NA,NA,NA,NA,NA,NA,NA,NA,NA,NA,NA,NA,NA,NA,NA,NA,NA,NA,NA,NA,NA,NA,NA,NA,NA,NA,NA,NA,NA,NA,NA,NA,NA,NA
"394","Charlie Kolar","BAL","TE","15795","robust",NA,NA,NA,NA,NA,NA,NA,NA,NA,NA,0,0,0.025,0.02471,0,0,0,0,0,NA,0,NA,0.33,0.155673,2.95,0.800604,0.0075,0.007413,NA,NA,NA,NA,NA,NA,NA,NA,NA,NA,NA,NA,NA,NA,NA,NA,NA,NA,NA,NA,NA,NA,NA,NA,NA,NA,NA,NA,NA,NA,NA,NA,NA,NA,NA,NA
"395","Brayden Willis","SF","TE","16367","robust",NA,NA,NA,NA,NA,NA,NA,NA,NA,NA,NA,NA,NA,NA,NA,NA,0,0,NA,NA,NA,NA,0.35,0.37065,3.95,3.92889,0.05,0.07413,NA,NA,NA,NA,NA,NA,NA,NA,NA,NA,NA,NA,NA,NA,NA,NA,NA,NA,NA,NA,NA,NA,NA,NA,NA,NA,NA,NA,NA,NA,NA,NA,NA,NA,NA,NA
"396","Albert Okwuegbunam","PHI","TE","14873","robust",NA,NA,NA,NA,NA,NA,NA,NA,NA,NA,NA,NA,0,0,0,0,0,0,NA,NA,NA,NA,0.35,0.37065,3.6,3.85476,0.05,0.07413,NA,NA,NA,NA,NA,NA,NA,NA,NA,NA,NA,NA,NA,NA,NA,NA,NA,NA,NA,NA,NA,NA,NA,NA,NA,NA,NA,NA,NA,NA,NA,NA,NA,NA,NA,NA
"397","MyCole Pruitt","ATL","TE","12309","robust",NA,NA,NA,NA,NA,NA,NA,NA,NA,NA,0,0,0,0,0,0,0,0,0,NA,0,NA,0.4675,0.14826,4.3975,1.63086,0.1075,0.126021,NA,NA,NA,NA,NA,NA,NA,NA,NA,NA,NA,NA,NA,NA,NA,NA,NA,NA,NA,NA,NA,NA,NA,NA,NA,NA,NA,NA,NA,NA,NA,NA,NA,NA,NA,NA
"398",NA,NA,"TE","16483","robust",NA,NA,NA,NA,NA,NA,NA,NA,NA,NA,NA,NA,NA,NA,NA,NA,0,0,NA,NA,NA,NA,0.35,0.37065,3.35,3.78063,0.05,0.07413,NA,NA,NA,NA,NA,NA,NA,NA,NA,NA,NA,NA,NA,NA,NA,NA,NA,NA,NA,NA,NA,NA,NA,NA,NA,NA,NA,NA,NA,NA,NA,NA,NA,NA,NA,NA
"399","Geoff Swaim","ARI","TE","12378","robust",NA,NA,NA,NA,NA,NA,NA,NA,NA,NA,0,0,0,0,0,0,0,0,0,NA,0,NA,0.6,0.07413,4.7,0.822843,0.03,0.029652,NA,NA,NA,NA,NA,NA,NA,NA,NA,NA,NA,NA,NA,NA,NA,NA,NA,NA,NA,NA,NA,NA,NA,NA,NA,NA,NA,NA,NA,NA,NA,NA,NA,NA,NA,NA
"400",NA,NA,"TE","16474","robust",NA,NA,NA,NA,NA,NA,NA,NA,NA,NA,0,0,0.01,0,0,0,0,0,0,NA,0,NA,0.485,0,4.35,0.29652,0.02,0.029652,NA,NA,NA,NA,NA,NA,NA,NA,NA,NA,NA,NA,NA,NA,NA,NA,NA,NA,NA,NA,NA,NA,NA,NA,NA,NA,NA,NA,NA,NA,NA,NA,NA,NA,NA,NA
"401","Jesper Horsted","LVR","TE","14752","robust",NA,NA,NA,NA,NA,NA,NA,NA,NA,NA,NA,NA,NA,NA,NA,NA,0,0,NA,NA,NA,NA,0.35,0.37065,3.15,3.33585,0.05,0.07413,NA,NA,NA,NA,NA,NA,NA,NA,NA,NA,NA,NA,NA,NA,NA,NA,NA,NA,NA,NA,NA,NA,NA,NA,NA,NA,NA,NA,NA,NA,NA,NA,NA,NA,NA,NA
"402","Charlie Woerner","SF","TE","14984","robust",NA,NA,NA,NA,NA,NA,NA,NA,NA,NA,NA,NA,0,0,0,0,0,0,NA,NA,NA,NA,0.15,0.07413,2.85,3.18759,0,0,NA,NA,NA,NA,NA,NA,NA,NA,NA,NA,NA,NA,NA,NA,NA,NA,NA,NA,NA,NA,NA,NA,NA,NA,NA,NA,NA,NA,NA,NA,NA,NA,NA,NA,NA,NA
"403","Drew Sample","CIN","TE","14146","robust",NA,NA,NA,NA,NA,NA,NA,NA,NA,NA,0,0,0.0075,0,0,0,0,0,0,NA,0,NA,0.535,0,4.4,0.148259999999999,0.02,0,NA,NA,NA,NA,NA,NA,NA,NA,NA,NA,NA,NA,NA,NA,NA,NA,NA,NA,NA,NA,NA,NA,NA,NA,NA,NA,NA,NA,NA,NA,NA,NA,NA,NA,NA,NA
"404","Marcedes Lewis","CHI","TE","8269","robust",NA,NA,NA,NA,NA,NA,NA,NA,NA,NA,0,0,0,0,0,0,0,0,0,NA,0,NA,0.355,0.0593040000000001,3.555,0.874734,0.0575,0.051891,NA,NA,NA,NA,NA,NA,NA,NA,NA,NA,NA,NA,NA,NA,NA,NA,NA,NA,NA,NA,NA,NA,NA,NA,NA,NA,NA,NA,NA,NA,NA,NA,NA,NA,NA,NA
"405","Brenton Strange","JAC","TE","16269","robust",NA,NA,NA,NA,NA,NA,NA,NA,NA,NA,0,0,0,0,0,0,0,0,0,NA,0,NA,0.36,0.088956,2.6925,0.29652,0.0025,0,NA,NA,NA,NA,NA,NA,NA,NA,NA,NA,NA,NA,NA,NA,NA,NA,NA,NA,NA,NA,NA,NA,NA,NA,NA,NA,NA,NA,NA,NA,NA,NA,NA,NA,NA,NA
"406","Tyler Kroft","MIA","TE","12212","robust",NA,NA,NA,NA,NA,NA,NA,NA,NA,NA,0,0,0,0,0,0,0,0,0,NA,0,NA,0.1325,0,1.575,0.59304,0.005,0,NA,NA,NA,NA,NA,NA,NA,NA,NA,NA,NA,NA,NA,NA,NA,NA,NA,NA,NA,NA,NA,NA,NA,NA,NA,NA,NA,NA,NA,NA,NA,NA,NA,NA,NA,NA
"407","Grant Calcaterra","PHI","TE","15804","robust",NA,NA,NA,NA,NA,NA,NA,NA,NA,NA,NA,NA,0,0,0,0,0,0,NA,NA,NA,NA,0.05,0.07413,0.85,0.22239,0,0,NA,NA,NA,NA,NA,NA,NA,NA,NA,NA,NA,NA,NA,NA,NA,NA,NA,NA,NA,NA,NA,NA,NA,NA,NA,NA,NA,NA,NA,NA,NA,NA,NA,NA,NA,NA
"408","Jason Sanders","MIA","K","13832","robust",NA,NA,NA,NA,NA,NA,NA,NA,NA,NA,NA,NA,NA,NA,NA,NA,NA,NA,NA,NA,NA,NA,NA,NA,NA,NA,NA,NA,0.036038961038961,0.0288818181818182,0.50724402409185,0.0609762154150198,0.53,0.051891,0.7,0.0741300000000001,0.138247282608696,0.0254821875,3,0.14826,NA,NA,NA,NA,NA,NA,NA,NA,NA,NA,NA,NA,NA,NA,NA,NA,NA,NA,NA,NA,NA,NA,NA,NA
"409","Harrison Butker","KC","K","13354","robust",NA,NA,NA,NA,NA,NA,NA,NA,NA,NA,NA,NA,NA,NA,NA,NA,NA,NA,NA,NA,NA,NA,NA,NA,NA,NA,NA,NA,0,0,0.469252740017815,0.0108233647031487,0.721796857854718,0.0741300000000001,0.448002272052464,0.0679059432632353,0.2,0.0240597368421053,2.95,0.14826,NA,NA,NA,NA,NA,NA,NA,NA,NA,NA,NA,NA,NA,NA,NA,NA,NA,NA,NA,NA,NA,NA,NA,NA
"410","Tyler Bass","BUF","K","14983","robust",NA,NA,NA,NA,NA,NA,NA,NA,NA,NA,NA,NA,NA,NA,NA,NA,NA,NA,NA,NA,NA,NA,NA,NA,NA,NA,NA,NA,0.0308333333333333,0.02471,0.455026455026455,0.0789935555555555,0.668637566137566,0.110998888888889,0.396534391534392,0.0611082222222222,0.311666666666667,0.0407715,2.95,0.0741300000000004,NA,NA,NA,NA,NA,NA,NA,NA,NA,NA,NA,NA,NA,NA,NA,NA,NA,NA,NA,NA,NA,NA,NA,NA
"411","Riley Patterson","DET","K","15369","robust",NA,NA,NA,NA,NA,NA,NA,NA,NA,NA,NA,NA,NA,NA,NA,NA,NA,NA,NA,NA,NA,NA,NA,NA,NA,NA,NA,NA,0.0201525054466231,0.0161503267973856,0.464831573655103,0.0957111847662142,0.708814102564103,0.181076221719457,0.489111467236467,0.0760686603821015,0.119711538461538,0.0186572379807692,3,0.111195,NA,NA,NA,NA,NA,NA,NA,NA,NA,NA,NA,NA,NA,NA,NA,NA,NA,NA,NA,NA,NA,NA,NA,NA
"412","Jake Elliott","PHI","K","13303","robust",NA,NA,NA,NA,NA,NA,NA,NA,NA,NA,NA,NA,NA,NA,NA,NA,NA,NA,NA,NA,NA,NA,NA,NA,NA,NA,NA,NA,0,0,0.480595238095238,0.0182700128205128,0.771126373626374,0.0276969230769231,0.484761904761905,0.014826,0.38547619047619,0.01412,2.55,0.44478,NA,NA,NA,NA,NA,NA,NA,NA,NA,NA,NA,NA,NA,NA,NA,NA,NA,NA,NA,NA,NA,NA,NA,NA
"413","Kaimi Fairbairn","HOU","K","12860","robust",NA,NA,NA,NA,NA,NA,NA,NA,NA,NA,NA,NA,NA,NA,NA,NA,NA,NA,NA,NA,NA,NA,NA,NA,NA,NA,NA,NA,0.00582750582750583,0.00691188811188811,0.49,0.109423828671329,0.643939393939394,0.189593090909091,0.376678321678322,0.116983706293706,0.25725,0.0555975,2.3,0.392889,NA,NA,NA,NA,NA,NA,NA,NA,NA,NA,NA,NA,NA,NA,NA,NA,NA,NA,NA,NA,NA,NA,NA,NA
"414","Matt Gay","IND","K","14244","robust",NA,NA,NA,NA,NA,NA,NA,NA,NA,NA,NA,NA,NA,NA,NA,NA,NA,NA,NA,NA,NA,NA,NA,NA,NA,NA,NA,NA,0.00241545893719807,0.00268586956521739,0.307742662282304,0.0797725831202045,0.41533369869687,0.0956268874680307,0.3,0.0822989556692242,0.391281512605042,0.0978329117647058,2.33,0.29652,NA,NA,NA,NA,NA,NA,NA,NA,NA,NA,NA,NA,NA,NA,NA,NA,NA,NA,NA,NA,NA,NA,NA,NA
"415","Brett Maher","LAR","K","13909","robust",NA,NA,NA,NA,NA,NA,NA,NA,NA,NA,NA,NA,NA,NA,NA,NA,NA,NA,NA,NA,NA,NA,NA,NA,NA,NA,NA,NA,0.00265848670756646,0.0030319018404908,0.37338724670013,0.108803931957613,0.514767304951354,0.137812801264175,0.507801945838756,0.107304978062837,0.348227272727273,0.0943472727272727,2.42,0.22239,NA,NA,NA,NA,NA,NA,NA,NA,NA,NA,NA,NA,NA,NA,NA,NA,NA,NA,NA,NA,NA,NA,NA,NA
"416","Jake Moody","SF","K","16286","robust",NA,NA,NA,NA,NA,NA,NA,NA,NA,NA,NA,NA,NA,NA,NA,NA,NA,NA,NA,NA,NA,NA,NA,NA,NA,NA,NA,NA,0,0,0.498730506822612,0.170784393274854,0.34573343079922,0.101646969298246,0.355665204678363,0.106155460526316,0.157565789473684,0.0618156414473684,2.5,0.22239,NA,NA,NA,NA,NA,NA,NA,NA,NA,NA,NA,NA,NA,NA,NA,NA,NA,NA,NA,NA,NA,NA,NA,NA
"417","Chad Ryland","NE","K","16292","robust",NA,NA,NA,NA,NA,NA,NA,NA,NA,NA,NA,NA,NA,NA,NA,NA,NA,NA,NA,NA,NA,NA,NA,NA,NA,NA,NA,NA,0,0,0.409560918384448,0.0987629753645048,0.336512485336015,0.114334375062846,0.418677727501257,0.0576007616892911,0.167873303167421,0.0197903619909502,1.9,0.22239,NA,NA,NA,NA,NA,NA,NA,NA,NA,NA,NA,NA,NA,NA,NA,NA,NA,NA,NA,NA,NA,NA,NA,NA
"418","Joey Slye","WAS","K","14600","robust",NA,NA,NA,NA,NA,NA,NA,NA,NA,NA,NA,NA,NA,NA,NA,NA,NA,NA,NA,NA,NA,NA,NA,NA,NA,NA,NA,NA,0,0,0.404323685573686,0.0422755556526806,0.414734524734525,0.13402439044289,0.397330678580679,0.102305303904429,0.204270833333333,0.054053125,2.3,0.66717,NA,NA,NA,NA,NA,NA,NA,NA,NA,NA,NA,NA,NA,NA,NA,NA,NA,NA,NA,NA,NA,NA,NA,NA
"419","Justin Tucker","BAL","K","10976","robust",NA,NA,NA,NA,NA,NA,NA,NA,NA,NA,NA,NA,NA,NA,NA,NA,NA,NA,NA,NA,NA,NA,NA,NA,NA,NA,NA,NA,0.00217864923747277,0.00242254901960784,0.395166838665291,0.0626394674922601,0.415613461758973,0.0579397223942209,0.384858961128311,0.0892696563467492,0.293150154798762,0.0789495975232198,2.55,0.22239,NA,NA,NA,NA,NA,NA,NA,NA,NA,NA,NA,NA,NA,NA,NA,NA,NA,NA,NA,NA,NA,NA,NA,NA
"420","Cairo Santos","CHI","K","11945","robust",NA,NA,NA,NA,NA,NA,NA,NA,NA,NA,NA,NA,NA,NA,NA,NA,NA,NA,NA,NA,NA,NA,NA,NA,NA,NA,NA,NA,0,0,0.393374741200828,0.116909507246377,0.3,0.0383797971014493,0.363561076604555,0.0719301449275362,0.169047619047619,0.0324054,2.225,0.29652,NA,NA,NA,NA,NA,NA,NA,NA,NA,NA,NA,NA,NA,NA,NA,NA,NA,NA,NA,NA,NA,NA,NA,NA
"421","Daniel Carlson","LVR","K","13718","robust",NA,NA,NA,NA,NA,NA,NA,NA,NA,NA,NA,NA,NA,NA,NA,NA,NA,NA,NA,NA,NA,NA,NA,NA,NA,NA,NA,NA,0.0131034482758621,0.0102248275862069,0.6,0.0597087327586207,0.476947637292465,0.0661868237547893,0.453959131545338,0.0571738275862068,0.354861111111111,0.0375797916666666,2.2,0.37065,NA,NA,NA,NA,NA,NA,NA,NA,NA,NA,NA,NA,NA,NA,NA,NA,NA,NA,NA,NA,NA,NA,NA,NA
"422","Anders Carlson","GB","K","16339","robust",NA,NA,NA,NA,NA,NA,NA,NA,NA,NA,NA,NA,NA,NA,NA,NA,NA,NA,NA,NA,NA,NA,NA,NA,NA,NA,NA,NA,0,0,0.417321331151118,0.0999561963993453,0.630169121658483,0.20524263502455,0.441680305510093,0.0562385040916531,0.313461538461538,0.0841090384615384,2.01,0.207564,NA,NA,NA,NA,NA,NA,NA,NA,NA,NA,NA,NA,NA,NA,NA,NA,NA,NA,NA,NA,NA,NA,NA,NA
"423","Wil Lutz","DEN","K","12956","robust",NA,NA,NA,NA,NA,NA,NA,NA,NA,NA,NA,NA,NA,NA,NA,NA,NA,NA,NA,NA,NA,NA,NA,NA,NA,NA,NA,NA,0.0158333333333333,0.012355,0.559429824561404,0.0598567236842105,0.691151315789474,0.0949709342105263,0.4,0.0304810855263158,0.310855263157895,0.0256041118421053,2.215,0.22239,NA,NA,NA,NA,NA,NA,NA,NA,NA,NA,NA,NA,NA,NA,NA,NA,NA,NA,NA,NA,NA,NA,NA,NA
"424","Chris Boswell","PIT","K","11936","robust",NA,NA,NA,NA,NA,NA,NA,NA,NA,NA,NA,NA,NA,NA,NA,NA,NA,NA,NA,NA,NA,NA,NA,NA,NA,NA,NA,NA,0.00666666666666667,0.0064246,0.316969696969697,0.100996509090909,0.391212121212121,0.149967236363636,0.437606060606061,0.133883272727273,0.303636363636364,0.0876081818181818,1.8,0.22239,NA,NA,NA,NA,NA,NA,NA,NA,NA,NA,NA,NA,NA,NA,NA,NA,NA,NA,NA,NA,NA,NA,NA,NA
"425","Younghoe Koo","ATL","K","13403","robust",NA,NA,NA,NA,NA,NA,NA,NA,NA,NA,NA,NA,NA,NA,NA,NA,NA,NA,NA,NA,NA,NA,NA,NA,NA,NA,NA,NA,0,0,0.407440969345485,0.0353430282725766,0.405545429439381,0.11739501946976,0.391155758077879,0.0789727096106048,0.160661764705882,0.0339035735294117,2.2,0.0815429999999999,NA,NA,NA,NA,NA,NA,NA,NA,NA,NA,NA,NA,NA,NA,NA,NA,NA,NA,NA,NA,NA,NA,NA,NA
"426","Greg Joseph","MIN","K","13898","robust",NA,NA,NA,NA,NA,NA,NA,NA,NA,NA,NA,NA,NA,NA,NA,NA,NA,NA,NA,NA,NA,NA,NA,NA,NA,NA,NA,NA,0,0,0.53170211431081,0.180798321475626,0.49,0.107081084980237,0.417410126105778,0.122346590909091,0.274242424242424,0.0891244772727273,2.16,0.014826,NA,NA,NA,NA,NA,NA,NA,NA,NA,NA,NA,NA,NA,NA,NA,NA,NA,NA,NA,NA,NA,NA,NA,NA
"427","Evan McPherson","CIN","K","15368","robust",NA,NA,NA,NA,NA,NA,NA,NA,NA,NA,NA,NA,NA,NA,NA,NA,NA,NA,NA,NA,NA,NA,NA,NA,NA,NA,NA,NA,0.0162280701754386,0.0130052631578947,0.52859649122807,0.0720491578947368,0.47,0.062035105263158,0.555043859649123,0.0753167302631578,0.34725,0.0523543125,2.1,0.14826,NA,NA,NA,NA,NA,NA,NA,NA,NA,NA,NA,NA,NA,NA,NA,NA,NA,NA,NA,NA,NA,NA,NA,NA
"428","Matt Prater","ARI","K","8930","robust",NA,NA,NA,NA,NA,NA,NA,NA,NA,NA,NA,NA,NA,NA,NA,NA,NA,NA,NA,NA,NA,NA,NA,NA,NA,NA,NA,NA,0.00867579908675799,0.00676986301369863,0.429764479692382,0.044128817591925,0.712237442922374,0.0555770122566691,0.437298726267724,0.049769182408075,0.3875,0.0799823684210526,2.15,0.163086,NA,NA,NA,NA,NA,NA,NA,NA,NA,NA,NA,NA,NA,NA,NA,NA,NA,NA,NA,NA,NA,NA,NA,NA
"429","Brandon McManus","JAC","K","11947","robust",NA,NA,NA,NA,NA,NA,NA,NA,NA,NA,NA,NA,NA,NA,NA,NA,NA,NA,NA,NA,NA,NA,NA,NA,NA,NA,NA,NA,0.0172494172494173,0.0138237762237762,0.39,0.0566774825174825,0.505975135975136,0.083243866584396,0.596268110973993,0.0825394638694638,0.322823529411765,0.0376754823529412,1.9,0.0741299999999999,NA,NA,NA,NA,NA,NA,NA,NA,NA,NA,NA,NA,NA,NA,NA,NA,NA,NA,NA,NA,NA,NA,NA,NA
"430","Brandon Aubrey","DAL","K","16414","robust",NA,NA,NA,NA,NA,NA,NA,NA,NA,NA,NA,NA,NA,NA,NA,NA,NA,NA,NA,NA,NA,NA,NA,NA,NA,NA,NA,NA,0.019047619047619,0.02118,0.709379509379509,0.385476,0.639105339105339,0.14826,0.466486291486292,0.0615075757575758,0.157575757575758,0.0664923636363636,1.9,0.29652,NA,NA,NA,NA,NA,NA,NA,NA,NA,NA,NA,NA,NA,NA,NA,NA,NA,NA,NA,NA,NA,NA,NA,NA
"431","Nick Folk","TEN","K","8851","robust",NA,NA,NA,NA,NA,NA,NA,NA,NA,NA,NA,NA,NA,NA,NA,NA,NA,NA,NA,NA,NA,NA,NA,NA,NA,NA,NA,NA,0.00924574209245742,0.00721459854014599,0.505109489051095,0.0644263649635036,0.540121654501217,0.0446764014598541,0.506001622060016,0.054265805352798,0.266791666666667,0.0358295,1.95,0.200151,NA,NA,NA,NA,NA,NA,NA,NA,NA,NA,NA,NA,NA,NA,NA,NA,NA,NA,NA,NA,NA,NA,NA,NA
"432","Greg Zuerlein","NYJ","K","10868","robust",NA,NA,NA,NA,NA,NA,NA,NA,NA,NA,NA,NA,NA,NA,NA,NA,NA,NA,NA,NA,NA,NA,NA,NA,NA,NA,NA,NA,0,0,0.398567119155354,0.0679804524886879,0.68025641025641,0.131264886877828,0.479235796882856,0.1054442413273,0.255588235294118,0.0417162941176471,1.89,0.29652,NA,NA,NA,NA,NA,NA,NA,NA,NA,NA,NA,NA,NA,NA,NA,NA,NA,NA,NA,NA,NA,NA,NA,NA
"433",NA,NA,"K","16444","robust",NA,NA,NA,NA,NA,NA,NA,NA,NA,NA,NA,NA,NA,NA,NA,NA,NA,NA,NA,NA,NA,NA,NA,NA,NA,NA,NA,NA,0,0,0.60906862745098,0.119916176470588,0.561764705882353,0.114465441176471,0.419117647058824,0.0603214705882353,0.203823529411765,0.0303060882352941,1.695,0.29652,NA,NA,NA,NA,NA,NA,NA,NA,NA,NA,NA,NA,NA,NA,NA,NA,NA,NA,NA,NA,NA,NA,NA,NA
"434","Graham Gano","NYG","K","9694","robust",NA,NA,NA,NA,NA,NA,NA,NA,NA,NA,NA,NA,NA,NA,NA,NA,NA,NA,NA,NA,NA,NA,NA,NA,NA,NA,NA,NA,0.00428240740740741,0.00343194444444445,0.354761904761905,0.08119,0.596600529100529,0.131865111111111,0.483664021164021,0.0831952361111111,0.352190476190476,0.0525969999999999,1.82,0.118608,NA,NA,NA,NA,NA,NA,NA,NA,NA,NA,NA,NA,NA,NA,NA,NA,NA,NA,NA,NA,NA,NA,NA,NA
"435","Eddy Pineiro","CAR","K","13719","robust",NA,NA,NA,NA,NA,NA,NA,NA,NA,NA,NA,NA,NA,NA,NA,NA,NA,NA,NA,NA,NA,NA,NA,NA,NA,NA,NA,NA,0,0,0.374982300612553,0.0889769928894634,0.595,0.104967489765137,0.510914109233437,0.108373510019392,0.282126696832579,0.064888907239819,1.555,0.0741300000000002,NA,NA,NA,NA,NA,NA,NA,NA,NA,NA,NA,NA,NA,NA,NA,NA,NA,NA,NA,NA,NA,NA,NA,NA
"436","Giants","NYG","DST","0517","robust",NA,NA,NA,NA,NA,NA,NA,NA,NA,NA,NA,NA,NA,NA,NA,NA,NA,NA,NA,NA,NA,NA,NA,NA,NA,NA,NA,NA,NA,NA,NA,NA,NA,NA,NA,NA,NA,NA,NA,NA,0.7,0.0741300000000001,1.805,0.192738,0.00666666666666667,0.009884,0.105,0,0,NA,NA,NA,NA,NA,NA,NA,NA,NA,NA,NA,NA,NA,NA,NA
"437","Vikings","MIN","DST","0524","robust",NA,NA,NA,NA,NA,NA,NA,NA,NA,NA,NA,NA,NA,NA,NA,NA,NA,NA,NA,NA,NA,NA,NA,NA,NA,NA,NA,NA,NA,NA,NA,NA,NA,NA,NA,NA,NA,NA,NA,NA,0.645,0.0593040000000001,1.9,0.29652,0.01,0.014826,0.15,0.07413,0,NA,NA,NA,NA,NA,NA,NA,NA,NA,NA,NA,NA,NA,NA,NA
"438","Bears","CHI","DST","0521","robust",NA,NA,NA,NA,NA,NA,NA,NA,NA,NA,NA,NA,NA,NA,NA,NA,NA,NA,NA,NA,NA,NA,NA,NA,NA,NA,NA,NA,NA,NA,NA,NA,NA,NA,NA,NA,NA,NA,NA,NA,0.85,0.0889560000000001,3.24,0.830255999999999,0.01,0.014826,0.125,0.07413,0,NA,NA,NA,NA,NA,NA,NA,NA,NA,NA,NA,NA,NA,NA,NA
"439","Jaguars","JAC","DST","0509","robust",NA,NA,NA,NA,NA,NA,NA,NA,NA,NA,NA,NA,NA,NA,NA,NA,NA,NA,NA,NA,NA,NA,NA,NA,NA,NA,NA,NA,NA,NA,NA,NA,NA,NA,NA,NA,NA,NA,NA,NA,0.87,0.0741300000000001,2.115,0.14826,0.00666666666666667,0.009884,0.15,0.059304,0,NA,NA,NA,NA,NA,NA,NA,NA,NA,NA,NA,NA,NA,NA,NA
"440","Rams","LAR","DST","0528","robust",NA,NA,NA,NA,NA,NA,NA,NA,NA,NA,NA,NA,NA,NA,NA,NA,NA,NA,NA,NA,NA,NA,NA,NA,NA,NA,NA,NA,NA,NA,NA,NA,NA,NA,NA,NA,NA,NA,NA,NA,0.72,0.0593039999999999,2.5,0.29652,0.0466666666666667,0.009884,0.125,0.044478,0,NA,NA,NA,NA,NA,NA,NA,NA,NA,NA,NA,NA,NA,NA,NA
"441","Panthers","CAR","DST","0527","robust",NA,NA,NA,NA,NA,NA,NA,NA,NA,NA,NA,NA,NA,NA,NA,NA,NA,NA,NA,NA,NA,NA,NA,NA,NA,NA,NA,NA,NA,NA,NA,NA,NA,NA,NA,NA,NA,NA,NA,NA,0.68,0.118608,2,0.14826,0.00666666666666667,0.009884,0.115,0,0,NA,NA,NA,NA,NA,NA,NA,NA,NA,NA,NA,NA,NA,NA,NA
"442","Cardinals","ARI","DST","0519","robust",NA,NA,NA,NA,NA,NA,NA,NA,NA,NA,NA,NA,NA,NA,NA,NA,NA,NA,NA,NA,NA,NA,NA,NA,NA,NA,NA,NA,NA,NA,NA,NA,NA,NA,NA,NA,NA,NA,NA,NA,0.69,0.0296519999999999,2.6,0.429954,0.0133333333333333,0.019768,0.15,0.07413,0,NA,NA,NA,NA,NA,NA,NA,NA,NA,NA,NA,NA,NA,NA,NA
"443","Raiders","LVR","DST","0513","robust",NA,NA,NA,NA,NA,NA,NA,NA,NA,NA,NA,NA,NA,NA,NA,NA,NA,NA,NA,NA,NA,NA,NA,NA,NA,NA,NA,NA,NA,NA,NA,NA,NA,NA,NA,NA,NA,NA,NA,NA,0.77,0,1.8,0.14826,0.01,0.014826,0.12,0,0,NA,NA,NA,NA,NA,NA,NA,NA,NA,NA,NA,NA,NA,NA,NA
"444","Cowboys","DAL","DST","0516","robust",NA,NA,NA,NA,NA,NA,NA,NA,NA,NA,NA,NA,NA,NA,NA,NA,NA,NA,NA,NA,NA,NA,NA,NA,NA,NA,NA,NA,NA,NA,NA,NA,NA,NA,NA,NA,NA,NA,NA,NA,0.71,0.29652,2.4,0.133434,0.01,0.014826,0.14,0.059304,0,NA,NA,NA,NA,NA,NA,NA,NA,NA,NA,NA,NA,NA,NA,NA
"445","Chiefs","KC","DST","0512","robust",NA,NA,NA,NA,NA,NA,NA,NA,NA,NA,NA,NA,NA,NA,NA,NA,NA,NA,NA,NA,NA,NA,NA,NA,NA,NA,NA,NA,NA,NA,NA,NA,NA,NA,NA,NA,NA,NA,NA,NA,0.8,0.14826,3.05,0,0.01,0.014826,0.15,0.07413,0,NA,NA,NA,NA,NA,NA,NA,NA,NA,NA,NA,NA,NA,NA,NA
"446","Eagles","PHI","DST","0518","robust",NA,NA,NA,NA,NA,NA,NA,NA,NA,NA,NA,NA,NA,NA,NA,NA,NA,NA,NA,NA,NA,NA,NA,NA,NA,NA,NA,NA,NA,NA,NA,NA,NA,NA,NA,NA,NA,NA,NA,NA,0.875,0.14826,3.23,0.489258,0.0433333333333333,0.019768,0.17,0.044478,0,NA,NA,NA,NA,NA,NA,NA,NA,NA,NA,NA,NA,NA,NA,NA
"447","Broncos","DEN","DST","0511","robust",NA,NA,NA,NA,NA,NA,NA,NA,NA,NA,NA,NA,NA,NA,NA,NA,NA,NA,NA,NA,NA,NA,NA,NA,NA,NA,NA,NA,NA,NA,NA,NA,NA,NA,NA,NA,NA,NA,NA,NA,0.825,0.103782,2.505,0.177912,0.02,0.029652,0.2,0.029652,0,NA,NA,NA,NA,NA,NA,NA,NA,NA,NA,NA,NA,NA,NA,NA
"448","Texans","HOU","DST","0532","robust",NA,NA,NA,NA,NA,NA,NA,NA,NA,NA,NA,NA,NA,NA,NA,NA,NA,NA,NA,NA,NA,NA,NA,NA,NA,NA,NA,NA,NA,NA,NA,NA,NA,NA,NA,NA,NA,NA,NA,NA,0.75,0.192738,2.5,0.14826,0.0433333333333333,0.019768,0.185,0,0,NA,NA,NA,NA,NA,NA,NA,NA,NA,NA,NA,NA,NA,NA,NA
"449","Saints","NO","DST","0529","robust",NA,NA,NA,NA,NA,NA,NA,NA,NA,NA,NA,NA,NA,NA,NA,NA,NA,NA,NA,NA,NA,NA,NA,NA,NA,NA,NA,NA,NA,NA,NA,NA,NA,NA,NA,NA,NA,NA,NA,NA,0.96,0.207564,2.4,0.0148260000000003,0.01,0.014826,0.195,0,0,NA,NA,NA,NA,NA,NA,NA,NA,NA,NA,NA,NA,NA,NA,NA
"450","Packers","GB","DST","0523","robust",NA,NA,NA,NA,NA,NA,NA,NA,NA,NA,NA,NA,NA,NA,NA,NA,NA,NA,NA,NA,NA,NA,NA,NA,NA,NA,NA,NA,NA,NA,NA,NA,NA,NA,NA,NA,NA,NA,NA,NA,1.1,0.14826,2.35,0.163086,0.00666666666666667,0.009884,0.18,0.059304,0,NA,NA,NA,NA,NA,NA,NA,NA,NA,NA,NA,NA,NA,NA,NA
"451","Jets","NYJ","DST","0505","robust",NA,NA,NA,NA,NA,NA,NA,NA,NA,NA,NA,NA,NA,NA,NA,NA,NA,NA,NA,NA,NA,NA,NA,NA,NA,NA,NA,NA,NA,NA,NA,NA,NA,NA,NA,NA,NA,NA,NA,NA,0.765,0.207564,3.1,0.44478,0.08,0.059304,0.14,0.059304,0,NA,NA,NA,NA,NA,NA,NA,NA,NA,NA,NA,NA,NA,NA,NA
"452","Dolphins","MIA","DST","0503","robust",NA,NA,NA,NA,NA,NA,NA,NA,NA,NA,NA,NA,NA,NA,NA,NA,NA,NA,NA,NA,NA,NA,NA,NA,NA,NA,NA,NA,NA,NA,NA,NA,NA,NA,NA,NA,NA,NA,NA,NA,0.8,0.0444779999999999,3.15,0.44478,0.05,0,0.17,0.014826,0,NA,NA,NA,NA,NA,NA,NA,NA,NA,NA,NA,NA,NA,NA,NA
"453","Colts","IND","DST","0502","robust",NA,NA,NA,NA,NA,NA,NA,NA,NA,NA,NA,NA,NA,NA,NA,NA,NA,NA,NA,NA,NA,NA,NA,NA,NA,NA,NA,NA,NA,NA,NA,NA,NA,NA,NA,NA,NA,NA,NA,NA,0.8,0.133434,3.2,0.29652,0.02,0.029652,0.17,0.044478,0,NA,NA,NA,NA,NA,NA,NA,NA,NA,NA,NA,NA,NA,NA,NA
"454","Steelers","PIT","DST","0510","robust",NA,NA,NA,NA,NA,NA,NA,NA,NA,NA,NA,NA,NA,NA,NA,NA,NA,NA,NA,NA,NA,NA,NA,NA,NA,NA,NA,NA,NA,NA,NA,NA,NA,NA,NA,NA,NA,NA,NA,NA,0.85,0.163086,2.9,0.0889560000000001,0.0133333333333333,0.019768,0.17,0.044478,0,NA,NA,NA,NA,NA,NA,NA,NA,NA,NA,NA,NA,NA,NA,NA
"455","Bengals","CIN","DST","0506","robust",NA,NA,NA,NA,NA,NA,NA,NA,NA,NA,NA,NA,NA,NA,NA,NA,NA,NA,NA,NA,NA,NA,NA,NA,NA,NA,NA,NA,NA,NA,NA,NA,NA,NA,NA,NA,NA,NA,NA,NA,0.885,0.0593040000000001,2.39,0.192738,0.01,0.014826,0.19,0,0,NA,NA,NA,NA,NA,NA,NA,NA,NA,NA,NA,NA,NA,NA,NA
"456","Falcons","ATL","DST","0526","robust",NA,NA,NA,NA,NA,NA,NA,NA,NA,NA,NA,NA,NA,NA,NA,NA,NA,NA,NA,NA,NA,NA,NA,NA,NA,NA,NA,NA,NA,NA,NA,NA,NA,NA,NA,NA,NA,NA,NA,NA,0.7,0.14826,2.05,0.103782,0.0166666666666667,0.02471,0.15,0.059304,0,NA,NA,NA,NA,NA,NA,NA,NA,NA,NA,NA,NA,NA,NA,NA
"457","Bills","BUF","DST","0501","robust",NA,NA,NA,NA,NA,NA,NA,NA,NA,NA,NA,NA,NA,NA,NA,NA,NA,NA,NA,NA,NA,NA,NA,NA,NA,NA,NA,NA,NA,NA,NA,NA,NA,NA,NA,NA,NA,NA,NA,NA,0.925,0.22239,2.62,0.311346,0.0433333333333333,0.019768,0.195,0,0,NA,NA,NA,NA,NA,NA,NA,NA,NA,NA,NA,NA,NA,NA,NA
"458","Titans","TEN","DST","0508","robust",NA,NA,NA,NA,NA,NA,NA,NA,NA,NA,NA,NA,NA,NA,NA,NA,NA,NA,NA,NA,NA,NA,NA,NA,NA,NA,NA,NA,NA,NA,NA,NA,NA,NA,NA,NA,NA,NA,NA,NA,0.76,0.177912,2.615,0.0444779999999997,0.01,0.014826,0.175,0.014826,0,NA,NA,NA,NA,NA,NA,NA,NA,NA,NA,NA,NA,NA,NA,NA
"459","49ers","SF","DST","0530","robust",NA,NA,NA,NA,NA,NA,NA,NA,NA,NA,NA,NA,NA,NA,NA,NA,NA,NA,NA,NA,NA,NA,NA,NA,NA,NA,NA,NA,NA,NA,NA,NA,NA,NA,NA,NA,NA,NA,NA,NA,0.895,0.207564,2,0.355824,0.01,0.014826,0.175,0.029652,0,NA,NA,NA,NA,NA,NA,NA,NA,NA,NA,NA,NA,NA,NA,NA
"460","Patriots","NE","DST","0504","robust",NA,NA,NA,NA,NA,NA,NA,NA,NA,NA,NA,NA,NA,NA,NA,NA,NA,NA,NA,NA,NA,NA,NA,NA,NA,NA,NA,NA,NA,NA,NA,NA,NA,NA,NA,NA,NA,NA,NA,NA,0.8,0.14826,2.62,0.385476,0.0766666666666667,0.069188,0.2,0.014826,0,NA,NA,NA,NA,NA,NA,NA,NA,NA,NA,NA,NA,NA,NA,NA
"461","Ravens","BAL","DST","0531","robust",NA,NA,NA,NA,NA,NA,NA,NA,NA,NA,NA,NA,NA,NA,NA,NA,NA,NA,NA,NA,NA,NA,NA,NA,NA,NA,NA,NA,NA,NA,NA,NA,NA,NA,NA,NA,NA,NA,NA,NA,0.95,0.0889560000000001,2.745,0.355824,0.0433333333333333,0.019768,0.175,0.014826,0,NA,NA,NA,NA,NA,NA,NA,NA,NA,NA,NA,NA,NA,NA,NA
"462","Lions","DET","DST","0522","robust",NA,NA,NA,NA,NA,NA,NA,NA,NA,NA,NA,NA,NA,NA,NA,NA,NA,NA,NA,NA,NA,NA,NA,NA,NA,NA,NA,NA,NA,NA,NA,NA,NA,NA,NA,NA,NA,NA,NA,NA,0.83,0.14826,3.03,0.14826,0.0233333333333333,0.034594,0.2,0,0,NA,NA,NA,NA,NA,NA,NA,NA,NA,NA,NA,NA,NA,NA,NA
"463","Commanders","WAS","DST","0520","robust",NA,NA,NA,NA,NA,NA,NA,NA,NA,NA,NA,NA,NA,NA,NA,NA,NA,NA,NA,NA,NA,NA,NA,NA,NA,NA,NA,NA,NA,NA,NA,NA,NA,NA,NA,NA,NA,NA,NA,NA,0.9,0.29652,3.885,0.222390000000001,0.02,0.029652,0.17,0.014826,0,NA,NA,NA,NA,NA,NA,NA,NA,NA,NA,NA,NA,NA,NA,NA
"464","Maxx Crosby","LVR","DL","14225","robust",NA,NA,NA,NA,NA,NA,NA,NA,NA,NA,NA,NA,NA,NA,NA,NA,NA,NA,NA,NA,NA,NA,NA,NA,NA,NA,NA,NA,NA,NA,NA,NA,NA,NA,NA,NA,NA,NA,NA,NA,NA,NA,NA,NA,NA,NA,NA,NA,NA,NA,3.38,0.59304,0.67,0.0444779999999999,0,0,0.115,0.022239,0.005,0.007413,"Q","Knee",2023,5
"465","Danielle Hunter","MIN","DL","12221","robust",NA,NA,NA,NA,NA,NA,NA,NA,NA,NA,NA,NA,NA,NA,NA,NA,NA,NA,NA,NA,NA,NA,NA,NA,NA,NA,NA,NA,NA,NA,NA,NA,NA,NA,NA,NA,NA,NA,NA,NA,NA,NA,NA,NA,NA,NA,NA,NA,NA,NA,3.1125,1.18608,0.725,0.111195,0.005,0.007413,0.16,0.059304,0.005,0.007413,NA,NA,NA,NA
"466","Aaron Donald","LAR","DL","11757","robust",NA,NA,NA,NA,NA,NA,NA,NA,NA,NA,NA,NA,NA,NA,NA,NA,NA,NA,NA,NA,NA,NA,NA,NA,NA,NA,NA,NA,NA,NA,NA,NA,NA,NA,NA,NA,NA,NA,NA,NA,NA,NA,NA,NA,NA,NA,NA,NA,NA,NA,2.8875,1.18608,0.67,0.0444779999999999,0,0,0.105,0.00741299999999999,0.005,0.007413,NA,NA,NA,NA
"467","Harrison Phillips","MIN","DL","13693","robust",NA,NA,NA,NA,NA,NA,NA,NA,NA,NA,NA,NA,NA,NA,NA,NA,NA,NA,NA,NA,NA,NA,NA,NA,NA,NA,NA,NA,NA,NA,NA,NA,NA,NA,NA,NA,NA,NA,NA,NA,NA,NA,NA,NA,NA,NA,NA,NA,NA,NA,3.355,1.712403,0.1,0,0,0,0.135,0.051891,0,0,NA,NA,NA,NA
"468","Derrick Brown","CAR","DL","14897","robust",NA,NA,NA,NA,NA,NA,NA,NA,NA,NA,NA,NA,NA,NA,NA,NA,NA,NA,NA,NA,NA,NA,NA,NA,NA,NA,NA,NA,NA,NA,NA,NA,NA,NA,NA,NA,NA,NA,NA,NA,NA,NA,NA,NA,NA,NA,NA,NA,NA,NA,3.35,1.70499,0.14,0.059304,0.005,0.007413,0.19,0.014826,0.005,0.007413,NA,NA,NA,NA
"469","Carl Granderson","NO","DL","14405","robust",NA,NA,NA,NA,NA,NA,NA,NA,NA,NA,NA,NA,NA,NA,NA,NA,NA,NA,NA,NA,NA,NA,NA,NA,NA,NA,NA,NA,NA,NA,NA,NA,NA,NA,NA,NA,NA,NA,NA,NA,NA,NA,NA,NA,NA,NA,NA,NA,NA,NA,2.4625,0.59304,0.475,0.0370649999999999,0,0,0.065,0.096369,0.005,0.007413,NA,NA,NA,NA
"470","Cameron Jordan","NO","DL","10292","robust",NA,NA,NA,NA,NA,NA,NA,NA,NA,NA,NA,NA,NA,NA,NA,NA,NA,NA,NA,NA,NA,NA,NA,NA,NA,NA,NA,NA,NA,NA,NA,NA,NA,NA,NA,NA,NA,NA,NA,NA,NA,NA,NA,NA,NA,NA,NA,NA,NA,NA,2.61,1.18608,0.53,0.044478,0.005,0.007413,0.215,0.126021,0.005,0.007413,NA,NA,NA,NA
"471","Dexter Lawrence","NYG","DL","14159","robust",NA,NA,NA,NA,NA,NA,NA,NA,NA,NA,NA,NA,NA,NA,NA,NA,NA,NA,NA,NA,NA,NA,NA,NA,NA,NA,NA,NA,NA,NA,NA,NA,NA,NA,NA,NA,NA,NA,NA,NA,NA,NA,NA,NA,NA,NA,NA,NA,NA,NA,2.335,0.59304,0.165,0.096369,0,0,0.125,0.037065,0.005,0.007413,NA,NA,NA,NA
"472","Christian Wilkins","MIA","DL","14162","robust",NA,NA,NA,NA,NA,NA,NA,NA,NA,NA,NA,NA,NA,NA,NA,NA,NA,NA,NA,NA,NA,NA,NA,NA,NA,NA,NA,NA,NA,NA,NA,NA,NA,NA,NA,NA,NA,NA,NA,NA,NA,NA,NA,NA,NA,NA,NA,NA,NA,NA,3.31,1.052646,0.325,0.037065,0.005,0.007413,0.27,0.192738,0.005,0.007413,NA,NA,NA,NA
"473","Da'Ron Payne","WAS","DL","13723","robust",NA,NA,NA,NA,NA,NA,NA,NA,NA,NA,NA,NA,NA,NA,NA,NA,NA,NA,NA,NA,NA,NA,NA,NA,NA,NA,NA,NA,NA,NA,NA,NA,NA,NA,NA,NA,NA,NA,NA,NA,NA,NA,NA,NA,NA,NA,NA,NA,NA,NA,2.8025,0.44478,0.6,0.14826,0.005,0.007413,0.3,0.29652,0.005,0.007413,NA,NA,NA,NA
"474","Grady Jarrett","ATL","DL","12305","robust",NA,NA,NA,NA,NA,NA,NA,NA,NA,NA,NA,NA,NA,NA,NA,NA,NA,NA,NA,NA,NA,NA,NA,NA,NA,NA,NA,NA,NA,NA,NA,NA,NA,NA,NA,NA,NA,NA,NA,NA,NA,NA,NA,NA,NA,NA,NA,NA,NA,NA,2.74,1.838424,0.21,0.014826,0,0,0.125,0.037065,0.005,0.007413,NA,NA,NA,NA
"475","Brian Burns","CAR","DL","14171","robust",NA,NA,NA,NA,NA,NA,NA,NA,NA,NA,NA,NA,NA,NA,NA,NA,NA,NA,NA,NA,NA,NA,NA,NA,NA,NA,NA,NA,NA,NA,NA,NA,NA,NA,NA,NA,NA,NA,NA,NA,NA,NA,NA,NA,NA,NA,NA,NA,NA,NA,2.355,1.18608,0.605,0.140847,0.005,0.007413,0.115,0.022239,0.005,0.007413,NA,NA,NA,NA
"476","Jonathan Allen","WAS","DL","13208","robust",NA,NA,NA,NA,NA,NA,NA,NA,NA,NA,NA,NA,NA,NA,NA,NA,NA,NA,NA,NA,NA,NA,NA,NA,NA,NA,NA,NA,NA,NA,NA,NA,NA,NA,NA,NA,NA,NA,NA,NA,NA,NA,NA,NA,NA,NA,NA,NA,NA,NA,2.79,1.571556,0.675,0.111195,0.055,0.066717,0.15,0.07413,0.005,0.007413,NA,NA,NA,NA
"477","Zach Allen","DEN","DL","14153","robust",NA,NA,NA,NA,NA,NA,NA,NA,NA,NA,NA,NA,NA,NA,NA,NA,NA,NA,NA,NA,NA,NA,NA,NA,NA,NA,NA,NA,NA,NA,NA,NA,NA,NA,NA,NA,NA,NA,NA,NA,NA,NA,NA,NA,NA,NA,NA,NA,NA,NA,2.61,1.793946,0.31,0.163086,0.005,0.007413,0.17,0.044478,0.005,0.007413,NA,NA,NA,NA
"478","Jeffery Simmons","TEN","DL","14163","robust",NA,NA,NA,NA,NA,NA,NA,NA,NA,NA,NA,NA,NA,NA,NA,NA,NA,NA,NA,NA,NA,NA,NA,NA,NA,NA,NA,NA,NA,NA,NA,NA,NA,NA,NA,NA,NA,NA,NA,NA,NA,NA,NA,NA,NA,NA,NA,NA,NA,NA,2.795,1.475187,0.545,0.081543,0,0,0.205,0.140847,0.005,0.007413,NA,NA,NA,NA
"479","Grover Stewart","IND","DL","13298","robust",NA,NA,NA,NA,NA,NA,NA,NA,NA,NA,NA,NA,NA,NA,NA,NA,NA,NA,NA,NA,NA,NA,NA,NA,NA,NA,NA,NA,NA,NA,NA,NA,NA,NA,NA,NA,NA,NA,NA,NA,NA,NA,NA,NA,NA,NA,NA,NA,NA,NA,2.7125,1.4826,0.135,0.051891,0,0,0.075,0.111195,0.005,0.007413,NA,NA,NA,NA
"480","Roy Robertson-Harris","JAC","DL","13434","robust",NA,NA,NA,NA,NA,NA,NA,NA,NA,NA,NA,NA,NA,NA,NA,NA,NA,NA,NA,NA,NA,NA,NA,NA,NA,NA,NA,NA,NA,NA,NA,NA,NA,NA,NA,NA,NA,NA,NA,NA,NA,NA,NA,NA,NA,NA,NA,NA,NA,NA,2.585,1.608621,0.195,0.140847,0,0,0.12,0.029652,0.005,0.007413,NA,NA,NA,NA
"481","Kayvon Thibodeaux","NYG","DL","15806","robust",NA,NA,NA,NA,NA,NA,NA,NA,NA,NA,NA,NA,NA,NA,NA,NA,NA,NA,NA,NA,NA,NA,NA,NA,NA,NA,NA,NA,NA,NA,NA,NA,NA,NA,NA,NA,NA,NA,NA,NA,NA,NA,NA,NA,NA,NA,NA,NA,NA,NA,2.2825,1.18608,0.47,0.192738,0.01,0.014826,0.23,0.103782,0.005,0.007413,NA,NA,NA,NA
"482","Quinnen Williams","NYJ","DL","14157","robust",NA,NA,NA,NA,NA,NA,NA,NA,NA,NA,NA,NA,NA,NA,NA,NA,NA,NA,NA,NA,NA,NA,NA,NA,NA,NA,NA,NA,NA,NA,NA,NA,NA,NA,NA,NA,NA,NA,NA,NA,NA,NA,NA,NA,NA,NA,NA,NA,NA,NA,2.4925,0.7413,0.505,0.155673,0,0,0.2,0.14826,0.005,0.007413,NA,NA,NA,NA
"483","B.J. Hill","CIN","DL","13742","robust",NA,NA,NA,NA,NA,NA,NA,NA,NA,NA,NA,NA,NA,NA,NA,NA,NA,NA,NA,NA,NA,NA,NA,NA,NA,NA,NA,NA,NA,NA,NA,NA,NA,NA,NA,NA,NA,NA,NA,NA,NA,NA,NA,NA,NA,NA,NA,NA,NA,NA,1.995,0.88956,0.31,0.014826,0.005,0.007413,0.17,0.044478,0.005,0.007413,NA,NA,NA,NA
"484","Sam Hubbard","CIN","DL","13684","robust",NA,NA,NA,NA,NA,NA,NA,NA,NA,NA,NA,NA,NA,NA,NA,NA,NA,NA,NA,NA,NA,NA,NA,NA,NA,NA,NA,NA,NA,NA,NA,NA,NA,NA,NA,NA,NA,NA,NA,NA,NA,NA,NA,NA,NA,NA,NA,NA,NA,NA,2.5125,1.26021,0.45,0.07413,0,0,0.16,0.059304,0.005,0.007413,NA,NA,NA,NA
"485","Andrew Billings","CHI","DL","12699","robust",NA,NA,NA,NA,NA,NA,NA,NA,NA,NA,NA,NA,NA,NA,NA,NA,NA,NA,NA,NA,NA,NA,NA,NA,NA,NA,NA,NA,NA,NA,NA,NA,NA,NA,NA,NA,NA,NA,NA,NA,NA,NA,NA,NA,NA,NA,NA,NA,NA,NA,1.685,0,0.105,0.155673,0,0,0.07,0.103782,0.005,0.007413,NA,NA,NA,NA
"486","Zaven Collins","ARI","DL","15352","robust",NA,NA,NA,NA,NA,NA,NA,NA,NA,NA,NA,NA,NA,NA,NA,NA,NA,NA,NA,NA,NA,NA,NA,NA,NA,NA,NA,NA,NA,NA,NA,NA,NA,NA,NA,NA,NA,NA,NA,NA,NA,NA,NA,NA,NA,NA,NA,NA,NA,NA,2.65,1.11195,0.4,0,0.1,0,0.3,0,0,0,NA,NA,NA,NA
"487","Leonard Williams","NYG","DL","12225","robust",NA,NA,NA,NA,NA,NA,NA,NA,NA,NA,NA,NA,NA,NA,NA,NA,NA,NA,NA,NA,NA,NA,NA,NA,NA,NA,NA,NA,NA,NA,NA,NA,NA,NA,NA,NA,NA,NA,NA,NA,NA,NA,NA,NA,NA,NA,NA,NA,NA,NA,2.635,1.089711,0.225,0.037065,0.005,0.007413,0.075,0.111195,0.005,0.007413,NA,NA,NA,NA
"488","Montez Sweat","WAS","DL","14148","robust",NA,NA,NA,NA,NA,NA,NA,NA,NA,NA,NA,NA,NA,NA,NA,NA,NA,NA,NA,NA,NA,NA,NA,NA,NA,NA,NA,NA,NA,NA,NA,NA,NA,NA,NA,NA,NA,NA,NA,NA,NA,NA,NA,NA,NA,NA,NA,NA,NA,NA,2.1225,0.7413,0.735,0.200151,0.005,0.007413,0.09,0.014826,0.005,0.007413,NA,NA,NA,NA
"489","Bradley Chubb","MIA","DL","13681","robust",NA,NA,NA,NA,NA,NA,NA,NA,NA,NA,NA,NA,NA,NA,NA,NA,NA,NA,NA,NA,NA,NA,NA,NA,NA,NA,NA,NA,NA,NA,NA,NA,NA,NA,NA,NA,NA,NA,NA,NA,NA,NA,NA,NA,NA,NA,NA,NA,NA,NA,1.7175,0,0.33,0.340998,0.005,0.007413,0.06,0.088956,0.005,0.007413,NA,NA,NA,NA
"490","Jermaine Johnson","NYJ","DL","15809","robust",NA,NA,NA,NA,NA,NA,NA,NA,NA,NA,NA,NA,NA,NA,NA,NA,NA,NA,NA,NA,NA,NA,NA,NA,NA,NA,NA,NA,NA,NA,NA,NA,NA,NA,NA,NA,NA,NA,NA,NA,NA,NA,NA,NA,NA,NA,NA,NA,NA,NA,2.4925,0.29652,0.365,0.096369,0,0,0.06,0.088956,0.005,0.007413,NA,NA,NA,NA
"491","Justin Jones","CHI","DL","13748","robust",NA,NA,NA,NA,NA,NA,NA,NA,NA,NA,NA,NA,NA,NA,NA,NA,NA,NA,NA,NA,NA,NA,NA,NA,NA,NA,NA,NA,NA,NA,NA,NA,NA,NA,NA,NA,NA,NA,NA,NA,NA,NA,NA,NA,NA,NA,NA,NA,NA,NA,1.9625,1.18608,0.265,0.244629,0,0,0.155,0.066717,0.005,0.007413,NA,NA,NA,NA
"492","Josh Sweat","PHI","DL","13690","robust",NA,NA,NA,NA,NA,NA,NA,NA,NA,NA,NA,NA,NA,NA,NA,NA,NA,NA,NA,NA,NA,NA,NA,NA,NA,NA,NA,NA,NA,NA,NA,NA,NA,NA,NA,NA,NA,NA,NA,NA,NA,NA,NA,NA,NA,NA,NA,NA,NA,NA,2.185,0.7413,0.68,0.0296519999999999,0.005,0.007413,0.1,0,0.005,0.007413,NA,NA,NA,NA
"493","Chase Young","WAS","DL","14877","robust",NA,NA,NA,NA,NA,NA,NA,NA,NA,NA,NA,NA,NA,NA,NA,NA,NA,NA,NA,NA,NA,NA,NA,NA,NA,NA,NA,NA,NA,NA,NA,NA,NA,NA,NA,NA,NA,NA,NA,NA,NA,NA,NA,NA,NA,NA,NA,NA,NA,NA,2.1075,0.29652,0.495,0.140847,0,0,0.1,0,0.005,0.007413,NA,NA,NA,NA
"494","Michael Danna","KC","DL","14978","robust",NA,NA,NA,NA,NA,NA,NA,NA,NA,NA,NA,NA,NA,NA,NA,NA,NA,NA,NA,NA,NA,NA,NA,NA,NA,NA,NA,NA,NA,NA,NA,NA,NA,NA,NA,NA,NA,NA,NA,NA,NA,NA,NA,NA,NA,NA,NA,NA,NA,NA,1.9825,1.03782,0.425,0.0370649999999999,0,0,0.205,0.140847,0.005,0.007413,NA,NA,NA,NA
"495","David Onyemata","ATL","DL","12782","robust",NA,NA,NA,NA,NA,NA,NA,NA,NA,NA,NA,NA,NA,NA,NA,NA,NA,NA,NA,NA,NA,NA,NA,NA,NA,NA,NA,NA,NA,NA,NA,NA,NA,NA,NA,NA,NA,NA,NA,NA,NA,NA,NA,NA,NA,NA,NA,NA,NA,NA,1.4475,1.03782,0.3,0,0.005,0.007413,0.265,0.200151,0.005,0.007413,NA,NA,NA,NA
"496","Nick Bosa","SF","DL","14147","robust",NA,NA,NA,NA,NA,NA,NA,NA,NA,NA,NA,NA,NA,NA,NA,NA,NA,NA,NA,NA,NA,NA,NA,NA,NA,NA,NA,NA,NA,NA,NA,NA,NA,NA,NA,NA,NA,NA,NA,NA,NA,NA,NA,NA,NA,NA,NA,NA,NA,NA,2.3825,0.7413,0.76,0.0593040000000001,0.005,0.007413,0.045,0.066717,0.005,0.007413,NA,NA,NA,NA
"497","George Karlaftis","KC","DL","15808","robust",NA,NA,NA,NA,NA,NA,NA,NA,NA,NA,NA,NA,NA,NA,NA,NA,NA,NA,NA,NA,NA,NA,NA,NA,NA,NA,NA,NA,NA,NA,NA,NA,NA,NA,NA,NA,NA,NA,NA,NA,NA,NA,NA,NA,NA,NA,NA,NA,NA,NA,1.6225,0.7413,0.505,0.00741300000000001,0.005,0.007413,0.255,0.214977,0.005,0.007413,NA,NA,NA,NA
"498","Dayo Odeyingbo","IND","DL","15386","robust",NA,NA,NA,NA,NA,NA,NA,NA,NA,NA,NA,NA,NA,NA,NA,NA,NA,NA,NA,NA,NA,NA,NA,NA,NA,NA,NA,NA,NA,NA,NA,NA,NA,NA,NA,NA,NA,NA,NA,NA,NA,NA,NA,NA,NA,NA,NA,NA,NA,NA,1.785,1.03782,0.405,0.155673,0.005,0.007413,0.105,0.00741299999999999,0.005,0.007413,NA,NA,NA,NA
"499","Aidan Hutchinson","DET","DL","15805","robust",NA,NA,NA,NA,NA,NA,NA,NA,NA,NA,NA,NA,NA,NA,NA,NA,NA,NA,NA,NA,NA,NA,NA,NA,NA,NA,NA,NA,NA,NA,NA,NA,NA,NA,NA,NA,NA,NA,NA,NA,NA,NA,NA,NA,NA,NA,NA,NA,NA,NA,2.43,0.770952,0.88,0.118608,0.015,0.022239,0.25,0.22239,0.005,0.007413,NA,NA,NA,NA
"500","Micheal Clemons","NYJ","DL","15878","robust",NA,NA,NA,NA,NA,NA,NA,NA,NA,NA,NA,NA,NA,NA,NA,NA,NA,NA,NA,NA,NA,NA,NA,NA,NA,NA,NA,NA,NA,NA,NA,NA,NA,NA,NA,NA,NA,NA,NA,NA,NA,NA,NA,NA,NA,NA,NA,NA,NA,NA,3.01,0.014826,0.34,0,0,0,0.12,0,0.01,0,NA,NA,NA,NA
"501","Calais Campbell","ATL","DL","9051","robust",NA,NA,NA,NA,NA,NA,NA,NA,NA,NA,NA,NA,NA,NA,NA,NA,NA,NA,NA,NA,NA,NA,NA,NA,NA,NA,NA,NA,NA,NA,NA,NA,NA,NA,NA,NA,NA,NA,NA,NA,NA,NA,NA,NA,NA,NA,NA,NA,NA,NA,2.155,1.267623,0.19,0.133434,0.005,0.007413,0.12,0.029652,0.005,0.007413,NA,NA,NA,NA
"502","Preston Smith","GB","DL","12270","robust",NA,NA,NA,NA,NA,NA,NA,NA,NA,NA,NA,NA,NA,NA,NA,NA,NA,NA,NA,NA,NA,NA,NA,NA,NA,NA,NA,NA,NA,NA,NA,NA,NA,NA,NA,NA,NA,NA,NA,NA,NA,NA,NA,NA,NA,NA,NA,NA,NA,NA,2.4,0.88956,0.5,0,0,0,0,0,0,0,NA,NA,NA,NA
"503","DeForest Buckner","IND","DL","12688","robust",NA,NA,NA,NA,NA,NA,NA,NA,NA,NA,NA,NA,NA,NA,NA,NA,NA,NA,NA,NA,NA,NA,NA,NA,NA,NA,NA,NA,NA,NA,NA,NA,NA,NA,NA,NA,NA,NA,NA,NA,NA,NA,NA,NA,NA,NA,NA,NA,NA,NA,2.3525,0.459606,0.43,0.103782,0,0,0.105,0.00741299999999999,0.055,0.066717,NA,NA,NA,NA
"504","Denico Autry","TEN","DL","12083","robust",NA,NA,NA,NA,NA,NA,NA,NA,NA,NA,NA,NA,NA,NA,NA,NA,NA,NA,NA,NA,NA,NA,NA,NA,NA,NA,NA,NA,NA,NA,NA,NA,NA,NA,NA,NA,NA,NA,NA,NA,NA,NA,NA,NA,NA,NA,NA,NA,NA,NA,2.35,0.81543,0.63,0.103782,0,0,0.145,0.081543,0.005,0.007413,NA,NA,NA,NA
"505","Micah Parsons","DAL","DL","15350","robust",NA,NA,NA,NA,NA,NA,NA,NA,NA,NA,NA,NA,NA,NA,NA,NA,NA,NA,NA,NA,NA,NA,NA,NA,NA,NA,NA,NA,NA,NA,NA,NA,NA,NA,NA,NA,NA,NA,NA,NA,NA,NA,NA,NA,NA,NA,NA,NA,NA,NA,2.55,0.37065,0.9,0,0,0,0.2,0,0,0,NA,NA,NA,NA
"506","Quinton Jefferson","NYJ","DL","12796","robust",NA,NA,NA,NA,NA,NA,NA,NA,NA,NA,NA,NA,NA,NA,NA,NA,NA,NA,NA,NA,NA,NA,NA,NA,NA,NA,NA,NA,NA,NA,NA,NA,NA,NA,NA,NA,NA,NA,NA,NA,NA,NA,NA,NA,NA,NA,NA,NA,NA,NA,2.8,0,0.48,0,0,0,0.1,0,0.01,0,NA,NA,NA,NA
"507","Josh Allen","JAC","DL","14167","robust",NA,NA,NA,NA,NA,NA,NA,NA,NA,NA,NA,NA,NA,NA,NA,NA,NA,NA,NA,NA,NA,NA,NA,NA,NA,NA,NA,NA,NA,NA,NA,NA,NA,NA,NA,NA,NA,NA,NA,NA,NA,NA,NA,NA,NA,NA,NA,NA,NA,NA,2.35,0.51891,1,0,0,0,0.1,0,0,0,NA,NA,NA,NA
"508","Jonathan Greenard","HOU","DL","14882","robust",NA,NA,NA,NA,NA,NA,NA,NA,NA,NA,NA,NA,NA,NA,NA,NA,NA,NA,NA,NA,NA,NA,NA,NA,NA,NA,NA,NA,NA,NA,NA,NA,NA,NA,NA,NA,NA,NA,NA,NA,NA,NA,NA,NA,NA,NA,NA,NA,NA,NA,2.2,0.7413,0.6,0,0.1,0,0.2,0,0.1,0,NA,NA,NA,NA
"509","Chris Jones","KC","DL","12741","robust",NA,NA,NA,NA,NA,NA,NA,NA,NA,NA,NA,NA,NA,NA,NA,NA,NA,NA,NA,NA,NA,NA,NA,NA,NA,NA,NA,NA,NA,NA,NA,NA,NA,NA,NA,NA,NA,NA,NA,NA,NA,NA,NA,NA,NA,NA,NA,NA,NA,NA,1.865,0.7413,0.775,0.185325,0.005,0.007413,0.145,0.081543,0.005,0.007413,NA,NA,NA,NA
"510","T.J. Watt","PIT","DL","13214","robust",NA,NA,NA,NA,NA,NA,NA,NA,NA,NA,NA,NA,NA,NA,NA,NA,NA,NA,NA,NA,NA,NA,NA,NA,NA,NA,NA,NA,NA,NA,NA,NA,NA,NA,NA,NA,NA,NA,NA,NA,NA,NA,NA,NA,NA,NA,NA,NA,NA,NA,2.05,0.66717,1.1,0,0,0,0.4,0,0.1,0,NA,NA,NA,NA
"511","Jonathon Cooper","DEN","DL","15484","robust",NA,NA,NA,NA,NA,NA,NA,NA,NA,NA,NA,NA,NA,NA,NA,NA,NA,NA,NA,NA,NA,NA,NA,NA,NA,NA,NA,NA,NA,NA,NA,NA,NA,NA,NA,NA,NA,NA,NA,NA,NA,NA,NA,NA,NA,NA,NA,NA,NA,NA,1.85,0.96369,0.9,0,0,0,0.1,0,0.2,0,NA,NA,NA,NA
"512","Josh Uche","NE","DL","14925","robust",NA,NA,NA,NA,NA,NA,NA,NA,NA,NA,NA,NA,NA,NA,NA,NA,NA,NA,NA,NA,NA,NA,NA,NA,NA,NA,NA,NA,NA,NA,NA,NA,NA,NA,NA,NA,NA,NA,NA,NA,NA,NA,NA,NA,NA,NA,NA,NA,NA,NA,2.2,0.44478,0.8,0,0,0,0.1,0,0,0,NA,NA,NA,NA
"513","Jaelan Phillips","MIA","DL","15349","robust",NA,NA,NA,NA,NA,NA,NA,NA,NA,NA,NA,NA,NA,NA,NA,NA,NA,NA,NA,NA,NA,NA,NA,NA,NA,NA,NA,NA,NA,NA,NA,NA,NA,NA,NA,NA,NA,NA,NA,NA,NA,NA,NA,NA,NA,NA,NA,NA,NA,NA,1.65,1.26021,0.4,0,0,0,0.1,0,0,0,"Q","Oblique",2023,5
"514","Yannick Ngakoue","CHI","DL","12756","robust",NA,NA,NA,NA,NA,NA,NA,NA,NA,NA,NA,NA,NA,NA,NA,NA,NA,NA,NA,NA,NA,NA,NA,NA,NA,NA,NA,NA,NA,NA,NA,NA,NA,NA,NA,NA,NA,NA,NA,NA,NA,NA,NA,NA,NA,NA,NA,NA,NA,NA,2.035,0.192738,0.71,0.459606,0.005,0.007413,0.075,0.037065,0.005,0.007413,NA,NA,NA,NA
"515","Will Anderson","HOU","DL","16223","robust",NA,NA,NA,NA,NA,NA,NA,NA,NA,NA,NA,NA,NA,NA,NA,NA,NA,NA,NA,NA,NA,NA,NA,NA,NA,NA,NA,NA,NA,NA,NA,NA,NA,NA,NA,NA,NA,NA,NA,NA,NA,NA,NA,NA,NA,NA,NA,NA,NA,NA,2,0.59304,0.4,0,0,0,0.1,0,0,0,NA,NA,NA,NA
"516","Trey Hendrickson","CIN","DL","13284","robust",NA,NA,NA,NA,NA,NA,NA,NA,NA,NA,NA,NA,NA,NA,NA,NA,NA,NA,NA,NA,NA,NA,NA,NA,NA,NA,NA,NA,NA,NA,NA,NA,NA,NA,NA,NA,NA,NA,NA,NA,NA,NA,NA,NA,NA,NA,NA,NA,NA,NA,1.595,1.156428,0.61,0.014826,0,0,0.14,0.088956,0.005,0.007413,"Q","Back",2023,5
"517","Samson Ebukam","IND","DL","13294","robust",NA,NA,NA,NA,NA,NA,NA,NA,NA,NA,NA,NA,NA,NA,NA,NA,NA,NA,NA,NA,NA,NA,NA,NA,NA,NA,NA,NA,NA,NA,NA,NA,NA,NA,NA,NA,NA,NA,NA,NA,NA,NA,NA,NA,NA,NA,NA,NA,NA,NA,1.75,0.81543,0.6,0,0,0,0,0,0,0,NA,NA,NA,NA
"518","Alex Highsmith","PIT","DL","14940","robust",NA,NA,NA,NA,NA,NA,NA,NA,NA,NA,NA,NA,NA,NA,NA,NA,NA,NA,NA,NA,NA,NA,NA,NA,NA,NA,NA,NA,NA,NA,NA,NA,NA,NA,NA,NA,NA,NA,NA,NA,NA,NA,NA,NA,NA,NA,NA,NA,NA,NA,1.75,0.66717,0.3,0,0.1,0,0.2,0,0.1,0,"Q","Groin",2023,5
"519","Demarcus Lawrence","DAL","DL","11769","robust",NA,NA,NA,NA,NA,NA,NA,NA,NA,NA,NA,NA,NA,NA,NA,NA,NA,NA,NA,NA,NA,NA,NA,NA,NA,NA,NA,NA,NA,NA,NA,NA,NA,NA,NA,NA,NA,NA,NA,NA,NA,NA,NA,NA,NA,NA,NA,NA,NA,NA,1.6,0.7413,0.4,0,0,0,0.2,0,0,0,NA,NA,NA,NA
"520","Charles Harris","DET","DL","13204","robust",NA,NA,NA,NA,NA,NA,NA,NA,NA,NA,NA,NA,NA,NA,NA,NA,NA,NA,NA,NA,NA,NA,NA,NA,NA,NA,NA,NA,NA,NA,NA,NA,NA,NA,NA,NA,NA,NA,NA,NA,NA,NA,NA,NA,NA,NA,NA,NA,NA,NA,1.6,0.7413,0.4,0,0,0,0.1,0,0,0,NA,NA,NA,NA
"521","Jadeveon Clowney","BAL","DL","11706","robust",NA,NA,NA,NA,NA,NA,NA,NA,NA,NA,NA,NA,NA,NA,NA,NA,NA,NA,NA,NA,NA,NA,NA,NA,NA,NA,NA,NA,NA,NA,NA,NA,NA,NA,NA,NA,NA,NA,NA,NA,NA,NA,NA,NA,NA,NA,NA,NA,NA,NA,1.95,0.22239,0.4,0,0,0,0.3,0,0,0,NA,NA,NA,NA
"522","Andrew Van Ginkel","MIA","DL","14249","robust",NA,NA,NA,NA,NA,NA,NA,NA,NA,NA,NA,NA,NA,NA,NA,NA,NA,NA,NA,NA,NA,NA,NA,NA,NA,NA,NA,NA,NA,NA,NA,NA,NA,NA,NA,NA,NA,NA,NA,NA,NA,NA,NA,NA,NA,NA,NA,NA,NA,NA,1.75,0.37065,0.3,0,0,0,0.2,0,0,0,NA,NA,NA,NA
"523","Nik Bonitto","DEN","DL","15861","robust",NA,NA,NA,NA,NA,NA,NA,NA,NA,NA,NA,NA,NA,NA,NA,NA,NA,NA,NA,NA,NA,NA,NA,NA,NA,NA,NA,NA,NA,NA,NA,NA,NA,NA,NA,NA,NA,NA,NA,NA,NA,NA,NA,NA,NA,NA,NA,NA,NA,NA,1.5,0.7413,0.3,0,0,0,0.1,0,0,0,NA,NA,NA,NA
"524","Michael Hoecht","LAR","DL","15565","robust",NA,NA,NA,NA,NA,NA,NA,NA,NA,NA,NA,NA,NA,NA,NA,NA,NA,NA,NA,NA,NA,NA,NA,NA,NA,NA,NA,NA,NA,NA,NA,NA,NA,NA,NA,NA,NA,NA,NA,NA,NA,NA,NA,NA,NA,NA,NA,NA,NA,NA,1.8,0.14826,0.2,0,0,0,0.1,0,0,0,NA,NA,NA,NA
"525","Byron Young","LAR","DL","16276","robust",NA,NA,NA,NA,NA,NA,NA,NA,NA,NA,NA,NA,NA,NA,NA,NA,NA,NA,NA,NA,NA,NA,NA,NA,NA,NA,NA,NA,NA,NA,NA,NA,NA,NA,NA,NA,NA,NA,NA,NA,NA,NA,NA,NA,NA,NA,NA,NA,NA,NA,1.2,1.03782,0.3,0,0,0,0,0,0,0,NA,NA,NA,NA
"526","Jerry Hughes","HOU","DL","9853","robust",NA,NA,NA,NA,NA,NA,NA,NA,NA,NA,NA,NA,NA,NA,NA,NA,NA,NA,NA,NA,NA,NA,NA,NA,NA,NA,NA,NA,NA,NA,NA,NA,NA,NA,NA,NA,NA,NA,NA,NA,NA,NA,NA,NA,NA,NA,NA,NA,NA,NA,1.55,0.51891,0.4,0,0,0,0.1,0,0,0,NA,NA,NA,NA
"527","DeMarcus Walker","CHI","DL","13258","robust",NA,NA,NA,NA,NA,NA,NA,NA,NA,NA,NA,NA,NA,NA,NA,NA,NA,NA,NA,NA,NA,NA,NA,NA,NA,NA,NA,NA,NA,NA,NA,NA,NA,NA,NA,NA,NA,NA,NA,NA,NA,NA,NA,NA,NA,NA,NA,NA,NA,NA,1.65,0.37065,0.1,0,0,0,0,0,0,0,NA,NA,NA,NA
"528","Harold Landry","TEN","DL","13700","robust",NA,NA,NA,NA,NA,NA,NA,NA,NA,NA,NA,NA,NA,NA,NA,NA,NA,NA,NA,NA,NA,NA,NA,NA,NA,NA,NA,NA,NA,NA,NA,NA,NA,NA,NA,NA,NA,NA,NA,NA,NA,NA,NA,NA,NA,NA,NA,NA,NA,NA,1.55,0.37065,0.6,0,0,0,0.1,0,0,0,NA,NA,NA,NA
"529","Ed Oliver","BUF","DL","14158","robust",NA,NA,NA,NA,NA,NA,NA,NA,NA,NA,NA,NA,NA,NA,NA,NA,NA,NA,NA,NA,NA,NA,NA,NA,NA,NA,NA,NA,NA,NA,NA,NA,NA,NA,NA,NA,NA,NA,NA,NA,NA,NA,NA,NA,NA,NA,NA,NA,NA,NA,1.55,0.37065,0.4,0,0,0,0.2,0,0,0,NA,NA,NA,NA
"530","Rashan Gary","GB","DL","14149","robust",NA,NA,NA,NA,NA,NA,NA,NA,NA,NA,NA,NA,NA,NA,NA,NA,NA,NA,NA,NA,NA,NA,NA,NA,NA,NA,NA,NA,NA,NA,NA,NA,NA,NA,NA,NA,NA,NA,NA,NA,NA,NA,NA,NA,NA,NA,NA,NA,NA,NA,1.1,1.03782,0.2,0,0,0,0.2,0,0,0,NA,NA,NA,NA
"531","Arik Armstead","SF","DL","12218","robust",NA,NA,NA,NA,NA,NA,NA,NA,NA,NA,NA,NA,NA,NA,NA,NA,NA,NA,NA,NA,NA,NA,NA,NA,NA,NA,NA,NA,NA,NA,NA,NA,NA,NA,NA,NA,NA,NA,NA,NA,NA,NA,NA,NA,NA,NA,NA,NA,NA,NA,1.35,0.66717,0.4,0,0,0,0,0,0,0,NA,NA,NA,NA
"532","D.J. Jones","DEN","DL","13332","robust",NA,NA,NA,NA,NA,NA,NA,NA,NA,NA,NA,NA,NA,NA,NA,NA,NA,NA,NA,NA,NA,NA,NA,NA,NA,NA,NA,NA,NA,NA,NA,NA,NA,NA,NA,NA,NA,NA,NA,NA,NA,NA,NA,NA,NA,NA,NA,NA,NA,NA,1.45,0.51891,0,0,0,0,0.2,0,0,0,NA,NA,NA,NA
"533","Javon Hargrave","SF","DL","12764","robust",NA,NA,NA,NA,NA,NA,NA,NA,NA,NA,NA,NA,NA,NA,NA,NA,NA,NA,NA,NA,NA,NA,NA,NA,NA,NA,NA,NA,NA,NA,NA,NA,NA,NA,NA,NA,NA,NA,NA,NA,NA,NA,NA,NA,NA,NA,NA,NA,NA,NA,0.95,1.11195,0.7,0,0,0,0.1,0,0,0,NA,NA,NA,NA
"534","Trey Flowers","NE","DL","12222","robust",NA,NA,NA,NA,NA,NA,NA,NA,NA,NA,NA,NA,NA,NA,NA,NA,NA,NA,NA,NA,NA,NA,NA,NA,NA,NA,NA,NA,NA,NA,NA,NA,NA,NA,NA,NA,NA,NA,NA,NA,NA,NA,NA,NA,NA,NA,NA,NA,NA,NA,1.1,0.88956,0.6,0,0,0,0,0,0,0,NA,"Foot",2023,5
"535","Von Miller","BUF","DL","10267","robust",NA,NA,NA,NA,NA,NA,NA,NA,NA,NA,NA,NA,NA,NA,NA,NA,NA,NA,NA,NA,NA,NA,NA,NA,NA,NA,NA,NA,NA,NA,NA,NA,NA,NA,NA,NA,NA,NA,NA,NA,NA,NA,NA,NA,NA,NA,NA,NA,NA,NA,1.55,0.22239,0.7,0,0,0,0.2,0,0,0,NA,"Knee - ACL",2023,5
"536","Travon Walker","JAC","DL","15815","robust",NA,NA,NA,NA,NA,NA,NA,NA,NA,NA,NA,NA,NA,NA,NA,NA,NA,NA,NA,NA,NA,NA,NA,NA,NA,NA,NA,NA,NA,NA,NA,NA,NA,NA,NA,NA,NA,NA,NA,NA,NA,NA,NA,NA,NA,NA,NA,NA,NA,NA,1.5,0.29652,0.4,0,0,0,0.1,0,0,0,NA,NA,NA,NA
"537","Osa Odighizuwa","DAL","DL","15393","robust",NA,NA,NA,NA,NA,NA,NA,NA,NA,NA,NA,NA,NA,NA,NA,NA,NA,NA,NA,NA,NA,NA,NA,NA,NA,NA,NA,NA,NA,NA,NA,NA,NA,NA,NA,NA,NA,NA,NA,NA,NA,NA,NA,NA,NA,NA,NA,NA,NA,NA,1.1,0.88956,0.4,0,0,0,0,0,0,0,NA,NA,NA,NA
"538","Bryan Bresee","NO","DL","16256","robust",NA,NA,NA,NA,NA,NA,NA,NA,NA,NA,NA,NA,NA,NA,NA,NA,NA,NA,NA,NA,NA,NA,NA,NA,NA,NA,NA,NA,NA,NA,NA,NA,NA,NA,NA,NA,NA,NA,NA,NA,NA,NA,NA,NA,NA,NA,NA,NA,NA,NA,1.1,0.88956,0.3,0,0,0,0.2,0,0,0,NA,NA,NA,NA
"539","Dorance Armstrong","DAL","DL","13759","robust",NA,NA,NA,NA,NA,NA,NA,NA,NA,NA,NA,NA,NA,NA,NA,NA,NA,NA,NA,NA,NA,NA,NA,NA,NA,NA,NA,NA,NA,NA,NA,NA,NA,NA,NA,NA,NA,NA,NA,NA,NA,NA,NA,NA,NA,NA,NA,NA,NA,NA,1.15,0.66717,0.5,0,0,0,0,0,0,0,NA,NA,NA,NA
"540","Romeo Okwara","DET","DL","12948","robust",NA,NA,NA,NA,NA,NA,NA,NA,NA,NA,NA,NA,NA,NA,NA,NA,NA,NA,NA,NA,NA,NA,NA,NA,NA,NA,NA,NA,NA,NA,NA,NA,NA,NA,NA,NA,NA,NA,NA,NA,NA,NA,NA,NA,NA,NA,NA,NA,NA,NA,1.05,0.81543,0.4,0,0,0,0,0,0,0,NA,NA,NA,NA
"541","Baron Browning","DEN","DL","15356","robust",NA,NA,NA,NA,NA,NA,NA,NA,NA,NA,NA,NA,NA,NA,NA,NA,NA,NA,NA,NA,NA,NA,NA,NA,NA,NA,NA,NA,NA,NA,NA,NA,NA,NA,NA,NA,NA,NA,NA,NA,NA,NA,NA,NA,NA,NA,NA,NA,NA,NA,0.9,1.03782,0.2,0,0,0,0.2,0,0.1,0,NA,"Knee",2023,5
"542","Malcolm Koonce","LVR","DL","15395","robust",NA,NA,NA,NA,NA,NA,NA,NA,NA,NA,NA,NA,NA,NA,NA,NA,NA,NA,NA,NA,NA,NA,NA,NA,NA,NA,NA,NA,NA,NA,NA,NA,NA,NA,NA,NA,NA,NA,NA,NA,NA,NA,NA,NA,NA,NA,NA,NA,NA,NA,1.2,0.59304,0.2,0,0,0,0.1,0,0,0,"Q","Groin",2023,5
"543","Sheldon Rankins","HOU","DL","12735","robust",NA,NA,NA,NA,NA,NA,NA,NA,NA,NA,NA,NA,NA,NA,NA,NA,NA,NA,NA,NA,NA,NA,NA,NA,NA,NA,NA,NA,NA,NA,NA,NA,NA,NA,NA,NA,NA,NA,NA,NA,NA,NA,NA,NA,NA,NA,NA,NA,NA,NA,1.2,0.59304,0.1,0,0,0,0,0,0,0,NA,NA,NA,NA
"544","Jordan Davis","PHI","DL","15817","robust",NA,NA,NA,NA,NA,NA,NA,NA,NA,NA,NA,NA,NA,NA,NA,NA,NA,NA,NA,NA,NA,NA,NA,NA,NA,NA,NA,NA,NA,NA,NA,NA,NA,NA,NA,NA,NA,NA,NA,NA,NA,NA,NA,NA,NA,NA,NA,NA,NA,NA,1.05,0.66717,0.3,0,0,0,0,0,0,0,NA,NA,NA,NA
"545","Alim McNeill","DET","DL","15390","robust",NA,NA,NA,NA,NA,NA,NA,NA,NA,NA,NA,NA,NA,NA,NA,NA,NA,NA,NA,NA,NA,NA,NA,NA,NA,NA,NA,NA,NA,NA,NA,NA,NA,NA,NA,NA,NA,NA,NA,NA,NA,NA,NA,NA,NA,NA,NA,NA,NA,NA,0.85,0.81543,0.3,0,0,0,0,0,0,0,NA,NA,NA,NA
"546","Davon Godchaux","NE","DL","13317","robust",NA,NA,NA,NA,NA,NA,NA,NA,NA,NA,NA,NA,NA,NA,NA,NA,NA,NA,NA,NA,NA,NA,NA,NA,NA,NA,NA,NA,NA,NA,NA,NA,NA,NA,NA,NA,NA,NA,NA,NA,NA,NA,NA,NA,NA,NA,NA,NA,NA,NA,0.55,1.26021,0.1,0,0,0,0,0,0,0,"Q","Ankle",2023,5
"547","Tyus Bowser","BAL","DL","13256","robust",NA,NA,NA,NA,NA,NA,NA,NA,NA,NA,NA,NA,NA,NA,NA,NA,NA,NA,NA,NA,NA,NA,NA,NA,NA,NA,NA,NA,NA,NA,NA,NA,NA,NA,NA,NA,NA,NA,NA,NA,NA,NA,NA,NA,NA,NA,NA,NA,NA,NA,0.95,0.66717,0.2,0,0,0,0.2,0,0,0,NA,"Knee",2023,5
"548","D.J. Reader","CIN","DL","12802","robust",NA,NA,NA,NA,NA,NA,NA,NA,NA,NA,NA,NA,NA,NA,NA,NA,NA,NA,NA,NA,NA,NA,NA,NA,NA,NA,NA,NA,NA,NA,NA,NA,NA,NA,NA,NA,NA,NA,NA,NA,NA,NA,NA,NA,NA,NA,NA,NA,NA,NA,0.9,0.7413,0.1,0,0,0,0.3,0,0,0,NA,NA,NA,NA
"549","Bilal Nichols","LVR","DL","13777","robust",NA,NA,NA,NA,NA,NA,NA,NA,NA,NA,NA,NA,NA,NA,NA,NA,NA,NA,NA,NA,NA,NA,NA,NA,NA,NA,NA,NA,NA,NA,NA,NA,NA,NA,NA,NA,NA,NA,NA,NA,NA,NA,NA,NA,NA,NA,NA,NA,NA,NA,0.6,1.18608,0.1,0,0,0,0.1,0,0,0,NA,NA,NA,NA
"550","A.J. Epenesa","BUF","DL","14879","robust",NA,NA,NA,NA,NA,NA,NA,NA,NA,NA,NA,NA,NA,NA,NA,NA,NA,NA,NA,NA,NA,NA,NA,NA,NA,NA,NA,NA,NA,NA,NA,NA,NA,NA,NA,NA,NA,NA,NA,NA,NA,NA,NA,NA,NA,NA,NA,NA,NA,NA,1,0.44478,0.5,0,0,0,0.3,0,0,0,NA,NA,NA,NA
"551","Michael Pierce","BAL","DL","12952","robust",NA,NA,NA,NA,NA,NA,NA,NA,NA,NA,NA,NA,NA,NA,NA,NA,NA,NA,NA,NA,NA,NA,NA,NA,NA,NA,NA,NA,NA,NA,NA,NA,NA,NA,NA,NA,NA,NA,NA,NA,NA,NA,NA,NA,NA,NA,NA,NA,NA,NA,0.65,0.96369,0,0,0,0,0.1,0,0,0,NA,NA,NA,NA
"552","K'Lavon Chaisson","JAC","DL","14888","robust",NA,NA,NA,NA,NA,NA,NA,NA,NA,NA,NA,NA,NA,NA,NA,NA,NA,NA,NA,NA,NA,NA,NA,NA,NA,NA,NA,NA,NA,NA,NA,NA,NA,NA,NA,NA,NA,NA,NA,NA,NA,NA,NA,NA,NA,NA,NA,NA,NA,NA,1.05,0.37065,0.1,0,0,0,0,0,0,0,NA,NA,NA,NA
"553","Maliek Collins","HOU","DL","12754","robust",NA,NA,NA,NA,NA,NA,NA,NA,NA,NA,NA,NA,NA,NA,NA,NA,NA,NA,NA,NA,NA,NA,NA,NA,NA,NA,NA,NA,NA,NA,NA,NA,NA,NA,NA,NA,NA,NA,NA,NA,NA,NA,NA,NA,NA,NA,NA,NA,NA,NA,0.95,0.51891,0.1,0,0,0,0.1,0,0,0,"Q","Abdomen",2023,5
"554","Frank Clark","DEN","DL","12280","robust",NA,NA,NA,NA,NA,NA,NA,NA,NA,NA,NA,NA,NA,NA,NA,NA,NA,NA,NA,NA,NA,NA,NA,NA,NA,NA,NA,NA,NA,NA,NA,NA,NA,NA,NA,NA,NA,NA,NA,NA,NA,NA,NA,NA,NA,NA,NA,NA,NA,NA,1,0.44478,0.1,0,0,0,0,0,0,0,NA,NA,NA,NA
"555","D.J. Wonnum","MIN","DL","14947","robust",NA,NA,NA,NA,NA,NA,NA,NA,NA,NA,NA,NA,NA,NA,NA,NA,NA,NA,NA,NA,NA,NA,NA,NA,NA,NA,NA,NA,NA,NA,NA,NA,NA,NA,NA,NA,NA,NA,NA,NA,NA,NA,NA,NA,NA,NA,NA,NA,NA,NA,0.4,1.18608,0.3,0,0,0,0.2,0,0.2,0,NA,NA,NA,NA
"556","Carl Lawson","NYJ","DL","13202","robust",NA,NA,NA,NA,NA,NA,NA,NA,NA,NA,NA,NA,NA,NA,NA,NA,NA,NA,NA,NA,NA,NA,NA,NA,NA,NA,NA,NA,NA,NA,NA,NA,NA,NA,NA,NA,NA,NA,NA,NA,NA,NA,NA,NA,NA,NA,NA,NA,NA,NA,0.75,0.66717,0.4,0,0,0,0,0,0,0,NA,NA,NA,NA
"557","DaQuan Jones","BUF","DL","11793","robust",NA,NA,NA,NA,NA,NA,NA,NA,NA,NA,NA,NA,NA,NA,NA,NA,NA,NA,NA,NA,NA,NA,NA,NA,NA,NA,NA,NA,NA,NA,NA,NA,NA,NA,NA,NA,NA,NA,NA,NA,NA,NA,NA,NA,NA,NA,NA,NA,NA,NA,0.85,0.51891,0.2,0,0,0,0,0,0,0,NA,NA,NA,NA
"558","Khalen Saunders","NO","DL","14215","robust",NA,NA,NA,NA,NA,NA,NA,NA,NA,NA,NA,NA,NA,NA,NA,NA,NA,NA,NA,NA,NA,NA,NA,NA,NA,NA,NA,NA,NA,NA,NA,NA,NA,NA,NA,NA,NA,NA,NA,NA,NA,NA,NA,NA,NA,NA,NA,NA,NA,NA,0.05,1.55673,0.1,0,0,0,0.1,0,0,0,NA,NA,NA,NA
"559","Brandon Graham","PHI","DL","9826","robust",NA,NA,NA,NA,NA,NA,NA,NA,NA,NA,NA,NA,NA,NA,NA,NA,NA,NA,NA,NA,NA,NA,NA,NA,NA,NA,NA,NA,NA,NA,NA,NA,NA,NA,NA,NA,NA,NA,NA,NA,NA,NA,NA,NA,NA,NA,NA,NA,NA,NA,0.75,0.51891,0.3,0,0,0,0,0,0,0,NA,NA,NA,NA
"560","Derrick Nnadi","KC","DL","13745","robust",NA,NA,NA,NA,NA,NA,NA,NA,NA,NA,NA,NA,NA,NA,NA,NA,NA,NA,NA,NA,NA,NA,NA,NA,NA,NA,NA,NA,NA,NA,NA,NA,NA,NA,NA,NA,NA,NA,NA,NA,NA,NA,NA,NA,NA,NA,NA,NA,NA,NA,0.5,0.88956,0,0,0,0,0.1,0,0,0,NA,NA,NA,NA
"561","Mike Purcell","DEN","DL","12126","robust",NA,NA,NA,NA,NA,NA,NA,NA,NA,NA,NA,NA,NA,NA,NA,NA,NA,NA,NA,NA,NA,NA,NA,NA,NA,NA,NA,NA,NA,NA,NA,NA,NA,NA,NA,NA,NA,NA,NA,NA,NA,NA,NA,NA,NA,NA,NA,NA,NA,NA,0.4,1.03782,0,0,0,0,0,0,0,0,"Q","Ribs",2023,5
"562","Shy Tuttle","CAR","DL","14675","robust",NA,NA,NA,NA,NA,NA,NA,NA,NA,NA,NA,NA,NA,NA,NA,NA,NA,NA,NA,NA,NA,NA,NA,NA,NA,NA,NA,NA,NA,NA,NA,NA,NA,NA,NA,NA,NA,NA,NA,NA,NA,NA,NA,NA,NA,NA,NA,NA,NA,NA,0.25,1.11195,0.1,0,0,0,0.2,0,0,0,NA,NA,NA,NA
"563","Christian Barmore","NE","DL","15357","robust",NA,NA,NA,NA,NA,NA,NA,NA,NA,NA,NA,NA,NA,NA,NA,NA,NA,NA,NA,NA,NA,NA,NA,NA,NA,NA,NA,NA,NA,NA,NA,NA,NA,NA,NA,NA,NA,NA,NA,NA,NA,NA,NA,NA,NA,NA,NA,NA,NA,NA,0.65,0.51891,0.2,0,0,0,0.1,0,0,0,"Q","Knee",2023,5
"564","Benito Jones","DET","DL","15165","robust",NA,NA,NA,NA,NA,NA,NA,NA,NA,NA,NA,NA,NA,NA,NA,NA,NA,NA,NA,NA,NA,NA,NA,NA,NA,NA,NA,NA,NA,NA,NA,NA,NA,NA,NA,NA,NA,NA,NA,NA,NA,NA,NA,NA,NA,NA,NA,NA,NA,NA,0.45,0.66717,0.1,0,0,0,0.2,0,0,0,NA,NA,NA,NA
"565","Mazi Smith","DAL","DL","16258","robust",NA,NA,NA,NA,NA,NA,NA,NA,NA,NA,NA,NA,NA,NA,NA,NA,NA,NA,NA,NA,NA,NA,NA,NA,NA,NA,NA,NA,NA,NA,NA,NA,NA,NA,NA,NA,NA,NA,NA,NA,NA,NA,NA,NA,NA,NA,NA,NA,NA,NA,0.35,0.81543,0,0,0,0,0,0,0,0,NA,NA,NA,NA
"566","Leki Fotu","ARI","DL","14946","robust",NA,NA,NA,NA,NA,NA,NA,NA,NA,NA,NA,NA,NA,NA,NA,NA,NA,NA,NA,NA,NA,NA,NA,NA,NA,NA,NA,NA,NA,NA,NA,NA,NA,NA,NA,NA,NA,NA,NA,NA,NA,NA,NA,NA,NA,NA,NA,NA,NA,NA,0.5,0.59304,0.1,0,0,0,0.1,0,0,0,NA,NA,NA,NA
"567","Jerry Tillery","LVR","DL","14161","robust",NA,NA,NA,NA,NA,NA,NA,NA,NA,NA,NA,NA,NA,NA,NA,NA,NA,NA,NA,NA,NA,NA,NA,NA,NA,NA,NA,NA,NA,NA,NA,NA,NA,NA,NA,NA,NA,NA,NA,NA,NA,NA,NA,NA,NA,NA,NA,NA,NA,NA,0.6,0.44478,0.1,0,0,0,0,0,0,0,NA,NA,NA,NA
"568","Drake Jackson","SF","DL","15811","robust",NA,NA,NA,NA,NA,NA,NA,NA,NA,NA,NA,NA,NA,NA,NA,NA,NA,NA,NA,NA,NA,NA,NA,NA,NA,NA,NA,NA,NA,NA,NA,NA,NA,NA,NA,NA,NA,NA,NA,NA,NA,NA,NA,NA,NA,NA,NA,NA,NA,NA,0.5,0.44478,0.4,0,0,0,0.4,0,0,0,NA,NA,NA,NA
"569","Khyiris Tonga","MIN","DL","15492","robust",NA,NA,NA,NA,NA,NA,NA,NA,NA,NA,NA,NA,NA,NA,NA,NA,NA,NA,NA,NA,NA,NA,NA,NA,NA,NA,NA,NA,NA,NA,NA,NA,NA,NA,NA,NA,NA,NA,NA,NA,NA,NA,NA,NA,NA,NA,NA,NA,NA,NA,0.2,0.88956,0,0,0,0,0.1,0,0,0,NA,NA,NA,NA
"570","Jalen Carter","PHI","DL","16233","robust",NA,NA,NA,NA,NA,NA,NA,NA,NA,NA,NA,NA,NA,NA,NA,NA,NA,NA,NA,NA,NA,NA,NA,NA,NA,NA,NA,NA,NA,NA,NA,NA,NA,NA,NA,NA,NA,NA,NA,NA,NA,NA,NA,NA,NA,NA,NA,NA,NA,NA,0.25,0.66717,0.3,0,0,0,0,0,0,0,NA,NA,NA,NA
"571","Foyesade Oluokun","JAC","LB","13813","robust",NA,NA,NA,NA,NA,NA,NA,NA,NA,NA,NA,NA,NA,NA,NA,NA,NA,NA,NA,NA,NA,NA,NA,NA,NA,NA,NA,NA,NA,NA,NA,NA,NA,NA,NA,NA,NA,NA,NA,NA,NA,NA,NA,NA,NA,NA,NA,NA,NA,NA,7.5875,3.26172,0.105,0.00741299999999999,0.085,0.022239,0.37,0.103782,0.005,0.007413,NA,NA,NA,NA
"572","Ernest Jones","LAR","LB","15404","robust",NA,NA,NA,NA,NA,NA,NA,NA,NA,NA,NA,NA,NA,NA,NA,NA,NA,NA,NA,NA,NA,NA,NA,NA,NA,NA,NA,NA,NA,NA,NA,NA,NA,NA,NA,NA,NA,NA,NA,NA,NA,NA,NA,NA,NA,NA,NA,NA,NA,NA,5.9375,1.18608,0.175,0.037065,0.09,0.014826,0.32,0.177912,0.005,0.007413,NA,NA,NA,NA
"573","T.J. Edwards","CHI","LB","14322","robust",NA,NA,NA,NA,NA,NA,NA,NA,NA,NA,NA,NA,NA,NA,NA,NA,NA,NA,NA,NA,NA,NA,NA,NA,NA,NA,NA,NA,NA,NA,NA,NA,NA,NA,NA,NA,NA,NA,NA,NA,NA,NA,NA,NA,NA,NA,NA,NA,NA,NA,10.095,0.00741299999999984,0.21,0,0.05,0,0.36,0,0.01,0,NA,NA,NA,NA
"574","Roquan Smith","BAL","LB","13696","robust",NA,NA,NA,NA,NA,NA,NA,NA,NA,NA,NA,NA,NA,NA,NA,NA,NA,NA,NA,NA,NA,NA,NA,NA,NA,NA,NA,NA,NA,NA,NA,NA,NA,NA,NA,NA,NA,NA,NA,NA,NA,NA,NA,NA,NA,NA,NA,NA,NA,NA,5.8175,2.07564,0.27,0.044478,0.09,0.014826,0.465,0.051891,0.005,0.007413,NA,NA,NA,NA
"575","Zaire Franklin","IND","LB","13837","robust",NA,NA,NA,NA,NA,NA,NA,NA,NA,NA,NA,NA,NA,NA,NA,NA,NA,NA,NA,NA,NA,NA,NA,NA,NA,NA,NA,NA,NA,NA,NA,NA,NA,NA,NA,NA,NA,NA,NA,NA,NA,NA,NA,NA,NA,NA,NA,NA,NA,NA,6.7675,4.15128,0.26,0.059304,0.02,0.029652,0.315,0.022239,0.005,0.007413,NA,NA,NA,NA
"576","Alex Singleton","DEN","LB","14412","robust",NA,NA,NA,NA,NA,NA,NA,NA,NA,NA,NA,NA,NA,NA,NA,NA,NA,NA,NA,NA,NA,NA,NA,NA,NA,NA,NA,NA,NA,NA,NA,NA,NA,NA,NA,NA,NA,NA,NA,NA,NA,NA,NA,NA,NA,NA,NA,NA,NA,NA,5.26,1.03782,0.025,0.037065,0.02,0.029652,0.275,0.111195,0.005,0.007413,NA,NA,NA,NA
"577","Bobby Okereke","NYG","LB","14218","robust",NA,NA,NA,NA,NA,NA,NA,NA,NA,NA,NA,NA,NA,NA,NA,NA,NA,NA,NA,NA,NA,NA,NA,NA,NA,NA,NA,NA,NA,NA,NA,NA,NA,NA,NA,NA,NA,NA,NA,NA,NA,NA,NA,NA,NA,NA,NA,NA,NA,NA,5.885,0.29652,0.07,0.044478,0.03,0.044478,0.3,0.14826,0.005,0.007413,NA,NA,NA,NA
"578","Quay Walker","GB","LB","15846","robust",NA,NA,NA,NA,NA,NA,NA,NA,NA,NA,NA,NA,NA,NA,NA,NA,NA,NA,NA,NA,NA,NA,NA,NA,NA,NA,NA,NA,NA,NA,NA,NA,NA,NA,NA,NA,NA,NA,NA,NA,NA,NA,NA,NA,NA,NA,NA,NA,NA,NA,5.7725,2.52042,0.095,0.00741300000000001,0.025,0.037065,0.385,0.022239,0.005,0.007413,NA,NA,NA,NA
"579","Drue Tranquill","KC","LB","14235","robust",NA,NA,NA,NA,NA,NA,NA,NA,NA,NA,NA,NA,NA,NA,NA,NA,NA,NA,NA,NA,NA,NA,NA,NA,NA,NA,NA,NA,NA,NA,NA,NA,NA,NA,NA,NA,NA,NA,NA,NA,NA,NA,NA,NA,NA,NA,NA,NA,NA,NA,5.6275,0.889559999999999,0.23,0.044478,0.025,0.037065,0.225,0.185325,0.005,0.007413,NA,NA,NA,NA
"580","Tremaine Edmunds","CHI","LB","13697","robust",NA,NA,NA,NA,NA,NA,NA,NA,NA,NA,NA,NA,NA,NA,NA,NA,NA,NA,NA,NA,NA,NA,NA,NA,NA,NA,NA,NA,NA,NA,NA,NA,NA,NA,NA,NA,NA,NA,NA,NA,NA,NA,NA,NA,NA,NA,NA,NA,NA,NA,9.29,0.014826000000001,0.08,0,0.06,0,0.39,0,0.01,0,NA,NA,NA,NA
"581","Cody Barton","WAS","LB","14217","robust",NA,NA,NA,NA,NA,NA,NA,NA,NA,NA,NA,NA,NA,NA,NA,NA,NA,NA,NA,NA,NA,NA,NA,NA,NA,NA,NA,NA,NA,NA,NA,NA,NA,NA,NA,NA,NA,NA,NA,NA,NA,NA,NA,NA,NA,NA,NA,NA,NA,NA,5.2425,0.14826,0.075,0.111195,0.03,0.044478,0.235,0.200151,0.005,0.007413,NA,NA,NA,NA
"582","Terrel Bernard","BUF","LB","15869","robust",NA,NA,NA,NA,NA,NA,NA,NA,NA,NA,NA,NA,NA,NA,NA,NA,NA,NA,NA,NA,NA,NA,NA,NA,NA,NA,NA,NA,NA,NA,NA,NA,NA,NA,NA,NA,NA,NA,NA,NA,NA,NA,NA,NA,NA,NA,NA,NA,NA,NA,6.035,2.07564,0.27,0.044478,0.245,0.229803,0.515,0.126021,0.005,0.007413,NA,NA,NA,NA
"583","C.J. Mosley","NYJ","LB","11728","robust",NA,NA,NA,NA,NA,NA,NA,NA,NA,NA,NA,NA,NA,NA,NA,NA,NA,NA,NA,NA,NA,NA,NA,NA,NA,NA,NA,NA,NA,NA,NA,NA,NA,NA,NA,NA,NA,NA,NA,NA,NA,NA,NA,NA,NA,NA,NA,NA,NA,NA,6.2975,3.55824,0.1,0,0.095,0.00741300000000001,0.42,0.0296519999999999,0.005,0.007413,NA,NA,NA,NA
"584","Jordan Hicks","MIN","LB","12287","robust",NA,NA,NA,NA,NA,NA,NA,NA,NA,NA,NA,NA,NA,NA,NA,NA,NA,NA,NA,NA,NA,NA,NA,NA,NA,NA,NA,NA,NA,NA,NA,NA,NA,NA,NA,NA,NA,NA,NA,NA,NA,NA,NA,NA,NA,NA,NA,NA,NA,NA,5.665,1.92738,0.14,0.059304,0.035,0.051891,0.395,0.00741300000000001,0.005,0.007413,NA,NA,NA,NA
"585","Kyzir White","ARI","LB","13762","robust",NA,NA,NA,NA,NA,NA,NA,NA,NA,NA,NA,NA,NA,NA,NA,NA,NA,NA,NA,NA,NA,NA,NA,NA,NA,NA,NA,NA,NA,NA,NA,NA,NA,NA,NA,NA,NA,NA,NA,NA,NA,NA,NA,NA,NA,NA,NA,NA,NA,NA,5.235,1.92738,0.16,0.059304,0.095,0.00741300000000001,0.36,0.088956,0.005,0.007413,NA,NA,NA,NA
"586","Fred Warner","SF","LB","13743","robust",NA,NA,NA,NA,NA,NA,NA,NA,NA,NA,NA,NA,NA,NA,NA,NA,NA,NA,NA,NA,NA,NA,NA,NA,NA,NA,NA,NA,NA,NA,NA,NA,NA,NA,NA,NA,NA,NA,NA,NA,NA,NA,NA,NA,NA,NA,NA,NA,NA,NA,5.825,2.66868,0.14,0.088956,0.08,0.029652,0.43,0.103782,0.005,0.007413,NA,NA,NA,NA
"587","Robert Spillane","LVR","LB","13987","robust",NA,NA,NA,NA,NA,NA,NA,NA,NA,NA,NA,NA,NA,NA,NA,NA,NA,NA,NA,NA,NA,NA,NA,NA,NA,NA,NA,NA,NA,NA,NA,NA,NA,NA,NA,NA,NA,NA,NA,NA,NA,NA,NA,NA,NA,NA,NA,NA,NA,NA,5.2575,1.03782,0.105,0.00741299999999999,0.02,0.029652,0.205,0.155673,0.005,0.007413,NA,NA,NA,NA
"588","Josey Jewell","DEN","LB","13702","robust",NA,NA,NA,NA,NA,NA,NA,NA,NA,NA,NA,NA,NA,NA,NA,NA,NA,NA,NA,NA,NA,NA,NA,NA,NA,NA,NA,NA,NA,NA,NA,NA,NA,NA,NA,NA,NA,NA,NA,NA,NA,NA,NA,NA,NA,NA,NA,NA,NA,NA,4.61,1.63086,0.13,0.044478,0.07,0.044478,0.3,0,0.005,0.007413,NA,NA,NA,NA
"589","Frankie Luvu","CAR","LB","13952","robust",NA,NA,NA,NA,NA,NA,NA,NA,NA,NA,NA,NA,NA,NA,NA,NA,NA,NA,NA,NA,NA,NA,NA,NA,NA,NA,NA,NA,NA,NA,NA,NA,NA,NA,NA,NA,NA,NA,NA,NA,NA,NA,NA,NA,NA,NA,NA,NA,NA,NA,5,1.03782,0.425,0.111195,0.015,0.022239,0.24,0.059304,0.005,0.007413,NA,NA,NA,NA
"590","Germaine Pratt","CIN","LB","14210","robust",NA,NA,NA,NA,NA,NA,NA,NA,NA,NA,NA,NA,NA,NA,NA,NA,NA,NA,NA,NA,NA,NA,NA,NA,NA,NA,NA,NA,NA,NA,NA,NA,NA,NA,NA,NA,NA,NA,NA,NA,NA,NA,NA,NA,NA,NA,NA,NA,NA,NA,4.85,0.59304,0.095,0.00741300000000001,0.085,0.022239,0.395,0.00741300000000001,0.005,0.007413,NA,NA,NA,NA
"591","Azeez Al-Shaair","TEN","LB","14590","robust",NA,NA,NA,NA,NA,NA,NA,NA,NA,NA,NA,NA,NA,NA,NA,NA,NA,NA,NA,NA,NA,NA,NA,NA,NA,NA,NA,NA,NA,NA,NA,NA,NA,NA,NA,NA,NA,NA,NA,NA,NA,NA,NA,NA,NA,NA,NA,NA,NA,NA,4.6725,2.9652,0.105,0.00741299999999999,0.07,0.044478,0.355,0.066717,0.005,0.007413,NA,NA,NA,NA
"592","Logan Wilson","CIN","LB","14928","robust",NA,NA,NA,NA,NA,NA,NA,NA,NA,NA,NA,NA,NA,NA,NA,NA,NA,NA,NA,NA,NA,NA,NA,NA,NA,NA,NA,NA,NA,NA,NA,NA,NA,NA,NA,NA,NA,NA,NA,NA,NA,NA,NA,NA,NA,NA,NA,NA,NA,NA,5.6375,0.7413,0.1,0,0.195,0.00741300000000001,0.52,0.177912,0.01,0.014826,NA,NA,NA,NA
"593","Leighton Vander Esch","DAL","LB","13727","robust",NA,NA,NA,NA,NA,NA,NA,NA,NA,NA,NA,NA,NA,NA,NA,NA,NA,NA,NA,NA,NA,NA,NA,NA,NA,NA,NA,NA,NA,NA,NA,NA,NA,NA,NA,NA,NA,NA,NA,NA,NA,NA,NA,NA,NA,NA,NA,NA,NA,NA,4.7625,1.03782,0.085,0.022239,0.015,0.022239,0.15,0.22239,0.055,0.066717,NA,NA,NA,NA
"594","Kaden Elliss","ATL","LB","14303","robust",NA,NA,NA,NA,NA,NA,NA,NA,NA,NA,NA,NA,NA,NA,NA,NA,NA,NA,NA,NA,NA,NA,NA,NA,NA,NA,NA,NA,NA,NA,NA,NA,NA,NA,NA,NA,NA,NA,NA,NA,NA,NA,NA,NA,NA,NA,NA,NA,NA,NA,5.37,2.81694,0.45,0.07413,0.01,0.014826,0.165,0.096369,0.005,0.007413,NA,NA,NA,NA
"595","Henry To'oTo'o","HOU","LB","16236","robust",NA,NA,NA,NA,NA,NA,NA,NA,NA,NA,NA,NA,NA,NA,NA,NA,NA,NA,NA,NA,NA,NA,NA,NA,NA,NA,NA,NA,NA,NA,NA,NA,NA,NA,NA,NA,NA,NA,NA,NA,NA,NA,NA,NA,NA,NA,NA,NA,NA,NA,4.825,1.92738,0.085,0.022239,0.015,0.022239,0.4,0.14826,0.005,0.007413,NA,NA,NA,NA
"596","Matt Milano","BUF","LB","13307","robust",NA,NA,NA,NA,NA,NA,NA,NA,NA,NA,NA,NA,NA,NA,NA,NA,NA,NA,NA,NA,NA,NA,NA,NA,NA,NA,NA,NA,NA,NA,NA,NA,NA,NA,NA,NA,NA,NA,NA,NA,NA,NA,NA,NA,NA,NA,NA,NA,NA,NA,5.1225,1.33434,0.19,0.014826,0.185,0.170499,0.535,0.244629,0.005,0.007413,NA,NA,NA,NA
"597","Patrick Queen","BAL","LB","14896","robust",NA,NA,NA,NA,NA,NA,NA,NA,NA,NA,NA,NA,NA,NA,NA,NA,NA,NA,NA,NA,NA,NA,NA,NA,NA,NA,NA,NA,NA,NA,NA,NA,NA,NA,NA,NA,NA,NA,NA,NA,NA,NA,NA,NA,NA,NA,NA,NA,NA,NA,4.6075,1.18608,0.28,0.0296519999999999,0.075,0.037065,0.3,0,0.005,0.007413,NA,NA,NA,NA
"598","Divine Deablo","LVR","LB","15396","robust",NA,NA,NA,NA,NA,NA,NA,NA,NA,NA,NA,NA,NA,NA,NA,NA,NA,NA,NA,NA,NA,NA,NA,NA,NA,NA,NA,NA,NA,NA,NA,NA,NA,NA,NA,NA,NA,NA,NA,NA,NA,NA,NA,NA,NA,NA,NA,NA,NA,NA,4.3325,1.4826,0.08,0.029652,0.01,0.014826,0.19,0.133434,0.005,0.007413,NA,NA,NA,NA
"599","Alex Anzalone","DET","LB","13268","robust",NA,NA,NA,NA,NA,NA,NA,NA,NA,NA,NA,NA,NA,NA,NA,NA,NA,NA,NA,NA,NA,NA,NA,NA,NA,NA,NA,NA,NA,NA,NA,NA,NA,NA,NA,NA,NA,NA,NA,NA,NA,NA,NA,NA,NA,NA,NA,NA,NA,NA,4.55,0.44478,0.115,0.022239,0.025,0.037065,0.365,0.051891,0.005,0.007413,NA,NA,NA,NA
"600","Dre Greenlaw","SF","LB","14247","robust",NA,NA,NA,NA,NA,NA,NA,NA,NA,NA,NA,NA,NA,NA,NA,NA,NA,NA,NA,NA,NA,NA,NA,NA,NA,NA,NA,NA,NA,NA,NA,NA,NA,NA,NA,NA,NA,NA,NA,NA,NA,NA,NA,NA,NA,NA,NA,NA,NA,NA,5.2125,2.66868,0.01,0.014826,0.02,0.029652,0.31,0.014826,0.005,0.007413,NA,NA,NA,NA
"601","Pete Werner","NO","LB","15387","robust",NA,NA,NA,NA,NA,NA,NA,NA,NA,NA,NA,NA,NA,NA,NA,NA,NA,NA,NA,NA,NA,NA,NA,NA,NA,NA,NA,NA,NA,NA,NA,NA,NA,NA,NA,NA,NA,NA,NA,NA,NA,NA,NA,NA,NA,NA,NA,NA,NA,NA,4.895,2.66868,0.125,0.111195,0.01,0.014826,0.23,0.044478,0.005,0.007413,NA,NA,NA,NA
"602","Ja'Whaun Bentley","NE","LB","13775","robust",NA,NA,NA,NA,NA,NA,NA,NA,NA,NA,NA,NA,NA,NA,NA,NA,NA,NA,NA,NA,NA,NA,NA,NA,NA,NA,NA,NA,NA,NA,NA,NA,NA,NA,NA,NA,NA,NA,NA,NA,NA,NA,NA,NA,NA,NA,NA,NA,NA,NA,3.89,1.92738,0.11,0.014826,0.015,0.022239,0.24,0.059304,0.005,0.007413,NA,NA,NA,NA
"603","Krys Barnes","ARI","LB","15082","robust",NA,NA,NA,NA,NA,NA,NA,NA,NA,NA,NA,NA,NA,NA,NA,NA,NA,NA,NA,NA,NA,NA,NA,NA,NA,NA,NA,NA,NA,NA,NA,NA,NA,NA,NA,NA,NA,NA,NA,NA,NA,NA,NA,NA,NA,NA,NA,NA,NA,NA,4.51,0.44478,0.115,0.022239,0.01,0.014826,0.33,0.103782,0.005,0.007413,NA,NA,NA,NA
"604","Nicholas Morrow","PHI","LB","13426","robust",NA,NA,NA,NA,NA,NA,NA,NA,NA,NA,NA,NA,NA,NA,NA,NA,NA,NA,NA,NA,NA,NA,NA,NA,NA,NA,NA,NA,NA,NA,NA,NA,NA,NA,NA,NA,NA,NA,NA,NA,NA,NA,NA,NA,NA,NA,NA,NA,NA,NA,5.145,1.03782,0.185,0.022239,0.025,0.037065,0.21,0.163086,0.005,0.007413,NA,NA,NA,NA
"605","Cole Holcomb","PIT","LB","14260","robust",NA,NA,NA,NA,NA,NA,NA,NA,NA,NA,NA,NA,NA,NA,NA,NA,NA,NA,NA,NA,NA,NA,NA,NA,NA,NA,NA,NA,NA,NA,NA,NA,NA,NA,NA,NA,NA,NA,NA,NA,NA,NA,NA,NA,NA,NA,NA,NA,NA,NA,4.4275,1.18608,0.07,0.044478,0.015,0.022239,0.24,0.059304,0.005,0.007413,NA,NA,NA,NA
"606","Jack Gibbens","TEN","LB","16009","robust",NA,NA,NA,NA,NA,NA,NA,NA,NA,NA,NA,NA,NA,NA,NA,NA,NA,NA,NA,NA,NA,NA,NA,NA,NA,NA,NA,NA,NA,NA,NA,NA,NA,NA,NA,NA,NA,NA,NA,NA,NA,NA,NA,NA,NA,NA,NA,NA,NA,NA,4.375,2.2239,0.07,0.044478,0.02,0.029652,0.255,0.081543,0.005,0.007413,NA,NA,NA,NA
"607","Zach Cunningham","PHI","LB","13216","robust",NA,NA,NA,NA,NA,NA,NA,NA,NA,NA,NA,NA,NA,NA,NA,NA,NA,NA,NA,NA,NA,NA,NA,NA,NA,NA,NA,NA,NA,NA,NA,NA,NA,NA,NA,NA,NA,NA,NA,NA,NA,NA,NA,NA,NA,NA,NA,NA,NA,NA,4.97,2.639028,0.07,0.044478,0.01,0.014826,0.175,0.111195,0.005,0.007413,NA,NA,NA,NA
"608","David Long","MIA","LB","14268","robust",NA,NA,NA,NA,NA,NA,NA,NA,NA,NA,NA,NA,NA,NA,NA,NA,NA,NA,NA,NA,NA,NA,NA,NA,NA,NA,NA,NA,NA,NA,NA,NA,NA,NA,NA,NA,NA,NA,NA,NA,NA,NA,NA,NA,NA,NA,NA,NA,NA,NA,4.935,1.77912,0.145,0.081543,0.03,0.044478,0.265,0.096369,0.005,0.007413,NA,NA,NA,NA
"609","Demario Davis","NO","LB","10816","robust",NA,NA,NA,NA,NA,NA,NA,NA,NA,NA,NA,NA,NA,NA,NA,NA,NA,NA,NA,NA,NA,NA,NA,NA,NA,NA,NA,NA,NA,NA,NA,NA,NA,NA,NA,NA,NA,NA,NA,NA,NA,NA,NA,NA,NA,NA,NA,NA,NA,NA,3.8775,1.63086,0.28,0.0296519999999999,0.015,0.022239,0.225,0.037065,0.005,0.007413,NA,NA,NA,NA
"610","Jack Sanborn","CHI","LB","15975","robust",NA,NA,NA,NA,NA,NA,NA,NA,NA,NA,NA,NA,NA,NA,NA,NA,NA,NA,NA,NA,NA,NA,NA,NA,NA,NA,NA,NA,NA,NA,NA,NA,NA,NA,NA,NA,NA,NA,NA,NA,NA,NA,NA,NA,NA,NA,NA,NA,NA,NA,4.1625,0.88956,0.225,0.185325,0.075,0.037065,0.195,0.140847,0.005,0.007413,NA,NA,NA,NA
"611","Jamin Davis","WAS","LB","15373","robust",NA,NA,NA,NA,NA,NA,NA,NA,NA,NA,NA,NA,NA,NA,NA,NA,NA,NA,NA,NA,NA,NA,NA,NA,NA,NA,NA,NA,NA,NA,NA,NA,NA,NA,NA,NA,NA,NA,NA,NA,NA,NA,NA,NA,NA,NA,NA,NA,NA,NA,4.41,1.63086,0.18,0.118608,0.005,0.007413,0.16,0.088956,0.005,0.007413,NA,NA,NA,NA
"612","Quincy Williams","NYJ","LB","14221","robust",NA,NA,NA,NA,NA,NA,NA,NA,NA,NA,NA,NA,NA,NA,NA,NA,NA,NA,NA,NA,NA,NA,NA,NA,NA,NA,NA,NA,NA,NA,NA,NA,NA,NA,NA,NA,NA,NA,NA,NA,NA,NA,NA,NA,NA,NA,NA,NA,NA,NA,4.9,1.77912,0.1,0,0,0,0.3,0,0,0,NA,NA,NA,NA
"613","Willie Gay","KC","LB","14926","robust",NA,NA,NA,NA,NA,NA,NA,NA,NA,NA,NA,NA,NA,NA,NA,NA,NA,NA,NA,NA,NA,NA,NA,NA,NA,NA,NA,NA,NA,NA,NA,NA,NA,NA,NA,NA,NA,NA,NA,NA,NA,NA,NA,NA,NA,NA,NA,NA,NA,NA,4.12,2.2239,0.115,0.022239,0.08,0.029652,0.355,0.066717,0.055,0.066717,NA,NA,NA,NA
"614","Derrick Barnes","DET","LB","15409","robust",NA,NA,NA,NA,NA,NA,NA,NA,NA,NA,NA,NA,NA,NA,NA,NA,NA,NA,NA,NA,NA,NA,NA,NA,NA,NA,NA,NA,NA,NA,NA,NA,NA,NA,NA,NA,NA,NA,NA,NA,NA,NA,NA,NA,NA,NA,NA,NA,NA,NA,3.3975,0.14826,0.195,0.00741300000000001,0.01,0.014826,0.165,0.096369,0.005,0.007413,NA,NA,NA,NA
"615","E.J. Speed","IND","LB","14257","robust",NA,NA,NA,NA,NA,NA,NA,NA,NA,NA,NA,NA,NA,NA,NA,NA,NA,NA,NA,NA,NA,NA,NA,NA,NA,NA,NA,NA,NA,NA,NA,NA,NA,NA,NA,NA,NA,NA,NA,NA,NA,NA,NA,NA,NA,NA,NA,NA,NA,NA,4.7575,1.230558,0.195,0.00741300000000001,0.01,0.014826,0.31,0.133434,0.005,0.007413,NA,NA,NA,NA
"616","Micah McFadden","NYG","LB","15890","robust",NA,NA,NA,NA,NA,NA,NA,NA,NA,NA,NA,NA,NA,NA,NA,NA,NA,NA,NA,NA,NA,NA,NA,NA,NA,NA,NA,NA,NA,NA,NA,NA,NA,NA,NA,NA,NA,NA,NA,NA,NA,NA,NA,NA,NA,NA,NA,NA,NA,NA,3.75,1.33434,0.11,0.014826,0.015,0.022239,0.225,0.037065,0.005,0.007413,"Q","Ankle",2023,5
"617","Nick Bolton","KC","LB","15355","robust",NA,NA,NA,NA,NA,NA,NA,NA,NA,NA,NA,NA,NA,NA,NA,NA,NA,NA,NA,NA,NA,NA,NA,NA,NA,NA,NA,NA,NA,NA,NA,NA,NA,NA,NA,NA,NA,NA,NA,NA,NA,NA,NA,NA,NA,NA,NA,NA,NA,NA,3.45,2.74281,0.1,0,0.1,0,0.1,0,0.1,0,"Q","Ankle",2023,5
"618","Ivan Pace","MIN","LB","16383","robust",NA,NA,NA,NA,NA,NA,NA,NA,NA,NA,NA,NA,NA,NA,NA,NA,NA,NA,NA,NA,NA,NA,NA,NA,NA,NA,NA,NA,NA,NA,NA,NA,NA,NA,NA,NA,NA,NA,NA,NA,NA,NA,NA,NA,NA,NA,NA,NA,NA,NA,3.895,1.749468,0.14,0.088956,0.01,0.014826,0.215,0.022239,0.005,0.007413,NA,NA,NA,NA
"619","Jerome Baker","MIA","LB","13706","robust",NA,NA,NA,NA,NA,NA,NA,NA,NA,NA,NA,NA,NA,NA,NA,NA,NA,NA,NA,NA,NA,NA,NA,NA,NA,NA,NA,NA,NA,NA,NA,NA,NA,NA,NA,NA,NA,NA,NA,NA,NA,NA,NA,NA,NA,NA,NA,NA,NA,NA,4.1625,1.26021,0.285,0.0222389999999999,0.01,0.014826,0.205,0.00741299999999996,0.005,0.007413,NA,NA,NA,NA
"620","Jack Campbell","DET","LB","16239","robust",NA,NA,NA,NA,NA,NA,NA,NA,NA,NA,NA,NA,NA,NA,NA,NA,NA,NA,NA,NA,NA,NA,NA,NA,NA,NA,NA,NA,NA,NA,NA,NA,NA,NA,NA,NA,NA,NA,NA,NA,NA,NA,NA,NA,NA,NA,NA,NA,NA,NA,3.3075,1.77912,0.145,0.066717,0.02,0.029652,0.225,0.037065,0.005,0.007413,NA,NA,NA,NA
"621","Denzel Perryman","HOU","LB","12238","robust",NA,NA,NA,NA,NA,NA,NA,NA,NA,NA,NA,NA,NA,NA,NA,NA,NA,NA,NA,NA,NA,NA,NA,NA,NA,NA,NA,NA,NA,NA,NA,NA,NA,NA,NA,NA,NA,NA,NA,NA,NA,NA,NA,NA,NA,NA,NA,NA,NA,NA,3.2,2.66868,0.1,0,0.2,0,0.4,0,0,0,NA,NA,NA,NA
"622","Christian Rozeboom","LAR","LB","15076","robust",NA,NA,NA,NA,NA,NA,NA,NA,NA,NA,NA,NA,NA,NA,NA,NA,NA,NA,NA,NA,NA,NA,NA,NA,NA,NA,NA,NA,NA,NA,NA,NA,NA,NA,NA,NA,NA,NA,NA,NA,NA,NA,NA,NA,NA,NA,NA,NA,NA,NA,3.4075,1.33434,0.13,0.103782,0.01,0.014826,0.165,0.096369,0.005,0.007413,NA,NA,NA,NA
"623","Isaiah McDuffie","GB","LB","15473","robust",NA,NA,NA,NA,NA,NA,NA,NA,NA,NA,NA,NA,NA,NA,NA,NA,NA,NA,NA,NA,NA,NA,NA,NA,NA,NA,NA,NA,NA,NA,NA,NA,NA,NA,NA,NA,NA,NA,NA,NA,NA,NA,NA,NA,NA,NA,NA,NA,NA,NA,3.2225,1.33434,0.115,0.126021,0.01,0.014826,0.16,0.088956,0.005,0.007413,NA,NA,NA,NA
"624","Chad Muma","JAC","LB","15830","robust",NA,NA,NA,NA,NA,NA,NA,NA,NA,NA,NA,NA,NA,NA,NA,NA,NA,NA,NA,NA,NA,NA,NA,NA,NA,NA,NA,NA,NA,NA,NA,NA,NA,NA,NA,NA,NA,NA,NA,NA,NA,NA,NA,NA,NA,NA,NA,NA,NA,NA,2.555,1.18608,0.11,0.014826,0.015,0.022239,0.365,0.200151,0.005,0.007413,NA,NA,NA,NA
"625","Jahlani Tavai","NE","LB","14200","robust",NA,NA,NA,NA,NA,NA,NA,NA,NA,NA,NA,NA,NA,NA,NA,NA,NA,NA,NA,NA,NA,NA,NA,NA,NA,NA,NA,NA,NA,NA,NA,NA,NA,NA,NA,NA,NA,NA,NA,NA,NA,NA,NA,NA,NA,NA,NA,NA,NA,NA,2.73,1.957032,0.16,0.059304,0.005,0.007413,0.195,0.00741300000000001,0.005,0.007413,NA,NA,NA,NA
"626","DeVondre Campbell","GB","LB","12779","robust",NA,NA,NA,NA,NA,NA,NA,NA,NA,NA,NA,NA,NA,NA,NA,NA,NA,NA,NA,NA,NA,NA,NA,NA,NA,NA,NA,NA,NA,NA,NA,NA,NA,NA,NA,NA,NA,NA,NA,NA,NA,NA,NA,NA,NA,NA,NA,NA,NA,NA,2.5,2.37216,0,0,0.1,0,0.2,0,0.1,0,"Q","Ankle",2023,5
"627","Damone Clark","DAL","LB","15826","robust",NA,NA,NA,NA,NA,NA,NA,NA,NA,NA,NA,NA,NA,NA,NA,NA,NA,NA,NA,NA,NA,NA,NA,NA,NA,NA,NA,NA,NA,NA,NA,NA,NA,NA,NA,NA,NA,NA,NA,NA,NA,NA,NA,NA,NA,NA,NA,NA,NA,NA,2.695,1.452948,0.065,0.051891,0.005,0.007413,0.14,0.059304,0.005,0.007413,"Q","Shoulder",2023,5
"628","Kwon Alexander","FA","LB","12233","robust",NA,NA,NA,NA,NA,NA,NA,NA,NA,NA,NA,NA,NA,NA,NA,NA,NA,NA,NA,NA,NA,NA,NA,NA,NA,NA,NA,NA,NA,NA,NA,NA,NA,NA,NA,NA,NA,NA,NA,NA,NA,NA,NA,NA,NA,NA,NA,NA,NA,NA,3.0225,0.429954,0.09,0.014826,0.015,0.022239,0.155,0.081543,0.005,0.007413,NA,NA,NA,NA
"629","Elandon Roberts","PIT","LB","12831","robust",NA,NA,NA,NA,NA,NA,NA,NA,NA,NA,NA,NA,NA,NA,NA,NA,NA,NA,NA,NA,NA,NA,NA,NA,NA,NA,NA,NA,NA,NA,NA,NA,NA,NA,NA,NA,NA,NA,NA,NA,NA,NA,NA,NA,NA,NA,NA,NA,NA,NA,2.7,1.33434,0.2,0,0,0,0.1,0,0,0,NA,NA,NA,NA
"630","Leo Chenal","KC","LB","15831","robust",NA,NA,NA,NA,NA,NA,NA,NA,NA,NA,NA,NA,NA,NA,NA,NA,NA,NA,NA,NA,NA,NA,NA,NA,NA,NA,NA,NA,NA,NA,NA,NA,NA,NA,NA,NA,NA,NA,NA,NA,NA,NA,NA,NA,NA,NA,NA,NA,NA,NA,2.79,1.126776,0.12,0.029652,0.005,0.007413,0.085,0.126021,0.005,0.007413,NA,NA,NA,NA
"631","Deion Jones","FA","LB","12745","robust",NA,NA,NA,NA,NA,NA,NA,NA,NA,NA,NA,NA,NA,NA,NA,NA,NA,NA,NA,NA,NA,NA,NA,NA,NA,NA,NA,NA,NA,NA,NA,NA,NA,NA,NA,NA,NA,NA,NA,NA,NA,NA,NA,NA,NA,NA,NA,NA,NA,NA,2.04,0.44478,0.08,0.029652,0.075,0.037065,0.18,0.118608,0.005,0.007413,NA,NA,NA,NA
"632","Deion Jones","CAR","LB","12745","robust",NA,NA,NA,NA,NA,NA,NA,NA,NA,NA,NA,NA,NA,NA,NA,NA,NA,NA,NA,NA,NA,NA,NA,NA,NA,NA,NA,NA,NA,NA,NA,NA,NA,NA,NA,NA,NA,NA,NA,NA,NA,NA,NA,NA,NA,NA,NA,NA,NA,NA,2.04,0.44478,0.08,0.029652,0.075,0.037065,0.18,0.118608,0.005,0.007413,NA,NA,NA,NA
"633",NA,NA,"LB","16138","robust",NA,NA,NA,NA,NA,NA,NA,NA,NA,NA,NA,NA,NA,NA,NA,NA,NA,NA,NA,NA,NA,NA,NA,NA,NA,NA,NA,NA,NA,NA,NA,NA,NA,NA,NA,NA,NA,NA,NA,NA,NA,NA,NA,NA,NA,NA,NA,NA,NA,NA,2.335,0.88956,0.03,0.044478,0.065,0.051891,0.155,0.081543,0.005,0.007413,NA,NA,NA,NA
"634","Monty Rice","TEN","LB","15399","robust",NA,NA,NA,NA,NA,NA,NA,NA,NA,NA,NA,NA,NA,NA,NA,NA,NA,NA,NA,NA,NA,NA,NA,NA,NA,NA,NA,NA,NA,NA,NA,NA,NA,NA,NA,NA,NA,NA,NA,NA,NA,NA,NA,NA,NA,NA,NA,NA,NA,NA,1.85,1.70499,0.1,0,0,0,0.1,0,0,0,NA,NA,NA,NA
"635","Kamu Grugier-Hill","CAR","LB","12828","robust",NA,NA,NA,NA,NA,NA,NA,NA,NA,NA,NA,NA,NA,NA,NA,NA,NA,NA,NA,NA,NA,NA,NA,NA,NA,NA,NA,NA,NA,NA,NA,NA,NA,NA,NA,NA,NA,NA,NA,NA,NA,NA,NA,NA,NA,NA,NA,NA,NA,NA,2.2,1.18608,0.2,0,0.1,0,0.2,0,0,0,NA,NA,NA,NA
"636","Haason Reddick","PHI","LB","13245","robust",NA,NA,NA,NA,NA,NA,NA,NA,NA,NA,NA,NA,NA,NA,NA,NA,NA,NA,NA,NA,NA,NA,NA,NA,NA,NA,NA,NA,NA,NA,NA,NA,NA,NA,NA,NA,NA,NA,NA,NA,NA,NA,NA,NA,NA,NA,NA,NA,NA,NA,1.965,1.430709,0.76,0,0.01,0,0.08,0,0.01,0,NA,NA,NA,NA
"637","Isaiah Simmons","NYG","LB","14887","robust",NA,NA,NA,NA,NA,NA,NA,NA,NA,NA,NA,NA,NA,NA,NA,NA,NA,NA,NA,NA,NA,NA,NA,NA,NA,NA,NA,NA,NA,NA,NA,NA,NA,NA,NA,NA,NA,NA,NA,NA,NA,NA,NA,NA,NA,NA,NA,NA,NA,NA,2.2,0.7413,0.1,0,0,0,0.2,0,0,0,NA,NA,NA,NA
"638","Brian Asamoah","MIN","LB","15829","robust",NA,NA,NA,NA,NA,NA,NA,NA,NA,NA,NA,NA,NA,NA,NA,NA,NA,NA,NA,NA,NA,NA,NA,NA,NA,NA,NA,NA,NA,NA,NA,NA,NA,NA,NA,NA,NA,NA,NA,NA,NA,NA,NA,NA,NA,NA,NA,NA,NA,NA,1.85,1.11195,0.2,0,0,0,0.1,0,0,0,"Q","Toe",2023,5
"639","Christian Elliss","PHI","LB","15681","robust",NA,NA,NA,NA,NA,NA,NA,NA,NA,NA,NA,NA,NA,NA,NA,NA,NA,NA,NA,NA,NA,NA,NA,NA,NA,NA,NA,NA,NA,NA,NA,NA,NA,NA,NA,NA,NA,NA,NA,NA,NA,NA,NA,NA,NA,NA,NA,NA,NA,NA,2,0.59304,0.2,0,0,0,0.1,0,0,0,NA,NA,NA,NA
"640","Duke Riley","MIA","LB","13220","robust",NA,NA,NA,NA,NA,NA,NA,NA,NA,NA,NA,NA,NA,NA,NA,NA,NA,NA,NA,NA,NA,NA,NA,NA,NA,NA,NA,NA,NA,NA,NA,NA,NA,NA,NA,NA,NA,NA,NA,NA,NA,NA,NA,NA,NA,NA,NA,NA,NA,NA,1.65,0.66717,0.1,0,0,0,0.1,0,0,0,NA,NA,NA,NA
"641","Jake Hummel","LAR","LB","16017","robust",NA,NA,NA,NA,NA,NA,NA,NA,NA,NA,NA,NA,NA,NA,NA,NA,NA,NA,NA,NA,NA,NA,NA,NA,NA,NA,NA,NA,NA,NA,NA,NA,NA,NA,NA,NA,NA,NA,NA,NA,NA,NA,NA,NA,NA,NA,NA,NA,NA,NA,1.2,1.03782,0.3,0,0,0,0.1,0,0,0,NA,NA,NA,NA
"642","Mark Robinson","PIT","LB","15936","robust",NA,NA,NA,NA,NA,NA,NA,NA,NA,NA,NA,NA,NA,NA,NA,NA,NA,NA,NA,NA,NA,NA,NA,NA,NA,NA,NA,NA,NA,NA,NA,NA,NA,NA,NA,NA,NA,NA,NA,NA,NA,NA,NA,NA,NA,NA,NA,NA,NA,NA,1.25,0.66717,0.1,0,0,0,0,0,0,0,NA,NA,NA,NA
"643","Malcolm Rodriguez","DET","LB","15914","robust",NA,NA,NA,NA,NA,NA,NA,NA,NA,NA,NA,NA,NA,NA,NA,NA,NA,NA,NA,NA,NA,NA,NA,NA,NA,NA,NA,NA,NA,NA,NA,NA,NA,NA,NA,NA,NA,NA,NA,NA,NA,NA,NA,NA,NA,NA,NA,NA,NA,NA,1.25,0.66717,0,0,0,0,0,0,0,0,NA,NA,NA,NA
"644","Tyrel Dodson","BUF","LB","14472","robust",NA,NA,NA,NA,NA,NA,NA,NA,NA,NA,NA,NA,NA,NA,NA,NA,NA,NA,NA,NA,NA,NA,NA,NA,NA,NA,NA,NA,NA,NA,NA,NA,NA,NA,NA,NA,NA,NA,NA,NA,NA,NA,NA,NA,NA,NA,NA,NA,NA,NA,1.3,0.59304,0.2,0,0,0,0,0,0,0,NA,NA,NA,NA
"645","Zack Baun","NO","LB","14893","robust",NA,NA,NA,NA,NA,NA,NA,NA,NA,NA,NA,NA,NA,NA,NA,NA,NA,NA,NA,NA,NA,NA,NA,NA,NA,NA,NA,NA,NA,NA,NA,NA,NA,NA,NA,NA,NA,NA,NA,NA,NA,NA,NA,NA,NA,NA,NA,NA,NA,NA,1.25,0.51891,0.1,0,0,0,0,0,0,0,NA,NA,NA,NA
"646","Trenton Simpson","BAL","LB","16234","robust",NA,NA,NA,NA,NA,NA,NA,NA,NA,NA,NA,NA,NA,NA,NA,NA,NA,NA,NA,NA,NA,NA,NA,NA,NA,NA,NA,NA,NA,NA,NA,NA,NA,NA,NA,NA,NA,NA,NA,NA,NA,NA,NA,NA,NA,NA,NA,NA,NA,NA,1.05,0.66717,0.2,0,0,0,0.1,0,0,0,NA,NA,NA,NA
"647","Malik Harrison","BAL","LB","14891","robust",NA,NA,NA,NA,NA,NA,NA,NA,NA,NA,NA,NA,NA,NA,NA,NA,NA,NA,NA,NA,NA,NA,NA,NA,NA,NA,NA,NA,NA,NA,NA,NA,NA,NA,NA,NA,NA,NA,NA,NA,NA,NA,NA,NA,NA,NA,NA,NA,NA,NA,1.2,0.44478,0.1,0,0,0,0.1,0,0,0,NA,NA,NA,NA
"648","Blake Cashman","HOU","LB","14251","robust",NA,NA,NA,NA,NA,NA,NA,NA,NA,NA,NA,NA,NA,NA,NA,NA,NA,NA,NA,NA,NA,NA,NA,NA,NA,NA,NA,NA,NA,NA,NA,NA,NA,NA,NA,NA,NA,NA,NA,NA,NA,NA,NA,NA,NA,NA,NA,NA,NA,NA,1.05,0.51891,0.2,0,0.1,0,0.3,0,0,0,NA,NA,NA,NA
"649","Troy Dye","MIN","LB","14953","robust",NA,NA,NA,NA,NA,NA,NA,NA,NA,NA,NA,NA,NA,NA,NA,NA,NA,NA,NA,NA,NA,NA,NA,NA,NA,NA,NA,NA,NA,NA,NA,NA,NA,NA,NA,NA,NA,NA,NA,NA,NA,NA,NA,NA,NA,NA,NA,NA,NA,NA,0.5,0.7413,0.2,0,0,0,0.1,0,0,0,NA,NA,NA,NA
"650","Kamren Curl","WAS","DB","15001","robust",NA,NA,NA,NA,NA,NA,NA,NA,NA,NA,NA,NA,NA,NA,NA,NA,NA,NA,NA,NA,NA,NA,NA,NA,NA,NA,NA,NA,NA,NA,NA,NA,NA,NA,NA,NA,NA,NA,NA,NA,NA,NA,NA,NA,NA,NA,NA,NA,NA,NA,5.0725,1.92738,0.12,0.029652,0.04,0.059304,0.29,0.133434,0.005,0.007413,NA,NA,NA,NA
"651","K'Von Wallace","ARI","DB","14950","robust",NA,NA,NA,NA,NA,NA,NA,NA,NA,NA,NA,NA,NA,NA,NA,NA,NA,NA,NA,NA,NA,NA,NA,NA,NA,NA,NA,NA,NA,NA,NA,NA,NA,NA,NA,NA,NA,NA,NA,NA,NA,NA,NA,NA,NA,NA,NA,NA,NA,NA,4.6025,1.4826,0.025,0.037065,0.045,0.066717,0.505,0.140847,0.005,0.007413,NA,NA,NA,NA
"652","Jaquan Brisker","CHI","DB","15835","robust",NA,NA,NA,NA,NA,NA,NA,NA,NA,NA,NA,NA,NA,NA,NA,NA,NA,NA,NA,NA,NA,NA,NA,NA,NA,NA,NA,NA,NA,NA,NA,NA,NA,NA,NA,NA,NA,NA,NA,NA,NA,NA,NA,NA,NA,NA,NA,NA,NA,NA,5.29,2.653854,0.3,0,0.1,0,0.41,0,0.01,0,NA,NA,NA,NA
"653","Jalen Pitre","HOU","DB","15850","robust",NA,NA,NA,NA,NA,NA,NA,NA,NA,NA,NA,NA,NA,NA,NA,NA,NA,NA,NA,NA,NA,NA,NA,NA,NA,NA,NA,NA,NA,NA,NA,NA,NA,NA,NA,NA,NA,NA,NA,NA,NA,NA,NA,NA,NA,NA,NA,NA,NA,NA,5.345,1.77912,0.025,0.037065,0.16,0.059304,0.435,0.051891,0.005,0.007413,NA,NA,NA,NA
"654","Brandon Jones","MIA","DB","14910","robust",NA,NA,NA,NA,NA,NA,NA,NA,NA,NA,NA,NA,NA,NA,NA,NA,NA,NA,NA,NA,NA,NA,NA,NA,NA,NA,NA,NA,NA,NA,NA,NA,NA,NA,NA,NA,NA,NA,NA,NA,NA,NA,NA,NA,NA,NA,NA,NA,NA,NA,3.645,1.18608,0.2,0.14826,0.03,0.044478,0.26,0.088956,0.005,0.007413,NA,NA,NA,NA
"655","Richie Grant","ATL","DB","15381","robust",NA,NA,NA,NA,NA,NA,NA,NA,NA,NA,NA,NA,NA,NA,NA,NA,NA,NA,NA,NA,NA,NA,NA,NA,NA,NA,NA,NA,NA,NA,NA,NA,NA,NA,NA,NA,NA,NA,NA,NA,NA,NA,NA,NA,NA,NA,NA,NA,NA,NA,4.055,1.33434,0.015,0.022239,0.09,0.014826,0.295,0.140847,0.005,0.007413,NA,NA,NA,NA
"656","Minkah Fitzpatrick","PIT","DB","13713","robust",NA,NA,NA,NA,NA,NA,NA,NA,NA,NA,NA,NA,NA,NA,NA,NA,NA,NA,NA,NA,NA,NA,NA,NA,NA,NA,NA,NA,NA,NA,NA,NA,NA,NA,NA,NA,NA,NA,NA,NA,NA,NA,NA,NA,NA,NA,NA,NA,NA,NA,4.8825,2.52042,0.01,0.014826,0.16,0.059304,0.585,0.170499,0.005,0.007413,NA,NA,NA,NA
"657","Jordan Fuller","LAR","DB","14991","robust",NA,NA,NA,NA,NA,NA,NA,NA,NA,NA,NA,NA,NA,NA,NA,NA,NA,NA,NA,NA,NA,NA,NA,NA,NA,NA,NA,NA,NA,NA,NA,NA,NA,NA,NA,NA,NA,NA,NA,NA,NA,NA,NA,NA,NA,NA,NA,NA,NA,NA,4.4075,2.52042,0.015,0.022239,0.095,0.00741300000000001,0.41,0.0148259999999999,0.005,0.007413,NA,NA,NA,NA
"658","Rayshawn Jenkins","JAC","DB","13288","robust",NA,NA,NA,NA,NA,NA,NA,NA,NA,NA,NA,NA,NA,NA,NA,NA,NA,NA,NA,NA,NA,NA,NA,NA,NA,NA,NA,NA,NA,NA,NA,NA,NA,NA,NA,NA,NA,NA,NA,NA,NA,NA,NA,NA,NA,NA,NA,NA,NA,NA,4.665,0.7413,0.02,0.029652,0.11,0.014826,0.48,0.0296519999999999,0.005,0.007413,NA,NA,NA,NA
"659","Daxton Hill","CIN","DB","15836","robust",NA,NA,NA,NA,NA,NA,NA,NA,NA,NA,NA,NA,NA,NA,NA,NA,NA,NA,NA,NA,NA,NA,NA,NA,NA,NA,NA,NA,NA,NA,NA,NA,NA,NA,NA,NA,NA,NA,NA,NA,NA,NA,NA,NA,NA,NA,NA,NA,NA,NA,5.305,1.363992,0.135,0.096369,0.29,0.163086,0.645,0.0815429999999999,0.01,0.014826,NA,NA,NA,NA
"660","Jalen Thompson","ARI","DB","14518","robust",NA,NA,NA,NA,NA,NA,NA,NA,NA,NA,NA,NA,NA,NA,NA,NA,NA,NA,NA,NA,NA,NA,NA,NA,NA,NA,NA,NA,NA,NA,NA,NA,NA,NA,NA,NA,NA,NA,NA,NA,NA,NA,NA,NA,NA,NA,NA,NA,NA,NA,4.515,0.889559999999999,0.005,0.007413,0.115,0.022239,0.5,0,0.005,0.007413,NA,NA,NA,NA
"661","Amani Hooker","TEN","DB","14182","robust",NA,NA,NA,NA,NA,NA,NA,NA,NA,NA,NA,NA,NA,NA,NA,NA,NA,NA,NA,NA,NA,NA,NA,NA,NA,NA,NA,NA,NA,NA,NA,NA,NA,NA,NA,NA,NA,NA,NA,NA,NA,NA,NA,NA,NA,NA,NA,NA,NA,NA,4.49,0.889559999999999,0.01,0.014826,0.155,0.066717,0.62,0.266868,0.005,0.007413,NA,NA,NA,NA
"662","Harrison Smith","MIN","DB","10783","robust",NA,NA,NA,NA,NA,NA,NA,NA,NA,NA,NA,NA,NA,NA,NA,NA,NA,NA,NA,NA,NA,NA,NA,NA,NA,NA,NA,NA,NA,NA,NA,NA,NA,NA,NA,NA,NA,NA,NA,NA,NA,NA,NA,NA,NA,NA,NA,NA,NA,NA,4.4375,0.7413,0.11,0.014826,0.175,0.037065,0.46,0.088956,0.005,0.007413,NA,NA,NA,NA
"663","Kevin Byard","TEN","DB","12752","robust",NA,NA,NA,NA,NA,NA,NA,NA,NA,NA,NA,NA,NA,NA,NA,NA,NA,NA,NA,NA,NA,NA,NA,NA,NA,NA,NA,NA,NA,NA,NA,NA,NA,NA,NA,NA,NA,NA,NA,NA,NA,NA,NA,NA,NA,NA,NA,NA,NA,NA,4.4075,1.77912,0.015,0.022239,0.165,0.051891,0.445,0.066717,0.005,0.007413,NA,NA,NA,NA
"664","Adoree Jackson","NYG","DB","13226","robust",NA,NA,NA,NA,NA,NA,NA,NA,NA,NA,NA,NA,NA,NA,NA,NA,NA,NA,NA,NA,NA,NA,NA,NA,NA,NA,NA,NA,NA,NA,NA,NA,NA,NA,NA,NA,NA,NA,NA,NA,NA,NA,NA,NA,NA,NA,NA,NA,NA,NA,4.1675,0,0.06,0.059304,0.045,0.066717,0.495,0.155673,0.005,0.007413,NA,NA,NA,NA
"665","Russ Yeast","LAR","DB","15955","robust",NA,NA,NA,NA,NA,NA,NA,NA,NA,NA,NA,NA,NA,NA,NA,NA,NA,NA,NA,NA,NA,NA,NA,NA,NA,NA,NA,NA,NA,NA,NA,NA,NA,NA,NA,NA,NA,NA,NA,NA,NA,NA,NA,NA,NA,NA,NA,NA,NA,NA,4.0375,1.63086,0.065,0.051891,0.1,0,0.46,0.059304,0.005,0.007413,NA,NA,NA,NA
"666","Reed Blankenship","PHI","DB","16018","robust",NA,NA,NA,NA,NA,NA,NA,NA,NA,NA,NA,NA,NA,NA,NA,NA,NA,NA,NA,NA,NA,NA,NA,NA,NA,NA,NA,NA,NA,NA,NA,NA,NA,NA,NA,NA,NA,NA,NA,NA,NA,NA,NA,NA,NA,NA,NA,NA,NA,NA,4.71,2.07564,0.015,0.022239,0.22,0.118608,0.705,0.289107,0.005,0.007413,NA,NA,NA,NA
"667","Xavier McKinney","NYG","DB","14908","robust",NA,NA,NA,NA,NA,NA,NA,NA,NA,NA,NA,NA,NA,NA,NA,NA,NA,NA,NA,NA,NA,NA,NA,NA,NA,NA,NA,NA,NA,NA,NA,NA,NA,NA,NA,NA,NA,NA,NA,NA,NA,NA,NA,NA,NA,NA,NA,NA,NA,NA,4.4525,1.33434,0.08,0.029652,0.085,0.126021,0.63,0.103782,0.01,0.014826,NA,NA,NA,NA
"668","Adrian Amos","NYJ","DB","12308","robust",NA,NA,NA,NA,NA,NA,NA,NA,NA,NA,NA,NA,NA,NA,NA,NA,NA,NA,NA,NA,NA,NA,NA,NA,NA,NA,NA,NA,NA,NA,NA,NA,NA,NA,NA,NA,NA,NA,NA,NA,NA,NA,NA,NA,NA,NA,NA,NA,NA,NA,6.095,0.00741299999999984,0.04,0,0.08,0,0.39,0,0.01,0,NA,NA,NA,NA
"669","Jason Pinnock","NYG","DB","15448","robust",NA,NA,NA,NA,NA,NA,NA,NA,NA,NA,NA,NA,NA,NA,NA,NA,NA,NA,NA,NA,NA,NA,NA,NA,NA,NA,NA,NA,NA,NA,NA,NA,NA,NA,NA,NA,NA,NA,NA,NA,NA,NA,NA,NA,NA,NA,NA,NA,NA,NA,4.7,1.18608,0.085,0.022239,0.11,0.014826,0.325,0.185325,0.005,0.007413,NA,NA,NA,NA
"670","Jevon Holland","MIA","DB","15366","robust",NA,NA,NA,NA,NA,NA,NA,NA,NA,NA,NA,NA,NA,NA,NA,NA,NA,NA,NA,NA,NA,NA,NA,NA,NA,NA,NA,NA,NA,NA,NA,NA,NA,NA,NA,NA,NA,NA,NA,NA,NA,NA,NA,NA,NA,NA,NA,NA,NA,NA,5.185,0.948863999999999,0.055,0.081543,0.095,0.00741300000000001,0.4,0,0.005,0.007413,NA,NA,NA,NA
"671","Jayron Kearse","DAL","DB","12720","robust",NA,NA,NA,NA,NA,NA,NA,NA,NA,NA,NA,NA,NA,NA,NA,NA,NA,NA,NA,NA,NA,NA,NA,NA,NA,NA,NA,NA,NA,NA,NA,NA,NA,NA,NA,NA,NA,NA,NA,NA,NA,NA,NA,NA,NA,NA,NA,NA,NA,NA,3.8325,0,0.085,0.022239,0.135,0.096369,0.375,0.037065,0.055,0.066717,NA,NA,NA,NA
"672","Taron Johnson","BUF","DB","13764","robust",NA,NA,NA,NA,NA,NA,NA,NA,NA,NA,NA,NA,NA,NA,NA,NA,NA,NA,NA,NA,NA,NA,NA,NA,NA,NA,NA,NA,NA,NA,NA,NA,NA,NA,NA,NA,NA,NA,NA,NA,NA,NA,NA,NA,NA,NA,NA,NA,NA,NA,4.405,0.59304,0.04,0.059304,0.035,0.051891,0.42,0.118608,0.005,0.007413,NA,NA,NA,NA
"673","Johnathan Ford","GB","DB","13339","robust",NA,NA,NA,NA,NA,NA,NA,NA,NA,NA,NA,NA,NA,NA,NA,NA,NA,NA,NA,NA,NA,NA,NA,NA,NA,NA,NA,NA,NA,NA,NA,NA,NA,NA,NA,NA,NA,NA,NA,NA,NA,NA,NA,NA,NA,NA,NA,NA,NA,NA,5.2775,0.904385999999999,0.02,0.029652,0.225,0.111195,0.66,0.207564,0.005,0.007413,"Q","Oblique",2023,5
"674","L'Jarius Sneed","KC","DB","14956","robust",NA,NA,NA,NA,NA,NA,NA,NA,NA,NA,NA,NA,NA,NA,NA,NA,NA,NA,NA,NA,NA,NA,NA,NA,NA,NA,NA,NA,NA,NA,NA,NA,NA,NA,NA,NA,NA,NA,NA,NA,NA,NA,NA,NA,NA,NA,NA,NA,NA,NA,4.45,1.63086,0.095,0.00741300000000001,0.115,0.022239,0.59,0.163086,0.005,0.007413,NA,NA,NA,NA
"675","Tracy Walker","DET","DB","13747","robust",NA,NA,NA,NA,NA,NA,NA,NA,NA,NA,NA,NA,NA,NA,NA,NA,NA,NA,NA,NA,NA,NA,NA,NA,NA,NA,NA,NA,NA,NA,NA,NA,NA,NA,NA,NA,NA,NA,NA,NA,NA,NA,NA,NA,NA,NA,NA,NA,NA,NA,4.405,1.33434,0.095,0.00741300000000001,0.095,0.00741300000000001,0.445,0.081543,0.055,0.066717,NA,NA,NA,NA
"676","Darrick Forrest","WAS","DB","15437","robust",NA,NA,NA,NA,NA,NA,NA,NA,NA,NA,NA,NA,NA,NA,NA,NA,NA,NA,NA,NA,NA,NA,NA,NA,NA,NA,NA,NA,NA,NA,NA,NA,NA,NA,NA,NA,NA,NA,NA,NA,NA,NA,NA,NA,NA,NA,NA,NA,NA,NA,3.305,0.14826,0.015,0.022239,0.125,0.037065,0.405,0.155673,0.005,0.007413,NA,NA,NA,NA
"677","Nick Scott","CIN","DB","14302","robust",NA,NA,NA,NA,NA,NA,NA,NA,NA,NA,NA,NA,NA,NA,NA,NA,NA,NA,NA,NA,NA,NA,NA,NA,NA,NA,NA,NA,NA,NA,NA,NA,NA,NA,NA,NA,NA,NA,NA,NA,NA,NA,NA,NA,NA,NA,NA,NA,NA,NA,4.1,2.37216,0.01,0.014826,0.115,0.022239,0.385,0.126021,0.005,0.007413,NA,NA,NA,NA
"678","Deommodore Lenoir","SF","DB","15445","robust",NA,NA,NA,NA,NA,NA,NA,NA,NA,NA,NA,NA,NA,NA,NA,NA,NA,NA,NA,NA,NA,NA,NA,NA,NA,NA,NA,NA,NA,NA,NA,NA,NA,NA,NA,NA,NA,NA,NA,NA,NA,NA,NA,NA,NA,NA,NA,NA,NA,NA,4.8225,1.33434,0.015,0.022239,0.16,0.059304,0.435,0.051891,0.005,0.007413,NA,NA,NA,NA
"679","Camryn Bynum","MIN","DB","15418","robust",NA,NA,NA,NA,NA,NA,NA,NA,NA,NA,NA,NA,NA,NA,NA,NA,NA,NA,NA,NA,NA,NA,NA,NA,NA,NA,NA,NA,NA,NA,NA,NA,NA,NA,NA,NA,NA,NA,NA,NA,NA,NA,NA,NA,NA,NA,NA,NA,NA,NA,4.5875,1.11195,0.015,0.022239,0.09,0.014826,0.39,0.014826,0.005,0.007413,NA,NA,NA,NA
"680","Josh Metellus","MIN","DB","14995","robust",NA,NA,NA,NA,NA,NA,NA,NA,NA,NA,NA,NA,NA,NA,NA,NA,NA,NA,NA,NA,NA,NA,NA,NA,NA,NA,NA,NA,NA,NA,NA,NA,NA,NA,NA,NA,NA,NA,NA,NA,NA,NA,NA,NA,NA,NA,NA,NA,NA,NA,5.71,0.0148259999999997,0.02,0,0.08,0,0.37,0,0.01,0,NA,NA,NA,NA
"681","Vonn Bell","CAR","DB","12718","robust",NA,NA,NA,NA,NA,NA,NA,NA,NA,NA,NA,NA,NA,NA,NA,NA,NA,NA,NA,NA,NA,NA,NA,NA,NA,NA,NA,NA,NA,NA,NA,NA,NA,NA,NA,NA,NA,NA,NA,NA,NA,NA,NA,NA,NA,NA,NA,NA,NA,NA,4.22,1.18608,0.03,0.044478,0.135,0.096369,0.37,0.044478,0.005,0.007413,NA,NA,NA,NA
"682","Justin Simmons","DEN","DB","12767","robust",NA,NA,NA,NA,NA,NA,NA,NA,NA,NA,NA,NA,NA,NA,NA,NA,NA,NA,NA,NA,NA,NA,NA,NA,NA,NA,NA,NA,NA,NA,NA,NA,NA,NA,NA,NA,NA,NA,NA,NA,NA,NA,NA,NA,NA,NA,NA,NA,NA,NA,4.26,0.88956,0.075,0.037065,0.255,0.066717,0.57,0.103782,0.01,0.014826,NA,NA,NA,NA
"683","Akayleb Evans","MIN","DB","15880","robust",NA,NA,NA,NA,NA,NA,NA,NA,NA,NA,NA,NA,NA,NA,NA,NA,NA,NA,NA,NA,NA,NA,NA,NA,NA,NA,NA,NA,NA,NA,NA,NA,NA,NA,NA,NA,NA,NA,NA,NA,NA,NA,NA,NA,NA,NA,NA,NA,NA,NA,3.6775,1.18608,0.005,0.007413,0.08,0.029652,0.565,0.348411,0.005,0.007413,NA,NA,NA,NA
"684","Kareem Jackson","DEN","DB","9861","robust",NA,NA,NA,NA,NA,NA,NA,NA,NA,NA,NA,NA,NA,NA,NA,NA,NA,NA,NA,NA,NA,NA,NA,NA,NA,NA,NA,NA,NA,NA,NA,NA,NA,NA,NA,NA,NA,NA,NA,NA,NA,NA,NA,NA,NA,NA,NA,NA,NA,NA,3.93,0.88956,0.025,0.037065,0.155,0.066717,0.365,0.096369,0.005,0.007413,NA,NA,NA,NA
"685","Jessie Bates","ATL","DB","13737","robust",NA,NA,NA,NA,NA,NA,NA,NA,NA,NA,NA,NA,NA,NA,NA,NA,NA,NA,NA,NA,NA,NA,NA,NA,NA,NA,NA,NA,NA,NA,NA,NA,NA,NA,NA,NA,NA,NA,NA,NA,NA,NA,NA,NA,NA,NA,NA,NA,NA,NA,3.5525,2.2239,0.005,0.007413,0.225,0.111195,0.56,0.0593039999999999,0.005,0.007413,NA,NA,NA,NA
"686","Kyle Dugger","NE","DB","14921","robust",NA,NA,NA,NA,NA,NA,NA,NA,NA,NA,NA,NA,NA,NA,NA,NA,NA,NA,NA,NA,NA,NA,NA,NA,NA,NA,NA,NA,NA,NA,NA,NA,NA,NA,NA,NA,NA,NA,NA,NA,NA,NA,NA,NA,NA,NA,NA,NA,NA,NA,4.05,1.03782,0.02,0.029652,0.145,0.081543,0.445,0.081543,0.055,0.066717,NA,NA,NA,NA
"687","Tyrann Mathieu","NO","DB","11313","robust",NA,NA,NA,NA,NA,NA,NA,NA,NA,NA,NA,NA,NA,NA,NA,NA,NA,NA,NA,NA,NA,NA,NA,NA,NA,NA,NA,NA,NA,NA,NA,NA,NA,NA,NA,NA,NA,NA,NA,NA,NA,NA,NA,NA,NA,NA,NA,NA,NA,NA,3.995,0.44478,0.075,0.037065,0.24,0.088956,0.64,0.0889559999999999,0.01,0.014826,NA,NA,NA,NA
"688","Julian Blackmon","IND","DB","14933","robust",NA,NA,NA,NA,NA,NA,NA,NA,NA,NA,NA,NA,NA,NA,NA,NA,NA,NA,NA,NA,NA,NA,NA,NA,NA,NA,NA,NA,NA,NA,NA,NA,NA,NA,NA,NA,NA,NA,NA,NA,NA,NA,NA,NA,NA,NA,NA,NA,NA,NA,4.57,0.711648000000001,0.035,0.051891,0.1,0,0.3,0.14826,0.055,0.066717,NA,NA,NA,NA
"689","Jordan Whitehead","NYJ","DB","13760","robust",NA,NA,NA,NA,NA,NA,NA,NA,NA,NA,NA,NA,NA,NA,NA,NA,NA,NA,NA,NA,NA,NA,NA,NA,NA,NA,NA,NA,NA,NA,NA,NA,NA,NA,NA,NA,NA,NA,NA,NA,NA,NA,NA,NA,NA,NA,NA,NA,NA,NA,4.245,1.63086,0.01,0.014826,0.195,0.155673,0.49,0.163086,0.005,0.007413,NA,NA,NA,NA
"690","Kenny Moore","IND","DB","13470","robust",NA,NA,NA,NA,NA,NA,NA,NA,NA,NA,NA,NA,NA,NA,NA,NA,NA,NA,NA,NA,NA,NA,NA,NA,NA,NA,NA,NA,NA,NA,NA,NA,NA,NA,NA,NA,NA,NA,NA,NA,NA,NA,NA,NA,NA,NA,NA,NA,NA,NA,4.1375,0.88956,0.085,0.022239,0.09,0.133434,0.49,0.133434,0.01,0.014826,NA,NA,NA,NA
"691","Terrell Edmunds","PHI","DB","13716","robust",NA,NA,NA,NA,NA,NA,NA,NA,NA,NA,NA,NA,NA,NA,NA,NA,NA,NA,NA,NA,NA,NA,NA,NA,NA,NA,NA,NA,NA,NA,NA,NA,NA,NA,NA,NA,NA,NA,NA,NA,NA,NA,NA,NA,NA,NA,NA,NA,NA,NA,3.1125,0.7413,0.095,0.00741300000000001,0.04,0.059304,0.275,0.111195,0.005,0.007413,NA,NA,NA,NA
"692","Derion Kendrick","LAR","DB","15924","robust",NA,NA,NA,NA,NA,NA,NA,NA,NA,NA,NA,NA,NA,NA,NA,NA,NA,NA,NA,NA,NA,NA,NA,NA,NA,NA,NA,NA,NA,NA,NA,NA,NA,NA,NA,NA,NA,NA,NA,NA,NA,NA,NA,NA,NA,NA,NA,NA,NA,NA,3.9075,0.44478,0.005,0.007413,0.035,0.051891,0.425,0.111195,0.005,0.007413,NA,NA,NA,NA
"693","Micah Hyde","BUF","DB","11382","robust",NA,NA,NA,NA,NA,NA,NA,NA,NA,NA,NA,NA,NA,NA,NA,NA,NA,NA,NA,NA,NA,NA,NA,NA,NA,NA,NA,NA,NA,NA,NA,NA,NA,NA,NA,NA,NA,NA,NA,NA,NA,NA,NA,NA,NA,NA,NA,NA,NA,NA,3.7775,0.7413,0.02,0.029652,0.22,0.118608,0.5,0,0.005,0.007413,NA,NA,NA,NA
"694","Roger McCreary","TEN","DB","15849","robust",NA,NA,NA,NA,NA,NA,NA,NA,NA,NA,NA,NA,NA,NA,NA,NA,NA,NA,NA,NA,NA,NA,NA,NA,NA,NA,NA,NA,NA,NA,NA,NA,NA,NA,NA,NA,NA,NA,NA,NA,NA,NA,NA,NA,NA,NA,NA,NA,NA,NA,4.295,1.601208,0.07,0.044478,0.085,0.022239,0.37,0.044478,0.005,0.007413,NA,NA,NA,NA
"695","Marcus Epps","LVR","DB","14270","robust",NA,NA,NA,NA,NA,NA,NA,NA,NA,NA,NA,NA,NA,NA,NA,NA,NA,NA,NA,NA,NA,NA,NA,NA,NA,NA,NA,NA,NA,NA,NA,NA,NA,NA,NA,NA,NA,NA,NA,NA,NA,NA,NA,NA,NA,NA,NA,NA,NA,NA,3.7675,0.7413,0.005,0.007413,0.045,0.066717,0.295,0.140847,0.005,0.007413,NA,NA,NA,NA
"696","Charvarius Ward","SF","DB","13920","robust",NA,NA,NA,NA,NA,NA,NA,NA,NA,NA,NA,NA,NA,NA,NA,NA,NA,NA,NA,NA,NA,NA,NA,NA,NA,NA,NA,NA,NA,NA,NA,NA,NA,NA,NA,NA,NA,NA,NA,NA,NA,NA,NA,NA,NA,NA,NA,NA,NA,NA,3.965,0.44478,0,0,0.095,0.00741300000000001,0.59,0.311346,0.005,0.007413,NA,NA,NA,NA
"697","Cam Taylor-Britt","CIN","DB","15859","robust",NA,NA,NA,NA,NA,NA,NA,NA,NA,NA,NA,NA,NA,NA,NA,NA,NA,NA,NA,NA,NA,NA,NA,NA,NA,NA,NA,NA,NA,NA,NA,NA,NA,NA,NA,NA,NA,NA,NA,NA,NA,NA,NA,NA,NA,NA,NA,NA,NA,NA,4.03,0.44478,0.005,0.007413,0.1,0,0.505,0.140847,0.005,0.007413,"Q","Concussion",2023,5
"698","Justin Reid","KC","DB","13717","robust",NA,NA,NA,NA,NA,NA,NA,NA,NA,NA,NA,NA,NA,NA,NA,NA,NA,NA,NA,NA,NA,NA,NA,NA,NA,NA,NA,NA,NA,NA,NA,NA,NA,NA,NA,NA,NA,NA,NA,NA,NA,NA,NA,NA,NA,NA,NA,NA,NA,NA,4.07,1.03782,0.02,0.029652,0.04,0.059304,0.48,0.177912,0.005,0.007413,NA,NA,NA,NA
"699","CJ Henderson","CAR","DB","14905","robust",NA,NA,NA,NA,NA,NA,NA,NA,NA,NA,NA,NA,NA,NA,NA,NA,NA,NA,NA,NA,NA,NA,NA,NA,NA,NA,NA,NA,NA,NA,NA,NA,NA,NA,NA,NA,NA,NA,NA,NA,NA,NA,NA,NA,NA,NA,NA,NA,NA,NA,3.8825,0.7413,0.005,0.007413,0.1,0,0.305,0.155673,0.005,0.007413,NA,NA,NA,NA
"700","Trent McDuffie","KC","DB","15845","robust",NA,NA,NA,NA,NA,NA,NA,NA,NA,NA,NA,NA,NA,NA,NA,NA,NA,NA,NA,NA,NA,NA,NA,NA,NA,NA,NA,NA,NA,NA,NA,NA,NA,NA,NA,NA,NA,NA,NA,NA,NA,NA,NA,NA,NA,NA,NA,NA,NA,NA,3.73,1.18608,0.075,0.037065,0.045,0.066717,0.485,0.170499,0.005,0.007413,NA,NA,NA,NA
"701","Kei'Trel Clark","ARI","DB","16325","robust",NA,NA,NA,NA,NA,NA,NA,NA,NA,NA,NA,NA,NA,NA,NA,NA,NA,NA,NA,NA,NA,NA,NA,NA,NA,NA,NA,NA,NA,NA,NA,NA,NA,NA,NA,NA,NA,NA,NA,NA,NA,NA,NA,NA,NA,NA,NA,NA,NA,NA,3.8525,0.44478,0.01,0.014826,0.055,0.081543,0.36,0.088956,0.005,0.007413,NA,NA,NA,NA
"702","Kader Kohou","MIA","DB","16016","robust",NA,NA,NA,NA,NA,NA,NA,NA,NA,NA,NA,NA,NA,NA,NA,NA,NA,NA,NA,NA,NA,NA,NA,NA,NA,NA,NA,NA,NA,NA,NA,NA,NA,NA,NA,NA,NA,NA,NA,NA,NA,NA,NA,NA,NA,NA,NA,NA,NA,NA,3.85,0,0.08,0.029652,0.09,0.014826,0.63,0.400302,0.005,0.007413,NA,NA,NA,NA
"703","Darnell Savage","GB","DB","14197","robust",NA,NA,NA,NA,NA,NA,NA,NA,NA,NA,NA,NA,NA,NA,NA,NA,NA,NA,NA,NA,NA,NA,NA,NA,NA,NA,NA,NA,NA,NA,NA,NA,NA,NA,NA,NA,NA,NA,NA,NA,NA,NA,NA,NA,NA,NA,NA,NA,NA,NA,3.6475,0.7413,0.005,0.007413,0.11,0.014826,0.375,0.111195,0.005,0.007413,NA,NA,NA,NA
"704","Alontae Taylor","NO","DB","15856","robust",NA,NA,NA,NA,NA,NA,NA,NA,NA,NA,NA,NA,NA,NA,NA,NA,NA,NA,NA,NA,NA,NA,NA,NA,NA,NA,NA,NA,NA,NA,NA,NA,NA,NA,NA,NA,NA,NA,NA,NA,NA,NA,NA,NA,NA,NA,NA,NA,NA,NA,3.77,0,0.025,0.037065,0.095,0.00741300000000001,0.59,0.311346,0.005,0.007413,NA,NA,NA,NA
"705","Myles Bryant","NE","DB","15177","robust",NA,NA,NA,NA,NA,NA,NA,NA,NA,NA,NA,NA,NA,NA,NA,NA,NA,NA,NA,NA,NA,NA,NA,NA,NA,NA,NA,NA,NA,NA,NA,NA,NA,NA,NA,NA,NA,NA,NA,NA,NA,NA,NA,NA,NA,NA,NA,NA,NA,NA,3.795,0.29652,0.015,0.022239,0.035,0.051891,0.375,0.037065,0.005,0.007413,NA,NA,NA,NA
"706","Andre Cisco","JAC","DB","15364","robust",NA,NA,NA,NA,NA,NA,NA,NA,NA,NA,NA,NA,NA,NA,NA,NA,NA,NA,NA,NA,NA,NA,NA,NA,NA,NA,NA,NA,NA,NA,NA,NA,NA,NA,NA,NA,NA,NA,NA,NA,NA,NA,NA,NA,NA,NA,NA,NA,NA,NA,3.5675,1.18608,0.07,0.044478,0.185,0.022239,0.68,0.177912,0.005,0.007413,NA,NA,NA,NA
"707","Geno Stone","BAL","DB","15003","robust",NA,NA,NA,NA,NA,NA,NA,NA,NA,NA,NA,NA,NA,NA,NA,NA,NA,NA,NA,NA,NA,NA,NA,NA,NA,NA,NA,NA,NA,NA,NA,NA,NA,NA,NA,NA,NA,NA,NA,NA,NA,NA,NA,NA,NA,NA,NA,NA,NA,NA,3.8125,1.03782,0.01,0.014826,0.265,0.200151,0.485,0.022239,0.005,0.007413,NA,NA,NA,NA
"708","Jerry Jacobs","DET","DB","15549","robust",NA,NA,NA,NA,NA,NA,NA,NA,NA,NA,NA,NA,NA,NA,NA,NA,NA,NA,NA,NA,NA,NA,NA,NA,NA,NA,NA,NA,NA,NA,NA,NA,NA,NA,NA,NA,NA,NA,NA,NA,NA,NA,NA,NA,NA,NA,NA,NA,NA,NA,4.335,0.148259999999999,0.02,0.029652,0.11,0.014826,0.475,0.0370649999999999,0.005,0.007413,NA,NA,NA,NA
"709","Tyrique Stevenson","CHI","DB","16267","robust",NA,NA,NA,NA,NA,NA,NA,NA,NA,NA,NA,NA,NA,NA,NA,NA,NA,NA,NA,NA,NA,NA,NA,NA,NA,NA,NA,NA,NA,NA,NA,NA,NA,NA,NA,NA,NA,NA,NA,NA,NA,NA,NA,NA,NA,NA,NA,NA,NA,NA,5.105,0.0074130000000005,0.04,0,0.11,0,0.43,0,0.01,0,NA,NA,NA,NA
"710","Damarri Mathis","DEN","DB","15876","robust",NA,NA,NA,NA,NA,NA,NA,NA,NA,NA,NA,NA,NA,NA,NA,NA,NA,NA,NA,NA,NA,NA,NA,NA,NA,NA,NA,NA,NA,NA,NA,NA,NA,NA,NA,NA,NA,NA,NA,NA,NA,NA,NA,NA,NA,NA,NA,NA,NA,NA,4.0775,0.29652,0.005,0.007413,0.035,0.051891,0.425,0.111195,0.005,0.007413,NA,NA,NA,NA
"711","DaRon Bland","DAL","DB","15904","robust",NA,NA,NA,NA,NA,NA,NA,NA,NA,NA,NA,NA,NA,NA,NA,NA,NA,NA,NA,NA,NA,NA,NA,NA,NA,NA,NA,NA,NA,NA,NA,NA,NA,NA,NA,NA,NA,NA,NA,NA,NA,NA,NA,NA,NA,NA,NA,NA,NA,NA,3.52,0.44478,0.01,0.014826,0.27,0.192738,0.54,0.0889559999999999,0.055,0.066717,NA,NA,NA,NA
"712","Julius Brents","IND","DB","16261","robust",NA,NA,NA,NA,NA,NA,NA,NA,NA,NA,NA,NA,NA,NA,NA,NA,NA,NA,NA,NA,NA,NA,NA,NA,NA,NA,NA,NA,NA,NA,NA,NA,NA,NA,NA,NA,NA,NA,NA,NA,NA,NA,NA,NA,NA,NA,NA,NA,NA,NA,3.8625,1.03782,0.01,0.014826,0.06,0.088956,0.375,0.111195,0.005,0.007413,NA,NA,NA,NA
"713","Kristian Fulton","TEN","DB","14904","robust",NA,NA,NA,NA,NA,NA,NA,NA,NA,NA,NA,NA,NA,NA,NA,NA,NA,NA,NA,NA,NA,NA,NA,NA,NA,NA,NA,NA,NA,NA,NA,NA,NA,NA,NA,NA,NA,NA,NA,NA,NA,NA,NA,NA,NA,NA,NA,NA,NA,NA,3.2625,0.59304,0.005,0.007413,0.09,0.014826,0.38,0.029652,0.005,0.007413,NA,NA,NA,NA
"714","Marcus Williams","BAL","DB","13253","robust",NA,NA,NA,NA,NA,NA,NA,NA,NA,NA,NA,NA,NA,NA,NA,NA,NA,NA,NA,NA,NA,NA,NA,NA,NA,NA,NA,NA,NA,NA,NA,NA,NA,NA,NA,NA,NA,NA,NA,NA,NA,NA,NA,NA,NA,NA,NA,NA,NA,NA,3.8325,1.63086,0.005,0.007413,0.17,0.044478,0.64,0.237216,0.005,0.007413,NA,NA,NA,NA
"715","Rasul Douglas","GB","DB","13281","robust",NA,NA,NA,NA,NA,NA,NA,NA,NA,NA,NA,NA,NA,NA,NA,NA,NA,NA,NA,NA,NA,NA,NA,NA,NA,NA,NA,NA,NA,NA,NA,NA,NA,NA,NA,NA,NA,NA,NA,NA,NA,NA,NA,NA,NA,NA,NA,NA,NA,NA,4.15,0.14826,0.01,0.014826,0.23,0.103782,0.67,0.192738,0.005,0.007413,NA,NA,NA,NA
"716","Benjamin St-Juste","WAS","DB","15392","robust",NA,NA,NA,NA,NA,NA,NA,NA,NA,NA,NA,NA,NA,NA,NA,NA,NA,NA,NA,NA,NA,NA,NA,NA,NA,NA,NA,NA,NA,NA,NA,NA,NA,NA,NA,NA,NA,NA,NA,NA,NA,NA,NA,NA,NA,NA,NA,NA,NA,NA,3.345,0,0.11,0.014826,0.04,0.059304,0.375,0.037065,0.005,0.007413,NA,NA,NA,NA
"717","Jordan Poyer","BUF","DB","11317","robust",NA,NA,NA,NA,NA,NA,NA,NA,NA,NA,NA,NA,NA,NA,NA,NA,NA,NA,NA,NA,NA,NA,NA,NA,NA,NA,NA,NA,NA,NA,NA,NA,NA,NA,NA,NA,NA,NA,NA,NA,NA,NA,NA,NA,NA,NA,NA,NA,NA,NA,3.555,1.33434,0.08,0.029652,0.155,0.066717,0.355,0.081543,0.005,0.007413,NA,NA,NA,NA
"718","Sean Bunting","TEN","DB","14199","robust",NA,NA,NA,NA,NA,NA,NA,NA,NA,NA,NA,NA,NA,NA,NA,NA,NA,NA,NA,NA,NA,NA,NA,NA,NA,NA,NA,NA,NA,NA,NA,NA,NA,NA,NA,NA,NA,NA,NA,NA,NA,NA,NA,NA,NA,NA,NA,NA,NA,NA,3.38,0.59304,0.005,0.007413,0.1,0,0.555,0.214977,0.005,0.007413,NA,NA,NA,NA
"719","Michael Carter","NYJ","DB","15432","robust",NA,NA,NA,NA,NA,NA,NA,NA,NA,NA,NA,NA,NA,NA,NA,NA,NA,NA,NA,NA,NA,NA,NA,NA,NA,NA,NA,NA,NA,NA,NA,NA,NA,NA,NA,NA,NA,NA,NA,NA,NA,NA,NA,NA,NA,NA,NA,NA,NA,NA,3.38,0.14826,0.02,0.029652,0.085,0.022239,0.37,0.044478,0.005,0.007413,NA,NA,NA,NA
"720","Jimmie Ward","HOU","DB","11768","robust",NA,NA,NA,NA,NA,NA,NA,NA,NA,NA,NA,NA,NA,NA,NA,NA,NA,NA,NA,NA,NA,NA,NA,NA,NA,NA,NA,NA,NA,NA,NA,NA,NA,NA,NA,NA,NA,NA,NA,NA,NA,NA,NA,NA,NA,NA,NA,NA,NA,NA,3.495,1.18608,0.01,0.014826,0.125,0.111195,0.3,0,0.005,0.007413,NA,NA,NA,NA
"721","Shaq Griffin","HOU","DB","13273","robust",NA,NA,NA,NA,NA,NA,NA,NA,NA,NA,NA,NA,NA,NA,NA,NA,NA,NA,NA,NA,NA,NA,NA,NA,NA,NA,NA,NA,NA,NA,NA,NA,NA,NA,NA,NA,NA,NA,NA,NA,NA,NA,NA,NA,NA,NA,NA,NA,NA,NA,3.1075,1.18608,0.005,0.007413,0.025,0.037065,0.295,0.00741300000000001,0.005,0.007413,"Q","Calf",2023,5
"722","Jabrill Peppers","NE","DB","13231","robust",NA,NA,NA,NA,NA,NA,NA,NA,NA,NA,NA,NA,NA,NA,NA,NA,NA,NA,NA,NA,NA,NA,NA,NA,NA,NA,NA,NA,NA,NA,NA,NA,NA,NA,NA,NA,NA,NA,NA,NA,NA,NA,NA,NA,NA,NA,NA,NA,NA,NA,3.8575,1.230558,0.02,0.029652,0.07,0.044478,0.285,0.0222389999999999,0.005,0.007413,NA,NA,NA,NA
"723","Marco Wilson","ARI","DB","15422","robust",NA,NA,NA,NA,NA,NA,NA,NA,NA,NA,NA,NA,NA,NA,NA,NA,NA,NA,NA,NA,NA,NA,NA,NA,NA,NA,NA,NA,NA,NA,NA,NA,NA,NA,NA,NA,NA,NA,NA,NA,NA,NA,NA,NA,NA,NA,NA,NA,NA,NA,3.6775,0.44478,0.005,0.007413,0.11,0.014826,0.57,0.192738,0.005,0.007413,NA,NA,NA,NA
"724","Kerby Joseph","DET","DB","15871","robust",NA,NA,NA,NA,NA,NA,NA,NA,NA,NA,NA,NA,NA,NA,NA,NA,NA,NA,NA,NA,NA,NA,NA,NA,NA,NA,NA,NA,NA,NA,NA,NA,NA,NA,NA,NA,NA,NA,NA,NA,NA,NA,NA,NA,NA,NA,NA,NA,NA,NA,4.35,0.66717,0,0,0.3,0,0.9,0,0,0,"Q","Hip",2023,5
"725","Marshon Lattimore","NO","DB","13224","robust",NA,NA,NA,NA,NA,NA,NA,NA,NA,NA,NA,NA,NA,NA,NA,NA,NA,NA,NA,NA,NA,NA,NA,NA,NA,NA,NA,NA,NA,NA,NA,NA,NA,NA,NA,NA,NA,NA,NA,NA,NA,NA,NA,NA,NA,NA,NA,NA,NA,NA,3.7225,0.59304,0.005,0.007413,0.17,0.044478,0.745,0.378063,0.055,0.066717,NA,NA,NA,NA
"726","Taylor Rapp","BUF","DB","14186","robust",NA,NA,NA,NA,NA,NA,NA,NA,NA,NA,NA,NA,NA,NA,NA,NA,NA,NA,NA,NA,NA,NA,NA,NA,NA,NA,NA,NA,NA,NA,NA,NA,NA,NA,NA,NA,NA,NA,NA,NA,NA,NA,NA,NA,NA,NA,NA,NA,NA,NA,3.09,0.29652,0.015,0.022239,0.035,0.051891,0.265,0.096369,0.005,0.007413,NA,NA,NA,NA
"727","Trevon Moehrig","LVR","DB","15365","robust",NA,NA,NA,NA,NA,NA,NA,NA,NA,NA,NA,NA,NA,NA,NA,NA,NA,NA,NA,NA,NA,NA,NA,NA,NA,NA,NA,NA,NA,NA,NA,NA,NA,NA,NA,NA,NA,NA,NA,NA,NA,NA,NA,NA,NA,NA,NA,NA,NA,NA,3.715,0.59304,0.01,0.014826,0.085,0.022239,0.42,0.118608,0.005,0.007413,NA,NA,NA,NA
"728","Elijah Hicks","CHI","DB","15956","robust",NA,NA,NA,NA,NA,NA,NA,NA,NA,NA,NA,NA,NA,NA,NA,NA,NA,NA,NA,NA,NA,NA,NA,NA,NA,NA,NA,NA,NA,NA,NA,NA,NA,NA,NA,NA,NA,NA,NA,NA,NA,NA,NA,NA,NA,NA,NA,NA,NA,NA,4.71,0.0148259999999997,0.05,0,0.1,0,0.4,0,0.01,0,NA,NA,NA,NA
"729","Justin Bethel","MIA","DB","10874","robust",NA,NA,NA,NA,NA,NA,NA,NA,NA,NA,NA,NA,NA,NA,NA,NA,NA,NA,NA,NA,NA,NA,NA,NA,NA,NA,NA,NA,NA,NA,NA,NA,NA,NA,NA,NA,NA,NA,NA,NA,NA,NA,NA,NA,NA,NA,NA,NA,NA,NA,2.88,1.4826,0.025,0.037065,0.05,0.07413,0.295,0.140847,0.005,0.007413,NA,NA,NA,NA
"730","Nate Hobbs","LVR","DB","15441","robust",NA,NA,NA,NA,NA,NA,NA,NA,NA,NA,NA,NA,NA,NA,NA,NA,NA,NA,NA,NA,NA,NA,NA,NA,NA,NA,NA,NA,NA,NA,NA,NA,NA,NA,NA,NA,NA,NA,NA,NA,NA,NA,NA,NA,NA,NA,NA,NA,NA,NA,3.93,0.726474,0.015,0.022239,0.075,0.037065,0.445,0.229803,0.005,0.007413,"Q","Ankle",2023,5
"731","Malik Hooker","DAL","DB","13228","robust",NA,NA,NA,NA,NA,NA,NA,NA,NA,NA,NA,NA,NA,NA,NA,NA,NA,NA,NA,NA,NA,NA,NA,NA,NA,NA,NA,NA,NA,NA,NA,NA,NA,NA,NA,NA,NA,NA,NA,NA,NA,NA,NA,NA,NA,NA,NA,NA,NA,NA,2.925,0.7413,0.005,0.007413,0.1,0,0.295,0.140847,0.005,0.007413,NA,NA,NA,NA
"732","Talanoa Hufanga","SF","DB","15452","robust",NA,NA,NA,NA,NA,NA,NA,NA,NA,NA,NA,NA,NA,NA,NA,NA,NA,NA,NA,NA,NA,NA,NA,NA,NA,NA,NA,NA,NA,NA,NA,NA,NA,NA,NA,NA,NA,NA,NA,NA,NA,NA,NA,NA,NA,NA,NA,NA,NA,NA,3.4775,1.33434,0.075,0.037065,0.21,0.133434,0.46,0.059304,0.005,0.007413,NA,NA,NA,NA
"733","Jeff Okudah","ATL","DB","14902","robust",NA,NA,NA,NA,NA,NA,NA,NA,NA,NA,NA,NA,NA,NA,NA,NA,NA,NA,NA,NA,NA,NA,NA,NA,NA,NA,NA,NA,NA,NA,NA,NA,NA,NA,NA,NA,NA,NA,NA,NA,NA,NA,NA,NA,NA,NA,NA,NA,NA,NA,2.9025,0.29652,0.005,0.007413,0.035,0.051891,0.265,0.096369,0.005,0.007413,NA,NA,NA,NA
"734","Kyle Hamilton","BAL","DB","15834","robust",NA,NA,NA,NA,NA,NA,NA,NA,NA,NA,NA,NA,NA,NA,NA,NA,NA,NA,NA,NA,NA,NA,NA,NA,NA,NA,NA,NA,NA,NA,NA,NA,NA,NA,NA,NA,NA,NA,NA,NA,NA,NA,NA,NA,NA,NA,NA,NA,NA,NA,4.31,0.118608,0.325,0.259455,0.13,0.103782,0.4,0.14826,0.005,0.007413,NA,NA,NA,NA
"735","Ifeatu Melifonwu","DET","DB","15363","robust",NA,NA,NA,NA,NA,NA,NA,NA,NA,NA,NA,NA,NA,NA,NA,NA,NA,NA,NA,NA,NA,NA,NA,NA,NA,NA,NA,NA,NA,NA,NA,NA,NA,NA,NA,NA,NA,NA,NA,NA,NA,NA,NA,NA,NA,NA,NA,NA,NA,NA,4.6,0,0.06,0,0.07,0,0.33,0,0.01,0,NA,NA,NA,NA
"736","Levi Wallace","PIT","DB","13711","robust",NA,NA,NA,NA,NA,NA,NA,NA,NA,NA,NA,NA,NA,NA,NA,NA,NA,NA,NA,NA,NA,NA,NA,NA,NA,NA,NA,NA,NA,NA,NA,NA,NA,NA,NA,NA,NA,NA,NA,NA,NA,NA,NA,NA,NA,NA,NA,NA,NA,NA,3.2925,0.14826,0.005,0.007413,0.155,0.066717,0.555,0.214977,0.005,0.007413,NA,NA,NA,NA
"737","Marlon Humphrey","BAL","DB","13223","robust",NA,NA,NA,NA,NA,NA,NA,NA,NA,NA,NA,NA,NA,NA,NA,NA,NA,NA,NA,NA,NA,NA,NA,NA,NA,NA,NA,NA,NA,NA,NA,NA,NA,NA,NA,NA,NA,NA,NA,NA,NA,NA,NA,NA,NA,NA,NA,NA,NA,NA,3.615,1.33434,0.14,0.088956,0.105,0.00741299999999999,0.45,0.07413,0.005,0.007413,"Q","Foot",2023,5
"738","Terell Smith","CHI","DB","16319","robust",NA,NA,NA,NA,NA,NA,NA,NA,NA,NA,NA,NA,NA,NA,NA,NA,NA,NA,NA,NA,NA,NA,NA,NA,NA,NA,NA,NA,NA,NA,NA,NA,NA,NA,NA,NA,NA,NA,NA,NA,NA,NA,NA,NA,NA,NA,NA,NA,NA,NA,3.415,0.7413,0.01,0.014826,0.1,0,0.4,0,0.005,0.007413,NA,NA,NA,NA
"739","Tyson Campbell","JAC","DB","15380","robust",NA,NA,NA,NA,NA,NA,NA,NA,NA,NA,NA,NA,NA,NA,NA,NA,NA,NA,NA,NA,NA,NA,NA,NA,NA,NA,NA,NA,NA,NA,NA,NA,NA,NA,NA,NA,NA,NA,NA,NA,NA,NA,NA,NA,NA,NA,NA,NA,NA,NA,3.56,0.29652,0.005,0.007413,0.12,0.029652,0.645,0.229803,0.055,0.066717,NA,NA,NA,NA
"740","Rodney Thomas II","IND","DB","15946","robust",NA,NA,NA,NA,NA,NA,NA,NA,NA,NA,NA,NA,NA,NA,NA,NA,NA,NA,NA,NA,NA,NA,NA,NA,NA,NA,NA,NA,NA,NA,NA,NA,NA,NA,NA,NA,NA,NA,NA,NA,NA,NA,NA,NA,NA,NA,NA,NA,NA,NA,3.5775,0.148259999999999,0.01,0.014826,0.09,0.133434,0.43,0.192738,0.005,0.007413,NA,NA,NA,NA
"741","Christian Benford","BUF","DB","15913","robust",NA,NA,NA,NA,NA,NA,NA,NA,NA,NA,NA,NA,NA,NA,NA,NA,NA,NA,NA,NA,NA,NA,NA,NA,NA,NA,NA,NA,NA,NA,NA,NA,NA,NA,NA,NA,NA,NA,NA,NA,NA,NA,NA,NA,NA,NA,NA,NA,NA,NA,2.925,0.44478,0.005,0.007413,0.04,0.059304,0.325,0.0370649999999999,0.005,0.007413,"Q","Shoulder",2023,5
"742","Byron Murphy","MIN","DB","14180","robust",NA,NA,NA,NA,NA,NA,NA,NA,NA,NA,NA,NA,NA,NA,NA,NA,NA,NA,NA,NA,NA,NA,NA,NA,NA,NA,NA,NA,NA,NA,NA,NA,NA,NA,NA,NA,NA,NA,NA,NA,NA,NA,NA,NA,NA,NA,NA,NA,NA,NA,2.67,0.14826,0.01,0.014826,0.035,0.051891,0.36,0.059304,0.005,0.007413,NA,NA,NA,NA
"743","Decobie Durant","LAR","DB","15888","robust",NA,NA,NA,NA,NA,NA,NA,NA,NA,NA,NA,NA,NA,NA,NA,NA,NA,NA,NA,NA,NA,NA,NA,NA,NA,NA,NA,NA,NA,NA,NA,NA,NA,NA,NA,NA,NA,NA,NA,NA,NA,NA,NA,NA,NA,NA,NA,NA,NA,NA,3.66,1.097124,0.08,0.029652,0.16,0.059304,0.565,0.200151,0.005,0.007413,NA,NA,NA,NA
"744","Ahmad Gardner","NYJ","DB","15833","robust",NA,NA,NA,NA,NA,NA,NA,NA,NA,NA,NA,NA,NA,NA,NA,NA,NA,NA,NA,NA,NA,NA,NA,NA,NA,NA,NA,NA,NA,NA,NA,NA,NA,NA,NA,NA,NA,NA,NA,NA,NA,NA,NA,NA,NA,NA,NA,NA,NA,NA,3.0075,0.59304,0.005,0.007413,0.09,0.014826,0.475,0.185325,0.005,0.007413,NA,NA,NA,NA
"745","Marcus Peters","LVR","DB","12245","robust",NA,NA,NA,NA,NA,NA,NA,NA,NA,NA,NA,NA,NA,NA,NA,NA,NA,NA,NA,NA,NA,NA,NA,NA,NA,NA,NA,NA,NA,NA,NA,NA,NA,NA,NA,NA,NA,NA,NA,NA,NA,NA,NA,NA,NA,NA,NA,NA,NA,NA,3.08,0.14826,0.02,0.029652,0.13,0.192738,0.515,0.318759,0.01,0.014826,NA,NA,NA,NA
"746","Stephon Gilmore","DAL","DB","10789","robust",NA,NA,NA,NA,NA,NA,NA,NA,NA,NA,NA,NA,NA,NA,NA,NA,NA,NA,NA,NA,NA,NA,NA,NA,NA,NA,NA,NA,NA,NA,NA,NA,NA,NA,NA,NA,NA,NA,NA,NA,NA,NA,NA,NA,NA,NA,NA,NA,NA,NA,2.805,0.44478,0.005,0.007413,0.18,0.029652,0.555,0.0667169999999999,0.005,0.007413,NA,NA,NA,NA
"747","DeShon Elliott","MIA","DB","13806","robust",NA,NA,NA,NA,NA,NA,NA,NA,NA,NA,NA,NA,NA,NA,NA,NA,NA,NA,NA,NA,NA,NA,NA,NA,NA,NA,NA,NA,NA,NA,NA,NA,NA,NA,NA,NA,NA,NA,NA,NA,NA,NA,NA,NA,NA,NA,NA,NA,NA,NA,3.35,1.40847,0,0,0,0,0.8,0,0,0,NA,NA,NA,NA
"748","Donte Jackson","CAR","DB","13738","robust",NA,NA,NA,NA,NA,NA,NA,NA,NA,NA,NA,NA,NA,NA,NA,NA,NA,NA,NA,NA,NA,NA,NA,NA,NA,NA,NA,NA,NA,NA,NA,NA,NA,NA,NA,NA,NA,NA,NA,NA,NA,NA,NA,NA,NA,NA,NA,NA,NA,NA,3.345,0.29652,0.005,0.007413,0.125,0.037065,0.395,0.140847,0.005,0.007413,"Q","Shoulder",2023,5
"749","Ahkello Witherspoon","LAR","DB","13266","robust",NA,NA,NA,NA,NA,NA,NA,NA,NA,NA,NA,NA,NA,NA,NA,NA,NA,NA,NA,NA,NA,NA,NA,NA,NA,NA,NA,NA,NA,NA,NA,NA,NA,NA,NA,NA,NA,NA,NA,NA,NA,NA,NA,NA,NA,NA,NA,NA,NA,NA,2.9275,0,0.005,0.007413,0.215,0.126021,0.475,0.0370649999999999,0.005,0.007413,NA,NA,NA,NA
"750","Brandon Stephens","BAL","DB","15405","robust",NA,NA,NA,NA,NA,NA,NA,NA,NA,NA,NA,NA,NA,NA,NA,NA,NA,NA,NA,NA,NA,NA,NA,NA,NA,NA,NA,NA,NA,NA,NA,NA,NA,NA,NA,NA,NA,NA,NA,NA,NA,NA,NA,NA,NA,NA,NA,NA,NA,NA,3.55,0.96369,0,0,0.1,0,0.7,0,0,0,NA,NA,NA,NA
"751","Tony Adams","NYJ","DB","16014","robust",NA,NA,NA,NA,NA,NA,NA,NA,NA,NA,NA,NA,NA,NA,NA,NA,NA,NA,NA,NA,NA,NA,NA,NA,NA,NA,NA,NA,NA,NA,NA,NA,NA,NA,NA,NA,NA,NA,NA,NA,NA,NA,NA,NA,NA,NA,NA,NA,NA,NA,3.6,0.88956,0,0,0.1,0,0.5,0,0,0,NA,NA,NA,NA
"752","Bryan Cook","KC","DB","15860","robust",NA,NA,NA,NA,NA,NA,NA,NA,NA,NA,NA,NA,NA,NA,NA,NA,NA,NA,NA,NA,NA,NA,NA,NA,NA,NA,NA,NA,NA,NA,NA,NA,NA,NA,NA,NA,NA,NA,NA,NA,NA,NA,NA,NA,NA,NA,NA,NA,NA,NA,4.195,0.00741299999999984,0.05,0,0.07,0,0.33,0,0.01,0,NA,NA,NA,NA
"753","Emmanuel Forbes","WAS","DB","16253","robust",NA,NA,NA,NA,NA,NA,NA,NA,NA,NA,NA,NA,NA,NA,NA,NA,NA,NA,NA,NA,NA,NA,NA,NA,NA,NA,NA,NA,NA,NA,NA,NA,NA,NA,NA,NA,NA,NA,NA,NA,NA,NA,NA,NA,NA,NA,NA,NA,NA,NA,3.245,0.29652,0.01,0.014826,0.145,0.081543,0.585,0.318759,0.005,0.007413,NA,NA,NA,NA
"754","Josh Jobe","PHI","DB","15989","robust",NA,NA,NA,NA,NA,NA,NA,NA,NA,NA,NA,NA,NA,NA,NA,NA,NA,NA,NA,NA,NA,NA,NA,NA,NA,NA,NA,NA,NA,NA,NA,NA,NA,NA,NA,NA,NA,NA,NA,NA,NA,NA,NA,NA,NA,NA,NA,NA,NA,NA,2.51,1.4826,0.06,0.059304,0.045,0.066717,0.33,0.044478,0.005,0.007413,NA,NA,NA,NA
"755","Keanu Neal","PIT","DB","12736","robust",NA,NA,NA,NA,NA,NA,NA,NA,NA,NA,NA,NA,NA,NA,NA,NA,NA,NA,NA,NA,NA,NA,NA,NA,NA,NA,NA,NA,NA,NA,NA,NA,NA,NA,NA,NA,NA,NA,NA,NA,NA,NA,NA,NA,NA,NA,NA,NA,NA,NA,3.76,0.533736,0.02,0.029652,0.06,0.059304,0.36,0.207564,0.005,0.007413,NA,NA,NA,NA
"756","Jartavius Martin","WAS","DB","16263","robust",NA,NA,NA,NA,NA,NA,NA,NA,NA,NA,NA,NA,NA,NA,NA,NA,NA,NA,NA,NA,NA,NA,NA,NA,NA,NA,NA,NA,NA,NA,NA,NA,NA,NA,NA,NA,NA,NA,NA,NA,NA,NA,NA,NA,NA,NA,NA,NA,NA,NA,3.15,1.40847,0.1,0,0.1,0,0.7,0,0,0,NA,NA,NA,NA
"757","Tashaun Gipson","SF","DB","11010","robust",NA,NA,NA,NA,NA,NA,NA,NA,NA,NA,NA,NA,NA,NA,NA,NA,NA,NA,NA,NA,NA,NA,NA,NA,NA,NA,NA,NA,NA,NA,NA,NA,NA,NA,NA,NA,NA,NA,NA,NA,NA,NA,NA,NA,NA,NA,NA,NA,NA,NA,2.595,0.88956,0.02,0.029652,0.205,0.00741299999999996,0.465,0.244629,0.01,0.014826,NA,NA,NA,NA
"758","Mike Hilton","CIN","DB","13414","robust",NA,NA,NA,NA,NA,NA,NA,NA,NA,NA,NA,NA,NA,NA,NA,NA,NA,NA,NA,NA,NA,NA,NA,NA,NA,NA,NA,NA,NA,NA,NA,NA,NA,NA,NA,NA,NA,NA,NA,NA,NA,NA,NA,NA,NA,NA,NA,NA,NA,NA,3.2675,1.141602,0.01,0.014826,0.105,0.00741299999999999,0.505,0.140847,0.005,0.007413,NA,NA,NA,NA
"759","A.J. Terrell","ATL","DB","14918","robust",NA,NA,NA,NA,NA,NA,NA,NA,NA,NA,NA,NA,NA,NA,NA,NA,NA,NA,NA,NA,NA,NA,NA,NA,NA,NA,NA,NA,NA,NA,NA,NA,NA,NA,NA,NA,NA,NA,NA,NA,NA,NA,NA,NA,NA,NA,NA,NA,NA,NA,3.0925,0.148259999999999,0.015,0.022239,0.04,0.059304,0.475,0.185325,0.005,0.007413,NA,NA,NA,NA
"760","Patrick Peterson","PIT","DB","10260","robust",NA,NA,NA,NA,NA,NA,NA,NA,NA,NA,NA,NA,NA,NA,NA,NA,NA,NA,NA,NA,NA,NA,NA,NA,NA,NA,NA,NA,NA,NA,NA,NA,NA,NA,NA,NA,NA,NA,NA,NA,NA,NA,NA,NA,NA,NA,NA,NA,NA,NA,3.015,0.59304,0,0,0.165,0.051891,0.675,0.333585,0.005,0.007413,NA,NA,NA,NA
"761","Darius Slay","PHI","DB","11348","robust",NA,NA,NA,NA,NA,NA,NA,NA,NA,NA,NA,NA,NA,NA,NA,NA,NA,NA,NA,NA,NA,NA,NA,NA,NA,NA,NA,NA,NA,NA,NA,NA,NA,NA,NA,NA,NA,NA,NA,NA,NA,NA,NA,NA,NA,NA,NA,NA,NA,NA,3.5375,0.518909999999999,0.005,0.007413,0.2,0,0.755,0.214977,0.06,0.059304,NA,NA,NA,NA
"762","Jeremy Chinn","CAR","DB","14927","robust",NA,NA,NA,NA,NA,NA,NA,NA,NA,NA,NA,NA,NA,NA,NA,NA,NA,NA,NA,NA,NA,NA,NA,NA,NA,NA,NA,NA,NA,NA,NA,NA,NA,NA,NA,NA,NA,NA,NA,NA,NA,NA,NA,NA,NA,NA,NA,NA,NA,NA,3.375,0.14826,0.07,0.044478,0.02,0.029652,0.33,0.103782,0.005,0.007413,NA,NA,NA,NA
"763","Jonathan Jones","NE","DB","12988","robust",NA,NA,NA,NA,NA,NA,NA,NA,NA,NA,NA,NA,NA,NA,NA,NA,NA,NA,NA,NA,NA,NA,NA,NA,NA,NA,NA,NA,NA,NA,NA,NA,NA,NA,NA,NA,NA,NA,NA,NA,NA,NA,NA,NA,NA,NA,NA,NA,NA,NA,3.1825,0.29652,0.005,0.007413,0.095,0.00741300000000001,0.43,0.103782,0.005,0.007413,"Q","Ankle",2023,5
"764","Kendall Fuller","WAS","DB","12714","robust",NA,NA,NA,NA,NA,NA,NA,NA,NA,NA,NA,NA,NA,NA,NA,NA,NA,NA,NA,NA,NA,NA,NA,NA,NA,NA,NA,NA,NA,NA,NA,NA,NA,NA,NA,NA,NA,NA,NA,NA,NA,NA,NA,NA,NA,NA,NA,NA,NA,NA,2.67,1.03782,0.02,0.029652,0.165,0.051891,0.62,0.266868,0.055,0.066717,NA,NA,NA,NA
"765","Chidobe Awuzie","CIN","DB","13263","robust",NA,NA,NA,NA,NA,NA,NA,NA,NA,NA,NA,NA,NA,NA,NA,NA,NA,NA,NA,NA,NA,NA,NA,NA,NA,NA,NA,NA,NA,NA,NA,NA,NA,NA,NA,NA,NA,NA,NA,NA,NA,NA,NA,NA,NA,NA,NA,NA,NA,NA,3.2625,0.59304,0.005,0.007413,0.045,0.066717,0.33,0.044478,0.005,0.007413,"Q","Back",2023,5
"766","Patrick Surtain II","DEN","DB","15362","robust",NA,NA,NA,NA,NA,NA,NA,NA,NA,NA,NA,NA,NA,NA,NA,NA,NA,NA,NA,NA,NA,NA,NA,NA,NA,NA,NA,NA,NA,NA,NA,NA,NA,NA,NA,NA,NA,NA,NA,NA,NA,NA,NA,NA,NA,NA,NA,NA,NA,NA,2.945,0.59304,0.005,0.007413,0.11,0.014826,0.515,0.126021,0.005,0.007413,NA,NA,NA,NA
"767","Xavien Howard","MIA","DB","12742","robust",NA,NA,NA,NA,NA,NA,NA,NA,NA,NA,NA,NA,NA,NA,NA,NA,NA,NA,NA,NA,NA,NA,NA,NA,NA,NA,NA,NA,NA,NA,NA,NA,NA,NA,NA,NA,NA,NA,NA,NA,NA,NA,NA,NA,NA,NA,NA,NA,NA,NA,2.7825,0,0.015,0.022239,0.145,0.066717,0.63,0.103782,0.055,0.066717,NA,NA,NA,NA
"768","Johnathan Abram","NO","DB","14184","robust",NA,NA,NA,NA,NA,NA,NA,NA,NA,NA,NA,NA,NA,NA,NA,NA,NA,NA,NA,NA,NA,NA,NA,NA,NA,NA,NA,NA,NA,NA,NA,NA,NA,NA,NA,NA,NA,NA,NA,NA,NA,NA,NA,NA,NA,NA,NA,NA,NA,NA,3.615,0.0222389999999999,0.01,0,0.05,0,0.28,0,0.01,0,NA,NA,NA,NA
"769","Donovan Wilson","DAL","DB","14283","robust",NA,NA,NA,NA,NA,NA,NA,NA,NA,NA,NA,NA,NA,NA,NA,NA,NA,NA,NA,NA,NA,NA,NA,NA,NA,NA,NA,NA,NA,NA,NA,NA,NA,NA,NA,NA,NA,NA,NA,NA,NA,NA,NA,NA,NA,NA,NA,NA,NA,NA,2.6075,1.03782,0.085,0.022239,0.015,0.022239,0.16,0.088956,0.005,0.007413,NA,NA,NA,NA
"770","Steven Nelson","HOU","DB","12291","robust",NA,NA,NA,NA,NA,NA,NA,NA,NA,NA,NA,NA,NA,NA,NA,NA,NA,NA,NA,NA,NA,NA,NA,NA,NA,NA,NA,NA,NA,NA,NA,NA,NA,NA,NA,NA,NA,NA,NA,NA,NA,NA,NA,NA,NA,NA,NA,NA,NA,NA,3.0475,0.59304,0.065,0.051891,0.08,0.029652,0.4,0.14826,0.005,0.007413,NA,NA,NA,NA
"771","Dee Alford","ATL","DB","16012","robust",NA,NA,NA,NA,NA,NA,NA,NA,NA,NA,NA,NA,NA,NA,NA,NA,NA,NA,NA,NA,NA,NA,NA,NA,NA,NA,NA,NA,NA,NA,NA,NA,NA,NA,NA,NA,NA,NA,NA,NA,NA,NA,NA,NA,NA,NA,NA,NA,NA,NA,2.0775,0.44478,0.015,0.022239,0.035,0.051891,0.355,0.066717,0.005,0.007413,NA,NA,NA,NA
"772","James Bradberry","PHI","DB","12750","robust",NA,NA,NA,NA,NA,NA,NA,NA,NA,NA,NA,NA,NA,NA,NA,NA,NA,NA,NA,NA,NA,NA,NA,NA,NA,NA,NA,NA,NA,NA,NA,NA,NA,NA,NA,NA,NA,NA,NA,NA,NA,NA,NA,NA,NA,NA,NA,NA,NA,NA,2.7675,0.29652,0.005,0.007413,0.125,0.037065,0.54,0.0889559999999999,0.005,0.007413,NA,NA,NA,NA
"773","Isaiah Oliver","SF","DB","13709","robust",NA,NA,NA,NA,NA,NA,NA,NA,NA,NA,NA,NA,NA,NA,NA,NA,NA,NA,NA,NA,NA,NA,NA,NA,NA,NA,NA,NA,NA,NA,NA,NA,NA,NA,NA,NA,NA,NA,NA,NA,NA,NA,NA,NA,NA,NA,NA,NA,NA,NA,2.4175,1.03782,0.015,0.022239,0.075,0.037065,0.285,0.0222389999999999,0.005,0.007413,NA,NA,NA,NA
"774","Jaire Alexander","GB","DB","13730","robust",NA,NA,NA,NA,NA,NA,NA,NA,NA,NA,NA,NA,NA,NA,NA,NA,NA,NA,NA,NA,NA,NA,NA,NA,NA,NA,NA,NA,NA,NA,NA,NA,NA,NA,NA,NA,NA,NA,NA,NA,NA,NA,NA,NA,NA,NA,NA,NA,NA,NA,2.81,0.44478,0.005,0.007413,0.155,0.066717,0.55,0.22239,0.005,0.007413,"Q","Back",2023,5
"775","Darious Williams","JAC","DB","13959","robust",NA,NA,NA,NA,NA,NA,NA,NA,NA,NA,NA,NA,NA,NA,NA,NA,NA,NA,NA,NA,NA,NA,NA,NA,NA,NA,NA,NA,NA,NA,NA,NA,NA,NA,NA,NA,NA,NA,NA,NA,NA,NA,NA,NA,NA,NA,NA,NA,NA,NA,2.7075,1.03782,0,0,0.06,0.088956,0.66,0.355824,0.005,0.007413,NA,NA,NA,NA
"776","Cameron Sutton","DET","DB","13276","robust",NA,NA,NA,NA,NA,NA,NA,NA,NA,NA,NA,NA,NA,NA,NA,NA,NA,NA,NA,NA,NA,NA,NA,NA,NA,NA,NA,NA,NA,NA,NA,NA,NA,NA,NA,NA,NA,NA,NA,NA,NA,NA,NA,NA,NA,NA,NA,NA,NA,NA,2.7025,0.14826,0.005,0.007413,0.115,0.022239,0.37,0.103782,0.005,0.007413,NA,NA,NA,NA
"777","Keisean Nixon","GB","DB","14669","robust",NA,NA,NA,NA,NA,NA,NA,NA,NA,NA,NA,NA,NA,NA,NA,NA,NA,NA,NA,NA,NA,NA,NA,NA,NA,NA,NA,NA,NA,NA,NA,NA,NA,NA,NA,NA,NA,NA,NA,NA,NA,NA,NA,NA,NA,NA,NA,NA,NA,NA,3.4,0,0.02,0,0.08,0,0.33,0,0.01,0,NA,NA,NA,NA
"778","Tre Herndon","JAC","DB","13914","robust",NA,NA,NA,NA,NA,NA,NA,NA,NA,NA,NA,NA,NA,NA,NA,NA,NA,NA,NA,NA,NA,NA,NA,NA,NA,NA,NA,NA,NA,NA,NA,NA,NA,NA,NA,NA,NA,NA,NA,NA,NA,NA,NA,NA,NA,NA,NA,NA,NA,NA,2.38,0.59304,0.005,0.007413,0.03,0.044478,0.395,0.155673,0.005,0.007413,NA,NA,NA,NA
"779","Jakorian Bennett","LVR","DB","16289","robust",NA,NA,NA,NA,NA,NA,NA,NA,NA,NA,NA,NA,NA,NA,NA,NA,NA,NA,NA,NA,NA,NA,NA,NA,NA,NA,NA,NA,NA,NA,NA,NA,NA,NA,NA,NA,NA,NA,NA,NA,NA,NA,NA,NA,NA,NA,NA,NA,NA,NA,2.625,0.88956,0.055,0.066717,0.08,0.029652,0.345,0.081543,0.005,0.007413,"Q","Hamstring",2023,5
"780","Tre Hawkins","NYG","DB","16341","robust",NA,NA,NA,NA,NA,NA,NA,NA,NA,NA,NA,NA,NA,NA,NA,NA,NA,NA,NA,NA,NA,NA,NA,NA,NA,NA,NA,NA,NA,NA,NA,NA,NA,NA,NA,NA,NA,NA,NA,NA,NA,NA,NA,NA,NA,NA,NA,NA,NA,NA,3.205,0.00741299999999984,0.01,0,0.09,0,0.34,0,0.01,0,NA,NA,NA,NA
"781","J.C. Jackson","NE","DB","13917","robust",NA,NA,NA,NA,NA,NA,NA,NA,NA,NA,NA,NA,NA,NA,NA,NA,NA,NA,NA,NA,NA,NA,NA,NA,NA,NA,NA,NA,NA,NA,NA,NA,NA,NA,NA,NA,NA,NA,NA,NA,NA,NA,NA,NA,NA,NA,NA,NA,NA,NA,1.235,0.88956,0.005,0.007413,0.08,0.118608,0.35,0.22239,0.005,0.007413,NA,NA,NA,NA
"782","Mike Edwards","KC","DB","14222","robust",NA,NA,NA,NA,NA,NA,NA,NA,NA,NA,NA,NA,NA,NA,NA,NA,NA,NA,NA,NA,NA,NA,NA,NA,NA,NA,NA,NA,NA,NA,NA,NA,NA,NA,NA,NA,NA,NA,NA,NA,NA,NA,NA,NA,NA,NA,NA,NA,NA,NA,2.76,0.0444780000000004,0.115,0.126021,0.14,0.088956,0.41,0.133434,0.005,0.007413,NA,NA,NA,NA
"783","Paulson Adebo","NO","DB","15394","robust",NA,NA,NA,NA,NA,NA,NA,NA,NA,NA,NA,NA,NA,NA,NA,NA,NA,NA,NA,NA,NA,NA,NA,NA,NA,NA,NA,NA,NA,NA,NA,NA,NA,NA,NA,NA,NA,NA,NA,NA,NA,NA,NA,NA,NA,NA,NA,NA,NA,NA,2.5,0.7413,0,0,0.2,0,0.8,0,0,0,"Q","Hamstring",2023,5
"784","Elijah Molden","TEN","DB","15402","robust",NA,NA,NA,NA,NA,NA,NA,NA,NA,NA,NA,NA,NA,NA,NA,NA,NA,NA,NA,NA,NA,NA,NA,NA,NA,NA,NA,NA,NA,NA,NA,NA,NA,NA,NA,NA,NA,NA,NA,NA,NA,NA,NA,NA,NA,NA,NA,NA,NA,NA,2.45,0.81543,0,0,0.1,0,0.3,0,0,0,NA,NA,NA,NA
"785","Adrian Phillips","NE","DB","12088","robust",NA,NA,NA,NA,NA,NA,NA,NA,NA,NA,NA,NA,NA,NA,NA,NA,NA,NA,NA,NA,NA,NA,NA,NA,NA,NA,NA,NA,NA,NA,NA,NA,NA,NA,NA,NA,NA,NA,NA,NA,NA,NA,NA,NA,NA,NA,NA,NA,NA,NA,2.35,0.96369,0,0,0,0,0.3,0,0,0,NA,NA,NA,NA
"786","Dane Jackson","BUF","DB","15016","robust",NA,NA,NA,NA,NA,NA,NA,NA,NA,NA,NA,NA,NA,NA,NA,NA,NA,NA,NA,NA,NA,NA,NA,NA,NA,NA,NA,NA,NA,NA,NA,NA,NA,NA,NA,NA,NA,NA,NA,NA,NA,NA,NA,NA,NA,NA,NA,NA,NA,NA,2.65,0.37065,0,0,0.1,0,0.4,0,0,0,NA,NA,NA,NA
"787","Antonio Hamilton","ARI","DB","12976","robust",NA,NA,NA,NA,NA,NA,NA,NA,NA,NA,NA,NA,NA,NA,NA,NA,NA,NA,NA,NA,NA,NA,NA,NA,NA,NA,NA,NA,NA,NA,NA,NA,NA,NA,NA,NA,NA,NA,NA,NA,NA,NA,NA,NA,NA,NA,NA,NA,NA,NA,2.75,0.22239,0,0,0.1,0,0.4,0,0,0,NA,NA,NA,NA
"788","Eric Stokes","GB","DB","15377","robust",NA,NA,NA,NA,NA,NA,NA,NA,NA,NA,NA,NA,NA,NA,NA,NA,NA,NA,NA,NA,NA,NA,NA,NA,NA,NA,NA,NA,NA,NA,NA,NA,NA,NA,NA,NA,NA,NA,NA,NA,NA,NA,NA,NA,NA,NA,NA,NA,NA,NA,2.45,0.51891,0,0,0.1,0,0.2,0,0,0,NA,"Foot",2023,5
"789","Deonte Banks","NYG","DB","16255","robust",NA,NA,NA,NA,NA,NA,NA,NA,NA,NA,NA,NA,NA,NA,NA,NA,NA,NA,NA,NA,NA,NA,NA,NA,NA,NA,NA,NA,NA,NA,NA,NA,NA,NA,NA,NA,NA,NA,NA,NA,NA,NA,NA,NA,NA,NA,NA,NA,NA,NA,2.3,0.59304,0,0,0.1,0,0.6,0,0,0,NA,NA,NA,NA
"790","Bobby McCain","NYG","DB","12311","robust",NA,NA,NA,NA,NA,NA,NA,NA,NA,NA,NA,NA,NA,NA,NA,NA,NA,NA,NA,NA,NA,NA,NA,NA,NA,NA,NA,NA,NA,NA,NA,NA,NA,NA,NA,NA,NA,NA,NA,NA,NA,NA,NA,NA,NA,NA,NA,NA,NA,NA,2.15,0.81543,0,0,0.1,0,0.4,0,0,0,NA,NA,NA,NA
"791","Will Harris","DET","DB","14213","robust",NA,NA,NA,NA,NA,NA,NA,NA,NA,NA,NA,NA,NA,NA,NA,NA,NA,NA,NA,NA,NA,NA,NA,NA,NA,NA,NA,NA,NA,NA,NA,NA,NA,NA,NA,NA,NA,NA,NA,NA,NA,NA,NA,NA,NA,NA,NA,NA,NA,NA,2.3,0.59304,0,0,0,0,0.2,0,0,0,NA,NA,NA,NA
"792","Cody Davis","NE","DB","11555","robust",NA,NA,NA,NA,NA,NA,NA,NA,NA,NA,NA,NA,NA,NA,NA,NA,NA,NA,NA,NA,NA,NA,NA,NA,NA,NA,NA,NA,NA,NA,NA,NA,NA,NA,NA,NA,NA,NA,NA,NA,NA,NA,NA,NA,NA,NA,NA,NA,NA,NA,2.05,0.81543,0,0,0,0,0.3,0,0,0,NA,"Knee",2023,5
"793","Jonathan Owens","GB","DB","14414","robust",NA,NA,NA,NA,NA,NA,NA,NA,NA,NA,NA,NA,NA,NA,NA,NA,NA,NA,NA,NA,NA,NA,NA,NA,NA,NA,NA,NA,NA,NA,NA,NA,NA,NA,NA,NA,NA,NA,NA,NA,NA,NA,NA,NA,NA,NA,NA,NA,NA,NA,2.05,0.81543,0,0,0,0,0.2,0,0,0,NA,NA,NA,NA
"794","Jaylen Watson","KC","DB","15950","robust",NA,NA,NA,NA,NA,NA,NA,NA,NA,NA,NA,NA,NA,NA,NA,NA,NA,NA,NA,NA,NA,NA,NA,NA,NA,NA,NA,NA,NA,NA,NA,NA,NA,NA,NA,NA,NA,NA,NA,NA,NA,NA,NA,NA,NA,NA,NA,NA,NA,NA,2.3,0.29652,0,0,0.1,0,0.4,0,0,0,NA,NA,NA,NA
"795","Joshua Williams","KC","DB","15885","robust",NA,NA,NA,NA,NA,NA,NA,NA,NA,NA,NA,NA,NA,NA,NA,NA,NA,NA,NA,NA,NA,NA,NA,NA,NA,NA,NA,NA,NA,NA,NA,NA,NA,NA,NA,NA,NA,NA,NA,NA,NA,NA,NA,NA,NA,NA,NA,NA,NA,NA,2.05,0.37065,0,0,0.1,0,0.5,0,0,0,NA,NA,NA,NA
"796","Andrew Booth","MIN","DB","15854","robust",NA,NA,NA,NA,NA,NA,NA,NA,NA,NA,NA,NA,NA,NA,NA,NA,NA,NA,NA,NA,NA,NA,NA,NA,NA,NA,NA,NA,NA,NA,NA,NA,NA,NA,NA,NA,NA,NA,NA,NA,NA,NA,NA,NA,NA,NA,NA,NA,NA,NA,1.75,0.66717,0,0,0,0,0.1,0,0,0,NA,NA,NA,NA
"797","Jalen Mills","NE","DB","12716","robust",NA,NA,NA,NA,NA,NA,NA,NA,NA,NA,NA,NA,NA,NA,NA,NA,NA,NA,NA,NA,NA,NA,NA,NA,NA,NA,NA,NA,NA,NA,NA,NA,NA,NA,NA,NA,NA,NA,NA,NA,NA,NA,NA,NA,NA,NA,NA,NA,NA,NA,1.7,0.59304,0,0,0,0,0.2,0,0,0,NA,NA,NA,NA
"798","Eli Apple","FA","DB","12715","robust",NA,NA,NA,NA,NA,NA,NA,NA,NA,NA,NA,NA,NA,NA,NA,NA,NA,NA,NA,NA,NA,NA,NA,NA,NA,NA,NA,NA,NA,NA,NA,NA,NA,NA,NA,NA,NA,NA,NA,NA,NA,NA,NA,NA,NA,NA,NA,NA,NA,NA,1.6,0.59304,0,0,0,0,0.3,0,0,0,NA,NA,NA,NA
"799","Ka'dar Hollman","HOU","DB","14266","robust",NA,NA,NA,NA,NA,NA,NA,NA,NA,NA,NA,NA,NA,NA,NA,NA,NA,NA,NA,NA,NA,NA,NA,NA,NA,NA,NA,NA,NA,NA,NA,NA,NA,NA,NA,NA,NA,NA,NA,NA,NA,NA,NA,NA,NA,NA,NA,NA,NA,NA,1.45,0.81543,0,0,0,0,0,0,0,0,NA,NA,NA,NA
"800","Jaylon Jones","CHI","DB","16026","robust",NA,NA,NA,NA,NA,NA,NA,NA,NA,NA,NA,NA,NA,NA,NA,NA,NA,NA,NA,NA,NA,NA,NA,NA,NA,NA,NA,NA,NA,NA,NA,NA,NA,NA,NA,NA,NA,NA,NA,NA,NA,NA,NA,NA,NA,NA,NA,NA,NA,NA,1.6,0.59304,0,0,0,0,0.2,0,0,0,NA,NA,NA,NA
"801","P.J. Locke","DEN","DB","15094","robust",NA,NA,NA,NA,NA,NA,NA,NA,NA,NA,NA,NA,NA,NA,NA,NA,NA,NA,NA,NA,NA,NA,NA,NA,NA,NA,NA,NA,NA,NA,NA,NA,NA,NA,NA,NA,NA,NA,NA,NA,NA,NA,NA,NA,NA,NA,NA,NA,NA,NA,1.7,0.44478,0,0,0,0,0.2,0,0,0,NA,"Lower Leg",2023,5
"802","Joey Porter Jr.","PIT","DB","16240","robust",NA,NA,NA,NA,NA,NA,NA,NA,NA,NA,NA,NA,NA,NA,NA,NA,NA,NA,NA,NA,NA,NA,NA,NA,NA,NA,NA,NA,NA,NA,NA,NA,NA,NA,NA,NA,NA,NA,NA,NA,NA,NA,NA,NA,NA,NA,NA,NA,NA,NA,1.5,0.59304,0,0,0.1,0,0.4,0,0,0,NA,NA,NA,NA
"803","Jourdan Lewis","DAL","DB","13227","robust",NA,NA,NA,NA,NA,NA,NA,NA,NA,NA,NA,NA,NA,NA,NA,NA,NA,NA,NA,NA,NA,NA,NA,NA,NA,NA,NA,NA,NA,NA,NA,NA,NA,NA,NA,NA,NA,NA,NA,NA,NA,NA,NA,NA,NA,NA,NA,NA,NA,NA,1.3,0.88956,0.1,0,0,0,0.1,0,0,0,NA,NA,NA,NA
"804","Justin Evans","PHI","DB","13257","robust",NA,NA,NA,NA,NA,NA,NA,NA,NA,NA,NA,NA,NA,NA,NA,NA,NA,NA,NA,NA,NA,NA,NA,NA,NA,NA,NA,NA,NA,NA,NA,NA,NA,NA,NA,NA,NA,NA,NA,NA,NA,NA,NA,NA,NA,NA,NA,NA,NA,NA,1.45,0.51891,0,0,0,0,0.3,0,0,0,NA,NA,NA,NA
"805","Christian Holmes","WAS","DB","15947","robust",NA,NA,NA,NA,NA,NA,NA,NA,NA,NA,NA,NA,NA,NA,NA,NA,NA,NA,NA,NA,NA,NA,NA,NA,NA,NA,NA,NA,NA,NA,NA,NA,NA,NA,NA,NA,NA,NA,NA,NA,NA,NA,NA,NA,NA,NA,NA,NA,NA,NA,1.5,0.44478,0,0,0,0,0.2,0,0,0,NA,NA,NA,NA
"806","Ambry Thomas","SF","DB","15403","robust",NA,NA,NA,NA,NA,NA,NA,NA,NA,NA,NA,NA,NA,NA,NA,NA,NA,NA,NA,NA,NA,NA,NA,NA,NA,NA,NA,NA,NA,NA,NA,NA,NA,NA,NA,NA,NA,NA,NA,NA,NA,NA,NA,NA,NA,NA,NA,NA,NA,NA,1.5,0.44478,0,0,0,0,0.1,0,0,0,NA,NA,NA,NA
"807","Emmanuel Moseley","DET","DB","13998","robust",NA,NA,NA,NA,NA,NA,NA,NA,NA,NA,NA,NA,NA,NA,NA,NA,NA,NA,NA,NA,NA,NA,NA,NA,NA,NA,NA,NA,NA,NA,NA,NA,NA,NA,NA,NA,NA,NA,NA,NA,NA,NA,NA,NA,NA,NA,NA,NA,NA,NA,1.7,0.14826,0,0,0,0,0.2,0,0,0,"Q","Knee - ACL",2023,5
"808","David Long","LVR","DB","14211","robust",NA,NA,NA,NA,NA,NA,NA,NA,NA,NA,NA,NA,NA,NA,NA,NA,NA,NA,NA,NA,NA,NA,NA,NA,NA,NA,NA,NA,NA,NA,NA,NA,NA,NA,NA,NA,NA,NA,NA,NA,NA,NA,NA,NA,NA,NA,NA,NA,NA,NA,1.6,0.29652,0,0,0,0,0.2,0,0,0,"Q","Ankle",2023,5
"809","Trayvon Mullen","BAL","DB","14181","robust",NA,NA,NA,NA,NA,NA,NA,NA,NA,NA,NA,NA,NA,NA,NA,NA,NA,NA,NA,NA,NA,NA,NA,NA,NA,NA,NA,NA,NA,NA,NA,NA,NA,NA,NA,NA,NA,NA,NA,NA,NA,NA,NA,NA,NA,NA,NA,NA,NA,NA,1.45,0.37065,0,0,0.1,0,0.3,0,0,0,NA,"Toe",2023,5
"810",NA,NA,"DB","16139","robust",NA,NA,NA,NA,NA,NA,NA,NA,NA,NA,NA,NA,NA,NA,NA,NA,NA,NA,NA,NA,NA,NA,NA,NA,NA,NA,NA,NA,NA,NA,NA,NA,NA,NA,NA,NA,NA,NA,NA,NA,NA,NA,NA,NA,NA,NA,NA,NA,NA,NA,1.35,0.51891,0,0,0,0,0.3,0,0,0,NA,NA,NA,NA
"811","Chandon Sullivan","PIT","DB","14013","robust",NA,NA,NA,NA,NA,NA,NA,NA,NA,NA,NA,NA,NA,NA,NA,NA,NA,NA,NA,NA,NA,NA,NA,NA,NA,NA,NA,NA,NA,NA,NA,NA,NA,NA,NA,NA,NA,NA,NA,NA,NA,NA,NA,NA,NA,NA,NA,NA,NA,NA,1.35,0.51891,0,0,0,0,0.3,0,0,0,NA,NA,NA,NA
"812","Kelee Ringo","PHI","DB","16242","robust",NA,NA,NA,NA,NA,NA,NA,NA,NA,NA,NA,NA,NA,NA,NA,NA,NA,NA,NA,NA,NA,NA,NA,NA,NA,NA,NA,NA,NA,NA,NA,NA,NA,NA,NA,NA,NA,NA,NA,NA,NA,NA,NA,NA,NA,NA,NA,NA,NA,NA,1.25,0.66717,0,0,0,0,0.2,0,0,0,NA,NA,NA,NA
"813","Ashtyn Davis","NYJ","DB","14911","robust",NA,NA,NA,NA,NA,NA,NA,NA,NA,NA,NA,NA,NA,NA,NA,NA,NA,NA,NA,NA,NA,NA,NA,NA,NA,NA,NA,NA,NA,NA,NA,NA,NA,NA,NA,NA,NA,NA,NA,NA,NA,NA,NA,NA,NA,NA,NA,NA,NA,NA,1.2,0.59304,0,0,0.1,0,0.3,0,0,0,NA,NA,NA,NA
"814","Darnay Holmes","NYG","DB","14944","robust",NA,NA,NA,NA,NA,NA,NA,NA,NA,NA,NA,NA,NA,NA,NA,NA,NA,NA,NA,NA,NA,NA,NA,NA,NA,NA,NA,NA,NA,NA,NA,NA,NA,NA,NA,NA,NA,NA,NA,NA,NA,NA,NA,NA,NA,NA,NA,NA,NA,NA,1.35,0.37065,0,0,0,0,0.6,0,0,0,NA,NA,NA,NA
"815","Damontae Kazee","PIT","DB","13301","robust",NA,NA,NA,NA,NA,NA,NA,NA,NA,NA,NA,NA,NA,NA,NA,NA,NA,NA,NA,NA,NA,NA,NA,NA,NA,NA,NA,NA,NA,NA,NA,NA,NA,NA,NA,NA,NA,NA,NA,NA,NA,NA,NA,NA,NA,NA,NA,NA,NA,NA,1.25,0.51891,0,0,0.1,0,0.2,0,0,0,NA,NA,NA,NA
"816","Kaiir Elam","BUF","DB","15847","robust",NA,NA,NA,NA,NA,NA,NA,NA,NA,NA,NA,NA,NA,NA,NA,NA,NA,NA,NA,NA,NA,NA,NA,NA,NA,NA,NA,NA,NA,NA,NA,NA,NA,NA,NA,NA,NA,NA,NA,NA,NA,NA,NA,NA,NA,NA,NA,NA,NA,NA,1.1,0.44478,0,0,0.1,0,0.2,0,0,0,NA,NA,NA,NA
"817","Eric Murray","HOU","DB","12772","robust",NA,NA,NA,NA,NA,NA,NA,NA,NA,NA,NA,NA,NA,NA,NA,NA,NA,NA,NA,NA,NA,NA,NA,NA,NA,NA,NA,NA,NA,NA,NA,NA,NA,NA,NA,NA,NA,NA,NA,NA,NA,NA,NA,NA,NA,NA,NA,NA,NA,NA,1,0.59304,0,0,0,0,0,0,0,0,NA,NA,NA,NA
"818","Isaac Yiadom","NO","DB","13754","robust",NA,NA,NA,NA,NA,NA,NA,NA,NA,NA,NA,NA,NA,NA,NA,NA,NA,NA,NA,NA,NA,NA,NA,NA,NA,NA,NA,NA,NA,NA,NA,NA,NA,NA,NA,NA,NA,NA,NA,NA,NA,NA,NA,NA,NA,NA,NA,NA,NA,NA,1,0.44478,0,0,0.1,0,0.3,0,0,0,NA,NA,NA,NA
"819","Mekhi Blackmon","MIN","DB","16288","robust",NA,NA,NA,NA,NA,NA,NA,NA,NA,NA,NA,NA,NA,NA,NA,NA,NA,NA,NA,NA,NA,NA,NA,NA,NA,NA,NA,NA,NA,NA,NA,NA,NA,NA,NA,NA,NA,NA,NA,NA,NA,NA,NA,NA,NA,NA,NA,NA,NA,NA,0.95,0.37065,0,0,0,0,0,0,0,0,NA,NA,NA,NA
"820","George Odum","SF","DB","13939","robust",NA,NA,NA,NA,NA,NA,NA,NA,NA,NA,NA,NA,NA,NA,NA,NA,NA,NA,NA,NA,NA,NA,NA,NA,NA,NA,NA,NA,NA,NA,NA,NA,NA,NA,NA,NA,NA,NA,NA,NA,NA,NA,NA,NA,NA,NA,NA,NA,NA,NA,0.75,0.51891,0,0,0.1,0,0.1,0,0,0,NA,NA,NA,NA
"821","Noah Igbinoghene","DAL","DB","14919","robust",NA,NA,NA,NA,NA,NA,NA,NA,NA,NA,NA,NA,NA,NA,NA,NA,NA,NA,NA,NA,NA,NA,NA,NA,NA,NA,NA,NA,NA,NA,NA,NA,NA,NA,NA,NA,NA,NA,NA,NA,NA,NA,NA,NA,NA,NA,NA,NA,NA,NA,0.9,0.29652,0,0,0,0,0.1,0,0,0,NA,NA,NA,NA
"822","Quentin Lake","LAR","DB","15923","robust",NA,NA,NA,NA,NA,NA,NA,NA,NA,NA,NA,NA,NA,NA,NA,NA,NA,NA,NA,NA,NA,NA,NA,NA,NA,NA,NA,NA,NA,NA,NA,NA,NA,NA,NA,NA,NA,NA,NA,NA,NA,NA,NA,NA,NA,NA,NA,NA,NA,NA,1.05,0.0741300000000001,0,0,0,0,0.1,0,0,0,NA,NA,NA,NA
"823","Nick Cross","IND","DB","15839","robust",NA,NA,NA,NA,NA,NA,NA,NA,NA,NA,NA,NA,NA,NA,NA,NA,NA,NA,NA,NA,NA,NA,NA,NA,NA,NA,NA,NA,NA,NA,NA,NA,NA,NA,NA,NA,NA,NA,NA,NA,NA,NA,NA,NA,NA,NA,NA,NA,NA,NA,0.9,0.14826,0,0,0,0,0,0,0,0,NA,NA,NA,NA
"824","Antonio Johnson","JAC","DB","16246","robust",NA,NA,NA,NA,NA,NA,NA,NA,NA,NA,NA,NA,NA,NA,NA,NA,NA,NA,NA,NA,NA,NA,NA,NA,NA,NA,NA,NA,NA,NA,NA,NA,NA,NA,NA,NA,NA,NA,NA,NA,NA,NA,NA,NA,NA,NA,NA,NA,NA,NA,0.9,0.14826,0,0,0,0,0,0,0,0,"Q","Hamstring",2023,5
"825","Christopher Smith","LVR","DB","16321","robust",NA,NA,NA,NA,NA,NA,NA,NA,NA,NA,NA,NA,NA,NA,NA,NA,NA,NA,NA,NA,NA,NA,NA,NA,NA,NA,NA,NA,NA,NA,NA,NA,NA,NA,NA,NA,NA,NA,NA,NA,NA,NA,NA,NA,NA,NA,NA,NA,NA,NA,0.65,0.22239,0,0,0,0,0,0,0,0,NA,NA,NA,NA
