"","player","team","position","id","avg_type","pass_att","pass_att_sd","pass_comp","pass_comp_sd","pass_yds","pass_yds_sd","pass_tds","pass_tds_sd","pass_int","pass_int_sd","rush_att","rush_att_sd","rush_yds","rush_yds_sd","rush_tds","rush_tds_sd","fumbles_lost","fumbles_lost_sd","two_pts","two_pts_sd","return_tds","return_tds_sd","rec","rec_sd","rec_yds","rec_yds_sd","rec_tds","rec_tds_sd","dst_int","dst_int_sd","dst_sacks","dst_sacks_sd","dst_safety","dst_safety_sd","dst_td","dst_td_sd","dst_blk","dst_blk_sd","fg_0019","fg_0019_sd","fg_2029","fg_2029_sd","fg_3039","fg_3039_sd","fg_4049","fg_4049_sd","fg_50","fg_50_sd","xp","xp_sd","injury_status","injury_details","week","season_year"
"1","Tom Brady","TB","QB","2504211","robust",41.338285209317,3.85476,27.452494611358,2.727984,295.45,21.34944,1.88,0.14826,0.5,0.0741300000000001,1.36,0.29652,1.685,0.59304,0.055,0.044478,0.18,0.059304,0.03,0,0,NA,NA,NA,NA,NA,NA,NA,NA,NA,NA,NA,NA,NA,NA,NA,NA,NA,NA,NA,NA,NA,NA,NA,NA,NA,NA,NA,NA,NA,NA,NA,NA,NA
"2","Tua Tagovailoa","MIA","QB","2564499","robust",35.5,0.889560000000002,23.3,1.452948,276.035,11.015718,1.9,0.0741299999999997,0.67,0.133434,2.35,0.118608,7.2,0.29652,0.11,0.014826,0.06875,0.0037065,0.08,0,0,NA,NA,NA,NA,NA,NA,NA,NA,NA,NA,NA,NA,NA,NA,NA,NA,NA,NA,NA,NA,NA,NA,NA,NA,NA,NA,NA,NA,NA,NA,NA,NA,NA
"3","Josh Allen","BUF","QB","2560955","robust",36.3,1.03782,23.5567070520343,0.7413,266.4,9.81481200000001,2.1875,0.148259999999999,0.7525,0.14826,8.2025,0.741299999999999,45.935,3.11346,0.335,0.103782,0.20125,0.0037065,0.09,0,0,NA,NA,NA,NA,NA,NA,NA,NA,NA,NA,NA,NA,NA,NA,NA,NA,NA,NA,NA,NA,NA,NA,NA,NA,NA,NA,NA,NA,NA,NA,NA,NA,NA
"4","Kirk Cousins","MIN","QB","2532820","robust",36.9,0.889560000000002,24.5925,0.296519999999999,272.5,8.1543,2,0.103782,0.75,0.118608,1.45833333333333,0.29652,5.405,0.889559999999999,0.0925,0,0.09375,0.0185325,0.16,0,0,NA,NA,NA,NA,NA,NA,NA,NA,NA,NA,NA,NA,NA,NA,NA,NA,NA,NA,NA,NA,NA,NA,NA,NA,NA,NA,NA,NA,NA,NA,NA,NA,NA
"5","Matthew Stafford","LAR","QB","79860","robust",34.1147549446404,0.459606000000003,23.46,1.4826,259.1,7.85778000000002,1.4,0.29652,0.79,0.118608,1.45666666666667,0.177912,3.6,1.03782,0,0,0.2175,0.0259455,0.09,0,0,NA,NA,NA,NA,NA,NA,NA,NA,NA,NA,NA,NA,NA,NA,NA,NA,NA,NA,NA,NA,NA,NA,NA,NA,NA,NA,NA,NA,NA,NA,NA,NA,NA
"6","Joe Burrow","CIN","QB","2563722","robust",34.5903588200342,1.63086,22.65,0.298420237222772,267.6,7.53160799999998,1.9,0.14826,0.8375,0.14826,3.6,0.14826,13.95,1.70499,0.2,0,0.10625,0.0185325,0.13,0,0,NA,NA,NA,NA,NA,NA,NA,NA,NA,NA,NA,NA,NA,NA,NA,NA,NA,NA,NA,NA,NA,NA,NA,NA,NA,NA,NA,NA,NA,NA,NA,NA,NA
"7","Derek Carr","LVR","QB","2543499","robust",34.5625,1.91030400724902,22.46,1.1018516517754,256.3725,11.1195,1.79,0.22239,0.8,0.0741300000000001,2.2,0.14826,8.165,1.33434,0.1,0,0.18125,0.0555975,0.06,0,0,NA,NA,NA,NA,NA,NA,NA,NA,NA,NA,NA,NA,NA,NA,NA,NA,NA,NA,NA,NA,NA,NA,NA,NA,NA,NA,NA,NA,NA,NA,NA,NA,NA
"8","Kyler Murray","ARI","QB","2562382","robust",35.1741579468172,1.33933371219536,23.6675,0.79730467544028,254.8825,9.93341999999998,1.46,0.0889560000000001,0.8,0.0296519999999999,6.7,0.29652,35.4,0.593039999999998,0.25,0.14826,0.10375,0.0111195,0.16,0,0,NA,NA,NA,NA,NA,NA,NA,NA,NA,NA,NA,NA,NA,NA,NA,NA,NA,NA,NA,NA,NA,NA,NA,NA,NA,NA,NA,NA,NA,NA,NA,NA,NA
"9","Jared Goff","DET","QB","2555334","robust",35.2235542582595,1.92738,23.0675,0.296519999999999,254.15,2.9652,1.7,0.192738,0.775,0.044478,1.70632003686151,0.281694,4.75,0.7413,0.075,0.014826,0.2675,0.1000755,0.23,0,0,NA,NA,NA,NA,NA,NA,NA,NA,NA,NA,NA,NA,NA,NA,NA,NA,NA,NA,NA,NA,NA,NA,NA,NA,NA,NA,NA,NA,NA,NA,NA,NA,NA
"10","Andy Dalton","NO","QB","2495143","robust",31.765,1.4826,20.4,1.4826,232.925,29.20722,1.7075,0.400302,0.85,0.014826,2.5,0.355824,8.25,1.467774,0.1,0.014826,0.115,0.081543,0.16,0,0,NA,NA,NA,NA,NA,NA,NA,NA,NA,NA,NA,NA,NA,NA,NA,NA,NA,NA,NA,NA,NA,NA,NA,NA,NA,NA,NA,NA,NA,NA,NA,NA,NA
"11","Jimmy Garoppolo","SF","QB","2543801","robust",31.475,1.4826,20.8325,1.63086,239.9,16.45686,1.1625,0.14826,0.9,0,1.46583333333333,0.432425,3.08,0.978516,0.0775,0,0.2125,0.0185325,0.03,0,0,NA,NA,NA,NA,NA,NA,NA,NA,NA,NA,NA,NA,NA,NA,NA,NA,NA,NA,NA,NA,NA,NA,NA,NA,NA,NA,NA,NA,NA,NA,NA,NA,NA
"12","Dak Prescott","DAL","QB","2555260","robust",33.35,2.37216,21.6937554607056,1.423296,242.125,11.8608,1.85,0.207564,0.735,0.103782,2.75292670166886,1.215732,10.65,1.92738,0.1,0,0.1975,0.00741300000000001,0.3,0,0,NA,NA,NA,NA,NA,NA,NA,NA,NA,NA,NA,NA,NA,NA,NA,NA,NA,NA,NA,NA,NA,NA,NA,NA,NA,NA,NA,NA,NA,NA,NA,NA,NA
"13","Jalen Hurts","PHI","QB","2564832","robust",31.3,1.423296,20.2844176986682,0.711648000000001,241.58,8.243256,1.55,0.14826,0.6125,0.14826,10.1059301009376,0.37065,46.55,0.444779999999996,0.52,0.14826,0.1125,0.037065,0.18,0,0,NA,NA,NA,NA,NA,NA,NA,NA,NA,NA,NA,NA,NA,NA,NA,NA,NA,NA,NA,NA,NA,NA,NA,NA,NA,NA,NA,NA,NA,NA,NA,NA,NA
"14","Kenny Pickett","PIT","QB","2568162","robust",35.605,2.07564,22.55,1.18608,225.925,18.31011,1.115,0.192738,1.3725,0.163086,2.9,0.44478,13.48,2.52042,0.11,0.029652,0.10625,0.0185325,0.08,0,0,NA,NA,NA,NA,NA,NA,NA,NA,NA,NA,NA,NA,NA,NA,NA,NA,NA,NA,NA,NA,NA,NA,NA,NA,NA,NA,NA,NA,NA,NA,NA,NA,NA
"15","Russell Wilson","DEN","QB","2532975","robust",32.5575,2.28413485296293,19.945,1.156428,235.815,14.040222,1.1,0.14826,0.755,0.133434,4,0.44478,16.6175,5.9304,0.1,0,0.09,0.014826,0.03,0,0,NA,NA,NA,NA,NA,NA,NA,NA,NA,NA,NA,NA,NA,NA,NA,NA,NA,NA,NA,NA,NA,NA,NA,NA,NA,NA,NA,NA,NA,NA,NA,NA,NA
"16","Aaron Rodgers","GB","QB","2506363","robust",33.985,1.275036,21.975,1.70499,232.9875,7.93190999999999,1.3025,0.355824,0.4175,0.29652,1.21833333333333,0.0321230000000001,3.65,0.29652,0.045,0.044478,0.18,0.059304,0,NA,0,NA,NA,NA,NA,NA,NA,NA,NA,NA,NA,NA,NA,NA,NA,NA,NA,NA,NA,NA,NA,NA,NA,NA,NA,NA,NA,NA,NA,NA,NA,NA,NA,NA
"17","Jacoby Brissett","CLE","QB","2555261","robust",32.0082590599226,1.75463023551746,19.88,1.11258303750692,212.06,14.559132,1.055,0.118608,0.8,0.014826,3.68224121390205,0.59304,14.95,1.616034,0.1,0,0.2425,0.0630105,0.06,0,0,NA,NA,NA,NA,NA,NA,NA,NA,NA,NA,NA,NA,NA,NA,NA,NA,NA,NA,NA,NA,NA,NA,NA,NA,NA,NA,NA,NA,NA,NA,NA,NA,NA
"18","Davis Mills","HOU","QB","2566136","robust",33.3973370417978,0.637518,21.9925,0.385751434274628,241.76,4.71466800000001,1.285,0.14826,0.8,0.103782,1,0.14826,3,0.400302,0.0275,0,0.10625,0.0185325,0.12,0,0,NA,NA,NA,NA,NA,NA,NA,NA,NA,NA,NA,NA,NA,NA,NA,NA,NA,NA,NA,NA,NA,NA,NA,NA,NA,NA,NA,NA,NA,NA,NA,NA,NA
"19","Sam Ehlinger","IND","QB","2566142","robust",32.3680832753718,2.07564,20.1257360921698,1.452948,222.085,13.63992,1.11,0.192738,0.8875,0.281694,5.375,0.7413,18.1275,3.11346,0.1,0.088956,0.19625,0.0111195,0.09,0,0,NA,NA,NA,NA,NA,NA,NA,NA,NA,NA,NA,NA,NA,NA,NA,NA,NA,NA,NA,NA,NA,NA,NA,NA,NA,NA,NA,NA,NA,NA,NA,NA,NA
"20","Zach Wilson","NYJ","QB","2566391","robust",31.75,1.022994,18.95,1.03782,204.38,12.439014,1.03,0.044478,0.7975,0.14826,3.49,0.29652,14.85,1.971858,0.125,0.07413,0.1125,0.0926625,0.1,0,0,NA,NA,NA,NA,NA,NA,NA,NA,NA,NA,NA,NA,NA,NA,NA,NA,NA,NA,NA,NA,NA,NA,NA,NA,NA,NA,NA,NA,NA,NA,NA,NA,NA
"21","Geno Smith","SEA","QB","2539335","robust",31.925,1.0265279251033,21.9,0.449710119731584,232.3,5.48561999999998,1.6,0.14826,0.6,0.29652,4,0.14826,19.4,2.07564,0.135,0.103782,0.15,0.07413,0,NA,0,NA,NA,NA,NA,NA,NA,NA,NA,NA,NA,NA,NA,NA,NA,NA,NA,NA,NA,NA,NA,NA,NA,NA,NA,NA,NA,NA,NA,NA,NA,NA,NA,NA
"22","Trevor Lawrence","JAC","QB","2566163","robust",34.4531720380665,0.90040054545058,21.7393205574502,0.148259999999997,224.4525,9.94824600000001,1.1075,0.177912,0.9,0.044478,4.3325,0.489258,17.15,4.81845,0.2,0,0.3175,0.1742055,0.12,0,0,NA,NA,NA,NA,NA,NA,NA,NA,NA,NA,NA,NA,NA,NA,NA,NA,NA,NA,NA,NA,NA,NA,NA,NA,NA,NA,NA,NA,NA,NA,NA,NA,NA
"23","Lamar Jackson","BAL","QB","2560757","robust",29.999230691204,2.268378,19.3,1.63663239650178,218.0375,0.518909999999992,1.405,0.118608,0.8325,0.14826,8.925,0.444779999999998,60.65,4.15128,0.3475,0.14826,0.185,0.044478,0.09,0,0,NA,NA,NA,NA,NA,NA,NA,NA,NA,NA,NA,NA,NA,NA,NA,NA,NA,NA,NA,NA,NA,NA,NA,NA,NA,NA,NA,NA,NA,NA,NA,NA,NA
"24","Phillip Walker","CAR","QB","2558904","robust",32,0.444779999999996,19.55,1.56395103933061,207.49,11.297412,1.1,0.14826,0.9975,0.14826,1.20541666666667,0.59304,5.5,3.26172,0.0425,0,0.0875,0.0185325,0.11,0,0,NA,NA,NA,NA,NA,NA,NA,NA,NA,NA,NA,NA,NA,NA,NA,NA,NA,NA,NA,NA,NA,NA,NA,NA,NA,NA,NA,NA,NA,NA,NA,NA,NA
"25","Taylor Heinicke","WAS","QB","2553656","robust",33.3157953545732,0.714006385380551,21.4108047082412,0.365877758246322,221.15,7.05717599999999,1.095,0.118608,0.955,0,3.2475,0.14826,13.15,2.44629,0.1,0,0.09,0.029652,0.1,0,0,NA,NA,NA,NA,NA,NA,NA,NA,NA,NA,NA,NA,NA,NA,NA,NA,NA,NA,NA,NA,NA,NA,NA,NA,NA,NA,NA,NA,NA,NA,NA,NA,NA
"26","Mac Jones","NE","QB","2566334","robust",28.65,1.92738,18.9,0.533736000000004,211.025,16.16034,1.075,0.14826,1.0275,0.14826,3.08208333333333,0.59304,11.55,1.4826,0.1,0,0.20125,0.0037065,0.12,0,0,NA,NA,NA,NA,NA,NA,NA,NA,NA,NA,NA,NA,NA,NA,NA,NA,NA,NA,NA,NA,NA,NA,NA,NA,NA,NA,NA,NA,NA,NA,NA,NA,NA
"27","Bailey Zappe","NE","QB","2567961","robust",4.7,0,3.2,0,34.55,1.008168,0.2,0,0.2,0,0.3,NA,1.625,0.59304,0,0,0.2,0.14826,0.03,0,0,NA,NA,NA,NA,NA,NA,NA,NA,NA,NA,NA,NA,NA,NA,NA,NA,NA,NA,NA,NA,NA,NA,NA,NA,NA,NA,NA,NA,NA,NA,NA,NA,NA
"28","Daniel Jones","NYG","QB","2562299","robust",30.8397538765532,1.63086,20.1092030660804,0.834982136916613,205.65,8.73251399999998,1.015,0.14826,0.67,0.118608,7.425,0.281694000000001,41.06,5.070492,0.3575,0.044478,0.28625,0.0407715,0.16,0,0,NA,NA,NA,NA,NA,NA,NA,NA,NA,NA,NA,NA,NA,NA,NA,NA,NA,NA,NA,NA,NA,NA,NA,NA,NA,NA,NA,NA,NA,NA,NA,NA,NA
"29","Malik Willis","TEN","QB","2567667","robust",19.5574278348295,9.295902,11.3367995884778,6.419658,154.515,68.64438,0.8775,0.14826,0.675,0.355824,4.61,5.28813904529247,22.635,17.19816,0.1925,0.103782,0.26375,0.1890315,0.09,0,0,NA,NA,NA,NA,NA,NA,NA,NA,NA,NA,NA,NA,NA,NA,NA,NA,NA,NA,NA,NA,NA,NA,NA,NA,NA,NA,NA,NA,NA,NA,NA,NA,NA
"30","Marcus Mariota","ATL","QB","2552466","robust",24.9,2.07564,15.7,2.2239,182.2275,10.037202,1.1,0.237216,0.51,0.029652,6.7,1.17783329923663,33.835,5.26323,0.35,0.118608,0.235,0.051891,0.09,0,0,NA,NA,NA,NA,NA,NA,NA,NA,NA,NA,NA,NA,NA,NA,NA,NA,NA,NA,NA,NA,NA,NA,NA,NA,NA,NA,NA,NA,NA,NA,NA,NA,NA
"31","Jameis Winston","NO","QB","2552033","robust",3.3,0,2.2,0,23.7,2.66868,0.2,0.14826,0.1,0,0.3,0,0.75,0.66717,0.005,0,0.01375,0.014826,0.03,0,0,NA,NA,NA,NA,NA,NA,NA,NA,NA,NA,NA,NA,NA,NA,NA,NA,NA,NA,NA,NA,NA,NA,NA,NA,NA,NA,NA,NA,NA,NA,NA,NA,NA
"32","Brett Rypien","DEN","QB","2562718","robust",1.7,0,1.1,0,12,0,0.1,0,0,0,0.1,0,0.3,0,0,0,0,0,0,NA,0,NA,NA,NA,NA,NA,NA,NA,NA,NA,NA,NA,NA,NA,NA,NA,NA,NA,NA,NA,NA,NA,NA,NA,NA,NA,NA,NA,NA,NA,NA,NA,NA,NA
"33","Justin Fields","CHI","QB","2565920","robust",24.0464975161024,2.060814,14.2,1.77912,162.525,18.917976,0.865,0.163086,1,0,9.0525,0.444780000000001,50.05,6.22692,0.2,0,0.1975,0.00741300000000001,0.07,0,0,NA,NA,NA,NA,NA,NA,NA,NA,NA,NA,NA,NA,NA,NA,NA,NA,NA,NA,NA,NA,NA,NA,NA,NA,NA,NA,NA,NA,NA,NA,NA,NA,NA
"34","Teddy Bridgewater","MIA","QB","2543465","robust",4.05,0,2.55,0,33.275,0.444780000000001,0.2,0,0.1,0,0.275,0,1.375,0.7413,0,0,0,0,0,NA,0,NA,NA,NA,NA,NA,NA,NA,NA,NA,NA,NA,NA,NA,NA,NA,NA,NA,NA,NA,NA,NA,NA,NA,NA,NA,NA,NA,NA,NA,NA,NA,NA,NA
"35","Sam Darnold","CAR","QB","2561036","robust",6.65,7.93191,3.9,4.59606,43.3,51.44622,0.1,0.14826,0.3,0.29652,0.4,0.29652,1.55,0.66717,0,0,0.1,0.14826,NA,NA,NA,NA,NA,NA,NA,NA,NA,NA,NA,NA,NA,NA,NA,NA,NA,NA,NA,NA,NA,NA,NA,NA,NA,NA,NA,NA,NA,NA,NA,NA,NA,"Ankle",8,2022
"36","Mitchell Trubisky","PIT","QB","2558008","robust",2.75,0,1.75,0,18.925,0.148259999999999,0.125,0,0.125,0,0.6,0,1.425,0,0,0,0,0,0,NA,0,NA,NA,NA,NA,NA,NA,NA,NA,NA,NA,NA,NA,NA,NA,NA,NA,NA,NA,NA,NA,NA,NA,NA,NA,NA,NA,NA,NA,NA,NA,NA,NA,NA
"37","Tyler Huntley","BAL","QB","2563560","robust",1.42042597054886,0.217869029290495,0.916287684069612,0.114938746934404,9.555,1.067472,0.1,0,0,0,0.3,0.183360871794872,1.35,0.948864,0,0,0.0075,0.007413,0.03,0,0,NA,NA,NA,NA,NA,NA,NA,NA,NA,NA,NA,NA,NA,NA,NA,NA,NA,NA,NA,NA,NA,NA,NA,NA,NA,NA,NA,NA,NA,NA,NA,NA,NA
"38","Colt McCoy","ARI","QB","497123","robust",1.77761113881133,0.14826,1.19256868351948,0,15.19,4.121628,0.1,0,0.03,0,0.2,0,0.7,0.59304,0,0,0.0333333333333333,0.04942,0.02,0,0,NA,NA,NA,NA,NA,NA,NA,NA,NA,NA,NA,NA,NA,NA,NA,NA,NA,NA,NA,NA,NA,NA,NA,NA,NA,NA,NA,NA,NA,NA,NA,NA,NA
"39","Joe Flacco","NYJ","QB","382","robust",2.1,0,1.25,0,14.75,0,0.15,0,0.025,0,0.225,0,0.975,0,0,0,0.075,0,0,NA,0,NA,NA,NA,NA,NA,NA,NA,NA,NA,NA,NA,NA,NA,NA,NA,NA,NA,NA,NA,NA,NA,NA,NA,NA,NA,NA,NA,NA,NA,NA,NA,NA,NA
"40","Derrick Henry","TEN","RB","2556075","robust",NA,NA,NA,NA,NA,NA,NA,NA,NA,NA,23.395,2.77303112972957,108,11.831148,0.7,0.014826,0.103,0.0177912,0.06,0,0,NA,2.105,0.14826,18.8,1.971858,0.05,0.029652,NA,NA,NA,NA,NA,NA,NA,NA,NA,NA,NA,NA,NA,NA,NA,NA,NA,NA,NA,NA,NA,NA,NA,NA,NA,NA
"41","Jonathan Taylor","IND","RB","2564148","robust",NA,NA,NA,NA,NA,NA,NA,NA,NA,NA,18.93,2.66868,86.315,11.26776,0.67,0.14826,0.111,0.014826,0,NA,0,NA,2.4,0.489258,17.075,1.33434,0.1,0,NA,NA,NA,NA,NA,NA,NA,NA,NA,NA,NA,NA,NA,NA,NA,NA,NA,NA,NA,NA,NA,NA,NA,NA,NA,NA
"42","Nick Chubb","CLE","RB","2561021","robust",NA,NA,NA,NA,NA,NA,NA,NA,NA,NA,17.13,0.163085999999999,91.3,1.46777399999999,0.7,0.14826,0.0895,0.0207564,0,NA,0,NA,1.4,0.252042,12.1,3.11346,0.06,0.059304,NA,NA,NA,NA,NA,NA,NA,NA,NA,NA,NA,NA,NA,NA,NA,NA,NA,NA,NA,NA,NA,NA,NA,NA,NA,NA
"43","Josh Jacobs","LVR","RB","2562377","robust",NA,NA,NA,NA,NA,NA,NA,NA,NA,NA,17.9756277210462,1.01927136310749,84.7425,10.541286,0.8,0.14826,0.11,0,0,NA,0,NA,2.8,0.29652,19.65,1.03782,0.05,0.059304,NA,NA,NA,NA,NA,NA,NA,NA,NA,NA,NA,NA,NA,NA,NA,NA,NA,NA,NA,NA,NA,NA,NA,NA,NA,NA
"44","Saquon Barkley","NYG","RB","2560968","robust",NA,NA,NA,NA,NA,NA,NA,NA,NA,NA,19.805,0,89.325,3.03933,0.6,0.118608,0.091,0.0177912,0,NA,0,NA,3.925,0.14826,28.4,3.55824,0.115,0.044478,NA,NA,NA,NA,NA,NA,NA,NA,NA,NA,NA,NA,NA,NA,NA,NA,NA,NA,NA,NA,NA,NA,NA,NA,NA,NA
"45","Kenneth Walker III","SEA","RB","2568282","robust",NA,NA,NA,NA,NA,NA,NA,NA,NA,NA,16.2326818207812,0.955737865019496,82.5,5.1891,0.6775,0.014826,0.0925,0.014826,0.01,0,0,NA,1.62,0.14826,11.75,2.07564,0.0625,0.044478,NA,NA,NA,NA,NA,NA,NA,NA,NA,NA,NA,NA,NA,NA,NA,NA,NA,NA,NA,NA,NA,NA,NA,NA,NA,NA
"46","Dalvin Cook","MIN","RB","2557991","robust",NA,NA,NA,NA,NA,NA,NA,NA,NA,NA,17.1807245097317,1.18608,78.665,4.59606000000001,0.675,0.14826,0.146,0.0681996,0.06,0,0,NA,2.2,0.29652,16.6,1.957032,0.05,0.07413,NA,NA,NA,NA,NA,NA,NA,NA,NA,NA,NA,NA,NA,NA,NA,NA,NA,NA,NA,NA,NA,NA,NA,NA,NA,NA
"47","Tony Pollard","DAL","RB","2562699","robust",NA,NA,NA,NA,NA,NA,NA,NA,NA,NA,16.425,1.18608,77.7925,7.85778,0.55,0.103782,0.1,0,0.01,0,0,NA,2.6675,0.177912,20.4,1.77912,0.0775,0.044478,NA,NA,NA,NA,NA,NA,NA,NA,NA,NA,NA,NA,NA,NA,NA,NA,NA,NA,NA,NA,NA,NA,NA,NA,NA,NA
"48","Miles Sanders","PHI","RB","2562722","robust",NA,NA,NA,NA,NA,NA,NA,NA,NA,NA,15.7,1.03782,72.7425,3.40998,0.5925,0.14826,0.111,0.014826,0.09,0,0,NA,1.7,0.163086,11.7,2.639028,0.05,0.07413,NA,NA,NA,NA,NA,NA,NA,NA,NA,NA,NA,NA,NA,NA,NA,NA,NA,NA,NA,NA,NA,NA,NA,NA,NA,NA
"49","DOnta Foreman","CAR","RB","2557994","robust",NA,NA,NA,NA,NA,NA,NA,NA,NA,NA,15,1.39705811617624,66.74,9.370032,0.495,0.14826,0.112,0.029652,0.01,0,0,NA,1.87,0.14826,15,0.59304,0.08,0.059304,NA,NA,NA,NA,NA,NA,NA,NA,NA,NA,NA,NA,NA,NA,NA,NA,NA,NA,NA,NA,NA,NA,NA,NA,NA,NA
"50","Dameon Pierce","HOU","RB","2567685","robust",NA,NA,NA,NA,NA,NA,NA,NA,NA,NA,17.8054680617746,0.354436103225887,75.705,4.403322,0.6,0,0.091,0.0177912,0.01,0,0,NA,2.65,0.37065,18.935,2.920722,0.085,0.029652,NA,NA,NA,NA,NA,NA,NA,NA,NA,NA,NA,NA,NA,NA,NA,NA,NA,NA,NA,NA,NA,NA,NA,NA,NA,NA
"51","Rhamondre Stevenson","NE","RB","2566343","robust",NA,NA,NA,NA,NA,NA,NA,NA,NA,NA,15.4545193954508,3.395154,68.8,12.75036,0.5,0.103782,0.1,0,0.01,0,0,NA,3.185,0.756126,21.225,1.33434,0.075,0.014826,NA,NA,NA,NA,NA,NA,NA,NA,NA,NA,NA,NA,NA,NA,NA,NA,NA,NA,NA,NA,NA,NA,NA,NA,NA,NA
"52","Joe Mixon","CIN","RB","2557976","robust",NA,NA,NA,NA,NA,NA,NA,NA,NA,NA,17.515,1.03782,69.8975,6.07865999999999,0.58,0.0593039999999999,0.0895,0.0207564,0,NA,0,NA,3.53,0.163086,25.6925,2.37216,0.1925,0.014826,NA,NA,NA,NA,NA,NA,NA,NA,NA,NA,NA,NA,NA,NA,NA,NA,NA,NA,NA,NA,NA,NA,NA,NA,NA,NA
"53","Christian McCaffrey","SF","RB","2557997","robust",NA,NA,NA,NA,NA,NA,NA,NA,NA,NA,15.3566481713847,1.29491368442045,64.425,2.07564000000001,0.565,0.14826,0.1,0,0.03,0,0,NA,4.17,0.504084,35.94,8.480472,0.1525,0.07413,NA,NA,NA,NA,NA,NA,NA,NA,NA,NA,NA,NA,NA,NA,NA,NA,NA,NA,NA,NA,NA,NA,NA,NA,NA,NA
"54","Travis Etienne","JAC","RB","2566157","robust",NA,NA,NA,NA,NA,NA,NA,NA,NA,NA,14.9742326420871,0.298036913122275,75.85,5.026014,0.535,0.103782,0.15,0.07413,0.04,0,0,NA,2.935,0.266868,24.255,1.4826,0.1,0,NA,NA,NA,NA,NA,NA,NA,NA,NA,NA,NA,NA,NA,NA,NA,NA,NA,NA,NA,NA,NA,NA,NA,NA,NA,NA
"55","Alvin Kamara","NO","RB","2558019","robust",NA,NA,NA,NA,NA,NA,NA,NA,NA,NA,15.5,0.59304,70.0025,5.841444,0.4775,0.133434,0.1205,0.0385476,0,NA,0,NA,4.315,0.207564,35.1125,3.988194,0.2,0,NA,NA,NA,NA,NA,NA,NA,NA,NA,NA,NA,NA,NA,NA,NA,NA,NA,NA,NA,NA,NA,NA,NA,NA,NA,NA
"56","Raheem Mostert","MIA","RB","2553728","robust",NA,NA,NA,NA,NA,NA,NA,NA,NA,NA,15.265,0.398459907096955,69.5625,3.498936,0.4825,0.192738,0.097,0.0059304,0.01,0,0,NA,1.64,0.429954,14.045,1.4826,0.095,0.014826,NA,NA,NA,NA,NA,NA,NA,NA,NA,NA,NA,NA,NA,NA,NA,NA,NA,NA,NA,NA,NA,NA,NA,NA,NA,NA
"57","Leonard Fournette","TB","RB","2557973","robust",NA,NA,NA,NA,NA,NA,NA,NA,NA,NA,14.7730597565422,1.92738,56.85,9.6369,0.4775,0.088956,0.1,0,0,NA,0,NA,4.4525,0.29652,31.35,1.63086,0.18,0.059304,NA,NA,NA,NA,NA,NA,NA,NA,NA,NA,NA,NA,NA,NA,NA,NA,NA,NA,NA,NA,NA,NA,NA,NA,NA,NA
"58","Tyler Allgeier","ATL","RB","2567232","robust",NA,NA,NA,NA,NA,NA,NA,NA,NA,NA,13.770873262538,2.3773387961555,58.3725,10.08168,0.33,0.163086,0.07,0.0474432,0.01,0,0,NA,0.7275,0.14826,5.195,0.726474,0,0,NA,NA,NA,NA,NA,NA,NA,NA,NA,NA,NA,NA,NA,NA,NA,NA,NA,NA,NA,NA,NA,NA,NA,NA,NA,NA
"59","D'Andre Swift","DET","RB","2563965","robust",NA,NA,NA,NA,NA,NA,NA,NA,NA,NA,10.7347037483138,2.28496089099957,52.3025,5.90074800000001,0.45,0.14826,0.106,0.0177912,0.01,0,0,NA,2.975,0.429954,24.4925,1.18608,0.13,0.059304,NA,NA,NA,NA,NA,NA,NA,NA,NA,NA,NA,NA,NA,NA,NA,NA,NA,NA,NA,NA,NA,NA,NA,NA,NA,NA
"60","Brian Robinson","WAS","RB","2568348","robust",NA,NA,NA,NA,NA,NA,NA,NA,NA,NA,14.11,2.283204,57.0125,11.8608,0.4,0,0.0925,0.014826,0.01,0,0,NA,1,0.14826,7.0025,2.07564,0.015,0,NA,NA,NA,NA,NA,NA,NA,NA,NA,NA,NA,NA,NA,NA,NA,NA,NA,NA,NA,NA,NA,NA,NA,NA,NA,NA
"61","Aaron Jones","GB","RB","2558116","robust",NA,NA,NA,NA,NA,NA,NA,NA,NA,NA,11.95,0.296519999999999,58.025,2.84659199999999,0.385,0.044478,0.103,0.00889560000000001,0,NA,0,NA,3.8325,0.14826,29.655,4.981536,0.2,0.014826,NA,NA,NA,NA,NA,NA,NA,NA,NA,NA,NA,NA,NA,NA,NA,NA,NA,NA,NA,NA,NA,NA,NA,NA,NA,NA
"62","Eno Benjamin","ARI","RB","2564889","robust",NA,NA,NA,NA,NA,NA,NA,NA,NA,NA,12.4044361183098,1.527078,55.7325,4.017846,0.3575,0.07413,0.088,0.0237216,0.04,0,0,NA,2.82,0.326172,21.89,1.63086,0.1,0.029652,NA,NA,NA,NA,NA,NA,NA,NA,NA,NA,NA,NA,NA,NA,NA,NA,NA,NA,NA,NA,NA,NA,NA,NA,NA,NA
"63","Gus Edwards","BAL","RB","2561324","robust",NA,NA,NA,NA,NA,NA,NA,NA,NA,NA,12.295,1.55298682482856,54.22,2.016336,0.55,0.14826,0.088,0.029652,0.01,0,0,NA,0.835,0.281694,7.15,1.92738,0.0225,0,NA,NA,NA,NA,NA,NA,NA,NA,NA,NA,NA,NA,NA,NA,NA,NA,NA,NA,NA,NA,NA,NA,NA,NA,NA,NA
"64","David Montgomery","CHI","RB","2562502","robust",NA,NA,NA,NA,NA,NA,NA,NA,NA,NA,14.375,1.63086,59.05,12.89862,0.4,0.14826,0.088,0.0237216,0.03,0,0,NA,2.1,0.29652,16.8925,1.823598,0.05,0.059304,NA,NA,NA,NA,NA,NA,NA,NA,NA,NA,NA,NA,NA,NA,NA,NA,NA,NA,NA,NA,NA,NA,NA,NA,NA,NA
"65","Najee Harris","PIT","RB","2566448","robust",NA,NA,NA,NA,NA,NA,NA,NA,NA,NA,15.235,0.296519999999999,57.0275,3.11345999999999,0.3,0.044478,0.1125,0.037065,0,NA,0,NA,2.6575,0.59304,15.45,1.92738,0.1,0.059304,NA,NA,NA,NA,NA,NA,NA,NA,NA,NA,NA,NA,NA,NA,NA,NA,NA,NA,NA,NA,NA,NA,NA,NA,NA,NA
"66","Jamaal Williams","DET","RB","2558204","robust",NA,NA,NA,NA,NA,NA,NA,NA,NA,NA,10.55,0.207564000000001,43.075,1.200906,0.335,0.044478,0.1,0,0.03,0,0,NA,1.165,0.192738,7.935,1.586382,0.0175,0,NA,NA,NA,NA,NA,NA,NA,NA,NA,NA,NA,NA,NA,NA,NA,NA,NA,NA,NA,NA,NA,NA,NA,NA,NA,NA
"67","Melvin Gordon","DEN","RB","2552469","robust",NA,NA,NA,NA,NA,NA,NA,NA,NA,NA,11.5,0.252042,46.3575,5.767314,0.4,0.163086,0.152,0.0711648,0,NA,0,NA,2.155,0.207564,16,2.9652,0.0725,0.029652,NA,NA,NA,NA,NA,NA,NA,NA,NA,NA,NA,NA,NA,NA,NA,NA,NA,NA,NA,NA,NA,NA,NA,NA,NA,NA
"68","Darrell Henderson","LAR","RB","2562574","robust",NA,NA,NA,NA,NA,NA,NA,NA,NA,NA,12.9,0.148259999999999,49.25,4.74432,0.335,0.07413,0.1125,0.037065,0,NA,0,NA,2.1475,0.14826,14.82,2.757636,0.1,0,NA,NA,NA,NA,NA,NA,NA,NA,NA,NA,NA,NA,NA,NA,NA,NA,NA,NA,NA,NA,NA,NA,NA,NA,NA,NA
"69","Devin Singletary","BUF","RB","2562734","robust",NA,NA,NA,NA,NA,NA,NA,NA,NA,NA,11.3546972050505,0.62089630483168,49.575,4.29954000000001,0.27,0.088956,0.094,0,0,NA,0,NA,2.8625,0.44478,21.15,1.4826,0.1,0,NA,NA,NA,NA,NA,NA,NA,NA,NA,NA,NA,NA,NA,NA,NA,NA,NA,NA,NA,NA,NA,NA,NA,NA,NA,NA
"70","Michael Carter","NYJ","RB","2566382","robust",NA,NA,NA,NA,NA,NA,NA,NA,NA,NA,12,0.429953999999999,49.6975,4.74432,0.31,0.029652,0.1125,0.037065,0.01,0,0,NA,2.47,0.118608,19.9,2.045988,0.045,0,NA,NA,NA,NA,NA,NA,NA,NA,NA,NA,NA,NA,NA,NA,NA,NA,NA,NA,NA,NA,NA,NA,NA,NA,NA,NA
"71","Ezekiel Elliott","DAL","RB","2555224","robust",NA,NA,NA,NA,NA,NA,NA,NA,NA,NA,12,0.7413,50,1.4826,0,0,0,0,0,NA,0,NA,0,0,0,0,0,0,NA,NA,NA,NA,NA,NA,NA,NA,NA,NA,NA,NA,NA,NA,NA,NA,NA,NA,NA,NA,NA,NA,"D","Knee - MCL",8,2022
"72","Khalil Herbert","CHI","RB","2565926","robust",NA,NA,NA,NA,NA,NA,NA,NA,NA,NA,7.8,1.18608,37.1,2.37216,0.2,0.029652,0.0875,0.037065,0.01,0,0,NA,1.2175,0.44478,8.4,2.66868,0.045,0.029652,NA,NA,NA,NA,NA,NA,NA,NA,NA,NA,NA,NA,NA,NA,NA,NA,NA,NA,NA,NA,NA,NA,NA,NA,NA,NA
"73","Damien Harris","NE","RB","2562281","robust",NA,NA,NA,NA,NA,NA,NA,NA,NA,NA,8.73,1.19045294392713,37.45,5.63388,0.3,0.14826,0.094,0,0,NA,0,NA,1.2,0.029652,8.15,0.845081999999998,0,0,NA,NA,NA,NA,NA,NA,NA,NA,NA,NA,NA,NA,NA,NA,NA,NA,NA,NA,NA,NA,NA,NA,NA,NA,NA,NA
"74","AJ Dillon","GB","RB","2563986","robust",NA,NA,NA,NA,NA,NA,NA,NA,NA,NA,9.85,1.304688,39.725,4.937058,0.2,0.029652,0.066,0.0504084,0,NA,0,NA,1.8625,0.14826,13.46,2.2239,0.05,0.059304,NA,NA,NA,NA,NA,NA,NA,NA,NA,NA,NA,NA,NA,NA,NA,NA,NA,NA,NA,NA,NA,NA,NA,NA,NA,NA
"75","Kareem Hunt","CLE","RB","2557917","robust",NA,NA,NA,NA,NA,NA,NA,NA,NA,NA,8.455,1.171254,35.56,2.713158,0.245,0.088956,0.0875,0.037065,0.03,0,0,NA,1.9025,0.044478,14.545,2.505594,0.095,0.014826,NA,NA,NA,NA,NA,NA,NA,NA,NA,NA,NA,NA,NA,NA,NA,NA,NA,NA,NA,NA,NA,NA,NA,NA,NA,NA
"76","Latavius Murray","DEN","RB","2541161","robust",NA,NA,NA,NA,NA,NA,NA,NA,NA,NA,10.3,0.444780000000001,41.25,4.4478,0.25,0.103782,0.1,0,0,NA,0,NA,1.135,0.192738,7.545,1.497426,0,0,NA,NA,NA,NA,NA,NA,NA,NA,NA,NA,NA,NA,NA,NA,NA,NA,NA,NA,NA,NA,NA,NA,NA,NA,NA,NA
"77","James Robinson","NYJ","RB","2564223","robust",NA,NA,NA,NA,NA,NA,NA,NA,NA,NA,8.7,0.656462103904215,33.515,1.63086,0.205,0.014826,0.094,0,0,NA,0,NA,1.02,0.0593040000000001,8.065,0.326171999999998,0.0175,0,NA,NA,NA,NA,NA,NA,NA,NA,NA,NA,NA,NA,NA,NA,NA,NA,NA,NA,NA,NA,NA,NA,NA,NA,NA,NA
"78","Jeffery Wilson","SF","RB","2560938","robust",NA,NA,NA,NA,NA,NA,NA,NA,NA,NA,7.23487346553352,1.0826732,30.45,2.253552,0.15,0.059304,0.1,0,0,NA,0,NA,0.765,0.252042,5.745,1.793946,0,0,NA,NA,NA,NA,NA,NA,NA,NA,NA,NA,NA,NA,NA,NA,NA,NA,NA,NA,NA,NA,NA,NA,NA,NA,NA,NA
"79","Caleb Huntley","ATL","RB","2566692","robust",NA,NA,NA,NA,NA,NA,NA,NA,NA,NA,8.73262853282148,0.237216,36.29,0.415128000000002,0.2,0.118608,0.066,0.0504084,0,NA,0,NA,0.3325,0.103782,2.5525,0.7413,0,0,NA,NA,NA,NA,NA,NA,NA,NA,NA,NA,NA,NA,NA,NA,NA,NA,NA,NA,NA,NA,NA,NA,NA,NA,NA,NA
"80","Antonio Gibson","WAS","RB","2565276","robust",NA,NA,NA,NA,NA,NA,NA,NA,NA,NA,8.03338718000057,1.18608,32.75,5.33736,0.16,0.14826,0.096,0,0.03,0,0,NA,2.195,0.266868,16.725,0.711648000000001,0.09,0.029652,NA,NA,NA,NA,NA,NA,NA,NA,NA,NA,NA,NA,NA,NA,NA,NA,NA,NA,NA,NA,NA,NA,NA,NA,NA,NA
"81","Dontrell Hilliard","TEN","RB","2561461","robust",NA,NA,NA,NA,NA,NA,NA,NA,NA,NA,2.275,0.648408150474383,10.8,4.15128,0.0725,0,0.012,0.029652,0,NA,0.01,0,2.265,0.44478,19.3625,0.593039999999998,0.1,0.088956,NA,NA,NA,NA,NA,NA,NA,NA,NA,NA,NA,NA,NA,NA,NA,NA,NA,NA,NA,NA,NA,NA,NA,NA,NA,NA
"82","Damien Williams","ATL","RB","2550512","robust",NA,NA,NA,NA,NA,NA,NA,NA,NA,NA,3.125,0,12.775,0,0.175,0,0,0,0,NA,0,NA,0.425,0,3.15,0,0.075,0,NA,NA,NA,NA,NA,NA,NA,NA,NA,NA,NA,NA,NA,NA,NA,NA,NA,NA,NA,NA,NA,NA,"IR","Ribs",8,2022
"83","Zack Moss","BUF","RB","2563617","robust",NA,NA,NA,NA,NA,NA,NA,NA,NA,NA,5.05,0.948864,20.8,2.527833,0.115,0,0.092,0,0,NA,0,NA,0.75,0.0741300000000001,5.19,0.578214,0.01,0,NA,NA,NA,NA,NA,NA,NA,NA,NA,NA,NA,NA,NA,NA,NA,NA,NA,NA,NA,NA,NA,NA,NA,NA,NA,NA
"84","Kenyan Drake","BAL","RB","2555230","robust",NA,NA,NA,NA,NA,NA,NA,NA,NA,NA,5.30214310480052,0.96369,23.99,4.59606,0.1,0,0.012,0.029652,0.03,0,0,NA,1,0.14826,7.95,3.11346,0,0,NA,NA,NA,NA,NA,NA,NA,NA,NA,NA,NA,NA,NA,NA,NA,NA,NA,NA,NA,NA,NA,NA,NA,NA,NA,NA
"85","Mark Ingram","NO","RB","2495466","robust",NA,NA,NA,NA,NA,NA,NA,NA,NA,NA,6.42724591116473,0.673829575785667,26.195,0.444780000000001,0.125,0.07413,0.104,0.0118608,0.06,0,0,NA,1.195,0.355824,7.365,1.92738,0,0,NA,NA,NA,NA,NA,NA,NA,NA,NA,NA,NA,NA,NA,NA,NA,NA,NA,NA,NA,NA,NA,NA,NA,NA,NA,NA
"86","Malcolm Brown","LAR","RB","2552382","robust",NA,NA,NA,NA,NA,NA,NA,NA,NA,NA,6.025,0.29652,19.3125,9.6369,0.0925,0.014826,0.0875,0.037065,0,NA,0,NA,0.81,0.266868,6.4675,2.579724,0,0,NA,NA,NA,NA,NA,NA,NA,NA,NA,NA,NA,NA,NA,NA,NA,NA,NA,NA,NA,NA,NA,NA,NA,NA,NA,NA
"87","Justice Hill","BAL","RB","2562407","robust",NA,NA,NA,NA,NA,NA,NA,NA,NA,NA,2.95,0.14826,14.635,3.40998,0.05,0.07413,0.122,0.0652344,0,NA,0,NA,0.635,0.340998,3.975,2.045988,0,0,NA,NA,NA,NA,NA,NA,NA,NA,NA,NA,NA,NA,NA,NA,NA,NA,NA,NA,NA,NA,NA,NA,NA,NA,NA,NA
"88","Jaylen Warren","PIT","RB","2568493","robust",NA,NA,NA,NA,NA,NA,NA,NA,NA,NA,4.125,0.889559999999999,16.6325,3.85476,0.075,0.014826,0.011,0.014826,0,NA,0,NA,1.4,0.59304,9.8575,4.29954,0,0,NA,NA,NA,NA,NA,NA,NA,NA,NA,NA,NA,NA,NA,NA,NA,NA,NA,NA,NA,NA,NA,NA,NA,NA,NA,NA
"89","JaMycal Hasty","JAC","RB","2565108","robust",NA,NA,NA,NA,NA,NA,NA,NA,NA,NA,3.74833799521202,2.550072,18.4,10.74885,0.0975,0.133434,0.05,0.07413,0,NA,0,NA,0.8,0.281694,5.7,2.07564,0,0,NA,NA,NA,NA,NA,NA,NA,NA,NA,NA,NA,NA,NA,NA,NA,NA,NA,NA,NA,NA,NA,NA,NA,NA,NA,NA
"90","Craig Reynolds","DET","RB","2562834","robust",NA,NA,NA,NA,NA,NA,NA,NA,NA,NA,3.2,1.18608,13.35,3.92889,0.04,0.029652,0.011,0.007413,0,NA,0,NA,1.04,0.37065,10.09,3.046743,0.015,0,NA,NA,NA,NA,NA,NA,NA,NA,NA,NA,NA,NA,NA,NA,NA,NA,NA,NA,NA,NA,NA,NA,NA,NA,NA,NA
"91","Rico Dowdle","DAL","RB","2565295","robust",NA,NA,NA,NA,NA,NA,NA,NA,NA,NA,6.085,0,26.0725,0,0.19,0,0,0,0,NA,0,NA,0.29,0,1.81,0,0.005,0,NA,NA,NA,NA,NA,NA,NA,NA,NA,NA,NA,NA,NA,NA,NA,NA,NA,NA,NA,NA,NA,NA,"IR","Ankle",8,2022
"92","Rachaad White","TB","RB","2568315","robust",NA,NA,NA,NA,NA,NA,NA,NA,NA,NA,5.37204012704279,0.889559999999999,21.5575,4.59606,0.1675,0.07413,0.088,0.0237216,0,NA,0,NA,1.82,0.14826,14.8,2.194248,0.0825,0.014826,NA,NA,NA,NA,NA,NA,NA,NA,NA,NA,NA,NA,NA,NA,NA,NA,NA,NA,NA,NA,NA,NA,NA,NA,NA,NA
"93","Samaje Perine","CIN","RB","2558138","robust",NA,NA,NA,NA,NA,NA,NA,NA,NA,NA,3.25,0.7413,13.875,2.2239,0.07,0.044478,0.0125,0.037065,0,NA,0,NA,1.515,0.7413,11.225,5.78214,0.1,0,NA,NA,NA,NA,NA,NA,NA,NA,NA,NA,NA,NA,NA,NA,NA,NA,NA,NA,NA,NA,NA,NA,NA,NA,NA,NA
"94","Alexander Mattison","MIN","RB","2562682","robust",NA,NA,NA,NA,NA,NA,NA,NA,NA,NA,5.25,1.1320559252669,20.25,1.645686,0.135,0.059304,0.012,0.029652,0,NA,0,NA,1.35,0.0741300000000001,10.785,0.444780000000001,0.05,0.07413,NA,NA,NA,NA,NA,NA,NA,NA,NA,NA,NA,NA,NA,NA,NA,NA,NA,NA,NA,NA,NA,NA,NA,NA,NA,NA
"95","Chase Edmonds","MIA","RB","2560711","robust",NA,NA,NA,NA,NA,NA,NA,NA,NA,NA,5.36,1.008168,23.2575,0.444780000000001,0.1,0.014826,0.0125,0.037065,0,NA,0,NA,1.395,0.29652,11.605,1.18608,0.0925,0,NA,NA,NA,NA,NA,NA,NA,NA,NA,NA,NA,NA,NA,NA,NA,NA,NA,NA,NA,NA,NA,NA,NA,NA,NA,NA
"96","Keaontay Ingram","ARI","RB","2568108","robust",NA,NA,NA,NA,NA,NA,NA,NA,NA,NA,3.89274499221728,0.911072549077329,15.05,3.26172,0.095,0.014826,0.011,0.014826,0,NA,0,NA,0.685,0.59304,6.2275,2.66868,0.0075,0,NA,NA,NA,NA,NA,NA,NA,NA,NA,NA,NA,NA,NA,NA,NA,NA,NA,NA,NA,NA,NA,NA,NA,NA,NA,NA
"97","Kenneth Gainwell","PHI","RB","2566397","robust",NA,NA,NA,NA,NA,NA,NA,NA,NA,NA,4.39,0.737427252402658,19.295,2.624202,0.15,0.059304,0.015,0.0385476,0.04,0,0,NA,0.91,0.177912,6.98,1.126776,0.0675,0,NA,NA,NA,NA,NA,NA,NA,NA,NA,NA,NA,NA,NA,NA,NA,NA,NA,NA,NA,NA,NA,NA,NA,NA,NA,NA
"98","Darrel Williams","ARI","RB","2560935","robust",NA,NA,NA,NA,NA,NA,NA,NA,NA,NA,3.7,0.44478,16.38,2.00151,0.14,0.029652,0,0,0,NA,0,NA,0.9,0.00741300000000001,7.585,0.526323,0.01,0,NA,NA,NA,NA,NA,NA,NA,NA,NA,NA,NA,NA,NA,NA,NA,NA,NA,NA,NA,NA,NA,NA,"Q","Knee",8,2022
"99","Myles Gaskin","MIA","RB","2562270","robust",NA,NA,NA,NA,NA,NA,NA,NA,NA,NA,2.61509853524301,0.044478,12.25,3.795456,0.075,0.014826,0.00375,0,0,NA,0,NA,1.32,0.474432,8.27,1.660512,0.045,0.014826,NA,NA,NA,NA,NA,NA,NA,NA,NA,NA,NA,NA,NA,NA,NA,NA,NA,NA,NA,NA,NA,NA,NA,NA,NA,NA
"100","DeeJay Dallas","SEA","RB","2565144","robust",NA,NA,NA,NA,NA,NA,NA,NA,NA,NA,3.9,0.14826,15.8,0.311346000000001,0.1,0,0.0125,0.037065,0,NA,0,NA,1,0.385476,7.41,1.868076,0,0,NA,NA,NA,NA,NA,NA,NA,NA,NA,NA,NA,NA,NA,NA,NA,NA,NA,NA,NA,NA,NA,NA,NA,NA,NA,NA
"101","James Cook","BUF","RB","2567328","robust",NA,NA,NA,NA,NA,NA,NA,NA,NA,NA,3.3,0.29652,15.7,3.11346,0.12,0.059304,0.048,0.0711648,0,NA,0,NA,0.705,0.29652,5.9,0.889560000000001,0,0,NA,NA,NA,NA,NA,NA,NA,NA,NA,NA,NA,NA,NA,NA,NA,NA,NA,NA,NA,NA,NA,NA,NA,NA,NA,NA
"102","Rex Burkhead","HOU","RB","2539265","robust",NA,NA,NA,NA,NA,NA,NA,NA,NA,NA,3.39588876967362,0.7413,13.1975,2.461116,0.1,0,0.0125,0.037065,0,NA,0,NA,2.775,0.14826,19.8275,1.77912,0.1,0.014826,NA,NA,NA,NA,NA,NA,NA,NA,NA,NA,NA,NA,NA,NA,NA,NA,NA,NA,NA,NA,NA,NA,NA,NA,NA,NA
"103","Deon Jackson","IND","RB","2565603","robust",NA,NA,NA,NA,NA,NA,NA,NA,NA,NA,2.65,1.03782,10.65,4.15128,0.0925,0,0.001,0,0,NA,0,NA,0.515,0.44478,4.45,3.40998,0,0,NA,NA,NA,NA,NA,NA,NA,NA,NA,NA,NA,NA,NA,NA,NA,NA,NA,NA,NA,NA,NA,NA,NA,NA,NA,NA
"104","Snoop Conner","JAC","RB","2567730","robust",NA,NA,NA,NA,NA,NA,NA,NA,NA,NA,3.1,0.0067186217064697,15.01,0.266868,0.1,0,0,0,0,NA,0,NA,0.6,0.118608,5.25,1.92738,0,0,NA,NA,NA,NA,NA,NA,NA,NA,NA,NA,NA,NA,NA,NA,NA,NA,NA,NA,NA,NA,NA,NA,NA,NA,NA,NA
"105","Travis Homer","SEA","RB","2562665","robust",NA,NA,NA,NA,NA,NA,NA,NA,NA,NA,1.9,0.434164714878363,10.34,3.33585,0.07,0.022239,0,0,0,NA,0,NA,0.75,0.0741300000000001,6.435,1.33434,0.01,0,NA,NA,NA,NA,NA,NA,NA,NA,NA,NA,NA,NA,NA,NA,NA,NA,NA,NA,NA,NA,NA,NA,NA,NA,NA,NA
"106","Boston Scott","PHI","RB","2561146","robust",NA,NA,NA,NA,NA,NA,NA,NA,NA,NA,3.2,0.59304,12.9975,4.106802,0.1,0,0.002,0,0,NA,0,NA,0.3,0.088956,2.1,0.845082,0,0,NA,NA,NA,NA,NA,NA,NA,NA,NA,NA,NA,NA,NA,NA,NA,NA,NA,NA,NA,NA,NA,NA,NA,NA,NA,NA
"107","Matt Breida","NYG","RB","2558918","robust",NA,NA,NA,NA,NA,NA,NA,NA,NA,NA,3.5,0.59304,13.57,0.889560000000002,0.05,0.029652,0.054,0.0681996,0,NA,0,NA,0.94,0.14826,8.075,0.889559999999999,0,0,NA,NA,NA,NA,NA,NA,NA,NA,NA,NA,NA,NA,NA,NA,NA,NA,NA,NA,NA,NA,NA,NA,NA,NA,NA,NA
"108","J.D. McKissic","WAS","RB","2556440","robust",NA,NA,NA,NA,NA,NA,NA,NA,NA,NA,2.03929232898392,0.158889227806251,8.9875,0.815429999999998,0.0225,0,0.0125,0.037065,0,NA,0,NA,2.6,0.59304,19.95,5.9304,0.05,0.088956,NA,NA,NA,NA,NA,NA,NA,NA,NA,NA,NA,NA,NA,NA,NA,NA,NA,NA,NA,NA,NA,NA,NA,NA,NA,NA
"109","Ty Johnson","NYJ","RB","2562293","robust",NA,NA,NA,NA,NA,NA,NA,NA,NA,NA,2.45,0.51891,9.4,1.18608,0.09,0,0.001,0,0,NA,0,NA,0.6,0.192738,5.2,2.335095,0.01,0,NA,NA,NA,NA,NA,NA,NA,NA,NA,NA,NA,NA,NA,NA,NA,NA,NA,NA,NA,NA,NA,NA,NA,NA,NA,NA
"110","Nyheim Hines","IND","RB","2560742","robust",NA,NA,NA,NA,NA,NA,NA,NA,NA,NA,2.635,0.59304,9.6,3.217242,0.0525,0.044478,0.0125,0.037065,0,NA,0.03,0,2.8,0.29652,22.525,3.26172,0.0925,0.014826,NA,NA,NA,NA,NA,NA,NA,NA,NA,NA,NA,NA,NA,NA,NA,NA,NA,NA,NA,NA,NA,NA,NA,NA,NA,NA
"111","Trey Sermon","PHI","RB","2566544","robust",NA,NA,NA,NA,NA,NA,NA,NA,NA,NA,2,0,10,0.148259999999999,0.055,0,0,0,0,NA,0,NA,0.15,0,1.19,0,0,0,NA,NA,NA,NA,NA,NA,NA,NA,NA,NA,NA,NA,NA,NA,NA,NA,NA,NA,NA,NA,NA,NA,NA,NA,NA,NA
"112","D'Ernest Johnson","CLE","RB","2563327","robust",NA,NA,NA,NA,NA,NA,NA,NA,NA,NA,1.445,0.556618438862587,7.81,3.550827,0.075,0,0,0,0,NA,0,NA,0.43,0.214977,3.265,1.905141,0.015,0,NA,NA,NA,NA,NA,NA,NA,NA,NA,NA,NA,NA,NA,NA,NA,NA,NA,NA,NA,NA,NA,NA,NA,NA,NA,NA
"113","Hassan Haskins","TEN","RB","2567649","robust",NA,NA,NA,NA,NA,NA,NA,NA,NA,NA,1.69,0.133658990504209,7.7,0.526323000000001,0.07,0.037065,0.001,0,0,NA,0,NA,0.3,0.059304,2,0.0889560000000001,0.005,0,NA,NA,NA,NA,NA,NA,NA,NA,NA,NA,NA,NA,NA,NA,NA,NA,NA,NA,NA,NA,NA,NA,NA,NA,NA,NA
"114","Brandon Bolden","LVR","RB","2532797","robust",NA,NA,NA,NA,NA,NA,NA,NA,NA,NA,1.6,0.7413,6.485,2.676093,0.005,0,0,0,0.04,0,0,NA,1.195,0.252042,9.995,2.37216,0.08,0,NA,NA,NA,NA,NA,NA,NA,NA,NA,NA,NA,NA,NA,NA,NA,NA,NA,NA,NA,NA,NA,NA,NA,NA,NA,NA
"115","Justin Jefferson","MIN","WR","2564556","robust",NA,NA,NA,NA,NA,NA,NA,NA,NA,NA,0.1,0,0.797916666666667,0.29652,0.04,0.059304,0.0875,0.037065,0,NA,0,NA,7,0.0444780000000004,98.55,4.64053799999999,0.7,0.29652,NA,NA,NA,NA,NA,NA,NA,NA,NA,NA,NA,NA,NA,NA,NA,NA,NA,NA,NA,NA,NA,NA,NA,NA,NA,NA
"116","Davante Adams","LVR","WR","2543495","robust",NA,NA,NA,NA,NA,NA,NA,NA,NA,NA,0.25,0.029652,0.723333333333333,0.694351,0.002,0,0.0875,0.037065,0,NA,0,NA,6.9,0.340997999999999,86.575,5.63388,0.795,0.14826,NA,NA,NA,NA,NA,NA,NA,NA,NA,NA,NA,NA,NA,NA,NA,NA,NA,NA,NA,NA,NA,NA,"Q","Illness",8,2022
"117","Tyreek Hill","MIA","WR","2556214","robust",NA,NA,NA,NA,NA,NA,NA,NA,NA,NA,0.540436241610738,NA,3.67333333333333,0.311346,0.00763766891443086,0,0.0875,0.037065,0,NA,0,NA,7.015,0.355824,92.4,8.30255999999999,0.675,0.29652,NA,NA,NA,NA,NA,NA,NA,NA,NA,NA,NA,NA,NA,NA,NA,NA,NA,NA,NA,NA,NA,NA,NA,NA,NA,NA
"118","Cooper Kupp","LAR","WR","2557898","robust",NA,NA,NA,NA,NA,NA,NA,NA,NA,NA,0.6,NA,4.67125,2.07564,0.090865285126692,0.014826,0.1,0,0,NA,0.01,0,7.705,0.29652,94.2775,4.032672,0.715,0.14826,NA,NA,NA,NA,NA,NA,NA,NA,NA,NA,NA,NA,NA,NA,NA,NA,NA,NA,NA,NA,NA,NA,NA,NA,NA,NA
"119","Stefon Diggs","BUF","WR","2552608","robust",NA,NA,NA,NA,NA,NA,NA,NA,NA,NA,0,0,0,0,0,0,0.0875,0.037065,0,NA,0,NA,6.96,0.59304,85.8025,1.58638199999999,0.7,0.014826,NA,NA,NA,NA,NA,NA,NA,NA,NA,NA,NA,NA,NA,NA,NA,NA,NA,NA,NA,NA,NA,NA,NA,NA,NA,NA
"120","DeAndre Hopkins","ARI","WR","2540165","robust",NA,NA,NA,NA,NA,NA,NA,NA,NA,NA,0,0,0,0,0,0,0.0875,0.037065,0,NA,0,NA,6.9,0.37065,82.15,0.429953999999988,0.5775,0.014826,NA,NA,NA,NA,NA,NA,NA,NA,NA,NA,NA,NA,NA,NA,NA,NA,NA,NA,NA,NA,NA,NA,NA,NA,NA,NA
"121","Jaylen Waddle","MIA","WR","2566292","robust",NA,NA,NA,NA,NA,NA,NA,NA,NA,NA,0.175,0.07413,1.06833333333333,0.0494200000000002,0,0,0.1,0,0,NA,0,NA,5.445,0.163086,74.5575,4.403322,0.575,0.14826,NA,NA,NA,NA,NA,NA,NA,NA,NA,NA,NA,NA,NA,NA,NA,NA,NA,NA,NA,NA,NA,NA,NA,NA,NA,NA
"122","A.J. Brown","PHI","WR","2562238","robust",NA,NA,NA,NA,NA,NA,NA,NA,NA,NA,0,0,0.1075,0.14826,0,0,0,0,0,NA,0,NA,5.4975,0.459605999999999,79.4125,3.009678,0.6,0.133434,NA,NA,NA,NA,NA,NA,NA,NA,NA,NA,NA,NA,NA,NA,NA,NA,NA,NA,NA,NA,NA,NA,NA,NA,NA,NA
"123","Tyler Lockett","SEA","WR","2552430","robust",NA,NA,NA,NA,NA,NA,NA,NA,NA,NA,0,0,0.1,0.046949,0,0,0.0875,0.037065,0,NA,0,NA,5.65,0.593039999999999,71.525,3.11345999999999,0.545,0.0889560000000001,NA,NA,NA,NA,NA,NA,NA,NA,NA,NA,NA,NA,NA,NA,NA,NA,NA,NA,NA,NA,NA,NA,"Q","Hamstring",8,2022
"124","Tee Higgins","CIN","WR","2563731","robust",NA,NA,NA,NA,NA,NA,NA,NA,NA,NA,0.0875,0.037065,0.235,0.177912,0,0,0,0,0,NA,0,NA,5.1225,0.0889559999999994,78.5075,5.91557399999999,0.65,0.14826,NA,NA,NA,NA,NA,NA,NA,NA,NA,NA,NA,NA,NA,NA,NA,NA,NA,NA,NA,NA,NA,NA,NA,NA,NA,NA
"125","Chris Olave","NO","WR","2567973","robust",NA,NA,NA,NA,NA,NA,NA,NA,NA,NA,0.0125,0.037065,0.206666666666667,0.29652,0,0,0.1125,0.037065,0,NA,0,NA,5.5225,0.7413,76.2,1.33434000000001,0.515,0.14826,NA,NA,NA,NA,NA,NA,NA,NA,NA,NA,NA,NA,NA,NA,NA,NA,NA,NA,NA,NA,NA,NA,NA,NA,NA,NA
"126","CeeDee Lamb","DAL","WR","2563848","robust",NA,NA,NA,NA,NA,NA,NA,NA,NA,NA,0.64,NA,4.1,1.040291,0.0118243125457382,0,0.0125,0.037065,0.07,0,0,NA,5.65,0.29652,73.75,4.59605999999999,0.56,0.14826,NA,NA,NA,NA,NA,NA,NA,NA,NA,NA,NA,NA,NA,NA,NA,NA,NA,NA,NA,NA,NA,NA,NA,NA,NA,NA
"127","Mike Evans","TB","WR","2543468","robust",NA,NA,NA,NA,NA,NA,NA,NA,NA,NA,0,0,0.025,0,0,0,0.0125,0.037065,0,NA,0,NA,5.5,0,74.8,1.63085999999999,0.675,0.118608,NA,NA,NA,NA,NA,NA,NA,NA,NA,NA,NA,NA,NA,NA,NA,NA,NA,NA,NA,NA,NA,NA,NA,NA,NA,NA
"128","Michael Pittman","IND","WR","2564136","robust",NA,NA,NA,NA,NA,NA,NA,NA,NA,NA,0.1,0,0.735416666666667,0.37065,0,0,0.1,0,0,NA,0,NA,4.91,0.266868,59.69,0.415128000000002,0.35,0.103782,NA,NA,NA,NA,NA,NA,NA,NA,NA,NA,NA,NA,NA,NA,NA,NA,NA,NA,NA,NA,NA,NA,NA,NA,NA,NA
"129","Amon-Ra St. Brown","DET","WR","2566073","robust",NA,NA,NA,NA,NA,NA,NA,NA,NA,NA,0.275,0.07413,3.25,0.649873,0,0,0.0875,0.037065,0,NA,0,NA,5.9775,0.593039999999999,65.78,7.413,0.6,0.14826,NA,NA,NA,NA,NA,NA,NA,NA,NA,NA,NA,NA,NA,NA,NA,NA,NA,NA,NA,NA,NA,NA,"Q","Concussion",8,2022
"130","Amari Cooper","CLE","WR","2552487","robust",NA,NA,NA,NA,NA,NA,NA,NA,NA,NA,0.0875,0.037065,0.095,0.022239,0,0,0,0,0,NA,0,NA,4.76,1.03782,63.7,1.03782,0.575,0.14826,NA,NA,NA,NA,NA,NA,NA,NA,NA,NA,NA,NA,NA,NA,NA,NA,NA,NA,NA,NA,NA,NA,NA,NA,NA,NA
"131","D.J. Moore","CAR","WR","2560813","robust",NA,NA,NA,NA,NA,NA,NA,NA,NA,NA,0.7,NA,4.7725,0.518910000000001,0.0144317068559167,0,0.062,0.0563388,0,NA,0,NA,5.1,0.207564,61.975,3.78063,0.3825,0.0593040000000001,NA,NA,NA,NA,NA,NA,NA,NA,NA,NA,NA,NA,NA,NA,NA,NA,NA,NA,NA,NA,NA,NA,NA,NA,NA,NA
"132","Chris Godwin","TB","WR","2558105","robust",NA,NA,NA,NA,NA,NA,NA,NA,NA,NA,0.3,NA,1.60666666666667,0.207564,0.00227675203494143,0,0.1,0,0,NA,0,NA,6.1,0.148260000000001,70.1275,3.85475999999999,0.44,0.088956,NA,NA,NA,NA,NA,NA,NA,NA,NA,NA,NA,NA,NA,NA,NA,NA,NA,NA,NA,NA,NA,NA,NA,NA,NA,NA
"133","Tyler Boyd","CIN","WR","2555466","robust",NA,NA,NA,NA,NA,NA,NA,NA,NA,NA,0.0875,0.037065,0.385,0.177912,0,0,0,0,0,NA,0,NA,4.925,0.252042,61.6025,1.33434,0.35,0.14826,NA,NA,NA,NA,NA,NA,NA,NA,NA,NA,NA,NA,NA,NA,NA,NA,NA,NA,NA,NA,NA,NA,NA,NA,NA,NA
"134","Brandon Aiyuk","SF","WR","2565093","robust",NA,NA,NA,NA,NA,NA,NA,NA,NA,NA,0.1,0,1.13625,0.88956,0.01,0,0.0125,0.037065,0,NA,0,NA,4.8,0.504084,63.3675,6.37518,0.38,0.0593040000000001,NA,NA,NA,NA,NA,NA,NA,NA,NA,NA,NA,NA,NA,NA,NA,NA,NA,NA,NA,NA,NA,NA,NA,NA,NA,NA
"135","Brandin Cooks","HOU","WR","2543498","robust",NA,NA,NA,NA,NA,NA,NA,NA,NA,NA,0,0,0.102916666666667,0.103782,0,0,0.0125,0.037065,0,NA,0,NA,5.305,0.266868,65.05,8.1543,0.4,0.0148259999999999,NA,NA,NA,NA,NA,NA,NA,NA,NA,NA,NA,NA,NA,NA,NA,NA,NA,NA,NA,NA,NA,NA,"Q","Wrist",8,2022
"136","Gabriel Davis","BUF","WR","2563602","robust",NA,NA,NA,NA,NA,NA,NA,NA,NA,NA,0,0,0.165,0.44478,0,0,0,0,0,NA,0,NA,3.475,0.14826,63.98,6.22692,0.69,0.252042,NA,NA,NA,NA,NA,NA,NA,NA,NA,NA,NA,NA,NA,NA,NA,NA,NA,NA,NA,NA,NA,NA,NA,NA,NA,NA
"137","Terry McLaurin","WAS","WR","2562489","robust",NA,NA,NA,NA,NA,NA,NA,NA,NA,NA,0.242213751944095,NA,1.70083333333333,0.7413,0.00112084993359894,0,0,0,0,NA,0,NA,4.325,1.03782,61.1,8.74734,0.335,0.192738,NA,NA,NA,NA,NA,NA,NA,NA,NA,NA,NA,NA,NA,NA,NA,NA,NA,NA,NA,NA,NA,NA,NA,NA,NA,NA
"138","DeVonta Smith","PHI","WR","2566409","robust",NA,NA,NA,NA,NA,NA,NA,NA,NA,NA,0,0,0,0,0,0,0.0125,0.037065,0,NA,0,NA,4.87,0.29652,65.6,3.97336799999999,0.455,0.133434,NA,NA,NA,NA,NA,NA,NA,NA,NA,NA,NA,NA,NA,NA,NA,NA,NA,NA,NA,NA,NA,NA,NA,NA,NA,NA
"139","Courtland Sutton","DEN","WR","2560888","robust",NA,NA,NA,NA,NA,NA,NA,NA,NA,NA,0.0875,0.037065,0.203333333333333,0.266868,0,0,0.0125,0.037065,0,NA,0,NA,4.7775,0.830256000000001,61.7,4.89258,0.25,0.14826,NA,NA,NA,NA,NA,NA,NA,NA,NA,NA,NA,NA,NA,NA,NA,NA,NA,NA,NA,NA,NA,NA,NA,NA,NA,NA
"140","Romeo Doubs","GB","WR","2567586","robust",NA,NA,NA,NA,NA,NA,NA,NA,NA,NA,0.0875,0.037065,0.155833333333333,0.177912,0,0,0.05,0.07413,0,NA,0.01,0,3.95,0.563388,43.9475,7.50195599999999,0.23,0.088956,NA,NA,NA,NA,NA,NA,NA,NA,NA,NA,NA,NA,NA,NA,NA,NA,NA,NA,NA,NA,NA,NA,NA,NA,NA,NA
"141","Christian Kirk","JAC","WR","2560781","robust",NA,NA,NA,NA,NA,NA,NA,NA,NA,NA,0.3,NA,1.76583333333333,0.397831,0.000571428571428571,0,0.05,0.07413,0,NA,0,NA,4.625,0.607865999999999,57.775,4.032672,0.4,0,NA,NA,NA,NA,NA,NA,NA,NA,NA,NA,NA,NA,NA,NA,NA,NA,NA,NA,NA,NA,NA,NA,NA,NA,NA,NA
"142","Jakobi Meyers","NE","WR","2562492","robust",NA,NA,NA,NA,NA,NA,NA,NA,NA,NA,0.175,0.07413,0.60375,0.44478,0,0,0,0,0,NA,0.01,0,4.4,0.148259999999999,57.36,3.55824000000001,0.3225,0.118608,NA,NA,NA,NA,NA,NA,NA,NA,NA,NA,NA,NA,NA,NA,NA,NA,NA,NA,NA,NA,NA,NA,NA,NA,NA,NA
"143","Jerry Jeudy","DEN","WR","2563896","robust",NA,NA,NA,NA,NA,NA,NA,NA,NA,NA,0.0875,0.037065,0.1,0.029652,0,0,0,0,0,NA,0,NA,4,0.148259999999999,61.25,3.11346,0.255,0.118608,NA,NA,NA,NA,NA,NA,NA,NA,NA,NA,NA,NA,NA,NA,NA,NA,NA,NA,NA,NA,NA,NA,NA,NA,NA,NA
"144","DK Metcalf","SEA","WR","2562685","robust",NA,NA,NA,NA,NA,NA,NA,NA,NA,NA,0,NA,0.184,0.14826,0,0,0.05,0.07413,0,NA,0,NA,3.325,0.44478,44,8.37669,0.205,0.14826,NA,NA,NA,NA,NA,NA,NA,NA,NA,NA,NA,NA,NA,NA,NA,NA,NA,NA,NA,NA,NA,NA,"Q","Knee",8,2022
"145","Darnell Mooney","CHI","WR","2563707","robust",NA,NA,NA,NA,NA,NA,NA,NA,NA,NA,0.0875,0.037065,0.513333333333333,0.336056,0,0,0,0,0,NA,0,NA,3.8675,0.14826,54,8.8956,0.2,0,NA,NA,NA,NA,NA,NA,NA,NA,NA,NA,NA,NA,NA,NA,NA,NA,NA,NA,NA,NA,NA,NA,NA,NA,NA,NA
"146","Diontae Johnson","PIT","WR","2562674","robust",NA,NA,NA,NA,NA,NA,NA,NA,NA,NA,0.5,NA,2.8,0.160615,0.00385798582806051,0,0.05,0.07413,0,NA,0,NA,5.335,0.29652,53.355,0.326171999999998,0.2775,0.044478,NA,NA,NA,NA,NA,NA,NA,NA,NA,NA,NA,NA,NA,NA,NA,NA,NA,NA,NA,NA,NA,NA,NA,NA,NA,NA
"147","Curtis Samuel","WAS","WR","2558066","robust",NA,NA,NA,NA,NA,NA,NA,NA,NA,NA,1.49813948306595,NA,8.67916666666667,2.66868,0.00743790849673203,0,0.091,0,0,NA,0,NA,4.5,0.44478,45.96,2.920722,0.2,0,NA,NA,NA,NA,NA,NA,NA,NA,NA,NA,NA,NA,NA,NA,NA,NA,NA,NA,NA,NA,NA,NA,NA,NA,NA,NA
"148","Robert Woods","TEN","WR","2540169","robust",NA,NA,NA,NA,NA,NA,NA,NA,NA,NA,0.325,0.07413,2.44,1.92738,0.00708333333333333,0,0.011,0.014826,0,NA,0,NA,4.5025,0.311346,55.4,7.413,0.215,0.044478,NA,NA,NA,NA,NA,NA,NA,NA,NA,NA,NA,NA,NA,NA,NA,NA,NA,NA,NA,NA,NA,NA,NA,NA,NA,NA
"149","George Pickens","PIT","WR","2568159","robust",NA,NA,NA,NA,NA,NA,NA,NA,NA,NA,0.139133879781421,NA,0.858333333333333,0.672112,0.000808743169398907,0,0.0125,0.037065,0,NA,0,NA,4.025,0.29652,49.5,2.683506,0.25,0.103782,NA,NA,NA,NA,NA,NA,NA,NA,NA,NA,NA,NA,NA,NA,NA,NA,NA,NA,NA,NA,NA,NA,NA,NA,NA,NA
"150","Wan'Dale Robinson","NYG","WR","2568012","robust",NA,NA,NA,NA,NA,NA,NA,NA,NA,NA,0.0125,0.037065,0.23,0.14826,0,0,0.0125,0.037065,0,NA,0,NA,4.25,0.222389999999999,50.1,3.7065,0.3375,0.103782,NA,NA,NA,NA,NA,NA,NA,NA,NA,NA,NA,NA,NA,NA,NA,NA,NA,NA,NA,NA,NA,NA,NA,NA,NA,NA
"151","Adam Thielen","MIN","WR","2541785","robust",NA,NA,NA,NA,NA,NA,NA,NA,NA,NA,0.0125,0.037065,0.10125,0.044478,0,0,0.0875,0.037065,0,NA,0,NA,4.9,0.148259999999999,53.7425,1.675338,0.435,0.14826,NA,NA,NA,NA,NA,NA,NA,NA,NA,NA,NA,NA,NA,NA,NA,NA,NA,NA,NA,NA,NA,NA,NA,NA,NA,NA
"152","Rondale Moore","ARI","WR","2566433","robust",NA,NA,NA,NA,NA,NA,NA,NA,NA,NA,0.54,NA,3.365,1.183609,0.00803179765856444,0,0.0125,0.037065,0,NA,0,NA,4.1,0.652343999999999,40.975,9.93342,0.145,0.088956,NA,NA,NA,NA,NA,NA,NA,NA,NA,NA,NA,NA,NA,NA,NA,NA,NA,NA,NA,NA,NA,NA,NA,NA,NA,NA
"153","Garrett Wilson","NYJ","WR","2568048","robust",NA,NA,NA,NA,NA,NA,NA,NA,NA,NA,0.0875,0.037065,0.1,0.056833,0,0,0,0,0,NA,0,NA,3.925,0.148259999999999,50.675,3.11346,0.27,0.044478,NA,NA,NA,NA,NA,NA,NA,NA,NA,NA,NA,NA,NA,NA,NA,NA,NA,NA,NA,NA,NA,NA,NA,NA,NA,NA
"154","Darius Slayton","NYG","WR","2562736","robust",NA,NA,NA,NA,NA,NA,NA,NA,NA,NA,0.0875,0.037065,0.03,0.133434,0,0,0,0,0,NA,0,NA,2.925,0.22239,43.27,3.40998,0.235,0.103782,NA,NA,NA,NA,NA,NA,NA,NA,NA,NA,NA,NA,NA,NA,NA,NA,NA,NA,NA,NA,NA,NA,NA,NA,NA,NA
"155","Elijah Moore","NYJ","WR","2566385","robust",NA,NA,NA,NA,NA,NA,NA,NA,NA,NA,0.4,NA,1.645,0.429954,0.0107790410824212,0.014826,0,0,0,NA,0,NA,2.915,0.177912,39.105,7.85778,0.125,0.07413,NA,NA,NA,NA,NA,NA,NA,NA,NA,NA,NA,NA,NA,NA,NA,NA,NA,NA,NA,NA,NA,NA,NA,NA,NA,NA
"156","Josh Reynolds","DET","WR","2558194","robust",NA,NA,NA,NA,NA,NA,NA,NA,NA,NA,0,0,0.05,0.081543,0,0,0,0,0,NA,0,NA,3.4325,0.29652,48.35,9.34038,0.25,0.133434,NA,NA,NA,NA,NA,NA,NA,NA,NA,NA,NA,NA,NA,NA,NA,NA,NA,NA,NA,NA,NA,NA,NA,NA,NA,NA
"157","Rashod Bateman","BAL","WR","2565836","robust",NA,NA,NA,NA,NA,NA,NA,NA,NA,NA,0,0,0.1475,0,0,0,0.05,0.07413,0,NA,0,NA,3.56,0.252042,50.935,1.24538399999999,0.25,0.14826,NA,NA,NA,NA,NA,NA,NA,NA,NA,NA,NA,NA,NA,NA,NA,NA,NA,NA,NA,NA,NA,NA,NA,NA,NA,NA
"158","Drake London","ATL","WR","2567250","robust",NA,NA,NA,NA,NA,NA,NA,NA,NA,NA,0.0125,0.037065,0.502083333333333,0.44478,0.01,0,0,0,0,NA,0,NA,4.05,0.148259999999999,50.25,1.71981599999999,0.3,0,NA,NA,NA,NA,NA,NA,NA,NA,NA,NA,NA,NA,NA,NA,NA,NA,NA,NA,NA,NA,NA,NA,NA,NA,NA,NA
"159","Donovan Peoples-Jones","CLE","WR","2563803","robust",NA,NA,NA,NA,NA,NA,NA,NA,NA,NA,0.123137583892617,NA,0.565,0.311346,0.000711409395973154,0,0.05,0.07413,0,NA,0,NA,3.415,0.14826,48.9,4.74432,0.2,0,NA,NA,NA,NA,NA,NA,NA,NA,NA,NA,NA,NA,NA,NA,NA,NA,NA,NA,NA,NA,NA,NA,NA,NA,NA,NA
"160","Hunter Renfrow","LVR","WR","2562712","robust",NA,NA,NA,NA,NA,NA,NA,NA,NA,NA,0.0125,0.037065,0.1,0.019768,0,0,0.05,0.07413,0,NA,0,NA,4.45,0.681996,47.175,6.81996,0.25,0.118608,NA,NA,NA,NA,NA,NA,NA,NA,NA,NA,NA,NA,NA,NA,NA,NA,NA,NA,NA,NA,NA,NA,NA,NA,NA,NA
"161","Olamide Zaccheaus","ATL","WR","2562808","robust",NA,NA,NA,NA,NA,NA,NA,NA,NA,NA,0,0,0.363333333333333,0.14826,0.01,0,0.05,0.07413,0,NA,0,NA,2.5,0.192738,34.425,2.37216,0.23,0.088956,NA,NA,NA,NA,NA,NA,NA,NA,NA,NA,NA,NA,NA,NA,NA,NA,NA,NA,NA,NA,NA,NA,NA,NA,NA,NA
"162","Marquise Goodwin","SEA","WR","2539964","robust",NA,NA,NA,NA,NA,NA,NA,NA,NA,NA,0.0125,0.037065,0.1,0.14826,0,0,0,0,0,NA,0,NA,2.9225,0.7413,39.8,3.85476,0.235,0.14826,NA,NA,NA,NA,NA,NA,NA,NA,NA,NA,NA,NA,NA,NA,NA,NA,NA,NA,NA,NA,NA,NA,NA,NA,NA,NA
"163","DeVante Parker","NE","WR","2552409","robust",NA,NA,NA,NA,NA,NA,NA,NA,NA,NA,0,0,0.045,0,0,0,0,0,0,NA,0,NA,3.075,0.29652,45.5,10.244766,0.2,0,NA,NA,NA,NA,NA,NA,NA,NA,NA,NA,NA,NA,NA,NA,NA,NA,NA,NA,NA,NA,NA,NA,NA,NA,NA,NA
"164","Sammy Watkins","GB","WR","2543457","robust",NA,NA,NA,NA,NA,NA,NA,NA,NA,NA,0,0,0.014,0,0,0,0,0,0,NA,0,NA,3.5,0.696822,43.3,3.476697,0.1,0.14826,NA,NA,NA,NA,NA,NA,NA,NA,NA,NA,NA,NA,NA,NA,NA,NA,NA,NA,NA,NA,NA,NA,NA,NA,NA,NA
"165","Michael Gallup","DAL","WR","2560735","robust",NA,NA,NA,NA,NA,NA,NA,NA,NA,NA,0,0,0.0525,0,0,0,0,0,0,NA,0,NA,3.295,0.355824,42.0775,5.026014,0.25,0.103782,NA,NA,NA,NA,NA,NA,NA,NA,NA,NA,NA,NA,NA,NA,NA,NA,NA,NA,NA,NA,NA,NA,NA,NA,NA,NA
"166","Alec Pierce","IND","WR","2567715","robust",NA,NA,NA,NA,NA,NA,NA,NA,NA,NA,0.0125,0.037065,0.0554166666666667,0.133434,0,0,0,0,0,NA,0,NA,3.1,0.29652,44.175,6.22692,0.2,0,NA,NA,NA,NA,NA,NA,NA,NA,NA,NA,NA,NA,NA,NA,NA,NA,NA,NA,NA,NA,NA,NA,NA,NA,NA,NA
"167","Allen Robinson","LAR","WR","2543509","robust",NA,NA,NA,NA,NA,NA,NA,NA,NA,NA,0,0,0.0275,0,0,0,0,0,0,NA,0,NA,3.2225,0.29652,40.05,5.78214,0.2,0.029652,NA,NA,NA,NA,NA,NA,NA,NA,NA,NA,NA,NA,NA,NA,NA,NA,NA,NA,NA,NA,NA,NA,NA,NA,NA,NA
"168","Tre'Quan Smith","NO","WR","2560878","robust",NA,NA,NA,NA,NA,NA,NA,NA,NA,NA,0,0,0.0870833333333333,0.032123,0,0,0.0125,0.037065,0,NA,0,NA,2.95,0.14826,42.3,4.59606,0.2,0.133434,NA,NA,NA,NA,NA,NA,NA,NA,NA,NA,NA,NA,NA,NA,NA,NA,NA,NA,NA,NA,NA,NA,NA,NA,NA,NA
"169","Kalif Raymond","DET","WR","2556661","robust",NA,NA,NA,NA,NA,NA,NA,NA,NA,NA,0.308492822966507,NA,2.2575,0.44478,0.00762167315451082,0,0.05,0.07413,0,NA,0.01,0,2.75,0.281694,35.8775,1.971858,0.1,0,NA,NA,NA,NA,NA,NA,NA,NA,NA,NA,NA,NA,NA,NA,NA,NA,NA,NA,NA,NA,NA,NA,NA,NA,NA,NA
"170","Robby Anderson","ARI","WR","2556462","robust",NA,NA,NA,NA,NA,NA,NA,NA,NA,NA,0.0875,0.037065,0.525,0.44478,0,0,0.05,0.07413,0,NA,0,NA,2.2225,1.33434,26.8075,18.38424,0.095,0.014826,NA,NA,NA,NA,NA,NA,NA,NA,NA,NA,NA,NA,NA,NA,NA,NA,NA,NA,NA,NA,NA,NA,NA,NA,NA,NA
"171","Parris Campbell","IND","WR","2562495","robust",NA,NA,NA,NA,NA,NA,NA,NA,NA,NA,0.0125,0.037065,0.2,0.14826,0,0,0,0,0,NA,0,NA,3.325,0.51891,39.72,6.22692,0.21,0.059304,NA,NA,NA,NA,NA,NA,NA,NA,NA,NA,NA,NA,NA,NA,NA,NA,NA,NA,NA,NA,NA,NA,NA,NA,NA,NA
"172","Zay Jones","JAC","WR","2557863","robust",NA,NA,NA,NA,NA,NA,NA,NA,NA,NA,0.25,NA,1.40083333333333,0.14826,0.000668316831683168,0,0,0,0,NA,0,NA,4.05,0.29652,41.155,3.7065,0.2,0.014826,NA,NA,NA,NA,NA,NA,NA,NA,NA,NA,NA,NA,NA,NA,NA,NA,NA,NA,NA,NA,NA,NA,NA,NA,NA,NA
"173","Noah Brown","DAL","WR","2558091","robust",NA,NA,NA,NA,NA,NA,NA,NA,NA,NA,0,0,0.0225,0,0,0,0.05,0.07413,0,NA,0,NA,2.91,0.14826,36.8,3.884412,0.1775,0.044478,NA,NA,NA,NA,NA,NA,NA,NA,NA,NA,NA,NA,NA,NA,NA,NA,NA,NA,NA,NA,NA,NA,"Q","Foot",8,2022
"174","Chase Claypool","PIT","WR","2564970","robust",NA,NA,NA,NA,NA,NA,NA,NA,NA,NA,0.895,NA,5.24875,0.148259999999999,0.0117968320966354,0,0,0,0,NA,0,NA,3.6,0.103782,42.83,0.415128000000002,0.2,0,NA,NA,NA,NA,NA,NA,NA,NA,NA,NA,NA,NA,NA,NA,NA,NA,NA,NA,NA,NA,NA,NA,NA,NA,NA,NA
"175","Jauan Jennings","SF","WR","2565114","robust",NA,NA,NA,NA,NA,NA,NA,NA,NA,NA,0,0,0.0225,0,0,0,0,0,0,NA,0,NA,2.4325,0.29652,29.5275,1.438122,0.1,0,NA,NA,NA,NA,NA,NA,NA,NA,NA,NA,NA,NA,NA,NA,NA,NA,NA,NA,NA,NA,NA,NA,"Q","Hamstring",8,2022
"176","Chris Moore","HOU","WR","2555209","robust",NA,NA,NA,NA,NA,NA,NA,NA,NA,NA,0,0,0,0,0,0,0,0,0,NA,0,NA,2.4425,0.429954,31.8525,6.034182,0.19,0.029652,NA,NA,NA,NA,NA,NA,NA,NA,NA,NA,NA,NA,NA,NA,NA,NA,NA,NA,NA,NA,NA,NA,NA,NA,NA,NA
"177","Khalil Shakir","BUF","WR","2567334","robust",NA,NA,NA,NA,NA,NA,NA,NA,NA,NA,0.0125,0.037065,0.345,0.207564,0,0,0.0125,0.037065,0,NA,0.01,0,1.35,0.266868,18.3,0.785778000000002,0.0975,0.07413,NA,NA,NA,NA,NA,NA,NA,NA,NA,NA,NA,NA,NA,NA,NA,NA,NA,NA,NA,NA,NA,NA,NA,NA,NA,NA
"178","Mack Hollins","LVR","WR","2558262","robust",NA,NA,NA,NA,NA,NA,NA,NA,NA,NA,0,0,0,0,0,0,0,0,0,NA,0,NA,2.65,0.14826,38.8,2.401812,0.225,0.14826,NA,NA,NA,NA,NA,NA,NA,NA,NA,NA,NA,NA,NA,NA,NA,NA,NA,NA,NA,NA,NA,NA,"Q","Heel",8,2022
"179","Marvin Jones","JAC","WR","2532884","robust",NA,NA,NA,NA,NA,NA,NA,NA,NA,NA,0,0,0,0,0,0,0,0,0,NA,0,NA,2.925,0.385476,34.4,5.33736,0.2,0,NA,NA,NA,NA,NA,NA,NA,NA,NA,NA,NA,NA,NA,NA,NA,NA,NA,NA,NA,NA,NA,NA,NA,NA,NA,NA
"180","Isaiah McKenzie","BUF","WR","2558129","robust",NA,NA,NA,NA,NA,NA,NA,NA,NA,NA,0.435,NA,2.8,0.29652,0.0076572680354193,0,0,0,0,NA,0.01,0,3.055,0.14826,32.75,2.2239,0.285,0.14826,NA,NA,NA,NA,NA,NA,NA,NA,NA,NA,NA,NA,NA,NA,NA,NA,NA,NA,NA,NA,NA,NA,NA,NA,NA,NA
"181","Ben Skowronek","LAR","WR","2566247","robust",NA,NA,NA,NA,NA,NA,NA,NA,NA,NA,0.0875,0.037065,0.8925,0.422541,0.02875,0.014826,0,0,0,NA,0,NA,2.35,1.03782,27.1225,10.67472,0.085,0.029652,NA,NA,NA,NA,NA,NA,NA,NA,NA,NA,NA,NA,NA,NA,NA,NA,NA,NA,NA,NA,NA,NA,NA,NA,NA,NA
"182","Devin Duvernay","BAL","WR","2563551","robust",NA,NA,NA,NA,NA,NA,NA,NA,NA,NA,0.616533305170036,NA,3.775,0.943922000000001,0.010948691728347,0,0.0125,0.037065,0,NA,0.06,0,3.105,0.14826,36.7725,2.66868000000001,0.2275,0.044478,NA,NA,NA,NA,NA,NA,NA,NA,NA,NA,NA,NA,NA,NA,NA,NA,NA,NA,NA,NA,NA,NA,NA,NA,NA,NA
"183","Phillip Dorsett","HOU","WR","2552424","robust",NA,NA,NA,NA,NA,NA,NA,NA,NA,NA,0.0125,0.037065,0.15375,0.14826,0,0,0,0,0,NA,0,NA,2.2575,0.756126,31,5.9304,0.1,0,NA,NA,NA,NA,NA,NA,NA,NA,NA,NA,NA,NA,NA,NA,NA,NA,NA,NA,NA,NA,NA,NA,NA,NA,NA,NA
"184","Christian Watson","GB","WR","2567637","robust",NA,NA,NA,NA,NA,NA,NA,NA,NA,NA,0.495,0.14826,2.86,1.18608,0.06,0.07413,0.0875,0.0185325,0,NA,0,NA,2.61,0.37065,31.425,5.33736,0.13,0.029652,NA,NA,NA,NA,NA,NA,NA,NA,NA,NA,NA,NA,NA,NA,NA,NA,NA,NA,NA,NA,NA,NA,"Q","Hamstring",8,2022
"185","Nick Westbrook-Ikhine","TEN","WR","2565477","robust",NA,NA,NA,NA,NA,NA,NA,NA,NA,NA,0,0,0,0,0,0,0,0,0,NA,0,NA,2.5,0.281694,33.995,3.810282,0.1,0,NA,NA,NA,NA,NA,NA,NA,NA,NA,NA,NA,NA,NA,NA,NA,NA,NA,NA,NA,NA,NA,NA,NA,NA,NA,NA
"186","Richie James","NYG","WR","2560761","robust",NA,NA,NA,NA,NA,NA,NA,NA,NA,NA,0.155,NA,0.7475,0.0889559999999999,0.000789772727272727,0,0.1,0,0,NA,0,NA,1.7,0.59304,20.5,12.6021,0.1,0.07413,NA,NA,NA,NA,NA,NA,NA,NA,NA,NA,NA,NA,NA,NA,NA,NA,NA,NA,NA,NA,NA,NA,NA,NA,NA,NA
"187","Tyquan Thornton","NE","WR","2567958","robust",NA,NA,NA,NA,NA,NA,NA,NA,NA,NA,0.380772311212815,NA,2.205,0.901915,0.012,0.029652,0.0125,0.037065,0,NA,0,NA,2.62,0.14826,31.38,4.4478,0.1625,0.07413,NA,NA,NA,NA,NA,NA,NA,NA,NA,NA,NA,NA,NA,NA,NA,NA,NA,NA,NA,NA,NA,NA,NA,NA,NA,NA
"188","K.J. Osborn","MIN","WR","2564574","robust",NA,NA,NA,NA,NA,NA,NA,NA,NA,NA,0.1,NA,0.540833333333333,0.242158,0.002,0,0,0,0,NA,0.01,0,2.985,0.103782,35.3775,1.645686,0.2275,0.044478,NA,NA,NA,NA,NA,NA,NA,NA,NA,NA,NA,NA,NA,NA,NA,NA,NA,NA,NA,NA,NA,NA,NA,NA,NA,NA
"189","Rashard Higgins","CAR","WR","2555468","robust",NA,NA,NA,NA,NA,NA,NA,NA,NA,NA,0,0,0,0,0,0,0,0,0,NA,0,NA,1,0.615279,12.75,7.70952,0.005,0.007413,NA,NA,NA,NA,NA,NA,NA,NA,NA,NA,NA,NA,NA,NA,NA,NA,NA,NA,NA,NA,NA,NA,NA,NA,NA,NA
"190","Marquez Callaway","NO","WR","2565310","robust",NA,NA,NA,NA,NA,NA,NA,NA,NA,NA,0,0,0.02,0,0,0,0.0125,0.037065,0,NA,0.01,0,2.65,0.14826,33.15,1.660512,0.2,0,NA,NA,NA,NA,NA,NA,NA,NA,NA,NA,NA,NA,NA,NA,NA,NA,NA,NA,NA,NA,NA,NA,NA,NA,NA,NA
"191","Nelson Agholor","NE","WR","2552600","robust",NA,NA,NA,NA,NA,NA,NA,NA,NA,NA,0.0125,0.0185325,0.215,0.14826,0,0,0.075,0.07413,0,NA,0,NA,1.495,0.259455,21.705,2.980026,0.1,0.022239,NA,NA,NA,NA,NA,NA,NA,NA,NA,NA,NA,NA,NA,NA,NA,NA,NA,NA,NA,NA,NA,NA,"Q","Hamstring",8,2022
"192","KhaDarel Hodge","ATL","WR","2561653","robust",NA,NA,NA,NA,NA,NA,NA,NA,NA,NA,0,0,0.015,0,0,0,0,0,0,NA,0,NA,1.2,0.29652,16.64,2.194248,0.08,0.00741300000000001,NA,NA,NA,NA,NA,NA,NA,NA,NA,NA,NA,NA,NA,NA,NA,NA,NA,NA,NA,NA,NA,NA,NA,NA,NA,NA
"193","Marcus Johnson","NYG","WR","2556855","robust",NA,NA,NA,NA,NA,NA,NA,NA,NA,NA,0.1,0,0,0,0,0,0,0,0,NA,0,NA,2.15,0.37065,30.15,3.587892,0.15,0.059304,NA,NA,NA,NA,NA,NA,NA,NA,NA,NA,NA,NA,NA,NA,NA,NA,NA,NA,NA,NA,NA,NA,NA,NA,NA,NA
"194","Van Jefferson","LAR","WR","2564358","robust",NA,NA,NA,NA,NA,NA,NA,NA,NA,NA,0.0875,0.037065,0.28625,0.214977,0.01,0,0,0,0,NA,0,NA,2.1425,0.14826,29.45,3.55824,0.13,0.044478,NA,NA,NA,NA,NA,NA,NA,NA,NA,NA,NA,NA,NA,NA,NA,NA,NA,NA,NA,NA,NA,NA,NA,NA,NA,NA
"195","Equanimeous St. Brown","CHI","WR","2560883","robust",NA,NA,NA,NA,NA,NA,NA,NA,NA,NA,0.325658735404274,NA,1.85,0.2120118,0.01,0.00558006264786039,0,0,0,NA,0,NA,1.985,0.392889,27.44,3.55824,0.1,0.014826,NA,NA,NA,NA,NA,NA,NA,NA,NA,NA,NA,NA,NA,NA,NA,NA,NA,NA,NA,NA,NA,NA,NA,NA,NA,NA
"196","A.J. Green","ARI","WR","2495450","robust",NA,NA,NA,NA,NA,NA,NA,NA,NA,NA,0,0,0,0,0,0,0,0,0,NA,0,NA,1.735,0.0741300000000001,20.365,1.163841,0.065,0,NA,NA,NA,NA,NA,NA,NA,NA,NA,NA,NA,NA,NA,NA,NA,NA,NA,NA,NA,NA,NA,NA,NA,NA,NA,NA
"197","Laviska Shenault","CAR","WR","2564232","robust",NA,NA,NA,NA,NA,NA,NA,NA,NA,NA,0.4,NA,2.225,0.533736,0.00635535411108416,0,0,0,0,NA,0,NA,1.975,0.652344,20.055,2.134944,0.1,0.044478,NA,NA,NA,NA,NA,NA,NA,NA,NA,NA,NA,NA,NA,NA,NA,NA,NA,NA,NA,NA,NA,NA,NA,NA,NA,NA
"198","Julio Jones","TB","WR","2495454","robust",NA,NA,NA,NA,NA,NA,NA,NA,NA,NA,0.1875,0.037065,1.5,0.252042,0,0,0,0,0,NA,0,NA,2.29,0.118608,31.25,0.103782,0.175,0.014826,NA,NA,NA,NA,NA,NA,NA,NA,NA,NA,NA,NA,NA,NA,NA,NA,NA,NA,NA,NA,NA,NA,NA,NA,NA,NA
"199","Kendrick Bourne","NE","WR","2558914","robust",NA,NA,NA,NA,NA,NA,NA,NA,NA,NA,0.35,NA,2.36166666666667,0.168028,0.00633942403881054,0,0,0,0,NA,0,NA,1.52,0.59304,19.845,12.424188,0.1,0,NA,NA,NA,NA,NA,NA,NA,NA,NA,NA,NA,NA,NA,NA,NA,NA,NA,NA,NA,NA,NA,NA,NA,NA,NA,NA
"200","Shi Smith","CAR","WR","2565908","robust",NA,NA,NA,NA,NA,NA,NA,NA,NA,NA,0,0,0.1,0.14826,0,0,0,0,0,NA,0.01,0,2.045,0.14826,25.9875,3.48411,0.1,0,NA,NA,NA,NA,NA,NA,NA,NA,NA,NA,NA,NA,NA,NA,NA,NA,NA,NA,NA,NA,NA,NA,NA,NA,NA,NA
"201","Ray-Ray McCloud","SF","WR","2560801","robust",NA,NA,NA,NA,NA,NA,NA,NA,NA,NA,0,0,0.2,0.29652,0,0,0,0,0,NA,0.01,0,2.1,0.88956,21.5,8.1543,0.1,0,NA,NA,NA,NA,NA,NA,NA,NA,NA,NA,NA,NA,NA,NA,NA,NA,NA,NA,NA,NA,NA,NA,NA,NA,NA,NA
"202","Braxton Berrios","NYJ","WR","2560975","robust",NA,NA,NA,NA,NA,NA,NA,NA,NA,NA,1.08432151490149,NA,8.34416666666667,0.815429999999998,0.1,0.014826,0.011,0.014826,0,NA,0.01,0,1.825,0.252042,18.475,3.914064,0.1,0,NA,NA,NA,NA,NA,NA,NA,NA,NA,NA,NA,NA,NA,NA,NA,NA,NA,NA,NA,NA,NA,NA,NA,NA,NA,NA
"203","Mike Thomas","CIN","WR","2556381","robust",NA,NA,NA,NA,NA,NA,NA,NA,NA,NA,0,0,0.05,0.07413,0,0,0.05,0.07413,0,NA,0,NA,1.7,0.392889,23.875,6.44931,0.13,0.029652,NA,NA,NA,NA,NA,NA,NA,NA,NA,NA,NA,NA,NA,NA,NA,NA,NA,NA,NA,NA,NA,NA,NA,NA,NA,NA
"204","David Bell","CLE","WR","2567460","robust",NA,NA,NA,NA,NA,NA,NA,NA,NA,NA,0,0,0.094,0.07413,0,0,0,0,0,NA,0,NA,1.35,0.326172,16.215,4.52193,0.05,0.051891,NA,NA,NA,NA,NA,NA,NA,NA,NA,NA,NA,NA,NA,NA,NA,NA,NA,NA,NA,NA,NA,NA,NA,NA,NA,NA
"205","KJ Hamler","DEN","WR","2563890","robust",NA,NA,NA,NA,NA,NA,NA,NA,NA,NA,0.2,0,1.10083333333333,0.298991,0,0,0,0,0,NA,0,NA,1.5725,0.44478,24.1,5.63388,0.08,0.029652,NA,NA,NA,NA,NA,NA,NA,NA,NA,NA,NA,NA,NA,NA,NA,NA,NA,NA,NA,NA,NA,NA,NA,NA,NA,NA
"206","David Sills","NYG","WR","2562732","robust",NA,NA,NA,NA,NA,NA,NA,NA,NA,NA,0,0,0.0841666666666667,0.034594,0,0,0,0,0,NA,0,NA,1.5,0.7413,18.4,9.34038,0.0775,0.029652,NA,NA,NA,NA,NA,NA,NA,NA,NA,NA,NA,NA,NA,NA,NA,NA,NA,NA,NA,NA,NA,NA,NA,NA,NA,NA
"207","Tutu Atwell","LAR","WR","2566196","robust",NA,NA,NA,NA,NA,NA,NA,NA,NA,NA,0.1,0,0.85,0.22239,0,0,0,0,0,NA,0,NA,0.7,0.348411,10.5,5.463381,0.015,0.007413,NA,NA,NA,NA,NA,NA,NA,NA,NA,NA,NA,NA,NA,NA,NA,NA,NA,NA,NA,NA,NA,NA,NA,NA,NA,NA
"208","Cedrick Wilson","MIA","WR","2560936","robust",NA,NA,NA,NA,NA,NA,NA,NA,NA,NA,0.154236530292868,NA,0.85,0.254513,0.000973004694835681,0,0,0,0,NA,0,NA,1.11,0.14826,14.115,0.148259999999999,0.095,0.014826,NA,NA,NA,NA,NA,NA,NA,NA,NA,NA,NA,NA,NA,NA,NA,NA,NA,NA,NA,NA,NA,NA,NA,NA,NA,NA
"209","Damiere Byrd","ATL","WR","2553499","robust",NA,NA,NA,NA,NA,NA,NA,NA,NA,NA,0.0125,0.0185325,0.1,0.096369,0,0,0,0,0,NA,0,NA,1.445,0.29652,17.1,5.233578,0.1,0.022239,NA,NA,NA,NA,NA,NA,NA,NA,NA,NA,NA,NA,NA,NA,NA,NA,NA,NA,NA,NA,NA,NA,NA,NA,NA,NA
"210","Quez Watkins","PHI","WR","2564880","robust",NA,NA,NA,NA,NA,NA,NA,NA,NA,NA,0.106095387840671,NA,0.535,0.348411,0.00181603773584906,0.00200011132075472,0,0,0,NA,0,NA,1.395,0.59304,17.05,7.33887,0.08,0.014826,NA,NA,NA,NA,NA,NA,NA,NA,NA,NA,NA,NA,NA,NA,NA,NA,NA,NA,NA,NA,NA,NA,NA,NA,NA,NA
"211","Kendall Hinton","DEN","WR","2563893","robust",NA,NA,NA,NA,NA,NA,NA,NA,NA,NA,0.0125,0.0185325,0.1,0.037065,0,0,0,0,0,NA,0,NA,0.825,0.348411,12.7,4.959297,0.05,0.066717,NA,NA,NA,NA,NA,NA,NA,NA,NA,NA,NA,NA,NA,NA,NA,NA,NA,NA,NA,NA,NA,NA,NA,NA,NA,NA
"212","Danny Gray","SF","WR","2568210","robust",NA,NA,NA,NA,NA,NA,NA,NA,NA,NA,0,0,0.18,0.14826,0,0,0,0,0,NA,0,NA,1.1,0.37065,14.4,7.309218,0.05,0.07413,NA,NA,NA,NA,NA,NA,NA,NA,NA,NA,NA,NA,NA,NA,NA,NA,NA,NA,NA,NA,NA,NA,NA,NA,NA,NA
"213","Jalen Tolbert","DAL","WR","2567508","robust",NA,NA,NA,NA,NA,NA,NA,NA,NA,NA,0.0666666666666667,0.04942,0.35,0.44478,0,0,0.0333333333333333,0.04942,0,NA,0,NA,0.66,0.29652,8.2,5.441142,0.02,0.029652,NA,NA,NA,NA,NA,NA,NA,NA,NA,NA,NA,NA,NA,NA,NA,NA,NA,NA,NA,NA,NA,NA,NA,NA,NA,NA
"214","Dyami Brown","WAS","WR","2566586","robust",NA,NA,NA,NA,NA,NA,NA,NA,NA,NA,0,0,-0.05,0.07413,0,0,0,0,0,NA,0.01,0,0.995,0.44478,14.39,3.869586,0.1,0.014826,NA,NA,NA,NA,NA,NA,NA,NA,NA,NA,NA,NA,NA,NA,NA,NA,NA,NA,NA,NA,NA,NA,"Q","Groin",8,2022
"215","Breshad Perriman","TB","WR","2552597","robust",NA,NA,NA,NA,NA,NA,NA,NA,NA,NA,0.2,0.184318665322581,0.84,0.66717,0.002,0,0.05,0.07413,0,NA,0,NA,1.1,0.467019,17.6,4.840689,0.1,0.022239,NA,NA,NA,NA,NA,NA,NA,NA,NA,NA,NA,NA,NA,NA,NA,NA,NA,NA,NA,NA,NA,NA,NA,NA,NA,NA
"216","Trent Sherfield","MIA","WR","2561272","robust",NA,NA,NA,NA,NA,NA,NA,NA,NA,NA,0,0,0.008,0,0,0,0,0,0,NA,0,NA,1.7,0.29652,19.385,3.365502,0.06,0.022239,NA,NA,NA,NA,NA,NA,NA,NA,NA,NA,NA,NA,NA,NA,NA,NA,NA,NA,NA,NA,NA,NA,NA,NA,NA,NA
"217","Dante Pettis","CHI","WR","2560836","robust",NA,NA,NA,NA,NA,NA,NA,NA,NA,NA,0.0125,0.0185325,1,0.111195,0,0,0,0,0,NA,0,NA,1.33,0.103782,20.175,2.07564,0.11,0.00741300000000001,NA,NA,NA,NA,NA,NA,NA,NA,NA,NA,NA,NA,NA,NA,NA,NA,NA,NA,NA,NA,NA,NA,NA,NA,NA,NA
"218","Bryan Edwards","ATL","WR","2564418","robust",NA,NA,NA,NA,NA,NA,NA,NA,NA,NA,0,0,0,0,0,0,0,0,0,NA,0,NA,0.74,0.118608,9.7,4.00302,0.1,0.059304,NA,NA,NA,NA,NA,NA,NA,NA,NA,NA,NA,NA,NA,NA,NA,NA,NA,NA,NA,NA,NA,NA,NA,NA,NA,NA
"219","Cody Hollister","TEN","WR","2558955","robust",NA,NA,NA,NA,NA,NA,NA,NA,NA,NA,0.0125,0.0185325,0.1,0.037065,0,0,0.0125,0.0185325,0,NA,0,NA,0.94,0.22239,13.79,8.08017,0.06,0.051891,NA,NA,NA,NA,NA,NA,NA,NA,NA,NA,NA,NA,NA,NA,NA,NA,NA,NA,NA,NA,NA,NA,NA,NA,NA,NA
"220","Juwann Winfree","GB","WR","2562956","robust",NA,NA,NA,NA,NA,NA,NA,NA,NA,NA,0,0,0,0,0,0,0,0,NA,NA,NA,NA,1.8,0,21,0,0.1,0,NA,NA,NA,NA,NA,NA,NA,NA,NA,NA,NA,NA,NA,NA,NA,NA,NA,NA,NA,NA,NA,NA,NA,NA,NA,NA
"221","Mason Kinsey","TEN","WR","2565459","robust",NA,NA,NA,NA,NA,NA,NA,NA,NA,NA,0,0,0,0,0,0,0,0,0,NA,0,NA,1.2,0,15.25,0,0.075,0,NA,NA,NA,NA,NA,NA,NA,NA,NA,NA,NA,NA,NA,NA,NA,NA,NA,NA,NA,NA,NA,NA,NA,NA,NA,NA
"222","D'Wayne Eskridge","SEA","WR","2566553","robust",NA,NA,NA,NA,NA,NA,NA,NA,NA,NA,0.0666666666666667,0.02471,1,0.281694,0,0,0,0,0,NA,0.01,0,1.015,0.533736,10.69,7.33887,0.05,0.059304,NA,NA,NA,NA,NA,NA,NA,NA,NA,NA,NA,NA,NA,NA,NA,NA,NA,NA,NA,NA,NA,NA,NA,NA,NA,NA
"223","Greg Dortch","ARI","WR","2562561","robust",NA,NA,NA,NA,NA,NA,NA,NA,NA,NA,0.1,0,0.8,0.44478,0,0,0,0,0,NA,0,NA,1.25,0.29652,12.95,2.89107,0.1,0.044478,NA,NA,NA,NA,NA,NA,NA,NA,NA,NA,NA,NA,NA,NA,NA,NA,NA,NA,NA,NA,NA,NA,NA,NA,NA,NA
"224","Amari Rodgers","GB","WR","2566091","robust",NA,NA,NA,NA,NA,NA,NA,NA,NA,NA,0,0,0.2,0.14826,0.0125,0,0,0,0,NA,0,NA,1.04,0.29652,12.29,4.00302,0.05,0.059304,NA,NA,NA,NA,NA,NA,NA,NA,NA,NA,NA,NA,NA,NA,NA,NA,NA,NA,NA,NA,NA,NA,NA,NA,NA,NA
"225","Denzel Mims","NYJ","WR","2564802","robust",NA,NA,NA,NA,NA,NA,NA,NA,NA,NA,0,0,0.105,0.037065,0,0,0,0,0,NA,0,NA,0.985,0.0741300000000001,13.35,3.48411,0.05,0.07413,NA,NA,NA,NA,NA,NA,NA,NA,NA,NA,NA,NA,NA,NA,NA,NA,NA,NA,NA,NA,NA,NA,NA,NA,NA,NA
"226","Demarcus Robinson","BAL","WR","2555478","robust",NA,NA,NA,NA,NA,NA,NA,NA,NA,NA,0,0,0,0,0,0,0,0,0,NA,0,NA,1.41,0.22239,14.65,2.74281,0.1,0,NA,NA,NA,NA,NA,NA,NA,NA,NA,NA,NA,NA,NA,NA,NA,NA,NA,NA,NA,NA,NA,NA,NA,NA,NA,NA
"227","Cam Sims","WAS","WR","2561067","robust",NA,NA,NA,NA,NA,NA,NA,NA,NA,NA,0,0,0,0,0,0,0,0,0,NA,0,NA,1.25,0.37065,13.25,0.904385999999999,0.095,0,NA,NA,NA,NA,NA,NA,NA,NA,NA,NA,NA,NA,NA,NA,NA,NA,NA,NA,NA,NA,NA,NA,NA,NA,NA,NA
"228","James Proche","BAL","WR","2563572","robust",NA,NA,NA,NA,NA,NA,NA,NA,NA,NA,0,0,0.0075,0,0,0,0,0,0,NA,0,NA,0.665,0.29652,8.615,4.981536,0.025,0.014826,NA,NA,NA,NA,NA,NA,NA,NA,NA,NA,NA,NA,NA,NA,NA,NA,NA,NA,NA,NA,NA,NA,NA,NA,NA,NA
"229","Samori Toure","GB","WR","2567628","robust",NA,NA,NA,NA,NA,NA,NA,NA,NA,NA,0,0,0.1,0.07413,0,0,0,0,0,NA,0,NA,1.1275,0.170499,13.035,1.645686,0.085,0.014826,NA,NA,NA,NA,NA,NA,NA,NA,NA,NA,NA,NA,NA,NA,NA,NA,NA,NA,NA,NA,NA,NA,NA,NA,NA,NA
"230","N'Keal Harry","CHI","WR","2562659","robust",NA,NA,NA,NA,NA,NA,NA,NA,NA,NA,0,0,0,0,0,0,0,0,0,NA,0,NA,0.59,0.607866,9.05,3.513762,0.055,0.044478,NA,NA,NA,NA,NA,NA,NA,NA,NA,NA,NA,NA,NA,NA,NA,NA,NA,NA,NA,NA,NA,NA,NA,NA,NA,NA
"231","Scott Miller","TB","WR","2562865","robust",NA,NA,NA,NA,NA,NA,NA,NA,NA,NA,0,0,1.225,1.03782,0,0,0,0,0,NA,0,NA,1.1,0.0593040000000001,13.4425,0.467019000000002,0.0775,0.022239,NA,NA,NA,NA,NA,NA,NA,NA,NA,NA,NA,NA,NA,NA,NA,NA,NA,NA,NA,NA,NA,NA,NA,NA,NA,NA
"232","Chris Conley","TEN","WR","2552652","robust",NA,NA,NA,NA,NA,NA,NA,NA,NA,NA,0,0,0.1,0.07413,0,0,0,0,0,NA,0,NA,0.9025,0.07413,12.2675,1.11195,0.07,0.037065,NA,NA,NA,NA,NA,NA,NA,NA,NA,NA,NA,NA,NA,NA,NA,NA,NA,NA,NA,NA,NA,NA,NA,NA,NA,NA
"233","Tom Kennedy","DET","WR","2563319","robust",NA,NA,NA,NA,NA,NA,NA,NA,NA,NA,0,0,0,0,0,0,0,0,0,NA,0,NA,0.85,0.177912,10.39,2.876244,0.07,0.044478,NA,NA,NA,NA,NA,NA,NA,NA,NA,NA,NA,NA,NA,NA,NA,NA,NA,NA,NA,NA,NA,NA,NA,NA,NA,NA
"234","Keelan Cole","LVR","WR","2559153","robust",NA,NA,NA,NA,NA,NA,NA,NA,NA,NA,0,0,0.0925,0.07413,0,0,0,0,0,NA,0,NA,0.495,0.22239,6.19,2.772462,0.0075,0.007413,NA,NA,NA,NA,NA,NA,NA,NA,NA,NA,NA,NA,NA,NA,NA,NA,NA,NA,NA,NA,NA,NA,NA,NA,NA,NA
"235","Mike Strachan","IND","WR","2565615","robust",NA,NA,NA,NA,NA,NA,NA,NA,NA,NA,0,0,0,0,0,0,0,0,0,NA,0,NA,0.3375,0.051891,4.985,0.874734000000001,0.015,0.022239,NA,NA,NA,NA,NA,NA,NA,NA,NA,NA,NA,NA,NA,NA,NA,NA,NA,NA,NA,NA,NA,NA,NA,NA,NA,NA
"236","Isaiah Hodgins","BUF","WR","2563611","robust",NA,NA,NA,NA,NA,NA,NA,NA,NA,NA,0,0,0,0,0,0,0,0,NA,NA,NA,NA,0.83,0.340998,9.965,4.395909,0.1,0,NA,NA,NA,NA,NA,NA,NA,NA,NA,NA,NA,NA,NA,NA,NA,NA,NA,NA,NA,NA,NA,NA,NA,NA,NA,NA
"237","Brandon Powell","LAR","WR","2561261","robust",NA,NA,NA,NA,NA,NA,NA,NA,NA,NA,0.605,0.130007368736874,3.1,0.29652,0.015,0,0,0,0,NA,0,NA,0.7,0,7.6,0.548561999999999,0.02,0,NA,NA,NA,NA,NA,NA,NA,NA,NA,NA,NA,NA,NA,NA,NA,NA,NA,NA,NA,NA,NA,NA,"Q","Ankle",8,2022
"238","Zach Pascal","PHI","WR","2558877","robust",NA,NA,NA,NA,NA,NA,NA,NA,NA,NA,0.111299790356394,0.0335061383647799,0.64,0.118608,0.00375,0,0,0,0,NA,0,NA,0.86,0.177912,9.465,1.03782,0.065,0.044478,NA,NA,NA,NA,NA,NA,NA,NA,NA,NA,NA,NA,NA,NA,NA,NA,NA,NA,NA,NA,NA,NA,NA,NA,NA,NA
"239","Mark Andrews","BAL","TE","2560957","robust",NA,NA,NA,NA,NA,NA,NA,NA,NA,NA,0,0,0.19375,0.5745075,0.0025,0.007413,0.0875,0.037065,0,NA,0,NA,5.905,0.29652,69.2,3.217242,0.6,0.14826,NA,NA,NA,NA,NA,NA,NA,NA,NA,NA,NA,NA,NA,NA,NA,NA,NA,NA,NA,NA,NA,NA,NA,NA,NA,NA
"240","George Kittle","SF","TE","2558266","robust",NA,NA,NA,NA,NA,NA,NA,NA,NA,NA,0,0,0.0375,0.111195,0,0,0.05,0.07413,0,NA,0,NA,5.1,0.148259999999999,59.425,1.63086,0.36,0.118608,NA,NA,NA,NA,NA,NA,NA,NA,NA,NA,NA,NA,NA,NA,NA,NA,NA,NA,NA,NA,NA,NA,NA,NA,NA,NA
"241","Darren Waller","LVR","TE","2552408","robust",NA,NA,NA,NA,NA,NA,NA,NA,NA,NA,0,0,0.01125,0.0333585,0,0,0.0125,0.037065,0,NA,0,NA,3.95,0.429954,44.54,3.395154,0.25,0.07413,NA,NA,NA,NA,NA,NA,NA,NA,NA,NA,NA,NA,NA,NA,NA,NA,NA,NA,NA,NA,NA,NA,"Q","Hamstring",8,2022
"242","Dallas Goedert","PHI","TE","2560995","robust",NA,NA,NA,NA,NA,NA,NA,NA,NA,NA,0,0,0.00625,0.0185325,0,0,0,0,0,NA,0,NA,4.6325,0.59304,59.165,1.03782,0.25,0.07413,NA,NA,NA,NA,NA,NA,NA,NA,NA,NA,NA,NA,NA,NA,NA,NA,NA,NA,NA,NA,NA,NA,NA,NA,NA,NA
"243","Robert Tonyan","GB","TE","2559270","robust",NA,NA,NA,NA,NA,NA,NA,NA,NA,NA,0,0,0.00375,0.0111195,0,0,0,0,0,NA,0,NA,3.875,0.14826,36.6,4.59606,0.2225,0,NA,NA,NA,NA,NA,NA,NA,NA,NA,NA,NA,NA,NA,NA,NA,NA,NA,NA,NA,NA,NA,NA,NA,NA,NA,NA
"244","Tyler Higbee","LAR","TE","2555364","robust",NA,NA,NA,NA,NA,NA,NA,NA,NA,NA,0,0,0.01125,0.0333585,0,0,0,0,0,NA,0,NA,4.7175,0.192738,43.57,2.980026,0.2,0.07413,NA,NA,NA,NA,NA,NA,NA,NA,NA,NA,NA,NA,NA,NA,NA,NA,NA,NA,NA,NA,NA,NA,NA,NA,NA,NA
"245","T.J. Hockenson","DET","TE","2562378","robust",NA,NA,NA,NA,NA,NA,NA,NA,NA,NA,0,0,0.0075,0.022239,0,0,0,0,0,NA,0,NA,4.09,0.148259999999999,45.955,1.764294,0.425,0.22239,NA,NA,NA,NA,NA,NA,NA,NA,NA,NA,NA,NA,NA,NA,NA,NA,NA,NA,NA,NA,NA,NA,NA,NA,NA,NA
"246","Zach Ertz","ARI","TE","2540158","robust",NA,NA,NA,NA,NA,NA,NA,NA,NA,NA,0,0,0.01,0.029652,0,0,0,0,0,NA,0,NA,4.45,0.148259999999999,46.65,0.444779999999996,0.3325,0.14826,NA,NA,NA,NA,NA,NA,NA,NA,NA,NA,NA,NA,NA,NA,NA,NA,NA,NA,NA,NA,NA,NA,NA,NA,NA,NA
"247","Kyle Pitts","ATL","TE","2565830","robust",NA,NA,NA,NA,NA,NA,NA,NA,NA,NA,0,0,0.0075,0.022239,0,0,0,0,0,NA,0,NA,3.605,0.385476,45.475,5.33735999999999,0.2,0,NA,NA,NA,NA,NA,NA,NA,NA,NA,NA,NA,NA,NA,NA,NA,NA,NA,NA,NA,NA,NA,NA,NA,NA,NA,NA
"248","Pat Freiermuth","PIT","TE","2566442","robust",NA,NA,NA,NA,NA,NA,NA,NA,NA,NA,0,0,0.0075,0.022239,0,0,0,0,0,NA,0,NA,4.225,0.355824,41.69,1.92738,0.2,0,NA,NA,NA,NA,NA,NA,NA,NA,NA,NA,NA,NA,NA,NA,NA,NA,NA,NA,NA,NA,NA,NA,NA,NA,NA,NA
"249","Harrison Bryant","CLE","TE","2563767","robust",NA,NA,NA,NA,NA,NA,NA,NA,NA,NA,0,0,-0.00625,0.0185325,0,0,0,0,0,NA,0,NA,2.94,0.474432,29.6,6.22692,0.18,0,NA,NA,NA,NA,NA,NA,NA,NA,NA,NA,NA,NA,NA,NA,NA,NA,NA,NA,NA,NA,NA,NA,NA,NA,NA,NA
"250","Dalton Schultz","DAL","TE","2560866","robust",NA,NA,NA,NA,NA,NA,NA,NA,NA,NA,0,0,0.0075,0.022239,0,0,0.05,0.07413,0,NA,0,NA,3.8325,0.103782,38.8125,4.729494,0.21,0.029652,NA,NA,NA,NA,NA,NA,NA,NA,NA,NA,NA,NA,NA,NA,NA,NA,NA,NA,NA,NA,NA,NA,"Q","Knee",8,2022
"251","Greg Dulcich","DEN","TE","2567520","robust",NA,NA,NA,NA,NA,NA,NA,NA,NA,NA,0,0,0.00875,0.0259455,0,0,0.0125,0.037065,0,NA,0,NA,3.4,0.44478,37.845,4.31436599999999,0.2025,0.088956,NA,NA,NA,NA,NA,NA,NA,NA,NA,NA,NA,NA,NA,NA,NA,NA,NA,NA,NA,NA,NA,NA,NA,NA,NA,NA
"252","Evan Engram","JAC","TE","2557858","robust",NA,NA,NA,NA,NA,NA,NA,NA,NA,NA,0,0,0.015,0.044478,0,0,0,0,0,NA,0,NA,3.8,0.29652,37.05,4.29954,0.1825,0.014826,NA,NA,NA,NA,NA,NA,NA,NA,NA,NA,NA,NA,NA,NA,NA,NA,NA,NA,NA,NA,NA,NA,NA,NA,NA,NA
"253","Cade Otton","TB","TE","2568312","robust",NA,NA,NA,NA,NA,NA,NA,NA,NA,NA,0,0,0.01,0.029652,0,0,0.0125,0.037065,0,NA,0,NA,3.2975,0.756126,34.1,10.645068,0.1425,0.044478,NA,NA,NA,NA,NA,NA,NA,NA,NA,NA,NA,NA,NA,NA,NA,NA,NA,NA,NA,NA,NA,NA,NA,NA,NA,NA
"254","Hunter Henry","NE","TE","2555341","robust",NA,NA,NA,NA,NA,NA,NA,NA,NA,NA,0,0,0.0075,0.022239,0,0,0,0,0,NA,0,NA,2.75,0.578214,31.55,6.241746,0.2325,0.133434,NA,NA,NA,NA,NA,NA,NA,NA,NA,NA,NA,NA,NA,NA,NA,NA,NA,NA,NA,NA,NA,NA,NA,NA,NA,NA
"255","Mike Gesicki","MIA","TE","2560994","robust",NA,NA,NA,NA,NA,NA,NA,NA,NA,NA,0,0,0.005,0.014826,0,0,0,0,0,NA,0,NA,3,0.7413,35.38,9.78516,0.2025,0.088956,NA,NA,NA,NA,NA,NA,NA,NA,NA,NA,NA,NA,NA,NA,NA,NA,NA,NA,NA,NA,NA,NA,NA,NA,NA,NA
"256","Irv Smith Jr.","MIN","TE","2562738","robust",NA,NA,NA,NA,NA,NA,NA,NA,NA,NA,0,0,0.0025,0.007413,0,0,0,0,0,NA,0,NA,3.315,0.252042,31.4725,1.63086,0.4,0.14826,NA,NA,NA,NA,NA,NA,NA,NA,NA,NA,NA,NA,NA,NA,NA,NA,NA,NA,NA,NA,NA,NA,NA,NA,NA,NA
"257","Dawson Knox","BUF","TE","2562681","robust",NA,NA,NA,NA,NA,NA,NA,NA,NA,NA,0,0,0.01,0.029652,0,0,0.0125,0.037065,0,NA,0,NA,2.9,0.14826,32.2,2.81694,0.225,0.044478,NA,NA,NA,NA,NA,NA,NA,NA,NA,NA,NA,NA,NA,NA,NA,NA,NA,NA,NA,NA,NA,NA,NA,NA,NA,NA
"258","Hayden Hurst","CIN","TE","2560747","robust",NA,NA,NA,NA,NA,NA,NA,NA,NA,NA,0,0,0.0125,0.037065,0,0,0,0,0,NA,0,NA,3.88,0.355824,37.505,2.9652,0.3,0,NA,NA,NA,NA,NA,NA,NA,NA,NA,NA,NA,NA,NA,NA,NA,NA,NA,NA,NA,NA,NA,NA,NA,NA,NA,NA
"259","Logan Thomas","WAS","TE","2543767","robust",NA,NA,NA,NA,NA,NA,NA,NA,NA,NA,0,0,0.04,0.118608,0,0,0,0,0,NA,0,NA,3.025,0.59304,31.5025,2.031162,0.2,0.014826,NA,NA,NA,NA,NA,NA,NA,NA,NA,NA,NA,NA,NA,NA,NA,NA,NA,NA,NA,NA,NA,NA,"Q","Calf",8,2022
"260","Noah Fant","SEA","TE","2562383","robust",NA,NA,NA,NA,NA,NA,NA,NA,NA,NA,0,0,0.0075,0.022239,0,0,0,0,0,NA,0,NA,3.1,0.14826,30.565,3.587892,0.1775,0.029652,NA,NA,NA,NA,NA,NA,NA,NA,NA,NA,NA,NA,NA,NA,NA,NA,NA,NA,NA,NA,NA,NA,NA,NA,NA,NA
"261","O.J. Howard","HOU","TE","2557856","robust",NA,NA,NA,NA,NA,NA,NA,NA,NA,NA,0,0,0.00625,0.0185325,0,0,0,0,0,NA,0,NA,1.5,0,18.425,3.85476,0.1,0.088956,NA,NA,NA,NA,NA,NA,NA,NA,NA,NA,NA,NA,NA,NA,NA,NA,NA,NA,NA,NA,NA,NA,NA,NA,NA,NA
"262","Tyler Conklin","NYJ","TE","2561027","robust",NA,NA,NA,NA,NA,NA,NA,NA,NA,NA,0.0225423728813559,NA,0.456666666666667,0.19768,0.005,0,0,0,0,NA,0,NA,2.9,0.289107,28.85,2.59455,0.15,0.037065,NA,NA,NA,NA,NA,NA,NA,NA,NA,NA,NA,NA,NA,NA,NA,NA,NA,NA,NA,NA,NA,NA,NA,NA,NA,NA
"263","Will Dissly","SEA","TE","2561046","robust",NA,NA,NA,NA,NA,NA,NA,NA,NA,NA,0,0,0.00625,0.0185325,0,0,0,0,0,NA,0,NA,2.695,0.44478,27.25,2.475942,0.2,0,NA,NA,NA,NA,NA,NA,NA,NA,NA,NA,NA,NA,NA,NA,NA,NA,NA,NA,NA,NA,NA,NA,NA,NA,NA,NA
"264","Brock Wright","DET","TE","2567221","robust",NA,NA,NA,NA,NA,NA,NA,NA,NA,NA,0,0,0.005,0.007413,0,0,0,0,0,NA,0,NA,1.4,0.118608,17.9,3.217242,0.095,0,NA,NA,NA,NA,NA,NA,NA,NA,NA,NA,NA,NA,NA,NA,NA,NA,NA,NA,NA,NA,NA,NA,NA,NA,NA,NA
"265","Juwan Johnson","NO","TE","2564676","robust",NA,NA,NA,NA,NA,NA,NA,NA,NA,NA,0,0,0.4375,1.000755,0.0333333333333333,0,0,0,0,NA,0,NA,2.825,0.29652,29.325,2.52042,0.205,0.029652,NA,NA,NA,NA,NA,NA,NA,NA,NA,NA,NA,NA,NA,NA,NA,NA,NA,NA,NA,NA,NA,NA,"Q","Hamstring",8,2022
"266","Jordan Akins","HOU","TE","2560951","robust",NA,NA,NA,NA,NA,NA,NA,NA,NA,NA,0,0,0.02,0.029652,0,0,0.0125,0,0,NA,0,NA,2.035,0.14826,22.96,6.96822,0.1,0,NA,NA,NA,NA,NA,NA,NA,NA,NA,NA,NA,NA,NA,NA,NA,NA,NA,NA,NA,NA,NA,NA,NA,NA,NA,NA
"267","Cole Kmet","CHI","TE","2563704","robust",NA,NA,NA,NA,NA,NA,NA,NA,NA,NA,0,0,0,0,0,0,0,0,0,NA,0,NA,2.62,0.311346,27.9625,1.55673,0.1,0.029652,NA,NA,NA,NA,NA,NA,NA,NA,NA,NA,NA,NA,NA,NA,NA,NA,NA,NA,NA,NA,NA,NA,NA,NA,NA,NA
"268","Foster Moreau","LVR","TE","2562317","robust",NA,NA,NA,NA,NA,NA,NA,NA,NA,NA,0,0,0.005,0.014826,0,0,0,0,0,NA,0,NA,1.375,0.59304,16.53,9.992724,0.0925,0,NA,NA,NA,NA,NA,NA,NA,NA,NA,NA,NA,NA,NA,NA,NA,NA,NA,NA,NA,NA,NA,NA,NA,NA,NA,NA
"269","Austin Hooper","TEN","TE","2555415","robust",NA,NA,NA,NA,NA,NA,NA,NA,NA,NA,0,0,0.00625,0.0185325,0,0,0,0,0,NA,0,NA,1.88,0.14826,20.035,5.33736,0.1,0,NA,NA,NA,NA,NA,NA,NA,NA,NA,NA,NA,NA,NA,NA,NA,NA,NA,NA,NA,NA,NA,NA,NA,NA,NA,NA
"270","Brevin Jordan","HOU","TE","2566130","robust",NA,NA,NA,NA,NA,NA,NA,NA,NA,NA,0,0,0.00375,0.0111195,0,0,0,0,0,NA,0,NA,1.99,0.14826,18.94,2.66868,0.105,0.014826,NA,NA,NA,NA,NA,NA,NA,NA,NA,NA,NA,NA,NA,NA,NA,NA,NA,NA,NA,NA,NA,NA,NA,NA,NA,NA
"271","Taysom Hill","NO","TE","2558954","robust",NA,NA,NA,NA,NA,NA,NA,NA,NA,NA,0,0,19.3766666666667,4.909877,0.266666666666667,0.04942,0.13,0.103782,0,NA,0,NA,1.1,0.51891,10.3,7.78365,0.05,0.029652,NA,NA,NA,NA,NA,NA,NA,NA,NA,NA,NA,NA,NA,NA,NA,NA,NA,NA,NA,NA,NA,NA,NA,NA,NA,NA
"272","Colby Parkinson","SEA","TE","2565180","robust",NA,NA,NA,NA,NA,NA,NA,NA,NA,NA,0,0,0.00375,0.00555975,0,0,0,0,0,NA,0,NA,1.3,0.44478,14.4,1.000755,0.1,0,NA,NA,NA,NA,NA,NA,NA,NA,NA,NA,NA,NA,NA,NA,NA,NA,NA,NA,NA,NA,NA,NA,NA,NA,NA,NA
"273","Chris Myarick","NYG","TE","2563210","robust",NA,NA,NA,NA,NA,NA,NA,NA,NA,NA,0,0,0.035,0,0,0,0,0,0,NA,0,NA,1.35,0.533736,12.35,5.737662,0.085,0.029652,NA,NA,NA,NA,NA,NA,NA,NA,NA,NA,NA,NA,NA,NA,NA,NA,NA,NA,NA,NA,NA,NA,NA,NA,NA,NA
"274","Jonnu Smith","NE","TE","2558207","robust",NA,NA,NA,NA,NA,NA,NA,NA,NA,NA,0,0,0.63,0.548562,0,0,0,0,0,NA,0,NA,1.4,0.29652,15.1525,3.157938,0.085,0.044478,NA,NA,NA,NA,NA,NA,NA,NA,NA,NA,NA,NA,NA,NA,NA,NA,NA,NA,NA,NA,NA,NA,NA,NA,NA,NA
"275","Adam Trautman","NO","TE","2564703","robust",NA,NA,NA,NA,NA,NA,NA,NA,NA,NA,0,0,0.333333333333333,0.4942,0,0,0,0,0,NA,0,NA,1.85,0,20.55,0.296519999999999,0.2,0,NA,NA,NA,NA,NA,NA,NA,NA,NA,NA,NA,NA,NA,NA,NA,NA,NA,NA,NA,NA,NA,NA,"Q","Ankle",8,2022
"276","Kylen Granson","IND","TE","2566145","robust",NA,NA,NA,NA,NA,NA,NA,NA,NA,NA,0,0,0.005,0.014826,0,0,0,0,0,NA,0,NA,1.5,0.0889560000000001,16.88,0.148260000000002,0.085,0.029652,NA,NA,NA,NA,NA,NA,NA,NA,NA,NA,NA,NA,NA,NA,NA,NA,NA,NA,NA,NA,NA,NA,NA,NA,NA,NA
"277","Ian Thomas","CAR","TE","2560894","robust",NA,NA,NA,NA,NA,NA,NA,NA,NA,NA,0,0,0.04,0.029652,0,0,0,0,0,NA,0,NA,1.74,0.0889560000000001,16.67,2.386986,0.1,0,NA,NA,NA,NA,NA,NA,NA,NA,NA,NA,NA,NA,NA,NA,NA,NA,NA,NA,NA,NA,NA,NA,NA,NA,NA,NA
"278","Mo Alie-Cox","IND","TE","2558832","robust",NA,NA,NA,NA,NA,NA,NA,NA,NA,NA,0,0,0.0075,0.022239,0,0,0,0,0,NA,0,NA,1.35,0.355824,17.235,2.757636,0.125,0.029652,NA,NA,NA,NA,NA,NA,NA,NA,NA,NA,NA,NA,NA,NA,NA,NA,NA,NA,NA,NA,NA,NA,NA,NA,NA,NA
"279","Isaiah Likely","BAL","TE","2567283","robust",NA,NA,NA,NA,NA,NA,NA,NA,NA,NA,0,0,0.00625,0.0185325,0,0,0,0,0,NA,0,NA,1.25,0.14826,13.075,0.889559999999999,0.085,0.029652,NA,NA,NA,NA,NA,NA,NA,NA,NA,NA,NA,NA,NA,NA,NA,NA,NA,NA,NA,NA,NA,NA,NA,NA,NA,NA
"280","Dan Arnold","JAC","TE","2559385","robust",NA,NA,NA,NA,NA,NA,NA,NA,NA,NA,0,0,0.0025,0,0,0,0,0,0,NA,0,NA,0.805,0.014826,9.605,0.103782,0.02,0,NA,NA,NA,NA,NA,NA,NA,NA,NA,NA,NA,NA,NA,NA,NA,NA,NA,NA,NA,NA,NA,NA,NA,NA,NA,NA
"281","Durham Smythe","MIA","TE","2560880","robust",NA,NA,NA,NA,NA,NA,NA,NA,NA,NA,0,0,0.2575,0.3817695,0.01875,0.02038575,0,0,0,NA,0,NA,1.275,0.44478,12.76,4.188345,0.075,0.00741300000000001,NA,NA,NA,NA,NA,NA,NA,NA,NA,NA,NA,NA,NA,NA,NA,NA,NA,NA,NA,NA,NA,NA,"Q","Hamstring",8,2022
"282","Zach Gentry","PIT","TE","2562654","robust",NA,NA,NA,NA,NA,NA,NA,NA,NA,NA,0,0,0.005,0.007413,0,0,0,0,0,NA,0,NA,1.35,0.155673,10.96,1.097124,0.05,0.059304,NA,NA,NA,NA,NA,NA,NA,NA,NA,NA,NA,NA,NA,NA,NA,NA,NA,NA,NA,NA,NA,NA,NA,NA,NA,NA
"283","Tommy Tremble","CAR","TE","2565914","robust",NA,NA,NA,NA,NA,NA,NA,NA,NA,NA,0,0,0.06625,0.1964445,0,0,0,0,0,NA,0,NA,1.5725,0.163086,15.4125,1.70499,0.1,0.014826,NA,NA,NA,NA,NA,NA,NA,NA,NA,NA,NA,NA,NA,NA,NA,NA,NA,NA,NA,NA,NA,NA,NA,NA,NA,NA
"284","Jelani Woods","IND","TE","2567724","robust",NA,NA,NA,NA,NA,NA,NA,NA,NA,NA,0,0,0.005,0.014826,0,0,0,0,0,NA,0,NA,1.035,0.266868,11.5,2.179422,0.1,0.059304,NA,NA,NA,NA,NA,NA,NA,NA,NA,NA,NA,NA,NA,NA,NA,NA,NA,NA,NA,NA,NA,NA,NA,NA,NA,NA
"285","Chigoziem Okonkwo","TEN","TE","2567658","robust",NA,NA,NA,NA,NA,NA,NA,NA,NA,NA,0,0,0.025,0.037065,0,0,0,0,0,NA,0,NA,1.22,0.259455,13.855,3.11346,0.095,0.037065,NA,NA,NA,NA,NA,NA,NA,NA,NA,NA,NA,NA,NA,NA,NA,NA,NA,NA,NA,NA,NA,NA,NA,NA,NA,NA
"286","Pharaoh Brown","CLE","TE","2559018","robust",NA,NA,NA,NA,NA,NA,NA,NA,NA,NA,0,0,0.0166666666666667,0.02471,0,0,0,0,0,NA,0,NA,1.465,0,16.065,1.18608,0.085,0,NA,NA,NA,NA,NA,NA,NA,NA,NA,NA,NA,NA,NA,NA,NA,NA,NA,NA,NA,NA,NA,NA,"Q","Concussion",8,2022
"287","John Bates","WAS","TE","2566580","robust",NA,NA,NA,NA,NA,NA,NA,NA,NA,NA,0,0,0.00625,0.00926625,0,0,0,0,0,NA,0,NA,1.46,0.0741300000000001,15.2,0.385476,0.085,0.00741300000000001,NA,NA,NA,NA,NA,NA,NA,NA,NA,NA,NA,NA,NA,NA,NA,NA,NA,NA,NA,NA,NA,NA,NA,NA,NA,NA
"288","Ross Dwelley","SF","TE","2561060","robust",NA,NA,NA,NA,NA,NA,NA,NA,NA,NA,0,0,0,0,0,0,0,0,0,NA,0,NA,0.55,0.29652,8.55,8.1543,0.1,0.133434,NA,NA,NA,NA,NA,NA,NA,NA,NA,NA,NA,NA,NA,NA,NA,NA,NA,NA,NA,NA,NA,NA,NA,NA,NA,NA
"289","Tanner Hudson","NYG","TE","2561215","robust",NA,NA,NA,NA,NA,NA,NA,NA,NA,NA,0,0,0.0275,0,0,0,0,0,0,NA,0,NA,1.25,0.340998,13.23,2.920722,0.085,0.014826,NA,NA,NA,NA,NA,NA,NA,NA,NA,NA,NA,NA,NA,NA,NA,NA,NA,NA,NA,NA,NA,NA,NA,NA,NA,NA
"290","C.J. Uzomah","NYJ","TE","2552559","robust",NA,NA,NA,NA,NA,NA,NA,NA,NA,NA,0,0,0.00625,0.0185325,0,0,0,0,0,NA,0,NA,1.375,0.29652,13.475,1.33434,0.06,0.014826,NA,NA,NA,NA,NA,NA,NA,NA,NA,NA,NA,NA,NA,NA,NA,NA,NA,NA,NA,NA,NA,NA,NA,NA,NA,NA
"291","Eric Saubert","DEN","TE","2558023","robust",NA,NA,NA,NA,NA,NA,NA,NA,NA,NA,0,0,0.005,0.014826,0,0,0,0,0,NA,0,NA,0.93,0.0889560000000001,10.2575,2.935548,0.0725,0,NA,NA,NA,NA,NA,NA,NA,NA,NA,NA,NA,NA,NA,NA,NA,NA,NA,NA,NA,NA,NA,NA,NA,NA,NA,NA
"292","Geoff Swaim","TEN","TE","2553454","robust",NA,NA,NA,NA,NA,NA,NA,NA,NA,NA,0,0,0.00875,0.0259455,0,0,0,0,0,NA,0,NA,1.33,0.237216,12.55,1.03782,0.1,0.029652,NA,NA,NA,NA,NA,NA,NA,NA,NA,NA,NA,NA,NA,NA,NA,NA,NA,NA,NA,NA,NA,NA,NA,NA,NA,NA
"293","Jake Ferguson","DAL","TE","2567496","robust",NA,NA,NA,NA,NA,NA,NA,NA,NA,NA,0,0,0.01875,0.0555975,0,0,0,0,0,NA,0,NA,1.1925,0.14826,11.75,1.92738,0.1,0.07413,NA,NA,NA,NA,NA,NA,NA,NA,NA,NA,NA,NA,NA,NA,NA,NA,NA,NA,NA,NA,NA,NA,NA,NA,NA,NA
"294","Johnny Mundt","MIN","TE","2558875","robust",NA,NA,NA,NA,NA,NA,NA,NA,NA,NA,0,0,0.00375,0.00555975,0,0,0,0,0,NA,0,NA,1.22,0.14826,11.66,1.40847,0.08,0,NA,NA,NA,NA,NA,NA,NA,NA,NA,NA,NA,NA,NA,NA,NA,NA,NA,NA,NA,NA,NA,NA,NA,NA,NA,NA
"295","Josiah Deguara","GB","TE","2563980","robust",NA,NA,NA,NA,NA,NA,NA,NA,NA,NA,0,0,0,0,0,0,0,0,0,NA,0,NA,0.7925,0.340998,7.8625,3.33585,0.005,0,NA,NA,NA,NA,NA,NA,NA,NA,NA,NA,NA,NA,NA,NA,NA,NA,NA,NA,NA,NA,NA,NA,NA,NA,NA,NA
"296","Parker Hesse","ATL","TE","2563272","robust",NA,NA,NA,NA,NA,NA,NA,NA,NA,NA,0,0,0,0,0,0,0,0,0,NA,0,NA,0.99,0.14826,9.3,2.66868,0.1,0,NA,NA,NA,NA,NA,NA,NA,NA,NA,NA,NA,NA,NA,NA,NA,NA,NA,NA,NA,NA,NA,NA,NA,NA,NA,NA
"297","Marcedes Lewis","GB","TE","2495888","robust",NA,NA,NA,NA,NA,NA,NA,NA,NA,NA,0,0,0,0,0,0,0,0,0,NA,0,NA,0.85,0.14826,7.54,4.29954,0.06,0,NA,NA,NA,NA,NA,NA,NA,NA,NA,NA,NA,NA,NA,NA,NA,NA,NA,NA,NA,NA,NA,NA,NA,NA,NA,NA
"298","Quintin Morris","BUF","TE","2566641","robust",NA,NA,NA,NA,NA,NA,NA,NA,NA,NA,0,0,0.0375,0.037065,0,0,0.0125,0.0185325,0,NA,0,NA,0.85,0.0741300000000001,8.4,0.652344000000001,0.07,0.00741300000000001,NA,NA,NA,NA,NA,NA,NA,NA,NA,NA,NA,NA,NA,NA,NA,NA,NA,NA,NA,NA,NA,NA,NA,NA,NA,NA
"299","Reggie Gilliam","BUF","TE","2565378","robust",NA,NA,NA,NA,NA,NA,NA,NA,NA,NA,0,0,0,0,0,0,0,0,NA,NA,NA,NA,0.955,0.659757,7.83,4.699842,0.12,0.118608,NA,NA,NA,NA,NA,NA,NA,NA,NA,NA,NA,NA,NA,NA,NA,NA,NA,NA,NA,NA,NA,NA,NA,NA,NA,NA
"300","Kyle Rudolph","TB","TE","2495438","robust",NA,NA,NA,NA,NA,NA,NA,NA,NA,NA,0,0,0.005,0,0,0,0,0,0,NA,0,NA,0.87,0.37065,8.12,3.839934,0.085,0,NA,NA,NA,NA,NA,NA,NA,NA,NA,NA,NA,NA,NA,NA,NA,NA,NA,NA,NA,NA,NA,NA,NA,NA,NA,NA
"301","Ryan Griffin","CHI","TE","2541316","robust",NA,NA,NA,NA,NA,NA,NA,NA,NA,NA,0,0,0.01,0.009884,0,0,0,0,0,NA,0,NA,0.75,0.163086,7.1875,3.40998,0.0075,0.007413,NA,NA,NA,NA,NA,NA,NA,NA,NA,NA,NA,NA,NA,NA,NA,NA,NA,NA,NA,NA,NA,NA,NA,NA,NA,NA
"302","Tyler Kroft","SF","TE","2552586","robust",NA,NA,NA,NA,NA,NA,NA,NA,NA,NA,0,0,0,0,0,0,0,0,0,NA,0,NA,0.75,0,8.75,0,0.055,0,NA,NA,NA,NA,NA,NA,NA,NA,NA,NA,NA,NA,NA,NA,NA,NA,NA,NA,NA,NA,NA,NA,NA,NA,NA,NA
"303","Andrew Beck","DEN","TE","2562626","robust",NA,NA,NA,NA,NA,NA,NA,NA,NA,NA,0,0,-0.05,0.037065,0,0,0,0,0,NA,0,NA,0.7,0.0741300000000001,8.2,1.63086,0,0,NA,NA,NA,NA,NA,NA,NA,NA,NA,NA,NA,NA,NA,NA,NA,NA,NA,NA,NA,NA,NA,NA,NA,NA,NA,NA
"304","Nick Vannett","NO","TE","2555289","robust",NA,NA,NA,NA,NA,NA,NA,NA,NA,NA,0,0,0,0,0,0,0,0,0,NA,0,NA,0.7,0.29652,6.8,3.11346,0.1,0,NA,NA,NA,NA,NA,NA,NA,NA,NA,NA,NA,NA,NA,NA,NA,NA,NA,NA,NA,NA,NA,NA,NA,NA,NA,NA
"305","Kendall Blanton","LAR","TE","2562234","robust",NA,NA,NA,NA,NA,NA,NA,NA,NA,NA,0,0,0,0,0,0,0,0,0,NA,0,NA,0.515,0.14826,6.06,2.9652,0.055,0,NA,NA,NA,NA,NA,NA,NA,NA,NA,NA,NA,NA,NA,NA,NA,NA,NA,NA,NA,NA,NA,NA,NA,NA,NA,NA
"306","Eric Tomlinson","DEN","TE","2553744","robust",NA,NA,NA,NA,NA,NA,NA,NA,NA,NA,0,0,0,0,0,0,0,0,0,NA,0,NA,0.785,0.14826,9.1,0.370650000000001,0.06,0.044478,NA,NA,NA,NA,NA,NA,NA,NA,NA,NA,NA,NA,NA,NA,NA,NA,NA,NA,NA,NA,NA,NA,NA,NA,NA,NA
"307","Anthony Firkser","ATL","TE","2558942","robust",NA,NA,NA,NA,NA,NA,NA,NA,NA,NA,0,0,0,0,0,0,0,0,0,NA,0,NA,0.66,0.029652,6.09,0.0444780000000004,0.0075,0,NA,NA,NA,NA,NA,NA,NA,NA,NA,NA,NA,NA,NA,NA,NA,NA,NA,NA,NA,NA,NA,NA,NA,NA,NA,NA
"308","Josh Oliver","BAL","TE","2562693","robust",NA,NA,NA,NA,NA,NA,NA,NA,NA,NA,0,0,0.005,0.007413,0,0,0,0,0,NA,0,NA,0.66,0.274281,5.975,3.321024,0.065,0.037065,NA,NA,NA,NA,NA,NA,NA,NA,NA,NA,NA,NA,NA,NA,NA,NA,NA,NA,NA,NA,NA,NA,NA,NA,NA,NA
"309","Trey McBride","ARI","TE","2568117","robust",NA,NA,NA,NA,NA,NA,NA,NA,NA,NA,0,0,0.025,0.02471,0,0,0,0,0,NA,0,NA,0.825,0.111195,7.4,0.822843000000001,0.0075,0.007413,NA,NA,NA,NA,NA,NA,NA,NA,NA,NA,NA,NA,NA,NA,NA,NA,NA,NA,NA,NA,NA,NA,NA,NA,NA,NA
"310","Jack Stoll","PHI","TE","2567061","robust",NA,NA,NA,NA,NA,NA,NA,NA,NA,NA,0,0,0,0,0,0,0,0,0,NA,0,NA,0.725,0.14826,7.9,0.0741299999999997,0.0575,0.051891,NA,NA,NA,NA,NA,NA,NA,NA,NA,NA,NA,NA,NA,NA,NA,NA,NA,NA,NA,NA,NA,NA,NA,NA,NA,NA
"311","Mitchell Wilcox","CIN","TE","2563749","robust",NA,NA,NA,NA,NA,NA,NA,NA,NA,NA,0,0,0,0,0,0,0,0,0,NA,0,NA,0.8,0.14826,7.2,0.66717,0.06,0.044478,NA,NA,NA,NA,NA,NA,NA,NA,NA,NA,NA,NA,NA,NA,NA,NA,NA,NA,NA,NA,NA,NA,NA,NA,NA,NA
"312","Grant Calcaterra","PHI","TE","2568063","robust",NA,NA,NA,NA,NA,NA,NA,NA,NA,NA,0,0,0,0,0,0,0,0,0,NA,0,NA,0.2775,0.14826,3.3525,1.33434,0.0525,0.066717,NA,NA,NA,NA,NA,NA,NA,NA,NA,NA,NA,NA,NA,NA,NA,NA,NA,NA,NA,NA,NA,NA,NA,NA,NA,NA
"313","James Mitchell","DET","TE","2567556","robust",NA,NA,NA,NA,NA,NA,NA,NA,NA,NA,NA,NA,NA,NA,NA,NA,0,0,NA,NA,NA,NA,0.55,0.22239,5.8,2.37216,0.1,0,NA,NA,NA,NA,NA,NA,NA,NA,NA,NA,NA,NA,NA,NA,NA,NA,NA,NA,NA,NA,NA,NA,NA,NA,NA,NA
"314","Lions","DET","DST","100010","robust",NA,NA,NA,NA,NA,NA,NA,NA,NA,NA,NA,NA,NA,NA,NA,NA,NA,NA,NA,NA,NA,NA,NA,NA,NA,NA,NA,NA,0.77,0.0593040000000001,1.8,0.163086,0.0433333333333333,0.019768,0.12,0.044478,0,NA,NA,NA,NA,NA,NA,NA,NA,NA,NA,NA,NA,NA,NA,NA,NA,NA
"315","Steelers","PIT","DST","100027","robust",NA,NA,NA,NA,NA,NA,NA,NA,NA,NA,NA,NA,NA,NA,NA,NA,NA,NA,NA,NA,NA,NA,NA,NA,NA,NA,NA,NA,0.775,0.133434,2.29,0.029652,0.01,0.014826,0.115,0,0,NA,NA,NA,NA,NA,NA,NA,NA,NA,NA,NA,NA,NA,NA,NA,NA,NA
"316","Raiders","LVR","DST","100018","robust",NA,NA,NA,NA,NA,NA,NA,NA,NA,NA,NA,NA,NA,NA,NA,NA,NA,NA,NA,NA,NA,NA,NA,NA,NA,NA,NA,NA,0.88,0.0593040000000001,2.1,0.326172,0.01,0.014826,0.2,0.059304,0,NA,NA,NA,NA,NA,NA,NA,NA,NA,NA,NA,NA,NA,NA,NA,NA,NA
"317","Packers","GB","DST","100011","robust",NA,NA,NA,NA,NA,NA,NA,NA,NA,NA,NA,NA,NA,NA,NA,NA,NA,NA,NA,NA,NA,NA,NA,NA,NA,NA,NA,NA,0.81,0.281694,1.85,0.22239,0.04,0.029652,0.12,0.014826,0,NA,NA,NA,NA,NA,NA,NA,NA,NA,NA,NA,NA,NA,NA,NA,NA,NA
"318","Saints","NO","DST","100022","robust",NA,NA,NA,NA,NA,NA,NA,NA,NA,NA,NA,NA,NA,NA,NA,NA,NA,NA,NA,NA,NA,NA,NA,NA,NA,NA,NA,NA,0.77,0.177912,2.35,0.0593040000000001,0.01,0.014826,0.125,0.059304,0,NA,NA,NA,NA,NA,NA,NA,NA,NA,NA,NA,NA,NA,NA,NA,NA,NA
"319","Bears","CHI","DST","100005","robust",NA,NA,NA,NA,NA,NA,NA,NA,NA,NA,NA,NA,NA,NA,NA,NA,NA,NA,NA,NA,NA,NA,NA,NA,NA,NA,NA,NA,0.795,0.14826,2.15,0.14826,0.04,0.029652,0.13,0.044478,0,NA,NA,NA,NA,NA,NA,NA,NA,NA,NA,NA,NA,NA,NA,NA,NA,NA
"320","Commanders","WAS","DST","100032","robust",NA,NA,NA,NA,NA,NA,NA,NA,NA,NA,NA,NA,NA,NA,NA,NA,NA,NA,NA,NA,NA,NA,NA,NA,NA,NA,NA,NA,0.855,0.133434,2.6,0.103782,0.0466666666666667,0.009884,0.17,0.044478,0,NA,NA,NA,NA,NA,NA,NA,NA,NA,NA,NA,NA,NA,NA,NA,NA,NA
"321","Cardinals","ARI","DST","100026","robust",NA,NA,NA,NA,NA,NA,NA,NA,NA,NA,NA,NA,NA,NA,NA,NA,NA,NA,NA,NA,NA,NA,NA,NA,NA,NA,NA,NA,0.7,0,1.835,0.29652,0.01,0.014826,0.17,0.07413,0,NA,NA,NA,NA,NA,NA,NA,NA,NA,NA,NA,NA,NA,NA,NA,NA,NA
"322","Ravens","BAL","DST","100002","robust",NA,NA,NA,NA,NA,NA,NA,NA,NA,NA,NA,NA,NA,NA,NA,NA,NA,NA,NA,NA,NA,NA,NA,NA,NA,NA,NA,NA,0.655,0.14826,1.825,0.163086,0.00666666666666667,0.009884,0.15,0.07413,0,NA,NA,NA,NA,NA,NA,NA,NA,NA,NA,NA,NA,NA,NA,NA,NA,NA
"323","Seahawks","SEA","DST","100030","robust",NA,NA,NA,NA,NA,NA,NA,NA,NA,NA,NA,NA,NA,NA,NA,NA,NA,NA,NA,NA,NA,NA,NA,NA,NA,NA,NA,NA,0.76,0.14826,2.535,0.252042,0.0166666666666667,0.02471,0.175,0.029652,0,NA,NA,NA,NA,NA,NA,NA,NA,NA,NA,NA,NA,NA,NA,NA,NA,NA
"324","Browns","CLE","DST","100007","robust",NA,NA,NA,NA,NA,NA,NA,NA,NA,NA,NA,NA,NA,NA,NA,NA,NA,NA,NA,NA,NA,NA,NA,NA,NA,NA,NA,NA,0.7,0.0741300000000001,2.9,0.429954,0.02,0.029652,0.15,0.07413,0,NA,NA,NA,NA,NA,NA,NA,NA,NA,NA,NA,NA,NA,NA,NA,NA,NA
"325","Jets","NYJ","DST","100024","robust",NA,NA,NA,NA,NA,NA,NA,NA,NA,NA,NA,NA,NA,NA,NA,NA,NA,NA,NA,NA,NA,NA,NA,NA,NA,NA,NA,NA,1.1,0.400302,2.08,0.163086,0.0466666666666667,0.009884,0.18,0,0,NA,NA,NA,NA,NA,NA,NA,NA,NA,NA,NA,NA,NA,NA,NA,NA,NA
"326","Giants","NYG","DST","100023","robust",NA,NA,NA,NA,NA,NA,NA,NA,NA,NA,NA,NA,NA,NA,NA,NA,NA,NA,NA,NA,NA,NA,NA,NA,NA,NA,NA,NA,0.7,0.22239,2.47,0.103782,0.01,0.014826,0.1,0.07413,0,NA,NA,NA,NA,NA,NA,NA,NA,NA,NA,NA,NA,NA,NA,NA,NA,NA
"327","Texans","HOU","DST","100013","robust",NA,NA,NA,NA,NA,NA,NA,NA,NA,NA,NA,NA,NA,NA,NA,NA,NA,NA,NA,NA,NA,NA,NA,NA,NA,NA,NA,NA,0.855,0.0889560000000001,2.115,0.385476,0.0133333333333333,0.019768,0.15,0.059304,0,NA,NA,NA,NA,NA,NA,NA,NA,NA,NA,NA,NA,NA,NA,NA,NA,NA
"328","Panthers","CAR","DST","100004","robust",NA,NA,NA,NA,NA,NA,NA,NA,NA,NA,NA,NA,NA,NA,NA,NA,NA,NA,NA,NA,NA,NA,NA,NA,NA,NA,NA,NA,0.745,0.103782,2.245,0.148259999999999,0.0466666666666667,0.009884,0.175,0.059304,0,NA,NA,NA,NA,NA,NA,NA,NA,NA,NA,NA,NA,NA,NA,NA,NA,NA
"329","Dolphins","MIA","DST","100019","robust",NA,NA,NA,NA,NA,NA,NA,NA,NA,NA,NA,NA,NA,NA,NA,NA,NA,NA,NA,NA,NA,NA,NA,NA,NA,NA,NA,NA,0.78,0.0593039999999999,2.35,0.133434,0.01,0.014826,0.175,0.044478,0,NA,NA,NA,NA,NA,NA,NA,NA,NA,NA,NA,NA,NA,NA,NA,NA,NA
"330","Vikings","MIN","DST","100020","robust",NA,NA,NA,NA,NA,NA,NA,NA,NA,NA,NA,NA,NA,NA,NA,NA,NA,NA,NA,NA,NA,NA,NA,NA,NA,NA,NA,NA,0.85,0.14826,2.6,0.0148259999999997,0.0133333333333333,0.019768,0.16,0.059304,0,NA,NA,NA,NA,NA,NA,NA,NA,NA,NA,NA,NA,NA,NA,NA,NA,NA
"331","49ers","SF","DST","100029","robust",NA,NA,NA,NA,NA,NA,NA,NA,NA,NA,NA,NA,NA,NA,NA,NA,NA,NA,NA,NA,NA,NA,NA,NA,NA,NA,NA,NA,0.98,0.266868,3.2,0.59304,0.01,0.014826,0.2,0.014826,0,NA,NA,NA,NA,NA,NA,NA,NA,NA,NA,NA,NA,NA,NA,NA,NA,NA
"332","Bengals","CIN","DST","100006","robust",NA,NA,NA,NA,NA,NA,NA,NA,NA,NA,NA,NA,NA,NA,NA,NA,NA,NA,NA,NA,NA,NA,NA,NA,NA,NA,NA,NA,0.85,0.14826,2.11,0.192738,0.01,0.014826,0.15,0.07413,0,NA,NA,NA,NA,NA,NA,NA,NA,NA,NA,NA,NA,NA,NA,NA,NA,NA
"333","Titans","TEN","DST","100012","robust",NA,NA,NA,NA,NA,NA,NA,NA,NA,NA,NA,NA,NA,NA,NA,NA,NA,NA,NA,NA,NA,NA,NA,NA,NA,NA,NA,NA,0.92,0.14826,2.6,0.22239,0.01,0.014826,0.15,0.07413,0,NA,NA,NA,NA,NA,NA,NA,NA,NA,NA,NA,NA,NA,NA,NA,NA,NA
"334","Buccaneers","TB","DST","100031","robust",NA,NA,NA,NA,NA,NA,NA,NA,NA,NA,NA,NA,NA,NA,NA,NA,NA,NA,NA,NA,NA,NA,NA,NA,NA,NA,NA,NA,0.89,0.14826,2.715,0.326172,0.0133333333333333,0.019768,0.14,0.059304,0,NA,NA,NA,NA,NA,NA,NA,NA,NA,NA,NA,NA,NA,NA,NA,NA,NA
"335","Broncos","DEN","DST","100009","robust",NA,NA,NA,NA,NA,NA,NA,NA,NA,NA,NA,NA,NA,NA,NA,NA,NA,NA,NA,NA,NA,NA,NA,NA,NA,NA,NA,NA,0.785,0.044478,2.15,0.385476,0.0433333333333333,0.019768,0.17,0.044478,0,NA,NA,NA,NA,NA,NA,NA,NA,NA,NA,NA,NA,NA,NA,NA,NA,NA
"336","Rams","LAR","DST","100017","robust",NA,NA,NA,NA,NA,NA,NA,NA,NA,NA,NA,NA,NA,NA,NA,NA,NA,NA,NA,NA,NA,NA,NA,NA,NA,NA,NA,NA,0.88,0.118608,2.36,0.237216,0.01,0.014826,0.15,0.07413,0,NA,NA,NA,NA,NA,NA,NA,NA,NA,NA,NA,NA,NA,NA,NA,NA,NA
"337","Jaguars","JAC","DST","100015","robust",NA,NA,NA,NA,NA,NA,NA,NA,NA,NA,NA,NA,NA,NA,NA,NA,NA,NA,NA,NA,NA,NA,NA,NA,NA,NA,NA,NA,0.78,0.14826,2.455,0.400302,0.05,0,0.18,0.014826,0,NA,NA,NA,NA,NA,NA,NA,NA,NA,NA,NA,NA,NA,NA,NA,NA,NA
"338","Patriots","NE","DST","100021","robust",NA,NA,NA,NA,NA,NA,NA,NA,NA,NA,NA,NA,NA,NA,NA,NA,NA,NA,NA,NA,NA,NA,NA,NA,NA,NA,NA,NA,0.97,0.192738,2.98,0.266868,0.01,0.014826,0.2,0,0,NA,NA,NA,NA,NA,NA,NA,NA,NA,NA,NA,NA,NA,NA,NA,NA,NA
"339","Falcons","ATL","DST","100001","robust",NA,NA,NA,NA,NA,NA,NA,NA,NA,NA,NA,NA,NA,NA,NA,NA,NA,NA,NA,NA,NA,NA,NA,NA,NA,NA,NA,NA,1.095,0.177912,2.14,0.326172,0.05,0,0.2,0,0,NA,NA,NA,NA,NA,NA,NA,NA,NA,NA,NA,NA,NA,NA,NA,NA,NA
"340","Colts","IND","DST","100014","robust",NA,NA,NA,NA,NA,NA,NA,NA,NA,NA,NA,NA,NA,NA,NA,NA,NA,NA,NA,NA,NA,NA,NA,NA,NA,NA,NA,NA,0.9,0.0593040000000001,2.65,0.163086,0.0833333333333333,0.02471,0.17,0,0,NA,NA,NA,NA,NA,NA,NA,NA,NA,NA,NA,NA,NA,NA,NA,NA,NA
"341","Bills","BUF","DST","100003","robust",NA,NA,NA,NA,NA,NA,NA,NA,NA,NA,NA,NA,NA,NA,NA,NA,NA,NA,NA,NA,NA,NA,NA,NA,NA,NA,NA,NA,0.8,0.29652,2.6,0.266868,0.08,0.029652,0.15,0.059304,0,NA,NA,NA,NA,NA,NA,NA,NA,NA,NA,NA,NA,NA,NA,NA,NA,NA
"342","Eagles","PHI","DST","100025","robust",NA,NA,NA,NA,NA,NA,NA,NA,NA,NA,NA,NA,NA,NA,NA,NA,NA,NA,NA,NA,NA,NA,NA,NA,NA,NA,NA,NA,1.395,0.29652,2.53,0.133434,0.01,0.014826,0.21,0.029652,0,NA,NA,NA,NA,NA,NA,NA,NA,NA,NA,NA,NA,NA,NA,NA,NA,NA
"343","Cowboys","DAL","DST","100008","robust",NA,NA,NA,NA,NA,NA,NA,NA,NA,NA,NA,NA,NA,NA,NA,NA,NA,NA,NA,NA,NA,NA,NA,NA,NA,NA,NA,NA,1.13,0.400302,3.6,0.0444780000000004,0.0233333333333333,0.034594,0.235,0.07413,0,NA,NA,NA,NA,NA,NA,NA,NA,NA,NA,NA,NA,NA,NA,NA,NA,NA
"344","Tyler Bass","BUF","K","2563596","robust",NA,NA,NA,NA,NA,NA,NA,NA,NA,NA,NA,NA,NA,NA,NA,NA,NA,NA,NA,NA,NA,NA,NA,NA,NA,NA,NA,NA,NA,NA,NA,NA,NA,NA,NA,NA,NA,NA,0.0123737597448618,0.00981920411055989,0.584005039766911,0.115657743916844,0.606092531892275,0.102854572348216,0.463602153712891,0.117101495570517,0.104738955823293,0.0140519518072289,3.08,0.029652,NA,NA,NA,NA
"345","Jason Sanders","MIA","K","2561153","robust",NA,NA,NA,NA,NA,NA,NA,NA,NA,NA,NA,NA,NA,NA,NA,NA,NA,NA,NA,NA,NA,NA,NA,NA,NA,NA,NA,NA,NA,NA,NA,NA,NA,NA,NA,NA,NA,NA,0.00935632183908046,0.00207904827586207,0.489539272030651,0.0431118494252874,0.485215404552626,0.0928521271129141,0.655036398467433,0.103566142528736,0.15137908496732,0.0390321098039216,2.8,0.29652,NA,NA,NA,NA
"346","Daniel Carlson","LVR","K","2560993","robust",NA,NA,NA,NA,NA,NA,NA,NA,NA,NA,NA,NA,NA,NA,NA,NA,NA,NA,NA,NA,NA,NA,NA,NA,NA,NA,NA,NA,NA,NA,NA,NA,NA,NA,NA,NA,NA,NA,0.00875647668393782,0.00399456994818653,0.619359371480063,0.113094591687317,0.655800198993767,0.048303137502816,0.47386341236765,0.0425633785762559,0.299712147380541,0.137749501208981,2.6,0.44478,NA,NA,NA,NA
"347","Wil Lutz","NO","K","2556601","robust",NA,NA,NA,NA,NA,NA,NA,NA,NA,NA,NA,NA,NA,NA,NA,NA,NA,NA,NA,NA,NA,NA,NA,NA,NA,NA,NA,NA,NA,NA,NA,NA,NA,NA,NA,NA,NA,NA,0,0,0.395284178187404,0.118608,0.575,0.150734795698925,0.405160038068523,0.0457035156615241,0.227087646652864,0.0741095362318841,2.7125,0.192738,NA,NA,NA,NA
"348","Jake Elliott","PHI","K","2558172","robust",NA,NA,NA,NA,NA,NA,NA,NA,NA,NA,NA,NA,NA,NA,NA,NA,NA,NA,NA,NA,NA,NA,NA,NA,NA,NA,NA,NA,NA,NA,NA,NA,NA,NA,NA,NA,NA,NA,0.0165147569444444,0.0128697916666667,0.498592045409301,0.0806062660953177,0.71,0.185073310409699,0.472251751871317,0.177912,0.209579326923077,0.0408665384615384,2.625,0.44478,NA,NA,NA,NA
"349","Younghoe Koo","ATL","K","2559205","robust",NA,NA,NA,NA,NA,NA,NA,NA,NA,NA,NA,NA,NA,NA,NA,NA,NA,NA,NA,NA,NA,NA,NA,NA,NA,NA,NA,NA,NA,NA,NA,NA,NA,NA,NA,NA,NA,NA,0.00586324786324786,0.00238229743589744,0.587247544122544,0.0252090547785547,0.555,0.0647055582750583,0.571896645021645,0.0440060990675992,0.298701668701669,0.127811343589744,2.3,0.22239,NA,NA,NA,NA
"350","Robbie Gould","SF","K","2506264","robust",NA,NA,NA,NA,NA,NA,NA,NA,NA,NA,NA,NA,NA,NA,NA,NA,NA,NA,NA,NA,NA,NA,NA,NA,NA,NA,NA,NA,NA,NA,NA,NA,NA,NA,NA,NA,NA,NA,0.00778554778554779,0.00276475524475524,0.463598631098631,0.092213660933661,0.405340942840943,0.151427392742393,0.526835563085563,0.182750054810055,0.236696636696637,0.0810665734265734,2.25,0.44478,NA,NA,NA,NA
"351","Evan McPherson","CIN","K","2565953","robust",NA,NA,NA,NA,NA,NA,NA,NA,NA,NA,NA,NA,NA,NA,NA,NA,NA,NA,NA,NA,NA,NA,NA,NA,NA,NA,NA,NA,NA,NA,NA,NA,NA,NA,NA,NA,NA,NA,0.0455102938133664,0.011549739292365,0.474357513955303,0.0851458007605277,0.556764935490025,0.0468828418462358,0.489831243018623,0.0595644343771028,0.32220078565256,0.0805991532478913,2.5,0.14826,NA,NA,NA,NA
"352","Randy Bullock","TEN","K","2533444","robust",NA,NA,NA,NA,NA,NA,NA,NA,NA,NA,NA,NA,NA,NA,NA,NA,NA,NA,NA,NA,NA,NA,NA,NA,NA,NA,NA,NA,NA,NA,NA,NA,NA,NA,NA,NA,NA,NA,0,0,0.415439770062934,0.0957169969046934,0.49767995968903,0.0741300000000001,0.518655444037678,0.115181877339476,0.0699650621118012,0.033716615942029,2.55,0.44478,NA,NA,NA,NA
"353","Brett Maher","DAL","K","2540243","robust",NA,NA,NA,NA,NA,NA,NA,NA,NA,NA,NA,NA,NA,NA,NA,NA,NA,NA,NA,NA,NA,NA,NA,NA,NA,NA,NA,NA,NA,NA,NA,NA,NA,NA,NA,NA,NA,NA,0.0119346733668342,0.00819527638190955,0.536672899833487,0.125001179603365,0.593101392610909,0.107348498739735,0.474236012639113,0.0644879113852925,0.229739633841723,0.103009962267478,2.4025,0.29652,NA,NA,NA,NA
"354","Justin Tucker","BAL","K","2536340","robust",NA,NA,NA,NA,NA,NA,NA,NA,NA,NA,NA,NA,NA,NA,NA,NA,NA,NA,NA,NA,NA,NA,NA,NA,NA,NA,NA,NA,NA,NA,NA,NA,NA,NA,NA,NA,NA,NA,0.0141414141414141,0.00778739393939394,0.443296119085593,0.07413,0.528743354598618,0.0593040000000001,0.46,0.109512197767145,0.286155303030303,0.0305505454545453,2.4,0.29652,NA,NA,NA,NA
"355","Greg Joseph","MIN","K","2561534","robust",NA,NA,NA,NA,NA,NA,NA,NA,NA,NA,NA,NA,NA,NA,NA,NA,NA,NA,NA,NA,NA,NA,NA,NA,NA,NA,NA,NA,NA,NA,NA,NA,NA,NA,NA,NA,NA,NA,0.0107017543859649,0.00208084210526316,0.613952476572958,0.0265458835341365,0.547585077150708,0.0969793072289156,0.502434738955823,0.014826,0.268732943469786,0.0315016374269006,2.35,0.103782,NA,NA,NA,NA
"356","Jason Myers","SEA","K","2553112","robust",NA,NA,NA,NA,NA,NA,NA,NA,NA,NA,NA,NA,NA,NA,NA,NA,NA,NA,NA,NA,NA,NA,NA,NA,NA,NA,NA,NA,NA,NA,NA,NA,NA,NA,NA,NA,NA,NA,0.00735294117647059,0.0145352941176471,0.461176470588235,0.044478,0.751470588235294,0.14826,0.4525,0.108724,0.283660130718954,0.0242254901960783,2.4,0.29652,NA,NA,NA,NA
"357","Mike Badgley","DET","K","2560965","robust",NA,NA,NA,NA,NA,NA,NA,NA,NA,NA,NA,NA,NA,NA,NA,NA,NA,NA,NA,NA,NA,NA,NA,NA,NA,NA,NA,NA,NA,NA,NA,NA,NA,NA,NA,NA,NA,NA,0.0302194910738076,0.010516070343725,0.465467108456092,0.0977540699940048,0.492789732499715,0.093408992006395,0.53,0.141869017535971,0.145422729276896,0.0394319521604938,2.4,0.14826,NA,NA,NA,NA
"358","Greg Zuerlein","NYJ","K","2534797","robust",NA,NA,NA,NA,NA,NA,NA,NA,NA,NA,NA,NA,NA,NA,NA,NA,NA,NA,NA,NA,NA,NA,NA,NA,NA,NA,NA,NA,NA,NA,NA,NA,NA,NA,NA,NA,NA,NA,0.0084450526555042,0.00195869668156679,0.475,0.0579386690658383,0.611379144884713,0.152452032123646,0.54454630401293,0.131008305098871,0.209479695431472,0.0525432436548223,1.985,0.14826,NA,NA,NA,NA
"359","Ryan Succop","TB","K","89802","robust",NA,NA,NA,NA,NA,NA,NA,NA,NA,NA,NA,NA,NA,NA,NA,NA,NA,NA,NA,NA,NA,NA,NA,NA,NA,NA,NA,NA,NA,NA,NA,NA,NA,NA,NA,NA,NA,NA,0.0184322678843227,0.00695039269406393,0.572304145402453,0.108790039349987,0.544137344435491,0.0423448294386248,0.597824335213538,0.0422917324738116,0.112479481899305,0.0277409517414272,2.3,0.14826,NA,NA,NA,NA
"360","Joey Slye","WAS","K","2563132","robust",NA,NA,NA,NA,NA,NA,NA,NA,NA,NA,NA,NA,NA,NA,NA,NA,NA,NA,NA,NA,NA,NA,NA,NA,NA,NA,NA,NA,NA,NA,NA,NA,NA,NA,NA,NA,NA,NA,0.0234149184149184,0.0288571328671329,0.501699300699301,0.14826,0.537494172494173,0.200147544055944,0.401008158508159,0.148857878321678,0.175236111111111,0.0461253333333333,1.7925,0.29652,NA,NA,NA,NA
"361","Graham Gano","NYG","K","71309","robust",NA,NA,NA,NA,NA,NA,NA,NA,NA,NA,NA,NA,NA,NA,NA,NA,NA,NA,NA,NA,NA,NA,NA,NA,NA,NA,NA,NA,NA,NA,NA,NA,NA,NA,NA,NA,NA,NA,0.00262237762237762,0.00492472027972028,0.506854514797079,0.158508935801712,0.68517269807052,0.24651835330014,0.506803153838392,0.128087288238399,0.296881243063263,0.125389674583796,2.2,0.237216,NA,NA,NA,NA
"362","Riley Patterson","JAC","K","2567013","robust",NA,NA,NA,NA,NA,NA,NA,NA,NA,NA,NA,NA,NA,NA,NA,NA,NA,NA,NA,NA,NA,NA,NA,NA,NA,NA,NA,NA,NA,NA,NA,NA,NA,NA,NA,NA,NA,NA,0.0271255736337088,0.0135116382978723,0.661090425531915,0.092189329787234,0.440762262351749,0.106042260325407,0.494321249776506,0.0838450106382979,0.114144257703081,0.020474,2,0.14826,NA,NA,NA,NA
"363","Kaimi Fairbairn","HOU","K","2556521","robust",NA,NA,NA,NA,NA,NA,NA,NA,NA,NA,NA,NA,NA,NA,NA,NA,NA,NA,NA,NA,NA,NA,NA,NA,NA,NA,NA,NA,NA,NA,NA,NA,NA,NA,NA,NA,NA,NA,0.0199122807017544,0.0052021052631579,0.462428922483514,0.088956,0.459582166853303,0.0922942481336319,0.529589865621501,0.139740860862262,0.322221734892787,0.084057350877193,1.93,0.0889560000000001,NA,NA,NA,NA
"364","Cairo Santos","CHI","K","2550636","robust",NA,NA,NA,NA,NA,NA,NA,NA,NA,NA,NA,NA,NA,NA,NA,NA,NA,NA,NA,NA,NA,NA,NA,NA,NA,NA,NA,NA,NA,NA,NA,NA,NA,NA,NA,NA,NA,NA,0.0041390205371248,0.00295114691943128,0.422953058515239,0.0608393246964403,0.45,0.123472212266925,0.579229569539097,0.257170519597329,0.259026263823065,0.059304,1.65,0.22239,NA,NA,NA,NA
"365","Matt Gay","LAR","K","2562271","robust",NA,NA,NA,NA,NA,NA,NA,NA,NA,NA,NA,NA,NA,NA,NA,NA,NA,NA,NA,NA,NA,NA,NA,NA,NA,NA,NA,NA,NA,NA,NA,NA,NA,NA,NA,NA,NA,NA,0.0105633802816901,0.0266241549295775,0.621235938357417,0.165118320662612,0.5625,0.0940000637804096,0.388788955322846,0.0631260103233034,0.0942640692640693,0.0121945454545454,2,0,NA,NA,NA,NA
"366","Brandon McManus","DEN","K","2541556","robust",NA,NA,NA,NA,NA,NA,NA,NA,NA,NA,NA,NA,NA,NA,NA,NA,NA,NA,NA,NA,NA,NA,NA,NA,NA,NA,NA,NA,NA,NA,NA,NA,NA,NA,NA,NA,NA,NA,0.0121527777777778,0.0306301041666667,0.499788315549185,0.07413,0.464556171862558,0.0690279300445931,0.484134947178425,0.123099403567447,0.292247173116738,0.0760150278706801,1.805,0.29652,NA,NA,NA,NA
"367","Matt Prater","ARI","K","2506677","robust",NA,NA,NA,NA,NA,NA,NA,NA,NA,NA,NA,NA,NA,NA,NA,NA,NA,NA,NA,NA,NA,NA,NA,NA,NA,NA,NA,NA,NA,NA,NA,NA,NA,NA,NA,NA,NA,NA,0.0101351351351351,0.0150263513513514,0.441008316008316,0.0607989293139293,0.54468121968122,0.118608,0.4,0.07413,0.270673076923077,0.0652201442307692,2.02,0.237216,"Q","Hip",8,2022
"368","Chase McLaughlin","IND","K","2563203","robust",NA,NA,NA,NA,NA,NA,NA,NA,NA,NA,NA,NA,NA,NA,NA,NA,NA,NA,NA,NA,NA,NA,NA,NA,NA,NA,NA,NA,NA,NA,NA,NA,NA,NA,NA,NA,NA,NA,0.00159235668789809,0.00424949044585987,0.477124292756471,0.0601230064033068,0.512943932951619,0.0377559189253286,0.567247425125356,0.0940702064981704,0.337328235815603,0.0579633510638298,1.9,0.103782,NA,NA,NA,NA
"369","Cade York","CLE","K","2567487","robust",NA,NA,NA,NA,NA,NA,NA,NA,NA,NA,NA,NA,NA,NA,NA,NA,NA,NA,NA,NA,NA,NA,NA,NA,NA,NA,NA,NA,NA,NA,NA,NA,NA,NA,NA,NA,NA,NA,0.00734204793028323,0.0021318431372549,0.47181438147035,0.0930983819951338,0.589877868422308,0.103791195076571,0.529424109059682,0.091724602189781,0.157696078431373,0.0445749019607843,1.98,0.14826,NA,NA,NA,NA
"370","Nick Folk","NE","K","2507225","robust",NA,NA,NA,NA,NA,NA,NA,NA,NA,NA,NA,NA,NA,NA,NA,NA,NA,NA,NA,NA,NA,NA,NA,NA,NA,NA,NA,NA,NA,NA,NA,NA,NA,NA,NA,NA,NA,NA,0.0581001984126984,0.0144582916666667,0.51594494047619,0.1944809375,0.625970238095238,0.118608,0.45494568452381,0.0148259999999999,0.203569444444444,0.0378886666666666,1.9125,0.44478,NA,NA,NA,NA
"371","Mason Crosby","GB","K","2507232","robust",NA,NA,NA,NA,NA,NA,NA,NA,NA,NA,NA,NA,NA,NA,NA,NA,NA,NA,NA,NA,NA,NA,NA,NA,NA,NA,NA,NA,NA,NA,NA,NA,NA,NA,NA,NA,NA,NA,0.00331632653061224,0.00756428571428571,0.372992134353742,0.0973460535714286,0.383093289399093,0.0402062797619048,0.358614122732426,0.0093187797619048,0.1,0.0185325,1.8675,0.192738,NA,NA,NA,NA
"372","Rodrigo Blankenship","ARI","K","2564106","robust",NA,NA,NA,NA,NA,NA,NA,NA,NA,NA,NA,NA,NA,NA,NA,NA,NA,NA,NA,NA,NA,NA,NA,NA,NA,NA,NA,NA,NA,NA,NA,NA,NA,NA,NA,NA,NA,NA,0,0,0.652162162162162,0.122214324324324,0.340202702702703,0.0530931081081081,0.643783783783784,0.121212567567568,0.435,0.07413,1.755,0.133434,NA,NA,NA,NA
"373","Chris Boswell","PIT","K","2550545","robust",NA,NA,NA,NA,NA,NA,NA,NA,NA,NA,NA,NA,NA,NA,NA,NA,NA,NA,NA,NA,NA,NA,NA,NA,NA,NA,NA,NA,NA,NA,NA,NA,NA,NA,NA,NA,NA,NA,0.0822972972972973,0.018231972972973,0.576081081081081,0.127623810810811,0.505540540540541,0.111996405405405,0.435,0.096369,0.176351351351351,0.0390685135135135,1.875,0.185325,"O","Groin",8,2022
"374","Eddy Pineiro","CAR","K","2560842","robust",NA,NA,NA,NA,NA,NA,NA,NA,NA,NA,NA,NA,NA,NA,NA,NA,NA,NA,NA,NA,NA,NA,NA,NA,NA,NA,NA,NA,NA,NA,NA,NA,NA,NA,NA,NA,NA,NA,0,0,0.335163678542788,0.165637889935846,0.598141611295681,0.142749505813953,0.445,0.0859662570168404,0.162065568475452,0.0690484418604651,1.5875,0.14826,NA,NA,NA,NA
