"","player","team","position","id","avg_type","pass_att","pass_att_sd","pass_comp","pass_comp_sd","pass_yds","pass_yds_sd","pass_tds","pass_tds_sd","pass_int","pass_int_sd","rush_att","rush_att_sd","rush_yds","rush_yds_sd","rush_tds","rush_tds_sd","fumbles_lost","fumbles_lost_sd","two_pts","two_pts_sd","return_tds","return_tds_sd","rec","rec_sd","rec_yds","rec_yds_sd","rec_tds","rec_tds_sd","fg_0019","fg_0019_sd","fg_2029","fg_2029_sd","fg_3039","fg_3039_sd","fg_4049","fg_4049_sd","fg_50","fg_50_sd","xp","xp_sd","dst_int","dst_int_sd","dst_sacks","dst_sacks_sd","dst_safety","dst_safety_sd","dst_td","dst_td_sd","dst_blk","dst_blk_sd","idp_solo","idp_solo_sd","idp_sack","idp_sack_sd","idp_int","idp_int_sd","idp_pd","idp_pd_sd","idp_td","idp_td_sd","injury_status","injury_details","season_year","week"
"1","Patrick Mahomes","KC","QB","13116","robust",629.126583288719,27.739446,415.3975,17.7912,4916.64,217.845830999999,38.375,1.03782,11.13,0.192738,62.6017498067247,3.81991947310004,343.0225,23.061843,3,0.177912,1.355,0.0333584999999999,2.73,0,0,NA,NA,NA,NA,NA,NA,NA,NA,NA,NA,NA,NA,NA,NA,NA,NA,NA,NA,NA,NA,NA,NA,NA,NA,NA,NA,NA,NA,NA,NA,NA,NA,NA,NA,NA,NA,NA,NA,NA,NA,NA,NA,NA
"2","Justin Herbert","LAC","QB","14779","robust",646.796368146639,33.297915705019,435.155436613392,23.441200646029,4672.06,198.846312,30.0875,1.4826,12.135,1.03782,54.3306642268132,6.011943,205.275,26.204955,1.5,0.140847,1.48875,0.0111194999999999,2.66,0,0,NA,NA,NA,NA,NA,NA,NA,NA,NA,NA,NA,NA,NA,NA,NA,NA,NA,NA,NA,NA,NA,NA,NA,NA,NA,NA,NA,NA,NA,NA,NA,NA,NA,NA,NA,NA,NA,NA,NA,NA,NA,NA,NA
"3","Joe Burrow","CIN","QB","14777","robust",608.400129177747,28.3919815189282,412.86,19.807536,4591.1425,104.130411000001,33.4175,0.748713000000004,13.115,0.770952000000002,66.775,5.9304,257.4875,33.692085,3.625,0.66717,1.9625,0.037065,2.66,0,0,NA,NA,NA,NA,NA,NA,NA,NA,NA,NA,NA,NA,NA,NA,NA,NA,NA,NA,NA,NA,NA,NA,NA,NA,NA,NA,NA,NA,NA,NA,NA,NA,NA,NA,NA,NA,NA,NA,NA,"Q","Calf",2023,0
"4","Kirk Cousins","MIN","QB","10700","robust",611.118140711075,15.4841459141902,402.005,11.04537,4451.615,110.4537,30.5175,0.845082,12.5,0.444780000000001,30.25,1.18608,98.125,6.115725,1.3775,0.452193,2.350625,0.24648225,2,0,0,NA,NA,NA,NA,NA,NA,NA,NA,NA,NA,NA,NA,NA,NA,NA,NA,NA,NA,NA,NA,NA,NA,NA,NA,NA,NA,NA,NA,NA,NA,NA,NA,NA,NA,NA,NA,NA,NA,NA,NA,NA,NA,NA
"5","Josh Allen","BUF","QB","13589","robust",596.2375,26.76093,375.765614796665,14.60361,4341.76,187.578552,32.6,2.37216,14.1675,1.015581,122.0075,8.8956,689.06,31.06047,6.23,1.208319,3.8475,0.0518909999999999,2.66,0,0,NA,NA,NA,NA,NA,NA,NA,NA,NA,NA,NA,NA,NA,NA,NA,NA,NA,NA,NA,NA,NA,NA,NA,NA,NA,NA,NA,NA,NA,NA,NA,NA,NA,NA,NA,NA,NA,NA,NA,NA,NA,NA,NA
"6","Jared Goff","DET","QB","12611","robust",582.25,21.260484,380.895782974917,10.074267,4273.5525,167.90445,28.05,3.343263,10.5,1.638273,31.8174734906737,1.01191380272714,81.825,3.343263,0.8025,0.822843,3.47625,0.1223145,3.76,0,0,NA,NA,NA,NA,NA,NA,NA,NA,NA,NA,NA,NA,NA,NA,NA,NA,NA,NA,NA,NA,NA,NA,NA,NA,NA,NA,NA,NA,NA,NA,NA,NA,NA,NA,NA,NA,NA,NA,NA,NA,NA,NA,NA
"7","Dak Prescott","DAL","QB","12620","robust",566.6125,18.60663,371.63406964721,9.83705099999999,4130.1925,124.708899,29.575,1.808772,13.6575,0.681996000000001,58.6525,4.29954,243.9,41.127324,2,0.845082,2.82,0.177912,2.62,0,0,NA,NA,NA,NA,NA,NA,NA,NA,NA,NA,NA,NA,NA,NA,NA,NA,NA,NA,NA,NA,NA,NA,NA,NA,NA,NA,NA,NA,NA,NA,NA,NA,NA,NA,NA,NA,NA,NA,NA,NA,NA,NA,NA
"8","Matthew Stafford","LAR","QB","9431","robust",537.298099777786,26.83506,356.370123662327,15.396984341766,4022.2325,167.481909,24.9,2.438877,14,1.4826,28.5733357276421,3.054156,67.6875,20.422815,0.9,0.185325,2.805,0.00370649999999992,1.41,0,0,NA,NA,NA,NA,NA,NA,NA,NA,NA,NA,NA,NA,NA,NA,NA,NA,NA,NA,NA,NA,NA,NA,NA,NA,NA,NA,NA,NA,NA,NA,NA,NA,NA,NA,NA,NA,NA,NA,NA,NA,NA,NA,NA
"9","Tua Tagovailoa","MIA","QB","14778","robust",533.830949607756,14.4890597366105,351.075,21.1295877271987,4135.3,227.749599,26.7,0.896973000000001,12.0525,1.045233,39.1691363732528,3.78063,125.825,14.826,1.4325,0.385476,1.43,0.274281,0.94,0,0,NA,NA,NA,NA,NA,NA,NA,NA,NA,NA,NA,NA,NA,NA,NA,NA,NA,NA,NA,NA,NA,NA,NA,NA,NA,NA,NA,NA,NA,NA,NA,NA,NA,NA,NA,NA,NA,NA,NA,NA,NA,NA,NA
"10","Aaron Rodgers","NYJ","QB","7836","robust",578.586294016936,25.9493370190193,370.025,11.78667,4085,122.3145,27.82,1.33434,9.49,1.77912,36.6,5.611641,122.3275,26.6868,1.57,0.459606,2.8725,0.09451575,1.06,0,0,NA,NA,NA,NA,NA,NA,NA,NA,NA,NA,NA,NA,NA,NA,NA,NA,NA,NA,NA,NA,NA,NA,NA,NA,NA,NA,NA,NA,NA,NA,NA,NA,NA,NA,NA,NA,NA,NA,NA,NA,NA,NA,NA
"11","Trevor Lawrence","JAC","QB","15237","robust",591.292506454949,21.6367437490453,387.061685406106,16.82751,4111.015,75.5607090000002,26.52,1.504839,11.475,2.14977,64.3187826036634,5.1891,296.8,20.0151,3.51,0.51891,5.5925,0.29096025,3,0,0,NA,NA,NA,NA,NA,NA,NA,NA,NA,NA,NA,NA,NA,NA,NA,NA,NA,NA,NA,NA,NA,NA,NA,NA,NA,NA,NA,NA,NA,NA,NA,NA,NA,NA,NA,NA,NA,NA,NA,NA,NA,NA,NA
"12","Derek Carr","NO","QB","11644","robust",531.530551667775,39.1571018052872,346.269705061359,18.0942584479403,4015.17,234.013584,24.79,1.623447,12.005,1.4826,33.0875,1.92738,115.425,12.6021,0.6325,0.392889,1.3625,0.47257875,0.53,0,0,NA,NA,NA,NA,NA,NA,NA,NA,NA,NA,NA,NA,NA,NA,NA,NA,NA,NA,NA,NA,NA,NA,NA,NA,NA,NA,NA,NA,NA,NA,NA,NA,NA,NA,NA,NA,NA,NA,NA,NA,NA,NA,NA
"13","Geno Smith","SEA","QB","11150","robust",563.475627708767,25.0939356410182,380.918468054346,12.30558,4113.505,152.722626,27.55,0.748713000000001,11.7075,0.763539000000001,62.875,3.298785,324.425,13.3434,1.545,0.7413,3.275,0.22239,0,NA,0,NA,NA,NA,NA,NA,NA,NA,NA,NA,NA,NA,NA,NA,NA,NA,NA,NA,NA,NA,NA,NA,NA,NA,NA,NA,NA,NA,NA,NA,NA,NA,NA,NA,NA,NA,NA,NA,NA,NA,NA,NA,NA,NA
"14","Baker Mayfield","TB","QB","13590","robust",477.923229876124,192.006277228682,294.948620698029,119.734776,3142.385,1131.9651,17.2875,7.11648,11.005,4.344018,34.4723623716518,14.0847,105.4625,50.85318,1.0725,0.214977,2.3175,0.0815429999999999,1.35,0,0,NA,NA,NA,NA,NA,NA,NA,NA,NA,NA,NA,NA,NA,NA,NA,NA,NA,NA,NA,NA,NA,NA,NA,NA,NA,NA,NA,NA,NA,NA,NA,NA,NA,NA,NA,NA,NA,NA,NA,NA,NA,NA,NA
"15","Jimmy Garoppolo","LVR","QB","11760","robust",498.1,20.7564,327.1,14.67774,3713,207.445392,23.18,2.81694,12.0575,1.022994,29.73,4.388496,61.25,27.4281,1.465,0.489258,1.5175,0.35767725,0.38,0,0,NA,NA,NA,NA,NA,NA,NA,NA,NA,NA,NA,NA,NA,NA,NA,NA,NA,NA,NA,NA,NA,NA,NA,NA,NA,NA,NA,NA,NA,NA,NA,NA,NA,NA,NA,NA,NA,NA,NA,NA,NA,NA,NA
"16","Jalen Hurts","PHI","QB","14783","robust",506.412701546802,18.9709751634165,327.192000371282,15.5673,3874.15,97.0435829999999,24.145,2.386986,9.615,0.81543,162.6,16.45686,799.3225,70.8163889999999,11.005,0.882147000000001,2.624375,0.27242775,4.25,0,0,NA,NA,NA,NA,NA,NA,NA,NA,NA,NA,NA,NA,NA,NA,NA,NA,NA,NA,NA,NA,NA,NA,NA,NA,NA,NA,NA,NA,NA,NA,NA,NA,NA,NA,NA,NA,NA,NA,NA,NA,NA,NA,NA
"17","Deshaun Watson","CLE","QB","13113","robust",526.702356644919,31.3347409854293,334.61697606233,16.90164,3872.5,169.46118,24.31,2.194248,11.125,1.4826,98.5,15.71556,487.8,95.03466,3.725,0.637518,1.2825,0.20941725,2,0,0,NA,NA,NA,NA,NA,NA,NA,NA,NA,NA,NA,NA,NA,NA,NA,NA,NA,NA,NA,NA,NA,NA,NA,NA,NA,NA,NA,NA,NA,NA,NA,NA,NA,NA,NA,NA,NA,NA,NA,NA,NA,NA,NA
"18","Russell Wilson","DEN","QB","10703","robust",524.639310665779,11.6798612746006,326.65,4.00301999999998,3848.4,64.0483200000001,23.3075,2.112705,11.4,0.96369,63.0862297415418,3.7065,311.0275,28.488159,2.955,0.44478,1.9025,0.0963689999999999,0.53,0,0,NA,NA,NA,NA,NA,NA,NA,NA,NA,NA,NA,NA,NA,NA,NA,NA,NA,NA,NA,NA,NA,NA,NA,NA,NA,NA,NA,NA,NA,NA,NA,NA,NA,NA,NA,NA,NA,NA,NA,NA,NA,NA,NA
"19","Brock Purdy","SF","QB","15698","robust",447.575,42.9954,289.675,18.5325,3461.6,283.47312,24.125,2.194248,9.8,2.9652,39.5,6.6717,115.725,79.24497,1.775,0.926625,1.1575,0.10563525,1.63,0,0,NA,NA,NA,NA,NA,NA,NA,NA,NA,NA,NA,NA,NA,NA,NA,NA,NA,NA,NA,NA,NA,NA,NA,NA,NA,NA,NA,NA,NA,NA,NA,NA,NA,NA,NA,NA,NA,NA,NA,NA,NA,NA,NA
"20","Jordan Love","GB","QB","14782","robust",523.3821633347,28.31766,333.281685371107,16.4469482687968,3679.75,183.1011,23.225,1.4826,13.6075,1.467774,50.24,15.611778,181.6325,102.084423,1.7125,0.541149,1.475,0.0741300000000001,1.34,0,0,NA,NA,NA,NA,NA,NA,NA,NA,NA,NA,NA,NA,NA,NA,NA,NA,NA,NA,NA,NA,NA,NA,NA,NA,NA,NA,NA,NA,NA,NA,NA,NA,NA,NA,NA,NA,NA,NA,NA,NA,NA,NA,NA
"21","Ryan Tannehill","TEN","QB","10697","robust",462.58513611213,44.84865,299.191198472012,27.05745,3368.8825,246.1116,19.1575,2.246139,10.565,1.749468,42.8349790426911,6.00453,181.1625,27.94701,2.7,1.742055,2.296875,0.10192875,0.75,0,0,NA,NA,NA,NA,NA,NA,NA,NA,NA,NA,NA,NA,NA,NA,NA,NA,NA,NA,NA,NA,NA,NA,NA,NA,NA,NA,NA,NA,NA,NA,NA,NA,NA,NA,NA,NA,NA,NA,NA,NA,NA,NA,NA
"22","Mac Jones","NE","QB","15241","robust",535.85,23.6931442795115,352.715,16.3291755055029,3722.915,84.2561580000002,21.885,1.845837,13.1625,0.681996,51.825,3.736152,143.65,24.31464,1.1,0.14826,1.93625,0.0630105,2,0,0,NA,NA,NA,NA,NA,NA,NA,NA,NA,NA,NA,NA,NA,NA,NA,NA,NA,NA,NA,NA,NA,NA,NA,NA,NA,NA,NA,NA,NA,NA,NA,NA,NA,NA,NA,NA,NA,NA,NA,NA,NA,NA,NA
"23","Kenny Pickett","PIT","QB","15692","robust",536.485770736615,51.81687,343.84962120153,38.1016967867778,3570.75,257.9724,19.81,2.898483,12.0375,0.889559999999999,67.3175,2.82435299999999,304.98,54.1149,3.085,0.711648,1.275,0.1667925,1.86,0,0,NA,NA,NA,NA,NA,NA,NA,NA,NA,NA,NA,NA,NA,NA,NA,NA,NA,NA,NA,NA,NA,NA,NA,NA,NA,NA,NA,NA,NA,NA,NA,NA,NA,NA,NA,NA,NA,NA,NA,NA,NA,NA,NA
"24","C.J. Stroud","HOU","QB","16150","robust",531.794241094451,34.8411,331.625,19.3008933768454,3445.9,203.383068,20,1.793946,14,1.616034,44.6689435926949,5.17114154105879,176.75,42.2541,1.5,0.7413,2.2775,0.16493925,1.29,0,0,NA,NA,NA,NA,NA,NA,NA,NA,NA,NA,NA,NA,NA,NA,NA,NA,NA,NA,NA,NA,NA,NA,NA,NA,NA,NA,NA,NA,NA,NA,NA,NA,NA,NA,NA,NA,NA,NA,NA,NA,NA,NA,NA
"25","Sam Howell","WAS","QB","15693","robust",519.600587081441,18.5325,319.05,11.8608,3439.8,228.179553,19.05,3.7065,12.475,2.81694,60.37,20.7527747885599,265.6,111.202413,2.2175,1.33434,2.476875,0.07598325,1.08,0,0,NA,NA,NA,NA,NA,NA,NA,NA,NA,NA,NA,NA,NA,NA,NA,NA,NA,NA,NA,NA,NA,NA,NA,NA,NA,NA,NA,NA,NA,NA,NA,NA,NA,NA,NA,NA,NA,NA,NA,NA,NA,NA,NA
"26","Lamar Jackson","BAL","QB","13593","robust",498.475,29.4762068036209,313.2325,21.7016319757769,3539.145,172.033491,25.5,1.022994,11.9,1.438122,154.3,21.12705,943.85,50.4084,5.215,2.44629,2.7525,0.244629,2.13,0,0,NA,NA,NA,NA,NA,NA,NA,NA,NA,NA,NA,NA,NA,NA,NA,NA,NA,NA,NA,NA,NA,NA,NA,NA,NA,NA,NA,NA,NA,NA,NA,NA,NA,NA,NA,NA,NA,NA,NA,NA,NA,NA,NA
"27","Daniel Jones","NYG","QB","14059","robust",530.981252480439,18.68076,344.943989227546,12.6021,3499.5075,214.080027,20.555,0.896973000000001,9.45,1.63086,117.175,5.1891,646.34,44.211132,4.8625,1.000755,3.1075,0.0796897499999999,2.53,0,0,NA,NA,NA,NA,NA,NA,NA,NA,NA,NA,NA,NA,NA,NA,NA,NA,NA,NA,NA,NA,NA,NA,NA,NA,NA,NA,NA,NA,NA,NA,NA,NA,NA,NA,NA,NA,NA,NA,NA,NA,NA,NA,NA
"28","Bryce Young","CAR","QB","16148","robust",514.06142304943,10.8187561960144,320.75,18.5325,3561.5,59.1928049999999,19.5,3.550827,12.87,1.401057,47.5425,6.22692,210.75,57.8214,1.8825,1.149015,2.1025,0.14640675,1.38,0,0,NA,NA,NA,NA,NA,NA,NA,NA,NA,NA,NA,NA,NA,NA,NA,NA,NA,NA,NA,NA,NA,NA,NA,NA,NA,NA,NA,NA,NA,NA,NA,NA,NA,NA,NA,NA,NA,NA,NA,NA,NA,NA,NA
"29","Anthony Richardson","IND","QB","16152","robust",477.032289024622,38.9533867306498,286.415,20.1738423249449,3118.77,260.996904,17.4625,1.519665,13,1.593795,119.31,48.33276,657.75,191.455551,5.5,0.911799,2.39375,0.0926625,1.21,0,0,NA,NA,NA,NA,NA,NA,NA,NA,NA,NA,NA,NA,NA,NA,NA,NA,NA,NA,NA,NA,NA,NA,NA,NA,NA,NA,NA,NA,NA,NA,NA,NA,NA,NA,NA,NA,NA,NA,NA,NA,NA,NA,NA
"30","Joshua Dobbs","ARI","QB","13119","robust",148.51,37.73217,92.0725,22.01661,979.6425,431.236449,4.7825,2.424051,5,2.357334,16.1,11.71254,73.25,63.099456,0.5,0.7413,0.9175,0.0222389999999999,1.37,0,0,NA,NA,NA,NA,NA,NA,NA,NA,NA,NA,NA,NA,NA,NA,NA,NA,NA,NA,NA,NA,NA,NA,NA,NA,NA,NA,NA,NA,NA,NA,NA,NA,NA,NA,NA,NA,NA,NA,NA,NA,NA,NA,NA
"31","Desmond Ridder","ATL","QB","15697","robust",440.855124979655,54.4555274103255,275.758631142801,38.2025430646333,2978.75,295.200486,17.5,4.52193,9.375,1.578969,49.5640713927214,19.4637844936975,215.51,81.009264,1.505,0.59304,3.3725,0.20200425,1.16,0,0,NA,NA,NA,NA,NA,NA,NA,NA,NA,NA,NA,NA,NA,NA,NA,NA,NA,NA,NA,NA,NA,NA,NA,NA,NA,NA,NA,NA,NA,NA,NA,NA,NA,NA,NA,NA,NA,NA,NA,NA,NA,NA,NA
"32","Justin Fields","CHI","QB","15238","robust",428.883488330709,16.4089538683392,266.020630355714,13.93644,3051.43,144.5535,21.025,2.2239,12.805,2.335095,160.45,19.1448576508841,1027.505,58.518222,6.5,0.437367,2.48,0.355824,1.38,0,0,NA,NA,NA,NA,NA,NA,NA,NA,NA,NA,NA,NA,NA,NA,NA,NA,NA,NA,NA,NA,NA,NA,NA,NA,NA,NA,NA,NA,NA,NA,NA,NA,NA,NA,NA,NA,NA,NA,NA,NA,NA,NA,NA
"33","Kyler Murray","ARI","QB","14056","robust",413.366739054316,33.3095092877182,266.25,38.058342,2756.8575,145.2948,14.1,1.4826,9.125,2.07564,71.275,10.82298,387.35,49.22232,2.875,0.7413,2.66666666666667,0,0,NA,0,NA,NA,NA,NA,NA,NA,NA,NA,NA,NA,NA,NA,NA,NA,NA,NA,NA,NA,NA,NA,NA,NA,NA,NA,NA,NA,NA,NA,NA,NA,NA,NA,NA,NA,NA,NA,NA,NA,NA,NA,"Knee - ACL",2023,0
"34","Gardner Minshew","IND","QB","14067","robust",114.083621163863,82.2843,72.1,51.00144,816.8575,701.12154,4.7,2.9652,2.515,1.92738,12.85,7.29604743564169,41.225,10.3782,0.15,0,1.405,0.607866,1.55,0,0,NA,NA,NA,NA,NA,NA,NA,NA,NA,NA,NA,NA,NA,NA,NA,NA,NA,NA,NA,NA,NA,NA,NA,NA,NA,NA,NA,NA,NA,NA,NA,NA,NA,NA,NA,NA,NA,NA,NA,NA,NA,NA,NA
"35","Trey Lance","DAL","QB","15240","robust",57.65,52.55817,34.75,31.72764,921.975,962.2074,0.9,0.7413,1.325,1.70499,12.1,10.74885,31.225,26.16789,0.075,0.07413,0.125,0.12355,0,NA,0,NA,NA,NA,NA,NA,NA,NA,NA,NA,NA,NA,NA,NA,NA,NA,NA,NA,NA,NA,NA,NA,NA,NA,NA,NA,NA,NA,NA,NA,NA,NA,NA,NA,NA,NA,NA,NA,NA,NA,NA,NA,NA,NA
"36","Jacoby Brissett","WAS","QB","12616","robust",106.65,60.5019713133713,64.45,35.5824,721.4,455.1582,3.775,2.52042,2,0.88956,17.25,16.3086,63.25,67.75482,0.6,0.59304,0.57,0.163086,0.53,0,0,NA,NA,NA,NA,NA,NA,NA,NA,NA,NA,NA,NA,NA,NA,NA,NA,NA,NA,NA,NA,NA,NA,NA,NA,NA,NA,NA,NA,NA,NA,NA,NA,NA,NA,NA,NA,NA,NA,NA,NA,NA,NA,NA
"37","Kyle Trask","TB","QB","15242","robust",179.825,81.543,107.8,35.5824,1148.2775,412.296234,5.9225,2.950374,5.19,0.355824,9.07373344384661,8.8956,35.35,40.875282,0.15,0,0.3775,0.0481845,0.79,0,0,NA,NA,NA,NA,NA,NA,NA,NA,NA,NA,NA,NA,NA,NA,NA,NA,NA,NA,NA,NA,NA,NA,NA,NA,NA,NA,NA,NA,NA,NA,NA,NA,NA,NA,NA,NA,NA,NA,NA,NA,NA,NA,NA
"38","Mitchell Trubisky","PIT","QB","13115","robust",68.3,15.198236182843,43.15,5.9304,461,139.80918,2.3,1.4826,2,0.44478,6.85,1.4826,24,4.4478,0.1,0,0.0666666666666667,0.09884,0,NA,0,NA,NA,NA,NA,NA,NA,NA,NA,NA,NA,NA,NA,NA,NA,NA,NA,NA,NA,NA,NA,NA,NA,NA,NA,NA,NA,NA,NA,NA,NA,NA,NA,NA,NA,NA,NA,NA,NA,NA,NA,NA,NA,NA
"39","Davis Mills","HOU","QB","15252","robust",86.5096925687277,26.7522661365318,52.3448317289319,19.5549950426288,550.71,204.776712,2.37,1.4826,3,2.14977,9.75,5.42935097178628,25.77,11.519802,0.215,0.29652,0.6,0.474432,0.74,0,0,NA,NA,NA,NA,NA,NA,NA,NA,NA,NA,NA,NA,NA,NA,NA,NA,NA,NA,NA,NA,NA,NA,NA,NA,NA,NA,NA,NA,NA,NA,NA,NA,NA,NA,NA,NA,NA,NA,NA,NA,NA,NA,NA
"40","Tyler Huntley","BAL","QB","14789","robust",78.3413791500815,45.36756,56.5,29.50374,513.8,317.2764,2,1.03782,1.4,0.44478,21.5,19.71858,90,48.1845,0.5,0.29652,2,2.2239,0,NA,0,NA,NA,NA,NA,NA,NA,NA,NA,NA,NA,NA,NA,NA,NA,NA,NA,NA,NA,NA,NA,NA,NA,NA,NA,NA,NA,NA,NA,NA,NA,NA,NA,NA,NA,NA,NA,NA,NA,NA,"Q","Hamstring",2023,0
"41","Sam Darnold","SF","QB","13592","robust",89,40.0302,56,19.79271,618,93.10728,3.95,1.55673,2.5,1.40847,13.15,0.7413,43.85,8.67321,0.6,0.44478,0.933333333333333,0.04942,0,NA,0,NA,NA,NA,NA,NA,NA,NA,NA,NA,NA,NA,NA,NA,NA,NA,NA,NA,NA,NA,NA,NA,NA,NA,NA,NA,NA,NA,NA,NA,NA,NA,NA,NA,NA,NA,NA,NA,NA,NA,NA,NA,NA,NA
"42","Brian Hoyer","LVR","QB","9714","robust",88,19.2738,54.234488338078,14.826,648,186.8076,4,0,3,1.77912,6.8,1.4826,19.95,20.7564,0.1,0,0.315,0.467019,0.16,0,0,NA,NA,NA,NA,NA,NA,NA,NA,NA,NA,NA,NA,NA,NA,NA,NA,NA,NA,NA,NA,NA,NA,NA,NA,NA,NA,NA,NA,NA,NA,NA,NA,NA,NA,NA,NA,NA,NA,NA,NA,NA,NA,NA
"43","Malik Willis","TEN","QB","15694","robust",79.1,76.20564,45.5,48.33276,535.305,552.728106,2.2,3.26172,2.475,2.9652,22.1737765063521,18.97728,95.5,81.543,0.645,0.59304,1.0125,0.481845,0.76,0,0,NA,NA,NA,NA,NA,NA,NA,NA,NA,NA,NA,NA,NA,NA,NA,NA,NA,NA,NA,NA,NA,NA,NA,NA,NA,NA,NA,NA,NA,NA,NA,NA,NA,NA,NA,NA,NA,NA,NA,NA,NA,NA,NA
"44","Andy Dalton","CAR","QB","10313","robust",76.35,66.86526,49.45,42.10584,549,391.4064,3.05,1.4826,2,1.4826,8,5.1891,22.4,13.3434,0,0,0.3,0.14826,0,NA,0,NA,NA,NA,NA,NA,NA,NA,NA,NA,NA,NA,NA,NA,NA,NA,NA,NA,NA,NA,NA,NA,NA,NA,NA,NA,NA,NA,NA,NA,NA,NA,NA,NA,NA,NA,NA,NA,NA,NA,NA,NA,NA,NA
"45","Zach Wilson","NYJ","QB","15239","robust",113.569432143927,13.5492801931716,58.375,8.30256,620.575,113.71542,1.975,1.4826,3.5,2.07564,11.4,6.22692,51.35,55.74576,0.375,0.29652,0.8,0.44478,0,NA,0,NA,NA,NA,NA,NA,NA,NA,NA,NA,NA,NA,NA,NA,NA,NA,NA,NA,NA,NA,NA,NA,NA,NA,NA,NA,NA,NA,NA,NA,NA,NA,NA,NA,NA,NA,NA,NA,NA,NA,NA,NA,NA,NA
"46","Taylor Heinicke","ATL","QB","12476","robust",103.586303892002,17.64294,64.9,11.4139888097227,741.65,122.447934,4.19,0.889559999999999,2.975,1.33434,13.65,6.07866,45.25,17.7912,0.1475,0,1.1675,0.0481845,0.63,0,0,NA,NA,NA,NA,NA,NA,NA,NA,NA,NA,NA,NA,NA,NA,NA,NA,NA,NA,NA,NA,NA,NA,NA,NA,NA,NA,NA,NA,NA,NA,NA,NA,NA,NA,NA,NA,NA,NA,NA,NA,NA,NA,NA
"47","Teddy Bridgewater","DET","QB","11640","robust",67.2276899989275,33.50676,40.575,23.49921,490.3,286.8831,2.55,1.4826,1.9,1.4826,5.075,1.55673,19.425,5.9304,0,0,0.05,0.04942,0,NA,0,NA,NA,NA,NA,NA,NA,NA,NA,NA,NA,NA,NA,NA,NA,NA,NA,NA,NA,NA,NA,NA,NA,NA,NA,NA,NA,NA,NA,NA,NA,NA,NA,NA,NA,NA,NA,NA,NA,NA,NA,NA,NA,NA
"48","Stetson Bennett","LAR","QB","16153","robust",41.65,39.51129,26.25,23.35095,307.5,266.1267,1.5,0.7413,1.3,1.4826,6.09297959770115,3.39957155155172,18,6.07866,0.1,0,0.21,0.177912,0.7,0,0,NA,NA,NA,NA,NA,NA,NA,NA,NA,NA,NA,NA,NA,NA,NA,NA,NA,NA,NA,NA,NA,NA,NA,NA,NA,NA,NA,NA,NA,NA,NA,NA,NA,NA,NA,NA,NA,NA,NA,NA,NA,NA,NA
"49","Jarrett Stidham","DEN","QB","14063","robust",60.3,56.78358,34.1,31.28286,351.5,285.4005,2.35,1.4826,1.55,0.88956,4.15,1.92738,14,11.56428,0,0,0.133333333333333,0.19768,0,NA,0,NA,NA,NA,NA,NA,NA,NA,NA,NA,NA,NA,NA,NA,NA,NA,NA,NA,NA,NA,NA,NA,NA,NA,NA,NA,NA,NA,NA,NA,NA,NA,NA,NA,NA,NA,NA,NA,NA,NA,NA,NA,NA,NA
"50","Mike White","MIA","QB","13598","robust",87.2,25.9141160387613,50.05,9.82855183628366,591,149.772252,2.6,0.548562,3.265,1.26021,7.9,5.75400576291262,12,11.075022,0.05,0.07413,0.365,0.326172,0.65,0,0,NA,NA,NA,NA,NA,NA,NA,NA,NA,NA,NA,NA,NA,NA,NA,NA,NA,NA,NA,NA,NA,NA,NA,NA,NA,NA,NA,NA,NA,NA,NA,NA,NA,NA,NA,NA,NA,NA,NA,NA,NA,NA,NA
"51","Will Levis","TEN","QB","16149","robust",82.4092755181535,28.4384162335711,50.5,19.2738,556,78.5778,3,1.4826,2.6,1.4826,12,4.4478,49.15,13.3434,0,0,0.4,0,0,NA,0,NA,NA,NA,NA,NA,NA,NA,NA,NA,NA,NA,NA,NA,NA,NA,NA,NA,NA,NA,NA,NA,NA,NA,NA,NA,NA,NA,NA,NA,NA,NA,NA,NA,NA,NA,NA,NA,NA,NA,NA,NA,NA,NA
"52","Bailey Zappe","FA","QB","15696","robust",106.204678650509,20.0012268655098,61.85,5.9304,645.525,4.59606000000003,3.125,0.7413,3.175,1.4826,6.975,0,12.3,10.3782,0.025,0,1,0,0,NA,0,NA,NA,NA,NA,NA,NA,NA,NA,NA,NA,NA,NA,NA,NA,NA,NA,NA,NA,NA,NA,NA,NA,NA,NA,NA,NA,NA,NA,NA,NA,NA,NA,NA,NA,NA,NA,NA,NA,NA,NA,NA,NA,NA
"53","Jameis Winston","NO","QB","12140","robust",48.9571943697366,24.7912409150476,31.475,15.5673,377.25,191.2554,2.375,1.4826,1.65,1.4826,4.75,0.7413,17.75,6.81996,0,0,0.05,0.04942,0,NA,0,NA,NA,NA,NA,NA,NA,NA,NA,NA,NA,NA,NA,NA,NA,NA,NA,NA,NA,NA,NA,NA,NA,NA,NA,NA,NA,NA,NA,NA,NA,NA,NA,NA,NA,NA,NA,NA,NA,NA,"Q","Wrist",2023,0
"54","Marcus Mariota","PHI","QB","12141","robust",54.6,8.44475479390601,34.2,7.413,378,97.55508,2.3,1.03782,1.5,0.66717,13.5,6.22692,60.45,32.6172,0.55,0.59304,0.366666666666667,0.02471,0,NA,0,NA,NA,NA,NA,NA,NA,NA,NA,NA,NA,NA,NA,NA,NA,NA,NA,NA,NA,NA,NA,NA,NA,NA,NA,NA,NA,NA,NA,NA,NA,NA,NA,NA,NA,NA,NA,NA,NA,NA,NA,NA,NA,NA
"55","Nick Mullens","MIN","QB","13968","robust",37.1930893843722,19.2201613574596,25.85,15.93795,292.9,143.51568,1.375,0.44478,1.45,1.26021,4.525,1.26021,13.15,7.413,0,0,0.6,0.32123,0,NA,0,NA,NA,NA,NA,NA,NA,NA,NA,NA,NA,NA,NA,NA,NA,NA,NA,NA,NA,NA,NA,NA,NA,NA,NA,NA,NA,NA,NA,NA,NA,NA,NA,NA,NA,NA,NA,NA,NA,NA,NA,NA,NA,NA
"56","Clayton Tune","ARI","QB","16160","robust",64,22.38726,40,12.75036,445.25,63.52941,1.6,0.44478,2,0.51891,5.7,3.7065,19.7,14.0847,0,0,0.35,0.259455,0,NA,0,NA,NA,NA,NA,NA,NA,NA,NA,NA,NA,NA,NA,NA,NA,NA,NA,NA,NA,NA,NA,NA,NA,NA,NA,NA,NA,NA,NA,NA,NA,NA,NA,NA,NA,NA,NA,NA,NA,NA,NA,NA,NA,NA
"57","Sean Clifford","GB","QB","16313","robust",31,12.45384,19.525,6.22692,207.3,57.8214,0.95,0.88956,0.6,0,7.5,2.07564,9.7,4.4478,0.05,0,0.15,0,0,NA,0,NA,NA,NA,NA,NA,NA,NA,NA,NA,NA,NA,NA,NA,NA,NA,NA,NA,NA,NA,NA,NA,NA,NA,NA,NA,NA,NA,NA,NA,NA,NA,NA,NA,NA,NA,NA,NA,NA,NA,NA,NA,NA,NA
"58","Dorian Thompson-Robinson","CLE","QB","16158","robust",30.35,25.2042,18.2,16.3086,195.75,177.912,1.025,0.7413,0.7,0.7413,5.55,2.00151,16.55,13.49166,0,0,0.15,0.14826,0,NA,0,NA,NA,NA,NA,NA,NA,NA,NA,NA,NA,NA,NA,NA,NA,NA,NA,NA,NA,NA,NA,NA,NA,NA,NA,NA,NA,NA,NA,NA,NA,NA,NA,NA,NA,NA,NA,NA,NA,NA,NA,NA,NA,NA
"59","Blaine Gabbert","KC","QB","10262","robust",22.425,12.9480106576086,13.625,8.1543,152.75,94.1451,0.675,0.7413,0,0,9.125,6.00453,6.75,12.00906,0,0,0.125,0.12355,0,NA,0,NA,NA,NA,NA,NA,NA,NA,NA,NA,NA,NA,NA,NA,NA,NA,NA,NA,NA,NA,NA,NA,NA,NA,NA,NA,NA,NA,NA,NA,NA,NA,NA,NA,NA,NA,NA,NA,NA,NA,NA,NA,NA,NA
"60","Easton Stick","LAC","QB","14069","robust",36.4,41.66106,20.35,25.87137,181.05,247.66833,1.1,0.7413,1.8,2.66868,9.05,9.11799,10.35,15.64143,0.1,0.14826,0.35,0.51891,NA,NA,NA,NA,NA,NA,NA,NA,NA,NA,NA,NA,NA,NA,NA,NA,NA,NA,NA,NA,NA,NA,NA,NA,NA,NA,NA,NA,NA,NA,NA,NA,NA,NA,NA,NA,NA,NA,NA,NA,NA,NA,NA,NA,NA,NA
"61","Aidan O'Connell","LVR","QB","16159","robust",47.95,44.40387,28.7,26.24202,238.5,157.8969,0.75,0.37065,1.8,1.18608,6.7,8.45082,11.85,11.63841,0.05,0.07413,0.3,0.44478,NA,NA,NA,NA,NA,NA,NA,NA,NA,NA,NA,NA,NA,NA,NA,NA,NA,NA,NA,NA,NA,NA,NA,NA,NA,NA,NA,NA,NA,NA,NA,NA,NA,NA,NA,NA,NA,NA,NA,NA,NA,NA,NA,NA,NA,NA
"62","C.J. Beathard","JAC","QB","13125","robust",34.1,5.78214,20.65,5.63388,181.375,84.5082,0.875,0.7413,2.375,0.14826,9.65,0.148259999999999,5.65,18.5325,0.025,0,0.15,0,0,NA,0,NA,NA,NA,NA,NA,NA,NA,NA,NA,NA,NA,NA,NA,NA,NA,NA,NA,NA,NA,NA,NA,NA,NA,NA,NA,NA,NA,NA,NA,NA,NA,NA,NA,NA,NA,NA,NA,NA,NA,NA,NA,NA,NA
"63","Cooper Rush","DAL","QB","13124","robust",37.4518236923188,9.34038,23.525,5.55975,277.875,50.03775,1.525,0.37065,1,0.14826,4.75,1.55673,4.65,5.1891,0,0,0.1,0.07413,0,NA,0,NA,NA,NA,NA,NA,NA,NA,NA,NA,NA,NA,NA,NA,NA,NA,NA,NA,NA,NA,NA,NA,NA,NA,NA,NA,NA,NA,NA,NA,NA,NA,NA,NA,NA,NA,NA,NA,NA,NA,NA,NA,NA,NA
"64","Drew Lock","SEA","QB","14057","robust",26.6332380376241,20.1136574291631,16.25,9.48864,181.775,114.97563,1,0.44478,1,0.59304,3.25,1.85325,12.275,5.1891,0,0,0.125,0.12355,0,NA,0,NA,NA,NA,NA,NA,NA,NA,NA,NA,NA,NA,NA,NA,NA,NA,NA,NA,NA,NA,NA,NA,NA,NA,NA,NA,NA,NA,NA,NA,NA,NA,NA,NA,NA,NA,NA,NA,NA,NA,NA,NA,NA,NA
"65","Kyle Allen","BUF","QB","13879","robust",36.6467949695789,16.45686,19.175,6.59757,177,35.5824,1,0.0741300000000001,1.85,0.96369,5.725,5.11497,7.175,9.41451,0,0,0.725,0.44478,0,NA,0,NA,NA,NA,NA,NA,NA,NA,NA,NA,NA,NA,NA,NA,NA,NA,NA,NA,NA,NA,NA,NA,NA,NA,NA,NA,NA,NA,NA,NA,NA,NA,NA,NA,NA,NA,NA,NA,NA,NA,NA,NA,NA,NA
"66","Hendon Hooker","DET","QB","16151","robust",49.4425901852454,12.8354757913552,26.95,10.30407,261.85,67.97721,0.5,0.7413,2.95,2.89107,10.15,12.08319,23.8,18.97728,0.1,0.14826,1.4,0,NA,NA,NA,NA,NA,NA,NA,NA,NA,NA,NA,NA,NA,NA,NA,NA,NA,NA,NA,NA,NA,NA,NA,NA,NA,NA,NA,NA,NA,NA,NA,NA,NA,NA,NA,NA,NA,NA,NA,NA,NA,NA,NA,"Knee - ACL",2023,0
"67","Tyrod Taylor","NYG","QB","10413","robust",34.5831360797498,18.1377248963259,21.575,13.41753,212.475,123.0558,1.75,0.7413,1.3,1.03782,10.825,8.08017,49.45,30.83808,0.15,0.14826,0.75,0.66717,0,NA,0,NA,NA,NA,NA,NA,NA,NA,NA,NA,NA,NA,NA,NA,NA,NA,NA,NA,NA,NA,NA,NA,NA,NA,NA,NA,NA,NA,NA,NA,NA,NA,NA,NA,NA,NA,NA,NA,NA,NA,NA,NA,NA,NA
"68","Tyson Bagent","CHI","QB","16384","robust",27.45,17.0499,15.925,7.85778,154.825,29.652,0.825,0.44478,2.175,0.29652,6.2,1.4826,18.95,0.889560000000002,0.05,0,0.15,0,0,NA,0,NA,NA,NA,NA,NA,NA,NA,NA,NA,NA,NA,NA,NA,NA,NA,NA,NA,NA,NA,NA,NA,NA,NA,NA,NA,NA,NA,NA,NA,NA,NA,NA,NA,NA,NA,NA,NA,NA,NA,NA,NA,NA,NA
"69","Brett Rypien","FA","QB","14065","robust",0,0,13,19.2738,275.55,21.57183,2.1,0.14826,3.7,2.52042,18.7,21.79422,18.45,19.94097,0.05,0.07413,0.9,0,NA,NA,NA,NA,NA,NA,NA,NA,NA,NA,NA,NA,NA,NA,NA,NA,NA,NA,NA,NA,NA,NA,NA,NA,NA,NA,NA,NA,NA,NA,NA,NA,NA,NA,NA,NA,NA,NA,NA,NA,NA,NA,NA,NA,NA,NA
"70","Case Keenum","HOU","QB","10948","robust",88.348833819242,46.3329789795918,35.55,34.91523,202.7,106.30242,0.7,0.44478,1.25,0.37065,6,5.9304,2.35,2.44629,0,0,0.8,0,NA,NA,NA,NA,NA,NA,NA,NA,NA,NA,NA,NA,NA,NA,NA,NA,NA,NA,NA,NA,NA,NA,NA,NA,NA,NA,NA,NA,NA,NA,NA,NA,NA,NA,NA,NA,NA,NA,NA,NA,NA,NA,NA,NA,NA,NA
"71","Matt Corral","NE","QB","15691","robust",28.75,2.2239,17.95,3.11346,206.225,63.60354,1,0,1.025,1.4826,4.15,4.4478,13.525,7.56126,0.05,0,0.25,0.37065,0,NA,0,NA,NA,NA,NA,NA,NA,NA,NA,NA,NA,NA,NA,NA,NA,NA,NA,NA,NA,NA,NA,NA,NA,NA,NA,NA,NA,NA,NA,NA,NA,NA,NA,NA,NA,NA,NA,NA,NA,NA,NA,NA,NA,NA
"72","Sam Ehlinger","IND","QB","15250","robust",12.1163636363636,16.60512,10.4,10.82298,95.425,58.26618,1.125,0.29652,1.95,2.37216,13.425,9.93342,26.15,16.75338,0,0,0.4,0.59304,0,NA,0,NA,NA,NA,NA,NA,NA,NA,NA,NA,NA,NA,NA,NA,NA,NA,NA,NA,NA,NA,NA,NA,NA,NA,NA,NA,NA,NA,NA,NA,NA,NA,NA,NA,NA,NA,NA,NA,NA,NA,NA,NA,NA,NA
"73","Phillip Walker","FA","QB","13416","robust",42.7176193678547,15.0003824747814,17.35,5.41149,194.85,68.42199,0.85,0.22239,3.2,3.26172,12,11.8608,19.2,7.70952,0,0,0.5,0,NA,NA,NA,NA,NA,NA,NA,NA,NA,NA,NA,NA,NA,NA,NA,NA,NA,NA,NA,NA,NA,NA,NA,NA,NA,NA,NA,NA,NA,NA,NA,NA,NA,NA,NA,NA,NA,NA,NA,NA,NA,NA,NA,NA,NA,NA
"74","Skylar Thompson","MIA","QB","15699","robust",63.3504424778761,8.82212601769911,26.2,9.19212,174.6,24.31464,0.85,0.22239,2.45,2.14977,15.1,16.45686,13.3,9.34038,0,0,0.8,0,NA,NA,NA,NA,NA,NA,NA,NA,NA,NA,NA,NA,NA,NA,NA,NA,NA,NA,NA,NA,NA,NA,NA,NA,NA,NA,NA,NA,NA,NA,NA,NA,NA,NA,NA,NA,NA,NA,NA,NA,NA,NA,NA,NA,NA,NA
"75","Jake Browning","CIN","QB","14358","robust",23.8,8.59908,15.2,4.74432,155,41.5128,1,0,0.95,1.40847,4.55,5.26323,11.35,12.37971,0.05,0.07413,0.25,0.37065,NA,NA,NA,NA,NA,NA,NA,NA,NA,NA,NA,NA,NA,NA,NA,NA,NA,NA,NA,NA,NA,NA,NA,NA,NA,NA,NA,NA,NA,NA,NA,NA,NA,NA,NA,NA,NA,NA,NA,NA,NA,NA,NA,NA,NA,NA
"76","David Blough","FA","QB","14070","robust",0,0,4,5.9304,115.55,43.81083,0.3,0.44478,1.2,0.29652,0.5,0.7413,2.05,1.40847,0.05,0.07413,0.1,0,NA,NA,NA,NA,NA,NA,NA,NA,NA,NA,NA,NA,NA,NA,NA,NA,NA,NA,NA,NA,NA,NA,NA,NA,NA,NA,NA,NA,NA,NA,NA,NA,NA,NA,NA,NA,NA,NA,NA,NA,NA,NA,NA,NA,NA,NA
"77","John Wolford","FA","QB","15035","robust",0,0,7,10.3782,72.5,107.4885,1.35,0.51891,3.95,4.37367,18.7,21.79422,33.3,22.68378,0,0,1.5,0,NA,NA,NA,NA,NA,NA,NA,NA,NA,NA,NA,NA,NA,NA,NA,NA,NA,NA,NA,NA,NA,NA,NA,NA,NA,NA,NA,NA,NA,NA,NA,NA,NA,NA,NA,NA,NA,NA,NA,NA,NA,NA,NA,NA,NA,NA
"78","Jaren Hall","MIN","QB","16154","robust",15,7.413,9.75,4.81845,100.8,61.08312,0.7,0.44478,0.8,1.18608,6.4,8.00604,9.6,9.78516,0.05,0.07413,0.2,0.29652,NA,NA,NA,NA,NA,NA,NA,NA,NA,NA,NA,NA,NA,NA,NA,NA,NA,NA,NA,NA,NA,NA,NA,NA,NA,NA,NA,NA,NA,NA,NA,NA,NA,NA,NA,NA,NA,NA,NA,NA,NA,NA,NA,NA,NA,NA
"79","Tanner McKee","PHI","QB","15702","robust",20.4,6.52344,12.35,3.48411,114.2,8.59908,0.7,0.44478,0.8,1.18608,5.5,6.6717,10.3,6.37518,0.05,0.07413,0.2,0.29652,NA,NA,NA,NA,NA,NA,NA,NA,NA,NA,NA,NA,NA,NA,NA,NA,NA,NA,NA,NA,NA,NA,NA,NA,NA,NA,NA,NA,NA,NA,NA,NA,NA,NA,NA,NA,NA,NA,NA,NA,NA,NA,NA,NA,NA,NA
"80","Jake Haener","NO","QB","16156","robust",9.82430875576037,1.33229032258064,6.75,1.4826,79.25,8.8956,0.45,0.59304,0.4,0,3.7,0,6.775,1.4826,0.025,0,0.2,0.29652,0,NA,0,NA,NA,NA,NA,NA,NA,NA,NA,NA,NA,NA,NA,NA,NA,NA,NA,NA,NA,NA,NA,NA,NA,NA,NA,NA,NA,NA,NA,NA,NA,NA,NA,NA,NA,NA,NA,NA,NA,NA,NA,NA,NA,NA
"81","Mason Rudolph","PIT","QB","13595","robust",3.5,5.1891,2.1,3.11346,20.95,19.34793,0.35,0.37065,0.2,0,9.2,12.6021,7.6,5.33736,0,0,0,0,NA,NA,NA,NA,NA,NA,NA,NA,NA,NA,NA,NA,NA,NA,NA,NA,NA,NA,NA,NA,NA,NA,NA,NA,NA,NA,NA,NA,NA,NA,NA,NA,NA,NA,NA,NA,NA,NA,NA,NA,NA,NA,NA,NA,NA,NA
"82","Brandon Allen","SF","QB","12621","robust",0.35,0.51891,0.25,0.37065,2.5,3.7065,1.7,2.52042,1.7,2.52042,8.55,11.63841,3.65,5.85627,0,0,0.3,0.44478,NA,NA,NA,NA,NA,NA,NA,NA,NA,NA,NA,NA,NA,NA,NA,NA,NA,NA,NA,NA,NA,NA,NA,NA,NA,NA,NA,NA,NA,NA,NA,NA,NA,NA,NA,NA,NA,NA,NA,NA,NA,NA,NA,NA,NA,NA
"83","Nick Chubb","CLE","RB","13610","robust",NA,NA,NA,NA,NA,NA,NA,NA,NA,NA,285.359792136302,12.52797,1439.27,85.2495,9.4575,2.00151,1.0275,0.0203857499999999,0.53,0,0,NA,29,2.2239,247.4,44.03322,1.06,0.0518910000000002,NA,NA,NA,NA,NA,NA,NA,NA,NA,NA,NA,NA,NA,NA,NA,NA,NA,NA,NA,NA,NA,NA,NA,NA,NA,NA,NA,NA,NA,NA,NA,NA,NA,NA,NA,NA
"84","Derrick Henry","TEN","RB","12626","robust",NA,NA,NA,NA,NA,NA,NA,NA,NA,NA,314.168893934726,22.350195,1390.4,68.2218390000001,10.2175,1.26021,2.16875,0.1667925,1.06,0,0,NA,30.15,6.649461,285.85,41.95758,0.935,0.07413,NA,NA,NA,NA,NA,NA,NA,NA,NA,NA,NA,NA,NA,NA,NA,NA,NA,NA,NA,NA,NA,NA,NA,NA,NA,NA,NA,NA,NA,NA,NA,NA,NA,NA,NA,NA
"85","Josh Jacobs","LVR","RB","14073","robust",NA,NA,NA,NA,NA,NA,NA,NA,NA,NA,275.73,12.394536,1250.75,92.7662820000001,9.905,1.200906,1.250625,0.0500377500000001,0,NA,0,NA,41.8575,6.434484,312.75,54.8562,0.9,0.452193,NA,NA,NA,NA,NA,NA,NA,NA,NA,NA,NA,NA,NA,NA,NA,NA,NA,NA,NA,NA,NA,NA,NA,NA,NA,NA,NA,NA,NA,NA,NA,NA,NA,NA,NA,NA
"86","Bijan Robinson","ATL","RB","16161","robust",NA,NA,NA,NA,NA,NA,NA,NA,NA,NA,249,11.0354388975721,1191.5,101.395014,8.58,0.7413,1.93,0.051891,0.17,0,0,NA,44,7.413,345.725,46.168164,2,0.0741300000000001,NA,NA,NA,NA,NA,NA,NA,NA,NA,NA,NA,NA,NA,NA,NA,NA,NA,NA,NA,NA,NA,NA,NA,NA,NA,NA,NA,NA,NA,NA,NA,NA,NA,NA,NA,NA
"87","Saquon Barkley","NYG","RB","13604","robust",NA,NA,NA,NA,NA,NA,NA,NA,NA,NA,272.075,28.0156502133779,1197.8325,120.0906,8.025,1.163841,0.7,0,0,NA,0,NA,53.99,1.26021,386.305,40.764087,1.84,0.177912,NA,NA,NA,NA,NA,NA,NA,NA,NA,NA,NA,NA,NA,NA,NA,NA,NA,NA,NA,NA,NA,NA,NA,NA,NA,NA,NA,NA,NA,NA,NA,NA,NA,NA,NA,NA
"88","Tony Pollard","DAL","RB","14085","robust",NA,NA,NA,NA,NA,NA,NA,NA,NA,NA,226.075007563709,16.3086,1126,87.080511,9.2575,2.275791,0.5,0,0.12,0,0,NA,46.025,4.63312500000001,385.9,41.305236,2.495,0.44478,NA,NA,NA,NA,NA,NA,NA,NA,NA,NA,NA,NA,NA,NA,NA,NA,NA,NA,NA,NA,NA,NA,NA,NA,NA,NA,NA,NA,NA,NA,NA,NA,NA,NA,NA,NA
"89","J.K. Dobbins","BAL","RB","14800","robust",NA,NA,NA,NA,NA,NA,NA,NA,NA,NA,204.71,37.1193916063506,1002.755,154.650006,7.425,0.59304,0.733333333333333,0,0.1,0,0,NA,25.9625,3.7065,181.525,18.495435,1.435,0.541149,NA,NA,NA,NA,NA,NA,NA,NA,NA,NA,NA,NA,NA,NA,NA,NA,NA,NA,NA,NA,NA,NA,NA,NA,NA,NA,NA,NA,NA,NA,NA,NA,NA,NA,NA,NA
"90","Dameon Pierce","HOU","RB","15717","robust",NA,NA,NA,NA,NA,NA,NA,NA,NA,NA,259.34,34.366668,1102.0275,126.09513,6.1425,1.215732,2.1575,0.0426247499999997,0.1,0,0,NA,34.48,2.676093,239.25,50.282379,1.05,0.07413,NA,NA,NA,NA,NA,NA,NA,NA,NA,NA,NA,NA,NA,NA,NA,NA,NA,NA,NA,NA,NA,NA,NA,NA,NA,NA,NA,NA,NA,NA,NA,NA,NA,NA,NA,NA
"91","Kenneth Walker III","SEA","RB","15711","robust",NA,NA,NA,NA,NA,NA,NA,NA,NA,NA,241,32.6172,1085.5,185.325,8.6475,1.067472,0.466666666666667,0,0.09,0,0,NA,27.8,4.4478,189.5825,29.94852,0.7825,0.140847,NA,NA,NA,NA,NA,NA,NA,NA,NA,NA,NA,NA,NA,NA,NA,NA,NA,NA,NA,NA,NA,NA,NA,NA,NA,NA,NA,NA,NA,NA,NA,NA,NA,NA,NA,NA
"92","Najee Harris","PIT","RB","15254","robust",NA,NA,NA,NA,NA,NA,NA,NA,NA,NA,271,26.01963,1074.25,116.01345,7.045,1.126776,0.979375,0.0203857500000001,0,NA,0,NA,40.9175,7.413,271.96,20.548836,2.345,0.59304,NA,NA,NA,NA,NA,NA,NA,NA,NA,NA,NA,NA,NA,NA,NA,NA,NA,NA,NA,NA,NA,NA,NA,NA,NA,NA,NA,NA,NA,NA,NA,NA,NA,NA,NA,NA
"93","Jonathan Taylor","IND","RB","14802","robust",NA,NA,NA,NA,NA,NA,NA,NA,NA,NA,201.35,37.769235,920.8075,92.6625,6.4125,0.630105,2.2825,0.0222390000000002,0,NA,0,NA,24.8,6.6717,175.8,43.7367,0.79,0.311346,NA,NA,NA,NA,NA,NA,NA,NA,NA,NA,NA,NA,NA,NA,NA,NA,NA,NA,NA,NA,NA,NA,NA,NA,NA,NA,NA,NA,NA,NA,NA,NA,NA,"Ankle",2023,0
"94","Cam Akers","LAR","RB","14799","robust",NA,NA,NA,NA,NA,NA,NA,NA,NA,NA,236.937939183665,23.6295886337014,1003.7175,133.434,6.775,0.44478,2.5875,0.04633125,0.05,0,0,NA,25.755,8.8956,215.3675,47.050311,0.425,0.44478,NA,NA,NA,NA,NA,NA,NA,NA,NA,NA,NA,NA,NA,NA,NA,NA,NA,NA,NA,NA,NA,NA,NA,NA,NA,NA,NA,NA,NA,NA,NA,NA,NA,NA,NA,NA
"95","Jamaal Williams","NO","RB","13139","robust",NA,NA,NA,NA,NA,NA,NA,NA,NA,NA,174.175,24.4629,730.75,111.9363,6.475,1.438122,1.40125,0.0407715,1.1,0,0,NA,16.6625,2.59455,108.635,15.463518,0.36,0.37065,NA,NA,NA,NA,NA,NA,NA,NA,NA,NA,NA,NA,NA,NA,NA,NA,NA,NA,NA,NA,NA,NA,NA,NA,NA,NA,NA,NA,NA,NA,NA,NA,NA,NA,NA,NA
"96","Miles Sanders","CAR","RB","14079","robust",NA,NA,NA,NA,NA,NA,NA,NA,NA,NA,221.9,16.3086,1053.4925,148.26,7,2.401812,1.38,0.014826,0.53,0,0,NA,31.04,8.1543,214.835,71.09067,0.8475,0.185325,NA,NA,NA,NA,NA,NA,NA,NA,NA,NA,NA,NA,NA,NA,NA,NA,NA,NA,NA,NA,NA,NA,NA,NA,NA,NA,NA,NA,NA,NA,NA,NA,"Q","Groin",2023,0
"97","Christian McCaffrey","SF","RB","13130","robust",NA,NA,NA,NA,NA,NA,NA,NA,NA,NA,223.830425099895,22.6825194937924,1042.2325,69.5117009999998,8.115,1.171254,0.6,0,0,NA,0,NA,75.185,7.413,635.7375,65.197335,4.455,0.808017,NA,NA,NA,NA,NA,NA,NA,NA,NA,NA,NA,NA,NA,NA,NA,NA,NA,NA,NA,NA,NA,NA,NA,NA,NA,NA,NA,NA,NA,NA,NA,NA,NA,NA,NA,NA
"98","Travis Etienne","JAC","RB","15253","robust",NA,NA,NA,NA,NA,NA,NA,NA,NA,NA,219.079575496419,12.45384,1074.585,85.590498,6.275,0.37065,3.046875,0.04633125,0.63,0,0,NA,37.84,4.084563,307.485,47.635938,1.07,1.149015,NA,NA,NA,NA,NA,NA,NA,NA,NA,NA,NA,NA,NA,NA,NA,NA,NA,NA,NA,NA,NA,NA,NA,NA,NA,NA,NA,NA,NA,NA,NA,NA,NA,NA,NA,NA
"99","Aaron Jones","GB","RB","13319","robust",NA,NA,NA,NA,NA,NA,NA,NA,NA,NA,201,22.38726,1003.925,99.70485,5.425,2.00151,1.6725,0.24277575,0,NA,0,NA,50.5,7.63539,377.15,85.2495,3,0.51891,NA,NA,NA,NA,NA,NA,NA,NA,NA,NA,NA,NA,NA,NA,NA,NA,NA,NA,NA,NA,NA,NA,NA,NA,NA,NA,NA,NA,NA,NA,NA,NA,NA,NA,NA,NA
"100","Joe Mixon","CIN","RB","13131","robust",NA,NA,NA,NA,NA,NA,NA,NA,NA,NA,231.0825,27.50223,950.0075,137.1405,7.25,0.14826,0.635625,0.03521175,0,NA,0,NA,49.785,5.1891,367.8,37.8063,2,0.200151,NA,NA,NA,NA,NA,NA,NA,NA,NA,NA,NA,NA,NA,NA,NA,NA,NA,NA,NA,NA,NA,NA,NA,NA,NA,NA,NA,NA,NA,NA,NA,NA,NA,NA,NA,NA
"101","Rhamondre Stevenson","NE","RB","15259","robust",NA,NA,NA,NA,NA,NA,NA,NA,NA,NA,206.687861972193,15.19665,981.7275,97.1103,6.25,0.422541,0.98875,0.0111194999999999,0.02,0,0,NA,53.575,2.2239,374.2,33.3585,1.5,0.51891,NA,NA,NA,NA,NA,NA,NA,NA,NA,NA,NA,NA,NA,NA,NA,NA,NA,NA,NA,NA,NA,NA,NA,NA,NA,NA,NA,NA,NA,NA,NA,NA,NA,NA,NA,NA
"102","James Conner","ARI","RB","13146","robust",NA,NA,NA,NA,NA,NA,NA,NA,NA,NA,213.9,11.8608,885.7,38.47347,7,0.37065,0.78875,0.0111195,0,NA,0,NA,41.45,1.534491,296.75,18.90315,1.2325,0.259455,NA,NA,NA,NA,NA,NA,NA,NA,NA,NA,NA,NA,NA,NA,NA,NA,NA,NA,NA,NA,NA,NA,NA,NA,NA,NA,NA,NA,NA,NA,NA,NA,NA,NA,NA,NA
"103","Brian Robinson","WAS","RB","15716","robust",NA,NA,NA,NA,NA,NA,NA,NA,NA,NA,221.802324138995,28.1694,919.445,137.8818,4.845,1.030407,0.6,0,0.12,0,0,NA,17.4475,7.413,121.425,47.4432,0.6675,0.541149,NA,NA,NA,NA,NA,NA,NA,NA,NA,NA,NA,NA,NA,NA,NA,NA,NA,NA,NA,NA,NA,NA,NA,NA,NA,NA,NA,NA,NA,NA,NA,NA,NA,NA,NA,NA
"104","Isiah Pacheco","KC","RB","15749","robust",NA,NA,NA,NA,NA,NA,NA,NA,NA,NA,202.491329399478,24.31464,969.18,111.34326,7,0.882147,2.02625,0.0259455000000001,0.1,0,0,NA,24.15,1.77912,219.85,33.06198,0.8425,0.0667170000000001,NA,NA,NA,NA,NA,NA,NA,NA,NA,NA,NA,NA,NA,NA,NA,NA,NA,NA,NA,NA,NA,NA,NA,NA,NA,NA,NA,NA,NA,NA,NA,NA,NA,NA,NA,NA
"105","Alexander Mattison","MIN","RB","14223","robust",NA,NA,NA,NA,NA,NA,NA,NA,NA,NA,224.9275,29.4880885151581,939.595,142.655772,8.3525,0.385476,1.25875,0.1371405,0.13,0,0,NA,33.745,0.681995999999996,236.98,19.2738,1.42,0.622692,NA,NA,NA,NA,NA,NA,NA,NA,NA,NA,NA,NA,NA,NA,NA,NA,NA,NA,NA,NA,NA,NA,NA,NA,NA,NA,NA,NA,NA,NA,NA,NA,NA,NA,NA,NA
"106","Raheem Mostert","MIA","RB","12447","robust",NA,NA,NA,NA,NA,NA,NA,NA,NA,NA,155.6,13.3434,726.3,83.39625,4.125,0.600453,0.848125,0.15011325,0.05,0,0.12,0,28.355,3.914064,197.5,18.940215,1.15,0.14826,NA,NA,NA,NA,NA,NA,NA,NA,NA,NA,NA,NA,NA,NA,NA,NA,NA,NA,NA,NA,NA,NA,NA,NA,NA,NA,NA,NA,NA,NA,NA,NA,NA,NA,NA,NA
"107","Zack Moss","IND","RB","14798","robust",NA,NA,NA,NA,NA,NA,NA,NA,NA,NA,83.525,51.891,407.35,165.60642,1.585,0.81543,1.0675,0.00185325000000012,0.14,0,0,NA,13.75,7.235088,80.25,39.355617,0.335,0.385476,NA,NA,NA,NA,NA,NA,NA,NA,NA,NA,NA,NA,NA,NA,NA,NA,NA,NA,NA,NA,NA,NA,NA,NA,NA,NA,NA,NA,NA,NA,NA,NA,"Q","Arm",2023,0
"108","Javonte Williams","DEN","RB","15256","robust",NA,NA,NA,NA,NA,NA,NA,NA,NA,NA,198.697996385901,39.2117994417369,881.545,186.941034,5.54,0.837669,1.66,0.044478,0.14,0,0,NA,40.25,7.131306,275.02,70.4235,1.465,0.59304,NA,NA,NA,NA,NA,NA,NA,NA,NA,NA,NA,NA,NA,NA,NA,NA,NA,NA,NA,NA,NA,NA,NA,NA,NA,NA,NA,NA,NA,NA,NA,NA,NA,NA,NA,NA
"109","Rachaad White","TB","RB","15721","robust",NA,NA,NA,NA,NA,NA,NA,NA,NA,NA,214.767023537773,23.64747,876.925,126.24339,4.955,1.63086,2.7775,0.0574507499999998,0.12,0,0,NA,49.75,7.650216,326.2725,39.652137,1.955,0.0889560000000001,NA,NA,NA,NA,NA,NA,NA,NA,NA,NA,NA,NA,NA,NA,NA,NA,NA,NA,NA,NA,NA,NA,NA,NA,NA,NA,NA,NA,NA,NA,NA,NA,NA,NA,NA,NA
"110","Dalvin Cook","NYJ","RB","13128","robust",NA,NA,NA,NA,NA,NA,NA,NA,NA,NA,186.725,34.0998,812.335,113.4189,5.275,1.742055,2.01125,0.0111195000000001,0.53,0,0,NA,30.8875,7.005285,230.15,46.77603,1.14,0.133434,NA,NA,NA,NA,NA,NA,NA,NA,NA,NA,NA,NA,NA,NA,NA,NA,NA,NA,NA,NA,NA,NA,NA,NA,NA,NA,NA,NA,NA,NA,NA,NA,NA,NA,NA,NA
"111","Austin Ekeler","LAC","RB","13404","robust",NA,NA,NA,NA,NA,NA,NA,NA,NA,NA,198.3,6.22692000000002,883.75,44.478,10,1.289862,1.94,0.044478,0,NA,0,NA,80.9525,6.553092,619.925,24.136728,4.05,0.837669000000001,NA,NA,NA,NA,NA,NA,NA,NA,NA,NA,NA,NA,NA,NA,NA,NA,NA,NA,NA,NA,NA,NA,NA,NA,NA,NA,NA,NA,NA,NA,NA,NA,NA,NA,NA,NA
"112","DOnta Foreman","CHI","RB","13134","robust",NA,NA,NA,NA,NA,NA,NA,NA,NA,NA,153.44795856523,48.778899737621,706.4,246.48225,3.5,1.067472,0.7675,0.09822225,0.23,0,0,NA,8.4675,2.268378,55.2575,15.767451,0.1,0,NA,NA,NA,NA,NA,NA,NA,NA,NA,NA,NA,NA,NA,NA,NA,NA,NA,NA,NA,NA,NA,NA,NA,NA,NA,NA,NA,NA,NA,NA,NA,NA,NA,NA,NA,NA
"113","Breece Hall","NYJ","RB","15708","robust",NA,NA,NA,NA,NA,NA,NA,NA,NA,NA,174,11.8608,825.6025,120.8319,5.8,0.29652,1.3125,0.15752625,0.04,0,0,NA,38.0125,7.924497,340.9725,38.629143,1.875,0.0741300000000001,NA,NA,NA,NA,NA,NA,NA,NA,NA,NA,NA,NA,NA,NA,NA,NA,NA,NA,NA,NA,NA,NA,NA,NA,NA,NA,NA,NA,NA,NA,NA,NA,"Q","Knee - ACL",2023,0
"114","Khalil Herbert","CHI","RB","15271","robust",NA,NA,NA,NA,NA,NA,NA,NA,NA,NA,175.79034377548,10.67472,851.825,59.52639,5.285,0.0741299999999997,0.833333333333333,0,0.1,0,0,NA,24.28,9.073512,182.1075,74.367216,0.93,0.103782,NA,NA,NA,NA,NA,NA,NA,NA,NA,NA,NA,NA,NA,NA,NA,NA,NA,NA,NA,NA,NA,NA,NA,NA,NA,NA,NA,NA,NA,NA,NA,NA,NA,NA,NA,NA
"115","Rashaad Penny","PHI","RB","13608","robust",NA,NA,NA,NA,NA,NA,NA,NA,NA,NA,144.25,13.41753,749.75,92.6625,5.285,1.060059,0.55,0.037065,0.06,0,0,NA,8.075,0.874734,53.4025,16.597707,0.085,0,NA,NA,NA,NA,NA,NA,NA,NA,NA,NA,NA,NA,NA,NA,NA,NA,NA,NA,NA,NA,NA,NA,NA,NA,NA,NA,NA,NA,NA,NA,NA,NA,NA,NA,NA,NA
"116","David Montgomery","DET","RB","14071","robust",NA,NA,NA,NA,NA,NA,NA,NA,NA,NA,195.49558790292,7.94499275026085,798.655,77.436198,7.0325,1.504839,1.256875,0.25389525,0.01,0,0,NA,32.75,4.4478,274.55,56.894775,1.15,0.22239,NA,NA,NA,NA,NA,NA,NA,NA,NA,NA,NA,NA,NA,NA,NA,NA,NA,NA,NA,NA,NA,NA,NA,NA,NA,NA,NA,NA,NA,NA,NA,NA,NA,NA,NA,NA
"117","Devon Achane","MIA","RB","16167","robust",NA,NA,NA,NA,NA,NA,NA,NA,NA,NA,107.151952924007,21.7365381897347,433.605,134.279082,3.2975,1.03782,0.845,0.0407715,0.05,0,0,NA,19.875,6.07866,162.315,63.870408,0.9,0.0593040000000001,NA,NA,NA,NA,NA,NA,NA,NA,NA,NA,NA,NA,NA,NA,NA,NA,NA,NA,NA,NA,NA,NA,NA,NA,NA,NA,NA,NA,NA,NA,NA,NA,"Q","Shoulder",2023,0
"118","Jahmyr Gibbs","DET","RB","16162","robust",NA,NA,NA,NA,NA,NA,NA,NA,NA,NA,179.25,15.656256,800.94,110.075637,6.5,0.7413,1.4425,0.0426247500000001,0.1,0,0,NA,46.7925,2.646441,364.895,45.2193,2.05,0.44478,NA,NA,NA,NA,NA,NA,NA,NA,NA,NA,NA,NA,NA,NA,NA,NA,NA,NA,NA,NA,NA,NA,NA,NA,NA,NA,NA,NA,NA,NA,NA,NA,NA,NA,NA,NA
"119","James Cook","BUF","RB","15715","robust",NA,NA,NA,NA,NA,NA,NA,NA,NA,NA,174.2175,19.548081,846.2275,42.0465360000001,5.2325,0.852495,1.4925,0.00555975000000005,0.15,0,0,NA,37.685,2.06822699999999,276.2525,43.744113,1.94,0.0222390000000002,NA,NA,NA,NA,NA,NA,NA,NA,NA,NA,NA,NA,NA,NA,NA,NA,NA,NA,NA,NA,NA,NA,NA,NA,NA,NA,NA,NA,NA,NA,NA,NA,NA,NA,NA,NA
"120","Alvin Kamara","NO","RB","13132","robust",NA,NA,NA,NA,NA,NA,NA,NA,NA,NA,176.075,19.86684,744.265,56.3388,3.865,0.59304,2.26666666666667,0,0,NA,0,NA,42.85,6.52344,380.95,41.5128,2,0.14826,NA,NA,NA,NA,NA,NA,NA,NA,NA,NA,NA,NA,NA,NA,NA,NA,NA,NA,NA,NA,NA,NA,NA,NA,NA,NA,NA,NA,NA,NA,NA,NA,"S","Suspension",2023,0
"121","Tyler Allgeier","ATL","RB","15712","robust",NA,NA,NA,NA,NA,NA,NA,NA,NA,NA,147.045640582435,13.699224,687.5,81.031503,3.4875,0.37065,0.533333333333333,0,0.04,0,0,NA,12.7425,4.129041,95.3275,28.992243,0.45,0.541149,NA,NA,NA,NA,NA,NA,NA,NA,NA,NA,NA,NA,NA,NA,NA,NA,NA,NA,NA,NA,NA,NA,NA,NA,NA,NA,NA,NA,NA,NA,NA,NA,NA,NA,NA,NA
"122","Ezekiel Elliott","NE","RB","12625","robust",NA,NA,NA,NA,NA,NA,NA,NA,NA,NA,150.125,28.0037599361151,592.01,117.458985,5.5,1.18608,0.5475,0.11675475,1.5,0,0,NA,18.925,4.67019,124.7,34.8411,0.5,0.66717,NA,NA,NA,NA,NA,NA,NA,NA,NA,NA,NA,NA,NA,NA,NA,NA,NA,NA,NA,NA,NA,NA,NA,NA,NA,NA,NA,NA,NA,NA,NA,NA,NA,NA,NA,NA
"123","Samaje Perine","DEN","RB","13133","robust",NA,NA,NA,NA,NA,NA,NA,NA,NA,NA,144.7,42.780423,626.25,160.254234,3.805,1.445535,0.566666666666667,0,0.01,0,0,NA,31.99,5.1891,243.0675,38.347449,1.385,0.867321,NA,NA,NA,NA,NA,NA,NA,NA,NA,NA,NA,NA,NA,NA,NA,NA,NA,NA,NA,NA,NA,NA,NA,NA,NA,NA,NA,NA,NA,NA,NA,NA,NA,NA,NA,NA
"124","AJ Dillon","GB","RB","14805","robust",NA,NA,NA,NA,NA,NA,NA,NA,NA,NA,179.225,11.1052491347077,763.7625,40.62324,6.445,0.474432,0.68,0.014826,0,NA,0,NA,27.735,5.11497,219,34.685427,0.895,0.281694,NA,NA,NA,NA,NA,NA,NA,NA,NA,NA,NA,NA,NA,NA,NA,NA,NA,NA,NA,NA,NA,NA,NA,NA,NA,NA,NA,NA,NA,NA,NA,NA,NA,NA,NA,NA
"125","D'Andre Swift","PHI","RB","14797","robust",NA,NA,NA,NA,NA,NA,NA,NA,NA,NA,122.5,13.9557049379029,612.5075,109.171251,5,0.533736,0.67,0.088956,0.33,0,0,NA,39.545,3.024504,311.27,35.28588,1.9,0.14826,NA,NA,NA,NA,NA,NA,NA,NA,NA,NA,NA,NA,NA,NA,NA,NA,NA,NA,NA,NA,NA,NA,NA,NA,NA,NA,NA,NA,NA,NA,NA,NA,NA,NA,NA,NA
"126","Chuba Hubbard","CAR","RB","15261","robust",NA,NA,NA,NA,NA,NA,NA,NA,NA,NA,114.8025,19.57032,521.4,109.7124,3.065,0.0593040000000001,0.620625,0.06857025,0.02,0,0,NA,19.925,3.78063,179.875,46.77603,0.585,0.474432,NA,NA,NA,NA,NA,NA,NA,NA,NA,NA,NA,NA,NA,NA,NA,NA,NA,NA,NA,NA,NA,NA,NA,NA,NA,NA,NA,NA,NA,NA,NA,NA,NA,NA,NA,NA
"127","Rico Dowdle","DAL","RB","14823","robust",NA,NA,NA,NA,NA,NA,NA,NA,NA,NA,59.5625,23.7216,244.13,120.0906,1.89,1.141602,0.0875,0.0926625,0.06,0,0,NA,7.2875,2.535246,55.0875,13.803006,0.1475,0,NA,NA,NA,NA,NA,NA,NA,NA,NA,NA,NA,NA,NA,NA,NA,NA,NA,NA,NA,NA,NA,NA,NA,NA,NA,NA,NA,NA,NA,NA,NA,NA,NA,NA,NA,NA
"128","Elijah Mitchell","SF","RB","15263","robust",NA,NA,NA,NA,NA,NA,NA,NA,NA,NA,139.225,12.6021,656.2525,54.270573,4.5,0.741299999999999,0.433333333333333,0,0.04,0,0,NA,13.4,2.44629,95.2175,16.60512,0.355,0.51891,NA,NA,NA,NA,NA,NA,NA,NA,NA,NA,NA,NA,NA,NA,NA,NA,NA,NA,NA,NA,NA,NA,NA,NA,NA,NA,NA,NA,NA,NA,NA,NA,NA,NA,NA,NA
"129","Damien Harris","BUF","RB","14075","robust",NA,NA,NA,NA,NA,NA,NA,NA,NA,NA,120.25,21.4977,555,151.59585,3.9325,0.630105,0.709375,0.00926625000000005,0.04,0,0,NA,19.295,4.514517,140.4575,59.177979,0.315,0.29652,NA,NA,NA,NA,NA,NA,NA,NA,NA,NA,NA,NA,NA,NA,NA,NA,NA,NA,NA,NA,NA,NA,NA,NA,NA,NA,NA,NA,NA,NA,NA,NA,NA,NA,NA,NA
"130","Antonio Gibson","WAS","RB","14852","robust",NA,NA,NA,NA,NA,NA,NA,NA,NA,NA,146.05,25.775001,578.75,84.033768,3.755,0.904386,0.9,0,0.53,0,0,NA,45.8325,7.983801,335.355,56.48706,1.77,0.340998,NA,NA,NA,NA,NA,NA,NA,NA,NA,NA,NA,NA,NA,NA,NA,NA,NA,NA,NA,NA,NA,NA,NA,NA,NA,NA,NA,NA,NA,NA,NA,NA,NA,NA,NA,NA
"131","Devin Singletary","HOU","RB","14080","robust",NA,NA,NA,NA,NA,NA,NA,NA,NA,NA,126.5225,19.2768784620887,520.5,23.039604,3,0.22239,1.273125,0.0722767499999999,0.04,0,0,NA,24.675,5.1891,176.9275,29.13309,0.5075,0.526323,NA,NA,NA,NA,NA,NA,NA,NA,NA,NA,NA,NA,NA,NA,NA,NA,NA,NA,NA,NA,NA,NA,NA,NA,NA,NA,NA,NA,NA,NA,NA,NA,NA,NA,NA,NA
"132","Gus Edwards","BAL","RB","13850","robust",NA,NA,NA,NA,NA,NA,NA,NA,NA,NA,118.525,5.26323,584.35,43.8108299999999,3.35,1.33434,1.035625,0.0352117499999999,0.01,0,0,NA,6.75,1.208319,57,10.08168,0.13,0.07413,NA,NA,NA,NA,NA,NA,NA,NA,NA,NA,NA,NA,NA,NA,NA,NA,NA,NA,NA,NA,NA,NA,NA,NA,NA,NA,NA,NA,NA,NA,NA,NA,NA,NA,NA,NA
"133","Roschon Johnson","CHI","RB","16175","robust",NA,NA,NA,NA,NA,NA,NA,NA,NA,NA,81.9175,32.6172,329.1,132.218268,2,0.29652,0.9,0,0,NA,0,NA,10.225,4.4478,80.475,27.324318,0.2875,0,NA,NA,NA,NA,NA,NA,NA,NA,NA,NA,NA,NA,NA,NA,NA,NA,NA,NA,NA,NA,NA,NA,NA,NA,NA,NA,NA,NA,NA,NA,NA,NA,NA,NA,NA,NA
"134","Zach Charbonnet","SEA","RB","16169","robust",NA,NA,NA,NA,NA,NA,NA,NA,NA,NA,121.176906136486,12.75036,545.15,102.959157,3.25,1.371405,1.4175,0.30949275,0.08,0,0,NA,23.5,2.74281,176.2775,20.393163,0.9,0.14826,NA,NA,NA,NA,NA,NA,NA,NA,NA,NA,NA,NA,NA,NA,NA,NA,NA,NA,NA,NA,NA,NA,NA,NA,NA,NA,NA,NA,NA,NA,NA,NA,NA,NA,NA,NA
"135","Tank Bigsby","JAC","RB","16164","robust",NA,NA,NA,NA,NA,NA,NA,NA,NA,NA,102.215,14.781522,452.0125,56.153475,2.9725,0.170499,0.969375,0.0685702499999999,0.05,0,0,NA,18.705,9.56277,133.305,64.4931,0.5,0.7413,NA,NA,NA,NA,NA,NA,NA,NA,NA,NA,NA,NA,NA,NA,NA,NA,NA,NA,NA,NA,NA,NA,NA,NA,NA,NA,NA,NA,NA,NA,NA,NA,NA,NA,NA,NA
"136","Jaylen Warren","PIT","RB","15742","robust",NA,NA,NA,NA,NA,NA,NA,NA,NA,NA,106.595599184815,22.809801,490.26,107.518152,2.925,0.467019,0.395,0.0037065,0.03,0,0,NA,27.195,3.721326,211.5825,28.1694,0.6475,0.407715,NA,NA,NA,NA,NA,NA,NA,NA,NA,NA,NA,NA,NA,NA,NA,NA,NA,NA,NA,NA,NA,NA,NA,NA,NA,NA,NA,NA,NA,NA,NA,NA,NA,NA,NA,NA
"137","Jordan Mason","SF","RB","15972","robust",NA,NA,NA,NA,NA,NA,NA,NA,NA,NA,54.3,22.68378,257,178.50504,0.9,0.859908,0.233333333333333,0.04942,0,NA,0,NA,2.8,1.527078,26.35,7.48713,0.05,0,NA,NA,NA,NA,NA,NA,NA,NA,NA,NA,NA,NA,NA,NA,NA,NA,NA,NA,NA,NA,NA,NA,NA,NA,NA,NA,NA,NA,NA,NA,NA,NA,"Q","Foot",2023,0
"138","Kenneth Gainwell","PHI","RB","15255","robust",NA,NA,NA,NA,NA,NA,NA,NA,NA,NA,92.7634052505622,22.4957707510329,428.475,123.315255,3.66,1.163841,0.5725,0.02038575,0,NA,0,NA,22.995,2.2239,175.11,26.98332,0.8625,0.29652,NA,NA,NA,NA,NA,NA,NA,NA,NA,NA,NA,NA,NA,NA,NA,NA,NA,NA,NA,NA,NA,NA,NA,NA,NA,NA,NA,NA,NA,NA,NA,NA,NA,NA,NA,NA
"139","Cordarrelle Patterson","ATL","RB","11225","robust",NA,NA,NA,NA,NA,NA,NA,NA,NA,NA,70.1872989571406,14.4188811322867,313.825,69.08916,3,1.230558,0.279375,0.06857025,0,NA,1.03,0,21.55,6.59757,162.525,50.549247,0.9,0.14826,NA,NA,NA,NA,NA,NA,NA,NA,NA,NA,NA,NA,NA,NA,NA,NA,NA,NA,NA,NA,NA,NA,NA,NA,NA,NA,NA,NA,NA,NA,NA,NA,"Q","Undisclosed",2023,0
"140","Tyjae Spears","TEN","RB","16165","robust",NA,NA,NA,NA,NA,NA,NA,NA,NA,NA,92.7501434869132,16.3086,399.705,74.8713,2.005,0.014826,0.96,0.059304,0.05,0,0,NA,18.15,4.848102,145,46.694487,0.925,0.22239,NA,NA,NA,NA,NA,NA,NA,NA,NA,NA,NA,NA,NA,NA,NA,NA,NA,NA,NA,NA,NA,NA,NA,NA,NA,NA,NA,NA,NA,NA,NA,NA,NA,NA,NA,NA
"141","Jerome Ford","CLE","RB","15713","robust",NA,NA,NA,NA,NA,NA,NA,NA,NA,NA,101.375,18.5325,434.85,111.195,2.2525,1.33434,0.933333333333333,0,0,NA,0,NA,15.175,7.946736,118.125,44.478,0.5,0.7413,NA,NA,NA,NA,NA,NA,NA,NA,NA,NA,NA,NA,NA,NA,NA,NA,NA,NA,NA,NA,NA,NA,NA,NA,NA,NA,NA,NA,NA,NA,NA,NA,NA,NA,NA,NA
"142","Sean Tucker","TB","RB","16166","robust",NA,NA,NA,NA,NA,NA,NA,NA,NA,NA,58.45,8.22843,245,36.47196,1.1,0.59304,0.15,0,0,NA,0,NA,11,8.45082,81,70.86828,0.15,0,NA,NA,NA,NA,NA,NA,NA,NA,NA,NA,NA,NA,NA,NA,NA,NA,NA,NA,NA,NA,NA,NA,NA,NA,NA,NA,NA,NA,NA,NA,NA,NA,NA,NA,NA,NA
"143","Kyren Williams","LAR","RB","15710","robust",NA,NA,NA,NA,NA,NA,NA,NA,NA,NA,88.325,15.04839,348.96,32.187246,1.96,0.0593040000000001,0.4625,0.10192875,0.07,0,0,NA,17.175,3.914064,135.35,42.69888,0.495,0.689409,NA,NA,NA,NA,NA,NA,NA,NA,NA,NA,NA,NA,NA,NA,NA,NA,NA,NA,NA,NA,NA,NA,NA,NA,NA,NA,NA,NA,NA,NA,NA,NA,NA,NA,NA,NA
"144","Ty Chandler","MIN","RB","15723","robust",NA,NA,NA,NA,NA,NA,NA,NA,NA,NA,75.3036147300639,29.72613,301.0975,100.8168,2.235,1.052646,0.7225,0.05745075,0.05,0,0,NA,14.385,1.912554,111.465,27.4281,0.7,0.44478,NA,NA,NA,NA,NA,NA,NA,NA,NA,NA,NA,NA,NA,NA,NA,NA,NA,NA,NA,NA,NA,NA,NA,NA,NA,NA,NA,NA,NA,NA,NA,NA,NA,NA,NA,NA
"145","Jeffery Wilson","MIA","RB","14017","robust",NA,NA,NA,NA,NA,NA,NA,NA,NA,NA,95.9428036691884,13.9874305601227,420.9475,65.6198759999999,2.95,0.140847,0.785,0.0333585,0.04,0,0,NA,14.025,1.26021,114.575,21.4977,0.695,0.385476,NA,NA,NA,NA,NA,NA,NA,NA,NA,NA,NA,NA,NA,NA,NA,NA,NA,NA,NA,NA,NA,NA,NA,NA,NA,NA,NA,NA,NA,NA,NA,NA,"IR","Abdomen",2023,0
"146","Chase Edmonds","TB","RB","13726","robust",NA,NA,NA,NA,NA,NA,NA,NA,NA,NA,86.975,19.34793,351.7925,66.717,1.975,0.0741300000000001,0.466666666666667,0,0,NA,0,NA,23.3,4.29954,172.525,24.4629,1,0.103782,NA,NA,NA,NA,NA,NA,NA,NA,NA,NA,NA,NA,NA,NA,NA,NA,NA,NA,NA,NA,NA,NA,NA,NA,NA,NA,NA,NA,NA,NA,NA,NA,"Q","Undisclosed",2023,0
"147","Clyde Edwards-Helaire","KC","RB","14803","robust",NA,NA,NA,NA,NA,NA,NA,NA,NA,NA,80.425,13.8945100093768,341.35,64.040907,2.1,0.14826,0.294375,0.00555975,0.04,0,0,NA,17,1.4826,136.15,15.86382,1,0.096369,NA,NA,NA,NA,NA,NA,NA,NA,NA,NA,NA,NA,NA,NA,NA,NA,NA,NA,NA,NA,NA,NA,NA,NA,NA,NA,NA,NA,NA,NA,NA,NA,NA,NA,NA,NA
"148","Joshua Kelley","LAC","RB","14807","robust",NA,NA,NA,NA,NA,NA,NA,NA,NA,NA,101.7,8.43394011817809,394.6,57.398859,2.5475,0.7413,0.9475,0.051891,0,NA,0,NA,17.625,5.9304,139.1725,30.09678,0.4225,0.526323,NA,NA,NA,NA,NA,NA,NA,NA,NA,NA,NA,NA,NA,NA,NA,NA,NA,NA,NA,NA,NA,NA,NA,NA,NA,NA,NA,NA,NA,NA,NA,NA,NA,NA,NA,NA
"149","Deuce Vaughn","DAL","RB","16176","robust",NA,NA,NA,NA,NA,NA,NA,NA,NA,NA,62.075,21.890589,268.275,96.59139,1.85,1.193493,0.8,0,0.05,0,0,NA,14.8,4.544169,118.35,43.44018,0.7775,0.29652,NA,NA,NA,NA,NA,NA,NA,NA,NA,NA,NA,NA,NA,NA,NA,NA,NA,NA,NA,NA,NA,NA,NA,NA,NA,NA,NA,NA,NA,NA,NA,NA,NA,NA,NA,NA
"150","Latavius Murray","BUF","RB","11390","robust",NA,NA,NA,NA,NA,NA,NA,NA,NA,NA,65.5033827682313,43.8208605843596,284.9,133.426587,1.965,1.430709,0,0,0,NA,0,NA,11.2625,6.278811,75.2225,32.328093,0.18,0.14826,NA,NA,NA,NA,NA,NA,NA,NA,NA,NA,NA,NA,NA,NA,NA,NA,NA,NA,NA,NA,NA,NA,NA,NA,NA,NA,NA,NA,NA,NA,NA,NA,NA,NA,NA,NA
"151","Zamir White","LVR","RB","15714","robust",NA,NA,NA,NA,NA,NA,NA,NA,NA,NA,79.785,12.52797,362.5,66.717,2.39,0.0593040000000001,0.1,0,0,NA,0,NA,9.435,7.413,71.5,50.26014,0.275,0.14826,NA,NA,NA,NA,NA,NA,NA,NA,NA,NA,NA,NA,NA,NA,NA,NA,NA,NA,NA,NA,NA,NA,NA,NA,NA,NA,NA,NA,NA,NA,NA,NA,NA,NA,NA,NA
"152","Kendre Miller","NO","RB","16171","robust",NA,NA,NA,NA,NA,NA,NA,NA,NA,NA,75.7068968552674,27.7969615552389,320.475,102.922092,2.075,1.4826,0.920625,0.02038575,0.05,0,0,NA,15.41,4.492278,113.25,47.480265,0.5,0.504084,NA,NA,NA,NA,NA,NA,NA,NA,NA,NA,NA,NA,NA,NA,NA,NA,NA,NA,NA,NA,NA,NA,NA,NA,NA,NA,NA,NA,NA,NA,NA,NA,"Q","Hamstring",2023,0
"153","Deon Jackson","IND","RB","15277","robust",NA,NA,NA,NA,NA,NA,NA,NA,NA,NA,70.05,27.998901,267.4975,106.591527,1.4925,0.882147,0.9925,0.00555974999999996,0.04,0,0,NA,23,5.04084,159.05,43.44018,1,0.326172,NA,NA,NA,NA,NA,NA,NA,NA,NA,NA,NA,NA,NA,NA,NA,NA,NA,NA,NA,NA,NA,NA,NA,NA,NA,NA,NA,NA,NA,NA,NA,NA,NA,NA,NA,NA
"154","Michael Carter","NYJ","RB","15258","robust",NA,NA,NA,NA,NA,NA,NA,NA,NA,NA,45.1,21.79422,176.33,86.58384,1.0075,0.244629,0.269375,0.06857025,0.04,0,0,NA,17.5375,10.407852,128.03,78.488844,0.3325,0.29652,NA,NA,NA,NA,NA,NA,NA,NA,NA,NA,NA,NA,NA,NA,NA,NA,NA,NA,NA,NA,NA,NA,NA,NA,NA,NA,NA,NA,NA,NA,NA,NA,NA,NA,NA,NA
"155","Eric Gray","NYG","RB","16173","robust",NA,NA,NA,NA,NA,NA,NA,NA,NA,NA,40.45,35.5824,157.125,126.39165,1,0.7413,0.8,0.64246,0,NA,0,NA,4.725,4.59606,42.775,42.32823,0.225,0.22239,NA,NA,NA,NA,NA,NA,NA,NA,NA,NA,NA,NA,NA,NA,NA,NA,NA,NA,NA,NA,NA,NA,NA,NA,NA,NA,NA,NA,NA,NA,NA,NA,NA,NA,NA,NA
"156","Keaontay Ingram","ARI","RB","15734","robust",NA,NA,NA,NA,NA,NA,NA,NA,NA,NA,86.825,13.3008495719323,342.8375,17.301942,1.8775,0.541149,0.420625,0.02038575,0.05,0,0,NA,15.115,1.475187,104.3575,23.299059,0.2325,0.22239,NA,NA,NA,NA,NA,NA,NA,NA,NA,NA,NA,NA,NA,NA,NA,NA,NA,NA,NA,NA,NA,NA,NA,NA,NA,NA,NA,NA,NA,NA,NA,NA,NA,NA,NA,NA
"157","Jerick McKinnon","KC","RB","11761","robust",NA,NA,NA,NA,NA,NA,NA,NA,NA,NA,58.692390608771,19.2738,240.8575,76.3539,1.5475,0.7413,0.333333333333333,0,0,NA,0,NA,38.425,8.606493,321.695,50.126706,3.45,0.81543,NA,NA,NA,NA,NA,NA,NA,NA,NA,NA,NA,NA,NA,NA,NA,NA,NA,NA,NA,NA,NA,NA,NA,NA,NA,NA,NA,NA,NA,NA,NA,NA,NA,NA,NA,NA
"158","Zach Evans","LAR","RB","16163","robust",NA,NA,NA,NA,NA,NA,NA,NA,NA,NA,53.75,21.4977,209.9,63.0105,1.205,1.171254,0.445,0.0407715,0.05,0,0,NA,8.2075,1.40847,66.19,21.64596,0.1925,0.22239,NA,NA,NA,NA,NA,NA,NA,NA,NA,NA,NA,NA,NA,NA,NA,NA,NA,NA,NA,NA,NA,NA,NA,NA,NA,NA,NA,NA,NA,NA,NA,NA,NA,NA,NA,NA
"159","Trayveon Williams","CIN","RB","14076","robust",NA,NA,NA,NA,NA,NA,NA,NA,NA,NA,63,13.254444,251,55.352871,1.01,0.07413,0.966666666666667,0.04942,0,NA,0,NA,12.2,8.8956,90.5,62.995674,0.5,0.622692,NA,NA,NA,NA,NA,NA,NA,NA,NA,NA,NA,NA,NA,NA,NA,NA,NA,NA,NA,NA,NA,NA,NA,NA,NA,NA,NA,NA,NA,NA,NA,NA,"Q","Ankle",2023,0
"160","Melvin Gordon","FA","RB","12151","robust",NA,NA,NA,NA,NA,NA,NA,NA,NA,NA,37.4825,41.468322,165.01,192.678696,0.8,0.88956,0.8,0,0,NA,0,NA,10.485,7.11648,75.7325,62.41746,0.16,0.192738,NA,NA,NA,NA,NA,NA,NA,NA,NA,NA,NA,NA,NA,NA,NA,NA,NA,NA,NA,NA,NA,NA,NA,NA,NA,NA,NA,NA,NA,NA,NA,NA,NA,NA,NA,NA
"161","Salvon Ahmed","MIA","RB","14811","robust",NA,NA,NA,NA,NA,NA,NA,NA,NA,NA,37.5,5.9304,137.525,41.5128,0.935,0.504084,0.0025,0.007413,0.02,0,0,NA,6.2425,3.365502,51.85,2.9652,0.0925,0,NA,NA,NA,NA,NA,NA,NA,NA,NA,NA,NA,NA,NA,NA,NA,NA,NA,NA,NA,NA,NA,NA,NA,NA,NA,NA,NA,NA,NA,NA,NA,NA,"Q","Neck",2023,0
"162","Chase Brown","CIN","RB","16181","robust",NA,NA,NA,NA,NA,NA,NA,NA,NA,NA,49.7375,37.065,192.7775,124.5384,1.36,1.223145,0.785,0.0111195,0.06,0,0,NA,13.11,5.604228,98.25,42.2541,0.5,0.7413,NA,NA,NA,NA,NA,NA,NA,NA,NA,NA,NA,NA,NA,NA,NA,NA,NA,NA,NA,NA,NA,NA,NA,NA,NA,NA,NA,NA,NA,NA,NA,NA,NA,NA,NA,NA
"163","Ke'Shawn Vaughn","TB","RB","14810","robust",NA,NA,NA,NA,NA,NA,NA,NA,NA,NA,55.2,27.2958916505931,220.25,67.413822,1.5,0.674583,0.549375,0.02038575,0.03,0,0,NA,8.7,2.9652,57.4975,20.90466,0.145,0.14826,NA,NA,NA,NA,NA,NA,NA,NA,NA,NA,NA,NA,NA,NA,NA,NA,NA,NA,NA,NA,NA,NA,NA,NA,NA,NA,NA,NA,NA,NA,NA,NA,NA,NA,NA,NA
"164","JaMycal Hasty","JAC","RB","14821","robust",NA,NA,NA,NA,NA,NA,NA,NA,NA,NA,44.7721485411598,18.16185,217.9,55.00446,1.7,0.504084,0.0675,0.051891,0,NA,0,NA,16.6,5.04084,103,41.623995,0.33,0.237216,NA,NA,NA,NA,NA,NA,NA,NA,NA,NA,NA,NA,NA,NA,NA,NA,NA,NA,NA,NA,NA,NA,NA,NA,NA,NA,NA,NA,NA,NA,NA,NA,NA,NA,NA,NA
"165","Justice Hill","BAL","RB","14086","robust",NA,NA,NA,NA,NA,NA,NA,NA,NA,NA,33.625,16.3086,166.205,85.9908,0.3,0,0.366666666666667,0,0,NA,0,NA,10.2,4.59606,61.305,40.0302,0.0925,0,NA,NA,NA,NA,NA,NA,NA,NA,NA,NA,NA,NA,NA,NA,NA,NA,NA,NA,NA,NA,NA,NA,NA,NA,NA,NA,NA,NA,NA,NA,NA,NA,NA,NA,NA,NA
"166","Craig Reynolds","DET","RB","14727","robust",NA,NA,NA,NA,NA,NA,NA,NA,NA,NA,53.45,17.93946,219.825,78.13302,1,1.4826,0.4,0.44478,0,NA,0,NA,16.025,2.81694,137.275,54.70794,0.45,0.59304,NA,NA,NA,NA,NA,NA,NA,NA,NA,NA,NA,NA,NA,NA,NA,NA,NA,NA,NA,NA,NA,NA,NA,NA,NA,NA,NA,NA,NA,NA,NA,NA,NA,NA,NA,NA
"167","D'Ernest Johnson","JAC","RB","14331","robust",NA,NA,NA,NA,NA,NA,NA,NA,NA,NA,30.25,19.318278,135.45,88.867044,0.7,0.615279,0,0,0,NA,0,NA,5,1.097124,34.505,15.5673,0.05,0,NA,NA,NA,NA,NA,NA,NA,NA,NA,NA,NA,NA,NA,NA,NA,NA,NA,NA,NA,NA,NA,NA,NA,NA,NA,NA,NA,NA,NA,NA,NA,NA,NA,NA,NA,NA
"168","Ronald Jones","DAL","RB","13606","robust",NA,NA,NA,NA,NA,NA,NA,NA,NA,NA,45.65,25.2042,187.95,105.2646,1.5,1.18608,0.133333333333333,0.19768,0,NA,0,NA,2,1.4826,21,5.9304,0,0,NA,NA,NA,NA,NA,NA,NA,NA,NA,NA,NA,NA,NA,NA,NA,NA,NA,NA,NA,NA,NA,NA,NA,NA,NA,NA,NA,NA,NA,NA,NA,NA,"S","Suspension",2023,0
"169","Evan Hull","IND","RB","16180","robust",NA,NA,NA,NA,NA,NA,NA,NA,NA,NA,51.5963350492762,22.90617,208.68,96.650694,1.015,0.948864,0.1725,0.05374425,0.05,0,0,NA,7.175,3.639783,57.695,30.445191,0.215,0.22239,NA,NA,NA,NA,NA,NA,NA,NA,NA,NA,NA,NA,NA,NA,NA,NA,NA,NA,NA,NA,NA,NA,NA,NA,NA,NA,NA,NA,NA,NA,NA,NA,NA,NA,NA,NA
"170","Matt Breida","NYG","RB","13378","robust",NA,NA,NA,NA,NA,NA,NA,NA,NA,NA,57.4360269508881,5.9304,249.1,30.3933,1.18,0.14826,0.75125,0.0481845,0,NA,0,NA,15.55,5.04084,114.3,33.95154,0.085,0,NA,NA,NA,NA,NA,NA,NA,NA,NA,NA,NA,NA,NA,NA,NA,NA,NA,NA,NA,NA,NA,NA,NA,NA,NA,NA,NA,NA,NA,NA,NA,NA,NA,NA,NA,NA
"171","Pierre Strong Jr.","CLE","RB","15733","robust",NA,NA,NA,NA,NA,NA,NA,NA,NA,NA,35.5,12.2486628153275,179.45,80.690505,1.1,1.134189,0.105,0.0704235,0.04,0,0,NA,10.275,3.128286,68.55,23.27682,0.1,0,NA,NA,NA,NA,NA,NA,NA,NA,NA,NA,NA,NA,NA,NA,NA,NA,NA,NA,NA,NA,NA,NA,NA,NA,NA,NA,NA,NA,NA,NA,NA,NA,NA,NA,NA,NA
"172","Isaiah Spiller","LAC","RB","15709","robust",NA,NA,NA,NA,NA,NA,NA,NA,NA,NA,54.155,11.1732592383354,208.67,47.29494,1.1,0.133434,0.16,0.014826,0.04,0,0,NA,8.62,1.067472,54,7.472304,0.11,0.14826,NA,NA,NA,NA,NA,NA,NA,NA,NA,NA,NA,NA,NA,NA,NA,NA,NA,NA,NA,NA,NA,NA,NA,NA,NA,NA,NA,NA,NA,NA,NA,NA,NA,NA,NA,NA
"173","Anthony McFarland","PIT","RB","14804","robust",NA,NA,NA,NA,NA,NA,NA,NA,NA,NA,30.45,12.67623,137.65,65.9757,1,0.44478,0.1,0,0.03,0,0,NA,8.55,0.934038,58,2.935548,0.25,0.214977,NA,NA,NA,NA,NA,NA,NA,NA,NA,NA,NA,NA,NA,NA,NA,NA,NA,NA,NA,NA,NA,NA,NA,NA,NA,NA,NA,NA,NA,NA,NA,NA,NA,NA,NA,NA
"174","Ameer Abdullah","LVR","RB","12155","robust",NA,NA,NA,NA,NA,NA,NA,NA,NA,NA,14.1617444425185,2.77763462095578,60.9925,13.499073,0.185,0.237216,0.0275,0.007413,0,NA,0,NA,20.285,8.198778,157.06,75.434688,0.775,0.29652,NA,NA,NA,NA,NA,NA,NA,NA,NA,NA,NA,NA,NA,NA,NA,NA,NA,NA,NA,NA,NA,NA,NA,NA,NA,NA,NA,NA,NA,NA,NA,NA,NA,NA,NA,NA
"175","Emari Demercado","ARI","RB","16385","robust",NA,NA,NA,NA,NA,NA,NA,NA,NA,NA,40.745065550478,16.38273,177.5425,59.304,1.18,0.66717,0.1525,0.054362,0.05,0,0,NA,9,2.59455,62.605,23.20269,0.13,0.14826,NA,NA,NA,NA,NA,NA,NA,NA,NA,NA,NA,NA,NA,NA,NA,NA,NA,NA,NA,NA,NA,NA,NA,NA,NA,NA,NA,NA,NA,NA,NA,NA,NA,NA,NA,NA
"176","Tyrion Davis-Price","SF","RB","15746","robust",NA,NA,NA,NA,NA,NA,NA,NA,NA,NA,37.4474050651992,24.3365974993288,141.51,79.68975,0.6,0.51891,0.165,0.079072,0.04,0,0,NA,3.7225,0.170499,22.2625,13.098771,0.1175,0.051891,NA,NA,NA,NA,NA,NA,NA,NA,NA,NA,NA,NA,NA,NA,NA,NA,NA,NA,NA,NA,NA,NA,NA,NA,NA,NA,NA,NA,NA,NA,NA,NA,NA,NA,NA,NA
"177","Myles Gaskin","MIN","RB","14081","robust",NA,NA,NA,NA,NA,NA,NA,NA,NA,NA,40.495,14.247786,155.325,69.31155,0.8525,0.66717,0.2,0.14826,0,NA,0,NA,10.7425,2.839179,68.4125,20.719335,0.485,0.400302,NA,NA,NA,NA,NA,NA,NA,NA,NA,NA,NA,NA,NA,NA,NA,NA,NA,NA,NA,NA,NA,NA,NA,NA,NA,NA,NA,NA,NA,NA,NA,NA,NA,NA,NA,NA
"178","DeeJay Dallas","SEA","RB","14815","robust",NA,NA,NA,NA,NA,NA,NA,NA,NA,NA,33.75,14.826,155.125,61.5279,0.7875,0.51891,0.0533333333333333,0,0,NA,0.12,0,13.855,9.6369,100.5,54.55968,0.1175,0,NA,NA,NA,NA,NA,NA,NA,NA,NA,NA,NA,NA,NA,NA,NA,NA,NA,NA,NA,NA,NA,NA,NA,NA,NA,NA,NA,NA,NA,NA,NA,NA,NA,NA,NA,NA
"179","Boston Scott","PHI","RB","13814","robust",NA,NA,NA,NA,NA,NA,NA,NA,NA,NA,37.807631750824,19.2738,161.7275,71.1648,1.55,0.934038,0.1075,0.1371405,0,NA,0.11,0,4.715,2.2239,25.1475,10.67472,0.06,0,NA,NA,NA,NA,NA,NA,NA,NA,NA,NA,NA,NA,NA,NA,NA,NA,NA,NA,NA,NA,NA,NA,NA,NA,NA,NA,NA,NA,NA,NA,NA,NA,NA,NA,NA,NA
"180","Jaleel McLaughlin","DEN","RB","16390","robust",NA,NA,NA,NA,NA,NA,NA,NA,NA,NA,41.5,15.5508629524474,179,55.15272,1.3,1.03782,0.153333333333333,0.069188,0.05,0,0,NA,7.7,5.04084,48.6,17.7912,0.29,0.429954,NA,NA,NA,NA,NA,NA,NA,NA,NA,NA,NA,NA,NA,NA,NA,NA,NA,NA,NA,NA,NA,NA,NA,NA,NA,NA,NA,NA,NA,NA,NA,NA,NA,NA,NA,NA
"181","Raheem Blackshear","CAR","RB","15973","robust",NA,NA,NA,NA,NA,NA,NA,NA,NA,NA,34.67,5.9304,138.17,38.84412,1.97,1.33434,0.375,0.037065,0.03,0,0.09,0,12.455,2.639028,102.4975,26.671974,0.245,0.44478,NA,NA,NA,NA,NA,NA,NA,NA,NA,NA,NA,NA,NA,NA,NA,NA,NA,NA,NA,NA,NA,NA,NA,NA,NA,NA,NA,NA,NA,NA,NA,NA,NA,NA,NA,NA
"182","Malik Davis","FA","RB","15738","robust",NA,NA,NA,NA,NA,NA,NA,NA,NA,NA,48.25,0.37065,189.5,28.9107,0.5,0.7413,0.2,0,NA,NA,NA,NA,5,7.413,76.45,26.01963,0,0,NA,NA,NA,NA,NA,NA,NA,NA,NA,NA,NA,NA,NA,NA,NA,NA,NA,NA,NA,NA,NA,NA,NA,NA,NA,NA,NA,NA,NA,NA,NA,NA,NA,NA,NA,NA
"183","Chris Rodriguez","WAS","RB","16174","robust",NA,NA,NA,NA,NA,NA,NA,NA,NA,NA,41,11.19363,168.3,40.7715,0.72,0.400302,0.21875,0.02038575,0.05,0,0,NA,7.5,4.588647,49.74,25.64898,0.165,0.14826,NA,NA,NA,NA,NA,NA,NA,NA,NA,NA,NA,NA,NA,NA,NA,NA,NA,NA,NA,NA,NA,NA,NA,NA,NA,NA,NA,NA,NA,NA,NA,NA,NA,NA,NA,NA
"184","Dare Ogunbowale","HOU","RB","13148","robust",NA,NA,NA,NA,NA,NA,NA,NA,NA,NA,32.83,17.27229,115.01,60.41595,0.85,0.22239,0.025,0.022239,0,NA,0,NA,11.485,6.6717,74.385,49.852425,0.125,0.14826,NA,NA,NA,NA,NA,NA,NA,NA,NA,NA,NA,NA,NA,NA,NA,NA,NA,NA,NA,NA,NA,NA,NA,NA,NA,NA,NA,NA,NA,NA,NA,NA,"Q","Undisclosed",2023,0
"185","Travis Homer","CHI","RB","14083","robust",NA,NA,NA,NA,NA,NA,NA,NA,NA,NA,22.7836671107813,11.1195,99.18,38.5476,0.15,0.126021,0.03125,0.02409225,0,NA,0,NA,9.25,6.6717,87,49.44471,0.335,0.244629,NA,NA,NA,NA,NA,NA,NA,NA,NA,NA,NA,NA,NA,NA,NA,NA,NA,NA,NA,NA,NA,NA,NA,NA,NA,NA,NA,NA,NA,NA,NA,NA,NA,NA,NA,NA
"186","Ty Johnson","FA","RB","14095","robust",NA,NA,NA,NA,NA,NA,NA,NA,NA,NA,17.4075,4.996362,79.62,31.609032,0.3925,0.044478,0.1,0,0,NA,0,NA,9.225,5.9304,65.1375,33.58089,0.195,0.088956,NA,NA,NA,NA,NA,NA,NA,NA,NA,NA,NA,NA,NA,NA,NA,NA,NA,NA,NA,NA,NA,NA,NA,NA,NA,NA,NA,NA,NA,NA,NA,NA,NA,NA,NA,NA
"187","Israel Abanikanda","NYJ","RB","16168","robust",NA,NA,NA,NA,NA,NA,NA,NA,NA,NA,32.75,16.38273,122.75,46.7019,0.6,0.44478,0.025,0.02471,0,NA,0,NA,1.875,1.40847,23.25,14.23296,0,0,NA,NA,NA,NA,NA,NA,NA,NA,NA,NA,NA,NA,NA,NA,NA,NA,NA,NA,NA,NA,NA,NA,NA,NA,NA,NA,NA,NA,NA,NA,NA,NA,"Q","Thigh",2023,0
"188","Chris Evans","CIN","RB","15275","robust",NA,NA,NA,NA,NA,NA,NA,NA,NA,NA,25,25.167135,99.985,96.369,0.5,0.637518,0.0666666666666667,0.04942,0,NA,0,NA,8.85,4.358844,76.5,18.68076,0.57,0.51891,NA,NA,NA,NA,NA,NA,NA,NA,NA,NA,NA,NA,NA,NA,NA,NA,NA,NA,NA,NA,NA,NA,NA,NA,NA,NA,NA,NA,NA,NA,NA,NA,"Q","Undisclosed",2023,0
"189","Gary Brightwell","NYG","RB","15462","robust",NA,NA,NA,NA,NA,NA,NA,NA,NA,NA,25.15,11.1195,115.4,74.72304,0.8,0.44478,0.0333333333333333,0.04942,0,NA,0,NA,4.1,1.393644,29.205,4.29954,0.05,0,NA,NA,NA,NA,NA,NA,NA,NA,NA,NA,NA,NA,NA,NA,NA,NA,NA,NA,NA,NA,NA,NA,NA,NA,NA,NA,NA,NA,NA,NA,NA,NA,"Q","Undisclosed",2023,0
"190","Mike Boone","HOU","RB","13868","robust",NA,NA,NA,NA,NA,NA,NA,NA,NA,NA,23.7,19.2738,112.45,64.64136,0.5,0.7413,0,0,0,NA,0,NA,9.975,4.4478,55.5,24.4629,0.05,0,NA,NA,NA,NA,NA,NA,NA,NA,NA,NA,NA,NA,NA,NA,NA,NA,NA,NA,NA,NA,NA,NA,NA,NA,NA,NA,NA,NA,NA,NA,NA,NA,NA,NA,NA,NA
"191","Emanuel Wilson","GB","RB","16432","robust",NA,NA,NA,NA,NA,NA,NA,NA,NA,NA,27.2,8.74734,107.35,46.25712,0.5,0.7413,0.4,0.44478,0,NA,0,NA,6.175,0.44478,34.15,29.94852,0.025,0,NA,NA,NA,NA,NA,NA,NA,NA,NA,NA,NA,NA,NA,NA,NA,NA,NA,NA,NA,NA,NA,NA,NA,NA,NA,NA,NA,NA,NA,NA,NA,NA,NA,NA,NA,NA
"192","Julius Chestnut","TEN","RB","15965","robust",NA,NA,NA,NA,NA,NA,NA,NA,NA,NA,26.3,9.93342,91.29,46.25712,0.585,0.59304,0.0333333333333333,0.04942,0,NA,0,NA,7.4,1.92738,56.72,1.067472,0.2,0.29652,NA,NA,NA,NA,NA,NA,NA,NA,NA,NA,NA,NA,NA,NA,NA,NA,NA,NA,NA,NA,NA,NA,NA,NA,NA,NA,NA,NA,NA,NA,NA,NA,NA,NA,NA,NA
"193","Brandon Bolden","LVR","RB","10932","robust",NA,NA,NA,NA,NA,NA,NA,NA,NA,NA,20.1866510635342,4.929645,81.3,16.08621,0.5,0.481845,0.10375,0.07968975,0.77,0,0,NA,8.23,3.306198,69,34.729905,0.33,0.237216,NA,NA,NA,NA,NA,NA,NA,NA,NA,NA,NA,NA,NA,NA,NA,NA,NA,NA,NA,NA,NA,NA,NA,NA,NA,NA,NA,NA,NA,NA,NA,NA,NA,NA,NA,NA
"194","Kene Nwangwu","MIN","RB","15414","robust",NA,NA,NA,NA,NA,NA,NA,NA,NA,NA,27.55,6.59757,95.355,38.903424,0.845,0.59304,0.05,0.037065,0,NA,0,NA,5.8375,1.63086,38.875,5.78214,0.14,0.118608,NA,NA,NA,NA,NA,NA,NA,NA,NA,NA,NA,NA,NA,NA,NA,NA,NA,NA,NA,NA,NA,NA,NA,NA,NA,NA,NA,NA,NA,NA,NA,NA,"IR","Back",2023,0
"195","Kenny McIntosh","SEA","RB","16170","robust",NA,NA,NA,NA,NA,NA,NA,NA,NA,NA,22.8,9.48864,83.2,40.17846,0.5,0.7413,0.025,0,0,NA,0,NA,2.5,1.4826,25.85,5.63388,0,0,NA,NA,NA,NA,NA,NA,NA,NA,NA,NA,NA,NA,NA,NA,NA,NA,NA,NA,NA,NA,NA,NA,NA,NA,NA,NA,NA,NA,NA,NA,NA,NA,"Q","Knee",2023,0
"196","Ty Montgomery","NE","RB","12261","robust",NA,NA,NA,NA,NA,NA,NA,NA,NA,NA,14.6475,4.017846,48.62,4.21058399999999,0.15,0,0,0,0,NA,0,NA,13.1475,3.691674,82.5575,4.15128,0.695,0.385476,NA,NA,NA,NA,NA,NA,NA,NA,NA,NA,NA,NA,NA,NA,NA,NA,NA,NA,NA,NA,NA,NA,NA,NA,NA,NA,NA,NA,NA,NA,NA,NA,NA,NA,NA,NA
"197","Keaton Mitchell","BAL","RB","16178","robust",NA,NA,NA,NA,NA,NA,NA,NA,NA,NA,18.85,11.49015,48.35,49.44471,0.2,0.29652,0.05,0.07413,NA,NA,NA,NA,1.45,2.14977,12.3,18.23598,0.05,0.07413,NA,NA,NA,NA,NA,NA,NA,NA,NA,NA,NA,NA,NA,NA,NA,NA,NA,NA,NA,NA,NA,NA,NA,NA,NA,NA,NA,NA,NA,NA,NA,NA,"IR","Shoulder",2023,0
"198","Hunter Luepke","DAL","RB","16391","robust",NA,NA,NA,NA,NA,NA,NA,NA,NA,NA,13.5,6.6717,54.2,32.32068,0.7,0.44478,0,0,NA,NA,NA,NA,8.7,1.92738,50.7,28.61418,0.05,0.07413,NA,NA,NA,NA,NA,NA,NA,NA,NA,NA,NA,NA,NA,NA,NA,NA,NA,NA,NA,NA,NA,NA,NA,NA,NA,NA,NA,NA,NA,NA,NA,NA,NA,NA,NA,NA
"199","Elijah Dotson","LAC","RB","16409","robust",NA,NA,NA,NA,NA,NA,NA,NA,NA,NA,14.45,4.22541,43.35,30.17091,0.2,0.29652,0.5,0.59304,NA,NA,NA,NA,2.25,3.33585,12.2,18.08772,0.05,0.07413,NA,NA,NA,NA,NA,NA,NA,NA,NA,NA,NA,NA,NA,NA,NA,NA,NA,NA,NA,NA,NA,NA,NA,NA,NA,NA,NA,NA,NA,NA,NA,NA,NA,NA,NA,NA
"200","Demetric Felton","FA","RB","15270","robust",NA,NA,NA,NA,NA,NA,NA,NA,NA,NA,11.0025,2.802114,42.445,4.180932,0.0925,0.103782,0.1,0,0,NA,0,NA,8.84,1.541904,71.2525,2.653854,0.405,0.237216,NA,NA,NA,NA,NA,NA,NA,NA,NA,NA,NA,NA,NA,NA,NA,NA,NA,NA,NA,NA,NA,NA,NA,NA,NA,NA,NA,NA,NA,NA,NA,NA,NA,NA,NA,NA
"201","Kyle Juszczyk","SF","RB","11367","robust",NA,NA,NA,NA,NA,NA,NA,NA,NA,NA,9,1.77912,36,8.00604,0.5,0.622692,0,0,0,NA,0,NA,16.85,2.9652,155.1,32.6172,0.65,0.44478,NA,NA,NA,NA,NA,NA,NA,NA,NA,NA,NA,NA,NA,NA,NA,NA,NA,NA,NA,NA,NA,NA,NA,NA,NA,NA,NA,NA,NA,NA,NA,NA,NA,NA,NA,NA
"202","Ronnie Rivers","LAR","RB","15726","robust",NA,NA,NA,NA,NA,NA,NA,NA,NA,NA,8.405,4.269888,23.345,13.402704,0.065,0.029652,0.1,0,0,NA,0,NA,4.1725,0.0148259999999997,31.675,3.78063,0.0925,0.103782,NA,NA,NA,NA,NA,NA,NA,NA,NA,NA,NA,NA,NA,NA,NA,NA,NA,NA,NA,NA,NA,NA,NA,NA,NA,NA,NA,NA,NA,NA,NA,NA,NA,NA,NA,NA
"203","Michael Burton","DEN","RB","12325","robust",NA,NA,NA,NA,NA,NA,NA,NA,NA,NA,6.2725,1.18608,20.49,2.52042,0.105,0.14826,0,0,0,NA,0,NA,2.95,1.4826,15.3675,20.7564,0.1075,0.14826,NA,NA,NA,NA,NA,NA,NA,NA,NA,NA,NA,NA,NA,NA,NA,NA,NA,NA,NA,NA,NA,NA,NA,NA,NA,NA,NA,NA,NA,NA,NA,NA,NA,NA,NA,NA
"204","Keith Smith","ATL","RB","12040","robust",NA,NA,NA,NA,NA,NA,NA,NA,NA,NA,6.2875,1.18608,24.265,15.241128,0.0925,0.103782,0,0,0,NA,0,NA,3.0225,0.44478,14.015,1.92738,0.0925,0.103782,NA,NA,NA,NA,NA,NA,NA,NA,NA,NA,NA,NA,NA,NA,NA,NA,NA,NA,NA,NA,NA,NA,NA,NA,NA,NA,NA,NA,NA,NA,NA,NA,NA,NA,NA,NA
"205","Jason Cabinda","DET","RB","13906","robust",NA,NA,NA,NA,NA,NA,NA,NA,NA,NA,9.095,0.00741299999999984,30.605,12.164733,0.245,0.066717,0,0,NA,NA,NA,NA,4.375,0.0370650000000005,33.34,0.059304000000004,0.3,0,NA,NA,NA,NA,NA,NA,NA,NA,NA,NA,NA,NA,NA,NA,NA,NA,NA,NA,NA,NA,NA,NA,NA,NA,NA,NA,NA,NA,NA,NA,NA,NA,NA,NA,NA,NA
"206","Kirk Merritt","NO","RB","15046","robust",NA,NA,NA,NA,NA,NA,NA,NA,NA,NA,6.55,3.78063,21.3,25.64898,0.15,0.22239,0.05,0.07413,NA,NA,NA,NA,2.25,2.74281,16.75,21.86835,0.1,0.14826,NA,NA,NA,NA,NA,NA,NA,NA,NA,NA,NA,NA,NA,NA,NA,NA,NA,NA,NA,NA,NA,NA,NA,NA,NA,NA,NA,NA,NA,NA,NA,NA,NA,NA,NA,NA
"207","C.J. Ham","MIN","RB","12923","robust",NA,NA,NA,NA,NA,NA,NA,NA,NA,NA,6.175,1.03782,15.275,2.00151,0.825,0.585627,0,0,0,NA,0,NA,10.625,3.26172,79.6525,40.69737,0.1125,0.14826,NA,NA,NA,NA,NA,NA,NA,NA,NA,NA,NA,NA,NA,NA,NA,NA,NA,NA,NA,NA,NA,NA,NA,NA,NA,NA,NA,NA,NA,NA,NA,NA,NA,NA,NA,NA
"208","Khari Blasingame","CHI","RB","14552","robust",NA,NA,NA,NA,NA,NA,NA,NA,NA,NA,4.23,2.120118,16.59,11.252934,0.135,0.051891,0,0,NA,NA,NA,NA,2.805,0.303933,14.795,9.777747,0.135,0.051891,NA,NA,NA,NA,NA,NA,NA,NA,NA,NA,NA,NA,NA,NA,NA,NA,NA,NA,NA,NA,NA,NA,NA,NA,NA,NA,NA,NA,NA,NA,NA,NA,NA,NA,NA,NA
"209","Avery Williams","ATL","RB","15454","robust",NA,NA,NA,NA,NA,NA,NA,NA,NA,NA,4.075,2.038575,17.355,8.532363,0.135,0.051891,0,0,NA,NA,NA,NA,3.395,0.00741299999999984,16.515,8.176539,0.135,0.051891,NA,NA,NA,NA,NA,NA,NA,NA,NA,NA,NA,NA,NA,NA,NA,NA,NA,NA,NA,NA,NA,NA,NA,NA,NA,NA,NA,NA,NA,NA,NA,NA,"IR","Knee - ACL",2023,0
"210","Patrick Ricard","BAL","RB","13455","robust",NA,NA,NA,NA,NA,NA,NA,NA,NA,NA,6.0825,0.252042,19.5825,3.602718,0.075,0,0.2,0.29652,0,NA,0,NA,6.4875,0.59304,39.945,19.12554,0.22,0.029652,NA,NA,NA,NA,NA,NA,NA,NA,NA,NA,NA,NA,NA,NA,NA,NA,NA,NA,NA,NA,NA,NA,NA,NA,NA,NA,NA,NA,NA,NA,NA,NA,NA,NA,NA,NA
"211","Alec Ingold","MIA","RB","14420","robust",NA,NA,NA,NA,NA,NA,NA,NA,NA,NA,6.01,0.103781999999999,15.5,2.9652,0.44,0.118608,0,0,0,NA,0,NA,11.5625,2.52042,75.125,18.08772,0.3825,0.044478,NA,NA,NA,NA,NA,NA,NA,NA,NA,NA,NA,NA,NA,NA,NA,NA,NA,NA,NA,NA,NA,NA,NA,NA,NA,NA,NA,NA,NA,NA,NA,NA,NA,NA,NA,NA
"212","Adam Prentice","NO","RB","15650","robust",NA,NA,NA,NA,NA,NA,NA,NA,NA,NA,4.77,3.202416,14.9225,2.37216,0.07,0.014826,0,0,0,NA,0,NA,4.635,0.533736,20.52,0.296519999999999,0.0925,0.103782,NA,NA,NA,NA,NA,NA,NA,NA,NA,NA,NA,NA,NA,NA,NA,NA,NA,NA,NA,NA,NA,NA,NA,NA,NA,NA,NA,NA,NA,NA,NA,NA,NA,NA,NA,NA
"213","Giovanni Ricci","CAR","RB","15054","robust",NA,NA,NA,NA,NA,NA,NA,NA,NA,NA,4.675,0.0370649999999999,19.695,0.00741299999999852,0.185,0.022239,0,0,NA,NA,NA,NA,4.08,0.029652,30.015,0.0222390000000008,0.185,0.022239,NA,NA,NA,NA,NA,NA,NA,NA,NA,NA,NA,NA,NA,NA,NA,NA,NA,NA,NA,NA,NA,NA,NA,NA,NA,NA,NA,NA,NA,NA,NA,NA,NA,NA,NA,NA
"214","Jakob Johnson","LVR","RB","14359","robust",NA,NA,NA,NA,NA,NA,NA,NA,NA,NA,4.355,5.544924,14.355,0.622692000000002,0.0925,0.103782,0.05,0.07413,0,NA,0,NA,4.6525,0.726473999999999,19,9.6369,0.0925,0.103782,NA,NA,NA,NA,NA,NA,NA,NA,NA,NA,NA,NA,NA,NA,NA,NA,NA,NA,NA,NA,NA,NA,NA,NA,NA,NA,NA,NA,NA,NA,NA,NA,NA,NA,NA,NA
"215","Reggie Gilliam","BUF","RB","15103","robust",NA,NA,NA,NA,NA,NA,NA,NA,NA,NA,3.305,1.63086,11.0375,3.40998,0.0925,0.103782,0,0,0,NA,0,NA,9.7125,0.0741300000000011,67.78,48.718236,0.3525,0,NA,NA,NA,NA,NA,NA,NA,NA,NA,NA,NA,NA,NA,NA,NA,NA,NA,NA,NA,NA,NA,NA,NA,NA,NA,NA,NA,NA,NA,NA,NA,NA,NA,NA,NA,NA
"216","Nick Bellore","SEA","RB","10514","robust",NA,NA,NA,NA,NA,NA,NA,NA,NA,NA,4.0325,0.044477999999999,11.535,0.444780000000001,0.005,0,0,0,0,NA,0,NA,2.3025,3.26172,15.775,23.27682,0.0925,0.103782,NA,NA,NA,NA,NA,NA,NA,NA,NA,NA,NA,NA,NA,NA,NA,NA,NA,NA,NA,NA,NA,NA,NA,NA,NA,NA,NA,NA,NA,NA,NA,NA,NA,NA,NA,NA
"217","Andrew Beck","HOU","RB","14319","robust",NA,NA,NA,NA,NA,NA,NA,NA,NA,NA,0.75,1.11195,0,0,0,0,0,0,NA,NA,NA,NA,4.95,4.22541,37.65,39.51129,0.2,0.29652,NA,NA,NA,NA,NA,NA,NA,NA,NA,NA,NA,NA,NA,NA,NA,NA,NA,NA,NA,NA,NA,NA,NA,NA,NA,NA,NA,NA,NA,NA,NA,NA,NA,NA,NA,NA
"218","Justin Jefferson","MIN","WR","14836","robust",NA,NA,NA,NA,NA,NA,NA,NA,NA,NA,4.01565742550047,0.274281,21.46,2.66868,0.21,0.229803,0.060625,0.05003775,0,NA,0,NA,114.005,11.1195,1580.9075,145.020519,8.8,1.163841,NA,NA,NA,NA,NA,NA,NA,NA,NA,NA,NA,NA,NA,NA,NA,NA,NA,NA,NA,NA,NA,NA,NA,NA,NA,NA,NA,NA,NA,NA,NA,NA,NA,NA,NA,NA
"219","Ja'Marr Chase","CIN","WR","15281","robust",NA,NA,NA,NA,NA,NA,NA,NA,NA,NA,5.5525,2.2239,23.9275,7.123893,0.05,0,1.1825,0.06115725,0,NA,0,NA,107.7,7.413,1432.7375,65.1232049999999,10.7,0.778364999999999,NA,NA,NA,NA,NA,NA,NA,NA,NA,NA,NA,NA,NA,NA,NA,NA,NA,NA,NA,NA,NA,NA,NA,NA,NA,NA,NA,NA,NA,NA,NA,NA,NA,NA,NA,NA
"220","Tyreek Hill","MIA","WR","12801","robust",NA,NA,NA,NA,NA,NA,NA,NA,NA,NA,8.65,0.96369,52.1925,8.309973,0.5825,0.659757,0.096875,0.04633125,0,NA,0,NA,106.825,2.9652,1438.525,89.6305830000001,8,0.778365,NA,NA,NA,NA,NA,NA,NA,NA,NA,NA,NA,NA,NA,NA,NA,NA,NA,NA,NA,NA,NA,NA,NA,NA,NA,NA,NA,NA,NA,NA,NA,NA,NA,NA,NA,NA
"221","CeeDee Lamb","DAL","WR","14832","robust",NA,NA,NA,NA,NA,NA,NA,NA,NA,NA,9.225,0.81543,59,5.878509,0.15,0,0.078125,0.02779875,0,NA,0,NA,102.3875,9.970485,1331.9225,147.288897,8.325,1.26021,NA,NA,NA,NA,NA,NA,NA,NA,NA,NA,NA,NA,NA,NA,NA,NA,NA,NA,NA,NA,NA,NA,NA,NA,NA,NA,NA,NA,NA,NA,NA,NA,NA,NA,NA,NA
"222","A.J. Brown","PHI","WR","14104","robust",NA,NA,NA,NA,NA,NA,NA,NA,NA,NA,0.03,0.044478,0.791428571428571,0.7413,0.00857142857142857,0,1,0,0,NA,0,NA,80.4425,9.6369,1244.0225,142.55199,8.7825,1.504839,NA,NA,NA,NA,NA,NA,NA,NA,NA,NA,NA,NA,NA,NA,NA,NA,NA,NA,NA,NA,NA,NA,NA,NA,NA,NA,NA,NA,NA,NA,NA,NA,NA,NA,NA,NA
"223","Cooper Kupp","LAR","WR","13164","robust",NA,NA,NA,NA,NA,NA,NA,NA,NA,NA,9.43158667039151,2.2239,61.3475,14.536893,0.5,0.7413,0.785,0.014826,0,NA,0,NA,106.7125,9.696204,1313.75,98.5929,8.775,1.70499,NA,NA,NA,NA,NA,NA,NA,NA,NA,NA,NA,NA,NA,NA,NA,NA,NA,NA,NA,NA,NA,NA,NA,NA,NA,NA,NA,NA,NA,NA,NA,NA,"Q","Hamstring",2023,0
"224","Davante Adams","LVR","WR","11675","robust",NA,NA,NA,NA,NA,NA,NA,NA,NA,NA,1.78166666666667,0.350882,5.44,6.44931,0.01,0,0.1275,0.05374425,0,NA,0,NA,94.8,8.52495,1311.5,116.08758,9.5,1.564143,NA,NA,NA,NA,NA,NA,NA,NA,NA,NA,NA,NA,NA,NA,NA,NA,NA,NA,NA,NA,NA,NA,NA,NA,NA,NA,NA,NA,NA,NA,NA,NA,NA,NA,NA,NA
"225","Stefon Diggs","BUF","WR","12186","robust",NA,NA,NA,NA,NA,NA,NA,NA,NA,NA,0.31,0.44478,0.367142857142857,1.285626,0,0,0.133333333333333,0,0,NA,0,NA,98.5025,9.85929,1266.8875,86.7321,8.95,1.319514,NA,NA,NA,NA,NA,NA,NA,NA,NA,NA,NA,NA,NA,NA,NA,NA,NA,NA,NA,NA,NA,NA,NA,NA,NA,NA,NA,NA,NA,NA,NA,NA,NA,NA,NA,NA
"226","Garrett Wilson","NYJ","WR","15753","robust",NA,NA,NA,NA,NA,NA,NA,NA,NA,NA,2.47916666666667,1.544375,7.2175,7.413,0,0,0.783125,0.0166792500000001,0,NA,0,NA,85.625,3.63236999999998,1168.25,45.2193,7.9075,1.623447,NA,NA,NA,NA,NA,NA,NA,NA,NA,NA,NA,NA,NA,NA,NA,NA,NA,NA,NA,NA,NA,NA,NA,NA,NA,NA,NA,NA,NA,NA,NA,NA,NA,NA,NA,NA
"227","DeVonta Smith","PHI","WR","15282","robust",NA,NA,NA,NA,NA,NA,NA,NA,NA,NA,0,0,0.138571428571429,0.07413,0,0,0.733333333333333,0,0,NA,0.03,0,86.1375,8.30255999999999,1089.1125,81.2835450000001,6.6025,0.659757,NA,NA,NA,NA,NA,NA,NA,NA,NA,NA,NA,NA,NA,NA,NA,NA,NA,NA,NA,NA,NA,NA,NA,NA,NA,NA,NA,NA,NA,NA,NA,NA,NA,NA,NA,NA
"228","Chris Olave","NO","WR","15754","robust",NA,NA,NA,NA,NA,NA,NA,NA,NA,NA,0.1,0.14826,0.59,0.607866,0,0,1.8,0,0,NA,0,NA,84.825,8.050518,1197.845,94.2192299999999,6.0575,1.55673,NA,NA,NA,NA,NA,NA,NA,NA,NA,NA,NA,NA,NA,NA,NA,NA,NA,NA,NA,NA,NA,NA,NA,NA,NA,NA,NA,NA,NA,NA,NA,NA,NA,NA,NA,NA
"229","Jaylen Waddle","MIA","WR","15284","robust",NA,NA,NA,NA,NA,NA,NA,NA,NA,NA,4.075,0.365708000000001,28.9,11.34189,0.1,0.066717,0.586875,0.01297275,0,NA,0,NA,83.205,3.18759000000001,1203.7525,93.211062,6.81,0.756126,NA,NA,NA,NA,NA,NA,NA,NA,NA,NA,NA,NA,NA,NA,NA,NA,NA,NA,NA,NA,NA,NA,NA,NA,NA,NA,NA,NA,NA,NA,NA,NA,"Q","Abdomen",2023,0
"230","Amon-Ra St. Brown","DET","WR","15287","robust",NA,NA,NA,NA,NA,NA,NA,NA,NA,NA,8.31216693510904,1.52065260401468,66,20.0151,0.4775,0.44478,0.059375,0.00926625,0,NA,0,NA,103.5,8.1543,1167.11,125.012832,6.2425,1.18608,NA,NA,NA,NA,NA,NA,NA,NA,NA,NA,NA,NA,NA,NA,NA,NA,NA,NA,NA,NA,NA,NA,NA,NA,NA,NA,NA,NA,NA,NA,NA,NA,"Q","Ankle",2023,0
"231","Terry McLaurin","WAS","WR","14109","robust",NA,NA,NA,NA,NA,NA,NA,NA,NA,NA,4.075,1.26021,24.88,3.943716,0.01,0,0.050625,0.02038575,0,NA,0,NA,74.1,6.07866,1047.93,118.874868,5.065,0.948864,NA,NA,NA,NA,NA,NA,NA,NA,NA,NA,NA,NA,NA,NA,NA,NA,NA,NA,NA,NA,NA,NA,NA,NA,NA,NA,NA,NA,NA,NA,NA,NA,"Q","Toe",2023,0
"232","Mike Williams","LAC","WR","13154","robust",NA,NA,NA,NA,NA,NA,NA,NA,NA,NA,0.764,0.7828128,2.1925,1.638273,0.0141666666666667,0,0.0333333333333333,0,0,NA,0,NA,73.92,8.59908,1021.1975,101.105907,6.4975,1.119363,NA,NA,NA,NA,NA,NA,NA,NA,NA,NA,NA,NA,NA,NA,NA,NA,NA,NA,NA,NA,NA,NA,NA,NA,NA,NA,NA,NA,NA,NA,NA,NA,NA,NA,NA,NA
"233","Amari Cooper","CLE","WR","12175","robust",NA,NA,NA,NA,NA,NA,NA,NA,NA,NA,0.825,0.37065,1.84,1.745232,0.0166666666666667,0,0.1,0,0,NA,0,NA,74.9775,9.12540299999999,1068.32,65.45679,7.5,0.452193,NA,NA,NA,NA,NA,NA,NA,NA,NA,NA,NA,NA,NA,NA,NA,NA,NA,NA,NA,NA,NA,NA,NA,NA,NA,NA,NA,NA,NA,NA,NA,NA,NA,NA,NA,NA
"234","Tee Higgins","CIN","WR","14835","robust",NA,NA,NA,NA,NA,NA,NA,NA,NA,NA,0.275,0.37065,1.25,0.874734,0,0,0.1,0,0,NA,0,NA,79.925,2.9652,1109.5775,87.4734,7.1,1.26021,NA,NA,NA,NA,NA,NA,NA,NA,NA,NA,NA,NA,NA,NA,NA,NA,NA,NA,NA,NA,NA,NA,NA,NA,NA,NA,NA,NA,NA,NA,NA,NA,NA,NA,NA,NA
"235","Calvin Ridley","JAC","WR","13629","robust",NA,NA,NA,NA,NA,NA,NA,NA,NA,NA,2.0375,1.63086,8.6125,9.6369,0,0,0.3775,0.09080925,0,NA,0,NA,82.1325,8.547189,1041.6225,114.38259,7.0775,0.644931,NA,NA,NA,NA,NA,NA,NA,NA,NA,NA,NA,NA,NA,NA,NA,NA,NA,NA,NA,NA,NA,NA,NA,NA,NA,NA,NA,NA,NA,NA,NA,NA,NA,NA,NA,NA
"236","DK Metcalf","SEA","WR","14102","robust",NA,NA,NA,NA,NA,NA,NA,NA,NA,NA,0.01,0.014826,0.625714285714286,0.81543,0,0,0.933333333333333,0,0,NA,0,NA,85.3075,7.413,1070.1825,68.399751,7.5225,0.96369,NA,NA,NA,NA,NA,NA,NA,NA,NA,NA,NA,NA,NA,NA,NA,NA,NA,NA,NA,NA,NA,NA,NA,NA,NA,NA,NA,NA,NA,NA,NA,NA,NA,NA,NA,NA
"237","Mike Evans","TB","WR","11671","robust",NA,NA,NA,NA,NA,NA,NA,NA,NA,NA,0,0,3.45,2.9652,0,0,0.1,0,0,NA,0,NA,72.66,4.67019,1035.595,57.15423,6.5,1.897728,NA,NA,NA,NA,NA,NA,NA,NA,NA,NA,NA,NA,NA,NA,NA,NA,NA,NA,NA,NA,NA,NA,NA,NA,NA,NA,NA,NA,NA,NA,NA,NA,"Q","Groin",2023,0
"238","Jerry Jeudy","DEN","WR","14833","robust",NA,NA,NA,NA,NA,NA,NA,NA,NA,NA,1.5625,1.35905,17,13.091358,0,0,0.04625,0.0259455,0,NA,0,NA,69.01,6.81996,973,109.823595,5.0375,1.156428,NA,NA,NA,NA,NA,NA,NA,NA,NA,NA,NA,NA,NA,NA,NA,NA,NA,NA,NA,NA,NA,NA,NA,NA,NA,NA,NA,NA,NA,NA,NA,NA,"Q","Hamstring",2023,0
"239","D.J. Moore","CHI","WR","13635","robust",NA,NA,NA,NA,NA,NA,NA,NA,NA,NA,6,0.2471,42.2525,11.78667,0,0,0.078125,0.02779875,0,NA,0,NA,68.93,13.009815,936,81.639369,7.07,1.245384,NA,NA,NA,NA,NA,NA,NA,NA,NA,NA,NA,NA,NA,NA,NA,NA,NA,NA,NA,NA,NA,NA,NA,NA,NA,NA,NA,NA,NA,NA,NA,NA,NA,NA,NA,NA
"240","Chris Godwin","TB","WR","13163","robust",NA,NA,NA,NA,NA,NA,NA,NA,NA,NA,3.17833333333333,0.96369,15.7575,7.85778,0.1,0.07413,0.9525,0.03521175,0,NA,0,NA,91.2,4.781385,1022.7925,69.83046,4.4525,1.4826,NA,NA,NA,NA,NA,NA,NA,NA,NA,NA,NA,NA,NA,NA,NA,NA,NA,NA,NA,NA,NA,NA,NA,NA,NA,NA,NA,NA,NA,NA,NA,NA,NA,NA,NA,NA
"241","Christian Kirk","JAC","WR","13633","robust",NA,NA,NA,NA,NA,NA,NA,NA,NA,NA,3.66583333333333,0.4954355,22.24,4.321779,0.05,0,0.53,0.022239,0,NA,0,NA,76.89,8.732514,956.385,131.9514,6.3875,0.459606000000001,NA,NA,NA,NA,NA,NA,NA,NA,NA,NA,NA,NA,NA,NA,NA,NA,NA,NA,NA,NA,NA,NA,NA,NA,NA,NA,NA,NA,NA,NA,NA,NA,NA,NA,NA,NA
"242","Tyler Lockett","SEA","WR","12187","robust",NA,NA,NA,NA,NA,NA,NA,NA,NA,NA,0.16,0.177912,1.8325,1.727229,0,0,0.733333333333333,0,0,NA,0,NA,76.4,9.6369,947.5125,86.027865,6.45,1.63086,NA,NA,NA,NA,NA,NA,NA,NA,NA,NA,NA,NA,NA,NA,NA,NA,NA,NA,NA,NA,NA,NA,NA,NA,NA,NA,NA,NA,NA,NA,NA,NA,NA,NA,NA,NA
"243","Keenan Allen","LAC","WR","11222","robust",NA,NA,NA,NA,NA,NA,NA,NA,NA,NA,1.279,0.3825108,7.15857142857143,1.717698,0.0171428571428571,0,0.626875,0.07227675,0,NA,0,NA,92.5425,6.59757,1027.44,100.8168,5.97,0.207564,NA,NA,NA,NA,NA,NA,NA,NA,NA,NA,NA,NA,NA,NA,NA,NA,NA,NA,NA,NA,NA,NA,NA,NA,NA,NA,NA,NA,NA,NA,NA,NA,NA,NA,NA,NA
"244","Christian Watson","GB","WR","15789","robust",NA,NA,NA,NA,NA,NA,NA,NA,NA,NA,8.40699067211173,0.7413,63.5425,9.95565899999998,0.865,0.934038,0.055,0.014826,0,NA,0,NA,69.68,9.19212,979.5,17.3983109999999,7.15,1.074885,NA,NA,NA,NA,NA,NA,NA,NA,NA,NA,NA,NA,NA,NA,NA,NA,NA,NA,NA,NA,NA,NA,NA,NA,NA,NA,NA,NA,NA,NA,NA,NA,NA,NA,NA,NA
"245","Brandon Aiyuk","SF","WR","14840","robust",NA,NA,NA,NA,NA,NA,NA,NA,NA,NA,2.61833333333333,0.916741,17.65,13.143249,0.005,0,0.733333333333333,0,0,NA,0,NA,68.09,6.782895,946.5,92.3659799999999,5.8925,0.185325,NA,NA,NA,NA,NA,NA,NA,NA,NA,NA,NA,NA,NA,NA,NA,NA,NA,NA,NA,NA,NA,NA,NA,NA,NA,NA,NA,NA,NA,NA,NA,NA,NA,NA,NA,NA
"246","George Pickens","PIT","WR","15762","robust",NA,NA,NA,NA,NA,NA,NA,NA,NA,NA,3.06666666666667,0.2471,21.6775,9.110577,0.271428571428571,0.25416,0.1025,0.06857025,0,NA,0,NA,59.4975,6.441897,862,23.7216000000001,5.735,0.882147,NA,NA,NA,NA,NA,NA,NA,NA,NA,NA,NA,NA,NA,NA,NA,NA,NA,NA,NA,NA,NA,NA,NA,NA,NA,NA,NA,NA,NA,NA,NA,NA,NA,NA,NA,NA
"247","Drake London","ATL","WR","15751","robust",NA,NA,NA,NA,NA,NA,NA,NA,NA,NA,0,0,0.415,0.07413,0.075,0,2.63333333333333,0,0,NA,0,NA,76.45,1.16384099999999,948.925,36.84261,5.5,0.7413,NA,NA,NA,NA,NA,NA,NA,NA,NA,NA,NA,NA,NA,NA,NA,NA,NA,NA,NA,NA,NA,NA,NA,NA,NA,NA,NA,NA,NA,NA,NA,NA,NA,NA,NA,NA
"248","Deebo Samuel","SF","WR","14136","robust",NA,NA,NA,NA,NA,NA,NA,NA,NA,NA,47.9133318052967,11.1195,268.2875,58.874046,2.5975,0.7413,1.565,0.1223145,0,NA,0,NA,68.4275,10.3782,898.3225,83.640879,4.46,0.7413,NA,NA,NA,NA,NA,NA,NA,NA,NA,NA,NA,NA,NA,NA,NA,NA,NA,NA,NA,NA,NA,NA,NA,NA,NA,NA,NA,NA,NA,NA,NA,NA,NA,NA,NA,NA
"249","DeAndre Hopkins","TEN","WR","11232","robust",NA,NA,NA,NA,NA,NA,NA,NA,NA,NA,0.01,0.014826,0.215,0,0,0,0.933333333333333,0,0,NA,0,NA,80.6,6.790308,990.5,45.048801,5.8425,0.88956,NA,NA,NA,NA,NA,NA,NA,NA,NA,NA,NA,NA,NA,NA,NA,NA,NA,NA,NA,NA,NA,NA,NA,NA,NA,NA,NA,NA,NA,NA,NA,NA,NA,NA,NA,NA
"250","Michael Pittman","IND","WR","14842","robust",NA,NA,NA,NA,NA,NA,NA,NA,NA,NA,2.4,1.63086,26.75,7.48713,0,0,0.568125,0.03150525,0,NA,0,NA,81.835,12.112842,924.8275,131.72901,4.94,1.497426,NA,NA,NA,NA,NA,NA,NA,NA,NA,NA,NA,NA,NA,NA,NA,NA,NA,NA,NA,NA,NA,NA,NA,NA,NA,NA,NA,NA,NA,NA,NA,NA,NA,NA,NA,NA
"251","Courtland Sutton","DEN","WR","13630","robust",NA,NA,NA,NA,NA,NA,NA,NA,NA,NA,0.275,0.37065,2.03642857142857,2.9652,0,0,0.023125,0.01297275,0,NA,0,NA,64.0325,3.802869,842.9825,50.971788,4.865,1.18608,NA,NA,NA,NA,NA,NA,NA,NA,NA,NA,NA,NA,NA,NA,NA,NA,NA,NA,NA,NA,NA,NA,NA,NA,NA,NA,NA,NA,NA,NA,NA,NA,NA,NA,NA,NA
"252","Marquise Brown","ARI","WR","14105","robust",NA,NA,NA,NA,NA,NA,NA,NA,NA,NA,1.3005,0.2980026,8.82607142857143,8.8956,0.0164285714285714,0,0.060625,0.05003775,0,NA,0,NA,79.285,8.67321,920.765,101.78049,4.6425,0.867321,NA,NA,NA,NA,NA,NA,NA,NA,NA,NA,NA,NA,NA,NA,NA,NA,NA,NA,NA,NA,NA,NA,NA,NA,NA,NA,NA,NA,NA,NA,NA,NA,NA,NA,NA,NA
"253","Jahan Dotson","WAS","WR","15755","robust",NA,NA,NA,NA,NA,NA,NA,NA,NA,NA,3.658,0.7413,19.5678571428571,17.78061,0.0471428571428571,0.007413,0.1025,0.06857025,0,NA,0,NA,62.2,4.38849600000001,856.5,15.5673,5.945,1.008168,NA,NA,NA,NA,NA,NA,NA,NA,NA,NA,NA,NA,NA,NA,NA,NA,NA,NA,NA,NA,NA,NA,NA,NA,NA,NA,NA,NA,NA,NA,NA,NA,NA,NA,NA,NA
"254","Brandin Cooks","DAL","WR","11674","robust",NA,NA,NA,NA,NA,NA,NA,NA,NA,NA,3.06416666666667,0.0951335000000004,19.235,11.075022,0.05,0,0.1225,0.022239,0,NA,0,NA,67,8.8956,864.5,75.90912,5.2,0.51891,NA,NA,NA,NA,NA,NA,NA,NA,NA,NA,NA,NA,NA,NA,NA,NA,NA,NA,NA,NA,NA,NA,NA,NA,NA,NA,NA,NA,NA,NA,NA,NA,NA,NA,NA,NA
"255","Jordan Addison","MIN","WR","16186","robust",NA,NA,NA,NA,NA,NA,NA,NA,NA,NA,1.97916666666667,1.173725,10.5,11.682888,0,0,0.6775,0.01667925,0,NA,0,NA,59.025,3.85476,788.9025,134.486646,5.435,0.407715,NA,NA,NA,NA,NA,NA,NA,NA,NA,NA,NA,NA,NA,NA,NA,NA,NA,NA,NA,NA,NA,NA,NA,NA,NA,NA,NA,NA,NA,NA,NA,NA,NA,NA,NA,NA
"256","JuJu Smith-Schuster","NE","WR","13156","robust",NA,NA,NA,NA,NA,NA,NA,NA,NA,NA,0.02,0.029652,0.263571428571429,0.7413,0.0416666666666667,0.04942,1.4,0,0,NA,0,NA,74.6925,12.15732,861.0825,96.4283039999999,4.625,1.03782,NA,NA,NA,NA,NA,NA,NA,NA,NA,NA,NA,NA,NA,NA,NA,NA,NA,NA,NA,NA,NA,NA,NA,NA,NA,NA,NA,NA,NA,NA,NA,NA,NA,NA,NA,NA
"257","Donovan Peoples-Jones","CLE","WR","14857","robust",NA,NA,NA,NA,NA,NA,NA,NA,NA,NA,0.48,0.415128,1.25892857142857,1.297275,0,0,0.733333333333333,0,0,NA,0.09,0,46.5025,6.59757,661.0025,157.1556,3.3,0.274281,NA,NA,NA,NA,NA,NA,NA,NA,NA,NA,NA,NA,NA,NA,NA,NA,NA,NA,NA,NA,NA,NA,NA,NA,NA,NA,NA,NA,NA,NA,NA,NA,NA,NA,NA,NA
"258","Michael Thomas","NO","WR","12652","robust",NA,NA,NA,NA,NA,NA,NA,NA,NA,NA,0.205,0.22239,2.53285714285714,1.55673,0.015,0,0.041875,0.03150525,0,NA,0,NA,67.6825,6.61980900000002,770.695,91.906374,4.6125,0.66717,NA,NA,NA,NA,NA,NA,NA,NA,NA,NA,NA,NA,NA,NA,NA,NA,NA,NA,NA,NA,NA,NA,NA,NA,NA,NA,NA,NA,NA,NA,NA,NA,NA,NA,NA,NA
"259","Diontae Johnson","PIT","WR","14208","robust",NA,NA,NA,NA,NA,NA,NA,NA,NA,NA,4.79166666666667,0.308875000000001,29.25,9.6369,0,0,0.3575,0.10563525,0,NA,0,NA,83.7225,9.51087899999999,947.1125,32.676504,4.565,0.51891,NA,NA,NA,NA,NA,NA,NA,NA,NA,NA,NA,NA,NA,NA,NA,NA,NA,NA,NA,NA,NA,NA,NA,NA,NA,NA,NA,NA,NA,NA,NA,NA,NA,NA,NA,NA
"260","Jaxon Smith-Njigba","SEA","WR","16185","robust",NA,NA,NA,NA,NA,NA,NA,NA,NA,NA,1.86,0.770952,15.4196428571429,13.499073,0,0,0.6775,0.01667925,0,NA,0,NA,56.675,3.26172,757.555,102.59592,4.875,0.496671,NA,NA,NA,NA,NA,NA,NA,NA,NA,NA,NA,NA,NA,NA,NA,NA,NA,NA,NA,NA,NA,NA,NA,NA,NA,NA,NA,NA,NA,NA,NA,NA,"Q","Wrist",2023,0
"261","Treylon Burks","TEN","WR","15752","robust",NA,NA,NA,NA,NA,NA,NA,NA,NA,NA,5.0829514644469,2.73102115881103,44.0075,24.803898,0.05,0,0.04625,0.0259455,0,NA,0,NA,57.15,8.888187,776.315,155.673,4.14,1.4826,NA,NA,NA,NA,NA,NA,NA,NA,NA,NA,NA,NA,NA,NA,NA,NA,NA,NA,NA,NA,NA,NA,NA,NA,NA,NA,NA,NA,NA,NA,NA,NA,NA,NA,NA,NA
"262","DeVante Parker","NE","WR","12176","robust",NA,NA,NA,NA,NA,NA,NA,NA,NA,NA,0,0,0.48,0.14826,0,0,0.0333333333333333,0,0,NA,0,NA,46.475,5.85627,649.99,65.82744,3.925,1.03782,NA,NA,NA,NA,NA,NA,NA,NA,NA,NA,NA,NA,NA,NA,NA,NA,NA,NA,NA,NA,NA,NA,NA,NA,NA,NA,NA,NA,NA,NA,NA,NA,"Q","Undisclosed",2023,0
"263","Nico Collins","HOU","WR","15290","robust",NA,NA,NA,NA,NA,NA,NA,NA,NA,NA,0,0,0.42,0.14826,0,0,0.0333333333333333,0,0,NA,0,NA,58.37,7.020111,758.46,83.514858,4.4325,0.437367,NA,NA,NA,NA,NA,NA,NA,NA,NA,NA,NA,NA,NA,NA,NA,NA,NA,NA,NA,NA,NA,NA,NA,NA,NA,NA,NA,NA,NA,NA,NA,NA,NA,NA,NA,NA
"264","Gabriel Davis","BUF","WR","14845","robust",NA,NA,NA,NA,NA,NA,NA,NA,NA,NA,0.01,0.014826,0.35,0,0,0,0.8,0,0,NA,0,NA,53.05,3.11346,848.7375,96.317109,6.5525,0.689409,NA,NA,NA,NA,NA,NA,NA,NA,NA,NA,NA,NA,NA,NA,NA,NA,NA,NA,NA,NA,NA,NA,NA,NA,NA,NA,NA,NA,NA,NA,NA,NA,NA,NA,NA,NA
"265","Jalin Hyatt","NYG","WR","16183","robust",NA,NA,NA,NA,NA,NA,NA,NA,NA,NA,1.02,1.452948,8.01625,6.96822,0,0,0.47,0,0,NA,0,NA,32.51,13.49166,424.25,186.629688,2.3575,1.4826,NA,NA,NA,NA,NA,NA,NA,NA,NA,NA,NA,NA,NA,NA,NA,NA,NA,NA,NA,NA,NA,NA,NA,NA,NA,NA,NA,NA,NA,NA,NA,NA,NA,NA,NA,NA
"266","Odell Beckham","BAL","WR","11679","robust",NA,NA,NA,NA,NA,NA,NA,NA,NA,NA,1.50833333333333,0.71659,16,14.0847,0.025,0,0.1775,0.01667925,0,NA,0,NA,56.07,11.327064,726.01,137.718714,5.035,1.03782,NA,NA,NA,NA,NA,NA,NA,NA,NA,NA,NA,NA,NA,NA,NA,NA,NA,NA,NA,NA,NA,NA,NA,NA,NA,NA,NA,NA,NA,NA,NA,NA,NA,NA,NA,NA
"267","Alec Pierce","IND","WR","15768","robust",NA,NA,NA,NA,NA,NA,NA,NA,NA,NA,0,0,0.0814285714285714,0,0,0,0.0333333333333333,0,0,NA,0,NA,46.5,4.29954,620,24.75942,3.035,1.289862,NA,NA,NA,NA,NA,NA,NA,NA,NA,NA,NA,NA,NA,NA,NA,NA,NA,NA,NA,NA,NA,NA,NA,NA,NA,NA,NA,NA,NA,NA,NA,NA,NA,NA,NA,NA
"268","Jakobi Meyers","LVR","WR","14127","robust",NA,NA,NA,NA,NA,NA,NA,NA,NA,NA,1.1625,1.21079,6.36,9.6369,0,0,0.8775,0.09080925,0,NA,0,NA,65.6025,5.329947,770.5525,58.718373,4.4275,0.585627,NA,NA,NA,NA,NA,NA,NA,NA,NA,NA,NA,NA,NA,NA,NA,NA,NA,NA,NA,NA,NA,NA,NA,NA,NA,NA,NA,NA,NA,NA,NA,NA,NA,NA,NA,NA
"269","Elijah Moore","CLE","WR","15288","robust",NA,NA,NA,NA,NA,NA,NA,NA,NA,NA,5.5,0.88956,26.835,5.9304,0.075,0,0.105625,0.00555974999999999,0,NA,0,NA,54.25,12.00906,681.25,94.241469,3.3375,0.7413,NA,NA,NA,NA,NA,NA,NA,NA,NA,NA,NA,NA,NA,NA,NA,NA,NA,NA,NA,NA,NA,NA,NA,NA,NA,NA,NA,NA,NA,NA,NA,NA,NA,NA,NA,NA
"270","D.J. Chark","CAR","WR","13668","robust",NA,NA,NA,NA,NA,NA,NA,NA,NA,NA,0.01,0.014826,1.085,1.03782,0.0333333333333333,0,0.0333333333333333,0,0,NA,0,NA,47.905,3.03933,720.45,91.001988,4,0.0741300000000001,NA,NA,NA,NA,NA,NA,NA,NA,NA,NA,NA,NA,NA,NA,NA,NA,NA,NA,NA,NA,NA,NA,NA,NA,NA,NA,NA,NA,NA,NA,NA,NA,"Q","Hamstring",2023,0
"271","Kendrick Bourne","NE","WR","13418","robust",NA,NA,NA,NA,NA,NA,NA,NA,NA,NA,4.352,0.483327599999999,33.125,4.699842,0.1025,0,0.143333333333333,0,0,NA,0,NA,41.59,4.00302,515.55,89.089434,2.25,0.7413,NA,NA,NA,NA,NA,NA,NA,NA,NA,NA,NA,NA,NA,NA,NA,NA,NA,NA,NA,NA,NA,NA,NA,NA,NA,NA,NA,NA,NA,NA,NA,NA,NA,NA,NA,NA
"272","Tyler Boyd","CIN","WR","12650","robust",NA,NA,NA,NA,NA,NA,NA,NA,NA,NA,1.3855,0.4017846,8.925,1.4826,0.01,0,0.0666666666666667,0,0,NA,0,NA,58.5825,5.1891,719,76.3539,4.25,0.385476,NA,NA,NA,NA,NA,NA,NA,NA,NA,NA,NA,NA,NA,NA,NA,NA,NA,NA,NA,NA,NA,NA,NA,NA,NA,NA,NA,NA,NA,NA,NA,NA,NA,NA,NA,NA
"273","Zay Jones","JAC","WR","13176","robust",NA,NA,NA,NA,NA,NA,NA,NA,NA,NA,1.7125,1.074885,9.75,2.59455,0,0,0.1525,0.03521175,0,NA,0,NA,63.225,8.1543,678.375,112.01043,4.4,0.88956,NA,NA,NA,NA,NA,NA,NA,NA,NA,NA,NA,NA,NA,NA,NA,NA,NA,NA,NA,NA,NA,NA,NA,NA,NA,NA,NA,NA,NA,NA,NA,NA,NA,NA,NA,NA
"274","Rondale Moore","ARI","WR","15283","robust",NA,NA,NA,NA,NA,NA,NA,NA,NA,NA,11.3185311131159,4.31872154338865,53.85,11.49015,0.09,0,0.0925,0.051891,0,NA,0,NA,68.24,11.134326,699.1125,141.51417,2.54,0.7413,NA,NA,NA,NA,NA,NA,NA,NA,NA,NA,NA,NA,NA,NA,NA,NA,NA,NA,NA,NA,NA,NA,NA,NA,NA,NA,NA,NA,NA,NA,NA,NA,NA,NA,NA,NA
"275","Allen Lazard","NYJ","WR","13632","robust",NA,NA,NA,NA,NA,NA,NA,NA,NA,NA,1.84166666666667,0.308875,6.5,9.6369,0,0,0.023125,0.01297275,0,NA,0,NA,54.675,6.30105,711.1375,85.2791520000001,5.03,1.052646,NA,NA,NA,NA,NA,NA,NA,NA,NA,NA,NA,NA,NA,NA,NA,NA,NA,NA,NA,NA,NA,NA,NA,NA,NA,NA,NA,NA,NA,NA,NA,NA,"Q","Shoulder - AC Joint",2023,0
"276","Skyy Moore","KC","WR","15766","robust",NA,NA,NA,NA,NA,NA,NA,NA,NA,NA,6.095,3.246894,36.05,19.34793,0.19,0.14826,1.785,0.2335095,0,NA,0.12,0,57,5.9304,668.5875,110.194245,5.0975,1.326927,NA,NA,NA,NA,NA,NA,NA,NA,NA,NA,NA,NA,NA,NA,NA,NA,NA,NA,NA,NA,NA,NA,NA,NA,NA,NA,NA,NA,NA,NA,NA,NA,NA,NA,NA,NA
"277","Zay Flowers","BAL","WR","16190","robust",NA,NA,NA,NA,NA,NA,NA,NA,NA,NA,2.44583333333333,2.063285,19.6575,11.8608,0,0,0.7975,0.096369,0,NA,0.03,0,54.1675,2.972613,718.65,47.88798,5,0.192738,NA,NA,NA,NA,NA,NA,NA,NA,NA,NA,NA,NA,NA,NA,NA,NA,NA,NA,NA,NA,NA,NA,NA,NA,NA,NA,NA,NA,NA,NA,NA,NA,NA,NA,NA,NA
"278","Adam Thielen","CAR","WR","11938","robust",NA,NA,NA,NA,NA,NA,NA,NA,NA,NA,0.52,0.415128,5.11642857142857,4.4478,0,0,0.120625,0.02038575,0,NA,0,NA,56.435,7.605738,661.5,98.5929,4.2325,0.919212,NA,NA,NA,NA,NA,NA,NA,NA,NA,NA,NA,NA,NA,NA,NA,NA,NA,NA,NA,NA,NA,NA,NA,NA,NA,NA,NA,NA,NA,NA,NA,NA,NA,NA,NA,NA
"279","Darius Slayton","NYG","WR","14122","robust",NA,NA,NA,NA,NA,NA,NA,NA,NA,NA,0.275,0.37065,0.207142857142857,0.30711,0,0,0.6775,0.13158075,0,NA,0,NA,39.6325,4.558995,584.8,99.311961,2.9575,0.229803,NA,NA,NA,NA,NA,NA,NA,NA,NA,NA,NA,NA,NA,NA,NA,NA,NA,NA,NA,NA,NA,NA,NA,NA,NA,NA,NA,NA,NA,NA,NA,NA,NA,NA,NA,NA
"280","Mecole Hardman","NYJ","WR","14113","robust",NA,NA,NA,NA,NA,NA,NA,NA,NA,NA,7.25393033530658,2.53207423025106,50.25,18.5325,0.5525,0.689409,0.4575,0.17976525,0,NA,0.77,0,40.765,5.90074800000001,487.2775,27.4281,3.0875,0.111195,NA,NA,NA,NA,NA,NA,NA,NA,NA,NA,NA,NA,NA,NA,NA,NA,NA,NA,NA,NA,NA,NA,NA,NA,NA,NA,NA,NA,NA,NA,NA,NA,"Q","Finger",2023,0
"281","Quentin Johnston","LAC","WR","16188","robust",NA,NA,NA,NA,NA,NA,NA,NA,NA,NA,2.136,0.2016336,12.5221428571429,5.166861,0.0385714285714286,0.034947,0.6775,0.01667925,0,NA,0,NA,49.25,5.1891,658.1,130.4688,3.89,0.281693999999999,NA,NA,NA,NA,NA,NA,NA,NA,NA,NA,NA,NA,NA,NA,NA,NA,NA,NA,NA,NA,NA,NA,NA,NA,NA,NA,NA,NA,NA,NA,NA,NA,NA,NA,NA,NA
"282","Rashod Bateman","BAL","WR","15293","robust",NA,NA,NA,NA,NA,NA,NA,NA,NA,NA,0,0,0.465,0.14826,0,0,1.73333333333333,0,0,NA,0,NA,47.555,9.206946,686.82,147.5187,3.635,0.830256,NA,NA,NA,NA,NA,NA,NA,NA,NA,NA,NA,NA,NA,NA,NA,NA,NA,NA,NA,NA,NA,NA,NA,NA,NA,NA,NA,NA,NA,NA,NA,NA,NA,NA,NA,NA
"283","Marquez Valdes-Scantling","KC","WR","13793","robust",NA,NA,NA,NA,NA,NA,NA,NA,NA,NA,0.34,0.504084,1.92428571428571,1.40847,0.005,0,0.0333333333333333,0,0,NA,0,NA,44.06,8.1543,707,80.371746,4.4325,1.104537,NA,NA,NA,NA,NA,NA,NA,NA,NA,NA,NA,NA,NA,NA,NA,NA,NA,NA,NA,NA,NA,NA,NA,NA,NA,NA,NA,NA,NA,NA,NA,NA,NA,NA,NA,NA
"284","Jayden Reed","GB","WR","16184","robust",NA,NA,NA,NA,NA,NA,NA,NA,NA,NA,2.95958333333333,1.03782,18.9375,10.118745,0.05,0.037065,0.68,0.014826,0,NA,0.08,0,45.1925,5.1891,594.5,82.373256,3.185,0.400302,NA,NA,NA,NA,NA,NA,NA,NA,NA,NA,NA,NA,NA,NA,NA,NA,NA,NA,NA,NA,NA,NA,NA,NA,NA,NA,NA,NA,NA,NA,NA,NA,NA,NA,NA,NA
"285","K.J. Osborn","MIN","WR","14977","robust",NA,NA,NA,NA,NA,NA,NA,NA,NA,NA,2.95,1.4826,13.4825,11.497563,0.01,0,0.041875,0.03150525,0,NA,0.19,0,52.7175,9.11799,618,111.195,4.665,0.911799,NA,NA,NA,NA,NA,NA,NA,NA,NA,NA,NA,NA,NA,NA,NA,NA,NA,NA,NA,NA,NA,NA,NA,NA,NA,NA,NA,NA,NA,NA,NA,NA,NA,NA,NA,NA
"286","Van Jefferson","LAR","WR","14858","robust",NA,NA,NA,NA,NA,NA,NA,NA,NA,NA,0.34,0.504084,3.69714285714286,5.396664,0,0,0.023125,0.01297275,0,NA,0,NA,44.455,3.7065,645.4625,66.828195,3.8425,1.126776,NA,NA,NA,NA,NA,NA,NA,NA,NA,NA,NA,NA,NA,NA,NA,NA,NA,NA,NA,NA,NA,NA,NA,NA,NA,NA,NA,NA,NA,NA,NA,NA,NA,NA,NA,NA
"287","Rashid Shaheed","NO","WR","16080","robust",NA,NA,NA,NA,NA,NA,NA,NA,NA,NA,4.54166666666667,0.679525000000001,38.4,18.97728,0.35,0.252042,0.031875,0.00185325,0,NA,0.09,0,34.535,3.810282,499.205,55.997802,2.55,0.66717,NA,NA,NA,NA,NA,NA,NA,NA,NA,NA,NA,NA,NA,NA,NA,NA,NA,NA,NA,NA,NA,NA,NA,NA,NA,NA,NA,NA,NA,NA,NA,NA,"Q","Groin",2023,0
"288","Darnell Mooney","CHI","WR","14974","robust",NA,NA,NA,NA,NA,NA,NA,NA,NA,NA,1.83333333333333,0.2471,9.7,7.48713,0,0,0.023125,0.01297275,0,NA,0,NA,55.2,5.04084,689.2,52.6323,3.975,1.223145,NA,NA,NA,NA,NA,NA,NA,NA,NA,NA,NA,NA,NA,NA,NA,NA,NA,NA,NA,NA,NA,NA,NA,NA,NA,NA,NA,NA,NA,NA,NA,NA,NA,NA,NA,NA
"289","Allen Robinson","PIT","WR","11678","robust",NA,NA,NA,NA,NA,NA,NA,NA,NA,NA,0.01,0.014826,0.775,0.29652,0,0,0.0333333333333333,0,0,NA,0,NA,40.745,12.08319,462.25,123.0558,3,1.593795,NA,NA,NA,NA,NA,NA,NA,NA,NA,NA,NA,NA,NA,NA,NA,NA,NA,NA,NA,NA,NA,NA,NA,NA,NA,NA,NA,NA,NA,NA,NA,NA,NA,NA,NA,NA
"290","Isaiah Hodgins","NYG","WR","14849","robust",NA,NA,NA,NA,NA,NA,NA,NA,NA,NA,0,0,0.396428571428571,0.365355,0,0,0.533333333333333,0,0,NA,0,NA,47.2,8.8956,496.75,81.543,4.075,1.70499,NA,NA,NA,NA,NA,NA,NA,NA,NA,NA,NA,NA,NA,NA,NA,NA,NA,NA,NA,NA,NA,NA,NA,NA,NA,NA,NA,NA,NA,NA,NA,NA,NA,NA,NA,NA
"291","Nathaniel Dell","HOU","WR","16204","robust",NA,NA,NA,NA,NA,NA,NA,NA,NA,NA,1,1.4826,5.33333333333333,5.31265,0,0,0.866666666666667,0,0,NA,0,NA,34.4625,4.4478,450.35,97.25856,2.45,1.467774,NA,NA,NA,NA,NA,NA,NA,NA,NA,NA,NA,NA,NA,NA,NA,NA,NA,NA,NA,NA,NA,NA,NA,NA,NA,NA,NA,NA,NA,NA,NA,NA,NA,NA,NA,NA
"292","Romeo Doubs","GB","WR","15779","robust",NA,NA,NA,NA,NA,NA,NA,NA,NA,NA,0.895,0.22239,8.5,10.384554,0,0,0.933333333333333,0,0,NA,0,NA,57.525,7.902258,682.0425,53.3736,4.5,0.867321,NA,NA,NA,NA,NA,NA,NA,NA,NA,NA,NA,NA,NA,NA,NA,NA,NA,NA,NA,NA,NA,NA,NA,NA,NA,NA,NA,NA,NA,NA,NA,NA,"Q","Hamstring",2023,0
"293","Chase Claypool","CHI","WR","14841","robust",NA,NA,NA,NA,NA,NA,NA,NA,NA,NA,4.83333333333333,1.544375,32.925,13.847484,0,0,0.81,0.140847,0,NA,0,NA,38.4,9.6369,497.4375,120.0906,2.9475,0.452193,NA,NA,NA,NA,NA,NA,NA,NA,NA,NA,NA,NA,NA,NA,NA,NA,NA,NA,NA,NA,NA,NA,NA,NA,NA,NA,NA,NA,NA,NA,NA,NA,"Q","Hamstring",2023,0
"294","Jonathan Mingo","CAR","WR","16197","robust",NA,NA,NA,NA,NA,NA,NA,NA,NA,NA,1.04,0.830256,11.3892857142857,2.9652,0.0178571428571429,0,0.3575,0.03150525,0,NA,0,NA,48.1525,7.064589,632.155,100.876104,3.5,0.7413,NA,NA,NA,NA,NA,NA,NA,NA,NA,NA,NA,NA,NA,NA,NA,NA,NA,NA,NA,NA,NA,NA,NA,NA,NA,NA,NA,NA,NA,NA,NA,NA,NA,NA,NA,NA
"295","Michael Gallup","DAL","WR","13646","robust",NA,NA,NA,NA,NA,NA,NA,NA,NA,NA,0,0,0.441428571428571,0.14826,0,0,0.0333333333333333,0,0,NA,0,NA,50.05,6.16761600000001,663.005,73.737111,4.8,0.437367000000001,NA,NA,NA,NA,NA,NA,NA,NA,NA,NA,NA,NA,NA,NA,NA,NA,NA,NA,NA,NA,NA,NA,NA,NA,NA,NA,NA,NA,NA,NA,NA,NA,NA,NA,NA,NA
"296","Kadarius Toney","KC","WR","15289","robust",NA,NA,NA,NA,NA,NA,NA,NA,NA,NA,8.9551346022526,2.08575962195923,68.53,21.883176,1,0.51891,0.415,0.1371405,0,NA,0,NA,47.085,14.0847,553.75,183.1011,4.425,0.96369,NA,NA,NA,NA,NA,NA,NA,NA,NA,NA,NA,NA,NA,NA,NA,NA,NA,NA,NA,NA,NA,NA,NA,NA,NA,NA,NA,NA,NA,NA,NA,NA,"Q","Knee - Meniscus",2023,0
"297","Josh Downs","IND","WR","16187","robust",NA,NA,NA,NA,NA,NA,NA,NA,NA,NA,1,0.59304,6.53,8.925252,0,0,0.07,0,0,NA,0,NA,24.9875,2.9652,331.425,75.76086,1.7725,0.385476,NA,NA,NA,NA,NA,NA,NA,NA,NA,NA,NA,NA,NA,NA,NA,NA,NA,NA,NA,NA,NA,NA,NA,NA,NA,NA,NA,NA,NA,NA,NA,NA,NA,NA,NA,NA
"298","Parris Campbell","NYG","WR","14112","robust",NA,NA,NA,NA,NA,NA,NA,NA,NA,NA,2.7375,1.593795,27.25,12.6021,0,0,0.069375,0.03891825,0,NA,0,NA,42.325,10.170636,458.35,72.6474,2.55,0.630105,NA,NA,NA,NA,NA,NA,NA,NA,NA,NA,NA,NA,NA,NA,NA,NA,NA,NA,NA,NA,NA,NA,NA,NA,NA,NA,NA,NA,NA,NA,NA,NA,NA,NA,NA,NA
"299","Marvin Mims","DEN","WR","16189","robust",NA,NA,NA,NA,NA,NA,NA,NA,NA,NA,1.46,0.51891,10.4410714285714,9.04386,0,0,0.68,0.014826,0,NA,0.12,0,41.325,8.37669,600,87.4511610000001,3.535,0.845082,NA,NA,NA,NA,NA,NA,NA,NA,NA,NA,NA,NA,NA,NA,NA,NA,NA,NA,NA,NA,NA,NA,NA,NA,NA,NA,NA,NA,NA,NA,NA,NA,NA,NA,NA,NA
"300","Wan'Dale Robinson","NYG","WR","15757","robust",NA,NA,NA,NA,NA,NA,NA,NA,NA,NA,3.31666666666667,0.96369,14.72,10.3782,0,0,0.3775,0.09080925,0,NA,0,NA,42.9075,13.039467,493.625,182.396865,2.525,0.259455,NA,NA,NA,NA,NA,NA,NA,NA,NA,NA,NA,NA,NA,NA,NA,NA,NA,NA,NA,NA,NA,NA,NA,NA,NA,NA,NA,NA,NA,NA,NA,NA,"Q","Knee - ACL",2023,0
"301","Rashee Rice","KC","WR","16194","robust",NA,NA,NA,NA,NA,NA,NA,NA,NA,NA,1.02,0.785778,9.14714285714286,3.587892,0,0,0.3525,0.03521175,0,NA,0,NA,33.95,4.29954,466.765,68.71851,3.435,0.7413,NA,NA,NA,NA,NA,NA,NA,NA,NA,NA,NA,NA,NA,NA,NA,NA,NA,NA,NA,NA,NA,NA,NA,NA,NA,NA,NA,NA,NA,NA,NA,NA,NA,NA,NA,NA
"302","John Metchie","HOU","WR","15759","robust",NA,NA,NA,NA,NA,NA,NA,NA,NA,NA,0.875,0.22239,6.5,8.638616,0,0,0.07,0,0,NA,0,NA,36.9025,22.31313,434.575,236.32644,2.3525,2.07564,NA,NA,NA,NA,NA,NA,NA,NA,NA,NA,NA,NA,NA,NA,NA,NA,NA,NA,NA,NA,NA,NA,NA,NA,NA,NA,NA,NA,NA,NA,NA,NA,NA,NA,NA,NA
"303","Josh Reynolds","DET","WR","13168","robust",NA,NA,NA,NA,NA,NA,NA,NA,NA,NA,0.0666666666666667,0.04942,1.06,1.3521312,0.001,0,0.1,0,0,NA,0,NA,34.8,7.205436,452.8,96.057654,2.775,0.59304,NA,NA,NA,NA,NA,NA,NA,NA,NA,NA,NA,NA,NA,NA,NA,NA,NA,NA,NA,NA,NA,NA,NA,NA,NA,NA,NA,NA,NA,NA,NA,NA,NA,NA,NA,NA
"304","Hunter Renfrow","LVR","WR","14123","robust",NA,NA,NA,NA,NA,NA,NA,NA,NA,NA,0.24,0.29652,1.28857142857143,1.910436,0,0,0.605,0.0037065,0,NA,0,NA,61.075,1.55673,618.9,42.55062,3.54,0.681996,NA,NA,NA,NA,NA,NA,NA,NA,NA,NA,NA,NA,NA,NA,NA,NA,NA,NA,NA,NA,NA,NA,NA,NA,NA,NA,NA,NA,NA,NA,NA,NA,NA,NA,NA,NA
"305","Robert Woods","HOU","WR","11228","robust",NA,NA,NA,NA,NA,NA,NA,NA,NA,NA,2.625,1.85325,11,16.3086,0,0,0.3525,0.03521175,0,NA,0,NA,52.525,6.086073,559.105,56.93184,2.785,0.37065,NA,NA,NA,NA,NA,NA,NA,NA,NA,NA,NA,NA,NA,NA,NA,NA,NA,NA,NA,NA,NA,NA,NA,NA,NA,NA,NA,NA,NA,NA,NA,NA,NA,NA,NA,NA
"306","Jameson Williams","DET","WR","15756","robust",NA,NA,NA,NA,NA,NA,NA,NA,NA,NA,1.5125,1.03782,19.425,17.7912,0,0,0.38,0.088956,0,NA,0,NA,38.0825,6.664287,556.1575,111.9363,3.5,0.644931,NA,NA,NA,NA,NA,NA,NA,NA,NA,NA,NA,NA,NA,NA,NA,NA,NA,NA,NA,NA,NA,NA,NA,NA,NA,NA,NA,NA,NA,NA,NA,NA,"S","Suspension",2023,0
"307","Mack Hollins","ATL","WR","13289","robust",NA,NA,NA,NA,NA,NA,NA,NA,NA,NA,0.625,0.66717,19.5875,21.831285,0.0395833333333333,0,0.31,0,0,NA,0,NA,42.7675,6.96821999999999,512.725,56.071932,2.95,0.14826,NA,NA,NA,NA,NA,NA,NA,NA,NA,NA,NA,NA,NA,NA,NA,NA,NA,NA,NA,NA,NA,NA,NA,NA,NA,NA,NA,NA,NA,NA,NA,NA,NA,NA,NA,NA
"308","Curtis Samuel","WAS","WR","13157","robust",NA,NA,NA,NA,NA,NA,NA,NA,NA,NA,27.54,5.070492,148.8475,11.126913,0.95,0.07413,0.435,0.0481845,0,NA,0,NA,52.025,5.211339,555.025,85.91667,3.075,0.81543,NA,NA,NA,NA,NA,NA,NA,NA,NA,NA,NA,NA,NA,NA,NA,NA,NA,NA,NA,NA,NA,NA,NA,NA,NA,NA,NA,NA,NA,NA,NA,NA,NA,NA,NA,NA
"309","Josh Palmer","LAC","WR","15319","robust",NA,NA,NA,NA,NA,NA,NA,NA,NA,NA,0.5,0.37065,1.13571428571429,1.745232,0,0,0.133333333333333,0,0,NA,0,NA,44.315,12.409362,497.535,113.315118,2.5,0.704235,NA,NA,NA,NA,NA,NA,NA,NA,NA,NA,NA,NA,NA,NA,NA,NA,NA,NA,NA,NA,NA,NA,NA,NA,NA,NA,NA,NA,NA,NA,NA,NA,NA,NA,NA,NA
"310","Trey Palmer","TB","WR","16199","robust",NA,NA,NA,NA,NA,NA,NA,NA,NA,NA,0.133333333333333,0.09884,2.65,3.7554258,0.05,0.0385476,0.0366666666666667,0.019768,0,NA,0,NA,32.935,5.374425,409.105,70.341957,1.75,0.37065,NA,NA,NA,NA,NA,NA,NA,NA,NA,NA,NA,NA,NA,NA,NA,NA,NA,NA,NA,NA,NA,NA,NA,NA,NA,NA,NA,NA,NA,NA,NA,NA,NA,NA,NA,NA
"311","Tyquan Thornton","NE","WR","15787","robust",NA,NA,NA,NA,NA,NA,NA,NA,NA,NA,2.54,2.194248,10,14.826,0.375,0.29652,0.233333333333333,0,0,NA,0,NA,30,13.165488,350.96,149.7426,1.6575,0.785778,NA,NA,NA,NA,NA,NA,NA,NA,NA,NA,NA,NA,NA,NA,NA,NA,NA,NA,NA,NA,NA,NA,NA,NA,NA,NA,NA,NA,NA,NA,NA,NA,"IR","Shoulder",2023,0
"312","Richie James","KC","WR","13724","robust",NA,NA,NA,NA,NA,NA,NA,NA,NA,NA,0.7,0.37065,2.15285714285714,2.890011,0,0,1.4,0,0,NA,0,NA,28.915,14.15883,335.0275,202.337835,2.075,1.267623,NA,NA,NA,NA,NA,NA,NA,NA,NA,NA,NA,NA,NA,NA,NA,NA,NA,NA,NA,NA,NA,NA,NA,NA,NA,NA,NA,NA,NA,NA,NA,NA,NA,NA,NA,NA
"313","Michael Wilson","ARI","WR","16206","robust",NA,NA,NA,NA,NA,NA,NA,NA,NA,NA,0.075,0.22239,2.50708333333333,0,0,0,0.07,0,0,NA,0,NA,34.05,17.49468,433.125,142.3296,2.08,1.4826,NA,NA,NA,NA,NA,NA,NA,NA,NA,NA,NA,NA,NA,NA,NA,NA,NA,NA,NA,NA,NA,NA,NA,NA,NA,NA,NA,NA,NA,NA,NA,NA,NA,NA,NA,NA
"314","Justyn Ross","KC","WR","15763","robust",NA,NA,NA,NA,NA,NA,NA,NA,NA,NA,0.5,0.7413,3.1,4.59606,0,0,0.1,0,0,NA,0,NA,12.85,2.66868,183.3,47.88798,2,1.77912,NA,NA,NA,NA,NA,NA,NA,NA,NA,NA,NA,NA,NA,NA,NA,NA,NA,NA,NA,NA,NA,NA,NA,NA,NA,NA,NA,NA,NA,NA,NA,NA,NA,NA,NA,NA
"315","Kalif Raymond","DET","WR","13066","robust",NA,NA,NA,NA,NA,NA,NA,NA,NA,NA,1.85,1.77912,17.4,22.9803,0.1,0,0.35,0.111195,0,NA,0.09,0,22,7.968975,260.535,112.907403,1.07,0.192738,NA,NA,NA,NA,NA,NA,NA,NA,NA,NA,NA,NA,NA,NA,NA,NA,NA,NA,NA,NA,NA,NA,NA,NA,NA,NA,NA,NA,NA,NA,NA,NA,NA,NA,NA,NA
"316","Terrace Marshall","CAR","WR","15308","robust",NA,NA,NA,NA,NA,NA,NA,NA,NA,NA,0,0,0.0421428571428571,0,0,0,0.133333333333333,0,0,NA,0,NA,28.03,5.11497,387.825,183.62001,1.66,0.555975,NA,NA,NA,NA,NA,NA,NA,NA,NA,NA,NA,NA,NA,NA,NA,NA,NA,NA,NA,NA,NA,NA,NA,NA,NA,NA,NA,NA,NA,NA,NA,NA,"Q","Back",2023,0
"317","Khalil Shakir","BUF","WR","15761","robust",NA,NA,NA,NA,NA,NA,NA,NA,NA,NA,0.333333333333333,0.2471,2.565,1.6797858,0.02,0.0207564,0.1,0,0,NA,0.08,0,23.85,5.1891,375.225,187.363575,1.8,0.533736,NA,NA,NA,NA,NA,NA,NA,NA,NA,NA,NA,NA,NA,NA,NA,NA,NA,NA,NA,NA,NA,NA,NA,NA,NA,NA,NA,NA,NA,NA,NA,NA,NA,NA,NA,NA
"318","Marvin Jones","DET","WR","10738","robust",NA,NA,NA,NA,NA,NA,NA,NA,NA,NA,0.0125,0.037065,0.7425,0.7413,0,0,0.0333333333333333,0,0,NA,0,NA,38.8325,1.4826,496.225,38.5476,3.4875,0.44478,NA,NA,NA,NA,NA,NA,NA,NA,NA,NA,NA,NA,NA,NA,NA,NA,NA,NA,NA,NA,NA,NA,NA,NA,NA,NA,NA,NA,NA,NA,NA,NA,NA,NA,NA,NA
"319","Ben Skowronek","LAR","WR","15491","robust",NA,NA,NA,NA,NA,NA,NA,NA,NA,NA,0.35,0.0741300000000001,5.81625,7.26474,0.33,0.088956,0.0333333333333333,0,0,NA,0,NA,34.455,16.783032,376.4325,131.80314,1.5,0.59304,NA,NA,NA,NA,NA,NA,NA,NA,NA,NA,NA,NA,NA,NA,NA,NA,NA,NA,NA,NA,NA,NA,NA,NA,NA,NA,NA,NA,NA,NA,NA,NA,NA,NA,NA,NA
"320","Tutu Atwell","LAR","WR","15301","robust",NA,NA,NA,NA,NA,NA,NA,NA,NA,NA,7.91491500604456,1.14048033821818,40.86,4.74432,0.4,0.59304,0.0375,0.051891,0,NA,0,NA,25.95,11.8608,349.8675,169.90596,1.42,1.008168,NA,NA,NA,NA,NA,NA,NA,NA,NA,NA,NA,NA,NA,NA,NA,NA,NA,NA,NA,NA,NA,NA,NA,NA,NA,NA,NA,NA,NA,NA,NA,NA,NA,NA,NA,NA
"321","Greg Dortch","ARI","WR","14108","robust",NA,NA,NA,NA,NA,NA,NA,NA,NA,NA,4.902,1.3373052,38.3275,23.336124,0.0225,0,0.385,0.170499,0,NA,0.3,0,36.025,14.826,360.85,150.217032,1.655,0.66717,NA,NA,NA,NA,NA,NA,NA,NA,NA,NA,NA,NA,NA,NA,NA,NA,NA,NA,NA,NA,NA,NA,NA,NA,NA,NA,NA,NA,NA,NA,NA,NA,NA,NA,NA,NA
"322","Cedrick Wilson","MIA","WR","13652","robust",NA,NA,NA,NA,NA,NA,NA,NA,NA,NA,0.1,0.07413,1.005,1.0393026,0,0,0.25,0,0,NA,0,NA,23,3.55824,268,27.27984,1.75,0.770952,NA,NA,NA,NA,NA,NA,NA,NA,NA,NA,NA,NA,NA,NA,NA,NA,NA,NA,NA,NA,NA,NA,NA,NA,NA,NA,NA,NA,NA,NA,NA,NA,NA,NA,NA,NA
"323","Sterling Shepard","NYG","WR","12658","robust",NA,NA,NA,NA,NA,NA,NA,NA,NA,NA,2.75,0.7413,12.8975,11.579106,0,0,0.01875,0.0259455,0,NA,0,NA,30.3275,12.30558,328.14,155.317176,1.65,0.489258,NA,NA,NA,NA,NA,NA,NA,NA,NA,NA,NA,NA,NA,NA,NA,NA,NA,NA,NA,NA,NA,NA,NA,NA,NA,NA,NA,NA,NA,NA,NA,NA,NA,NA,NA,NA
"324","Charlie Jones","CIN","WR","16203","robust",NA,NA,NA,NA,NA,NA,NA,NA,NA,NA,0.675,0.0370649999999999,5.41375,3.7065,0,0,0.56375,0.1890315,0,NA,0,NA,11.895,6.049008,150.9725,84.552678,0.955,0.133434,NA,NA,NA,NA,NA,NA,NA,NA,NA,NA,NA,NA,NA,NA,NA,NA,NA,NA,NA,NA,NA,NA,NA,NA,NA,NA,NA,NA,NA,NA,NA,NA,NA,NA,NA,NA
"325","Laviska Shenault","CAR","WR","14838","robust",NA,NA,NA,NA,NA,NA,NA,NA,NA,NA,12.4056298114866,2.78355296595984,68.8575,12.705882,0.585,0.504084,0.0833333333333333,0,0,NA,0,NA,23.485,4.15128,237.355,26.657148,1.1,0.355824,NA,NA,NA,NA,NA,NA,NA,NA,NA,NA,NA,NA,NA,NA,NA,NA,NA,NA,NA,NA,NA,NA,NA,NA,NA,NA,NA,NA,NA,NA,NA,NA,NA,NA,NA,NA
"326","Olamide Zaccheaus","PHI","WR","14592","robust",NA,NA,NA,NA,NA,NA,NA,NA,NA,NA,0.625,0.0741300000000001,3.225,3.78063,0,0,0.833333333333333,0,0,NA,0,NA,21.835,9.04386,265.65,128.09664,1.3,0.44478,NA,NA,NA,NA,NA,NA,NA,NA,NA,NA,NA,NA,NA,NA,NA,NA,NA,NA,NA,NA,NA,NA,NA,NA,NA,NA,NA,NA,NA,NA,NA,NA,"Q","Shoulder",2023,0
"327","Nick Westbrook-Ikhine","TEN","WR","15109","robust",NA,NA,NA,NA,NA,NA,NA,NA,NA,NA,0,0,0.159166666666667,0,0,0,0.133333333333333,0,0,NA,0,NA,28.2,5.11497,390.0075,77.68824,2.425,0.96369,NA,NA,NA,NA,NA,NA,NA,NA,NA,NA,NA,NA,NA,NA,NA,NA,NA,NA,NA,NA,NA,NA,NA,NA,NA,NA,NA,NA,NA,NA,NA,NA,NA,NA,NA,NA
"328","Trent Sherfield","BUF","WR","13893","robust",NA,NA,NA,NA,NA,NA,NA,NA,NA,NA,0,0,1.485,1.9229322,0.001,0,0.05,0,0,NA,0.02,0,17.655,4.314366,251.19,71.320473,1.385,0.429954,NA,NA,NA,NA,NA,NA,NA,NA,NA,NA,NA,NA,NA,NA,NA,NA,NA,NA,NA,NA,NA,NA,NA,NA,NA,NA,NA,NA,NA,NA,NA,NA,NA,NA,NA,NA
"329","Braxton Berrios","MIA","WR","13638","robust",NA,NA,NA,NA,NA,NA,NA,NA,NA,NA,0.5,0.37065,17.545,25.4651376,0.174,0.22239,0.11,0.059304,0,NA,0.06,0,27.55,5.1891,315.65,68.1996,1.7,1.33434,NA,NA,NA,NA,NA,NA,NA,NA,NA,NA,NA,NA,NA,NA,NA,NA,NA,NA,NA,NA,NA,NA,NA,NA,NA,NA,NA,NA,NA,NA,NA,NA,NA,NA,NA,NA
"330","Noah Brown","HOU","WR","13172","robust",NA,NA,NA,NA,NA,NA,NA,NA,NA,NA,0.0333333333333333,0.02471,0.495,0.5915574,0,0,0.4,0,0,NA,0,NA,26.045,3.921477,316.905,34.47045,1.25,0.311346,NA,NA,NA,NA,NA,NA,NA,NA,NA,NA,NA,NA,NA,NA,NA,NA,NA,NA,NA,NA,NA,NA,NA,NA,NA,NA,NA,NA,NA,NA,NA,NA,NA,NA,NA,NA
"331","Marquise Goodwin","CLE","WR","11239","robust",NA,NA,NA,NA,NA,NA,NA,NA,NA,NA,1.125,1.11195,5.5,5.85627,0,0,0.04375,0.05745075,0,NA,0,NA,16.33,9.451575,235.37,89.089434,1.32,0.44478,NA,NA,NA,NA,NA,NA,NA,NA,NA,NA,NA,NA,NA,NA,NA,NA,NA,NA,NA,NA,NA,NA,NA,NA,NA,NA,NA,NA,NA,NA,NA,NA,NA,NA,NA,NA
"332","Deonte Harris","BUF","WR","14558","robust",NA,NA,NA,NA,NA,NA,NA,NA,NA,NA,1.65,1.92738,10.515,13.19514,0.05,0,0.136666666666667,0.093898,0,NA,0.04,0,23.71,15.745212,289.295,144.531261,1.525,0.659757,NA,NA,NA,NA,NA,NA,NA,NA,NA,NA,NA,NA,NA,NA,NA,NA,NA,NA,NA,NA,NA,NA,NA,NA,NA,NA,NA,NA,NA,NA,NA,NA,NA,NA,NA,NA
"333","Devin Duvernay","BAL","WR","14847","robust",NA,NA,NA,NA,NA,NA,NA,NA,NA,NA,3.86666666666667,1.08724,48,11.757018,0.2,0.29652,0.0466666666666667,0.009884,0,NA,0.84,0,8.07,3.172764,132.81,97.569906,0.7,0.340998,NA,NA,NA,NA,NA,NA,NA,NA,NA,NA,NA,NA,NA,NA,NA,NA,NA,NA,NA,NA,NA,NA,NA,NA,NA,NA,NA,NA,NA,NA,NA,NA,NA,NA,NA,NA
"334","Jauan Jennings","SF","WR","14860","robust",NA,NA,NA,NA,NA,NA,NA,NA,NA,NA,0,0,0.1,0.1304688,0,0,0.05,0,0,NA,0,NA,25.91,3.92889,326,58.407027,1.7,0.133434,NA,NA,NA,NA,NA,NA,NA,NA,NA,NA,NA,NA,NA,NA,NA,NA,NA,NA,NA,NA,NA,NA,NA,NA,NA,NA,NA,NA,NA,NA,NA,NA,NA,NA,NA,NA
"335","Dyami Brown","WAS","WR","15292","robust",NA,NA,NA,NA,NA,NA,NA,NA,NA,NA,2.19125,0.20941725,17.45,3.78063,0.024,0,0,0,0,NA,0,NA,16,3.55824,206.25,31.50525,1.21,0.51891,NA,NA,NA,NA,NA,NA,NA,NA,NA,NA,NA,NA,NA,NA,NA,NA,NA,NA,NA,NA,NA,NA,NA,NA,NA,NA,NA,NA,NA,NA,NA,NA,NA,NA,NA,NA
"336","Randall Cobb","NYJ","WR","10308","robust",NA,NA,NA,NA,NA,NA,NA,NA,NA,NA,0.0666666666666667,0.04942,0.061,0.44478,0,0,0.1,0,0,NA,0,NA,29.2,3.017091,341.72,8.480472,2.05,0.696822,NA,NA,NA,NA,NA,NA,NA,NA,NA,NA,NA,NA,NA,NA,NA,NA,NA,NA,NA,NA,NA,NA,NA,NA,NA,NA,NA,NA,NA,NA,NA,NA,NA,NA,NA,NA
"337","Demario Douglas","NE","WR","16342","robust",NA,NA,NA,NA,NA,NA,NA,NA,NA,NA,0.5,NA,3,0,0,0,0.2,0,NA,NA,NA,NA,32.85,0.222389999999998,356.6,58.41444,1.5,0.7413,NA,NA,NA,NA,NA,NA,NA,NA,NA,NA,NA,NA,NA,NA,NA,NA,NA,NA,NA,NA,NA,NA,NA,NA,NA,NA,NA,NA,NA,NA,NA,NA,"Q","Shoulder",2023,0
"338","Isaiah McKenzie","IND","WR","13313","robust",NA,NA,NA,NA,NA,NA,NA,NA,NA,NA,5.8925,3.1245795,30.96,26.894364,0.18,0.266868,0.2,0,0,NA,0,NA,30.88,2.37216,316.875,15.12252,1.9,0.29652,NA,NA,NA,NA,NA,NA,NA,NA,NA,NA,NA,NA,NA,NA,NA,NA,NA,NA,NA,NA,NA,NA,NA,NA,NA,NA,NA,NA,NA,NA,NA,NA,NA,NA,NA,NA
"339","Quez Watkins","PHI","WR","14992","robust",NA,NA,NA,NA,NA,NA,NA,NA,NA,NA,0.166666666666667,0.12355,1.159,1.623447,0.002,0,0.6,0,0,NA,0,NA,24.05,6.74583,277.81,60.0453,1.525,0.66717,NA,NA,NA,NA,NA,NA,NA,NA,NA,NA,NA,NA,NA,NA,NA,NA,NA,NA,NA,NA,NA,NA,NA,NA,NA,NA,NA,NA,NA,NA,NA,NA,"Q","Hamstring",2023,0
"340","Puka Nacua","LAR","WR","16211","robust",NA,NA,NA,NA,NA,NA,NA,NA,NA,NA,0.15,0.14826,1,0.9884,0,0,0.2,0,0,NA,0,NA,24.57,2.2239,319.9725,30.3265830000001,1.61,0.415128,NA,NA,NA,NA,NA,NA,NA,NA,NA,NA,NA,NA,NA,NA,NA,NA,NA,NA,NA,NA,NA,NA,NA,NA,NA,NA,NA,NA,NA,NA,NA,NA,NA,NA,NA,NA
"341","Chris Moore","TEN","WR","12773","robust",NA,NA,NA,NA,NA,NA,NA,NA,NA,NA,0.15,0.111195,3.625,2.9652,0,0,0.0025,0.002471,0,NA,0,NA,23.64,6.456723,275.5575,66.264807,1.315,0.259455,NA,NA,NA,NA,NA,NA,NA,NA,NA,NA,NA,NA,NA,NA,NA,NA,NA,NA,NA,NA,NA,NA,NA,NA,NA,NA,NA,NA,NA,NA,NA,NA,NA,NA,NA,NA
"342","Tre'Quan Smith","NO","WR","13645","robust",NA,NA,NA,NA,NA,NA,NA,NA,NA,NA,0,0,0.4,0.29652,0,0,0,0,0,NA,0,NA,12.65,6.879264,169.5,63.114282,0.8,0.14826,NA,NA,NA,NA,NA,NA,NA,NA,NA,NA,NA,NA,NA,NA,NA,NA,NA,NA,NA,NA,NA,NA,NA,NA,NA,NA,NA,NA,NA,NA,NA,NA,"D","Groin",2023,0
"343","Deven Thompkins","TB","WR","15977","robust",NA,NA,NA,NA,NA,NA,NA,NA,NA,NA,0.1,0.07413,16.5,18.5577042,0.05,0.07413,0.04,0.014826,0,NA,0.09,0,18.365,7.553847,225.5,94.671423,0.9,0.214977,NA,NA,NA,NA,NA,NA,NA,NA,NA,NA,NA,NA,NA,NA,NA,NA,NA,NA,NA,NA,NA,NA,NA,NA,NA,NA,NA,NA,NA,NA,NA,NA,NA,NA,NA,NA
"344","Zach Pascal","ARI","WR","13488","robust",NA,NA,NA,NA,NA,NA,NA,NA,NA,NA,0.05,0,1.1,0.14826,0,0,0.05,0,0,NA,0,NA,21.07,4.714668,222.76,36.3237,1.1,0.281694,NA,NA,NA,NA,NA,NA,NA,NA,NA,NA,NA,NA,NA,NA,NA,NA,NA,NA,NA,NA,NA,NA,NA,NA,NA,NA,NA,NA,NA,NA,NA,NA,NA,NA,NA,NA
"345","Kyle Philips","TEN","WR","15901","robust",NA,NA,NA,NA,NA,NA,NA,NA,NA,NA,0.5,0,3.9475,3.0504495,0,0,0.1,0,0,NA,0,NA,15.3,2.535246,206,61.261032,0.91,0.311346,NA,NA,NA,NA,NA,NA,NA,NA,NA,NA,NA,NA,NA,NA,NA,NA,NA,NA,NA,NA,NA,NA,NA,NA,NA,NA,NA,NA,NA,NA,NA,NA,"IR","Knee - MCL",2023,0
"346","Cedric Tillman","CLE","WR","16191","robust",NA,NA,NA,NA,NA,NA,NA,NA,NA,NA,0.3,0.44478,1.95,2.89107,0,0,0.2,0,0,NA,0,NA,17.305,6.81996,252.065,24.75942,1.24,0.504084,NA,NA,NA,NA,NA,NA,NA,NA,NA,NA,NA,NA,NA,NA,NA,NA,NA,NA,NA,NA,NA,NA,NA,NA,NA,NA,NA,NA,NA,NA,NA,NA,NA,NA,NA,NA
"347","DeAndre Carter","LVR","WR","12394","robust",NA,NA,NA,NA,NA,NA,NA,NA,NA,NA,0.166666666666667,0.12355,7.555,9.6369,0.01,0,0.0733333333333333,0.039536,0,NA,0.06,0,12.375,8.710275,140.2,80.8017,0.8,0.615279,NA,NA,NA,NA,NA,NA,NA,NA,NA,NA,NA,NA,NA,NA,NA,NA,NA,NA,NA,NA,NA,NA,NA,NA,NA,NA,NA,NA,NA,NA,NA,NA,NA,NA,NA,NA
"348","Equanimeous St. Brown","CHI","WR","13637","robust",NA,NA,NA,NA,NA,NA,NA,NA,NA,NA,0.775,0.81543,13.65,15.989841,0,0,0.106666666666667,0.064246,0,NA,0,NA,8.375,4.381083,138.37,71.416842,0.735,0.689409,NA,NA,NA,NA,NA,NA,NA,NA,NA,NA,NA,NA,NA,NA,NA,NA,NA,NA,NA,NA,NA,NA,NA,NA,NA,NA,NA,NA,NA,NA,NA,NA,NA,NA,NA,NA
"349","KhaDarel Hodge","ATL","WR","13963","robust",NA,NA,NA,NA,NA,NA,NA,NA,NA,NA,0,0,5,2.9652,0.0075,0,0.136666666666667,0.054362,0,NA,0,NA,18.2,1.793946,233.3,62.387808,1,0.14826,NA,NA,NA,NA,NA,NA,NA,NA,NA,NA,NA,NA,NA,NA,NA,NA,NA,NA,NA,NA,NA,NA,NA,NA,NA,NA,NA,NA,NA,NA,NA,NA,"Q","Ankle",2023,0
"350","Demarcus Robinson","LAR","WR","12785","robust",NA,NA,NA,NA,NA,NA,NA,NA,NA,NA,0,0,0.70625,0.8339625,0,0,0.5,0,0,NA,0,NA,22.14,3.321024,237.12,50.156358,1.29,0.429954,NA,NA,NA,NA,NA,NA,NA,NA,NA,NA,NA,NA,NA,NA,NA,NA,NA,NA,NA,NA,NA,NA,NA,NA,NA,NA,NA,NA,NA,NA,NA,NA,NA,NA,NA,NA
"351","Kayshon Boutte","NE","WR","16193","robust",NA,NA,NA,NA,NA,NA,NA,NA,NA,NA,0.551724137931034,NA,4.9,2.52042,0.01,0.009884,0.03,0.027181,0,NA,0,NA,15.9575,4.292127,207.0775,61.105359,0.925,0.266868,NA,NA,NA,NA,NA,NA,NA,NA,NA,NA,NA,NA,NA,NA,NA,NA,NA,NA,NA,NA,NA,NA,NA,NA,NA,NA,NA,NA,NA,NA,NA,NA,NA,NA,NA,NA
"352","Nelson Agholor","BAL","WR","12181","robust",NA,NA,NA,NA,NA,NA,NA,NA,NA,NA,0.0666666666666667,0.09884,0.1125,0,0,0,0.85,0,0,NA,0,NA,12.2,9.103164,146.165,122.46276,0.9,0.7413,NA,NA,NA,NA,NA,NA,NA,NA,NA,NA,NA,NA,NA,NA,NA,NA,NA,NA,NA,NA,NA,NA,NA,NA,NA,NA,NA,NA,NA,NA,NA,NA,NA,NA,NA,NA
"353","Justin Watson","KC","WR","13776","robust",NA,NA,NA,NA,NA,NA,NA,NA,NA,NA,0,0,0.1,0.1363992,0,0,0,0,0,NA,0,NA,11.5,3.721326,160,66.057243,1,0.22239,NA,NA,NA,NA,NA,NA,NA,NA,NA,NA,NA,NA,NA,NA,NA,NA,NA,NA,NA,NA,NA,NA,NA,NA,NA,NA,NA,NA,NA,NA,NA,NA,NA,NA,NA,NA
"354","Tyler Scott","CHI","WR","16205","robust",NA,NA,NA,NA,NA,NA,NA,NA,NA,NA,0.5,0.7413,1.75,2.59455,0.05,0.07413,0.1,0,NA,NA,NA,NA,9.75,13.71405,190.75,83.39625,1,1.4826,NA,NA,NA,NA,NA,NA,NA,NA,NA,NA,NA,NA,NA,NA,NA,NA,NA,NA,NA,NA,NA,NA,NA,NA,NA,NA,NA,NA,NA,NA,NA,NA,NA,NA,NA,NA
"355","Jamal Agnew","JAC","WR","13308","robust",NA,NA,NA,NA,NA,NA,NA,NA,NA,NA,9.08791593625876,4.42988416709724,66,23.417667,0.245,0.363237,0.356666666666667,0.116137,0,NA,1.16,0,22,1.371405,203.99,21.216006,1.2,0.170499,NA,NA,NA,NA,NA,NA,NA,NA,NA,NA,NA,NA,NA,NA,NA,NA,NA,NA,NA,NA,NA,NA,NA,NA,NA,NA,NA,NA,NA,NA,NA,NA,NA,NA,NA,NA
"356","Samori Toure","GB","WR","15841","robust",NA,NA,NA,NA,NA,NA,NA,NA,NA,NA,0.2,0.29652,2.05,0,0,0,0.05,0,0,NA,0,NA,14,7.398174,182.3,85.531194,0.96,0.29652,NA,NA,NA,NA,NA,NA,NA,NA,NA,NA,NA,NA,NA,NA,NA,NA,NA,NA,NA,NA,NA,NA,NA,NA,NA,NA,NA,NA,NA,NA,NA,NA,NA,NA,NA,NA
"357","Trenton Irwin","CIN","WR","14551","robust",NA,NA,NA,NA,NA,NA,NA,NA,NA,NA,0.0333333333333333,0.02471,2.133,2.468529,0,0,0.05,0,0,NA,0,NA,16.19,2.060814,194.86,43.121421,1.5,0.415128,NA,NA,NA,NA,NA,NA,NA,NA,NA,NA,NA,NA,NA,NA,NA,NA,NA,NA,NA,NA,NA,NA,NA,NA,NA,NA,NA,NA,NA,NA,NA,NA,NA,NA,NA,NA
"358","Dontayvion Wicks","GB","WR","16195","robust",NA,NA,NA,NA,NA,NA,NA,NA,NA,NA,0.394186046511628,NA,6.9125,1.82854,0.00368092691622103,0.00363822816399287,0.03,0.027181,0,NA,0.03,0,15.6275,3.92889,176.2175,25.50072,0.85,0.192738,NA,NA,NA,NA,NA,NA,NA,NA,NA,NA,NA,NA,NA,NA,NA,NA,NA,NA,NA,NA,NA,NA,NA,NA,NA,NA,NA,NA,NA,NA,NA,NA,"Q","Hamstring",2023,0
"359","Calvin Austin III","PIT","WR","15777","robust",NA,NA,NA,NA,NA,NA,NA,NA,NA,NA,0.133333333333333,0.09884,5.4,5.78214,0,0,0.203333333333333,0.076601,0,NA,0,NA,13.5,2.475942,170,43.025052,0.87,0.192738,NA,NA,NA,NA,NA,NA,NA,NA,NA,NA,NA,NA,NA,NA,NA,NA,NA,NA,NA,NA,NA,NA,NA,NA,NA,NA,NA,NA,NA,NA,NA,NA,NA,NA,NA,NA
"360","Rakim Jarrett","TB","WR","16198","robust",NA,NA,NA,NA,NA,NA,NA,NA,NA,NA,0.2,NA,5.7625,3.743565,0.0172857142857143,0.0170852,0.03,0.027181,0,NA,0,NA,17.5,2.980026,182.4,42.913857,0.925,0.563388,NA,NA,NA,NA,NA,NA,NA,NA,NA,NA,NA,NA,NA,NA,NA,NA,NA,NA,NA,NA,NA,NA,NA,NA,NA,NA,NA,NA,NA,NA,NA,NA,NA,NA,NA,NA
"361","David Bell","CLE","WR","15758","robust",NA,NA,NA,NA,NA,NA,NA,NA,NA,NA,0,0,0.1,0,0,0,0,0,0,NA,0,NA,10.895,3.172764,154.52,30.422952,0.5,0.14826,NA,NA,NA,NA,NA,NA,NA,NA,NA,NA,NA,NA,NA,NA,NA,NA,NA,NA,NA,NA,NA,NA,NA,NA,NA,NA,NA,NA,NA,NA,NA,NA,NA,NA,NA,NA
"362","Jalen Guyton","LAC","WR","14337","robust",NA,NA,NA,NA,NA,NA,NA,NA,NA,NA,0.85,0.22239,3.4,0.88956,0,0,0,0,NA,NA,NA,NA,7.95,11.78667,150.2,94.58988,1.15,1.70499,NA,NA,NA,NA,NA,NA,NA,NA,NA,NA,NA,NA,NA,NA,NA,NA,NA,NA,NA,NA,NA,NA,NA,NA,NA,NA,NA,NA,NA,NA,NA,NA,NA,"Knee - ACL",2023,0
"363","Jalen Nailor","MIN","WR","15786","robust",NA,NA,NA,NA,NA,NA,NA,NA,NA,NA,0.15,0.111195,0.82,1.18608,0,0,0.05,0.037065,0,NA,0,NA,9.7,4.484865,124.7125,60.794013,0.6025,0.51891,NA,NA,NA,NA,NA,NA,NA,NA,NA,NA,NA,NA,NA,NA,NA,NA,NA,NA,NA,NA,NA,NA,NA,NA,NA,NA,NA,NA,NA,NA,NA,NA,"Q","Leg",2023,0
"364","Brandon Powell","MIN","WR","13910","robust",NA,NA,NA,NA,NA,NA,NA,NA,NA,NA,2.23333333333333,0.69188,22,16.3086,0.05,0,0.0933333333333333,0.019768,0,NA,0.08,0,11.335,3.40998,103.1,49.07406,0.5,0.578214,NA,NA,NA,NA,NA,NA,NA,NA,NA,NA,NA,NA,NA,NA,NA,NA,NA,NA,NA,NA,NA,NA,NA,NA,NA,NA,NA,NA,NA,NA,NA,NA,NA,NA,NA,NA
"365","Scott Miller","ATL","WR","14280","robust",NA,NA,NA,NA,NA,NA,NA,NA,NA,NA,0.075,0.07413,1.875,2.59455,0,0,0,0,0,NA,0,NA,10.8425,5.656119,120.435,47.784198,0.3375,0.259455,NA,NA,NA,NA,NA,NA,NA,NA,NA,NA,NA,NA,NA,NA,NA,NA,NA,NA,NA,NA,NA,NA,NA,NA,NA,NA,NA,NA,NA,NA,NA,NA,NA,NA,NA,NA
"366","River Cracraft","MIA","WR","13862","robust",NA,NA,NA,NA,NA,NA,NA,NA,NA,NA,0.1,0.14826,0.275,0,0,0,0.05,0.07413,0,NA,0,NA,10.915,5.63388,120.8375,73.98174,1.245,0.652344,NA,NA,NA,NA,NA,NA,NA,NA,NA,NA,NA,NA,NA,NA,NA,NA,NA,NA,NA,NA,NA,NA,NA,NA,NA,NA,NA,NA,NA,NA,NA,NA,NA,NA,NA,NA
"367","Brandon Johnson","DEN","WR","15987","robust",NA,NA,NA,NA,NA,NA,NA,NA,NA,NA,0.1,0.07413,2.35,1.90267,0,0,0.1,0,0,NA,0,NA,11.6225,2.89107,121.675,19.258974,0.655,0.266868,NA,NA,NA,NA,NA,NA,NA,NA,NA,NA,NA,NA,NA,NA,NA,NA,NA,NA,NA,NA,NA,NA,NA,NA,NA,NA,NA,NA,NA,NA,NA,NA,NA,NA,NA,NA
"368","Ronnie Bell","SF","WR","16202","robust",NA,NA,NA,NA,NA,NA,NA,NA,NA,NA,0.11625,0.14826,3.72,4.74432,0.0125,0,0.0025,0,0,NA,0.01,0,9.6475,5.322534,98.7125,104.74569,0.555,0.622692,NA,NA,NA,NA,NA,NA,NA,NA,NA,NA,NA,NA,NA,NA,NA,NA,NA,NA,NA,NA,NA,NA,NA,NA,NA,NA,NA,NA,NA,NA,NA,NA,NA,NA,NA,NA
"369","Keith Kirkwood","NO","WR","13882","robust",NA,NA,NA,NA,NA,NA,NA,NA,NA,NA,0.1,0.07413,0.5025,0.674583,0,0,0.05,0.037065,0,NA,0,NA,8.4875,3.921477,85.05,32.142768,0.355,0.29652,NA,NA,NA,NA,NA,NA,NA,NA,NA,NA,NA,NA,NA,NA,NA,NA,NA,NA,NA,NA,NA,NA,NA,NA,NA,NA,NA,NA,NA,NA,NA,NA,NA,NA,NA,NA
"370","Jalen Tolbert","DAL","WR","15788","robust",NA,NA,NA,NA,NA,NA,NA,NA,NA,NA,0.2,0.29652,1.35,2.00151,0,0,0.05,0,0,NA,0,NA,10.75,2.52042,151,8.1543,0.6,0.59304,NA,NA,NA,NA,NA,NA,NA,NA,NA,NA,NA,NA,NA,NA,NA,NA,NA,NA,NA,NA,NA,NA,NA,NA,NA,NA,NA,NA,NA,NA,NA,NA,NA,NA,NA,NA
"371","Ray-Ray McCloud","SF","WR","13641","robust",NA,NA,NA,NA,NA,NA,NA,NA,NA,NA,3.3,1.03782,25.6,2.386986,0.2,0.29652,0.05,0,0,NA,0,NA,8.175,1.77912,79.8,25.2042,0.15,0.14826,NA,NA,NA,NA,NA,NA,NA,NA,NA,NA,NA,NA,NA,NA,NA,NA,NA,NA,NA,NA,NA,NA,NA,NA,NA,NA,NA,NA,NA,NA,NA,NA,"O","Wrist",2023,0
"372","Velus Jones","CHI","WR","15767","robust",NA,NA,NA,NA,NA,NA,NA,NA,NA,NA,0.95,1.40847,23.1,12.45384,0.275,0.29652,0.05,0.07413,0,NA,0,NA,8.73,1.868076,116.4,24.4629,0.655,0.163086,NA,NA,NA,NA,NA,NA,NA,NA,NA,NA,NA,NA,NA,NA,NA,NA,NA,NA,NA,NA,NA,NA,NA,NA,NA,NA,NA,NA,NA,NA,NA,NA,NA,NA,NA,NA
"373","Tre Tucker","LVR","WR","16287","robust",NA,NA,NA,NA,NA,NA,NA,NA,NA,NA,0.517211538461538,0.322037826923077,8.965,5.581989,0.025,0.037065,0.005,0.007413,NA,NA,NA,NA,12.515,2.690919,141.575,28.132335,0.78,0.415128,NA,NA,NA,NA,NA,NA,NA,NA,NA,NA,NA,NA,NA,NA,NA,NA,NA,NA,NA,NA,NA,NA,NA,NA,NA,NA,NA,NA,NA,NA,NA,NA,NA,NA,NA,NA
"374","D'Wayne Eskridge","SEA","WR","15302","robust",NA,NA,NA,NA,NA,NA,NA,NA,NA,NA,3.12168323860281,1.823598,21.4325,2.713158,0.0975,0.133434,0.05,0.07413,0,NA,0,NA,12.8125,2.14977,134.3775,25.960326,0.75,0.29652,NA,NA,NA,NA,NA,NA,NA,NA,NA,NA,NA,NA,NA,NA,NA,NA,NA,NA,NA,NA,NA,NA,NA,NA,NA,NA,NA,NA,NA,NA,NA,NA,"S","Suspension",2023,0
"375","Malik Heath","GB","WR","16413","robust",NA,NA,NA,NA,NA,NA,NA,NA,NA,NA,0.1,NA,3.84,2.955316,0.0025,0.002471,0.0025,0.002471,0,NA,0,NA,10.405,2.386986,111.1,34.433385,0.7,0.311346,NA,NA,NA,NA,NA,NA,NA,NA,NA,NA,NA,NA,NA,NA,NA,NA,NA,NA,NA,NA,NA,NA,NA,NA,NA,NA,NA,NA,NA,NA,NA,NA,NA,NA,NA,NA
"376","Derius Davis","LAC","WR","16299","robust",NA,NA,NA,NA,NA,NA,NA,NA,NA,NA,0.634,0.3439632,9.51,5.159448,0.0075,0,0.03,0.014826,0,NA,0.12,0,9.655,0.0593040000000014,100.1875,44.40387,0.5025,0.7413,NA,NA,NA,NA,NA,NA,NA,NA,NA,NA,NA,NA,NA,NA,NA,NA,NA,NA,NA,NA,NA,NA,NA,NA,NA,NA,NA,NA,NA,NA,NA,NA,NA,NA,NA,NA
"377","Erik Ezukanma","MIA","WR","15780","robust",NA,NA,NA,NA,NA,NA,NA,NA,NA,NA,0.1,0.07413,0.275,0.27181,0,0,0.05,0.037065,0,NA,0,NA,8.975,3.061569,100.55,38.050929,0.5775,0.37065,NA,NA,NA,NA,NA,NA,NA,NA,NA,NA,NA,NA,NA,NA,NA,NA,NA,NA,NA,NA,NA,NA,NA,NA,NA,NA,NA,NA,NA,NA,NA,NA,NA,NA,NA,NA
"378","Byron Pringle","WAS","WR","13863","robust",NA,NA,NA,NA,NA,NA,NA,NA,NA,NA,2.5075,3.7065,14.6075,21.64596,0.11,0.14826,0.05,0.07413,0,NA,0,NA,10.765,0.0296519999999994,113.1075,19.86684,0.795,0.504084,NA,NA,NA,NA,NA,NA,NA,NA,NA,NA,NA,NA,NA,NA,NA,NA,NA,NA,NA,NA,NA,NA,NA,NA,NA,NA,NA,NA,NA,NA,NA,NA,NA,NA,NA,NA
"379","Dareke Young","SEA","WR","15941","robust",NA,NA,NA,NA,NA,NA,NA,NA,NA,NA,0.0666666666666667,0.09884,0.125,0,0,0,0.05,0,0,NA,0,NA,7.5,5.1891,84.5,65.9757,0.5,0.59304,NA,NA,NA,NA,NA,NA,NA,NA,NA,NA,NA,NA,NA,NA,NA,NA,NA,NA,NA,NA,NA,NA,NA,NA,NA,NA,NA,NA,NA,NA,NA,NA,"Q","Hip",2023,0
"380","Parker Washington","JAC","WR","16192","robust",NA,NA,NA,NA,NA,NA,NA,NA,NA,NA,0.3,NA,2,0,0,0,0.1,0,NA,NA,NA,NA,10.75,0.37065,127.55,12.67623,0.7,0.44478,NA,NA,NA,NA,NA,NA,NA,NA,NA,NA,NA,NA,NA,NA,NA,NA,NA,NA,NA,NA,NA,NA,NA,NA,NA,NA,NA,NA,NA,NA,NA,NA,NA,NA,NA,NA
"381","Jason Brownlee","NYJ","WR","16423","robust",NA,NA,NA,NA,NA,NA,NA,NA,NA,NA,0.2,NA,2.7,0,0,0,0.1,0,NA,NA,NA,NA,10.85,0.222390000000001,119.75,1.85325,0.8,0.29652,NA,NA,NA,NA,NA,NA,NA,NA,NA,NA,NA,NA,NA,NA,NA,NA,NA,NA,NA,NA,NA,NA,NA,NA,NA,NA,NA,NA,NA,NA,NA,NA,NA,NA,NA,NA
"382","Justin Shorter","BUF","WR","16210","robust",NA,NA,NA,NA,NA,NA,NA,NA,NA,NA,0.57037037037037,0.252591111111111,3.85,1.70499,0,0,0.05,0.07413,NA,NA,NA,NA,5.5,8.1543,110.75,7.78365,0,0,NA,NA,NA,NA,NA,NA,NA,NA,NA,NA,NA,NA,NA,NA,NA,NA,NA,NA,NA,NA,NA,NA,NA,NA,NA,NA,NA,NA,NA,NA,NA,NA,"IR","Hamstring",2023,0
"383","Tim Jones","JAC","WR","16005","robust",NA,NA,NA,NA,NA,NA,NA,NA,NA,NA,0.05,0.04942,0,0,0,0,0.4,0.22239,0,NA,0,NA,3.8625,0.96369,52.975,27.50223,0.1125,0.14826,NA,NA,NA,NA,NA,NA,NA,NA,NA,NA,NA,NA,NA,NA,NA,NA,NA,NA,NA,NA,NA,NA,NA,NA,NA,NA,NA,NA,NA,NA,NA,NA,NA,NA,NA,NA
"384","KaVontae Turpin","DAL","WR","15981","robust",NA,NA,NA,NA,NA,NA,NA,NA,NA,NA,2.15,1.68028,8.475,7.63539,0,0,0,0,0,NA,0,NA,6.625,0.496671,72.625,13.165488,0.4925,0.422541,NA,NA,NA,NA,NA,NA,NA,NA,NA,NA,NA,NA,NA,NA,NA,NA,NA,NA,NA,NA,NA,NA,NA,NA,NA,NA,NA,NA,NA,NA,NA,NA,NA,NA,NA,NA
"385","Irvin Charles","NYJ","WR","15984","robust",NA,NA,NA,NA,NA,NA,NA,NA,NA,NA,0.55,0.66717,4.95,6.00453,0,0,0,0,NA,NA,NA,NA,3.45,5.11497,59.95,37.13913,0,0,NA,NA,NA,NA,NA,NA,NA,NA,NA,NA,NA,NA,NA,NA,NA,NA,NA,NA,NA,NA,NA,NA,NA,NA,NA,NA,NA,NA,NA,NA,NA,NA,NA,NA,NA,NA
"386","Ihmir Smith-Marsette","CAR","WR","15434","robust",NA,NA,NA,NA,NA,NA,NA,NA,NA,NA,0.1,0.14826,0.55,0.81543,0,0,0.1,0,NA,NA,NA,NA,6.51,0.163086,79.35,0.963689999999998,0.32,0.177912,NA,NA,NA,NA,NA,NA,NA,NA,NA,NA,NA,NA,NA,NA,NA,NA,NA,NA,NA,NA,NA,NA,NA,NA,NA,NA,NA,NA,NA,NA,NA,NA,NA,NA,NA,NA
"387","Miles Boykin","PIT","WR","14125","robust",NA,NA,NA,NA,NA,NA,NA,NA,NA,NA,0,0,2.6,0.29652,0,0,0,0,0,NA,0,NA,3.9575,0.29652,44.645,49.489188,0.1525,0.14826,NA,NA,NA,NA,NA,NA,NA,NA,NA,NA,NA,NA,NA,NA,NA,NA,NA,NA,NA,NA,NA,NA,NA,NA,NA,NA,NA,NA,NA,NA,NA,NA,NA,NA,NA,NA
"388","Gunner Olszewski","PIT","WR","14555","robust",NA,NA,NA,NA,NA,NA,NA,NA,NA,NA,3.9,3.03933,26.3,19.57032,0,0,0.05,0.037065,0,NA,0,NA,5.5825,0.88956,63.9,14.15883,0.145,0.14826,NA,NA,NA,NA,NA,NA,NA,NA,NA,NA,NA,NA,NA,NA,NA,NA,NA,NA,NA,NA,NA,NA,NA,NA,NA,NA,NA,NA,NA,NA,NA,NA,NA,NA,NA,NA
"389","Dax Milne","WAS","WR","15326","robust",NA,NA,NA,NA,NA,NA,NA,NA,NA,NA,2.70926072066706,3.39953822215605,13.55,14.0847,0.11,0.14826,0.15,0.22239,0,NA,0,NA,5.505,1.215732,54.3575,16.204818,0.41,0.252042,NA,NA,NA,NA,NA,NA,NA,NA,NA,NA,NA,NA,NA,NA,NA,NA,NA,NA,NA,NA,NA,NA,NA,NA,NA,NA,NA,NA,NA,NA,NA,NA,"Q","Groin",2023,0
"390","Maurice Alexander","FA","WR","16066","robust",NA,NA,NA,NA,NA,NA,NA,NA,NA,NA,0,0,0,0,0,0,0,0,NA,NA,NA,NA,4.88,0.029652,65.175,0.0370649999999979,0.4,0,NA,NA,NA,NA,NA,NA,NA,NA,NA,NA,NA,NA,NA,NA,NA,NA,NA,NA,NA,NA,NA,NA,NA,NA,NA,NA,NA,NA,NA,NA,NA,NA,NA,NA,NA,NA
"391","Cody Thompson","SEA","WR","14321","robust",NA,NA,NA,NA,NA,NA,NA,NA,NA,NA,0,0,2.1,1.77912,0,0,0,0,0,NA,0,NA,6.335,0.385476,63.31,0.548561999999996,0.205,0.059304,NA,NA,NA,NA,NA,NA,NA,NA,NA,NA,NA,NA,NA,NA,NA,NA,NA,NA,NA,NA,NA,NA,NA,NA,NA,NA,NA,NA,NA,NA,NA,NA,"Q","Shoulder",2023,0
"392","Antoine Green","DET","WR","16349","robust",NA,NA,NA,NA,NA,NA,NA,NA,NA,NA,0.05,0.07413,0.8,1.18608,0,0,0,0,NA,NA,NA,NA,4.55,2.14977,50.35,15.34491,0.15,0.22239,NA,NA,NA,NA,NA,NA,NA,NA,NA,NA,NA,NA,NA,NA,NA,NA,NA,NA,NA,NA,NA,NA,NA,NA,NA,NA,NA,NA,NA,NA,NA,NA,NA,NA,NA,NA
"393","Matthew Slater","NE","WR","9200","robust",NA,NA,NA,NA,NA,NA,NA,NA,NA,NA,0,0,0.75,1.11195,0,0,0,0,NA,NA,NA,NA,3.055,0.378063,50.04,14.321916,0.185,0.022239,NA,NA,NA,NA,NA,NA,NA,NA,NA,NA,NA,NA,NA,NA,NA,NA,NA,NA,NA,NA,NA,NA,NA,NA,NA,NA,NA,NA,NA,NA,NA,NA,NA,NA,NA,NA
"394","Tylan Wallace","BAL","WR","15285","robust",NA,NA,NA,NA,NA,NA,NA,NA,NA,NA,0.1,0.14826,0.2,0,0,0,0.05,0.07413,0,NA,0,NA,3.32,2.209074,38.705,4.462626,0.0925,0.103782,NA,NA,NA,NA,NA,NA,NA,NA,NA,NA,NA,NA,NA,NA,NA,NA,NA,NA,NA,NA,NA,NA,NA,NA,NA,NA,NA,NA,NA,NA,NA,NA,NA,NA,NA,NA
"395","Danny Gray","SF","WR","15782","robust",NA,NA,NA,NA,NA,NA,NA,NA,NA,NA,0.2,0.29652,1.85,2.52042,0,0,0.05,0.07413,0,NA,0,NA,2.4425,0.696822,36.84,14.055048,0.095,0.118608,NA,NA,NA,NA,NA,NA,NA,NA,NA,NA,NA,NA,NA,NA,NA,NA,NA,NA,NA,NA,NA,NA,NA,NA,NA,NA,NA,NA,NA,NA,NA,NA,"IR","Shoulder - AC Joint",2023,0
"396","Josh Ali","ATL","WR","16141","robust",NA,NA,NA,NA,NA,NA,NA,NA,NA,NA,0.05,0.07413,1.3,1.92738,0,0,0,0,NA,NA,NA,NA,3.855,1.549317,41.195,13.350813,0.185,0.022239,NA,NA,NA,NA,NA,NA,NA,NA,NA,NA,NA,NA,NA,NA,NA,NA,NA,NA,NA,NA,NA,NA,NA,NA,NA,NA,NA,NA,NA,NA,NA,NA,NA,NA,NA,NA
"397","Lance McCutcheon","FA","WR","15993","robust",NA,NA,NA,NA,NA,NA,NA,NA,NA,NA,0,0,0.35,0.51891,0,0,0,0,NA,NA,NA,NA,2.745,0.808017,42.5,0.296520000000004,0.185,0.022239,NA,NA,NA,NA,NA,NA,NA,NA,NA,NA,NA,NA,NA,NA,NA,NA,NA,NA,NA,NA,NA,NA,NA,NA,NA,NA,NA,NA,NA,NA,NA,NA,NA,NA,NA,NA
"398","Mike Woods","CLE","WR","15792","robust",NA,NA,NA,NA,NA,NA,NA,NA,NA,NA,0,0,-0.05,0,0,0,0,0,0,NA,0,NA,3.485,0.029652,39.2875,0.0741299999999958,0.135,0.044478,NA,NA,NA,NA,NA,NA,NA,NA,NA,NA,NA,NA,NA,NA,NA,NA,NA,NA,NA,NA,NA,NA,NA,NA,NA,NA,NA,NA,NA,NA,NA,NA,NA,"Achilles",2023,0
"399","Alex Bachman","HOU","WR","14548","robust",NA,NA,NA,NA,NA,NA,NA,NA,NA,NA,0,0,0,0,0,0,0,0,NA,NA,NA,NA,3.28,0.029652,38.215,0.0222389999999956,0.185,0.022239,NA,NA,NA,NA,NA,NA,NA,NA,NA,NA,NA,NA,NA,NA,NA,NA,NA,NA,NA,NA,NA,NA,NA,NA,NA,NA,NA,NA,NA,NA,NA,NA,NA,NA,NA,NA
"400","Colton Dowell","TEN","WR","16354","robust",NA,NA,NA,NA,NA,NA,NA,NA,NA,NA,0.15,0.07413,1.5,0.7413,0,0,0,0,NA,NA,NA,NA,0.95,0.81543,14.1,17.93946,0.05,0.07413,NA,NA,NA,NA,NA,NA,NA,NA,NA,NA,NA,NA,NA,NA,NA,NA,NA,NA,NA,NA,NA,NA,NA,NA,NA,NA,NA,NA,NA,NA,NA,NA,NA,NA,NA,NA
"401","Trent Taylor","CHI","WR","13316","robust",NA,NA,NA,NA,NA,NA,NA,NA,NA,NA,0.15,0.22239,2.05,3.03933,0,0,0,0,NA,NA,NA,NA,1.92,0.919212,25.005,0.585626999999999,0.135,0.051891,NA,NA,NA,NA,NA,NA,NA,NA,NA,NA,NA,NA,NA,NA,NA,NA,NA,NA,NA,NA,NA,NA,NA,NA,NA,NA,NA,NA,NA,NA,NA,NA,NA,NA,NA,NA
"402","Travis Kelce","KC","TE","11244","robust",NA,NA,NA,NA,NA,NA,NA,NA,NA,NA,2,0,5.5555,0.941451,0.041,0.0607866,0.733333333333333,0,0,NA,0,NA,103.35,10.52646,1212.5125,85.9908,10,0.0741299999999997,NA,NA,NA,NA,NA,NA,NA,NA,NA,NA,NA,NA,NA,NA,NA,NA,NA,NA,NA,NA,NA,NA,NA,NA,NA,NA,NA,NA,NA,NA,NA,NA,NA,NA,NA,NA
"403","Mark Andrews","BAL","TE","13671","robust",NA,NA,NA,NA,NA,NA,NA,NA,NA,NA,2.33333333333333,0,10.544,7.4782344,0.013,0.0192738,0.04625,0.0259455,0,NA,0,NA,77,5.9304,916.705,49.7412299999999,6.7,0.88956,NA,NA,NA,NA,NA,NA,NA,NA,NA,NA,NA,NA,NA,NA,NA,NA,NA,NA,NA,NA,NA,NA,NA,NA,NA,NA,NA,NA,NA,NA,NA,NA,"Q","Undisclosed",2023,0
"404","George Kittle","SF","TE","13299","robust",NA,NA,NA,NA,NA,NA,NA,NA,NA,NA,1.33333333333333,0,8.502,1.119363,0.008,0.0118608,0.501875,0.00185324999999996,0,NA,0,NA,62.5,2.112705,816.76,83.670531,6.5,1.423296,NA,NA,NA,NA,NA,NA,NA,NA,NA,NA,NA,NA,NA,NA,NA,NA,NA,NA,NA,NA,NA,NA,NA,NA,NA,NA,NA,NA,NA,NA,NA,NA,"Q","Undisclosed",2023,0
"405","Dallas Goedert","PHI","TE","13674","robust",NA,NA,NA,NA,NA,NA,NA,NA,NA,NA,0,0,0.1575,0.155673,0,0,0.733333333333333,0,0,NA,0,NA,64.875,3.7065,766.6425,82.291713,4.335,0.489258,NA,NA,NA,NA,NA,NA,NA,NA,NA,NA,NA,NA,NA,NA,NA,NA,NA,NA,NA,NA,NA,NA,NA,NA,NA,NA,NA,NA,NA,NA,NA,NA,NA,NA,NA,NA
"406","Darren Waller","NYG","TE","12263","robust",NA,NA,NA,NA,NA,NA,NA,NA,NA,NA,0,0,0.79,0.155673,0.116875,0.10563525,0.466666666666667,0,0,NA,0,NA,66.775,1.816185,797.52,38.073168,5.55,0.66717,NA,NA,NA,NA,NA,NA,NA,NA,NA,NA,NA,NA,NA,NA,NA,NA,NA,NA,NA,NA,NA,NA,NA,NA,NA,NA,NA,NA,NA,NA,NA,NA,NA,NA,NA,NA
"407","T.J. Hockenson","MIN","TE","14138","robust",NA,NA,NA,NA,NA,NA,NA,NA,NA,NA,0,0,0.279375,0.27613425,0,0,0.9,0,0,NA,0,NA,81.36,4.4478,842.225,42.2392739999999,5.485,0.785778,NA,NA,NA,NA,NA,NA,NA,NA,NA,NA,NA,NA,NA,NA,NA,NA,NA,NA,NA,NA,NA,NA,NA,NA,NA,NA,NA,NA,NA,NA,NA,NA,"Q","Lower Back",2023,0
"408","Kyle Pitts","ATL","TE","15329","robust",NA,NA,NA,NA,NA,NA,NA,NA,NA,NA,0,0,0.200625,0.19829775,0,0,0.0333333333333333,0,0,NA,0,NA,59.2175,4.766559,784.0425,49.88949,4.275,0.407715,NA,NA,NA,NA,NA,NA,NA,NA,NA,NA,NA,NA,NA,NA,NA,NA,NA,NA,NA,NA,NA,NA,NA,NA,NA,NA,NA,NA,NA,NA,NA,NA,NA,NA,NA,NA
"409","Chigoziem Okonkwo","TEN","TE","15889","robust",NA,NA,NA,NA,NA,NA,NA,NA,NA,NA,3.33666666666667,0,11.596,2.157183,0.032,0.0474432,0.101875,0.00185324999999999,0,NA,0,NA,47.395,3.85476,573.1425,15.04839,3.905,0.140847,NA,NA,NA,NA,NA,NA,NA,NA,NA,NA,NA,NA,NA,NA,NA,NA,NA,NA,NA,NA,NA,NA,NA,NA,NA,NA,NA,NA,NA,NA,NA,NA,NA,NA,NA,NA
"410","David Njoku","CLE","TE","13192","robust",NA,NA,NA,NA,NA,NA,NA,NA,NA,NA,1,0,3.318,2.6953668,0.004,0.0059304,0.5025,0.07227675,0,NA,0,NA,55.1175,2.579724,594.06,32.6172,5,1.11195,NA,NA,NA,NA,NA,NA,NA,NA,NA,NA,NA,NA,NA,NA,NA,NA,NA,NA,NA,NA,NA,NA,NA,NA,NA,NA,NA,NA,NA,NA,NA,NA,NA,NA,NA,NA
"411","Dalton Kincaid","BUF","TE","16213","robust",NA,NA,NA,NA,NA,NA,NA,NA,NA,NA,0,0,1.525,0.4262475,0.001875,0.00185325,0.466666666666667,0,0,NA,0,NA,44.445,5.15944800000001,534.395,56.3388,4.15,0.919212,NA,NA,NA,NA,NA,NA,NA,NA,NA,NA,NA,NA,NA,NA,NA,NA,NA,NA,NA,NA,NA,NA,NA,NA,NA,NA,NA,NA,NA,NA,NA,NA,NA,NA,NA,NA
"412","Evan Engram","JAC","TE","13189","robust",NA,NA,NA,NA,NA,NA,NA,NA,NA,NA,1.33333333333333,0,9.434,1.6783032,0.007,0.0103782,0.041875,0.03150525,0,NA,0,NA,64.0075,2.498181,663.92,13.2544439999999,3.8,0.808017,NA,NA,NA,NA,NA,NA,NA,NA,NA,NA,NA,NA,NA,NA,NA,NA,NA,NA,NA,NA,NA,NA,NA,NA,NA,NA,NA,NA,NA,NA,NA,NA,NA,NA,NA,NA
"413","Pat Freiermuth","PIT","TE","15331","robust",NA,NA,NA,NA,NA,NA,NA,NA,NA,NA,0,0,0.16125,0.1593795,0,0,0.266666666666667,0,0,NA,0,NA,62.16,3.076395,665.0725,43.165899,4.025,0.14826,NA,NA,NA,NA,NA,NA,NA,NA,NA,NA,NA,NA,NA,NA,NA,NA,NA,NA,NA,NA,NA,NA,NA,NA,NA,NA,NA,NA,NA,NA,NA,NA,NA,NA,NA,NA
"414","Dalton Schultz","HOU","TE","13772","robust",NA,NA,NA,NA,NA,NA,NA,NA,NA,NA,0,0,0.136875,0.13528725,0,0,0.733333333333333,0,0,NA,0,NA,56.9625,2.928135,589.8925,54.4707240000001,4.595,0.882147,NA,NA,NA,NA,NA,NA,NA,NA,NA,NA,NA,NA,NA,NA,NA,NA,NA,NA,NA,NA,NA,NA,NA,NA,NA,NA,NA,NA,NA,NA,NA,NA,NA,NA,NA,NA
"415","Juwan Johnson","NO","TE","14861","robust",NA,NA,NA,NA,NA,NA,NA,NA,NA,NA,0,0,28.37875,27.4762845,0.433333333333333,0,0.0333333333333333,0,0,NA,0,NA,41.175,2.2239,495.75,19.2738,4.92,1.082298,NA,NA,NA,NA,NA,NA,NA,NA,NA,NA,NA,NA,NA,NA,NA,NA,NA,NA,NA,NA,NA,NA,NA,NA,NA,NA,NA,NA,NA,NA,NA,NA,NA,NA,NA,NA
"416","Cole Kmet","CHI","TE","14867","robust",NA,NA,NA,NA,NA,NA,NA,NA,NA,NA,0,0,2.915,2.0348685,0.001875,0.00185325,0.041875,0.03150525,0,NA,0,NA,50.665,8.16171299999999,538.7475,87.4734,4.4575,0.867321,NA,NA,NA,NA,NA,NA,NA,NA,NA,NA,NA,NA,NA,NA,NA,NA,NA,NA,NA,NA,NA,NA,NA,NA,NA,NA,NA,NA,NA,NA,NA,NA,NA,NA,NA,NA
"417","Greg Dulcich","DEN","TE","15797","robust",NA,NA,NA,NA,NA,NA,NA,NA,NA,NA,0,0,0.215625,0.21312375,0,0,0.0333333333333333,0,0,NA,0,NA,47.975,4.07715,576.04,80.20866,4,0.696822,NA,NA,NA,NA,NA,NA,NA,NA,NA,NA,NA,NA,NA,NA,NA,NA,NA,NA,NA,NA,NA,NA,NA,NA,NA,NA,NA,NA,NA,NA,NA,NA,NA,NA,NA,NA
"418","Tyler Higbee","LAR","TE","12678","robust",NA,NA,NA,NA,NA,NA,NA,NA,NA,NA,0,0,0.19875,0.1964445,0,0,0.0333333333333333,0,0,NA,0,NA,61.73,4.677603,575.4925,70.282653,3.7375,0.407715,NA,NA,NA,NA,NA,NA,NA,NA,NA,NA,NA,NA,NA,NA,NA,NA,NA,NA,NA,NA,NA,NA,NA,NA,NA,NA,NA,NA,NA,NA,NA,NA,NA,NA,NA,NA
"419","Mike Gesicki","NE","TE","13672","robust",NA,NA,NA,NA,NA,NA,NA,NA,NA,NA,0,0,0.11625,0.1149015,0,0,0.0333333333333333,0,0,NA,0,NA,38.6,7.309218,429.355,72.12849,3.5125,1.149015,NA,NA,NA,NA,NA,NA,NA,NA,NA,NA,NA,NA,NA,NA,NA,NA,NA,NA,NA,NA,NA,NA,NA,NA,NA,NA,NA,NA,NA,NA,NA,NA,"Q","Shoulder - AC Joint",2023,0
"420","Hunter Henry","NE","TE","12676","robust",NA,NA,NA,NA,NA,NA,NA,NA,NA,NA,0,0,0.745,0.1742055,0,0,0.0333333333333333,0,0,NA,0,NA,43.65,6.649461,518.445,93.4038,3.26,0.459606,NA,NA,NA,NA,NA,NA,NA,NA,NA,NA,NA,NA,NA,NA,NA,NA,NA,NA,NA,NA,NA,NA,NA,NA,NA,NA,NA,NA,NA,NA,NA,NA,NA,NA,NA,NA
"421","Sam LaPorta","DET","TE","16214","robust",NA,NA,NA,NA,NA,NA,NA,NA,NA,NA,0,0,0.36375,0.3595305,0.001875,0.00185325,0.866666666666667,0,0,NA,0,NA,47.055,8.954904,498.18,63.97419,4.165,0.993342,NA,NA,NA,NA,NA,NA,NA,NA,NA,NA,NA,NA,NA,NA,NA,NA,NA,NA,NA,NA,NA,NA,NA,NA,NA,NA,NA,NA,NA,NA,NA,NA,NA,NA,NA,NA
"422","Tyler Conklin","NYJ","TE","13675","robust",NA,NA,NA,NA,NA,NA,NA,NA,NA,NA,0,0,2.02625,0.0259455000000001,0,0,0.023125,0.01297275,0,NA,0,NA,47.4125,5.804379,467.6,62.224722,2.7,0.0370649999999999,NA,NA,NA,NA,NA,NA,NA,NA,NA,NA,NA,NA,NA,NA,NA,NA,NA,NA,NA,NA,NA,NA,NA,NA,NA,NA,NA,NA,NA,NA,NA,NA,NA,NA,NA,NA
"423","Gerald Everett","LAC","TE","13236","robust",NA,NA,NA,NA,NA,NA,NA,NA,NA,NA,0.5,0,2.85,1.074885,0.001875,0.00185325,0.366666666666667,0,0,NA,0,NA,50.6,2.9652,526.3,26.09376,4.105,0.378063,NA,NA,NA,NA,NA,NA,NA,NA,NA,NA,NA,NA,NA,NA,NA,NA,NA,NA,NA,NA,NA,NA,NA,NA,NA,NA,NA,NA,NA,NA,NA,NA,NA,NA,NA,NA
"424","Zach Ertz","ARI","TE","11247","robust",NA,NA,NA,NA,NA,NA,NA,NA,NA,NA,0,0,0.7075,0.09080925,0,0,0.0333333333333333,0,0,NA,0,NA,46.5,6.30105,447.165,67.636212,3.12,0.837669,NA,NA,NA,NA,NA,NA,NA,NA,NA,NA,NA,NA,NA,NA,NA,NA,NA,NA,NA,NA,NA,NA,NA,NA,NA,NA,NA,NA,NA,NA,NA,NA,"Q","Knee - ACL + MCL",2023,0
"425","Austin Hooper","LVR","TE","12677","robust",NA,NA,NA,NA,NA,NA,NA,NA,NA,NA,0,0,0.425,0.2038575,0,0,0.1,0,0,NA,0,NA,31.315,9.6369,317.425,99.786393,2.1975,0.355824,NA,NA,NA,NA,NA,NA,NA,NA,NA,NA,NA,NA,NA,NA,NA,NA,NA,NA,NA,NA,NA,NA,NA,NA,NA,NA,NA,NA,NA,NA,NA,NA,NA,NA,NA,NA
"426","Luke Musgrave","GB","TE","16215","robust",NA,NA,NA,NA,NA,NA,NA,NA,NA,NA,0,0,0,0,0,0,0.466666666666667,0,0,NA,0,NA,43.1025,7.413,455.0325,72.6474,3.5,0.919212,NA,NA,NA,NA,NA,NA,NA,NA,NA,NA,NA,NA,NA,NA,NA,NA,NA,NA,NA,NA,NA,NA,NA,NA,NA,NA,NA,NA,NA,NA,NA,NA,NA,NA,NA,NA
"427","Dawson Knox","BUF","TE","14143","robust",NA,NA,NA,NA,NA,NA,NA,NA,NA,NA,0,0,0.8325,0.36879675,0,0,0.1,0,0,NA,0,NA,36.8,10.3782,408.25,93.4038,3.905,0.311346,NA,NA,NA,NA,NA,NA,NA,NA,NA,NA,NA,NA,NA,NA,NA,NA,NA,NA,NA,NA,NA,NA,NA,NA,NA,NA,NA,NA,NA,NA,NA,NA,NA,NA,NA,NA
"428","Irv Smith Jr.","CIN","TE","14141","robust",NA,NA,NA,NA,NA,NA,NA,NA,NA,NA,0,0,0.195,0.192738,0,0,0.0333333333333333,0,0,NA,0,NA,47.0175,5.85627,436.475,53.707185,4.075,0.748713,NA,NA,NA,NA,NA,NA,NA,NA,NA,NA,NA,NA,NA,NA,NA,NA,NA,NA,NA,NA,NA,NA,NA,NA,NA,NA,NA,NA,NA,NA,NA,NA,NA,NA,NA,NA
"429","Hayden Hurst","CAR","TE","13680","robust",NA,NA,NA,NA,NA,NA,NA,NA,NA,NA,0,0,0.155625,0.15381975,0,0,0.5,0,0,NA,0,NA,48.14,2.9652,461.565,54.100074,2.89,0.504084,NA,NA,NA,NA,NA,NA,NA,NA,NA,NA,NA,NA,NA,NA,NA,NA,NA,NA,NA,NA,NA,NA,NA,NA,NA,NA,NA,NA,NA,NA,NA,NA,NA,NA,NA,NA
"430","Noah Fant","SEA","TE","14137","robust",NA,NA,NA,NA,NA,NA,NA,NA,NA,NA,0,0,0.66,0.252042,0,0,0.0333333333333333,0,0,NA,0,NA,46.5275,5.04084,475.625,34.47045,3.35,0.51891,NA,NA,NA,NA,NA,NA,NA,NA,NA,NA,NA,NA,NA,NA,NA,NA,NA,NA,NA,NA,NA,NA,NA,NA,NA,NA,NA,NA,NA,NA,NA,NA,NA,NA,NA,NA
"431","Cade Otton","TB","TE","15802","robust",NA,NA,NA,NA,NA,NA,NA,NA,NA,NA,0,0,0.2475,0.244629,0.001875,0.00185325,0.0333333333333333,0,0,NA,0,NA,47,3.88441199999999,470.75,34.8411,2.9625,0.511497,NA,NA,NA,NA,NA,NA,NA,NA,NA,NA,NA,NA,NA,NA,NA,NA,NA,NA,NA,NA,NA,NA,NA,NA,NA,NA,NA,NA,NA,NA,NA,NA,NA,NA,NA,NA
"432","Isaiah Likely","BAL","TE","15798","robust",NA,NA,NA,NA,NA,NA,NA,NA,NA,NA,0,0,0.2325,0.229803,0,0,0,0,0,NA,0,NA,27.84,6.175029,303.175,83.0256,2.215,0.29652,NA,NA,NA,NA,NA,NA,NA,NA,NA,NA,NA,NA,NA,NA,NA,NA,NA,NA,NA,NA,NA,NA,NA,NA,NA,NA,NA,NA,NA,NA,NA,NA,NA,NA,NA,NA
"433","Luke Schoonmaker","DAL","TE","16221","robust",NA,NA,NA,NA,NA,NA,NA,NA,NA,NA,0,0,0.3375,1.000755,0.00125,0.0037065,0.433333333333333,0,0,NA,0,NA,27.6975,19.05141,293.48,202.211814,2.2825,0.7413,NA,NA,NA,NA,NA,NA,NA,NA,NA,NA,NA,NA,NA,NA,NA,NA,NA,NA,NA,NA,NA,NA,NA,NA,NA,NA,NA,NA,NA,NA,NA,NA,NA,NA,NA,NA
"434","Trey McBride","ARI","TE","15794","robust",NA,NA,NA,NA,NA,NA,NA,NA,NA,NA,0,0,0.219375,0.21683025,0,0,0.0333333333333333,0,0,NA,0,NA,34.25,5.1891,344.505,50.70492,1.715,0.570801,NA,NA,NA,NA,NA,NA,NA,NA,NA,NA,NA,NA,NA,NA,NA,NA,NA,NA,NA,NA,NA,NA,NA,NA,NA,NA,NA,NA,NA,NA,NA,NA,NA,NA,NA,NA
"435","Jake Ferguson","DAL","TE","15799","robust",NA,NA,NA,NA,NA,NA,NA,NA,NA,NA,0,0,0.181875,0.17976525,0,0,0.1,0,0,NA,0,NA,38.55,5.9304,389.85,88.2147,3.42,0.978516,NA,NA,NA,NA,NA,NA,NA,NA,NA,NA,NA,NA,NA,NA,NA,NA,NA,NA,NA,NA,NA,NA,NA,NA,NA,NA,NA,NA,NA,NA,NA,NA,NA,NA,NA,NA
"436","Michael Mayer","LVR","TE","16212","robust",NA,NA,NA,NA,NA,NA,NA,NA,NA,NA,0,0,0.346875,0.34285125,0,0,0.466666666666667,0,0,NA,0,NA,35.225,6.6717,373.175,69.90459,2.735,0.392889,NA,NA,NA,NA,NA,NA,NA,NA,NA,NA,NA,NA,NA,NA,NA,NA,NA,NA,NA,NA,NA,NA,NA,NA,NA,NA,NA,NA,NA,NA,NA,NA,NA,NA,NA,NA
"437","Logan Thomas","WAS","TE","11647","robust",NA,NA,NA,NA,NA,NA,NA,NA,NA,NA,0,0,0.2775,0.274281,0,0,0.233333333333333,0,0,NA,0,NA,44.55,4.74432,422.5,37.065,2.4925,0.37065,NA,NA,NA,NA,NA,NA,NA,NA,NA,NA,NA,NA,NA,NA,NA,NA,NA,NA,NA,NA,NA,NA,NA,NA,NA,NA,NA,NA,NA,NA,NA,NA,"Q","Calf",2023,0
"438","Jelani Woods","IND","TE","15840","robust",NA,NA,NA,NA,NA,NA,NA,NA,NA,NA,0,0,0.196875,0.19459125,0,0,0.1,0,0,NA,0,NA,26.145,5.656119,320.965,63.114282,2.15,0.526323,NA,NA,NA,NA,NA,NA,NA,NA,NA,NA,NA,NA,NA,NA,NA,NA,NA,NA,NA,NA,NA,NA,NA,NA,NA,NA,NA,NA,NA,NA,NA,NA,"IR","Hamstring",2023,0
"439","Foster Moreau","NO","TE","14239","robust",NA,NA,NA,NA,NA,NA,NA,NA,NA,NA,0,0,8.54375,23.3472435,0,0,0.433333333333333,0,0,NA,0,NA,22.925,10.778502,288.19,148.082088,1.6,0.785778,NA,NA,NA,NA,NA,NA,NA,NA,NA,NA,NA,NA,NA,NA,NA,NA,NA,NA,NA,NA,NA,NA,NA,NA,NA,NA,NA,NA,NA,NA,NA,NA,NA,NA,NA,NA
"440","Jordan Akins","CLE","TE","13753","robust",NA,NA,NA,NA,NA,NA,NA,NA,NA,NA,0,0,0.07125,0.2112705,0,0,0.0333333333333333,0,0,NA,0,NA,20.475,12.00906,228.165,109.7124,1.525,0.785778,NA,NA,NA,NA,NA,NA,NA,NA,NA,NA,NA,NA,NA,NA,NA,NA,NA,NA,NA,NA,NA,NA,NA,NA,NA,NA,NA,NA,NA,NA,NA,NA,NA,NA,NA,NA
"441","Kylen Granson","IND","TE","15419","robust",NA,NA,NA,NA,NA,NA,NA,NA,NA,NA,0,0,0.93625,1.38808425,0,0,0.00125,0.00185325,0,NA,0,NA,28.25,7.450065,284.85,98.970963,1.15,0.704235,NA,NA,NA,NA,NA,NA,NA,NA,NA,NA,NA,NA,NA,NA,NA,NA,NA,NA,NA,NA,NA,NA,NA,NA,NA,NA,NA,NA,NA,NA,NA,NA,NA,NA,NA,NA
"442","C.J. Uzomah","NYJ","TE","12317","robust",NA,NA,NA,NA,NA,NA,NA,NA,NA,NA,0,0,0.18,0.177912,0,0,0,0,0,NA,0,NA,22,2.676093,225.25,49.993272,1.825,0.66717,NA,NA,NA,NA,NA,NA,NA,NA,NA,NA,NA,NA,NA,NA,NA,NA,NA,NA,NA,NA,NA,NA,NA,NA,NA,NA,NA,NA,NA,NA,NA,NA,NA,NA,NA,NA
"443","Will Dissly","SEA","TE","13763","robust",NA,NA,NA,NA,NA,NA,NA,NA,NA,NA,0,0,0.2325,0.229803,0,0,0.0333333333333333,0,0,NA,0,NA,25.38,7.93191,249.0325,79.68975,1.55,0.29652,NA,NA,NA,NA,NA,NA,NA,NA,NA,NA,NA,NA,NA,NA,NA,NA,NA,NA,NA,NA,NA,NA,NA,NA,NA,NA,NA,NA,NA,NA,NA,NA,NA,NA,NA,NA
"444","Jonnu Smith","ATL","TE","13193","robust",NA,NA,NA,NA,NA,NA,NA,NA,NA,NA,1,0,5.21,2.809527,0.013125,0.01297275,0.001875,0.00185325,0,NA,0,NA,21.45,3.78063,227.05,39.14064,1.395,0.59304,NA,NA,NA,NA,NA,NA,NA,NA,NA,NA,NA,NA,NA,NA,NA,NA,NA,NA,NA,NA,NA,NA,NA,NA,NA,NA,NA,NA,NA,NA,NA,NA,NA,NA,NA,NA
"445","Durham Smythe","MIA","TE","13676","robust",NA,NA,NA,NA,NA,NA,NA,NA,NA,NA,0.5,0,2.47,0.392889,0.333333333333333,0,0.001875,0.00185325,0,NA,0,NA,26.1075,5.648706,243,69.170703,1.785,0.7413,NA,NA,NA,NA,NA,NA,NA,NA,NA,NA,NA,NA,NA,NA,NA,NA,NA,NA,NA,NA,NA,NA,NA,NA,NA,NA,NA,NA,NA,NA,NA,NA,NA,NA,NA,NA
"446","Jimmy Graham","NO","TE","9925","robust",NA,NA,NA,NA,NA,NA,NA,NA,NA,NA,0,0,0.42,0.311346,0,0,0,0,0,NA,0,NA,9.965,3.906651,117.5,51.59448,1.18,0.948864,NA,NA,NA,NA,NA,NA,NA,NA,NA,NA,NA,NA,NA,NA,NA,NA,NA,NA,NA,NA,NA,NA,NA,NA,NA,NA,NA,NA,NA,NA,NA,NA,NA,NA,NA,NA
"447","Robert Tonyan","CHI","TE","13427","robust",NA,NA,NA,NA,NA,NA,NA,NA,NA,NA,0,0,0.075,0.22239,0,0,0,0,0,NA,0,NA,21.72,5.9304,227.365,50.645616,1.725,0.563388,NA,NA,NA,NA,NA,NA,NA,NA,NA,NA,NA,NA,NA,NA,NA,NA,NA,NA,NA,NA,NA,NA,NA,NA,NA,NA,NA,NA,NA,NA,NA,NA,NA,NA,NA,NA
"448","Adam Trautman","DEN","TE","14870","robust",NA,NA,NA,NA,NA,NA,NA,NA,NA,NA,0,0,0,0,0,0,0.0666666666666667,0.04942,0,NA,0,NA,25.3,8.30256,260.5,80.290203,1.3,0.7413,NA,NA,NA,NA,NA,NA,NA,NA,NA,NA,NA,NA,NA,NA,NA,NA,NA,NA,NA,NA,NA,NA,NA,NA,NA,NA,NA,NA,NA,NA,NA,NA,NA,NA,NA,NA
"449","Daniel Bellinger","NYG","TE","15873","robust",NA,NA,NA,NA,NA,NA,NA,NA,NA,NA,0,0,0.666666666666667,0,0.333333333333333,0,0.4,0,0,NA,0,NA,19.5,11.8608,180.8025,123.0558,1,0.29652,NA,NA,NA,NA,NA,NA,NA,NA,NA,NA,NA,NA,NA,NA,NA,NA,NA,NA,NA,NA,NA,NA,NA,NA,NA,NA,NA,NA,NA,NA,NA,NA,NA,NA,NA,NA
"450","Colby Parkinson","SEA","TE","14871","robust",NA,NA,NA,NA,NA,NA,NA,NA,NA,NA,0,0,0.110625,0.10934175,0,0,0,0,0,NA,0,NA,16,1.4826,188.75,33.3585,1.05,0.14826,NA,NA,NA,NA,NA,NA,NA,NA,NA,NA,NA,NA,NA,NA,NA,NA,NA,NA,NA,NA,NA,NA,NA,NA,NA,NA,NA,NA,NA,NA,NA,NA,NA,NA,NA,NA
"451","Darnell Washington","PIT","TE","16216","robust",NA,NA,NA,NA,NA,NA,NA,NA,NA,NA,0,0,5.5,0,0.2,0,0.433333333333333,0.19768,0,NA,0,NA,19,1.4826,212.7,60.7866,1,0,NA,NA,NA,NA,NA,NA,NA,NA,NA,NA,NA,NA,NA,NA,NA,NA,NA,NA,NA,NA,NA,NA,NA,NA,NA,NA,NA,NA,NA,NA,NA,NA,NA,NA,NA,NA
"452","Noah Gray","KC","TE","15337","robust",NA,NA,NA,NA,NA,NA,NA,NA,NA,NA,0,0,3.134375,1.12121625,0.125625,0.09451575,0.001875,0.00185325,0,NA,0,NA,24,2.9652,248.9325,36.864849,1.5,0.7413,NA,NA,NA,NA,NA,NA,NA,NA,NA,NA,NA,NA,NA,NA,NA,NA,NA,NA,NA,NA,NA,NA,NA,NA,NA,NA,NA,NA,NA,NA,NA,NA,NA,NA,NA,NA
"453","Donald Parham","LAC","TE","14341","robust",NA,NA,NA,NA,NA,NA,NA,NA,NA,NA,0,0,0.12375,0.1223145,0,0,0,0,0,NA,0,NA,20.6,2.29803,215.25,54.1149,1.8525,0.229803,NA,NA,NA,NA,NA,NA,NA,NA,NA,NA,NA,NA,NA,NA,NA,NA,NA,NA,NA,NA,NA,NA,NA,NA,NA,NA,NA,NA,NA,NA,NA,NA,"Q","Undisclosed",2023,0
"454","Josh Whyle","TEN","TE","16312","robust",NA,NA,NA,NA,NA,NA,NA,NA,NA,NA,0,0,0,0,0,0,0,0,0,NA,0,NA,11.1,2.89107,115.4,62.41746,0.95,0.7413,NA,NA,NA,NA,NA,NA,NA,NA,NA,NA,NA,NA,NA,NA,NA,NA,NA,NA,NA,NA,NA,NA,NA,NA,NA,NA,NA,NA,NA,NA,NA,NA,"Q","Ankle",2023,0
"455","John Bates","WAS","TE","15344","robust",NA,NA,NA,NA,NA,NA,NA,NA,NA,NA,0,0,0.666666666666667,0.9884,0,0,0,0,0,NA,0,NA,15,4.59606,154,87.4734,1,0.59304,NA,NA,NA,NA,NA,NA,NA,NA,NA,NA,NA,NA,NA,NA,NA,NA,NA,NA,NA,NA,NA,NA,NA,NA,NA,NA,NA,NA,NA,NA,NA,NA,NA,NA,NA,NA
"456","Mo Alie-Cox","IND","TE","13246","robust",NA,NA,NA,NA,NA,NA,NA,NA,NA,NA,0,0,0.11375,0.16864575,0,0,0.466666666666667,0.04942,0,NA,0,NA,19.905,4.00302,226.27,46.77603,1.675,0.607866,NA,NA,NA,NA,NA,NA,NA,NA,NA,NA,NA,NA,NA,NA,NA,NA,NA,NA,NA,NA,NA,NA,NA,NA,NA,NA,NA,NA,NA,NA,NA,NA,NA,NA,NA,NA
"457","Brock Wright","DET","TE","15626","robust",NA,NA,NA,NA,NA,NA,NA,NA,NA,NA,0,0,0.07125,0.2112705,0,0,0,0,0,NA,0,NA,18.35,4.507104,202.1775,60.875556,1.8375,1.022994,NA,NA,NA,NA,NA,NA,NA,NA,NA,NA,NA,NA,NA,NA,NA,NA,NA,NA,NA,NA,NA,NA,NA,NA,NA,NA,NA,NA,NA,NA,NA,NA,NA,NA,NA,NA
"458","Josh Oliver","MIN","TE","14209","robust",NA,NA,NA,NA,NA,NA,NA,NA,NA,NA,0,0,0.0925,0.274281,0,0,0,0,0,NA,0,NA,16.3425,1.438122,152.4425,31.1346,1.1125,1.052646,NA,NA,NA,NA,NA,NA,NA,NA,NA,NA,NA,NA,NA,NA,NA,NA,NA,NA,NA,NA,NA,NA,NA,NA,NA,NA,NA,NA,NA,NA,NA,NA,NA,NA,NA,NA
"459","Trevon Wesco","TEN","TE","14231","robust",NA,NA,NA,NA,NA,NA,NA,NA,NA,NA,0,NA,-2.3,0,0,0,0.025,0.02471,0,NA,0,NA,14.55,6.6717,162.55,69.6822,0.55,0.37065,NA,NA,NA,NA,NA,NA,NA,NA,NA,NA,NA,NA,NA,NA,NA,NA,NA,NA,NA,NA,NA,NA,NA,NA,NA,NA,NA,NA,NA,NA,NA,NA,NA,NA,NA,NA
"460","Peyton Hendershot","DAL","TE","16000","robust",NA,NA,NA,NA,NA,NA,NA,NA,NA,NA,0,0,1.33333333333333,1.9768,0.633333333333333,0.93898,0,0,0,NA,0,NA,10,2.016336,104,37.109478,1.38,0.355824,NA,NA,NA,NA,NA,NA,NA,NA,NA,NA,NA,NA,NA,NA,NA,NA,NA,NA,NA,NA,NA,NA,NA,NA,NA,NA,NA,NA,NA,NA,NA,NA,NA,NA,NA,NA
"461","Josiah Deguara","GB","TE","14876","robust",NA,NA,NA,NA,NA,NA,NA,NA,NA,NA,0,0,0.23875,0.35397075,0,0,0,0,0,NA,0,NA,21.095,3.617544,205,45.412038,1.085,0.07413,NA,NA,NA,NA,NA,NA,NA,NA,NA,NA,NA,NA,NA,NA,NA,NA,NA,NA,NA,NA,NA,NA,NA,NA,NA,NA,NA,NA,NA,NA,NA,NA,NA,NA,NA,NA
"462","Teagan Quitoriano","HOU","TE","15905","robust",NA,NA,NA,NA,NA,NA,NA,NA,NA,NA,0,0,0,0,0,0,0.0333333333333333,0.02471,0,NA,0,NA,15.75,5.63388,183,58.5627,1.5,0.66717,NA,NA,NA,NA,NA,NA,NA,NA,NA,NA,NA,NA,NA,NA,NA,NA,NA,NA,NA,NA,NA,NA,NA,NA,NA,NA,NA,NA,NA,NA,NA,NA,NA,NA,NA,NA
"463","Connor Heyward","PIT","TE","15800","robust",NA,NA,NA,NA,NA,NA,NA,NA,NA,NA,3,0,16.2315,6.8822292,0.007,0,0.025,0.014826,0,NA,0,NA,13.23,6.6717,152.5525,88.956,0.85,0.118608,NA,NA,NA,NA,NA,NA,NA,NA,NA,NA,NA,NA,NA,NA,NA,NA,NA,NA,NA,NA,NA,NA,NA,NA,NA,NA,NA,NA,NA,NA,NA,NA,NA,NA,NA,NA
"464","Taysom Hill","NO","TE","13424","robust",NA,NA,NA,NA,NA,NA,NA,NA,NA,NA,38.5,NA,339.184,83.0256,4.34542476872643,1.69079376211381,1.03333333333333,0,0,NA,0,NA,12.1825,5.611641,131.155,82.2843,1.185,0.274281,NA,NA,NA,NA,NA,NA,NA,NA,NA,NA,NA,NA,NA,NA,NA,NA,NA,NA,NA,NA,NA,NA,NA,NA,NA,NA,NA,NA,NA,NA,NA,NA,"Q","Oblique",2023,0
"465","Ian Thomas","CAR","TE","13678","robust",NA,NA,NA,NA,NA,NA,NA,NA,NA,NA,0,0,0,0,0,0,0,0,0,NA,0,NA,18.3475,2.9652,179.575,41.5128,0.97,0,NA,NA,NA,NA,NA,NA,NA,NA,NA,NA,NA,NA,NA,NA,NA,NA,NA,NA,NA,NA,NA,NA,NA,NA,NA,NA,NA,NA,NA,NA,NA,NA,NA,NA,NA,NA
"466","Harrison Bryant","CLE","TE","14875","robust",NA,NA,NA,NA,NA,NA,NA,NA,NA,NA,0,0,2.2125,0.9451575,0,0,0.0666666666666667,0,0,NA,0,NA,20.99,2.9652,206.235,36.02718,1.1725,0.904386,NA,NA,NA,NA,NA,NA,NA,NA,NA,NA,NA,NA,NA,NA,NA,NA,NA,NA,NA,NA,NA,NA,NA,NA,NA,NA,NA,NA,NA,NA,NA,NA,NA,NA,NA,NA
"467","Brevin Jordan","HOU","TE","15330","robust",NA,NA,NA,NA,NA,NA,NA,NA,NA,NA,0,0,0.07125,0,0,0,0,0,0,NA,0,NA,17.84,5.026014,168.745,5.54492400000001,0.9,0.385476,NA,NA,NA,NA,NA,NA,NA,NA,NA,NA,NA,NA,NA,NA,NA,NA,NA,NA,NA,NA,NA,NA,NA,NA,NA,NA,NA,NA,NA,NA,NA,NA,"Q","Hamstring",2023,0
"468","James Mitchell","DET","TE","15909","robust",NA,NA,NA,NA,NA,NA,NA,NA,NA,NA,0,0,0,0,0,0,0,0,0,NA,0,NA,13,6.22692,129.2,32.6172,0.89,0.44478,NA,NA,NA,NA,NA,NA,NA,NA,NA,NA,NA,NA,NA,NA,NA,NA,NA,NA,NA,NA,NA,NA,NA,NA,NA,NA,NA,NA,NA,NA,NA,NA,NA,NA,NA,NA
"469","Charlie Kolar","BAL","TE","15795","robust",NA,NA,NA,NA,NA,NA,NA,NA,NA,NA,0,0,0.2125,0.3150525,0,0,0,0,0,NA,0,NA,9.95,3.78063,108,71.1648,0.7,0.422541,NA,NA,NA,NA,NA,NA,NA,NA,NA,NA,NA,NA,NA,NA,NA,NA,NA,NA,NA,NA,NA,NA,NA,NA,NA,NA,NA,NA,NA,NA,NA,NA,NA,NA,NA,NA
"470","Tucker Kraft","GB","TE","16222","robust",NA,NA,NA,NA,NA,NA,NA,NA,NA,NA,0,0,0,0,0,0,0.433333333333333,0.09884,0,NA,0,NA,18.35,4.67019,177,42.9954,1,0.378063,NA,NA,NA,NA,NA,NA,NA,NA,NA,NA,NA,NA,NA,NA,NA,NA,NA,NA,NA,NA,NA,NA,NA,NA,NA,NA,NA,NA,NA,NA,NA,NA,NA,NA,NA,NA
"471","Brenton Strange","JAC","TE","16269","robust",NA,NA,NA,NA,NA,NA,NA,NA,NA,NA,0,0,0.453333333333333,0.336056,0,0,0.433333333333333,0.09884,0,NA,0,NA,19,4.707255,187.4,41.5128,1.15,0.281694,NA,NA,NA,NA,NA,NA,NA,NA,NA,NA,NA,NA,NA,NA,NA,NA,NA,NA,NA,NA,NA,NA,NA,NA,NA,NA,NA,NA,NA,NA,NA,NA,NA,NA,NA,NA
"472","Davis Allen","LAR","TE","16219","robust",NA,NA,NA,NA,NA,NA,NA,NA,NA,NA,0,0,0,0,0,0,0.7,0.44478,0,NA,0,NA,21.225,1.63086,181.775,32.6172,1.15,0.59304,NA,NA,NA,NA,NA,NA,NA,NA,NA,NA,NA,NA,NA,NA,NA,NA,NA,NA,NA,NA,NA,NA,NA,NA,NA,NA,NA,NA,NA,NA,NA,NA,NA,NA,NA,NA
"473","Hunter Long","LAR","TE","15334","robust",NA,NA,NA,NA,NA,NA,NA,NA,NA,NA,0,0,0,0,0,0,0.05,0,0,NA,0,NA,10.3,4.344018,107,44.359392,0.5,0.726474,NA,NA,NA,NA,NA,NA,NA,NA,NA,NA,NA,NA,NA,NA,NA,NA,NA,NA,NA,NA,NA,NA,NA,NA,NA,NA,NA,NA,NA,NA,NA,NA,"Q","Undisclosed",2023,0
"474","Albert Okwuegbunam","PHI","TE","14873","robust",NA,NA,NA,NA,NA,NA,NA,NA,NA,NA,0,0,0,0,0,0,0.0333333333333333,0.04942,0,NA,0,NA,9.6,3.647196,101,52.676778,0.75,0.29652,NA,NA,NA,NA,NA,NA,NA,NA,NA,NA,NA,NA,NA,NA,NA,NA,NA,NA,NA,NA,NA,NA,NA,NA,NA,NA,NA,NA,NA,NA,NA,NA,NA,NA,NA,NA
"475","Jack Stoll","PHI","TE","15541","robust",NA,NA,NA,NA,NA,NA,NA,NA,NA,NA,0,0,0,0,0,0,0,0,0,NA,0,NA,12.75,7.413,127.95,77.0952,0.5,0.59304,NA,NA,NA,NA,NA,NA,NA,NA,NA,NA,NA,NA,NA,NA,NA,NA,NA,NA,NA,NA,NA,NA,NA,NA,NA,NA,NA,NA,NA,NA,NA,NA,NA,NA,NA,NA
"476","Tommy Tremble","CAR","TE","15332","robust",NA,NA,NA,NA,NA,NA,NA,NA,NA,NA,0,0,2.5275,2.9652,0.00125,0.00185325,0.466666666666667,0.04942,0,NA,0,NA,18.545,2.587137,176.33,29.325828,1.535,0.852495,NA,NA,NA,NA,NA,NA,NA,NA,NA,NA,NA,NA,NA,NA,NA,NA,NA,NA,NA,NA,NA,NA,NA,NA,NA,NA,NA,NA,NA,NA,NA,NA,NA,NA,NA,NA
"477","Geoff Swaim","ARI","TE","12378","robust",NA,NA,NA,NA,NA,NA,NA,NA,NA,NA,0,0,0,0,0,0,0,0,0,NA,0,NA,13.2,5.1891,101.2,56.63532,1,0.29652,NA,NA,NA,NA,NA,NA,NA,NA,NA,NA,NA,NA,NA,NA,NA,NA,NA,NA,NA,NA,NA,NA,NA,NA,NA,NA,NA,NA,NA,NA,NA,NA,NA,NA,NA,NA
"478","Ko Kieft","TB","TE","15929","robust",NA,NA,NA,NA,NA,NA,NA,NA,NA,NA,0,0,0,0,0,0,0.0333333333333333,0.02471,0,NA,0,NA,13.41,5.693184,136.53,57.628662,1,0.14826,NA,NA,NA,NA,NA,NA,NA,NA,NA,NA,NA,NA,NA,NA,NA,NA,NA,NA,NA,NA,NA,NA,NA,NA,NA,NA,NA,NA,NA,NA,NA,NA,NA,NA,NA,NA
"479","Brycen Hopkins","LAR","TE","14868","robust",NA,NA,NA,NA,NA,NA,NA,NA,NA,NA,0,0,0,0,0,0,0,0,0,NA,0,NA,10.5,1.230558,141,23.7216,0.5,0.7413,NA,NA,NA,NA,NA,NA,NA,NA,NA,NA,NA,NA,NA,NA,NA,NA,NA,NA,NA,NA,NA,NA,NA,NA,NA,NA,NA,NA,NA,NA,NA,NA,NA,NA,NA,NA
"480","Grant Calcaterra","PHI","TE","15804","robust",NA,NA,NA,NA,NA,NA,NA,NA,NA,NA,0,0,0,0,0,0,0.05,0.037065,0,NA,0,NA,3.44,2.164596,57.2725,40.25259,0.2675,0.22239,NA,NA,NA,NA,NA,NA,NA,NA,NA,NA,NA,NA,NA,NA,NA,NA,NA,NA,NA,NA,NA,NA,NA,NA,NA,NA,NA,NA,NA,NA,NA,NA,NA,NA,NA,NA
"481","Johnny Mundt","MIN","TE","13940","robust",NA,NA,NA,NA,NA,NA,NA,NA,NA,NA,0,0,0,0,0,0,0,0,0,NA,0,NA,9.425,4.247649,82.65,34.477863,0.46,0.22239,NA,NA,NA,NA,NA,NA,NA,NA,NA,NA,NA,NA,NA,NA,NA,NA,NA,NA,NA,NA,NA,NA,NA,NA,NA,NA,NA,NA,NA,NA,NA,NA,NA,NA,NA,NA
"482","Lawrence Cager","NYG","TE","15041","robust",NA,NA,NA,NA,NA,NA,NA,NA,NA,NA,0,0,0.313333333333333,0.464548,0,0,0,0,0,NA,0,NA,10,2.37216,102,51.59448,0.55,0.14826,NA,NA,NA,NA,NA,NA,NA,NA,NA,NA,NA,NA,NA,NA,NA,NA,NA,NA,NA,NA,NA,NA,NA,NA,NA,NA,NA,NA,NA,NA,NA,NA,NA,NA,NA,NA
"483","Payne Durham","TB","TE","16218","robust",NA,NA,NA,NA,NA,NA,NA,NA,NA,NA,NA,NA,NA,NA,NA,NA,0.65,0.51891,NA,NA,NA,NA,15.55,6.59757,144.2,48.62928,0.8,0.29652,NA,NA,NA,NA,NA,NA,NA,NA,NA,NA,NA,NA,NA,NA,NA,NA,NA,NA,NA,NA,NA,NA,NA,NA,NA,NA,NA,NA,NA,NA,NA,NA,NA,NA,NA,NA
"484","Cameron Latu","SF","TE","16217","robust",NA,NA,NA,NA,NA,NA,NA,NA,NA,NA,0,0,0,0,0,0,0.1,0,NA,NA,NA,NA,9.1,7.26474,119.4,83.91516,0.65,0.51891,NA,NA,NA,NA,NA,NA,NA,NA,NA,NA,NA,NA,NA,NA,NA,NA,NA,NA,NA,NA,NA,NA,NA,NA,NA,NA,NA,NA,NA,NA,NA,NA,"IR","Knee - Meniscus",2023,0
"485","Eric Saubert","MIA","TE","13315","robust",NA,NA,NA,NA,NA,NA,NA,NA,NA,NA,0,0,0,0,0,0,0,0,NA,NA,NA,NA,15.93,5.085318,136.835,57.280251,0.985,0.570801,NA,NA,NA,NA,NA,NA,NA,NA,NA,NA,NA,NA,NA,NA,NA,NA,NA,NA,NA,NA,NA,NA,NA,NA,NA,NA,NA,NA,NA,NA,NA,NA,"IR","Undisclosed",2023,0
"486","Julian Hill","MIA","TE","16425","robust",NA,NA,NA,NA,NA,NA,NA,NA,NA,NA,NA,NA,0,0,0,0,0.05,0.07413,NA,NA,NA,NA,8.95,13.26927,138.9,53.52186,0.15,0.22239,NA,NA,NA,NA,NA,NA,NA,NA,NA,NA,NA,NA,NA,NA,NA,NA,NA,NA,NA,NA,NA,NA,NA,NA,NA,NA,NA,NA,NA,NA,NA,NA,NA,NA,NA,NA
"487","Blake Bell","KC","TE","12213","robust",NA,NA,NA,NA,NA,NA,NA,NA,NA,NA,2.095,0,8.41666666666667,4.756675,0.23,0.044478,0,0,0,NA,0,NA,12.15,3.33585,108.15,14.0847,1,0.785778,NA,NA,NA,NA,NA,NA,NA,NA,NA,NA,NA,NA,NA,NA,NA,NA,NA,NA,NA,NA,NA,NA,NA,NA,NA,NA,NA,NA,NA,NA,NA,NA,NA,NA,NA,NA
"488","Luke Farrell","JAC","TE","15335","robust",NA,NA,NA,NA,NA,NA,NA,NA,NA,NA,0,0,0,0,0,0,0,0,0,NA,0,NA,8.9,4.81845,101.895,59.763606,0.3775,0.29652,NA,NA,NA,NA,NA,NA,NA,NA,NA,NA,NA,NA,NA,NA,NA,NA,NA,NA,NA,NA,NA,NA,NA,NA,NA,NA,NA,NA,NA,NA,NA,NA,NA,NA,NA,NA
"489","Ross Dwelley","SF","TE","13988","robust",NA,NA,NA,NA,NA,NA,NA,NA,NA,NA,0,0,0,0,0,0,0,0,0,NA,0,NA,5.25,1.63086,82.5,70.72002,0.7,0.578214,NA,NA,NA,NA,NA,NA,NA,NA,NA,NA,NA,NA,NA,NA,NA,NA,NA,NA,NA,NA,NA,NA,NA,NA,NA,NA,NA,NA,NA,NA,NA,NA,NA,NA,NA,NA
"490","MyCole Pruitt","ATL","TE","12309","robust",NA,NA,NA,NA,NA,NA,NA,NA,NA,NA,0,0,0,0,0,0,0,0,0,NA,0,NA,9.1375,8.784405,92.1375,73.31457,1.625,1.282449,NA,NA,NA,NA,NA,NA,NA,NA,NA,NA,NA,NA,NA,NA,NA,NA,NA,NA,NA,NA,NA,NA,NA,NA,NA,NA,NA,NA,NA,NA,NA,NA,NA,NA,NA,NA
"491","Mitchell Wilcox","CIN","TE","15563","robust",NA,NA,NA,NA,NA,NA,NA,NA,NA,NA,0,0,0,0,0,0,0,0,0,NA,0,NA,14.3,5.78214,119.9,37.65804,0.45,0.14826,NA,NA,NA,NA,NA,NA,NA,NA,NA,NA,NA,NA,NA,NA,NA,NA,NA,NA,NA,NA,NA,NA,NA,NA,NA,NA,NA,NA,NA,NA,NA,NA,NA,NA,NA,NA
"492","Stephen Sullivan","CAR","TE","15026","robust",NA,NA,NA,NA,NA,NA,NA,NA,NA,NA,0,0,0,0,0,0,0.025,0.02471,0,NA,0,NA,7.6725,1.979271,83.865,55.849542,0.54,0.355824,NA,NA,NA,NA,NA,NA,NA,NA,NA,NA,NA,NA,NA,NA,NA,NA,NA,NA,NA,NA,NA,NA,NA,NA,NA,NA,NA,NA,NA,NA,NA,NA,"IR","Undisclosed",2023,0
"493","Elijah Higgins","ARI","TE","16333","robust",NA,NA,NA,NA,NA,NA,NA,NA,NA,NA,NA,NA,NA,NA,NA,NA,0.05,0.07413,NA,NA,NA,NA,12,0,136.5,11.1195,0.85,0.22239,NA,NA,NA,NA,NA,NA,NA,NA,NA,NA,NA,NA,NA,NA,NA,NA,NA,NA,NA,NA,NA,NA,NA,NA,NA,NA,NA,NA,NA,NA,NA,NA,NA,NA,NA,NA
"494","Cole Turner","WAS","TE","15803","robust",NA,NA,NA,NA,NA,NA,NA,NA,NA,NA,0,0,0,0,0,0,0.1,0,0,NA,0,NA,7.095,3.439632,92.2825,71.1648,0.175,0.14826,NA,NA,NA,NA,NA,NA,NA,NA,NA,NA,NA,NA,NA,NA,NA,NA,NA,NA,NA,NA,NA,NA,NA,NA,NA,NA,NA,NA,NA,NA,NA,NA,NA,NA,NA,NA
"495","Tre' McKitty","LAC","TE","15333","robust",NA,NA,NA,NA,NA,NA,NA,NA,NA,NA,0,0,0,0,0,0,0,0,0,NA,0,NA,14,2.44629,110.325,5.93040000000001,0.425,0.51891,NA,NA,NA,NA,NA,NA,NA,NA,NA,NA,NA,NA,NA,NA,NA,NA,NA,NA,NA,NA,NA,NA,NA,NA,NA,NA,NA,NA,NA,NA,NA,NA,NA,NA,NA,NA
"496","Pharaoh Brown","FA","TE","13994","robust",NA,NA,NA,NA,NA,NA,NA,NA,NA,NA,0,0,0,0,0,0,0.1,0,NA,NA,NA,NA,7,10.3782,82.25,73.75935,0,0,NA,NA,NA,NA,NA,NA,NA,NA,NA,NA,NA,NA,NA,NA,NA,NA,NA,NA,NA,NA,NA,NA,NA,NA,NA,NA,NA,NA,NA,NA,NA,NA,NA,NA,NA,NA
"497","Tyler Davis","GB","TE","14996","robust",NA,NA,NA,NA,NA,NA,NA,NA,NA,NA,0,0,0,0,0,0,0,0,0,NA,0,NA,8.365,4.862928,80.755,49.607796,0.3475,0.281694,NA,NA,NA,NA,NA,NA,NA,NA,NA,NA,NA,NA,NA,NA,NA,NA,NA,NA,NA,NA,NA,NA,NA,NA,NA,NA,NA,NA,NA,NA,NA,NA,"IR","Knee",2023,0
"498","Giovanni Ricci","CAR","TE","15054","robust",NA,NA,NA,NA,NA,NA,NA,NA,NA,NA,NA,NA,NA,NA,NA,NA,0,0,NA,NA,NA,NA,8.2,2.66868,105.9,31.28286,0.1,0.14826,NA,NA,NA,NA,NA,NA,NA,NA,NA,NA,NA,NA,NA,NA,NA,NA,NA,NA,NA,NA,NA,NA,NA,NA,NA,NA,NA,NA,NA,NA,NA,NA,NA,NA,NA,NA
"499","Jody Fortson","KC","TE","15070","robust",NA,NA,NA,NA,NA,NA,NA,NA,NA,NA,0,0,0,0,0,0,0.5,0,0,NA,0,NA,6.9425,2.268378,88.3825,45.81234,0.575,0.07413,NA,NA,NA,NA,NA,NA,NA,NA,NA,NA,NA,NA,NA,NA,NA,NA,NA,NA,NA,NA,NA,NA,NA,NA,NA,NA,NA,NA,NA,NA,NA,NA,"IR","Shoulder",2023,0
"500","Jeremy Ruckert","NYJ","TE","15796","robust",NA,NA,NA,NA,NA,NA,NA,NA,NA,NA,0,0,0,0,0,0,0,0,0,NA,0,NA,6.9,6.07866,75.5,43.44018,0.6,0.59304,NA,NA,NA,NA,NA,NA,NA,NA,NA,NA,NA,NA,NA,NA,NA,NA,NA,NA,NA,NA,NA,NA,NA,NA,NA,NA,NA,NA,NA,NA,NA,NA,NA,NA,NA,NA
"501","Charlie Woerner","SF","TE","14984","robust",NA,NA,NA,NA,NA,NA,NA,NA,NA,NA,0,0,0,0,0,0,0.05,0.037065,0,NA,0,NA,5.475,1.497426,81.62,42.92127,0.1775,0.229803,NA,NA,NA,NA,NA,NA,NA,NA,NA,NA,NA,NA,NA,NA,NA,NA,NA,NA,NA,NA,NA,NA,NA,NA,NA,NA,NA,NA,NA,NA,NA,NA,NA,NA,NA,NA
"502","Stone Smartt","LAC","TE","16113","robust",NA,NA,NA,NA,NA,NA,NA,NA,NA,NA,0,NA,0,0,0,0,0,0,0,NA,0,NA,8.1,7.26474,67.1,48.62928,0.55,0.59304,NA,NA,NA,NA,NA,NA,NA,NA,NA,NA,NA,NA,NA,NA,NA,NA,NA,NA,NA,NA,NA,NA,NA,NA,NA,NA,NA,NA,NA,NA,NA,NA,NA,NA,NA,NA
"503","Reggie Gilliam","BUF","TE","15103","robust",NA,NA,NA,NA,NA,NA,NA,NA,NA,NA,NA,NA,NA,NA,NA,NA,0,0,NA,NA,NA,NA,10.65,3.48411,87.4,33.50676,0.8,0.29652,NA,NA,NA,NA,NA,NA,NA,NA,NA,NA,NA,NA,NA,NA,NA,NA,NA,NA,NA,NA,NA,NA,NA,NA,NA,NA,NA,NA,NA,NA,NA,NA,NA,NA,NA,NA
"504","Brayden Willis","SF","TE","16367","robust",NA,NA,NA,NA,NA,NA,NA,NA,NA,NA,NA,NA,NA,NA,NA,NA,0,0,NA,NA,NA,NA,7.7,3.40998,79.75,43.36605,0.75,0.37065,NA,NA,NA,NA,NA,NA,NA,NA,NA,NA,NA,NA,NA,NA,NA,NA,NA,NA,NA,NA,NA,NA,NA,NA,NA,NA,NA,NA,NA,NA,NA,NA,NA,NA,NA,NA
"505","Drew Sample","CIN","TE","14146","robust",NA,NA,NA,NA,NA,NA,NA,NA,NA,NA,0,0,0,0,0,0,0.0333333333333333,0.04942,0,NA,0,NA,11,2.81694,86,5.9304,0.65,0.51891,NA,NA,NA,NA,NA,NA,NA,NA,NA,NA,NA,NA,NA,NA,NA,NA,NA,NA,NA,NA,NA,NA,NA,NA,NA,NA,NA,NA,NA,NA,NA,NA,NA,NA,NA,NA
"506","Quintin Morris","BUF","TE","15341","robust",NA,NA,NA,NA,NA,NA,NA,NA,NA,NA,0,0,0,0,0,0,0.45,0.34594,0,NA,0,NA,6.2075,3.63237,62.465,48.288282,0.55,0.192738,NA,NA,NA,NA,NA,NA,NA,NA,NA,NA,NA,NA,NA,NA,NA,NA,NA,NA,NA,NA,NA,NA,NA,NA,NA,NA,NA,NA,NA,NA,NA,NA,NA,NA,NA,NA
"507","Jesper Horsted","LVR","TE","14752","robust",NA,NA,NA,NA,NA,NA,NA,NA,NA,NA,0,0,0,0,0,0,0,0,0,NA,0,NA,5.1625,4.37367,51.47,48.569976,0.435,0.37065,NA,NA,NA,NA,NA,NA,NA,NA,NA,NA,NA,NA,NA,NA,NA,NA,NA,NA,NA,NA,NA,NA,NA,NA,NA,NA,NA,NA,NA,NA,NA,NA,NA,NA,NA,NA
"508","Curtis Hodges","WAS","TE","16406","robust",NA,NA,NA,NA,NA,NA,NA,NA,NA,NA,NA,NA,NA,NA,NA,NA,0,0,NA,NA,NA,NA,8.15,2.74281,74.4,33.50676,0.75,0.37065,NA,NA,NA,NA,NA,NA,NA,NA,NA,NA,NA,NA,NA,NA,NA,NA,NA,NA,NA,NA,NA,NA,NA,NA,NA,NA,NA,NA,NA,NA,NA,NA,NA,NA,NA,NA
"509","Will Mallory","IND","TE","16220","robust",NA,NA,NA,NA,NA,NA,NA,NA,NA,NA,0,NA,0,0,0,0,0.075,0,0,NA,0,NA,7.075,1.92738,70.25,11.8608,0.6,0.44478,NA,NA,NA,NA,NA,NA,NA,NA,NA,NA,NA,NA,NA,NA,NA,NA,NA,NA,NA,NA,NA,NA,NA,NA,NA,NA,NA,NA,NA,NA,NA,NA,NA,NA,NA,NA
"510","Chris Manhertz","DEN","TE","12955","robust",NA,NA,NA,NA,NA,NA,NA,NA,NA,NA,0,0,-0.25,0.185325,0,0,0,0,0,NA,0,NA,7.435,1.171254,75.71,11.93493,0.535,0.37065,NA,NA,NA,NA,NA,NA,NA,NA,NA,NA,NA,NA,NA,NA,NA,NA,NA,NA,NA,NA,NA,NA,NA,NA,NA,NA,NA,NA,NA,NA,NA,NA,NA,NA,NA,NA
"511","Andrew Ogletree","IND","TE","15916","robust",NA,NA,NA,NA,NA,NA,NA,NA,NA,NA,NA,NA,NA,NA,NA,NA,0,0,NA,NA,NA,NA,7.6,3.55824,67.15,30.91221,0.7,0.44478,NA,NA,NA,NA,NA,NA,NA,NA,NA,NA,NA,NA,NA,NA,NA,NA,NA,NA,NA,NA,NA,NA,NA,NA,NA,NA,NA,NA,NA,NA,NA,NA,NA,NA,NA,NA
"512","Marcedes Lewis","CHI","TE","8269","robust",NA,NA,NA,NA,NA,NA,NA,NA,NA,NA,0,NA,0,0,0,0,0.025,0,0,NA,0,NA,6.525,2.07564,75,5.1891,1.45,0.59304,NA,NA,NA,NA,NA,NA,NA,NA,NA,NA,NA,NA,NA,NA,NA,NA,NA,NA,NA,NA,NA,NA,NA,NA,NA,NA,NA,NA,NA,NA,NA,NA,NA,NA,NA,NA
"513","Shane Zylstra","DET","TE","15604","robust",NA,NA,NA,NA,NA,NA,NA,NA,NA,NA,0,0,0,0,0,0,0.1,0,0,NA,0,NA,5.19,0.0444780000000004,61.03,28.732788,0.505,0.088956,NA,NA,NA,NA,NA,NA,NA,NA,NA,NA,NA,NA,NA,NA,NA,NA,NA,NA,NA,NA,NA,NA,NA,NA,NA,NA,NA,NA,NA,NA,NA,NA,"IR","Knee",2023,0
"514","John FitzPatrick","ATL","TE","15925","robust",NA,NA,NA,NA,NA,NA,NA,NA,NA,NA,NA,NA,NA,NA,NA,NA,0,0,NA,NA,NA,NA,7.3,1.03782,66.65,19.79271,0.8,0.29652,NA,NA,NA,NA,NA,NA,NA,NA,NA,NA,NA,NA,NA,NA,NA,NA,NA,NA,NA,NA,NA,NA,NA,NA,NA,NA,NA,NA,NA,NA,NA,NA,NA,NA,NA,NA
"515","Armani Rogers","WAS","TE","15990","robust",NA,NA,NA,NA,NA,NA,NA,NA,NA,NA,0,0,0,0,0,0,0,0,NA,NA,NA,NA,7.32,0.029652,57.09,16.293774,0.44,0.059304,NA,NA,NA,NA,NA,NA,NA,NA,NA,NA,NA,NA,NA,NA,NA,NA,NA,NA,NA,NA,NA,NA,NA,NA,NA,NA,NA,NA,NA,NA,NA,NA,"IR","Achilles",2023,0
"516","Kaden Smith","IND","TE","14142","robust",NA,NA,NA,NA,NA,NA,NA,NA,NA,NA,0,0,0,0,0,0,0,0,NA,NA,NA,NA,6.31,0.0148260000000003,57.81,0.0148260000000023,0.475,0.037065,NA,NA,NA,NA,NA,NA,NA,NA,NA,NA,NA,NA,NA,NA,NA,NA,NA,NA,NA,NA,NA,NA,NA,NA,NA,NA,NA,NA,NA,NA,NA,NA,"IR","Undisclosed",2023,0
"517","Kaden Smith","WAS","TE","14142","robust",NA,NA,NA,NA,NA,NA,NA,NA,NA,NA,0,0,0,0,0,0,0,0,NA,NA,NA,NA,6.31,0.0148260000000003,57.81,0.0148260000000023,0.475,0.037065,NA,NA,NA,NA,NA,NA,NA,NA,NA,NA,NA,NA,NA,NA,NA,NA,NA,NA,NA,NA,NA,NA,NA,NA,NA,NA,NA,NA,NA,NA,NA,NA,"IR","Undisclosed",2023,0
"518","Kenny Yeboah","NYJ","TE","15339","robust",NA,NA,NA,NA,NA,NA,NA,NA,NA,NA,NA,NA,0,0,0,0,0,0,NA,NA,NA,NA,0.2,0.29652,32.05,37.13913,0.15,0.22239,NA,NA,NA,NA,NA,NA,NA,NA,NA,NA,NA,NA,NA,NA,NA,NA,NA,NA,NA,NA,NA,NA,NA,NA,NA,NA,NA,NA,NA,NA,NA,NA,"IR","Hamstring",2023,0
"519",NA,NA,"TE","14355","robust",NA,NA,NA,NA,NA,NA,NA,NA,NA,NA,NA,NA,0,0,0,0,0.05,0.07413,NA,NA,NA,NA,3.1,0.29652,41.2,22.53552,0.2,0.29652,NA,NA,NA,NA,NA,NA,NA,NA,NA,NA,NA,NA,NA,NA,NA,NA,NA,NA,NA,NA,NA,NA,NA,NA,NA,NA,NA,NA,NA,NA,NA,NA,NA,NA,NA,NA
"520","Tommy Sweeney","NYG","TE","14294","robust",NA,NA,NA,NA,NA,NA,NA,NA,NA,NA,0,0,0,0,0,0,0,0,NA,NA,NA,NA,3.695,0.00741300000000017,39.38,8.776992,0.25,0.07413,NA,NA,NA,NA,NA,NA,NA,NA,NA,NA,NA,NA,NA,NA,NA,NA,NA,NA,NA,NA,NA,NA,NA,NA,NA,NA,NA,NA,NA,NA,NA,NA,NA,"Undisclosed",2023,0
"521","Chris Myarick","NYG","TE","15620","robust",NA,NA,NA,NA,NA,NA,NA,NA,NA,NA,0,0,0,0,0,0,0,0,NA,NA,NA,NA,3.695,0.00741300000000017,33.485,0.0222390000000008,0.2,0,NA,NA,NA,NA,NA,NA,NA,NA,NA,NA,NA,NA,NA,NA,NA,NA,NA,NA,NA,NA,NA,NA,NA,NA,NA,NA,NA,NA,NA,NA,NA,NA,"IR","Hand",2023,0
"522","Jacob Hollister","FA","TE","13391","robust",NA,NA,NA,NA,NA,NA,NA,NA,NA,NA,0,0,0,0,0,0,0,0,NA,NA,NA,NA,3.695,0.00741300000000017,30.71,0.0148259999999997,0.21,0.014826,NA,NA,NA,NA,NA,NA,NA,NA,NA,NA,NA,NA,NA,NA,NA,NA,NA,NA,NA,NA,NA,NA,NA,NA,NA,NA,NA,NA,NA,NA,NA,NA,"Q","Undisclosed",2023,0
"523","Feleipe Franks","ATL","TE","15244","robust",NA,NA,NA,NA,NA,NA,NA,NA,NA,NA,0,0,0,0,0,0,0,0,NA,NA,NA,NA,3.085,0.0222390000000002,28.905,0.00741300000000116,0.21,0.014826,NA,NA,NA,NA,NA,NA,NA,NA,NA,NA,NA,NA,NA,NA,NA,NA,NA,NA,NA,NA,NA,NA,NA,NA,NA,NA,NA,NA,NA,NA,NA,NA,"IR","Undisclosed",2023,0
"524","Tyler Bass","BUF","K","14983","robust",NA,NA,NA,NA,NA,NA,NA,NA,NA,NA,NA,NA,NA,NA,NA,NA,NA,NA,NA,NA,NA,NA,NA,NA,NA,NA,NA,NA,0.0773944973031938,0.00711922039755167,8.2191083523246,0.1684325810117,9.668210362426,0.366023377269059,8.25656140901773,0.437184926607488,2.65925670108515,0.293129051417352,45.25,2.9652,NA,NA,NA,NA,NA,NA,NA,NA,NA,NA,NA,NA,NA,NA,NA,NA,NA,NA,NA,NA,NA,NA,NA,NA
"525","Jake Elliott","PHI","K","13303","robust",NA,NA,NA,NA,NA,NA,NA,NA,NA,NA,NA,NA,NA,NA,NA,NA,NA,NA,NA,NA,NA,NA,NA,NA,NA,NA,NA,NA,0.160276264342245,0.0362441318610201,6.47559648787352,0.544799137228369,10.4341555127786,0.653736964593335,6.10188174358057,0.912301606672796,3.97883357383357,0.202673307055167,48,5.9304,NA,NA,NA,NA,NA,NA,NA,NA,NA,NA,NA,NA,NA,NA,NA,NA,NA,NA,NA,NA,NA,NA,NA,NA
"526","Harrison Butker","KC","K","13354","robust",NA,NA,NA,NA,NA,NA,NA,NA,NA,NA,NA,NA,NA,NA,NA,NA,NA,NA,NA,NA,NA,NA,NA,NA,NA,NA,NA,NA,0.230271542372881,0.00929523189830506,7.76426210716465,0.56823143074816,7.68767114100589,0.367365876891468,7.19668312086532,0.27999481448909,4.67293640929065,0.188629594099184,50.625,4.4478,NA,NA,NA,NA,NA,NA,NA,NA,NA,NA,NA,NA,NA,NA,NA,NA,NA,NA,NA,NA,NA,NA,NA,NA
"527","Brandon Aubrey","DAL","K","16414","robust",NA,NA,NA,NA,NA,NA,NA,NA,NA,NA,NA,NA,NA,NA,NA,NA,NA,NA,NA,NA,NA,NA,NA,NA,NA,NA,NA,NA,0.166121390828807,0.0274674617891587,7.90022849462366,0.878895749085466,8.7828720331572,1.45221034308835,7.51309759865869,0.948863999999999,3.65314894464357,0.305743649605734,39.55,2.07564,NA,NA,NA,NA,NA,NA,NA,NA,NA,NA,NA,NA,NA,NA,NA,NA,NA,NA,NA,NA,NA,NA,NA,NA
"528","Riley Patterson","DET","K","15369","robust",NA,NA,NA,NA,NA,NA,NA,NA,NA,NA,NA,NA,NA,NA,NA,NA,NA,NA,NA,NA,NA,NA,NA,NA,NA,NA,NA,NA,0.266474077646491,0.0387327909332048,6.7455369159506,0.44478,9.11499780181971,0.527914725284807,9.26989066442389,0.866015690802048,2.38940213749665,0.207904416510319,42.675,5.04084,NA,NA,NA,NA,NA,NA,NA,NA,NA,NA,NA,NA,NA,NA,NA,NA,NA,NA,NA,NA,NA,NA,NA,NA
"529","Jake Moody","SF","K","16286","robust",NA,NA,NA,NA,NA,NA,NA,NA,NA,NA,NA,NA,NA,NA,NA,NA,NA,NA,NA,NA,NA,NA,NA,NA,NA,NA,NA,NA,0.1907429505363,0.0306553385870047,9.34120859467501,1.43360628123682,7.40570317725193,0.627968720023396,7.57113197351186,0.734586944285236,3.195,0.15195863679839,40.95,2.9652,NA,NA,NA,NA,NA,NA,NA,NA,NA,NA,NA,NA,NA,NA,NA,NA,NA,NA,NA,NA,"Q","Quadriceps",2023,0
"530","Younghoe Koo","ATL","K","13403","robust",NA,NA,NA,NA,NA,NA,NA,NA,NA,NA,NA,NA,NA,NA,NA,NA,NA,NA,NA,NA,NA,NA,NA,NA,NA,NA,NA,NA,0.0996396653335172,0.0146213217299683,8.85684819249498,0.400996923831811,8.81977378330387,0.343469259400146,8.14700158015604,0.368637756784962,4.98531703551209,0.490581462343456,35,4.74432,NA,NA,NA,NA,NA,NA,NA,NA,NA,NA,NA,NA,NA,NA,NA,NA,NA,NA,NA,NA,NA,NA,NA,NA
"531","Evan McPherson","CIN","K","15368","robust",NA,NA,NA,NA,NA,NA,NA,NA,NA,NA,NA,NA,NA,NA,NA,NA,NA,NA,NA,NA,NA,NA,NA,NA,NA,NA,NA,NA,0.417822796192151,0.0264240776344833,7.78316753960402,0.376083611566148,8.55658773094714,0.906142640707301,7.8335450565404,0.290350347520669,4.54338371909935,0.456014504298534,43.45,2.37216,NA,NA,NA,NA,NA,NA,NA,NA,NA,NA,NA,NA,NA,NA,NA,NA,NA,NA,NA,NA,NA,NA,NA,NA
"532","Cameron Dicker","LAC","K","15979","robust",NA,NA,NA,NA,NA,NA,NA,NA,NA,NA,NA,NA,NA,NA,NA,NA,NA,NA,NA,NA,NA,NA,NA,NA,NA,NA,NA,NA,0.234207423500135,0.0363597828357382,9.63372747135345,1.34724617962402,8.99084737529568,0.941215734921317,8.95733961945361,0.939651645053211,1.6957775843784,0.484355625686608,42.45,5.04084,NA,NA,NA,NA,NA,NA,NA,NA,NA,NA,NA,NA,NA,NA,NA,NA,NA,NA,NA,NA,NA,NA,NA,NA
"533","Justin Tucker","BAL","K","10976","robust",NA,NA,NA,NA,NA,NA,NA,NA,NA,NA,NA,NA,NA,NA,NA,NA,NA,NA,NA,NA,NA,NA,NA,NA,NA,NA,NA,NA,0.0990600189462288,0.0398206866654637,10.0033494017373,1.85299235560344,9.3925,1.12069103603515,7.7,1.17500138098932,5.11080626541245,0.834844965156967,41.15,3.55824,NA,NA,NA,NA,NA,NA,NA,NA,NA,NA,NA,NA,NA,NA,NA,NA,NA,NA,NA,NA,NA,NA,NA,NA
"534","Anders Carlson","GB","K","16339","robust",NA,NA,NA,NA,NA,NA,NA,NA,NA,NA,NA,NA,NA,NA,NA,NA,NA,NA,NA,NA,NA,NA,NA,NA,NA,NA,NA,NA,0.0898892288732002,0.021013490820089,8.87701717580665,1.53287735192425,8.24890978240261,1.05090033486131,6.41969305718205,1.08831650177,2.62894729344729,0.550862634757835,33.045,2.9652,NA,NA,NA,NA,NA,NA,NA,NA,NA,NA,NA,NA,NA,NA,NA,NA,NA,NA,NA,NA,NA,NA,NA,NA
"535","Jason Myers","SEA","K","12437","robust",NA,NA,NA,NA,NA,NA,NA,NA,NA,NA,NA,NA,NA,NA,NA,NA,NA,NA,NA,NA,NA,NA,NA,NA,NA,NA,NA,NA,0.290394743381223,0.094192724857685,7.50702603084244,0.771841235504954,11.0918838476251,1.17778528146743,6.30375992690983,0.423029193864642,4.32554048075169,0.144908663984673,38.75,2.66868,NA,NA,NA,NA,NA,NA,NA,NA,NA,NA,NA,NA,NA,NA,NA,NA,NA,NA,NA,NA,NA,NA,NA,NA
"536","Daniel Carlson","LVR","K","13718","robust",NA,NA,NA,NA,NA,NA,NA,NA,NA,NA,NA,NA,NA,NA,NA,NA,NA,NA,NA,NA,NA,NA,NA,NA,NA,NA,NA,NA,0.315095215355926,0.0468330993771125,9.40518032754172,0.524950755914274,9.97311441008689,0.956258006428121,7.12989105350366,0.218338448881168,5.67966030668068,0.93776098132428,37.95,4.4478,NA,NA,NA,NA,NA,NA,NA,NA,NA,NA,NA,NA,NA,NA,NA,NA,NA,NA,NA,NA,NA,NA,NA,NA
"537","Greg Joseph","MIN","K","13898","robust",NA,NA,NA,NA,NA,NA,NA,NA,NA,NA,NA,NA,NA,NA,NA,NA,NA,NA,NA,NA,NA,NA,NA,NA,NA,NA,NA,NA,0.166349287955588,0.00878466444605362,8.61186227935967,0.454701657401135,8.55557099810796,0.577831930333325,7.455,0.391202514073486,4.42993652073733,0.14627967,38.675,2.9652,NA,NA,NA,NA,NA,NA,NA,NA,NA,NA,NA,NA,NA,NA,NA,NA,NA,NA,NA,NA,NA,NA,NA,NA
"538","Brandon McManus","JAC","K","11947","robust",NA,NA,NA,NA,NA,NA,NA,NA,NA,NA,NA,NA,NA,NA,NA,NA,NA,NA,NA,NA,NA,NA,NA,NA,NA,NA,NA,NA,0.188602735011027,0.0193845694923638,7.12928327643581,0.531340234825896,7.26021949567409,0.540664611482397,9.50604740053106,0.704683293801367,4.84853364570543,0.534532522633289,37.9,4.4478,NA,NA,NA,NA,NA,NA,NA,NA,NA,NA,NA,NA,NA,NA,NA,NA,NA,NA,NA,NA,NA,NA,NA,NA
"539","Jason Sanders","MIA","K","13832","robust",NA,NA,NA,NA,NA,NA,NA,NA,NA,NA,NA,NA,NA,NA,NA,NA,NA,NA,NA,NA,NA,NA,NA,NA,NA,NA,NA,NA,0.578073362917449,0.0765521788769414,6.66717153963982,0.640070545505657,8.58944576143761,0.481836213416674,9.19851573836366,0.960678132604082,2.90007200984969,0.158895763783161,38.975,4.4478,NA,NA,NA,NA,NA,NA,NA,NA,NA,NA,NA,NA,NA,NA,NA,NA,NA,NA,NA,NA,NA,NA,NA,NA
"540","Chris Boswell","PIT","K","11936","robust",NA,NA,NA,NA,NA,NA,NA,NA,NA,NA,NA,NA,NA,NA,NA,NA,NA,NA,NA,NA,NA,NA,NA,NA,NA,NA,NA,NA,0.11972913662841,0.000803164069438847,6.50833538466099,0.012358041298381,8.34283896860427,0.448590440352922,8.34880228509309,0.072354267879011,5.02743415802075,0.0813477653631286,33.05,2.9652,NA,NA,NA,NA,NA,NA,NA,NA,NA,NA,NA,NA,NA,NA,NA,NA,NA,NA,NA,NA,NA,NA,NA,NA
"541",NA,NA,"K","16444","robust",NA,NA,NA,NA,NA,NA,NA,NA,NA,NA,NA,NA,NA,NA,NA,NA,NA,NA,NA,NA,NA,NA,NA,NA,NA,NA,NA,NA,0.122738596491228,0.0144163870774497,7.88391834358142,0.563388,7.4875,0.23664875239594,6.52953349970594,0.733090780681239,3.02726863108828,0.18724855314688,34.55,2.9652,NA,NA,NA,NA,NA,NA,NA,NA,NA,NA,NA,NA,NA,NA,NA,NA,NA,NA,NA,NA,NA,NA,NA,NA
"542","Wil Lutz","DEN","K","12956","robust",NA,NA,NA,NA,NA,NA,NA,NA,NA,NA,NA,NA,NA,NA,NA,NA,NA,NA,NA,NA,NA,NA,NA,NA,NA,NA,NA,NA,0.0889453328114278,0.00298574378323525,7.40893247690039,0.165246582260702,8.51577157882966,0.469348808281521,7.05367463702631,0.305146258538155,4.93206287305147,0.146799488646237,35.3875,4.59606,NA,NA,NA,NA,NA,NA,NA,NA,NA,NA,NA,NA,NA,NA,NA,NA,NA,NA,NA,NA,NA,NA,NA,NA
"543","Cairo Santos","CHI","K","11945","robust",NA,NA,NA,NA,NA,NA,NA,NA,NA,NA,NA,NA,NA,NA,NA,NA,NA,NA,NA,NA,NA,NA,NA,NA,NA,NA,NA,NA,0.104798076923077,0.0113761038461538,7.52294629379237,0.818334839230228,8.33465595597331,0.563388000000001,8.27741351308202,0.71230065834013,2.94524009482236,0.324624403291631,35.59,4.4478,NA,NA,NA,NA,NA,NA,NA,NA,NA,NA,NA,NA,NA,NA,NA,NA,NA,NA,NA,NA,NA,NA,NA,NA
"544","Dustin Hopkins","CLE","K","11387","robust",NA,NA,NA,NA,NA,NA,NA,NA,NA,NA,NA,NA,NA,NA,NA,NA,NA,NA,NA,NA,NA,NA,NA,NA,NA,NA,NA,NA,0.636823156486557,0.0895640169303054,6.46497531578768,0.901236654931736,10.385125208539,1.26988473914178,7.00664487646545,0.645087118359379,2.32432410282954,0.123601159420289,37.25,2.66868,NA,NA,NA,NA,NA,NA,NA,NA,NA,NA,NA,NA,NA,NA,NA,NA,NA,NA,NA,NA,NA,NA,NA,NA
"545","Greg Zuerlein","NYJ","K","10868","robust",NA,NA,NA,NA,NA,NA,NA,NA,NA,NA,NA,NA,NA,NA,NA,NA,NA,NA,NA,NA,NA,NA,NA,NA,NA,NA,NA,NA,0.17917094017094,0.0256478876038904,6.93766835429256,1.11491616854483,9.92735382512892,1.04977290082054,8.02273602827853,0.927153343988467,4.25097868490686,0.492323308412036,36,4.4478,NA,NA,NA,NA,NA,NA,NA,NA,NA,NA,NA,NA,NA,NA,NA,NA,NA,NA,NA,NA,NA,NA,NA,NA
"546","Nick Folk","TEN","K","8851","robust",NA,NA,NA,NA,NA,NA,NA,NA,NA,NA,NA,NA,NA,NA,NA,NA,NA,NA,NA,NA,NA,NA,NA,NA,NA,NA,NA,NA,0.481702828499821,0.0961386210526315,8.00876297887576,0.678057263157895,7.99172663802363,0.652343999999999,7.4836962943072,0.860656466165414,2.91185874168179,0.521044656987296,33.25,3.55824,NA,NA,NA,NA,NA,NA,NA,NA,NA,NA,NA,NA,NA,NA,NA,NA,NA,NA,NA,NA,NA,NA,NA,NA
"547","Joey Slye","WAS","K","14600","robust",NA,NA,NA,NA,NA,NA,NA,NA,NA,NA,NA,NA,NA,NA,NA,NA,NA,NA,NA,NA,NA,NA,NA,NA,NA,NA,NA,NA,0.382740960397546,0.0358153037472745,8.60248056006288,0.711176754576341,6.54231124816186,0.459253787586837,7.30934502983283,0.29848467116272,3.47296568804577,0.192771152025293,29.295,2.490768,NA,NA,NA,NA,NA,NA,NA,NA,NA,NA,NA,NA,NA,NA,NA,NA,NA,NA,NA,NA,NA,NA,NA,NA
"548","Chad Ryland","NE","K","16292","robust",NA,NA,NA,NA,NA,NA,NA,NA,NA,NA,NA,NA,NA,NA,NA,NA,NA,NA,NA,NA,NA,NA,NA,NA,NA,NA,NA,NA,0.38485431587651,0.0589417480702518,8.13862721121709,1.25111190884306,8.06353247388464,1.24032019912503,8.10258824488465,1.23162645464344,3.53490766251176,0.264167585011277,31,2.9652,NA,NA,NA,NA,NA,NA,NA,NA,NA,NA,NA,NA,NA,NA,NA,NA,NA,NA,NA,NA,NA,NA,NA,NA
"549","Graham Gano","NYG","K","9694","robust",NA,NA,NA,NA,NA,NA,NA,NA,NA,NA,NA,NA,NA,NA,NA,NA,NA,NA,NA,NA,NA,NA,NA,NA,NA,NA,NA,NA,0.2225713099631,0.0198750462730627,6.06548521019801,0.54022964126962,9.70861345552659,0.856517704987867,8.34781872661494,0.738956684995656,5.40364709993012,0.759983591893781,34,2.81694,NA,NA,NA,NA,NA,NA,NA,NA,NA,NA,NA,NA,NA,NA,NA,NA,NA,NA,NA,NA,NA,NA,NA,NA
"550","Kaimi Fairbairn","HOU","K","12860","robust",NA,NA,NA,NA,NA,NA,NA,NA,NA,NA,NA,NA,NA,NA,NA,NA,NA,NA,NA,NA,NA,NA,NA,NA,NA,NA,NA,NA,0.133840682859887,0.0143272343976945,7.80282780255017,0.420232222104963,8.15707534737725,0.540989135144699,7.30975766723298,0.324380281638187,4.70945941247485,0.457939903639437,31.5,1.03782,NA,NA,NA,NA,NA,NA,NA,NA,NA,NA,NA,NA,NA,NA,NA,NA,NA,NA,NA,NA,NA,NA,NA,NA
"551","Matt Gay","IND","K","14244","robust",NA,NA,NA,NA,NA,NA,NA,NA,NA,NA,NA,NA,NA,NA,NA,NA,NA,NA,NA,NA,NA,NA,NA,NA,NA,NA,NA,NA,0.327887464387464,0.0458609391227222,7.59951808848035,0.711648000000001,8.36739672364672,0.500639503305918,6.15959105350863,0.477385417453891,5.03650913112523,0.892930156987296,33,2.9652,NA,NA,NA,NA,NA,NA,NA,NA,NA,NA,NA,NA,NA,NA,NA,NA,NA,NA,NA,NA,NA,NA,NA,NA
"552","Brett Maher","FA","K","13909","robust",NA,NA,NA,NA,NA,NA,NA,NA,NA,NA,NA,NA,NA,NA,NA,NA,NA,NA,NA,NA,NA,NA,NA,NA,NA,NA,NA,NA,0.19581875,0.005992175,7.7721875,0.23783375,6.3590625,0.19459125,5.6525,0.17297,4.16871875,0.127565375000001,33.375,2.2239,NA,NA,NA,NA,NA,NA,NA,NA,NA,NA,NA,NA,NA,NA,NA,NA,NA,NA,NA,NA,NA,NA,NA,NA
"553","Eddy Pineiro","CAR","K","13719","robust",NA,NA,NA,NA,NA,NA,NA,NA,NA,NA,NA,NA,NA,NA,NA,NA,NA,NA,NA,NA,NA,NA,NA,NA,NA,NA,NA,NA,0.206161511375559,0.0177080300159531,5.82730732783552,0.504425815764045,11.0311915959439,0.62621528468035,9.24254712453052,0.624716397268898,2.36198753474099,0.376078533654397,31.45,1.4826,NA,NA,NA,NA,NA,NA,NA,NA,NA,NA,NA,NA,NA,NA,NA,NA,NA,NA,NA,NA,"Q","Groin",2023,0
"554","Mike Badgley","FA","K","13980","robust",NA,NA,NA,NA,NA,NA,NA,NA,NA,NA,NA,NA,NA,NA,NA,NA,NA,NA,NA,NA,NA,NA,NA,NA,NA,NA,NA,NA,NA,NA,NA,NA,NA,NA,NA,NA,NA,NA,30.95,5.85627,NA,NA,NA,NA,NA,NA,NA,NA,NA,NA,NA,NA,NA,NA,NA,NA,NA,NA,NA,NA,NA,NA,NA,NA
"555","Matt Prater","ARI","K","8930","robust",NA,NA,NA,NA,NA,NA,NA,NA,NA,NA,NA,NA,NA,NA,NA,NA,NA,NA,NA,NA,NA,NA,NA,NA,NA,NA,NA,NA,0.158208825473257,0.0281061289619034,6.43371766763457,0.939579945213008,9.80114932250985,1.26210806873136,6.27192444533247,0.916565253555686,4.68464415080904,0.867863186884518,31.1175,2.268378,NA,NA,NA,NA,NA,NA,NA,NA,NA,NA,NA,NA,NA,NA,NA,NA,NA,NA,NA,NA,NA,NA,NA,NA
"556","Chase McLaughlin","TB","K","14717","robust",NA,NA,NA,NA,NA,NA,NA,NA,NA,NA,NA,NA,NA,NA,NA,NA,NA,NA,NA,NA,NA,NA,NA,NA,NA,NA,NA,NA,0.222288436469596,0.0483934789233955,6.94185860283972,1.41960650999176,7.06092442956011,0.805685337824593,8.16391475258042,1.49627256012254,4.28212090032425,0.191044763961454,30.5,2.698332,NA,NA,NA,NA,NA,NA,NA,NA,NA,NA,NA,NA,NA,NA,NA,NA,NA,NA,NA,NA,NA,NA,NA,NA
"557","Bears","CHI","DST","0521","robust",NA,NA,NA,NA,NA,NA,NA,NA,NA,NA,NA,NA,NA,NA,NA,NA,NA,NA,NA,NA,NA,NA,NA,NA,NA,NA,NA,NA,NA,NA,NA,NA,NA,NA,NA,NA,NA,NA,NA,NA,13.5075,1.33434,32.9,7.917084,0.45,0.51891,2.42166666666667,0.578214,0,NA,NA,NA,NA,NA,NA,NA,NA,NA,NA,NA,NA,NA,NA,NA
"558","Vikings","MIN","DST","0524","robust",NA,NA,NA,NA,NA,NA,NA,NA,NA,NA,NA,NA,NA,NA,NA,NA,NA,NA,NA,NA,NA,NA,NA,NA,NA,NA,NA,NA,NA,NA,NA,NA,NA,NA,NA,NA,NA,NA,NA,NA,12.95,1.18608,39.8825,2.66868,0.075,0.22239,2.55333333333333,0.785778,0,NA,NA,NA,NA,NA,NA,NA,NA,NA,NA,NA,NA,NA,NA,NA
"559","Colts","IND","DST","0502","robust",NA,NA,NA,NA,NA,NA,NA,NA,NA,NA,NA,NA,NA,NA,NA,NA,NA,NA,NA,NA,NA,NA,NA,NA,NA,NA,NA,NA,NA,NA,NA,NA,NA,NA,NA,NA,NA,NA,NA,NA,12.5,1.4826,44.9825,3.64719599999999,0.415,0.363237,2.83708333333333,0.51891,0,NA,NA,NA,NA,NA,NA,NA,NA,NA,NA,NA,NA,NA,NA,NA
"560","Jets","NYJ","DST","0505","robust",NA,NA,NA,NA,NA,NA,NA,NA,NA,NA,NA,NA,NA,NA,NA,NA,NA,NA,NA,NA,NA,NA,NA,NA,NA,NA,NA,NA,NA,NA,NA,NA,NA,NA,NA,NA,NA,NA,NA,NA,13,1.645686,47.69,6.04900800000001,1.05625,0.1667925,2.1675,0.770952,0,NA,NA,NA,NA,NA,NA,NA,NA,NA,NA,NA,NA,NA,NA,NA
"561","Lions","DET","DST","0522","robust",NA,NA,NA,NA,NA,NA,NA,NA,NA,NA,NA,NA,NA,NA,NA,NA,NA,NA,NA,NA,NA,NA,NA,NA,NA,NA,NA,NA,NA,NA,NA,NA,NA,NA,NA,NA,NA,NA,NA,NA,14.1775,1.4826,43.28,3.7065,0.62,0.0593040000000001,2.71833333333333,0.207564,0,NA,NA,NA,NA,NA,NA,NA,NA,NA,NA,NA,NA,NA,NA,NA
"562","Texans","HOU","DST","0532","robust",NA,NA,NA,NA,NA,NA,NA,NA,NA,NA,NA,NA,NA,NA,NA,NA,NA,NA,NA,NA,NA,NA,NA,NA,NA,NA,NA,NA,NA,NA,NA,NA,NA,NA,NA,NA,NA,NA,NA,NA,14.695,1.4826,40.7275,3.128286,0.7375,0.1297275,2.55833333333333,0.622692,0,NA,NA,NA,NA,NA,NA,NA,NA,NA,NA,NA,NA,NA,NA,NA
"563","Jaguars","JAC","DST","0509","robust",NA,NA,NA,NA,NA,NA,NA,NA,NA,NA,NA,NA,NA,NA,NA,NA,NA,NA,NA,NA,NA,NA,NA,NA,NA,NA,NA,NA,NA,NA,NA,NA,NA,NA,NA,NA,NA,NA,NA,NA,13.3525,2.81694,38.7025,2.63902799999999,0.0775,0.229803,3.23,1.008168,0,NA,NA,NA,NA,NA,NA,NA,NA,NA,NA,NA,NA,NA,NA,NA
"564","Chargers","LAC","DST","0514","robust",NA,NA,NA,NA,NA,NA,NA,NA,NA,NA,NA,NA,NA,NA,NA,NA,NA,NA,NA,NA,NA,NA,NA,NA,NA,NA,NA,NA,NA,NA,NA,NA,NA,NA,NA,NA,NA,NA,NA,NA,14,2.9652,43.5,4.96671,0.6925,0.1816185,2.63833333333333,0.622692,0,NA,NA,NA,NA,NA,NA,NA,NA,NA,NA,NA,NA,NA,NA,NA
"565","Cardinals","ARI","DST","0519","robust",NA,NA,NA,NA,NA,NA,NA,NA,NA,NA,NA,NA,NA,NA,NA,NA,NA,NA,NA,NA,NA,NA,NA,NA,NA,NA,NA,NA,NA,NA,NA,NA,NA,NA,NA,NA,NA,NA,NA,NA,11.5475,1.70499,38.16,1.03782,0.075,0.22239,2.675,0.375592,0,NA,NA,NA,NA,NA,NA,NA,NA,NA,NA,NA,NA,NA,NA,NA
"566","Raiders","LVR","DST","0513","robust",NA,NA,NA,NA,NA,NA,NA,NA,NA,NA,NA,NA,NA,NA,NA,NA,NA,NA,NA,NA,NA,NA,NA,NA,NA,NA,NA,NA,NA,NA,NA,NA,NA,NA,NA,NA,NA,NA,NA,NA,10.66,1.4826,35.195,5.78214,0.39,0.252042,2.66916666666667,0.340998,0,NA,NA,NA,NA,NA,NA,NA,NA,NA,NA,NA,NA,NA,NA,NA
"567","Falcons","ATL","DST","0526","robust",NA,NA,NA,NA,NA,NA,NA,NA,NA,NA,NA,NA,NA,NA,NA,NA,NA,NA,NA,NA,NA,NA,NA,NA,NA,NA,NA,NA,NA,NA,NA,NA,NA,NA,NA,NA,NA,NA,NA,NA,13.2625,1.4826,33.965,11.238108,0.555,0.378063,2.97375,0.7413,0,NA,NA,NA,NA,NA,NA,NA,NA,NA,NA,NA,NA,NA,NA,NA
"568","Packers","GB","DST","0523","robust",NA,NA,NA,NA,NA,NA,NA,NA,NA,NA,NA,NA,NA,NA,NA,NA,NA,NA,NA,NA,NA,NA,NA,NA,NA,NA,NA,NA,NA,NA,NA,NA,NA,NA,NA,NA,NA,NA,NA,NA,15.0075,2.031162,41.7,6.315876,0.425,0.407715,2.825,0.340998,0,NA,NA,NA,NA,NA,NA,NA,NA,NA,NA,NA,NA,NA,NA,NA
"569","Chiefs","KC","DST","0512","robust",NA,NA,NA,NA,NA,NA,NA,NA,NA,NA,NA,NA,NA,NA,NA,NA,NA,NA,NA,NA,NA,NA,NA,NA,NA,NA,NA,NA,NA,NA,NA,NA,NA,NA,NA,NA,NA,NA,NA,NA,13.5375,1.4826,48.0875,8.86594799999999,0.465,0.140847,2.85916666666667,0.195209,0,NA,NA,NA,NA,NA,NA,NA,NA,NA,NA,NA,NA,NA,NA,NA
"570","Giants","NYG","DST","0517","robust",NA,NA,NA,NA,NA,NA,NA,NA,NA,NA,NA,NA,NA,NA,NA,NA,NA,NA,NA,NA,NA,NA,NA,NA,NA,NA,NA,NA,NA,NA,NA,NA,NA,NA,NA,NA,NA,NA,NA,NA,13.0325,0.874734,40.505,3.55824,0.3825,0.2186835,2.8125,0.385476,0,NA,NA,NA,NA,NA,NA,NA,NA,NA,NA,NA,NA,NA,NA,NA
"571","Cowboys","DAL","DST","0516","robust",NA,NA,NA,NA,NA,NA,NA,NA,NA,NA,NA,NA,NA,NA,NA,NA,NA,NA,NA,NA,NA,NA,NA,NA,NA,NA,NA,NA,NA,NA,NA,NA,NA,NA,NA,NA,NA,NA,NA,NA,15.085,2.179422,46.5,4.922232,0.07875,0.2335095,2.9,0.160615,0,NA,NA,NA,NA,NA,NA,NA,NA,NA,NA,NA,NA,NA,NA,NA
"572","Broncos","DEN","DST","0511","robust",NA,NA,NA,NA,NA,NA,NA,NA,NA,NA,NA,NA,NA,NA,NA,NA,NA,NA,NA,NA,NA,NA,NA,NA,NA,NA,NA,NA,NA,NA,NA,NA,NA,NA,NA,NA,NA,NA,NA,NA,14,2.238726,39.92,2.9652,0.3975,0.1371405,2.44333333333333,0.731416,0,NA,NA,NA,NA,NA,NA,NA,NA,NA,NA,NA,NA,NA,NA,NA
"573","Dolphins","MIA","DST","0503","robust",NA,NA,NA,NA,NA,NA,NA,NA,NA,NA,NA,NA,NA,NA,NA,NA,NA,NA,NA,NA,NA,NA,NA,NA,NA,NA,NA,NA,NA,NA,NA,NA,NA,NA,NA,NA,NA,NA,NA,NA,13.1925,2.52042,47.0075,3.528588,0.9425,0.0852495,2.77,0.27181,0,NA,NA,NA,NA,NA,NA,NA,NA,NA,NA,NA,NA,NA,NA,NA
"574","Buccaneers","TB","DST","0525","robust",NA,NA,NA,NA,NA,NA,NA,NA,NA,NA,NA,NA,NA,NA,NA,NA,NA,NA,NA,NA,NA,NA,NA,NA,NA,NA,NA,NA,NA,NA,NA,NA,NA,NA,NA,NA,NA,NA,NA,NA,11.275,1.4826,42.05,3.810282,0.07625,0.2260965,2.41166666666667,0.548562,0,NA,NA,NA,NA,NA,NA,NA,NA,NA,NA,NA,NA,NA,NA,NA
"575","Patriots","NE","DST","0504","robust",NA,NA,NA,NA,NA,NA,NA,NA,NA,NA,NA,NA,NA,NA,NA,NA,NA,NA,NA,NA,NA,NA,NA,NA,NA,NA,NA,NA,NA,NA,NA,NA,NA,NA,NA,NA,NA,NA,NA,NA,15,2.9652,47.915,8.035692,0.41,0.340998,3.33916666666667,0.976045,0,NA,NA,NA,NA,NA,NA,NA,NA,NA,NA,NA,NA,NA,NA,NA
"576","Rams","LAR","DST","0528","robust",NA,NA,NA,NA,NA,NA,NA,NA,NA,NA,NA,NA,NA,NA,NA,NA,NA,NA,NA,NA,NA,NA,NA,NA,NA,NA,NA,NA,NA,NA,NA,NA,NA,NA,NA,NA,NA,NA,NA,NA,14,2.653854,41.4,4.21058400000001,0.0725,0.214977,2.67125,0.266868,0,NA,NA,NA,NA,NA,NA,NA,NA,NA,NA,NA,NA,NA,NA,NA
"577","Panthers","CAR","DST","0527","robust",NA,NA,NA,NA,NA,NA,NA,NA,NA,NA,NA,NA,NA,NA,NA,NA,NA,NA,NA,NA,NA,NA,NA,NA,NA,NA,NA,NA,NA,NA,NA,NA,NA,NA,NA,NA,NA,NA,NA,NA,12.3375,0.889559999999999,39.7225,3.26172,0.07375,0.2186835,2.5,0.29652,0,NA,NA,NA,NA,NA,NA,NA,NA,NA,NA,NA,NA,NA,NA,NA
"578","Commanders","WAS","DST","0520","robust",NA,NA,NA,NA,NA,NA,NA,NA,NA,NA,NA,NA,NA,NA,NA,NA,NA,NA,NA,NA,NA,NA,NA,NA,NA,NA,NA,NA,NA,NA,NA,NA,NA,NA,NA,NA,NA,NA,NA,NA,12.6175,2.59455,47.245,6.404832,0.4,0.29652,2.83166666666667,0.533736,0,NA,NA,NA,NA,NA,NA,NA,NA,NA,NA,NA,NA,NA,NA,NA
"579","Seahawks","SEA","DST","0515","robust",NA,NA,NA,NA,NA,NA,NA,NA,NA,NA,NA,NA,NA,NA,NA,NA,NA,NA,NA,NA,NA,NA,NA,NA,NA,NA,NA,NA,NA,NA,NA,NA,NA,NA,NA,NA,NA,NA,NA,NA,14,2.209074,45.925,4.4478,0.3875,0.2409225,2.47583333333333,0.696822,0,NA,NA,NA,NA,NA,NA,NA,NA,NA,NA,NA,NA,NA,NA,NA
"580","Bills","BUF","DST","0501","robust",NA,NA,NA,NA,NA,NA,NA,NA,NA,NA,NA,NA,NA,NA,NA,NA,NA,NA,NA,NA,NA,NA,NA,NA,NA,NA,NA,NA,NA,NA,NA,NA,NA,NA,NA,NA,NA,NA,NA,NA,15.075,1.4826,42.1325,1.734642,0.58,0.0593039999999999,2.9275,0.533736,0,NA,NA,NA,NA,NA,NA,NA,NA,NA,NA,NA,NA,NA,NA,NA
"581","Titans","TEN","DST","0508","robust",NA,NA,NA,NA,NA,NA,NA,NA,NA,NA,NA,NA,NA,NA,NA,NA,NA,NA,NA,NA,NA,NA,NA,NA,NA,NA,NA,NA,NA,NA,NA,NA,NA,NA,NA,NA,NA,NA,NA,NA,14.15,0.7413,39.36,2.37216,0.07875,0.2335095,2.46333333333333,0.66717,0,NA,NA,NA,NA,NA,NA,NA,NA,NA,NA,NA,NA,NA,NA,NA
"582","Steelers","PIT","DST","0510","robust",NA,NA,NA,NA,NA,NA,NA,NA,NA,NA,NA,NA,NA,NA,NA,NA,NA,NA,NA,NA,NA,NA,NA,NA,NA,NA,NA,NA,NA,NA,NA,NA,NA,NA,NA,NA,NA,NA,NA,NA,16.16,4.4478,47.5,5.752488,0.07375,0.2186835,2.16125,0.756126,0,NA,NA,NA,NA,NA,NA,NA,NA,NA,NA,NA,NA,NA,NA,NA
"583","Bengals","CIN","DST","0506","robust",NA,NA,NA,NA,NA,NA,NA,NA,NA,NA,NA,NA,NA,NA,NA,NA,NA,NA,NA,NA,NA,NA,NA,NA,NA,NA,NA,NA,NA,NA,NA,NA,NA,NA,NA,NA,NA,NA,NA,NA,14.675,1.92738,39.87,2.07564,0.07375,0.2186835,2.60458333333333,0.993342,0,NA,NA,NA,NA,NA,NA,NA,NA,NA,NA,NA,NA,NA,NA,NA
"584","Browns","CLE","DST","0507","robust",NA,NA,NA,NA,NA,NA,NA,NA,NA,NA,NA,NA,NA,NA,NA,NA,NA,NA,NA,NA,NA,NA,NA,NA,NA,NA,NA,NA,NA,NA,NA,NA,NA,NA,NA,NA,NA,NA,NA,NA,14.3475,3.11346,43.405,6.478962,0.07625,0.2260965,3.01416666666667,0.432425,0,NA,NA,NA,NA,NA,NA,NA,NA,NA,NA,NA,NA,NA,NA,NA
"585","Eagles","PHI","DST","0518","robust",NA,NA,NA,NA,NA,NA,NA,NA,NA,NA,NA,NA,NA,NA,NA,NA,NA,NA,NA,NA,NA,NA,NA,NA,NA,NA,NA,NA,NA,NA,NA,NA,NA,NA,NA,NA,NA,NA,NA,NA,13.28,1.4826,57.825,15.19665,0.3925,0.2631615,2.91666666666667,0.2471,0,NA,NA,NA,NA,NA,NA,NA,NA,NA,NA,NA,NA,NA,NA,NA
"586","Saints","NO","DST","0529","robust",NA,NA,NA,NA,NA,NA,NA,NA,NA,NA,NA,NA,NA,NA,NA,NA,NA,NA,NA,NA,NA,NA,NA,NA,NA,NA,NA,NA,NA,NA,NA,NA,NA,NA,NA,NA,NA,NA,NA,NA,14,1.4826,46.345,8.8956,0.075,0.22239,2.55125,0.654815,0,NA,NA,NA,NA,NA,NA,NA,NA,NA,NA,NA,NA,NA,NA,NA
"587","Ravens","BAL","DST","0531","robust",NA,NA,NA,NA,NA,NA,NA,NA,NA,NA,NA,NA,NA,NA,NA,NA,NA,NA,NA,NA,NA,NA,NA,NA,NA,NA,NA,NA,NA,NA,NA,NA,NA,NA,NA,NA,NA,NA,NA,NA,13,1.4826,46.9325,4.84810199999999,0.0725,0.214977,2.44,1.126776,0,NA,NA,NA,NA,NA,NA,NA,NA,NA,NA,NA,NA,NA,NA,NA
"588","49ers","SF","DST","0530","robust",NA,NA,NA,NA,NA,NA,NA,NA,NA,NA,NA,NA,NA,NA,NA,NA,NA,NA,NA,NA,NA,NA,NA,NA,NA,NA,NA,NA,NA,NA,NA,NA,NA,NA,NA,NA,NA,NA,NA,NA,15,1.4826,46.0325,3.914064,0.0825,0.244629,2.56916666666667,0.746242,0,NA,NA,NA,NA,NA,NA,NA,NA,NA,NA,NA,NA,NA,NA,NA
"589","Maxx Crosby","LVR","DL","14225","robust",NA,NA,NA,NA,NA,NA,NA,NA,NA,NA,NA,NA,NA,NA,NA,NA,NA,NA,NA,NA,NA,NA,NA,NA,NA,NA,NA,NA,NA,NA,NA,NA,NA,NA,NA,NA,NA,NA,NA,NA,NA,NA,NA,NA,NA,NA,NA,NA,NA,NA,60.22,3.85476,11.24,0.296519999999999,0.02,0,2.69,0.14826,0.09,0.133434,NA,NA,NA,NA
"590","Aaron Donald","LAR","DL","11757","robust",NA,NA,NA,NA,NA,NA,NA,NA,NA,NA,NA,NA,NA,NA,NA,NA,NA,NA,NA,NA,NA,NA,NA,NA,NA,NA,NA,NA,NA,NA,NA,NA,NA,NA,NA,NA,NA,NA,NA,NA,NA,NA,NA,NA,NA,NA,NA,NA,NA,NA,52.355,5.48562,11.4725,0.133434,0,0,2.105,0.014826,0.065,0.096369,NA,NA,NA,NA
"591","AShawn Robinson","NYG","DL","12697","robust",NA,NA,NA,NA,NA,NA,NA,NA,NA,NA,NA,NA,NA,NA,NA,NA,NA,NA,NA,NA,NA,NA,NA,NA,NA,NA,NA,NA,NA,NA,NA,NA,NA,NA,NA,NA,NA,NA,NA,NA,NA,NA,NA,NA,NA,NA,NA,NA,NA,NA,36.4,16.16034,1.615,2.2239,0.0375,0,1.2625,1.4826,0.06,0.088956,NA,NA,NA,NA
"592","Khyiris Tonga","MIN","DL","15492","robust",NA,NA,NA,NA,NA,NA,NA,NA,NA,NA,NA,NA,NA,NA,NA,NA,NA,NA,NA,NA,NA,NA,NA,NA,NA,NA,NA,NA,NA,NA,NA,NA,NA,NA,NA,NA,NA,NA,NA,NA,NA,NA,NA,NA,NA,NA,NA,NA,NA,NA,46.07,49.029582,1.245,1.252797,0.025,0.037065,3.22,0.415128,0.045,0.066717,NA,NA,NA,NA
"593","Dexter Lawrence","NYG","DL","14159","robust",NA,NA,NA,NA,NA,NA,NA,NA,NA,NA,NA,NA,NA,NA,NA,NA,NA,NA,NA,NA,NA,NA,NA,NA,NA,NA,NA,NA,NA,NA,NA,NA,NA,NA,NA,NA,NA,NA,NA,NA,NA,NA,NA,NA,NA,NA,NA,NA,NA,NA,44.3175,0.593039999999998,5.5525,0.281694000000001,0.01,0,2.53,0.652344,0.06,0.088956,NA,NA,NA,NA
"594","Jonathan Allen","WAS","DL","13208","robust",NA,NA,NA,NA,NA,NA,NA,NA,NA,NA,NA,NA,NA,NA,NA,NA,NA,NA,NA,NA,NA,NA,NA,NA,NA,NA,NA,NA,NA,NA,NA,NA,NA,NA,NA,NA,NA,NA,NA,NA,NA,NA,NA,NA,NA,NA,NA,NA,NA,NA,52.4625,6.37518,8.5975,0.296519999999999,0.25,0.22239,2.22,0.0148259999999997,0.075,0.111195,"Q","Foot",2023,0
"595","Da'Ron Payne","WAS","DL","13723","robust",NA,NA,NA,NA,NA,NA,NA,NA,NA,NA,NA,NA,NA,NA,NA,NA,NA,NA,NA,NA,NA,NA,NA,NA,NA,NA,NA,NA,NA,NA,NA,NA,NA,NA,NA,NA,NA,NA,NA,NA,NA,NA,NA,NA,NA,NA,NA,NA,NA,NA,43.6775,0.296520000000004,8.425,0.59304,0.155,0.207564,3.4325,0.44478,0.08,0.118608,NA,NA,NA,NA
"596","Kayvon Thibodeaux","NYG","DL","15806","robust",NA,NA,NA,NA,NA,NA,NA,NA,NA,NA,NA,NA,NA,NA,NA,NA,NA,NA,NA,NA,NA,NA,NA,NA,NA,NA,NA,NA,NA,NA,NA,NA,NA,NA,NA,NA,NA,NA,NA,NA,NA,NA,NA,NA,NA,NA,NA,NA,NA,NA,55.515,4.74432,7.045,0.726474,0.39,0.415128,3.59,0.29652,0.08,0.118608,NA,NA,NA,NA
"597","Zach Sieler","MIA","DL","13839","robust",NA,NA,NA,NA,NA,NA,NA,NA,NA,NA,NA,NA,NA,NA,NA,NA,NA,NA,NA,NA,NA,NA,NA,NA,NA,NA,NA,NA,NA,NA,NA,NA,NA,NA,NA,NA,NA,NA,NA,NA,NA,NA,NA,NA,NA,NA,NA,NA,NA,NA,47.3375,2.81694,3.6825,0.14826,0.02,0,2.645,1.319514,0.065,0.096369,NA,NA,NA,NA
"598","Cameron Heyward","PIT","DL","10266","robust",NA,NA,NA,NA,NA,NA,NA,NA,NA,NA,NA,NA,NA,NA,NA,NA,NA,NA,NA,NA,NA,NA,NA,NA,NA,NA,NA,NA,NA,NA,NA,NA,NA,NA,NA,NA,NA,NA,NA,NA,NA,NA,NA,NA,NA,NA,NA,NA,NA,NA,47.815,17.7912,7.905,0.919211999999999,0.325,0.22239,3.1725,1.18608,0.075,0.111195,"Q","Undisclosed",2023,0
"599","Kwity Paye","IND","DL","15345","robust",NA,NA,NA,NA,NA,NA,NA,NA,NA,NA,NA,NA,NA,NA,NA,NA,NA,NA,NA,NA,NA,NA,NA,NA,NA,NA,NA,NA,NA,NA,NA,NA,NA,NA,NA,NA,NA,NA,NA,NA,NA,NA,NA,NA,NA,NA,NA,NA,NA,NA,46.8975,2.9652,8.23,0.533736,0.025,0,1.055,1.4826,0.07,0.103782,NA,NA,NA,NA
"600","Myles Garrett","CLE","DL","13198","robust",NA,NA,NA,NA,NA,NA,NA,NA,NA,NA,NA,NA,NA,NA,NA,NA,NA,NA,NA,NA,NA,NA,NA,NA,NA,NA,NA,NA,NA,NA,NA,NA,NA,NA,NA,NA,NA,NA,NA,NA,NA,NA,NA,NA,NA,NA,NA,NA,NA,NA,44.7025,1.03782,15.67,0.7413,0.015,0,2.7075,1.03782,0.2,0,"Q","Foot",2023,0
"601","DeForest Buckner","IND","DL","12688","robust",NA,NA,NA,NA,NA,NA,NA,NA,NA,NA,NA,NA,NA,NA,NA,NA,NA,NA,NA,NA,NA,NA,NA,NA,NA,NA,NA,NA,NA,NA,NA,NA,NA,NA,NA,NA,NA,NA,NA,NA,NA,NA,NA,NA,NA,NA,NA,NA,NA,NA,48.6575,4.74432,6.995,0.281693999999999,0.0075,0,2.4475,0.163086,0.06,0.088956,NA,NA,NA,NA
"602","Dean Lowry","MIN","DL","12791","robust",NA,NA,NA,NA,NA,NA,NA,NA,NA,NA,NA,NA,NA,NA,NA,NA,NA,NA,NA,NA,NA,NA,NA,NA,NA,NA,NA,NA,NA,NA,NA,NA,NA,NA,NA,NA,NA,NA,NA,NA,NA,NA,NA,NA,NA,NA,NA,NA,NA,NA,42.315,39.311139,2.675,3.521175,0.065,0.096369,1.6,1.4826,0.06,0.088956,NA,NA,NA,NA
"603","Danielle Hunter","MIN","DL","12221","robust",NA,NA,NA,NA,NA,NA,NA,NA,NA,NA,NA,NA,NA,NA,NA,NA,NA,NA,NA,NA,NA,NA,NA,NA,NA,NA,NA,NA,NA,NA,NA,NA,NA,NA,NA,NA,NA,NA,NA,NA,NA,NA,NA,NA,NA,NA,NA,NA,NA,NA,51.2325,1.03782,9.505,3.55824,0.035,0,2.1075,0.252042,0.085,0.126021,NA,NA,NA,NA
"604","Grover Stewart","IND","DL","13298","robust",NA,NA,NA,NA,NA,NA,NA,NA,NA,NA,NA,NA,NA,NA,NA,NA,NA,NA,NA,NA,NA,NA,NA,NA,NA,NA,NA,NA,NA,NA,NA,NA,NA,NA,NA,NA,NA,NA,NA,NA,NA,NA,NA,NA,NA,NA,NA,NA,NA,NA,43.3025,9.19212,2.9125,0.0741299999999997,0.0075,0,2.3075,0.44478,0.045,0.066717,NA,NA,NA,NA
"605","Sam Hubbard","CIN","DL","13684","robust",NA,NA,NA,NA,NA,NA,NA,NA,NA,NA,NA,NA,NA,NA,NA,NA,NA,NA,NA,NA,NA,NA,NA,NA,NA,NA,NA,NA,NA,NA,NA,NA,NA,NA,NA,NA,NA,NA,NA,NA,NA,NA,NA,NA,NA,NA,NA,NA,NA,NA,45.895,2.66868,8.795,0.177911999999999,0.015,0,3.1825,1.438122,0.07,0.103782,NA,NA,NA,NA
"606","Jeffery Simmons","TEN","DL","14163","robust",NA,NA,NA,NA,NA,NA,NA,NA,NA,NA,NA,NA,NA,NA,NA,NA,NA,NA,NA,NA,NA,NA,NA,NA,NA,NA,NA,NA,NA,NA,NA,NA,NA,NA,NA,NA,NA,NA,NA,NA,NA,NA,NA,NA,NA,NA,NA,NA,NA,NA,41.6775,5.04084,9.1875,0.296519999999999,0.095,0.059304,5.3575,2.2239,0.075,0.111195,NA,NA,NA,NA
"607","B.J. Hill","CIN","DL","13742","robust",NA,NA,NA,NA,NA,NA,NA,NA,NA,NA,NA,NA,NA,NA,NA,NA,NA,NA,NA,NA,NA,NA,NA,NA,NA,NA,NA,NA,NA,NA,NA,NA,NA,NA,NA,NA,NA,NA,NA,NA,NA,NA,NA,NA,NA,NA,NA,NA,NA,NA,38.9225,2.9652,3.9275,1.942206,0.21,0.177912,3.52,0.770952,0.06,0.088956,NA,NA,NA,NA
"608","Cameron Jordan","NO","DL","10292","robust",NA,NA,NA,NA,NA,NA,NA,NA,NA,NA,NA,NA,NA,NA,NA,NA,NA,NA,NA,NA,NA,NA,NA,NA,NA,NA,NA,NA,NA,NA,NA,NA,NA,NA,NA,NA,NA,NA,NA,NA,NA,NA,NA,NA,NA,NA,NA,NA,NA,NA,45.6625,3.11346,10.71,0.296519999999999,0.0375,0,2.9825,1.63086,0.085,0.126021,NA,NA,NA,NA
"609","Rashan Gary","GB","DL","14149","robust",NA,NA,NA,NA,NA,NA,NA,NA,NA,NA,NA,NA,NA,NA,NA,NA,NA,NA,NA,NA,NA,NA,NA,NA,NA,NA,NA,NA,NA,NA,NA,NA,NA,NA,NA,NA,NA,NA,NA,NA,NA,NA,NA,NA,NA,NA,NA,NA,NA,NA,44.4375,0.889560000000002,9.0625,0,0.0375,0,1.0375,0.88956,0.085,0.126021,NA,NA,NA,NA
"610","Nick Bosa","SF","DL","14147","robust",NA,NA,NA,NA,NA,NA,NA,NA,NA,NA,NA,NA,NA,NA,NA,NA,NA,NA,NA,NA,NA,NA,NA,NA,NA,NA,NA,NA,NA,NA,NA,NA,NA,NA,NA,NA,NA,NA,NA,NA,NA,NA,NA,NA,NA,NA,NA,NA,NA,NA,43.7275,12.6021,15.53,2.846592,0.035,0,0.99,0.0889560000000001,0.105,0.155673,NA,"Contract Dispute",2023,0
"611","Demarcus Lawrence","DAL","DL","11769","robust",NA,NA,NA,NA,NA,NA,NA,NA,NA,NA,NA,NA,NA,NA,NA,NA,NA,NA,NA,NA,NA,NA,NA,NA,NA,NA,NA,NA,NA,NA,NA,NA,NA,NA,NA,NA,NA,NA,NA,NA,NA,NA,NA,NA,NA,NA,NA,NA,NA,NA,44.6825,10.97124,6.185,0.7413,0.0325,0,1.4125,0.29652,0.365,0.348411,NA,NA,NA,NA
"612","Kenny Clark","GB","DL","12739","robust",NA,NA,NA,NA,NA,NA,NA,NA,NA,NA,NA,NA,NA,NA,NA,NA,NA,NA,NA,NA,NA,NA,NA,NA,NA,NA,NA,NA,NA,NA,NA,NA,NA,NA,NA,NA,NA,NA,NA,NA,NA,NA,NA,NA,NA,NA,NA,NA,NA,NA,35.215,8.1543,4.33,1.4826,0.0125,0,0.695,0.44478,0.06,0.088956,NA,NA,NA,NA
"613","Marcus Davenport","MIN","DL","13688","robust",NA,NA,NA,NA,NA,NA,NA,NA,NA,NA,NA,NA,NA,NA,NA,NA,NA,NA,NA,NA,NA,NA,NA,NA,NA,NA,NA,NA,NA,NA,NA,NA,NA,NA,NA,NA,NA,NA,NA,NA,NA,NA,NA,NA,NA,NA,NA,NA,NA,NA,30.62,2.9652,4.2325,4.74432,0.0425,0,0.9575,1.33434,0.075,0.111195,NA,NA,NA,NA
"614","Brian Burns","CAR","DL","14171","robust",NA,NA,NA,NA,NA,NA,NA,NA,NA,NA,NA,NA,NA,NA,NA,NA,NA,NA,NA,NA,NA,NA,NA,NA,NA,NA,NA,NA,NA,NA,NA,NA,NA,NA,NA,NA,NA,NA,NA,NA,NA,NA,NA,NA,NA,NA,NA,NA,NA,NA,42.8175,0.889560000000002,11.4175,0.444780000000001,0.14,0.029652,2.6425,0.29652,0.08,0.118608,NA,NA,NA,NA
"615","Leonard Williams","NYG","DL","12225","robust",NA,NA,NA,NA,NA,NA,NA,NA,NA,NA,NA,NA,NA,NA,NA,NA,NA,NA,NA,NA,NA,NA,NA,NA,NA,NA,NA,NA,NA,NA,NA,NA,NA,NA,NA,NA,NA,NA,NA,NA,NA,NA,NA,NA,NA,NA,NA,NA,NA,NA,40.47,0.296520000000004,5.1125,0.148259999999999,0.0375,0,1.9825,0.637518,0.06,0.088956,NA,NA,NA,NA
"616","Javon Hargrave","SF","DL","12764","robust",NA,NA,NA,NA,NA,NA,NA,NA,NA,NA,NA,NA,NA,NA,NA,NA,NA,NA,NA,NA,NA,NA,NA,NA,NA,NA,NA,NA,NA,NA,NA,NA,NA,NA,NA,NA,NA,NA,NA,NA,NA,NA,NA,NA,NA,NA,NA,NA,NA,NA,38.5325,0.7413,8.875,0,0.22,0.059304,1.82,1.126776,0.07,0.103782,NA,NA,NA,NA
"617","Quinnen Williams","NYJ","DL","14157","robust",NA,NA,NA,NA,NA,NA,NA,NA,NA,NA,NA,NA,NA,NA,NA,NA,NA,NA,NA,NA,NA,NA,NA,NA,NA,NA,NA,NA,NA,NA,NA,NA,NA,NA,NA,NA,NA,NA,NA,NA,NA,NA,NA,NA,NA,NA,NA,NA,NA,NA,42.2425,2.07564,9.3225,0.148259999999999,0.0125,0,3.46,0,0.07,0.103782,NA,NA,NA,NA
"618","Micah Parsons","DAL","DL","15350","robust",NA,NA,NA,NA,NA,NA,NA,NA,NA,NA,NA,NA,NA,NA,NA,NA,NA,NA,NA,NA,NA,NA,NA,NA,NA,NA,NA,NA,NA,NA,NA,NA,NA,NA,NA,NA,NA,NA,NA,NA,NA,NA,NA,NA,NA,NA,NA,NA,NA,NA,54.1,4.59606,13.2,0.29652,0.15,0.22239,3,0,0.2,0,NA,NA,NA,NA
"619","Dre'Mont Jones","SEA","DL","14164","robust",NA,NA,NA,NA,NA,NA,NA,NA,NA,NA,NA,NA,NA,NA,NA,NA,NA,NA,NA,NA,NA,NA,NA,NA,NA,NA,NA,NA,NA,NA,NA,NA,NA,NA,NA,NA,NA,NA,NA,NA,NA,NA,NA,NA,NA,NA,NA,NA,NA,NA,39.425,3.55824,7.19,0.385476,0.0425,0,1.24,0.29652,0.065,0.096369,NA,NA,NA,NA
"620","Christian Wilkins","MIA","DL","14162","robust",NA,NA,NA,NA,NA,NA,NA,NA,NA,NA,NA,NA,NA,NA,NA,NA,NA,NA,NA,NA,NA,NA,NA,NA,NA,NA,NA,NA,NA,NA,NA,NA,NA,NA,NA,NA,NA,NA,NA,NA,NA,NA,NA,NA,NA,NA,NA,NA,NA,NA,55.7,1.03782,4.45,0.66717,0,0,6.15,0.22239,0,0,"Q","Contract Dispute",2023,0
"621","Trey Hendrickson","CIN","DL","13284","robust",NA,NA,NA,NA,NA,NA,NA,NA,NA,NA,NA,NA,NA,NA,NA,NA,NA,NA,NA,NA,NA,NA,NA,NA,NA,NA,NA,NA,NA,NA,NA,NA,NA,NA,NA,NA,NA,NA,NA,NA,NA,NA,NA,NA,NA,NA,NA,NA,NA,NA,35.96,0.593039999999998,10.355,0.800603999999999,0.02,0,2.2975,0.607866,0.08,0.118608,NA,NA,NA,NA
"622","ZaDarius Smith","CLE","DL","12301","robust",NA,NA,NA,NA,NA,NA,NA,NA,NA,NA,NA,NA,NA,NA,NA,NA,NA,NA,NA,NA,NA,NA,NA,NA,NA,NA,NA,NA,NA,NA,NA,NA,NA,NA,NA,NA,NA,NA,NA,NA,NA,NA,NA,NA,NA,NA,NA,NA,NA,NA,37.5,1.63086,8.6925,2.52042,0.315,0.192738,3.8225,2.37216,0.075,0.111195,NA,NA,NA,NA
"623","Josh Sweat","PHI","DL","13690","robust",NA,NA,NA,NA,NA,NA,NA,NA,NA,NA,NA,NA,NA,NA,NA,NA,NA,NA,NA,NA,NA,NA,NA,NA,NA,NA,NA,NA,NA,NA,NA,NA,NA,NA,NA,NA,NA,NA,NA,NA,NA,NA,NA,NA,NA,NA,NA,NA,NA,NA,40.425,9.19212,9.375,1.77912,0.585,0.59304,2.0075,0.252042,0.37,0.340998,NA,NA,NA,NA
"624","Montez Sweat","WAS","DL","14148","robust",NA,NA,NA,NA,NA,NA,NA,NA,NA,NA,NA,NA,NA,NA,NA,NA,NA,NA,NA,NA,NA,NA,NA,NA,NA,NA,NA,NA,NA,NA,NA,NA,NA,NA,NA,NA,NA,NA,NA,NA,NA,NA,NA,NA,NA,NA,NA,NA,NA,NA,31.6375,2.66868,7.73,0.148259999999999,0.0425,0,2.255,0.0148259999999997,0.07,0.103782,NA,NA,NA,NA
"625","Aidan Hutchinson","DET","DL","15805","robust",NA,NA,NA,NA,NA,NA,NA,NA,NA,NA,NA,NA,NA,NA,NA,NA,NA,NA,NA,NA,NA,NA,NA,NA,NA,NA,NA,NA,NA,NA,NA,NA,NA,NA,NA,NA,NA,NA,NA,NA,NA,NA,NA,NA,NA,NA,NA,NA,NA,NA,45.16,2.2239,11.1275,0.429953999999999,1.2425,1.03782,2.21,0.770952,0.08,0.118608,NA,NA,NA,NA
"626","Will Anderson","HOU","DL","16223","robust",NA,NA,NA,NA,NA,NA,NA,NA,NA,NA,NA,NA,NA,NA,NA,NA,NA,NA,NA,NA,NA,NA,NA,NA,NA,NA,NA,NA,NA,NA,NA,NA,NA,NA,NA,NA,NA,NA,NA,NA,NA,NA,NA,NA,NA,NA,NA,NA,NA,NA,46.7,2.52042,13.15,3.18759,0,0,2.8,0.29652,0,0,NA,NA,NA,NA
"627","T.J. Watt","PIT","DL","13214","robust",NA,NA,NA,NA,NA,NA,NA,NA,NA,NA,NA,NA,NA,NA,NA,NA,NA,NA,NA,NA,NA,NA,NA,NA,NA,NA,NA,NA,NA,NA,NA,NA,NA,NA,NA,NA,NA,NA,NA,NA,NA,NA,NA,NA,NA,NA,NA,NA,NA,NA,46.95,0.0741300000000011,14.2,1.92738,0.7,0.44478,5.75,0.37065,0,0,NA,NA,NA,NA
"628","Tyus Bowser","BAL","DL","13256","robust",NA,NA,NA,NA,NA,NA,NA,NA,NA,NA,NA,NA,NA,NA,NA,NA,NA,NA,NA,NA,NA,NA,NA,NA,NA,NA,NA,NA,NA,NA,NA,NA,NA,NA,NA,NA,NA,NA,NA,NA,NA,NA,NA,NA,NA,NA,NA,NA,NA,NA,32.8,18.08772,4.55,3.63237,0,0,4.5,0.7413,0,0,NA,"Knee",2023,0
"629","Matt Judon","NE","DL","12795","robust",NA,NA,NA,NA,NA,NA,NA,NA,NA,NA,NA,NA,NA,NA,NA,NA,NA,NA,NA,NA,NA,NA,NA,NA,NA,NA,NA,NA,NA,NA,NA,NA,NA,NA,NA,NA,NA,NA,NA,NA,NA,NA,NA,NA,NA,NA,NA,NA,NA,NA,40.5,5.1891,10.55,3.63237,0,0,2.15,0.22239,0,0,NA,NA,NA,NA
"630","Harold Landry","TEN","DL","13700","robust",NA,NA,NA,NA,NA,NA,NA,NA,NA,NA,NA,NA,NA,NA,NA,NA,NA,NA,NA,NA,NA,NA,NA,NA,NA,NA,NA,NA,NA,NA,NA,NA,NA,NA,NA,NA,NA,NA,NA,NA,NA,NA,NA,NA,NA,NA,NA,NA,NA,NA,43.9,0.148260000000002,13.5,2.9652,0,0,4.05,1.55673,0,0,NA,NA,NA,NA
"631","Lorenzo Carter","ATL","DL","13703","robust",NA,NA,NA,NA,NA,NA,NA,NA,NA,NA,NA,NA,NA,NA,NA,NA,NA,NA,NA,NA,NA,NA,NA,NA,NA,NA,NA,NA,NA,NA,NA,NA,NA,NA,NA,NA,NA,NA,NA,NA,NA,NA,NA,NA,NA,NA,NA,NA,NA,NA,28.6,22.83204,2.85,2.44629,0.5,0.7413,1.95,0.0741300000000001,0,0,NA,NA,NA,NA
"632","Josh Allen","JAC","DL","14167","robust",NA,NA,NA,NA,NA,NA,NA,NA,NA,NA,NA,NA,NA,NA,NA,NA,NA,NA,NA,NA,NA,NA,NA,NA,NA,NA,NA,NA,NA,NA,NA,NA,NA,NA,NA,NA,NA,NA,NA,NA,NA,NA,NA,NA,NA,NA,NA,NA,NA,NA,35.9,9.04386,4.7,3.40998,0.5,0.7413,2.55,0.66717,0,0,"Q","Undisclosed",2023,0
"633","Alex Highsmith","PIT","DL","14940","robust",NA,NA,NA,NA,NA,NA,NA,NA,NA,NA,NA,NA,NA,NA,NA,NA,NA,NA,NA,NA,NA,NA,NA,NA,NA,NA,NA,NA,NA,NA,NA,NA,NA,NA,NA,NA,NA,NA,NA,NA,NA,NA,NA,NA,NA,NA,NA,NA,NA,NA,38.3,5.48562,5.7,1.18608,0,0,1.7,1.03782,0,0,NA,NA,NA,NA
"634","Joey Bosa","LAC","DL","12686","robust",NA,NA,NA,NA,NA,NA,NA,NA,NA,NA,NA,NA,NA,NA,NA,NA,NA,NA,NA,NA,NA,NA,NA,NA,NA,NA,NA,NA,NA,NA,NA,NA,NA,NA,NA,NA,NA,NA,NA,NA,NA,NA,NA,NA,NA,NA,NA,NA,NA,NA,38.65,2.00151,8.65,0.518909999999999,0,0,0.65,0.51891,0,0,NA,NA,NA,NA
"635","Randy Gregory","DEN","DL","12215","robust",NA,NA,NA,NA,NA,NA,NA,NA,NA,NA,NA,NA,NA,NA,NA,NA,NA,NA,NA,NA,NA,NA,NA,NA,NA,NA,NA,NA,NA,NA,NA,NA,NA,NA,NA,NA,NA,NA,NA,NA,NA,NA,NA,NA,NA,NA,NA,NA,NA,NA,38.9,0.148260000000002,9.65,1.70499,0.9,0.14826,2.85,0.22239,0,0,NA,NA,NA,NA
"636","Shaquil Barrett","TB","DL","12075","robust",NA,NA,NA,NA,NA,NA,NA,NA,NA,NA,NA,NA,NA,NA,NA,NA,NA,NA,NA,NA,NA,NA,NA,NA,NA,NA,NA,NA,NA,NA,NA,NA,NA,NA,NA,NA,NA,NA,NA,NA,NA,NA,NA,NA,NA,NA,NA,NA,NA,NA,37.4,2.37216,9.35,0.518909999999999,0.2,0.29652,2.1,1.33434,0,0,NA,NA,NA,NA
"637","Jaelan Phillips","MIA","DL","15349","robust",NA,NA,NA,NA,NA,NA,NA,NA,NA,NA,NA,NA,NA,NA,NA,NA,NA,NA,NA,NA,NA,NA,NA,NA,NA,NA,NA,NA,NA,NA,NA,NA,NA,NA,NA,NA,NA,NA,NA,NA,NA,NA,NA,NA,NA,NA,NA,NA,NA,NA,38.45,0.815430000000001,7.15,0.51891,0,0,1.2,0.29652,0,0,NA,NA,NA,NA
"638","Haason Reddick","PHI","DL","13245","robust",NA,NA,NA,NA,NA,NA,NA,NA,NA,NA,NA,NA,NA,NA,NA,NA,NA,NA,NA,NA,NA,NA,NA,NA,NA,NA,NA,NA,NA,NA,NA,NA,NA,NA,NA,NA,NA,NA,NA,NA,NA,NA,NA,NA,NA,NA,NA,NA,NA,NA,38.2,0.296519999999999,13.9,1.33434,0.4,0.59304,3.7,1.03782,0.8,0,"Q","Thumb",2023,0
"639","Michael Hoecht","LAR","DL","15565","robust",NA,NA,NA,NA,NA,NA,NA,NA,NA,NA,NA,NA,NA,NA,NA,NA,NA,NA,NA,NA,NA,NA,NA,NA,NA,NA,NA,NA,NA,NA,NA,NA,NA,NA,NA,NA,NA,NA,NA,NA,NA,NA,NA,NA,NA,NA,NA,NA,NA,NA,35.45,3.63237,6.5,0.7413,0,0,0.85,0.22239,0,0,NA,NA,NA,NA
"640","Uchenna Nwosu","SEA","DL","13704","robust",NA,NA,NA,NA,NA,NA,NA,NA,NA,NA,NA,NA,NA,NA,NA,NA,NA,NA,NA,NA,NA,NA,NA,NA,NA,NA,NA,NA,NA,NA,NA,NA,NA,NA,NA,NA,NA,NA,NA,NA,NA,NA,NA,NA,NA,NA,NA,NA,NA,NA,37.35,0.518910000000002,12.65,3.18759,0.3,0.44478,4.1,0.14826,0,0,NA,NA,NA,NA
"641","Gregory Rousseau","BUF","DL","15346","robust",NA,NA,NA,NA,NA,NA,NA,NA,NA,NA,NA,NA,NA,NA,NA,NA,NA,NA,NA,NA,NA,NA,NA,NA,NA,NA,NA,NA,NA,NA,NA,NA,NA,NA,NA,NA,NA,NA,NA,NA,NA,NA,NA,NA,NA,NA,NA,NA,NA,NA,36.85,1.26021,7.45,0.66717,0,0,3.8,0.29652,0,0,NA,NA,NA,NA
"642","Cameron Thomas","ARI","DL","15814","robust",NA,NA,NA,NA,NA,NA,NA,NA,NA,NA,NA,NA,NA,NA,NA,NA,NA,NA,NA,NA,NA,NA,NA,NA,NA,NA,NA,NA,NA,NA,NA,NA,NA,NA,NA,NA,NA,NA,NA,NA,NA,NA,NA,NA,NA,NA,NA,NA,NA,NA,22.4,21.64596,2.05,0.0741300000000001,0,0,1.55,0.81543,0,0,NA,NA,NA,NA
"643","Grady Jarrett","ATL","DL","12305","robust",NA,NA,NA,NA,NA,NA,NA,NA,NA,NA,NA,NA,NA,NA,NA,NA,NA,NA,NA,NA,NA,NA,NA,NA,NA,NA,NA,NA,NA,NA,NA,NA,NA,NA,NA,NA,NA,NA,NA,NA,NA,NA,NA,NA,NA,NA,NA,NA,NA,NA,31.95,4.52193,4.25,1.85325,0.15,0.22239,2.3,0.44478,0.3,0,NA,NA,NA,NA
"644","Ta'Quon Graham","ATL","DL","15429","robust",NA,NA,NA,NA,NA,NA,NA,NA,NA,NA,NA,NA,NA,NA,NA,NA,NA,NA,NA,NA,NA,NA,NA,NA,NA,NA,NA,NA,NA,NA,NA,NA,NA,NA,NA,NA,NA,NA,NA,NA,NA,NA,NA,NA,NA,NA,NA,NA,NA,NA,27.05,11.78667,0.5,0.7413,0,0,0.65,0.51891,0,0,NA,NA,NA,NA
"645","Bud Dupree","ATL","DL","12234","robust",NA,NA,NA,NA,NA,NA,NA,NA,NA,NA,NA,NA,NA,NA,NA,NA,NA,NA,NA,NA,NA,NA,NA,NA,NA,NA,NA,NA,NA,NA,NA,NA,NA,NA,NA,NA,NA,NA,NA,NA,NA,NA,NA,NA,NA,NA,NA,NA,NA,NA,33.45,2.14977,6.3,0.29652,0,0,1,0,0,0,NA,NA,NA,NA
"646","Von Miller","BUF","DL","10267","robust",NA,NA,NA,NA,NA,NA,NA,NA,NA,NA,NA,NA,NA,NA,NA,NA,NA,NA,NA,NA,NA,NA,NA,NA,NA,NA,NA,NA,NA,NA,NA,NA,NA,NA,NA,NA,NA,NA,NA,NA,NA,NA,NA,NA,NA,NA,NA,NA,NA,NA,31,4.4478,8.75,0.37065,0,0,3.2,0.29652,0,0,NA,"Knee - ACL",2023,0
"647","Preston Smith","GB","DL","12270","robust",NA,NA,NA,NA,NA,NA,NA,NA,NA,NA,NA,NA,NA,NA,NA,NA,NA,NA,NA,NA,NA,NA,NA,NA,NA,NA,NA,NA,NA,NA,NA,NA,NA,NA,NA,NA,NA,NA,NA,NA,NA,NA,NA,NA,NA,NA,NA,NA,NA,NA,31.35,3.92889,3.85,4.67019,0,0,3.25,1.85325,0,0,NA,NA,NA,NA
"648","Travon Walker","JAC","DL","15815","robust",NA,NA,NA,NA,NA,NA,NA,NA,NA,NA,NA,NA,NA,NA,NA,NA,NA,NA,NA,NA,NA,NA,NA,NA,NA,NA,NA,NA,NA,NA,NA,NA,NA,NA,NA,NA,NA,NA,NA,NA,NA,NA,NA,NA,NA,NA,NA,NA,NA,NA,32.85,1.26021,4.65,0.22239,0.8,0.29652,3.45,0.66717,0,0,NA,NA,NA,NA
"649","Azeez Ojulari","NYG","DL","15385","robust",NA,NA,NA,NA,NA,NA,NA,NA,NA,NA,NA,NA,NA,NA,NA,NA,NA,NA,NA,NA,NA,NA,NA,NA,NA,NA,NA,NA,NA,NA,NA,NA,NA,NA,NA,NA,NA,NA,NA,NA,NA,NA,NA,NA,NA,NA,NA,NA,NA,NA,23.75,13.71405,4.95,4.52193,0,0,1.2,1.18608,0,0,NA,NA,NA,NA
"650","DeMarcus Walker","CHI","DL","13258","robust",NA,NA,NA,NA,NA,NA,NA,NA,NA,NA,NA,NA,NA,NA,NA,NA,NA,NA,NA,NA,NA,NA,NA,NA,NA,NA,NA,NA,NA,NA,NA,NA,NA,NA,NA,NA,NA,NA,NA,NA,NA,NA,NA,NA,NA,NA,NA,NA,NA,NA,32.85,0.222389999999998,5.05,2.14977,0,0,0.9,0.14826,0,0,NA,NA,NA,NA
"651","Baron Browning","DEN","DL","15356","robust",NA,NA,NA,NA,NA,NA,NA,NA,NA,NA,NA,NA,NA,NA,NA,NA,NA,NA,NA,NA,NA,NA,NA,NA,NA,NA,NA,NA,NA,NA,NA,NA,NA,NA,NA,NA,NA,NA,NA,NA,NA,NA,NA,NA,NA,NA,NA,NA,NA,NA,27.1,7.26474,2,1.4826,0,0,2.05,0.0741300000000001,0,0,NA,"Knee",2023,0
"652","Arik Armstead","SF","DL","12218","robust",NA,NA,NA,NA,NA,NA,NA,NA,NA,NA,NA,NA,NA,NA,NA,NA,NA,NA,NA,NA,NA,NA,NA,NA,NA,NA,NA,NA,NA,NA,NA,NA,NA,NA,NA,NA,NA,NA,NA,NA,NA,NA,NA,NA,NA,NA,NA,NA,NA,NA,29.9,2.81694,6.1,0.88956,0,0,0.35,0.51891,0,0,NA,NA,NA,NA
"653","Yannick Ngakoue","CHI","DL","12756","robust",NA,NA,NA,NA,NA,NA,NA,NA,NA,NA,NA,NA,NA,NA,NA,NA,NA,NA,NA,NA,NA,NA,NA,NA,NA,NA,NA,NA,NA,NA,NA,NA,NA,NA,NA,NA,NA,NA,NA,NA,NA,NA,NA,NA,NA,NA,NA,NA,NA,NA,27.2,6.22692,8.95,1.40847,0,0,1.95,0.0741300000000001,0,0,NA,NA,NA,NA
"654","Jadeveon Clowney","BAL","DL","11706","robust",NA,NA,NA,NA,NA,NA,NA,NA,NA,NA,NA,NA,NA,NA,NA,NA,NA,NA,NA,NA,NA,NA,NA,NA,NA,NA,NA,NA,NA,NA,NA,NA,NA,NA,NA,NA,NA,NA,NA,NA,NA,NA,NA,NA,NA,NA,NA,NA,NA,NA,23.2,12.15732,5.45,2.14977,0.2,0.29652,3.9,2.81694,0,0,NA,NA,NA,NA
"655","Jerry Hughes","HOU","DL","9853","robust",NA,NA,NA,NA,NA,NA,NA,NA,NA,NA,NA,NA,NA,NA,NA,NA,NA,NA,NA,NA,NA,NA,NA,NA,NA,NA,NA,NA,NA,NA,NA,NA,NA,NA,NA,NA,NA,NA,NA,NA,NA,NA,NA,NA,NA,NA,NA,NA,NA,NA,27.05,6.00453,5.45,2.14977,0.1,0.14826,0.95,0.07413,0,0,NA,NA,NA,NA
"656","Josh Uche","NE","DL","14925","robust",NA,NA,NA,NA,NA,NA,NA,NA,NA,NA,NA,NA,NA,NA,NA,NA,NA,NA,NA,NA,NA,NA,NA,NA,NA,NA,NA,NA,NA,NA,NA,NA,NA,NA,NA,NA,NA,NA,NA,NA,NA,NA,NA,NA,NA,NA,NA,NA,NA,NA,30,1.4826,5.4,2.37216,0,0,0,0,0,0,NA,NA,NA,NA
"657","Carl Granderson","NO","DL","14405","robust",NA,NA,NA,NA,NA,NA,NA,NA,NA,NA,NA,NA,NA,NA,NA,NA,NA,NA,NA,NA,NA,NA,NA,NA,NA,NA,NA,NA,NA,NA,NA,NA,NA,NA,NA,NA,NA,NA,NA,NA,NA,NA,NA,NA,NA,NA,NA,NA,NA,NA,30.15,1.26021,5.7,1.77912,0,0,0.3,0.44478,0,0,NA,NA,NA,NA
"658","Boye Mafe","SEA","DL","15853","robust",NA,NA,NA,NA,NA,NA,NA,NA,NA,NA,NA,NA,NA,NA,NA,NA,NA,NA,NA,NA,NA,NA,NA,NA,NA,NA,NA,NA,NA,NA,NA,NA,NA,NA,NA,NA,NA,NA,NA,NA,NA,NA,NA,NA,NA,NA,NA,NA,NA,NA,28.45,3.78063,2.55,0.66717,0,0,0.3,0.44478,0,0,NA,NA,NA,NA
"659","Dalvin Tomlinson","CLE","DL","13260","robust",NA,NA,NA,NA,NA,NA,NA,NA,NA,NA,NA,NA,NA,NA,NA,NA,NA,NA,NA,NA,NA,NA,NA,NA,NA,NA,NA,NA,NA,NA,NA,NA,NA,NA,NA,NA,NA,NA,NA,NA,NA,NA,NA,NA,NA,NA,NA,NA,NA,NA,27.25,4.81845,3.45,0.0741300000000001,0,0,1.15,0.22239,0,0,NA,NA,NA,NA
"660","Jarran Reed","SEA","DL","12698","robust",NA,NA,NA,NA,NA,NA,NA,NA,NA,NA,NA,NA,NA,NA,NA,NA,NA,NA,NA,NA,NA,NA,NA,NA,NA,NA,NA,NA,NA,NA,NA,NA,NA,NA,NA,NA,NA,NA,NA,NA,NA,NA,NA,NA,NA,NA,NA,NA,NA,NA,28.05,3.03933,2.8,0.29652,0,0,0.5,0.7413,0,0,NA,NA,NA,NA
"661","Zach Allen","DEN","DL","14153","robust",NA,NA,NA,NA,NA,NA,NA,NA,NA,NA,NA,NA,NA,NA,NA,NA,NA,NA,NA,NA,NA,NA,NA,NA,NA,NA,NA,NA,NA,NA,NA,NA,NA,NA,NA,NA,NA,NA,NA,NA,NA,NA,NA,NA,NA,NA,NA,NA,NA,NA,26.8,4.74432,4.45,1.55673,0.5,0.7413,6.2,0.29652,0,0,NA,NA,NA,NA
"662","Deatrich Wise","NE","DL","13296","robust",NA,NA,NA,NA,NA,NA,NA,NA,NA,NA,NA,NA,NA,NA,NA,NA,NA,NA,NA,NA,NA,NA,NA,NA,NA,NA,NA,NA,NA,NA,NA,NA,NA,NA,NA,NA,NA,NA,NA,NA,NA,NA,NA,NA,NA,NA,NA,NA,NA,NA,29.05,1.40847,4.55,1.40847,0,0,2.6,0.59304,0,0,NA,NA,NA,NA
"663","Derrick Brown","CAR","DL","14897","robust",NA,NA,NA,NA,NA,NA,NA,NA,NA,NA,NA,NA,NA,NA,NA,NA,NA,NA,NA,NA,NA,NA,NA,NA,NA,NA,NA,NA,NA,NA,NA,NA,NA,NA,NA,NA,NA,NA,NA,NA,NA,NA,NA,NA,NA,NA,NA,NA,NA,NA,29.75,0.37065,1.8,0.29652,0.8,0.29652,4.8,1.18608,0,0,NA,NA,NA,NA
"664","Lawrence Guy","NE","DL","10457","robust",NA,NA,NA,NA,NA,NA,NA,NA,NA,NA,NA,NA,NA,NA,NA,NA,NA,NA,NA,NA,NA,NA,NA,NA,NA,NA,NA,NA,NA,NA,NA,NA,NA,NA,NA,NA,NA,NA,NA,NA,NA,NA,NA,NA,NA,NA,NA,NA,NA,NA,27.1,4.29954,1.95,0.0741300000000001,0,0,0.35,0.51891,0,0,NA,NA,NA,NA
"665","Austin Johnson","LAC","DL","12700","robust",NA,NA,NA,NA,NA,NA,NA,NA,NA,NA,NA,NA,NA,NA,NA,NA,NA,NA,NA,NA,NA,NA,NA,NA,NA,NA,NA,NA,NA,NA,NA,NA,NA,NA,NA,NA,NA,NA,NA,NA,NA,NA,NA,NA,NA,NA,NA,NA,NA,NA,24.75,7.78365,0.6,0.59304,0,0,0.95,0.07413,0,0,NA,NA,NA,NA
"666","Maliek Collins","HOU","DL","12754","robust",NA,NA,NA,NA,NA,NA,NA,NA,NA,NA,NA,NA,NA,NA,NA,NA,NA,NA,NA,NA,NA,NA,NA,NA,NA,NA,NA,NA,NA,NA,NA,NA,NA,NA,NA,NA,NA,NA,NA,NA,NA,NA,NA,NA,NA,NA,NA,NA,NA,NA,27.15,3.18759,3.2,0.29652,0,0,2,0,0,0,NA,NA,NA,NA
"667","David Onyemata","ATL","DL","12782","robust",NA,NA,NA,NA,NA,NA,NA,NA,NA,NA,NA,NA,NA,NA,NA,NA,NA,NA,NA,NA,NA,NA,NA,NA,NA,NA,NA,NA,NA,NA,NA,NA,NA,NA,NA,NA,NA,NA,NA,NA,NA,NA,NA,NA,NA,NA,NA,NA,NA,NA,22.15,10.15581,2.9,1.63086,0,0,1.55,0.66717,0,0,NA,NA,NA,NA
"668","Chandler Jones","LVR","DL","10753","robust",NA,NA,NA,NA,NA,NA,NA,NA,NA,NA,NA,NA,NA,NA,NA,NA,NA,NA,NA,NA,NA,NA,NA,NA,NA,NA,NA,NA,NA,NA,NA,NA,NA,NA,NA,NA,NA,NA,NA,NA,NA,NA,NA,NA,NA,NA,NA,NA,NA,NA,27.45,2.14977,6.15,0.51891,0,0,3.6,0.88956,1.1,0,NA,NA,NA,NA
"669","Shy Tuttle","CAR","DL","14675","robust",NA,NA,NA,NA,NA,NA,NA,NA,NA,NA,NA,NA,NA,NA,NA,NA,NA,NA,NA,NA,NA,NA,NA,NA,NA,NA,NA,NA,NA,NA,NA,NA,NA,NA,NA,NA,NA,NA,NA,NA,NA,NA,NA,NA,NA,NA,NA,NA,NA,NA,27.3,1.92738,1.35,0.22239,0.25,0.37065,3.15,0.22239,0,0,NA,NA,NA,NA
"670","Morgan Fox","LAC","DL","13085","robust",NA,NA,NA,NA,NA,NA,NA,NA,NA,NA,NA,NA,NA,NA,NA,NA,NA,NA,NA,NA,NA,NA,NA,NA,NA,NA,NA,NA,NA,NA,NA,NA,NA,NA,NA,NA,NA,NA,NA,NA,NA,NA,NA,NA,NA,NA,NA,NA,NA,NA,24.6,5.33736,5.75,1.11195,0,0,0.65,0.51891,0,0,NA,NA,NA,NA
"671","Denico Autry","TEN","DL","12083","robust",NA,NA,NA,NA,NA,NA,NA,NA,NA,NA,NA,NA,NA,NA,NA,NA,NA,NA,NA,NA,NA,NA,NA,NA,NA,NA,NA,NA,NA,NA,NA,NA,NA,NA,NA,NA,NA,NA,NA,NA,NA,NA,NA,NA,NA,NA,NA,NA,NA,NA,26.55,2.29803,10.8,0.44478,0,0,5.45,0.66717,0,0,NA,NA,NA,NA
"672","Ed Oliver","BUF","DL","14158","robust",NA,NA,NA,NA,NA,NA,NA,NA,NA,NA,NA,NA,NA,NA,NA,NA,NA,NA,NA,NA,NA,NA,NA,NA,NA,NA,NA,NA,NA,NA,NA,NA,NA,NA,NA,NA,NA,NA,NA,NA,NA,NA,NA,NA,NA,NA,NA,NA,NA,NA,27.4,0.889559999999999,3.75,1.11195,0,0,3.6,0.88956,0,0,NA,NA,NA,NA
"673","Harrison Phillips","MIN","DL","13693","robust",NA,NA,NA,NA,NA,NA,NA,NA,NA,NA,NA,NA,NA,NA,NA,NA,NA,NA,NA,NA,NA,NA,NA,NA,NA,NA,NA,NA,NA,NA,NA,NA,NA,NA,NA,NA,NA,NA,NA,NA,NA,NA,NA,NA,NA,NA,NA,NA,NA,NA,26.05,2.89107,1.6,0.14826,0,0,1.25,0.37065,0,0,NA,NA,NA,NA
"674","Jayson Oweh","BAL","DL","15378","robust",NA,NA,NA,NA,NA,NA,NA,NA,NA,NA,NA,NA,NA,NA,NA,NA,NA,NA,NA,NA,NA,NA,NA,NA,NA,NA,NA,NA,NA,NA,NA,NA,NA,NA,NA,NA,NA,NA,NA,NA,NA,NA,NA,NA,NA,NA,NA,NA,NA,NA,26.2,1.77912,2.65,0.22239,0,0,2.65,3.92889,0,0,NA,NA,NA,NA
"675","Darrell Taylor","SEA","DL","14923","robust",NA,NA,NA,NA,NA,NA,NA,NA,NA,NA,NA,NA,NA,NA,NA,NA,NA,NA,NA,NA,NA,NA,NA,NA,NA,NA,NA,NA,NA,NA,NA,NA,NA,NA,NA,NA,NA,NA,NA,NA,NA,NA,NA,NA,NA,NA,NA,NA,NA,NA,26.7,0.444780000000001,7.6,0.14826,0,0,1.9,1.33434,0,0,"Q","Shoulder",2023,0
"676","Chase Young","WAS","DL","14877","robust",NA,NA,NA,NA,NA,NA,NA,NA,NA,NA,NA,NA,NA,NA,NA,NA,NA,NA,NA,NA,NA,NA,NA,NA,NA,NA,NA,NA,NA,NA,NA,NA,NA,NA,NA,NA,NA,NA,NA,NA,NA,NA,NA,NA,NA,NA,NA,NA,NA,NA,21.45,8.22843,2.9,2.37216,0,0,3.15,0.22239,0,0,"Q","Neck",2023,0
"677","Davon Hamilton","JAC","DL","14930","robust",NA,NA,NA,NA,NA,NA,NA,NA,NA,NA,NA,NA,NA,NA,NA,NA,NA,NA,NA,NA,NA,NA,NA,NA,NA,NA,NA,NA,NA,NA,NA,NA,NA,NA,NA,NA,NA,NA,NA,NA,NA,NA,NA,NA,NA,NA,NA,NA,NA,NA,23.95,4.52193,2.3,1.03782,0,0,1.4,0.59304,0,0,"IR","Back",2023,0
"678","Bryan Bresee","NO","DL","16256","robust",NA,NA,NA,NA,NA,NA,NA,NA,NA,NA,NA,NA,NA,NA,NA,NA,NA,NA,NA,NA,NA,NA,NA,NA,NA,NA,NA,NA,NA,NA,NA,NA,NA,NA,NA,NA,NA,NA,NA,NA,NA,NA,NA,NA,NA,NA,NA,NA,NA,NA,25.1,2.81694,2.15,0.22239,0,0,2.4,0.59304,0,0,NA,NA,NA,NA
"679","Joe Tryon","TB","DL","15379","robust",NA,NA,NA,NA,NA,NA,NA,NA,NA,NA,NA,NA,NA,NA,NA,NA,NA,NA,NA,NA,NA,NA,NA,NA,NA,NA,NA,NA,NA,NA,NA,NA,NA,NA,NA,NA,NA,NA,NA,NA,NA,NA,NA,NA,NA,NA,NA,NA,NA,NA,25.9,1.33434,3.15,1.26021,0.5,0.7413,3.3,1.92738,0,0,NA,NA,NA,NA
"680","Larry Ogunjobi","PIT","DL","13265","robust",NA,NA,NA,NA,NA,NA,NA,NA,NA,NA,NA,NA,NA,NA,NA,NA,NA,NA,NA,NA,NA,NA,NA,NA,NA,NA,NA,NA,NA,NA,NA,NA,NA,NA,NA,NA,NA,NA,NA,NA,NA,NA,NA,NA,NA,NA,NA,NA,NA,NA,25.85,0.222390000000001,2.35,1.70499,0,0,0.7,0.44478,0,0,NA,NA,NA,NA
"681","Roy Robertson-Harris","JAC","DL","13434","robust",NA,NA,NA,NA,NA,NA,NA,NA,NA,NA,NA,NA,NA,NA,NA,NA,NA,NA,NA,NA,NA,NA,NA,NA,NA,NA,NA,NA,NA,NA,NA,NA,NA,NA,NA,NA,NA,NA,NA,NA,NA,NA,NA,NA,NA,NA,NA,NA,NA,NA,25.15,1.26021,3.5,0,0,0,3.35,0.51891,0,0,NA,NA,NA,NA
"682","Dorance Armstrong","DAL","DL","13759","robust",NA,NA,NA,NA,NA,NA,NA,NA,NA,NA,NA,NA,NA,NA,NA,NA,NA,NA,NA,NA,NA,NA,NA,NA,NA,NA,NA,NA,NA,NA,NA,NA,NA,NA,NA,NA,NA,NA,NA,NA,NA,NA,NA,NA,NA,NA,NA,NA,NA,NA,23.1,3.11346,6.65,0.51891,0,0,0.8,0.29652,0,0,"Q","Hamstring",2023,0
"683","Osa Odighizuwa","DAL","DL","15393","robust",NA,NA,NA,NA,NA,NA,NA,NA,NA,NA,NA,NA,NA,NA,NA,NA,NA,NA,NA,NA,NA,NA,NA,NA,NA,NA,NA,NA,NA,NA,NA,NA,NA,NA,NA,NA,NA,NA,NA,NA,NA,NA,NA,NA,NA,NA,NA,NA,NA,NA,24.6,0.889559999999999,3.55,0.81543,0,0,0.5,0.7413,0,0,NA,NA,NA,NA
"684","Chris Jones","KC","DL","12741","robust",NA,NA,NA,NA,NA,NA,NA,NA,NA,NA,NA,NA,NA,NA,NA,NA,NA,NA,NA,NA,NA,NA,NA,NA,NA,NA,NA,NA,NA,NA,NA,NA,NA,NA,NA,NA,NA,NA,NA,NA,NA,NA,NA,NA,NA,NA,NA,NA,NA,NA,23.8,1.77912,10.95,1.55673,0,0,3.1,0.14826,0,0,NA,"Undisclosed",2023,0
"685","Khalil Mack","LAC","DL","11721","robust",NA,NA,NA,NA,NA,NA,NA,NA,NA,NA,NA,NA,NA,NA,NA,NA,NA,NA,NA,NA,NA,NA,NA,NA,NA,NA,NA,NA,NA,NA,NA,NA,NA,NA,NA,NA,NA,NA,NA,NA,NA,NA,NA,NA,NA,NA,NA,NA,NA,NA,22.05,4.37367,5.1,1.33434,0.7,1.03782,1.9,0.14826,0,0,NA,NA,NA,NA
"686","Jonathan Greenard","HOU","DL","14882","robust",NA,NA,NA,NA,NA,NA,NA,NA,NA,NA,NA,NA,NA,NA,NA,NA,NA,NA,NA,NA,NA,NA,NA,NA,NA,NA,NA,NA,NA,NA,NA,NA,NA,NA,NA,NA,NA,NA,NA,NA,NA,NA,NA,NA,NA,NA,NA,NA,NA,NA,24.5,0.7413,2.95,1.55673,0.1,0.14826,2,0,0.2,0,NA,NA,NA,NA
"687","Justin Madubuike","BAL","DL","14900","robust",NA,NA,NA,NA,NA,NA,NA,NA,NA,NA,NA,NA,NA,NA,NA,NA,NA,NA,NA,NA,NA,NA,NA,NA,NA,NA,NA,NA,NA,NA,NA,NA,NA,NA,NA,NA,NA,NA,NA,NA,NA,NA,NA,NA,NA,NA,NA,NA,NA,NA,23.95,1.55673,4.35,0.51891,0,0,3.1,0.14826,0,0,NA,NA,NA,NA
"688","Justin Jones","CHI","DL","13748","robust",NA,NA,NA,NA,NA,NA,NA,NA,NA,NA,NA,NA,NA,NA,NA,NA,NA,NA,NA,NA,NA,NA,NA,NA,NA,NA,NA,NA,NA,NA,NA,NA,NA,NA,NA,NA,NA,NA,NA,NA,NA,NA,NA,NA,NA,NA,NA,NA,NA,NA,24.25,1.11195,3.15,1.26021,0,0,3.9,1.33434,0,0,NA,NA,NA,NA
"689","Frank Clark","DEN","DL","12280","robust",NA,NA,NA,NA,NA,NA,NA,NA,NA,NA,NA,NA,NA,NA,NA,NA,NA,NA,NA,NA,NA,NA,NA,NA,NA,NA,NA,NA,NA,NA,NA,NA,NA,NA,NA,NA,NA,NA,NA,NA,NA,NA,NA,NA,NA,NA,NA,NA,NA,NA,22.45,3.78063,3.75,1.11195,0,0,0.8,0.29652,0,0,NA,NA,NA,NA
"690","Sebastian Joseph","LAC","DL","13810","robust",NA,NA,NA,NA,NA,NA,NA,NA,NA,NA,NA,NA,NA,NA,NA,NA,NA,NA,NA,NA,NA,NA,NA,NA,NA,NA,NA,NA,NA,NA,NA,NA,NA,NA,NA,NA,NA,NA,NA,NA,NA,NA,NA,NA,NA,NA,NA,NA,NA,NA,24.4,0.889559999999999,2.25,0.37065,0.55,0.81543,1.05,0.0741300000000001,0,0,NA,NA,NA,NA
"691","Ogbonnia Okoronkwo","CLE","DL","13685","robust",NA,NA,NA,NA,NA,NA,NA,NA,NA,NA,NA,NA,NA,NA,NA,NA,NA,NA,NA,NA,NA,NA,NA,NA,NA,NA,NA,NA,NA,NA,NA,NA,NA,NA,NA,NA,NA,NA,NA,NA,NA,NA,NA,NA,NA,NA,NA,NA,NA,NA,23.85,1.70499,3.15,0.51891,0,0,1.05,0.0741300000000001,0,0,NA,NA,NA,NA
"692","D.J. Reader","CIN","DL","12802","robust",NA,NA,NA,NA,NA,NA,NA,NA,NA,NA,NA,NA,NA,NA,NA,NA,NA,NA,NA,NA,NA,NA,NA,NA,NA,NA,NA,NA,NA,NA,NA,NA,NA,NA,NA,NA,NA,NA,NA,NA,NA,NA,NA,NA,NA,NA,NA,NA,NA,NA,23.8,1.18608,1.9,0.14826,0,0,3.4,0.59304,0,0,NA,NA,NA,NA
"693","Brandon Graham","PHI","DL","9826","robust",NA,NA,NA,NA,NA,NA,NA,NA,NA,NA,NA,NA,NA,NA,NA,NA,NA,NA,NA,NA,NA,NA,NA,NA,NA,NA,NA,NA,NA,NA,NA,NA,NA,NA,NA,NA,NA,NA,NA,NA,NA,NA,NA,NA,NA,NA,NA,NA,NA,NA,23.8,0.296519999999999,11.45,1.40847,0,0,0.85,0.22239,0,0,NA,NA,NA,NA
"694","Fletcher Cox","PHI","DL","10762","robust",NA,NA,NA,NA,NA,NA,NA,NA,NA,NA,NA,NA,NA,NA,NA,NA,NA,NA,NA,NA,NA,NA,NA,NA,NA,NA,NA,NA,NA,NA,NA,NA,NA,NA,NA,NA,NA,NA,NA,NA,NA,NA,NA,NA,NA,NA,NA,NA,NA,NA,23.9,0.148259999999999,6.25,0.37065,0,0,0.5,0.7413,0,0,"Q","Knee",2023,0
"695","Dominique Robinson","CHI","DL","15907","robust",NA,NA,NA,NA,NA,NA,NA,NA,NA,NA,NA,NA,NA,NA,NA,NA,NA,NA,NA,NA,NA,NA,NA,NA,NA,NA,NA,NA,NA,NA,NA,NA,NA,NA,NA,NA,NA,NA,NA,NA,NA,NA,NA,NA,NA,NA,NA,NA,NA,NA,21.9,3.11346,1.15,1.26021,0,0,0.9,0.14826,0,0,NA,NA,NA,NA
"696","Calais Campbell","ATL","DL","9051","robust",NA,NA,NA,NA,NA,NA,NA,NA,NA,NA,NA,NA,NA,NA,NA,NA,NA,NA,NA,NA,NA,NA,NA,NA,NA,NA,NA,NA,NA,NA,NA,NA,NA,NA,NA,NA,NA,NA,NA,NA,NA,NA,NA,NA,NA,NA,NA,NA,NA,NA,22.35,0.96369,4.85,0.22239,0,0,1.8,0.29652,0,0,NA,NA,NA,NA
"697","D.J. Jones","DEN","DL","13332","robust",NA,NA,NA,NA,NA,NA,NA,NA,NA,NA,NA,NA,NA,NA,NA,NA,NA,NA,NA,NA,NA,NA,NA,NA,NA,NA,NA,NA,NA,NA,NA,NA,NA,NA,NA,NA,NA,NA,NA,NA,NA,NA,NA,NA,NA,NA,NA,NA,NA,NA,22.7,0.444780000000001,1.5,0.7413,0,0,4.55,0.81543,0,0,NA,NA,NA,NA
"698","Sheldon Rankins","HOU","DL","12735","robust",NA,NA,NA,NA,NA,NA,NA,NA,NA,NA,NA,NA,NA,NA,NA,NA,NA,NA,NA,NA,NA,NA,NA,NA,NA,NA,NA,NA,NA,NA,NA,NA,NA,NA,NA,NA,NA,NA,NA,NA,NA,NA,NA,NA,NA,NA,NA,NA,NA,NA,19.05,5.85627,2.05,1.40847,0,0,0.3,0.44478,0,0,NA,NA,NA,NA
"699","Foley Fatukasi","JAC","DL","13798","robust",NA,NA,NA,NA,NA,NA,NA,NA,NA,NA,NA,NA,NA,NA,NA,NA,NA,NA,NA,NA,NA,NA,NA,NA,NA,NA,NA,NA,NA,NA,NA,NA,NA,NA,NA,NA,NA,NA,NA,NA,NA,NA,NA,NA,NA,NA,NA,NA,NA,NA,21.9,1.33434,1.85,0.22239,0,0,2.4,0.59304,0,0,NA,NA,NA,NA
"700","Tyree Wilson","LVR","DL","16226","robust",NA,NA,NA,NA,NA,NA,NA,NA,NA,NA,NA,NA,NA,NA,NA,NA,NA,NA,NA,NA,NA,NA,NA,NA,NA,NA,NA,NA,NA,NA,NA,NA,NA,NA,NA,NA,NA,NA,NA,NA,NA,NA,NA,NA,NA,NA,NA,NA,NA,NA,19.35,3.92889,3,0.7413,0,0,0.8,0.29652,0,0,NA,NA,NA,NA
"701","Carl Lawson","NYJ","DL","13202","robust",NA,NA,NA,NA,NA,NA,NA,NA,NA,NA,NA,NA,NA,NA,NA,NA,NA,NA,NA,NA,NA,NA,NA,NA,NA,NA,NA,NA,NA,NA,NA,NA,NA,NA,NA,NA,NA,NA,NA,NA,NA,NA,NA,NA,NA,NA,NA,NA,NA,NA,21,0,7.25,0.37065,0,0,0,0,0,0,"Q","Back",2023,0
"702","DaQuan Jones","BUF","DL","11793","robust",NA,NA,NA,NA,NA,NA,NA,NA,NA,NA,NA,NA,NA,NA,NA,NA,NA,NA,NA,NA,NA,NA,NA,NA,NA,NA,NA,NA,NA,NA,NA,NA,NA,NA,NA,NA,NA,NA,NA,NA,NA,NA,NA,NA,NA,NA,NA,NA,NA,NA,20,1.4826,1.05,0.0741300000000001,0,0,0.65,0.51891,0,0,NA,NA,NA,NA
"703","George Karlaftis","KC","DL","15808","robust",NA,NA,NA,NA,NA,NA,NA,NA,NA,NA,NA,NA,NA,NA,NA,NA,NA,NA,NA,NA,NA,NA,NA,NA,NA,NA,NA,NA,NA,NA,NA,NA,NA,NA,NA,NA,NA,NA,NA,NA,NA,NA,NA,NA,NA,NA,NA,NA,NA,NA,20.3,0.444780000000001,9.45,1.40847,0,0,7.5,2.2239,0,0,NA,NA,NA,NA
"704","Bilal Nichols","LVR","DL","13777","robust",NA,NA,NA,NA,NA,NA,NA,NA,NA,NA,NA,NA,NA,NA,NA,NA,NA,NA,NA,NA,NA,NA,NA,NA,NA,NA,NA,NA,NA,NA,NA,NA,NA,NA,NA,NA,NA,NA,NA,NA,NA,NA,NA,NA,NA,NA,NA,NA,NA,NA,19.1,1.33434,2.3,0.29652,0,0,0.65,0.51891,0,0,NA,NA,NA,NA
"705","Rashad Weaver","TEN","DL","15347","robust",NA,NA,NA,NA,NA,NA,NA,NA,NA,NA,NA,NA,NA,NA,NA,NA,NA,NA,NA,NA,NA,NA,NA,NA,NA,NA,NA,NA,NA,NA,NA,NA,NA,NA,NA,NA,NA,NA,NA,NA,NA,NA,NA,NA,NA,NA,NA,NA,NA,NA,19.35,0.518909999999999,4.05,0.81543,0,0,4.2,1.77912,0,0,NA,NA,NA,NA
"706","Vita Vea","TB","DL","13692","robust",NA,NA,NA,NA,NA,NA,NA,NA,NA,NA,NA,NA,NA,NA,NA,NA,NA,NA,NA,NA,NA,NA,NA,NA,NA,NA,NA,NA,NA,NA,NA,NA,NA,NA,NA,NA,NA,NA,NA,NA,NA,NA,NA,NA,NA,NA,NA,NA,NA,NA,18.8,1.18608,5.45,0.0741299999999997,0.15,0.22239,1,0,0,0,NA,NA,NA,NA
"707","John Franklin-Myers","NYJ","DL","13770","robust",NA,NA,NA,NA,NA,NA,NA,NA,NA,NA,NA,NA,NA,NA,NA,NA,NA,NA,NA,NA,NA,NA,NA,NA,NA,NA,NA,NA,NA,NA,NA,NA,NA,NA,NA,NA,NA,NA,NA,NA,NA,NA,NA,NA,NA,NA,NA,NA,NA,NA,19.2,0.296519999999999,5.7,0.29652,0.5,0.7413,1.4,0.88956,0,0,NA,NA,NA,NA
"708","Bradley Chubb","MIA","DL","13681","robust",NA,NA,NA,NA,NA,NA,NA,NA,NA,NA,NA,NA,NA,NA,NA,NA,NA,NA,NA,NA,NA,NA,NA,NA,NA,NA,NA,NA,NA,NA,NA,NA,NA,NA,NA,NA,NA,NA,NA,NA,NA,NA,NA,NA,NA,NA,NA,NA,NA,NA,18.8,0.296519999999999,5.55,1.40847,0.7,0.44478,1.9,0.14826,0,0,NA,NA,NA,NA
"709","Emmanuel Ogbah","MIA","DL","12691","robust",NA,NA,NA,NA,NA,NA,NA,NA,NA,NA,NA,NA,NA,NA,NA,NA,NA,NA,NA,NA,NA,NA,NA,NA,NA,NA,NA,NA,NA,NA,NA,NA,NA,NA,NA,NA,NA,NA,NA,NA,NA,NA,NA,NA,NA,NA,NA,NA,NA,NA,17.2,2.66868,3.65,2.00151,0,0,4.6,3.55824,0,0,NA,NA,NA,NA
"710","Quinton Jefferson","NYJ","DL","12796","robust",NA,NA,NA,NA,NA,NA,NA,NA,NA,NA,NA,NA,NA,NA,NA,NA,NA,NA,NA,NA,NA,NA,NA,NA,NA,NA,NA,NA,NA,NA,NA,NA,NA,NA,NA,NA,NA,NA,NA,NA,NA,NA,NA,NA,NA,NA,NA,NA,NA,NA,17,0,4.2,0.29652,0,0,1.55,0.66717,0,0,NA,NA,NA,NA
"711","Alim McNeill","DET","DL","15390","robust",NA,NA,NA,NA,NA,NA,NA,NA,NA,NA,NA,NA,NA,NA,NA,NA,NA,NA,NA,NA,NA,NA,NA,NA,NA,NA,NA,NA,NA,NA,NA,NA,NA,NA,NA,NA,NA,NA,NA,NA,NA,NA,NA,NA,NA,NA,NA,NA,NA,NA,16.45,0.667169999999999,1.4,0.14826,0,0,0.6,0.59304,0,0,NA,NA,NA,NA
"712","Alex Singleton","DEN","LB","14412","robust",NA,NA,NA,NA,NA,NA,NA,NA,NA,NA,NA,NA,NA,NA,NA,NA,NA,NA,NA,NA,NA,NA,NA,NA,NA,NA,NA,NA,NA,NA,NA,NA,NA,NA,NA,NA,NA,NA,NA,NA,NA,NA,NA,NA,NA,NA,NA,NA,NA,NA,110.2125,1.33434000000001,0.2325,0,0.8825,0.14826,4.2625,1.77912,0.2,0,NA,NA,NA,NA
"713","Nick Bolton","KC","LB","15355","robust",NA,NA,NA,NA,NA,NA,NA,NA,NA,NA,NA,NA,NA,NA,NA,NA,NA,NA,NA,NA,NA,NA,NA,NA,NA,NA,NA,NA,NA,NA,NA,NA,NA,NA,NA,NA,NA,NA,NA,NA,NA,NA,NA,NA,NA,NA,NA,NA,NA,NA,113.2125,1.77912,1.505,0,0.9925,0.14826,3.655,1.18608,0.795,0.896973,NA,NA,NA,NA
"714","Roquan Smith","BAL","LB","13696","robust",NA,NA,NA,NA,NA,NA,NA,NA,NA,NA,NA,NA,NA,NA,NA,NA,NA,NA,NA,NA,NA,NA,NA,NA,NA,NA,NA,NA,NA,NA,NA,NA,NA,NA,NA,NA,NA,NA,NA,NA,NA,NA,NA,NA,NA,NA,NA,NA,NA,NA,116.6525,0.444779999999996,4.7775,0.29652,2.1425,0.637518,4.96,2.283204,0.13,0.192738,NA,NA,NA,NA
"715","Foyesade Oluokun","JAC","LB","13813","robust",NA,NA,NA,NA,NA,NA,NA,NA,NA,NA,NA,NA,NA,NA,NA,NA,NA,NA,NA,NA,NA,NA,NA,NA,NA,NA,NA,NA,NA,NA,NA,NA,NA,NA,NA,NA,NA,NA,NA,NA,NA,NA,NA,NA,NA,NA,NA,NA,NA,NA,126.325,2.07564000000001,2.13,0.0593040000000001,0.93,0.029652,5.3525,1.793946,0.11,0.163086,NA,NA,NA,NA
"716","Fred Warner","SF","LB","13743","robust",NA,NA,NA,NA,NA,NA,NA,NA,NA,NA,NA,NA,NA,NA,NA,NA,NA,NA,NA,NA,NA,NA,NA,NA,NA,NA,NA,NA,NA,NA,NA,NA,NA,NA,NA,NA,NA,NA,NA,NA,NA,NA,NA,NA,NA,NA,NA,NA,NA,NA,102.9225,1.77912,1.5425,0.192738,1.145,0.029652,7.11,0.681996,0.1,0.14826,NA,NA,NA,NA
"717","Zaire Franklin","IND","LB","13837","robust",NA,NA,NA,NA,NA,NA,NA,NA,NA,NA,NA,NA,NA,NA,NA,NA,NA,NA,NA,NA,NA,NA,NA,NA,NA,NA,NA,NA,NA,NA,NA,NA,NA,NA,NA,NA,NA,NA,NA,NA,NA,NA,NA,NA,NA,NA,NA,NA,NA,NA,116.0375,2.2239,3.44,0.7413,0.62,0.533736,5.355,0.874734,0.1,0.14826,NA,NA,NA,NA
"718","Bobby Okereke","NYG","LB","14218","robust",NA,NA,NA,NA,NA,NA,NA,NA,NA,NA,NA,NA,NA,NA,NA,NA,NA,NA,NA,NA,NA,NA,NA,NA,NA,NA,NA,NA,NA,NA,NA,NA,NA,NA,NA,NA,NA,NA,NA,NA,NA,NA,NA,NA,NA,NA,NA,NA,NA,NA,105.065,5.63388,1.24,0.563388,0.725,0.0741300000000001,5.2575,0.59304,0.5,0.44478,NA,NA,NA,NA
"719","Jordyn Brooks","SEA","LB","14892","robust",NA,NA,NA,NA,NA,NA,NA,NA,NA,NA,NA,NA,NA,NA,NA,NA,NA,NA,NA,NA,NA,NA,NA,NA,NA,NA,NA,NA,NA,NA,NA,NA,NA,NA,NA,NA,NA,NA,NA,NA,NA,NA,NA,NA,NA,NA,NA,NA,NA,NA,107.0375,19.12554,1.1575,0.044478,0.06,0,4.71,0.266868,0.08,0.118608,"Q","Knee - ACL",2023,0
"720","Cole Holcomb","PIT","LB","14260","robust",NA,NA,NA,NA,NA,NA,NA,NA,NA,NA,NA,NA,NA,NA,NA,NA,NA,NA,NA,NA,NA,NA,NA,NA,NA,NA,NA,NA,NA,NA,NA,NA,NA,NA,NA,NA,NA,NA,NA,NA,NA,NA,NA,NA,NA,NA,NA,NA,NA,NA,98.0575,7.56125999999999,1.96,0.0889560000000001,0.8775,0.14826,4.4075,0.29652,0.09,0.133434,NA,NA,NA,NA
"721","T.J. Edwards","CHI","LB","14322","robust",NA,NA,NA,NA,NA,NA,NA,NA,NA,NA,NA,NA,NA,NA,NA,NA,NA,NA,NA,NA,NA,NA,NA,NA,NA,NA,NA,NA,NA,NA,NA,NA,NA,NA,NA,NA,NA,NA,NA,NA,NA,NA,NA,NA,NA,NA,NA,NA,NA,NA,95.9175,9.19212,2.0125,0.44478,0.1925,0,3.89,0.59304,0.1,0.14826,NA,NA,NA,NA
"722","Drue Tranquill","KC","LB","14235","robust",NA,NA,NA,NA,NA,NA,NA,NA,NA,NA,NA,NA,NA,NA,NA,NA,NA,NA,NA,NA,NA,NA,NA,NA,NA,NA,NA,NA,NA,NA,NA,NA,NA,NA,NA,NA,NA,NA,NA,NA,NA,NA,NA,NA,NA,NA,NA,NA,NA,NA,97.27,7.70952,4.15,0.14826,0.745,0.355824,4.49,0.830256000000001,0.095,0.140847,NA,NA,NA,NA
"723","Cody Barton","WAS","LB","14217","robust",NA,NA,NA,NA,NA,NA,NA,NA,NA,NA,NA,NA,NA,NA,NA,NA,NA,NA,NA,NA,NA,NA,NA,NA,NA,NA,NA,NA,NA,NA,NA,NA,NA,NA,NA,NA,NA,NA,NA,NA,NA,NA,NA,NA,NA,NA,NA,NA,NA,NA,89.33,23.42508,1.795,0.237216,1.075,0,4.4075,1.18608,0.1,0.14826,NA,NA,NA,NA
"724","Robert Spillane","LVR","LB","13987","robust",NA,NA,NA,NA,NA,NA,NA,NA,NA,NA,NA,NA,NA,NA,NA,NA,NA,NA,NA,NA,NA,NA,NA,NA,NA,NA,NA,NA,NA,NA,NA,NA,NA,NA,NA,NA,NA,NA,NA,NA,NA,NA,NA,NA,NA,NA,NA,NA,NA,NA,77.8125,0.889560000000002,1.0825,0.7413,0.555,0.133434,3.8375,0.59304,0.09,0.133434,NA,NA,NA,NA
"725","Lavonte David","TB","LB","10768","robust",NA,NA,NA,NA,NA,NA,NA,NA,NA,NA,NA,NA,NA,NA,NA,NA,NA,NA,NA,NA,NA,NA,NA,NA,NA,NA,NA,NA,NA,NA,NA,NA,NA,NA,NA,NA,NA,NA,NA,NA,NA,NA,NA,NA,NA,NA,NA,NA,NA,NA,97.925,8.30255999999999,2.675,0.0741299999999997,0.3575,0,4.7275,0.14826,0.11,0.163086,NA,NA,NA,NA
"726","Bobby Wagner","SEA","LB","10775","robust",NA,NA,NA,NA,NA,NA,NA,NA,NA,NA,NA,NA,NA,NA,NA,NA,NA,NA,NA,NA,NA,NA,NA,NA,NA,NA,NA,NA,NA,NA,NA,NA,NA,NA,NA,NA,NA,NA,NA,NA,NA,NA,NA,NA,NA,NA,NA,NA,NA,NA,101.4575,6.52344000000001,4.3775,1.18608,1.15,0,5.545,0.563388000000001,0.1,0.14826,NA,NA,NA,NA
"727","Shaq Green-Thompson","CAR","LB","12231","robust",NA,NA,NA,NA,NA,NA,NA,NA,NA,NA,NA,NA,NA,NA,NA,NA,NA,NA,NA,NA,NA,NA,NA,NA,NA,NA,NA,NA,NA,NA,NA,NA,NA,NA,NA,NA,NA,NA,NA,NA,NA,NA,NA,NA,NA,NA,NA,NA,NA,NA,85.0375,3.7065,1.055,0.59304,0.575,0.51891,3.1975,2.505594,0.085,0.126021,NA,NA,NA,NA
"728","C.J. Mosley","NYJ","LB","11728","robust",NA,NA,NA,NA,NA,NA,NA,NA,NA,NA,NA,NA,NA,NA,NA,NA,NA,NA,NA,NA,NA,NA,NA,NA,NA,NA,NA,NA,NA,NA,NA,NA,NA,NA,NA,NA,NA,NA,NA,NA,NA,NA,NA,NA,NA,NA,NA,NA,NA,NA,112.2375,6.6717,1.39,0.400302,1.13,0.44478,5.5325,1.63086,0.11,0.163086,NA,NA,NA,NA
"729","Azeez Al-Shaair","TEN","LB","14590","robust",NA,NA,NA,NA,NA,NA,NA,NA,NA,NA,NA,NA,NA,NA,NA,NA,NA,NA,NA,NA,NA,NA,NA,NA,NA,NA,NA,NA,NA,NA,NA,NA,NA,NA,NA,NA,NA,NA,NA,NA,NA,NA,NA,NA,NA,NA,NA,NA,NA,NA,77.755,9.04386,1.01,1.03782,1.1175,0.340998,4.355,0.29652,0.09,0.133434,NA,NA,NA,NA
"730","Jamin Davis","WAS","LB","15373","robust",NA,NA,NA,NA,NA,NA,NA,NA,NA,NA,NA,NA,NA,NA,NA,NA,NA,NA,NA,NA,NA,NA,NA,NA,NA,NA,NA,NA,NA,NA,NA,NA,NA,NA,NA,NA,NA,NA,NA,NA,NA,NA,NA,NA,NA,NA,NA,NA,NA,NA,91.915,4.4478,2.005,1.92738,0.0925,0,2.2425,1.03782,0.085,0.126021,NA,NA,NA,NA
"731","Tremaine Edmunds","CHI","LB","13697","robust",NA,NA,NA,NA,NA,NA,NA,NA,NA,NA,NA,NA,NA,NA,NA,NA,NA,NA,NA,NA,NA,NA,NA,NA,NA,NA,NA,NA,NA,NA,NA,NA,NA,NA,NA,NA,NA,NA,NA,NA,NA,NA,NA,NA,NA,NA,NA,NA,NA,NA,96.6825,4.59605999999999,1.7525,0.14826,1.1,0.0741300000000001,3.1225,0.14826,0.095,0.140847,NA,NA,NA,NA
"732","DeVondre Campbell","GB","LB","12779","robust",NA,NA,NA,NA,NA,NA,NA,NA,NA,NA,NA,NA,NA,NA,NA,NA,NA,NA,NA,NA,NA,NA,NA,NA,NA,NA,NA,NA,NA,NA,NA,NA,NA,NA,NA,NA,NA,NA,NA,NA,NA,NA,NA,NA,NA,NA,NA,NA,NA,NA,95.715,7.26474000000001,1.4775,0,1.6625,0.14826,3.69,0,0.335,0.244629,"Q","Ankle",2023,0
"733","Ernest Jones","LAR","LB","15404","robust",NA,NA,NA,NA,NA,NA,NA,NA,NA,NA,NA,NA,NA,NA,NA,NA,NA,NA,NA,NA,NA,NA,NA,NA,NA,NA,NA,NA,NA,NA,NA,NA,NA,NA,NA,NA,NA,NA,NA,NA,NA,NA,NA,NA,NA,NA,NA,NA,NA,NA,91.1175,7.413,1.71,0.993342,1.19,0.044478,4.48,0.29652,0.09,0.133434,NA,NA,NA,NA
"734","Devin White","TB","LB","14168","robust",NA,NA,NA,NA,NA,NA,NA,NA,NA,NA,NA,NA,NA,NA,NA,NA,NA,NA,NA,NA,NA,NA,NA,NA,NA,NA,NA,NA,NA,NA,NA,NA,NA,NA,NA,NA,NA,NA,NA,NA,NA,NA,NA,NA,NA,NA,NA,NA,NA,NA,90.4775,5.9304,3.96,0,0.18,0,4.495,0.59304,0.095,0.140847,NA,NA,NA,NA
"735","Logan Wilson","CIN","LB","14928","robust",NA,NA,NA,NA,NA,NA,NA,NA,NA,NA,NA,NA,NA,NA,NA,NA,NA,NA,NA,NA,NA,NA,NA,NA,NA,NA,NA,NA,NA,NA,NA,NA,NA,NA,NA,NA,NA,NA,NA,NA,NA,NA,NA,NA,NA,NA,NA,NA,NA,NA,104.705,4.29954000000001,2.21,0.29652,1.85,0.14826,5.695,1.77912,0.12,0.177912,NA,NA,NA,NA
"736","Frankie Luvu","CAR","LB","13952","robust",NA,NA,NA,NA,NA,NA,NA,NA,NA,NA,NA,NA,NA,NA,NA,NA,NA,NA,NA,NA,NA,NA,NA,NA,NA,NA,NA,NA,NA,NA,NA,NA,NA,NA,NA,NA,NA,NA,NA,NA,NA,NA,NA,NA,NA,NA,NA,NA,NA,NA,103.6675,6.07865999999999,7.1725,0.163085999999999,0.775,0,4.2875,0.29652,0.455,0.363237,NA,NA,NA,NA
"737","Jordan Hicks","MIN","LB","12287","robust",NA,NA,NA,NA,NA,NA,NA,NA,NA,NA,NA,NA,NA,NA,NA,NA,NA,NA,NA,NA,NA,NA,NA,NA,NA,NA,NA,NA,NA,NA,NA,NA,NA,NA,NA,NA,NA,NA,NA,NA,NA,NA,NA,NA,NA,NA,NA,NA,NA,NA,93.325,12.15732,2.915,1.126776,1.065,0.14826,7.41,0.681996,0.105,0.155673,NA,NA,NA,NA
"738","Josey Jewell","DEN","LB","13702","robust",NA,NA,NA,NA,NA,NA,NA,NA,NA,NA,NA,NA,NA,NA,NA,NA,NA,NA,NA,NA,NA,NA,NA,NA,NA,NA,NA,NA,NA,NA,NA,NA,NA,NA,NA,NA,NA,NA,NA,NA,NA,NA,NA,NA,NA,NA,NA,NA,NA,NA,92.9725,6.52344000000001,3.1125,0.0741299999999997,1.1525,0.578214,5.155,0.0148259999999997,0.09,0.133434,NA,NA,NA,NA
"739","Alex Anzalone","DET","LB","13268","robust",NA,NA,NA,NA,NA,NA,NA,NA,NA,NA,NA,NA,NA,NA,NA,NA,NA,NA,NA,NA,NA,NA,NA,NA,NA,NA,NA,NA,NA,NA,NA,NA,NA,NA,NA,NA,NA,NA,NA,NA,NA,NA,NA,NA,NA,NA,NA,NA,NA,NA,88.6425,29.94852,1.55,0.29652,0.665,0.326172,4.5475,0.726474,0.09,0.133434,NA,NA,NA,NA
"740","Dre Greenlaw","SF","LB","14247","robust",NA,NA,NA,NA,NA,NA,NA,NA,NA,NA,NA,NA,NA,NA,NA,NA,NA,NA,NA,NA,NA,NA,NA,NA,NA,NA,NA,NA,NA,NA,NA,NA,NA,NA,NA,NA,NA,NA,NA,NA,NA,NA,NA,NA,NA,NA,NA,NA,NA,NA,94.3825,16.90164,0.52,0,0.79,0.252042,5.5325,0.0444780000000004,0.48,0.474432,"Q","Hamstring",2023,0
"741","Elandon Roberts","PIT","LB","12831","robust",NA,NA,NA,NA,NA,NA,NA,NA,NA,NA,NA,NA,NA,NA,NA,NA,NA,NA,NA,NA,NA,NA,NA,NA,NA,NA,NA,NA,NA,NA,NA,NA,NA,NA,NA,NA,NA,NA,NA,NA,NA,NA,NA,NA,NA,NA,NA,NA,NA,NA,79.88,4.15128,3.64,1.156428,0.0675,0,2.14,1.03782,0.075,0.111195,NA,NA,NA,NA
"742","Patrick Queen","BAL","LB","14896","robust",NA,NA,NA,NA,NA,NA,NA,NA,NA,NA,NA,NA,NA,NA,NA,NA,NA,NA,NA,NA,NA,NA,NA,NA,NA,NA,NA,NA,NA,NA,NA,NA,NA,NA,NA,NA,NA,NA,NA,NA,NA,NA,NA,NA,NA,NA,NA,NA,NA,NA,86.6275,5.04084000000001,4.325,0.44478,1.1275,0.133434,4.17,0.533735999999999,0.1,0.14826,NA,NA,NA,NA
"743","Denzel Perryman","HOU","LB","12238","robust",NA,NA,NA,NA,NA,NA,NA,NA,NA,NA,NA,NA,NA,NA,NA,NA,NA,NA,NA,NA,NA,NA,NA,NA,NA,NA,NA,NA,NA,NA,NA,NA,NA,NA,NA,NA,NA,NA,NA,NA,NA,NA,NA,NA,NA,NA,NA,NA,NA,NA,81.2,5.48562,0.855,0.014826,0.92,1.319514,3.7425,2.37216,0.085,0.126021,NA,NA,NA,NA
"744","Leighton Vander Esch","DAL","LB","13727","robust",NA,NA,NA,NA,NA,NA,NA,NA,NA,NA,NA,NA,NA,NA,NA,NA,NA,NA,NA,NA,NA,NA,NA,NA,NA,NA,NA,NA,NA,NA,NA,NA,NA,NA,NA,NA,NA,NA,NA,NA,NA,NA,NA,NA,NA,NA,NA,NA,NA,NA,84.0875,10.3782,1.69,0.711648,0.1275,0,2.4425,1.63086,0.075,0.111195,NA,NA,NA,NA
"745","Ja'Whaun Bentley","NE","LB","13775","robust",NA,NA,NA,NA,NA,NA,NA,NA,NA,NA,NA,NA,NA,NA,NA,NA,NA,NA,NA,NA,NA,NA,NA,NA,NA,NA,NA,NA,NA,NA,NA,NA,NA,NA,NA,NA,NA,NA,NA,NA,NA,NA,NA,NA,NA,NA,NA,NA,NA,NA,76.8775,0.7413,2.37,0.355824,0.7875,0.29652,2.6375,0.44478,0.18,0.029652,NA,NA,NA,NA
"746","Eric Kendricks","LAC","LB","12239","robust",NA,NA,NA,NA,NA,NA,NA,NA,NA,NA,NA,NA,NA,NA,NA,NA,NA,NA,NA,NA,NA,NA,NA,NA,NA,NA,NA,NA,NA,NA,NA,NA,NA,NA,NA,NA,NA,NA,NA,NA,NA,NA,NA,NA,NA,NA,NA,NA,NA,NA,95.9575,2.81694000000001,3.345,0.207564,0.8,0.0741300000000001,5.3975,0.133434,0.09,0.133434,NA,NA,NA,NA
"747","Monty Rice","TEN","LB","15399","robust",NA,NA,NA,NA,NA,NA,NA,NA,NA,NA,NA,NA,NA,NA,NA,NA,NA,NA,NA,NA,NA,NA,NA,NA,NA,NA,NA,NA,NA,NA,NA,NA,NA,NA,NA,NA,NA,NA,NA,NA,NA,NA,NA,NA,NA,NA,NA,NA,NA,NA,73.7225,12.75036,0.76,0.845082,0.23,0.029652,2.1325,0.7413,0.065,0.096369,NA,NA,NA,NA
"748","Jack Sanborn","CHI","LB","15975","robust",NA,NA,NA,NA,NA,NA,NA,NA,NA,NA,NA,NA,NA,NA,NA,NA,NA,NA,NA,NA,NA,NA,NA,NA,NA,NA,NA,NA,NA,NA,NA,NA,NA,NA,NA,NA,NA,NA,NA,NA,NA,NA,NA,NA,NA,NA,NA,NA,NA,NA,71.0325,5.9304,2.61,0.44478,0.11,0,1.0525,0,0.085,0.126021,NA,NA,NA,NA
"749","Quincy Williams","NYJ","LB","14221","robust",NA,NA,NA,NA,NA,NA,NA,NA,NA,NA,NA,NA,NA,NA,NA,NA,NA,NA,NA,NA,NA,NA,NA,NA,NA,NA,NA,NA,NA,NA,NA,NA,NA,NA,NA,NA,NA,NA,NA,NA,NA,NA,NA,NA,NA,NA,NA,NA,NA,NA,88.05,2.2239,2.5675,0.252042,0.06,0,3.2625,0,0.07,0.103782,NA,NA,NA,NA
"750","Germaine Pratt","CIN","LB","14210","robust",NA,NA,NA,NA,NA,NA,NA,NA,NA,NA,NA,NA,NA,NA,NA,NA,NA,NA,NA,NA,NA,NA,NA,NA,NA,NA,NA,NA,NA,NA,NA,NA,NA,NA,NA,NA,NA,NA,NA,NA,NA,NA,NA,NA,NA,NA,NA,NA,NA,NA,73.765,5.9304,0.9175,0.103782,1.2525,0.133434,6.8725,0.459605999999999,0.085,0.126021,NA,NA,NA,NA
"751","Divine Deablo","LVR","LB","15396","robust",NA,NA,NA,NA,NA,NA,NA,NA,NA,NA,NA,NA,NA,NA,NA,NA,NA,NA,NA,NA,NA,NA,NA,NA,NA,NA,NA,NA,NA,NA,NA,NA,NA,NA,NA,NA,NA,NA,NA,NA,NA,NA,NA,NA,NA,NA,NA,NA,NA,NA,93.875,5.63388,0.44,0.029652,0.335,0.118608,2.55,0.7413,0.065,0.096369,NA,NA,NA,NA
"752","Pete Werner","NO","LB","15387","robust",NA,NA,NA,NA,NA,NA,NA,NA,NA,NA,NA,NA,NA,NA,NA,NA,NA,NA,NA,NA,NA,NA,NA,NA,NA,NA,NA,NA,NA,NA,NA,NA,NA,NA,NA,NA,NA,NA,NA,NA,NA,NA,NA,NA,NA,NA,NA,NA,NA,NA,94.6175,12.30558,2.005,0.415128,0.315,0.400302,4.59,2.194248,0.07,0.103782,NA,NA,NA,NA
"753","David Long","MIA","LB","14268","robust",NA,NA,NA,NA,NA,NA,NA,NA,NA,NA,NA,NA,NA,NA,NA,NA,NA,NA,NA,NA,NA,NA,NA,NA,NA,NA,NA,NA,NA,NA,NA,NA,NA,NA,NA,NA,NA,NA,NA,NA,NA,NA,NA,NA,NA,NA,NA,NA,NA,NA,87.13,1.4826,1.71,0.696822,1.4575,0.548562,4.91,1.393644,0.085,0.126021,NA,NA,NA,NA
"754","Troy Andersen","ATL","LB","15858","robust",NA,NA,NA,NA,NA,NA,NA,NA,NA,NA,NA,NA,NA,NA,NA,NA,NA,NA,NA,NA,NA,NA,NA,NA,NA,NA,NA,NA,NA,NA,NA,NA,NA,NA,NA,NA,NA,NA,NA,NA,NA,NA,NA,NA,NA,NA,NA,NA,NA,NA,69.0525,36.91674,0.4775,0.163086,0.3625,0.37065,2.4925,1.33434,0.075,0.111195,NA,NA,NA,NA
"755","Christian Harris","HOU","LB","15823","robust",NA,NA,NA,NA,NA,NA,NA,NA,NA,NA,NA,NA,NA,NA,NA,NA,NA,NA,NA,NA,NA,NA,NA,NA,NA,NA,NA,NA,NA,NA,NA,NA,NA,NA,NA,NA,NA,NA,NA,NA,NA,NA,NA,NA,NA,NA,NA,NA,NA,NA,81.805,26.09376,2.155,0.207564,1.6125,0.29652,7.1525,2.357334,0.085,0.126021,NA,NA,NA,NA
"756","Quay Walker","GB","LB","15846","robust",NA,NA,NA,NA,NA,NA,NA,NA,NA,NA,NA,NA,NA,NA,NA,NA,NA,NA,NA,NA,NA,NA,NA,NA,NA,NA,NA,NA,NA,NA,NA,NA,NA,NA,NA,NA,NA,NA,NA,NA,NA,NA,NA,NA,NA,NA,NA,NA,NA,NA,83.46,2.9652,2.145,0.429954,0.095,0,5.7825,1.03782,0.07,0.103782,NA,NA,NA,NA
"757","Demario Davis","NO","LB","10816","robust",NA,NA,NA,NA,NA,NA,NA,NA,NA,NA,NA,NA,NA,NA,NA,NA,NA,NA,NA,NA,NA,NA,NA,NA,NA,NA,NA,NA,NA,NA,NA,NA,NA,NA,NA,NA,NA,NA,NA,NA,NA,NA,NA,NA,NA,NA,NA,NA,NA,NA,68.345,9.04386,5.39,0.0296519999999994,0.6875,0.0741299999999999,5.4675,0.29652,0.09,0.133434,NA,NA,NA,NA
"758","Sione Takitaki","CLE","LB","14212","robust",NA,NA,NA,NA,NA,NA,NA,NA,NA,NA,NA,NA,NA,NA,NA,NA,NA,NA,NA,NA,NA,NA,NA,NA,NA,NA,NA,NA,NA,NA,NA,NA,NA,NA,NA,NA,NA,NA,NA,NA,NA,NA,NA,NA,NA,NA,NA,NA,NA,NA,68.545,12.75036,1.11,0.14826,0.2125,0,2.195,0.29652,0.08,0.118608,"Q","Knee - ACL",2023,0
"759","Christian Rozeboom","LAR","LB","15076","robust",NA,NA,NA,NA,NA,NA,NA,NA,NA,NA,NA,NA,NA,NA,NA,NA,NA,NA,NA,NA,NA,NA,NA,NA,NA,NA,NA,NA,NA,NA,NA,NA,NA,NA,NA,NA,NA,NA,NA,NA,NA,NA,NA,NA,NA,NA,NA,NA,NA,NA,69.215,8.59908,3.825,2.07564,0.975,0.44478,3.98,0.919212,0.075,0.111195,NA,NA,NA,NA
"760","E.J. Speed","IND","LB","14257","robust",NA,NA,NA,NA,NA,NA,NA,NA,NA,NA,NA,NA,NA,NA,NA,NA,NA,NA,NA,NA,NA,NA,NA,NA,NA,NA,NA,NA,NA,NA,NA,NA,NA,NA,NA,NA,NA,NA,NA,NA,NA,NA,NA,NA,NA,NA,NA,NA,NA,NA,58.2025,16.75338,1.5075,1.18608,0.1875,0.22239,3.1375,1.40847,0.07,0.103782,"Q","Concussion",2023,0
"761","Darius Leonard","IND","LB","13733","robust",NA,NA,NA,NA,NA,NA,NA,NA,NA,NA,NA,NA,NA,NA,NA,NA,NA,NA,NA,NA,NA,NA,NA,NA,NA,NA,NA,NA,NA,NA,NA,NA,NA,NA,NA,NA,NA,NA,NA,NA,NA,NA,NA,NA,NA,NA,NA,NA,NA,NA,90.135,3.11345999999999,0.8275,0,2.9275,1.18608,7.965,1.082298,0.1,0.14826,"Q","Concussion",2023,0
"762","Zaven Collins","ARI","LB","15352","robust",NA,NA,NA,NA,NA,NA,NA,NA,NA,NA,NA,NA,NA,NA,NA,NA,NA,NA,NA,NA,NA,NA,NA,NA,NA,NA,NA,NA,NA,NA,NA,NA,NA,NA,NA,NA,NA,NA,NA,NA,NA,NA,NA,NA,NA,NA,NA,NA,NA,NA,87.565,33.454869,2.04,0.0593040000000001,0.95,0.07413,5.17,0.252042,0.17,0,NA,NA,NA,NA
"763","Jeremiah Owusu-Koramoah","CLE","LB","15351","robust",NA,NA,NA,NA,NA,NA,NA,NA,NA,NA,NA,NA,NA,NA,NA,NA,NA,NA,NA,NA,NA,NA,NA,NA,NA,NA,NA,NA,NA,NA,NA,NA,NA,NA,NA,NA,NA,NA,NA,NA,NA,NA,NA,NA,NA,NA,NA,NA,NA,NA,64.9825,3.55824,0.8625,0.66717,0.07,0,3.175,0.44478,0.065,0.096369,NA,NA,NA,NA
"764","Kyzir White","ARI","LB","13762","robust",NA,NA,NA,NA,NA,NA,NA,NA,NA,NA,NA,NA,NA,NA,NA,NA,NA,NA,NA,NA,NA,NA,NA,NA,NA,NA,NA,NA,NA,NA,NA,NA,NA,NA,NA,NA,NA,NA,NA,NA,NA,NA,NA,NA,NA,NA,NA,NA,NA,NA,73.405,28.31766,1.9375,0.59304,0.825,0.22239,4.53,1.690164,0.43,0.400302,NA,NA,NA,NA
"765","Damone Clark","DAL","LB","15826","robust",NA,NA,NA,NA,NA,NA,NA,NA,NA,NA,NA,NA,NA,NA,NA,NA,NA,NA,NA,NA,NA,NA,NA,NA,NA,NA,NA,NA,NA,NA,NA,NA,NA,NA,NA,NA,NA,NA,NA,NA,NA,NA,NA,NA,NA,NA,NA,NA,NA,NA,56.2875,22.38726,1.16,1.675338,0.0775,0,2.105,1.03782,0.065,0.096369,NA,NA,NA,NA
"766","Kaden Elliss","ATL","LB","14303","robust",NA,NA,NA,NA,NA,NA,NA,NA,NA,NA,NA,NA,NA,NA,NA,NA,NA,NA,NA,NA,NA,NA,NA,NA,NA,NA,NA,NA,NA,NA,NA,NA,NA,NA,NA,NA,NA,NA,NA,NA,NA,NA,NA,NA,NA,NA,NA,NA,NA,NA,67.49,47.4432,6.505,1.18608,0.2475,0.133434,2.3,0.7413,0.085,0.126021,NA,NA,NA,NA
"767","Jack Campbell","DET","LB","16239","robust",NA,NA,NA,NA,NA,NA,NA,NA,NA,NA,NA,NA,NA,NA,NA,NA,NA,NA,NA,NA,NA,NA,NA,NA,NA,NA,NA,NA,NA,NA,NA,NA,NA,NA,NA,NA,NA,NA,NA,NA,NA,NA,NA,NA,NA,NA,NA,NA,NA,NA,86.405,10.52646,4.33,1.03782,0.8125,0.22239,5.545,0.474432,0.07,0.103782,NA,NA,NA,NA
"768","Jerome Baker","MIA","LB","13706","robust",NA,NA,NA,NA,NA,NA,NA,NA,NA,NA,NA,NA,NA,NA,NA,NA,NA,NA,NA,NA,NA,NA,NA,NA,NA,NA,NA,NA,NA,NA,NA,NA,NA,NA,NA,NA,NA,NA,NA,NA,NA,NA,NA,NA,NA,NA,NA,NA,NA,NA,72.365,4.29954,4.3525,0.163086,0.465,0.637518,3.755,0.207564,0.075,0.111195,NA,NA,NA,NA
"769","Willie Gay","KC","LB","14926","robust",NA,NA,NA,NA,NA,NA,NA,NA,NA,NA,NA,NA,NA,NA,NA,NA,NA,NA,NA,NA,NA,NA,NA,NA,NA,NA,NA,NA,NA,NA,NA,NA,NA,NA,NA,NA,NA,NA,NA,NA,NA,NA,NA,NA,NA,NA,NA,NA,NA,NA,68.8325,2.81694,2.3875,0.0741299999999997,0.9975,0.29652,6.9425,2.81694,0.68,0.770952,NA,NA,NA,NA
"770","Kenneth Murray","LAC","LB","14889","robust",NA,NA,NA,NA,NA,NA,NA,NA,NA,NA,NA,NA,NA,NA,NA,NA,NA,NA,NA,NA,NA,NA,NA,NA,NA,NA,NA,NA,NA,NA,NA,NA,NA,NA,NA,NA,NA,NA,NA,NA,NA,NA,NA,NA,NA,NA,NA,NA,NA,NA,59.3425,0.889560000000002,1.0575,0.14826,0.735,0.252042,2.225,1.33434,0.065,0.096369,NA,NA,NA,NA
"771","Matt Milano","BUF","LB","13307","robust",NA,NA,NA,NA,NA,NA,NA,NA,NA,NA,NA,NA,NA,NA,NA,NA,NA,NA,NA,NA,NA,NA,NA,NA,NA,NA,NA,NA,NA,NA,NA,NA,NA,NA,NA,NA,NA,NA,NA,NA,NA,NA,NA,NA,NA,NA,NA,NA,NA,NA,87.6425,6.52344000000001,3.635,0.207564,1.42,0.029652,9.45,4.00302,0.54,0.533736,NA,NA,NA,NA
"772","Jamien Sherwood","NYJ","LB","15428","robust",NA,NA,NA,NA,NA,NA,NA,NA,NA,NA,NA,NA,NA,NA,NA,NA,NA,NA,NA,NA,NA,NA,NA,NA,NA,NA,NA,NA,NA,NA,NA,NA,NA,NA,NA,NA,NA,NA,NA,NA,NA,NA,NA,NA,NA,NA,NA,NA,NA,NA,50.0925,4.89258,1.6025,1.18608,0.1125,0,1.695,0.44478,0.07,0.103782,NA,NA,NA,NA
"773","Devin Lloyd","JAC","LB","15822","robust",NA,NA,NA,NA,NA,NA,NA,NA,NA,NA,NA,NA,NA,NA,NA,NA,NA,NA,NA,NA,NA,NA,NA,NA,NA,NA,NA,NA,NA,NA,NA,NA,NA,NA,NA,NA,NA,NA,NA,NA,NA,NA,NA,NA,NA,NA,NA,NA,NA,NA,65.245,1.03782,0.2125,0.29652,1.735,0.29652,5.8575,0.340998000000001,0.08,0.118608,NA,NA,NA,NA
"774","Nakobe Dean","PHI","LB","15821","robust",NA,NA,NA,NA,NA,NA,NA,NA,NA,NA,NA,NA,NA,NA,NA,NA,NA,NA,NA,NA,NA,NA,NA,NA,NA,NA,NA,NA,NA,NA,NA,NA,NA,NA,NA,NA,NA,NA,NA,NA,NA,NA,NA,NA,NA,NA,NA,NA,NA,NA,90.3275,4.00302,4.37,4.15128,0.49,0.103782,5.065,0.859908,0.17,0.044478,NA,NA,NA,NA
"775","Oren Burks","SF","LB","13750","robust",NA,NA,NA,NA,NA,NA,NA,NA,NA,NA,NA,NA,NA,NA,NA,NA,NA,NA,NA,NA,NA,NA,NA,NA,NA,NA,NA,NA,NA,NA,NA,NA,NA,NA,NA,NA,NA,NA,NA,NA,NA,NA,NA,NA,NA,NA,NA,NA,NA,NA,36.01,2.66868,1.1475,0.44478,0.07,0,0.9975,0.29652,0.065,0.096369,NA,NA,NA,NA
"776","Jahlani Tavai","NE","LB","14200","robust",NA,NA,NA,NA,NA,NA,NA,NA,NA,NA,NA,NA,NA,NA,NA,NA,NA,NA,NA,NA,NA,NA,NA,NA,NA,NA,NA,NA,NA,NA,NA,NA,NA,NA,NA,NA,NA,NA,NA,NA,NA,NA,NA,NA,NA,NA,NA,NA,NA,NA,50.3875,8.74734,2.14,0.548562,0.0825,0,2.9625,0.81543,0.065,0.096369,NA,NA,NA,NA
"777","Zack Baun","NO","LB","14893","robust",NA,NA,NA,NA,NA,NA,NA,NA,NA,NA,NA,NA,NA,NA,NA,NA,NA,NA,NA,NA,NA,NA,NA,NA,NA,NA,NA,NA,NA,NA,NA,NA,NA,NA,NA,NA,NA,NA,NA,NA,NA,NA,NA,NA,NA,NA,NA,NA,NA,NA,37.6775,0.296519999999999,1.19,0.14826,0.0875,0,1.105,0.59304,0.055,0.081543,NA,NA,NA,NA
"778","Anthony Walker","CLE","LB","13306","robust",NA,NA,NA,NA,NA,NA,NA,NA,NA,NA,NA,NA,NA,NA,NA,NA,NA,NA,NA,NA,NA,NA,NA,NA,NA,NA,NA,NA,NA,NA,NA,NA,NA,NA,NA,NA,NA,NA,NA,NA,NA,NA,NA,NA,NA,NA,NA,NA,NA,NA,73.5,0.7413,0.95,0.07413,0.65,0.96369,4.6,0.88956,0.5,0,NA,NA,NA,NA
"779","Terrel Bernard","BUF","LB","15869","robust",NA,NA,NA,NA,NA,NA,NA,NA,NA,NA,NA,NA,NA,NA,NA,NA,NA,NA,NA,NA,NA,NA,NA,NA,NA,NA,NA,NA,NA,NA,NA,NA,NA,NA,NA,NA,NA,NA,NA,NA,NA,NA,NA,NA,NA,NA,NA,NA,NA,NA,66.6,0.593039999999998,2.1,0.14826,1.4,0.59304,8.65,0.96369,0.3,0,NA,NA,NA,NA
"780","Isaiah Simmons","NYG","LB","14887","robust",NA,NA,NA,NA,NA,NA,NA,NA,NA,NA,NA,NA,NA,NA,NA,NA,NA,NA,NA,NA,NA,NA,NA,NA,NA,NA,NA,NA,NA,NA,NA,NA,NA,NA,NA,NA,NA,NA,NA,NA,NA,NA,NA,NA,NA,NA,NA,NA,NA,NA,55.45,5.26323,3.8,1.03782,1.15,0.22239,4.85,0.22239,0.5,0,NA,NA,NA,NA
"781","Brian Asamoah","MIN","LB","15829","robust",NA,NA,NA,NA,NA,NA,NA,NA,NA,NA,NA,NA,NA,NA,NA,NA,NA,NA,NA,NA,NA,NA,NA,NA,NA,NA,NA,NA,NA,NA,NA,NA,NA,NA,NA,NA,NA,NA,NA,NA,NA,NA,NA,NA,NA,NA,NA,NA,NA,NA,52.65,6.89409,2.8,0.29652,0.2,0.29652,4.95,0.0741299999999997,0,0,NA,NA,NA,NA
"782","Malcolm Rodriguez","DET","LB","15914","robust",NA,NA,NA,NA,NA,NA,NA,NA,NA,NA,NA,NA,NA,NA,NA,NA,NA,NA,NA,NA,NA,NA,NA,NA,NA,NA,NA,NA,NA,NA,NA,NA,NA,NA,NA,NA,NA,NA,NA,NA,NA,NA,NA,NA,NA,NA,NA,NA,NA,NA,48.6,6.52344,0.8,0.29652,0,0,1.65,0.51891,0,0,NA,NA,NA,NA
"783","Micah McFadden","NYG","LB","15890","robust",NA,NA,NA,NA,NA,NA,NA,NA,NA,NA,NA,NA,NA,NA,NA,NA,NA,NA,NA,NA,NA,NA,NA,NA,NA,NA,NA,NA,NA,NA,NA,NA,NA,NA,NA,NA,NA,NA,NA,NA,NA,NA,NA,NA,NA,NA,NA,NA,NA,NA,44.45,5.11497,2.35,0.22239,0.15,0.22239,1.15,1.70499,0,0,NA,NA,NA,NA
"784","Devin Bush","SEA","LB","14170","robust",NA,NA,NA,NA,NA,NA,NA,NA,NA,NA,NA,NA,NA,NA,NA,NA,NA,NA,NA,NA,NA,NA,NA,NA,NA,NA,NA,NA,NA,NA,NA,NA,NA,NA,NA,NA,NA,NA,NA,NA,NA,NA,NA,NA,NA,NA,NA,NA,NA,NA,41.1,1.33434,1.1,0.88956,0,0,2.1,0.14826,0,0,NA,NA,NA,NA
"785","Chad Muma","JAC","LB","15830","robust",NA,NA,NA,NA,NA,NA,NA,NA,NA,NA,NA,NA,NA,NA,NA,NA,NA,NA,NA,NA,NA,NA,NA,NA,NA,NA,NA,NA,NA,NA,NA,NA,NA,NA,NA,NA,NA,NA,NA,NA,NA,NA,NA,NA,NA,NA,NA,NA,NA,NA,34,4.4478,2.15,0.22239,0,0,1.9,0.14826,0,0,NA,NA,NA,NA
"786","Kamu Grugier-Hill","CAR","LB","12828","robust",NA,NA,NA,NA,NA,NA,NA,NA,NA,NA,NA,NA,NA,NA,NA,NA,NA,NA,NA,NA,NA,NA,NA,NA,NA,NA,NA,NA,NA,NA,NA,NA,NA,NA,NA,NA,NA,NA,NA,NA,NA,NA,NA,NA,NA,NA,NA,NA,NA,NA,29.75,6.30105,0.95,0.81543,0,0,0,0,0,0,NA,NA,NA,NA
"787","Christian Elliss","PHI","LB","15681","robust",NA,NA,NA,NA,NA,NA,NA,NA,NA,NA,NA,NA,NA,NA,NA,NA,NA,NA,NA,NA,NA,NA,NA,NA,NA,NA,NA,NA,NA,NA,NA,NA,NA,NA,NA,NA,NA,NA,NA,NA,NA,NA,NA,NA,NA,NA,NA,NA,NA,NA,32.95,0.0741300000000011,2.2,1.77912,0,0,1.15,0.22239,0,0,NA,NA,NA,NA
"788","Derrick Barnes","DET","LB","15409","robust",NA,NA,NA,NA,NA,NA,NA,NA,NA,NA,NA,NA,NA,NA,NA,NA,NA,NA,NA,NA,NA,NA,NA,NA,NA,NA,NA,NA,NA,NA,NA,NA,NA,NA,NA,NA,NA,NA,NA,NA,NA,NA,NA,NA,NA,NA,NA,NA,NA,NA,27.1,6.07866,1.55,0.81543,0,0,0.6,0.59304,0,0,NA,NA,NA,NA
"789","Luke Masterson","LVR","LB","16004","robust",NA,NA,NA,NA,NA,NA,NA,NA,NA,NA,NA,NA,NA,NA,NA,NA,NA,NA,NA,NA,NA,NA,NA,NA,NA,NA,NA,NA,NA,NA,NA,NA,NA,NA,NA,NA,NA,NA,NA,NA,NA,NA,NA,NA,NA,NA,NA,NA,NA,NA,27.1,5.78214,0.25,0.37065,0,0,0.3,0.44478,0,0,NA,NA,NA,NA
"790","David Mayo","WAS","LB","12326","robust",NA,NA,NA,NA,NA,NA,NA,NA,NA,NA,NA,NA,NA,NA,NA,NA,NA,NA,NA,NA,NA,NA,NA,NA,NA,NA,NA,NA,NA,NA,NA,NA,NA,NA,NA,NA,NA,NA,NA,NA,NA,NA,NA,NA,NA,NA,NA,NA,NA,NA,28.25,1.85325,0.85,0.51891,0,0,0.9,0.14826,0,0,NA,NA,NA,NA
"791","Tyrel Dodson","BUF","LB","14472","robust",NA,NA,NA,NA,NA,NA,NA,NA,NA,NA,NA,NA,NA,NA,NA,NA,NA,NA,NA,NA,NA,NA,NA,NA,NA,NA,NA,NA,NA,NA,NA,NA,NA,NA,NA,NA,NA,NA,NA,NA,NA,NA,NA,NA,NA,NA,NA,NA,NA,NA,22.4,5.04084,1.65,0.96369,0,0,0.5,0.7413,0,0,NA,NA,NA,NA
"792","Akeem Davis-Gaither","CIN","LB","14943","robust",NA,NA,NA,NA,NA,NA,NA,NA,NA,NA,NA,NA,NA,NA,NA,NA,NA,NA,NA,NA,NA,NA,NA,NA,NA,NA,NA,NA,NA,NA,NA,NA,NA,NA,NA,NA,NA,NA,NA,NA,NA,NA,NA,NA,NA,NA,NA,NA,NA,NA,23,1.4826,0.45,0.07413,0,0,1.05,0.0741300000000001,0,0,NA,NA,NA,NA
"793","Markus Bailey","CIN","LB","15000","robust",NA,NA,NA,NA,NA,NA,NA,NA,NA,NA,NA,NA,NA,NA,NA,NA,NA,NA,NA,NA,NA,NA,NA,NA,NA,NA,NA,NA,NA,NA,NA,NA,NA,NA,NA,NA,NA,NA,NA,NA,NA,NA,NA,NA,NA,NA,NA,NA,NA,NA,22.3,1.92738,0.25,0.37065,0,0,0.6,0.59304,0,0,NA,NA,NA,NA
"794","Blake Cashman","HOU","LB","14251","robust",NA,NA,NA,NA,NA,NA,NA,NA,NA,NA,NA,NA,NA,NA,NA,NA,NA,NA,NA,NA,NA,NA,NA,NA,NA,NA,NA,NA,NA,NA,NA,NA,NA,NA,NA,NA,NA,NA,NA,NA,NA,NA,NA,NA,NA,NA,NA,NA,NA,NA,18.95,2.89107,2.6,2.37216,0,0,1.8,1.18608,0,0,"Q","Hamstring",2023,0
"795","Leo Chenal","KC","LB","15831","robust",NA,NA,NA,NA,NA,NA,NA,NA,NA,NA,NA,NA,NA,NA,NA,NA,NA,NA,NA,NA,NA,NA,NA,NA,NA,NA,NA,NA,NA,NA,NA,NA,NA,NA,NA,NA,NA,NA,NA,NA,NA,NA,NA,NA,NA,NA,NA,NA,NA,NA,20.3,0.444780000000001,2.1,0.88956,0,0,0,0,0,0,"Q","Hip",2023,0
"796","Brandon Jones","MIA","DB","14910","robust",NA,NA,NA,NA,NA,NA,NA,NA,NA,NA,NA,NA,NA,NA,NA,NA,NA,NA,NA,NA,NA,NA,NA,NA,NA,NA,NA,NA,NA,NA,NA,NA,NA,NA,NA,NA,NA,NA,NA,NA,NA,NA,NA,NA,NA,NA,NA,NA,NA,NA,66.08,19.86684,3.51,0.44478,1,0,4.2,1.63086,0.1,0.14826,"Q","Knee - ACL",2023,0
"797","Jalen Pitre","HOU","DB","15850","robust",NA,NA,NA,NA,NA,NA,NA,NA,NA,NA,NA,NA,NA,NA,NA,NA,NA,NA,NA,NA,NA,NA,NA,NA,NA,NA,NA,NA,NA,NA,NA,NA,NA,NA,NA,NA,NA,NA,NA,NA,NA,NA,NA,NA,NA,NA,NA,NA,NA,NA,111.1175,5.9304,0.845,0.207564,4.6225,1.77912,9.2975,0.311346000000001,0.225,0.037065,NA,NA,NA,NA
"798","Budda Baker","ARI","DB","13251","robust",NA,NA,NA,NA,NA,NA,NA,NA,NA,NA,NA,NA,NA,NA,NA,NA,NA,NA,NA,NA,NA,NA,NA,NA,NA,NA,NA,NA,NA,NA,NA,NA,NA,NA,NA,NA,NA,NA,NA,NA,NA,NA,NA,NA,NA,NA,NA,NA,NA,NA,91.87,4.4478,1.13,1.097124,1.9775,0.44478,7.18,1.719816,0.105,0.155673,NA,NA,NA,NA
"799","Derwin James","LAC","DB","13714","robust",NA,NA,NA,NA,NA,NA,NA,NA,NA,NA,NA,NA,NA,NA,NA,NA,NA,NA,NA,NA,NA,NA,NA,NA,NA,NA,NA,NA,NA,NA,NA,NA,NA,NA,NA,NA,NA,NA,NA,NA,NA,NA,NA,NA,NA,NA,NA,NA,NA,NA,85.86,2.2239,2.8725,0.14826,2.2025,0.726474,6.63,1.838424,0.105,0.155673,NA,NA,NA,NA
"800","Kamren Curl","WAS","DB","15001","robust",NA,NA,NA,NA,NA,NA,NA,NA,NA,NA,NA,NA,NA,NA,NA,NA,NA,NA,NA,NA,NA,NA,NA,NA,NA,NA,NA,NA,NA,NA,NA,NA,NA,NA,NA,NA,NA,NA,NA,NA,NA,NA,NA,NA,NA,NA,NA,NA,NA,NA,87.305,2.2239,1.23,0.029652,1.0625,0.44478,4.85,0.29652,0.205,0.00741299999999996,NA,NA,NA,NA
"801","Jaquan Brisker","CHI","DB","15835","robust",NA,NA,NA,NA,NA,NA,NA,NA,NA,NA,NA,NA,NA,NA,NA,NA,NA,NA,NA,NA,NA,NA,NA,NA,NA,NA,NA,NA,NA,NA,NA,NA,NA,NA,NA,NA,NA,NA,NA,NA,NA,NA,NA,NA,NA,NA,NA,NA,NA,NA,88.7725,22.68378,3.515,0.340998,1.4575,0.0444779999999997,3.775,1.63086,0.11,0.163086,"Q","Undisclosed",2023,0
"802","Richie Grant","ATL","DB","15381","robust",NA,NA,NA,NA,NA,NA,NA,NA,NA,NA,NA,NA,NA,NA,NA,NA,NA,NA,NA,NA,NA,NA,NA,NA,NA,NA,NA,NA,NA,NA,NA,NA,NA,NA,NA,NA,NA,NA,NA,NA,NA,NA,NA,NA,NA,NA,NA,NA,NA,NA,78.7075,6.96822,0.2325,0.29652,1.6025,0.014826,6.8475,0.281693999999999,0.105,0.155673,NA,NA,NA,NA
"803","Antoine Winfield","TB","DB","14909","robust",NA,NA,NA,NA,NA,NA,NA,NA,NA,NA,NA,NA,NA,NA,NA,NA,NA,NA,NA,NA,NA,NA,NA,NA,NA,NA,NA,NA,NA,NA,NA,NA,NA,NA,NA,NA,NA,NA,NA,NA,NA,NA,NA,NA,NA,NA,NA,NA,NA,NA,90.64,4.74432,3.2125,0.37065,1.78,0.207564,5.8975,0.889559999999999,0.115,0.170499,"Q","Undisclosed",2023,0
"804","Eddie Jackson","CHI","DB","13229","robust",NA,NA,NA,NA,NA,NA,NA,NA,NA,NA,NA,NA,NA,NA,NA,NA,NA,NA,NA,NA,NA,NA,NA,NA,NA,NA,NA,NA,NA,NA,NA,NA,NA,NA,NA,NA,NA,NA,NA,NA,NA,NA,NA,NA,NA,NA,NA,NA,NA,NA,82.495,12.00906,0.9275,0.59304,2.635,0.474432,7.0975,1.33434,0.115,0.170499,NA,NA,NA,NA
"805","Rayshawn Jenkins","JAC","DB","13288","robust",NA,NA,NA,NA,NA,NA,NA,NA,NA,NA,NA,NA,NA,NA,NA,NA,NA,NA,NA,NA,NA,NA,NA,NA,NA,NA,NA,NA,NA,NA,NA,NA,NA,NA,NA,NA,NA,NA,NA,NA,NA,NA,NA,NA,NA,NA,NA,NA,NA,NA,77.46,1.18608,0.9025,0.133434,1.715,0.266868,7.74,0.355824,0.355,0.214977,NA,NA,NA,NA
"806","Mike Edwards","KC","DB","14222","robust",NA,NA,NA,NA,NA,NA,NA,NA,NA,NA,NA,NA,NA,NA,NA,NA,NA,NA,NA,NA,NA,NA,NA,NA,NA,NA,NA,NA,NA,NA,NA,NA,NA,NA,NA,NA,NA,NA,NA,NA,NA,NA,NA,NA,NA,NA,NA,NA,NA,NA,87.755,28.102683,1.24,0.385476,1.845,0.214977,6.675,1.593795,0.605,0.585627,NA,NA,NA,NA
"807","Minkah Fitzpatrick","PIT","DB","13713","robust",NA,NA,NA,NA,NA,NA,NA,NA,NA,NA,NA,NA,NA,NA,NA,NA,NA,NA,NA,NA,NA,NA,NA,NA,NA,NA,NA,NA,NA,NA,NA,NA,NA,NA,NA,NA,NA,NA,NA,NA,NA,NA,NA,NA,NA,NA,NA,NA,NA,NA,80.3525,1.77912,0.0525,0,3.5975,0.904386,10.3,1.92738,0.215,0.022239,NA,NA,NA,NA
"808","Darrick Forrest","WAS","DB","15437","robust",NA,NA,NA,NA,NA,NA,NA,NA,NA,NA,NA,NA,NA,NA,NA,NA,NA,NA,NA,NA,NA,NA,NA,NA,NA,NA,NA,NA,NA,NA,NA,NA,NA,NA,NA,NA,NA,NA,NA,NA,NA,NA,NA,NA,NA,NA,NA,NA,NA,NA,63.2575,7.56126,0.09,0,2.97,0.0148259999999997,8.3875,1.92738,0.13,0.192738,NA,NA,NA,NA
"809","Talanoa Hufanga","SF","DB","15452","robust",NA,NA,NA,NA,NA,NA,NA,NA,NA,NA,NA,NA,NA,NA,NA,NA,NA,NA,NA,NA,NA,NA,NA,NA,NA,NA,NA,NA,NA,NA,NA,NA,NA,NA,NA,NA,NA,NA,NA,NA,NA,NA,NA,NA,NA,NA,NA,NA,NA,NA,69.405,15.5673,1.195,0.266868,1.955,0.029652,7.01,1.03782,0.36,0.207564,"Q","Knee",2023,0
"810","L'Jarius Sneed","KC","DB","14956","robust",NA,NA,NA,NA,NA,NA,NA,NA,NA,NA,NA,NA,NA,NA,NA,NA,NA,NA,NA,NA,NA,NA,NA,NA,NA,NA,NA,NA,NA,NA,NA,NA,NA,NA,NA,NA,NA,NA,NA,NA,NA,NA,NA,NA,NA,NA,NA,NA,NA,NA,77.9475,4.59605999999999,1.825,0.14826,2.1625,0.0741300000000001,9.2325,0.444780000000001,0.105,0.155673,"Q","Knee",2023,0
"811","Grant Delpit","CLE","DB","14907","robust",NA,NA,NA,NA,NA,NA,NA,NA,NA,NA,NA,NA,NA,NA,NA,NA,NA,NA,NA,NA,NA,NA,NA,NA,NA,NA,NA,NA,NA,NA,NA,NA,NA,NA,NA,NA,NA,NA,NA,NA,NA,NA,NA,NA,NA,NA,NA,NA,NA,NA,76.9025,5.48562,0.5925,0,2.905,0.7413,7.875,0,0.11,0.163086,"Q","Arm",2023,0
"812","Kevin Byard","TEN","DB","12752","robust",NA,NA,NA,NA,NA,NA,NA,NA,NA,NA,NA,NA,NA,NA,NA,NA,NA,NA,NA,NA,NA,NA,NA,NA,NA,NA,NA,NA,NA,NA,NA,NA,NA,NA,NA,NA,NA,NA,NA,NA,NA,NA,NA,NA,NA,NA,NA,NA,NA,NA,73.6275,4.15128,0.4825,0.044478,3.7375,0.59304,8.3825,0.444780000000001,0.165,0.096369,NA,NA,NA,NA
"813","Xavier McKinney","NYG","DB","14908","robust",NA,NA,NA,NA,NA,NA,NA,NA,NA,NA,NA,NA,NA,NA,NA,NA,NA,NA,NA,NA,NA,NA,NA,NA,NA,NA,NA,NA,NA,NA,NA,NA,NA,NA,NA,NA,NA,NA,NA,NA,NA,NA,NA,NA,NA,NA,NA,NA,NA,NA,78.7075,17.64294,1.125,0.37065,2.405,0.504084,9.47,1.616034,0.125,0.185325,NA,NA,NA,NA
"814","Jalen Thompson","ARI","DB","14518","robust",NA,NA,NA,NA,NA,NA,NA,NA,NA,NA,NA,NA,NA,NA,NA,NA,NA,NA,NA,NA,NA,NA,NA,NA,NA,NA,NA,NA,NA,NA,NA,NA,NA,NA,NA,NA,NA,NA,NA,NA,NA,NA,NA,NA,NA,NA,NA,NA,NA,NA,83.77,19.86684,0.0575,0,1.5525,0.607866,7.135,0.504084,0.105,0.155673,NA,NA,NA,NA
"815","Marcus Williams","BAL","DB","13253","robust",NA,NA,NA,NA,NA,NA,NA,NA,NA,NA,NA,NA,NA,NA,NA,NA,NA,NA,NA,NA,NA,NA,NA,NA,NA,NA,NA,NA,NA,NA,NA,NA,NA,NA,NA,NA,NA,NA,NA,NA,NA,NA,NA,NA,NA,NA,NA,NA,NA,NA,78.0425,3.7065,0.0625,0,3.06,0.237216,9.645,0.726474,0.125,0.185325,NA,NA,NA,NA
"816","Marcus Maye","NO","DB","13252","robust",NA,NA,NA,NA,NA,NA,NA,NA,NA,NA,NA,NA,NA,NA,NA,NA,NA,NA,NA,NA,NA,NA,NA,NA,NA,NA,NA,NA,NA,NA,NA,NA,NA,NA,NA,NA,NA,NA,NA,NA,NA,NA,NA,NA,NA,NA,NA,NA,NA,NA,84.7125,8.00604000000001,0.9825,0.044478,1.9025,0.29652,6.59,0.489258,0.595,0.600453,NA,NA,NA,NA
"817","Amani Hooker","TEN","DB","14182","robust",NA,NA,NA,NA,NA,NA,NA,NA,NA,NA,NA,NA,NA,NA,NA,NA,NA,NA,NA,NA,NA,NA,NA,NA,NA,NA,NA,NA,NA,NA,NA,NA,NA,NA,NA,NA,NA,NA,NA,NA,NA,NA,NA,NA,NA,NA,NA,NA,NA,NA,67.9725,3.11346,0.1125,0,1.655,0.0593039999999997,6.39,1.126776,0.1,0.14826,NA,NA,NA,NA
"818","Justin Simmons","DEN","DB","12767","robust",NA,NA,NA,NA,NA,NA,NA,NA,NA,NA,NA,NA,NA,NA,NA,NA,NA,NA,NA,NA,NA,NA,NA,NA,NA,NA,NA,NA,NA,NA,NA,NA,NA,NA,NA,NA,NA,NA,NA,NA,NA,NA,NA,NA,NA,NA,NA,NA,NA,NA,66.71,0.889560000000002,1.03,0.118608,4.9025,2.2239,10.8275,0.444780000000001,0.135,0.200151,NA,NA,NA,NA
"819","Adrian Amos","NYJ","DB","12308","robust",NA,NA,NA,NA,NA,NA,NA,NA,NA,NA,NA,NA,NA,NA,NA,NA,NA,NA,NA,NA,NA,NA,NA,NA,NA,NA,NA,NA,NA,NA,NA,NA,NA,NA,NA,NA,NA,NA,NA,NA,NA,NA,NA,NA,NA,NA,NA,NA,NA,NA,64.745,11.8608,0.405,0.133434,1.1425,0.44478,6.835,0.934038,0.1,0.14826,NA,NA,NA,NA
"820","Nate Hobbs","LVR","DB","15441","robust",NA,NA,NA,NA,NA,NA,NA,NA,NA,NA,NA,NA,NA,NA,NA,NA,NA,NA,NA,NA,NA,NA,NA,NA,NA,NA,NA,NA,NA,NA,NA,NA,NA,NA,NA,NA,NA,NA,NA,NA,NA,NA,NA,NA,NA,NA,NA,NA,NA,NA,80.385,13.699224,1.0225,0,0.895,0.266868,4.3,1.77912,0.285,0.170499,NA,NA,NA,NA
"821","Jevon Holland","MIA","DB","15366","robust",NA,NA,NA,NA,NA,NA,NA,NA,NA,NA,NA,NA,NA,NA,NA,NA,NA,NA,NA,NA,NA,NA,NA,NA,NA,NA,NA,NA,NA,NA,NA,NA,NA,NA,NA,NA,NA,NA,NA,NA,NA,NA,NA,NA,NA,NA,NA,NA,NA,NA,75.33,8.1543,1.61,0.563388,1.5025,0.7413,7.49,0.696822,0.105,0.155673,NA,NA,NA,NA
"822","Donovan Wilson","DAL","DB","14283","robust",NA,NA,NA,NA,NA,NA,NA,NA,NA,NA,NA,NA,NA,NA,NA,NA,NA,NA,NA,NA,NA,NA,NA,NA,NA,NA,NA,NA,NA,NA,NA,NA,NA,NA,NA,NA,NA,NA,NA,NA,NA,NA,NA,NA,NA,NA,NA,NA,NA,NA,75.5375,13.49166,2.995,0.7413,0.965,0,2.6825,0.29652,0.08,0.118608,"Q","Calf",2023,0
"823","Xavier Woods","CAR","DB","13325","robust",NA,NA,NA,NA,NA,NA,NA,NA,NA,NA,NA,NA,NA,NA,NA,NA,NA,NA,NA,NA,NA,NA,NA,NA,NA,NA,NA,NA,NA,NA,NA,NA,NA,NA,NA,NA,NA,NA,NA,NA,NA,NA,NA,NA,NA,NA,NA,NA,NA,NA,64.86,0.889560000000002,0.1375,0,1.38,0.355824,6.25,0.148259999999999,0.095,0.140847,NA,NA,NA,NA
"824","Harrison Smith","MIN","DB","10783","robust",NA,NA,NA,NA,NA,NA,NA,NA,NA,NA,NA,NA,NA,NA,NA,NA,NA,NA,NA,NA,NA,NA,NA,NA,NA,NA,NA,NA,NA,NA,NA,NA,NA,NA,NA,NA,NA,NA,NA,NA,NA,NA,NA,NA,NA,NA,NA,NA,NA,NA,81.5025,9.04385999999999,1.1475,0.14826,3.365,0.118608,9.695,0.385476,0.135,0.200151,NA,NA,NA,NA
"825","Deommodore Lenoir","SF","DB","15445","robust",NA,NA,NA,NA,NA,NA,NA,NA,NA,NA,NA,NA,NA,NA,NA,NA,NA,NA,NA,NA,NA,NA,NA,NA,NA,NA,NA,NA,NA,NA,NA,NA,NA,NA,NA,NA,NA,NA,NA,NA,NA,NA,NA,NA,NA,NA,NA,NA,NA,NA,72.1025,21.20118,0.725,0.0741300000000001,1.9,0.66717,6.7275,0.904386,0.11,0.163086,NA,NA,NA,NA
"826","Marcus Epps","LVR","DB","14270","robust",NA,NA,NA,NA,NA,NA,NA,NA,NA,NA,NA,NA,NA,NA,NA,NA,NA,NA,NA,NA,NA,NA,NA,NA,NA,NA,NA,NA,NA,NA,NA,NA,NA,NA,NA,NA,NA,NA,NA,NA,NA,NA,NA,NA,NA,NA,NA,NA,NA,NA,78.8825,6.07865999999999,0.0675,0,0.91,0.948864,6.455,0.355823999999999,0.095,0.140847,NA,NA,NA,NA
"827","Kerby Joseph","DET","DB","15871","robust",NA,NA,NA,NA,NA,NA,NA,NA,NA,NA,NA,NA,NA,NA,NA,NA,NA,NA,NA,NA,NA,NA,NA,NA,NA,NA,NA,NA,NA,NA,NA,NA,NA,NA,NA,NA,NA,NA,NA,NA,NA,NA,NA,NA,NA,NA,NA,NA,NA,NA,76.3825,20.90466,0.0975,0,2.8425,0.14826,7.56,0.29652,0.115,0.170499,NA,NA,NA,NA
"828","Adoree Jackson","NYG","DB","13226","robust",NA,NA,NA,NA,NA,NA,NA,NA,NA,NA,NA,NA,NA,NA,NA,NA,NA,NA,NA,NA,NA,NA,NA,NA,NA,NA,NA,NA,NA,NA,NA,NA,NA,NA,NA,NA,NA,NA,NA,NA,NA,NA,NA,NA,NA,NA,NA,NA,NA,NA,68.775,1.63086,0.585,0.177912,0.99,0.237216,9.5075,0.59304,0.08,0.118608,NA,NA,NA,NA
"829","Derion Kendrick","LAR","DB","15924","robust",NA,NA,NA,NA,NA,NA,NA,NA,NA,NA,NA,NA,NA,NA,NA,NA,NA,NA,NA,NA,NA,NA,NA,NA,NA,NA,NA,NA,NA,NA,NA,NA,NA,NA,NA,NA,NA,NA,NA,NA,NA,NA,NA,NA,NA,NA,NA,NA,NA,NA,54.0875,0.889560000000002,0.0525,0,0.3225,0,5.6675,0.103782,0.085,0.126021,"Q","Hamstring",2023,0
"830","Keanu Neal","PIT","DB","12736","robust",NA,NA,NA,NA,NA,NA,NA,NA,NA,NA,NA,NA,NA,NA,NA,NA,NA,NA,NA,NA,NA,NA,NA,NA,NA,NA,NA,NA,NA,NA,NA,NA,NA,NA,NA,NA,NA,NA,NA,NA,NA,NA,NA,NA,NA,NA,NA,NA,NA,NA,50.3475,29.05896,0.55,0.44478,0.8025,0.281694,3.73,1.03782,0.065,0.096369,NA,NA,NA,NA
"831","Jordan Poyer","BUF","DB","11317","robust",NA,NA,NA,NA,NA,NA,NA,NA,NA,NA,NA,NA,NA,NA,NA,NA,NA,NA,NA,NA,NA,NA,NA,NA,NA,NA,NA,NA,NA,NA,NA,NA,NA,NA,NA,NA,NA,NA,NA,NA,NA,NA,NA,NA,NA,NA,NA,NA,NA,NA,72.285,0.593040000000008,1.47,0.014826,2.91,0.88956,7.47,0.385476,0.1,0.14826,NA,NA,NA,NA
"832","Ryan Neal","TB","DB","14028","robust",NA,NA,NA,NA,NA,NA,NA,NA,NA,NA,NA,NA,NA,NA,NA,NA,NA,NA,NA,NA,NA,NA,NA,NA,NA,NA,NA,NA,NA,NA,NA,NA,NA,NA,NA,NA,NA,NA,NA,NA,NA,NA,NA,NA,NA,NA,NA,NA,NA,NA,69.4675,18.38424,1.335,0.252042,0.89,0.830256,6.3825,0.0444780000000004,0.095,0.140847,NA,NA,NA,NA
"833","Charvarius Ward","SF","DB","13920","robust",NA,NA,NA,NA,NA,NA,NA,NA,NA,NA,NA,NA,NA,NA,NA,NA,NA,NA,NA,NA,NA,NA,NA,NA,NA,NA,NA,NA,NA,NA,NA,NA,NA,NA,NA,NA,NA,NA,NA,NA,NA,NA,NA,NA,NA,NA,NA,NA,NA,NA,69.6125,16.60512,0.035,0,1.37,0.133434,10.2125,2.9652,0.175,0.037065,NA,NA,NA,NA
"834","Jayron Kearse","DAL","DB","12720","robust",NA,NA,NA,NA,NA,NA,NA,NA,NA,NA,NA,NA,NA,NA,NA,NA,NA,NA,NA,NA,NA,NA,NA,NA,NA,NA,NA,NA,NA,NA,NA,NA,NA,NA,NA,NA,NA,NA,NA,NA,NA,NA,NA,NA,NA,NA,NA,NA,NA,NA,70.425,3.55824000000001,1.505,0.118608,1.01,0.0889560000000001,5.475,0.222390000000001,0.075,0.111195,NA,NA,NA,NA
"835","Jeremy Chinn","CAR","DB","14927","robust",NA,NA,NA,NA,NA,NA,NA,NA,NA,NA,NA,NA,NA,NA,NA,NA,NA,NA,NA,NA,NA,NA,NA,NA,NA,NA,NA,NA,NA,NA,NA,NA,NA,NA,NA,NA,NA,NA,NA,NA,NA,NA,NA,NA,NA,NA,NA,NA,NA,NA,86.8125,4.67018999999999,1.2525,0.29652,1.015,0.29652,6.8775,0.889559999999999,0.09,0.133434,NA,NA,NA,NA
"836","Vonn Bell","CAR","DB","12718","robust",NA,NA,NA,NA,NA,NA,NA,NA,NA,NA,NA,NA,NA,NA,NA,NA,NA,NA,NA,NA,NA,NA,NA,NA,NA,NA,NA,NA,NA,NA,NA,NA,NA,NA,NA,NA,NA,NA,NA,NA,NA,NA,NA,NA,NA,NA,NA,NA,NA,NA,66.35,3.55824,1.005,0.59304,1.8675,0.29652,6.235,0.993342,0.09,0.133434,NA,NA,NA,NA
"837","Bobby McCain","NYG","DB","12311","robust",NA,NA,NA,NA,NA,NA,NA,NA,NA,NA,NA,NA,NA,NA,NA,NA,NA,NA,NA,NA,NA,NA,NA,NA,NA,NA,NA,NA,NA,NA,NA,NA,NA,NA,NA,NA,NA,NA,NA,NA,NA,NA,NA,NA,NA,NA,NA,NA,NA,NA,65.765,36.420069,0.12,0.177912,1.14,1.690164,7.13,1.527078,0.105,0.155673,"Q","Head",2023,0
"838","Nick Scott","CIN","DB","14302","robust",NA,NA,NA,NA,NA,NA,NA,NA,NA,NA,NA,NA,NA,NA,NA,NA,NA,NA,NA,NA,NA,NA,NA,NA,NA,NA,NA,NA,NA,NA,NA,NA,NA,NA,NA,NA,NA,NA,NA,NA,NA,NA,NA,NA,NA,NA,NA,NA,NA,NA,61.37,5.04084,0.06,0,1.9625,0.0741299999999997,5.5925,0.44478,0.1,0.14826,NA,NA,NA,NA
"839","Tyrann Mathieu","NO","DB","11313","robust",NA,NA,NA,NA,NA,NA,NA,NA,NA,NA,NA,NA,NA,NA,NA,NA,NA,NA,NA,NA,NA,NA,NA,NA,NA,NA,NA,NA,NA,NA,NA,NA,NA,NA,NA,NA,NA,NA,NA,NA,NA,NA,NA,NA,NA,NA,NA,NA,NA,NA,70.44,4.59605999999999,0.94,0.237216,2.73,0.029652,7.815,0.44478,0.13,0.192738,NA,NA,NA,NA
"840","DeShon Elliott","MIA","DB","13806","robust",NA,NA,NA,NA,NA,NA,NA,NA,NA,NA,NA,NA,NA,NA,NA,NA,NA,NA,NA,NA,NA,NA,NA,NA,NA,NA,NA,NA,NA,NA,NA,NA,NA,NA,NA,NA,NA,NA,NA,NA,NA,NA,NA,NA,NA,NA,NA,NA,NA,NA,78.65,15.78969,0.95,1.40847,1.9,0.14826,5,4.4478,0,0,NA,NA,NA,NA
"841","Jordan Whitehead","NYJ","DB","13760","robust",NA,NA,NA,NA,NA,NA,NA,NA,NA,NA,NA,NA,NA,NA,NA,NA,NA,NA,NA,NA,NA,NA,NA,NA,NA,NA,NA,NA,NA,NA,NA,NA,NA,NA,NA,NA,NA,NA,NA,NA,NA,NA,NA,NA,NA,NA,NA,NA,NA,NA,66.1325,11.41602,0.33,0.118608,2.05,0.29652,8.83,1.77912,0.095,0.140847,NA,NA,NA,NA
"842","Rasul Douglas","GB","DB","13281","robust",NA,NA,NA,NA,NA,NA,NA,NA,NA,NA,NA,NA,NA,NA,NA,NA,NA,NA,NA,NA,NA,NA,NA,NA,NA,NA,NA,NA,NA,NA,NA,NA,NA,NA,NA,NA,NA,NA,NA,NA,NA,NA,NA,NA,NA,NA,NA,NA,NA,NA,69.28,1.63086,0.635,0.0444779999999999,4.03,2.194248,11.605,2.66868,0.27,0.044478,NA,NA,NA,NA
"843","Chauncey Gardner-Johnson","DET","DB","14224","robust",NA,NA,NA,NA,NA,NA,NA,NA,NA,NA,NA,NA,NA,NA,NA,NA,NA,NA,NA,NA,NA,NA,NA,NA,NA,NA,NA,NA,NA,NA,NA,NA,NA,NA,NA,NA,NA,NA,NA,NA,NA,NA,NA,NA,NA,NA,NA,NA,NA,NA,82.1825,0.548562000000007,1.525,0.66717,3.2975,1.200906,8.47,0.948863999999999,0.1,0.14826,NA,NA,NA,NA
"844","Terrell Edmunds","PHI","DB","13716","robust",NA,NA,NA,NA,NA,NA,NA,NA,NA,NA,NA,NA,NA,NA,NA,NA,NA,NA,NA,NA,NA,NA,NA,NA,NA,NA,NA,NA,NA,NA,NA,NA,NA,NA,NA,NA,NA,NA,NA,NA,NA,NA,NA,NA,NA,NA,NA,NA,NA,NA,70.6225,7.70952,1.33,0.207564,1.635,0.177912,6.6825,0.696822,0.08,0.118608,NA,NA,NA,NA
"845","Kyler Gordon","CHI","DB","15852","robust",NA,NA,NA,NA,NA,NA,NA,NA,NA,NA,NA,NA,NA,NA,NA,NA,NA,NA,NA,NA,NA,NA,NA,NA,NA,NA,NA,NA,NA,NA,NA,NA,NA,NA,NA,NA,NA,NA,NA,NA,NA,NA,NA,NA,NA,NA,NA,NA,NA,NA,71.23,16.3086,0.295,0.237216,2.72,0.652344,7.8225,0.874734,0.11,0.163086,NA,NA,NA,NA
"846","Jordan Fuller","LAR","DB","14991","robust",NA,NA,NA,NA,NA,NA,NA,NA,NA,NA,NA,NA,NA,NA,NA,NA,NA,NA,NA,NA,NA,NA,NA,NA,NA,NA,NA,NA,NA,NA,NA,NA,NA,NA,NA,NA,NA,NA,NA,NA,NA,NA,NA,NA,NA,NA,NA,NA,NA,NA,74.8625,2.81694000000001,0.11,0,2.385,0.44478,8.5125,1.18608,0.075,0.111195,NA,NA,NA,NA
"847","Justin Reid","KC","DB","13717","robust",NA,NA,NA,NA,NA,NA,NA,NA,NA,NA,NA,NA,NA,NA,NA,NA,NA,NA,NA,NA,NA,NA,NA,NA,NA,NA,NA,NA,NA,NA,NA,NA,NA,NA,NA,NA,NA,NA,NA,NA,NA,NA,NA,NA,NA,NA,NA,NA,NA,NA,70.4575,16.75338,0.92,0,0.815,0.385476,5.715,0.177912,0.08,0.118608,NA,NA,NA,NA
"848","Darnell Savage","GB","DB","14197","robust",NA,NA,NA,NA,NA,NA,NA,NA,NA,NA,NA,NA,NA,NA,NA,NA,NA,NA,NA,NA,NA,NA,NA,NA,NA,NA,NA,NA,NA,NA,NA,NA,NA,NA,NA,NA,NA,NA,NA,NA,NA,NA,NA,NA,NA,NA,NA,NA,NA,NA,56.1975,1.18608,0.105,0,1.89,0.118608,6.8125,0.37065,0.545,0.526323,NA,NA,NA,NA
"849","Johnathan Ford","GB","DB","13339","robust",NA,NA,NA,NA,NA,NA,NA,NA,NA,NA,NA,NA,NA,NA,NA,NA,NA,NA,NA,NA,NA,NA,NA,NA,NA,NA,NA,NA,NA,NA,NA,NA,NA,NA,NA,NA,NA,NA,NA,NA,NA,NA,NA,NA,NA,NA,NA,NA,NA,NA,60.81,39.748506,0.565,0.096369,2.105,0.155673,5.46,3.647196,0.21,0,NA,NA,NA,NA
"850","Carlton Davis","TB","DB","13710","robust",NA,NA,NA,NA,NA,NA,NA,NA,NA,NA,NA,NA,NA,NA,NA,NA,NA,NA,NA,NA,NA,NA,NA,NA,NA,NA,NA,NA,NA,NA,NA,NA,NA,NA,NA,NA,NA,NA,NA,NA,NA,NA,NA,NA,NA,NA,NA,NA,NA,NA,68.98,4.29954,0.12,0.088956,1.56,0.563388,11.0025,1.92738,0.19,0.014826,NA,NA,NA,NA
"851","Jonathan Owens","GB","DB","14414","robust",NA,NA,NA,NA,NA,NA,NA,NA,NA,NA,NA,NA,NA,NA,NA,NA,NA,NA,NA,NA,NA,NA,NA,NA,NA,NA,NA,NA,NA,NA,NA,NA,NA,NA,NA,NA,NA,NA,NA,NA,NA,NA,NA,NA,NA,NA,NA,NA,NA,NA,73.05,20.83053,0.6,0.88956,2.75,1.11195,6.1,4.59606,0,0,NA,NA,NA,NA
"852","Reed Blankenship","PHI","DB","16018","robust",NA,NA,NA,NA,NA,NA,NA,NA,NA,NA,NA,NA,NA,NA,NA,NA,NA,NA,NA,NA,NA,NA,NA,NA,NA,NA,NA,NA,NA,NA,NA,NA,NA,NA,NA,NA,NA,NA,NA,NA,NA,NA,NA,NA,NA,NA,NA,NA,NA,NA,59.04,12.89862,0.445,0.578214,1.2925,0.29652,6.695,1.200906,0.19,0.014826,NA,NA,NA,NA
"853","Alohi Gilman","LAC","DB","14982","robust",NA,NA,NA,NA,NA,NA,NA,NA,NA,NA,NA,NA,NA,NA,NA,NA,NA,NA,NA,NA,NA,NA,NA,NA,NA,NA,NA,NA,NA,NA,NA,NA,NA,NA,NA,NA,NA,NA,NA,NA,NA,NA,NA,NA,NA,NA,NA,NA,NA,NA,58.0125,14.52948,0.215,0.0296519999999999,1.1325,0.14826,5.165,0.385476,0.08,0.118608,"Q","Knee",2023,0
"854","Michael Davis","LAC","DB","13479","robust",NA,NA,NA,NA,NA,NA,NA,NA,NA,NA,NA,NA,NA,NA,NA,NA,NA,NA,NA,NA,NA,NA,NA,NA,NA,NA,NA,NA,NA,NA,NA,NA,NA,NA,NA,NA,NA,NA,NA,NA,NA,NA,NA,NA,NA,NA,NA,NA,NA,NA,59.08,8.8956,0.63,0.0889560000000001,0.88,0.474432,11.425,1.03782,0.085,0.126021,NA,NA,NA,NA
"855","Jessie Bates","ATL","DB","13737","robust",NA,NA,NA,NA,NA,NA,NA,NA,NA,NA,NA,NA,NA,NA,NA,NA,NA,NA,NA,NA,NA,NA,NA,NA,NA,NA,NA,NA,NA,NA,NA,NA,NA,NA,NA,NA,NA,NA,NA,NA,NA,NA,NA,NA,NA,NA,NA,NA,NA,NA,60.52,13.19514,0.36,0.326172,2.405,0.59304,8.315,0,0.12,0.177912,NA,NA,NA,NA
"856","Tracy Walker","DET","DB","13747","robust",NA,NA,NA,NA,NA,NA,NA,NA,NA,NA,NA,NA,NA,NA,NA,NA,NA,NA,NA,NA,NA,NA,NA,NA,NA,NA,NA,NA,NA,NA,NA,NA,NA,NA,NA,NA,NA,NA,NA,NA,NA,NA,NA,NA,NA,NA,NA,NA,NA,NA,61.64,19.57032,1.33,0.355824,0.4275,0.59304,4.1775,0.44478,0.07,0.103782,NA,NA,NA,NA
"857","Russ Yeast","LAR","DB","15955","robust",NA,NA,NA,NA,NA,NA,NA,NA,NA,NA,NA,NA,NA,NA,NA,NA,NA,NA,NA,NA,NA,NA,NA,NA,NA,NA,NA,NA,NA,NA,NA,NA,NA,NA,NA,NA,NA,NA,NA,NA,NA,NA,NA,NA,NA,NA,NA,NA,NA,NA,75.99,13.180314,1.2,1.03782,1.645,0.526323,8.455,3.773217,0.075,0.111195,NA,NA,NA,NA
"858","Akayleb Evans","MIN","DB","15880","robust",NA,NA,NA,NA,NA,NA,NA,NA,NA,NA,NA,NA,NA,NA,NA,NA,NA,NA,NA,NA,NA,NA,NA,NA,NA,NA,NA,NA,NA,NA,NA,NA,NA,NA,NA,NA,NA,NA,NA,NA,NA,NA,NA,NA,NA,NA,NA,NA,NA,NA,62.21,33.076806,0.15,0.22239,0.64,0.948864,5.01,1.349166,0.075,0.111195,NA,NA,NA,NA
"859","Kyle Dugger","NE","DB","14921","robust",NA,NA,NA,NA,NA,NA,NA,NA,NA,NA,NA,NA,NA,NA,NA,NA,NA,NA,NA,NA,NA,NA,NA,NA,NA,NA,NA,NA,NA,NA,NA,NA,NA,NA,NA,NA,NA,NA,NA,NA,NA,NA,NA,NA,NA,NA,NA,NA,NA,NA,66.675,4.4478,0.65,0,3.48,0.44478,7.3975,0.607866,1.29,1.645686,NA,NA,NA,NA
"860","Kyle Hamilton","BAL","DB","15834","robust",NA,NA,NA,NA,NA,NA,NA,NA,NA,NA,NA,NA,NA,NA,NA,NA,NA,NA,NA,NA,NA,NA,NA,NA,NA,NA,NA,NA,NA,NA,NA,NA,NA,NA,NA,NA,NA,NA,NA,NA,NA,NA,NA,NA,NA,NA,NA,NA,NA,NA,76.805,5.396664,2.3825,0.7413,1.165,0.0593040000000001,6.8225,1.92738,0.17,0.044478,NA,NA,NA,NA
"861","Camryn Bynum","MIN","DB","15418","robust",NA,NA,NA,NA,NA,NA,NA,NA,NA,NA,NA,NA,NA,NA,NA,NA,NA,NA,NA,NA,NA,NA,NA,NA,NA,NA,NA,NA,NA,NA,NA,NA,NA,NA,NA,NA,NA,NA,NA,NA,NA,NA,NA,NA,NA,NA,NA,NA,NA,NA,65.9875,13.78818,0.435,0.355824,2.185,0.0889560000000001,7.885,0.400301999999999,0.1,0.14826,NA,NA,NA,NA
"862","Jonathan Jones","NE","DB","12988","robust",NA,NA,NA,NA,NA,NA,NA,NA,NA,NA,NA,NA,NA,NA,NA,NA,NA,NA,NA,NA,NA,NA,NA,NA,NA,NA,NA,NA,NA,NA,NA,NA,NA,NA,NA,NA,NA,NA,NA,NA,NA,NA,NA,NA,NA,NA,NA,NA,NA,NA,60.355,0.296520000000004,0.0625,0,2.8575,0.59304,9.125,0.7413,0.5,0.44478,"Q","Undisclosed",2023,0
"863","Kristian Fulton","TEN","DB","14904","robust",NA,NA,NA,NA,NA,NA,NA,NA,NA,NA,NA,NA,NA,NA,NA,NA,NA,NA,NA,NA,NA,NA,NA,NA,NA,NA,NA,NA,NA,NA,NA,NA,NA,NA,NA,NA,NA,NA,NA,NA,NA,NA,NA,NA,NA,NA,NA,NA,NA,NA,56.9675,6.22692,0.0275,0,2,0.44478,9.4725,1.63086,0.19,0.014826,NA,NA,NA,NA
"864","Jamal Adams","SEA","DB","13230","robust",NA,NA,NA,NA,NA,NA,NA,NA,NA,NA,NA,NA,NA,NA,NA,NA,NA,NA,NA,NA,NA,NA,NA,NA,NA,NA,NA,NA,NA,NA,NA,NA,NA,NA,NA,NA,NA,NA,NA,NA,NA,NA,NA,NA,NA,NA,NA,NA,NA,NA,66.9275,22.105566,0.215,0.29652,1.725,0.44478,9.825,0.889559999999999,0.16,0.059304,"O","Quadriceps",2023,0
"865","Andre Cisco","JAC","DB","15364","robust",NA,NA,NA,NA,NA,NA,NA,NA,NA,NA,NA,NA,NA,NA,NA,NA,NA,NA,NA,NA,NA,NA,NA,NA,NA,NA,NA,NA,NA,NA,NA,NA,NA,NA,NA,NA,NA,NA,NA,NA,NA,NA,NA,NA,NA,NA,NA,NA,NA,NA,53.7725,2.37216,0.9825,0.14826,1.95,0,9.01,2.461116,0.705,0.733887,NA,NA,NA,NA
"866","Trevon Moehrig","LVR","DB","15365","robust",NA,NA,NA,NA,NA,NA,NA,NA,NA,NA,NA,NA,NA,NA,NA,NA,NA,NA,NA,NA,NA,NA,NA,NA,NA,NA,NA,NA,NA,NA,NA,NA,NA,NA,NA,NA,NA,NA,NA,NA,NA,NA,NA,NA,NA,NA,NA,NA,NA,NA,53.6975,2.07564,0.2525,0.163086,0.4225,0.44478,5.385,0.415128,0.075,0.111195,NA,NA,NA,NA
"867","Christian Gonzalez","NE","DB","16251","robust",NA,NA,NA,NA,NA,NA,NA,NA,NA,NA,NA,NA,NA,NA,NA,NA,NA,NA,NA,NA,NA,NA,NA,NA,NA,NA,NA,NA,NA,NA,NA,NA,NA,NA,NA,NA,NA,NA,NA,NA,NA,NA,NA,NA,NA,NA,NA,NA,NA,NA,58,34.0998,0.14,0.207564,1.31,0.459606,6.295,0.437367,0.18,0,NA,NA,NA,NA
"868","Decobie Durant","LAR","DB","15888","robust",NA,NA,NA,NA,NA,NA,NA,NA,NA,NA,NA,NA,NA,NA,NA,NA,NA,NA,NA,NA,NA,NA,NA,NA,NA,NA,NA,NA,NA,NA,NA,NA,NA,NA,NA,NA,NA,NA,NA,NA,NA,NA,NA,NA,NA,NA,NA,NA,NA,NA,61.5775,11.71254,1.1375,0.14826,3.165,1.097124,11.5075,0.59304,0.56,0.504084,NA,NA,NA,NA
"869","Juan Thornhill","CLE","DB","14207","robust",NA,NA,NA,NA,NA,NA,NA,NA,NA,NA,NA,NA,NA,NA,NA,NA,NA,NA,NA,NA,NA,NA,NA,NA,NA,NA,NA,NA,NA,NA,NA,NA,NA,NA,NA,NA,NA,NA,NA,NA,NA,NA,NA,NA,NA,NA,NA,NA,NA,NA,62.265,20.45988,0.915,0.14826,1.74,0.252042,8.1975,0.889559999999999,0.095,0.140847,NA,NA,NA,NA
"870","Marshon Lattimore","NO","DB","13224","robust",NA,NA,NA,NA,NA,NA,NA,NA,NA,NA,NA,NA,NA,NA,NA,NA,NA,NA,NA,NA,NA,NA,NA,NA,NA,NA,NA,NA,NA,NA,NA,NA,NA,NA,NA,NA,NA,NA,NA,NA,NA,NA,NA,NA,NA,NA,NA,NA,NA,NA,64.4225,6.96822,0.05,0,2.205,0.29652,10.6775,3.40998,0.76,0.800604,"Q","Knee",2023,0
"871","Damarri Mathis","DEN","DB","15876","robust",NA,NA,NA,NA,NA,NA,NA,NA,NA,NA,NA,NA,NA,NA,NA,NA,NA,NA,NA,NA,NA,NA,NA,NA,NA,NA,NA,NA,NA,NA,NA,NA,NA,NA,NA,NA,NA,NA,NA,NA,NA,NA,NA,NA,NA,NA,NA,NA,NA,NA,65.0525,8.8956,0.0675,0,0.265,0,6.54,0.148259999999999,0.075,0.111195,NA,NA,NA,NA
"872","Cam Taylor-Britt","CIN","DB","15859","robust",NA,NA,NA,NA,NA,NA,NA,NA,NA,NA,NA,NA,NA,NA,NA,NA,NA,NA,NA,NA,NA,NA,NA,NA,NA,NA,NA,NA,NA,NA,NA,NA,NA,NA,NA,NA,NA,NA,NA,NA,NA,NA,NA,NA,NA,NA,NA,NA,NA,NA,59.415,19.71858,0.0675,0,1.605,0.118608,9.605,4.269888,0.08,0.118608,NA,NA,NA,NA
"873","D.J. Reed","NYJ","DB","13774","robust",NA,NA,NA,NA,NA,NA,NA,NA,NA,NA,NA,NA,NA,NA,NA,NA,NA,NA,NA,NA,NA,NA,NA,NA,NA,NA,NA,NA,NA,NA,NA,NA,NA,NA,NA,NA,NA,NA,NA,NA,NA,NA,NA,NA,NA,NA,NA,NA,NA,NA,64.0475,8.59908,0.0225,0,1.67,0.237216,9.71,0.889559999999999,0.095,0.140847,NA,NA,NA,NA
"874","Andrew Booth","MIN","DB","15854","robust",NA,NA,NA,NA,NA,NA,NA,NA,NA,NA,NA,NA,NA,NA,NA,NA,NA,NA,NA,NA,NA,NA,NA,NA,NA,NA,NA,NA,NA,NA,NA,NA,NA,NA,NA,NA,NA,NA,NA,NA,NA,NA,NA,NA,NA,NA,NA,NA,NA,NA,47.735,5.1891,0.06,0,1.075,0.44478,7.3525,0.726474,0.08,0.118608,NA,NA,NA,NA
"875","Mike Hilton","CIN","DB","13414","robust",NA,NA,NA,NA,NA,NA,NA,NA,NA,NA,NA,NA,NA,NA,NA,NA,NA,NA,NA,NA,NA,NA,NA,NA,NA,NA,NA,NA,NA,NA,NA,NA,NA,NA,NA,NA,NA,NA,NA,NA,NA,NA,NA,NA,NA,NA,NA,NA,NA,NA,60.2225,14.0847,0.1225,0,1.77,1.052646,7.01,1.289862,0.185,0.022239,NA,NA,NA,NA
"876","Paulson Adebo","NO","DB","15394","robust",NA,NA,NA,NA,NA,NA,NA,NA,NA,NA,NA,NA,NA,NA,NA,NA,NA,NA,NA,NA,NA,NA,NA,NA,NA,NA,NA,NA,NA,NA,NA,NA,NA,NA,NA,NA,NA,NA,NA,NA,NA,NA,NA,NA,NA,NA,NA,NA,NA,NA,62.9925,11.41602,0.03,0,1.0925,0.44478,8.0125,2.00151,0.09,0.133434,NA,NA,NA,NA
"877","Ahmad Gardner","NYJ","DB","15833","robust",NA,NA,NA,NA,NA,NA,NA,NA,NA,NA,NA,NA,NA,NA,NA,NA,NA,NA,NA,NA,NA,NA,NA,NA,NA,NA,NA,NA,NA,NA,NA,NA,NA,NA,NA,NA,NA,NA,NA,NA,NA,NA,NA,NA,NA,NA,NA,NA,NA,NA,59.6025,1.4826,0.0475,0,1.875,0.14826,13.135,1.92738,0.095,0.140847,NA,NA,NA,NA
"878","Derek Stingley Jr.","HOU","DB","15832","robust",NA,NA,NA,NA,NA,NA,NA,NA,NA,NA,NA,NA,NA,NA,NA,NA,NA,NA,NA,NA,NA,NA,NA,NA,NA,NA,NA,NA,NA,NA,NA,NA,NA,NA,NA,NA,NA,NA,NA,NA,NA,NA,NA,NA,NA,NA,NA,NA,NA,NA,57.9975,26.24202,1.4025,0.14826,0.985,0.652344,6.245,0.207564,0.09,0.133434,NA,NA,NA,NA
"879","Trent McDuffie","KC","DB","15845","robust",NA,NA,NA,NA,NA,NA,NA,NA,NA,NA,NA,NA,NA,NA,NA,NA,NA,NA,NA,NA,NA,NA,NA,NA,NA,NA,NA,NA,NA,NA,NA,NA,NA,NA,NA,NA,NA,NA,NA,NA,NA,NA,NA,NA,NA,NA,NA,NA,NA,NA,55.2425,6.96822,1.08,0.014826,0.9175,0.103782,9.28,2.81694,0.175,0.037065,NA,NA,NA,NA
"880","Micah Hyde","BUF","DB","11382","robust",NA,NA,NA,NA,NA,NA,NA,NA,NA,NA,NA,NA,NA,NA,NA,NA,NA,NA,NA,NA,NA,NA,NA,NA,NA,NA,NA,NA,NA,NA,NA,NA,NA,NA,NA,NA,NA,NA,NA,NA,NA,NA,NA,NA,NA,NA,NA,NA,NA,NA,61.0125,4.4478,0.425,0.29652,1.775,0.0741300000000001,7.075,1.26021,0.095,0.140847,NA,NA,NA,NA
"881","Quandre Diggs","SEA","DB","12349","robust",NA,NA,NA,NA,NA,NA,NA,NA,NA,NA,NA,NA,NA,NA,NA,NA,NA,NA,NA,NA,NA,NA,NA,NA,NA,NA,NA,NA,NA,NA,NA,NA,NA,NA,NA,NA,NA,NA,NA,NA,NA,NA,NA,NA,NA,NA,NA,NA,NA,NA,57.8025,5.63388,0.175,0.14826,2.885,0.696822,6.7925,0.29652,0.115,0.170499,NA,NA,NA,NA
"882","Rodney Thomas II","IND","DB","15946","robust",NA,NA,NA,NA,NA,NA,NA,NA,NA,NA,NA,NA,NA,NA,NA,NA,NA,NA,NA,NA,NA,NA,NA,NA,NA,NA,NA,NA,NA,NA,NA,NA,NA,NA,NA,NA,NA,NA,NA,NA,NA,NA,NA,NA,NA,NA,NA,NA,NA,NA,68.7925,3.36550199999999,0.49,0.14826,2.42,0.459606,6.9475,2.653854,0.515,0.422541,NA,NA,NA,NA
"883","Julian Love","SEA","DB","14179","robust",NA,NA,NA,NA,NA,NA,NA,NA,NA,NA,NA,NA,NA,NA,NA,NA,NA,NA,NA,NA,NA,NA,NA,NA,NA,NA,NA,NA,NA,NA,NA,NA,NA,NA,NA,NA,NA,NA,NA,NA,NA,NA,NA,NA,NA,NA,NA,NA,NA,NA,70.9075,3.85475999999999,0.625,0.0741299999999999,1.805,0.44478,6.255,1.601208,0.27,0.192738,NA,NA,NA,NA
"884","Malik Hooker","DAL","DB","13228","robust",NA,NA,NA,NA,NA,NA,NA,NA,NA,NA,NA,NA,NA,NA,NA,NA,NA,NA,NA,NA,NA,NA,NA,NA,NA,NA,NA,NA,NA,NA,NA,NA,NA,NA,NA,NA,NA,NA,NA,NA,NA,NA,NA,NA,NA,NA,NA,NA,NA,NA,49.2125,11.1195,0.0625,0,1.56,0.622692,3.955,0.59304,0.475,0.481845,NA,NA,NA,NA
"885","Jaire Alexander","GB","DB","13730","robust",NA,NA,NA,NA,NA,NA,NA,NA,NA,NA,NA,NA,NA,NA,NA,NA,NA,NA,NA,NA,NA,NA,NA,NA,NA,NA,NA,NA,NA,NA,NA,NA,NA,NA,NA,NA,NA,NA,NA,NA,NA,NA,NA,NA,NA,NA,NA,NA,NA,NA,49.98,4.74432,0.0675,0,2.69,0.415128,10.82,0.444780000000001,0.1,0.14826,"Q","Groin",2023,0
"886","Stephon Gilmore","DAL","DB","10789","robust",NA,NA,NA,NA,NA,NA,NA,NA,NA,NA,NA,NA,NA,NA,NA,NA,NA,NA,NA,NA,NA,NA,NA,NA,NA,NA,NA,NA,NA,NA,NA,NA,NA,NA,NA,NA,NA,NA,NA,NA,NA,NA,NA,NA,NA,NA,NA,NA,NA,NA,54.8925,4.15128,0.06,0,2.62,0.800604,9.705,0.59304,0.36,0.207564,NA,NA,NA,NA
"887","Jason Pinnock","NYG","DB","15448","robust",NA,NA,NA,NA,NA,NA,NA,NA,NA,NA,NA,NA,NA,NA,NA,NA,NA,NA,NA,NA,NA,NA,NA,NA,NA,NA,NA,NA,NA,NA,NA,NA,NA,NA,NA,NA,NA,NA,NA,NA,NA,NA,NA,NA,NA,NA,NA,NA,NA,NA,56.95,23.64747,1.75,0.37065,0.95,0.07413,5.25,1.85325,0.8,0,NA,NA,NA,NA
"888","Tashaun Gipson","SF","DB","11010","robust",NA,NA,NA,NA,NA,NA,NA,NA,NA,NA,NA,NA,NA,NA,NA,NA,NA,NA,NA,NA,NA,NA,NA,NA,NA,NA,NA,NA,NA,NA,NA,NA,NA,NA,NA,NA,NA,NA,NA,NA,NA,NA,NA,NA,NA,NA,NA,NA,NA,NA,50.375,4.59606,0.78,0.133434,3.8125,0.7413,7.5975,1.467774,0.12,0.177912,NA,NA,NA,NA
"889","Julius Brents","IND","DB","16261","robust",NA,NA,NA,NA,NA,NA,NA,NA,NA,NA,NA,NA,NA,NA,NA,NA,NA,NA,NA,NA,NA,NA,NA,NA,NA,NA,NA,NA,NA,NA,NA,NA,NA,NA,NA,NA,NA,NA,NA,NA,NA,NA,NA,NA,NA,NA,NA,NA,NA,NA,41.1,45.66408,0.69,0.311346,0.87,1.289862,4.075,3.817695,0.09,0.133434,"Q","Hamstring",2023,0
"890","Denzel Ward","CLE","DB","13707","robust",NA,NA,NA,NA,NA,NA,NA,NA,NA,NA,NA,NA,NA,NA,NA,NA,NA,NA,NA,NA,NA,NA,NA,NA,NA,NA,NA,NA,NA,NA,NA,NA,NA,NA,NA,NA,NA,NA,NA,NA,NA,NA,NA,NA,NA,NA,NA,NA,NA,NA,49.27,0.444779999999996,0.0975,0,3.215,1.097124,12.0925,2.37216,0.6,0.59304,"Q","Concussion",2023,0
"891","Taylor Rapp","BUF","DB","14186","robust",NA,NA,NA,NA,NA,NA,NA,NA,NA,NA,NA,NA,NA,NA,NA,NA,NA,NA,NA,NA,NA,NA,NA,NA,NA,NA,NA,NA,NA,NA,NA,NA,NA,NA,NA,NA,NA,NA,NA,NA,NA,NA,NA,NA,NA,NA,NA,NA,NA,NA,59.855,14.262612,0.385,0.0593040000000001,1.825,0.14826,5.435,0.489258,0.07,0.103782,NA,NA,NA,NA
"892","Taron Johnson","BUF","DB","13764","robust",NA,NA,NA,NA,NA,NA,NA,NA,NA,NA,NA,NA,NA,NA,NA,NA,NA,NA,NA,NA,NA,NA,NA,NA,NA,NA,NA,NA,NA,NA,NA,NA,NA,NA,NA,NA,NA,NA,NA,NA,NA,NA,NA,NA,NA,NA,NA,NA,NA,NA,67.88,2.16459599999999,1.32,0.177912,0.76,0.177912,7.9975,1.03782,0.065,0.096369,NA,NA,NA,NA
"893","A.J. Terrell","ATL","DB","14918","robust",NA,NA,NA,NA,NA,NA,NA,NA,NA,NA,NA,NA,NA,NA,NA,NA,NA,NA,NA,NA,NA,NA,NA,NA,NA,NA,NA,NA,NA,NA,NA,NA,NA,NA,NA,NA,NA,NA,NA,NA,NA,NA,NA,NA,NA,NA,NA,NA,NA,NA,53.075,0.593039999999998,0.44,0.237216,1.57,0.311346,10.48,3.26172,0.095,0.140847,NA,NA,NA,NA
"894","Roger McCreary","TEN","DB","15849","robust",NA,NA,NA,NA,NA,NA,NA,NA,NA,NA,NA,NA,NA,NA,NA,NA,NA,NA,NA,NA,NA,NA,NA,NA,NA,NA,NA,NA,NA,NA,NA,NA,NA,NA,NA,NA,NA,NA,NA,NA,NA,NA,NA,NA,NA,NA,NA,NA,NA,NA,64.445,2.07564,0.04,0,1.115,0.0593040000000001,7.5975,2.07564,0.17,0.044478,NA,NA,NA,NA
"895","Bryan Cook","KC","DB","15860","robust",NA,NA,NA,NA,NA,NA,NA,NA,NA,NA,NA,NA,NA,NA,NA,NA,NA,NA,NA,NA,NA,NA,NA,NA,NA,NA,NA,NA,NA,NA,NA,NA,NA,NA,NA,NA,NA,NA,NA,NA,NA,NA,NA,NA,NA,NA,NA,NA,NA,NA,52.525,25.982565,1.4,0.14826,0.925,0.111195,3.8,1.18608,0.13,0,NA,NA,NA,NA
"896","Jimmie Ward","HOU","DB","11768","robust",NA,NA,NA,NA,NA,NA,NA,NA,NA,NA,NA,NA,NA,NA,NA,NA,NA,NA,NA,NA,NA,NA,NA,NA,NA,NA,NA,NA,NA,NA,NA,NA,NA,NA,NA,NA,NA,NA,NA,NA,NA,NA,NA,NA,NA,NA,NA,NA,NA,NA,65.08,2.07564,0.0675,0,3.4875,1.63086,8.03,0.59304,0.06,0.088956,NA,NA,NA,NA
"897","Asante Samuel","LAC","DB","15384","robust",NA,NA,NA,NA,NA,NA,NA,NA,NA,NA,NA,NA,NA,NA,NA,NA,NA,NA,NA,NA,NA,NA,NA,NA,NA,NA,NA,NA,NA,NA,NA,NA,NA,NA,NA,NA,NA,NA,NA,NA,NA,NA,NA,NA,NA,NA,NA,NA,NA,NA,52.81,2.66868,0.0275,0,2.0375,0.14826,9.89,0.889559999999999,0.1,0.14826,NA,NA,NA,NA
"898","Darius Slay","PHI","DB","11348","robust",NA,NA,NA,NA,NA,NA,NA,NA,NA,NA,NA,NA,NA,NA,NA,NA,NA,NA,NA,NA,NA,NA,NA,NA,NA,NA,NA,NA,NA,NA,NA,NA,NA,NA,NA,NA,NA,NA,NA,NA,NA,NA,NA,NA,NA,NA,NA,NA,NA,NA,51.1425,9.19212,0.0225,0,2.54,0.385476,10.78,0.296519999999999,0.125,0.185325,NA,NA,NA,NA
"899","Daxton Hill","CIN","DB","15836","robust",NA,NA,NA,NA,NA,NA,NA,NA,NA,NA,NA,NA,NA,NA,NA,NA,NA,NA,NA,NA,NA,NA,NA,NA,NA,NA,NA,NA,NA,NA,NA,NA,NA,NA,NA,NA,NA,NA,NA,NA,NA,NA,NA,NA,NA,NA,NA,NA,NA,NA,64.95,5.85627,0.25,0.37065,0.85,0.22239,8.85,1.26021,0,0,NA,NA,NA,NA
"900","Chidobe Awuzie","CIN","DB","13263","robust",NA,NA,NA,NA,NA,NA,NA,NA,NA,NA,NA,NA,NA,NA,NA,NA,NA,NA,NA,NA,NA,NA,NA,NA,NA,NA,NA,NA,NA,NA,NA,NA,NA,NA,NA,NA,NA,NA,NA,NA,NA,NA,NA,NA,NA,NA,NA,NA,NA,NA,53.65,15.27078,0.24,0.266868,0.9775,0.459606,5.53,1.912554,0.075,0.111195,NA,NA,NA,NA
"901","Jamel Dean","TB","DB","14219","robust",NA,NA,NA,NA,NA,NA,NA,NA,NA,NA,NA,NA,NA,NA,NA,NA,NA,NA,NA,NA,NA,NA,NA,NA,NA,NA,NA,NA,NA,NA,NA,NA,NA,NA,NA,NA,NA,NA,NA,NA,NA,NA,NA,NA,NA,NA,NA,NA,NA,NA,55.43,4.4478,0.07,0.014826,1.57,0.014826,7.57,0.429954,0.095,0.140847,NA,NA,NA,NA
"902","Jalen Ramsey","MIA","DB","12711","robust",NA,NA,NA,NA,NA,NA,NA,NA,NA,NA,NA,NA,NA,NA,NA,NA,NA,NA,NA,NA,NA,NA,NA,NA,NA,NA,NA,NA,NA,NA,NA,NA,NA,NA,NA,NA,NA,NA,NA,NA,NA,NA,NA,NA,NA,NA,NA,NA,NA,NA,49.34,28.673484,0.545,0.066717,1.145,0.214977,6.61,2.060814,0.14,0,"IR","Knee - Meniscus",2023,0
"903","Adrian Phillips","NE","DB","12088","robust",NA,NA,NA,NA,NA,NA,NA,NA,NA,NA,NA,NA,NA,NA,NA,NA,NA,NA,NA,NA,NA,NA,NA,NA,NA,NA,NA,NA,NA,NA,NA,NA,NA,NA,NA,NA,NA,NA,NA,NA,NA,NA,NA,NA,NA,NA,NA,NA,NA,NA,50.205,4.15128,0.045,0,0.3425,0,4.89,0.252042,0.075,0.111195,NA,NA,NA,NA
"904","Kenny Moore","IND","DB","13470","robust",NA,NA,NA,NA,NA,NA,NA,NA,NA,NA,NA,NA,NA,NA,NA,NA,NA,NA,NA,NA,NA,NA,NA,NA,NA,NA,NA,NA,NA,NA,NA,NA,NA,NA,NA,NA,NA,NA,NA,NA,NA,NA,NA,NA,NA,NA,NA,NA,NA,NA,67.5,0.7413,1.05,0.66717,2.3,0.44478,10.65,0.96369,0.7,0,NA,NA,NA,NA
"905","Patrick Surtain II","DEN","DB","15362","robust",NA,NA,NA,NA,NA,NA,NA,NA,NA,NA,NA,NA,NA,NA,NA,NA,NA,NA,NA,NA,NA,NA,NA,NA,NA,NA,NA,NA,NA,NA,NA,NA,NA,NA,NA,NA,NA,NA,NA,NA,NA,NA,NA,NA,NA,NA,NA,NA,NA,NA,52.54,3.26172,0.045,0,2.5525,0.59304,10.1,4.29954,0.195,0.00741300000000001,NA,NA,NA,NA
"906","Tariq Woolen","SEA","DB","15894","robust",NA,NA,NA,NA,NA,NA,NA,NA,NA,NA,NA,NA,NA,NA,NA,NA,NA,NA,NA,NA,NA,NA,NA,NA,NA,NA,NA,NA,NA,NA,NA,NA,NA,NA,NA,NA,NA,NA,NA,NA,NA,NA,NA,NA,NA,NA,NA,NA,NA,NA,50.7725,2.52042,0.0475,0,3.615,0,12.045,1.4826,0.455,0.363237,NA,NA,NA,NA
"907","Steven Nelson","HOU","DB","12291","robust",NA,NA,NA,NA,NA,NA,NA,NA,NA,NA,NA,NA,NA,NA,NA,NA,NA,NA,NA,NA,NA,NA,NA,NA,NA,NA,NA,NA,NA,NA,NA,NA,NA,NA,NA,NA,NA,NA,NA,NA,NA,NA,NA,NA,NA,NA,NA,NA,NA,NA,53.7375,13.63992,0.585,0.103782,0.9625,0.22239,6.075,0.29652,0.075,0.111195,NA,NA,NA,NA
"908","Jalen Mills","NE","DB","12716","robust",NA,NA,NA,NA,NA,NA,NA,NA,NA,NA,NA,NA,NA,NA,NA,NA,NA,NA,NA,NA,NA,NA,NA,NA,NA,NA,NA,NA,NA,NA,NA,NA,NA,NA,NA,NA,NA,NA,NA,NA,NA,NA,NA,NA,NA,NA,NA,NA,NA,NA,50.61,24.329466,0.11,0.163086,1.095,0.155673,5.69,1.052646,0.065,0.096369,NA,NA,NA,NA
"909","Antonio Hamilton","ARI","DB","12976","robust",NA,NA,NA,NA,NA,NA,NA,NA,NA,NA,NA,NA,NA,NA,NA,NA,NA,NA,NA,NA,NA,NA,NA,NA,NA,NA,NA,NA,NA,NA,NA,NA,NA,NA,NA,NA,NA,NA,NA,NA,NA,NA,NA,NA,NA,NA,NA,NA,NA,NA,58.1975,11.71254,0.0625,0,1.295,0.237216,6.43,0.7413,0.225,0.111195,NA,NA,NA,NA
"910","Emmanuel Forbes","WAS","DB","16253","robust",NA,NA,NA,NA,NA,NA,NA,NA,NA,NA,NA,NA,NA,NA,NA,NA,NA,NA,NA,NA,NA,NA,NA,NA,NA,NA,NA,NA,NA,NA,NA,NA,NA,NA,NA,NA,NA,NA,NA,NA,NA,NA,NA,NA,NA,NA,NA,NA,NA,NA,46.8925,7.11648,0.315,0.400302,0.9725,0.726474,4.9625,1.55673,0.075,0.111195,NA,NA,NA,NA
"911","TreDavious White","BUF","DB","13249","robust",NA,NA,NA,NA,NA,NA,NA,NA,NA,NA,NA,NA,NA,NA,NA,NA,NA,NA,NA,NA,NA,NA,NA,NA,NA,NA,NA,NA,NA,NA,NA,NA,NA,NA,NA,NA,NA,NA,NA,NA,NA,NA,NA,NA,NA,NA,NA,NA,NA,NA,50.725,0.7413,0.475,0,1,1.18608,8.5225,1.92738,0.085,0.126021,NA,NA,NA,NA
"912","Sean Bunting","TEN","DB","14199","robust",NA,NA,NA,NA,NA,NA,NA,NA,NA,NA,NA,NA,NA,NA,NA,NA,NA,NA,NA,NA,NA,NA,NA,NA,NA,NA,NA,NA,NA,NA,NA,NA,NA,NA,NA,NA,NA,NA,NA,NA,NA,NA,NA,NA,NA,NA,NA,NA,NA,NA,43.495,6.07866,0.055,0,1.155,0.14826,7.09,0.652344000000001,0.085,0.126021,NA,NA,NA,NA
"913","Tyson Campbell","JAC","DB","15380","robust",NA,NA,NA,NA,NA,NA,NA,NA,NA,NA,NA,NA,NA,NA,NA,NA,NA,NA,NA,NA,NA,NA,NA,NA,NA,NA,NA,NA,NA,NA,NA,NA,NA,NA,NA,NA,NA,NA,NA,NA,NA,NA,NA,NA,NA,NA,NA,NA,NA,NA,55.6675,4.4478,0.165,0.177912,1.945,1.245384,11.1,3.26172,0.79,0.904386,"Q","Concussion",2023,0
"914","Jaylon Johnson","CHI","DB","14924","robust",NA,NA,NA,NA,NA,NA,NA,NA,NA,NA,NA,NA,NA,NA,NA,NA,NA,NA,NA,NA,NA,NA,NA,NA,NA,NA,NA,NA,NA,NA,NA,NA,NA,NA,NA,NA,NA,NA,NA,NA,NA,NA,NA,NA,NA,NA,NA,NA,NA,NA,52.2575,0.148260000000002,0.06,0,1.0225,0,8.49,0.889559999999999,0.07,0.103782,NA,NA,NA,NA
"915","Martin Emerson","CLE","DB","15862","robust",NA,NA,NA,NA,NA,NA,NA,NA,NA,NA,NA,NA,NA,NA,NA,NA,NA,NA,NA,NA,NA,NA,NA,NA,NA,NA,NA,NA,NA,NA,NA,NA,NA,NA,NA,NA,NA,NA,NA,NA,NA,NA,NA,NA,NA,NA,NA,NA,NA,NA,59.71,7.872606,0.805,0.140847,0.49,0.726474,10.73,8.702862,0.07,0.103782,NA,NA,NA,NA
"916","Deonte Banks","NYG","DB","16255","robust",NA,NA,NA,NA,NA,NA,NA,NA,NA,NA,NA,NA,NA,NA,NA,NA,NA,NA,NA,NA,NA,NA,NA,NA,NA,NA,NA,NA,NA,NA,NA,NA,NA,NA,NA,NA,NA,NA,NA,NA,NA,NA,NA,NA,NA,NA,NA,NA,NA,NA,48.0525,3.11346,0.7325,0.252042,1.44,0.029652,7.15,1.18608,0.08,0.118608,NA,NA,NA,NA
"917","Kendall Fuller","WAS","DB","12714","robust",NA,NA,NA,NA,NA,NA,NA,NA,NA,NA,NA,NA,NA,NA,NA,NA,NA,NA,NA,NA,NA,NA,NA,NA,NA,NA,NA,NA,NA,NA,NA,NA,NA,NA,NA,NA,NA,NA,NA,NA,NA,NA,NA,NA,NA,NA,NA,NA,NA,NA,46.7675,1.92738,0.57,0.029652,2.385,0.415128,11.4725,2.81694,1.055,1.252797,NA,NA,NA,NA
"918","Alontae Taylor","NO","DB","15856","robust",NA,NA,NA,NA,NA,NA,NA,NA,NA,NA,NA,NA,NA,NA,NA,NA,NA,NA,NA,NA,NA,NA,NA,NA,NA,NA,NA,NA,NA,NA,NA,NA,NA,NA,NA,NA,NA,NA,NA,NA,NA,NA,NA,NA,NA,NA,NA,NA,NA,NA,51.86,18.028416,0.535,0.541149,0.59,0.874734,7.07,2.564898,0.07,0.103782,NA,NA,NA,NA
"919","Trevon Diggs","DAL","DB","14903","robust",NA,NA,NA,NA,NA,NA,NA,NA,NA,NA,NA,NA,NA,NA,NA,NA,NA,NA,NA,NA,NA,NA,NA,NA,NA,NA,NA,NA,NA,NA,NA,NA,NA,NA,NA,NA,NA,NA,NA,NA,NA,NA,NA,NA,NA,NA,NA,NA,NA,NA,53.6525,3.26172,0.03,0,3.4775,0.429954,11.8775,2.950374,0.12,0.177912,NA,NA,NA,NA
"920","Brian Branch","DET","DB","16244","robust",NA,NA,NA,NA,NA,NA,NA,NA,NA,NA,NA,NA,NA,NA,NA,NA,NA,NA,NA,NA,NA,NA,NA,NA,NA,NA,NA,NA,NA,NA,NA,NA,NA,NA,NA,NA,NA,NA,NA,NA,NA,NA,NA,NA,NA,NA,NA,NA,NA,NA,49.9,20.60814,0,0,1.05,0.0741300000000001,5.9,4.29954,0.7,0,NA,NA,NA,NA
"921","Eric Stokes","GB","DB","15377","robust",NA,NA,NA,NA,NA,NA,NA,NA,NA,NA,NA,NA,NA,NA,NA,NA,NA,NA,NA,NA,NA,NA,NA,NA,NA,NA,NA,NA,NA,NA,NA,NA,NA,NA,NA,NA,NA,NA,NA,NA,NA,NA,NA,NA,NA,NA,NA,NA,NA,NA,52.535,14.877891,0.105,0.155673,1.515,0.570801,4.555,0.971103,0.065,0.096369,NA,"Foot",2023,0
"922","Joey Porter Jr.","PIT","DB","16240","robust",NA,NA,NA,NA,NA,NA,NA,NA,NA,NA,NA,NA,NA,NA,NA,NA,NA,NA,NA,NA,NA,NA,NA,NA,NA,NA,NA,NA,NA,NA,NA,NA,NA,NA,NA,NA,NA,NA,NA,NA,NA,NA,NA,NA,NA,NA,NA,NA,NA,NA,45.33,1.4826,0.0725,0,1.105,0.014826,4.865,0.103782,0.065,0.096369,NA,NA,NA,NA
"923","Jeff Okudah","ATL","DB","14902","robust",NA,NA,NA,NA,NA,NA,NA,NA,NA,NA,NA,NA,NA,NA,NA,NA,NA,NA,NA,NA,NA,NA,NA,NA,NA,NA,NA,NA,NA,NA,NA,NA,NA,NA,NA,NA,NA,NA,NA,NA,NA,NA,NA,NA,NA,NA,NA,NA,NA,NA,52.0375,1.18608,0.205,0.281694,1.015,0.29652,6.2675,0.489258,0.32,0.266868,"Q","Ankle",2023,0
"924","Darious Williams","JAC","DB","13959","robust",NA,NA,NA,NA,NA,NA,NA,NA,NA,NA,NA,NA,NA,NA,NA,NA,NA,NA,NA,NA,NA,NA,NA,NA,NA,NA,NA,NA,NA,NA,NA,NA,NA,NA,NA,NA,NA,NA,NA,NA,NA,NA,NA,NA,NA,NA,NA,NA,NA,NA,45.3325,0.889560000000002,0.0425,0,0.57,0.44478,11.92,3.40998,0.23,0.103782,NA,NA,NA,NA
"925","Cameron Sutton","DET","DB","13276","robust",NA,NA,NA,NA,NA,NA,NA,NA,NA,NA,NA,NA,NA,NA,NA,NA,NA,NA,NA,NA,NA,NA,NA,NA,NA,NA,NA,NA,NA,NA,NA,NA,NA,NA,NA,NA,NA,NA,NA,NA,NA,NA,NA,NA,NA,NA,NA,NA,NA,NA,49.36,3.26172,0.0475,0,1.9875,0,10.7875,2.07564,0.09,0.133434,NA,NA,NA,NA
"926","Marcus Peters","LVR","DB","12245","robust",NA,NA,NA,NA,NA,NA,NA,NA,NA,NA,NA,NA,NA,NA,NA,NA,NA,NA,NA,NA,NA,NA,NA,NA,NA,NA,NA,NA,NA,NA,NA,NA,NA,NA,NA,NA,NA,NA,NA,NA,NA,NA,NA,NA,NA,NA,NA,NA,NA,NA,51.7725,10.52646,1.255,0.266868,2.1875,1.63086,7.6825,1.77912,0.13,0.192738,NA,NA,NA,NA
"927","Xavien Howard","MIA","DB","12742","robust",NA,NA,NA,NA,NA,NA,NA,NA,NA,NA,NA,NA,NA,NA,NA,NA,NA,NA,NA,NA,NA,NA,NA,NA,NA,NA,NA,NA,NA,NA,NA,NA,NA,NA,NA,NA,NA,NA,NA,NA,NA,NA,NA,NA,NA,NA,NA,NA,NA,NA,42.075,5.1891,0.355,0.059304,1.975,1.63086,10.9475,1.942206,0.92,1.008168,NA,NA,NA,NA
"928","Devon Witherspoon","SEA","DB","16241","robust",NA,NA,NA,NA,NA,NA,NA,NA,NA,NA,NA,NA,NA,NA,NA,NA,NA,NA,NA,NA,NA,NA,NA,NA,NA,NA,NA,NA,NA,NA,NA,NA,NA,NA,NA,NA,NA,NA,NA,NA,NA,NA,NA,NA,NA,NA,NA,NA,NA,NA,48.59,3.7065,0.055,0,0.8775,0.311346,4.725,0.37065,0.07,0.103782,"Q","Hamstring",2023,0
"929","Marco Wilson","ARI","DB","15422","robust",NA,NA,NA,NA,NA,NA,NA,NA,NA,NA,NA,NA,NA,NA,NA,NA,NA,NA,NA,NA,NA,NA,NA,NA,NA,NA,NA,NA,NA,NA,NA,NA,NA,NA,NA,NA,NA,NA,NA,NA,NA,NA,NA,NA,NA,NA,NA,NA,NA,NA,51.79,10.467156,0.0425,0,1.2975,0.429954,7.415,1.245384,0.525,0.555975,NA,NA,NA,NA
"930","Donte Jackson","CAR","DB","13738","robust",NA,NA,NA,NA,NA,NA,NA,NA,NA,NA,NA,NA,NA,NA,NA,NA,NA,NA,NA,NA,NA,NA,NA,NA,NA,NA,NA,NA,NA,NA,NA,NA,NA,NA,NA,NA,NA,NA,NA,NA,NA,NA,NA,NA,NA,NA,NA,NA,NA,NA,53.3825,7.70952,0.135,0.044478,2.1775,0.14826,7.8325,0.0444780000000017,0.45,0.37065,"Q","Ankle",2023,0
"931","James Bradberry","PHI","DB","12750","robust",NA,NA,NA,NA,NA,NA,NA,NA,NA,NA,NA,NA,NA,NA,NA,NA,NA,NA,NA,NA,NA,NA,NA,NA,NA,NA,NA,NA,NA,NA,NA,NA,NA,NA,NA,NA,NA,NA,NA,NA,NA,NA,NA,NA,NA,NA,NA,NA,NA,NA,44.845,5.1891,0.03,0,2.47,0.029652,12.555,4.00302,0.1,0.14826,NA,NA,NA,NA
"932","Marlon Humphrey","BAL","DB","13223","robust",NA,NA,NA,NA,NA,NA,NA,NA,NA,NA,NA,NA,NA,NA,NA,NA,NA,NA,NA,NA,NA,NA,NA,NA,NA,NA,NA,NA,NA,NA,NA,NA,NA,NA,NA,NA,NA,NA,NA,NA,NA,NA,NA,NA,NA,NA,NA,NA,NA,NA,57.45,0.667169999999999,2.5,0.7413,2.25,0.37065,5.7,1.03782,0,0,"Q","Foot",2023,0
"933","Patrick Peterson","PIT","DB","10260","robust",NA,NA,NA,NA,NA,NA,NA,NA,NA,NA,NA,NA,NA,NA,NA,NA,NA,NA,NA,NA,NA,NA,NA,NA,NA,NA,NA,NA,NA,NA,NA,NA,NA,NA,NA,NA,NA,NA,NA,NA,NA,NA,NA,NA,NA,NA,NA,NA,NA,NA,53.77,3.469284,0.0175,0,1.9075,0.103782,8.5175,0.7413,0.08,0.118608,NA,NA,NA,NA
"934","Julian Blackmon","IND","DB","14933","robust",NA,NA,NA,NA,NA,NA,NA,NA,NA,NA,NA,NA,NA,NA,NA,NA,NA,NA,NA,NA,NA,NA,NA,NA,NA,NA,NA,NA,NA,NA,NA,NA,NA,NA,NA,NA,NA,NA,NA,NA,NA,NA,NA,NA,NA,NA,NA,NA,NA,NA,51.95,7.33887,1.05,0.0741300000000001,0.75,0.37065,5.05,1.55673,0,0,NA,NA,NA,NA
"935","Quentin Lake","LAR","DB","15923","robust",NA,NA,NA,NA,NA,NA,NA,NA,NA,NA,NA,NA,NA,NA,NA,NA,NA,NA,NA,NA,NA,NA,NA,NA,NA,NA,NA,NA,NA,NA,NA,NA,NA,NA,NA,NA,NA,NA,NA,NA,NA,NA,NA,NA,NA,NA,NA,NA,NA,NA,32.9,32.76546,0.65,0.51891,0.5,0.7413,4.2,4.15128,0,0,NA,NA,NA,NA
"936","Avonte Maddox","PHI","DB","13767","robust",NA,NA,NA,NA,NA,NA,NA,NA,NA,NA,NA,NA,NA,NA,NA,NA,NA,NA,NA,NA,NA,NA,NA,NA,NA,NA,NA,NA,NA,NA,NA,NA,NA,NA,NA,NA,NA,NA,NA,NA,NA,NA,NA,NA,NA,NA,NA,NA,NA,NA,44.65,9.41451,1.45,0.66717,1,0,5.05,2.89107,0,0,NA,NA,NA,NA
"937","Brandon Stephens","BAL","DB","15405","robust",NA,NA,NA,NA,NA,NA,NA,NA,NA,NA,NA,NA,NA,NA,NA,NA,NA,NA,NA,NA,NA,NA,NA,NA,NA,NA,NA,NA,NA,NA,NA,NA,NA,NA,NA,NA,NA,NA,NA,NA,NA,NA,NA,NA,NA,NA,NA,NA,NA,NA,48.9,2.81694,0.8,0.44478,0.65,0.51891,6.1,0.14826,0,0,NA,NA,NA,NA
"938","Jaycee Horn","CAR","DB","15361","robust",NA,NA,NA,NA,NA,NA,NA,NA,NA,NA,NA,NA,NA,NA,NA,NA,NA,NA,NA,NA,NA,NA,NA,NA,NA,NA,NA,NA,NA,NA,NA,NA,NA,NA,NA,NA,NA,NA,NA,NA,NA,NA,NA,NA,NA,NA,NA,NA,NA,NA,46.65,3.92889,0,0,2.75,0.37065,6.75,0.37065,0,0,NA,NA,NA,NA
"939","Coby Bryant","SEA","DB","15872","robust",NA,NA,NA,NA,NA,NA,NA,NA,NA,NA,NA,NA,NA,NA,NA,NA,NA,NA,NA,NA,NA,NA,NA,NA,NA,NA,NA,NA,NA,NA,NA,NA,NA,NA,NA,NA,NA,NA,NA,NA,NA,NA,NA,NA,NA,NA,NA,NA,NA,NA,45,4.4478,1.6,0.88956,0,0,3.2,0.29652,0,0,NA,NA,NA,NA
"940","Byron Murphy","MIN","DB","14180","robust",NA,NA,NA,NA,NA,NA,NA,NA,NA,NA,NA,NA,NA,NA,NA,NA,NA,NA,NA,NA,NA,NA,NA,NA,NA,NA,NA,NA,NA,NA,NA,NA,NA,NA,NA,NA,NA,NA,NA,NA,NA,NA,NA,NA,NA,NA,NA,NA,NA,NA,44.85,4.67019,0,0,1,1.4826,8,0,0.5,0,NA,NA,NA,NA
"941","Michael Carter","NYJ","DB","15432","robust",NA,NA,NA,NA,NA,NA,NA,NA,NA,NA,NA,NA,NA,NA,NA,NA,NA,NA,NA,NA,NA,NA,NA,NA,NA,NA,NA,NA,NA,NA,NA,NA,NA,NA,NA,NA,NA,NA,NA,NA,NA,NA,NA,NA,NA,NA,NA,NA,NA,NA,45.75,2.59455,0.5,0,0.9,0.14826,6.8,0.29652,0,0,NA,NA,NA,NA
"942","Jaylen Watson","KC","DB","15950","robust",NA,NA,NA,NA,NA,NA,NA,NA,NA,NA,NA,NA,NA,NA,NA,NA,NA,NA,NA,NA,NA,NA,NA,NA,NA,NA,NA,NA,NA,NA,NA,NA,NA,NA,NA,NA,NA,NA,NA,NA,NA,NA,NA,NA,NA,NA,NA,NA,NA,NA,41.1,9.04386,0,0,2,1.4826,7.9,1.33434,0.7,0,NA,NA,NA,NA
"943","Greg Newsome","CLE","DB","15375","robust",NA,NA,NA,NA,NA,NA,NA,NA,NA,NA,NA,NA,NA,NA,NA,NA,NA,NA,NA,NA,NA,NA,NA,NA,NA,NA,NA,NA,NA,NA,NA,NA,NA,NA,NA,NA,NA,NA,NA,NA,NA,NA,NA,NA,NA,NA,NA,NA,NA,NA,40.85,5.70801,0.45,0.07413,0.2,0.29652,7.85,1.26021,0.2,0,"Q","Groin",2023,0
"944","Caden Sterns","DEN","DB","15430","robust",NA,NA,NA,NA,NA,NA,NA,NA,NA,NA,NA,NA,NA,NA,NA,NA,NA,NA,NA,NA,NA,NA,NA,NA,NA,NA,NA,NA,NA,NA,NA,NA,NA,NA,NA,NA,NA,NA,NA,NA,NA,NA,NA,NA,NA,NA,NA,NA,NA,NA,38.25,4.07715,0.9,0.88956,1.15,1.26021,5,0,0,0,NA,NA,NA,NA
"945","Marcus Jones","NE","DB","15868","robust",NA,NA,NA,NA,NA,NA,NA,NA,NA,NA,NA,NA,NA,NA,NA,NA,NA,NA,NA,NA,NA,NA,NA,NA,NA,NA,NA,NA,NA,NA,NA,NA,NA,NA,NA,NA,NA,NA,NA,NA,NA,NA,NA,NA,NA,NA,NA,NA,NA,NA,38.25,1.85325,0,0,1.5,0.7413,6.15,0.22239,0.2,0,NA,NA,NA,NA
"946","Benjamin St-Juste","WAS","DB","15392","robust",NA,NA,NA,NA,NA,NA,NA,NA,NA,NA,NA,NA,NA,NA,NA,NA,NA,NA,NA,NA,NA,NA,NA,NA,NA,NA,NA,NA,NA,NA,NA,NA,NA,NA,NA,NA,NA,NA,NA,NA,NA,NA,NA,NA,NA,NA,NA,NA,NA,NA,34.35,4.96671,1.5,0.7413,0,0,5.55,0.81543,0,0,NA,NA,NA,NA
"947","KWaun Williams","DEN","DB","12015","robust",NA,NA,NA,NA,NA,NA,NA,NA,NA,NA,NA,NA,NA,NA,NA,NA,NA,NA,NA,NA,NA,NA,NA,NA,NA,NA,NA,NA,NA,NA,NA,NA,NA,NA,NA,NA,NA,NA,NA,NA,NA,NA,NA,NA,NA,NA,NA,NA,NA,NA,27.6,12.45384,0.75,0.37065,0.7,0.44478,5.1,1.33434,0,0,"IR","Ankle",2023,0
"948","Duke Shelley","LAR","DB","14278","robust",NA,NA,NA,NA,NA,NA,NA,NA,NA,NA,NA,NA,NA,NA,NA,NA,NA,NA,NA,NA,NA,NA,NA,NA,NA,NA,NA,NA,NA,NA,NA,NA,NA,NA,NA,NA,NA,NA,NA,NA,NA,NA,NA,NA,NA,NA,NA,NA,NA,NA,28.85,9.11799,0,0,0,0,7.2,0.29652,0,0,NA,NA,NA,NA
"949","Kaiir Elam","BUF","DB","15847","robust",NA,NA,NA,NA,NA,NA,NA,NA,NA,NA,NA,NA,NA,NA,NA,NA,NA,NA,NA,NA,NA,NA,NA,NA,NA,NA,NA,NA,NA,NA,NA,NA,NA,NA,NA,NA,NA,NA,NA,NA,NA,NA,NA,NA,NA,NA,NA,NA,NA,NA,32.25,1.85325,0,0,1.35,0.51891,3.85,1.26021,0,0,NA,NA,NA,NA
"950","Tyrique Stevenson","CHI","DB","16267","robust",NA,NA,NA,NA,NA,NA,NA,NA,NA,NA,NA,NA,NA,NA,NA,NA,NA,NA,NA,NA,NA,NA,NA,NA,NA,NA,NA,NA,NA,NA,NA,NA,NA,NA,NA,NA,NA,NA,NA,NA,NA,NA,NA,NA,NA,NA,NA,NA,NA,NA,21.4,14.23296,0,0,0.5,0.7413,4,2.9652,0,0,NA,NA,NA,NA
"951","Keisean Nixon","GB","DB","14669","robust",NA,NA,NA,NA,NA,NA,NA,NA,NA,NA,NA,NA,NA,NA,NA,NA,NA,NA,NA,NA,NA,NA,NA,NA,NA,NA,NA,NA,NA,NA,NA,NA,NA,NA,NA,NA,NA,NA,NA,NA,NA,NA,NA,NA,NA,NA,NA,NA,NA,NA,25.4,8.30256,0,0,0.85,0.22239,4.25,2.59455,1.7,0,NA,NA,NA,NA
"952","Isaiah Oliver","SF","DB","13709","robust",NA,NA,NA,NA,NA,NA,NA,NA,NA,NA,NA,NA,NA,NA,NA,NA,NA,NA,NA,NA,NA,NA,NA,NA,NA,NA,NA,NA,NA,NA,NA,NA,NA,NA,NA,NA,NA,NA,NA,NA,NA,NA,NA,NA,NA,NA,NA,NA,NA,NA,26.2,1.18608,0.75,0.37065,0.85,0.22239,4.15,1.26021,0,0,NA,NA,NA,NA
