"","player","team","position","id","avg_type","pass_att","pass_att_sd","pass_comp","pass_comp_sd","pass_yds","pass_yds_sd","pass_tds","pass_tds_sd","pass_int","pass_int_sd","rush_att","rush_att_sd","rush_yds","rush_yds_sd","rush_tds","rush_tds_sd","fumbles_lost","fumbles_lost_sd","two_pts","two_pts_sd","return_tds","return_tds_sd","rec","rec_sd","rec_yds","rec_yds_sd","rec_tds","rec_tds_sd","dst_int","dst_int_sd","dst_sacks","dst_sacks_sd","dst_safety","dst_safety_sd","dst_td","dst_td_sd","dst_blk","dst_blk_sd","fg_0019","fg_0019_sd","fg_2029","fg_2029_sd","fg_3039","fg_3039_sd","fg_4049","fg_4049_sd","fg_50","fg_50_sd","xp","xp_sd","injury_status","injury_details","week","season_year"
"1","Patrick Mahomes","KC","QB","2558125","robust",37.091376974803,0.726473999999998,24.8953010271046,0.244629000000001,290.035,3.7065,2.25,0.185325,0.8,0.014826,3.45,0.546812519030345,17.8,2.831766,0.145,0.066717,0.12,0.014826,0.17,0,0,NA,NA,NA,NA,NA,NA,NA,NA,NA,NA,NA,NA,NA,NA,NA,NA,NA,NA,NA,NA,NA,NA,NA,NA,NA,NA,NA,NA,NA,NA,NA,NA,NA
"2","Tom Brady","TB","QB","2504211","robust",39.9,2.70954158140731,26.7,1.4968111005191,282.9,5.04084000000001,1.6,0.289107,0.7,0.066717,1,0.2431464,1,0.882147,0.035,0.037065,0.19,0.00741300000000001,0.03,0,0,NA,NA,NA,NA,NA,NA,NA,NA,NA,NA,NA,NA,NA,NA,NA,NA,NA,NA,NA,NA,NA,NA,NA,NA,NA,NA,NA,NA,NA,NA,NA,NA,NA
"3","Joe Burrow","CIN","QB","2563722","robust",35.4031509345564,1.77912,23.763667222212,1.03782,276.4,13.743702,1.95,0.0741300000000001,0.9,0,3.8,0.890550217192065,14.75,0.837669000000001,0.17,0.00741300000000001,0.11,0.007413,0.16,0,0,NA,NA,NA,NA,NA,NA,NA,NA,NA,NA,NA,NA,NA,NA,NA,NA,NA,NA,NA,NA,NA,NA,NA,NA,NA,NA,NA,NA,NA,NA,NA,NA,NA
"4","Justin Herbert","LAC","QB","2565045","robust",37.32,0.711647999999995,25.155,0.511497000000001,271.67,3.21724199999998,1.385,0.363237,0.84,0.0741300000000001,3.05,0.22239,11.62,0.956277000000001,0.065,0.044478,0.143333333333333,0.042007,0.19,0,0,NA,NA,NA,NA,NA,NA,NA,NA,NA,NA,NA,NA,NA,NA,NA,NA,NA,NA,NA,NA,NA,NA,NA,NA,NA,NA,NA,NA,NA,NA,NA,NA,NA
"5","Jared Goff","DET","QB","2555334","robust",36.7315281499847,0.889560000000002,23.35,0.607324057257803,268.475,3.66943499999999,1.9,0.155673,0.7,0.111195,1.125,0.29652,3.985,1.11195,0.065,0.044478,0.193333333333333,0.00494200000000001,0.24,0,0,NA,NA,NA,NA,NA,NA,NA,NA,NA,NA,NA,NA,NA,NA,NA,NA,NA,NA,NA,NA,NA,NA,NA,NA,NA,NA,NA,NA,NA,NA,NA,NA,NA
"6","Kirk Cousins","MIN","QB","2532820","robust",36.675,0.417747427147449,23.8,0.320779773023225,275.81,6.6717,1.885,0.14826,0.8,0.185325,1.202,0.385476,2.8,1.831011,0.08,0.014826,0.113333333333333,0.009884,0.13,0,0,NA,NA,NA,NA,NA,NA,NA,NA,NA,NA,NA,NA,NA,NA,NA,NA,NA,NA,NA,NA,NA,NA,NA,NA,NA,NA,NA,NA,NA,NA,NA,NA,NA
"7","Josh Allen","BUF","QB","2560955","robust",32.835,1.53449099999999,20.9570394938269,0.667169999999999,255.2,9.32555400000001,1.9,0.126021,0.9,0.066717,8.05,1.03782,46,7.791063,0.49,0.07413,0.2,0,0.16,0,0,NA,NA,NA,NA,NA,NA,NA,NA,NA,NA,NA,NA,NA,NA,NA,NA,NA,NA,NA,NA,NA,NA,NA,NA,NA,NA,NA,NA,NA,NA,NA,NA,NA
"8","Mike White","NYJ","QB","2560929","robust",34.8754812078415,0.593039999999998,21.98,0,260.82,17.539158,1.255,0.311346,1.05,0.14826,1.14875,0.133434,4.8,0.607866,0.08,0.029652,0.08,0,0.07,0,0,NA,NA,NA,NA,NA,NA,NA,NA,NA,NA,NA,NA,NA,NA,NA,NA,NA,NA,NA,NA,NA,NA,NA,NA,NA,NA,NA,NA,NA,NA,NA,NA,NA
"9","Dak Prescott","DAL","QB","2555260","robust",33.458278132918,1.63086,22.3,0.924384553690733,256.53,10.15581,1.91,0.14826,0.815,0.214977,3.44849847157587,0.326172,13.525,1.860663,0.1,0.022239,0.126666666666667,0.019768,0.26,0,0,NA,NA,NA,NA,NA,NA,NA,NA,NA,NA,NA,NA,NA,NA,NA,NA,NA,NA,NA,NA,NA,NA,NA,NA,NA,NA,NA,NA,NA,NA,NA,NA,NA
"10","Geno Smith","SEA","QB","2539335","robust",34.5962402388734,1.564143,22.9,0.544949647564681,249.4,11.245521,1.65,0.348411,0.835,0.051891,3.8,0.22239,16.38,1.015581,0.1,0.007413,0.193333333333333,0.00494200000000001,0,NA,0,NA,NA,NA,NA,NA,NA,NA,NA,NA,NA,NA,NA,NA,NA,NA,NA,NA,NA,NA,NA,NA,NA,NA,NA,NA,NA,NA,NA,NA,NA,NA,NA,NA
"11","Gardner Minshew","PHI","QB","2562796","robust",32.75,1.63085999999999,21.686754587021,2.461116,235.5,8.8956,1.675,0.37065,0.735,0.103782,3.18447248296821,0.764321096751338,13.61,1.616034,0.1,0.029652,0.155,0,0.15,0,0,NA,NA,NA,NA,NA,NA,NA,NA,NA,NA,NA,NA,NA,NA,NA,NA,NA,NA,NA,NA,NA,NA,NA,NA,NA,NA,NA,NA,NA,NA,NA,NA,NA
"12","Jarrett Stidham","LVR","QB","2562746","robust",32.87238091922,0.633988049164361,20.5451011792795,0.229652991600267,226.56,5.11497,1.15,0.22239,1.225,0.14826,1.6,0.348411,6.3,1.912554,0.05,0.037065,0.126666666666667,0.019768,0.09,0,0,NA,NA,NA,NA,NA,NA,NA,NA,NA,NA,NA,NA,NA,NA,NA,NA,NA,NA,NA,NA,NA,NA,NA,NA,NA,NA,NA,NA,NA,NA,NA,NA,NA
"13","Trevor Lawrence","JAC","QB","2566163","robust",34.5,0.628037663657993,21.6,0.447535589101312,249.78,4.195758,1.605,0.437367,0.8,0.103782,5.1,0.644931000000001,22,4.410735,0.2,0.044478,0.27,0.051891,0.16,0,0,NA,NA,NA,NA,NA,NA,NA,NA,NA,NA,NA,NA,NA,NA,NA,NA,NA,NA,NA,NA,NA,NA,NA,NA,NA,NA,NA,NA,NA,NA,NA,NA,NA
"14","Aaron Rodgers","GB","QB","2506363","robust",32.7,0.207564000000001,21.475,0.111195000000002,241.705,8.65838400000001,1.9,0.14826,0.65,0.096369,2.15,0.22239,7,2.913309,0.085,0,0.13,0.022239,0.06,0,0,NA,NA,NA,NA,NA,NA,NA,NA,NA,NA,NA,NA,NA,NA,NA,NA,NA,NA,NA,NA,NA,NA,NA,NA,NA,NA,NA,NA,NA,NA,NA,NA,NA
"15","Teddy Bridgewater","MIA","QB","2543465","robust",32,1.31951400000001,20.9918729231434,0.674583,236.18,7.85778000000002,1.175,0.0667170000000001,0.85,0.014826,2.005,0.37065,7.125,1.26021,0.08,0.014826,0.0866666666666667,0.009884,0.09,0,0,NA,NA,NA,NA,NA,NA,NA,NA,NA,NA,NA,NA,NA,NA,NA,NA,NA,NA,NA,NA,NA,NA,NA,NA,NA,NA,NA,NA,NA,NA,NA,NA,NA
"16","Russell Wilson","DEN","QB","2532975","robust",32.4543136188304,1.77170700000001,19.6680431487922,0.926625,226,10.771089,1.25,0.29652,0.75,0.155673,3.77,0.445122738387919,17.2,1.919967,0.09,0,0.113333333333333,0.009884,0.03,0,0,NA,NA,NA,NA,NA,NA,NA,NA,NA,NA,NA,NA,NA,NA,NA,NA,NA,NA,NA,NA,NA,NA,NA,NA,NA,NA,NA,NA,NA,NA,NA,NA,NA
"17","Daniel Jones","NYG","QB","2562299","robust",31.6,1.24198249720472,20.75,0.746911827789966,211.4,8.81405700000001,1.065,0.140847,0.5,0.133434,6.86,0.14826,38.3,2.2239,0.25,0.081543,0.173333333333333,0.019768,0.16,0,0,NA,NA,NA,NA,NA,NA,NA,NA,NA,NA,NA,NA,NA,NA,NA,NA,NA,NA,NA,NA,NA,NA,NA,NA,NA,NA,NA,NA,NA,NA,NA,NA,NA
"18","Deshaun Watson","CLE","QB","2558063","robust",29.8,0.585626999999999,19.5,0.570800999999997,220.6,2.83917900000001,1.05,0.0741300000000001,0.75,0.0741300000000001,5.21,0.22239,25.7,0.526323000000001,0.14,0.07413,0.143333333333333,0.042007,0.16,0,0,NA,NA,NA,NA,NA,NA,NA,NA,NA,NA,NA,NA,NA,NA,NA,NA,NA,NA,NA,NA,NA,NA,NA,NA,NA,NA,NA,NA,NA,NA,NA,NA,NA
"19","Sam Darnold","CAR","QB","2561036","robust",27.5437680575945,1.022994,17.2079866089787,0.333584999999999,198.015,10.237353,1,0.00741300000000001,0.55,0.133434,3.34048980570148,0.208290185933012,15.36,0.978516,0.15,0.022239,0.126666666666667,0.019768,0.09,0,0,NA,NA,NA,NA,NA,NA,NA,NA,NA,NA,NA,NA,NA,NA,NA,NA,NA,NA,NA,NA,NA,NA,NA,NA,NA,NA,NA,NA,NA,NA,NA,NA,NA
"20","Mac Jones","NE","QB","2566334","robust",31.8544915322003,0.444779999999996,20.6378578841321,0.303933,225.295,4.52193000000002,1.15,0.214977,0.78,0.0815430000000001,2.1,0.637518,7,3.33585,0.06,0.022239,0.126666666666667,0.019768,0.13,0,0,NA,NA,NA,NA,NA,NA,NA,NA,NA,NA,NA,NA,NA,NA,NA,NA,NA,NA,NA,NA,NA,NA,NA,NA,NA,NA,NA,NA,NA,NA,NA,NA,NA
"21","Brock Purdy","SF","QB","2568216","robust",30.25,0.37065,19.4983977626574,1.18608,228.12,1.63085999999999,1.685,0.177912,0.8,0.088956,2.565,0.66717,9.13,4.203171,0.11,0.022239,0.08,0.014826,0.08,0,0,NA,NA,NA,NA,NA,NA,NA,NA,NA,NA,NA,NA,NA,NA,NA,NA,NA,NA,NA,NA,NA,NA,NA,NA,NA,NA,NA,NA,NA,NA,NA,NA,NA
"22","Baker Mayfield","LAR","QB","2560800","robust",31.3383563141235,1.26264692868045,18.5262189626301,0.806209766004682,211.455,9.09575099999999,1.105,0.111195,0.85,0.051891,2.395,0.526323,8.4,0.59304,0.08,0.00741300000000001,0.15,0.037065,0.09,0,0,NA,NA,NA,NA,NA,NA,NA,NA,NA,NA,NA,NA,NA,NA,NA,NA,NA,NA,NA,NA,NA,NA,NA,NA,NA,NA,NA,NA,NA,NA,NA,NA,NA
"23","Carson Wentz","WAS","QB","2555259","robust",30.45,1.06150065072793,19.430048683886,0.696822000000003,212.62,6.29363700000001,1.55,0.429954,0.905,0.29652,2.59234819949721,0.292588440574569,12.3,1.92738,0.065,0.044478,0.22,0.014826,0.28,0,0,NA,NA,NA,NA,NA,NA,NA,NA,NA,NA,NA,NA,NA,NA,NA,NA,NA,NA,NA,NA,NA,NA,NA,NA,NA,NA,NA,NA,NA,NA,NA,NA,NA
"24","Andy Dalton","NO","QB","2495143","robust",29.8,0.993342,18.655,0.518910000000002,217.63,13.684398,1.17,0.192738,0.78,0.037065,2.04935222672065,0.051891,6.955,0.407715,0.03,0,0.113333333333333,0.009884,0.16,0,0,NA,NA,NA,NA,NA,NA,NA,NA,NA,NA,NA,NA,NA,NA,NA,NA,NA,NA,NA,NA,NA,NA,NA,NA,NA,NA,NA,NA,NA,NA,NA,NA,NA
"25","Davis Mills","HOU","QB","2566136","robust",28.8007220256619,1.727229,18.0274744781663,1.156428,202,10.3782,1.06,0.0741300000000001,0.8,0.088956,2.345,0.0741300000000001,9.35,2.535246,0.105,0.066717,0.17,0.022239,0.09,0,0,NA,NA,NA,NA,NA,NA,NA,NA,NA,NA,NA,NA,NA,NA,NA,NA,NA,NA,NA,NA,NA,NA,NA,NA,NA,NA,NA,NA,NA,NA,NA,NA,NA
"26","David Blough","ARI","QB","2563043","robust",31.14,3.973368,19.15,1.082298,216.93,7.413,0.995,0,1,0,2.16586968586969,0.347121603729603,10.52,0.296519999999999,0.08,0.029652,0.14,0,0.07,0,0,NA,NA,NA,NA,NA,NA,NA,NA,NA,NA,NA,NA,NA,NA,NA,NA,NA,NA,NA,NA,NA,NA,NA,NA,NA,NA,NA,NA,NA,NA,NA,NA,NA
"27","Nick Foles","IND","QB","2532842","robust",32.4943508738786,0.601415394387582,20.6,0.244636837346492,216.4,6.91632900000001,1,0.00741300000000001,1.1,0.266868,1.45,0.481845,5.21,2.453703,0.085,0.014826,0.196666666666667,0.00247100000000002,0.09,0,0,NA,NA,NA,NA,NA,NA,NA,NA,NA,NA,NA,NA,NA,NA,NA,NA,NA,NA,NA,NA,NA,NA,NA,NA,NA,NA,NA,NA,NA,NA,NA,NA,NA
"28","Kenny Pickett","PIT","QB","2568162","robust",30.015,0.852692353296439,18.73,0.688557740564553,204.39,11.060196,0.95,0.07413,0.85,0.096369,3.795,0.51891,19.2,0.296519999999999,0.12,0.037065,0.116666666666667,0.012355,0.09,0,0,NA,NA,NA,NA,NA,NA,NA,NA,NA,NA,NA,NA,NA,NA,NA,NA,NA,NA,NA,NA,NA,NA,NA,NA,NA,NA,NA,NA,NA,NA,NA,NA,NA
"29","Justin Fields","CHI","QB","2565920","robust",25.1,0.770952000000002,15.44,0.44478,181.88,5.04084000000001,1.105,0.14826,0.75,0.163086,10.7014192912304,0.887455758821748,70.2,8.940078,0.56,0.0741300000000001,0.15,0.037065,0.08,0,0,NA,NA,NA,NA,NA,NA,NA,NA,NA,NA,NA,NA,NA,NA,NA,NA,NA,NA,NA,NA,NA,NA,NA,NA,NA,NA,NA,NA,NA,NA,NA,NA,NA
"30","Desmond Ridder","ATL","QB","2567256","robust",23.965,1.4826,15.4492182855468,1.000755,178.55,9.592422,1.05,0.111195,0.5,0.00741300000000001,4.355,1.08922181371078,23.2,2.765049,0.105,0.07413,0.12,0.014826,0.08,0,0,NA,NA,NA,NA,NA,NA,NA,NA,NA,NA,NA,NA,NA,NA,NA,NA,NA,NA,NA,NA,NA,NA,NA,NA,NA,NA,NA,NA,NA,NA,NA,NA,NA
"31","Joshua Dobbs","TEN","QB","2558167","robust",25.4,5.011188,15,3.16428239705793,165.985,19.911318,0.71,0.429954,0.925,0.0741300000000001,6.50380345180312,0.285242004713385,28.97,0.385476000000002,0.1,0.044478,0.135,0,0.09,0,0,NA,NA,NA,NA,NA,NA,NA,NA,NA,NA,NA,NA,NA,NA,NA,NA,NA,NA,NA,NA,NA,NA,NA,NA,NA,NA,NA,NA,NA,NA,NA,NA,NA
"32","Tyler Huntley","BAL","QB","2563560","robust",24.8958174021928,1.63706111950899,15.6343402915111,0.986907083805636,176,3.58047900000001,0.935,0,0.8,0,8.30337169349141,0.474431999999999,36.715,1.66792500000001,0.19,0.096369,0.166666666666667,0.02471,0.1,0,0,NA,NA,NA,NA,NA,NA,NA,NA,NA,NA,NA,NA,NA,NA,NA,NA,NA,NA,NA,NA,NA,NA,NA,NA,NA,NA,NA,NA,NA,NA,NA,NA,NA
"33","Bailey Zappe","NE","QB","2567961","robust",0.760576530612245,0.751753842857143,0.51390306122449,0.507941785714286,26.9,0.0296519999999994,0.1075,0.00741300000000001,0.1075,0.00741300000000001,0.375,0.37065,-0.05,0.04942,0,0,0.105,0.101311,0.03,0,0,NA,NA,NA,NA,NA,NA,NA,NA,NA,NA,NA,NA,NA,NA,NA,NA,NA,NA,NA,NA,NA,NA,NA,NA,NA,NA,NA,NA,NA,NA,NA,NA,NA
"34","Mitchell Trubisky","PIT","QB","2558008","robust",3.23247191011236,1.87540570786517,2.17570224719101,1.26229230337079,38.5125,0.0741300000000011,0.175,0,0.29,0.044478,0.75,1.11195,0.52,0.059304,0.0025,0,0,0,0.03,0,0,NA,NA,NA,NA,NA,NA,NA,NA,NA,NA,NA,NA,NA,NA,NA,NA,NA,NA,NA,NA,NA,NA,NA,NA,NA,NA,NA,NA,NA,NA,NA,NA,NA
"35","Taylor Heinicke","WAS","QB","2553656","robust",3.7,5.48562,2.3,3.40998,33.2,24.90768,0.2,0.14826,0.15,0.07413,0.45,0.66717,1.5,2.2239,0,0,0.1,0.14826,NA,NA,NA,NA,NA,NA,NA,NA,NA,NA,NA,NA,NA,NA,NA,NA,NA,NA,NA,NA,NA,NA,NA,NA,NA,NA,NA,NA,NA,NA,NA,NA,NA,NA,NA,NA
"36","Jeff Driskel","HOU","QB","2555262","robust",4.9217972282713,1.4826,2.88753251065889,1.03782,36,13.728876,0.15,0.07413,0.1,0.066717,2.6,1.18608,12.715,7.160958,0.05,0.07413,0.0366666666666667,0.019768,0.08,0,0,NA,NA,NA,NA,NA,NA,NA,NA,NA,NA,NA,NA,NA,NA,NA,NA,NA,NA,NA,NA,NA,NA,NA,NA,NA,NA,NA,NA,NA,NA,NA,NA,NA
"37","Jordan Love","GB","QB","2564007","robust",2.45,3.63237,1.55,2.29803,28.05,23.64747,0.15,0.22239,0.1,0,0.25,0.37065,0.5,0.7413,0,0,0,0,NA,NA,NA,NA,NA,NA,NA,NA,NA,NA,NA,NA,NA,NA,NA,NA,NA,NA,NA,NA,NA,NA,NA,NA,NA,NA,NA,NA,NA,NA,NA,NA,NA,NA,NA,NA
"38","Skylar Thompson","MIA","QB","2567895","robust",1.50272727272727,1.48529563636364,0.738181818181818,0.729618909090909,34.8,0,0.0925,0.00741300000000001,0.2625,0.037065,0.595583333333333,0.7282037,4.2,0.00741299999999984,0,0,0.06,0.054362,0.03,0,0,NA,NA,NA,NA,NA,NA,NA,NA,NA,NA,NA,NA,NA,NA,NA,NA,NA,NA,NA,NA,NA,NA,NA,NA,NA,NA,NA,NA,NA,NA,NA,NA,NA
"39","Christian McCaffrey","SF","RB","2557997","robust",NA,NA,NA,NA,NA,NA,NA,NA,NA,NA,17.45,0.667169999999999,73.6,4.95929700000001,0.7,0.07413,0.0666666666666667,0.02471,0,NA,0,NA,4.5,0.59304,36.4,1.33434,0.2,0,NA,NA,NA,NA,NA,NA,NA,NA,NA,NA,NA,NA,NA,NA,NA,NA,NA,NA,NA,NA,NA,NA,NA,NA,NA,NA
"40","Saquon Barkley","NYG","RB","2560968","robust",NA,NA,NA,NA,NA,NA,NA,NA,NA,NA,18.9708226932705,0.148259999999999,79.78,2.060814,0.695,0.07413,0.06,0.044478,0,NA,0,NA,3.9,0.22239,27,1.4826,0.1,0.051891,NA,NA,NA,NA,NA,NA,NA,NA,NA,NA,NA,NA,NA,NA,NA,NA,NA,NA,NA,NA,NA,NA,NA,NA,NA,NA
"41","Brian Robinson","WAS","RB","2568348","robust",NA,NA,NA,NA,NA,NA,NA,NA,NA,NA,19.1,0.281693999999999,83.045,1.28986200000001,0.565,0.059304,0.0666666666666667,0.02471,0.01,0,0,NA,1.32,0.318759,10.23,0.155673000000002,0.05,0.051891,NA,NA,NA,NA,NA,NA,NA,NA,NA,NA,NA,NA,NA,NA,NA,NA,NA,NA,NA,NA,NA,NA,NA,NA,NA,NA
"42","Nick Chubb","CLE","RB","2561021","robust",NA,NA,NA,NA,NA,NA,NA,NA,NA,NA,16.61,1.942206,75,5.819205,0.6,0.126021,0.095,0.00741300000000001,0.03,0,0,NA,1.3,0.0593040000000001,11.545,0.44478,0.025,0,NA,NA,NA,NA,NA,NA,NA,NA,NA,NA,NA,NA,NA,NA,NA,NA,NA,NA,NA,NA,NA,NA,NA,NA,NA,NA
"43","Dalvin Cook","MIN","RB","2557991","robust",NA,NA,NA,NA,NA,NA,NA,NA,NA,NA,17.285,0.815430000000001,75.8,5.48562,0.6,0.111195,0.1125,0.0185325,0.03,0,0,NA,2.2,0.163086,18.2,1.77912,0.08,0.00741300000000001,NA,NA,NA,NA,NA,NA,NA,NA,NA,NA,NA,NA,NA,NA,NA,NA,NA,NA,NA,NA,NA,NA,NA,NA,NA,NA
"44","Travis Etienne","JAC","RB","2566157","robust",NA,NA,NA,NA,NA,NA,NA,NA,NA,NA,16.6,0.454336907639646,78.48,2.81694,0.64,0.081543,0.20625,0.00926625000000001,0.04,0,0,NA,2.225,0.185325,18.38,1.905141,0.055,0.029652,NA,NA,NA,NA,NA,NA,NA,NA,NA,NA,NA,NA,NA,NA,NA,NA,NA,NA,NA,NA,NA,NA,NA,NA,NA,NA
"45","James Conner","ARI","RB","2557978","robust",NA,NA,NA,NA,NA,NA,NA,NA,NA,NA,17.53,1.50606929052451,75.665,3.45445799999999,0.665,0.0741300000000001,0.09375,0.00926625000000001,0,NA,0,NA,3.6,0.363237,26.9,0.148260000000002,0.1,0.00741300000000001,NA,NA,NA,NA,NA,NA,NA,NA,NA,NA,NA,NA,NA,NA,NA,NA,NA,NA,NA,NA,NA,NA,NA,NA,NA,NA
"46","Kenneth Walker III","SEA","RB","2568282","robust",NA,NA,NA,NA,NA,NA,NA,NA,NA,NA,16.931646869382,0.200151,71.3,1.18608,0.6,0.00741300000000001,0,0,0.01,0,0,NA,1.9,0.126021,15,2.268378,0.03,0,NA,NA,NA,NA,NA,NA,NA,NA,NA,NA,NA,NA,NA,NA,NA,NA,NA,NA,NA,NA,NA,NA,NA,NA,NA,NA
"47","Josh Jacobs","LVR","RB","2562377","robust",NA,NA,NA,NA,NA,NA,NA,NA,NA,NA,17.4,0.422541,72.3,2.69091900000001,0.6,0.133434,0.09625,0.00555975,0,NA,0,NA,2.385,0.244629,17.175,0.770952000000002,0.035,0,NA,NA,NA,NA,NA,NA,NA,NA,NA,NA,NA,NA,NA,NA,NA,NA,NA,NA,NA,NA,NA,NA,NA,NA,NA,NA
"48","Rhamondre Stevenson","NE","RB","2566343","robust",NA,NA,NA,NA,NA,NA,NA,NA,NA,NA,15.11,1.16333817905468,63.9,5.048253,0.56,0.126021,0.0925,0.0111195,0.01,0,0,NA,3.4,0.259455,25.395,1.40847,0.1,0,NA,NA,NA,NA,NA,NA,NA,NA,NA,NA,NA,NA,NA,NA,NA,NA,NA,NA,NA,NA,NA,NA,NA,NA,NA,NA
"49","Hassan Haskins","TEN","RB","2567649","robust",NA,NA,NA,NA,NA,NA,NA,NA,NA,NA,14.9,1.341753,59.83,6.41965800000001,0.5,0.22239,0.1175,0.0259455,0.01,0,0,NA,2,0.111195,15.375,1.208319,0.035,0.044478,NA,NA,NA,NA,NA,NA,NA,NA,NA,NA,NA,NA,NA,NA,NA,NA,NA,NA,NA,NA,NA,NA,NA,NA,NA,NA
"50","Miles Sanders","PHI","RB","2562722","robust",NA,NA,NA,NA,NA,NA,NA,NA,NA,NA,15.6,0.669254181302671,73.6,2.690919,0.645,0.14826,0.11,0.014826,0.09,0,0,NA,1.29,0.140847,8.73,0.400301999999999,0.02,0,NA,NA,NA,NA,NA,NA,NA,NA,NA,NA,NA,NA,NA,NA,NA,NA,NA,NA,NA,NA,NA,NA,NA,NA,NA,NA
"51","DOnta Foreman","CAR","RB","2557994","robust",NA,NA,NA,NA,NA,NA,NA,NA,NA,NA,15.6,0.323434312483822,65.6,1.912554,0.55,0.0889560000000001,0.0625,0.037065,0.04,0,0,NA,0.61,0.422541,5.02,3.795456,0.015,0,NA,NA,NA,NA,NA,NA,NA,NA,NA,NA,NA,NA,NA,NA,NA,NA,NA,NA,NA,NA,NA,NA,NA,NA,NA,NA
"52","Alvin Kamara","NO","RB","2558019","robust",NA,NA,NA,NA,NA,NA,NA,NA,NA,NA,14.9,0.348411,60.685,3.39515399999999,0.455,0.111195,0.1075,0.0111195,0,NA,0,NA,3.57,0.22239,29.42,3.11346,0.12,0.059304,NA,NA,NA,NA,NA,NA,NA,NA,NA,NA,NA,NA,NA,NA,NA,NA,NA,NA,NA,NA,NA,NA,NA,NA,NA,NA
"53","Cam Akers","LAR","RB","2564319","robust",NA,NA,NA,NA,NA,NA,NA,NA,NA,NA,16.435,0.682709627515894,70.35,3.447045,0.6,0.155673,0.1475,0.066717,0,NA,0,NA,2,0.185325,15.605,1.92738,0.075,0.022239,NA,NA,NA,NA,NA,NA,NA,NA,NA,NA,NA,NA,NA,NA,NA,NA,NA,NA,NA,NA,NA,NA,NA,NA,NA,NA
"54","Tyler Allgeier","ATL","RB","2567232","robust",NA,NA,NA,NA,NA,NA,NA,NA,NA,NA,16.06,1.438122,71.5,2.47594199999999,0.545,0.111195,0,0,0.04,0,0,NA,1.5,0.140847,11.21,0.66717,0.04,0.029652,NA,NA,NA,NA,NA,NA,NA,NA,NA,NA,NA,NA,NA,NA,NA,NA,NA,NA,NA,NA,NA,NA,NA,NA,NA,NA
"55","Isiah Pacheco","KC","RB","2567808","robust",NA,NA,NA,NA,NA,NA,NA,NA,NA,NA,15.64,2.20086226793208,68.75,5.1891,0.35,0.111195,0.15,0.07413,0.01,0,0,NA,1.65,0.140847,13,2.498181,0.015,0.022239,NA,NA,NA,NA,NA,NA,NA,NA,NA,NA,NA,NA,NA,NA,NA,NA,NA,NA,NA,NA,NA,NA,NA,NA,NA,NA
"56","Najee Harris","PIT","RB","2566448","robust",NA,NA,NA,NA,NA,NA,NA,NA,NA,NA,16.6,1.07810531273884,62.16,2.91330899999999,0.45,0.081543,0.0666666666666667,0.02471,0,NA,0,NA,2.3,0.0593040000000001,16.645,1.430709,0.095,0.007413,NA,NA,NA,NA,NA,NA,NA,NA,NA,NA,NA,NA,NA,NA,NA,NA,NA,NA,NA,NA,NA,NA,NA,NA,NA,NA
"57","J.K. Dobbins","BAL","RB","2563548","robust",NA,NA,NA,NA,NA,NA,NA,NA,NA,NA,13.3,0.993635885758613,62.05,4.37367,0.475,0.07413,0,0,0.01,0,0,NA,0.755,0.214977,5.1,0.704235,0.015,0.022239,NA,NA,NA,NA,NA,NA,NA,NA,NA,NA,NA,NA,NA,NA,NA,NA,NA,NA,NA,NA,NA,NA,NA,NA,NA,NA
"58","Austin Ekeler","LAC","RB","2559169","robust",NA,NA,NA,NA,NA,NA,NA,NA,NA,NA,13.275,0.741300000000001,57.77,6.74583000000001,0.6,0.096369,0.133333333333333,0.02471,0.03,0,0,NA,4.925,0.185325,35.13,3.106047,0.2,0.103782,NA,NA,NA,NA,NA,NA,NA,NA,NA,NA,NA,NA,NA,NA,NA,NA,NA,NA,NA,NA,NA,NA,NA,NA,NA,NA
"59","David Montgomery","CHI","RB","2562502","robust",NA,NA,NA,NA,NA,NA,NA,NA,NA,NA,15,0.915123441618996,61.45,3.85476,0.57,0.0741300000000001,0.10625,0.00926625000000001,0,NA,0,NA,2.705,0.318759,23.3,1.4826,0.1,0.029652,NA,NA,NA,NA,NA,NA,NA,NA,NA,NA,NA,NA,NA,NA,NA,NA,NA,NA,NA,NA,NA,NA,NA,NA,NA,NA
"60","Zack Moss","IND","RB","2563617","robust",NA,NA,NA,NA,NA,NA,NA,NA,NA,NA,16,0.859470225756789,66.35,0.993342000000003,0.46,0.103782,0.09625,0.00555975,0.01,0,0,NA,1.39,0.281694,10.3,1.11195,0.03,0,NA,NA,NA,NA,NA,NA,NA,NA,NA,NA,NA,NA,NA,NA,NA,NA,NA,NA,NA,NA,NA,NA,NA,NA,NA,NA
"61","Ezekiel Elliott","DAL","RB","2555224","robust",NA,NA,NA,NA,NA,NA,NA,NA,NA,NA,16.15,1.371405,62.2,2.134944,0.75,0.133434,0.0575,0.051891,0.09,0,0,NA,2.05,0.385476,14.16,3.795456,0.05,0.029652,NA,NA,NA,NA,NA,NA,NA,NA,NA,NA,NA,NA,NA,NA,NA,NA,NA,NA,NA,NA,NA,NA,NA,NA,NA,NA
"62","Latavius Murray","DEN","RB","2541161","robust",NA,NA,NA,NA,NA,NA,NA,NA,NA,NA,13,1.11195,53.3,1.4826,0.24,0.140847,0,0,0.03,0,0,NA,2.25,0.303933,14.275,0.548561999999999,0.05,0.051891,NA,NA,NA,NA,NA,NA,NA,NA,NA,NA,NA,NA,NA,NA,NA,NA,NA,NA,NA,NA,NA,NA,NA,NA,NA,NA
"63","Aaron Jones","GB","RB","2558116","robust",NA,NA,NA,NA,NA,NA,NA,NA,NA,NA,11.7324370883008,0.7413,56.015,8.146887,0.3,0.044478,0.09125,0.01297275,0,NA,0,NA,3.235,0.126021,26.25,4.81845,0.15,0.07413,NA,NA,NA,NA,NA,NA,NA,NA,NA,NA,NA,NA,NA,NA,NA,NA,NA,NA,NA,NA,NA,NA,NA,NA,NA,NA
"64","Joe Mixon","CIN","RB","2557976","robust",NA,NA,NA,NA,NA,NA,NA,NA,NA,NA,14.4,0.849712468891902,59.32,2.097879,0.55,0.133434,0.0575,0.051891,0,NA,0,NA,3.725,0.14826,28.3,2.431464,0.1,0.037065,NA,NA,NA,NA,NA,NA,NA,NA,NA,NA,NA,NA,NA,NA,NA,NA,NA,NA,NA,NA,NA,NA,NA,NA,NA,NA
"65","Zonovan Knight","NYJ","RB","2568036","robust",NA,NA,NA,NA,NA,NA,NA,NA,NA,NA,14.682929326317,1.534491,61.7,2.2239,0.525,0.14826,0.0575,0.051891,0.01,0,0,NA,1.77,0.044478,15.475,2.097879,0.03,0,NA,NA,NA,NA,NA,NA,NA,NA,NA,NA,NA,NA,NA,NA,NA,NA,NA,NA,NA,NA,NA,NA,NA,NA,NA,NA
"66","AJ Dillon","GB","RB","2563986","robust",NA,NA,NA,NA,NA,NA,NA,NA,NA,NA,12.5,0.398867352565614,52.76,0.192738000000004,0.5,0.081543,0.0575,0.051891,0,NA,0,NA,2,0.140847,16.94,0.355824,0.095,0.022239,NA,NA,NA,NA,NA,NA,NA,NA,NA,NA,NA,NA,NA,NA,NA,NA,NA,NA,NA,NA,NA,NA,NA,NA,NA,NA
"67","Leonard Fournette","TB","RB","2557973","robust",NA,NA,NA,NA,NA,NA,NA,NA,NA,NA,12.4,1.734642,48.12,6.189855,0.39,0.07413,0,0,0,NA,0,NA,4.3,0.37065,31.9,1.363992,0.1,0.037065,NA,NA,NA,NA,NA,NA,NA,NA,NA,NA,NA,NA,NA,NA,NA,NA,NA,NA,NA,NA,NA,NA,NA,NA,NA,NA
"68","Raheem Mostert","MIA","RB","2553728","robust",NA,NA,NA,NA,NA,NA,NA,NA,NA,NA,11.8,1.26862935241414,53.35,3.92889,0.36,0.07413,0.09625,0.00555975,0,NA,0.01,0,1.79,0.244629,12.205,0.289107,0.05,0.051891,NA,NA,NA,NA,NA,NA,NA,NA,NA,NA,NA,NA,NA,NA,NA,NA,NA,NA,NA,NA,NA,NA,NA,NA,NA,NA
"69","Devin Singletary","BUF","RB","2562734","robust",NA,NA,NA,NA,NA,NA,NA,NA,NA,NA,11.98,0.641392050608494,50.09,4.67019,0.5,0.07413,0.095,0.00741300000000001,0,NA,0,NA,2,0.022239,15.85,0.229803000000002,0.05,0.022239,NA,NA,NA,NA,NA,NA,NA,NA,NA,NA,NA,NA,NA,NA,NA,NA,NA,NA,NA,NA,NA,NA,NA,NA,NA,NA
"70","Chuba Hubbard","CAR","RB","2565899","robust",NA,NA,NA,NA,NA,NA,NA,NA,NA,NA,10.5173973105194,1.26021,45.55,8.08017,0.22,0.081543,0.0575,0.051891,0,NA,0,NA,1.99,0.44478,14.4,0.785778,0.05,0.044478,NA,NA,NA,NA,NA,NA,NA,NA,NA,NA,NA,NA,NA,NA,NA,NA,NA,NA,NA,NA,NA,NA,NA,NA,NA,NA
"71","Royce Freeman","HOU","RB","2560733","robust",NA,NA,NA,NA,NA,NA,NA,NA,NA,NA,12.26,0.81543,48.85,3.461871,0.175,0.214977,0,0,0.01,0,0,NA,1.065,0.214977,8,2.364747,0.02,0,NA,NA,NA,NA,NA,NA,NA,NA,NA,NA,NA,NA,NA,NA,NA,NA,NA,NA,NA,NA,NA,NA,NA,NA,NA,NA
"72","Gus Edwards","BAL","RB","2561324","robust",NA,NA,NA,NA,NA,NA,NA,NA,NA,NA,10.9,0.563388,46.5,6.6717,0.235,0.07413,0.09875,0.00185325,0.03,0,0,NA,0.2,0.051891,1.7,0.763539,0.005,0,NA,NA,NA,NA,NA,NA,NA,NA,NA,NA,NA,NA,NA,NA,NA,NA,NA,NA,NA,NA,NA,NA,NA,NA,NA,NA
"73","Jeffery Wilson","MIA","RB","2560938","robust",NA,NA,NA,NA,NA,NA,NA,NA,NA,NA,10.1,0.66717,39.6,5.493033,0.215,0.014826,0.07,0.029652,0,NA,0,NA,1.23,0.0741300000000001,10.025,0.0741299999999997,0.1,0,NA,NA,NA,NA,NA,NA,NA,NA,NA,NA,NA,NA,NA,NA,NA,NA,NA,NA,NA,NA,NA,NA,NA,NA,NA,NA
"74","Damien Harris","NE","RB","2562281","robust",NA,NA,NA,NA,NA,NA,NA,NA,NA,NA,7.77381842532848,0.51891,33.815,4.047498,0.24,0.096369,0.005,0.007413,0,NA,0,NA,0.8,0.363237,5.9,3.810282,0.015,0,NA,NA,NA,NA,NA,NA,NA,NA,NA,NA,NA,NA,NA,NA,NA,NA,NA,NA,NA,NA,NA,NA,NA,NA,NA,NA
"75","Cordarrelle Patterson","ATL","RB","2540145","robust",NA,NA,NA,NA,NA,NA,NA,NA,NA,NA,10.1,1.60572956735913,45.5,9.599835,0.33,0.0741300000000001,0.09125,0.01297275,0,NA,0,NA,1.25,0.192738,9.6,3.617544,0.05,0.044478,NA,NA,NA,NA,NA,NA,NA,NA,NA,NA,NA,NA,NA,NA,NA,NA,NA,NA,NA,NA,NA,NA,NA,NA,NA,NA
"76","D'Andre Swift","DET","RB","2563965","robust",NA,NA,NA,NA,NA,NA,NA,NA,NA,NA,9.35,0.905031080906891,43,1.942206,0.325,0.111195,0.0625,0.037065,0.04,0,0,NA,3.3,0.392889,29.495,2.779875,0.1,0.037065,NA,NA,NA,NA,NA,NA,NA,NA,NA,NA,NA,NA,NA,NA,NA,NA,NA,NA,NA,NA,NA,NA,NA,NA,NA,NA
"77","Jamaal Williams","DET","RB","2558204","robust",NA,NA,NA,NA,NA,NA,NA,NA,NA,NA,12.85,0.37155992917368,51,1.074885,0.7,0.214977,0.095,0.00741300000000001,0.03,0,0,NA,0.5,0.0815429999999999,3.76,0.214977,0.01,0,NA,NA,NA,NA,NA,NA,NA,NA,NA,NA,NA,NA,NA,NA,NA,NA,NA,NA,NA,NA,NA,NA,NA,NA,NA,NA
"78","James Cook","BUF","RB","2567328","robust",NA,NA,NA,NA,NA,NA,NA,NA,NA,NA,7.7,0.852495,31.995,6.15279,0.15,0.07413,0.0625,0.037065,0,NA,0,NA,1.6,0.422541,12.5,2.357334,0.07,0.029652,NA,NA,NA,NA,NA,NA,NA,NA,NA,NA,NA,NA,NA,NA,NA,NA,NA,NA,NA,NA,NA,NA,NA,NA,NA,NA
"79","Rachaad White","TB","RB","2568315","robust",NA,NA,NA,NA,NA,NA,NA,NA,NA,NA,9.97,0.7413,40.425,0.630105000000001,0.2,0.044478,0.10875,0.01297275,0.01,0,0,NA,2.76,0.118608,19.1,1.156428,0.1,0.014826,NA,NA,NA,NA,NA,NA,NA,NA,NA,NA,NA,NA,NA,NA,NA,NA,NA,NA,NA,NA,NA,NA,NA,NA,NA,NA
"80","Dare Ogunbowale","HOU","RB","2559362","robust",NA,NA,NA,NA,NA,NA,NA,NA,NA,NA,5.95,2.52042,23.2,19.192257,0.1,0.029652,0,0,0,NA,0,NA,1,0.163086,8.15,1.074885,0.015,0,NA,NA,NA,NA,NA,NA,NA,NA,NA,NA,NA,NA,NA,NA,NA,NA,NA,NA,NA,NA,NA,NA,NA,NA,NA,NA
"81","Jerick McKinnon","KC","RB","2543715","robust",NA,NA,NA,NA,NA,NA,NA,NA,NA,NA,6.85,0.541149,26,5.493033,0.1,0.081543,0.0333333333333333,0.02471,0,NA,0,NA,3.6,0.555975,32.6,2.698332,0.4,0.170499,NA,NA,NA,NA,NA,NA,NA,NA,NA,NA,NA,NA,NA,NA,NA,NA,NA,NA,NA,NA,NA,NA,NA,NA,NA,NA
"82","Rex Burkhead","HOU","RB","2539265","robust",NA,NA,NA,NA,NA,NA,NA,NA,NA,NA,1.147,0.541149,2.6,2.483355,0.015,0.007413,0.0333333333333333,0.02471,0,NA,0,NA,1.665,0.163086,13.6,0.496671,0.075,0.014826,NA,NA,NA,NA,NA,NA,NA,NA,NA,NA,NA,NA,NA,NA,NA,NA,NA,NA,NA,NA,NA,NA,NA,NA,NA,NA
"83","Michael Carter","NYJ","RB","2566382","robust",NA,NA,NA,NA,NA,NA,NA,NA,NA,NA,7.33979905737642,1.297275,30.39,3.750978,0.13,0.07413,0.025,0.022239,0,NA,0,NA,2.46,0.155673,20.9,1.438122,0.06,0.022239,NA,NA,NA,NA,NA,NA,NA,NA,NA,NA,NA,NA,NA,NA,NA,NA,NA,NA,NA,NA,NA,NA,NA,NA,NA,NA
"84","Kenneth Gainwell","PHI","RB","2566397","robust",NA,NA,NA,NA,NA,NA,NA,NA,NA,NA,4.05,0.125384195325244,18.695,1.4826,0.2,0.014826,0.00375,0.00555975,0.04,0,0,NA,1.75,0.103782,13,0.859908,0.035,0.044478,NA,NA,NA,NA,NA,NA,NA,NA,NA,NA,NA,NA,NA,NA,NA,NA,NA,NA,NA,NA,NA,NA,NA,NA,NA,NA
"85","Khalil Herbert","CHI","RB","2565926","robust",NA,NA,NA,NA,NA,NA,NA,NA,NA,NA,7.7,0.289107,33.7,2.2239,0.2,0.037065,0,0,0,NA,0,NA,1.12,0.289107,8.36,2.601963,0.01,0,NA,NA,NA,NA,NA,NA,NA,NA,NA,NA,NA,NA,NA,NA,NA,NA,NA,NA,NA,NA,NA,NA,NA,NA,NA,NA
"86","Julius Chestnut","TEN","RB","2568804","robust",NA,NA,NA,NA,NA,NA,NA,NA,NA,NA,5.92704767520216,1.052646,24.2,14.67774,0.1,0.014826,0.0025,0,0,NA,0,NA,0.9,0.103782,6.38,1.77912,0.02,0.029652,NA,NA,NA,NA,NA,NA,NA,NA,NA,NA,NA,NA,NA,NA,NA,NA,NA,NA,NA,NA,NA,NA,NA,NA,NA,NA
"87","Jonathan Williams","WAS","RB","2555227","robust",NA,NA,NA,NA,NA,NA,NA,NA,NA,NA,6.4,2.097879,25.6,6.983046,0.1,0.007413,0.0425,0.051891,0,NA,0,NA,1.3,0.311346,10.285,0.815430000000001,0.015,0,NA,NA,NA,NA,NA,NA,NA,NA,NA,NA,NA,NA,NA,NA,NA,NA,NA,NA,NA,NA,NA,NA,NA,NA,NA,NA
"88","Deon Jackson","IND","RB","2565603","robust",NA,NA,NA,NA,NA,NA,NA,NA,NA,NA,5.92407186812011,0.920588048325123,24.35,3.92889,0.1,0.022239,0.01875,0.02038575,0,NA,0,NA,1.85,0.22239,12.945,1.85325,0.035,0.022239,NA,NA,NA,NA,NA,NA,NA,NA,NA,NA,NA,NA,NA,NA,NA,NA,NA,NA,NA,NA,NA,NA,NA,NA,NA,NA
"89","Joshua Kelley","LAC","RB","2565054","robust",NA,NA,NA,NA,NA,NA,NA,NA,NA,NA,6.5,0.630105,27,2.290617,0.15,0.07413,0.08125,0.02038575,0,NA,0,NA,1,0.185325,7.17,2.090466,0.02,0,NA,NA,NA,NA,NA,NA,NA,NA,NA,NA,NA,NA,NA,NA,NA,NA,NA,NA,NA,NA,NA,NA,NA,NA,NA,NA
"90","Rico Dowdle","DAL","RB","2565295","robust",NA,NA,NA,NA,NA,NA,NA,NA,NA,NA,3.96,5.396664,16.155,22.009197,0.105,0.140847,0,0,NA,NA,NA,NA,0.55,0.81543,4,5.9304,0,0,NA,NA,NA,NA,NA,NA,NA,NA,NA,NA,NA,NA,NA,NA,NA,NA,NA,NA,NA,NA,NA,NA,"IR","Ankle",17,2022
"91","Tyrion Davis-Price","SF","RB","2568207","robust",NA,NA,NA,NA,NA,NA,NA,NA,NA,NA,4.835,0.754222627213878,20.735,3.002265,0.085,0.059304,0.0025,0.0037065,0,NA,0,NA,0.385,0.274281,2.935,1.979271,0.015,0.007413,NA,NA,NA,NA,NA,NA,NA,NA,NA,NA,NA,NA,NA,NA,NA,NA,NA,NA,NA,NA,NA,NA,NA,NA,NA,NA
"92","Kareem Hunt","CLE","RB","2557917","robust",NA,NA,NA,NA,NA,NA,NA,NA,NA,NA,6.18803780118499,0.165995155963134,25.1,1.682751,0.12,0.059304,0,0,0.03,0,0,NA,1.87,0.0741299999999999,13.39,0.370650000000001,0.045,0.044478,NA,NA,NA,NA,NA,NA,NA,NA,NA,NA,NA,NA,NA,NA,NA,NA,NA,NA,NA,NA,NA,NA,NA,NA,NA,NA
"93","Marlon Mack","DEN","RB","2558123","robust",NA,NA,NA,NA,NA,NA,NA,NA,NA,NA,4.96858365097657,2.17732212093786,23.18,8.569428,0.11,0,0.00125,0,0.07,0,0,NA,1.305,0.0889560000000001,10.8,5.78214,0.05,0.044478,NA,NA,NA,NA,NA,NA,NA,NA,NA,NA,NA,NA,NA,NA,NA,NA,NA,NA,NA,NA,NA,NA,NA,NA,NA,NA
"94","Chase Edmonds","DEN","RB","2560711","robust",NA,NA,NA,NA,NA,NA,NA,NA,NA,NA,5.4,1.43386845796976,21.1,7.909671,0.06,0.022239,0,0,0,NA,0,NA,1.585,0.489258,12.2,4.507104,0.05,0.044478,NA,NA,NA,NA,NA,NA,NA,NA,NA,NA,NA,NA,NA,NA,NA,NA,NA,NA,NA,NA,NA,NA,NA,NA,NA,NA
"95","Ronald Jones","KC","RB","2560770","robust",NA,NA,NA,NA,NA,NA,NA,NA,NA,NA,1.4,0.400302,18.9,0.014825999999997,0.15,0.014826,0.005,0,0,NA,0,NA,0.75,0.0593040000000001,6.75,0.0593039999999987,0.05,0.07413,NA,NA,NA,NA,NA,NA,NA,NA,NA,NA,NA,NA,NA,NA,NA,NA,NA,NA,NA,NA,NA,NA,NA,NA,NA,NA
"96","Jaylen Warren","PIT","RB","2568493","robust",NA,NA,NA,NA,NA,NA,NA,NA,NA,NA,5.33909678185217,0.733887,20.1,2.794701,0.1,0.007413,0.00125,0.00185325,0,NA,0,NA,1.57,0.22239,12,1.030407,0.02,0,NA,NA,NA,NA,NA,NA,NA,NA,NA,NA,NA,NA,NA,NA,NA,NA,NA,NA,NA,NA,NA,NA,NA,NA,NA,NA
"97","Samaje Perine","CIN","RB","2558138","robust",NA,NA,NA,NA,NA,NA,NA,NA,NA,NA,5.6,0.526323,22.635,3.536001,0.1,0.022239,0,0,0,NA,0,NA,1.95,0.133434,14.9,1.119363,0.1,0.051891,NA,NA,NA,NA,NA,NA,NA,NA,NA,NA,NA,NA,NA,NA,NA,NA,NA,NA,NA,NA,NA,NA,NA,NA,NA,NA
"98","Jaret Patterson","WAS","RB","2567160","robust",NA,NA,NA,NA,NA,NA,NA,NA,NA,NA,1.98356660696478,1.40847,14.575,1.92738,0.1,0,0,0,0,NA,0,NA,0.785,0.014826,5.7,0.214977,0,0,NA,NA,NA,NA,NA,NA,NA,NA,NA,NA,NA,NA,NA,NA,NA,NA,NA,NA,NA,NA,NA,NA,NA,NA,NA,NA
"99","Kyren Williams","LAR","RB","2567862","robust",NA,NA,NA,NA,NA,NA,NA,NA,NA,NA,4.15,0.261425622921768,16.3,0.719060999999999,0.06,0.022239,0.00125,0.00185325,0,NA,0,NA,0.95,0.051891,7.215,0.452193,0.02,0,NA,NA,NA,NA,NA,NA,NA,NA,NA,NA,NA,NA,NA,NA,NA,NA,NA,NA,NA,NA,NA,NA,NA,NA,NA,NA
"100","Jordan Mason","SF","RB","2569257","robust",NA,NA,NA,NA,NA,NA,NA,NA,NA,NA,3.25614420873488,0.357520403870336,15.295,3.106047,0.065,0.044478,0.0025,0.0037065,0,NA,0,NA,0.22,0.07413,1.55,0.385476,0.005,0,NA,NA,NA,NA,NA,NA,NA,NA,NA,NA,NA,NA,NA,NA,NA,NA,NA,NA,NA,NA,NA,NA,NA,NA,NA,NA
"101","DeeJay Dallas","SEA","RB","2565144","robust",NA,NA,NA,NA,NA,NA,NA,NA,NA,NA,3,1.33434,13,3.7065,0.045,0,0.00333333333333333,0.004942,0,NA,0.01,0,1.665,0.14826,11.925,2.52042,0.04,0.059304,NA,NA,NA,NA,NA,NA,NA,NA,NA,NA,NA,NA,NA,NA,NA,NA,NA,NA,NA,NA,NA,NA,NA,NA,NA,NA
"102","Craig Reynolds","DET","RB","2562834","robust",NA,NA,NA,NA,NA,NA,NA,NA,NA,NA,3.9,0.528612615188826,16.2,2.468529,0.05,0.059304,0.00125,0.00185325,0,NA,0,NA,0.6,0.459606,4.3,3.454458,0.01,0,NA,NA,NA,NA,NA,NA,NA,NA,NA,NA,NA,NA,NA,NA,NA,NA,NA,NA,NA,NA,NA,NA,NA,NA,NA,NA
"103","JaMycal Hasty","JAC","RB","2565108","robust",NA,NA,NA,NA,NA,NA,NA,NA,NA,NA,2.56190989010989,0.615279,12.8,3.587892,0.095,0.007413,0.00125,0.00185325,0,NA,0,NA,0.9,0.385476,6.4,3.054156,0.015,0.014826,NA,NA,NA,NA,NA,NA,NA,NA,NA,NA,NA,NA,NA,NA,NA,NA,NA,NA,NA,NA,NA,NA,NA,NA,NA,NA
"104","Boston Scott","PHI","RB","2561146","robust",NA,NA,NA,NA,NA,NA,NA,NA,NA,NA,2.80346751412429,0.455061872881355,12.445,1.912554,0.11,0.029652,0.0025,0,0,NA,0,NA,0.47,0.103782,2.6,0.59304,0.01,0,NA,NA,NA,NA,NA,NA,NA,NA,NA,NA,NA,NA,NA,NA,NA,NA,NA,NA,NA,NA,NA,NA,NA,NA,NA,NA
"105","David Johnson","NO","RB","2553435","robust",NA,NA,NA,NA,NA,NA,NA,NA,NA,NA,4.5,0.81543,15,3.343263,0.05,0.07413,0.03125,0.02409225,0,NA,0,NA,1.05,0.0741300000000001,8,0.948864,0.015,0,NA,NA,NA,NA,NA,NA,NA,NA,NA,NA,NA,NA,NA,NA,NA,NA,NA,NA,NA,NA,NA,NA,NA,NA,NA,NA
"106","Jordan Wilkins","IND","RB","2560933","robust",NA,NA,NA,NA,NA,NA,NA,NA,NA,NA,3.1,0.155470941103287,13.43,2.727984,0.09,0.014826,0,0,0.04,0,0,NA,0.755,0,4.995,1.11195,0.005,0,NA,NA,NA,NA,NA,NA,NA,NA,NA,NA,NA,NA,NA,NA,NA,NA,NA,NA,NA,NA,NA,NA,NA,NA,NA,NA
"107","Snoop Conner","JAC","RB","2567730","robust",NA,NA,NA,NA,NA,NA,NA,NA,NA,NA,2.3,1.03782,12.33,4.15128,0.095,0.014826,0.0025,0,0,NA,0,NA,0.175,0.14826,0.585,0.845082,0,0,NA,NA,NA,NA,NA,NA,NA,NA,NA,NA,NA,NA,NA,NA,NA,NA,NA,NA,NA,NA,NA,NA,NA,NA,NA,NA
"108","Alexander Mattison","MIN","RB","2562682","robust",NA,NA,NA,NA,NA,NA,NA,NA,NA,NA,3.665,0.392889,14.76,1.85325,0.1,0.007413,0.0025,0.0037065,0,NA,0,NA,0.6,0.133434,4.4,1.030407,0.01,0,NA,NA,NA,NA,NA,NA,NA,NA,NA,NA,NA,NA,NA,NA,NA,NA,NA,NA,NA,NA,NA,NA,NA,NA,NA,NA
"109","Matt Breida","NYG","RB","2558918","robust",NA,NA,NA,NA,NA,NA,NA,NA,NA,NA,3.4,0.214977,13.385,1.653099,0.09,0,0.00375,0.00555975,0,NA,0,NA,0.7,0.348411,5.3,2.972613,0.01,0,NA,NA,NA,NA,NA,NA,NA,NA,NA,NA,NA,NA,NA,NA,NA,NA,NA,NA,NA,NA,NA,NA,NA,NA,NA,NA
"110","Kenyan Drake","BAL","RB","2555230","robust",NA,NA,NA,NA,NA,NA,NA,NA,NA,NA,1.05,0,14.275,0,0.1,0,0,0,0,NA,0,NA,1.05,0,6.7,0,0,0,NA,NA,NA,NA,NA,NA,NA,NA,NA,NA,NA,NA,NA,NA,NA,NA,NA,NA,NA,NA,NA,NA,"O","Coach's Decision",17,2022
"111","Ty Johnson","NYJ","RB","2562293","robust",NA,NA,NA,NA,NA,NA,NA,NA,NA,NA,2.35,0.316084625079673,11.595,0.904386,0.1,0,0.00125,0,0,NA,0,NA,0.745,0.281694,5.59,2.802114,0.01,0,NA,NA,NA,NA,NA,NA,NA,NA,NA,NA,NA,NA,NA,NA,NA,NA,NA,NA,NA,NA,NA,NA,NA,NA,NA,NA
"112","Qadree Ollison","DAL","RB","2562797","robust",NA,NA,NA,NA,NA,NA,NA,NA,NA,NA,0.856625,0.98333445,15.17,0.0296519999999994,0.1,0,0.03,0.029652,0,NA,0,NA,0.6925,0.00741300000000001,3.37,0.029652,0,0,NA,NA,NA,NA,NA,NA,NA,NA,NA,NA,NA,NA,NA,NA,NA,NA,NA,NA,NA,NA,NA,NA,NA,NA,NA,NA
"113","Justin Jackson","DET","RB","2560756","robust",NA,NA,NA,NA,NA,NA,NA,NA,NA,NA,3.2,0,14.8,0,0.1,0,0,0,NA,NA,NA,NA,1.2,0,10,0,0,0,NA,NA,NA,NA,NA,NA,NA,NA,NA,NA,NA,NA,NA,NA,NA,NA,NA,NA,NA,NA,NA,NA,"O","Hip",17,2022
"114","Benny Snell","PIT","RB","2562743","robust",NA,NA,NA,NA,NA,NA,NA,NA,NA,NA,1.85,0.88956,8.75,2.2239,0.085,0,0.0025,0,0,NA,0,NA,0.25,0.029652,1.13,0.489258,0.005,0,NA,NA,NA,NA,NA,NA,NA,NA,NA,NA,NA,NA,NA,NA,NA,NA,NA,NA,NA,NA,NA,NA,NA,NA,NA,NA
"115","Salvon Ahmed","MIA","RB","2565090","robust",NA,NA,NA,NA,NA,NA,NA,NA,NA,NA,1,1.4826,11.35,0.0296519999999994,0.08,0,0,0,0,NA,0,NA,0.335,0,1.84,2.727984,0.005,0,NA,NA,NA,NA,NA,NA,NA,NA,NA,NA,NA,NA,NA,NA,NA,NA,NA,NA,NA,NA,NA,NA,NA,NA,NA,NA
"116","Trayveon Williams","CIN","RB","2562600","robust",NA,NA,NA,NA,NA,NA,NA,NA,NA,NA,0.2,0.29652,7.305,0.044477999999999,0.055,0,0.00375,0,0,NA,0,NA,0.49,0,3.48,0.044477999999999,0.01,0,NA,NA,NA,NA,NA,NA,NA,NA,NA,NA,NA,NA,NA,NA,NA,NA,NA,NA,NA,NA,NA,NA,NA,NA,NA,NA
"117","Brandon Bolden","LVR","RB","2532797","robust",NA,NA,NA,NA,NA,NA,NA,NA,NA,NA,0.65,0.074027543902439,3.2,0.059304,0.005,0,0.00125,0,0.05,0,0,NA,0.8,0.014826,6.5,0,0.02,0.014826,NA,NA,NA,NA,NA,NA,NA,NA,NA,NA,NA,NA,NA,NA,NA,NA,NA,NA,NA,NA,NA,NA,NA,NA,NA,NA
"118","Darrel Williams","ARI","RB","2560935","robust",NA,NA,NA,NA,NA,NA,NA,NA,NA,NA,1.78,2.253552,7.04,8.836296,0.055,0.066717,0,0,NA,NA,NA,NA,0.515,0.422541,4.485,3.728739,0.005,0.007413,NA,NA,NA,NA,NA,NA,NA,NA,NA,NA,NA,NA,NA,NA,NA,NA,NA,NA,NA,NA,NA,NA,"IR","Hip",17,2022
"119","Jonathan Ward","TEN","RB","2564949","robust",NA,NA,NA,NA,NA,NA,NA,NA,NA,NA,1.56028782894737,1.18693347039474,6.165,4.81845,0.0325,0.014826,0,0,0,NA,0,NA,0.255,0.163086,2.345,1.171254,0.0125,0.014826,NA,NA,NA,NA,NA,NA,NA,NA,NA,NA,NA,NA,NA,NA,NA,NA,NA,NA,NA,NA,NA,NA,NA,NA,NA,NA
"120","Taiwan Jones","BUF","RB","2495467","robust",NA,NA,NA,NA,NA,NA,NA,NA,NA,NA,0.27,0.400302,7,0.0593039999999987,0.055,0.059304,0.00125,0,0,NA,0,NA,0.6,0.14826,4.61,0.0148259999999997,0.005,0,NA,NA,NA,NA,NA,NA,NA,NA,NA,NA,NA,NA,NA,NA,NA,NA,NA,NA,NA,NA,NA,NA,NA,NA,NA,NA
"121","Keaontay Ingram","ARI","RB","2568108","robust",NA,NA,NA,NA,NA,NA,NA,NA,NA,NA,2.6,0.318759,9.985,2.031162,0.08,0.022239,0.00125,0.00185325,0,NA,0,NA,0.15,0.133434,1.005,0.96369,0,0,NA,NA,NA,NA,NA,NA,NA,NA,NA,NA,NA,NA,NA,NA,NA,NA,NA,NA,NA,NA,NA,NA,NA,NA,NA,NA
"122","Patrick Taylor","GB","RB","2564040","robust",NA,NA,NA,NA,NA,NA,NA,NA,NA,NA,1.85983591160221,0.7413,7.86,3.321024,0.045,0.059304,0.005,0.007413,0,NA,0,NA,0.235,0.177912,1.405,0.0889559999999997,0.01,0.014826,NA,NA,NA,NA,NA,NA,NA,NA,NA,NA,NA,NA,NA,NA,NA,NA,NA,NA,NA,NA,NA,NA,NA,NA,NA,NA
"123","D'Ernest Johnson","CLE","RB","2563327","robust",NA,NA,NA,NA,NA,NA,NA,NA,NA,NA,0.33,0.489258,4.3,0.0444780000000004,0.015,0.014826,0,0,0,NA,0,NA,0.35,0.0741300000000001,1.805,0.014826,0.005,0,NA,NA,NA,NA,NA,NA,NA,NA,NA,NA,NA,NA,NA,NA,NA,NA,NA,NA,NA,NA,NA,NA,NA,NA,NA,NA
"124","Malcolm Brown","LAR","RB","2552382","robust",NA,NA,NA,NA,NA,NA,NA,NA,NA,NA,1.5776740824393,0.437367,7,1.149015,0.015,0,0,0,0,NA,0,NA,0.52,0.111195,3.08,0.59304,0.01,0,NA,NA,NA,NA,NA,NA,NA,NA,NA,NA,NA,NA,NA,NA,NA,NA,NA,NA,NA,NA,NA,NA,NA,NA,NA,NA
"125","Ke'Shawn Vaughn","TB","RB","2565258","robust",NA,NA,NA,NA,NA,NA,NA,NA,NA,NA,0.625483630952381,0.385476,9.9,0.0741300000000011,0.09,0,0.0025,0,0,NA,0,NA,0.275,0.044478,1.745,0.14826,0.005,0,NA,NA,NA,NA,NA,NA,NA,NA,NA,NA,NA,NA,NA,NA,NA,NA,NA,NA,NA,NA,NA,NA,NA,NA,NA,NA
"126","Justice Hill","BAL","RB","2562407","robust",NA,NA,NA,NA,NA,NA,NA,NA,NA,NA,0.993850925925926,0.578214,5.135,3.662022,0.005,0,0.00125,0,0,NA,0.01,0,0.7,0.14826,4.57,1.378818,0.005,0,NA,NA,NA,NA,NA,NA,NA,NA,NA,NA,NA,NA,NA,NA,NA,NA,NA,NA,NA,NA,NA,NA,NA,NA,NA,NA
"127","Gary Brightwell","NYG","RB","2566364","robust",NA,NA,NA,NA,NA,NA,NA,NA,NA,NA,1.96,0.470987901343402,7.865,1.475187,0.04,0.044478,0.00125,0.00185325,0,NA,0,NA,0.645,0.37065,5.21,2.2239,0.005,0,NA,NA,NA,NA,NA,NA,NA,NA,NA,NA,NA,NA,NA,NA,NA,NA,NA,NA,NA,NA,NA,NA,NA,NA,NA,NA
"128","Nyheim Hines","BUF","RB","2560742","robust",NA,NA,NA,NA,NA,NA,NA,NA,NA,NA,0.95,0.489258,5,2.9652,0.005,0,0,0,0,NA,0.03,0,1.035,0.14826,8.165,1.63086,0.04,0.059304,NA,NA,NA,NA,NA,NA,NA,NA,NA,NA,NA,NA,NA,NA,NA,NA,NA,NA,NA,NA,NA,NA,NA,NA,NA,NA
"129","Kene Nwangwu","MIN","RB","2566313","robust",NA,NA,NA,NA,NA,NA,NA,NA,NA,NA,0.45,0.37065,5.6,0.0593040000000014,0.055,0.044478,0.00125,0,0,NA,0,NA,0.5,0.014826,2.25,0.0148259999999997,0.005,0,NA,NA,NA,NA,NA,NA,NA,NA,NA,NA,NA,NA,NA,NA,NA,NA,NA,NA,NA,NA,NA,NA,NA,NA,NA,NA
"130","Justin Jefferson","MIN","WR","2564556","robust",NA,NA,NA,NA,NA,NA,NA,NA,NA,NA,0.255035273368607,NA,1.367,0.0489257999999999,0.005,0.00276620502339181,0,0,0,NA,0,NA,7.1,0.748713,100.8,3.773217,0.74,0.244629,NA,NA,NA,NA,NA,NA,NA,NA,NA,NA,NA,NA,NA,NA,NA,NA,NA,NA,NA,NA,NA,NA,NA,NA,NA,NA
"131","Tyreek Hill","MIA","WR","2556214","robust",NA,NA,NA,NA,NA,NA,NA,NA,NA,NA,0.361183261183261,NA,2.2,0.1719816,0.005,0.00520696486956522,0,0,0,NA,0,NA,7.1,0.148260000000001,93.6,3.7065,0.74,0.207564,NA,NA,NA,NA,NA,NA,NA,NA,NA,NA,NA,NA,NA,NA,NA,NA,NA,NA,NA,NA,NA,NA,NA,NA,NA,NA
"132","Ja'Marr Chase","CIN","WR","2565941","robust",NA,NA,NA,NA,NA,NA,NA,NA,NA,NA,0.266666666666667,0.09884,1.435,0.244629,0.001,0,0.1,0,0,NA,0,NA,6.54,0.51891,85.15,5.759901,0.725,0.207564,NA,NA,NA,NA,NA,NA,NA,NA,NA,NA,NA,NA,NA,NA,NA,NA,NA,NA,NA,NA,NA,NA,NA,NA,NA,NA
"133","DK Metcalf","SEA","WR","2562685","robust",NA,NA,NA,NA,NA,NA,NA,NA,NA,NA,0,0,0.089,0.07413,0,0,0.0333333333333333,0.02471,0,NA,0,NA,6.25,0.259455,76.2,1.645686,0.7,0.192738,NA,NA,NA,NA,NA,NA,NA,NA,NA,NA,NA,NA,NA,NA,NA,NA,NA,NA,NA,NA,NA,NA,NA,NA,NA,NA
"134","A.J. Brown","PHI","WR","2562238","robust",NA,NA,NA,NA,NA,NA,NA,NA,NA,NA,0.0666666666666667,0.02471,0.646,0.44478,0.002,0,0.0333333333333333,0.02471,0,NA,0,NA,5.4,0.637518,75.355,7.59832500000001,0.74,0.0963689999999999,NA,NA,NA,NA,NA,NA,NA,NA,NA,NA,NA,NA,NA,NA,NA,NA,NA,NA,NA,NA,NA,NA,NA,NA,NA,NA
"135","Amon-Ra St. Brown","DET","WR","2566073","robust",NA,NA,NA,NA,NA,NA,NA,NA,NA,NA,0.666708872482866,NA,5.35,0.51891,0.065,0.0435870863463381,0,0,0,NA,0,NA,7,0.111195,80.625,1.48260000000001,0.7,0.274281,NA,NA,NA,NA,NA,NA,NA,NA,NA,NA,NA,NA,NA,NA,NA,NA,NA,NA,NA,NA,NA,NA,NA,NA,NA,NA
"136","Davante Adams","LVR","WR","2543495","robust",NA,NA,NA,NA,NA,NA,NA,NA,NA,NA,0.170119825708061,NA,0.9,0.096369,0.000833333333333333,0.00107803431372549,0,0,0,NA,0,NA,6,0.400302,78.3,7.175784,0.7,0.355824,NA,NA,NA,NA,NA,NA,NA,NA,NA,NA,NA,NA,NA,NA,NA,NA,NA,NA,NA,NA,NA,NA,NA,NA,NA,NA
"137","Jaylen Waddle","MIA","WR","2566292","robust",NA,NA,NA,NA,NA,NA,NA,NA,NA,NA,0.169202850877193,NA,1.52,0.1052646,0.00221217105263158,0.00200199769736842,0,0,0,NA,0,NA,5.1,0.0741299999999997,71.83,4.87775400000001,0.635,0.252042,NA,NA,NA,NA,NA,NA,NA,NA,NA,NA,NA,NA,NA,NA,NA,NA,NA,NA,NA,NA,NA,NA,NA,NA,NA,NA
"138","Keenan Allen","LAC","WR","2540154","robust",NA,NA,NA,NA,NA,NA,NA,NA,NA,NA,0,0,0.013,0,0,0,0.0333333333333333,0.02471,0,NA,0,NA,6.6,1.149015,73.7,9.310728,0.65,0.14826,NA,NA,NA,NA,NA,NA,NA,NA,NA,NA,NA,NA,NA,NA,NA,NA,NA,NA,NA,NA,NA,NA,NA,NA,NA,NA
"139","CeeDee Lamb","DAL","WR","2563848","robust",NA,NA,NA,NA,NA,NA,NA,NA,NA,NA,0.465976430976431,NA,2.7,0.3736152,0.005283067710298,0.007413,0,0,0,NA,0,NA,5.92,0.326172,80.65,1.55673000000001,0.745,0.185325,NA,NA,NA,NA,NA,NA,NA,NA,NA,NA,NA,NA,NA,NA,NA,NA,NA,NA,NA,NA,NA,NA,NA,NA,NA,NA
"140","Tee Higgins","CIN","WR","2563731","robust",NA,NA,NA,NA,NA,NA,NA,NA,NA,NA,0,0,0.08,0.0652344,0,0,0,0,0,NA,0,NA,5.05,0.126021,70.82,1.80877200000001,0.7,0.214977,NA,NA,NA,NA,NA,NA,NA,NA,NA,NA,NA,NA,NA,NA,NA,NA,NA,NA,NA,NA,NA,NA,NA,NA,NA,NA
"141","Garrett Wilson","NYJ","WR","2568048","robust",NA,NA,NA,NA,NA,NA,NA,NA,NA,NA,0.143920916481892,NA,0.965,0.200151,0.00125,0.00185325,0.0333333333333333,0.02471,0,NA,0,NA,5.3,0.29652,71.6,1.890315,0.65,0.266868,NA,NA,NA,NA,NA,NA,NA,NA,NA,NA,NA,NA,NA,NA,NA,NA,NA,NA,NA,NA,NA,NA,NA,NA,NA,NA
"142","Jerry Jeudy","DEN","WR","2563896","robust",NA,NA,NA,NA,NA,NA,NA,NA,NA,NA,0,0,0.192,0.1363992,0,0,0,0,0,NA,0,NA,4.5,0.726474,68.6,5.878509,0.63,0.274281,NA,NA,NA,NA,NA,NA,NA,NA,NA,NA,NA,NA,NA,NA,NA,NA,NA,NA,NA,NA,NA,NA,NA,NA,NA,NA
"143","Stefon Diggs","BUF","WR","2552608","robust",NA,NA,NA,NA,NA,NA,NA,NA,NA,NA,0,0,0.384,0.37065,0.001,0,0,0,0,NA,0,NA,5.7,0.29652,73.55,2.14977,0.7,0.170499,NA,NA,NA,NA,NA,NA,NA,NA,NA,NA,NA,NA,NA,NA,NA,NA,NA,NA,NA,NA,NA,NA,NA,NA,NA,NA
"144","Drake London","ATL","WR","2567250","robust",NA,NA,NA,NA,NA,NA,NA,NA,NA,NA,0,0,0.305,0.037065,0,0,0.0666666666666667,0.04942,0,NA,0,NA,4.91,0.533736,60.6,5.085318,0.3,0.022239,NA,NA,NA,NA,NA,NA,NA,NA,NA,NA,NA,NA,NA,NA,NA,NA,NA,NA,NA,NA,NA,NA,NA,NA,NA,NA
"145","Tyler Lockett","SEA","WR","2552430","robust",NA,NA,NA,NA,NA,NA,NA,NA,NA,NA,0,0,0.1,0.0756126,0,0,0.0333333333333333,0.02471,0,NA,0,NA,4.8,0.311346,61.15,4.22540999999999,0.355,0.133434,NA,NA,NA,NA,NA,NA,NA,NA,NA,NA,NA,NA,NA,NA,NA,NA,NA,NA,NA,NA,NA,NA,NA,NA,NA,NA
"146","Chris Godwin","TB","WR","2558105","robust",NA,NA,NA,NA,NA,NA,NA,NA,NA,NA,0.2,NA,0.954,0.0800604000000001,0.005,0.00293957867228662,0,0,0,NA,0,NA,6,0.0593040000000001,69.14,3.33585,0.65,0.163086,NA,NA,NA,NA,NA,NA,NA,NA,NA,NA,NA,NA,NA,NA,NA,NA,NA,NA,NA,NA,NA,NA,NA,NA,NA,NA
"147","DeVonta Smith","PHI","WR","2566409","robust",NA,NA,NA,NA,NA,NA,NA,NA,NA,NA,0,0,0.473,0.37065,0.001,0,0.0333333333333333,0.02471,0,NA,0,NA,4.8,0.333585,61.41,2.9652,0.67,0.252042,NA,NA,NA,NA,NA,NA,NA,NA,NA,NA,NA,NA,NA,NA,NA,NA,NA,NA,NA,NA,NA,NA,NA,NA,NA,NA
"148","Terry McLaurin","WAS","WR","2562489","robust",NA,NA,NA,NA,NA,NA,NA,NA,NA,NA,0.286651873767258,NA,1.745,0.0815430000000001,0.00163461538461538,0.00186421597633136,0,0,0,NA,0,NA,4.8,0.303933,67,5.70801,0.65,0.274281,NA,NA,NA,NA,NA,NA,NA,NA,NA,NA,NA,NA,NA,NA,NA,NA,NA,NA,NA,NA,NA,NA,NA,NA,NA,NA
"149","Mike Evans","TB","WR","2543468","robust",NA,NA,NA,NA,NA,NA,NA,NA,NA,NA,0,0,0.008,0,0,0,0,0,0,NA,0,NA,4.405,0.526323,60,5.463381,0.3,0.07413,NA,NA,NA,NA,NA,NA,NA,NA,NA,NA,NA,NA,NA,NA,NA,NA,NA,NA,NA,NA,NA,NA,NA,NA,NA,NA
"150","D.J. Moore","CAR","WR","2560813","robust",NA,NA,NA,NA,NA,NA,NA,NA,NA,NA,0.505433436532508,NA,2.912,0.585627,0.005,0.00650107692679976,0.00125,0.00185325,0,NA,0,NA,4.55,0.22239,63,3.120873,0.64,0.22239,NA,NA,NA,NA,NA,NA,NA,NA,NA,NA,NA,NA,NA,NA,NA,NA,NA,NA,NA,NA,NA,NA,NA,NA,NA,NA
"151","Mike Williams","LAC","WR","2558846","robust",NA,NA,NA,NA,NA,NA,NA,NA,NA,NA,0,0,0.013,0,0,0,0,0,0,NA,0,NA,4.4,0.607866,64,9.725856,0.3,0.096369,NA,NA,NA,NA,NA,NA,NA,NA,NA,NA,NA,NA,NA,NA,NA,NA,NA,NA,NA,NA,NA,NA,NA,NA,NA,NA
"152","Michael Pittman","IND","WR","2564136","robust",NA,NA,NA,NA,NA,NA,NA,NA,NA,NA,0.0666666666666667,0.02471,0.773,0.1082298,0,0,0,0,0,NA,0,NA,5.585,0.615279000000001,62.1,4.07715,0.355,0.081543,NA,NA,NA,NA,NA,NA,NA,NA,NA,NA,NA,NA,NA,NA,NA,NA,NA,NA,NA,NA,NA,NA,NA,NA,NA,NA
"153","Brandon Aiyuk","SF","WR","2565093","robust",NA,NA,NA,NA,NA,NA,NA,NA,NA,NA,0.0666666666666667,0.02471,0.79,0.585627,0.011,0.007413,0.0666666666666667,0.04942,0,NA,0,NA,4.54,0.44478,62.835,5.463381,0.68,0.111195,NA,NA,NA,NA,NA,NA,NA,NA,NA,NA,NA,NA,NA,NA,NA,NA,NA,NA,NA,NA,NA,NA,NA,NA,NA,NA
"154","JuJu Smith-Schuster","KC","WR","2558149","robust",NA,NA,NA,NA,NA,NA,NA,NA,NA,NA,0,0,0.091,0.07413,0,0,0.0333333333333333,0.02471,0,NA,0,NA,5.45,0.185325,62.64,3.26172,0.6,0.281694,NA,NA,NA,NA,NA,NA,NA,NA,NA,NA,NA,NA,NA,NA,NA,NA,NA,NA,NA,NA,NA,NA,NA,NA,NA,NA
"155","Chris Olave","NO","WR","2567973","robust",NA,NA,NA,NA,NA,NA,NA,NA,NA,NA,0,0,0.004,0,0,0,0,0,0,NA,0,NA,4.75,0.363237,63.655,3.78063,0.225,0.07413,NA,NA,NA,NA,NA,NA,NA,NA,NA,NA,NA,NA,NA,NA,NA,NA,NA,NA,NA,NA,NA,NA,NA,NA,NA,NA
"156","Amari Cooper","CLE","WR","2552487","robust",NA,NA,NA,NA,NA,NA,NA,NA,NA,NA,0,0,0.1,0.0044478,0,0,0,0,0,NA,0,NA,4.76,0.29652,62.8,1.341753,0.66,0.14826,NA,NA,NA,NA,NA,NA,NA,NA,NA,NA,NA,NA,NA,NA,NA,NA,NA,NA,NA,NA,NA,NA,NA,NA,NA,NA
"157","Diontae Johnson","PIT","WR","2562674","robust",NA,NA,NA,NA,NA,NA,NA,NA,NA,NA,0.3,NA,1.803,0.3009678,0.005,0.00375367845841946,0.0333333333333333,0.02471,0,NA,0,NA,5.1,0.177912,58.8,4.581234,0.2,0.037065,NA,NA,NA,NA,NA,NA,NA,NA,NA,NA,NA,NA,NA,NA,NA,NA,NA,NA,NA,NA,NA,NA,NA,NA,NA,NA
"158","Christian Kirk","JAC","WR","2560781","robust",NA,NA,NA,NA,NA,NA,NA,NA,NA,NA,0.133333333333333,0.04942,1.2,0.29652,0.003,0,0.0333333333333333,0.02471,0,NA,0,NA,4.9,0.244629,62.9,3.061569,0.3,0.044478,NA,NA,NA,NA,NA,NA,NA,NA,NA,NA,NA,NA,NA,NA,NA,NA,NA,NA,NA,NA,NA,NA,NA,NA,NA,NA
"159","D.J. Chark","DET","WR","2561018","robust",NA,NA,NA,NA,NA,NA,NA,NA,NA,NA,0,0,0.012,0,0,0,0,0,0,NA,0,NA,4.005,0.407715,55.76,1.57896899999999,0.45,0.096369,NA,NA,NA,NA,NA,NA,NA,NA,NA,NA,NA,NA,NA,NA,NA,NA,NA,NA,NA,NA,NA,NA,NA,NA,NA,NA
"160","Allen Lazard","GB","WR","2560787","robust",NA,NA,NA,NA,NA,NA,NA,NA,NA,NA,0,0,0.093,0.07413,0,0,0,0,0,NA,0,NA,4.52,0.22239,56.64,6.22692,0.645,0.192738,NA,NA,NA,NA,NA,NA,NA,NA,NA,NA,NA,NA,NA,NA,NA,NA,NA,NA,NA,NA,NA,NA,NA,NA,NA,NA
"161","Jakobi Meyers","NE","WR","2562492","robust",NA,NA,NA,NA,NA,NA,NA,NA,NA,NA,0.0666666666666667,0.02471,0.4,0.504084,0,0,0.0666666666666667,0.04942,0,NA,0,NA,4.555,0.207564000000001,60,3.38774100000001,0.4,0.126021,NA,NA,NA,NA,NA,NA,NA,NA,NA,NA,NA,NA,NA,NA,NA,NA,NA,NA,NA,NA,NA,NA,NA,NA,NA,NA
"162","Darius Slayton","NYG","WR","2562736","robust",NA,NA,NA,NA,NA,NA,NA,NA,NA,NA,0,0,0.05,0.07413,0,0,0,0,0,NA,0,NA,3.9,0.452193,56.915,5.48562,0.39,0.170499,NA,NA,NA,NA,NA,NA,NA,NA,NA,NA,NA,NA,NA,NA,NA,NA,NA,NA,NA,NA,NA,NA,NA,NA,NA,NA
"163","Zay Jones","JAC","WR","2557863","robust",NA,NA,NA,NA,NA,NA,NA,NA,NA,NA,0.0666666666666667,0.02471,1.113,0.7413,0.003,0,0,0,0,NA,0,NA,5,0.385476,56,6.249159,0.3,0.00741300000000001,NA,NA,NA,NA,NA,NA,NA,NA,NA,NA,NA,NA,NA,NA,NA,NA,NA,NA,NA,NA,NA,NA,NA,NA,NA,NA
"164","Marquise Brown","ARI","WR","2562379","robust",NA,NA,NA,NA,NA,NA,NA,NA,NA,NA,0.133333333333333,0.04942,0.802,0.1452948,0,0,0,0,0,NA,0,NA,4.7,0.185325,59,5.152035,0.235,0.07413,NA,NA,NA,NA,NA,NA,NA,NA,NA,NA,NA,NA,NA,NA,NA,NA,NA,NA,NA,NA,NA,NA,NA,NA,NA,NA
"165","Courtland Sutton","DEN","WR","2560888","robust",NA,NA,NA,NA,NA,NA,NA,NA,NA,NA,0,0,0.1,0.0785778,0,0,0,0,0,NA,0,NA,4.3,0.652344,57.4,3.765804,0.2,0.044478,NA,NA,NA,NA,NA,NA,NA,NA,NA,NA,NA,NA,NA,NA,NA,NA,NA,NA,NA,NA,NA,NA,NA,NA,NA,NA
"166","Gabriel Davis","BUF","WR","2563602","robust",NA,NA,NA,NA,NA,NA,NA,NA,NA,NA,0,0,0.3,0.1527078,0,0,0.0333333333333333,0.02471,0,NA,0,NA,3.5,0.22239,52.455,4.95188399999999,0.32,0.029652,NA,NA,NA,NA,NA,NA,NA,NA,NA,NA,NA,NA,NA,NA,NA,NA,NA,NA,NA,NA,NA,NA,NA,NA,NA,NA
"167","Jahan Dotson","WAS","WR","2568321","robust",NA,NA,NA,NA,NA,NA,NA,NA,NA,NA,0.194663461538462,NA,1.297,0.0815430000000002,0.000962797619047619,0.00131271875,0,0,0,NA,0,NA,3.7,0.44478,54.2,1.04523300000001,0.655,0.252042,NA,NA,NA,NA,NA,NA,NA,NA,NA,NA,NA,NA,NA,NA,NA,NA,NA,NA,NA,NA,NA,NA,NA,NA,NA,NA
"168","Brandin Cooks","HOU","WR","2543498","robust",NA,NA,NA,NA,NA,NA,NA,NA,NA,NA,0.118972815179712,NA,1.443,0.177912,0.005,0.00524863714854111,0,0,0,NA,0,NA,4.33,0.192738,54.1,1.045233,0.41,0.14826,NA,NA,NA,NA,NA,NA,NA,NA,NA,NA,NA,NA,NA,NA,NA,NA,NA,NA,NA,NA,NA,NA,NA,NA,NA,NA
"169","George Pickens","PIT","WR","2568159","robust",NA,NA,NA,NA,NA,NA,NA,NA,NA,NA,0.2,0.07413,1.38,0.177912,0.0125,0.0185325,0,0,0,NA,0,NA,3.875,0.689409,49.85,4.96671,0.2,0.07413,NA,NA,NA,NA,NA,NA,NA,NA,NA,NA,NA,NA,NA,NA,NA,NA,NA,NA,NA,NA,NA,NA,NA,NA,NA,NA
"170","Treylon Burks","TEN","WR","2567643","robust",NA,NA,NA,NA,NA,NA,NA,NA,NA,NA,0.29,NA,1.765,1.1312238,0.005,0.00498372376284585,0,0,0,NA,0,NA,2.47,0.400302,32.05,3.48411,0.12,0.088956,NA,NA,NA,NA,NA,NA,NA,NA,NA,NA,NA,NA,NA,NA,NA,NA,NA,NA,NA,NA,NA,NA,NA,NA,NA,NA
"171","Donovan Peoples-Jones","CLE","WR","2563803","robust",NA,NA,NA,NA,NA,NA,NA,NA,NA,NA,0.0666666666666667,0.02471,0.15,0.1245384,0,0,0.0333333333333333,0.02471,0,NA,0.01,0,3.47,0.44478,48.485,4.89258,0.2,0.059304,NA,NA,NA,NA,NA,NA,NA,NA,NA,NA,NA,NA,NA,NA,NA,NA,NA,NA,NA,NA,NA,NA,NA,NA,NA,NA
"172","Greg Dortch","ARI","WR","2562561","robust",NA,NA,NA,NA,NA,NA,NA,NA,NA,NA,0.6,0.44478,3.2,4.74432,0,0,0,0,0,NA,0,NA,3.8,0.889559999999999,42.91,5.011188,0.1,0,NA,NA,NA,NA,NA,NA,NA,NA,NA,NA,NA,NA,NA,NA,NA,NA,NA,NA,NA,NA,NA,NA,NA,NA,NA,NA
"173","Adam Thielen","MIN","WR","2541785","robust",NA,NA,NA,NA,NA,NA,NA,NA,NA,NA,0,0,0.181,0.14826,0,0,0,0,0,NA,0,NA,4,0.911799,47.8,4.81845,0.24,0.081543,NA,NA,NA,NA,NA,NA,NA,NA,NA,NA,NA,NA,NA,NA,NA,NA,NA,NA,NA,NA,NA,NA,NA,NA,NA,NA
"174","Christian Watson","GB","WR","2567637","robust",NA,NA,NA,NA,NA,NA,NA,NA,NA,NA,0.266666666666667,0.09884,2,0.429954,0.021,0.007413,0,0,0,NA,0,NA,3.225,0.29652,44,5.908161,0.305,0.096369,NA,NA,NA,NA,NA,NA,NA,NA,NA,NA,NA,NA,NA,NA,NA,NA,NA,NA,NA,NA,NA,NA,NA,NA,NA,NA
"175","Richie James","NYG","WR","2560761","robust",NA,NA,NA,NA,NA,NA,NA,NA,NA,NA,0.0666666666666667,0.02471,0.355,0.081543,0,0,0,0,0,NA,0.07,0,4.05,0.333585,46.5,1.11195,0.215,0.07413,NA,NA,NA,NA,NA,NA,NA,NA,NA,NA,NA,NA,NA,NA,NA,NA,NA,NA,NA,NA,NA,NA,NA,NA,NA,NA
"176","Van Jefferson","LAR","WR","2564358","robust",NA,NA,NA,NA,NA,NA,NA,NA,NA,NA,0,0,0.51,0.459606,0,0,0,0,0,NA,0,NA,3.375,0.318759,43.48,2.03857499999999,0.2,0.051891,NA,NA,NA,NA,NA,NA,NA,NA,NA,NA,NA,NA,NA,NA,NA,NA,NA,NA,NA,NA,NA,NA,NA,NA,NA,NA
"177","Michael Gallup","DAL","WR","2560735","robust",NA,NA,NA,NA,NA,NA,NA,NA,NA,NA,0,0,0.479,0.37065,0.001,0,0,0,0,NA,0,NA,3.535,0.029652,42.7,3.254307,0.3,0.051891,NA,NA,NA,NA,NA,NA,NA,NA,NA,NA,NA,NA,NA,NA,NA,NA,NA,NA,NA,NA,NA,NA,NA,NA,NA,NA
"178","Marquez Valdes-Scantling","KC","WR","2560907","robust",NA,NA,NA,NA,NA,NA,NA,NA,NA,NA,0.0666666666666667,0.02471,0.21,0.22239,0,0,0,0,0,NA,0,NA,2.75,0.333585,40.14,6.034182,0.2,0.014826,NA,NA,NA,NA,NA,NA,NA,NA,NA,NA,NA,NA,NA,NA,NA,NA,NA,NA,NA,NA,NA,NA,NA,NA,NA,NA
"179","Josh Palmer","LAC","WR","2566502","robust",NA,NA,NA,NA,NA,NA,NA,NA,NA,NA,0,0,0.145,0.1126776,0,0,0,0,0,NA,0,NA,3.4,0.429954,38.7,5.611641,0.15,0.081543,NA,NA,NA,NA,NA,NA,NA,NA,NA,NA,NA,NA,NA,NA,NA,NA,NA,NA,NA,NA,NA,NA,NA,NA,NA,NA
"180","Corey Davis","NYJ","WR","2557848","robust",NA,NA,NA,NA,NA,NA,NA,NA,NA,NA,0,0,0.013,0,0,0,0,0,0,NA,0,NA,3,0.14826,43.4,4.269888,0.2,0,NA,NA,NA,NA,NA,NA,NA,NA,NA,NA,NA,NA,NA,NA,NA,NA,NA,NA,NA,NA,NA,NA,NA,NA,NA,NA
"181","Tyler Boyd","CIN","WR","2555466","robust",NA,NA,NA,NA,NA,NA,NA,NA,NA,NA,0.0666666666666667,0.02471,0.447,0.37065,0.001,0,0,0,0,NA,0,NA,3.35,0.244629,40.5,3.765804,0.21,0.066717,NA,NA,NA,NA,NA,NA,NA,NA,NA,NA,NA,NA,NA,NA,NA,NA,NA,NA,NA,NA,NA,NA,NA,NA,NA,NA
"182","Chris Moore","HOU","WR","2555209","robust",NA,NA,NA,NA,NA,NA,NA,NA,NA,NA,0.133333333333333,0.04942,0.4,0.5396664,0,0,0,0,0,NA,0,NA,3.5,0.185325,43.3,1.957032,0.2,0.022239,NA,NA,NA,NA,NA,NA,NA,NA,NA,NA,NA,NA,NA,NA,NA,NA,NA,NA,NA,NA,NA,NA,NA,NA,NA,NA
"183","Romeo Doubs","GB","WR","2567586","robust",NA,NA,NA,NA,NA,NA,NA,NA,NA,NA,0,0,0.464,0.311346,0,0,0,0,0,NA,0,NA,3,0.170499,38.1,2.194248,0.2,0.029652,NA,NA,NA,NA,NA,NA,NA,NA,NA,NA,NA,NA,NA,NA,NA,NA,NA,NA,NA,NA,NA,NA,NA,NA,NA,NA
"184","Curtis Samuel","WAS","WR","2558066","robust",NA,NA,NA,NA,NA,NA,NA,NA,NA,NA,2.31282089911496,NA,14.77,1.3580616,0.1,0.00135274835508062,0.0025,0.0037065,0,NA,0,NA,3.5,0.615279,37.62,5.78214,0.2,0.00741300000000001,NA,NA,NA,NA,NA,NA,NA,NA,NA,NA,NA,NA,NA,NA,NA,NA,NA,NA,NA,NA,NA,NA,NA,NA,NA,NA
"185","Isaiah Hodgins","NYG","WR","2563611","robust",NA,NA,NA,NA,NA,NA,NA,NA,NA,NA,0,0,0.098,0.07413,0,0,0,0,0,NA,0,NA,3.72,0.37065,45.8,1.401057,0.2,0.066717,NA,NA,NA,NA,NA,NA,NA,NA,NA,NA,NA,NA,NA,NA,NA,NA,NA,NA,NA,NA,NA,NA,NA,NA,NA,NA
"186","Kendrick Bourne","NE","WR","2558914","robust",NA,NA,NA,NA,NA,NA,NA,NA,NA,NA,0.271360489882854,NA,1.915,0.7724346,0.00299041533546326,0.00196574760383387,0,0,0,NA,0,NA,2.7,0.622692,34.8,6.530853,0.1,0.059304,NA,NA,NA,NA,NA,NA,NA,NA,NA,NA,NA,NA,NA,NA,NA,NA,NA,NA,NA,NA,NA,NA,NA,NA,NA,NA
"187","K.J. Osborn","MIN","WR","2564574","robust",NA,NA,NA,NA,NA,NA,NA,NA,NA,NA,0.136851851851852,NA,0.774,0.163086,0.00125,0.00185325,0,0,0,NA,0.01,0,3.05,0.0963689999999999,36.37,1.875489,0.2,0.00741299999999999,NA,NA,NA,NA,NA,NA,NA,NA,NA,NA,NA,NA,NA,NA,NA,NA,NA,NA,NA,NA,NA,NA,NA,NA,NA,NA
"188","Parris Campbell","IND","WR","2562495","robust",NA,NA,NA,NA,NA,NA,NA,NA,NA,NA,0.133333333333333,0.04942,1.4,0.504084,0,0,0,0,0,NA,0,NA,3.3,0.378063,38.5,6.849612,0.14,0.059304,NA,NA,NA,NA,NA,NA,NA,NA,NA,NA,NA,NA,NA,NA,NA,NA,NA,NA,NA,NA,NA,NA,NA,NA,NA,NA
"189","Tutu Atwell","LAR","WR","2566196","robust",NA,NA,NA,NA,NA,NA,NA,NA,NA,NA,0.829466232342127,NA,5.795,1.5374562,0.015,0.0104823343982271,0.00125,0.00185325,0,NA,0,NA,3.105,0.429954,41,2.898483,0.2,0.014826,NA,NA,NA,NA,NA,NA,NA,NA,NA,NA,NA,NA,NA,NA,NA,NA,NA,NA,NA,NA,NA,NA,NA,NA,NA,NA
"190","Isaiah McKenzie","BUF","WR","2558129","robust",NA,NA,NA,NA,NA,NA,NA,NA,NA,NA,0.6,NA,3.912,0.607866,0.0294710403546034,0.022239,0,0,0,NA,0.01,0,3.075,0.14826,34,0.889560000000002,0.2,0.00741300000000001,NA,NA,NA,NA,NA,NA,NA,NA,NA,NA,NA,NA,NA,NA,NA,NA,NA,NA,NA,NA,NA,NA,NA,NA,NA,NA
"191","Tre'Quan Smith","NO","WR","2560878","robust",NA,NA,NA,NA,NA,NA,NA,NA,NA,NA,0,0,0,0,0,0,0,0,0,NA,0,NA,1.48,0.237216,18.055,1.645686,0.1,0,NA,NA,NA,NA,NA,NA,NA,NA,NA,NA,NA,NA,NA,NA,NA,NA,NA,NA,NA,NA,NA,NA,NA,NA,NA,NA
"192","Elijah Moore","NYJ","WR","2566385","robust",NA,NA,NA,NA,NA,NA,NA,NA,NA,NA,0.288184281842818,NA,2.02,0.3676848,0.005,0.0047732487804878,0,0,0,NA,0,NA,2.95,0.0444780000000004,38.73,3.232068,0.145,0.07413,NA,NA,NA,NA,NA,NA,NA,NA,NA,NA,NA,NA,NA,NA,NA,NA,NA,NA,NA,NA,NA,NA,NA,NA,NA,NA
"193","Josh Reynolds","DET","WR","2558194","robust",NA,NA,NA,NA,NA,NA,NA,NA,NA,NA,0,0,0.091,0.07413,0,0,0,0,0,NA,0,NA,2.75,0.0963689999999999,33,1.756881,0.2,0.00741300000000001,NA,NA,NA,NA,NA,NA,NA,NA,NA,NA,NA,NA,NA,NA,NA,NA,NA,NA,NA,NA,NA,NA,NA,NA,NA,NA
"194","Chase Claypool","CHI","WR","2564970","robust",NA,NA,NA,NA,NA,NA,NA,NA,NA,NA,0.0666666666666667,0.04942,1.6,0.59304,0,0,0.0333333333333333,0.04942,0,NA,0,NA,2.8,0.266868,39.195,0.607865999999995,0.31,0.029652,NA,NA,NA,NA,NA,NA,NA,NA,NA,NA,NA,NA,NA,NA,NA,NA,NA,NA,NA,NA,NA,NA,NA,NA,NA,NA
"195","Hunter Renfrow","LVR","WR","2562712","robust",NA,NA,NA,NA,NA,NA,NA,NA,NA,NA,0,0,0.224,0.177912,0,0,0,0,0,NA,0,NA,2.88,0.266868,27.7,4.388496,0.115,0.022239,NA,NA,NA,NA,NA,NA,NA,NA,NA,NA,NA,NA,NA,NA,NA,NA,NA,NA,NA,NA,NA,NA,NA,NA,NA,NA
"196","Jauan Jennings","SF","WR","2565114","robust",NA,NA,NA,NA,NA,NA,NA,NA,NA,NA,0,0,0.49,0.363237,0.001,0,0,0,0,NA,0,NA,2.7,0.333585,32.65,6.656874,0.2,0.014826,NA,NA,NA,NA,NA,NA,NA,NA,NA,NA,NA,NA,NA,NA,NA,NA,NA,NA,NA,NA,NA,NA,NA,NA,NA,NA
"197","Noah Brown","DAL","WR","2558091","robust",NA,NA,NA,NA,NA,NA,NA,NA,NA,NA,0,0,0.594,0.44478,0.002,0,0.0333333333333333,0.02471,0,NA,0,NA,2.9,0.252042000000001,36.935,4.714668,0.17,0.044478,NA,NA,NA,NA,NA,NA,NA,NA,NA,NA,NA,NA,NA,NA,NA,NA,NA,NA,NA,NA,NA,NA,NA,NA,NA,NA
"198","Nelson Agholor","NE","WR","2552600","robust",NA,NA,NA,NA,NA,NA,NA,NA,NA,NA,0,0,0.006,0,0,0,0.0333333333333333,0.02471,0,NA,0,NA,2.39,0.44478,30.7,2.357334,0.1,0.007413,NA,NA,NA,NA,NA,NA,NA,NA,NA,NA,NA,NA,NA,NA,NA,NA,NA,NA,NA,NA,NA,NA,NA,NA,NA,NA
"199","Demarcus Robinson","BAL","WR","2555478","robust",NA,NA,NA,NA,NA,NA,NA,NA,NA,NA,0,0,0.104,0.029652,0,0,0.0333333333333333,0.02471,0,NA,0,NA,3,0.207564,35.355,2.44629,0.13,0.059304,NA,NA,NA,NA,NA,NA,NA,NA,NA,NA,NA,NA,NA,NA,NA,NA,NA,NA,NA,NA,NA,NA,NA,NA,NA,NA
"200","Russell Gage","TB","WR","2561061","robust",NA,NA,NA,NA,NA,NA,NA,NA,NA,NA,0,0,0.004,0,0,0,0.0333333333333333,0.02471,0,NA,0,NA,3.3,0.289107,37.05,2.172009,0.2,0.00741299999999999,NA,NA,NA,NA,NA,NA,NA,NA,NA,NA,NA,NA,NA,NA,NA,NA,NA,NA,NA,NA,NA,NA,NA,NA,NA,NA
"201","Alec Pierce","IND","WR","2567715","robust",NA,NA,NA,NA,NA,NA,NA,NA,NA,NA,0.0666666666666667,0.02471,0.1,0.1126776,0,0,0,0,0,NA,0,NA,2.7,0.274281,36.3,2.616789,0.12,0.07413,NA,NA,NA,NA,NA,NA,NA,NA,NA,NA,NA,NA,NA,NA,NA,NA,NA,NA,NA,NA,NA,NA,NA,NA,NA,NA
"202","Kalif Raymond","DET","WR","2556661","robust",NA,NA,NA,NA,NA,NA,NA,NA,NA,NA,0.2,0.07413,2.2,0.29652,0.004,0,0.0333333333333333,0.02471,0,NA,0,NA,1.685,0.415128,23.52,2.060814,0.1,0.007413,NA,NA,NA,NA,NA,NA,NA,NA,NA,NA,NA,NA,NA,NA,NA,NA,NA,NA,NA,NA,NA,NA,NA,NA,NA,NA
"203","Robert Woods","TEN","WR","2540169","robust",NA,NA,NA,NA,NA,NA,NA,NA,NA,NA,0,0,0.283,0.22239,0.001,0,0,0,0,NA,0.01,0,2.96,0.348411,31.74,4.862928,0.1,0.014826,NA,NA,NA,NA,NA,NA,NA,NA,NA,NA,NA,NA,NA,NA,NA,NA,NA,NA,NA,NA,NA,NA,NA,NA,NA,NA
"204","Byron Pringle","CHI","WR","2560844","robust",NA,NA,NA,NA,NA,NA,NA,NA,NA,NA,0,0,0.005,0,0,0,0,0,0,NA,0,NA,1.8,0.882147,24.985,6.664287,0.1,0.007413,NA,NA,NA,NA,NA,NA,NA,NA,NA,NA,NA,NA,NA,NA,NA,NA,NA,NA,NA,NA,NA,NA,NA,NA,NA,NA
"205","Mack Hollins","LVR","WR","2558262","robust",NA,NA,NA,NA,NA,NA,NA,NA,NA,NA,0.2,0.07413,1.304,0.1423296,0.001,0,0,0,0,NA,0,NA,2.95,0.111195,34.2,2.2239,0.15,0.081543,NA,NA,NA,NA,NA,NA,NA,NA,NA,NA,NA,NA,NA,NA,NA,NA,NA,NA,NA,NA,NA,NA,NA,NA,NA,NA
"206","Randall Cobb","GB","WR","2495448","robust",NA,NA,NA,NA,NA,NA,NA,NA,NA,NA,0,0,0.02,0.0207564,0,0,0,0,0,NA,0,NA,2.215,0.170499,29.935,1.92738,0.1,0.037065,NA,NA,NA,NA,NA,NA,NA,NA,NA,NA,NA,NA,NA,NA,NA,NA,NA,NA,NA,NA,NA,NA,NA,NA,NA,NA
"207","James Proche","BAL","WR","2563572","robust",NA,NA,NA,NA,NA,NA,NA,NA,NA,NA,0,0,0.1,0.07413,0,0,0,0,0,NA,0,NA,1.215,0.748713,12.9625,6.397419,0.025,0.029652,NA,NA,NA,NA,NA,NA,NA,NA,NA,NA,NA,NA,NA,NA,NA,NA,NA,NA,NA,NA,NA,NA,NA,NA,NA,NA
"208","Nick Westbrook-Ikhine","TEN","WR","2565477","robust",NA,NA,NA,NA,NA,NA,NA,NA,NA,NA,0,0,0.095,0.07413,0,0,0,0,0,NA,0,NA,1.65,0.37065,22.375,8.910426,0.1,0.088956,NA,NA,NA,NA,NA,NA,NA,NA,NA,NA,NA,NA,NA,NA,NA,NA,NA,NA,NA,NA,NA,NA,NA,NA,NA,NA
"209","Marvin Jones","JAC","WR","2532884","robust",NA,NA,NA,NA,NA,NA,NA,NA,NA,NA,0,0,0.112,0.088956,0,0,0,0,0,NA,0,NA,2.655,0.281694,31.9,0.459606000000001,0.11,0.07413,NA,NA,NA,NA,NA,NA,NA,NA,NA,NA,NA,NA,NA,NA,NA,NA,NA,NA,NA,NA,NA,NA,NA,NA,NA,NA
"210","Olamide Zaccheaus","ATL","WR","2562808","robust",NA,NA,NA,NA,NA,NA,NA,NA,NA,NA,0.133333333333333,0.04942,0.715,0.2327682,0,0,0,0,0,NA,0,NA,2.3,0.177912,31.8,0.963690000000003,0.1,0.037065,NA,NA,NA,NA,NA,NA,NA,NA,NA,NA,NA,NA,NA,NA,NA,NA,NA,NA,NA,NA,NA,NA,NA,NA,NA,NA
"211","Phillip Dorsett","HOU","WR","2552424","robust",NA,NA,NA,NA,NA,NA,NA,NA,NA,NA,0,0,0.1,0.0845082,0,0,0,0,0,NA,0,NA,2.085,0.22239,27,2.275791,0.1,0.059304,NA,NA,NA,NA,NA,NA,NA,NA,NA,NA,NA,NA,NA,NA,NA,NA,NA,NA,NA,NA,NA,NA,NA,NA,NA,NA
"212","DeSean Jackson","BAL","WR","1581","robust",NA,NA,NA,NA,NA,NA,NA,NA,NA,NA,0,0,0.045,0.0281694,0,0,0,0,0,NA,0,NA,1.84,0.415128,25.785,1.356579,0.085,0.051891,NA,NA,NA,NA,NA,NA,NA,NA,NA,NA,NA,NA,NA,NA,NA,NA,NA,NA,NA,NA,NA,NA,NA,NA,NA,NA
"213","Tyquan Thornton","NE","WR","2567958","robust",NA,NA,NA,NA,NA,NA,NA,NA,NA,NA,0.106569264069264,NA,0.5,0.3202416,0.000896103896103896,0.000288818181818182,0,0,0,NA,0,NA,2.525,0.459606,29.065,1.082298,0.095,0.096369,NA,NA,NA,NA,NA,NA,NA,NA,NA,NA,NA,NA,NA,NA,NA,NA,NA,NA,NA,NA,NA,NA,NA,NA,NA,NA
"214","Kadarius Toney","KC","WR","2566376","robust",NA,NA,NA,NA,NA,NA,NA,NA,NA,NA,0.360350982751705,NA,2.225,0.407715,0.00287545126353791,0.00391390342960289,0,0,0,NA,0,NA,2.6,0.363236999999999,26.915,2.676093,0.125,0.07413,NA,NA,NA,NA,NA,NA,NA,NA,NA,NA,NA,NA,NA,NA,NA,NA,NA,NA,NA,NA,NA,NA,NA,NA,NA,NA
"215","Laquon Treadwell","SEA","WR","2555214","robust",NA,NA,NA,NA,NA,NA,NA,NA,NA,NA,0,0,0.05,0.0652344,0,0,0,0,0,NA,0,NA,2.16,0.511497,24.21,5.063079,0.08,0.059304,NA,NA,NA,NA,NA,NA,NA,NA,NA,NA,NA,NA,NA,NA,NA,NA,NA,NA,NA,NA,NA,NA,NA,NA,NA,NA
"216","Quez Watkins","PHI","WR","2564880","robust",NA,NA,NA,NA,NA,NA,NA,NA,NA,NA,0.15,NA,1.115,0.548562,0.01,0.0059304,0.0333333333333333,0.02471,0,NA,0,NA,2.4,0.237216,28.575,1.85325,0.1,0.051891,NA,NA,NA,NA,NA,NA,NA,NA,NA,NA,NA,NA,NA,NA,NA,NA,NA,NA,NA,NA,NA,NA,NA,NA,NA,NA
"217","Equanimeous St. Brown","CHI","WR","2560883","robust",NA,NA,NA,NA,NA,NA,NA,NA,NA,NA,0.133333333333333,0.04942,1.2,0.2787288,0,0,0,0,0,NA,0,NA,1.75,0.140847,26.82,1.497426,0.1,0.037065,NA,NA,NA,NA,NA,NA,NA,NA,NA,NA,NA,NA,NA,NA,NA,NA,NA,NA,NA,NA,NA,NA,NA,NA,NA,NA
"218","Kendall Hinton","DEN","WR","2563893","robust",NA,NA,NA,NA,NA,NA,NA,NA,NA,NA,0,0,0.2,0.14826,0,0,0,0,0,NA,0.01,0,2.1,0.044478,27.7,1.438122,0.1,0.051891,NA,NA,NA,NA,NA,NA,NA,NA,NA,NA,NA,NA,NA,NA,NA,NA,NA,NA,NA,NA,NA,NA,NA,NA,NA,NA
"219","Trent Sherfield","MIA","WR","2561272","robust",NA,NA,NA,NA,NA,NA,NA,NA,NA,NA,0,0,0.085,0.0711648,0,0,0,0,0,NA,0,NA,1.9,0.0741300000000001,23.63,2.750223,0.11,0.044478,NA,NA,NA,NA,NA,NA,NA,NA,NA,NA,NA,NA,NA,NA,NA,NA,NA,NA,NA,NA,NA,NA,NA,NA,NA,NA
"220","Damiere Byrd","ATL","WR","2553499","robust",NA,NA,NA,NA,NA,NA,NA,NA,NA,NA,0,0,0.1,0.0800604,0,0,0,0,0,NA,0,NA,1.55,0.0963689999999999,22.9,3.217242,0.1,0.014826,NA,NA,NA,NA,NA,NA,NA,NA,NA,NA,NA,NA,NA,NA,NA,NA,NA,NA,NA,NA,NA,NA,NA,NA,NA,NA
"221","Dante Pettis","CHI","WR","2560836","robust",NA,NA,NA,NA,NA,NA,NA,NA,NA,NA,0,0,0.5,0.355824,0,0,0,0,0,NA,0.01,0,1.4,0.333585,19,3.647196,0.1,0.022239,NA,NA,NA,NA,NA,NA,NA,NA,NA,NA,NA,NA,NA,NA,NA,NA,NA,NA,NA,NA,NA,NA,NA,NA,NA,NA
"222","Julio Jones","TB","WR","2495454","robust",NA,NA,NA,NA,NA,NA,NA,NA,NA,NA,0.136145124716553,NA,1.135,0.348411,0.005,0.00320507954545454,0,0,0,NA,0,NA,1.7,0.355824,21.9,2.438877,0.1,0,NA,NA,NA,NA,NA,NA,NA,NA,NA,NA,NA,NA,NA,NA,NA,NA,NA,NA,NA,NA,NA,NA,NA,NA,NA,NA
"223","Brandon Powell","LAR","WR","2561261","robust",NA,NA,NA,NA,NA,NA,NA,NA,NA,NA,0.770420628606786,NA,5.245,1.2883794,0.015,0.00895908005853706,0,0,0,NA,0.01,0,2.19,0.126021,24,1.208319,0.07,0.044478,NA,NA,NA,NA,NA,NA,NA,NA,NA,NA,NA,NA,NA,NA,NA,NA,NA,NA,NA,NA,NA,NA,NA,NA,NA,NA
"224","Laviska Shenault","CAR","WR","2564232","robust",NA,NA,NA,NA,NA,NA,NA,NA,NA,NA,0.466666666666667,0.17297,3.579,0.140847,0.012,0.014826,0,0,0,NA,0,NA,2.21,0.185325,22.2,1.18608,0.075,0.044478,NA,NA,NA,NA,NA,NA,NA,NA,NA,NA,NA,NA,NA,NA,NA,NA,NA,NA,NA,NA,NA,NA,NA,NA,NA,NA
"225","Lance McCutcheon","LAR","WR","2567847","robust",NA,NA,NA,NA,NA,NA,NA,NA,NA,NA,0,0,0.0675,0.07413,0,0,0,0,0,NA,0,NA,0.5475,0.311346,7.2175,4.358844,0.06,0.051891,NA,NA,NA,NA,NA,NA,NA,NA,NA,NA,NA,NA,NA,NA,NA,NA,NA,NA,NA,NA,NA,NA,NA,NA,NA,NA
"226","A.J. Green","ARI","WR","2495450","robust",NA,NA,NA,NA,NA,NA,NA,NA,NA,NA,0,0,0.085,0.0711648,0,0,0,0,0,NA,0,NA,1.75,0.22239,20.5,1.371405,0.1,0,NA,NA,NA,NA,NA,NA,NA,NA,NA,NA,NA,NA,NA,NA,NA,NA,NA,NA,NA,NA,NA,NA,NA,NA,NA,NA
"227","Amari Rodgers","HOU","WR","2566091","robust",NA,NA,NA,NA,NA,NA,NA,NA,NA,NA,0.0666666666666667,0.02471,0.4,0.3172764,0,0,0,0,0,NA,0,NA,1.235,0.340998,15.325,3.78063,0.05,0.051891,NA,NA,NA,NA,NA,NA,NA,NA,NA,NA,NA,NA,NA,NA,NA,NA,NA,NA,NA,NA,NA,NA,NA,NA,NA,NA
"228","Ray-Ray McCloud","SF","WR","2560801","robust",NA,NA,NA,NA,NA,NA,NA,NA,NA,NA,0.649617960147361,NA,4.104,1.5389388,0.01,0.0113332377351003,0,0,0,NA,0.01,0,1.635,0.400302,18.03,3.684261,0.07,0.066717,NA,NA,NA,NA,NA,NA,NA,NA,NA,NA,NA,NA,NA,NA,NA,NA,NA,NA,NA,NA,NA,NA,NA,NA,NA,NA
"229","T.Y. Hilton","DAL","WR","2532865","robust",NA,NA,NA,NA,NA,NA,NA,NA,NA,NA,0,NA,0.125,0.07413,0,0,0,0,0,NA,0,NA,1,0.14826,17.3,1.4826,0.1,0,NA,NA,NA,NA,NA,NA,NA,NA,NA,NA,NA,NA,NA,NA,NA,NA,NA,NA,NA,NA,NA,NA,NA,NA,NA,NA
"230","DeAndre Carter","LAC","WR","2553502","robust",NA,NA,NA,NA,NA,NA,NA,NA,NA,NA,0.202816901408451,0.00835267605633802,0.85,0.14826,0.00132042253521127,0,0,0,0,NA,0,NA,1,0.0593040000000001,11.26,0.103782,0.09,0,NA,NA,NA,NA,NA,NA,NA,NA,NA,NA,NA,NA,NA,NA,NA,NA,NA,NA,NA,NA,NA,NA,NA,NA,NA,NA
"231","Jameson Williams","DET","WR","2567565","robust",NA,NA,NA,NA,NA,NA,NA,NA,NA,NA,0,0,0.3,0.2253552,0.001,0,0,0,0,NA,0,NA,1.2,0.363237,14.88,4.025259,0.065,0.051891,NA,NA,NA,NA,NA,NA,NA,NA,NA,NA,NA,NA,NA,NA,NA,NA,NA,NA,NA,NA,NA,NA,NA,NA,NA,NA
"232","Danny Gray","SF","WR","2568210","robust",NA,NA,NA,NA,NA,NA,NA,NA,NA,NA,0,0,0.4975,0.37065,0,0,0,0,0,NA,0,NA,0.83,0.207564,8.8225,1.445535,0.0175,0.022239,NA,NA,NA,NA,NA,NA,NA,NA,NA,NA,NA,NA,NA,NA,NA,NA,NA,NA,NA,NA,NA,NA,NA,NA,NA,NA
"233","David Bell","CLE","WR","2567460","robust",NA,NA,NA,NA,NA,NA,NA,NA,NA,NA,0,0,0.363,0.29652,0.001,0,0,0,0,NA,0,NA,1.47,0.103782,16.91,1.771707,0.05,0.022239,NA,NA,NA,NA,NA,NA,NA,NA,NA,NA,NA,NA,NA,NA,NA,NA,NA,NA,NA,NA,NA,NA,NA,NA,NA,NA
"234","Steven Sims","PIT","WR","2563033","robust",NA,NA,NA,NA,NA,NA,NA,NA,NA,NA,0.953370785882523,NA,5.399,0.37065,0.01,0.00744621378072356,0.00125,0.00185325,0,NA,0.05,0,1.725,0.14826,16.3,1.564143,0.05,0.044478,NA,NA,NA,NA,NA,NA,NA,NA,NA,NA,NA,NA,NA,NA,NA,NA,NA,NA,NA,NA,NA,NA,NA,NA,NA,NA
"235","Justin Watson","KC","WR","2560051","robust",NA,NA,NA,NA,NA,NA,NA,NA,NA,NA,0,0,0.1,0.0756126,0,0,0,0,0,NA,0,NA,1.035,0.22239,15.03,3.832521,0.095,0.007413,NA,NA,NA,NA,NA,NA,NA,NA,NA,NA,NA,NA,NA,NA,NA,NA,NA,NA,NA,NA,NA,NA,NA,NA,NA,NA
"236","Shi Smith","CAR","WR","2565908","robust",NA,NA,NA,NA,NA,NA,NA,NA,NA,NA,0,0,0.085,0.0711648,0,0,0.0333333333333333,0.02471,0,NA,0.01,0,1.25,0.0741300000000001,15.9,1.163841,0.09,0,NA,NA,NA,NA,NA,NA,NA,NA,NA,NA,NA,NA,NA,NA,NA,NA,NA,NA,NA,NA,NA,NA,NA,NA,NA,NA
"237","Cedrick Wilson","MIA","WR","2560936","robust",NA,NA,NA,NA,NA,NA,NA,NA,NA,NA,0,0,0.05,0.07413,0,0,0,0,0,NA,0,NA,0.68,0.07413,7.92,0.733887,0.0225,0.029652,NA,NA,NA,NA,NA,NA,NA,NA,NA,NA,NA,NA,NA,NA,NA,NA,NA,NA,NA,NA,NA,NA,NA,NA,NA,NA
"238","Sammy Watkins","BAL","WR","2543457","robust",NA,NA,NA,NA,NA,NA,NA,NA,NA,NA,0,0,0,0,0,0,0,0,0,NA,0,NA,1.02,0.415128,12.99,2.609376,0.075,0.014826,NA,NA,NA,NA,NA,NA,NA,NA,NA,NA,NA,NA,NA,NA,NA,NA,NA,NA,NA,NA,NA,NA,NA,NA,NA,NA
"239","Cole Beasley","BUF","WR","2535698","robust",NA,NA,NA,NA,NA,NA,NA,NA,NA,NA,0,0,0.2,0.29652,0,0,0,0,0,NA,0,NA,1,0.044478,13.15,0.444780000000001,0.065,0.044478,NA,NA,NA,NA,NA,NA,NA,NA,NA,NA,NA,NA,NA,NA,NA,NA,NA,NA,NA,NA,NA,NA,NA,NA,NA,NA
"240","Jamal Agnew","JAC","WR","2558821","robust",NA,NA,NA,NA,NA,NA,NA,NA,NA,NA,0.8,0.59304,5,3.26172,0,0,0,0,0,NA,0.07,0,1.495,0.044478,14.15,0.400302000000002,0.09,0,NA,NA,NA,NA,NA,NA,NA,NA,NA,NA,NA,NA,NA,NA,NA,NA,NA,NA,NA,NA,NA,NA,NA,NA,NA,NA
"241","Skyy Moore","KC","WR","2567805","robust",NA,NA,NA,NA,NA,NA,NA,NA,NA,NA,0.2,0.07413,1.4,0.4388496,0.001,0,0,0,0,NA,0.01,0,1,0.051891,12.8,2.431464,0.05,0.014826,NA,NA,NA,NA,NA,NA,NA,NA,NA,NA,NA,NA,NA,NA,NA,NA,NA,NA,NA,NA,NA,NA,NA,NA,NA,NA
"242","Robby Anderson","ARI","WR","2556462","robust",NA,NA,NA,NA,NA,NA,NA,NA,NA,NA,0.0666666666666667,0.04942,0.05,0.07413,0,0,0,0,0,NA,0,NA,0.945,0.311346,12.065,5.737662,0.07,0.044478,NA,NA,NA,NA,NA,NA,NA,NA,NA,NA,NA,NA,NA,NA,NA,NA,NA,NA,NA,NA,NA,NA,NA,NA,NA,NA
"243","Keelan Cole","LVR","WR","2559153","robust",NA,NA,NA,NA,NA,NA,NA,NA,NA,NA,0,0,0.1225,0.096369,0,0,0,0,0,NA,0.01,0,0.5,0.103782,5.92,1.423296,0.035,0.029652,NA,NA,NA,NA,NA,NA,NA,NA,NA,NA,NA,NA,NA,NA,NA,NA,NA,NA,NA,NA,NA,NA,NA,NA,NA,NA
"244","Kenny Golladay","NYG","WR","2558052","robust",NA,NA,NA,NA,NA,NA,NA,NA,NA,NA,0,0,0.0475,0.066717,0,0,0,0,0,NA,0,NA,0.1925,0.029652,2.7975,0.474432,0.0075,0.007413,NA,NA,NA,NA,NA,NA,NA,NA,NA,NA,NA,NA,NA,NA,NA,NA,NA,NA,NA,NA,NA,NA,NA,NA,NA,NA
"245","Freddie Swain","DEN","WR","2565195","robust",NA,NA,NA,NA,NA,NA,NA,NA,NA,NA,0,0,0,0,0,0,0,0,0,NA,0,NA,1.075,0,14.15,0.148259999999999,0,0,NA,NA,NA,NA,NA,NA,NA,NA,NA,NA,NA,NA,NA,NA,NA,NA,NA,NA,NA,NA,NA,NA,"O","Coach's Decision",17,2022
"246","Trenton Irwin","CIN","WR","2562900","robust",NA,NA,NA,NA,NA,NA,NA,NA,NA,NA,0,0,0.325,0.185325,0,0,0,0,0,NA,0,NA,0.75,0.177912,10.34,2.134944,0.05,0.044478,NA,NA,NA,NA,NA,NA,NA,NA,NA,NA,NA,NA,NA,NA,NA,NA,NA,NA,NA,NA,NA,NA,NA,NA,NA,NA
"247","Denzel Mims","NYJ","WR","2564802","robust",NA,NA,NA,NA,NA,NA,NA,NA,NA,NA,0,0,0,0,0,0,0,0,0,NA,0,NA,0.8,0,12.5375,1.26021,0.085,0.014826,NA,NA,NA,NA,NA,NA,NA,NA,NA,NA,NA,NA,NA,NA,NA,NA,NA,NA,NA,NA,NA,NA,NA,NA,NA,NA
"248","N'Keal Harry","CHI","WR","2562659","robust",NA,NA,NA,NA,NA,NA,NA,NA,NA,NA,0,0,0,0,0,0,0,0,0,NA,0,NA,0.75,0.252042,10.305,2.52042,0.0825,0.022239,NA,NA,NA,NA,NA,NA,NA,NA,NA,NA,NA,NA,NA,NA,NA,NA,NA,NA,NA,NA,NA,NA,NA,NA,NA,NA
"249","KhaDarel Hodge","ATL","WR","2561653","robust",NA,NA,NA,NA,NA,NA,NA,NA,NA,NA,0,0,0,0,0,0,0,0,0,NA,0,NA,0.4725,0.163086,7.745,3.617544,0.035,0.029652,NA,NA,NA,NA,NA,NA,NA,NA,NA,NA,NA,NA,NA,NA,NA,NA,NA,NA,NA,NA,NA,NA,NA,NA,NA,NA
"250","Khalil Shakir","BUF","WR","2567334","robust",NA,NA,NA,NA,NA,NA,NA,NA,NA,NA,0,0,0.1575,0.2335095,0,0,0,0,0,NA,0,NA,0.805,0.281694,10.08,1.868076,0.025,0,NA,NA,NA,NA,NA,NA,NA,NA,NA,NA,NA,NA,NA,NA,NA,NA,NA,NA,NA,NA,NA,NA,NA,NA,NA,NA
"251","River Cracraft","MIA","WR","2559485","robust",NA,NA,NA,NA,NA,NA,NA,NA,NA,NA,0,0,0,0,0,0,0,0,0,NA,0,NA,1.0925,0.00741300000000001,11.7,0.0296520000000007,0.0925,0.00741300000000001,NA,NA,NA,NA,NA,NA,NA,NA,NA,NA,NA,NA,NA,NA,NA,NA,NA,NA,NA,NA,NA,NA,NA,NA,NA,NA
"252","Travis Kelce","KC","TE","2540258","robust",NA,NA,NA,NA,NA,NA,NA,NA,NA,NA,0.265,0,0.83125,0.61713225,0.01,0.007413,0.0333333333333333,0.02471,0,NA,0,NA,6,0,74.5,1.141602,0.72,0.200151,NA,NA,NA,NA,NA,NA,NA,NA,NA,NA,NA,NA,NA,NA,NA,NA,NA,NA,NA,NA,NA,NA,NA,NA,NA,NA
"253","Evan Engram","JAC","TE","2557858","robust",NA,NA,NA,NA,NA,NA,NA,NA,NA,NA,0,0,0.0375,0.0555975,0,0,0,0,0,NA,0,NA,4.885,0.44478,53.43,3.48411,0.64,0.229803,NA,NA,NA,NA,NA,NA,NA,NA,NA,NA,NA,NA,NA,NA,NA,NA,NA,NA,NA,NA,NA,NA,NA,NA,NA,NA
"254","George Kittle","SF","TE","2558266","robust",NA,NA,NA,NA,NA,NA,NA,NA,NA,NA,0,0,0.03375,0.05003775,0,0,0.0333333333333333,0.02471,0,NA,0,NA,4.535,0.59304,55.19,2.14977,0.685,0.326172,NA,NA,NA,NA,NA,NA,NA,NA,NA,NA,NA,NA,NA,NA,NA,NA,NA,NA,NA,NA,NA,NA,NA,NA,NA,NA
"255","T.J. Hockenson","MIN","TE","2562378","robust",NA,NA,NA,NA,NA,NA,NA,NA,NA,NA,0,0,0.0275,0.0407715,0,0,0.0333333333333333,0.02471,0,NA,0,NA,4.8,0.407715,51.32,5.604228,0.63,0.244629,NA,NA,NA,NA,NA,NA,NA,NA,NA,NA,NA,NA,NA,NA,NA,NA,NA,NA,NA,NA,NA,NA,NA,NA,NA,NA
"256","Darren Waller","LVR","TE","2552408","robust",NA,NA,NA,NA,NA,NA,NA,NA,NA,NA,0,0,0.0575,0.07413,0,0,0,0,0,NA,0,NA,4,0.681996,45.7,3.817695,0.2,0.044478,NA,NA,NA,NA,NA,NA,NA,NA,NA,NA,NA,NA,NA,NA,NA,NA,NA,NA,NA,NA,NA,NA,NA,NA,NA,NA
"257","Dallas Goedert","PHI","TE","2560995","robust",NA,NA,NA,NA,NA,NA,NA,NA,NA,NA,0,0,0.02875,0.04262475,0,0,0.0333333333333333,0.02471,0,NA,0,NA,4.15,0.415128,50.07,3.11346,0.2,0.029652,NA,NA,NA,NA,NA,NA,NA,NA,NA,NA,NA,NA,NA,NA,NA,NA,NA,NA,NA,NA,NA,NA,NA,NA,NA,NA
"258","Pat Freiermuth","PIT","TE","2566442","robust",NA,NA,NA,NA,NA,NA,NA,NA,NA,NA,0,0,0.00625,0.00926625,0,0,0,0,0,NA,0,NA,4.1,0.0741299999999997,45.85,3.150525,0.2,0.014826,NA,NA,NA,NA,NA,NA,NA,NA,NA,NA,NA,NA,NA,NA,NA,NA,NA,NA,NA,NA,NA,NA,NA,NA,NA,NA
"259","David Njoku","CLE","TE","2557986","robust",NA,NA,NA,NA,NA,NA,NA,NA,NA,NA,0,0,0.14125,0.20941725,0.00125,0.00185325,0.0333333333333333,0.02471,0,NA,0,NA,3.85,0.0741300000000001,44.525,3.209829,0.2,0.066717,NA,NA,NA,NA,NA,NA,NA,NA,NA,NA,NA,NA,NA,NA,NA,NA,NA,NA,NA,NA,NA,NA,NA,NA,NA,NA
"260","Mark Andrews","BAL","TE","2560957","robust",NA,NA,NA,NA,NA,NA,NA,NA,NA,NA,0,0,0.09,0.133434,0,0,0,0,0,NA,0,NA,4.2,0.140847,50.295,0.111194999999999,0.235,0.07413,NA,NA,NA,NA,NA,NA,NA,NA,NA,NA,NA,NA,NA,NA,NA,NA,NA,NA,NA,NA,NA,NA,NA,NA,NA,NA
"261","Tyler Higbee","LAR","TE","2555364","robust",NA,NA,NA,NA,NA,NA,NA,NA,NA,NA,0,0,0.01125,0.01667925,0,0,0,0,0,NA,0,NA,4.55,0.541149,43.5,5.937813,0.25,0.088956,NA,NA,NA,NA,NA,NA,NA,NA,NA,NA,NA,NA,NA,NA,NA,NA,NA,NA,NA,NA,NA,NA,NA,NA,NA,NA
"262","Jelani Woods","IND","TE","2567724","robust",NA,NA,NA,NA,NA,NA,NA,NA,NA,NA,0,0,0.02625,0.03891825,0,0,0,0,0,NA,0,NA,3,0.0815429999999999,33.82,3.810282,0.16,0.07413,NA,NA,NA,NA,NA,NA,NA,NA,NA,NA,NA,NA,NA,NA,NA,NA,NA,NA,NA,NA,NA,NA,NA,NA,NA,NA
"263","Dawson Knox","BUF","TE","2562681","robust",NA,NA,NA,NA,NA,NA,NA,NA,NA,NA,0,0,0.08,0.07413,0,0,0,0,0,NA,0,NA,3.655,0.29652,42.89,2.74281,0.665,0.170499,NA,NA,NA,NA,NA,NA,NA,NA,NA,NA,NA,NA,NA,NA,NA,NA,NA,NA,NA,NA,NA,NA,NA,NA,NA,NA
"264","Cole Kmet","CHI","TE","2563704","robust",NA,NA,NA,NA,NA,NA,NA,NA,NA,NA,0,0,0.06,0.088956,0,0,0,0,0,NA,0,NA,3.605,0.378063,42.2,3.402567,0.4,0.163086,NA,NA,NA,NA,NA,NA,NA,NA,NA,NA,NA,NA,NA,NA,NA,NA,NA,NA,NA,NA,NA,NA,NA,NA,NA,NA
"265","Dalton Schultz","DAL","TE","2560866","robust",NA,NA,NA,NA,NA,NA,NA,NA,NA,NA,0,0,0.03,0.044478,0,0,0,0,0,NA,0,NA,3.795,0.29652,41.645,1.438122,0.625,0.185325,NA,NA,NA,NA,NA,NA,NA,NA,NA,NA,NA,NA,NA,NA,NA,NA,NA,NA,NA,NA,NA,NA,NA,NA,NA,NA
"266","Gerald Everett","LAC","TE","2557889","robust",NA,NA,NA,NA,NA,NA,NA,NA,NA,NA,0,0,0.06125,0.09080925,0.00125,0.00185325,0,0,0,NA,0,NA,3.465,0.44478,37.2,2.268378,0.1,0.044478,NA,NA,NA,NA,NA,NA,NA,NA,NA,NA,NA,NA,NA,NA,NA,NA,NA,NA,NA,NA,NA,NA,NA,NA,NA,NA
"267","Noah Fant","SEA","TE","2562383","robust",NA,NA,NA,NA,NA,NA,NA,NA,NA,NA,0,0,0.0475,0.066717,0,0,0,0,0,NA,0,NA,3,0.0370649999999999,34.94,6.13796400000001,0.35,0.133434,NA,NA,NA,NA,NA,NA,NA,NA,NA,NA,NA,NA,NA,NA,NA,NA,NA,NA,NA,NA,NA,NA,NA,NA,NA,NA
"268","Robert Tonyan","GB","TE","2559270","robust",NA,NA,NA,NA,NA,NA,NA,NA,NA,NA,0,0,0.005,0.007413,0,0,0,0,0,NA,0,NA,2.245,0.0667169999999999,22.185,0.222390000000003,0.11,0.081543,NA,NA,NA,NA,NA,NA,NA,NA,NA,NA,NA,NA,NA,NA,NA,NA,NA,NA,NA,NA,NA,NA,NA,NA,NA,NA
"269","Hunter Henry","NE","TE","2555341","robust",NA,NA,NA,NA,NA,NA,NA,NA,NA,NA,0,0,0.005,0.007413,0,0,0,0,0,NA,0,NA,2.78,0.118608,33.2,1.77912,0.2,0.014826,NA,NA,NA,NA,NA,NA,NA,NA,NA,NA,NA,NA,NA,NA,NA,NA,NA,NA,NA,NA,NA,NA,NA,NA,NA,NA
"270","Hayden Hurst","CIN","TE","2560747","robust",NA,NA,NA,NA,NA,NA,NA,NA,NA,NA,0,0,0.025,0.037065,0,0,0,0,0,NA,0,NA,3.15,0.22239,31.5,5.270643,0.16,0.022239,NA,NA,NA,NA,NA,NA,NA,NA,NA,NA,NA,NA,NA,NA,NA,NA,NA,NA,NA,NA,NA,NA,NA,NA,NA,NA
"271","Tyler Conklin","NYJ","TE","2561027","robust",NA,NA,NA,NA,NA,NA,NA,NA,NA,NA,0,0,0.523333333333333,0.775894,0,0,0,0,0,NA,0,NA,3.17,0.22239,32.975,2.9652,0.16,0.044478,NA,NA,NA,NA,NA,NA,NA,NA,NA,NA,NA,NA,NA,NA,NA,NA,NA,NA,NA,NA,NA,NA,NA,NA,NA,NA
"272","Juwan Johnson","NO","TE","2564676","robust",NA,NA,NA,NA,NA,NA,NA,NA,NA,NA,0,0,0.15625,0.19459125,0,0,0,0,0,NA,0,NA,3,0.111195,32.4,0.889560000000002,0.5,0.118608,NA,NA,NA,NA,NA,NA,NA,NA,NA,NA,NA,NA,NA,NA,NA,NA,NA,NA,NA,NA,NA,NA,NA,NA,NA,NA
"273","Jordan Akins","HOU","TE","2560951","robust",NA,NA,NA,NA,NA,NA,NA,NA,NA,NA,0,0,0.02875,0.04262475,0,0,0,0,0,NA,0,NA,2.825,0.333585,30.8,4.00302,0.15,0.07413,NA,NA,NA,NA,NA,NA,NA,NA,NA,NA,NA,NA,NA,NA,NA,NA,NA,NA,NA,NA,NA,NA,NA,NA,NA,NA
"274","Chigoziem Okonkwo","TEN","TE","2567658","robust",NA,NA,NA,NA,NA,NA,NA,NA,NA,NA,0.14,0,1.1625,0.363237,0.0275,0.0259455,0,0,0,NA,0,NA,2.445,0.214977,29.2,2.9652,0.11,0.051891,NA,NA,NA,NA,NA,NA,NA,NA,NA,NA,NA,NA,NA,NA,NA,NA,NA,NA,NA,NA,NA,NA,NA,NA,NA,NA
"275","Parker Hesse","ATL","TE","2563272","robust",NA,NA,NA,NA,NA,NA,NA,NA,NA,NA,0,0,0.01375,0,0,0,0,0,0,NA,0,NA,1.005,0.044478,9.56,2.327682,0.1,0,NA,NA,NA,NA,NA,NA,NA,NA,NA,NA,NA,NA,NA,NA,NA,NA,NA,NA,NA,NA,NA,NA,NA,NA,NA,NA
"276","Daniel Bellinger","NYG","TE","2567985","robust",NA,NA,NA,NA,NA,NA,NA,NA,NA,NA,0,0,0.11625,0.09822225,0.0333333333333333,0.02471,0.0333333333333333,0.02471,0,NA,0,NA,2.8,0.170499,28.3,2.972613,0.15,0.014826,NA,NA,NA,NA,NA,NA,NA,NA,NA,NA,NA,NA,NA,NA,NA,NA,NA,NA,NA,NA,NA,NA,NA,NA,NA,NA
"277","Cade Otton","TB","TE","2568312","robust",NA,NA,NA,NA,NA,NA,NA,NA,NA,NA,0,0,0.02,0.029652,0,0,0,0,0,NA,0,NA,2.7,0.207564,28.3,0.800603999999999,0.2,0,NA,NA,NA,NA,NA,NA,NA,NA,NA,NA,NA,NA,NA,NA,NA,NA,NA,NA,NA,NA,NA,NA,NA,NA,NA,NA
"278","Trey McBride","ARI","TE","2568117","robust",NA,NA,NA,NA,NA,NA,NA,NA,NA,NA,0,0,0.04,0.044478,0,0,0,0,0,NA,0,NA,2.43,0.489258,27,2.07564,0.11,0.029652,NA,NA,NA,NA,NA,NA,NA,NA,NA,NA,NA,NA,NA,NA,NA,NA,NA,NA,NA,NA,NA,NA,NA,NA,NA,NA
"279","Austin Hooper","TEN","TE","2555415","robust",NA,NA,NA,NA,NA,NA,NA,NA,NA,NA,0,0,0.005,0.007413,0,0,0,0,0,NA,0,NA,2.4,0.289107,23.9,2.653854,0.1,0.007413,NA,NA,NA,NA,NA,NA,NA,NA,NA,NA,NA,NA,NA,NA,NA,NA,NA,NA,NA,NA,NA,NA,NA,NA,NA,NA
"280","Logan Thomas","WAS","TE","2543767","robust",NA,NA,NA,NA,NA,NA,NA,NA,NA,NA,0,0,0.01625,0,0,0,0,0,0,NA,0,NA,2.65,0.029652,26.795,0.593039999999998,0.185,0.044478,NA,NA,NA,NA,NA,NA,NA,NA,NA,NA,NA,NA,NA,NA,NA,NA,NA,NA,NA,NA,NA,NA,NA,NA,NA,NA
"281","Shane Zylstra","DET","TE","2567172","robust",NA,NA,NA,NA,NA,NA,NA,NA,NA,NA,0,0,0.00625,0,0,0,0,0,0,NA,0,NA,1.4,0.51891,13.3,7.650216,0.2,0.207564,NA,NA,NA,NA,NA,NA,NA,NA,NA,NA,NA,NA,NA,NA,NA,NA,NA,NA,NA,NA,NA,NA,NA,NA,NA,NA
"282","Irv Smith Jr.","MIN","TE","2562738","robust",NA,NA,NA,NA,NA,NA,NA,NA,NA,NA,0,0,0,0,0,0,0.1,0,NA,NA,NA,NA,2.315,1.312101,20.18,11.593932,0.155,0.066717,NA,NA,NA,NA,NA,NA,NA,NA,NA,NA,NA,NA,NA,NA,NA,NA,NA,NA,NA,NA,NA,NA,NA,"Ankle",17,2022
"283","Eric Tomlinson","DEN","TE","2553744","robust",NA,NA,NA,NA,NA,NA,NA,NA,NA,NA,0,0,0.005,0.007413,0,0,0,0,0,NA,0,NA,1.53,0.37065,16.735,4.74432,0.095,0.029652,NA,NA,NA,NA,NA,NA,NA,NA,NA,NA,NA,NA,NA,NA,NA,NA,NA,NA,NA,NA,NA,NA,NA,NA,NA,NA
"284","Brevin Jordan","HOU","TE","2566130","robust",NA,NA,NA,NA,NA,NA,NA,NA,NA,NA,0,0,0.00375,0.00555975,0,0,0,0,0,NA,0,NA,1.59,0.281694,16.97,0.808017,0.105,0.00741300000000001,NA,NA,NA,NA,NA,NA,NA,NA,NA,NA,NA,NA,NA,NA,NA,NA,NA,NA,NA,NA,NA,NA,NA,NA,NA,NA
"285","MyCole Pruitt","ATL","TE","2552401","robust",NA,NA,NA,NA,NA,NA,NA,NA,NA,NA,0,0,0.00375,0.00555975,0,0,0,0,0,NA,0,NA,1.315,0.274281,13.95,3.825108,0.1,0.029652,NA,NA,NA,NA,NA,NA,NA,NA,NA,NA,NA,NA,NA,NA,NA,NA,NA,NA,NA,NA,NA,NA,NA,NA,NA,NA
"286","Mike Gesicki","MIA","TE","2560994","robust",NA,NA,NA,NA,NA,NA,NA,NA,NA,NA,0,0,0.00375,0.00555975,0,0,0,0,0,NA,0,NA,1.405,0.37065,14.85,3.973368,0.095,0.037065,NA,NA,NA,NA,NA,NA,NA,NA,NA,NA,NA,NA,NA,NA,NA,NA,NA,NA,NA,NA,NA,NA,NA,NA,NA,NA
"287","Taysom Hill","NO","TE","2558954","robust",NA,NA,NA,NA,NA,NA,NA,NA,NA,NA,0,0,24.1733333333333,12.374768,0.263333333333333,0.187796,0,0,0,NA,0,NA,1.3,0.400302,14.2,7.072002,0.2,0,NA,NA,NA,NA,NA,NA,NA,NA,NA,NA,NA,NA,NA,NA,NA,NA,NA,NA,NA,NA,NA,NA,NA,NA,NA,NA
"288","Foster Moreau","LVR","TE","2562317","robust",NA,NA,NA,NA,NA,NA,NA,NA,NA,NA,0,0,0.0075,0.0111195,0,0,0,0,0,NA,0,NA,1.3,0.7413,15.3,5.1891,0.09,0.044478,NA,NA,NA,NA,NA,NA,NA,NA,NA,NA,NA,NA,NA,NA,NA,NA,NA,NA,NA,NA,NA,NA,NA,NA,NA,NA
"289","Eric Saubert","DEN","TE","2558023","robust",NA,NA,NA,NA,NA,NA,NA,NA,NA,NA,0,0,0.01,0.014826,0,0,0,0,0,NA,0,NA,1.5,0.785778,14.84,8.443407,0.1,0.014826,NA,NA,NA,NA,NA,NA,NA,NA,NA,NA,NA,NA,NA,NA,NA,NA,NA,NA,NA,NA,NA,NA,NA,NA,NA,NA
"290","Brycen Hopkins","LAR","TE","2564349","robust",NA,NA,NA,NA,NA,NA,NA,NA,NA,NA,0,0,0.00625,0,0,0,0,0,0,NA,0,NA,1.355,0.845082,14.495,4.15128,0.085,0.044478,NA,NA,NA,NA,NA,NA,NA,NA,NA,NA,NA,NA,NA,NA,NA,NA,NA,NA,NA,NA,NA,NA,NA,NA,NA,NA
"291","C.J. Uzomah","NYJ","TE","2552559","robust",NA,NA,NA,NA,NA,NA,NA,NA,NA,NA,0,0,0.00875,0.01297275,0,0,0,0,0,NA,0,NA,1.185,0.0518910000000002,14.05,1.40847,0.1,0.00741300000000001,NA,NA,NA,NA,NA,NA,NA,NA,NA,NA,NA,NA,NA,NA,NA,NA,NA,NA,NA,NA,NA,NA,NA,NA,NA,NA
"292","Colby Parkinson","SEA","TE","2565180","robust",NA,NA,NA,NA,NA,NA,NA,NA,NA,NA,0,0,0.0125,0,0,0,0,0,0,NA,0,NA,1.8,0.177912,19.1,2.357334,0.1,0,NA,NA,NA,NA,NA,NA,NA,NA,NA,NA,NA,NA,NA,NA,NA,NA,NA,NA,NA,NA,NA,NA,NA,NA,NA,NA
"293","Noah Gray","KC","TE","2566178","robust",NA,NA,NA,NA,NA,NA,NA,NA,NA,NA,0,0,0,0,0,0,0,0,0,NA,0,NA,1.4,0.570801,14.8,4.4478,0.085,0.022239,NA,NA,NA,NA,NA,NA,NA,NA,NA,NA,NA,NA,NA,NA,NA,NA,NA,NA,NA,NA,NA,NA,NA,NA,NA,NA
"294","Mo Alie-Cox","IND","TE","2558832","robust",NA,NA,NA,NA,NA,NA,NA,NA,NA,NA,0,0,0.005,0.007413,0,0,0.0333333333333333,0.02471,0,NA,0,NA,1.3,0.266868,14.7,2.2239,0.095,0.037065,NA,NA,NA,NA,NA,NA,NA,NA,NA,NA,NA,NA,NA,NA,NA,NA,NA,NA,NA,NA,NA,NA,NA,NA,NA,NA
"295","O.J. Howard","HOU","TE","2557856","robust",NA,NA,NA,NA,NA,NA,NA,NA,NA,NA,0,0,0,0,0,0,0,0,0,NA,0,NA,1.015,0.088956,12.785,0.874734,0.1,0,NA,NA,NA,NA,NA,NA,NA,NA,NA,NA,NA,NA,NA,NA,NA,NA,NA,NA,NA,NA,NA,NA,NA,NA,NA,NA
"296","Isaiah Likely","BAL","TE","2567283","robust",NA,NA,NA,NA,NA,NA,NA,NA,NA,NA,0,0,0.00375,0.00555975,0,0,0,0,0,NA,0,NA,1.5,0.385476,16.8,2.016336,0.1,0,NA,NA,NA,NA,NA,NA,NA,NA,NA,NA,NA,NA,NA,NA,NA,NA,NA,NA,NA,NA,NA,NA,NA,NA,NA,NA
"297","Maxx Williams","ARI","TE","2552468","robust",NA,NA,NA,NA,NA,NA,NA,NA,NA,NA,0,0,0,0,0,0,0,0,0,NA,0,NA,0.875,0,8.68,0,0.02,0,NA,NA,NA,NA,NA,NA,NA,NA,NA,NA,NA,NA,NA,NA,NA,NA,NA,NA,NA,NA,NA,NA,NA,NA,NA,NA
"298","Tommy Tremble","CAR","TE","2565914","robust",NA,NA,NA,NA,NA,NA,NA,NA,NA,NA,0,0,0.1125,0.1667925,0,0,0,0,0,NA,0,NA,1.35,0.200151,13.5,1.4826,0.1,0.014826,NA,NA,NA,NA,NA,NA,NA,NA,NA,NA,NA,NA,NA,NA,NA,NA,NA,NA,NA,NA,NA,NA,NA,NA,NA,NA
"299","Jake Ferguson","DAL","TE","2567496","robust",NA,NA,NA,NA,NA,NA,NA,NA,NA,NA,0,0,0.01125,0,0,0,0,0,0,NA,0,NA,1.15,0.59304,10.91,5.055666,0.105,0.014826,NA,NA,NA,NA,NA,NA,NA,NA,NA,NA,NA,NA,NA,NA,NA,NA,NA,NA,NA,NA,NA,NA,NA,NA,NA,NA
"300","Harrison Bryant","CLE","TE","2563767","robust",NA,NA,NA,NA,NA,NA,NA,NA,NA,NA,0,0,0.4475,0.6634635,0,0,0,0,0,NA,0,NA,1.4,0.22239,12.555,2.505594,0.095,0,NA,NA,NA,NA,NA,NA,NA,NA,NA,NA,NA,NA,NA,NA,NA,NA,NA,NA,NA,NA,NA,NA,NA,NA,NA,NA
"301","Dan Arnold","JAC","TE","2559385","robust",NA,NA,NA,NA,NA,NA,NA,NA,NA,NA,0,0,0,0,0,0,0,0,0,NA,0,NA,0.535,0.133434,6.655,1.438122,0,0,NA,NA,NA,NA,NA,NA,NA,NA,NA,NA,NA,NA,NA,NA,NA,NA,NA,NA,NA,NA,NA,NA,NA,NA,NA,NA
"302","Brock Wright","DET","TE","2567221","robust",NA,NA,NA,NA,NA,NA,NA,NA,NA,NA,0,0,0.00875,0.01297275,0,0,0,0,0,NA,0,NA,1.15,0.140847,13.8,0.845082,0.1,0.007413,NA,NA,NA,NA,NA,NA,NA,NA,NA,NA,NA,NA,NA,NA,NA,NA,NA,NA,NA,NA,NA,NA,NA,NA,NA,NA
"303","Ian Thomas","CAR","TE","2560894","robust",NA,NA,NA,NA,NA,NA,NA,NA,NA,NA,0,0,0.0375,0.037065,0,0,0,0,0,NA,0,NA,1.345,0.22239,14.355,0.518909999999999,0.05,0.022239,NA,NA,NA,NA,NA,NA,NA,NA,NA,NA,NA,NA,NA,NA,NA,NA,NA,NA,NA,NA,NA,NA,NA,NA,NA,NA
"304","Donald Parham","LAC","TE","2562394","robust",NA,NA,NA,NA,NA,NA,NA,NA,NA,NA,0,0,0.0133333333333333,0.019768,0,0,0,0,0,NA,0,NA,1.15,0.0593040000000001,13.01,2.060814,0.075,0,NA,NA,NA,NA,NA,NA,NA,NA,NA,NA,NA,NA,NA,NA,NA,NA,NA,NA,NA,NA,NA,NA,NA,NA,NA,NA
"305","John Bates","WAS","TE","2566580","robust",NA,NA,NA,NA,NA,NA,NA,NA,NA,NA,0,0,0.005,0,0,0,0,0,0,NA,0,NA,0.72,0.355824,6.835,3.662022,0.02,0.014826,NA,NA,NA,NA,NA,NA,NA,NA,NA,NA,NA,NA,NA,NA,NA,NA,NA,NA,NA,NA,NA,NA,NA,NA,NA,NA
"306","Josiah Deguara","GB","TE","2563980","robust",NA,NA,NA,NA,NA,NA,NA,NA,NA,NA,0,0,0,0,0,0,0,0,0,NA,0,NA,0.9,0.340998,8.3,2.81694,0.06,0.044478,NA,NA,NA,NA,NA,NA,NA,NA,NA,NA,NA,NA,NA,NA,NA,NA,NA,NA,NA,NA,NA,NA,NA,NA,NA,NA
"307","Anthony Firkser","ATL","TE","2558942","robust",NA,NA,NA,NA,NA,NA,NA,NA,NA,NA,0,0,0.00375,0,0,0,0,0,0,NA,0,NA,1.31,0.0889559999999997,12.955,0.385476,0.09,0,NA,NA,NA,NA,NA,NA,NA,NA,NA,NA,NA,NA,NA,NA,NA,NA,NA,NA,NA,NA,NA,NA,NA,NA,NA,NA
"308","Adam Trautman","NO","TE","2564703","robust",NA,NA,NA,NA,NA,NA,NA,NA,NA,NA,0,0,0.00375,0,0,0,0,0,0,NA,0,NA,1,0.207564,9.81,3.276546,0.08,0,NA,NA,NA,NA,NA,NA,NA,NA,NA,NA,NA,NA,NA,NA,NA,NA,NA,NA,NA,NA,NA,NA,NA,NA,NA,NA
"309","Tre' McKitty","LAC","TE","2566490","robust",NA,NA,NA,NA,NA,NA,NA,NA,NA,NA,0,0,0,0,0,0,0,0,NA,NA,NA,NA,0.925,1.000755,7.605,7.998627,0.01,0.014826,NA,NA,NA,NA,NA,NA,NA,NA,NA,NA,NA,NA,NA,NA,NA,NA,NA,NA,NA,NA,NA,NA,NA,NA,NA,NA
"310","Albert Okwuegbunam","DEN","TE","2563911","robust",NA,NA,NA,NA,NA,NA,NA,NA,NA,NA,0,0,0,0,0,0,0,0,0,NA,0,NA,0.975,0.22239,8.4625,3.92889,0.0525,0.066717,NA,NA,NA,NA,NA,NA,NA,NA,NA,NA,NA,NA,NA,NA,NA,NA,NA,NA,NA,NA,NA,NA,NA,NA,NA,NA
"311","Josh Oliver","BAL","TE","2562693","robust",NA,NA,NA,NA,NA,NA,NA,NA,NA,NA,0,0,0.005,0,0,0,0,0,0,NA,0,NA,1.15,0,12.07,0.192737999999999,0.095,0,NA,NA,NA,NA,NA,NA,NA,NA,NA,NA,NA,NA,NA,NA,NA,NA,NA,NA,NA,NA,NA,NA,NA,NA,NA,NA
"312","Durham Smythe","MIA","TE","2560880","robust",NA,NA,NA,NA,NA,NA,NA,NA,NA,NA,0,0,0.1,0.14826,0.0333333333333333,0.04942,0,0,0,NA,0,NA,1.04,0.0593040000000001,9.27,1.734642,0.085,0,NA,NA,NA,NA,NA,NA,NA,NA,NA,NA,NA,NA,NA,NA,NA,NA,NA,NA,NA,NA,NA,NA,NA,NA,NA,NA
"313","Marcedes Lewis","GB","TE","2495888","robust",NA,NA,NA,NA,NA,NA,NA,NA,NA,NA,0,0,0,0,0,0,0,0,0,NA,0,NA,0.7,0.29652,6.5,3.306198,0.1,0,NA,NA,NA,NA,NA,NA,NA,NA,NA,NA,NA,NA,NA,NA,NA,NA,NA,NA,NA,NA,NA,NA,NA,NA,NA,NA
"314","Pharaoh Brown","CLE","TE","2559018","robust",NA,NA,NA,NA,NA,NA,NA,NA,NA,NA,0,0,0,0,0,0,0,0,NA,NA,NA,NA,0.7,0.7413,6.44,6.760656,0.005,0.007413,NA,NA,NA,NA,NA,NA,NA,NA,NA,NA,NA,NA,NA,NA,NA,NA,NA,NA,NA,NA,NA,NA,NA,NA,NA,NA
"315","James Mitchell","DET","TE","2567556","robust",NA,NA,NA,NA,NA,NA,NA,NA,NA,NA,0,0,0.005,0,0,0,0,0,0,NA,0,NA,0.84,0,8.27,1.63086,0.075,0,NA,NA,NA,NA,NA,NA,NA,NA,NA,NA,NA,NA,NA,NA,NA,NA,NA,NA,NA,NA,NA,NA,NA,NA,NA,NA
"316","Johnny Mundt","MIN","TE","2558875","robust",NA,NA,NA,NA,NA,NA,NA,NA,NA,NA,0,0,0.00875,0,0,0,0,0,0,NA,0,NA,0.78,0.192738,6.295,1.645686,0.1,0,NA,NA,NA,NA,NA,NA,NA,NA,NA,NA,NA,NA,NA,NA,NA,NA,NA,NA,NA,NA,NA,NA,NA,NA,NA,NA
"317","Zach Gentry","PIT","TE","2562654","robust",NA,NA,NA,NA,NA,NA,NA,NA,NA,NA,0,0,0.00375,0,0,0,0,0,0,NA,0,NA,1,0.029652,7.785,0.340998000000001,0.015,0,NA,NA,NA,NA,NA,NA,NA,NA,NA,NA,NA,NA,NA,NA,NA,NA,NA,NA,NA,NA,NA,NA,NA,NA,NA,NA
"318","Jack Stoll","PHI","TE","2567061","robust",NA,NA,NA,NA,NA,NA,NA,NA,NA,NA,0,0,0.025,0,0,0,0,0,0,NA,0,NA,0.6375,0.489258,6.155,5.33736,0.02,0.014826,NA,NA,NA,NA,NA,NA,NA,NA,NA,NA,NA,NA,NA,NA,NA,NA,NA,NA,NA,NA,NA,NA,NA,NA,NA,NA
"319","Stephen Anderson","ARI","TE","2556463","robust",NA,NA,NA,NA,NA,NA,NA,NA,NA,NA,0,0,0,0,0,0,0,0,NA,NA,NA,NA,0.94,0.237216,8.01,1.497426,0.02,0.029652,NA,NA,NA,NA,NA,NA,NA,NA,NA,NA,NA,NA,NA,NA,NA,NA,NA,NA,NA,NA,NA,NA,NA,NA,NA,NA
"320","Ryan Griffin","CHI","TE","2541316","robust",NA,NA,NA,NA,NA,NA,NA,NA,NA,NA,0,0,0,0,0,0,0,0,0,NA,0,NA,0.5,0.259455,5.1,2.557485,0.0075,0.007413,NA,NA,NA,NA,NA,NA,NA,NA,NA,NA,NA,NA,NA,NA,NA,NA,NA,NA,NA,NA,NA,NA,NA,NA,NA,NA
"321","Mitchell Wilcox","CIN","TE","2563749","robust",NA,NA,NA,NA,NA,NA,NA,NA,NA,NA,0,0,0.01125,0,0,0,0,0,0,NA,0,NA,0.9,0.192738,7.6,1.438122,0.06,0.059304,NA,NA,NA,NA,NA,NA,NA,NA,NA,NA,NA,NA,NA,NA,NA,NA,NA,NA,NA,NA,NA,NA,NA,NA,NA,NA
"322","Ko Kieft","TB","TE","2568306","robust",NA,NA,NA,NA,NA,NA,NA,NA,NA,NA,0,0,0,0,0,0,0,0,0,NA,0,NA,0.6625,0,7.26,0,0.08,0,NA,NA,NA,NA,NA,NA,NA,NA,NA,NA,NA,NA,NA,NA,NA,NA,NA,NA,NA,NA,NA,NA,NA,NA,NA,NA
"323","Kyle Rudolph","TB","TE","2495438","robust",NA,NA,NA,NA,NA,NA,NA,NA,NA,NA,0,0,0,0,0,0,0,0,0,NA,0,NA,0.725,0,8.025,0,0.075,0,NA,NA,NA,NA,NA,NA,NA,NA,NA,NA,NA,NA,NA,NA,NA,NA,NA,NA,NA,NA,NA,NA,NA,NA,NA,NA
"324","Quintin Morris","BUF","TE","2566641","robust",NA,NA,NA,NA,NA,NA,NA,NA,NA,NA,0,0,0,0,0,0,0.025,0.02471,0,NA,0,NA,0.6,0.103782,6.1,0.822843,0.1,0,NA,NA,NA,NA,NA,NA,NA,NA,NA,NA,NA,NA,NA,NA,NA,NA,NA,NA,NA,NA,NA,NA,NA,NA,NA,NA
"325","Charlie Woerner","SF","TE","2565129","robust",NA,NA,NA,NA,NA,NA,NA,NA,NA,NA,0,0,0,0,0,0,0,0,NA,NA,NA,NA,0.305,0.140847,5.05,4.37367,0.01,0.014826,NA,NA,NA,NA,NA,NA,NA,NA,NA,NA,NA,NA,NA,NA,NA,NA,NA,NA,NA,NA,NA,NA,NA,NA,NA,NA
"326","Bears","CHI","DST","100005","robust",NA,NA,NA,NA,NA,NA,NA,NA,NA,NA,NA,NA,NA,NA,NA,NA,NA,NA,NA,NA,NA,NA,NA,NA,NA,NA,NA,NA,0.7075,0.044478,1.8475,0.252042,0.01,0.007413,0.105,0.037065,0,NA,NA,NA,NA,NA,NA,NA,NA,NA,NA,NA,NA,NA,NA,NA,NA,NA
"327","Raiders","LVR","DST","100018","robust",NA,NA,NA,NA,NA,NA,NA,NA,NA,NA,NA,NA,NA,NA,NA,NA,NA,NA,NA,NA,NA,NA,NA,NA,NA,NA,NA,NA,0.65,0.044478,2.1575,0.259455,0.015,0.0111195,0.1175,0.022239,0,NA,NA,NA,NA,NA,NA,NA,NA,NA,NA,NA,NA,NA,NA,NA,NA,NA
"328","Broncos","DEN","DST","100009","robust",NA,NA,NA,NA,NA,NA,NA,NA,NA,NA,NA,NA,NA,NA,NA,NA,NA,NA,NA,NA,NA,NA,NA,NA,NA,NA,NA,NA,0.6775,0.0815430000000001,1.915,0.0889559999999999,0.01,0.007413,0.1025,0.037065,0,NA,NA,NA,NA,NA,NA,NA,NA,NA,NA,NA,NA,NA,NA,NA,NA,NA
"329","Titans","TEN","DST","100012","robust",NA,NA,NA,NA,NA,NA,NA,NA,NA,NA,NA,NA,NA,NA,NA,NA,NA,NA,NA,NA,NA,NA,NA,NA,NA,NA,NA,NA,0.775,0.177912,1.9,0.14826,0.015,0.0111195,0.105,0.029652,0,NA,NA,NA,NA,NA,NA,NA,NA,NA,NA,NA,NA,NA,NA,NA,NA,NA
"330","Panthers","CAR","DST","100004","robust",NA,NA,NA,NA,NA,NA,NA,NA,NA,NA,NA,NA,NA,NA,NA,NA,NA,NA,NA,NA,NA,NA,NA,NA,NA,NA,NA,NA,0.7425,0.118608,2.0575,0.214977,0.01,0.007413,0.125,0.029652,0,NA,NA,NA,NA,NA,NA,NA,NA,NA,NA,NA,NA,NA,NA,NA,NA,NA
"331","Vikings","MIN","DST","100020","robust",NA,NA,NA,NA,NA,NA,NA,NA,NA,NA,NA,NA,NA,NA,NA,NA,NA,NA,NA,NA,NA,NA,NA,NA,NA,NA,NA,NA,0.8,0.0148259999999999,2.2875,0.111195,0.015,0.0111195,0.175,0.037065,0,NA,NA,NA,NA,NA,NA,NA,NA,NA,NA,NA,NA,NA,NA,NA,NA,NA
"332","Rams","LAR","DST","100017","robust",NA,NA,NA,NA,NA,NA,NA,NA,NA,NA,NA,NA,NA,NA,NA,NA,NA,NA,NA,NA,NA,NA,NA,NA,NA,NA,NA,NA,0.84,0.118608,2.425,0.111195000000001,0.01,0.007413,0.125,0.037065,0,NA,NA,NA,NA,NA,NA,NA,NA,NA,NA,NA,NA,NA,NA,NA,NA,NA
"333","Bengals","CIN","DST","100006","robust",NA,NA,NA,NA,NA,NA,NA,NA,NA,NA,NA,NA,NA,NA,NA,NA,NA,NA,NA,NA,NA,NA,NA,NA,NA,NA,NA,NA,0.8475,0.126021,1.9775,0.22239,0.015,0.0111195,0.1075,0.029652,0,NA,NA,NA,NA,NA,NA,NA,NA,NA,NA,NA,NA,NA,NA,NA,NA,NA
"334","Saints","NO","DST","100022","robust",NA,NA,NA,NA,NA,NA,NA,NA,NA,NA,NA,NA,NA,NA,NA,NA,NA,NA,NA,NA,NA,NA,NA,NA,NA,NA,NA,NA,0.685,0.0667170000000001,2.605,0.177912,0.015,0.0111195,0.11,0.037065,0,NA,NA,NA,NA,NA,NA,NA,NA,NA,NA,NA,NA,NA,NA,NA,NA,NA
"335","Colts","IND","DST","100014","robust",NA,NA,NA,NA,NA,NA,NA,NA,NA,NA,NA,NA,NA,NA,NA,NA,NA,NA,NA,NA,NA,NA,NA,NA,NA,NA,NA,NA,0.65,0.088956,2.6375,0.133434,0.015,0.0111195,0.15,0.044478,0,NA,NA,NA,NA,NA,NA,NA,NA,NA,NA,NA,NA,NA,NA,NA,NA,NA
"336","Texans","HOU","DST","100013","robust",NA,NA,NA,NA,NA,NA,NA,NA,NA,NA,NA,NA,NA,NA,NA,NA,NA,NA,NA,NA,NA,NA,NA,NA,NA,NA,NA,NA,0.7125,0.066717,2.06,0.14826,0.065,0.0259455,0.1125,0.044478,0,NA,NA,NA,NA,NA,NA,NA,NA,NA,NA,NA,NA,NA,NA,NA,NA,NA
"337","Cardinals","ARI","DST","100026","robust",NA,NA,NA,NA,NA,NA,NA,NA,NA,NA,NA,NA,NA,NA,NA,NA,NA,NA,NA,NA,NA,NA,NA,NA,NA,NA,NA,NA,0.725,0.096369,2.44,0.133434,0.02,0.014826,0.1475,0.037065,0,NA,NA,NA,NA,NA,NA,NA,NA,NA,NA,NA,NA,NA,NA,NA,NA,NA
"338","Patriots","NE","DST","100021","robust",NA,NA,NA,NA,NA,NA,NA,NA,NA,NA,NA,NA,NA,NA,NA,NA,NA,NA,NA,NA,NA,NA,NA,NA,NA,NA,NA,NA,0.9325,0.0963690000000001,2.4325,0.355824,0.015,0.0111195,0.19,0.07413,0,NA,NA,NA,NA,NA,NA,NA,NA,NA,NA,NA,NA,NA,NA,NA,NA,NA
"339","Dolphins","MIA","DST","100019","robust",NA,NA,NA,NA,NA,NA,NA,NA,NA,NA,NA,NA,NA,NA,NA,NA,NA,NA,NA,NA,NA,NA,NA,NA,NA,NA,NA,NA,0.8075,0.22239,2.55,0.22239,0.015,0.0111195,0.1525,0.044478,0,NA,NA,NA,NA,NA,NA,NA,NA,NA,NA,NA,NA,NA,NA,NA,NA,NA
"340","Bills","BUF","DST","100003","robust",NA,NA,NA,NA,NA,NA,NA,NA,NA,NA,NA,NA,NA,NA,NA,NA,NA,NA,NA,NA,NA,NA,NA,NA,NA,NA,NA,NA,0.825,0.111195,2.525,0.207564,0.065,0.0259455,0.1125,0.044478,0,NA,NA,NA,NA,NA,NA,NA,NA,NA,NA,NA,NA,NA,NA,NA,NA,NA
"341","Browns","CLE","DST","100007","robust",NA,NA,NA,NA,NA,NA,NA,NA,NA,NA,NA,NA,NA,NA,NA,NA,NA,NA,NA,NA,NA,NA,NA,NA,NA,NA,NA,NA,0.725,0.14826,2.545,0.185325,0.02,0.014826,0.1675,0.059304,0,NA,NA,NA,NA,NA,NA,NA,NA,NA,NA,NA,NA,NA,NA,NA,NA,NA
"342","Lions","DET","DST","100010","robust",NA,NA,NA,NA,NA,NA,NA,NA,NA,NA,NA,NA,NA,NA,NA,NA,NA,NA,NA,NA,NA,NA,NA,NA,NA,NA,NA,NA,0.9,0,3.0175,0.340998,0.08,0.014826,0.155,0.037065,0,NA,NA,NA,NA,NA,NA,NA,NA,NA,NA,NA,NA,NA,NA,NA,NA,NA
"343","Steelers","PIT","DST","100027","robust",NA,NA,NA,NA,NA,NA,NA,NA,NA,NA,NA,NA,NA,NA,NA,NA,NA,NA,NA,NA,NA,NA,NA,NA,NA,NA,NA,NA,0.86,0.0593040000000001,2.5125,0.111195,0.015,0.0111195,0.1125,0.066717,0,NA,NA,NA,NA,NA,NA,NA,NA,NA,NA,NA,NA,NA,NA,NA,NA,NA
"344","Seahawks","SEA","DST","100030","robust",NA,NA,NA,NA,NA,NA,NA,NA,NA,NA,NA,NA,NA,NA,NA,NA,NA,NA,NA,NA,NA,NA,NA,NA,NA,NA,NA,NA,0.8725,0.096369,2.06,0.140847,0.015,0.0111195,0.1275,0.037065,0,NA,NA,NA,NA,NA,NA,NA,NA,NA,NA,NA,NA,NA,NA,NA,NA,NA
"345","Packers","GB","DST","100011","robust",NA,NA,NA,NA,NA,NA,NA,NA,NA,NA,NA,NA,NA,NA,NA,NA,NA,NA,NA,NA,NA,NA,NA,NA,NA,NA,NA,NA,1.05,0.163086,2.375,0.252042,0.015,0.0111195,0.1275,0.029652,0,NA,NA,NA,NA,NA,NA,NA,NA,NA,NA,NA,NA,NA,NA,NA,NA,NA
"346","Jets","NYJ","DST","100024","robust",NA,NA,NA,NA,NA,NA,NA,NA,NA,NA,NA,NA,NA,NA,NA,NA,NA,NA,NA,NA,NA,NA,NA,NA,NA,NA,NA,NA,0.8525,0.051891,2.7975,0.118608,0.12,0.059304,0.1325,0.037065,0,NA,NA,NA,NA,NA,NA,NA,NA,NA,NA,NA,NA,NA,NA,NA,NA,NA
"347","Commanders","WAS","DST","100032","robust",NA,NA,NA,NA,NA,NA,NA,NA,NA,NA,NA,NA,NA,NA,NA,NA,NA,NA,NA,NA,NA,NA,NA,NA,NA,NA,NA,NA,0.7725,0.140847,2.525,0.170499,0.025,0.0185325,0.1575,0.044478,0,NA,NA,NA,NA,NA,NA,NA,NA,NA,NA,NA,NA,NA,NA,NA,NA,NA
"348","Giants","NYG","DST","100023","robust",NA,NA,NA,NA,NA,NA,NA,NA,NA,NA,NA,NA,NA,NA,NA,NA,NA,NA,NA,NA,NA,NA,NA,NA,NA,NA,NA,NA,0.805,0.192738,2.87,0.44478,0.025,0.0185325,0.145,0.044478,0,NA,NA,NA,NA,NA,NA,NA,NA,NA,NA,NA,NA,NA,NA,NA,NA,NA
"349","Eagles","PHI","DST","100025","robust",NA,NA,NA,NA,NA,NA,NA,NA,NA,NA,NA,NA,NA,NA,NA,NA,NA,NA,NA,NA,NA,NA,NA,NA,NA,NA,NA,NA,1,0.0963689999999999,2.585,0.140847,0.02,0.014826,0.17,0.029652,0,NA,NA,NA,NA,NA,NA,NA,NA,NA,NA,NA,NA,NA,NA,NA,NA,NA
"350","Buccaneers","TB","DST","100031","robust",NA,NA,NA,NA,NA,NA,NA,NA,NA,NA,NA,NA,NA,NA,NA,NA,NA,NA,NA,NA,NA,NA,NA,NA,NA,NA,NA,NA,0.7225,0.118608,2.49,0.0889560000000001,0.025,0.0185325,0.1125,0.066717,0,NA,NA,NA,NA,NA,NA,NA,NA,NA,NA,NA,NA,NA,NA,NA,NA,NA
"351","Cowboys","DAL","DST","100008","robust",NA,NA,NA,NA,NA,NA,NA,NA,NA,NA,NA,NA,NA,NA,NA,NA,NA,NA,NA,NA,NA,NA,NA,NA,NA,NA,NA,NA,0.9225,0.0593040000000001,2.74,0.37065,0.015,0.0111195,0.175,0.07413,0,NA,NA,NA,NA,NA,NA,NA,NA,NA,NA,NA,NA,NA,NA,NA,NA,NA
"352","Chargers","LAC","DST","100028","robust",NA,NA,NA,NA,NA,NA,NA,NA,NA,NA,NA,NA,NA,NA,NA,NA,NA,NA,NA,NA,NA,NA,NA,NA,NA,NA,NA,NA,0.8575,0.044478,2.8525,0.266868,0.08,0.014826,0.145,0.051891,0,NA,NA,NA,NA,NA,NA,NA,NA,NA,NA,NA,NA,NA,NA,NA,NA,NA
"353","Jaguars","JAC","DST","100015","robust",NA,NA,NA,NA,NA,NA,NA,NA,NA,NA,NA,NA,NA,NA,NA,NA,NA,NA,NA,NA,NA,NA,NA,NA,NA,NA,NA,NA,1.015,0.0741300000000001,2.39,0.118608,0.015,0.0111195,0.1575,0.037065,0,NA,NA,NA,NA,NA,NA,NA,NA,NA,NA,NA,NA,NA,NA,NA,NA,NA
"354","Falcons","ATL","DST","100001","robust",NA,NA,NA,NA,NA,NA,NA,NA,NA,NA,NA,NA,NA,NA,NA,NA,NA,NA,NA,NA,NA,NA,NA,NA,NA,NA,NA,NA,1.0625,0.0296520000000002,2.325,0.170499,0.03,0.022239,0.1925,0.081543,0,NA,NA,NA,NA,NA,NA,NA,NA,NA,NA,NA,NA,NA,NA,NA,NA,NA
"355","Ravens","BAL","DST","100002","robust",NA,NA,NA,NA,NA,NA,NA,NA,NA,NA,NA,NA,NA,NA,NA,NA,NA,NA,NA,NA,NA,NA,NA,NA,NA,NA,NA,NA,0.9,0.022239,2.4975,0.22239,0.025,0.0185325,0.13,0.029652,0,NA,NA,NA,NA,NA,NA,NA,NA,NA,NA,NA,NA,NA,NA,NA,NA,NA
"356","Chiefs","KC","DST","100016","robust",NA,NA,NA,NA,NA,NA,NA,NA,NA,NA,NA,NA,NA,NA,NA,NA,NA,NA,NA,NA,NA,NA,NA,NA,NA,NA,NA,NA,0.9,0.140847,3.3525,0.437367,0.08,0.014826,0.17,0.059304,0,NA,NA,NA,NA,NA,NA,NA,NA,NA,NA,NA,NA,NA,NA,NA,NA,NA
"357","49ers","SF","DST","100029","robust",NA,NA,NA,NA,NA,NA,NA,NA,NA,NA,NA,NA,NA,NA,NA,NA,NA,NA,NA,NA,NA,NA,NA,NA,NA,NA,NA,NA,1.0375,0.0741300000000001,2.7175,0.103782,0.015,0.0111195,0.1375,0.037065,0,NA,NA,NA,NA,NA,NA,NA,NA,NA,NA,NA,NA,NA,NA,NA,NA,NA
"358","Mike Badgley","DET","K","2560965","robust",NA,NA,NA,NA,NA,NA,NA,NA,NA,NA,NA,NA,NA,NA,NA,NA,NA,NA,NA,NA,NA,NA,NA,NA,NA,NA,NA,NA,NA,NA,NA,NA,NA,NA,NA,NA,NA,NA,0.00437956204379562,0.00360729927007299,0.451458270346535,0.0879520395197167,0.609459057381573,0.144653198779136,0.537115060683281,0.110510146762839,0.150885601577909,0.0346378639053255,3.1,0.29652,NA,NA,NA,NA
"359","Younghoe Koo","ATL","K","2559205","robust",NA,NA,NA,NA,NA,NA,NA,NA,NA,NA,NA,NA,NA,NA,NA,NA,NA,NA,NA,NA,NA,NA,NA,NA,NA,NA,NA,NA,NA,NA,NA,NA,NA,NA,NA,NA,NA,NA,0.0178743961352657,0.00408252173913044,0.54,0.088689561346298,0.565993265993266,0.0784788425430779,0.54502202827011,0.118024599520684,0.21,0.049530594629156,2,0.793191,NA,NA,NA,NA
"360","Jake Elliott","PHI","K","2558172","robust",NA,NA,NA,NA,NA,NA,NA,NA,NA,NA,NA,NA,NA,NA,NA,NA,NA,NA,NA,NA,NA,NA,NA,NA,NA,NA,NA,NA,NA,NA,NA,NA,NA,NA,NA,NA,NA,NA,0.0459990491204364,0.00889419022595901,0.564375505676084,0.124214943422666,0.569229996079707,0.10283980101594,0.378033013871164,0.114712262567875,0.138276515151515,0.0305826363636364,2.55,0.59304,NA,NA,NA,NA
"361","Robbie Gould","SF","K","2506264","robust",NA,NA,NA,NA,NA,NA,NA,NA,NA,NA,NA,NA,NA,NA,NA,NA,NA,NA,NA,NA,NA,NA,NA,NA,NA,NA,NA,NA,NA,NA,NA,NA,NA,NA,NA,NA,NA,NA,0.00806100217864924,0.00646013071895425,0.65480762594893,0.104318572037511,0.484006786289395,0.0907120721795965,0.473444160272805,0.0659175588235294,0.181570263975155,0.027136875,2.715,0.126021,NA,NA,NA,NA
"362","Harrison Butker","KC","K","2558245","robust",NA,NA,NA,NA,NA,NA,NA,NA,NA,NA,NA,NA,NA,NA,NA,NA,NA,NA,NA,NA,NA,NA,NA,NA,NA,NA,NA,NA,NA,NA,NA,NA,NA,NA,NA,NA,NA,NA,0.0229886399004046,0.0105253986928105,0.506127450980392,0.0586902875816994,0.569055399937753,0.0847303823529412,0.503362900715842,0.0422146470588236,0.185609243697479,0.0359268345588236,2.85,0.29652,NA,NA,NA,NA
"363","Mason Crosby","GB","K","2507232","robust",NA,NA,NA,NA,NA,NA,NA,NA,NA,NA,NA,NA,NA,NA,NA,NA,NA,NA,NA,NA,NA,NA,NA,NA,NA,NA,NA,NA,NA,NA,NA,NA,NA,NA,NA,NA,NA,NA,0.00962566844919786,0.00218029411764706,0.553553383735939,0.109050246726904,0.639122257053292,0.0965703981191222,0.519476304628435,0.0855750632491241,0.139572192513369,0.0316142647058823,2.8,0.14826,NA,NA,NA,NA
"364","Tyler Bass","BUF","K","2563596","robust",NA,NA,NA,NA,NA,NA,NA,NA,NA,NA,NA,NA,NA,NA,NA,NA,NA,NA,NA,NA,NA,NA,NA,NA,NA,NA,NA,NA,NA,NA,NA,NA,NA,NA,NA,NA,NA,NA,0.0112823980166779,0.00190128329952671,0.506973180076628,0.092397690331305,0.509578544061303,0.0969420581473969,0.553510536398467,0.097695554428668,0.164137931034483,0.0414105517241379,2.5,0.44478,NA,NA,NA,NA
"365","Cairo Santos","CHI","K","2550636","robust",NA,NA,NA,NA,NA,NA,NA,NA,NA,NA,NA,NA,NA,NA,NA,NA,NA,NA,NA,NA,NA,NA,NA,NA,NA,NA,NA,NA,NA,NA,NA,NA,NA,NA,NA,NA,NA,NA,0,0,0.387917970107751,0.100381862773723,0.416541536322558,0.123679862773723,0.381726451164407,0.0835656642335767,0.106642857142857,0.02390163,2.6,0.578214,NA,NA,NA,NA
"366","Greg Joseph","MIN","K","2561534","robust",NA,NA,NA,NA,NA,NA,NA,NA,NA,NA,NA,NA,NA,NA,NA,NA,NA,NA,NA,NA,NA,NA,NA,NA,NA,NA,NA,NA,NA,NA,NA,NA,NA,NA,NA,NA,NA,NA,0.00756646216768916,0.00606380368098159,0.459845332957243,0.0872096942387702,0.648524081517523,0.0609454089274381,0.498450743953177,0.082329203511741,0.270163793103448,0.0348070172413793,2.15,0.133434,NA,NA,NA,NA
"367","Brett Maher","DAL","K","2540243","robust",NA,NA,NA,NA,NA,NA,NA,NA,NA,NA,NA,NA,NA,NA,NA,NA,NA,NA,NA,NA,NA,NA,NA,NA,NA,NA,NA,NA,NA,NA,NA,NA,NA,NA,NA,NA,NA,NA,0.0248456425987101,0.00508543227937706,0.575087501966336,0.0902282326569136,0.571479274815164,0.0593762991977348,0.47939721960044,0.0576287284686173,0.28359375,0.04285640625,2.65,0.274281,NA,NA,NA,NA
"368","Jason Myers","SEA","K","2553112","robust",NA,NA,NA,NA,NA,NA,NA,NA,NA,NA,NA,NA,NA,NA,NA,NA,NA,NA,NA,NA,NA,NA,NA,NA,NA,NA,NA,NA,NA,NA,NA,NA,NA,NA,NA,NA,NA,NA,0.038014695406159,0.0148374670574586,0.514531107796358,0.0629871024607681,0.623994452149792,0.0711689126213592,0.50324933050707,0.0423101441655981,0.245284327323162,0.0405607281553398,2.35,0.111195,NA,NA,NA,NA
"369","Chris Boswell","PIT","K","2550545","robust",NA,NA,NA,NA,NA,NA,NA,NA,NA,NA,NA,NA,NA,NA,NA,NA,NA,NA,NA,NA,NA,NA,NA,NA,NA,NA,NA,NA,NA,NA,NA,NA,NA,NA,NA,NA,NA,NA,0.0109977324263039,0.00803215079365079,0.384699546485261,0.0936710714285714,0.38,0.0857285714285714,0.405,0.0920601587301587,0.19296875,0.05443921875,2.1,0.415128,NA,NA,NA,NA
"370","Matt Gay","LAR","K","2562271","robust",NA,NA,NA,NA,NA,NA,NA,NA,NA,NA,NA,NA,NA,NA,NA,NA,NA,NA,NA,NA,NA,NA,NA,NA,NA,NA,NA,NA,NA,NA,NA,NA,NA,NA,NA,NA,NA,NA,0.00714285714285714,0.0068835,0.38094058676102,0.076119040247678,0.473359870263895,0.169953653250774,0.307076146247973,0.0951416965944272,0.194860681114551,0.0417583699690402,2.1,0.422541,NA,NA,NA,NA
"371","Evan McPherson","CIN","K","2565953","robust",NA,NA,NA,NA,NA,NA,NA,NA,NA,NA,NA,NA,NA,NA,NA,NA,NA,NA,NA,NA,NA,NA,NA,NA,NA,NA,NA,NA,NA,NA,NA,NA,NA,NA,NA,NA,NA,NA,0.00680272108843537,0.00706,0.377997350102832,0.0996330772425249,0.423624953857512,0.148657173864895,0.392667629067131,0.0893493624031008,0.166042877906977,0.043982363372093,2.61,0.296520000000001,NA,NA,NA,NA
"372","Riley Patterson","JAC","K","2567013","robust",NA,NA,NA,NA,NA,NA,NA,NA,NA,NA,NA,NA,NA,NA,NA,NA,NA,NA,NA,NA,NA,NA,NA,NA,NA,NA,NA,NA,NA,NA,NA,NA,NA,NA,NA,NA,NA,NA,0.0206271818947875,0.0163555391838209,0.3922209181012,0.136603436017816,0.448335941575378,0.0919942561694956,0.46842381926889,0.141000191886361,0.0413675213675214,0.0106443076923077,2.5,0.407715,NA,NA,NA,NA
"373","Joey Slye","WAS","K","2563132","robust",NA,NA,NA,NA,NA,NA,NA,NA,NA,NA,NA,NA,NA,NA,NA,NA,NA,NA,NA,NA,NA,NA,NA,NA,NA,NA,NA,NA,NA,NA,NA,NA,NA,NA,NA,NA,NA,NA,0.0425713539853811,0.0107376260006961,0.400135894720472,0.103520079233657,0.40511811690978,0.0717835159086926,0.396792629511413,0.151588673240466,0.156234772015315,0.0365025099199443,2.2,0.66717,NA,NA,NA,NA
"374","Greg Zuerlein","NYJ","K","2534797","robust",NA,NA,NA,NA,NA,NA,NA,NA,NA,NA,NA,NA,NA,NA,NA,NA,NA,NA,NA,NA,NA,NA,NA,NA,NA,NA,NA,NA,NA,NA,NA,NA,NA,NA,NA,NA,NA,NA,0.0119904076738609,0.011555035971223,0.38425807668472,0.0726760828550643,0.481074017190742,0.160488763479104,0.364278195421191,0.0896058917091046,0.156424157303371,0.0378437814606742,2.3,0.733887,NA,NA,NA,NA
"375","Justin Tucker","BAL","K","2536340","robust",NA,NA,NA,NA,NA,NA,NA,NA,NA,NA,NA,NA,NA,NA,NA,NA,NA,NA,NA,NA,NA,NA,NA,NA,NA,NA,NA,NA,NA,NA,NA,NA,NA,NA,NA,NA,NA,NA,0.0131410256410256,0.0142557692307692,0.683593912862205,0.0819486519699813,0.595988564281247,0.060472277673546,0.520962357425772,0.0730335806754221,0.305601045296167,0.126447182926829,1.76,0.51891,NA,NA,NA,NA
"376","Matt Prater","ARI","K","2506677","robust",NA,NA,NA,NA,NA,NA,NA,NA,NA,NA,NA,NA,NA,NA,NA,NA,NA,NA,NA,NA,NA,NA,NA,NA,NA,NA,NA,NA,NA,NA,NA,NA,NA,NA,NA,NA,NA,NA,0.00671140939597315,0.00646771812080537,0.367996882761141,0.0843631751328326,0.474427912489324,0.123417130026328,0.37332653139912,0.111455209911964,0.238597789434245,0.06961248613713,1.8,0.29652,NA,NA,NA,NA
"377","Graham Gano","NYG","K","71309","robust",NA,NA,NA,NA,NA,NA,NA,NA,NA,NA,NA,NA,NA,NA,NA,NA,NA,NA,NA,NA,NA,NA,NA,NA,NA,NA,NA,NA,NA,NA,NA,NA,NA,NA,NA,NA,NA,NA,0.0141379310344828,0.0153372413793103,0.509476454374853,0.155673,0.643550903119869,0.133402047413793,0.558153295801079,0.0857105301724138,0.360841836734694,0.107318303571429,1.8,0.578214,NA,NA,NA,NA
"378","Ryan Succop","TB","K","89802","robust",NA,NA,NA,NA,NA,NA,NA,NA,NA,NA,NA,NA,NA,NA,NA,NA,NA,NA,NA,NA,NA,NA,NA,NA,NA,NA,NA,NA,NA,NA,NA,NA,NA,NA,NA,NA,NA,NA,0,0,0.589785399600743,0.0668760832759689,0.52674881255593,0.0457115438838025,0.517916465891099,0.0654194570971296,0.155,0.0336308998115578,2,0.0889560000000001,NA,NA,NA,NA
"379","Cade York","CLE","K","2567487","robust",NA,NA,NA,NA,NA,NA,NA,NA,NA,NA,NA,NA,NA,NA,NA,NA,NA,NA,NA,NA,NA,NA,NA,NA,NA,NA,NA,NA,NA,NA,NA,NA,NA,NA,NA,NA,NA,NA,0.0170212765957447,0.0140198581560284,0.490651936715766,0.0994304517184942,0.453110045982386,0.126224942716858,0.511344919855558,0.0727599825422804,0.205494505494505,0.0554447596153846,2,0.14826,NA,NA,NA,NA
"380","Randy Bullock","TEN","K","2533444","robust",NA,NA,NA,NA,NA,NA,NA,NA,NA,NA,NA,NA,NA,NA,NA,NA,NA,NA,NA,NA,NA,NA,NA,NA,NA,NA,NA,NA,NA,NA,NA,NA,NA,NA,NA,NA,NA,NA,0.0226415094339623,0.0186490566037736,0.566705594686325,0.138448143352432,0.568891321890118,0.16473784229286,0.444012708376418,0.124264489726652,0.0254609929078014,0.00431110638297872,1.755,0.51891,NA,NA,NA,NA
"381","Kaimi Fairbairn","HOU","K","2556521","robust",NA,NA,NA,NA,NA,NA,NA,NA,NA,NA,NA,NA,NA,NA,NA,NA,NA,NA,NA,NA,NA,NA,NA,NA,NA,NA,NA,NA,NA,NA,NA,NA,NA,NA,NA,NA,NA,NA,0.01,0.00855810662455824,0.420518428703913,0.0849147286450109,0.408914830689024,0.149409194300323,0.394983958693636,0.112270987743439,0.196377688172043,0.0461643578629032,1.9,0.0741300000000001,NA,NA,NA,NA
"382","Nick Folk","NE","K","2507225","robust",NA,NA,NA,NA,NA,NA,NA,NA,NA,NA,NA,NA,NA,NA,NA,NA,NA,NA,NA,NA,NA,NA,NA,NA,NA,NA,NA,NA,NA,NA,NA,NA,NA,NA,NA,NA,NA,NA,0.0334498834498835,0.0362874125874126,0.63574875218943,0.120885554995852,0.543390521907471,0.0791567877800166,0.631436397877076,0.0400423836671803,0.205868644067797,0.115934922457627,2,0.126021,NA,NA,NA,NA
"383","Jason Sanders","MIA","K","2561153","robust",NA,NA,NA,NA,NA,NA,NA,NA,NA,NA,NA,NA,NA,NA,NA,NA,NA,NA,NA,NA,NA,NA,NA,NA,NA,NA,NA,NA,NA,NA,NA,NA,NA,NA,NA,NA,NA,NA,0.0299181924425399,0.0184415340864823,0.574153542211587,0.0728750416828984,0.609000593614929,0.0874742800934944,0.616704695123082,0.135961380989482,0.162773109243697,0.0300662558823529,1.55,0.274281,NA,NA,NA,NA
"384","Daniel Carlson","LVR","K","2560993","robust",NA,NA,NA,NA,NA,NA,NA,NA,NA,NA,NA,NA,NA,NA,NA,NA,NA,NA,NA,NA,NA,NA,NA,NA,NA,NA,NA,NA,NA,NA,NA,NA,NA,NA,NA,NA,NA,NA,0.010207100591716,0.00241251479289941,0.551418682506216,0.0736939378811582,0.595187830148042,0.0888220554308644,0.458390200034762,0.0587579139858079,0.275,0.0633955276134122,1.755,0.0667169999999999,NA,NA,NA,NA
"385","Wil Lutz","NO","K","2556601","robust",NA,NA,NA,NA,NA,NA,NA,NA,NA,NA,NA,NA,NA,NA,NA,NA,NA,NA,NA,NA,NA,NA,NA,NA,NA,NA,NA,NA,NA,NA,NA,NA,NA,NA,NA,NA,NA,NA,0,0,0.498757199685992,0.0873898106162843,0.640056230319388,0.122194549495912,0.414468436047383,0.0823600626868831,0.130002249212776,0.0266441160593792,1.9,0.014826,NA,NA,NA,NA
"386","Eddy Pineiro","CAR","K","2560842","robust",NA,NA,NA,NA,NA,NA,NA,NA,NA,NA,NA,NA,NA,NA,NA,NA,NA,NA,NA,NA,NA,NA,NA,NA,NA,NA,NA,NA,NA,NA,NA,NA,NA,NA,NA,NA,NA,NA,0.035,0.00739229329608939,0.443660250604014,0.0260405587164454,0.75,0.149322973391166,0.578226074447113,0.0714999779752895,0.14,0.0289577805057336,1.86,0.103782,NA,NA,NA,NA
"387","Chase McLaughlin","IND","K","2563203","robust",NA,NA,NA,NA,NA,NA,NA,NA,NA,NA,NA,NA,NA,NA,NA,NA,NA,NA,NA,NA,NA,NA,NA,NA,NA,NA,NA,NA,NA,NA,NA,NA,NA,NA,NA,NA,NA,NA,0,0,0.371230585424134,0.0982625476702509,0.398977299880526,0.115455039426523,0.468100358422939,0.118103172043011,0.28826164874552,0.0758570430107527,1.7,0.14826,NA,NA,NA,NA
"388","Brandon McManus","DEN","K","2541556","robust",NA,NA,NA,NA,NA,NA,NA,NA,NA,NA,NA,NA,NA,NA,NA,NA,NA,NA,NA,NA,NA,NA,NA,NA,NA,NA,NA,NA,NA,NA,NA,NA,NA,NA,NA,NA,NA,NA,0,0,0.467803507643157,0.063757918154993,0.484561433674262,0.051891,0.496499345506179,0.12635346909458,0.407560790273556,0.0685251861702128,1.35,0.140847,NA,NA,NA,NA
