"","player","team","position","id","avg_type","pass_att","pass_att_sd","pass_comp","pass_comp_sd","pass_yds","pass_yds_sd","pass_tds","pass_tds_sd","pass_int","pass_int_sd","rush_att","rush_att_sd","rush_yds","rush_yds_sd","rush_tds","rush_tds_sd","fumbles_lost","fumbles_lost_sd","two_pts","two_pts_sd","return_tds","return_tds_sd","rec","rec_sd","rec_yds","rec_yds_sd","rec_tds","rec_tds_sd","fg_0019","fg_0019_sd","fg_2029","fg_2029_sd","fg_3039","fg_3039_sd","fg_4049","fg_4049_sd","fg_50","fg_50_sd","xp","xp_sd","dst_int","dst_int_sd","dst_sacks","dst_sacks_sd","dst_safety","dst_safety_sd","dst_td","dst_td_sd","dst_blk","dst_blk_sd","idp_solo","idp_solo_sd","idp_sack","idp_sack_sd","idp_int","idp_int_sd","idp_pd","idp_pd_sd","idp_td","idp_td_sd","injury_status","injury_details","season_year","week"
"1","Patrick Mahomes","KC","QB","13116","robust",37.85,0.252042000000003,24.95,0.0296519999999994,308.9925,11.579106,2.205,0.163086,0.755,0.14826,3.80369286259317,0.140959949225823,21.0075,1.03782,0.195,0,0.09625,0.0111195,0.17,0,0,NA,NA,NA,NA,NA,NA,NA,NA,NA,NA,NA,NA,NA,NA,NA,NA,NA,NA,NA,NA,NA,NA,NA,NA,NA,NA,NA,NA,NA,NA,NA,NA,NA,NA,NA,NA,NA,NA,NA,NA,NA,NA,NA
"2","Kirk Cousins","MIN","QB","10700","robust",36.7025,2.653854,24.75,2.66868,274.7,11.8608,1.95,0.0889560000000001,0.775,0.0741300000000001,1.595,0.14826,5,1.4826,0.085,0,0.105,0.014826,0.13,0,0,NA,NA,NA,NA,NA,NA,NA,NA,NA,NA,NA,NA,NA,NA,NA,NA,NA,NA,NA,NA,NA,NA,NA,NA,NA,NA,NA,NA,NA,NA,NA,NA,NA,NA,NA,NA,NA,NA,NA,NA,NA,NA,NA
"3","Justin Herbert","LAC","QB","14779","robust",38.6,2.37216,25.85,1.378818,281.3025,17.183334,1.955,0.0889560000000001,0.9,0.14826,3.3,0.14826,11.975,1.4826,0.1,0,0.09125,0.0259455,0.16,0,0,NA,NA,NA,NA,NA,NA,NA,NA,NA,NA,NA,NA,NA,NA,NA,NA,NA,NA,NA,NA,NA,NA,NA,NA,NA,NA,NA,NA,NA,NA,NA,NA,NA,NA,NA,NA,NA,NA,NA,NA,NA,NA,NA
"4","Jimmy Garoppolo","LVR","QB","11760","robust",33.445,1.868076,21.57,1.63086,245.075,23.57334,1.4,0.237216,0.9,0.192738,1.935,0.192738,4.475,1.4826,0.0925,0,0.095,0.00741300000000001,0.03,0,0,NA,NA,NA,NA,NA,NA,NA,NA,NA,NA,NA,NA,NA,NA,NA,NA,NA,NA,NA,NA,NA,NA,NA,NA,NA,NA,NA,NA,NA,NA,NA,NA,NA,NA,NA,NA,NA,NA,NA,NA,NA,NA,NA
"5","Josh Allen","BUF","QB","13589","robust",35.0477305182651,0.800603999999999,22.2055687631113,0.576527503622232,252.69,12.261102,1.77,0.29652,0.94,0.103782,7.12464289953951,0.29652,39,0.444779999999996,0.345,0.14826,0.20375,0.0111195,0.16,0,0,NA,NA,NA,NA,NA,NA,NA,NA,NA,NA,NA,NA,NA,NA,NA,NA,NA,NA,NA,NA,NA,NA,NA,NA,NA,NA,NA,NA,NA,NA,NA,NA,NA,NA,NA,NA,NA,NA,NA,NA,NA,NA,NA
"6","Joe Burrow","CIN","QB","14777","robust",35.5740490260315,1.4826,24.025,0.388972090828502,268.8,3.69167400000001,1.8925,0.14826,0.85,0.0889559999999999,3.8,0.7413,15.7,2.861418,0.2,0,0.105,0.014826,0.16,0,0,NA,NA,NA,NA,NA,NA,NA,NA,NA,NA,NA,NA,NA,NA,NA,NA,NA,NA,NA,NA,NA,NA,NA,NA,NA,NA,NA,NA,NA,NA,NA,NA,NA,NA,NA,NA,NA,NA,NA,NA,NA,NA,NA
"7","Tua Tagovailoa","MIA","QB","14778","robust",34.9349795834793,1.24538399999999,22.3957624910162,1.15190612327739,272.555,5.90074799999994,1.8,0.14826,0.86,0.14826,2.35,0.14826,7.3525,2.579724,0.09,0,0.10875,0.0259455,0.06,0,0,NA,NA,NA,NA,NA,NA,NA,NA,NA,NA,NA,NA,NA,NA,NA,NA,NA,NA,NA,NA,NA,NA,NA,NA,NA,NA,NA,NA,NA,NA,NA,NA,NA,NA,NA,NA,NA,NA,NA,NA,NA,NA,NA
"8","Geno Smith","SEA","QB","11150","robust",33.64,1.601208,23.06,0.770951999999999,255.225,23.42508,1.85,0.14826,0.6475,0.0296519999999999,3.5,0.14826,17.625,0.7413,0.1,0,0.2,0,0,NA,0,NA,NA,NA,NA,NA,NA,NA,NA,NA,NA,NA,NA,NA,NA,NA,NA,NA,NA,NA,NA,NA,NA,NA,NA,NA,NA,NA,NA,NA,NA,NA,NA,NA,NA,NA,NA,NA,NA,NA,NA,NA,NA,NA
"9","Baker Mayfield","TB","QB","13590","robust",35.3226383768884,1.54972731514946,22.2480001451951,1.03189003053254,245.6425,2.07564000000001,1.35,0.14826,0.8,0.0741300000000001,2.87,0.14826,10.05,1.527078,0.1,0,0.1825,0.051891,0.09,0,0,NA,NA,NA,NA,NA,NA,NA,NA,NA,NA,NA,NA,NA,NA,NA,NA,NA,NA,NA,NA,NA,NA,NA,NA,NA,NA,NA,NA,NA,NA,NA,NA,NA,NA,NA,NA,NA,NA,NA,NA,NA,NA,NA
"10","Jared Goff","DET","QB","12611","robust",36.15,1.171254,23.75,0.444780000000001,262.125,5.63388000000002,1.7125,0.14826,0.72,0.118608,1.8125,0.0741300000000001,4.2,0.59304,0.05,0.044478,0.1975,0.00741300000000001,0.24,0,0,NA,NA,NA,NA,NA,NA,NA,NA,NA,NA,NA,NA,NA,NA,NA,NA,NA,NA,NA,NA,NA,NA,NA,NA,NA,NA,NA,NA,NA,NA,NA,NA,NA,NA,NA,NA,NA,NA,NA,NA,NA,NA,NA
"11","Dak Prescott","DAL","QB","12620","robust",34.5786631966107,1.18608000000001,22.5459502830899,1.141602,255.2,10.00755,1.85,0.14826,0.875,0.029652,4,0.51891,16.2,1.4826,0.1,0,0.18875,0.0333585,0.16,0,0,NA,NA,NA,NA,NA,NA,NA,NA,NA,NA,NA,NA,NA,NA,NA,NA,NA,NA,NA,NA,NA,NA,NA,NA,NA,NA,NA,NA,NA,NA,NA,NA,NA,NA,NA,NA,NA,NA,NA,NA,NA,NA,NA
"12","Derek Carr","NO","QB","11644","robust",31.9968216834297,2.2239,21.1524411086207,2.37216,247.265,12.75036,1.565,0.14826,0.8,0.0889560000000001,2.0725,0.133434,5.255,1.319514,0,0,0.1075,0.1149015,0.03,0,0,NA,NA,NA,NA,NA,NA,NA,NA,NA,NA,NA,NA,NA,NA,NA,NA,NA,NA,NA,NA,NA,NA,NA,NA,NA,NA,NA,NA,NA,NA,NA,NA,NA,NA,NA,NA,NA,NA,NA,NA,NA,NA,NA
"13","Lamar Jackson","BAL","QB","13593","robust",29.65,0.444780000000001,19.1,1.03782,217.57,12.468666,1.7,0.207564,0.8,0.14826,9.86301971736397,1.15951013185527,60.415,4.4478,0.4,0.14826,0.18625,0.0407715,0.13,0,0,NA,NA,NA,NA,NA,NA,NA,NA,NA,NA,NA,NA,NA,NA,NA,NA,NA,NA,NA,NA,NA,NA,NA,NA,NA,NA,NA,NA,NA,NA,NA,NA,NA,NA,NA,NA,NA,NA,NA,NA,NA,NA,NA
"14","Trevor Lawrence","JAC","QB","15237","robust",35.675,1.58561862100694,23.9944222862042,0.444780000000001,259.1,6.74582999999993,1.7775,0.177912,0.575,0.0741299999999999,3.9,0.14826,16.2575,1.838424,0.2,0,0.3025,0.0037065,0.19,0,0,NA,NA,NA,NA,NA,NA,NA,NA,NA,NA,NA,NA,NA,NA,NA,NA,NA,NA,NA,NA,NA,NA,NA,NA,NA,NA,NA,NA,NA,NA,NA,NA,NA,NA,NA,NA,NA,NA,NA,NA,NA,NA,NA
"15","Deshaun Watson","CLE","QB","13113","robust",32.0469288150546,2.9652,20.475,0.296520000000004,242.05,22.09074,1.6,0.400302,0.7575,0.0741300000000001,5.3,0.889559999999999,26.7,5.04084,0.225,0.07413,0.10375,0.0111195,0.13,0,0,NA,NA,NA,NA,NA,NA,NA,NA,NA,NA,NA,NA,NA,NA,NA,NA,NA,NA,NA,NA,NA,NA,NA,NA,NA,NA,NA,NA,NA,NA,NA,NA,NA,NA,NA,NA,NA,NA,NA,NA,NA,NA,NA
"16","Aaron Rodgers","NYJ","QB","7836","robust",34.05,1.88139303954329,22.075,0.444780000000001,241.5,14.0847,1.555,0.207564,0.5425,0.22239,2.3,0.29652,7.11,1.92738,0.1,0,0.17,0.044478,0.06,0,0,NA,NA,NA,NA,NA,NA,NA,NA,NA,NA,NA,NA,NA,NA,NA,NA,NA,NA,NA,NA,NA,NA,NA,NA,NA,NA,NA,NA,NA,NA,NA,NA,NA,NA,NA,NA,NA,NA,NA,NA,NA,NA,NA
"17","Daniel Jones","NYG","QB","14059","robust",32.2937551855677,1.4826,21.085,1.304688,220.845,18.858672,1.25,0.163086,0.7,0.14826,7.01,0.29652,39.5075,2.9652,0.3,0,0.2025,0.00741300000000001,0.16,0,0,NA,NA,NA,NA,NA,NA,NA,NA,NA,NA,NA,NA,NA,NA,NA,NA,NA,NA,NA,NA,NA,NA,NA,NA,NA,NA,NA,NA,NA,NA,NA,NA,NA,NA,NA,NA,NA,NA,NA,NA,NA,NA,NA
"18","Brock Purdy","SF","QB","15698","robust",28.85,3.098634,18.931061336002,1.275036,221.2575,9.10316399999998,1.4,0.14826,0.6975,0.0889560000000001,2.36,0.148259999999999,8.0275,4.4478,0.1,0,0.09375,0.0185325,0.1,0,0,NA,NA,NA,NA,NA,NA,NA,NA,NA,NA,NA,NA,NA,NA,NA,NA,NA,NA,NA,NA,NA,NA,NA,NA,NA,NA,NA,NA,NA,NA,NA,NA,NA,NA,NA,NA,NA,NA,NA,NA,NA,NA,NA
"19","Matthew Stafford","LAR","QB","9431","robust",32.3,1.200906,21.3908559804397,0.995880153199913,244.26,4.92223199999999,1.5,0.14826,0.91,0.14826,1.535,0.118608,3.86,0.59304,0.0625,0.044478,0.1425,0.0630105,0.09,0,0,NA,NA,NA,NA,NA,NA,NA,NA,NA,NA,NA,NA,NA,NA,NA,NA,NA,NA,NA,NA,NA,NA,NA,NA,NA,NA,NA,NA,NA,NA,NA,NA,NA,NA,NA,NA,NA,NA,NA,NA,NA,NA,NA
"20","Russell Wilson","DEN","QB","10703","robust",31.8137163665244,1.052646,20.6214925308554,0.593039999999998,236.6825,5.63388000000002,1.64,0.0889559999999997,0.6,0.14826,3.65,0.587152004090554,16.65,3.054156,0.2,0,0.1025,0.00741300000000001,0.03,0,0,NA,NA,NA,NA,NA,NA,NA,NA,NA,NA,NA,NA,NA,NA,NA,NA,NA,NA,NA,NA,NA,NA,NA,NA,NA,NA,NA,NA,NA,NA,NA,NA,NA,NA,NA,NA,NA,NA,NA,NA,NA,NA,NA
"21","Jalen Hurts","PHI","QB","14783","robust",30.7725,1.03782,19.735637418309,0.0889560000000034,237.695,13.743702,1.3825,0.14826,0.5,0.14826,10.335,0.103781999999998,50.8775,2.66868000000001,0.605,0.14826,0.14,0.059304,0.25,0,0,NA,NA,NA,NA,NA,NA,NA,NA,NA,NA,NA,NA,NA,NA,NA,NA,NA,NA,NA,NA,NA,NA,NA,NA,NA,NA,NA,NA,NA,NA,NA,NA,NA,NA,NA,NA,NA,NA,NA,NA,NA,NA,NA
"22","Mac Jones","NE","QB","15241","robust",32.41,2.2239,21.1325,1.03782,223.9675,17.64294,1.265,0.103782,0.85,0.0889560000000001,2.805,0.311346,8,1.4826,0.055,0.014826,0.09625,0.0111195,0.13,0,0,NA,NA,NA,NA,NA,NA,NA,NA,NA,NA,NA,NA,NA,NA,NA,NA,NA,NA,NA,NA,NA,NA,NA,NA,NA,NA,NA,NA,NA,NA,NA,NA,NA,NA,NA,NA,NA,NA,NA,NA,NA,NA,NA
"23","Sam Howell","WAS","QB","15693","robust",31.3336310699396,1.03782,20.405,0.889560000000002,216.7275,18.82902,1.3025,0.311346,0.705,0.0444779999999999,3.9,0.59304,17.4,2.07564,0.145,0.133434,0.1925,0.0111195,0.08,0,0,NA,NA,NA,NA,NA,NA,NA,NA,NA,NA,NA,NA,NA,NA,NA,NA,NA,NA,NA,NA,NA,NA,NA,NA,NA,NA,NA,NA,NA,NA,NA,NA,NA,NA,NA,NA,NA,NA,NA,NA,NA,NA,NA
"24","Jordan Love","GB","QB","14782","robust",32.85,1.63086,20.8319797508868,0.889560000000002,232.6,11.845974,1.25,0.118608,0.885,0.14826,3.045,1.03782,10.7,4.89258,0.1,0,0.1075,0.022239,0.08,0,0,NA,NA,NA,NA,NA,NA,NA,NA,NA,NA,NA,NA,NA,NA,NA,NA,NA,NA,NA,NA,NA,NA,NA,NA,NA,NA,NA,NA,NA,NA,NA,NA,NA,NA,NA,NA,NA,NA,NA,NA,NA,NA,NA
"25","Kenny Pickett","PIT","QB","15692","robust",33,0.7413,21.305,1.33434,222.17,14.826,1.0825,0.14826,0.845,0.133434,3.85,0.400302,16.755,0.607866,0.155,0.029652,0.06,0.029652,0.12,0,0,NA,NA,NA,NA,NA,NA,NA,NA,NA,NA,NA,NA,NA,NA,NA,NA,NA,NA,NA,NA,NA,NA,NA,NA,NA,NA,NA,NA,NA,NA,NA,NA,NA,NA,NA,NA,NA,NA,NA,NA,NA,NA,NA
"26","Desmond Ridder","ATL","QB","15697","robust",30.7,1.92738,19.3,1.03782,216.19,2.9652,1.155,0.0593040000000001,0.5,0.192738,3.35,0.59304,14,2.9652,0.1,0,0.1975,0.00741300000000001,0.08,0,0,NA,NA,NA,NA,NA,NA,NA,NA,NA,NA,NA,NA,NA,NA,NA,NA,NA,NA,NA,NA,NA,NA,NA,NA,NA,NA,NA,NA,NA,NA,NA,NA,NA,NA,NA,NA,NA,NA,NA,NA,NA,NA,NA
"27","C.J. Stroud","HOU","QB","16150","robust",32.7,0.444779999999996,20.7,0.889560000000002,223.4,9.19211999999998,1.1,0.118608,0.9,0,2.6640035291439,0.403256735382514,10.25,2.2239,0.1,0.014826,0.145,0.066717,0.09,0,0,NA,NA,NA,NA,NA,NA,NA,NA,NA,NA,NA,NA,NA,NA,NA,NA,NA,NA,NA,NA,NA,NA,NA,NA,NA,NA,NA,NA,NA,NA,NA,NA,NA,NA,NA,NA,NA,NA,NA,NA,NA,NA,NA
"28","Bryce Young","CAR","QB","16148","robust",31.7169705875525,0.593040000000003,19.9175353632151,0.593039999999998,223.185,7.59091199999996,1.16,0.207564,0.8125,0.118608,3.4,0.59304,12.625,2.268378,0.1,0,0.1725,0.0407715,0.09,0,0,NA,NA,NA,NA,NA,NA,NA,NA,NA,NA,NA,NA,NA,NA,NA,NA,NA,NA,NA,NA,NA,NA,NA,NA,NA,NA,NA,NA,NA,NA,NA,NA,NA,NA,NA,NA,NA,NA,NA,NA,NA,NA,NA
"29","Anthony Richardson","IND","QB","16152","robust",29.675,0.7413,18.6825,0.993341999999997,204.54,20.934312,1.175,0.192738,0.9,0.14826,8.6,1.40847,42.5,8.8956,0.3,0,0.1675,0.0481845,0.09,0,0,NA,NA,NA,NA,NA,NA,NA,NA,NA,NA,NA,NA,NA,NA,NA,NA,NA,NA,NA,NA,NA,NA,NA,NA,NA,NA,NA,NA,NA,NA,NA,NA,NA,NA,NA,NA,NA,NA,NA,NA,NA,NA,NA
"30","Ryan Tannehill","TEN","QB","10697","robust",29.7975,0.889560000000002,19.0175,1.230558,219,5.33735999999999,1.105,0.14826,0.795,0.118608,2.925,0.14826,11.91,0.696822000000001,0.1,0,0.14,0.059304,0.06,0,0,NA,NA,NA,NA,NA,NA,NA,NA,NA,NA,NA,NA,NA,NA,NA,NA,NA,NA,NA,NA,NA,NA,NA,NA,NA,NA,NA,NA,NA,NA,NA,NA,NA,NA,NA,NA,NA,NA,NA,NA,NA,NA,NA
"31","Joshua Dobbs","ARI","QB","13119","robust",30.6946834928872,1.78962967126055,18.5211684950779,0.593039999999998,192.92,16.101036,0.9525,0.14826,1,0.014826,3.4,0.29652,16.7325,6.6717,0.0925,0.014826,0.19375,0.0185325,0.08,0,0,NA,NA,NA,NA,NA,NA,NA,NA,NA,NA,NA,NA,NA,NA,NA,NA,NA,NA,NA,NA,NA,NA,NA,NA,NA,NA,NA,NA,NA,NA,NA,NA,NA,NA,NA,NA,NA,NA,NA,NA,NA,NA,NA
"32","Justin Fields","CHI","QB","15238","robust",24.5525,0.593039999999998,15.35,0.859908,180.4175,6.22691999999998,1.2225,0.252042,0.9,0.14826,9.9655905304938,0.296519999999999,64.9525,2.93554800000001,0.3975,0.059304,0.18,0.059304,0.08,0,0,NA,NA,NA,NA,NA,NA,NA,NA,NA,NA,NA,NA,NA,NA,NA,NA,NA,NA,NA,NA,NA,NA,NA,NA,NA,NA,NA,NA,NA,NA,NA,NA,NA,NA,NA,NA,NA,NA,NA,NA,NA,NA,NA
"33","Trey Lance","DAL","QB","15240","robust",1.55,1.18608,0.9,0.66717,14.9,6.22692,0,0,0.05,0.07413,0.3,0.22239,1.2,0.29652,0,0,0,0,0,NA,0,NA,NA,NA,NA,NA,NA,NA,NA,NA,NA,NA,NA,NA,NA,NA,NA,NA,NA,NA,NA,NA,NA,NA,NA,NA,NA,NA,NA,NA,NA,NA,NA,NA,NA,NA,NA,NA,NA,NA,NA,NA,NA,NA
"34","Mitchell Trubisky","PIT","QB","13115","robust",5.65,6.89409,3.8,4.59606,47.1,60.63834,0.2,0.29652,0.25,0.37065,0.65,0.66717,1.2,1.18608,0,0,0,0,NA,NA,NA,NA,NA,NA,NA,NA,NA,NA,NA,NA,NA,NA,NA,NA,NA,NA,NA,NA,NA,NA,NA,NA,NA,NA,NA,NA,NA,NA,NA,NA,NA,NA,NA,NA,NA,NA,NA,NA,NA,NA,NA,NA,NA,NA
"35","Davis Mills","HOU","QB","15252","robust",6.15,8.37669,3.85,5.26323,42.95,54.93033,0.2,0.29652,0.3,0.14826,1,0.14826,2.65,2.00151,0.05,0.07413,0.05,0.07413,NA,NA,NA,NA,NA,NA,NA,NA,NA,NA,NA,NA,NA,NA,NA,NA,NA,NA,NA,NA,NA,NA,NA,NA,NA,NA,NA,NA,NA,NA,NA,NA,NA,NA,NA,NA,NA,NA,NA,NA,NA,NA,NA,NA,NA,NA
"36","Tyler Huntley","BAL","QB","14789","robust",1.2,1.18608,0.824499509803922,0.7413,12.735,2.52042,0.09,0,0.05,0,0.8,0.00483795789473686,2.305,0.7413,0.02,0,0.04,0.029652,0.03,0,0,NA,NA,NA,NA,NA,NA,NA,NA,NA,NA,NA,NA,NA,NA,NA,NA,NA,NA,NA,NA,NA,NA,NA,NA,NA,NA,NA,NA,NA,NA,NA,NA,NA,NA,NA,NA,NA,NA,NA,NA,NA,NA,NA
"37","Andy Dalton","CAR","QB","10313","robust",3.225,0.88956,2.025,0.44478,21.275,2.2239,0.15,0,0.125,0.14826,0.45,0.14826,1.75,1.33434,0,0,0,0,0,NA,0,NA,NA,NA,NA,NA,NA,NA,NA,NA,NA,NA,NA,NA,NA,NA,NA,NA,NA,NA,NA,NA,NA,NA,NA,NA,NA,NA,NA,NA,NA,NA,NA,NA,NA,NA,NA,NA,NA,NA,NA,NA,NA,NA
"38","Teddy Bridgewater","DET","QB","11640","robust",2.925,0.7413,1.675,0,21.425,1.92738,0.125,0.14826,0.125,0.14826,0.325,0.29652,1.125,1.18608,0,0,0,0,0,NA,0,NA,NA,NA,NA,NA,NA,NA,NA,NA,NA,NA,NA,NA,NA,NA,NA,NA,NA,NA,NA,NA,NA,NA,NA,NA,NA,NA,NA,NA,NA,NA,NA,NA,NA,NA,NA,NA,NA,NA,NA,NA,NA,NA
"39","Zach Wilson","NYJ","QB","15239","robust",4.375,0.343341932149562,2.4,0.19140755669587,27.2,2.527833,0.04,0.044478,0.225,0.07413,0.25,0.2471,1.5,1.4826,0.015,0.014826,0.05,0.037065,0.04,0,0,NA,NA,NA,NA,NA,NA,NA,NA,NA,NA,NA,NA,NA,NA,NA,NA,NA,NA,NA,NA,NA,NA,NA,NA,NA,NA,NA,NA,NA,NA,NA,NA,NA,NA,NA,NA,NA,NA,NA,NA,NA,NA,NA
"40","Taylor Heinicke","ATL","QB","12476","robust",2.95,2.07564,1.725,1.03782,19.55,11.41602,0.15,0,0.075,0,0.375,0,1.5,0.7413,0,0,0.025,0,0,NA,0,NA,NA,NA,NA,NA,NA,NA,NA,NA,NA,NA,NA,NA,NA,NA,NA,NA,NA,NA,NA,NA,NA,NA,NA,NA,NA,NA,NA,NA,NA,NA,NA,NA,NA,NA,NA,NA,NA,NA,NA,NA,NA,NA
"41","Mike White","MIA","QB","13598","robust",3.35,0.14826,1.975,0.14826,24.175,7.48713,0.1,0,0.1,0,0.3,0.14826,0.4,0.07413,0,0,0,0,0,NA,0,NA,NA,NA,NA,NA,NA,NA,NA,NA,NA,NA,NA,NA,NA,NA,NA,NA,NA,NA,NA,NA,NA,NA,NA,NA,NA,NA,NA,NA,NA,NA,NA,NA,NA,NA,NA,NA,NA,NA,NA,NA,NA,NA
"42","Marcus Mariota","PHI","QB","12141","robust",2.275,0,1.425,0,16.55,1.03782,0.1,0.14826,0.075,0,0.6,0.14826,2.525,0.59304,0.025,0,0,0,0,NA,0,NA,NA,NA,NA,NA,NA,NA,NA,NA,NA,NA,NA,NA,NA,NA,NA,NA,NA,NA,NA,NA,NA,NA,NA,NA,NA,NA,NA,NA,NA,NA,NA,NA,NA,NA,NA,NA,NA,NA,NA,NA,NA,NA
"43","Jameis Winston","NO","QB","12140","robust",1.875,1.03782,1.225,0.7413,14.225,6.81996,0.125,0,0.05,0,0.4,0.29652,1.975,0.7413,0,0,0,0,0,NA,0,NA,NA,NA,NA,NA,NA,NA,NA,NA,NA,NA,NA,NA,NA,NA,NA,NA,NA,NA,NA,NA,NA,NA,NA,NA,NA,NA,NA,NA,NA,NA,NA,NA,NA,NA,NA,NA,NA,NA,NA,NA,NA,NA
"44","Nick Mullens","MIN","QB","13968","robust",1.9,1.18608,1.35,0.7413,15.025,7.70952,0.1,0,0.075,0,0.275,0.14826,0.7,0.29652,0,0,0,0,0,NA,0,NA,NA,NA,NA,NA,NA,NA,NA,NA,NA,NA,NA,NA,NA,NA,NA,NA,NA,NA,NA,NA,NA,NA,NA,NA,NA,NA,NA,NA,NA,NA,NA,NA,NA,NA,NA,NA,NA,NA,NA,NA,NA,NA
"45","Sam Darnold","SF","QB","13592","robust",3.45,2.18718406083254,1.95,1.27306649556404,22.49,6.834786,0.1,0,0.15,0.059304,0.45,0,1.25,0.14826,0,0,0.01375,0.014826,0.03,0,0,NA,NA,NA,NA,NA,NA,NA,NA,NA,NA,NA,NA,NA,NA,NA,NA,NA,NA,NA,NA,NA,NA,NA,NA,NA,NA,NA,NA,NA,NA,NA,NA,NA,NA,NA,NA,NA,NA,NA,NA,NA,NA,NA
"46","Matt Corral","NE","QB","15691","robust",0.627083333333333,0.48493375,0.418055555555556,0.323289166666667,15.05,11.63841,0.05,0.07413,0.095,0.00741300000000001,0.461111111111111,0.0576566666666667,0.83,0.103782,0.015,0.022239,0.005,0.007413,0.04,0,NA,NA,NA,NA,NA,NA,NA,NA,NA,NA,NA,NA,NA,NA,NA,NA,NA,NA,NA,NA,NA,NA,NA,NA,NA,NA,NA,NA,NA,NA,NA,NA,NA,NA,NA,NA,NA,NA,NA,NA,"Q","Undisclosed",2023,1
"47","Kyle Trask","TB","QB","15242","robust",2.6,1.18608,1.6,0.44478,15.5,5.04084,0.1,0,0.05,0.014826,0.2,NA,0.2,0.29652,0,0,0.00125,0,0.03,0,0,NA,NA,NA,NA,NA,NA,NA,NA,NA,NA,NA,NA,NA,NA,NA,NA,NA,NA,NA,NA,NA,NA,NA,NA,NA,NA,NA,NA,NA,NA,NA,NA,NA,NA,NA,NA,NA,NA,NA,NA,NA,NA,NA
"48","Clayton Tune","ARI","QB","16160","robust",3.7,0.0253936904861343,2.2,0.10175323828134,20.65,0.0148260000000023,0.035,0,0.1,0,0.4,0.29652,0.8,0.29652,0,0,0.00125,0,0.04,0,0,NA,NA,NA,NA,NA,NA,NA,NA,NA,NA,NA,NA,NA,NA,NA,NA,NA,NA,NA,NA,NA,NA,NA,NA,NA,NA,NA,NA,NA,NA,NA,NA,NA,NA,NA,NA,NA,NA,NA,NA,NA,NA,NA
"49","Cooper Rush","DAL","QB","13124","robust",1.65,0.88956,1,0.44478,11.275,4.29954,0.075,0,0,0,0.375,0.29652,-0.075,0.14826,0,0,0,0,0,NA,0,NA,NA,NA,NA,NA,NA,NA,NA,NA,NA,NA,NA,NA,NA,NA,NA,NA,NA,NA,NA,NA,NA,NA,NA,NA,NA,NA,NA,NA,NA,NA,NA,NA,NA,NA,NA,NA,NA,NA,NA,NA,NA,NA
"50","Jake Browning","CIN","QB","14358","robust",1.23798913043478,1.03782,0.663824110671937,0.59304,10.335,0.444780000000001,0.07,0.014826,0.0775,0.014826,0.184107142857143,0.094251,0.29,0.207564,0.0025,0,0.0025,0,0.04,0,0,NA,NA,NA,NA,NA,NA,NA,NA,NA,NA,NA,NA,NA,NA,NA,NA,NA,NA,NA,NA,NA,NA,NA,NA,NA,NA,NA,NA,NA,NA,NA,NA,NA,NA,NA,NA,NA,NA,NA,NA,NA,NA,NA
"51","Tyrod Taylor","NYG","QB","10413","robust",1.65,1.18608,1.05,0.7413,10.1,5.33736,0.1,0.14826,0.1,0,0.525,0,2.75,0.29652,0,0,0.025,0,0,NA,0,NA,NA,NA,NA,NA,NA,NA,NA,NA,NA,NA,NA,NA,NA,NA,NA,NA,NA,NA,NA,NA,NA,NA,NA,NA,NA,NA,NA,NA,NA,NA,NA,NA,NA,NA,NA,NA,NA,NA,NA,NA,NA,NA
"52","Sean Clifford","GB","QB","16313","robust",1.34224191542289,0.84355145522388,0.817647388059701,0.549436070149254,11.0675,3.40998,0.025,0,0.08,0.029652,0.55,0.0741299999999999,0.205,0.088956,0.005,0,0.0025,0,0.04,0,0,NA,NA,NA,NA,NA,NA,NA,NA,NA,NA,NA,NA,NA,NA,NA,NA,NA,NA,NA,NA,NA,NA,NA,NA,NA,NA,NA,NA,NA,NA,NA,NA,NA,NA,NA,NA,NA,NA,NA,NA,NA,NA,NA
"53","Brian Hoyer","LVR","QB","9714","robust",2.475,1.40847,1.5,0.81543,14.15,5.63388,0.1,0,0.125,0.07413,0.225,0.07413,0.225,0.22239,0,0,0,0,0,NA,0,NA,NA,NA,NA,NA,NA,NA,NA,NA,NA,NA,NA,NA,NA,NA,NA,NA,NA,NA,NA,NA,NA,NA,NA,NA,NA,NA,NA,NA,NA,NA,NA,NA,NA,NA,NA,NA,NA,NA,NA,NA,NA,NA
"54","Dorian Thompson-Robinson","CLE","QB","16158","robust",0.4,0.14826,0.2,0.14826,8.3675,10.82298,0.0125,0,0.07,0.014826,0.4,0.14826,0.265,0.192738,0.005,0,0.0025,0,0.04,0,0,NA,NA,NA,NA,NA,NA,NA,NA,NA,NA,NA,NA,NA,NA,NA,NA,NA,NA,NA,NA,NA,NA,NA,NA,NA,NA,NA,NA,NA,NA,NA,NA,NA,NA,NA,NA,NA,NA,NA,NA,NA,NA,NA
"55","Easton Stick","LAC","QB","14069","robust",1.3488698630137,0,0.418809931506849,0.14826,8.5125,9.34038,0.07,0.014826,0.09,0.118608,0.55,0.51891,0.255,0.088956,0.005,0,0.0025,0,0.03,0,0,NA,NA,NA,NA,NA,NA,NA,NA,NA,NA,NA,NA,NA,NA,NA,NA,NA,NA,NA,NA,NA,NA,NA,NA,NA,NA,NA,NA,NA,NA,NA,NA,NA,NA,NA,NA,NA,NA,NA,NA,NA,NA,NA
"56","Jacoby Brissett","WAS","QB","12616","robust",2.05,0.88956,1.2,0,10.725,2.52042,0.075,0,0,0,0.325,0,0.975,0.44478,0,0,0,0,0,NA,0,NA,NA,NA,NA,NA,NA,NA,NA,NA,NA,NA,NA,NA,NA,NA,NA,NA,NA,NA,NA,NA,NA,NA,NA,NA,NA,NA,NA,NA,NA,NA,NA,NA,NA,NA,NA,NA,NA,NA,NA,NA,NA,NA
"57","Jarrett Stidham","DEN","QB","14063","robust",1.45,0.14826,0.85,0.29652,8.775,3.55824,0.1,0,0.075,0,0.1,0,0.325,0.44478,0,0,0,0,0,NA,0,NA,NA,NA,NA,NA,NA,NA,NA,NA,NA,NA,NA,NA,NA,NA,NA,NA,NA,NA,NA,NA,NA,NA,NA,NA,NA,NA,NA,NA,NA,NA,NA,NA,NA,NA,NA,NA,NA,NA,NA,NA,NA,NA
"58","C.J. Beathard","JAC","QB","13125","robust",2.1,0.44478,1.3,0.14826,9.15,4.67019,0,0,0.1,0,0.45,0.22239,0,0.59304,0,0,0,0,NA,NA,NA,NA,NA,NA,NA,NA,NA,NA,NA,NA,NA,NA,NA,NA,NA,NA,NA,NA,NA,NA,NA,NA,NA,NA,NA,NA,NA,NA,NA,NA,NA,NA,NA,NA,NA,NA,NA,NA,NA,NA,NA,NA,NA,NA
"59","Malik Willis","TEN","QB","15694","robust",1.95,0.66717,1.05,0.51891,8.4,5.04084,0,0,0.05,0.07413,0.8,0.59304,2.35,2.44629,0,0,0.1,0.14826,NA,NA,NA,NA,NA,NA,NA,NA,NA,NA,NA,NA,NA,NA,NA,NA,NA,NA,NA,NA,NA,NA,NA,NA,NA,NA,NA,NA,NA,NA,NA,NA,NA,NA,NA,NA,NA,NA,NA,NA,NA,NA,NA,NA,NA,NA
"60","Blaine Gabbert","KC","QB","10262","robust",1,0.29652,0.575,0.14826,7.925,5.48562,0.075,0,0.025,0,0.65,0.44478,0.4,0.29652,0,0,0,0,0,NA,0,NA,NA,NA,NA,NA,NA,NA,NA,NA,NA,NA,NA,NA,NA,NA,NA,NA,NA,NA,NA,NA,NA,NA,NA,NA,NA,NA,NA,NA,NA,NA,NA,NA,NA,NA,NA,NA,NA,NA,NA,NA,NA,NA
"61","Kyle Allen","BUF","QB","13879","robust",1.35,1.33434,0.75,0.44478,8.2,1.92738,0.075,0,0.125,0,0.525,0.29652,0.5,0.59304,0,0,0.075,0,0,NA,0,NA,NA,NA,NA,NA,NA,NA,NA,NA,NA,NA,NA,NA,NA,NA,NA,NA,NA,NA,NA,NA,NA,NA,NA,NA,NA,NA,NA,NA,NA,NA,NA,NA,NA,NA,NA,NA,NA,NA,NA,NA,NA,NA
"62","Drew Lock","SEA","QB","14057","robust",0.725,0.7413,0.45,0.44478,5.425,4.4478,0.075,0,0.025,0,0.1,0.14826,0.45,0.29652,0,0,0,0,0,NA,0,NA,NA,NA,NA,NA,NA,NA,NA,NA,NA,NA,NA,NA,NA,NA,NA,NA,NA,NA,NA,NA,NA,NA,NA,NA,NA,NA,NA,NA,NA,NA,NA,NA,NA,NA,NA,NA,NA,NA,NA,NA,NA,NA
"63","Jaren Hall","MIN","QB","16154","robust",0.75,0.51891,0.55,0.37065,5.55,4.07715,0.05,0.07413,0.05,0.07413,0.3,0.29652,0.55,0.51891,0,0,0,0,NA,NA,NA,NA,NA,NA,NA,NA,NA,NA,NA,NA,NA,NA,NA,NA,NA,NA,NA,NA,NA,NA,NA,NA,NA,NA,NA,NA,NA,NA,NA,NA,NA,NA,NA,NA,NA,NA,NA,NA,NA,NA,NA,NA,NA,NA
"64","Gardner Minshew","IND","QB","14067","robust",1.025,0,0.625,0.14826,6.875,0.593039999999999,0.025,0,0,0,0.275,0.14826,0.425,0.44478,0,0,0,0,0,NA,0,NA,NA,NA,NA,NA,NA,NA,NA,NA,NA,NA,NA,NA,NA,NA,NA,NA,NA,NA,NA,NA,NA,NA,NA,NA,NA,NA,NA,NA,NA,NA,NA,NA,NA,NA,NA,NA,NA,NA,NA,NA,NA,NA
"65","Sam Ehlinger","IND","QB","15250","robust",0.3,0.44478,0.2,0.29652,1.5,2.2239,0.05,0.07413,0.1,0.14826,0.5,0.59304,1.2,0.29652,0,0,0,0,NA,NA,NA,NA,NA,NA,NA,NA,NA,NA,NA,NA,NA,NA,NA,NA,NA,NA,NA,NA,NA,NA,NA,NA,NA,NA,NA,NA,NA,NA,NA,NA,NA,NA,NA,NA,NA,NA,NA,NA,NA,NA,NA,NA,NA,NA
"66","Nick Chubb","CLE","RB","13610","robust",NA,NA,NA,NA,NA,NA,NA,NA,NA,NA,17.825,1.20930595653647,89.175,4.68501600000002,0.6425,0.14826,0.085,0.0385476,0.03,0,0,NA,1.785,0.400302,15.4775,4.29954,0.1,0,NA,NA,NA,NA,NA,NA,NA,NA,NA,NA,NA,NA,NA,NA,NA,NA,NA,NA,NA,NA,NA,NA,NA,NA,NA,NA,NA,NA,NA,NA,NA,NA,NA,NA,NA,NA
"67","Derrick Henry","TEN","RB","12626","robust",NA,NA,NA,NA,NA,NA,NA,NA,NA,NA,19.96,1.44517238291168,87.8,1.63085999999999,0.6,0.103782,0.111,0.014826,0.06,0,0,NA,1.775,0.44478,16.9,2.2239,0.0575,0.029652,NA,NA,NA,NA,NA,NA,NA,NA,NA,NA,NA,NA,NA,NA,NA,NA,NA,NA,NA,NA,NA,NA,NA,NA,NA,NA,NA,NA,NA,NA,NA,NA,NA,NA,NA,NA
"68","Bijan Robinson","ATL","RB","16161","robust",NA,NA,NA,NA,NA,NA,NA,NA,NA,NA,16.2725,3.098634,75.345,13.313748,0.5325,0.044478,0.0955,0.00889560000000001,0.01,0,0,NA,2.7,0.88956,21.425,2.9652,0.15,0.088956,NA,NA,NA,NA,NA,NA,NA,NA,NA,NA,NA,NA,NA,NA,NA,NA,NA,NA,NA,NA,NA,NA,NA,NA,NA,NA,NA,NA,NA,NA,NA,NA,NA,NA,NA,NA
"69","Josh Jacobs","LVR","RB","14073","robust",NA,NA,NA,NA,NA,NA,NA,NA,NA,NA,17.625,1.70747247480107,79.74,7.60573799999999,0.6,0,0.097,0,0,NA,0,NA,2.53,0.59304,19.555,6.81996,0.075,0.014826,NA,NA,NA,NA,NA,NA,NA,NA,NA,NA,NA,NA,NA,NA,NA,NA,NA,NA,NA,NA,NA,NA,NA,NA,NA,NA,NA,NA,NA,NA,NA,NA,NA,NA,NA,NA
"70","Tony Pollard","DAL","RB","14085","robust",NA,NA,NA,NA,NA,NA,NA,NA,NA,NA,14.83,3.884412,75.09,10.82298,0.585,0.14826,0.05,0.07413,0.01,0,0,NA,2.8875,0.489258,24.0175,3.26172,0.1425,0.029652,NA,NA,NA,NA,NA,NA,NA,NA,NA,NA,NA,NA,NA,NA,NA,NA,NA,NA,NA,NA,NA,NA,NA,NA,NA,NA,NA,NA,NA,NA,NA,NA,NA,NA,NA,NA
"71","Saquon Barkley","NYG","RB","13604","robust",NA,NA,NA,NA,NA,NA,NA,NA,NA,NA,16.075,2.37216,71.045,8.45082,0.5,0.14826,0.066,0.0504084,0,NA,0,NA,3.475,0.44478,24.1375,2.431464,0.1075,0.014826,NA,NA,NA,NA,NA,NA,NA,NA,NA,NA,NA,NA,NA,NA,NA,NA,NA,NA,NA,NA,NA,NA,NA,NA,NA,NA,NA,NA,NA,NA,NA,NA,NA,NA,NA,NA
"72","J.K. Dobbins","BAL","RB","14800","robust",NA,NA,NA,NA,NA,NA,NA,NA,NA,NA,13.75,3.306198,69.0425,6.81996000000001,0.52,0.0593040000000001,0.0125,0.037065,0.01,0,0,NA,1.7825,0.44478,12.415,1.92738,0.1,0,NA,NA,NA,NA,NA,NA,NA,NA,NA,NA,NA,NA,NA,NA,NA,NA,NA,NA,NA,NA,NA,NA,NA,NA,NA,NA,NA,NA,NA,NA,NA,NA,NA,NA,NA,NA
"73","Cam Akers","LAR","RB","14799","robust",NA,NA,NA,NA,NA,NA,NA,NA,NA,NA,15.69,0.859908,67.675,3.85475999999999,0.4,0.029652,0.162,0.0563388,0,NA,0,NA,1.7,0.44478,14.7025,4.4478,0.0825,0,NA,NA,NA,NA,NA,NA,NA,NA,NA,NA,NA,NA,NA,NA,NA,NA,NA,NA,NA,NA,NA,NA,NA,NA,NA,NA,NA,NA,NA,NA,NA,NA,NA,NA,NA,NA
"74","Alexander Mattison","MIN","RB","14223","robust",NA,NA,NA,NA,NA,NA,NA,NA,NA,NA,15.2931014493938,2.120118,64.395,9.71103,0.525,0,0.098,0,0.01,0,0,NA,2.1,0.14826,15.72,0.444780000000001,0.1,0,NA,NA,NA,NA,NA,NA,NA,NA,NA,NA,NA,NA,NA,NA,NA,NA,NA,NA,NA,NA,NA,NA,NA,NA,NA,NA,NA,NA,NA,NA,NA,NA,NA,NA,NA,NA
"75","Kenneth Walker III","SEA","RB","15711","robust",NA,NA,NA,NA,NA,NA,NA,NA,NA,NA,15.699572176345,1.11068141729817,72.85,6.464136,0.6,0,0.0125,0.037065,0.01,0,0,NA,1.6725,0.29652,11.5375,4.00302,0.05,0.07413,NA,NA,NA,NA,NA,NA,NA,NA,NA,NA,NA,NA,NA,NA,NA,NA,NA,NA,NA,NA,NA,NA,NA,NA,NA,NA,NA,NA,NA,NA,NA,NA,NA,NA,NA,NA
"76","Jamaal Williams","NO","RB","13139","robust",NA,NA,NA,NA,NA,NA,NA,NA,NA,NA,15.7271214859084,2.07564,60.425,2.00151,0.5125,0.14826,0.107,0.0207564,0.06,0,0,NA,1.475,0.44478,9.9325,2.9652,0.0575,0.029652,NA,NA,NA,NA,NA,NA,NA,NA,NA,NA,NA,NA,NA,NA,NA,NA,NA,NA,NA,NA,NA,NA,NA,NA,NA,NA,NA,NA,NA,NA,NA,NA,NA,NA,NA,NA
"77","Joe Mixon","CIN","RB","13131","robust",NA,NA,NA,NA,NA,NA,NA,NA,NA,NA,15.0761185111893,1.141602,63.575,3.40998,0.5,0,0.066,0.0504084,0,NA,0,NA,3.1,0.7413,22,5.63388,0.1075,0,NA,NA,NA,NA,NA,NA,NA,NA,NA,NA,NA,NA,NA,NA,NA,NA,NA,NA,NA,NA,NA,NA,NA,NA,NA,NA,NA,NA,NA,NA,NA,NA,NA,NA,NA,NA
"78","Travis Etienne","JAC","RB","15253","robust",NA,NA,NA,NA,NA,NA,NA,NA,NA,NA,14.2115944696569,1.11732015714653,68.72,4.240236,0.47,0.133434,0.134,0.0504084,0.04,0,0,NA,2.34,0.29652,18.165,0.889560000000002,0.1,0,NA,NA,NA,NA,NA,NA,NA,NA,NA,NA,NA,NA,NA,NA,NA,NA,NA,NA,NA,NA,NA,NA,NA,NA,NA,NA,NA,NA,NA,NA,NA,NA,NA,NA,NA,NA
"79","Brian Robinson","WAS","RB","15716","robust",NA,NA,NA,NA,NA,NA,NA,NA,NA,NA,15.7314410703256,1.92738,65.3,8.45082,0.3725,0.103782,0.0125,0.037065,0.01,0,0,NA,0.925,0.281694,6.1,2.52042,0.065,0,NA,NA,NA,NA,NA,NA,NA,NA,NA,NA,NA,NA,NA,NA,NA,NA,NA,NA,NA,NA,NA,NA,NA,NA,NA,NA,NA,NA,NA,NA,NA,NA,NA,NA,NA,NA
"80","Dameon Pierce","HOU","RB","15717","robust",NA,NA,NA,NA,NA,NA,NA,NA,NA,NA,16.5,0.652344000000002,65.545,5.04084000000001,0.31,0.029652,0.103,0,0.01,0,0,NA,2.5,0.845082,15.6525,1.92738,0.1,0,NA,NA,NA,NA,NA,NA,NA,NA,NA,NA,NA,NA,NA,NA,NA,NA,NA,NA,NA,NA,NA,NA,NA,NA,NA,NA,NA,NA,NA,NA,NA,NA,NA,NA,NA,NA
"81","Aaron Jones","GB","RB","13319","robust",NA,NA,NA,NA,NA,NA,NA,NA,NA,NA,12.855,0.837110372260504,63,5.1891,0.3025,0.14826,0.093,0,0,NA,0,NA,3.3,0.7413,26.05,4.29954,0.2,0,NA,NA,NA,NA,NA,NA,NA,NA,NA,NA,NA,NA,NA,NA,NA,NA,NA,NA,NA,NA,NA,NA,NA,NA,NA,NA,NA,NA,NA,NA,NA,NA,NA,NA,NA,NA
"82","James Conner","ARI","RB","13146","robust",NA,NA,NA,NA,NA,NA,NA,NA,NA,NA,14.9,3.3239444200188,59.76,12.75036,0.45,0.07413,0.094,0,0,NA,0,NA,2.8075,0.88956,20.2675,5.1891,0.1,0,NA,NA,NA,NA,NA,NA,NA,NA,NA,NA,NA,NA,NA,NA,NA,NA,NA,NA,NA,NA,NA,NA,NA,NA,NA,NA,NA,NA,NA,NA,NA,NA,NA,NA,NA,NA
"83","Najee Harris","PIT","RB","15254","robust",NA,NA,NA,NA,NA,NA,NA,NA,NA,NA,16,0.59304,60.8325,6.96822,0.4,0.044478,0.093,0,0,NA,0,NA,2.2,0.29652,15.8,1.497426,0.1,0,NA,NA,NA,NA,NA,NA,NA,NA,NA,NA,NA,NA,NA,NA,NA,NA,NA,NA,NA,NA,NA,NA,NA,NA,NA,NA,NA,NA,NA,NA,NA,NA,NA,NA,NA,NA
"84","Christian McCaffrey","SF","RB","13130","robust",NA,NA,NA,NA,NA,NA,NA,NA,NA,NA,13.6175,0.873984466788006,61.425,4.4478,0.4475,0.103782,0.0125,0.037065,0,NA,0,NA,4.475,0.355824,38.78,1.45294800000001,0.25,0.044478,NA,NA,NA,NA,NA,NA,NA,NA,NA,NA,NA,NA,NA,NA,NA,NA,NA,NA,NA,NA,NA,NA,NA,NA,NA,NA,NA,NA,NA,NA,NA,NA,NA,NA,NA,NA
"85","Rhamondre Stevenson","NE","RB","15259","robust",NA,NA,NA,NA,NA,NA,NA,NA,NA,NA,14.2575,1.03904191074729,65.98,2.56489800000001,0.45,0.103782,0.094,0,0.01,0,0,NA,3.3975,0.37065,23.15,7.917084,0.1,0,NA,NA,NA,NA,NA,NA,NA,NA,NA,NA,NA,NA,NA,NA,NA,NA,NA,NA,NA,NA,NA,NA,NA,NA,NA,NA,NA,NA,NA,NA,NA,NA,"Q","Illness",2023,1
"86","Raheem Mostert","MIA","RB","12447","robust",NA,NA,NA,NA,NA,NA,NA,NA,NA,NA,12.5827333591548,1.957032,60.6,10.333722,0.3,0,0.054,0.0681996,0,NA,0,NA,1.95,0.0741300000000001,14.295,2.07564,0.1,0,NA,NA,NA,NA,NA,NA,NA,NA,NA,NA,NA,NA,NA,NA,NA,NA,NA,NA,NA,NA,NA,NA,NA,NA,NA,NA,NA,NA,NA,NA,NA,NA,NA,NA,NA,NA
"87","Jahmyr Gibbs","DET","RB","16162","robust",NA,NA,NA,NA,NA,NA,NA,NA,NA,NA,9.375,2.52042,41.425,11.71254,0.35,0.044478,0.088,0.0237216,0,NA,0,NA,3.15,0.14826,25.2225,3.11346,0.1,0,NA,NA,NA,NA,NA,NA,NA,NA,NA,NA,NA,NA,NA,NA,NA,NA,NA,NA,NA,NA,NA,NA,NA,NA,NA,NA,NA,NA,NA,NA,NA,NA,NA,NA,NA,NA
"88","Miles Sanders","CAR","RB","14079","robust",NA,NA,NA,NA,NA,NA,NA,NA,NA,NA,14.432280222669,0.222390000000001,66.3325,1.393644,0.4,0.044478,0.097,0,0.03,0,0,NA,1.8,0.29652,12.97,0.7413,0.055,0.044478,NA,NA,NA,NA,NA,NA,NA,NA,NA,NA,NA,NA,NA,NA,NA,NA,NA,NA,NA,NA,NA,NA,NA,NA,NA,NA,NA,NA,NA,NA,NA,NA,NA,NA,NA,NA
"89","Isiah Pacheco","KC","RB","15749","robust",NA,NA,NA,NA,NA,NA,NA,NA,NA,NA,12.6,1.289862,60.915,4.29954,0.445,0.133434,0.104,0,0.01,0,0,NA,1.5,0.207564,14.65,2.357334,0.05,0.07413,NA,NA,NA,NA,NA,NA,NA,NA,NA,NA,NA,NA,NA,NA,NA,NA,NA,NA,NA,NA,NA,NA,NA,NA,NA,NA,NA,NA,NA,NA,NA,NA,NA,NA,NA,NA
"90","Khalil Herbert","CHI","RB","15271","robust",NA,NA,NA,NA,NA,NA,NA,NA,NA,NA,11.965,0.785777999999999,58.9825,3.26172,0.35,0.088956,0.0125,0.037065,0.01,0,0,NA,1.4,0.563388,10.5225,5.26323,0.1,0,NA,NA,NA,NA,NA,NA,NA,NA,NA,NA,NA,NA,NA,NA,NA,NA,NA,NA,NA,NA,NA,NA,NA,NA,NA,NA,NA,NA,NA,NA,NA,NA,NA,NA,NA,NA
"91","Rachaad White","TB","RB","15721","robust",NA,NA,NA,NA,NA,NA,NA,NA,NA,NA,13.1675,2.475942,52.065,13.63992,0.3,0.029652,0.188,0,0.01,0,0,NA,3.385,0.252042000000001,24.135,3.26172,0.1075,0,NA,NA,NA,NA,NA,NA,NA,NA,NA,NA,NA,NA,NA,NA,NA,NA,NA,NA,NA,NA,NA,NA,NA,NA,NA,NA,NA,NA,NA,NA,NA,NA,NA,NA,NA,NA
"92","James Cook","BUF","RB","15715","robust",NA,NA,NA,NA,NA,NA,NA,NA,NA,NA,11.27,1.07396267799487,51.7,4.00302,0.3,0,0.099,0,0.01,0,0,NA,2.275,0.22239,16.5775,2.9652,0.1,0,NA,NA,NA,NA,NA,NA,NA,NA,NA,NA,NA,NA,NA,NA,NA,NA,NA,NA,NA,NA,NA,NA,NA,NA,NA,NA,NA,NA,NA,NA,NA,NA,NA,NA,NA,NA
"93","Javonte Williams","DEN","RB","15256","robust",NA,NA,NA,NA,NA,NA,NA,NA,NA,NA,10.89,0.652343999999999,48.2,7.70952,0.3,0,0.101,0,0.01,0,0,NA,2.3,0.44478,16.125,4.29954,0.1,0,NA,NA,NA,NA,NA,NA,NA,NA,NA,NA,NA,NA,NA,NA,NA,NA,NA,NA,NA,NA,NA,NA,NA,NA,NA,NA,NA,NA,NA,NA,NA,NA,NA,NA,NA,NA
"94","Dalvin Cook","NYJ","RB","13128","robust",NA,NA,NA,NA,NA,NA,NA,NA,NA,NA,13.2325,0.194447054682206,54.6,8.806644,0.3,0,0.112,0.029652,0.03,0,0,NA,2,0,13.6575,1.438122,0.0925,0,NA,NA,NA,NA,NA,NA,NA,NA,NA,NA,NA,NA,NA,NA,NA,NA,NA,NA,NA,NA,NA,NA,NA,NA,NA,NA,NA,NA,NA,NA,NA,NA,NA,NA,NA,NA
"95","Austin Ekeler","LAC","RB","13404","robust",NA,NA,NA,NA,NA,NA,NA,NA,NA,NA,12.1,1.393644,53.04,6.81996,0.65,0.0741300000000001,0.103,0.00889560000000001,0,NA,0,NA,4.79,0.326172,37.7725,2.29803,0.3,0,NA,NA,NA,NA,NA,NA,NA,NA,NA,NA,NA,NA,NA,NA,NA,NA,NA,NA,NA,NA,NA,NA,NA,NA,NA,NA,NA,NA,NA,NA,NA,NA,NA,NA,NA,NA
"96","Samaje Perine","DEN","RB","13133","robust",NA,NA,NA,NA,NA,NA,NA,NA,NA,NA,9.56644718975816,3.40998,41.1725,16.442034,0.265,0.14826,0,0,0,NA,0,NA,1.83,0.0889560000000001,15.275,1.03782,0.0925,0,NA,NA,NA,NA,NA,NA,NA,NA,NA,NA,NA,NA,NA,NA,NA,NA,NA,NA,NA,NA,NA,NA,NA,NA,NA,NA,NA,NA,NA,NA,NA,NA,NA,NA,NA,NA
"97","AJ Dillon","GB","RB","14805","robust",NA,NA,NA,NA,NA,NA,NA,NA,NA,NA,10.0797981726223,1.18608,44.07,3.64719599999999,0.3075,0,0.003,0,0,NA,0,NA,1.58,0.14826,13.1325,0.7413,0.02,0,NA,NA,NA,NA,NA,NA,NA,NA,NA,NA,NA,NA,NA,NA,NA,NA,NA,NA,NA,NA,NA,NA,NA,NA,NA,NA,NA,NA,NA,NA,NA,NA,NA,NA,NA,NA
"98","David Montgomery","DET","RB","14071","robust",NA,NA,NA,NA,NA,NA,NA,NA,NA,NA,12.6475,0.889559999999999,50,0,0.415,0,0.095,0,0,NA,0,NA,2.1375,0.44478,18.65,1.92738,0.1,0,NA,NA,NA,NA,NA,NA,NA,NA,NA,NA,NA,NA,NA,NA,NA,NA,NA,NA,NA,NA,NA,NA,NA,NA,NA,NA,NA,NA,NA,NA,NA,NA,NA,NA,NA,NA
"99","Breece Hall","NYJ","RB","15708","robust",NA,NA,NA,NA,NA,NA,NA,NA,NA,NA,8.77337573058714,1.33434,40.855,11.71254,0.215,0,0.092,0,0,NA,0,NA,1.78,0.237216,15,2.120118,0.1,0,NA,NA,NA,NA,NA,NA,NA,NA,NA,NA,NA,NA,NA,NA,NA,NA,NA,NA,NA,NA,NA,NA,NA,NA,NA,NA,NA,NA,NA,NA,NA,NA,"Q","Knee - ACL",2023,1
"100","Deon Jackson","IND","RB","15277","robust",NA,NA,NA,NA,NA,NA,NA,NA,NA,NA,9,1.77912,35.175,15.71556,0.2,0,0.092,0,0.01,0,0,NA,1.8,0.29652,13.325,3.26172,0.1,0,NA,NA,NA,NA,NA,NA,NA,NA,NA,NA,NA,NA,NA,NA,NA,NA,NA,NA,NA,NA,NA,NA,NA,NA,NA,NA,NA,NA,NA,NA,NA,NA,NA,NA,NA,NA
"101","D'Andre Swift","PHI","RB","14797","robust",NA,NA,NA,NA,NA,NA,NA,NA,NA,NA,7.75932386578964,0.389485746321101,37.01,1.690164,0.245,0.044478,0.005,0,0.04,0,0,NA,2.8,1.03782,21.9,7.26474,0.1,0,NA,NA,NA,NA,NA,NA,NA,NA,NA,NA,NA,NA,NA,NA,NA,NA,NA,NA,NA,NA,NA,NA,NA,NA,NA,NA,NA,NA,NA,NA,NA,NA,NA,NA,NA,NA
"102","Tyler Allgeier","ATL","RB","15712","robust",NA,NA,NA,NA,NA,NA,NA,NA,NA,NA,9.54,0.59304,42.275,3.11346,0.2225,0,0,0,0,NA,0,NA,0.8875,0.133434,6.5,1.126776,0.02,0,NA,NA,NA,NA,NA,NA,NA,NA,NA,NA,NA,NA,NA,NA,NA,NA,NA,NA,NA,NA,NA,NA,NA,NA,NA,NA,NA,NA,NA,NA,NA,NA,NA,NA,NA,NA
"103","Zack Moss","IND","RB","14798","robust",NA,NA,NA,NA,NA,NA,NA,NA,NA,NA,7.53,1.00155263893591,30.295,2.060814,0.15,0.029652,0.015,0.0385476,0,NA,0,NA,0.79,0.29652,5.2,1.63086,0,0,NA,NA,NA,NA,NA,NA,NA,NA,NA,NA,NA,NA,NA,NA,NA,NA,NA,NA,NA,NA,NA,NA,NA,NA,NA,NA,NA,NA,NA,NA,NA,NA,"Q","Forearm",2023,1
"104","Ezekiel Elliott","NE","RB","12625","robust",NA,NA,NA,NA,NA,NA,NA,NA,NA,NA,9.21782651107694,1.03782,35.775,4.29954,0.3,0.14826,0.002,0,0,NA,0,NA,1.1,0.44478,7.7,1.452948,0,0,NA,NA,NA,NA,NA,NA,NA,NA,NA,NA,NA,NA,NA,NA,NA,NA,NA,NA,NA,NA,NA,NA,NA,NA,NA,NA,NA,NA,NA,NA,NA,NA,NA,NA,NA,NA
"105","Rashaad Penny","PHI","RB","13608","robust",NA,NA,NA,NA,NA,NA,NA,NA,NA,NA,7.84217642540851,1.18608,36.3175,10.3782,0.2,0.103782,0.002,0,0,NA,0,NA,0.3,0.029652,2.01,0.681996,0,0,NA,NA,NA,NA,NA,NA,NA,NA,NA,NA,NA,NA,NA,NA,NA,NA,NA,NA,NA,NA,NA,NA,NA,NA,NA,NA,NA,NA,NA,NA,NA,NA,NA,NA,NA,NA
"106","Elijah Mitchell","SF","RB","15263","robust",NA,NA,NA,NA,NA,NA,NA,NA,NA,NA,8.5,2.2239,38.1075,8.58425400000001,0.2,0,0,0,0,NA,0,NA,0.8275,0.163086,6.38,2.401812,0.05,0.044478,NA,NA,NA,NA,NA,NA,NA,NA,NA,NA,NA,NA,NA,NA,NA,NA,NA,NA,NA,NA,NA,NA,NA,NA,NA,NA,NA,NA,NA,NA,NA,NA,NA,NA,NA,NA
"107","DOnta Foreman","CHI","RB","13134","robust",NA,NA,NA,NA,NA,NA,NA,NA,NA,NA,7.775,1.95937388881747,34,4.00302,0.2,0.088956,0.003,0,0,NA,0,NA,0.3,0.059304,3,0.118608,0,0,NA,NA,NA,NA,NA,NA,NA,NA,NA,NA,NA,NA,NA,NA,NA,NA,NA,NA,NA,NA,NA,NA,NA,NA,NA,NA,NA,NA,NA,NA,NA,NA,NA,NA,NA,NA
"108","Rico Dowdle","DAL","RB","14823","robust",NA,NA,NA,NA,NA,NA,NA,NA,NA,NA,4.2,0.177912,16.505,2.972613,0.1,0.007413,0,0,0,NA,0,NA,0.4,0.214977,3.65,0.51891,0,0,NA,NA,NA,NA,NA,NA,NA,NA,NA,NA,NA,NA,NA,NA,NA,NA,NA,NA,NA,NA,NA,NA,NA,NA,NA,NA,NA,NA,NA,NA,NA,NA,NA,NA,NA,NA
"109","Antonio Gibson","WAS","RB","14852","robust",NA,NA,NA,NA,NA,NA,NA,NA,NA,NA,9.875,0.296520000000002,38.425,2.07564,0.3,0.0593040000000001,0.075,0.044478,0.03,0,0,NA,2.34,0.103782,18.1,4.59606,0.1,0,NA,NA,NA,NA,NA,NA,NA,NA,NA,NA,NA,NA,NA,NA,NA,NA,NA,NA,NA,NA,NA,NA,NA,NA,NA,NA,NA,NA,NA,NA,NA,NA,NA,NA,NA,NA
"110","Gus Edwards","BAL","RB","13850","robust",NA,NA,NA,NA,NA,NA,NA,NA,NA,NA,7.625,0.44478,36.965,3.7065,0.2,0.118608,0.088,0.029652,0,NA,0,NA,0.305,0.163086,2.7,1.03782,0,0,NA,NA,NA,NA,NA,NA,NA,NA,NA,NA,NA,NA,NA,NA,NA,NA,NA,NA,NA,NA,NA,NA,NA,NA,NA,NA,NA,NA,NA,NA,NA,NA,NA,NA,NA,NA
"111","Damien Harris","BUF","RB","14075","robust",NA,NA,NA,NA,NA,NA,NA,NA,NA,NA,7.35,1.03782,31.89,4.951884,0.2,0,0.003,0,0,NA,0,NA,1.0125,0.14826,7.0575,1.378818,0,0,NA,NA,NA,NA,NA,NA,NA,NA,NA,NA,NA,NA,NA,NA,NA,NA,NA,NA,NA,NA,NA,NA,NA,NA,NA,NA,NA,NA,NA,NA,NA,NA,NA,NA,NA,NA
"112","Roschon Johnson","CHI","RB","16175","robust",NA,NA,NA,NA,NA,NA,NA,NA,NA,NA,3.955,2.401812,18.2,5.871096,0.0925,0.029652,0.011,0.014826,0,NA,0,NA,0.6,0.29652,5.515,3.40998,0.0075,0,NA,NA,NA,NA,NA,NA,NA,NA,NA,NA,NA,NA,NA,NA,NA,NA,NA,NA,NA,NA,NA,NA,NA,NA,NA,NA,NA,NA,NA,NA,NA,NA,NA,NA,NA,NA
"113","Devon Achane","MIA","RB","16167","robust",NA,NA,NA,NA,NA,NA,NA,NA,NA,NA,6,1.03782,26.0725,13.106184,0.1225,0.029652,0.092,0,0,NA,0,NA,1.05,0.44478,8.2675,6.6717,0.0675,0,NA,NA,NA,NA,NA,NA,NA,NA,NA,NA,NA,NA,NA,NA,NA,NA,NA,NA,NA,NA,NA,NA,NA,NA,NA,NA,NA,NA,NA,NA,NA,NA,NA,NA,NA,NA
"114","Zach Charbonnet","SEA","RB","16169","robust",NA,NA,NA,NA,NA,NA,NA,NA,NA,NA,8,0,32,5.63388,0.17,0.088956,0.092,0,0,NA,0,NA,1.545,0.429954,12.2075,1.734642,0.1,0,NA,NA,NA,NA,NA,NA,NA,NA,NA,NA,NA,NA,NA,NA,NA,NA,NA,NA,NA,NA,NA,NA,NA,NA,NA,NA,NA,NA,NA,NA,NA,NA,NA,NA,NA,NA
"115","Kenneth Gainwell","PHI","RB","15255","robust",NA,NA,NA,NA,NA,NA,NA,NA,NA,NA,5.925,0.444780000000001,25.4,3.55824,0.2,0.044478,0.015,0.0385476,0,NA,0,NA,1.5375,0.29652,11.275,0.296519999999999,0.0275,0,NA,NA,NA,NA,NA,NA,NA,NA,NA,NA,NA,NA,NA,NA,NA,NA,NA,NA,NA,NA,NA,NA,NA,NA,NA,NA,NA,NA,NA,NA,NA,NA,NA,NA,NA,NA
"116","Chuba Hubbard","CAR","RB","15261","robust",NA,NA,NA,NA,NA,NA,NA,NA,NA,NA,7.075,0.174487406159974,30.9,2.312856,0.15,0.07413,0.066,0.0504084,0,NA,0,NA,0.9525,0.177912,8.95,1.971858,0.03,0.044478,NA,NA,NA,NA,NA,NA,NA,NA,NA,NA,NA,NA,NA,NA,NA,NA,NA,NA,NA,NA,NA,NA,NA,NA,NA,NA,NA,NA,NA,NA,NA,NA,NA,NA,NA,NA
"117","Jaylen Warren","PIT","RB","15742","robust",NA,NA,NA,NA,NA,NA,NA,NA,NA,NA,7.37,0.296519999999999,29.65,3.15793799999999,0.15,0.07413,0.001,0,0,NA,0,NA,1.595,0.29652,13.35,2.045988,0.025,0,NA,NA,NA,NA,NA,NA,NA,NA,NA,NA,NA,NA,NA,NA,NA,NA,NA,NA,NA,NA,NA,NA,NA,NA,NA,NA,NA,NA,NA,NA,NA,NA,NA,NA,NA,NA
"118","Tank Bigsby","JAC","RB","16164","robust",NA,NA,NA,NA,NA,NA,NA,NA,NA,NA,5.75851312598231,1.4826,25.805,5.1891,0.1925,0,0.064,0.0533736,0,NA,0,NA,1.05,0.29652,8.285,2.9652,0.015,0,NA,NA,NA,NA,NA,NA,NA,NA,NA,NA,NA,NA,NA,NA,NA,NA,NA,NA,NA,NA,NA,NA,NA,NA,NA,NA,NA,NA,NA,NA,NA,NA,NA,NA,NA,NA
"119","Latavius Murray","BUF","RB","11390","robust",NA,NA,NA,NA,NA,NA,NA,NA,NA,NA,4.3958656834081,1.77912,19,5.04084,0.1,0,0,0,0,NA,0,NA,0.76,0.29652,4.4,2.542659,0.01,0,NA,NA,NA,NA,NA,NA,NA,NA,NA,NA,NA,NA,NA,NA,NA,NA,NA,NA,NA,NA,NA,NA,NA,NA,NA,NA,NA,NA,NA,NA,NA,NA,NA,NA,NA,NA
"120","Joshua Kelley","LAC","RB","14807","robust",NA,NA,NA,NA,NA,NA,NA,NA,NA,NA,6.21375246376491,0.29652,21.69,5.48562,0.1,0,0.088,0.029652,0,NA,0,NA,0.8,0.29652,7.025,1.33434,0,0,NA,NA,NA,NA,NA,NA,NA,NA,NA,NA,NA,NA,NA,NA,NA,NA,NA,NA,NA,NA,NA,NA,NA,NA,NA,NA,NA,NA,NA,NA,NA,NA,NA,NA,NA,NA
"121","Jordan Mason","SF","RB","15972","robust",NA,NA,NA,NA,NA,NA,NA,NA,NA,NA,2.7,1.35575736853326,11.275,8.361864,0.03,0.007413,0.001,0,0,NA,0,NA,0.15,0.07413,1,0.200151,0.005,0,NA,NA,NA,NA,NA,NA,NA,NA,NA,NA,NA,NA,NA,NA,NA,NA,NA,NA,NA,NA,NA,NA,NA,NA,NA,NA,NA,NA,NA,NA,NA,NA,NA,NA,NA,NA
"122","Evan Hull","IND","RB","16180","robust",NA,NA,NA,NA,NA,NA,NA,NA,NA,NA,5.775,2.2239,20.85,8.45082,0.105,0.014826,0.044,0.0652344,0,NA,0,NA,1.12,0.29652,9.51,2.787288,0.0675,0,NA,NA,NA,NA,NA,NA,NA,NA,NA,NA,NA,NA,NA,NA,NA,NA,NA,NA,NA,NA,NA,NA,NA,NA,NA,NA,NA,NA,NA,NA,NA,NA,NA,NA,NA,NA
"123","Devin Singletary","HOU","RB","14080","robust",NA,NA,NA,NA,NA,NA,NA,NA,NA,NA,6.8,0.00699646325556203,29.55,0.444780000000001,0.15,0.014826,0.096,0,0,NA,0,NA,1.3,0.14826,9.2,1.200906,0,0,NA,NA,NA,NA,NA,NA,NA,NA,NA,NA,NA,NA,NA,NA,NA,NA,NA,NA,NA,NA,NA,NA,NA,NA,NA,NA,NA,NA,NA,NA,NA,NA,NA,NA,NA,NA
"124","Deuce Vaughn","DAL","RB","16176","robust",NA,NA,NA,NA,NA,NA,NA,NA,NA,NA,3.72973807868617,2.31130270184045,16.415,4.996362,0.095,0.118608,0.012,0.029652,0,NA,0,NA,0.7825,0.14826,6.3,2.416638,0.0275,0.029652,NA,NA,NA,NA,NA,NA,NA,NA,NA,NA,NA,NA,NA,NA,NA,NA,NA,NA,NA,NA,NA,NA,NA,NA,NA,NA,NA,NA,NA,NA,NA,NA,NA,NA,NA,NA
"125","Kyren Williams","LAR","RB","15710","robust",NA,NA,NA,NA,NA,NA,NA,NA,NA,NA,5.9,0.148259999999999,22.1,2.81694,0.1,0,0.001,0,0,NA,0,NA,1.085,0.578214,8,5.9304,0.015,0,NA,NA,NA,NA,NA,NA,NA,NA,NA,NA,NA,NA,NA,NA,NA,NA,NA,NA,NA,NA,NA,NA,NA,NA,NA,NA,NA,NA,NA,NA,NA,NA,NA,NA,NA,NA
"126","Jerome Ford","CLE","RB","15713","robust",NA,NA,NA,NA,NA,NA,NA,NA,NA,NA,4.91,1.63086,19.395,4.4478,0.085,0.044478,0.011,0.014826,0,NA,0,NA,0.7,0.400302,6.2125,4.22541,0,0,NA,NA,NA,NA,NA,NA,NA,NA,NA,NA,NA,NA,NA,NA,NA,NA,NA,NA,NA,NA,NA,NA,NA,NA,NA,NA,NA,NA,NA,NA,NA,NA,NA,NA,NA,NA
"127","Sean Tucker","TB","RB","16166","robust",NA,NA,NA,NA,NA,NA,NA,NA,NA,NA,5.635,0.133434,23.1875,1.371405,0.1,0,0,0,0,NA,0,NA,1,0,7.8,0.59304,0,0,NA,NA,NA,NA,NA,NA,NA,NA,NA,NA,NA,NA,NA,NA,NA,NA,NA,NA,NA,NA,NA,NA,NA,NA,NA,NA,NA,NA,NA,NA,NA,NA,NA,NA,NA,NA
"128","Keaontay Ingram","ARI","RB","15734","robust",NA,NA,NA,NA,NA,NA,NA,NA,NA,NA,5.3,1.03782,17.6,5.33736,0.1,0,0.001,0,0,NA,0,NA,0.8,0.0296519999999999,5.275,1.616034,0,0,NA,NA,NA,NA,NA,NA,NA,NA,NA,NA,NA,NA,NA,NA,NA,NA,NA,NA,NA,NA,NA,NA,NA,NA,NA,NA,NA,NA,NA,NA,NA,NA,NA,NA,NA,NA
"129","Tyjae Spears","TEN","RB","16165","robust",NA,NA,NA,NA,NA,NA,NA,NA,NA,NA,5.4,0.889559999999999,20.825,6.049008,0.1,0,0.012,0.029652,0,NA,0,NA,0.94,0.14826,7.92,2.2239,0.0175,0,NA,NA,NA,NA,NA,NA,NA,NA,NA,NA,NA,NA,NA,NA,NA,NA,NA,NA,NA,NA,NA,NA,NA,NA,NA,NA,NA,NA,NA,NA,NA,NA,NA,NA,NA,NA
"130","Ty Chandler","MIN","RB","15723","robust",NA,NA,NA,NA,NA,NA,NA,NA,NA,NA,5.27792618719259,1.363992,20.8,4.4478,0.18,0.059304,0.011,0.014826,0,NA,0,NA,0.9,0.14826,7.1,1.33434,0.0225,0,NA,NA,NA,NA,NA,NA,NA,NA,NA,NA,NA,NA,NA,NA,NA,NA,NA,NA,NA,NA,NA,NA,NA,NA,NA,NA,NA,NA,NA,NA,NA,NA,NA,NA,NA,NA
"131","Chase Edmonds","TB","RB","13726","robust",NA,NA,NA,NA,NA,NA,NA,NA,NA,NA,5.05,3.55824,20.3,10.22994,0.1,0,0,0,0,NA,0,NA,1.1425,0.711648,9.2,5.63388,0.045,0.044478,NA,NA,NA,NA,NA,NA,NA,NA,NA,NA,NA,NA,NA,NA,NA,NA,NA,NA,NA,NA,NA,NA,NA,NA,NA,NA,NA,NA,NA,NA,NA,NA,NA,NA,NA,NA
"132","Cordarrelle Patterson","ATL","RB","11225","robust",NA,NA,NA,NA,NA,NA,NA,NA,NA,NA,4.24,1.838424,19.925,7.56126,0.15,0.14826,0.012,0.029652,0,NA,0.09,0,1.275,0.44478,10.195,2.060814,0.05,0.044478,NA,NA,NA,NA,NA,NA,NA,NA,NA,NA,NA,NA,NA,NA,NA,NA,NA,NA,NA,NA,NA,NA,NA,NA,NA,NA,NA,NA,NA,NA,NA,NA,"Q","Thigh",2023,1
"133","Zamir White","LVR","RB","15714","robust",NA,NA,NA,NA,NA,NA,NA,NA,NA,NA,5.4,0.808016999999999,21.15,4.22541,0.1,0,0.00125,0.00185325,0,NA,0,NA,0.65,0.429954,4.75,1.85325,0.015,0.007413,NA,NA,NA,NA,NA,NA,NA,NA,NA,NA,NA,NA,NA,NA,NA,NA,NA,NA,NA,NA,NA,NA,NA,NA,NA,NA,NA,NA,NA,NA,NA,NA,NA,NA,NA,NA
"134","Eric Gray","NYG","RB","16173","robust",NA,NA,NA,NA,NA,NA,NA,NA,NA,NA,2.425,0.111195,9.1,5.693184,0.02,0,0.0125,0,0,NA,0,NA,0.4,0.326172,3.7,2.490768,0,0,NA,NA,NA,NA,NA,NA,NA,NA,NA,NA,NA,NA,NA,NA,NA,NA,NA,NA,NA,NA,NA,NA,NA,NA,NA,NA,NA,NA,NA,NA,NA,NA,NA,NA,NA,NA
"135","Michael Carter","NYJ","RB","15258","robust",NA,NA,NA,NA,NA,NA,NA,NA,NA,NA,2.85,1.11075127897233,10.25,5.129796,0.05,0.044478,0.011,0.014826,0,NA,0,NA,1.1675,0.88956,8.52,5.78214,0,0,NA,NA,NA,NA,NA,NA,NA,NA,NA,NA,NA,NA,NA,NA,NA,NA,NA,NA,NA,NA,NA,NA,NA,NA,NA,NA,NA,NA,NA,NA,NA,NA,NA,NA,NA,NA
"136","Chris Evans","CIN","RB","15275","robust",NA,NA,NA,NA,NA,NA,NA,NA,NA,NA,1.85220995192476,1.40847,6.8825,7.26474,0.01,0,0,0,0,NA,0,NA,0.7075,0.29652,5.495,2.66868,0.05,0.059304,NA,NA,NA,NA,NA,NA,NA,NA,NA,NA,NA,NA,NA,NA,NA,NA,NA,NA,NA,NA,NA,NA,NA,NA,NA,NA,NA,NA,NA,NA,NA,NA,NA,NA,NA,NA
"137","Jerick McKinnon","KC","RB","11761","robust",NA,NA,NA,NA,NA,NA,NA,NA,NA,NA,4.8,0.148260000000001,19.625,1.18608,0.11,0.029652,0.05,0.07413,0,NA,0,NA,3.175,0.44478,27.2875,1.55673,0.25,0.088956,NA,NA,NA,NA,NA,NA,NA,NA,NA,NA,NA,NA,NA,NA,NA,NA,NA,NA,NA,NA,NA,NA,NA,NA,NA,NA,NA,NA,NA,NA,NA,NA,NA,NA,NA,NA
"138","Kendre Miller","NO","RB","16171","robust",NA,NA,NA,NA,NA,NA,NA,NA,NA,NA,4.3,0.7413,14,3.7065,0.1,0.07413,0.05,0.07413,0,NA,0,NA,0.75,0.14826,6.8,0.59304,0,0,NA,NA,NA,NA,NA,NA,NA,NA,NA,NA,NA,NA,NA,NA,NA,NA,NA,NA,NA,NA,NA,NA,NA,NA,NA,NA,NA,NA,NA,NA,NA,NA,"Q","Hamstring",2023,1
"139","JaMycal Hasty","JAC","RB","14821","robust",NA,NA,NA,NA,NA,NA,NA,NA,NA,NA,2.2,0.506295848958954,11.33,2.861418,0.1,0.088956,0.0125,0.0185325,0,NA,0,NA,0.84,0.237216,4.9,2.44629,0.005,0,NA,NA,NA,NA,NA,NA,NA,NA,NA,NA,NA,NA,NA,NA,NA,NA,NA,NA,NA,NA,NA,NA,NA,NA,NA,NA,NA,NA,NA,NA,NA,NA,NA,NA,NA,NA
"140","Chase Brown","CIN","RB","16181","robust",NA,NA,NA,NA,NA,NA,NA,NA,NA,NA,2.715,1.81276779680713,11.555,6.983046,0.1,0.059304,0.011,0.007413,0,NA,0,NA,0.625,0.133434,5.095,1.749468,0.015,0.014826,NA,NA,NA,NA,NA,NA,NA,NA,NA,NA,NA,NA,NA,NA,NA,NA,NA,NA,NA,NA,NA,NA,NA,NA,NA,NA,NA,NA,NA,NA,NA,NA,NA,NA,NA,NA
"141","Clyde Edwards-Helaire","KC","RB","14803","robust",NA,NA,NA,NA,NA,NA,NA,NA,NA,NA,4.07373963520504,0.36691276630998,16.7925,2.81694,0.1,0.059304,0.003,0,0,NA,0,NA,0.785,0.044478,6.97,0.7413,0.0725,0,NA,NA,NA,NA,NA,NA,NA,NA,NA,NA,NA,NA,NA,NA,NA,NA,NA,NA,NA,NA,NA,NA,NA,NA,NA,NA,NA,NA,NA,NA,NA,NA,NA,NA,NA,NA
"142","Salvon Ahmed","MIA","RB","14811","robust",NA,NA,NA,NA,NA,NA,NA,NA,NA,NA,3.93917871356394,0.607866,15,4.106802,0.1,0,0,0,0,NA,0,NA,0.7,0.311346,5.31,1.26021,0.02,0,NA,NA,NA,NA,NA,NA,NA,NA,NA,NA,NA,NA,NA,NA,NA,NA,NA,NA,NA,NA,NA,NA,NA,NA,NA,NA,NA,NA,NA,NA,NA,NA,NA,NA,NA,NA
"143","Trayveon Williams","CIN","RB","14076","robust",NA,NA,NA,NA,NA,NA,NA,NA,NA,NA,3.575,0.66717,15,2.386986,0.05,0.059304,0.05,0.07413,0,NA,0,NA,0.715,0.29652,4.795,0.889559999999999,0,0,NA,NA,NA,NA,NA,NA,NA,NA,NA,NA,NA,NA,NA,NA,NA,NA,NA,NA,NA,NA,NA,NA,NA,NA,NA,NA,NA,NA,NA,NA,NA,NA,NA,NA,NA,NA
"144","Zach Evans","LAR","RB","16163","robust",NA,NA,NA,NA,NA,NA,NA,NA,NA,NA,2.68109898629123,0.978516,9.78,2.928135,0.065,0.00741300000000001,0.011,0.007413,0,NA,0,NA,0.5,0.081543,4.075,0.793191,0.005,0,NA,NA,NA,NA,NA,NA,NA,NA,NA,NA,NA,NA,NA,NA,NA,NA,NA,NA,NA,NA,NA,NA,NA,NA,NA,NA,NA,NA,NA,NA,NA,NA,NA,NA,NA,NA
"145","Isaiah Spiller","LAC","RB","15709","robust",NA,NA,NA,NA,NA,NA,NA,NA,NA,NA,2.9039172544764,0,10.205,1.497426,0.03,0,0.00125,0,0,NA,0,NA,0.35,0.014826,2.5,0.681996,0.005,0,NA,NA,NA,NA,NA,NA,NA,NA,NA,NA,NA,NA,NA,NA,NA,NA,NA,NA,NA,NA,NA,NA,NA,NA,NA,NA,NA,NA,NA,NA,NA,NA,NA,NA,NA,NA
"146","Craig Reynolds","DET","RB","14727","robust",NA,NA,NA,NA,NA,NA,NA,NA,NA,NA,1.38028451380552,0.474713213445378,6.76,1.838424,0,0,0.025,0.02471,0,NA,0,NA,0.68,0.177912,5.665,2.238726,0,0,NA,NA,NA,NA,NA,NA,NA,NA,NA,NA,NA,NA,NA,NA,NA,NA,NA,NA,NA,NA,NA,NA,NA,NA,NA,NA,NA,NA,NA,NA,NA,NA,NA,NA,NA,NA
"147","Jaleel McLaughlin","DEN","RB","16390","robust",NA,NA,NA,NA,NA,NA,NA,NA,NA,NA,2.6768001979638,0.0687920529977372,10.4,0.133434,0.055,0.014826,0.00125,0,0,NA,0,NA,0.5,0.207564,3.1,0.88956,0,0,NA,NA,NA,NA,NA,NA,NA,NA,NA,NA,NA,NA,NA,NA,NA,NA,NA,NA,NA,NA,NA,NA,NA,NA,NA,NA,NA,NA,NA,NA,NA,NA,NA,NA,NA,NA
"148","Matt Breida","NYG","RB","13378","robust",NA,NA,NA,NA,NA,NA,NA,NA,NA,NA,3.5,0.29652,14.3875,1.838424,0.1,0,0.025,0.044478,0,NA,0,NA,0.75,0.237216,6.1,4.29954,0.0075,0,NA,NA,NA,NA,NA,NA,NA,NA,NA,NA,NA,NA,NA,NA,NA,NA,NA,NA,NA,NA,NA,NA,NA,NA,NA,NA,NA,NA,NA,NA,NA,NA,NA,NA,NA,NA
"149","Ke'Shawn Vaughn","TB","RB","14810","robust",NA,NA,NA,NA,NA,NA,NA,NA,NA,NA,2.725,1.52198242992511,9.9,5.774727,0.1,0.07413,0.003,0,0,NA,0,NA,0.335,0.044478,2.335,0.770952,0.005,0,NA,NA,NA,NA,NA,NA,NA,NA,NA,NA,NA,NA,NA,NA,NA,NA,NA,NA,NA,NA,NA,NA,NA,NA,NA,NA,NA,NA,NA,NA,NA,NA,NA,NA,NA,NA
"150","Travis Homer","CHI","RB","14083","robust",NA,NA,NA,NA,NA,NA,NA,NA,NA,NA,1.06,0.637518,3.925,1.838424,0,0,0,0,0,NA,0,NA,0.3925,0.244629,3.885,2.935548,0,0,NA,NA,NA,NA,NA,NA,NA,NA,NA,NA,NA,NA,NA,NA,NA,NA,NA,NA,NA,NA,NA,NA,NA,NA,NA,NA,NA,NA,NA,NA,NA,NA,NA,NA,NA,NA
"151","Justice Hill","BAL","RB","14086","robust",NA,NA,NA,NA,NA,NA,NA,NA,NA,NA,1.9,0.14826,7.95,4.195758,0,0,0.011,0.014826,0,NA,0,NA,0.4,0.29652,2.5075,1.18608,0,0,NA,NA,NA,NA,NA,NA,NA,NA,NA,NA,NA,NA,NA,NA,NA,NA,NA,NA,NA,NA,NA,NA,NA,NA,NA,NA,NA,NA,NA,NA,NA,NA,NA,NA,NA,NA
"152","Pierre Strong Jr.","CLE","RB","15733","robust",NA,NA,NA,NA,NA,NA,NA,NA,NA,NA,1.8,0.44478,9.175,4.59606,0.055,0,0.001,0,0,NA,0,NA,0.4825,0.14826,3.28,0.948863999999999,0,0,NA,NA,NA,NA,NA,NA,NA,NA,NA,NA,NA,NA,NA,NA,NA,NA,NA,NA,NA,NA,NA,NA,NA,NA,NA,NA,NA,NA,NA,NA,NA,NA,NA,NA,NA,NA
"153","DeeJay Dallas","SEA","RB","14815","robust",NA,NA,NA,NA,NA,NA,NA,NA,NA,NA,1.58762399935268,1.060059,7.075,4.188345,0.045,0.007413,0,0,0,NA,0.01,0,0.75,0.29652,5.1,2.14977,0.005,0,NA,NA,NA,NA,NA,NA,NA,NA,NA,NA,NA,NA,NA,NA,NA,NA,NA,NA,NA,NA,NA,NA,NA,NA,NA,NA,NA,NA,NA,NA,NA,NA,NA,NA,NA,NA
"154","Anthony McFarland","PIT","RB","14804","robust",NA,NA,NA,NA,NA,NA,NA,NA,NA,NA,0.85,0.429954,4.1,0.148259999999999,0.035,0.014826,0.00125,0,0,NA,0,NA,0.43,0,2.775,0.59304,0.01,0,NA,NA,NA,NA,NA,NA,NA,NA,NA,NA,NA,NA,NA,NA,NA,NA,NA,NA,NA,NA,NA,NA,NA,NA,NA,NA,NA,NA,NA,NA,NA,NA,NA,NA,NA,NA
"155","Boston Scott","PHI","RB","13814","robust",NA,NA,NA,NA,NA,NA,NA,NA,NA,NA,1.93,0.872517920683235,8.2,3.40998,0.05,0.07413,0.001,0,0,NA,0.01,0,0.21,0.07413,1.17,0.22239,0.005,0,NA,NA,NA,NA,NA,NA,NA,NA,NA,NA,NA,NA,NA,NA,NA,NA,NA,NA,NA,NA,NA,NA,NA,NA,NA,NA,NA,NA,NA,NA,NA,NA,NA,NA,NA,NA
"156","Chris Rodriguez","WAS","RB","16174","robust",NA,NA,NA,NA,NA,NA,NA,NA,NA,NA,2.31049620132953,0.44478,9.815,1.33434,0.09,0,0,0,0,NA,0,NA,0.38,0.14826,2.45,1.33434,0,0,NA,NA,NA,NA,NA,NA,NA,NA,NA,NA,NA,NA,NA,NA,NA,NA,NA,NA,NA,NA,NA,NA,NA,NA,NA,NA,NA,NA,NA,NA,NA,NA,NA,NA,NA,NA
"157","Ameer Abdullah","LVR","RB","12155","robust",NA,NA,NA,NA,NA,NA,NA,NA,NA,NA,1.19821554636223,0.59304,4.045,1.40847,0.01,0,0,0,0,NA,0,NA,1.2,0.0741300000000001,8.645,0.659757,0.02,0.014826,NA,NA,NA,NA,NA,NA,NA,NA,NA,NA,NA,NA,NA,NA,NA,NA,NA,NA,NA,NA,NA,NA,NA,NA,NA,NA,NA,NA,NA,NA,NA,NA,NA,NA,NA,NA
"158","Tyrion Davis-Price","SF","RB","15746","robust",NA,NA,NA,NA,NA,NA,NA,NA,NA,NA,1.73858937728938,1.415883,6.5,3.358089,0.0075,0.007413,0.0025,0.002471,0,NA,0,NA,0.1525,0.07413,1.025,0.385476,0.005,0.007413,NA,NA,NA,NA,NA,NA,NA,NA,NA,NA,NA,NA,NA,NA,NA,NA,NA,NA,NA,NA,NA,NA,NA,NA,NA,NA,NA,NA,NA,NA,NA,NA,NA,NA,NA,NA
"159","Tony Jones","FA","RB","14828","robust",NA,NA,NA,NA,NA,NA,NA,NA,NA,NA,-0.470067567567568,0,5.7975,0,0.0125,0,0.0025,0,0,NA,0,NA,0.515,0,3.6775,0,0.005,0,NA,NA,NA,NA,NA,NA,NA,NA,NA,NA,NA,NA,NA,NA,NA,NA,NA,NA,NA,NA,NA,NA,NA,NA,NA,NA,NA,NA,NA,NA,NA,NA,NA,NA,NA,NA
"160","Emanuel Wilson","GB","RB","16432","robust",NA,NA,NA,NA,NA,NA,NA,NA,NA,NA,1.14214302325581,0.694704985116279,6.46,1.03782,0.0325,0,0.0025,0,0,NA,0,NA,0.2325,0.14826,1.0225,1.33434,0.0025,0,NA,NA,NA,NA,NA,NA,NA,NA,NA,NA,NA,NA,NA,NA,NA,NA,NA,NA,NA,NA,NA,NA,NA,NA,NA,NA,NA,NA,NA,NA,NA,NA,NA,NA,NA,NA
"161","Dare Ogunbowale","HOU","RB","13148","robust",NA,NA,NA,NA,NA,NA,NA,NA,NA,NA,1.55,0.66717,5.2,1.77912,0.05,0.037065,0,0,0,NA,0,NA,0.56,0.252042,4.24,1.289862,0.00255284552845528,0,NA,NA,NA,NA,NA,NA,NA,NA,NA,NA,NA,NA,NA,NA,NA,NA,NA,NA,NA,NA,NA,NA,NA,NA,NA,NA,NA,NA,NA,NA,NA,NA,"Q","Hamstring",2023,1
"162","Gary Brightwell","NYG","RB","15462","robust",NA,NA,NA,NA,NA,NA,NA,NA,NA,NA,1.19454089572418,0.244629,5.21,1.734642,0.025,0.014826,0.001,0,0,NA,0,NA,0.2,0.029652,1.62,0.37065,0.005,0,NA,NA,NA,NA,NA,NA,NA,NA,NA,NA,NA,NA,NA,NA,NA,NA,NA,NA,NA,NA,NA,NA,NA,NA,NA,NA,NA,NA,NA,NA,NA,NA,NA,NA,NA,NA
"163","D'Ernest Johnson","JAC","RB","14331","robust",NA,NA,NA,NA,NA,NA,NA,NA,NA,NA,0.805,0.44478,3.26,1.92738,0.0075,0.007413,0,0,0,NA,0,NA,0.17,0.14826,1.55,0.392889,0,0,NA,NA,NA,NA,NA,NA,NA,NA,NA,NA,NA,NA,NA,NA,NA,NA,NA,NA,NA,NA,NA,NA,NA,NA,NA,NA,NA,NA,NA,NA,NA,NA,NA,NA,NA,NA
"164","Raheem Blackshear","CAR","RB","15973","robust",NA,NA,NA,NA,NA,NA,NA,NA,NA,NA,1.85,0.22239,6.7,1.18608,0.11,0.081543,0.001,0,0,NA,0.01,0,0.7,0.14826,5.1,0.37065,0.01,0,NA,NA,NA,NA,NA,NA,NA,NA,NA,NA,NA,NA,NA,NA,NA,NA,NA,NA,NA,NA,NA,NA,NA,NA,NA,NA,NA,NA,NA,NA,NA,NA,NA,NA,NA,NA
"165","Emari Demercado","ARI","RB","16385","robust",NA,NA,NA,NA,NA,NA,NA,NA,NA,NA,1.5,0.319818,6.3,1.11195,0,0,0,0,0,NA,0,NA,0.3,0.081543,2,0.904386,0,0,NA,NA,NA,NA,NA,NA,NA,NA,NA,NA,NA,NA,NA,NA,NA,NA,NA,NA,NA,NA,NA,NA,NA,NA,NA,NA,NA,NA,NA,NA,NA,NA,NA,NA,NA,NA
"166","Mike Boone","HOU","RB","13868","robust",NA,NA,NA,NA,NA,NA,NA,NA,NA,NA,0.8415,0,4.11,2.66868,0.01,0,0,0,0,NA,0,NA,0.4325,0.29652,2.53,1.63086,0.005,0,NA,NA,NA,NA,NA,NA,NA,NA,NA,NA,NA,NA,NA,NA,NA,NA,NA,NA,NA,NA,NA,NA,NA,NA,NA,NA,NA,NA,NA,NA,NA,NA,NA,NA,NA,NA
"167","Israel Abanikanda","NYJ","RB","16168","robust",NA,NA,NA,NA,NA,NA,NA,NA,NA,NA,1.6,0,5.8,0,0.025,0,0,0,0,NA,0,NA,0.175,0,1.925,0,0,0,NA,NA,NA,NA,NA,NA,NA,NA,NA,NA,NA,NA,NA,NA,NA,NA,NA,NA,NA,NA,NA,NA,NA,NA,NA,NA,NA,NA,NA,NA,NA,NA,NA,NA,NA,NA
"168","Julius Chestnut","TEN","RB","15965","robust",NA,NA,NA,NA,NA,NA,NA,NA,NA,NA,1.15,0.349684384379217,4.095,1.267623,0.0075,0.007413,0.0025,0.002471,0,NA,0,NA,0.3675,0.066717,2.79,0.363237,0.01,0.014826,NA,NA,NA,NA,NA,NA,NA,NA,NA,NA,NA,NA,NA,NA,NA,NA,NA,NA,NA,NA,NA,NA,NA,NA,NA,NA,NA,NA,NA,NA,NA,NA,NA,NA,NA,NA
"169","Kirk Merritt","NO","RB","15046","robust",NA,NA,NA,NA,NA,NA,NA,NA,NA,NA,0.95,0.37065,3.55,2.29803,0,0,0,0,NA,NA,NA,NA,0.55,0.66717,2.35,2.00151,0,0,NA,NA,NA,NA,NA,NA,NA,NA,NA,NA,NA,NA,NA,NA,NA,NA,NA,NA,NA,NA,NA,NA,NA,NA,NA,NA,NA,NA,NA,NA,NA,NA,NA,NA,NA,NA
"170","Ty Montgomery","NE","RB","12261","robust",NA,NA,NA,NA,NA,NA,NA,NA,NA,NA,0.765,0.192738,2.67,1.764294,0.0025,0,0,0,0,NA,0,NA,0.7775,0.311346,4.3375,2.2239,0.045,0.059304,NA,NA,NA,NA,NA,NA,NA,NA,NA,NA,NA,NA,NA,NA,NA,NA,NA,NA,NA,NA,NA,NA,NA,NA,NA,NA,NA,NA,NA,NA,NA,NA,NA,NA,NA,NA
"171","Brandon Bolden","LVR","RB","10932","robust",NA,NA,NA,NA,NA,NA,NA,NA,NA,NA,0.980160146699266,0.0593039999999999,4.09,0.726474,0.015,0,0.0025,0,0.05,0,0,NA,0.44,0.088956,4.09,1.63086,0.005,0,NA,NA,NA,NA,NA,NA,NA,NA,NA,NA,NA,NA,NA,NA,NA,NA,NA,NA,NA,NA,NA,NA,NA,NA,NA,NA,NA,NA,NA,NA,NA,NA,NA,NA,NA,NA
"172","Patrick Ricard","BAL","RB","13455","robust",NA,NA,NA,NA,NA,NA,NA,NA,NA,NA,0.3225,0.161986811032864,1.29,0.748713,0,0,0,0,0,NA,0,NA,0.465,0.207564,2.775,1.18608,0.005,0.007413,NA,NA,NA,NA,NA,NA,NA,NA,NA,NA,NA,NA,NA,NA,NA,NA,NA,NA,NA,NA,NA,NA,NA,NA,NA,NA,NA,NA,NA,NA,NA,NA,NA,NA,NA,NA
"173","Kyle Juszczyk","SF","RB","11367","robust",NA,NA,NA,NA,NA,NA,NA,NA,NA,NA,0.5,0.14826,1.7,0.29652,0.000225806451612903,0,0,0,0,NA,0,NA,0.815,0.229803,8.45,1.26021,0.015,0.022239,NA,NA,NA,NA,NA,NA,NA,NA,NA,NA,NA,NA,NA,NA,NA,NA,NA,NA,NA,NA,NA,NA,NA,NA,NA,NA,NA,NA,NA,NA,NA,NA,NA,NA,NA,NA
"174","Michael Burton","DEN","RB","12325","robust",NA,NA,NA,NA,NA,NA,NA,NA,NA,NA,0.445,0,1.355,0,0.005,0,0,0,0,NA,0,NA,0.2225,0.29652,1.67,2.2239,0.0075,0,NA,NA,NA,NA,NA,NA,NA,NA,NA,NA,NA,NA,NA,NA,NA,NA,NA,NA,NA,NA,NA,NA,NA,NA,NA,NA,NA,NA,NA,NA,NA,NA,NA,NA,NA,NA
"175","C.J. Ham","MIN","RB","12923","robust",NA,NA,NA,NA,NA,NA,NA,NA,NA,NA,0.46,NA,1.146,0.14826,0.05,0.0707941937345133,0,0,0,NA,0,NA,0.645,0.185325,5.18,1.808772,0.01,0,NA,NA,NA,NA,NA,NA,NA,NA,NA,NA,NA,NA,NA,NA,NA,NA,NA,NA,NA,NA,NA,NA,NA,NA,NA,NA,NA,NA,NA,NA,NA,NA,NA,NA,NA,NA
"176","Jason Cabinda","DET","RB","13906","robust",NA,NA,NA,NA,NA,NA,NA,NA,NA,NA,0.415,0.170499,1.565,0.985929,0.005,0.007413,0,0,NA,NA,NA,NA,0.28,0.029652,1.95,0.0741300000000001,0.01,0.014826,NA,NA,NA,NA,NA,NA,NA,NA,NA,NA,NA,NA,NA,NA,NA,NA,NA,NA,NA,NA,NA,NA,NA,NA,NA,NA,NA,NA,NA,NA,NA,NA,NA,NA,NA,NA
"177","Alec Ingold","MIA","RB","14420","robust",NA,NA,NA,NA,NA,NA,NA,NA,NA,NA,0.5,0.14826,1.2425,0.29652,0.03,0.014826,0,0,0,NA,0,NA,0.6075,0.103782,4.1625,0.0741299999999997,0.0075,0,NA,NA,NA,NA,NA,NA,NA,NA,NA,NA,NA,NA,NA,NA,NA,NA,NA,NA,NA,NA,NA,NA,NA,NA,NA,NA,NA,NA,NA,NA,NA,NA,NA,NA,NA,NA
"178","Demetric Felton","FA","RB","15270","robust",NA,NA,NA,NA,NA,NA,NA,NA,NA,NA,0.34,0.207564,1.375,1.000755,0.005,0.007413,0,0,NA,NA,NA,NA,0.19,0.133434,1.25,0.96369,0.005,0.007413,NA,NA,NA,NA,NA,NA,NA,NA,NA,NA,NA,NA,NA,NA,NA,NA,NA,NA,NA,NA,NA,NA,NA,NA,NA,NA,NA,NA,NA,NA,NA,NA,NA,NA,NA,NA
"179","Keith Smith","ATL","RB","12040","robust",NA,NA,NA,NA,NA,NA,NA,NA,NA,NA,0.34,0.044478,1.37,0.904386,0.0025,0,0,0,0,NA,0,NA,0.1975,0,1.0475,0,0.0025,0,NA,NA,NA,NA,NA,NA,NA,NA,NA,NA,NA,NA,NA,NA,NA,NA,NA,NA,NA,NA,NA,NA,NA,NA,NA,NA,NA,NA,NA,NA,NA,NA,NA,NA,NA,NA
"180","Ty Johnson","FA","RB","14095","robust",NA,NA,NA,NA,NA,NA,NA,NA,NA,NA,0.245,0.214977,1.07,0.845082,0.005,0.007413,0,0,NA,NA,NA,NA,0.175,0.111195,1.205,0.896973,0.005,0.007413,NA,NA,NA,NA,NA,NA,NA,NA,NA,NA,NA,NA,NA,NA,NA,NA,NA,NA,NA,NA,NA,NA,NA,NA,NA,NA,NA,NA,NA,NA,NA,NA,NA,NA,NA,NA
"181","Ronnie Rivers","LAR","RB","15726","robust",NA,NA,NA,NA,NA,NA,NA,NA,NA,NA,0.415,0.207564,0.96,0.711648,0,0,0,0,0,NA,0,NA,0.2125,0,1.8025,0.0148259999999997,0.0025,0,NA,NA,NA,NA,NA,NA,NA,NA,NA,NA,NA,NA,NA,NA,NA,NA,NA,NA,NA,NA,NA,NA,NA,NA,NA,NA,NA,NA,NA,NA,NA,NA,NA,NA,NA,NA
"182","Reggie Gilliam","BUF","RB","15103","robust",NA,NA,NA,NA,NA,NA,NA,NA,NA,NA,0.305,0.088956,0.915,0.622692,0.0025,0,0,0,0,NA,0,NA,0.535,0.177912,3.955,2.164596,0.0075,0,NA,NA,NA,NA,NA,NA,NA,NA,NA,NA,NA,NA,NA,NA,NA,NA,NA,NA,NA,NA,NA,NA,NA,NA,NA,NA,NA,NA,NA,NA,NA,NA,NA,NA,NA,NA
"183","Khari Blasingame","CHI","RB","14552","robust",NA,NA,NA,NA,NA,NA,NA,NA,NA,NA,0.27,0.103782,1.04,0.652344,0.005,0.007413,0,0,NA,NA,NA,NA,0.135,0.051891,0.93,0.489258,0.005,0.007413,NA,NA,NA,NA,NA,NA,NA,NA,NA,NA,NA,NA,NA,NA,NA,NA,NA,NA,NA,NA,NA,NA,NA,NA,NA,NA,NA,NA,NA,NA,NA,NA,NA,NA,NA,NA
"184","Melvin Gordon","FA","RB","12151","robust",NA,NA,NA,NA,NA,NA,NA,NA,NA,NA,0.215,0.170499,0.98,0.711648,0,0,0,0,NA,NA,NA,NA,0.155,0.081543,0.965,0.689409,0.005,0.007413,NA,NA,NA,NA,NA,NA,NA,NA,NA,NA,NA,NA,NA,NA,NA,NA,NA,NA,NA,NA,NA,NA,NA,NA,NA,NA,NA,NA,NA,NA,NA,NA,NA,NA,NA,NA
"185","Adam Prentice","NO","RB","15650","robust",NA,NA,NA,NA,NA,NA,NA,NA,NA,NA,0.4475,0.163086,1.04,0,0,0,0,0,0,NA,0,NA,0.3075,0.103782,1.3475,0.281694,0.0025,0,NA,NA,NA,NA,NA,NA,NA,NA,NA,NA,NA,NA,NA,NA,NA,NA,NA,NA,NA,NA,NA,NA,NA,NA,NA,NA,NA,NA,NA,NA,NA,NA,NA,NA,NA,NA
"186","Nick Bellore","SEA","RB","10514","robust",NA,NA,NA,NA,NA,NA,NA,NA,NA,NA,0.235,0.044478,0.885,0.207564,0.0025,0,0,0,0,NA,0,NA,0.1925,0.103782,1.13,0.59304,0.0025,0,NA,NA,NA,NA,NA,NA,NA,NA,NA,NA,NA,NA,NA,NA,NA,NA,NA,NA,NA,NA,NA,NA,NA,NA,NA,NA,NA,NA,NA,NA,NA,NA,NA,NA,NA,NA
"187","Jakob Johnson","LVR","RB","14359","robust",NA,NA,NA,NA,NA,NA,NA,NA,NA,NA,0.285,0.022239,0.97,0.252042,0.005,0.007413,0,0,NA,NA,NA,NA,0.22,0.029652,1.43,0.192738,0.005,0.007413,NA,NA,NA,NA,NA,NA,NA,NA,NA,NA,NA,NA,NA,NA,NA,NA,NA,NA,NA,NA,NA,NA,NA,NA,NA,NA,NA,NA,NA,NA,NA,NA,NA,NA,NA,NA
"188","Giovanni Ricci","CAR","RB","15054","robust",NA,NA,NA,NA,NA,NA,NA,NA,NA,NA,0.28,0.029652,1.105,0.00741300000000001,0.005,0.007413,0,0,NA,NA,NA,NA,0.22,0.029652,1.875,0.0370649999999999,0.005,0.007413,NA,NA,NA,NA,NA,NA,NA,NA,NA,NA,NA,NA,NA,NA,NA,NA,NA,NA,NA,NA,NA,NA,NA,NA,NA,NA,NA,NA,NA,NA,NA,NA,NA,NA,NA,NA
"189","Andrew Beck","HOU","RB","14319","robust",NA,NA,NA,NA,NA,NA,NA,NA,NA,NA,0.05,0.07413,0,0,0,0,0,0,NA,NA,NA,NA,0.3,0.29652,2.5,2.2239,0,0,NA,NA,NA,NA,NA,NA,NA,NA,NA,NA,NA,NA,NA,NA,NA,NA,NA,NA,NA,NA,NA,NA,NA,NA,NA,NA,NA,NA,NA,NA,NA,NA,NA,NA,NA,NA
"190","Justin Jefferson","MIN","WR","14836","robust",NA,NA,NA,NA,NA,NA,NA,NA,NA,NA,0.19862012987013,NA,1.05,0.0914270000000001,0.00122835497835498,0,0,0,0,NA,0,NA,6.7425,0.44478,90.75,4.4478,0.58,0.14826,NA,NA,NA,NA,NA,NA,NA,NA,NA,NA,NA,NA,NA,NA,NA,NA,NA,NA,NA,NA,NA,NA,NA,NA,NA,NA,NA,NA,NA,NA,NA,NA,NA,NA,NA,NA
"191","Tyreek Hill","MIA","WR","12801","robust",NA,NA,NA,NA,NA,NA,NA,NA,NA,NA,0.5,NA,3.6025,0.289107,0.0181195425157096,0.029652,0,0,0,NA,0,NA,6.585,0.29652,87.4,6.81995999999999,0.56,0.207564,NA,NA,NA,NA,NA,NA,NA,NA,NA,NA,NA,NA,NA,NA,NA,NA,NA,NA,NA,NA,NA,NA,NA,NA,NA,NA,NA,NA,NA,NA,NA,NA,NA,NA,NA,NA
"192","Davante Adams","LVR","WR","11675","robust",NA,NA,NA,NA,NA,NA,NA,NA,NA,NA,0.12125,0.0630105,0.48125,0.059304,0.001,0,0,0,0,NA,0,NA,6.05,0.59304,74.29,4.13645400000001,0.5825,0.103782,NA,NA,NA,NA,NA,NA,NA,NA,NA,NA,NA,NA,NA,NA,NA,NA,NA,NA,NA,NA,NA,NA,NA,NA,NA,NA,NA,NA,NA,NA,NA,NA,NA,NA,NA,NA
"193","Ja'Marr Chase","CIN","WR","15281","robust",NA,NA,NA,NA,NA,NA,NA,NA,NA,NA,0.4,NA,1.82125,0.29652,0.00336008197763091,0,0.1,0,0,NA,0,NA,6.405,0.59304,80.49,4.26988799999999,0.65,0.207564,NA,NA,NA,NA,NA,NA,NA,NA,NA,NA,NA,NA,NA,NA,NA,NA,NA,NA,NA,NA,NA,NA,NA,NA,NA,NA,NA,NA,NA,NA,NA,NA,NA,NA,NA,NA
"194","Chris Olave","NO","WR","15754","robust",NA,NA,NA,NA,NA,NA,NA,NA,NA,NA,0,0,0,0,0,0,0.1,0,0,NA,0,NA,5.5925,0.845082,75.7425,4.99636199999999,0.435,0.088956,NA,NA,NA,NA,NA,NA,NA,NA,NA,NA,NA,NA,NA,NA,NA,NA,NA,NA,NA,NA,NA,NA,NA,NA,NA,NA,NA,NA,NA,NA,NA,NA,NA,NA,NA,NA
"195","CeeDee Lamb","DAL","WR","14832","robust",NA,NA,NA,NA,NA,NA,NA,NA,NA,NA,0.6,NA,3.5,0.521381000000001,0.00435922858099063,0,0,0,0,NA,0,NA,6.34,0.400302000000001,79.555,5.278056,0.505,0.014826,NA,NA,NA,NA,NA,NA,NA,NA,NA,NA,NA,NA,NA,NA,NA,NA,NA,NA,NA,NA,NA,NA,NA,NA,NA,NA,NA,NA,NA,NA,NA,NA,NA,NA,NA,NA
"196","A.J. Brown","PHI","WR","14104","robust",NA,NA,NA,NA,NA,NA,NA,NA,NA,NA,0.0125,0.037065,0.164166666666667,0.182854,0,0,0.0125,0.037065,0,NA,0,NA,5.09,0.7413,74.97,9.11799000000001,0.5,0,NA,NA,NA,NA,NA,NA,NA,NA,NA,NA,NA,NA,NA,NA,NA,NA,NA,NA,NA,NA,NA,NA,NA,NA,NA,NA,NA,NA,NA,NA,NA,NA,NA,NA,NA,NA
"197","Garrett Wilson","NYJ","WR","15753","robust",NA,NA,NA,NA,NA,NA,NA,NA,NA,NA,0.175,0.07413,0.31625,0.14826,0,0,0.1,0,0,NA,0,NA,5.6,0.593039999999999,68.8525,2.47594199999998,0.4,0.088956,NA,NA,NA,NA,NA,NA,NA,NA,NA,NA,NA,NA,NA,NA,NA,NA,NA,NA,NA,NA,NA,NA,NA,NA,NA,NA,NA,NA,NA,NA,NA,NA,NA,NA,NA,NA
"198","Amon-Ra St. Brown","DET","WR","15287","robust",NA,NA,NA,NA,NA,NA,NA,NA,NA,NA,0.418606074981567,NA,3.5275,0.59304,0.00540904699616131,0,0,0,0,NA,0,NA,6.5025,0.44478,73.7175,8.1543,0.4,0,NA,NA,NA,NA,NA,NA,NA,NA,NA,NA,NA,NA,NA,NA,NA,NA,NA,NA,NA,NA,NA,NA,NA,NA,NA,NA,NA,NA,NA,NA,NA,NA,NA,NA,NA,NA
"199","Jaylen Waddle","MIA","WR","15284","robust",NA,NA,NA,NA,NA,NA,NA,NA,NA,NA,0.2,NA,2.46416666666667,1.897728,0.00332675954466796,0,0,0,0,NA,0,NA,4.965,0.533736,74,6.96822,0.4,0,NA,NA,NA,NA,NA,NA,NA,NA,NA,NA,NA,NA,NA,NA,NA,NA,NA,NA,NA,NA,NA,NA,NA,NA,NA,NA,NA,NA,NA,NA,NA,NA,NA,NA,NA,NA
"200","Keenan Allen","LAC","WR","11222","robust",NA,NA,NA,NA,NA,NA,NA,NA,NA,NA,0.05,NA,0.487083333333333,0.044478,0.001,0,0.05,0.07413,0,NA,0,NA,6.2525,0.607866,68.085,11.312238,0.4,0.0296519999999999,NA,NA,NA,NA,NA,NA,NA,NA,NA,NA,NA,NA,NA,NA,NA,NA,NA,NA,NA,NA,NA,NA,NA,NA,NA,NA,NA,NA,NA,NA,NA,NA,NA,NA,NA,NA
"201","Stefon Diggs","BUF","WR","12186","robust",NA,NA,NA,NA,NA,NA,NA,NA,NA,NA,0,0,0.0816666666666667,0.180383,0,0,0,0,0,NA,0,NA,5.8,0.29652,72.395,0.7413,0.5075,0.103782,NA,NA,NA,NA,NA,NA,NA,NA,NA,NA,NA,NA,NA,NA,NA,NA,NA,NA,NA,NA,NA,NA,NA,NA,NA,NA,NA,NA,NA,NA,NA,NA,NA,NA,NA,NA
"202","DK Metcalf","SEA","WR","14102","robust",NA,NA,NA,NA,NA,NA,NA,NA,NA,NA,0,0,0.1,0,0,0,0.0875,0.037065,0,NA,0,NA,5.56,0.326172,66.46,1.51225200000002,0.5225,0,NA,NA,NA,NA,NA,NA,NA,NA,NA,NA,NA,NA,NA,NA,NA,NA,NA,NA,NA,NA,NA,NA,NA,NA,NA,NA,NA,NA,NA,NA,NA,NA,NA,NA,NA,NA
"203","Calvin Ridley","JAC","WR","13629","robust",NA,NA,NA,NA,NA,NA,NA,NA,NA,NA,0.125,0.037065,0.514166666666667,0.254513,0,0,0.0125,0.037065,0,NA,0,NA,5.44,0.29652,62.8,8.45082,0.42,0.059304,NA,NA,NA,NA,NA,NA,NA,NA,NA,NA,NA,NA,NA,NA,NA,NA,NA,NA,NA,NA,NA,NA,NA,NA,NA,NA,NA,NA,NA,NA,NA,NA,NA,NA,NA,NA
"204","Chris Godwin","TB","WR","13163","robust",NA,NA,NA,NA,NA,NA,NA,NA,NA,NA,0.205799373040752,NA,1.11666666666667,0.14826,0.0038770297390987,0,0.1,0,0,NA,0,NA,5.7,0.919212,65.3,3.85475999999999,0.31,0.029652,NA,NA,NA,NA,NA,NA,NA,NA,NA,NA,NA,NA,NA,NA,NA,NA,NA,NA,NA,NA,NA,NA,NA,NA,NA,NA,NA,NA,NA,NA,NA,NA,NA,NA,NA,NA
"205","Jerry Jeudy","DEN","WR","14833","robust",NA,NA,NA,NA,NA,NA,NA,NA,NA,NA,0.1,0,1.07166666666667,0.256984,0,0,0,0,0,NA,0,NA,3.6125,1.18608,49.65,20.45988,0.25,0.14826,NA,NA,NA,NA,NA,NA,NA,NA,NA,NA,NA,NA,NA,NA,NA,NA,NA,NA,NA,NA,NA,NA,NA,NA,NA,NA,NA,NA,NA,NA,NA,NA,"Q","Hamstring",2023,1
"206","DeVonta Smith","PHI","WR","15282","robust",NA,NA,NA,NA,NA,NA,NA,NA,NA,NA,0,0,0.0158333333333333,0,0,0,0,0,0,NA,0,NA,4.9775,0.148259999999999,63.1,1.63086,0.3925,0,NA,NA,NA,NA,NA,NA,NA,NA,NA,NA,NA,NA,NA,NA,NA,NA,NA,NA,NA,NA,NA,NA,NA,NA,NA,NA,NA,NA,NA,NA,NA,NA,NA,NA,NA,NA
"207","Mike Evans","TB","WR","11671","robust",NA,NA,NA,NA,NA,NA,NA,NA,NA,NA,0,0,0.369583333333333,0.44478,0,0,0,0,0,NA,0,NA,4.6575,0.177912,64.0175,1.33434000000001,0.4,0,NA,NA,NA,NA,NA,NA,NA,NA,NA,NA,NA,NA,NA,NA,NA,NA,NA,NA,NA,NA,NA,NA,NA,NA,NA,NA,NA,NA,NA,NA,NA,NA,NA,NA,NA,NA
"208","Tyler Lockett","SEA","WR","12187","robust",NA,NA,NA,NA,NA,NA,NA,NA,NA,NA,0.0125,0.037065,0.0425,0,0,0,0.0875,0.037065,0,NA,0,NA,5.1075,0.44478,60.43,10.363374,0.495,0.014826,NA,NA,NA,NA,NA,NA,NA,NA,NA,NA,NA,NA,NA,NA,NA,NA,NA,NA,NA,NA,NA,NA,NA,NA,NA,NA,NA,NA,NA,NA,NA,NA,NA,NA,NA,NA
"209","Tee Higgins","CIN","WR","14835","robust",NA,NA,NA,NA,NA,NA,NA,NA,NA,NA,0,0,0.1,0.143318,0,0,0,0,0,NA,0,NA,4.8,0.29652,65.44,6.61239599999999,0.42,0.088956,NA,NA,NA,NA,NA,NA,NA,NA,NA,NA,NA,NA,NA,NA,NA,NA,NA,NA,NA,NA,NA,NA,NA,NA,NA,NA,NA,NA,NA,NA,NA,NA,NA,NA,NA,NA
"210","Amari Cooper","CLE","WR","12175","robust",NA,NA,NA,NA,NA,NA,NA,NA,NA,NA,0,0,0.0841666666666667,0.034594,0,0,0,0,0,NA,0,NA,4.7,0.44478,66.1,4.655364,0.45,0.07413,NA,NA,NA,NA,NA,NA,NA,NA,NA,NA,NA,NA,NA,NA,NA,NA,NA,NA,NA,NA,NA,NA,NA,NA,NA,NA,NA,NA,NA,NA,NA,NA,NA,NA,NA,NA
"211","Brandon Aiyuk","SF","WR","14840","robust",NA,NA,NA,NA,NA,NA,NA,NA,NA,NA,0.15,NA,1.025,0.29652,0.000126623376623377,0,0,0,0,NA,0,NA,3.82,0.311346,52.5,3.7065,0.3075,0,NA,NA,NA,NA,NA,NA,NA,NA,NA,NA,NA,NA,NA,NA,NA,NA,NA,NA,NA,NA,NA,NA,NA,NA,NA,NA,NA,NA,NA,NA,NA,NA,NA,NA,NA,NA
"212","Terry McLaurin","WAS","WR","14109","robust",NA,NA,NA,NA,NA,NA,NA,NA,NA,NA,0.25,NA,1.55083333333333,0.145789,0.00231341463414634,0,0,0,0,NA,0,NA,4.4325,0.148259999999999,62.15,3.691674,0.3,0,NA,NA,NA,NA,NA,NA,NA,NA,NA,NA,NA,NA,NA,NA,NA,NA,NA,NA,NA,NA,NA,NA,NA,NA,NA,NA,NA,NA,NA,NA,NA,NA,NA,NA,NA,NA
"213","Mike Williams","LAC","WR","13154","robust",NA,NA,NA,NA,NA,NA,NA,NA,NA,NA,0.1075,0.022239,0.2275,0.252042,0.001,0,0,0,0,NA,0,NA,4.59,0.622692,60.61,5.90074800000001,0.35,0.044478,NA,NA,NA,NA,NA,NA,NA,NA,NA,NA,NA,NA,NA,NA,NA,NA,NA,NA,NA,NA,NA,NA,NA,NA,NA,NA,NA,NA,NA,NA,NA,NA,NA,NA,NA,NA
"214","DeAndre Hopkins","TEN","WR","11232","robust",NA,NA,NA,NA,NA,NA,NA,NA,NA,NA,0,0,0.05,0.081543,0,0,0.0875,0.037065,0,NA,0,NA,4.71,0.385476,58.4375,1.082298,0.3475,0.0593040000000001,NA,NA,NA,NA,NA,NA,NA,NA,NA,NA,NA,NA,NA,NA,NA,NA,NA,NA,NA,NA,NA,NA,NA,NA,NA,NA,NA,NA,NA,NA,NA,NA,NA,NA,NA,NA
"215","Diontae Johnson","PIT","WR","14208","robust",NA,NA,NA,NA,NA,NA,NA,NA,NA,NA,0.1875,0.037065,1.49,0.51891,0,0,0.0125,0.037065,0,NA,0,NA,5.13,0.296519999999999,58.4725,4.74432,0.235,0,NA,NA,NA,NA,NA,NA,NA,NA,NA,NA,NA,NA,NA,NA,NA,NA,NA,NA,NA,NA,NA,NA,NA,NA,NA,NA,NA,NA,NA,NA,NA,NA,NA,NA,NA,NA
"216","Marquise Brown","ARI","WR","14105","robust",NA,NA,NA,NA,NA,NA,NA,NA,NA,NA,0.139805143755615,NA,0.734166666666667,0.29652,0.000315251572327044,0,0,0,0,NA,0,NA,4.6525,0.607866,55,14.826,0.25,0.059304,NA,NA,NA,NA,NA,NA,NA,NA,NA,NA,NA,NA,NA,NA,NA,NA,NA,NA,NA,NA,NA,NA,NA,NA,NA,NA,NA,NA,NA,NA,NA,NA,"Q","Hamstring",2023,1
"217","Brandin Cooks","DAL","WR","11674","robust",NA,NA,NA,NA,NA,NA,NA,NA,NA,NA,0.2,NA,1.6,0.0593039999999997,0.0025,0,0,0,0,NA,0,NA,4.13,0.29652,53.18,5.989704,0.315,0.044478,NA,NA,NA,NA,NA,NA,NA,NA,NA,NA,NA,NA,NA,NA,NA,NA,NA,NA,NA,NA,NA,NA,NA,NA,NA,NA,NA,NA,NA,NA,NA,NA,NA,NA,NA,NA
"218","Odell Beckham","BAL","WR","11679","robust",NA,NA,NA,NA,NA,NA,NA,NA,NA,NA,0.0875,0.037065,0.923333333333333,0.355824,0,0,0,0,0,NA,0,NA,3.375,0.326172,41.4325,17.19816,0.3,0.014826,NA,NA,NA,NA,NA,NA,NA,NA,NA,NA,NA,NA,NA,NA,NA,NA,NA,NA,NA,NA,NA,NA,NA,NA,NA,NA,NA,NA,NA,NA,NA,NA,NA,NA,NA,NA
"219","D.J. Moore","CHI","WR","13635","robust",NA,NA,NA,NA,NA,NA,NA,NA,NA,NA,0.3625,0.111195,2.085,0.830256,0,0,0,0,0,NA,0,NA,4,0.29652,57.1,5.24840400000001,0.4225,0.029652,NA,NA,NA,NA,NA,NA,NA,NA,NA,NA,NA,NA,NA,NA,NA,NA,NA,NA,NA,NA,NA,NA,NA,NA,NA,NA,NA,NA,NA,NA,NA,NA,NA,NA,NA,NA
"220","Christian Kirk","JAC","WR","13633","robust",NA,NA,NA,NA,NA,NA,NA,NA,NA,NA,0.234426245210728,NA,1.45,0.0741300000000001,0.00270371425857319,0,0,0,0,NA,0,NA,4.965,0.29652,60.65,4.136454,0.4,0,NA,NA,NA,NA,NA,NA,NA,NA,NA,NA,NA,NA,NA,NA,NA,NA,NA,NA,NA,NA,NA,NA,NA,NA,NA,NA,NA,NA,NA,NA,NA,NA,NA,NA,NA,NA
"221","Jahan Dotson","WAS","WR","15755","robust",NA,NA,NA,NA,NA,NA,NA,NA,NA,NA,0.2,NA,1.23416666666667,0.943922,0.00175921375921376,0,0,0,0,NA,0,NA,3.8875,0.14826,53.4,5.04084,0.45,0.14826,NA,NA,NA,NA,NA,NA,NA,NA,NA,NA,NA,NA,NA,NA,NA,NA,NA,NA,NA,NA,NA,NA,NA,NA,NA,NA,NA,NA,NA,NA,NA,NA,NA,NA,NA,NA
"222","Drake London","ATL","WR","15751","robust",NA,NA,NA,NA,NA,NA,NA,NA,NA,NA,0,0,0.0375,0,0.01,0,0.1125,0.037065,0,NA,0,NA,4.745,0.29652,58.9,3.11346,0.3225,0,NA,NA,NA,NA,NA,NA,NA,NA,NA,NA,NA,NA,NA,NA,NA,NA,NA,NA,NA,NA,NA,NA,NA,NA,NA,NA,NA,NA,NA,NA,NA,NA,NA,NA,NA,NA
"223","Zay Flowers","BAL","WR","16190","robust",NA,NA,NA,NA,NA,NA,NA,NA,NA,NA,0.125,0.037065,1.03666666666667,0.232274,0,0,0.0125,0.037065,0,NA,0,NA,3.3025,0.7413,46.505,2.283204,0.3,0.059304,NA,NA,NA,NA,NA,NA,NA,NA,NA,NA,NA,NA,NA,NA,NA,NA,NA,NA,NA,NA,NA,NA,NA,NA,NA,NA,NA,NA,NA,NA,NA,NA,NA,NA,NA,NA
"224","George Pickens","PIT","WR","15762","robust",NA,NA,NA,NA,NA,NA,NA,NA,NA,NA,0.0875,0.037065,1.005,0.14826,0.01,0,0,0,0,NA,0,NA,3.65,0.252042,53.02,6.464136,0.3,0,NA,NA,NA,NA,NA,NA,NA,NA,NA,NA,NA,NA,NA,NA,NA,NA,NA,NA,NA,NA,NA,NA,NA,NA,NA,NA,NA,NA,NA,NA,NA,NA,NA,NA,NA,NA
"225","Deebo Samuel","SF","WR","14136","robust",NA,NA,NA,NA,NA,NA,NA,NA,NA,NA,2.765,NA,15.9066666666667,2.466058,0.127372600760142,0.044478,0.095,0,0,NA,0,NA,4.3,0.400302000000001,56.15,2.81694,0.2375,0,NA,NA,NA,NA,NA,NA,NA,NA,NA,NA,NA,NA,NA,NA,NA,NA,NA,NA,NA,NA,NA,NA,NA,NA,NA,NA,NA,NA,NA,NA,NA,NA,NA,NA,NA,NA
"226","Romeo Doubs","GB","WR","15779","robust",NA,NA,NA,NA,NA,NA,NA,NA,NA,NA,0.0875,0.037065,0.470416666666667,0.489258,0.01,0,0.1,0,0,NA,0,NA,4.175,0.889559999999999,50.9425,13.817832,0.3,0,NA,NA,NA,NA,NA,NA,NA,NA,NA,NA,NA,NA,NA,NA,NA,NA,NA,NA,NA,NA,NA,NA,NA,NA,NA,NA,NA,NA,NA,NA,NA,NA,"Q","Hamstring",2023,1
"227","Van Jefferson","LAR","WR","14858","robust",NA,NA,NA,NA,NA,NA,NA,NA,NA,NA,0.0125,0.037065,0.505,0.163086,0,0,0,0,0,NA,0,NA,3.4525,0.44478,49.9475,2.55007200000001,0.3,0,NA,NA,NA,NA,NA,NA,NA,NA,NA,NA,NA,NA,NA,NA,NA,NA,NA,NA,NA,NA,NA,NA,NA,NA,NA,NA,NA,NA,NA,NA,NA,NA,NA,NA,NA,NA
"228","Michael Thomas","NO","WR","12652","robust",NA,NA,NA,NA,NA,NA,NA,NA,NA,NA,0.0125,0.037065,0.265,0.29652,0,0,0,0,0,NA,0,NA,4.11,0.222390000000001,48.48,8.954904,0.3,0.14826,NA,NA,NA,NA,NA,NA,NA,NA,NA,NA,NA,NA,NA,NA,NA,NA,NA,NA,NA,NA,NA,NA,NA,NA,NA,NA,NA,NA,NA,NA,NA,NA,NA,NA,NA,NA
"229","Courtland Sutton","DEN","WR","13630","robust",NA,NA,NA,NA,NA,NA,NA,NA,NA,NA,0.05,0.07413,0.107083333333333,0.121079,0,0,0,0,0,NA,0,NA,4,0,55.65,4.4478,0.3,0.014826,NA,NA,NA,NA,NA,NA,NA,NA,NA,NA,NA,NA,NA,NA,NA,NA,NA,NA,NA,NA,NA,NA,NA,NA,NA,NA,NA,NA,NA,NA,NA,NA,NA,NA,NA,NA
"230","Nico Collins","HOU","WR","15290","robust",NA,NA,NA,NA,NA,NA,NA,NA,NA,NA,0,0,0,0,0,0,0,0,0,NA,0,NA,3.8875,0.29652,51.2225,5.1891,0.2475,0.103782,NA,NA,NA,NA,NA,NA,NA,NA,NA,NA,NA,NA,NA,NA,NA,NA,NA,NA,NA,NA,NA,NA,NA,NA,NA,NA,NA,NA,NA,NA,NA,NA,NA,NA,NA,NA
"231","Jakobi Meyers","LVR","WR","14127","robust",NA,NA,NA,NA,NA,NA,NA,NA,NA,NA,0.0875,0.037065,0.15,0.303933,0,0,0.1,0,0,NA,0,NA,4.025,0.148259999999999,45.1,10.97124,0.2,0.059304,NA,NA,NA,NA,NA,NA,NA,NA,NA,NA,NA,NA,NA,NA,NA,NA,NA,NA,NA,NA,NA,NA,NA,NA,NA,NA,NA,NA,NA,NA,NA,NA,NA,NA,NA,NA
"232","Michael Pittman","IND","WR","14842","robust",NA,NA,NA,NA,NA,NA,NA,NA,NA,NA,0.175,0.07413,1.43208333333333,0.269339,0,0,0,0,0,NA,0,NA,4.7925,0.622692,56.53,4.31436599999999,0.3,0,NA,NA,NA,NA,NA,NA,NA,NA,NA,NA,NA,NA,NA,NA,NA,NA,NA,NA,NA,NA,NA,NA,NA,NA,NA,NA,NA,NA,NA,NA,NA,NA,NA,NA,NA,NA
"233","JuJu Smith-Schuster","NE","WR","13156","robust",NA,NA,NA,NA,NA,NA,NA,NA,NA,NA,0.0125,0.037065,0.085,0.044478,0,0,0.1125,0.037065,0,NA,0,NA,4.525,0.59304,50.8575,8.22843,0.25,0.059304,NA,NA,NA,NA,NA,NA,NA,NA,NA,NA,NA,NA,NA,NA,NA,NA,NA,NA,NA,NA,NA,NA,NA,NA,NA,NA,NA,NA,NA,NA,NA,NA,NA,NA,NA,NA
"234","Gabriel Davis","BUF","WR","14845","robust",NA,NA,NA,NA,NA,NA,NA,NA,NA,NA,0,0,0.05,0.113666,0,0,0.0125,0.037065,0,NA,0,NA,3.2,0.504084,50.525,3.676848,0.3775,0,NA,NA,NA,NA,NA,NA,NA,NA,NA,NA,NA,NA,NA,NA,NA,NA,NA,NA,NA,NA,NA,NA,NA,NA,NA,NA,NA,NA,NA,NA,NA,NA,NA,NA,NA,NA
"235","Rashid Shaheed","NO","WR","16080","robust",NA,NA,NA,NA,NA,NA,NA,NA,NA,NA,0.1875,0.037065,1.88583333333333,0.385476,0.0325,0.029652,0,0,0,NA,0.01,0,2.35,0.533736,35.1075,5.63388000000001,0.15,0.088956,NA,NA,NA,NA,NA,NA,NA,NA,NA,NA,NA,NA,NA,NA,NA,NA,NA,NA,NA,NA,NA,NA,NA,NA,NA,NA,NA,NA,NA,NA,NA,NA,NA,NA,NA,NA
"236","Marquez Valdes-Scantling","KC","WR","13793","robust",NA,NA,NA,NA,NA,NA,NA,NA,NA,NA,0.0875,0.037065,0.150833333333333,0.14826,0.01,0,0,0,0,NA,0,NA,2.955,0.400302,48.1,3.11346,0.3,0.088956,NA,NA,NA,NA,NA,NA,NA,NA,NA,NA,NA,NA,NA,NA,NA,NA,NA,NA,NA,NA,NA,NA,NA,NA,NA,NA,NA,NA,NA,NA,NA,NA,NA,NA,NA,NA
"237","Treylon Burks","TEN","WR","15752","robust",NA,NA,NA,NA,NA,NA,NA,NA,NA,NA,0.261647278143819,NA,2.54333333333333,1.279978,0.00445039429784653,0,0,0,0,NA,0,NA,3.5,0.504084,46.435,11.8608,0.2,0.133434,NA,NA,NA,NA,NA,NA,NA,NA,NA,NA,NA,NA,NA,NA,NA,NA,NA,NA,NA,NA,NA,NA,NA,NA,NA,NA,NA,NA,NA,NA,NA,NA,NA,NA,NA,NA
"238","DeVante Parker","NE","WR","12176","robust",NA,NA,NA,NA,NA,NA,NA,NA,NA,NA,0,0,0,0,0,0,0,0,0,NA,0,NA,3.0075,0.14826,43.9,7.27956600000001,0.25,0.103782,NA,NA,NA,NA,NA,NA,NA,NA,NA,NA,NA,NA,NA,NA,NA,NA,NA,NA,NA,NA,NA,NA,NA,NA,NA,NA,NA,NA,NA,NA,NA,NA,"Q","Knee",2023,1
"239","Jordan Addison","MIN","WR","16186","robust",NA,NA,NA,NA,NA,NA,NA,NA,NA,NA,0.0875,0.037065,0.495,0.44478,0,0,0.0125,0.037065,0,NA,0,NA,3.8,0.266868,47.93,1.33434,0.3,0,NA,NA,NA,NA,NA,NA,NA,NA,NA,NA,NA,NA,NA,NA,NA,NA,NA,NA,NA,NA,NA,NA,NA,NA,NA,NA,NA,NA,NA,NA,NA,NA,NA,NA,NA,NA
"240","Zay Jones","JAC","WR","13176","robust",NA,NA,NA,NA,NA,NA,NA,NA,NA,NA,0.0875,0.037065,0.53,0.0494200000000002,0,0,0,0,0,NA,0,NA,3.97,0.29652,41.7975,4.22541,0.2,0,NA,NA,NA,NA,NA,NA,NA,NA,NA,NA,NA,NA,NA,NA,NA,NA,NA,NA,NA,NA,NA,NA,NA,NA,NA,NA,NA,NA,NA,NA,NA,NA,NA,NA,NA,NA
"241","Jonathan Mingo","CAR","WR","16197","robust",NA,NA,NA,NA,NA,NA,NA,NA,NA,NA,0.0875,0.037065,0.85125,0.155673,0,0,0.0125,0.037065,0,NA,0,NA,3.1225,0.548561999999999,44.9175,1.586382,0.215,0.044478,NA,NA,NA,NA,NA,NA,NA,NA,NA,NA,NA,NA,NA,NA,NA,NA,NA,NA,NA,NA,NA,NA,NA,NA,NA,NA,NA,NA,NA,NA,NA,NA,NA,NA,NA,NA
"242","Skyy Moore","KC","WR","15766","robust",NA,NA,NA,NA,NA,NA,NA,NA,NA,NA,0.242145683453237,NA,1.65,0.375592,0.00374670560581238,0,0.1125,0.037065,0,NA,0.01,0,3.695,0.281694,46.6,2.2239,0.31,0.029652,NA,NA,NA,NA,NA,NA,NA,NA,NA,NA,NA,NA,NA,NA,NA,NA,NA,NA,NA,NA,NA,NA,NA,NA,NA,NA,NA,NA,NA,NA,NA,NA,NA,NA,NA,NA
"243","Kalif Raymond","DET","WR","13066","robust",NA,NA,NA,NA,NA,NA,NA,NA,NA,NA,0.133333333333333,0.09884,1.61,0.7413,0,0,0,0,0,NA,0.01,0,1.9,0.14826,25.205,4.358844,0.11,0,NA,NA,NA,NA,NA,NA,NA,NA,NA,NA,NA,NA,NA,NA,NA,NA,NA,NA,NA,NA,NA,NA,NA,NA,NA,NA,NA,NA,NA,NA,NA,NA,NA,NA,NA,NA
"244","Elijah Moore","CLE","WR","15288","robust",NA,NA,NA,NA,NA,NA,NA,NA,NA,NA,0.36,NA,2.095,0.355824,0.01,0.014826,0,0,0,NA,0,NA,3.1,0.59304,42.1,5.78214,0.2225,0.088956,NA,NA,NA,NA,NA,NA,NA,NA,NA,NA,NA,NA,NA,NA,NA,NA,NA,NA,NA,NA,NA,NA,NA,NA,NA,NA,NA,NA,NA,NA,NA,NA,NA,NA,NA,NA
"245","Jayden Reed","GB","WR","16184","robust",NA,NA,NA,NA,NA,NA,NA,NA,NA,NA,0.18,NA,1.29208333333333,0.44478,0.00191732888807697,0,0.0125,0.037065,0,NA,0.01,0,3.15,0.252042,42.76,2.787288,0.2,0,NA,NA,NA,NA,NA,NA,NA,NA,NA,NA,NA,NA,NA,NA,NA,NA,NA,NA,NA,NA,NA,NA,NA,NA,NA,NA,NA,NA,NA,NA,NA,NA,NA,NA,NA,NA
"246","Darius Slayton","NYG","WR","14122","robust",NA,NA,NA,NA,NA,NA,NA,NA,NA,NA,0,0,0.06,0.07413,0,0,0.0666666666666667,0.02471,0,NA,0,NA,3.1,0.467018999999999,44.015,6.797721,0.16,0.022239,NA,NA,NA,NA,NA,NA,NA,NA,NA,NA,NA,NA,NA,NA,NA,NA,NA,NA,NA,NA,NA,NA,NA,NA,NA,NA,NA,NA,NA,NA,NA,NA,NA,NA,NA,NA
"247","Kadarius Toney","KC","WR","15289","robust",NA,NA,NA,NA,NA,NA,NA,NA,NA,NA,0.42341980270369,NA,4.465,1.470245,0.0683605463341099,0.0567523080100974,0.0875,0.037065,0,NA,0,NA,2.8775,1.63086,34.725,15.5673,0.25,0.103782,NA,NA,NA,NA,NA,NA,NA,NA,NA,NA,NA,NA,NA,NA,NA,NA,NA,NA,NA,NA,NA,NA,NA,NA,NA,NA,NA,NA,NA,NA,NA,NA,NA,NA,NA,NA
"248","Rashod Bateman","BAL","WR","15293","robust",NA,NA,NA,NA,NA,NA,NA,NA,NA,NA,0,0,0,0,0,0,0.05,0.07413,0,NA,0,NA,2.7025,0.59304,38.9325,6.22692,0.245,0.133434,NA,NA,NA,NA,NA,NA,NA,NA,NA,NA,NA,NA,NA,NA,NA,NA,NA,NA,NA,NA,NA,NA,NA,NA,NA,NA,NA,NA,NA,NA,NA,NA,NA,NA,NA,NA
"249","Rondale Moore","ARI","WR","15283","robust",NA,NA,NA,NA,NA,NA,NA,NA,NA,NA,0.535,NA,3.0575,0.719061,0.00314544930875576,0,0,0,0,NA,0,NA,3.5075,0.59304,36.32,6.567918,0.1,0,NA,NA,NA,NA,NA,NA,NA,NA,NA,NA,NA,NA,NA,NA,NA,NA,NA,NA,NA,NA,NA,NA,NA,NA,NA,NA,NA,NA,NA,NA,NA,NA,NA,NA,NA,NA
"250","Jaxon Smith-Njigba","SEA","WR","16185","robust",NA,NA,NA,NA,NA,NA,NA,NA,NA,NA,0.0875,0.037065,0.629166666666667,0.383005,0,0,0.0125,0.037065,0,NA,0,NA,2.925,0.14826,38.4,1.77912,0.2,0,NA,NA,NA,NA,NA,NA,NA,NA,NA,NA,NA,NA,NA,NA,NA,NA,NA,NA,NA,NA,NA,NA,NA,NA,NA,NA,NA,NA,NA,NA,NA,NA,NA,NA,NA,NA
"251","Adam Thielen","CAR","WR","11938","robust",NA,NA,NA,NA,NA,NA,NA,NA,NA,NA,0.0875,0.037065,0.485416666666667,0.29652,0,0,0,0,0,NA,0,NA,3.4525,0.533736,41.885,1.33434,0.29,0.0296519999999999,NA,NA,NA,NA,NA,NA,NA,NA,NA,NA,NA,NA,NA,NA,NA,NA,NA,NA,NA,NA,NA,NA,NA,NA,NA,NA,NA,NA,NA,NA,NA,NA,"Q","Ankle",2023,1
"252","Tyler Boyd","CIN","WR","12650","robust",NA,NA,NA,NA,NA,NA,NA,NA,NA,NA,0.1,NA,0.7275,0.29652,0.00020979020979021,0,0,0,0,NA,0,NA,3.2,0.44478,40.3,7.27956599999999,0.2,0,NA,NA,NA,NA,NA,NA,NA,NA,NA,NA,NA,NA,NA,NA,NA,NA,NA,NA,NA,NA,NA,NA,NA,NA,NA,NA,NA,NA,NA,NA,NA,NA,NA,NA,NA,NA
"253","Allen Lazard","NYJ","WR","13632","robust",NA,NA,NA,NA,NA,NA,NA,NA,NA,NA,0.0875,0.037065,0.53875,0.14826,0,0,0,0,0,NA,0,NA,3.4,0.29652,44.075,0.444779999999996,0.3,0,NA,NA,NA,NA,NA,NA,NA,NA,NA,NA,NA,NA,NA,NA,NA,NA,NA,NA,NA,NA,NA,NA,NA,NA,NA,NA,NA,NA,NA,NA,NA,NA,NA,NA,NA,NA
"254","Marvin Mims","DEN","WR","16189","robust",NA,NA,NA,NA,NA,NA,NA,NA,NA,NA,0.0875,0.037065,0.42,0.158144,0,0,0.1,0,0,NA,0.01,0,2.4,1.03782,34.8,7.26474000000001,0.2,0,NA,NA,NA,NA,NA,NA,NA,NA,NA,NA,NA,NA,NA,NA,NA,NA,NA,NA,NA,NA,NA,NA,NA,NA,NA,NA,NA,NA,NA,NA,NA,NA,NA,NA,NA,NA
"255","Donovan Peoples-Jones","CLE","WR","14857","robust",NA,NA,NA,NA,NA,NA,NA,NA,NA,NA,0,0,0.0158333333333333,0,0,0,0.05,0.07413,0,NA,0.01,0,2.83,0.177912,40.6,5.33736,0.2,0,NA,NA,NA,NA,NA,NA,NA,NA,NA,NA,NA,NA,NA,NA,NA,NA,NA,NA,NA,NA,NA,NA,NA,NA,NA,NA,NA,NA,NA,NA,NA,NA,NA,NA,NA,NA
"256","Hunter Renfrow","LVR","WR","14123","robust",NA,NA,NA,NA,NA,NA,NA,NA,NA,NA,0.0125,0.037065,0.162083333333333,0.14826,0,0,0.0125,0.037065,0,NA,0,NA,3.6625,0.66717,36.625,3.40998,0.2,0.07413,NA,NA,NA,NA,NA,NA,NA,NA,NA,NA,NA,NA,NA,NA,NA,NA,NA,NA,NA,NA,NA,NA,NA,NA,NA,NA,NA,NA,NA,NA,NA,NA,NA,NA,NA,NA
"257","Kendrick Bourne","NE","WR","13418","robust",NA,NA,NA,NA,NA,NA,NA,NA,NA,NA,0.313881315371999,NA,2.52458333333333,0.266868,0.00414675301124034,0,0,0,0,NA,0,NA,3,0.0148259999999997,36.6775,2.37216,0.145,0,NA,NA,NA,NA,NA,NA,NA,NA,NA,NA,NA,NA,NA,NA,NA,NA,NA,NA,NA,NA,NA,NA,NA,NA,NA,NA,NA,NA,NA,NA,NA,NA,NA,NA,NA,NA
"258","Mecole Hardman","NYJ","WR","14113","robust",NA,NA,NA,NA,NA,NA,NA,NA,NA,NA,0.395,NA,2.69,0.612808,0.00809879199337031,0.014826,0.062,0.0563388,0,NA,0.05,0,2.6,0.489258,30.9,5.441142,0.19,0.029652,NA,NA,NA,NA,NA,NA,NA,NA,NA,NA,NA,NA,NA,NA,NA,NA,NA,NA,NA,NA,NA,NA,NA,NA,NA,NA,NA,NA,NA,NA,NA,NA,NA,NA,NA,NA
"259","Isaiah Hodgins","NYG","WR","14849","robust",NA,NA,NA,NA,NA,NA,NA,NA,NA,NA,0,0,0.05,0.081543,0,0,0.0875,0.037065,0,NA,0,NA,3,0,35.075,8.8956,0.2,0.029652,NA,NA,NA,NA,NA,NA,NA,NA,NA,NA,NA,NA,NA,NA,NA,NA,NA,NA,NA,NA,NA,NA,NA,NA,NA,NA,NA,NA,NA,NA,NA,NA,NA,NA,NA,NA
"260","Darnell Mooney","CHI","WR","14974","robust",NA,NA,NA,NA,NA,NA,NA,NA,NA,NA,0.1,0,0.625833333333333,0.0617749999999999,0,0,0,0,0,NA,0,NA,3.1,0.14826,40.4,6.256572,0.2,0,NA,NA,NA,NA,NA,NA,NA,NA,NA,NA,NA,NA,NA,NA,NA,NA,NA,NA,NA,NA,NA,NA,NA,NA,NA,NA,NA,NA,NA,NA,NA,NA,NA,NA,NA,NA
"261","Curtis Samuel","WAS","WR","13157","robust",NA,NA,NA,NA,NA,NA,NA,NA,NA,NA,1.615,NA,9.07625,0.808017,0.0830335713335553,0.0413137085634836,0.001,0,0,NA,0,NA,2.8,0.177911999999999,31.9,5.292882,0.2,0,NA,NA,NA,NA,NA,NA,NA,NA,NA,NA,NA,NA,NA,NA,NA,NA,NA,NA,NA,NA,NA,NA,NA,NA,NA,NA,NA,NA,NA,NA,NA,NA,NA,NA,NA,NA
"262","Quentin Johnston","LAC","WR","16188","robust",NA,NA,NA,NA,NA,NA,NA,NA,NA,NA,0.131618222106361,NA,0.8475,0.214977,0.000636861313868613,0,0.0125,0.037065,0,NA,0,NA,2.425,0.59304,32.6,7.11648,0.14,0.14826,NA,NA,NA,NA,NA,NA,NA,NA,NA,NA,NA,NA,NA,NA,NA,NA,NA,NA,NA,NA,NA,NA,NA,NA,NA,NA,NA,NA,NA,NA,NA,NA,NA,NA,NA,NA
"263","Nathaniel Dell","HOU","WR","16204","robust",NA,NA,NA,NA,NA,NA,NA,NA,NA,NA,0.0875,0.037065,0.349583333333333,0.14826,0,0,0.0125,0.037065,0,NA,0.01,0,2.05,1.18608,25.9,11.71254,0.1,0.088956,NA,NA,NA,NA,NA,NA,NA,NA,NA,NA,NA,NA,NA,NA,NA,NA,NA,NA,NA,NA,NA,NA,NA,NA,NA,NA,NA,NA,NA,NA,NA,NA,NA,NA,NA,NA
"264","Wan'Dale Robinson","NYG","WR","15757","robust",NA,NA,NA,NA,NA,NA,NA,NA,NA,NA,0.075,0,0.3,0,0,0,0,0,0,NA,0,NA,2.15,0,26.3,0,0.15,0,NA,NA,NA,NA,NA,NA,NA,NA,NA,NA,NA,NA,NA,NA,NA,NA,NA,NA,NA,NA,NA,NA,NA,NA,NA,NA,NA,NA,NA,NA,NA,NA,"D","Knee - ACL",2023,1
"265","Michael Gallup","DAL","WR","13646","robust",NA,NA,NA,NA,NA,NA,NA,NA,NA,NA,0,0,0,0,0,0,0,0,0,NA,0,NA,2.9,0.177912,37.105,5.292882,0.2,0,NA,NA,NA,NA,NA,NA,NA,NA,NA,NA,NA,NA,NA,NA,NA,NA,NA,NA,NA,NA,NA,NA,NA,NA,NA,NA,NA,NA,NA,NA,NA,NA,NA,NA,NA,NA
"266","Alec Pierce","IND","WR","15768","robust",NA,NA,NA,NA,NA,NA,NA,NA,NA,NA,0,0,0,0,0,0,0,0,0,NA,0,NA,2.79,0.281694,37.7225,3.55824000000001,0.155,0.044478,NA,NA,NA,NA,NA,NA,NA,NA,NA,NA,NA,NA,NA,NA,NA,NA,NA,NA,NA,NA,NA,NA,NA,NA,NA,NA,NA,NA,NA,NA,NA,NA,NA,NA,NA,NA
"267","Michael Wilson","ARI","WR","16206","robust",NA,NA,NA,NA,NA,NA,NA,NA,NA,NA,0,0,0.463,0.37065,0,0,0,0,0,NA,0,NA,2.4,0.311346,30.2,4.714668,0.1,0.081543,NA,NA,NA,NA,NA,NA,NA,NA,NA,NA,NA,NA,NA,NA,NA,NA,NA,NA,NA,NA,NA,NA,NA,NA,NA,NA,NA,NA,NA,NA,NA,NA,NA,NA,NA,NA
"268","Tutu Atwell","LAR","WR","15301","robust",NA,NA,NA,NA,NA,NA,NA,NA,NA,NA,0.405398560556899,NA,2.26916666666667,0.148259999999999,0.0379475421524433,0.029652,0,0,0,NA,0,NA,2.4,0.756126,33.235,6.52344,0.13,0,NA,NA,NA,NA,NA,NA,NA,NA,NA,NA,NA,NA,NA,NA,NA,NA,NA,NA,NA,NA,NA,NA,NA,NA,NA,NA,NA,NA,NA,NA,NA,NA,NA,NA,NA,NA
"269","Parris Campbell","NYG","WR","14112","robust",NA,NA,NA,NA,NA,NA,NA,NA,NA,NA,0.175,0.07413,1.91833333333333,0.44478,0,0,0,0,0,NA,0,NA,2.8725,0.326172,34.3525,6.983046,0.15,0.07413,NA,NA,NA,NA,NA,NA,NA,NA,NA,NA,NA,NA,NA,NA,NA,NA,NA,NA,NA,NA,NA,NA,NA,NA,NA,NA,NA,NA,NA,NA,NA,NA,NA,NA,NA,NA
"270","K.J. Osborn","MIN","WR","14977","robust",NA,NA,NA,NA,NA,NA,NA,NA,NA,NA,0.135,NA,0.6,0.358295,0.002,0,0,0,0,NA,0.01,0,2.95,0.14826,37.15,10.97124,0.25,0.029652,NA,NA,NA,NA,NA,NA,NA,NA,NA,NA,NA,NA,NA,NA,NA,NA,NA,NA,NA,NA,NA,NA,NA,NA,NA,NA,NA,NA,NA,NA,NA,NA,NA,NA,NA,NA
"271","Robert Woods","HOU","WR","11228","robust",NA,NA,NA,NA,NA,NA,NA,NA,NA,NA,0.1875,0.037065,0.65,0.808017,0,0,0,0,0,NA,0,NA,3.35,0.29652,36.045,0.889560000000002,0.145,0,NA,NA,NA,NA,NA,NA,NA,NA,NA,NA,NA,NA,NA,NA,NA,NA,NA,NA,NA,NA,NA,NA,NA,NA,NA,NA,NA,NA,NA,NA,NA,NA,NA,NA,NA,NA
"272","Josh Palmer","LAC","WR","15319","robust",NA,NA,NA,NA,NA,NA,NA,NA,NA,NA,0.0125,0.037065,0.08875,0.14826,0,0,0,0,0,NA,0,NA,2.8,0.59304,32.94,9.6369,0.15,0.059304,NA,NA,NA,NA,NA,NA,NA,NA,NA,NA,NA,NA,NA,NA,NA,NA,NA,NA,NA,NA,NA,NA,NA,NA,NA,NA,NA,NA,NA,NA,NA,NA,NA,NA,NA,NA
"273","Allen Robinson","PIT","WR","11678","robust",NA,NA,NA,NA,NA,NA,NA,NA,NA,NA,0,0,0.075,0,0,0,0,0,0,NA,0,NA,2.25,0.29652,26.5,5.9304,0.1,0,NA,NA,NA,NA,NA,NA,NA,NA,NA,NA,NA,NA,NA,NA,NA,NA,NA,NA,NA,NA,NA,NA,NA,NA,NA,NA,NA,NA,NA,NA,NA,NA,NA,NA,NA,NA
"274","Josh Reynolds","DET","WR","13168","robust",NA,NA,NA,NA,NA,NA,NA,NA,NA,NA,0,0,0.03,0,0,0,0,0,0,NA,0,NA,2.67,0.29652,34.0275,3.85476,0.2,0.059304,NA,NA,NA,NA,NA,NA,NA,NA,NA,NA,NA,NA,NA,NA,NA,NA,NA,NA,NA,NA,NA,NA,NA,NA,NA,NA,NA,NA,NA,NA,NA,NA,NA,NA,NA,NA
"275","Samori Toure","GB","WR","15841","robust",NA,NA,NA,NA,NA,NA,NA,NA,NA,NA,0,0,0.283,0.22239,0,0,0,0,0,NA,0,NA,1.9,0.214977,23.075,6.07866,0.1,0.111195,NA,NA,NA,NA,NA,NA,NA,NA,NA,NA,NA,NA,NA,NA,NA,NA,NA,NA,NA,NA,NA,NA,NA,NA,NA,NA,NA,NA,NA,NA,NA,NA,NA,NA,NA,NA
"276","Marvin Jones","DET","WR","10738","robust",NA,NA,NA,NA,NA,NA,NA,NA,NA,NA,0,0,0.0883333333333333,0,0,0,0,0,0,NA,0,NA,2.3975,0.133434,30.175,6.760656,0.2,0.044478,NA,NA,NA,NA,NA,NA,NA,NA,NA,NA,NA,NA,NA,NA,NA,NA,NA,NA,NA,NA,NA,NA,NA,NA,NA,NA,NA,NA,NA,NA,NA,NA,NA,NA,NA,NA
"277","Richie James","KC","WR","13724","robust",NA,NA,NA,NA,NA,NA,NA,NA,NA,NA,0.0125,0.037065,0.0783333333333333,0.034594,0,0,0.1,0,0,NA,0,NA,2,0.7413,25.1475,6.52344,0.15,0.029652,NA,NA,NA,NA,NA,NA,NA,NA,NA,NA,NA,NA,NA,NA,NA,NA,NA,NA,NA,NA,NA,NA,NA,NA,NA,NA,NA,NA,NA,NA,NA,NA,NA,NA,NA,NA
"278","Trey Palmer","TB","WR","16199","robust",NA,NA,NA,NA,NA,NA,NA,NA,NA,NA,0,0,0.265,0.22239,0.001,0,0,0,0,NA,0,NA,1.995,0.674583,24.515,9.058686,0.1,0.014826,NA,NA,NA,NA,NA,NA,NA,NA,NA,NA,NA,NA,NA,NA,NA,NA,NA,NA,NA,NA,NA,NA,NA,NA,NA,NA,NA,NA,NA,NA,NA,NA,NA,NA,NA,NA
"279","Ben Skowronek","LAR","WR","15491","robust",NA,NA,NA,NA,NA,NA,NA,NA,NA,NA,0,0,0.3,0.140847,0,0,0,0,0,NA,0,NA,2.3,0.66717,26.7,8.8956,0.1,0,NA,NA,NA,NA,NA,NA,NA,NA,NA,NA,NA,NA,NA,NA,NA,NA,NA,NA,NA,NA,NA,NA,NA,NA,NA,NA,NA,NA,NA,NA,NA,NA,NA,NA,NA,NA
"280","Mack Hollins","ATL","WR","13289","robust",NA,NA,NA,NA,NA,NA,NA,NA,NA,NA,0.0666666666666667,0.02471,1.446,0.911799,0.002,0,0,0,0,NA,0,NA,2.43,0.237216,30,2.928135,0.2,0.029652,NA,NA,NA,NA,NA,NA,NA,NA,NA,NA,NA,NA,NA,NA,NA,NA,NA,NA,NA,NA,NA,NA,NA,NA,NA,NA,NA,NA,NA,NA,NA,NA,NA,NA,NA,NA
"281","Khalil Shakir","BUF","WR","15761","robust",NA,NA,NA,NA,NA,NA,NA,NA,NA,NA,0.05,0.07413,0.2,0.313817,0,0,0,0,0,NA,0,NA,1.35,0.533736,19.45,2.07564,0.085,0.044478,NA,NA,NA,NA,NA,NA,NA,NA,NA,NA,NA,NA,NA,NA,NA,NA,NA,NA,NA,NA,NA,NA,NA,NA,NA,NA,NA,NA,NA,NA,NA,NA,NA,NA,NA,NA
"282","Puka Nacua","LAR","WR","16211","robust",NA,NA,NA,NA,NA,NA,NA,NA,NA,NA,0,0,0.27625,0.0704235,0,0,0,0,0,NA,0,NA,2.2,1.022994,28.7,6.37518,0.12,0.088956,NA,NA,NA,NA,NA,NA,NA,NA,NA,NA,NA,NA,NA,NA,NA,NA,NA,NA,NA,NA,NA,NA,NA,NA,NA,NA,NA,NA,NA,NA,NA,NA,NA,NA,NA,NA
"283","Justyn Ross","KC","WR","15763","robust",NA,NA,NA,NA,NA,NA,NA,NA,NA,NA,0.0875,0.0185325,0.307,0.051891,0,0,0.0333333333333333,0.02471,0,NA,0,NA,1,0.214977,15.95,6.026769,0.1,0.022239,NA,NA,NA,NA,NA,NA,NA,NA,NA,NA,NA,NA,NA,NA,NA,NA,NA,NA,NA,NA,NA,NA,NA,NA,NA,NA,NA,NA,NA,NA,NA,NA,NA,NA,NA,NA
"284","Isaiah McKenzie","IND","WR","13313","robust",NA,NA,NA,NA,NA,NA,NA,NA,NA,NA,0.4,0.131231599096045,2.135,0.311346,0.0019138418079096,0,0,0,0,NA,0,NA,2.02,0,20.65,1.77912,0.12,0,NA,NA,NA,NA,NA,NA,NA,NA,NA,NA,NA,NA,NA,NA,NA,NA,NA,NA,NA,NA,NA,NA,NA,NA,NA,NA,NA,NA,NA,NA,NA,NA,NA,NA,NA,NA
"285","Jalin Hyatt","NYG","WR","16183","robust",NA,NA,NA,NA,NA,NA,NA,NA,NA,NA,0.0875,0.0185325,0.5,0.1527078,0.001,0,0.0333333333333333,0.02471,0,NA,0,NA,1.5,0.7413,23.2,3.595305,0.1,0.037065,NA,NA,NA,NA,NA,NA,NA,NA,NA,NA,NA,NA,NA,NA,NA,NA,NA,NA,NA,NA,NA,NA,NA,NA,NA,NA,NA,NA,NA,NA,NA,NA,NA,NA,NA,NA
"286","Terrace Marshall","CAR","WR","15308","robust",NA,NA,NA,NA,NA,NA,NA,NA,NA,NA,0,0,0.03,0,0,0,0,0,0,NA,0,NA,1.9,0.44478,28.5825,2.07564,0.1,0.044478,NA,NA,NA,NA,NA,NA,NA,NA,NA,NA,NA,NA,NA,NA,NA,NA,NA,NA,NA,NA,NA,NA,NA,NA,NA,NA,NA,NA,NA,NA,NA,NA,NA,NA,NA,NA
"287","Josh Downs","IND","WR","16187","robust",NA,NA,NA,NA,NA,NA,NA,NA,NA,NA,0.0333333333333333,0.02471,0.353,0.29652,0,0,0,0,0,NA,0,NA,1.5,0.29652,18.44,5.752488,0.1,0.014826,NA,NA,NA,NA,NA,NA,NA,NA,NA,NA,NA,NA,NA,NA,NA,NA,NA,NA,NA,NA,NA,NA,NA,NA,NA,NA,NA,NA,NA,NA,NA,NA,NA,NA,NA,NA
"288","Noah Brown","HOU","WR","13172","robust",NA,NA,NA,NA,NA,NA,NA,NA,NA,NA,0,0,0,0,0,0,0,0,0,NA,0,NA,2.05,0.0741300000000004,24.35,1.77912,0.1,0,NA,NA,NA,NA,NA,NA,NA,NA,NA,NA,NA,NA,NA,NA,NA,NA,NA,NA,NA,NA,NA,NA,NA,NA,NA,NA,NA,NA,NA,NA,NA,NA,NA,NA,NA,NA
"289","Chase Claypool","CHI","WR","14841","robust",NA,NA,NA,NA,NA,NA,NA,NA,NA,NA,0.2375,0.111195,2.20666666666667,0.761068,0,0,0.0125,0.037065,0,NA,0,NA,1.945,0.207564,25.9,3.676848,0.1,0,NA,NA,NA,NA,NA,NA,NA,NA,NA,NA,NA,NA,NA,NA,NA,NA,NA,NA,NA,NA,NA,NA,NA,NA,NA,NA,NA,NA,NA,NA,NA,NA,NA,NA,NA,NA
"290","Rashee Rice","KC","WR","16194","robust",NA,NA,NA,NA,NA,NA,NA,NA,NA,NA,0.0875,0.037065,0.358333333333333,0.14826,0,0,0.05,0.07413,0,NA,0,NA,1.5075,0.400302,23.05,4.29954,0.1075,0.044478,NA,NA,NA,NA,NA,NA,NA,NA,NA,NA,NA,NA,NA,NA,NA,NA,NA,NA,NA,NA,NA,NA,NA,NA,NA,NA,NA,NA,NA,NA,NA,NA,NA,NA,NA,NA
"291","Olamide Zaccheaus","PHI","WR","14592","robust",NA,NA,NA,NA,NA,NA,NA,NA,NA,NA,0,0,0.11,0.029652,0,0,0.0333333333333333,0.04942,0,NA,0,NA,1.29,0.859908,15.045,8.732514,0.1,0,NA,NA,NA,NA,NA,NA,NA,NA,NA,NA,NA,NA,NA,NA,NA,NA,NA,NA,NA,NA,NA,NA,NA,NA,NA,NA,NA,NA,NA,NA,NA,NA,NA,NA,NA,NA
"292","Sterling Shepard","NYG","WR","12658","robust",NA,NA,NA,NA,NA,NA,NA,NA,NA,NA,0.125,0.07413,0.295,0.7413,0,0,0.0125,0.0185325,0,NA,0,NA,1.9,0.207564,21.85,3.884412,0.1,0.00741300000000001,NA,NA,NA,NA,NA,NA,NA,NA,NA,NA,NA,NA,NA,NA,NA,NA,NA,NA,NA,NA,NA,NA,NA,NA,NA,NA,NA,NA,NA,NA,NA,NA,NA,NA,NA,NA
"293","Nick Westbrook-Ikhine","TEN","WR","15109","robust",NA,NA,NA,NA,NA,NA,NA,NA,NA,NA,0,0,0,0,0,0,0,0,0,NA,0,NA,1.8,0.29652,23.5,1.03782,0.14,0.014826,NA,NA,NA,NA,NA,NA,NA,NA,NA,NA,NA,NA,NA,NA,NA,NA,NA,NA,NA,NA,NA,NA,NA,NA,NA,NA,NA,NA,NA,NA,NA,NA,NA,NA,NA,NA
"294","Deonte Harris","BUF","WR","14558","robust",NA,NA,NA,NA,NA,NA,NA,NA,NA,NA,0.133333333333333,0.04942,0.97,0.2461116,0.001,0,0,0,0,NA,0,NA,1.3,0.467019,16.66,6.923742,0.07,0.00741300000000001,NA,NA,NA,NA,NA,NA,NA,NA,NA,NA,NA,NA,NA,NA,NA,NA,NA,NA,NA,NA,NA,NA,NA,NA,NA,NA,NA,NA,NA,NA,NA,NA,NA,NA,NA,NA
"295","Greg Dortch","ARI","WR","14108","robust",NA,NA,NA,NA,NA,NA,NA,NA,NA,NA,0.3,NA,2.575,0.348411,0.00178655660377358,0.00226411202830189,0,0,0,NA,0.02,0,1.82,0.533736,19.5,1.868076,0.095,0.00741300000000001,NA,NA,NA,NA,NA,NA,NA,NA,NA,NA,NA,NA,NA,NA,NA,NA,NA,NA,NA,NA,NA,NA,NA,NA,NA,NA,NA,NA,NA,NA,NA,NA,NA,NA,NA,NA
"296","Cedrick Wilson","MIA","WR","13652","robust",NA,NA,NA,NA,NA,NA,NA,NA,NA,NA,0.0125,0.037065,0.0733333333333333,0.118608,0,0,0,0,0,NA,0,NA,1.45,0.44478,17.63,9.503466,0.1,0,NA,NA,NA,NA,NA,NA,NA,NA,NA,NA,NA,NA,NA,NA,NA,NA,NA,NA,NA,NA,NA,NA,NA,NA,NA,NA,NA,NA,NA,NA,NA,NA,NA,NA,NA,NA
"297","Marquise Goodwin","CLE","WR","11239","robust",NA,NA,NA,NA,NA,NA,NA,NA,NA,NA,0.1,0,0.2,0.29652,0,0,0,0,0,NA,0,NA,1.05,0.311346,16.41,5.945226,0.1,0.044478,NA,NA,NA,NA,NA,NA,NA,NA,NA,NA,NA,NA,NA,NA,NA,NA,NA,NA,NA,NA,NA,NA,NA,NA,NA,NA,NA,NA,NA,NA,NA,NA,NA,NA,NA,NA
"298","Demarcus Robinson","LAR","WR","12785","robust",NA,NA,NA,NA,NA,NA,NA,NA,NA,NA,0,0,0.02,0,0,0,0.0333333333333333,0.04942,0,NA,0,NA,1.85,0.14826,20.4,3.765804,0.11,0,NA,NA,NA,NA,NA,NA,NA,NA,NA,NA,NA,NA,NA,NA,NA,NA,NA,NA,NA,NA,NA,NA,NA,NA,NA,NA,NA,NA,NA,NA,NA,NA,NA,NA,NA,NA
"299","Braxton Berrios","MIA","WR","13638","robust",NA,NA,NA,NA,NA,NA,NA,NA,NA,NA,0.3375,0.111195,3.05666666666667,1.18608,0.055,0.086485,0,0,0,NA,0,NA,1.375,0.7413,16.2,5.78214,0.1,0,NA,NA,NA,NA,NA,NA,NA,NA,NA,NA,NA,NA,NA,NA,NA,NA,NA,NA,NA,NA,NA,NA,NA,NA,NA,NA,NA,NA,NA,NA,NA,NA,NA,NA,NA,NA
"300","Randall Cobb","NYJ","WR","10308","robust",NA,NA,NA,NA,NA,NA,NA,NA,NA,NA,0,0,0.02,0.0207564,0,0,0,0,0,NA,0,NA,1.54,0.29652,20.27,2.194248,0.08,0.059304,NA,NA,NA,NA,NA,NA,NA,NA,NA,NA,NA,NA,NA,NA,NA,NA,NA,NA,NA,NA,NA,NA,NA,NA,NA,NA,NA,NA,NA,NA,NA,NA,NA,NA,NA,NA
"301","Laviska Shenault","CAR","WR","14838","robust",NA,NA,NA,NA,NA,NA,NA,NA,NA,NA,0.793699513778713,0.14826,4.29,0.7413,0.025,0.022239,0,0,0,NA,0,NA,2.1,0.177912,21.61,0.726474,0.1,0.00741300000000001,NA,NA,NA,NA,NA,NA,NA,NA,NA,NA,NA,NA,NA,NA,NA,NA,NA,NA,NA,NA,NA,NA,NA,NA,NA,NA,NA,NA,NA,NA,NA,NA,NA,NA,NA,NA
"302","Devin Duvernay","BAL","WR","14847","robust",NA,NA,NA,NA,NA,NA,NA,NA,NA,NA,0.1,0.07413,2.69,2.07564,0.015,0.014826,0,0,0,NA,0.05,0,0.495,0.207564,8.2225,4.633125,0.0275,0.022239,NA,NA,NA,NA,NA,NA,NA,NA,NA,NA,NA,NA,NA,NA,NA,NA,NA,NA,NA,NA,NA,NA,NA,NA,NA,NA,NA,NA,NA,NA,NA,NA,NA,NA,NA,NA
"303","Jauan Jennings","SF","WR","14860","robust",NA,NA,NA,NA,NA,NA,NA,NA,NA,NA,0,0,0.004,0,0,0,0,0,0,NA,0,NA,1.35,0.37065,18.25,1.304688,0.095,0.029652,NA,NA,NA,NA,NA,NA,NA,NA,NA,NA,NA,NA,NA,NA,NA,NA,NA,NA,NA,NA,NA,NA,NA,NA,NA,NA,NA,NA,NA,NA,NA,NA,NA,NA,NA,NA
"304","Trent Sherfield","BUF","WR","13893","robust",NA,NA,NA,NA,NA,NA,NA,NA,NA,NA,0,0,0.03,0,0,0,0,0,0,NA,0,NA,1.035,0.103782,15.08,2.609376,0.09,0,NA,NA,NA,NA,NA,NA,NA,NA,NA,NA,NA,NA,NA,NA,NA,NA,NA,NA,NA,NA,NA,NA,NA,NA,NA,NA,NA,NA,NA,NA,NA,NA,NA,NA,NA,NA
"305","DeAndre Carter","LVR","WR","12394","robust",NA,NA,NA,NA,NA,NA,NA,NA,NA,NA,0.1,0.14826,0.46,0.7413,0,0,0.0666666666666667,0.04942,0,NA,0,NA,0.955,0.770952,11.82,9.918594,0.03,0.014826,NA,NA,NA,NA,NA,NA,NA,NA,NA,NA,NA,NA,NA,NA,NA,NA,NA,NA,NA,NA,NA,NA,NA,NA,NA,NA,NA,NA,NA,NA,NA,NA,"Q","Knee",2023,1
"306","Chris Moore","TEN","WR","12773","robust",NA,NA,NA,NA,NA,NA,NA,NA,NA,NA,0.0125,0.0185325,0.15,0.14826,0,0,0,0,0,NA,0,NA,1.5,0.289107,19.34,1.178667,0.1,0,NA,NA,NA,NA,NA,NA,NA,NA,NA,NA,NA,NA,NA,NA,NA,NA,NA,NA,NA,NA,NA,NA,NA,NA,NA,NA,NA,NA,NA,NA,NA,NA,NA,NA,NA,NA
"307","Quez Watkins","PHI","WR","14992","robust",NA,NA,NA,NA,NA,NA,NA,NA,NA,NA,0,0,0.001,0,0,0,0.0333333333333333,0.02471,0,NA,0,NA,1.2,0.459606,17.3,1.4826,0.1,0,NA,NA,NA,NA,NA,NA,NA,NA,NA,NA,NA,NA,NA,NA,NA,NA,NA,NA,NA,NA,NA,NA,NA,NA,NA,NA,NA,NA,NA,NA,NA,NA,NA,NA,NA,NA
"308","Equanimeous St. Brown","CHI","WR","13637","robust",NA,NA,NA,NA,NA,NA,NA,NA,NA,NA,0.05,0.037065,1.34,1.156428,0,0,0,0,0,NA,0,NA,0.7025,0.615279,11.6775,9.78516,0.055,0.07413,NA,NA,NA,NA,NA,NA,NA,NA,NA,NA,NA,NA,NA,NA,NA,NA,NA,NA,NA,NA,NA,NA,NA,NA,NA,NA,NA,NA,NA,NA,NA,NA,NA,NA,NA,NA
"309","KhaDarel Hodge","ATL","WR","13963","robust",NA,NA,NA,NA,NA,NA,NA,NA,NA,NA,0,0,0.15,0.14826,0,0,0,0,0,NA,0,NA,0.8625,0.51891,12.235,6.22692,0.1,0.022239,NA,NA,NA,NA,NA,NA,NA,NA,NA,NA,NA,NA,NA,NA,NA,NA,NA,NA,NA,NA,NA,NA,NA,NA,NA,NA,NA,NA,NA,NA,NA,NA,"Q","Ankle",2023,1
"310","Scott Miller","ATL","WR","14280","robust",NA,NA,NA,NA,NA,NA,NA,NA,NA,NA,0,0,0.0925,0.1371405,0,0,0,0,0,NA,0,NA,0.65,0.281694,7.82,3.143112,0.01,0,NA,NA,NA,NA,NA,NA,NA,NA,NA,NA,NA,NA,NA,NA,NA,NA,NA,NA,NA,NA,NA,NA,NA,NA,NA,NA,NA,NA,NA,NA,NA,NA,NA,NA,NA,NA
"311","Zach Pascal","ARI","WR","13488","robust",NA,NA,NA,NA,NA,NA,NA,NA,NA,NA,0,0,0.0425,0.051891,0,0,0,0,0,NA,0,NA,1.0275,0.37065,10.95,3.839934,0.025,0.029652,NA,NA,NA,NA,NA,NA,NA,NA,NA,NA,NA,NA,NA,NA,NA,NA,NA,NA,NA,NA,NA,NA,NA,NA,NA,NA,NA,NA,NA,NA,NA,NA,NA,NA,NA,NA
"312","Deven Thompkins","TB","WR","15977","robust",NA,NA,NA,NA,NA,NA,NA,NA,NA,NA,0,0,1.015,0.88956,0,0,0,0,0,NA,0.01,0,1.175,0.326172,13.6,3.439632,0.07,0.029652,NA,NA,NA,NA,NA,NA,NA,NA,NA,NA,NA,NA,NA,NA,NA,NA,NA,NA,NA,NA,NA,NA,NA,NA,NA,NA,NA,NA,NA,NA,NA,NA,NA,NA,NA,NA
"313","David Bell","CLE","WR","15758","robust",NA,NA,NA,NA,NA,NA,NA,NA,NA,NA,0,0,0,0,0,0,0,0,0,NA,0,NA,0.4725,0.059304,6.795,1.571556,0.015,0.022239,NA,NA,NA,NA,NA,NA,NA,NA,NA,NA,NA,NA,NA,NA,NA,NA,NA,NA,NA,NA,NA,NA,NA,NA,NA,NA,NA,NA,NA,NA,NA,NA,NA,NA,NA,NA
"314","Justin Watson","KC","WR","13776","robust",NA,NA,NA,NA,NA,NA,NA,NA,NA,NA,0,0,0.004,0,0,0,0,0,0,NA,0,NA,1.02,0.400302,13.5,0.726474,0.1,0,NA,NA,NA,NA,NA,NA,NA,NA,NA,NA,NA,NA,NA,NA,NA,NA,NA,NA,NA,NA,NA,NA,NA,NA,NA,NA,NA,NA,NA,NA,NA,NA,NA,NA,NA,NA
"315","Brandon Powell","MIN","WR","13910","robust",NA,NA,NA,NA,NA,NA,NA,NA,NA,NA,0.1,0.07413,1.6,1.33434,0,0,0,0,0,NA,0,NA,0.7,0.355824,6,2.935548,0.015,0.014826,NA,NA,NA,NA,NA,NA,NA,NA,NA,NA,NA,NA,NA,NA,NA,NA,NA,NA,NA,NA,NA,NA,NA,NA,NA,NA,NA,NA,NA,NA,NA,NA,NA,NA,NA,NA
"316","Demario Douglas","NE","WR","16342","robust",NA,NA,NA,NA,NA,NA,NA,NA,NA,NA,0,0,0.2,0.118608,0,0,0,0,0,NA,0,NA,0.7425,0.467019,9.3775,4.766559,0.06,0.044478,NA,NA,NA,NA,NA,NA,NA,NA,NA,NA,NA,NA,NA,NA,NA,NA,NA,NA,NA,NA,NA,NA,NA,NA,NA,NA,NA,NA,NA,NA,NA,NA,NA,NA,NA,NA
"317","Calvin Austin III","PIT","WR","15777","robust",NA,NA,NA,NA,NA,NA,NA,NA,NA,NA,0,0,0.395,0.340998,0,0,0,0,0,NA,0,NA,0.7775,0.14826,10.2925,3.03933,0.03,0.037065,NA,NA,NA,NA,NA,NA,NA,NA,NA,NA,NA,NA,NA,NA,NA,NA,NA,NA,NA,NA,NA,NA,NA,NA,NA,NA,NA,NA,NA,NA,NA,NA,NA,NA,NA,NA
"318","Trenton Irwin","CIN","WR","14551","robust",NA,NA,NA,NA,NA,NA,NA,NA,NA,NA,0,0,0.13,0.103782,0,0,0,0,0,NA,0,NA,0.875,0.0889560000000001,11.4,2.438877,0.075,0.059304,NA,NA,NA,NA,NA,NA,NA,NA,NA,NA,NA,NA,NA,NA,NA,NA,NA,NA,NA,NA,NA,NA,NA,NA,NA,NA,NA,NA,NA,NA,NA,NA,NA,NA,NA,NA
"319","Dyami Brown","WAS","WR","15292","robust",NA,NA,NA,NA,NA,NA,NA,NA,NA,NA,0.115441176470588,0.0152620588235294,1,0,0,0,0,0,0,NA,0,NA,0.7,0,12.465,0.726473999999999,0.0775,0.022239,NA,NA,NA,NA,NA,NA,NA,NA,NA,NA,NA,NA,NA,NA,NA,NA,NA,NA,NA,NA,NA,NA,NA,NA,NA,NA,NA,NA,NA,NA,NA,NA,NA,NA,NA,NA
"320","Kayshon Boutte","NE","WR","16193","robust",NA,NA,NA,NA,NA,NA,NA,NA,NA,NA,0.0558333333333333,0.034594,0.1675,0.103782,0,0,0,0,0,NA,0,NA,0.6475,0.014826,10.305,2.935548,0.0125,0,NA,NA,NA,NA,NA,NA,NA,NA,NA,NA,NA,NA,NA,NA,NA,NA,NA,NA,NA,NA,NA,NA,NA,NA,NA,NA,NA,NA,NA,NA,NA,NA,NA,NA,NA,NA
"321","Cedric Tillman","CLE","WR","16191","robust",NA,NA,NA,NA,NA,NA,NA,NA,NA,NA,0,0,0.335,0.256984,0,0,0,0,0,NA,0,NA,0.7025,0.22239,10.1,3.202416,0.015,0.014826,NA,NA,NA,NA,NA,NA,NA,NA,NA,NA,NA,NA,NA,NA,NA,NA,NA,NA,NA,NA,NA,NA,NA,NA,NA,NA,NA,NA,NA,NA,NA,NA,NA,NA,NA,NA
"322","Jalen Nailor","MIN","WR","15786","robust",NA,NA,NA,NA,NA,NA,NA,NA,NA,NA,0,0,0.0475,0.066717,0,0,0,0,0,NA,0,NA,0.55,0.289107,7.415,4.833276,0.015,0.014826,NA,NA,NA,NA,NA,NA,NA,NA,NA,NA,NA,NA,NA,NA,NA,NA,NA,NA,NA,NA,NA,NA,NA,NA,NA,NA,NA,NA,NA,NA,NA,NA,NA,NA,NA,NA
"323","Rakim Jarrett","TB","WR","16198","robust",NA,NA,NA,NA,NA,NA,NA,NA,NA,NA,0,0,0.335,0.29652,0.0025,0,0,0,0,NA,0,NA,0.7975,0.281694,7.6325,5.826618,0.02,0,NA,NA,NA,NA,NA,NA,NA,NA,NA,NA,NA,NA,NA,NA,NA,NA,NA,NA,NA,NA,NA,NA,NA,NA,NA,NA,NA,NA,NA,NA,NA,NA,NA,NA,NA,NA
"324","Nelson Agholor","BAL","WR","12181","robust",NA,NA,NA,NA,NA,NA,NA,NA,NA,NA,0,0,0,0,0,0,0.05,0.07413,0,NA,0,NA,0.5175,0.192738,6.79,6.434484,0.035,0.029652,NA,NA,NA,NA,NA,NA,NA,NA,NA,NA,NA,NA,NA,NA,NA,NA,NA,NA,NA,NA,NA,NA,NA,NA,NA,NA,NA,NA,NA,NA,NA,NA,NA,NA,NA,NA
"325","River Cracraft","MIA","WR","13862","robust",NA,NA,NA,NA,NA,NA,NA,NA,NA,NA,0,0,0.0425,0.051891,0,0,0,0,0,NA,0,NA,0.4,0.051891,5.42,1.082298,0.0475,0.044478,NA,NA,NA,NA,NA,NA,NA,NA,NA,NA,NA,NA,NA,NA,NA,NA,NA,NA,NA,NA,NA,NA,NA,NA,NA,NA,NA,NA,NA,NA,NA,NA,NA,NA,NA,NA
"326","Dontayvion Wicks","GB","WR","16195","robust",NA,NA,NA,NA,NA,NA,NA,NA,NA,NA,0,0,0.22,0.29652,0,0,0,0,0,NA,0,NA,0.7875,0.22239,9.0875,3.18759,0.04,0.044478,NA,NA,NA,NA,NA,NA,NA,NA,NA,NA,NA,NA,NA,NA,NA,NA,NA,NA,NA,NA,NA,NA,NA,NA,NA,NA,NA,NA,NA,NA,NA,NA,NA,NA,NA,NA
"327","Jamal Agnew","JAC","WR","13308","robust",NA,NA,NA,NA,NA,NA,NA,NA,NA,NA,0.512190476190476,0.207564,3.735,1.660512,0.005,0,0.0333333333333333,0.04942,0,NA,0.07,0,1.03,0.044478,10.55,0.400301999999999,0.09,0,NA,NA,NA,NA,NA,NA,NA,NA,NA,NA,NA,NA,NA,NA,NA,NA,NA,NA,NA,NA,NA,NA,NA,NA,NA,NA,NA,NA,NA,NA,NA,NA,NA,NA,NA,NA
"328","Brandon Johnson","DEN","WR","15987","robust",NA,NA,NA,NA,NA,NA,NA,NA,NA,NA,0,0,0.07,0.103782,0,0,0,0,0,NA,0,NA,0.745,0.14826,8.565,2.14977,0.03,0.044478,NA,NA,NA,NA,NA,NA,NA,NA,NA,NA,NA,NA,NA,NA,NA,NA,NA,NA,NA,NA,NA,NA,NA,NA,NA,NA,NA,NA,NA,NA,NA,NA,NA,NA,NA,NA
"329","Velus Jones","CHI","WR","15767","robust",NA,NA,NA,NA,NA,NA,NA,NA,NA,NA,0.05,0.037065,2.225,1.70499,0,0,0.0025,0.002471,0,NA,0.01,0,0.4025,0.088956,7.2275,2.016336,0.0375,0.029652,NA,NA,NA,NA,NA,NA,NA,NA,NA,NA,NA,NA,NA,NA,NA,NA,NA,NA,NA,NA,NA,NA,NA,NA,NA,NA,NA,NA,NA,NA,NA,NA,NA,NA,NA,NA
"330","Malik Heath","GB","WR","16413","robust",NA,NA,NA,NA,NA,NA,NA,NA,NA,NA,0,0,0.22,0.29652,0,0,0,0,0,NA,0,NA,0.59,0.192738,6.25,2.81694,0.0075,0,NA,NA,NA,NA,NA,NA,NA,NA,NA,NA,NA,NA,NA,NA,NA,NA,NA,NA,NA,NA,NA,NA,NA,NA,NA,NA,NA,NA,NA,NA,NA,NA,NA,NA,NA,NA
"331","Ronnie Bell","SF","WR","16202","robust",NA,NA,NA,NA,NA,NA,NA,NA,NA,NA,0,0,0.57,0.400302,0,0,0,0,NA,NA,0.01,0,0.525,0.185325,6.5,2.37216,0.025,0.037065,NA,NA,NA,NA,NA,NA,NA,NA,NA,NA,NA,NA,NA,NA,NA,NA,NA,NA,NA,NA,NA,NA,NA,NA,NA,NA,NA,NA,NA,NA,NA,NA,NA,NA,NA,NA
"332","Jalen Tolbert","DAL","WR","15788","robust",NA,NA,NA,NA,NA,NA,NA,NA,NA,NA,0,0,0.05,0,0,0,0,0,0,NA,0,NA,0.5,0,6.425,2.2239,0.0075,0,NA,NA,NA,NA,NA,NA,NA,NA,NA,NA,NA,NA,NA,NA,NA,NA,NA,NA,NA,NA,NA,NA,NA,NA,NA,NA,NA,NA,NA,NA,NA,NA,NA,NA,NA,NA
"333","Byron Pringle","WAS","WR","13863","robust",NA,NA,NA,NA,NA,NA,NA,NA,NA,NA,0.1325,0.14826,0.86,1.03782,0.0075,0,0,0,0,NA,0,NA,0.4475,0.14826,5.355,2.07564,0.045,0.059304,NA,NA,NA,NA,NA,NA,NA,NA,NA,NA,NA,NA,NA,NA,NA,NA,NA,NA,NA,NA,NA,NA,NA,NA,NA,NA,NA,NA,NA,NA,NA,NA,NA,NA,NA,NA
"334","Erik Ezukanma","MIA","WR","15780","robust",NA,NA,NA,NA,NA,NA,NA,NA,NA,NA,0,0,0.1325,0.14826,0,0,0,0,0,NA,0,NA,0.55,0.103782,5.8575,0.118608,0.03,0.044478,NA,NA,NA,NA,NA,NA,NA,NA,NA,NA,NA,NA,NA,NA,NA,NA,NA,NA,NA,NA,NA,NA,NA,NA,NA,NA,NA,NA,NA,NA,NA,NA,NA,NA,NA,NA
"335","Derius Davis","LAC","WR","16299","robust",NA,NA,NA,NA,NA,NA,NA,NA,NA,NA,0,0,0.54,0.415128,0,0,0,0,0,NA,0.01,0,0.29,0.385476,3.81,5.248404,0.0125,0,NA,NA,NA,NA,NA,NA,NA,NA,NA,NA,NA,NA,NA,NA,NA,NA,NA,NA,NA,NA,NA,NA,NA,NA,NA,NA,NA,NA,NA,NA,NA,NA,NA,NA,NA,NA
"336","Antoine Green","DET","WR","16349","robust",NA,NA,NA,NA,NA,NA,NA,NA,NA,NA,0,0,0.2,0.29652,0,0,0,0,0,NA,0,NA,0.4475,0.133434,5.115,2.461116,0.01,0,NA,NA,NA,NA,NA,NA,NA,NA,NA,NA,NA,NA,NA,NA,NA,NA,NA,NA,NA,NA,NA,NA,NA,NA,NA,NA,NA,NA,NA,NA,NA,NA,NA,NA,NA,NA
"337","Keith Kirkwood","NO","WR","13882","robust",NA,NA,NA,NA,NA,NA,NA,NA,NA,NA,0,0,0,0,0,0,0,0,0,NA,0,NA,0.43,0.111195,6.225,0.770952,0.015,0.022239,NA,NA,NA,NA,NA,NA,NA,NA,NA,NA,NA,NA,NA,NA,NA,NA,NA,NA,NA,NA,NA,NA,NA,NA,NA,NA,NA,NA,NA,NA,NA,NA,NA,NA,NA,NA
"338","Ray-Ray McCloud","SF","WR","13641","robust",NA,NA,NA,NA,NA,NA,NA,NA,NA,NA,0.18974358974359,0.117847692307692,1.04,0.59304,0.0025,0,0,0,0,NA,0,NA,0.325,0.0741300000000001,3.81,2.772462,0.005,0,NA,NA,NA,NA,NA,NA,NA,NA,NA,NA,NA,NA,NA,NA,NA,NA,NA,NA,NA,NA,NA,NA,NA,NA,NA,NA,NA,NA,NA,NA,NA,NA,NA,NA,NA,NA
"339","Grant Dubose","FA","WR","16374","robust",NA,NA,NA,NA,NA,NA,NA,NA,NA,NA,0,0,0.335,0.200151,0,0,0,0,NA,NA,NA,NA,0.34,0.207564,4.62,3.439632,0.015,0.022239,NA,NA,NA,NA,NA,NA,NA,NA,NA,NA,NA,NA,NA,NA,NA,NA,NA,NA,NA,NA,NA,NA,NA,NA,NA,NA,NA,NA,NA,NA,NA,NA,NA,NA,NA,NA
"340","Tre Tucker","LVR","WR","16287","robust",NA,NA,NA,NA,NA,NA,NA,NA,NA,NA,0,0,0.5,0.29652,0,0,0,0,NA,NA,NA,NA,0.435,0.200151,5.84,1.541904,0.02,0.029652,NA,NA,NA,NA,NA,NA,NA,NA,NA,NA,NA,NA,NA,NA,NA,NA,NA,NA,NA,NA,NA,NA,NA,NA,NA,NA,NA,NA,NA,NA,NA,NA,NA,NA,NA,NA
"341","Charlie Jones","CIN","WR","16203","robust",NA,NA,NA,NA,NA,NA,NA,NA,NA,NA,0,0,0.225,0.22239,0,0,0,0,0,NA,0,NA,0.4375,0.037065,5.0875,0.956277,0.015,0.022239,NA,NA,NA,NA,NA,NA,NA,NA,NA,NA,NA,NA,NA,NA,NA,NA,NA,NA,NA,NA,NA,NA,NA,NA,NA,NA,NA,NA,NA,NA,NA,NA,NA,NA,NA,NA
"342","Jason Brownlee","NYJ","WR","16423","robust",NA,NA,NA,NA,NA,NA,NA,NA,NA,NA,0,0,0.175,0.111195,0,0,0,0,NA,NA,NA,NA,0.41,0.014826,5.55,1.40847,0.015,0.022239,NA,NA,NA,NA,NA,NA,NA,NA,NA,NA,NA,NA,NA,NA,NA,NA,NA,NA,NA,NA,NA,NA,NA,NA,NA,NA,NA,NA,NA,NA,NA,NA,NA,NA,NA,NA
"343","Ihmir Smith-Marsette","CAR","WR","15434","robust",NA,NA,NA,NA,NA,NA,NA,NA,NA,NA,0,0,0.1,0.14826,0,0,0,0,NA,NA,NA,NA,0.445,0.066717,5.535,0.941451,0.015,0.022239,NA,NA,NA,NA,NA,NA,NA,NA,NA,NA,NA,NA,NA,NA,NA,NA,NA,NA,NA,NA,NA,NA,NA,NA,NA,NA,NA,NA,NA,NA,NA,NA,NA,NA,NA,NA
"344","Kirk Merritt","NO","WR","15046","robust",NA,NA,NA,NA,NA,NA,NA,NA,NA,NA,1.42688691737288,0.478067825211864,7.3125,2.090466,0.035,0.044478,0,0,0,NA,0,NA,0.5925,0.133434,5.4675,0.163086,0.0225,0,NA,NA,NA,NA,NA,NA,NA,NA,NA,NA,NA,NA,NA,NA,NA,NA,NA,NA,NA,NA,NA,NA,NA,NA,NA,NA,NA,NA,NA,NA,NA,NA,NA,NA,NA,NA
"345","Xavier Hutchinson","HOU","WR","16201","robust",NA,NA,NA,NA,NA,NA,NA,NA,NA,NA,0,0,0.265,0.096369,0,0,0,0,NA,NA,NA,NA,0.365,0.051891,4.94,0.207564,0.01,0.014826,NA,NA,NA,NA,NA,NA,NA,NA,NA,NA,NA,NA,NA,NA,NA,NA,NA,NA,NA,NA,NA,NA,NA,NA,NA,NA,NA,NA,NA,NA,NA,NA,NA,NA,NA,NA
"346","Irvin Charles","NYJ","WR","15984","robust",NA,NA,NA,NA,NA,NA,NA,NA,NA,NA,0,0,0,0,0,0,0,0,NA,NA,NA,NA,0.2,0.29652,2.75,3.33585,0,0,NA,NA,NA,NA,NA,NA,NA,NA,NA,NA,NA,NA,NA,NA,NA,NA,NA,NA,NA,NA,NA,NA,NA,NA,NA,NA,NA,NA,NA,NA,NA,NA,NA,NA,NA,NA
"347","KaVontae Turpin","DAL","WR","15981","robust",NA,NA,NA,NA,NA,NA,NA,NA,NA,NA,0.05,0.07413,0.15,0,0,0,0,0,0,NA,0,NA,0.2775,0.163086,3.0925,2.624202,0.0075,0,NA,NA,NA,NA,NA,NA,NA,NA,NA,NA,NA,NA,NA,NA,NA,NA,NA,NA,NA,NA,NA,NA,NA,NA,NA,NA,NA,NA,NA,NA,NA,NA,NA,NA,NA,NA
"348","Miles Boykin","PIT","WR","14125","robust",NA,NA,NA,NA,NA,NA,NA,NA,NA,NA,0,0,0.25,0,0,0,0,0,0,NA,0,NA,0.245,0,2.3275,3.40998,0.005,0,NA,NA,NA,NA,NA,NA,NA,NA,NA,NA,NA,NA,NA,NA,NA,NA,NA,NA,NA,NA,NA,NA,NA,NA,NA,NA,NA,NA,NA,NA,NA,NA,NA,NA,NA,NA
"349","Gunner Olszewski","PIT","WR","14555","robust",NA,NA,NA,NA,NA,NA,NA,NA,NA,NA,0.1,0.14826,1.2,0.88956,0,0,0,0,0,NA,0,NA,0.2975,0.133434,2.77,0.29652,0.005,0,NA,NA,NA,NA,NA,NA,NA,NA,NA,NA,NA,NA,NA,NA,NA,NA,NA,NA,NA,NA,NA,NA,NA,NA,NA,NA,NA,NA,NA,NA,NA,NA,NA,NA,NA,NA
"350","Cam Sims","FA","WR","13895","robust",NA,NA,NA,NA,NA,NA,NA,NA,NA,NA,0,0,0,0,0,0,0,0,NA,NA,NA,NA,0.295,0.140847,3.115,2.097879,0.01,0.014826,NA,NA,NA,NA,NA,NA,NA,NA,NA,NA,NA,NA,NA,NA,NA,NA,NA,NA,NA,NA,NA,NA,NA,NA,NA,NA,NA,NA,NA,NA,NA,NA,NA,NA,NA,NA
"351","Cody Thompson","SEA","WR","14321","robust",NA,NA,NA,NA,NA,NA,NA,NA,NA,NA,0,0,0.025,0,0,0,0,0,0,NA,0,NA,0.38,0.14826,3.7475,0.59304,0.0025,0,NA,NA,NA,NA,NA,NA,NA,NA,NA,NA,NA,NA,NA,NA,NA,NA,NA,NA,NA,NA,NA,NA,NA,NA,NA,NA,NA,NA,NA,NA,NA,NA,NA,NA,NA,NA
"352",NA,NA,"WR","16456","robust",NA,NA,NA,NA,NA,NA,NA,NA,NA,NA,0,0,0.225,0.185325,0,0,0,0,NA,NA,NA,NA,0.27,0.103782,3.145,1.697577,0.02,0.029652,NA,NA,NA,NA,NA,NA,NA,NA,NA,NA,NA,NA,NA,NA,NA,NA,NA,NA,NA,NA,NA,NA,NA,NA,NA,NA,NA,NA,NA,NA,NA,NA,NA,NA,NA,NA
"353","Tylan Wallace","BAL","WR","15285","robust",NA,NA,NA,NA,NA,NA,NA,NA,NA,NA,0,0,0,0,0,0,0,0,0,NA,0,NA,0.19,0.118608,2.205,0.533736,0.0025,0,NA,NA,NA,NA,NA,NA,NA,NA,NA,NA,NA,NA,NA,NA,NA,NA,NA,NA,NA,NA,NA,NA,NA,NA,NA,NA,NA,NA,NA,NA,NA,NA,NA,NA,NA,NA
"354","Mike Woods","CLE","WR","15792","robust",NA,NA,NA,NA,NA,NA,NA,NA,NA,NA,0,0,0,0,0,0,0,0,NA,NA,NA,NA,0.24,0.088956,2.62,0.563388,0.005,0.007413,NA,NA,NA,NA,NA,NA,NA,NA,NA,NA,NA,NA,NA,NA,NA,NA,NA,NA,NA,NA,NA,NA,NA,NA,NA,NA,NA,NA,NA,NA,NA,NA,NA,"Achilles",2023,1
"355","Tim Jones","JAC","WR","16005","robust",NA,NA,NA,NA,NA,NA,NA,NA,NA,NA,0,0,0.05,0.07413,0,0,0,0,NA,NA,NA,NA,0.165,0.096369,2.355,0.674583,0.01,0.014826,NA,NA,NA,NA,NA,NA,NA,NA,NA,NA,NA,NA,NA,NA,NA,NA,NA,NA,NA,NA,NA,NA,NA,NA,NA,NA,NA,NA,NA,NA,NA,NA,NA,NA,NA,NA
"356","Maurice Alexander","FA","WR","16066","robust",NA,NA,NA,NA,NA,NA,NA,NA,NA,NA,0,0,0,0,0,0,0,0,NA,NA,NA,NA,0.155,0.081543,1.85,1.40847,0.01,0.014826,NA,NA,NA,NA,NA,NA,NA,NA,NA,NA,NA,NA,NA,NA,NA,NA,NA,NA,NA,NA,NA,NA,NA,NA,NA,NA,NA,NA,NA,NA,NA,NA,NA,NA,NA,NA
"357","Lance McCutcheon","FA","WR","15993","robust",NA,NA,NA,NA,NA,NA,NA,NA,NA,NA,0,0,0,0,0,0,0,0,NA,NA,NA,NA,0.15,0.07413,1.955,0.971103,0.005,0.007413,NA,NA,NA,NA,NA,NA,NA,NA,NA,NA,NA,NA,NA,NA,NA,NA,NA,NA,NA,NA,NA,NA,NA,NA,NA,NA,NA,NA,NA,NA,NA,NA,NA,NA,NA,NA
"358","Dezmon Patmon","FA","WR","14998","robust",NA,NA,NA,NA,NA,NA,NA,NA,NA,NA,0,0,0,0,0,0,0,0,NA,NA,NA,NA,0.155,0.081543,1.64,1.245384,0.005,0.007413,NA,NA,NA,NA,NA,NA,NA,NA,NA,NA,NA,NA,NA,NA,NA,NA,NA,NA,NA,NA,NA,NA,NA,NA,NA,NA,NA,NA,NA,NA,NA,NA,NA,NA,NA,NA
"359","Daylen Baldwin","FA","WR","16125","robust",NA,NA,NA,NA,NA,NA,NA,NA,NA,NA,0,0,0,0,0,0,0,0,NA,NA,NA,NA,0.14,0.059304,1.695,0.882147,0.005,0.007413,NA,NA,NA,NA,NA,NA,NA,NA,NA,NA,NA,NA,NA,NA,NA,NA,NA,NA,NA,NA,NA,NA,NA,NA,NA,NA,NA,NA,NA,NA,NA,NA,"Q","Hamstring",2023,1
"360","Matthew Slater","NE","WR","9200","robust",NA,NA,NA,NA,NA,NA,NA,NA,NA,NA,0,0,0,0,0,0,0,0,0,NA,0,NA,0.0975,0.133434,1.76,0.504084,0.0025,0,NA,NA,NA,NA,NA,NA,NA,NA,NA,NA,NA,NA,NA,NA,NA,NA,NA,NA,NA,NA,NA,NA,NA,NA,NA,NA,NA,NA,NA,NA,NA,NA,NA,NA,NA,NA
"361","Keelan Cole","FA","WR","13412","robust",NA,NA,NA,NA,NA,NA,NA,NA,NA,NA,0,0,0,0,0,0,0,0,NA,NA,NA,NA,0.145,0.066717,1.62,0.770952,0.005,0.007413,NA,NA,NA,NA,NA,NA,NA,NA,NA,NA,NA,NA,NA,NA,NA,NA,NA,NA,NA,NA,NA,NA,NA,NA,NA,NA,NA,NA,NA,NA,NA,NA,NA,NA,NA,NA
"362","Colton Dowell","TEN","WR","16354","robust",NA,NA,NA,NA,NA,NA,NA,NA,NA,NA,0,0,0,0,0,0,0,0,NA,NA,NA,NA,0.15,0.07413,1,1.4826,0,0,NA,NA,NA,NA,NA,NA,NA,NA,NA,NA,NA,NA,NA,NA,NA,NA,NA,NA,NA,NA,NA,NA,NA,NA,NA,NA,NA,NA,NA,NA,NA,NA,NA,NA,NA,NA
"363","Josh Ali","ATL","WR","16141","robust",NA,NA,NA,NA,NA,NA,NA,NA,NA,NA,0,0,0.05,0.07413,0,0,0,0,NA,NA,NA,NA,0.18,0.029652,1.725,0.185325,0.005,0.007413,NA,NA,NA,NA,NA,NA,NA,NA,NA,NA,NA,NA,NA,NA,NA,NA,NA,NA,NA,NA,NA,NA,NA,NA,NA,NA,NA,NA,NA,NA,NA,NA,NA,NA,NA,NA
"364","Trent Taylor","CHI","WR","13316","robust",NA,NA,NA,NA,NA,NA,NA,NA,NA,NA,0,0,0.1,0.14826,0,0,0,0,NA,NA,NA,NA,0.07,0.103782,1.32,0.177912,0.005,0.007413,NA,NA,NA,NA,NA,NA,NA,NA,NA,NA,NA,NA,NA,NA,NA,NA,NA,NA,NA,NA,NA,NA,NA,NA,NA,NA,NA,NA,NA,NA,NA,NA,NA,NA,NA,NA
"365","T.J. Hockenson","MIN","TE","14138","robust",NA,NA,NA,NA,NA,NA,NA,NA,NA,NA,0,0,0.01375,0.0407715,0,0,0.0125,0.037065,0,NA,0,NA,5,0,52,5.885922,0.37,0.088956,NA,NA,NA,NA,NA,NA,NA,NA,NA,NA,NA,NA,NA,NA,NA,NA,NA,NA,NA,NA,NA,NA,NA,NA,NA,NA,NA,NA,NA,NA,NA,NA,NA,NA,NA,NA
"366","Darren Waller","NYG","TE","12263","robust",NA,NA,NA,NA,NA,NA,NA,NA,NA,NA,0,0,0.06,0.059304,0,0,0.0125,0.037065,0,NA,0,NA,3.9,0.770952,46.265,7.679868,0.3,0.014826,NA,NA,NA,NA,NA,NA,NA,NA,NA,NA,NA,NA,NA,NA,NA,NA,NA,NA,NA,NA,NA,NA,NA,NA,NA,NA,NA,NA,NA,NA,NA,NA,"Q","Hamstring",2023,1
"367","Mark Andrews","BAL","TE","13671","robust",NA,NA,NA,NA,NA,NA,NA,NA,NA,NA,0,0,0.275,0.81543,0.00125,0.0037065,0,0,0,NA,0,NA,4.85,0.44478,56.2325,2.2239,0.4525,0.14826,NA,NA,NA,NA,NA,NA,NA,NA,NA,NA,NA,NA,NA,NA,NA,NA,NA,NA,NA,NA,NA,NA,NA,NA,NA,NA,NA,NA,NA,NA,NA,NA,"Q","Quadriceps",2023,1
"368","George Kittle","SF","TE","13299","robust",NA,NA,NA,NA,NA,NA,NA,NA,NA,NA,0,0,0.07125,0.2112705,0,0,0,0,0,NA,0,NA,3.8,0.29652,48.2,3.7065,0.35,0.07413,NA,NA,NA,NA,NA,NA,NA,NA,NA,NA,NA,NA,NA,NA,NA,NA,NA,NA,NA,NA,NA,NA,NA,NA,NA,NA,NA,NA,NA,NA,NA,NA,"Q","Groin",2023,1
"369","Kyle Pitts","ATL","TE","15329","robust",NA,NA,NA,NA,NA,NA,NA,NA,NA,NA,0,0,0.00625,0.0185325,0,0,0,0,0,NA,0,NA,3.75,0.103782,47.775,4.4478,0.2725,0.044478,NA,NA,NA,NA,NA,NA,NA,NA,NA,NA,NA,NA,NA,NA,NA,NA,NA,NA,NA,NA,NA,NA,NA,NA,NA,NA,NA,NA,NA,NA,NA,NA,NA,NA,NA,NA
"370","Dallas Goedert","PHI","TE","13674","robust",NA,NA,NA,NA,NA,NA,NA,NA,NA,NA,0,0,0.005,0.014826,0,0,0,0,0,NA,0,NA,4,0.44478,48,3.11346,0.235,0,NA,NA,NA,NA,NA,NA,NA,NA,NA,NA,NA,NA,NA,NA,NA,NA,NA,NA,NA,NA,NA,NA,NA,NA,NA,NA,NA,NA,NA,NA,NA,NA,NA,NA,NA,NA
"371","Evan Engram","JAC","TE","13189","robust",NA,NA,NA,NA,NA,NA,NA,NA,NA,NA,0,0,0.475,0.630105,0.00125,0.0037065,0,0,0,NA,0,NA,3.975,0.177912,42.95,5.515272,0.25,0.0296519999999999,NA,NA,NA,NA,NA,NA,NA,NA,NA,NA,NA,NA,NA,NA,NA,NA,NA,NA,NA,NA,NA,NA,NA,NA,NA,NA,NA,NA,NA,NA,NA,NA,NA,NA,NA,NA
"372","David Njoku","CLE","TE","13192","robust",NA,NA,NA,NA,NA,NA,NA,NA,NA,NA,0,0,0.06875,0.2038575,0,0,0,0,0,NA,0,NA,3.5,0.163086,38.725,4.89258,0.3,0.0296519999999999,NA,NA,NA,NA,NA,NA,NA,NA,NA,NA,NA,NA,NA,NA,NA,NA,NA,NA,NA,NA,NA,NA,NA,NA,NA,NA,NA,NA,NA,NA,NA,NA,NA,NA,NA,NA
"373","Dalton Schultz","HOU","TE","13772","robust",NA,NA,NA,NA,NA,NA,NA,NA,NA,NA,0,0,0.00625,0.0185325,0,0,0.0125,0.037065,0,NA,0,NA,3.5,0.192738,38.875,2.2239,0.25,0.029652,NA,NA,NA,NA,NA,NA,NA,NA,NA,NA,NA,NA,NA,NA,NA,NA,NA,NA,NA,NA,NA,NA,NA,NA,NA,NA,NA,NA,NA,NA,NA,NA,NA,NA,NA,NA
"374","Tyler Higbee","LAR","TE","12678","robust",NA,NA,NA,NA,NA,NA,NA,NA,NA,NA,0,0,0.00875,0.0259455,0,0,0,0,0,NA,0,NA,4.2125,0.400302000000001,43,1.77912,0.25,0.044478,NA,NA,NA,NA,NA,NA,NA,NA,NA,NA,NA,NA,NA,NA,NA,NA,NA,NA,NA,NA,NA,NA,NA,NA,NA,NA,NA,NA,NA,NA,NA,NA,NA,NA,NA,NA
"375","Juwan Johnson","NO","TE","14861","robust",NA,NA,NA,NA,NA,NA,NA,NA,NA,NA,0,0,1.15625,3.2802525,0.0333333333333333,0,0,0,0,NA,0,NA,3.0425,0.993342,35.88,10.259592,0.3,0,NA,NA,NA,NA,NA,NA,NA,NA,NA,NA,NA,NA,NA,NA,NA,NA,NA,NA,NA,NA,NA,NA,NA,NA,NA,NA,NA,NA,NA,NA,NA,NA,NA,NA,NA,NA
"376","Pat Freiermuth","PIT","TE","15331","robust",NA,NA,NA,NA,NA,NA,NA,NA,NA,NA,0,0,0.00625,0.0185325,0,0,0,0,0,NA,0,NA,3.4975,0.29652,36.365,0.696821999999998,0.2075,0,NA,NA,NA,NA,NA,NA,NA,NA,NA,NA,NA,NA,NA,NA,NA,NA,NA,NA,NA,NA,NA,NA,NA,NA,NA,NA,NA,NA,NA,NA,NA,NA,NA,NA,NA,NA
"377","Chigoziem Okonkwo","TEN","TE","15889","robust",NA,NA,NA,NA,NA,NA,NA,NA,NA,NA,0.145,0,0.57,0.459606,0.00333333333333333,0,0,0,0,NA,0,NA,2.765,0.29652,33.56,6.864438,0.2,0,NA,NA,NA,NA,NA,NA,NA,NA,NA,NA,NA,NA,NA,NA,NA,NA,NA,NA,NA,NA,NA,NA,NA,NA,NA,NA,NA,NA,NA,NA,NA,NA,NA,NA,NA,NA
"378","Cole Kmet","CHI","TE","14867","robust",NA,NA,NA,NA,NA,NA,NA,NA,NA,NA,0,0,0.05125,0.1519665,0,0,0,0,0,NA,0,NA,3,0.59304,32.5,6.108312,0.2075,0,NA,NA,NA,NA,NA,NA,NA,NA,NA,NA,NA,NA,NA,NA,NA,NA,NA,NA,NA,NA,NA,NA,NA,NA,NA,NA,NA,NA,NA,NA,NA,NA,NA,NA,NA,NA
"379","Sam LaPorta","DET","TE","16214","robust",NA,NA,NA,NA,NA,NA,NA,NA,NA,NA,0,0,0.02625,0.0778365,0,0,0.0875,0.037065,0,NA,0,NA,2.8,0.29652,29.65,3.143112,0.2,0,NA,NA,NA,NA,NA,NA,NA,NA,NA,NA,NA,NA,NA,NA,NA,NA,NA,NA,NA,NA,NA,NA,NA,NA,NA,NA,NA,NA,NA,NA,NA,NA,NA,NA,NA,NA
"380","Luke Musgrave","GB","TE","16215","robust",NA,NA,NA,NA,NA,NA,NA,NA,NA,NA,0,0,0.015,0.044478,0,0,0.0125,0.037065,0,NA,0,NA,2.93,0.563388,31.5,5.100144,0.2,0,NA,NA,NA,NA,NA,NA,NA,NA,NA,NA,NA,NA,NA,NA,NA,NA,NA,NA,NA,NA,NA,NA,NA,NA,NA,NA,NA,NA,NA,NA,NA,NA,NA,NA,NA,NA
"381","Greg Dulcich","DEN","TE","15797","robust",NA,NA,NA,NA,NA,NA,NA,NA,NA,NA,0,0,0.0125,0.037065,0,0,0,0,0,NA,0,NA,3.015,0.14826,37.45,1.4826,0.25,0.07413,NA,NA,NA,NA,NA,NA,NA,NA,NA,NA,NA,NA,NA,NA,NA,NA,NA,NA,NA,NA,NA,NA,NA,NA,NA,NA,NA,NA,NA,NA,NA,NA,NA,NA,NA,NA
"382","Gerald Everett","LAC","TE","13236","robust",NA,NA,NA,NA,NA,NA,NA,NA,NA,NA,0,0,0.01,0.029652,0,0,0.05,0.07413,0,NA,0,NA,3.2,0.29652,34.315,4.89258,0.225,0,NA,NA,NA,NA,NA,NA,NA,NA,NA,NA,NA,NA,NA,NA,NA,NA,NA,NA,NA,NA,NA,NA,NA,NA,NA,NA,NA,NA,NA,NA,NA,NA,NA,NA,NA,NA
"383","Dawson Knox","BUF","TE","14143","robust",NA,NA,NA,NA,NA,NA,NA,NA,NA,NA,0,0,0.00875,0.0259455,0,0,0,0,0,NA,0,NA,2.41,0.44478,27.2,5.78214,0.2,0,NA,NA,NA,NA,NA,NA,NA,NA,NA,NA,NA,NA,NA,NA,NA,NA,NA,NA,NA,NA,NA,NA,NA,NA,NA,NA,NA,NA,NA,NA,NA,NA,NA,NA,NA,NA
"384","Hayden Hurst","CAR","TE","13680","robust",NA,NA,NA,NA,NA,NA,NA,NA,NA,NA,0,0,0.00875,0.0259455,0,0,0.0125,0.037065,0,NA,0,NA,3.2225,0.874734,31.645,10.645068,0.1,0,NA,NA,NA,NA,NA,NA,NA,NA,NA,NA,NA,NA,NA,NA,NA,NA,NA,NA,NA,NA,NA,NA,NA,NA,NA,NA,NA,NA,NA,NA,NA,NA,NA,NA,NA,NA
"385","Austin Hooper","LVR","TE","12677","robust",NA,NA,NA,NA,NA,NA,NA,NA,NA,NA,0,0,0.0075,0.022239,0,0,0,0,0,NA,0,NA,2.2,0.88956,22.81,10.82298,0.1,0,NA,NA,NA,NA,NA,NA,NA,NA,NA,NA,NA,NA,NA,NA,NA,NA,NA,NA,NA,NA,NA,NA,NA,NA,NA,NA,NA,NA,NA,NA,NA,NA,NA,NA,NA,NA
"386","Dalton Kincaid","BUF","TE","16213","robust",NA,NA,NA,NA,NA,NA,NA,NA,NA,NA,0,0,0.0225,0.066717,0,0,0.0125,0.037065,0,NA,0,NA,2.66,0.118608,30.225,1.18608,0.2,0,NA,NA,NA,NA,NA,NA,NA,NA,NA,NA,NA,NA,NA,NA,NA,NA,NA,NA,NA,NA,NA,NA,NA,NA,NA,NA,NA,NA,NA,NA,NA,NA,NA,NA,NA,NA
"387","Hunter Henry","NE","TE","12676","robust",NA,NA,NA,NA,NA,NA,NA,NA,NA,NA,0,0,0.00625,0.0185325,0,0,0,0,0,NA,0,NA,2.75,0.148259999999999,32.715,2.81694,0.2,0,NA,NA,NA,NA,NA,NA,NA,NA,NA,NA,NA,NA,NA,NA,NA,NA,NA,NA,NA,NA,NA,NA,NA,NA,NA,NA,NA,NA,NA,NA,NA,NA,NA,NA,NA,NA
"388","Jake Ferguson","DAL","TE","15799","robust",NA,NA,NA,NA,NA,NA,NA,NA,NA,NA,0,0,0.0075,0.022239,0,0,0,0,0,NA,0,NA,2.6,0.29652,27.35,1.03782,0.2,0,NA,NA,NA,NA,NA,NA,NA,NA,NA,NA,NA,NA,NA,NA,NA,NA,NA,NA,NA,NA,NA,NA,NA,NA,NA,NA,NA,NA,NA,NA,NA,NA,NA,NA,NA,NA
"389","Noah Gray","KC","TE","15337","robust",NA,NA,NA,NA,NA,NA,NA,NA,NA,NA,0,0,0.14,0.415128,0.00125,0.0037065,0.025,0.07413,0,NA,0,NA,2.73,0.29652,30.825,1.92738,0.2,0,NA,NA,NA,NA,NA,NA,NA,NA,NA,NA,NA,NA,NA,NA,NA,NA,NA,NA,NA,NA,NA,NA,NA,NA,NA,NA,NA,NA,NA,NA,NA,NA,NA,NA,NA,NA
"390","Zach Ertz","ARI","TE","11247","robust",NA,NA,NA,NA,NA,NA,NA,NA,NA,NA,0,0,0.01,0.014826,0,0,0,0,0,NA,0,NA,2.54,0.22239,23.865,2.44629,0.105,0,NA,NA,NA,NA,NA,NA,NA,NA,NA,NA,NA,NA,NA,NA,NA,NA,NA,NA,NA,NA,NA,NA,NA,NA,NA,NA,NA,NA,NA,NA,NA,NA,"Q","Knee - ACL + MCL",2023,1
"391","Logan Thomas","WAS","TE","11647","robust",NA,NA,NA,NA,NA,NA,NA,NA,NA,NA,0,0,0.01375,0.0407715,0,0,0,0,0,NA,0,NA,2.8875,0.14826,27.825,4.74432,0.2,0,NA,NA,NA,NA,NA,NA,NA,NA,NA,NA,NA,NA,NA,NA,NA,NA,NA,NA,NA,NA,NA,NA,NA,NA,NA,NA,NA,NA,NA,NA,NA,NA,NA,NA,NA,NA
"392","Cade Otton","TB","TE","15802","robust",NA,NA,NA,NA,NA,NA,NA,NA,NA,NA,0,0,0.01,0.029652,0,0,0,0,0,NA,0,NA,2.91,0.14826,30.75,2.283204,0.2,0.014826,NA,NA,NA,NA,NA,NA,NA,NA,NA,NA,NA,NA,NA,NA,NA,NA,NA,NA,NA,NA,NA,NA,NA,NA,NA,NA,NA,NA,NA,NA,NA,NA,NA,NA,NA,NA
"393","Trey McBride","ARI","TE","15794","robust",NA,NA,NA,NA,NA,NA,NA,NA,NA,NA,0,0,0.00875,0.0259455,0,0,0,0,0,NA,0,NA,2.175,1.33434,22.3,6.96822,0.09,0.029652,NA,NA,NA,NA,NA,NA,NA,NA,NA,NA,NA,NA,NA,NA,NA,NA,NA,NA,NA,NA,NA,NA,NA,NA,NA,NA,NA,NA,NA,NA,NA,NA,NA,NA,NA,NA
"394","Noah Fant","SEA","TE","14137","robust",NA,NA,NA,NA,NA,NA,NA,NA,NA,NA,0,0,0.05,0.07413,0,0,0,0,0,NA,0,NA,2.85,0.415128,29.8075,2.2239,0.2,0,NA,NA,NA,NA,NA,NA,NA,NA,NA,NA,NA,NA,NA,NA,NA,NA,NA,NA,NA,NA,NA,NA,NA,NA,NA,NA,NA,NA,NA,NA,NA,NA,NA,NA,NA,NA
"395","Tyler Conklin","NYJ","TE","13675","robust",NA,NA,NA,NA,NA,NA,NA,NA,NA,NA,0,0,0.17,0.051891,0,0,0,0,0,NA,0,NA,2.65,0.585627,28.37,3.587892,0.14,0.037065,NA,NA,NA,NA,NA,NA,NA,NA,NA,NA,NA,NA,NA,NA,NA,NA,NA,NA,NA,NA,NA,NA,NA,NA,NA,NA,NA,NA,NA,NA,NA,NA,NA,NA,NA,NA
"396","Luke Schoonmaker","DAL","TE","16221","robust",NA,NA,NA,NA,NA,NA,NA,NA,NA,NA,0,0,0.0175,0.0259455,0,0,0,0,0,NA,0,NA,1.3,0.340998,11.5,1.92738,0.1,0.00741300000000001,NA,NA,NA,NA,NA,NA,NA,NA,NA,NA,NA,NA,NA,NA,NA,NA,NA,NA,NA,NA,NA,NA,NA,NA,NA,NA,NA,NA,NA,NA,NA,NA,NA,NA,NA,NA
"397","Irv Smith Jr.","CIN","TE","14141","robust",NA,NA,NA,NA,NA,NA,NA,NA,NA,NA,0,0,0.00875,0.0259455,0,0,0,0,0,NA,0,NA,2.94,0.29652,27.6,2.07564,0.2075,0,NA,NA,NA,NA,NA,NA,NA,NA,NA,NA,NA,NA,NA,NA,NA,NA,NA,NA,NA,NA,NA,NA,NA,NA,NA,NA,NA,NA,NA,NA,NA,NA,NA,NA,NA,NA
"398","Kylen Granson","IND","TE","15419","robust",NA,NA,NA,NA,NA,NA,NA,NA,NA,NA,0,0,0.03125,0.0926625,0,0,0,0,0,NA,0,NA,1.7075,0.44478,18.45,1.957032,0.1,0,NA,NA,NA,NA,NA,NA,NA,NA,NA,NA,NA,NA,NA,NA,NA,NA,NA,NA,NA,NA,NA,NA,NA,NA,NA,NA,NA,NA,NA,NA,NA,NA,NA,NA,NA,NA
"399","Jordan Akins","CLE","TE","13753","robust",NA,NA,NA,NA,NA,NA,NA,NA,NA,NA,0,0,0.00375,0.00555975,0,0,0,0,0,NA,0,NA,1.05,0.66717,11.2,7.19061,0.1,0,NA,NA,NA,NA,NA,NA,NA,NA,NA,NA,NA,NA,NA,NA,NA,NA,NA,NA,NA,NA,NA,NA,NA,NA,NA,NA,NA,NA,NA,NA,NA,NA,NA,NA,NA,NA
"400","Will Dissly","SEA","TE","13763","robust",NA,NA,NA,NA,NA,NA,NA,NA,NA,NA,0,0,0.00875,0.0259455,0,0,0,0,0,NA,0,NA,1.55,0.88956,15.9275,7.11648,0.1,0,NA,NA,NA,NA,NA,NA,NA,NA,NA,NA,NA,NA,NA,NA,NA,NA,NA,NA,NA,NA,NA,NA,NA,NA,NA,NA,NA,NA,NA,NA,NA,NA,NA,NA,NA,NA
"401","Mike Gesicki","NE","TE","13672","robust",NA,NA,NA,NA,NA,NA,NA,NA,NA,NA,0,0,0.00375,0.0111195,0,0,0,0,0,NA,0,NA,2.05,0.14826,21.5625,4.29954,0.1225,0,NA,NA,NA,NA,NA,NA,NA,NA,NA,NA,NA,NA,NA,NA,NA,NA,NA,NA,NA,NA,NA,NA,NA,NA,NA,NA,NA,NA,NA,NA,NA,NA,NA,NA,NA,NA
"402","Isaiah Likely","BAL","TE","15798","robust",NA,NA,NA,NA,NA,NA,NA,NA,NA,NA,0,0,0.005,0.014826,0,0,0,0,0,NA,0,NA,1.3425,0.29652,15.5,7.798476,0.1,0.014826,NA,NA,NA,NA,NA,NA,NA,NA,NA,NA,NA,NA,NA,NA,NA,NA,NA,NA,NA,NA,NA,NA,NA,NA,NA,NA,NA,NA,NA,NA,NA,NA,NA,NA,NA,NA
"403","Foster Moreau","NO","TE","14239","robust",NA,NA,NA,NA,NA,NA,NA,NA,NA,NA,0,0,0.51875,0.74685975,0,0,0,0,0,NA,0,NA,0.96,0.489258,12.685,7.472304,0.06,0.022239,NA,NA,NA,NA,NA,NA,NA,NA,NA,NA,NA,NA,NA,NA,NA,NA,NA,NA,NA,NA,NA,NA,NA,NA,NA,NA,NA,NA,NA,NA,NA,NA,NA,NA,NA,NA
"404","Adam Trautman","DEN","TE","14870","robust",NA,NA,NA,NA,NA,NA,NA,NA,NA,NA,0,0,0.0075,0.022239,0,0,0,0,0,NA,0,NA,1.6675,0.548562,16.925,4.74432,0.1,0,NA,NA,NA,NA,NA,NA,NA,NA,NA,NA,NA,NA,NA,NA,NA,NA,NA,NA,NA,NA,NA,NA,NA,NA,NA,NA,NA,NA,NA,NA,NA,NA,NA,NA,NA,NA
"405","Michael Mayer","LVR","TE","16212","robust",NA,NA,NA,NA,NA,NA,NA,NA,NA,NA,0,0,0,0,0,0,0.0125,0.0185325,0,NA,0,NA,1.6,0.81543,18.6,3.269133,0.1,0.014826,NA,NA,NA,NA,NA,NA,NA,NA,NA,NA,NA,NA,NA,NA,NA,NA,NA,NA,NA,NA,NA,NA,NA,NA,NA,NA,NA,NA,NA,NA,NA,NA,NA,NA,NA,NA
"406","Taysom Hill","NO","TE","13424","robust",NA,NA,NA,NA,NA,NA,NA,NA,NA,NA,2.5,0,15.96,6.434484,0.1425,0.0259455,0.05,0.07413,0,NA,0,NA,1.1525,0.14826,14.02,3.26172,0.1,0,NA,NA,NA,NA,NA,NA,NA,NA,NA,NA,NA,NA,NA,NA,NA,NA,NA,NA,NA,NA,NA,NA,NA,NA,NA,NA,NA,NA,NA,NA,NA,NA,NA,NA,NA,NA
"407","Jonnu Smith","ATL","TE","13193","robust",NA,NA,NA,NA,NA,NA,NA,NA,NA,NA,0,0,0,0,0,0,0,0,0,NA,0,NA,1,0.14826,11,0.81543,0.05,0.029652,NA,NA,NA,NA,NA,NA,NA,NA,NA,NA,NA,NA,NA,NA,NA,NA,NA,NA,NA,NA,NA,NA,NA,NA,NA,NA,NA,NA,NA,NA,NA,NA,NA,NA,NA,NA
"408","Blake Bell","KC","TE","12213","robust",NA,NA,NA,NA,NA,NA,NA,NA,NA,NA,0.12,0,0.475,0.474432,0.00333333333333333,0.002471,0,0,0,NA,0,NA,1.1,0.303933,11.55,2.727984,0.1,0,NA,NA,NA,NA,NA,NA,NA,NA,NA,NA,NA,NA,NA,NA,NA,NA,NA,NA,NA,NA,NA,NA,NA,NA,NA,NA,NA,NA,NA,NA,NA,NA,NA,NA,NA,NA
"409","Durham Smythe","MIA","TE","13676","robust",NA,NA,NA,NA,NA,NA,NA,NA,NA,NA,0,0,0.115,0.044478,0.0333333333333333,0,0,0,0,NA,0,NA,1.48,0.118608,16.7,2.07564,0.1,0,NA,NA,NA,NA,NA,NA,NA,NA,NA,NA,NA,NA,NA,NA,NA,NA,NA,NA,NA,NA,NA,NA,NA,NA,NA,NA,NA,NA,NA,NA,NA,NA,NA,NA,NA,NA
"410","Mo Alie-Cox","IND","TE","13246","robust",NA,NA,NA,NA,NA,NA,NA,NA,NA,NA,0,0,0.00625,0.0185325,0,0,0,0,0,NA,0,NA,1.5,0.118608,16.2,0.296519999999999,0.1325,0.014826,NA,NA,NA,NA,NA,NA,NA,NA,NA,NA,NA,NA,NA,NA,NA,NA,NA,NA,NA,NA,NA,NA,NA,NA,NA,NA,NA,NA,NA,NA,NA,NA,NA,NA,NA,NA
"411","Cole Turner","WAS","TE","15803","robust",NA,NA,NA,NA,NA,NA,NA,NA,NA,NA,0,0,0,0,0,0,0,0,0,NA,0,NA,0.6,0.289107,8.2,4.610886,0.0075,0.007413,NA,NA,NA,NA,NA,NA,NA,NA,NA,NA,NA,NA,NA,NA,NA,NA,NA,NA,NA,NA,NA,NA,NA,NA,NA,NA,NA,NA,NA,NA,NA,NA,NA,NA,NA,NA
"412","Josiah Deguara","GB","TE","14876","robust",NA,NA,NA,NA,NA,NA,NA,NA,NA,NA,0,0,0,0,0,0,0,0,0,NA,0,NA,1.35,0.29652,13,4.74432,0.1,0,NA,NA,NA,NA,NA,NA,NA,NA,NA,NA,NA,NA,NA,NA,NA,NA,NA,NA,NA,NA,NA,NA,NA,NA,NA,NA,NA,NA,NA,NA,NA,NA,NA,NA,NA,NA
"413","Robert Tonyan","CHI","TE","13427","robust",NA,NA,NA,NA,NA,NA,NA,NA,NA,NA,0,0,0.005,0.007413,0,0,0,0,0,NA,0,NA,1.155,0.37065,11.85,3.40998,0.095,0,NA,NA,NA,NA,NA,NA,NA,NA,NA,NA,NA,NA,NA,NA,NA,NA,NA,NA,NA,NA,NA,NA,NA,NA,NA,NA,NA,NA,NA,NA,NA,NA,NA,NA,NA,NA
"414","Donald Parham","LAC","TE","14341","robust",NA,NA,NA,NA,NA,NA,NA,NA,NA,NA,0,0,0.00375,0.00555975,0,0,0,0,0,NA,0,NA,1.2,0.0741300000000001,12.35,0.81543,0.1,0,NA,NA,NA,NA,NA,NA,NA,NA,NA,NA,NA,NA,NA,NA,NA,NA,NA,NA,NA,NA,NA,NA,NA,NA,NA,NA,NA,NA,NA,NA,NA,NA,NA,NA,NA,NA
"415","C.J. Uzomah","NYJ","TE","12317","robust",NA,NA,NA,NA,NA,NA,NA,NA,NA,NA,0,0,0.01,0.029652,0,0,0,0,0,NA,0,NA,1.1775,0.237216,13.155,2.312856,0.1,0,NA,NA,NA,NA,NA,NA,NA,NA,NA,NA,NA,NA,NA,NA,NA,NA,NA,NA,NA,NA,NA,NA,NA,NA,NA,NA,NA,NA,NA,NA,NA,NA,NA,NA,NA,NA
"416","Colby Parkinson","SEA","TE","14871","robust",NA,NA,NA,NA,NA,NA,NA,NA,NA,NA,0,0,0.005,0.007413,0,0,0,0,0,NA,0,NA,0.88,0.385476,10.045,4.781385,0.1,0,NA,NA,NA,NA,NA,NA,NA,NA,NA,NA,NA,NA,NA,NA,NA,NA,NA,NA,NA,NA,NA,NA,NA,NA,NA,NA,NA,NA,NA,NA,NA,NA,NA,NA,NA,NA
"417","Jimmy Graham","NO","TE","9925","robust",NA,NA,NA,NA,NA,NA,NA,NA,NA,NA,0,0,0.00375,0,0,0,0,0,0,NA,0,NA,0.8,0.163086,9.1,1.63086,0.1,0,NA,NA,NA,NA,NA,NA,NA,NA,NA,NA,NA,NA,NA,NA,NA,NA,NA,NA,NA,NA,NA,NA,NA,NA,NA,NA,NA,NA,NA,NA,NA,NA,NA,NA,NA,NA
"418","Brycen Hopkins","LAR","TE","14868","robust",NA,NA,NA,NA,NA,NA,NA,NA,NA,NA,0,0,0.0225,0,0,0,0,0,0,NA,0,NA,0.9,0.14826,10.8,0.59304,0.075,0.014826,NA,NA,NA,NA,NA,NA,NA,NA,NA,NA,NA,NA,NA,NA,NA,NA,NA,NA,NA,NA,NA,NA,NA,NA,NA,NA,NA,NA,NA,NA,NA,NA,NA,NA,NA,NA
"419","Daniel Bellinger","NYG","TE","15873","robust",NA,NA,NA,NA,NA,NA,NA,NA,NA,NA,0,0,0.015,0.022239,0.0333333333333333,0.02471,0.0125,0.0185325,0,NA,0,NA,0.8,0.363237,9.2,5.344773,0.085,0,NA,NA,NA,NA,NA,NA,NA,NA,NA,NA,NA,NA,NA,NA,NA,NA,NA,NA,NA,NA,NA,NA,NA,NA,NA,NA,NA,NA,NA,NA,NA,NA,NA,NA,NA,NA
"420","Teagan Quitoriano","HOU","TE","15905","robust",NA,NA,NA,NA,NA,NA,NA,NA,NA,NA,0,0,0,0,0,0,0,0,0,NA,0,NA,0.9,0.59304,10.27,7.85778,0.1,0,NA,NA,NA,NA,NA,NA,NA,NA,NA,NA,NA,NA,NA,NA,NA,NA,NA,NA,NA,NA,NA,NA,NA,NA,NA,NA,NA,NA,NA,NA,NA,NA,NA,NA,NA,NA
"421","John Bates","WAS","TE","15344","robust",NA,NA,NA,NA,NA,NA,NA,NA,NA,NA,0,0,0,0,0,0,0,0,0,NA,0,NA,0.8,0.252042,8.15,2.579724,0.05,0.044478,NA,NA,NA,NA,NA,NA,NA,NA,NA,NA,NA,NA,NA,NA,NA,NA,NA,NA,NA,NA,NA,NA,NA,NA,NA,NA,NA,NA,NA,NA,NA,NA,NA,NA,NA,NA
"422","Brock Wright","DET","TE","15626","robust",NA,NA,NA,NA,NA,NA,NA,NA,NA,NA,0,0,0.00375,0.00555975,0,0,0,0,0,NA,0,NA,1.065,0.22239,10.645,2.81694,0.1,0.014826,NA,NA,NA,NA,NA,NA,NA,NA,NA,NA,NA,NA,NA,NA,NA,NA,NA,NA,NA,NA,NA,NA,NA,NA,NA,NA,NA,NA,NA,NA,NA,NA,NA,NA,NA,NA
"423","Ian Thomas","CAR","TE","13678","robust",NA,NA,NA,NA,NA,NA,NA,NA,NA,NA,0,0,0,0,0,0,0,0,0,NA,0,NA,1.13,0.029652,11.06,1.393644,0.025,0,NA,NA,NA,NA,NA,NA,NA,NA,NA,NA,NA,NA,NA,NA,NA,NA,NA,NA,NA,NA,NA,NA,NA,NA,NA,NA,NA,NA,NA,NA,NA,NA,NA,NA,NA,NA
"424","Josh Oliver","MIN","TE","14209","robust",NA,NA,NA,NA,NA,NA,NA,NA,NA,NA,0,0,0.00375,0.00555975,0,0,0,0,0,NA,0,NA,0.95,0.0889560000000001,8.8,0.993342,0.06,0.014826,NA,NA,NA,NA,NA,NA,NA,NA,NA,NA,NA,NA,NA,NA,NA,NA,NA,NA,NA,NA,NA,NA,NA,NA,NA,NA,NA,NA,NA,NA,NA,NA,NA,NA,NA,NA
"425","Harrison Bryant","CLE","TE","14875","robust",NA,NA,NA,NA,NA,NA,NA,NA,NA,NA,0,0,0.065,0.096369,0,0,0,0,0,NA,0,NA,0.97,0.29652,10.545,2.59455,0.065,0.037065,NA,NA,NA,NA,NA,NA,NA,NA,NA,NA,NA,NA,NA,NA,NA,NA,NA,NA,NA,NA,NA,NA,NA,NA,NA,NA,NA,NA,NA,NA,NA,NA,NA,NA,NA,NA
"426","Tommy Tremble","CAR","TE","15332","robust",NA,NA,NA,NA,NA,NA,NA,NA,NA,NA,0,0,0.13125,0.19459125,0,0,0,0,0,NA,0,NA,1.055,0.14826,9.95,2.2239,0.1,0.014826,NA,NA,NA,NA,NA,NA,NA,NA,NA,NA,NA,NA,NA,NA,NA,NA,NA,NA,NA,NA,NA,NA,NA,NA,NA,NA,NA,NA,NA,NA,NA,NA,NA,NA,NA,NA
"427","Tucker Kraft","GB","TE","16222","robust",NA,NA,NA,NA,NA,NA,NA,NA,NA,NA,0,0,0,0,0,0,0,0,0,NA,0,NA,1,0.44478,10.1,0.296519999999999,0.07,0,NA,NA,NA,NA,NA,NA,NA,NA,NA,NA,NA,NA,NA,NA,NA,NA,NA,NA,NA,NA,NA,NA,NA,NA,NA,NA,NA,NA,NA,NA,NA,NA,NA,NA,NA,NA
"428","Charlie Kolar","BAL","TE","15795","robust",NA,NA,NA,NA,NA,NA,NA,NA,NA,NA,0,0,0.03,0.029652,0,0,0,0,0,NA,0,NA,0.475,0.22239,4.725,2.513007,0.015,0.014826,NA,NA,NA,NA,NA,NA,NA,NA,NA,NA,NA,NA,NA,NA,NA,NA,NA,NA,NA,NA,NA,NA,NA,NA,NA,NA,NA,NA,NA,NA,NA,NA,NA,NA,NA,NA
"429","Brenton Strange","JAC","TE","16269","robust",NA,NA,NA,NA,NA,NA,NA,NA,NA,NA,0,0,0,0,0,0,0,0,0,NA,0,NA,1,0.37065,8.8,3.18759,0.1,0,NA,NA,NA,NA,NA,NA,NA,NA,NA,NA,NA,NA,NA,NA,NA,NA,NA,NA,NA,NA,NA,NA,NA,NA,NA,NA,NA,NA,NA,NA,NA,NA,NA,NA,NA,NA
"430",NA,NA,"TE","14355","robust",NA,NA,NA,NA,NA,NA,NA,NA,NA,NA,0,0,0.0575,0.056833,0,0,0,0,0,NA,0,NA,0.6,0.29652,5.1,2.29803,0.0525,0.07413,NA,NA,NA,NA,NA,NA,NA,NA,NA,NA,NA,NA,NA,NA,NA,NA,NA,NA,NA,NA,NA,NA,NA,NA,NA,NA,NA,NA,NA,NA,NA,NA,NA,NA,NA,NA
"431","Connor Heyward","PIT","TE","15800","robust",NA,NA,NA,NA,NA,NA,NA,NA,NA,NA,0,0,0.625,0.7413,0,0,0,0,0,NA,0,NA,0.6,0.333585,6.585,3.750978,0.055,0.022239,NA,NA,NA,NA,NA,NA,NA,NA,NA,NA,NA,NA,NA,NA,NA,NA,NA,NA,NA,NA,NA,NA,NA,NA,NA,NA,NA,NA,NA,NA,NA,NA,NA,NA,NA,NA
"432","Trevon Wesco","TEN","TE","14231","robust",NA,NA,NA,NA,NA,NA,NA,NA,NA,NA,0,0,-0.05,0.07413,0,0,0,0,0,NA,0,NA,0.675,0,7.675,0,0,0,NA,NA,NA,NA,NA,NA,NA,NA,NA,NA,NA,NA,NA,NA,NA,NA,NA,NA,NA,NA,NA,NA,NA,NA,NA,NA,NA,NA,NA,NA,NA,NA,NA,NA,NA,NA
"433","Davis Allen","LAR","TE","16219","robust",NA,NA,NA,NA,NA,NA,NA,NA,NA,NA,0,0,0,0,0,0,0,0,0,NA,0,NA,1.075,0,7.975,0,0.1,0,NA,NA,NA,NA,NA,NA,NA,NA,NA,NA,NA,NA,NA,NA,NA,NA,NA,NA,NA,NA,NA,NA,NA,NA,NA,NA,NA,NA,NA,NA,NA,NA,NA,NA,NA,NA
"434","Brevin Jordan","HOU","TE","15330","robust",NA,NA,NA,NA,NA,NA,NA,NA,NA,NA,0,0,0.005,0.007413,0,0,0,0,0,NA,0,NA,0.89,0.214977,9.32,2.720571,0.045,0.044478,NA,NA,NA,NA,NA,NA,NA,NA,NA,NA,NA,NA,NA,NA,NA,NA,NA,NA,NA,NA,NA,NA,NA,NA,NA,NA,NA,NA,NA,NA,NA,NA,NA,NA,NA,NA
"435","Johnny Mundt","MIN","TE","13940","robust",NA,NA,NA,NA,NA,NA,NA,NA,NA,NA,0,0,0,0,0,0,0,0,0,NA,0,NA,0.61,0.237216,5.475,2.66868,0.005,0,NA,NA,NA,NA,NA,NA,NA,NA,NA,NA,NA,NA,NA,NA,NA,NA,NA,NA,NA,NA,NA,NA,NA,NA,NA,NA,NA,NA,NA,NA,NA,NA,NA,NA,NA,NA
"436","Julian Hill","MIA","TE","16425","robust",NA,NA,NA,NA,NA,NA,NA,NA,NA,NA,NA,NA,0,0,0,0,0,0,NA,NA,NA,NA,0.7,0.59304,7.25,7.04235,0,0,NA,NA,NA,NA,NA,NA,NA,NA,NA,NA,NA,NA,NA,NA,NA,NA,NA,NA,NA,NA,NA,NA,NA,NA,NA,NA,NA,NA,NA,NA,NA,NA,"Q","Ankle",2023,1
"437","Lawrence Cager","NYG","TE","15041","robust",NA,NA,NA,NA,NA,NA,NA,NA,NA,NA,0,0,0.03,0.022239,0,0,0,0,0,NA,0,NA,0.575,0.0741300000000001,5.8,0.29652,0.1,0,NA,NA,NA,NA,NA,NA,NA,NA,NA,NA,NA,NA,NA,NA,NA,NA,NA,NA,NA,NA,NA,NA,NA,NA,NA,NA,NA,NA,NA,NA,NA,NA,NA,NA,NA,NA
"438","Payne Durham","TB","TE","16218","robust",NA,NA,NA,NA,NA,NA,NA,NA,NA,NA,0,0,0,0,0,0,0,0,0,NA,0,NA,0.75,0,7.25,0,0.075,0,NA,NA,NA,NA,NA,NA,NA,NA,NA,NA,NA,NA,NA,NA,NA,NA,NA,NA,NA,NA,NA,NA,NA,NA,NA,NA,NA,NA,NA,NA,NA,NA,NA,NA,NA,NA
"439","Ko Kieft","TB","TE","15929","robust",NA,NA,NA,NA,NA,NA,NA,NA,NA,NA,0,0,0,0,0,0,0,0,0,NA,0,NA,0.6,0.14826,7.5,1.4826,0.1,0,NA,NA,NA,NA,NA,NA,NA,NA,NA,NA,NA,NA,NA,NA,NA,NA,NA,NA,NA,NA,NA,NA,NA,NA,NA,NA,NA,NA,NA,NA,NA,NA,NA,NA,NA,NA
"440","Jack Stoll","PHI","TE","15541","robust",NA,NA,NA,NA,NA,NA,NA,NA,NA,NA,0,0,0,0,0,0,0,0,0,NA,0,NA,0.6975,0.51891,6.5875,4.4478,0.0075,0.007413,NA,NA,NA,NA,NA,NA,NA,NA,NA,NA,NA,NA,NA,NA,NA,NA,NA,NA,NA,NA,NA,NA,NA,NA,NA,NA,NA,NA,NA,NA,NA,NA,NA,NA,NA,NA
"441","Geoff Swaim","ARI","TE","12378","robust",NA,NA,NA,NA,NA,NA,NA,NA,NA,NA,0,0,0,0,0,0,0,0,0,NA,0,NA,0.9,0.22239,7.2,2.564898,0.045,0.059304,NA,NA,NA,NA,NA,NA,NA,NA,NA,NA,NA,NA,NA,NA,NA,NA,NA,NA,NA,NA,NA,NA,NA,NA,NA,NA,NA,NA,NA,NA,NA,NA,NA,NA,NA,NA
"442","Darnell Washington","PIT","TE","16216","robust",NA,NA,NA,NA,NA,NA,NA,NA,NA,NA,0,0,0.5,0,0,0,0,0,0,NA,0,NA,1,0.29652,9.05,0.148259999999999,0.05,0,NA,NA,NA,NA,NA,NA,NA,NA,NA,NA,NA,NA,NA,NA,NA,NA,NA,NA,NA,NA,NA,NA,NA,NA,NA,NA,NA,NA,NA,NA,NA,NA,NA,NA,NA,NA
"443","Luke Farrell","JAC","TE","15335","robust",NA,NA,NA,NA,NA,NA,NA,NA,NA,NA,0,0,0,0,0,0,0,0,0,NA,0,NA,0.4125,0.07413,4.95,1.4826,0.005,0,NA,NA,NA,NA,NA,NA,NA,NA,NA,NA,NA,NA,NA,NA,NA,NA,NA,NA,NA,NA,NA,NA,NA,NA,NA,NA,NA,NA,NA,NA,NA,NA,NA,NA,NA,NA
"444","Matt Bushman","KC","TE","15506","robust",NA,NA,NA,NA,NA,NA,NA,NA,NA,NA,NA,NA,NA,NA,NA,NA,0,0,NA,NA,NA,NA,0.45,0.51891,5.55,5.11497,0.05,0.07413,NA,NA,NA,NA,NA,NA,NA,NA,NA,NA,NA,NA,NA,NA,NA,NA,NA,NA,NA,NA,NA,NA,NA,NA,NA,NA,NA,NA,NA,NA,NA,NA,NA,NA,NA,NA
"445","James Mitchell","DET","TE","15909","robust",NA,NA,NA,NA,NA,NA,NA,NA,NA,NA,0,0,0,0,0,0,0,0,0,NA,0,NA,0.6,0.059304,6.25,0.474432,0.07,0,NA,NA,NA,NA,NA,NA,NA,NA,NA,NA,NA,NA,NA,NA,NA,NA,NA,NA,NA,NA,NA,NA,NA,NA,NA,NA,NA,NA,NA,NA,NA,NA,NA,NA,NA,NA
"446","Mitchell Wilcox","CIN","TE","15563","robust",NA,NA,NA,NA,NA,NA,NA,NA,NA,NA,NA,NA,0,0,0,0,0,0,NA,NA,NA,NA,0.7,0.59304,6.3,4.00302,0,0,NA,NA,NA,NA,NA,NA,NA,NA,NA,NA,NA,NA,NA,NA,NA,NA,NA,NA,NA,NA,NA,NA,NA,NA,NA,NA,NA,NA,NA,NA,NA,NA,NA,NA,NA,NA
"447","Ross Dwelley","SF","TE","13988","robust",NA,NA,NA,NA,NA,NA,NA,NA,NA,NA,0,0,0,0,0,0,0,0,0,NA,0,NA,0.3,0.14826,5,4.4478,0.03,0.014826,NA,NA,NA,NA,NA,NA,NA,NA,NA,NA,NA,NA,NA,NA,NA,NA,NA,NA,NA,NA,NA,NA,NA,NA,NA,NA,NA,NA,NA,NA,NA,NA,NA,NA,NA,NA
"448","MyCole Pruitt","ATL","TE","12309","robust",NA,NA,NA,NA,NA,NA,NA,NA,NA,NA,0,0,0,0,0,0,0,0,0,NA,0,NA,0.34,0.118608,3.515,0.800604,0.08,0.014826,NA,NA,NA,NA,NA,NA,NA,NA,NA,NA,NA,NA,NA,NA,NA,NA,NA,NA,NA,NA,NA,NA,NA,NA,NA,NA,NA,NA,NA,NA,NA,NA,NA,NA,NA,NA
"449","Tre' McKitty","LAC","TE","15333","robust",NA,NA,NA,NA,NA,NA,NA,NA,NA,NA,0,0,0,0,0,0,0,0,0,NA,0,NA,0.75,0.14826,6.575,0,0,0,NA,NA,NA,NA,NA,NA,NA,NA,NA,NA,NA,NA,NA,NA,NA,NA,NA,NA,NA,NA,NA,NA,NA,NA,NA,NA,NA,NA,NA,NA,NA,NA,NA,NA,NA,NA
"450","Charlie Woerner","SF","TE","14984","robust",NA,NA,NA,NA,NA,NA,NA,NA,NA,NA,0,0,0,0,0,0,0,0,0,NA,0,NA,0.225,0,3.145,0.133434,0.0025,0,NA,NA,NA,NA,NA,NA,NA,NA,NA,NA,NA,NA,NA,NA,NA,NA,NA,NA,NA,NA,NA,NA,NA,NA,NA,NA,NA,NA,NA,NA,NA,NA,NA,NA,NA,NA
"451","Andrew Ogletree","IND","TE","15916","robust",NA,NA,NA,NA,NA,NA,NA,NA,NA,NA,0,0,0,0,0,0,0,0,NA,NA,NA,NA,0.7,0,6.9,0,0,0,NA,NA,NA,NA,NA,NA,NA,NA,NA,NA,NA,NA,NA,NA,NA,NA,NA,NA,NA,NA,NA,NA,NA,NA,NA,NA,NA,NA,NA,NA,NA,NA,NA,NA,NA,NA
"452","Chris Manhertz","DEN","TE","12955","robust",NA,NA,NA,NA,NA,NA,NA,NA,NA,NA,0,0,0,0,0,0,0,0,0,NA,0,NA,0.5125,0.14826,4.975,1.40847,0.0375,0.037065,NA,NA,NA,NA,NA,NA,NA,NA,NA,NA,NA,NA,NA,NA,NA,NA,NA,NA,NA,NA,NA,NA,NA,NA,NA,NA,NA,NA,NA,NA,NA,NA,NA,NA,NA,NA
"453","Brayden Willis","SF","TE","16367","robust",NA,NA,NA,NA,NA,NA,NA,NA,NA,NA,NA,NA,NA,NA,NA,NA,0,0,NA,NA,NA,NA,0.4,0.14826,4.55,2.74281,0.05,0.07413,NA,NA,NA,NA,NA,NA,NA,NA,NA,NA,NA,NA,NA,NA,NA,NA,NA,NA,NA,NA,NA,NA,NA,NA,NA,NA,NA,NA,NA,NA,NA,NA,NA,NA,NA,NA
"454","Peyton Hendershot","DAL","TE","16000","robust",NA,NA,NA,NA,NA,NA,NA,NA,NA,NA,0,0,0,0,0.0333333333333333,0.04942,0,0,0,NA,0,NA,0.46,0.088956,5.05,1.03782,0.07,0,NA,NA,NA,NA,NA,NA,NA,NA,NA,NA,NA,NA,NA,NA,NA,NA,NA,NA,NA,NA,NA,NA,NA,NA,NA,NA,NA,NA,NA,NA,NA,NA,NA,NA,NA,NA
"455","Albert Okwuegbunam","PHI","TE","14873","robust",NA,NA,NA,NA,NA,NA,NA,NA,NA,NA,0,0,0,0,0,0,0,0,0,NA,0,NA,0.4,0.014826,4.55,1.882902,0.05,0.029652,NA,NA,NA,NA,NA,NA,NA,NA,NA,NA,NA,NA,NA,NA,NA,NA,NA,NA,NA,NA,NA,NA,NA,NA,NA,NA,NA,NA,NA,NA,NA,NA,NA,NA,NA,NA
"456","Tyler Kroft","MIA","TE","12212","robust",NA,NA,NA,NA,NA,NA,NA,NA,NA,NA,0,0,0,0,0,0,0,0,0,NA,0,NA,0.4,0,4.825,0,0,0,NA,NA,NA,NA,NA,NA,NA,NA,NA,NA,NA,NA,NA,NA,NA,NA,NA,NA,NA,NA,NA,NA,NA,NA,NA,NA,NA,NA,NA,NA,NA,NA,NA,NA,NA,NA
"457","Curtis Hodges","WAS","TE","16406","robust",NA,NA,NA,NA,NA,NA,NA,NA,NA,NA,NA,NA,NA,NA,NA,NA,0,0,NA,NA,NA,NA,0.45,0.22239,4.15,2.59455,0.05,0.07413,NA,NA,NA,NA,NA,NA,NA,NA,NA,NA,NA,NA,NA,NA,NA,NA,NA,NA,NA,NA,NA,NA,NA,NA,NA,NA,NA,NA,NA,NA,NA,NA,NA,NA,NA,NA
"458","Jesper Horsted","LVR","TE","14752","robust",NA,NA,NA,NA,NA,NA,NA,NA,NA,NA,0,0,0,0,0,0,0,0,0,NA,0,NA,0.38,0.118608,3.485,1.423296,0.03,0.014826,NA,NA,NA,NA,NA,NA,NA,NA,NA,NA,NA,NA,NA,NA,NA,NA,NA,NA,NA,NA,NA,NA,NA,NA,NA,NA,NA,NA,NA,NA,NA,NA,NA,NA,NA,NA
"459","Quintin Morris","BUF","TE","15341","robust",NA,NA,NA,NA,NA,NA,NA,NA,NA,NA,0,0,0,0,0,0,0,0,0,NA,0,NA,0.285,0.14826,3.1075,1.77912,0.015,0.014826,NA,NA,NA,NA,NA,NA,NA,NA,NA,NA,NA,NA,NA,NA,NA,NA,NA,NA,NA,NA,NA,NA,NA,NA,NA,NA,NA,NA,NA,NA,NA,NA,NA,NA,NA,NA
"460","Josh Whyle","TEN","TE","16312","robust",NA,NA,NA,NA,NA,NA,NA,NA,NA,NA,NA,NA,0,0,0,0,0,0,NA,NA,NA,NA,0.45,0.07413,3.75,2.59455,0,0,NA,NA,NA,NA,NA,NA,NA,NA,NA,NA,NA,NA,NA,NA,NA,NA,NA,NA,NA,NA,NA,NA,NA,NA,NA,NA,NA,NA,NA,NA,NA,NA,NA,NA,NA,NA
"461","Drew Sample","CIN","TE","14146","robust",NA,NA,NA,NA,NA,NA,NA,NA,NA,NA,0,0,0,0,0,0,0,0,0,NA,0,NA,0.58,0.014826,4.7975,0.148259999999999,0.0075,0,NA,NA,NA,NA,NA,NA,NA,NA,NA,NA,NA,NA,NA,NA,NA,NA,NA,NA,NA,NA,NA,NA,NA,NA,NA,NA,NA,NA,NA,NA,NA,NA,NA,NA,NA,NA
"462","John FitzPatrick","ATL","TE","15925","robust",NA,NA,NA,NA,NA,NA,NA,NA,NA,NA,NA,NA,NA,NA,NA,NA,0,0,NA,NA,NA,NA,0.4,0.14826,3.25,1.85325,0.05,0.07413,NA,NA,NA,NA,NA,NA,NA,NA,NA,NA,NA,NA,NA,NA,NA,NA,NA,NA,NA,NA,NA,NA,NA,NA,NA,NA,NA,NA,NA,NA,NA,NA,NA,NA,NA,NA
"463","Will Mallory","IND","TE","16220","robust",NA,NA,NA,NA,NA,NA,NA,NA,NA,NA,NA,NA,0,0,0,0,0.05,0.07413,NA,NA,NA,NA,0.35,0.07413,3.7,1.03782,0,0,NA,NA,NA,NA,NA,NA,NA,NA,NA,NA,NA,NA,NA,NA,NA,NA,NA,NA,NA,NA,NA,NA,NA,NA,NA,NA,NA,NA,NA,NA,NA,NA,NA,NA,NA,NA
"464","Marcedes Lewis","CHI","TE","8269","robust",NA,NA,NA,NA,NA,NA,NA,NA,NA,NA,NA,NA,0,0,0,0,0,0,NA,NA,NA,NA,0.35,0.07413,3.65,0.51891,0.05,0.07413,NA,NA,NA,NA,NA,NA,NA,NA,NA,NA,NA,NA,NA,NA,NA,NA,NA,NA,NA,NA,NA,NA,NA,NA,NA,NA,NA,NA,NA,NA,NA,NA,NA,NA,NA,NA
"465","Jeremy Ruckert","NYJ","TE","15796","robust",NA,NA,NA,NA,NA,NA,NA,NA,NA,NA,0,0,0,0,0,0,0,0,0,NA,0,NA,0.285,0.118608,2.93,1.349166,0.005,0,NA,NA,NA,NA,NA,NA,NA,NA,NA,NA,NA,NA,NA,NA,NA,NA,NA,NA,NA,NA,NA,NA,NA,NA,NA,NA,NA,NA,NA,NA,NA,NA,NA,NA,NA,NA
"466","Pharaoh Brown","NE","TE","13994","robust",NA,NA,NA,NA,NA,NA,NA,NA,NA,NA,NA,NA,0,0,0,0,0,0,NA,NA,NA,NA,0.3,0.14826,2.8,0.29652,0,0,NA,NA,NA,NA,NA,NA,NA,NA,NA,NA,NA,NA,NA,NA,NA,NA,NA,NA,NA,NA,NA,NA,NA,NA,NA,NA,NA,NA,NA,NA,NA,NA,NA,NA,NA,NA
"467","Tommy Sweeney","NYG","TE","14294","robust",NA,NA,NA,NA,NA,NA,NA,NA,NA,NA,0,0,0,0,0,0,0,0,NA,NA,NA,NA,0.155,0.081543,1.24,0.948864,0.005,0.007413,NA,NA,NA,NA,NA,NA,NA,NA,NA,NA,NA,NA,NA,NA,NA,NA,NA,NA,NA,NA,NA,NA,NA,NA,NA,NA,NA,NA,NA,NA,NA,NA,NA,"Undisclosed",2023,1
"468","Grant Calcaterra","PHI","TE","15804","robust",NA,NA,NA,NA,NA,NA,NA,NA,NA,NA,0,0,0,0,0,0,0,0,0,NA,0,NA,0.0975,0.133434,1.595,0.014826,0.0025,0,NA,NA,NA,NA,NA,NA,NA,NA,NA,NA,NA,NA,NA,NA,NA,NA,NA,NA,NA,NA,NA,NA,NA,NA,NA,NA,NA,NA,NA,NA,NA,NA,NA,NA,NA,NA
"469","Harrison Butker","KC","K","13354","robust",NA,NA,NA,NA,NA,NA,NA,NA,NA,NA,NA,NA,NA,NA,NA,NA,NA,NA,NA,NA,NA,NA,NA,NA,NA,NA,NA,NA,0,0,0.542809042809043,0.0652515151515152,0.558561808561808,0.0700936767676767,0.485,0.0596890909090909,0.349722222222222,0.0514791666666667,3.05,0.14826,NA,NA,NA,NA,NA,NA,NA,NA,NA,NA,NA,NA,NA,NA,NA,NA,NA,NA,NA,NA,NA,NA,NA,NA
"470","Tyler Bass","BUF","K","14983","robust",NA,NA,NA,NA,NA,NA,NA,NA,NA,NA,NA,NA,NA,NA,NA,NA,NA,NA,NA,NA,NA,NA,NA,NA,NA,NA,NA,NA,0.00481481481481482,0.00549111111111111,0.576851851851852,0.104537027777778,0.630300925925926,0.144828055555556,0.517260802469136,0.120575648148148,0.1125,0.0185325,2.25,0.207564,NA,NA,NA,NA,NA,NA,NA,NA,NA,NA,NA,NA,NA,NA,NA,NA,NA,NA,NA,NA,NA,NA,NA,NA
"471","Brandon Aubrey","DAL","K","16414","robust",NA,NA,NA,NA,NA,NA,NA,NA,NA,NA,NA,NA,NA,NA,NA,NA,NA,NA,NA,NA,NA,NA,NA,NA,NA,NA,NA,NA,0.00443645083932854,0.00355539568345324,0.535419804507271,0.0164669918381085,0.591059783751946,0.0577970112331188,0.485,0.0610467676385208,0.244495614035088,0.0510456578947369,2.15,0.14826,NA,NA,NA,NA,NA,NA,NA,NA,NA,NA,NA,NA,NA,NA,NA,NA,NA,NA,NA,NA,NA,NA,NA,NA
"472","Justin Tucker","BAL","K","10976","robust",NA,NA,NA,NA,NA,NA,NA,NA,NA,NA,NA,NA,NA,NA,NA,NA,NA,NA,NA,NA,NA,NA,NA,NA,NA,NA,NA,NA,0,0,0.622311688311688,0.0283683636363636,0.607619047619048,0.0228038,0.485933621933622,0.0279083939393939,0.35047619047619,0.0497024,2.84,0.207564,NA,NA,NA,NA,NA,NA,NA,NA,NA,NA,NA,NA,NA,NA,NA,NA,NA,NA,NA,NA,NA,NA,NA,NA
"473","Younghoe Koo","ATL","K","13403","robust",NA,NA,NA,NA,NA,NA,NA,NA,NA,NA,NA,NA,NA,NA,NA,NA,NA,NA,NA,NA,NA,NA,NA,NA,NA,NA,NA,NA,0,0,0.495411912648755,0.14826,0.489933750460066,0.0718913667648142,0.45,0.07413,0.293585526315789,0.0384061677631579,2.65,0.37065,NA,NA,NA,NA,NA,NA,NA,NA,NA,NA,NA,NA,NA,NA,NA,NA,NA,NA,NA,NA,NA,NA,NA,NA
"474","Cameron Dicker","LAC","K","15979","robust",NA,NA,NA,NA,NA,NA,NA,NA,NA,NA,NA,NA,NA,NA,NA,NA,NA,NA,NA,NA,NA,NA,NA,NA,NA,NA,NA,NA,0,0,0.683546944325175,0.0757638943752683,0.589840417918992,0.0816841090596823,0.592151853442107,0.0852914083297552,0.0573529411764706,0.0355387941176471,2.5,0.333585,NA,NA,NA,NA,NA,NA,NA,NA,NA,NA,NA,NA,NA,NA,NA,NA,NA,NA,NA,NA,NA,NA,NA,NA
"475","Greg Joseph","MIN","K","13898","robust",NA,NA,NA,NA,NA,NA,NA,NA,NA,NA,NA,NA,NA,NA,NA,NA,NA,NA,NA,NA,NA,NA,NA,NA,NA,NA,NA,NA,0.00772357723577236,0.00602682926829268,0.55699080017116,0.0558790163671374,0.585,0.0589209791399231,0.48992297817715,0.0468221193838254,0.314309210526316,0.0204832894736843,2.5,0.22239,NA,NA,NA,NA,NA,NA,NA,NA,NA,NA,NA,NA,NA,NA,NA,NA,NA,NA,NA,NA,NA,NA,NA,NA
"476","Brandon McManus","JAC","K","11947","robust",NA,NA,NA,NA,NA,NA,NA,NA,NA,NA,NA,NA,NA,NA,NA,NA,NA,NA,NA,NA,NA,NA,NA,NA,NA,NA,NA,NA,0,0,0.472515321076472,0.0886103365307755,0.453996802557954,0.0584092254196643,0.6,0.0693524370503598,0.354861111111111,0.0375797916666666,2.4,0.103782,NA,NA,NA,NA,NA,NA,NA,NA,NA,NA,NA,NA,NA,NA,NA,NA,NA,NA,NA,NA,NA,NA,NA,NA
"477","Evan McPherson","CIN","K","15368","robust",NA,NA,NA,NA,NA,NA,NA,NA,NA,NA,NA,NA,NA,NA,NA,NA,NA,NA,NA,NA,NA,NA,NA,NA,NA,NA,NA,NA,0,0,0.470964052287582,0.0283922745098039,0.581296296296296,0.0829319281045752,0.5,0.0625259901960784,0.353,0.044478,2.4,0.14826,NA,NA,NA,NA,NA,NA,NA,NA,NA,NA,NA,NA,NA,NA,NA,NA,NA,NA,NA,NA,NA,NA,NA,NA
"478","Jason Myers","SEA","K","12437","robust",NA,NA,NA,NA,NA,NA,NA,NA,NA,NA,NA,NA,NA,NA,NA,NA,NA,NA,NA,NA,NA,NA,NA,NA,NA,NA,NA,NA,0.00838709677419355,0.00637677419354839,0.490461233729485,0.0270341663837011,0.8,0.0300379626485569,0.46479909451047,0.0433222096774194,0.3,0.0114121184210527,2.6,0.14826,NA,NA,NA,NA,NA,NA,NA,NA,NA,NA,NA,NA,NA,NA,NA,NA,NA,NA,NA,NA,NA,NA,NA,NA
"479","Jason Sanders","MIA","K","13832","robust",NA,NA,NA,NA,NA,NA,NA,NA,NA,NA,NA,NA,NA,NA,NA,NA,NA,NA,NA,NA,NA,NA,NA,NA,NA,NA,NA,NA,0.036038961038961,0.0288818181818182,0.449729437229437,0.0699621931818182,0.573051948051948,0.0587022954545454,0.6,0.0767775,0.110625,0.007413,2.5,0.14826,NA,NA,NA,NA,NA,NA,NA,NA,NA,NA,NA,NA,NA,NA,NA,NA,NA,NA,NA,NA,NA,NA,NA,NA
"480","Joey Slye","WAS","K","14600","robust",NA,NA,NA,NA,NA,NA,NA,NA,NA,NA,NA,NA,NA,NA,NA,NA,NA,NA,NA,NA,NA,NA,NA,NA,NA,NA,NA,NA,0.04625,0.010563525,0.64,0.147352814685315,0.456876456876457,0.0691707202797203,0.5,0.0903642972027973,0.3,0.0375283125,2.1,0.29652,NA,NA,NA,NA,NA,NA,NA,NA,NA,NA,NA,NA,NA,NA,NA,NA,NA,NA,NA,NA,NA,NA,NA,NA
"481","Jake Elliott","PHI","K","13303","robust",NA,NA,NA,NA,NA,NA,NA,NA,NA,NA,NA,NA,NA,NA,NA,NA,NA,NA,NA,NA,NA,NA,NA,NA,NA,NA,NA,NA,0.00625,0.0069496875,0.315848214285714,0.0701587499999999,0.50843253968254,0.08163125,0.323660714285714,0.0608924999999999,0.2,0.0573625,2.4,0.44478,NA,NA,NA,NA,NA,NA,NA,NA,NA,NA,NA,NA,NA,NA,NA,NA,NA,NA,NA,NA,NA,NA,NA,NA
"482","Graham Gano","NYG","K","9694","robust",NA,NA,NA,NA,NA,NA,NA,NA,NA,NA,NA,NA,NA,NA,NA,NA,NA,NA,NA,NA,NA,NA,NA,NA,NA,NA,NA,NA,0.0030952380952381,0.00353,0.353787737317149,0.126784679738562,0.596868969810146,0.133434,0.453582321817616,0.081543,0.365196078431373,0.119189411764706,2.2,0.155673,NA,NA,NA,NA,NA,NA,NA,NA,NA,NA,NA,NA,NA,NA,NA,NA,NA,NA,NA,NA,NA,NA,NA,NA
"483",NA,NA,"K","16444","robust",NA,NA,NA,NA,NA,NA,NA,NA,NA,NA,NA,NA,NA,NA,NA,NA,NA,NA,NA,NA,NA,NA,NA,NA,NA,NA,NA,NA,0,0,0.423355629877369,0.0958318260869565,0.37570419918246,0.0332331594202899,0.33,0.100107179487179,0.137307692307692,0.0325031538461538,2.1,0.29652,NA,NA,NA,NA,NA,NA,NA,NA,NA,NA,NA,NA,NA,NA,NA,NA,NA,NA,NA,NA,NA,NA,NA,NA
"484","Wil Lutz","DEN","K","12956","robust",NA,NA,NA,NA,NA,NA,NA,NA,NA,NA,NA,NA,NA,NA,NA,NA,NA,NA,NA,NA,NA,NA,NA,NA,NA,NA,NA,NA,0,0,0.4,0.0667486794871795,0.465,0.136483150641026,0.43079594017094,0.07413,0.31875,0.07413,2.4,0.459606,NA,NA,NA,NA,NA,NA,NA,NA,NA,NA,NA,NA,NA,NA,NA,NA,NA,NA,NA,NA,NA,NA,NA,NA
"485","Riley Patterson","DET","K","15369","robust",NA,NA,NA,NA,NA,NA,NA,NA,NA,NA,NA,NA,NA,NA,NA,NA,NA,NA,NA,NA,NA,NA,NA,NA,NA,NA,NA,NA,0.00871459694989107,0.00969019607843137,0.34093137254902,0.107803431372549,0.448202614379085,0.162391535947712,0.43082788671024,0.126521660130719,0.11875,0.036014825,2.53,0.029652,NA,NA,NA,NA,NA,NA,NA,NA,NA,NA,NA,NA,NA,NA,NA,NA,NA,NA,NA,NA,NA,NA,NA,NA
"486","Greg Zuerlein","NYJ","K","10868","robust",NA,NA,NA,NA,NA,NA,NA,NA,NA,NA,NA,NA,NA,NA,NA,NA,NA,NA,NA,NA,NA,NA,NA,NA,NA,NA,NA,NA,0,0,0.39,0.133434,0.574825851393189,0.185325,0.426500257997936,0.07413,0.218421052631579,0.0554284315789474,2.16,0.37065,NA,NA,NA,NA,NA,NA,NA,NA,NA,NA,NA,NA,NA,NA,NA,NA,NA,NA,NA,NA,NA,NA,NA,NA
"487","Brett Maher","LAR","K","13909","robust",NA,NA,NA,NA,NA,NA,NA,NA,NA,NA,NA,NA,NA,NA,NA,NA,NA,NA,NA,NA,NA,NA,NA,NA,NA,NA,NA,NA,0,0,0.571428571428571,0.08472,0.5,0.0423599999999999,0.453571428571429,0.0706,0.385714285714286,0.1765,1.8,0.59304,NA,NA,NA,NA,NA,NA,NA,NA,NA,NA,NA,NA,NA,NA,NA,NA,NA,NA,NA,NA,NA,NA,NA,NA
"488","Daniel Carlson","LVR","K","13718","robust",NA,NA,NA,NA,NA,NA,NA,NA,NA,NA,NA,NA,NA,NA,NA,NA,NA,NA,NA,NA,NA,NA,NA,NA,NA,NA,NA,NA,0.013013698630137,0.0101547945205479,0.552219178082192,0.0602553439077145,0.632934390771449,0.0493608527757751,0.45,0.0399457548666186,0.378,0.0725693684210527,2.1,0.22239,NA,NA,NA,NA,NA,NA,NA,NA,NA,NA,NA,NA,NA,NA,NA,NA,NA,NA,NA,NA,NA,NA,NA,NA
"489","Anders Carlson","GB","K","16339","robust",NA,NA,NA,NA,NA,NA,NA,NA,NA,NA,NA,NA,NA,NA,NA,NA,NA,NA,NA,NA,NA,NA,NA,NA,NA,NA,NA,NA,0,0,0.615766716943188,0.177479668174962,0.519067370537959,0.110157962669683,0.425,0.0953692326546003,0.120615384615385,0.00745101538461539,2,0.14826,NA,NA,NA,NA,NA,NA,NA,NA,NA,NA,NA,NA,NA,NA,NA,NA,NA,NA,NA,NA,NA,NA,NA,NA
"490","Chris Boswell","PIT","K","11936","robust",NA,NA,NA,NA,NA,NA,NA,NA,NA,NA,NA,NA,NA,NA,NA,NA,NA,NA,NA,NA,NA,NA,NA,NA,NA,NA,NA,NA,0,0,0.39,0.0781257070600632,0.538185558733504,0.0370649999999999,0.55,0.143587926589392,0.35,0.0784474615384615,1.9,0.14826,NA,NA,NA,NA,NA,NA,NA,NA,NA,NA,NA,NA,NA,NA,NA,NA,NA,NA,NA,NA,NA,NA,NA,NA
"491","Jake Moody","SF","K","16286","robust",NA,NA,NA,NA,NA,NA,NA,NA,NA,NA,NA,NA,NA,NA,NA,NA,NA,NA,NA,NA,NA,NA,NA,NA,NA,NA,NA,NA,0.0180952380952381,0.02118,0.678571428571429,0.185442666666667,0.509285714285714,0.108371,0.491269841269841,0.129198,0.238095238095238,0.040948,2,0.00741299999999984,NA,NA,NA,NA,NA,NA,NA,NA,NA,NA,NA,NA,NA,NA,NA,NA,NA,NA,NA,NA,NA,NA,NA,NA
"492","Cairo Santos","CHI","K","11945","robust",NA,NA,NA,NA,NA,NA,NA,NA,NA,NA,NA,NA,NA,NA,NA,NA,NA,NA,NA,NA,NA,NA,NA,NA,NA,NA,NA,NA,0,0,0.523947550034507,0.122004985507246,0.504899930986888,0.149201333333333,0.527760524499655,0.113829710144928,0.116690476190476,0.0163792,2,0.0741300000000001,NA,NA,NA,NA,NA,NA,NA,NA,NA,NA,NA,NA,NA,NA,NA,NA,NA,NA,NA,NA,NA,NA,NA,NA
"493","Dustin Hopkins","CLE","K","11387","robust",NA,NA,NA,NA,NA,NA,NA,NA,NA,NA,NA,NA,NA,NA,NA,NA,NA,NA,NA,NA,NA,NA,NA,NA,NA,NA,NA,NA,0.0375,0.0300527027027027,0.453941441441441,0.0771436182432432,0.627117117117117,0.107021013513513,0.5,0.0715421283783784,0.163125,0.0301153125,2.1,0.0741300000000001,NA,NA,NA,NA,NA,NA,NA,NA,NA,NA,NA,NA,NA,NA,NA,NA,NA,NA,NA,NA,NA,NA,NA,NA
"494","Chase McLaughlin","TB","K","14717","robust",NA,NA,NA,NA,NA,NA,NA,NA,NA,NA,NA,NA,NA,NA,NA,NA,NA,NA,NA,NA,NA,NA,NA,NA,NA,NA,NA,NA,0,0,0.383169934640523,0.133797382352941,0.413398692810458,0.159726732026144,0.492728758169935,0.130736895424837,0.285176470588235,0.0828511764705882,2.05,0.0741300000000004,NA,NA,NA,NA,NA,NA,NA,NA,NA,NA,NA,NA,NA,NA,NA,NA,NA,NA,NA,NA,NA,NA,NA,NA
"495","Chad Ryland","NE","K","16292","robust",NA,NA,NA,NA,NA,NA,NA,NA,NA,NA,NA,NA,NA,NA,NA,NA,NA,NA,NA,NA,NA,NA,NA,NA,NA,NA,NA,NA,0,0,0.495126705653021,0.0799101169590643,0.512534113060429,0.0711243391812866,0.487719298245614,0.0818031052631579,0.248289473684211,0.0496801052631579,1.8,0.14826,NA,NA,NA,NA,NA,NA,NA,NA,NA,NA,NA,NA,NA,NA,NA,NA,NA,NA,NA,NA,NA,NA,NA,NA
"496","Matt Gay","IND","K","14244","robust",NA,NA,NA,NA,NA,NA,NA,NA,NA,NA,NA,NA,NA,NA,NA,NA,NA,NA,NA,NA,NA,NA,NA,NA,NA,NA,NA,NA,0.0024330900243309,0.00270547445255474,0.396698254151193,0.103711752593162,0.471353566397746,0.0845531963119478,0.314649763093866,0.100854391855551,0.280701754385965,0.0798002947368421,1.95,0.0518910000000002,NA,NA,NA,NA,NA,NA,NA,NA,NA,NA,NA,NA,NA,NA,NA,NA,NA,NA,NA,NA,NA,NA,NA,NA
"497","Nick Folk","TEN","K","8851","robust",NA,NA,NA,NA,NA,NA,NA,NA,NA,NA,NA,NA,NA,NA,NA,NA,NA,NA,NA,NA,NA,NA,NA,NA,NA,NA,NA,NA,0,0,0.495289855072464,0.129064985507246,0.475434782608696,0.15900347826087,0.43792270531401,0.105178652173913,0.133333333333333,0.029652,1.9,0.118608,NA,NA,NA,NA,NA,NA,NA,NA,NA,NA,NA,NA,NA,NA,NA,NA,NA,NA,NA,NA,NA,NA,NA,NA
"498","Eddy Pineiro","CAR","K","13719","robust",NA,NA,NA,NA,NA,NA,NA,NA,NA,NA,NA,NA,NA,NA,NA,NA,NA,NA,NA,NA,NA,NA,NA,NA,NA,NA,NA,NA,0.00795698924731183,0.00637677419354839,0.400978061852925,0.0482018979326875,0.708481806984254,0.0971702920203735,0.644392955824095,0.0774629997003896,0.1,0.0123932507739938,1.9,0,NA,NA,NA,NA,NA,NA,NA,NA,NA,NA,NA,NA,NA,NA,NA,NA,NA,NA,NA,NA,NA,NA,NA,NA
"499","Matt Prater","ARI","K","8930","robust",NA,NA,NA,NA,NA,NA,NA,NA,NA,NA,NA,NA,NA,NA,NA,NA,NA,NA,NA,NA,NA,NA,NA,NA,NA,NA,NA,NA,0.00459770114942529,0.00443075862068966,0.331926799758016,0.0854737286751361,0.430579753982658,0.114299819721718,0.3,0.0527318575317605,0.263267543859649,0.0588488157894737,1.7,0.259455,NA,NA,NA,NA,NA,NA,NA,NA,NA,NA,NA,NA,NA,NA,NA,NA,NA,NA,NA,NA,NA,NA,NA,NA
"500","Kaimi Fairbairn","HOU","K","12860","robust",NA,NA,NA,NA,NA,NA,NA,NA,NA,NA,NA,NA,NA,NA,NA,NA,NA,NA,NA,NA,NA,NA,NA,NA,NA,NA,NA,NA,0.0041958041958042,0.00345594405594406,0.505165422812482,0.0802566046894283,0.514489432136491,0.0913156256684493,0.471571565689213,0.0404116026326614,0.379831932773109,0.094982955882353,1.5,0.14826,NA,NA,NA,NA,NA,NA,NA,NA,NA,NA,NA,NA,NA,NA,NA,NA,NA,NA,NA,NA,NA,NA,NA,NA
"501","Matthew Wright","SF","K","14426","robust",NA,NA,NA,NA,NA,NA,NA,NA,NA,NA,NA,NA,NA,NA,NA,NA,NA,NA,NA,NA,NA,NA,NA,NA,NA,NA,NA,NA,NA,NA,NA,NA,NA,NA,NA,NA,NA,NA,0.9,0,NA,NA,NA,NA,NA,NA,NA,NA,NA,NA,NA,NA,NA,NA,NA,NA,NA,NA,NA,NA,NA,NA,NA,NA
"502","Cade York","FA","K","15882","robust",NA,NA,NA,NA,NA,NA,NA,NA,NA,NA,NA,NA,NA,NA,NA,NA,NA,NA,NA,NA,NA,NA,NA,NA,NA,NA,NA,NA,NA,NA,NA,NA,NA,NA,NA,NA,NA,NA,0.9,0,NA,NA,NA,NA,NA,NA,NA,NA,NA,NA,NA,NA,NA,NA,NA,NA,NA,NA,NA,NA,NA,NA,NA,NA
"503","Lions","DET","DST","0522","robust",NA,NA,NA,NA,NA,NA,NA,NA,NA,NA,NA,NA,NA,NA,NA,NA,NA,NA,NA,NA,NA,NA,NA,NA,NA,NA,NA,NA,NA,NA,NA,NA,NA,NA,NA,NA,NA,NA,NA,NA,0.66,0.0593039999999999,1.975,0.37065,0.00666666666666667,0.009884,0.14,0.059304,0,NA,NA,NA,NA,NA,NA,NA,NA,NA,NA,NA,NA,NA,NA,NA
"504","Colts","IND","DST","0502","robust",NA,NA,NA,NA,NA,NA,NA,NA,NA,NA,NA,NA,NA,NA,NA,NA,NA,NA,NA,NA,NA,NA,NA,NA,NA,NA,NA,NA,NA,NA,NA,NA,NA,NA,NA,NA,NA,NA,NA,NA,0.65,0.0741299999999999,2.35,0.22239,0.01,0.014826,0.15,0.07413,0,NA,NA,NA,NA,NA,NA,NA,NA,NA,NA,NA,NA,NA,NA,NA
"505","Bears","CHI","DST","0521","robust",NA,NA,NA,NA,NA,NA,NA,NA,NA,NA,NA,NA,NA,NA,NA,NA,NA,NA,NA,NA,NA,NA,NA,NA,NA,NA,NA,NA,NA,NA,NA,NA,NA,NA,NA,NA,NA,NA,NA,NA,0.8,0.0741300000000001,1.785,0.326172,0.01,0.014826,0.14,0.07413,0,NA,NA,NA,NA,NA,NA,NA,NA,NA,NA,NA,NA,NA,NA,NA
"506","Dolphins","MIA","DST","0503","robust",NA,NA,NA,NA,NA,NA,NA,NA,NA,NA,NA,NA,NA,NA,NA,NA,NA,NA,NA,NA,NA,NA,NA,NA,NA,NA,NA,NA,NA,NA,NA,NA,NA,NA,NA,NA,NA,NA,NA,NA,0.74,0.103782,2.605,0.148259999999999,0.0766666666666667,0.034594,0.14,0.059304,0,NA,NA,NA,NA,NA,NA,NA,NA,NA,NA,NA,NA,NA,NA,NA
"507","Texans","HOU","DST","0532","robust",NA,NA,NA,NA,NA,NA,NA,NA,NA,NA,NA,NA,NA,NA,NA,NA,NA,NA,NA,NA,NA,NA,NA,NA,NA,NA,NA,NA,NA,NA,NA,NA,NA,NA,NA,NA,NA,NA,NA,NA,0.8,0.133434,2.51,0.385476,0.0433333333333333,0.019768,0.13,0.044478,0,NA,NA,NA,NA,NA,NA,NA,NA,NA,NA,NA,NA,NA,NA,NA
"508","Buccaneers","TB","DST","0525","robust",NA,NA,NA,NA,NA,NA,NA,NA,NA,NA,NA,NA,NA,NA,NA,NA,NA,NA,NA,NA,NA,NA,NA,NA,NA,NA,NA,NA,NA,NA,NA,NA,NA,NA,NA,NA,NA,NA,NA,NA,0.7,0.29652,2.56,0.207564,0.01,0.014826,0.14,0.07413,0,NA,NA,NA,NA,NA,NA,NA,NA,NA,NA,NA,NA,NA,NA,NA
"509","Patriots","NE","DST","0504","robust",NA,NA,NA,NA,NA,NA,NA,NA,NA,NA,NA,NA,NA,NA,NA,NA,NA,NA,NA,NA,NA,NA,NA,NA,NA,NA,NA,NA,NA,NA,NA,NA,NA,NA,NA,NA,NA,NA,NA,NA,0.7,0.14826,2.6,0.163086,0.0166666666666667,0.02471,0.15,0.07413,0,NA,NA,NA,NA,NA,NA,NA,NA,NA,NA,NA,NA,NA,NA,NA
"510","Chiefs","KC","DST","0512","robust",NA,NA,NA,NA,NA,NA,NA,NA,NA,NA,NA,NA,NA,NA,NA,NA,NA,NA,NA,NA,NA,NA,NA,NA,NA,NA,NA,NA,NA,NA,NA,NA,NA,NA,NA,NA,NA,NA,NA,NA,0.69,0.14826,2.2,0.29652,0.01,0.014826,0.12,0,0,NA,NA,NA,NA,NA,NA,NA,NA,NA,NA,NA,NA,NA,NA,NA
"511","Rams","LAR","DST","0528","robust",NA,NA,NA,NA,NA,NA,NA,NA,NA,NA,NA,NA,NA,NA,NA,NA,NA,NA,NA,NA,NA,NA,NA,NA,NA,NA,NA,NA,NA,NA,NA,NA,NA,NA,NA,NA,NA,NA,NA,NA,0.83,0.177912,2.7,0.207564,0.0133333333333333,0.019768,0.125,0,0,NA,NA,NA,NA,NA,NA,NA,NA,NA,NA,NA,NA,NA,NA,NA
"512","Cowboys","DAL","DST","0516","robust",NA,NA,NA,NA,NA,NA,NA,NA,NA,NA,NA,NA,NA,NA,NA,NA,NA,NA,NA,NA,NA,NA,NA,NA,NA,NA,NA,NA,NA,NA,NA,NA,NA,NA,NA,NA,NA,NA,NA,NA,0.8,0.14826,2.975,0.830256,0.01,0.014826,0.14,0.059304,0,NA,NA,NA,NA,NA,NA,NA,NA,NA,NA,NA,NA,NA,NA,NA
"513","Cardinals","ARI","DST","0519","robust",NA,NA,NA,NA,NA,NA,NA,NA,NA,NA,NA,NA,NA,NA,NA,NA,NA,NA,NA,NA,NA,NA,NA,NA,NA,NA,NA,NA,NA,NA,NA,NA,NA,NA,NA,NA,NA,NA,NA,NA,0.735,0.0444779999999999,2.5,0,0.0133333333333333,0.019768,0.16,0.059304,0,NA,NA,NA,NA,NA,NA,NA,NA,NA,NA,NA,NA,NA,NA,NA
"514","Giants","NYG","DST","0517","robust",NA,NA,NA,NA,NA,NA,NA,NA,NA,NA,NA,NA,NA,NA,NA,NA,NA,NA,NA,NA,NA,NA,NA,NA,NA,NA,NA,NA,NA,NA,NA,NA,NA,NA,NA,NA,NA,NA,NA,NA,0.81,0.133434,2.115,0.326172,0.01,0.014826,0.16,0.059304,0,NA,NA,NA,NA,NA,NA,NA,NA,NA,NA,NA,NA,NA,NA,NA
"515","Browns","CLE","DST","0507","robust",NA,NA,NA,NA,NA,NA,NA,NA,NA,NA,NA,NA,NA,NA,NA,NA,NA,NA,NA,NA,NA,NA,NA,NA,NA,NA,NA,NA,NA,NA,NA,NA,NA,NA,NA,NA,NA,NA,NA,NA,0.85,0.029652,2.715,0.14826,0.0166666666666667,0.02471,0.165,0.07413,0,NA,NA,NA,NA,NA,NA,NA,NA,NA,NA,NA,NA,NA,NA,NA
"516","Vikings","MIN","DST","0524","robust",NA,NA,NA,NA,NA,NA,NA,NA,NA,NA,NA,NA,NA,NA,NA,NA,NA,NA,NA,NA,NA,NA,NA,NA,NA,NA,NA,NA,NA,NA,NA,NA,NA,NA,NA,NA,NA,NA,NA,NA,0.85,0.103782,2.57,1.18608,0.02,0.029652,0.15,0.059304,0,NA,NA,NA,NA,NA,NA,NA,NA,NA,NA,NA,NA,NA,NA,NA
"517","Jets","NYJ","DST","0505","robust",NA,NA,NA,NA,NA,NA,NA,NA,NA,NA,NA,NA,NA,NA,NA,NA,NA,NA,NA,NA,NA,NA,NA,NA,NA,NA,NA,NA,NA,NA,NA,NA,NA,NA,NA,NA,NA,NA,NA,NA,0.9,0.207564,2.8,0.37065,0.11,0.014826,0.13,0.07413,0,NA,NA,NA,NA,NA,NA,NA,NA,NA,NA,NA,NA,NA,NA,NA
"518","Chargers","LAC","DST","0514","robust",NA,NA,NA,NA,NA,NA,NA,NA,NA,NA,NA,NA,NA,NA,NA,NA,NA,NA,NA,NA,NA,NA,NA,NA,NA,NA,NA,NA,NA,NA,NA,NA,NA,NA,NA,NA,NA,NA,NA,NA,0.9,0.14826,2.445,0.14826,0.0433333333333333,0.019768,0.15,0.059304,0,NA,NA,NA,NA,NA,NA,NA,NA,NA,NA,NA,NA,NA,NA,NA
"519","Raiders","LVR","DST","0513","robust",NA,NA,NA,NA,NA,NA,NA,NA,NA,NA,NA,NA,NA,NA,NA,NA,NA,NA,NA,NA,NA,NA,NA,NA,NA,NA,NA,NA,NA,NA,NA,NA,NA,NA,NA,NA,NA,NA,NA,NA,0.6,0.14826,2.75,0.252042,0.0466666666666667,0.009884,0.14,0.059304,0,NA,NA,NA,NA,NA,NA,NA,NA,NA,NA,NA,NA,NA,NA,NA
"520","Panthers","CAR","DST","0527","robust",NA,NA,NA,NA,NA,NA,NA,NA,NA,NA,NA,NA,NA,NA,NA,NA,NA,NA,NA,NA,NA,NA,NA,NA,NA,NA,NA,NA,NA,NA,NA,NA,NA,NA,NA,NA,NA,NA,NA,NA,0.63,0.192738,2.265,0.29652,0.01,0.014826,0.125,0,0,NA,NA,NA,NA,NA,NA,NA,NA,NA,NA,NA,NA,NA,NA,NA
"521","Bengals","CIN","DST","0506","robust",NA,NA,NA,NA,NA,NA,NA,NA,NA,NA,NA,NA,NA,NA,NA,NA,NA,NA,NA,NA,NA,NA,NA,NA,NA,NA,NA,NA,NA,NA,NA,NA,NA,NA,NA,NA,NA,NA,NA,NA,0.88,0.14826,2.715,0.252042,0.01,0.014826,0.15,0.07413,0,NA,NA,NA,NA,NA,NA,NA,NA,NA,NA,NA,NA,NA,NA,NA
"522","Titans","TEN","DST","0508","robust",NA,NA,NA,NA,NA,NA,NA,NA,NA,NA,NA,NA,NA,NA,NA,NA,NA,NA,NA,NA,NA,NA,NA,NA,NA,NA,NA,NA,NA,NA,NA,NA,NA,NA,NA,NA,NA,NA,NA,NA,0.8,0.14826,2.25,0.103782,0.01,0.014826,0.1,0.07413,0,NA,NA,NA,NA,NA,NA,NA,NA,NA,NA,NA,NA,NA,NA,NA
"523","Steelers","PIT","DST","0510","robust",NA,NA,NA,NA,NA,NA,NA,NA,NA,NA,NA,NA,NA,NA,NA,NA,NA,NA,NA,NA,NA,NA,NA,NA,NA,NA,NA,NA,NA,NA,NA,NA,NA,NA,NA,NA,NA,NA,NA,NA,0.76,0.0593040000000001,2.6,0.177912,0.01,0.014826,0.1,0.059304,0,NA,NA,NA,NA,NA,NA,NA,NA,NA,NA,NA,NA,NA,NA,NA
"524","Falcons","ATL","DST","0526","robust",NA,NA,NA,NA,NA,NA,NA,NA,NA,NA,NA,NA,NA,NA,NA,NA,NA,NA,NA,NA,NA,NA,NA,NA,NA,NA,NA,NA,NA,NA,NA,NA,NA,NA,NA,NA,NA,NA,NA,NA,0.775,0.118608,2.075,0.326172,0.0133333333333333,0.019768,0.2,0,0,NA,NA,NA,NA,NA,NA,NA,NA,NA,NA,NA,NA,NA,NA,NA
"525","Jaguars","JAC","DST","0509","robust",NA,NA,NA,NA,NA,NA,NA,NA,NA,NA,NA,NA,NA,NA,NA,NA,NA,NA,NA,NA,NA,NA,NA,NA,NA,NA,NA,NA,NA,NA,NA,NA,NA,NA,NA,NA,NA,NA,NA,NA,0.85,0.0741299999999999,2.595,0.459606,0.01,0.014826,0.175,0.044478,0,NA,NA,NA,NA,NA,NA,NA,NA,NA,NA,NA,NA,NA,NA,NA
"526","Bills","BUF","DST","0501","robust",NA,NA,NA,NA,NA,NA,NA,NA,NA,NA,NA,NA,NA,NA,NA,NA,NA,NA,NA,NA,NA,NA,NA,NA,NA,NA,NA,NA,NA,NA,NA,NA,NA,NA,NA,NA,NA,NA,NA,NA,0.7,0.37065,2.5,0.533736,0.01,0.014826,0.16,0.088956,0,NA,NA,NA,NA,NA,NA,NA,NA,NA,NA,NA,NA,NA,NA,NA
"527","Packers","GB","DST","0523","robust",NA,NA,NA,NA,NA,NA,NA,NA,NA,NA,NA,NA,NA,NA,NA,NA,NA,NA,NA,NA,NA,NA,NA,NA,NA,NA,NA,NA,NA,NA,NA,NA,NA,NA,NA,NA,NA,NA,NA,NA,1.1,0.163086,3.4,0.59304,0.0133333333333333,0.019768,0.17,0.044478,0,NA,NA,NA,NA,NA,NA,NA,NA,NA,NA,NA,NA,NA,NA,NA
"528","Broncos","DEN","DST","0511","robust",NA,NA,NA,NA,NA,NA,NA,NA,NA,NA,NA,NA,NA,NA,NA,NA,NA,NA,NA,NA,NA,NA,NA,NA,NA,NA,NA,NA,NA,NA,NA,NA,NA,NA,NA,NA,NA,NA,NA,NA,0.93,0.385476,2.4,0.237216,0.0433333333333333,0.019768,0.14,0.059304,0,NA,NA,NA,NA,NA,NA,NA,NA,NA,NA,NA,NA,NA,NA,NA
"529","Seahawks","SEA","DST","0515","robust",NA,NA,NA,NA,NA,NA,NA,NA,NA,NA,NA,NA,NA,NA,NA,NA,NA,NA,NA,NA,NA,NA,NA,NA,NA,NA,NA,NA,NA,NA,NA,NA,NA,NA,NA,NA,NA,NA,NA,NA,0.91,0.118608,2.9,0.385476,0.01,0.014826,0.15,0.059304,0,NA,NA,NA,NA,NA,NA,NA,NA,NA,NA,NA,NA,NA,NA,NA
"530","Eagles","PHI","DST","0518","robust",NA,NA,NA,NA,NA,NA,NA,NA,NA,NA,NA,NA,NA,NA,NA,NA,NA,NA,NA,NA,NA,NA,NA,NA,NA,NA,NA,NA,NA,NA,NA,NA,NA,NA,NA,NA,NA,NA,NA,NA,0.8,0.14826,3.425,0.59304,0.01,0.014826,0.175,0.029652,0,NA,NA,NA,NA,NA,NA,NA,NA,NA,NA,NA,NA,NA,NA,NA
"531","Commanders","WAS","DST","0520","robust",NA,NA,NA,NA,NA,NA,NA,NA,NA,NA,NA,NA,NA,NA,NA,NA,NA,NA,NA,NA,NA,NA,NA,NA,NA,NA,NA,NA,NA,NA,NA,NA,NA,NA,NA,NA,NA,NA,NA,NA,0.95,0.207564,2.95,0.163086,0.0133333333333333,0.019768,0.175,0.044478,0,NA,NA,NA,NA,NA,NA,NA,NA,NA,NA,NA,NA,NA,NA,NA
"532","49ers","SF","DST","0530","robust",NA,NA,NA,NA,NA,NA,NA,NA,NA,NA,NA,NA,NA,NA,NA,NA,NA,NA,NA,NA,NA,NA,NA,NA,NA,NA,NA,NA,NA,NA,NA,NA,NA,NA,NA,NA,NA,NA,NA,NA,0.99,0.266868,2.5,0.29652,0.01,0.014826,0.15,0.07413,0,NA,NA,NA,NA,NA,NA,NA,NA,NA,NA,NA,NA,NA,NA,NA
"533","Saints","NO","DST","0529","robust",NA,NA,NA,NA,NA,NA,NA,NA,NA,NA,NA,NA,NA,NA,NA,NA,NA,NA,NA,NA,NA,NA,NA,NA,NA,NA,NA,NA,NA,NA,NA,NA,NA,NA,NA,NA,NA,NA,NA,NA,0.9,0.14826,3.145,0.904386,0.0166666666666667,0.02471,0.15,0.059304,0,NA,NA,NA,NA,NA,NA,NA,NA,NA,NA,NA,NA,NA,NA,NA
"534","Ravens","BAL","DST","0531","robust",NA,NA,NA,NA,NA,NA,NA,NA,NA,NA,NA,NA,NA,NA,NA,NA,NA,NA,NA,NA,NA,NA,NA,NA,NA,NA,NA,NA,NA,NA,NA,NA,NA,NA,NA,NA,NA,NA,NA,NA,0.865,0.192738,2.625,0.14826,0.0133333333333333,0.019768,0.18,0.029652,0,NA,NA,NA,NA,NA,NA,NA,NA,NA,NA,NA,NA,NA,NA,NA
"535","Zaven Collins","ARI","DL","15352","robust",NA,NA,NA,NA,NA,NA,NA,NA,NA,NA,NA,NA,NA,NA,NA,NA,NA,NA,NA,NA,NA,NA,NA,NA,NA,NA,NA,NA,NA,NA,NA,NA,NA,NA,NA,NA,NA,NA,NA,NA,NA,NA,NA,NA,NA,NA,NA,NA,NA,NA,4.75,2.74281,0.8,0,0,0,0.5,0,0,0,NA,NA,NA,NA
"536","Maxx Crosby","LVR","DL","14225","robust",NA,NA,NA,NA,NA,NA,NA,NA,NA,NA,NA,NA,NA,NA,NA,NA,NA,NA,NA,NA,NA,NA,NA,NA,NA,NA,NA,NA,NA,NA,NA,NA,NA,NA,NA,NA,NA,NA,NA,NA,NA,NA,NA,NA,NA,NA,NA,NA,NA,NA,3.4475,0.7413,0.82,0.177912,0,0,0.145,0.081543,0.005,0.007413,NA,NA,NA,NA
"537","Aaron Donald","LAR","DL","11757","robust",NA,NA,NA,NA,NA,NA,NA,NA,NA,NA,NA,NA,NA,NA,NA,NA,NA,NA,NA,NA,NA,NA,NA,NA,NA,NA,NA,NA,NA,NA,NA,NA,NA,NA,NA,NA,NA,NA,NA,NA,NA,NA,NA,NA,NA,NA,NA,NA,NA,NA,3.0075,1.77912,0.735,0.051891,0,0,0.1,0,0.005,0.007413,NA,NA,NA,NA
"538","Khyiris Tonga","MIN","DL","15492","robust",NA,NA,NA,NA,NA,NA,NA,NA,NA,NA,NA,NA,NA,NA,NA,NA,NA,NA,NA,NA,NA,NA,NA,NA,NA,NA,NA,NA,NA,NA,NA,NA,NA,NA,NA,NA,NA,NA,NA,NA,NA,NA,NA,NA,NA,NA,NA,NA,NA,NA,2.0475,1.03782,0.08,0.118608,0,0,0.185,0.022239,0.005,0.007413,NA,NA,NA,NA
"539","Dexter Lawrence","NYG","DL","14159","robust",NA,NA,NA,NA,NA,NA,NA,NA,NA,NA,NA,NA,NA,NA,NA,NA,NA,NA,NA,NA,NA,NA,NA,NA,NA,NA,NA,NA,NA,NA,NA,NA,NA,NA,NA,NA,NA,NA,NA,NA,NA,NA,NA,NA,NA,NA,NA,NA,NA,NA,2.52,0.44478,0.285,0.0222389999999999,0,0,0.18,0.029652,0.005,0.007413,NA,NA,NA,NA
"540","Jonathan Allen","WAS","DL","13208","robust",NA,NA,NA,NA,NA,NA,NA,NA,NA,NA,NA,NA,NA,NA,NA,NA,NA,NA,NA,NA,NA,NA,NA,NA,NA,NA,NA,NA,NA,NA,NA,NA,NA,NA,NA,NA,NA,NA,NA,NA,NA,NA,NA,NA,NA,NA,NA,NA,NA,NA,2.8975,0.88956,0.5,0,0.005,0.007413,0.125,0.037065,0.005,0.007413,NA,NA,NA,NA
"541","Zach Sieler","MIA","DL","13839","robust",NA,NA,NA,NA,NA,NA,NA,NA,NA,NA,NA,NA,NA,NA,NA,NA,NA,NA,NA,NA,NA,NA,NA,NA,NA,NA,NA,NA,NA,NA,NA,NA,NA,NA,NA,NA,NA,NA,NA,NA,NA,NA,NA,NA,NA,NA,NA,NA,NA,NA,3.27,1.586382,0.26,0.088956,0,0,0.125,0.037065,0.005,0.007413,NA,NA,NA,NA
"542","Kayvon Thibodeaux","NYG","DL","15806","robust",NA,NA,NA,NA,NA,NA,NA,NA,NA,NA,NA,NA,NA,NA,NA,NA,NA,NA,NA,NA,NA,NA,NA,NA,NA,NA,NA,NA,NA,NA,NA,NA,NA,NA,NA,NA,NA,NA,NA,NA,NA,NA,NA,NA,NA,NA,NA,NA,NA,NA,2.99,1.868076,0.38,0.029652,0.01,0.014826,0.185,0.022239,0.005,0.007413,NA,NA,NA,NA
"543","Da'Ron Payne","WAS","DL","13723","robust",NA,NA,NA,NA,NA,NA,NA,NA,NA,NA,NA,NA,NA,NA,NA,NA,NA,NA,NA,NA,NA,NA,NA,NA,NA,NA,NA,NA,NA,NA,NA,NA,NA,NA,NA,NA,NA,NA,NA,NA,NA,NA,NA,NA,NA,NA,NA,NA,NA,NA,2.43,0.29652,0.49,0.014826,0.005,0.007413,0.175,0.037065,0.005,0.007413,NA,NA,NA,NA
"544","Cameron Heyward","PIT","DL","10266","robust",NA,NA,NA,NA,NA,NA,NA,NA,NA,NA,NA,NA,NA,NA,NA,NA,NA,NA,NA,NA,NA,NA,NA,NA,NA,NA,NA,NA,NA,NA,NA,NA,NA,NA,NA,NA,NA,NA,NA,NA,NA,NA,NA,NA,NA,NA,NA,NA,NA,NA,3.05,1.70499,0.425,0.037065,0.005,0.007413,0.17,0.044478,0.005,0.007413,NA,NA,NA,NA
"545","Myles Garrett","CLE","DL","13198","robust",NA,NA,NA,NA,NA,NA,NA,NA,NA,NA,NA,NA,NA,NA,NA,NA,NA,NA,NA,NA,NA,NA,NA,NA,NA,NA,NA,NA,NA,NA,NA,NA,NA,NA,NA,NA,NA,NA,NA,NA,NA,NA,NA,NA,NA,NA,NA,NA,NA,NA,2.595,0.14826,0.925,0.185325,0,0,0.13,0.103782,0.005,0.007413,NA,NA,NA,NA
"546","Kwity Paye","IND","DL","15345","robust",NA,NA,NA,NA,NA,NA,NA,NA,NA,NA,NA,NA,NA,NA,NA,NA,NA,NA,NA,NA,NA,NA,NA,NA,NA,NA,NA,NA,NA,NA,NA,NA,NA,NA,NA,NA,NA,NA,NA,NA,NA,NA,NA,NA,NA,NA,NA,NA,NA,NA,2.5375,0,0.45,0.07413,0,0,0.07,0.103782,0.005,0.007413,NA,NA,NA,NA
"547","DeForest Buckner","IND","DL","12688","robust",NA,NA,NA,NA,NA,NA,NA,NA,NA,NA,NA,NA,NA,NA,NA,NA,NA,NA,NA,NA,NA,NA,NA,NA,NA,NA,NA,NA,NA,NA,NA,NA,NA,NA,NA,NA,NA,NA,NA,NA,NA,NA,NA,NA,NA,NA,NA,NA,NA,NA,2.6275,0.7413,0.375,0.037065,0,0,0.115,0.022239,0.005,0.007413,NA,NA,NA,NA
"548","Dean Lowry","MIN","DL","12791","robust",NA,NA,NA,NA,NA,NA,NA,NA,NA,NA,NA,NA,NA,NA,NA,NA,NA,NA,NA,NA,NA,NA,NA,NA,NA,NA,NA,NA,NA,NA,NA,NA,NA,NA,NA,NA,NA,NA,NA,NA,NA,NA,NA,NA,NA,NA,NA,NA,NA,NA,2.44,2.431464,0.2,0.29652,0.005,0.007413,0.075,0.111195,0.005,0.007413,NA,NA,NA,NA
"549","Grover Stewart","IND","DL","13298","robust",NA,NA,NA,NA,NA,NA,NA,NA,NA,NA,NA,NA,NA,NA,NA,NA,NA,NA,NA,NA,NA,NA,NA,NA,NA,NA,NA,NA,NA,NA,NA,NA,NA,NA,NA,NA,NA,NA,NA,NA,NA,NA,NA,NA,NA,NA,NA,NA,NA,NA,2.22,0,0.175,0.037065,0,0,0.13,0.044478,0,0,NA,NA,NA,NA
"550","Danielle Hunter","MIN","DL","12221","robust",NA,NA,NA,NA,NA,NA,NA,NA,NA,NA,NA,NA,NA,NA,NA,NA,NA,NA,NA,NA,NA,NA,NA,NA,NA,NA,NA,NA,NA,NA,NA,NA,NA,NA,NA,NA,NA,NA,NA,NA,NA,NA,NA,NA,NA,NA,NA,NA,NA,NA,2.74,1.33434,0.67,0.400302,0.005,0.007413,0.095,0.00741300000000001,0.005,0.007413,NA,NA,NA,NA
"551","Sam Hubbard","CIN","DL","13684","robust",NA,NA,NA,NA,NA,NA,NA,NA,NA,NA,NA,NA,NA,NA,NA,NA,NA,NA,NA,NA,NA,NA,NA,NA,NA,NA,NA,NA,NA,NA,NA,NA,NA,NA,NA,NA,NA,NA,NA,NA,NA,NA,NA,NA,NA,NA,NA,NA,NA,NA,2.5375,1.92738,0.605,0.00741300000000001,0,0,0.205,0.140847,0.005,0.007413,NA,NA,NA,NA
"552","B.J. Hill","CIN","DL","13742","robust",NA,NA,NA,NA,NA,NA,NA,NA,NA,NA,NA,NA,NA,NA,NA,NA,NA,NA,NA,NA,NA,NA,NA,NA,NA,NA,NA,NA,NA,NA,NA,NA,NA,NA,NA,NA,NA,NA,NA,NA,NA,NA,NA,NA,NA,NA,NA,NA,NA,NA,2.0925,1.77912,0.24,0.207564,0.005,0.007413,0.22,0.118608,0.005,0.007413,NA,NA,NA,NA
"553","Dalvin Tomlinson","CLE","DL","13260","robust",NA,NA,NA,NA,NA,NA,NA,NA,NA,NA,NA,NA,NA,NA,NA,NA,NA,NA,NA,NA,NA,NA,NA,NA,NA,NA,NA,NA,NA,NA,NA,NA,NA,NA,NA,NA,NA,NA,NA,NA,NA,NA,NA,NA,NA,NA,NA,NA,NA,NA,2.1525,0.44478,0.225,0.037065,0,0,0.07,0.103782,0.005,0.007413,NA,NA,NA,NA
"554","Jeffery Simmons","TEN","DL","14163","robust",NA,NA,NA,NA,NA,NA,NA,NA,NA,NA,NA,NA,NA,NA,NA,NA,NA,NA,NA,NA,NA,NA,NA,NA,NA,NA,NA,NA,NA,NA,NA,NA,NA,NA,NA,NA,NA,NA,NA,NA,NA,NA,NA,NA,NA,NA,NA,NA,NA,NA,2.85,1.40847,0.515,0.126021,0,0,0.31,0.281694,0.005,0.007413,NA,NA,NA,NA
"555","Javon Hargrave","SF","DL","12764","robust",NA,NA,NA,NA,NA,NA,NA,NA,NA,NA,NA,NA,NA,NA,NA,NA,NA,NA,NA,NA,NA,NA,NA,NA,NA,NA,NA,NA,NA,NA,NA,NA,NA,NA,NA,NA,NA,NA,NA,NA,NA,NA,NA,NA,NA,NA,NA,NA,NA,NA,2.285,0.88956,0.61,0.133434,0.05,0.07413,0.155,0.066717,0.005,0.007413,NA,NA,NA,NA
"556","Cameron Jordan","NO","DL","10292","robust",NA,NA,NA,NA,NA,NA,NA,NA,NA,NA,NA,NA,NA,NA,NA,NA,NA,NA,NA,NA,NA,NA,NA,NA,NA,NA,NA,NA,NA,NA,NA,NA,NA,NA,NA,NA,NA,NA,NA,NA,NA,NA,NA,NA,NA,NA,NA,NA,NA,NA,2.73,1.363992,0.71,0.014826,0.005,0.007413,0.2,0.14826,0.005,0.007413,NA,NA,NA,NA
"557","Demarcus Lawrence","DAL","DL","11769","robust",NA,NA,NA,NA,NA,NA,NA,NA,NA,NA,NA,NA,NA,NA,NA,NA,NA,NA,NA,NA,NA,NA,NA,NA,NA,NA,NA,NA,NA,NA,NA,NA,NA,NA,NA,NA,NA,NA,NA,NA,NA,NA,NA,NA,NA,NA,NA,NA,NA,NA,2.25,0.14826,0.38,0.118608,0.005,0.007413,0.115,0.022239,0.005,0.007413,NA,NA,NA,NA
"558","Rashan Gary","GB","DL","14149","robust",NA,NA,NA,NA,NA,NA,NA,NA,NA,NA,NA,NA,NA,NA,NA,NA,NA,NA,NA,NA,NA,NA,NA,NA,NA,NA,NA,NA,NA,NA,NA,NA,NA,NA,NA,NA,NA,NA,NA,NA,NA,NA,NA,NA,NA,NA,NA,NA,NA,NA,2.4975,0.88956,0.74,0.355824,0.005,0.007413,0.035,0.051891,0.005,0.007413,NA,NA,NA,NA
"559","Marcus Davenport","MIN","DL","13688","robust",NA,NA,NA,NA,NA,NA,NA,NA,NA,NA,NA,NA,NA,NA,NA,NA,NA,NA,NA,NA,NA,NA,NA,NA,NA,NA,NA,NA,NA,NA,NA,NA,NA,NA,NA,NA,NA,NA,NA,NA,NA,NA,NA,NA,NA,NA,NA,NA,NA,NA,2.06,0.7413,0.38,0.563388,0.005,0.007413,0.05,0.07413,0.005,0.007413,"Q","Ankle",2023,1
"560","Kenny Clark","GB","DL","12739","robust",NA,NA,NA,NA,NA,NA,NA,NA,NA,NA,NA,NA,NA,NA,NA,NA,NA,NA,NA,NA,NA,NA,NA,NA,NA,NA,NA,NA,NA,NA,NA,NA,NA,NA,NA,NA,NA,NA,NA,NA,NA,NA,NA,NA,NA,NA,NA,NA,NA,NA,2.49,1.616034,0.35,0.22239,0,0,0.055,0.081543,0.005,0.007413,NA,NA,NA,NA
"561","Brian Burns","CAR","DL","14171","robust",NA,NA,NA,NA,NA,NA,NA,NA,NA,NA,NA,NA,NA,NA,NA,NA,NA,NA,NA,NA,NA,NA,NA,NA,NA,NA,NA,NA,NA,NA,NA,NA,NA,NA,NA,NA,NA,NA,NA,NA,NA,NA,NA,NA,NA,NA,NA,NA,NA,NA,2.26,1.18608,0.605,0.140847,0.005,0.007413,0.16,0.059304,0.005,0.007413,NA,NA,NA,NA
"562","Quinnen Williams","NYJ","DL","14157","robust",NA,NA,NA,NA,NA,NA,NA,NA,NA,NA,NA,NA,NA,NA,NA,NA,NA,NA,NA,NA,NA,NA,NA,NA,NA,NA,NA,NA,NA,NA,NA,NA,NA,NA,NA,NA,NA,NA,NA,NA,NA,NA,NA,NA,NA,NA,NA,NA,NA,NA,2.37,0.44478,0.5,0,0,0,0.155,0.066717,0.005,0.007413,NA,NA,NA,NA
"563","Trey Hendrickson","CIN","DL","13284","robust",NA,NA,NA,NA,NA,NA,NA,NA,NA,NA,NA,NA,NA,NA,NA,NA,NA,NA,NA,NA,NA,NA,NA,NA,NA,NA,NA,NA,NA,NA,NA,NA,NA,NA,NA,NA,NA,NA,NA,NA,NA,NA,NA,NA,NA,NA,NA,NA,NA,NA,2.1375,1.18608,0.645,0.214977,0,0,0.14,0.088956,0.005,0.007413,NA,NA,NA,NA
"564","ZaDarius Smith","CLE","DL","12301","robust",NA,NA,NA,NA,NA,NA,NA,NA,NA,NA,NA,NA,NA,NA,NA,NA,NA,NA,NA,NA,NA,NA,NA,NA,NA,NA,NA,NA,NA,NA,NA,NA,NA,NA,NA,NA,NA,NA,NA,NA,NA,NA,NA,NA,NA,NA,NA,NA,NA,NA,2.075,0.14826,0.545,0.214977,0.005,0.007413,0.2,0.14826,0.005,0.007413,NA,NA,NA,NA
"565","Dre'Mont Jones","SEA","DL","14164","robust",NA,NA,NA,NA,NA,NA,NA,NA,NA,NA,NA,NA,NA,NA,NA,NA,NA,NA,NA,NA,NA,NA,NA,NA,NA,NA,NA,NA,NA,NA,NA,NA,NA,NA,NA,NA,NA,NA,NA,NA,NA,NA,NA,NA,NA,NA,NA,NA,NA,NA,2.57,0.993342,0.41,0.163086,0.005,0.007413,0.06,0.088956,0.005,0.007413,NA,NA,NA,NA
"566","Micah Parsons","DAL","DL","15350","robust",NA,NA,NA,NA,NA,NA,NA,NA,NA,NA,NA,NA,NA,NA,NA,NA,NA,NA,NA,NA,NA,NA,NA,NA,NA,NA,NA,NA,NA,NA,NA,NA,NA,NA,NA,NA,NA,NA,NA,NA,NA,NA,NA,NA,NA,NA,NA,NA,NA,NA,3.05,0.22239,0.7,0,0,0,0.2,0,0,0,NA,NA,NA,NA
"567","Montez Sweat","WAS","DL","14148","robust",NA,NA,NA,NA,NA,NA,NA,NA,NA,NA,NA,NA,NA,NA,NA,NA,NA,NA,NA,NA,NA,NA,NA,NA,NA,NA,NA,NA,NA,NA,NA,NA,NA,NA,NA,NA,NA,NA,NA,NA,NA,NA,NA,NA,NA,NA,NA,NA,NA,NA,1.6775,0.44478,0.435,0.051891,0.005,0.007413,0.115,0.022239,0.005,0.007413,NA,NA,NA,NA
"568","Josh Sweat","PHI","DL","13690","robust",NA,NA,NA,NA,NA,NA,NA,NA,NA,NA,NA,NA,NA,NA,NA,NA,NA,NA,NA,NA,NA,NA,NA,NA,NA,NA,NA,NA,NA,NA,NA,NA,NA,NA,NA,NA,NA,NA,NA,NA,NA,NA,NA,NA,NA,NA,NA,NA,NA,NA,2.075,1.18608,0.62,0.118608,0.005,0.007413,0.105,0.00741299999999999,0.005,0.007413,NA,NA,NA,NA
"569","Aidan Hutchinson","DET","DL","15805","robust",NA,NA,NA,NA,NA,NA,NA,NA,NA,NA,NA,NA,NA,NA,NA,NA,NA,NA,NA,NA,NA,NA,NA,NA,NA,NA,NA,NA,NA,NA,NA,NA,NA,NA,NA,NA,NA,NA,NA,NA,NA,NA,NA,NA,NA,NA,NA,NA,NA,NA,2.38,0.622692,0.61,0.133434,0.06,0.059304,0.115,0.022239,0.005,0.007413,NA,NA,NA,NA
"570","Will Anderson","HOU","DL","16223","robust",NA,NA,NA,NA,NA,NA,NA,NA,NA,NA,NA,NA,NA,NA,NA,NA,NA,NA,NA,NA,NA,NA,NA,NA,NA,NA,NA,NA,NA,NA,NA,NA,NA,NA,NA,NA,NA,NA,NA,NA,NA,NA,NA,NA,NA,NA,NA,NA,NA,NA,2.45,0.66717,0.9,0,0,0,0.2,0,0,0,NA,NA,NA,NA
"571","Harold Landry","TEN","DL","13700","robust",NA,NA,NA,NA,NA,NA,NA,NA,NA,NA,NA,NA,NA,NA,NA,NA,NA,NA,NA,NA,NA,NA,NA,NA,NA,NA,NA,NA,NA,NA,NA,NA,NA,NA,NA,NA,NA,NA,NA,NA,NA,NA,NA,NA,NA,NA,NA,NA,NA,NA,2.85,0.0741300000000001,1,0,0,0,0.3,0,0,0,"Q","Abdomen",2023,1
"572","T.J. Watt","PIT","DL","13214","robust",NA,NA,NA,NA,NA,NA,NA,NA,NA,NA,NA,NA,NA,NA,NA,NA,NA,NA,NA,NA,NA,NA,NA,NA,NA,NA,NA,NA,NA,NA,NA,NA,NA,NA,NA,NA,NA,NA,NA,NA,NA,NA,NA,NA,NA,NA,NA,NA,NA,NA,2.1,0.88956,0.8,0,0,0,0.3,0,0,0,NA,NA,NA,NA
"573","Randy Gregory","DEN","DL","12215","robust",NA,NA,NA,NA,NA,NA,NA,NA,NA,NA,NA,NA,NA,NA,NA,NA,NA,NA,NA,NA,NA,NA,NA,NA,NA,NA,NA,NA,NA,NA,NA,NA,NA,NA,NA,NA,NA,NA,NA,NA,NA,NA,NA,NA,NA,NA,NA,NA,NA,NA,1.6,1.18608,0.7,0,0.1,0,0.2,0,0,0,NA,NA,NA,NA
"574","Matt Judon","NE","DL","12795","robust",NA,NA,NA,NA,NA,NA,NA,NA,NA,NA,NA,NA,NA,NA,NA,NA,NA,NA,NA,NA,NA,NA,NA,NA,NA,NA,NA,NA,NA,NA,NA,NA,NA,NA,NA,NA,NA,NA,NA,NA,NA,NA,NA,NA,NA,NA,NA,NA,NA,NA,1.95,0.66717,0.5,0,0,0,0.1,0,0,0,NA,NA,NA,NA
"575","Michael Hoecht","LAR","DL","15565","robust",NA,NA,NA,NA,NA,NA,NA,NA,NA,NA,NA,NA,NA,NA,NA,NA,NA,NA,NA,NA,NA,NA,NA,NA,NA,NA,NA,NA,NA,NA,NA,NA,NA,NA,NA,NA,NA,NA,NA,NA,NA,NA,NA,NA,NA,NA,NA,NA,NA,NA,2.15,0.37065,0.5,0,0,0,0,0,0,0,NA,NA,NA,NA
"576","Joey Bosa","LAC","DL","12686","robust",NA,NA,NA,NA,NA,NA,NA,NA,NA,NA,NA,NA,NA,NA,NA,NA,NA,NA,NA,NA,NA,NA,NA,NA,NA,NA,NA,NA,NA,NA,NA,NA,NA,NA,NA,NA,NA,NA,NA,NA,NA,NA,NA,NA,NA,NA,NA,NA,NA,NA,2,0.29652,0.5,0,0,0,0,0,0,0,NA,NA,NA,NA
"577","Jaelan Phillips","MIA","DL","15349","robust",NA,NA,NA,NA,NA,NA,NA,NA,NA,NA,NA,NA,NA,NA,NA,NA,NA,NA,NA,NA,NA,NA,NA,NA,NA,NA,NA,NA,NA,NA,NA,NA,NA,NA,NA,NA,NA,NA,NA,NA,NA,NA,NA,NA,NA,NA,NA,NA,NA,NA,1.95,0.37065,0.4,0,0,0,0.1,0,0,0,NA,NA,NA,NA
"578","Gregory Rousseau","BUF","DL","15346","robust",NA,NA,NA,NA,NA,NA,NA,NA,NA,NA,NA,NA,NA,NA,NA,NA,NA,NA,NA,NA,NA,NA,NA,NA,NA,NA,NA,NA,NA,NA,NA,NA,NA,NA,NA,NA,NA,NA,NA,NA,NA,NA,NA,NA,NA,NA,NA,NA,NA,NA,1.8,0.59304,0.5,0,0,0,0.2,0,0,0,NA,NA,NA,NA
"579","Bud Dupree","ATL","DL","12234","robust",NA,NA,NA,NA,NA,NA,NA,NA,NA,NA,NA,NA,NA,NA,NA,NA,NA,NA,NA,NA,NA,NA,NA,NA,NA,NA,NA,NA,NA,NA,NA,NA,NA,NA,NA,NA,NA,NA,NA,NA,NA,NA,NA,NA,NA,NA,NA,NA,NA,NA,1.1,1.4826,0.4,0,0,0,0.1,0,0,0,NA,NA,NA,NA
"580","Shaquil Barrett","TB","DL","12075","robust",NA,NA,NA,NA,NA,NA,NA,NA,NA,NA,NA,NA,NA,NA,NA,NA,NA,NA,NA,NA,NA,NA,NA,NA,NA,NA,NA,NA,NA,NA,NA,NA,NA,NA,NA,NA,NA,NA,NA,NA,NA,NA,NA,NA,NA,NA,NA,NA,NA,NA,1.55,0.81543,0.6,0,0,0,0.1,0,0,0,NA,NA,NA,NA
"581","Uchenna Nwosu","SEA","DL","13704","robust",NA,NA,NA,NA,NA,NA,NA,NA,NA,NA,NA,NA,NA,NA,NA,NA,NA,NA,NA,NA,NA,NA,NA,NA,NA,NA,NA,NA,NA,NA,NA,NA,NA,NA,NA,NA,NA,NA,NA,NA,NA,NA,NA,NA,NA,NA,NA,NA,NA,NA,2,0,0.8,0,0,0,0.2,0,0,0,NA,NA,NA,NA
"582","Nick Bosa","SF","DL","14147","robust",NA,NA,NA,NA,NA,NA,NA,NA,NA,NA,NA,NA,NA,NA,NA,NA,NA,NA,NA,NA,NA,NA,NA,NA,NA,NA,NA,NA,NA,NA,NA,NA,NA,NA,NA,NA,NA,NA,NA,NA,NA,NA,NA,NA,NA,NA,NA,NA,NA,NA,1.75,0.37065,0.8,0,0,0,0.1,0,0,0,NA,NA,NA,NA
"583","Carl Granderson","NO","DL","14405","robust",NA,NA,NA,NA,NA,NA,NA,NA,NA,NA,NA,NA,NA,NA,NA,NA,NA,NA,NA,NA,NA,NA,NA,NA,NA,NA,NA,NA,NA,NA,NA,NA,NA,NA,NA,NA,NA,NA,NA,NA,NA,NA,NA,NA,NA,NA,NA,NA,NA,NA,1.3,1.03782,0.5,0,0,0,0,0,0,0,NA,NA,NA,NA
"584","Arik Armstead","SF","DL","12218","robust",NA,NA,NA,NA,NA,NA,NA,NA,NA,NA,NA,NA,NA,NA,NA,NA,NA,NA,NA,NA,NA,NA,NA,NA,NA,NA,NA,NA,NA,NA,NA,NA,NA,NA,NA,NA,NA,NA,NA,NA,NA,NA,NA,NA,NA,NA,NA,NA,NA,NA,1.4,0.88956,0.4,0,0,0,0,0,0,0,NA,NA,NA,NA
"585","Alex Highsmith","PIT","DL","14940","robust",NA,NA,NA,NA,NA,NA,NA,NA,NA,NA,NA,NA,NA,NA,NA,NA,NA,NA,NA,NA,NA,NA,NA,NA,NA,NA,NA,NA,NA,NA,NA,NA,NA,NA,NA,NA,NA,NA,NA,NA,NA,NA,NA,NA,NA,NA,NA,NA,NA,NA,1.95,0.0741300000000001,0.3,0,0,0,0.1,0,0,0,NA,NA,NA,NA
"586","James Houston","DET","DL","15928","robust",NA,NA,NA,NA,NA,NA,NA,NA,NA,NA,NA,NA,NA,NA,NA,NA,NA,NA,NA,NA,NA,NA,NA,NA,NA,NA,NA,NA,NA,NA,NA,NA,NA,NA,NA,NA,NA,NA,NA,NA,NA,NA,NA,NA,NA,NA,NA,NA,NA,NA,1.4,0.7413,0.3,0,0,0,0.1,0,0,0,NA,NA,NA,NA
"587","Jerry Hughes","HOU","DL","9853","robust",NA,NA,NA,NA,NA,NA,NA,NA,NA,NA,NA,NA,NA,NA,NA,NA,NA,NA,NA,NA,NA,NA,NA,NA,NA,NA,NA,NA,NA,NA,NA,NA,NA,NA,NA,NA,NA,NA,NA,NA,NA,NA,NA,NA,NA,NA,NA,NA,NA,NA,1.5,0.59304,0.4,0,0,0,0.1,0,0,0,NA,NA,NA,NA
"588","DeMarcus Walker","CHI","DL","13258","robust",NA,NA,NA,NA,NA,NA,NA,NA,NA,NA,NA,NA,NA,NA,NA,NA,NA,NA,NA,NA,NA,NA,NA,NA,NA,NA,NA,NA,NA,NA,NA,NA,NA,NA,NA,NA,NA,NA,NA,NA,NA,NA,NA,NA,NA,NA,NA,NA,NA,NA,1.4,0.7413,0.2,0,0,0,0,0,0,0,NA,NA,NA,NA
"589","Yannick Ngakoue","CHI","DL","12756","robust",NA,NA,NA,NA,NA,NA,NA,NA,NA,NA,NA,NA,NA,NA,NA,NA,NA,NA,NA,NA,NA,NA,NA,NA,NA,NA,NA,NA,NA,NA,NA,NA,NA,NA,NA,NA,NA,NA,NA,NA,NA,NA,NA,NA,NA,NA,NA,NA,NA,NA,1.35,0.66717,0.6,0,0,0,0.1,0,0,0,NA,NA,NA,NA
"590","Travon Walker","JAC","DL","15815","robust",NA,NA,NA,NA,NA,NA,NA,NA,NA,NA,NA,NA,NA,NA,NA,NA,NA,NA,NA,NA,NA,NA,NA,NA,NA,NA,NA,NA,NA,NA,NA,NA,NA,NA,NA,NA,NA,NA,NA,NA,NA,NA,NA,NA,NA,NA,NA,NA,NA,NA,1.05,1.11195,0.2,0,0,0,0.2,0,0,0,NA,NA,NA,NA
"591","Jermaine Johnson","NYJ","DL","15809","robust",NA,NA,NA,NA,NA,NA,NA,NA,NA,NA,NA,NA,NA,NA,NA,NA,NA,NA,NA,NA,NA,NA,NA,NA,NA,NA,NA,NA,NA,NA,NA,NA,NA,NA,NA,NA,NA,NA,NA,NA,NA,NA,NA,NA,NA,NA,NA,NA,NA,NA,1.35,0.66717,0.4,0,0,0,0,0,0,0,NA,NA,NA,NA
"592","Maliek Collins","HOU","DL","12754","robust",NA,NA,NA,NA,NA,NA,NA,NA,NA,NA,NA,NA,NA,NA,NA,NA,NA,NA,NA,NA,NA,NA,NA,NA,NA,NA,NA,NA,NA,NA,NA,NA,NA,NA,NA,NA,NA,NA,NA,NA,NA,NA,NA,NA,NA,NA,NA,NA,NA,NA,1.5,0.44478,0.2,0,0,0,0.1,0,0,0,NA,NA,NA,NA
"593","Jadeveon Clowney","BAL","DL","11706","robust",NA,NA,NA,NA,NA,NA,NA,NA,NA,NA,NA,NA,NA,NA,NA,NA,NA,NA,NA,NA,NA,NA,NA,NA,NA,NA,NA,NA,NA,NA,NA,NA,NA,NA,NA,NA,NA,NA,NA,NA,NA,NA,NA,NA,NA,NA,NA,NA,NA,NA,1.2,0.7413,0.4,0,0,0,0.3,0,0,0,NA,NA,NA,NA
"594","Tyree Wilson","LVR","DL","16226","robust",NA,NA,NA,NA,NA,NA,NA,NA,NA,NA,NA,NA,NA,NA,NA,NA,NA,NA,NA,NA,NA,NA,NA,NA,NA,NA,NA,NA,NA,NA,NA,NA,NA,NA,NA,NA,NA,NA,NA,NA,NA,NA,NA,NA,NA,NA,NA,NA,NA,NA,1,1.03782,0.2,0,0,0,0.1,0,0,0,NA,NA,NA,NA
"595","Josh Uche","NE","DL","14925","robust",NA,NA,NA,NA,NA,NA,NA,NA,NA,NA,NA,NA,NA,NA,NA,NA,NA,NA,NA,NA,NA,NA,NA,NA,NA,NA,NA,NA,NA,NA,NA,NA,NA,NA,NA,NA,NA,NA,NA,NA,NA,NA,NA,NA,NA,NA,NA,NA,NA,NA,1.05,0.96369,0.2,0,0,0,0,0,0,0,NA,NA,NA,NA
"596","Preston Smith","GB","DL","12270","robust",NA,NA,NA,NA,NA,NA,NA,NA,NA,NA,NA,NA,NA,NA,NA,NA,NA,NA,NA,NA,NA,NA,NA,NA,NA,NA,NA,NA,NA,NA,NA,NA,NA,NA,NA,NA,NA,NA,NA,NA,NA,NA,NA,NA,NA,NA,NA,NA,NA,NA,1.4,0.44478,0.1,0,0,0,0.2,0,0,0,NA,NA,NA,NA
"597","Charles Harris","DET","DL","13204","robust",NA,NA,NA,NA,NA,NA,NA,NA,NA,NA,NA,NA,NA,NA,NA,NA,NA,NA,NA,NA,NA,NA,NA,NA,NA,NA,NA,NA,NA,NA,NA,NA,NA,NA,NA,NA,NA,NA,NA,NA,NA,NA,NA,NA,NA,NA,NA,NA,NA,NA,0.9,1.03782,0.3,0,0,0,0.1,0,0,0,NA,NA,NA,NA
"598","Ed Oliver","BUF","DL","14158","robust",NA,NA,NA,NA,NA,NA,NA,NA,NA,NA,NA,NA,NA,NA,NA,NA,NA,NA,NA,NA,NA,NA,NA,NA,NA,NA,NA,NA,NA,NA,NA,NA,NA,NA,NA,NA,NA,NA,NA,NA,NA,NA,NA,NA,NA,NA,NA,NA,NA,NA,1.1,0.7413,0.3,0,0,0,0.3,0,0,0,NA,NA,NA,NA
"599","Josh Allen","JAC","DL","14167","robust",NA,NA,NA,NA,NA,NA,NA,NA,NA,NA,NA,NA,NA,NA,NA,NA,NA,NA,NA,NA,NA,NA,NA,NA,NA,NA,NA,NA,NA,NA,NA,NA,NA,NA,NA,NA,NA,NA,NA,NA,NA,NA,NA,NA,NA,NA,NA,NA,NA,NA,1.55,0.0741300000000001,0.2,0,0,0,0.1,0,0,0,NA,NA,NA,NA
"600","Brandon Graham","PHI","DL","9826","robust",NA,NA,NA,NA,NA,NA,NA,NA,NA,NA,NA,NA,NA,NA,NA,NA,NA,NA,NA,NA,NA,NA,NA,NA,NA,NA,NA,NA,NA,NA,NA,NA,NA,NA,NA,NA,NA,NA,NA,NA,NA,NA,NA,NA,NA,NA,NA,NA,NA,NA,1.35,0.22239,0.8,0,0,0,0,0,0,0,NA,NA,NA,NA
"601","Justin Jones","CHI","DL","13748","robust",NA,NA,NA,NA,NA,NA,NA,NA,NA,NA,NA,NA,NA,NA,NA,NA,NA,NA,NA,NA,NA,NA,NA,NA,NA,NA,NA,NA,NA,NA,NA,NA,NA,NA,NA,NA,NA,NA,NA,NA,NA,NA,NA,NA,NA,NA,NA,NA,NA,NA,0.9,0.88956,0.1,0,0,0,0.3,0,0,0,NA,NA,NA,NA
"602","Fletcher Cox","PHI","DL","10762","robust",NA,NA,NA,NA,NA,NA,NA,NA,NA,NA,NA,NA,NA,NA,NA,NA,NA,NA,NA,NA,NA,NA,NA,NA,NA,NA,NA,NA,NA,NA,NA,NA,NA,NA,NA,NA,NA,NA,NA,NA,NA,NA,NA,NA,NA,NA,NA,NA,NA,NA,0.8,0.88956,0.4,0,0,0,0,0,0,0,NA,NA,NA,NA
"603","Darrell Taylor","SEA","DL","14923","robust",NA,NA,NA,NA,NA,NA,NA,NA,NA,NA,NA,NA,NA,NA,NA,NA,NA,NA,NA,NA,NA,NA,NA,NA,NA,NA,NA,NA,NA,NA,NA,NA,NA,NA,NA,NA,NA,NA,NA,NA,NA,NA,NA,NA,NA,NA,NA,NA,NA,NA,1.15,0.37065,0.4,0,0,0,0.1,0,0,0,NA,NA,NA,NA
"604","Samson Ebukam","IND","DL","13294","robust",NA,NA,NA,NA,NA,NA,NA,NA,NA,NA,NA,NA,NA,NA,NA,NA,NA,NA,NA,NA,NA,NA,NA,NA,NA,NA,NA,NA,NA,NA,NA,NA,NA,NA,NA,NA,NA,NA,NA,NA,NA,NA,NA,NA,NA,NA,NA,NA,NA,NA,0.9,0.7413,0.2,0,0,0,0.1,0,0,0,NA,NA,NA,NA
"605","Joe Tryon","TB","DL","15379","robust",NA,NA,NA,NA,NA,NA,NA,NA,NA,NA,NA,NA,NA,NA,NA,NA,NA,NA,NA,NA,NA,NA,NA,NA,NA,NA,NA,NA,NA,NA,NA,NA,NA,NA,NA,NA,NA,NA,NA,NA,NA,NA,NA,NA,NA,NA,NA,NA,NA,NA,1,0.59304,0.1,0,0,0,0.2,0,0,0,NA,NA,NA,NA
"606","D.J. Jones","DEN","DL","13332","robust",NA,NA,NA,NA,NA,NA,NA,NA,NA,NA,NA,NA,NA,NA,NA,NA,NA,NA,NA,NA,NA,NA,NA,NA,NA,NA,NA,NA,NA,NA,NA,NA,NA,NA,NA,NA,NA,NA,NA,NA,NA,NA,NA,NA,NA,NA,NA,NA,NA,NA,0.95,0.66717,0.1,0,0,0,0.3,0,0,0,NA,NA,NA,NA
"607","Rashad Weaver","TEN","DL","15347","robust",NA,NA,NA,NA,NA,NA,NA,NA,NA,NA,NA,NA,NA,NA,NA,NA,NA,NA,NA,NA,NA,NA,NA,NA,NA,NA,NA,NA,NA,NA,NA,NA,NA,NA,NA,NA,NA,NA,NA,NA,NA,NA,NA,NA,NA,NA,NA,NA,NA,NA,0.9,0.59304,0.3,0,0,0,0.3,0,0,0,NA,NA,NA,NA
"608","Dorance Armstrong","DAL","DL","13759","robust",NA,NA,NA,NA,NA,NA,NA,NA,NA,NA,NA,NA,NA,NA,NA,NA,NA,NA,NA,NA,NA,NA,NA,NA,NA,NA,NA,NA,NA,NA,NA,NA,NA,NA,NA,NA,NA,NA,NA,NA,NA,NA,NA,NA,NA,NA,NA,NA,NA,NA,0.9,0.59304,0.3,0,0,0,0,0,0,0,NA,NA,NA,NA
"609","Osa Odighizuwa","DAL","DL","15393","robust",NA,NA,NA,NA,NA,NA,NA,NA,NA,NA,NA,NA,NA,NA,NA,NA,NA,NA,NA,NA,NA,NA,NA,NA,NA,NA,NA,NA,NA,NA,NA,NA,NA,NA,NA,NA,NA,NA,NA,NA,NA,NA,NA,NA,NA,NA,NA,NA,NA,NA,0.85,0.66717,0.2,0,0,0,0,0,0,0,NA,NA,NA,NA
"610","George Karlaftis","KC","DL","15808","robust",NA,NA,NA,NA,NA,NA,NA,NA,NA,NA,NA,NA,NA,NA,NA,NA,NA,NA,NA,NA,NA,NA,NA,NA,NA,NA,NA,NA,NA,NA,NA,NA,NA,NA,NA,NA,NA,NA,NA,NA,NA,NA,NA,NA,NA,NA,NA,NA,NA,NA,0.75,0.66717,0.6,0,0,0,0.5,0,0,0,NA,NA,NA,NA
"611","A.J. Epenesa","BUF","DL","14879","robust",NA,NA,NA,NA,NA,NA,NA,NA,NA,NA,NA,NA,NA,NA,NA,NA,NA,NA,NA,NA,NA,NA,NA,NA,NA,NA,NA,NA,NA,NA,NA,NA,NA,NA,NA,NA,NA,NA,NA,NA,NA,NA,NA,NA,NA,NA,NA,NA,NA,NA,1,0.29652,0.4,0,0,0,0.3,0,0,0,NA,NA,NA,NA
"612","D.J. Wonnum","MIN","DL","14947","robust",NA,NA,NA,NA,NA,NA,NA,NA,NA,NA,NA,NA,NA,NA,NA,NA,NA,NA,NA,NA,NA,NA,NA,NA,NA,NA,NA,NA,NA,NA,NA,NA,NA,NA,NA,NA,NA,NA,NA,NA,NA,NA,NA,NA,NA,NA,NA,NA,NA,NA,0.85,0.51891,0.4,0,0,0,0.2,0,0,0,NA,NA,NA,NA
"613","Carl Lawson","NYJ","DL","13202","robust",NA,NA,NA,NA,NA,NA,NA,NA,NA,NA,NA,NA,NA,NA,NA,NA,NA,NA,NA,NA,NA,NA,NA,NA,NA,NA,NA,NA,NA,NA,NA,NA,NA,NA,NA,NA,NA,NA,NA,NA,NA,NA,NA,NA,NA,NA,NA,NA,NA,NA,0.85,0.51891,0.4,0,0,0,0,0,0,0,NA,NA,NA,NA
"614","Frank Clark","DEN","DL","12280","robust",NA,NA,NA,NA,NA,NA,NA,NA,NA,NA,NA,NA,NA,NA,NA,NA,NA,NA,NA,NA,NA,NA,NA,NA,NA,NA,NA,NA,NA,NA,NA,NA,NA,NA,NA,NA,NA,NA,NA,NA,NA,NA,NA,NA,NA,NA,NA,NA,NA,NA,0.85,0.51891,0.2,0,0,0,0,0,0,0,NA,NA,NA,NA
"615","K'Lavon Chaisson","JAC","DL","14888","robust",NA,NA,NA,NA,NA,NA,NA,NA,NA,NA,NA,NA,NA,NA,NA,NA,NA,NA,NA,NA,NA,NA,NA,NA,NA,NA,NA,NA,NA,NA,NA,NA,NA,NA,NA,NA,NA,NA,NA,NA,NA,NA,NA,NA,NA,NA,NA,NA,NA,NA,0.95,0.37065,0.1,0,0,0,0.1,0,0,0,NA,NA,NA,NA
"616","Khalil Mack","LAC","DL","11721","robust",NA,NA,NA,NA,NA,NA,NA,NA,NA,NA,NA,NA,NA,NA,NA,NA,NA,NA,NA,NA,NA,NA,NA,NA,NA,NA,NA,NA,NA,NA,NA,NA,NA,NA,NA,NA,NA,NA,NA,NA,NA,NA,NA,NA,NA,NA,NA,NA,NA,NA,1.05,0.0741300000000001,0.2,0,0.1,0,0.1,0,0,0,NA,NA,NA,NA
"617","Vita Vea","TB","DL","13692","robust",NA,NA,NA,NA,NA,NA,NA,NA,NA,NA,NA,NA,NA,NA,NA,NA,NA,NA,NA,NA,NA,NA,NA,NA,NA,NA,NA,NA,NA,NA,NA,NA,NA,NA,NA,NA,NA,NA,NA,NA,NA,NA,NA,NA,NA,NA,NA,NA,NA,NA,0.55,0.66717,0.3,0,0,0,0.1,0,0,0,NA,NA,NA,NA
"618","Nick Bolton","KC","LB","15355","robust",NA,NA,NA,NA,NA,NA,NA,NA,NA,NA,NA,NA,NA,NA,NA,NA,NA,NA,NA,NA,NA,NA,NA,NA,NA,NA,NA,NA,NA,NA,NA,NA,NA,NA,NA,NA,NA,NA,NA,NA,NA,NA,NA,NA,NA,NA,NA,NA,NA,NA,6.1075,1.92738,0.085,0.022239,0.08,0.029652,0.245,0.214977,0.055,0.066717,NA,NA,NA,NA
"619","Alex Singleton","DEN","LB","14412","robust",NA,NA,NA,NA,NA,NA,NA,NA,NA,NA,NA,NA,NA,NA,NA,NA,NA,NA,NA,NA,NA,NA,NA,NA,NA,NA,NA,NA,NA,NA,NA,NA,NA,NA,NA,NA,NA,NA,NA,NA,NA,NA,NA,NA,NA,NA,NA,NA,NA,NA,6.05,1.77912,0.025,0.037065,0.07,0.044478,0.28,0.118608,0.005,0.007413,NA,NA,NA,NA
"620","Foyesade Oluokun","JAC","LB","13813","robust",NA,NA,NA,NA,NA,NA,NA,NA,NA,NA,NA,NA,NA,NA,NA,NA,NA,NA,NA,NA,NA,NA,NA,NA,NA,NA,NA,NA,NA,NA,NA,NA,NA,NA,NA,NA,NA,NA,NA,NA,NA,NA,NA,NA,NA,NA,NA,NA,NA,NA,6.9525,4.15128,0.105,0.00741299999999999,0.03,0.044478,0.34,0.059304,0.005,0.007413,NA,NA,NA,NA
"621","Fred Warner","SF","LB","13743","robust",NA,NA,NA,NA,NA,NA,NA,NA,NA,NA,NA,NA,NA,NA,NA,NA,NA,NA,NA,NA,NA,NA,NA,NA,NA,NA,NA,NA,NA,NA,NA,NA,NA,NA,NA,NA,NA,NA,NA,NA,NA,NA,NA,NA,NA,NA,NA,NA,NA,NA,5.7,0.59304,0.09,0.014826,0.08,0.029652,0.39,0.014826,0.005,0.007413,NA,NA,NA,NA
"622","Roquan Smith","BAL","LB","13696","robust",NA,NA,NA,NA,NA,NA,NA,NA,NA,NA,NA,NA,NA,NA,NA,NA,NA,NA,NA,NA,NA,NA,NA,NA,NA,NA,NA,NA,NA,NA,NA,NA,NA,NA,NA,NA,NA,NA,NA,NA,NA,NA,NA,NA,NA,NA,NA,NA,NA,NA,6.735,4.210584,0.305,0.140847,0.15,0.07413,0.43,0.044478,0.005,0.007413,NA,NA,NA,NA
"623","Zaire Franklin","IND","LB","13837","robust",NA,NA,NA,NA,NA,NA,NA,NA,NA,NA,NA,NA,NA,NA,NA,NA,NA,NA,NA,NA,NA,NA,NA,NA,NA,NA,NA,NA,NA,NA,NA,NA,NA,NA,NA,NA,NA,NA,NA,NA,NA,NA,NA,NA,NA,NA,NA,NA,NA,NA,6.1025,1.18608,0.17,0.044478,0.015,0.022239,0.31,0.014826,0.005,0.007413,NA,NA,NA,NA
"624","Bobby Okereke","NYG","LB","14218","robust",NA,NA,NA,NA,NA,NA,NA,NA,NA,NA,NA,NA,NA,NA,NA,NA,NA,NA,NA,NA,NA,NA,NA,NA,NA,NA,NA,NA,NA,NA,NA,NA,NA,NA,NA,NA,NA,NA,NA,NA,NA,NA,NA,NA,NA,NA,NA,NA,NA,NA,6.145,1.92738,0.125,0.111195,0.03,0.044478,0.345,0.066717,0.005,0.007413,NA,NA,NA,NA
"625","Cole Holcomb","PIT","LB","14260","robust",NA,NA,NA,NA,NA,NA,NA,NA,NA,NA,NA,NA,NA,NA,NA,NA,NA,NA,NA,NA,NA,NA,NA,NA,NA,NA,NA,NA,NA,NA,NA,NA,NA,NA,NA,NA,NA,NA,NA,NA,NA,NA,NA,NA,NA,NA,NA,NA,NA,NA,5.4925,1.33434,0.175,0.185325,0.075,0.037065,0.28,0.118608,0.005,0.007413,NA,NA,NA,NA
"626","Jordyn Brooks","SEA","LB","14892","robust",NA,NA,NA,NA,NA,NA,NA,NA,NA,NA,NA,NA,NA,NA,NA,NA,NA,NA,NA,NA,NA,NA,NA,NA,NA,NA,NA,NA,NA,NA,NA,NA,NA,NA,NA,NA,NA,NA,NA,NA,NA,NA,NA,NA,NA,NA,NA,NA,NA,NA,5.845,2.52042,0.09,0.014826,0.01,0.014826,0.29,0.0148259999999999,0.005,0.007413,NA,NA,NA,NA
"627","Drue Tranquill","KC","LB","14235","robust",NA,NA,NA,NA,NA,NA,NA,NA,NA,NA,NA,NA,NA,NA,NA,NA,NA,NA,NA,NA,NA,NA,NA,NA,NA,NA,NA,NA,NA,NA,NA,NA,NA,NA,NA,NA,NA,NA,NA,NA,NA,NA,NA,NA,NA,NA,NA,NA,NA,NA,5.415,0.88956,0.205,0.00741299999999996,0.025,0.037065,0.315,0.022239,0.005,0.007413,NA,NA,NA,NA
"628","T.J. Edwards","CHI","LB","14322","robust",NA,NA,NA,NA,NA,NA,NA,NA,NA,NA,NA,NA,NA,NA,NA,NA,NA,NA,NA,NA,NA,NA,NA,NA,NA,NA,NA,NA,NA,NA,NA,NA,NA,NA,NA,NA,NA,NA,NA,NA,NA,NA,NA,NA,NA,NA,NA,NA,NA,NA,5.465,1.03782,0.11,0.014826,0.025,0.037065,0.27,0.103782,0.005,0.007413,NA,NA,NA,NA
"629","Lavonte David","TB","LB","10768","robust",NA,NA,NA,NA,NA,NA,NA,NA,NA,NA,NA,NA,NA,NA,NA,NA,NA,NA,NA,NA,NA,NA,NA,NA,NA,NA,NA,NA,NA,NA,NA,NA,NA,NA,NA,NA,NA,NA,NA,NA,NA,NA,NA,NA,NA,NA,NA,NA,NA,NA,5.6275,0.889559999999999,0.19,0.014826,0.045,0.066717,0.315,0.170499,0.005,0.007413,NA,NA,NA,NA
"630","Robert Spillane","LVR","LB","13987","robust",NA,NA,NA,NA,NA,NA,NA,NA,NA,NA,NA,NA,NA,NA,NA,NA,NA,NA,NA,NA,NA,NA,NA,NA,NA,NA,NA,NA,NA,NA,NA,NA,NA,NA,NA,NA,NA,NA,NA,NA,NA,NA,NA,NA,NA,NA,NA,NA,NA,NA,4.95,1.03782,0.07,0.103782,0.07,0.044478,0.255,0.081543,0.005,0.007413,NA,NA,NA,NA
"631","Cody Barton","WAS","LB","14217","robust",NA,NA,NA,NA,NA,NA,NA,NA,NA,NA,NA,NA,NA,NA,NA,NA,NA,NA,NA,NA,NA,NA,NA,NA,NA,NA,NA,NA,NA,NA,NA,NA,NA,NA,NA,NA,NA,NA,NA,NA,NA,NA,NA,NA,NA,NA,NA,NA,NA,NA,4.865,0.14826,0.1,0,0.095,0.00741300000000001,0.315,0.170499,0.005,0.007413,NA,NA,NA,NA
"632","C.J. Mosley","NYJ","LB","11728","robust",NA,NA,NA,NA,NA,NA,NA,NA,NA,NA,NA,NA,NA,NA,NA,NA,NA,NA,NA,NA,NA,NA,NA,NA,NA,NA,NA,NA,NA,NA,NA,NA,NA,NA,NA,NA,NA,NA,NA,NA,NA,NA,NA,NA,NA,NA,NA,NA,NA,NA,6.045,3.26172,0.09,0.014826,0.065,0.096369,0.405,0.155673,0.005,0.007413,NA,NA,NA,NA
"633","Devin White","TB","LB","14168","robust",NA,NA,NA,NA,NA,NA,NA,NA,NA,NA,NA,NA,NA,NA,NA,NA,NA,NA,NA,NA,NA,NA,NA,NA,NA,NA,NA,NA,NA,NA,NA,NA,NA,NA,NA,NA,NA,NA,NA,NA,NA,NA,NA,NA,NA,NA,NA,NA,NA,NA,5.1225,1.33434,0.23,0.044478,0.025,0.037065,0.305,0.00741300000000001,0.005,0.007413,NA,NA,NA,NA
"634","Shaq Green-Thompson","CAR","LB","12231","robust",NA,NA,NA,NA,NA,NA,NA,NA,NA,NA,NA,NA,NA,NA,NA,NA,NA,NA,NA,NA,NA,NA,NA,NA,NA,NA,NA,NA,NA,NA,NA,NA,NA,NA,NA,NA,NA,NA,NA,NA,NA,NA,NA,NA,NA,NA,NA,NA,NA,NA,4.915,2.07564,0.04,0.059304,0.015,0.022239,0.255,0.081543,0.005,0.007413,NA,NA,NA,NA
"635","Azeez Al-Shaair","TEN","LB","14590","robust",NA,NA,NA,NA,NA,NA,NA,NA,NA,NA,NA,NA,NA,NA,NA,NA,NA,NA,NA,NA,NA,NA,NA,NA,NA,NA,NA,NA,NA,NA,NA,NA,NA,NA,NA,NA,NA,NA,NA,NA,NA,NA,NA,NA,NA,NA,NA,NA,NA,NA,4.5625,0.14826,0.045,0.066717,0.075,0.037065,0.27,0.103782,0.005,0.007413,NA,NA,NA,NA
"636","Jamin Davis","WAS","LB","15373","robust",NA,NA,NA,NA,NA,NA,NA,NA,NA,NA,NA,NA,NA,NA,NA,NA,NA,NA,NA,NA,NA,NA,NA,NA,NA,NA,NA,NA,NA,NA,NA,NA,NA,NA,NA,NA,NA,NA,NA,NA,NA,NA,NA,NA,NA,NA,NA,NA,NA,NA,5.2375,1.4826,0.09,0.133434,0.015,0.022239,0.195,0.140847,0.005,0.007413,NA,NA,NA,NA
"637","Bobby Wagner","SEA","LB","10775","robust",NA,NA,NA,NA,NA,NA,NA,NA,NA,NA,NA,NA,NA,NA,NA,NA,NA,NA,NA,NA,NA,NA,NA,NA,NA,NA,NA,NA,NA,NA,NA,NA,NA,NA,NA,NA,NA,NA,NA,NA,NA,NA,NA,NA,NA,NA,NA,NA,NA,NA,5.695,3.232068,0.305,0.140847,0.085,0.022239,0.385,0.022239,0.005,0.007413,NA,NA,NA,NA
"638","Logan Wilson","CIN","LB","14928","robust",NA,NA,NA,NA,NA,NA,NA,NA,NA,NA,NA,NA,NA,NA,NA,NA,NA,NA,NA,NA,NA,NA,NA,NA,NA,NA,NA,NA,NA,NA,NA,NA,NA,NA,NA,NA,NA,NA,NA,NA,NA,NA,NA,NA,NA,NA,NA,NA,NA,NA,5.8775,1.92738,0.115,0.022239,0.1,0,0.37,0.103782,0.005,0.007413,NA,NA,NA,NA
"639","Ernest Jones","LAR","LB","15404","robust",NA,NA,NA,NA,NA,NA,NA,NA,NA,NA,NA,NA,NA,NA,NA,NA,NA,NA,NA,NA,NA,NA,NA,NA,NA,NA,NA,NA,NA,NA,NA,NA,NA,NA,NA,NA,NA,NA,NA,NA,NA,NA,NA,NA,NA,NA,NA,NA,NA,NA,5.2175,2.2239,0.155,0.066717,0.08,0.029652,0.28,0.118608,0.005,0.007413,NA,NA,NA,NA
"640","Tremaine Edmunds","CHI","LB","13697","robust",NA,NA,NA,NA,NA,NA,NA,NA,NA,NA,NA,NA,NA,NA,NA,NA,NA,NA,NA,NA,NA,NA,NA,NA,NA,NA,NA,NA,NA,NA,NA,NA,NA,NA,NA,NA,NA,NA,NA,NA,NA,NA,NA,NA,NA,NA,NA,NA,NA,NA,5.505,1.77912,0.075,0.037065,0.08,0.029652,0.235,0.200151,0.005,0.007413,NA,NA,NA,NA
"641","Alex Anzalone","DET","LB","13268","robust",NA,NA,NA,NA,NA,NA,NA,NA,NA,NA,NA,NA,NA,NA,NA,NA,NA,NA,NA,NA,NA,NA,NA,NA,NA,NA,NA,NA,NA,NA,NA,NA,NA,NA,NA,NA,NA,NA,NA,NA,NA,NA,NA,NA,NA,NA,NA,NA,NA,NA,4.3025,0,0.095,0.00741300000000001,0.02,0.029652,0.21,0.163086,0.005,0.007413,NA,NA,NA,NA
"642","Jordan Hicks","MIN","LB","12287","robust",NA,NA,NA,NA,NA,NA,NA,NA,NA,NA,NA,NA,NA,NA,NA,NA,NA,NA,NA,NA,NA,NA,NA,NA,NA,NA,NA,NA,NA,NA,NA,NA,NA,NA,NA,NA,NA,NA,NA,NA,NA,NA,NA,NA,NA,NA,NA,NA,NA,NA,5.31,1.4826,0.2,0.14826,0.105,0.00741299999999999,0.515,0.126021,0.005,0.007413,NA,NA,NA,NA
"643","Frankie Luvu","CAR","LB","13952","robust",NA,NA,NA,NA,NA,NA,NA,NA,NA,NA,NA,NA,NA,NA,NA,NA,NA,NA,NA,NA,NA,NA,NA,NA,NA,NA,NA,NA,NA,NA,NA,NA,NA,NA,NA,NA,NA,NA,NA,NA,NA,NA,NA,NA,NA,NA,NA,NA,NA,NA,5.8225,2.81694,0.425,0.111195,0.015,0.022239,0.285,0.0222389999999999,0.005,0.007413,NA,NA,NA,NA
"644","DeVondre Campbell","GB","LB","12779","robust",NA,NA,NA,NA,NA,NA,NA,NA,NA,NA,NA,NA,NA,NA,NA,NA,NA,NA,NA,NA,NA,NA,NA,NA,NA,NA,NA,NA,NA,NA,NA,NA,NA,NA,NA,NA,NA,NA,NA,NA,NA,NA,NA,NA,NA,NA,NA,NA,NA,NA,4.9725,1.18608,0.105,0.00741299999999999,0.075,0.037065,0.265,0.096369,0.005,0.007413,NA,NA,NA,NA
"645","Dre Greenlaw","SF","LB","14247","robust",NA,NA,NA,NA,NA,NA,NA,NA,NA,NA,NA,NA,NA,NA,NA,NA,NA,NA,NA,NA,NA,NA,NA,NA,NA,NA,NA,NA,NA,NA,NA,NA,NA,NA,NA,NA,NA,NA,NA,NA,NA,NA,NA,NA,NA,NA,NA,NA,NA,NA,4.8125,1.18608,0.015,0.022239,0.025,0.037065,0.315,0.022239,0.005,0.007413,NA,NA,NA,NA
"646","Josey Jewell","DEN","LB","13702","robust",NA,NA,NA,NA,NA,NA,NA,NA,NA,NA,NA,NA,NA,NA,NA,NA,NA,NA,NA,NA,NA,NA,NA,NA,NA,NA,NA,NA,NA,NA,NA,NA,NA,NA,NA,NA,NA,NA,NA,NA,NA,NA,NA,NA,NA,NA,NA,NA,NA,NA,5.1825,3.602718,0.18,0.029652,0.065,0.051891,0.345,0.081543,0.005,0.007413,NA,NA,NA,NA
"647","Denzel Perryman","HOU","LB","12238","robust",NA,NA,NA,NA,NA,NA,NA,NA,NA,NA,NA,NA,NA,NA,NA,NA,NA,NA,NA,NA,NA,NA,NA,NA,NA,NA,NA,NA,NA,NA,NA,NA,NA,NA,NA,NA,NA,NA,NA,NA,NA,NA,NA,NA,NA,NA,NA,NA,NA,NA,4.515,0,0.075,0.037065,0.075,0.037065,0.265,0.096369,0.005,0.007413,NA,NA,NA,NA
"648","Ja'Whaun Bentley","NE","LB","13775","robust",NA,NA,NA,NA,NA,NA,NA,NA,NA,NA,NA,NA,NA,NA,NA,NA,NA,NA,NA,NA,NA,NA,NA,NA,NA,NA,NA,NA,NA,NA,NA,NA,NA,NA,NA,NA,NA,NA,NA,NA,NA,NA,NA,NA,NA,NA,NA,NA,NA,NA,4.2125,1.33434,0.17,0.044478,0.015,0.022239,0.185,0.126021,0.005,0.007413,NA,NA,NA,NA
"649","Elandon Roberts","PIT","LB","12831","robust",NA,NA,NA,NA,NA,NA,NA,NA,NA,NA,NA,NA,NA,NA,NA,NA,NA,NA,NA,NA,NA,NA,NA,NA,NA,NA,NA,NA,NA,NA,NA,NA,NA,NA,NA,NA,NA,NA,NA,NA,NA,NA,NA,NA,NA,NA,NA,NA,NA,NA,4.5825,0,0.235,0.096369,0.01,0.014826,0.175,0.111195,0.005,0.007413,NA,NA,NA,NA
"650","Leighton Vander Esch","DAL","LB","13727","robust",NA,NA,NA,NA,NA,NA,NA,NA,NA,NA,NA,NA,NA,NA,NA,NA,NA,NA,NA,NA,NA,NA,NA,NA,NA,NA,NA,NA,NA,NA,NA,NA,NA,NA,NA,NA,NA,NA,NA,NA,NA,NA,NA,NA,NA,NA,NA,NA,NA,NA,4.79,3.943716,0.145,0.081543,0.015,0.022239,0.19,0.133434,0.005,0.007413,NA,NA,NA,NA
"651","David Long","MIA","LB","14268","robust",NA,NA,NA,NA,NA,NA,NA,NA,NA,NA,NA,NA,NA,NA,NA,NA,NA,NA,NA,NA,NA,NA,NA,NA,NA,NA,NA,NA,NA,NA,NA,NA,NA,NA,NA,NA,NA,NA,NA,NA,NA,NA,NA,NA,NA,NA,NA,NA,NA,NA,5.24,3.054156,0.18,0.177912,0.08,0.029652,0.33,0.044478,0.005,0.007413,NA,NA,NA,NA
"652","Quincy Williams","NYJ","LB","14221","robust",NA,NA,NA,NA,NA,NA,NA,NA,NA,NA,NA,NA,NA,NA,NA,NA,NA,NA,NA,NA,NA,NA,NA,NA,NA,NA,NA,NA,NA,NA,NA,NA,NA,NA,NA,NA,NA,NA,NA,NA,NA,NA,NA,NA,NA,NA,NA,NA,NA,NA,4.8875,1.03782,0.185,0.022239,0.01,0.014826,0.225,0.037065,0.005,0.007413,NA,NA,NA,NA
"653","Germaine Pratt","CIN","LB","14210","robust",NA,NA,NA,NA,NA,NA,NA,NA,NA,NA,NA,NA,NA,NA,NA,NA,NA,NA,NA,NA,NA,NA,NA,NA,NA,NA,NA,NA,NA,NA,NA,NA,NA,NA,NA,NA,NA,NA,NA,NA,NA,NA,NA,NA,NA,NA,NA,NA,NA,NA,4.175,1.18608,0.04,0.059304,0.07,0.044478,0.455,0.214977,0.005,0.007413,NA,NA,NA,NA
"654","Monty Rice","TEN","LB","15399","robust",NA,NA,NA,NA,NA,NA,NA,NA,NA,NA,NA,NA,NA,NA,NA,NA,NA,NA,NA,NA,NA,NA,NA,NA,NA,NA,NA,NA,NA,NA,NA,NA,NA,NA,NA,NA,NA,NA,NA,NA,NA,NA,NA,NA,NA,NA,NA,NA,NA,NA,4.1925,0.14826,0.065,0.051891,0.01,0.014826,0.185,0.126021,0.005,0.007413,NA,NA,NA,NA
"655","Patrick Queen","BAL","LB","14896","robust",NA,NA,NA,NA,NA,NA,NA,NA,NA,NA,NA,NA,NA,NA,NA,NA,NA,NA,NA,NA,NA,NA,NA,NA,NA,NA,NA,NA,NA,NA,NA,NA,NA,NA,NA,NA,NA,NA,NA,NA,NA,NA,NA,NA,NA,NA,NA,NA,NA,NA,5.115,2.2239,0.265,0.051891,0.08,0.029652,0.365,0.051891,0.005,0.007413,NA,NA,NA,NA
"656","Eric Kendricks","LAC","LB","12239","robust",NA,NA,NA,NA,NA,NA,NA,NA,NA,NA,NA,NA,NA,NA,NA,NA,NA,NA,NA,NA,NA,NA,NA,NA,NA,NA,NA,NA,NA,NA,NA,NA,NA,NA,NA,NA,NA,NA,NA,NA,NA,NA,NA,NA,NA,NA,NA,NA,NA,NA,5.2775,2.831766,0.18,0.029652,0.03,0.044478,0.365,0.051891,0.005,0.007413,NA,NA,NA,NA
"657","Divine Deablo","LVR","LB","15396","robust",NA,NA,NA,NA,NA,NA,NA,NA,NA,NA,NA,NA,NA,NA,NA,NA,NA,NA,NA,NA,NA,NA,NA,NA,NA,NA,NA,NA,NA,NA,NA,NA,NA,NA,NA,NA,NA,NA,NA,NA,NA,NA,NA,NA,NA,NA,NA,NA,NA,NA,5.175,2.81694,0.02,0.029652,0.01,0.014826,0.185,0.126021,0.005,0.007413,NA,NA,NA,NA
"658","Christian Harris","HOU","LB","15823","robust",NA,NA,NA,NA,NA,NA,NA,NA,NA,NA,NA,NA,NA,NA,NA,NA,NA,NA,NA,NA,NA,NA,NA,NA,NA,NA,NA,NA,NA,NA,NA,NA,NA,NA,NA,NA,NA,NA,NA,NA,NA,NA,NA,NA,NA,NA,NA,NA,NA,NA,4.4425,1.18608,0.11,0.014826,0.075,0.037065,0.405,0.140847,0.005,0.007413,NA,NA,NA,NA
"659","Jack Sanborn","CHI","LB","15975","robust",NA,NA,NA,NA,NA,NA,NA,NA,NA,NA,NA,NA,NA,NA,NA,NA,NA,NA,NA,NA,NA,NA,NA,NA,NA,NA,NA,NA,NA,NA,NA,NA,NA,NA,NA,NA,NA,NA,NA,NA,NA,NA,NA,NA,NA,NA,NA,NA,NA,NA,4.4975,0.7413,0.185,0.126021,0.015,0.022239,0.125,0.185325,0.005,0.007413,NA,NA,NA,NA
"660","Pete Werner","NO","LB","15387","robust",NA,NA,NA,NA,NA,NA,NA,NA,NA,NA,NA,NA,NA,NA,NA,NA,NA,NA,NA,NA,NA,NA,NA,NA,NA,NA,NA,NA,NA,NA,NA,NA,NA,NA,NA,NA,NA,NA,NA,NA,NA,NA,NA,NA,NA,NA,NA,NA,NA,NA,5.2325,2.564898,0.17,0.192738,0.01,0.014826,0.33,0.103782,0.005,0.007413,NA,NA,NA,NA
"661","Troy Andersen","ATL","LB","15858","robust",NA,NA,NA,NA,NA,NA,NA,NA,NA,NA,NA,NA,NA,NA,NA,NA,NA,NA,NA,NA,NA,NA,NA,NA,NA,NA,NA,NA,NA,NA,NA,NA,NA,NA,NA,NA,NA,NA,NA,NA,NA,NA,NA,NA,NA,NA,NA,NA,NA,NA,4.1025,0.59304,0.02,0.029652,0.02,0.029652,0.2,0.14826,0.005,0.007413,NA,NA,NA,NA
"662","Quay Walker","GB","LB","15846","robust",NA,NA,NA,NA,NA,NA,NA,NA,NA,NA,NA,NA,NA,NA,NA,NA,NA,NA,NA,NA,NA,NA,NA,NA,NA,NA,NA,NA,NA,NA,NA,NA,NA,NA,NA,NA,NA,NA,NA,NA,NA,NA,NA,NA,NA,NA,NA,NA,NA,NA,4.37,1.18608,0.17,0.044478,0.01,0.014826,0.325,0.111195,0.005,0.007413,NA,NA,NA,NA
"663","Sione Takitaki","CLE","LB","14212","robust",NA,NA,NA,NA,NA,NA,NA,NA,NA,NA,NA,NA,NA,NA,NA,NA,NA,NA,NA,NA,NA,NA,NA,NA,NA,NA,NA,NA,NA,NA,NA,NA,NA,NA,NA,NA,NA,NA,NA,NA,NA,NA,NA,NA,NA,NA,NA,NA,NA,NA,3.8775,2.2239,0.09,0.014826,0.03,0.044478,0.22,0.177912,0.005,0.007413,NA,NA,NA,NA
"664","E.J. Speed","IND","LB","14257","robust",NA,NA,NA,NA,NA,NA,NA,NA,NA,NA,NA,NA,NA,NA,NA,NA,NA,NA,NA,NA,NA,NA,NA,NA,NA,NA,NA,NA,NA,NA,NA,NA,NA,NA,NA,NA,NA,NA,NA,NA,NA,NA,NA,NA,NA,NA,NA,NA,NA,NA,3.7325,1.03782,0.06,0.088956,0.01,0.014826,0.22,0.029652,0.005,0.007413,NA,NA,NA,NA
"665","Demario Davis","NO","LB","10816","robust",NA,NA,NA,NA,NA,NA,NA,NA,NA,NA,NA,NA,NA,NA,NA,NA,NA,NA,NA,NA,NA,NA,NA,NA,NA,NA,NA,NA,NA,NA,NA,NA,NA,NA,NA,NA,NA,NA,NA,NA,NA,NA,NA,NA,NA,NA,NA,NA,NA,NA,3.5275,2.66868,0.32,0.029652,0.015,0.022239,0.32,0.118608,0.005,0.007413,NA,NA,NA,NA
"666","Christian Rozeboom","LAR","LB","15076","robust",NA,NA,NA,NA,NA,NA,NA,NA,NA,NA,NA,NA,NA,NA,NA,NA,NA,NA,NA,NA,NA,NA,NA,NA,NA,NA,NA,NA,NA,NA,NA,NA,NA,NA,NA,NA,NA,NA,NA,NA,NA,NA,NA,NA,NA,NA,NA,NA,NA,NA,4.1525,0.7413,0.27,0.192738,0.07,0.044478,0.24,0.059304,0.005,0.007413,NA,NA,NA,NA
"667","Darius Leonard","IND","LB","13733","robust",NA,NA,NA,NA,NA,NA,NA,NA,NA,NA,NA,NA,NA,NA,NA,NA,NA,NA,NA,NA,NA,NA,NA,NA,NA,NA,NA,NA,NA,NA,NA,NA,NA,NA,NA,NA,NA,NA,NA,NA,NA,NA,NA,NA,NA,NA,NA,NA,NA,NA,4.52,2.07564,0.06,0.059304,0.145,0.081543,0.455,0.066717,0.005,0.007413,NA,NA,NA,NA
"668","Jeremiah Owusu-Koramoah","CLE","LB","15351","robust",NA,NA,NA,NA,NA,NA,NA,NA,NA,NA,NA,NA,NA,NA,NA,NA,NA,NA,NA,NA,NA,NA,NA,NA,NA,NA,NA,NA,NA,NA,NA,NA,NA,NA,NA,NA,NA,NA,NA,NA,NA,NA,NA,NA,NA,NA,NA,NA,NA,NA,3.6025,1.03782,0.045,0.066717,0.01,0.014826,0.22,0.029652,0.005,0.007413,NA,NA,NA,NA
"669","Kyzir White","ARI","LB","13762","robust",NA,NA,NA,NA,NA,NA,NA,NA,NA,NA,NA,NA,NA,NA,NA,NA,NA,NA,NA,NA,NA,NA,NA,NA,NA,NA,NA,NA,NA,NA,NA,NA,NA,NA,NA,NA,NA,NA,NA,NA,NA,NA,NA,NA,NA,NA,NA,NA,NA,NA,4.0825,1.18608,0.09,0.014826,0.08,0.029652,0.315,0.022239,0.005,0.007413,NA,NA,NA,NA
"670","Jack Campbell","DET","LB","16239","robust",NA,NA,NA,NA,NA,NA,NA,NA,NA,NA,NA,NA,NA,NA,NA,NA,NA,NA,NA,NA,NA,NA,NA,NA,NA,NA,NA,NA,NA,NA,NA,NA,NA,NA,NA,NA,NA,NA,NA,NA,NA,NA,NA,NA,NA,NA,NA,NA,NA,NA,4.535,1.4826,0.19,0.163086,0.02,0.029652,0.34,0.088956,0.005,0.007413,NA,NA,NA,NA
"671","Jerome Baker","MIA","LB","13706","robust",NA,NA,NA,NA,NA,NA,NA,NA,NA,NA,NA,NA,NA,NA,NA,NA,NA,NA,NA,NA,NA,NA,NA,NA,NA,NA,NA,NA,NA,NA,NA,NA,NA,NA,NA,NA,NA,NA,NA,NA,NA,NA,NA,NA,NA,NA,NA,NA,NA,NA,4.32,1.63086,0.285,0.0222389999999999,0.015,0.022239,0.215,0.022239,0.005,0.007413,NA,NA,NA,NA
"672","Damone Clark","DAL","LB","15826","robust",NA,NA,NA,NA,NA,NA,NA,NA,NA,NA,NA,NA,NA,NA,NA,NA,NA,NA,NA,NA,NA,NA,NA,NA,NA,NA,NA,NA,NA,NA,NA,NA,NA,NA,NA,NA,NA,NA,NA,NA,NA,NA,NA,NA,NA,NA,NA,NA,NA,NA,3.67,0.88956,0.085,0.022239,0.01,0.014826,0.165,0.096369,0.005,0.007413,NA,NA,NA,NA
"673","Willie Gay","KC","LB","14926","robust",NA,NA,NA,NA,NA,NA,NA,NA,NA,NA,NA,NA,NA,NA,NA,NA,NA,NA,NA,NA,NA,NA,NA,NA,NA,NA,NA,NA,NA,NA,NA,NA,NA,NA,NA,NA,NA,NA,NA,NA,NA,NA,NA,NA,NA,NA,NA,NA,NA,NA,3.605,0.7413,0.11,0.014826,0.075,0.037065,0.4,0.14826,0.055,0.066717,NA,NA,NA,NA
"674","Jamien Sherwood","NYJ","LB","15428","robust",NA,NA,NA,NA,NA,NA,NA,NA,NA,NA,NA,NA,NA,NA,NA,NA,NA,NA,NA,NA,NA,NA,NA,NA,NA,NA,NA,NA,NA,NA,NA,NA,NA,NA,NA,NA,NA,NA,NA,NA,NA,NA,NA,NA,NA,NA,NA,NA,NA,NA,3.515,1.63086,0.08,0.118608,0.015,0.022239,0.125,0.185325,0.005,0.007413,NA,NA,NA,NA
"675","Matt Milano","BUF","LB","13307","robust",NA,NA,NA,NA,NA,NA,NA,NA,NA,NA,NA,NA,NA,NA,NA,NA,NA,NA,NA,NA,NA,NA,NA,NA,NA,NA,NA,NA,NA,NA,NA,NA,NA,NA,NA,NA,NA,NA,NA,NA,NA,NA,NA,NA,NA,NA,NA,NA,NA,NA,4.75,1.03782,0.2,0,0.12,0.118608,0.53,0.400302,0.055,0.066717,NA,NA,NA,NA
"676","Kenneth Murray","LAC","LB","14889","robust",NA,NA,NA,NA,NA,NA,NA,NA,NA,NA,NA,NA,NA,NA,NA,NA,NA,NA,NA,NA,NA,NA,NA,NA,NA,NA,NA,NA,NA,NA,NA,NA,NA,NA,NA,NA,NA,NA,NA,NA,NA,NA,NA,NA,NA,NA,NA,NA,NA,NA,3.5925,0.14826,0.085,0.022239,0.01,0.014826,0.17,0.103782,0.005,0.007413,NA,NA,NA,NA
"677","Kaden Elliss","ATL","LB","14303","robust",NA,NA,NA,NA,NA,NA,NA,NA,NA,NA,NA,NA,NA,NA,NA,NA,NA,NA,NA,NA,NA,NA,NA,NA,NA,NA,NA,NA,NA,NA,NA,NA,NA,NA,NA,NA,NA,NA,NA,NA,NA,NA,NA,NA,NA,NA,NA,NA,NA,NA,3.8625,2.07564,0.365,0.096369,0.01,0.014826,0.2,0,0.005,0.007413,NA,NA,NA,NA
"678","Devin Lloyd","JAC","LB","15822","robust",NA,NA,NA,NA,NA,NA,NA,NA,NA,NA,NA,NA,NA,NA,NA,NA,NA,NA,NA,NA,NA,NA,NA,NA,NA,NA,NA,NA,NA,NA,NA,NA,NA,NA,NA,NA,NA,NA,NA,NA,NA,NA,NA,NA,NA,NA,NA,NA,NA,NA,3.4525,3.11346,0.01,0.014826,0.085,0.022239,0.33,0.044478,0.005,0.007413,NA,NA,NA,NA
"679","Nakobe Dean","PHI","LB","15821","robust",NA,NA,NA,NA,NA,NA,NA,NA,NA,NA,NA,NA,NA,NA,NA,NA,NA,NA,NA,NA,NA,NA,NA,NA,NA,NA,NA,NA,NA,NA,NA,NA,NA,NA,NA,NA,NA,NA,NA,NA,NA,NA,NA,NA,NA,NA,NA,NA,NA,NA,4.8,0.0741299999999997,0.285,0.318759,0.02,0.029652,0.335,0.096369,0.005,0.007413,NA,NA,NA,NA
"680","Oren Burks","SF","LB","13750","robust",NA,NA,NA,NA,NA,NA,NA,NA,NA,NA,NA,NA,NA,NA,NA,NA,NA,NA,NA,NA,NA,NA,NA,NA,NA,NA,NA,NA,NA,NA,NA,NA,NA,NA,NA,NA,NA,NA,NA,NA,NA,NA,NA,NA,NA,NA,NA,NA,NA,NA,2.44,1.33434,0.07,0.103782,0.01,0.014826,0.105,0.155673,0.005,0.007413,NA,NA,NA,NA
"681","Jahlani Tavai","NE","LB","14200","robust",NA,NA,NA,NA,NA,NA,NA,NA,NA,NA,NA,NA,NA,NA,NA,NA,NA,NA,NA,NA,NA,NA,NA,NA,NA,NA,NA,NA,NA,NA,NA,NA,NA,NA,NA,NA,NA,NA,NA,NA,NA,NA,NA,NA,NA,NA,NA,NA,NA,NA,2.89,0.59304,0.12,0.029652,0.01,0.014826,0.205,0.00741299999999996,0.005,0.007413,NA,NA,NA,NA
"682","Anthony Walker","CLE","LB","13306","robust",NA,NA,NA,NA,NA,NA,NA,NA,NA,NA,NA,NA,NA,NA,NA,NA,NA,NA,NA,NA,NA,NA,NA,NA,NA,NA,NA,NA,NA,NA,NA,NA,NA,NA,NA,NA,NA,NA,NA,NA,NA,NA,NA,NA,NA,NA,NA,NA,NA,NA,3.25,2.00151,0.1,0,0.1,0,0.3,0,0,0,NA,NA,NA,NA
"683","Zack Baun","NO","LB","14893","robust",NA,NA,NA,NA,NA,NA,NA,NA,NA,NA,NA,NA,NA,NA,NA,NA,NA,NA,NA,NA,NA,NA,NA,NA,NA,NA,NA,NA,NA,NA,NA,NA,NA,NA,NA,NA,NA,NA,NA,NA,NA,NA,NA,NA,NA,NA,NA,NA,NA,NA,2.655,1.18608,0.11,0.014826,0.01,0.014826,0.105,0.155673,0.005,0.007413,NA,NA,NA,NA
"684","Zeke Turner","ARI","LB","13930","robust",NA,NA,NA,NA,NA,NA,NA,NA,NA,NA,NA,NA,NA,NA,NA,NA,NA,NA,NA,NA,NA,NA,NA,NA,NA,NA,NA,NA,NA,NA,NA,NA,NA,NA,NA,NA,NA,NA,NA,NA,NA,NA,NA,NA,NA,NA,NA,NA,NA,NA,3.915,0.0222390000000002,0.05,0,0.03,0,0.22,0,0.01,0,NA,NA,NA,NA
"685","Terrel Bernard","BUF","LB","15869","robust",NA,NA,NA,NA,NA,NA,NA,NA,NA,NA,NA,NA,NA,NA,NA,NA,NA,NA,NA,NA,NA,NA,NA,NA,NA,NA,NA,NA,NA,NA,NA,NA,NA,NA,NA,NA,NA,NA,NA,NA,NA,NA,NA,NA,NA,NA,NA,NA,NA,NA,2.5,2.07564,0.1,0,0.1,0,0.5,0,0,0,NA,NA,NA,NA
"686","Brian Asamoah","MIN","LB","15829","robust",NA,NA,NA,NA,NA,NA,NA,NA,NA,NA,NA,NA,NA,NA,NA,NA,NA,NA,NA,NA,NA,NA,NA,NA,NA,NA,NA,NA,NA,NA,NA,NA,NA,NA,NA,NA,NA,NA,NA,NA,NA,NA,NA,NA,NA,NA,NA,NA,NA,NA,2.6,1.92738,0.2,0,0,0,0.3,0,0,0,NA,NA,NA,NA
"687","Haason Reddick","PHI","LB","13245","robust",NA,NA,NA,NA,NA,NA,NA,NA,NA,NA,NA,NA,NA,NA,NA,NA,NA,NA,NA,NA,NA,NA,NA,NA,NA,NA,NA,NA,NA,NA,NA,NA,NA,NA,NA,NA,NA,NA,NA,NA,NA,NA,NA,NA,NA,NA,NA,NA,NA,NA,2.67,1.586382,0.74,0,0,0,0.09,0,0.01,0,NA,NA,NA,NA
"688","Isaiah Simmons","NYG","LB","14887","robust",NA,NA,NA,NA,NA,NA,NA,NA,NA,NA,NA,NA,NA,NA,NA,NA,NA,NA,NA,NA,NA,NA,NA,NA,NA,NA,NA,NA,NA,NA,NA,NA,NA,NA,NA,NA,NA,NA,NA,NA,NA,NA,NA,NA,NA,NA,NA,NA,NA,NA,2.35,1.11195,0.2,0,0.1,0,0.3,0,0,0,NA,NA,NA,NA
"689","Owen Pappoe","ARI","LB","16237","robust",NA,NA,NA,NA,NA,NA,NA,NA,NA,NA,NA,NA,NA,NA,NA,NA,NA,NA,NA,NA,NA,NA,NA,NA,NA,NA,NA,NA,NA,NA,NA,NA,NA,NA,NA,NA,NA,NA,NA,NA,NA,NA,NA,NA,NA,NA,NA,NA,NA,NA,2.2,1.33434,0.3,0,0,0,0.2,0,0,0,NA,NA,NA,NA
"690","Micah McFadden","NYG","LB","15890","robust",NA,NA,NA,NA,NA,NA,NA,NA,NA,NA,NA,NA,NA,NA,NA,NA,NA,NA,NA,NA,NA,NA,NA,NA,NA,NA,NA,NA,NA,NA,NA,NA,NA,NA,NA,NA,NA,NA,NA,NA,NA,NA,NA,NA,NA,NA,NA,NA,NA,NA,1.65,1.85325,0.2,0,0,0,0.2,0,0,0,NA,NA,NA,NA
"691","Zach Cunningham","PHI","LB","13216","robust",NA,NA,NA,NA,NA,NA,NA,NA,NA,NA,NA,NA,NA,NA,NA,NA,NA,NA,NA,NA,NA,NA,NA,NA,NA,NA,NA,NA,NA,NA,NA,NA,NA,NA,NA,NA,NA,NA,NA,NA,NA,NA,NA,NA,NA,NA,NA,NA,NA,NA,1.8,1.63086,0.3,0,0,0,0.2,0,0,0,NA,NA,NA,NA
"692","Devin Bush","SEA","LB","14170","robust",NA,NA,NA,NA,NA,NA,NA,NA,NA,NA,NA,NA,NA,NA,NA,NA,NA,NA,NA,NA,NA,NA,NA,NA,NA,NA,NA,NA,NA,NA,NA,NA,NA,NA,NA,NA,NA,NA,NA,NA,NA,NA,NA,NA,NA,NA,NA,NA,NA,NA,1.75,1.40847,0.1,0,0,0,0.1,0,0,0,NA,NA,NA,NA
"693","Trenton Simpson","BAL","LB","16234","robust",NA,NA,NA,NA,NA,NA,NA,NA,NA,NA,NA,NA,NA,NA,NA,NA,NA,NA,NA,NA,NA,NA,NA,NA,NA,NA,NA,NA,NA,NA,NA,NA,NA,NA,NA,NA,NA,NA,NA,NA,NA,NA,NA,NA,NA,NA,NA,NA,NA,NA,1.8,1.18608,0.2,0,0,0,0.2,0,0,0,NA,NA,NA,NA
"694","Jack Gibbens","TEN","LB","16009","robust",NA,NA,NA,NA,NA,NA,NA,NA,NA,NA,NA,NA,NA,NA,NA,NA,NA,NA,NA,NA,NA,NA,NA,NA,NA,NA,NA,NA,NA,NA,NA,NA,NA,NA,NA,NA,NA,NA,NA,NA,NA,NA,NA,NA,NA,NA,NA,NA,NA,NA,1.75,1.11195,0.3,0,0,0,0.1,0,0,0,NA,NA,NA,NA
"695","Daiyan Henley","LAC","LB","16280","robust",NA,NA,NA,NA,NA,NA,NA,NA,NA,NA,NA,NA,NA,NA,NA,NA,NA,NA,NA,NA,NA,NA,NA,NA,NA,NA,NA,NA,NA,NA,NA,NA,NA,NA,NA,NA,NA,NA,NA,NA,NA,NA,NA,NA,NA,NA,NA,NA,NA,NA,1.85,0.81543,0.2,0,0.1,0,0.2,0,0,0,"D","Hamstring",2023,1
"696","Chad Muma","JAC","LB","15830","robust",NA,NA,NA,NA,NA,NA,NA,NA,NA,NA,NA,NA,NA,NA,NA,NA,NA,NA,NA,NA,NA,NA,NA,NA,NA,NA,NA,NA,NA,NA,NA,NA,NA,NA,NA,NA,NA,NA,NA,NA,NA,NA,NA,NA,NA,NA,NA,NA,NA,NA,1.5,1.33434,0.1,0,0,0,0.1,0,0,0,NA,NA,NA,NA
"697","Ivan Pace","MIN","LB","16383","robust",NA,NA,NA,NA,NA,NA,NA,NA,NA,NA,NA,NA,NA,NA,NA,NA,NA,NA,NA,NA,NA,NA,NA,NA,NA,NA,NA,NA,NA,NA,NA,NA,NA,NA,NA,NA,NA,NA,NA,NA,NA,NA,NA,NA,NA,NA,NA,NA,NA,NA,1.6,1.18608,0.3,0,0,0,0.1,0,0,0,NA,NA,NA,NA
"698","Malcolm Rodriguez","DET","LB","15914","robust",NA,NA,NA,NA,NA,NA,NA,NA,NA,NA,NA,NA,NA,NA,NA,NA,NA,NA,NA,NA,NA,NA,NA,NA,NA,NA,NA,NA,NA,NA,NA,NA,NA,NA,NA,NA,NA,NA,NA,NA,NA,NA,NA,NA,NA,NA,NA,NA,NA,NA,1.8,0.88956,0,0,0,0,0.1,0,0,0,NA,NA,NA,NA
"699","Isaiah McDuffie","GB","LB","15473","robust",NA,NA,NA,NA,NA,NA,NA,NA,NA,NA,NA,NA,NA,NA,NA,NA,NA,NA,NA,NA,NA,NA,NA,NA,NA,NA,NA,NA,NA,NA,NA,NA,NA,NA,NA,NA,NA,NA,NA,NA,NA,NA,NA,NA,NA,NA,NA,NA,NA,NA,1.55,1.11195,0.3,0,0,0,0.1,0,0,0,NA,NA,NA,NA
"700","Duke Riley","MIA","LB","13220","robust",NA,NA,NA,NA,NA,NA,NA,NA,NA,NA,NA,NA,NA,NA,NA,NA,NA,NA,NA,NA,NA,NA,NA,NA,NA,NA,NA,NA,NA,NA,NA,NA,NA,NA,NA,NA,NA,NA,NA,NA,NA,NA,NA,NA,NA,NA,NA,NA,NA,NA,1.6,1.03782,0.2,0,0,0,0.2,0,0,0,NA,NA,NA,NA
"701","Jake Hummel","LAR","LB","16017","robust",NA,NA,NA,NA,NA,NA,NA,NA,NA,NA,NA,NA,NA,NA,NA,NA,NA,NA,NA,NA,NA,NA,NA,NA,NA,NA,NA,NA,NA,NA,NA,NA,NA,NA,NA,NA,NA,NA,NA,NA,NA,NA,NA,NA,NA,NA,NA,NA,NA,NA,1.25,1.11195,0.3,0,0,0,0.1,0,0,0,NA,NA,NA,NA
"702","Christian Elliss","PHI","LB","15681","robust",NA,NA,NA,NA,NA,NA,NA,NA,NA,NA,NA,NA,NA,NA,NA,NA,NA,NA,NA,NA,NA,NA,NA,NA,NA,NA,NA,NA,NA,NA,NA,NA,NA,NA,NA,NA,NA,NA,NA,NA,NA,NA,NA,NA,NA,NA,NA,NA,NA,NA,1.65,0.51891,0.2,0,0,0,0.1,0,0,0,NA,NA,NA,NA
"703","Malik Harrison","BAL","LB","14891","robust",NA,NA,NA,NA,NA,NA,NA,NA,NA,NA,NA,NA,NA,NA,NA,NA,NA,NA,NA,NA,NA,NA,NA,NA,NA,NA,NA,NA,NA,NA,NA,NA,NA,NA,NA,NA,NA,NA,NA,NA,NA,NA,NA,NA,NA,NA,NA,NA,NA,NA,1.65,0.51891,0.1,0,0,0,0,0,0,0,NA,NA,NA,NA
"704","Tony Fields","CLE","LB","15431","robust",NA,NA,NA,NA,NA,NA,NA,NA,NA,NA,NA,NA,NA,NA,NA,NA,NA,NA,NA,NA,NA,NA,NA,NA,NA,NA,NA,NA,NA,NA,NA,NA,NA,NA,NA,NA,NA,NA,NA,NA,NA,NA,NA,NA,NA,NA,NA,NA,NA,NA,1.3,0.7413,0,0,0.1,0,0.1,0,0.1,0,NA,NA,NA,NA
"705","Derrick Barnes","DET","LB","15409","robust",NA,NA,NA,NA,NA,NA,NA,NA,NA,NA,NA,NA,NA,NA,NA,NA,NA,NA,NA,NA,NA,NA,NA,NA,NA,NA,NA,NA,NA,NA,NA,NA,NA,NA,NA,NA,NA,NA,NA,NA,NA,NA,NA,NA,NA,NA,NA,NA,NA,NA,1.1,0.59304,0.1,0,0,0,0,0,0,0,NA,NA,NA,NA
"706","Tyrel Dodson","BUF","LB","14472","robust",NA,NA,NA,NA,NA,NA,NA,NA,NA,NA,NA,NA,NA,NA,NA,NA,NA,NA,NA,NA,NA,NA,NA,NA,NA,NA,NA,NA,NA,NA,NA,NA,NA,NA,NA,NA,NA,NA,NA,NA,NA,NA,NA,NA,NA,NA,NA,NA,NA,NA,1.15,0.51891,0.1,0,0,0,0,0,0,0,NA,NA,NA,NA
"707","SirVocea Dennis","TB","LB","16314","robust",NA,NA,NA,NA,NA,NA,NA,NA,NA,NA,NA,NA,NA,NA,NA,NA,NA,NA,NA,NA,NA,NA,NA,NA,NA,NA,NA,NA,NA,NA,NA,NA,NA,NA,NA,NA,NA,NA,NA,NA,NA,NA,NA,NA,NA,NA,NA,NA,NA,NA,0.9,0.7413,0.2,0,0,0,0.1,0,0,0,NA,NA,NA,NA
"708","Troy Dye","MIN","LB","14953","robust",NA,NA,NA,NA,NA,NA,NA,NA,NA,NA,NA,NA,NA,NA,NA,NA,NA,NA,NA,NA,NA,NA,NA,NA,NA,NA,NA,NA,NA,NA,NA,NA,NA,NA,NA,NA,NA,NA,NA,NA,NA,NA,NA,NA,NA,NA,NA,NA,NA,NA,0.85,0.66717,0.2,0,0,0,0.1,0,0,0,NA,NA,NA,NA
"709","Channing Tindall","MIA","LB","15824","robust",NA,NA,NA,NA,NA,NA,NA,NA,NA,NA,NA,NA,NA,NA,NA,NA,NA,NA,NA,NA,NA,NA,NA,NA,NA,NA,NA,NA,NA,NA,NA,NA,NA,NA,NA,NA,NA,NA,NA,NA,NA,NA,NA,NA,NA,NA,NA,NA,NA,NA,0.8,0.7413,0.2,0,0,0,0.1,0,0,0,NA,NA,NA,NA
"710","Akeem Davis-Gaither","CIN","LB","14943","robust",NA,NA,NA,NA,NA,NA,NA,NA,NA,NA,NA,NA,NA,NA,NA,NA,NA,NA,NA,NA,NA,NA,NA,NA,NA,NA,NA,NA,NA,NA,NA,NA,NA,NA,NA,NA,NA,NA,NA,NA,NA,NA,NA,NA,NA,NA,NA,NA,NA,NA,1,0.44478,0,0,0,0,0.1,0,0,0,NA,NA,NA,NA
"711","Nick Niemann","LAC","LB","15456","robust",NA,NA,NA,NA,NA,NA,NA,NA,NA,NA,NA,NA,NA,NA,NA,NA,NA,NA,NA,NA,NA,NA,NA,NA,NA,NA,NA,NA,NA,NA,NA,NA,NA,NA,NA,NA,NA,NA,NA,NA,NA,NA,NA,NA,NA,NA,NA,NA,NA,NA,0.75,0.51891,0.2,0,0.1,0,0.1,0,0,0,NA,NA,NA,NA
"712","Eric Wilson","GB","LB","13447","robust",NA,NA,NA,NA,NA,NA,NA,NA,NA,NA,NA,NA,NA,NA,NA,NA,NA,NA,NA,NA,NA,NA,NA,NA,NA,NA,NA,NA,NA,NA,NA,NA,NA,NA,NA,NA,NA,NA,NA,NA,NA,NA,NA,NA,NA,NA,NA,NA,NA,NA,0.75,0.51891,0.2,0,0,0,0.1,0,0,0,NA,NA,NA,NA
"713","Brandon Jones","MIA","DB","14910","robust",NA,NA,NA,NA,NA,NA,NA,NA,NA,NA,NA,NA,NA,NA,NA,NA,NA,NA,NA,NA,NA,NA,NA,NA,NA,NA,NA,NA,NA,NA,NA,NA,NA,NA,NA,NA,NA,NA,NA,NA,NA,NA,NA,NA,NA,NA,NA,NA,NA,NA,4.01,1.92738,0.23,0.044478,0.08,0.029652,0.27,0.103782,0.005,0.007413,NA,NA,NA,NA
"714","Jalen Pitre","HOU","DB","15850","robust",NA,NA,NA,NA,NA,NA,NA,NA,NA,NA,NA,NA,NA,NA,NA,NA,NA,NA,NA,NA,NA,NA,NA,NA,NA,NA,NA,NA,NA,NA,NA,NA,NA,NA,NA,NA,NA,NA,NA,NA,NA,NA,NA,NA,NA,NA,NA,NA,NA,NA,5.9125,2.37216,0.025,0.037065,0.215,0.126021,0.55,0.0741299999999999,0.005,0.007413,NA,NA,NA,NA
"715","Budda Baker","ARI","DB","13251","robust",NA,NA,NA,NA,NA,NA,NA,NA,NA,NA,NA,NA,NA,NA,NA,NA,NA,NA,NA,NA,NA,NA,NA,NA,NA,NA,NA,NA,NA,NA,NA,NA,NA,NA,NA,NA,NA,NA,NA,NA,NA,NA,NA,NA,NA,NA,NA,NA,NA,NA,5.5725,2.505594,0.035,0.051891,0.095,0.00741300000000001,0.46,0.059304,0.005,0.007413,NA,NA,NA,NA
"716","Kamren Curl","WAS","DB","15001","robust",NA,NA,NA,NA,NA,NA,NA,NA,NA,NA,NA,NA,NA,NA,NA,NA,NA,NA,NA,NA,NA,NA,NA,NA,NA,NA,NA,NA,NA,NA,NA,NA,NA,NA,NA,NA,NA,NA,NA,NA,NA,NA,NA,NA,NA,NA,NA,NA,NA,NA,5.07,2.52042,0.085,0.022239,0.065,0.096369,0.395,0.140847,0.005,0.007413,NA,NA,NA,NA
"717","Derwin James","LAC","DB","13714","robust",NA,NA,NA,NA,NA,NA,NA,NA,NA,NA,NA,NA,NA,NA,NA,NA,NA,NA,NA,NA,NA,NA,NA,NA,NA,NA,NA,NA,NA,NA,NA,NA,NA,NA,NA,NA,NA,NA,NA,NA,NA,NA,NA,NA,NA,NA,NA,NA,NA,NA,4.63,2.81694,0.17,0.044478,0.145,0.081543,0.45,0.07413,0.005,0.007413,NA,NA,NA,NA
"718","Antoine Winfield","TB","DB","14909","robust",NA,NA,NA,NA,NA,NA,NA,NA,NA,NA,NA,NA,NA,NA,NA,NA,NA,NA,NA,NA,NA,NA,NA,NA,NA,NA,NA,NA,NA,NA,NA,NA,NA,NA,NA,NA,NA,NA,NA,NA,NA,NA,NA,NA,NA,NA,NA,NA,NA,NA,5.65,1.63086,0.245,0.081543,0.11,0.014826,0.43,0.044478,0.005,0.007413,NA,NA,NA,NA
"719","Jaquan Brisker","CHI","DB","15835","robust",NA,NA,NA,NA,NA,NA,NA,NA,NA,NA,NA,NA,NA,NA,NA,NA,NA,NA,NA,NA,NA,NA,NA,NA,NA,NA,NA,NA,NA,NA,NA,NA,NA,NA,NA,NA,NA,NA,NA,NA,NA,NA,NA,NA,NA,NA,NA,NA,NA,NA,5.14,1.77912,0.185,0.022239,0.1,0,0.305,0.155673,0.005,0.007413,NA,NA,NA,NA
"720","Richie Grant","ATL","DB","15381","robust",NA,NA,NA,NA,NA,NA,NA,NA,NA,NA,NA,NA,NA,NA,NA,NA,NA,NA,NA,NA,NA,NA,NA,NA,NA,NA,NA,NA,NA,NA,NA,NA,NA,NA,NA,NA,NA,NA,NA,NA,NA,NA,NA,NA,NA,NA,NA,NA,NA,NA,4.1825,1.92738,0.015,0.022239,0.1,0,0.42,0.0296519999999999,0.005,0.007413,NA,NA,NA,NA
"721","Rayshawn Jenkins","JAC","DB","13288","robust",NA,NA,NA,NA,NA,NA,NA,NA,NA,NA,NA,NA,NA,NA,NA,NA,NA,NA,NA,NA,NA,NA,NA,NA,NA,NA,NA,NA,NA,NA,NA,NA,NA,NA,NA,NA,NA,NA,NA,NA,NA,NA,NA,NA,NA,NA,NA,NA,NA,NA,4.545,1.77912,0.07,0.044478,0.095,0.00741300000000001,0.455,0.066717,0.005,0.007413,NA,NA,NA,NA
"722","Eddie Jackson","CHI","DB","13229","robust",NA,NA,NA,NA,NA,NA,NA,NA,NA,NA,NA,NA,NA,NA,NA,NA,NA,NA,NA,NA,NA,NA,NA,NA,NA,NA,NA,NA,NA,NA,NA,NA,NA,NA,NA,NA,NA,NA,NA,NA,NA,NA,NA,NA,NA,NA,NA,NA,NA,NA,4.78,1.03782,0.06,0.059304,0.17,0.044478,0.455,0.081543,0.005,0.007413,NA,NA,NA,NA
"723","Mike Edwards","KC","DB","14222","robust",NA,NA,NA,NA,NA,NA,NA,NA,NA,NA,NA,NA,NA,NA,NA,NA,NA,NA,NA,NA,NA,NA,NA,NA,NA,NA,NA,NA,NA,NA,NA,NA,NA,NA,NA,NA,NA,NA,NA,NA,NA,NA,NA,NA,NA,NA,NA,NA,NA,NA,4.5,0.889559999999999,0.07,0.044478,0.115,0.022239,0.395,0.140847,0.055,0.066717,NA,NA,NA,NA
"724","Grant Delpit","CLE","DB","14907","robust",NA,NA,NA,NA,NA,NA,NA,NA,NA,NA,NA,NA,NA,NA,NA,NA,NA,NA,NA,NA,NA,NA,NA,NA,NA,NA,NA,NA,NA,NA,NA,NA,NA,NA,NA,NA,NA,NA,NA,NA,NA,NA,NA,NA,NA,NA,NA,NA,NA,NA,4.4475,0.7413,0.025,0.037065,0.175,0.037065,0.51,0.014826,0.005,0.007413,NA,NA,NA,NA
"725","Minkah Fitzpatrick","PIT","DB","13713","robust",NA,NA,NA,NA,NA,NA,NA,NA,NA,NA,NA,NA,NA,NA,NA,NA,NA,NA,NA,NA,NA,NA,NA,NA,NA,NA,NA,NA,NA,NA,NA,NA,NA,NA,NA,NA,NA,NA,NA,NA,NA,NA,NA,NA,NA,NA,NA,NA,NA,NA,4.195,1.77912,0.005,0.007413,0.23,0.103782,0.63,0.103782,0.005,0.007413,NA,NA,NA,NA
"726","Talanoa Hufanga","SF","DB","15452","robust",NA,NA,NA,NA,NA,NA,NA,NA,NA,NA,NA,NA,NA,NA,NA,NA,NA,NA,NA,NA,NA,NA,NA,NA,NA,NA,NA,NA,NA,NA,NA,NA,NA,NA,NA,NA,NA,NA,NA,NA,NA,NA,NA,NA,NA,NA,NA,NA,NA,NA,3.855,0.14826,0.09,0.014826,0.105,0.00741299999999999,0.425,0.0370649999999999,0.005,0.007413,NA,NA,NA,NA
"727","L'Jarius Sneed","KC","DB","14956","robust",NA,NA,NA,NA,NA,NA,NA,NA,NA,NA,NA,NA,NA,NA,NA,NA,NA,NA,NA,NA,NA,NA,NA,NA,NA,NA,NA,NA,NA,NA,NA,NA,NA,NA,NA,NA,NA,NA,NA,NA,NA,NA,NA,NA,NA,NA,NA,NA,NA,NA,4.275,0.7413,0.095,0.00741300000000001,0.165,0.051891,0.54,0.0889559999999999,0.005,0.007413,NA,NA,NA,NA
"728","Darrick Forrest","WAS","DB","15437","robust",NA,NA,NA,NA,NA,NA,NA,NA,NA,NA,NA,NA,NA,NA,NA,NA,NA,NA,NA,NA,NA,NA,NA,NA,NA,NA,NA,NA,NA,NA,NA,NA,NA,NA,NA,NA,NA,NA,NA,NA,NA,NA,NA,NA,NA,NA,NA,NA,NA,NA,3.8825,0.29652,0.01,0.014826,0.225,0.037065,0.62,0.177912,0.01,0.014826,NA,NA,NA,NA
"729","Xavier McKinney","NYG","DB","14908","robust",NA,NA,NA,NA,NA,NA,NA,NA,NA,NA,NA,NA,NA,NA,NA,NA,NA,NA,NA,NA,NA,NA,NA,NA,NA,NA,NA,NA,NA,NA,NA,NA,NA,NA,NA,NA,NA,NA,NA,NA,NA,NA,NA,NA,NA,NA,NA,NA,NA,NA,4.5175,1.77912,0.08,0.029652,0.135,0.051891,0.635,0.0963689999999999,0.01,0.014826,NA,NA,NA,NA
"730","Kevin Byard","TEN","DB","12752","robust",NA,NA,NA,NA,NA,NA,NA,NA,NA,NA,NA,NA,NA,NA,NA,NA,NA,NA,NA,NA,NA,NA,NA,NA,NA,NA,NA,NA,NA,NA,NA,NA,NA,NA,NA,NA,NA,NA,NA,NA,NA,NA,NA,NA,NA,NA,NA,NA,NA,NA,3.9175,0.7413,0.015,0.022239,0.185,0.022239,0.535,0.0518909999999999,0.005,0.007413,NA,NA,NA,NA
"731","Jalen Thompson","ARI","DB","14518","robust",NA,NA,NA,NA,NA,NA,NA,NA,NA,NA,NA,NA,NA,NA,NA,NA,NA,NA,NA,NA,NA,NA,NA,NA,NA,NA,NA,NA,NA,NA,NA,NA,NA,NA,NA,NA,NA,NA,NA,NA,NA,NA,NA,NA,NA,NA,NA,NA,NA,NA,4.85,1.03782,0.005,0.007413,0.105,0.00741299999999999,0.475,0.0370649999999999,0.005,0.007413,NA,NA,NA,NA
"732","Julian Love","SEA","DB","14179","robust",NA,NA,NA,NA,NA,NA,NA,NA,NA,NA,NA,NA,NA,NA,NA,NA,NA,NA,NA,NA,NA,NA,NA,NA,NA,NA,NA,NA,NA,NA,NA,NA,NA,NA,NA,NA,NA,NA,NA,NA,NA,NA,NA,NA,NA,NA,NA,NA,NA,NA,4.015,1.33434,0.03,0.044478,0.095,0.00741300000000001,0.395,0.00741300000000001,0.005,0.007413,NA,NA,NA,NA
"733","Adrian Amos","NYJ","DB","12308","robust",NA,NA,NA,NA,NA,NA,NA,NA,NA,NA,NA,NA,NA,NA,NA,NA,NA,NA,NA,NA,NA,NA,NA,NA,NA,NA,NA,NA,NA,NA,NA,NA,NA,NA,NA,NA,NA,NA,NA,NA,NA,NA,NA,NA,NA,NA,NA,NA,NA,NA,5.775,0.0370649999999999,0.03,0,0.13,0,0.48,0,0.01,0,NA,NA,NA,NA
"734","Jevon Holland","MIA","DB","15366","robust",NA,NA,NA,NA,NA,NA,NA,NA,NA,NA,NA,NA,NA,NA,NA,NA,NA,NA,NA,NA,NA,NA,NA,NA,NA,NA,NA,NA,NA,NA,NA,NA,NA,NA,NA,NA,NA,NA,NA,NA,NA,NA,NA,NA,NA,NA,NA,NA,NA,NA,4.245,0.29652,0.1,0,0.115,0.022239,0.38,0.118608,0.005,0.007413,NA,NA,NA,NA
"735","Kerby Joseph","DET","DB","15871","robust",NA,NA,NA,NA,NA,NA,NA,NA,NA,NA,NA,NA,NA,NA,NA,NA,NA,NA,NA,NA,NA,NA,NA,NA,NA,NA,NA,NA,NA,NA,NA,NA,NA,NA,NA,NA,NA,NA,NA,NA,NA,NA,NA,NA,NA,NA,NA,NA,NA,NA,4.115,0.44478,0.01,0.014826,0.12,0.029652,0.445,0.066717,0.005,0.007413,NA,NA,NA,NA
"736","Amani Hooker","TEN","DB","14182","robust",NA,NA,NA,NA,NA,NA,NA,NA,NA,NA,NA,NA,NA,NA,NA,NA,NA,NA,NA,NA,NA,NA,NA,NA,NA,NA,NA,NA,NA,NA,NA,NA,NA,NA,NA,NA,NA,NA,NA,NA,NA,NA,NA,NA,NA,NA,NA,NA,NA,NA,3.74,0,0.01,0.014826,0.11,0.014826,0.43,0.044478,0.005,0.007413,NA,NA,NA,NA
"737","Nate Hobbs","LVR","DB","15441","robust",NA,NA,NA,NA,NA,NA,NA,NA,NA,NA,NA,NA,NA,NA,NA,NA,NA,NA,NA,NA,NA,NA,NA,NA,NA,NA,NA,NA,NA,NA,NA,NA,NA,NA,NA,NA,NA,NA,NA,NA,NA,NA,NA,NA,NA,NA,NA,NA,NA,NA,5.0825,0.340997999999999,0.09,0.014826,0.03,0.044478,0.31,0.014826,0.005,0.007413,NA,NA,NA,NA
"738","Harrison Smith","MIN","DB","10783","robust",NA,NA,NA,NA,NA,NA,NA,NA,NA,NA,NA,NA,NA,NA,NA,NA,NA,NA,NA,NA,NA,NA,NA,NA,NA,NA,NA,NA,NA,NA,NA,NA,NA,NA,NA,NA,NA,NA,NA,NA,NA,NA,NA,NA,NA,NA,NA,NA,NA,NA,4.9025,0.607866,0.105,0.00741299999999999,0.27,0.044478,0.7,0,0.01,0.014826,NA,NA,NA,NA
"739","Deommodore Lenoir","SF","DB","15445","robust",NA,NA,NA,NA,NA,NA,NA,NA,NA,NA,NA,NA,NA,NA,NA,NA,NA,NA,NA,NA,NA,NA,NA,NA,NA,NA,NA,NA,NA,NA,NA,NA,NA,NA,NA,NA,NA,NA,NA,NA,NA,NA,NA,NA,NA,NA,NA,NA,NA,NA,4.4025,1.33434,0.02,0.029652,0.16,0.059304,0.42,0.0296519999999999,0.005,0.007413,NA,NA,NA,NA
"740","Marcus Maye","NO","DB","13252","robust",NA,NA,NA,NA,NA,NA,NA,NA,NA,NA,NA,NA,NA,NA,NA,NA,NA,NA,NA,NA,NA,NA,NA,NA,NA,NA,NA,NA,NA,NA,NA,NA,NA,NA,NA,NA,NA,NA,NA,NA,NA,NA,NA,NA,NA,NA,NA,NA,NA,NA,4.825,0.889559999999999,0.08,0.029652,0.085,0.022239,0.425,0.111195,0.055,0.066717,NA,NA,NA,NA
"741","Marcus Epps","LVR","DB","14270","robust",NA,NA,NA,NA,NA,NA,NA,NA,NA,NA,NA,NA,NA,NA,NA,NA,NA,NA,NA,NA,NA,NA,NA,NA,NA,NA,NA,NA,NA,NA,NA,NA,NA,NA,NA,NA,NA,NA,NA,NA,NA,NA,NA,NA,NA,NA,NA,NA,NA,NA,4.4475,1.4826,0.01,0.014826,0.04,0.059304,0.385,0.022239,0.005,0.007413,NA,NA,NA,NA
"742","Donovan Wilson","DAL","DB","14283","robust",NA,NA,NA,NA,NA,NA,NA,NA,NA,NA,NA,NA,NA,NA,NA,NA,NA,NA,NA,NA,NA,NA,NA,NA,NA,NA,NA,NA,NA,NA,NA,NA,NA,NA,NA,NA,NA,NA,NA,NA,NA,NA,NA,NA,NA,NA,NA,NA,NA,NA,3.67,0.7413,0.13,0.044478,0.075,0.037065,0.19,0.133434,0.005,0.007413,"D","Calf",2023,1
"743","Justin Simmons","DEN","DB","12767","robust",NA,NA,NA,NA,NA,NA,NA,NA,NA,NA,NA,NA,NA,NA,NA,NA,NA,NA,NA,NA,NA,NA,NA,NA,NA,NA,NA,NA,NA,NA,NA,NA,NA,NA,NA,NA,NA,NA,NA,NA,NA,NA,NA,NA,NA,NA,NA,NA,NA,NA,3.9675,1.18608,0.07,0.044478,0.29,0.163086,0.635,0.0963689999999999,0.01,0.014826,NA,NA,NA,NA
"744","Ryan Neal","TB","DB","14028","robust",NA,NA,NA,NA,NA,NA,NA,NA,NA,NA,NA,NA,NA,NA,NA,NA,NA,NA,NA,NA,NA,NA,NA,NA,NA,NA,NA,NA,NA,NA,NA,NA,NA,NA,NA,NA,NA,NA,NA,NA,NA,NA,NA,NA,NA,NA,NA,NA,NA,NA,4.4325,1.378818,0.09,0.014826,0.05,0.07413,0.45,0.07413,0.005,0.007413,NA,NA,NA,NA
"745","Xavier Woods","CAR","DB","13325","robust",NA,NA,NA,NA,NA,NA,NA,NA,NA,NA,NA,NA,NA,NA,NA,NA,NA,NA,NA,NA,NA,NA,NA,NA,NA,NA,NA,NA,NA,NA,NA,NA,NA,NA,NA,NA,NA,NA,NA,NA,NA,NA,NA,NA,NA,NA,NA,NA,NA,NA,3.4575,1.03782,0.015,0.022239,0.045,0.066717,0.34,0.059304,0.005,0.007413,NA,NA,NA,NA
"746","Adoree Jackson","NYG","DB","13226","robust",NA,NA,NA,NA,NA,NA,NA,NA,NA,NA,NA,NA,NA,NA,NA,NA,NA,NA,NA,NA,NA,NA,NA,NA,NA,NA,NA,NA,NA,NA,NA,NA,NA,NA,NA,NA,NA,NA,NA,NA,NA,NA,NA,NA,NA,NA,NA,NA,NA,NA,4.0325,0.29652,0.055,0.066717,0.04,0.059304,0.48,0.177912,0.005,0.007413,NA,NA,NA,NA
"747","Marcus Williams","BAL","DB","13253","robust",NA,NA,NA,NA,NA,NA,NA,NA,NA,NA,NA,NA,NA,NA,NA,NA,NA,NA,NA,NA,NA,NA,NA,NA,NA,NA,NA,NA,NA,NA,NA,NA,NA,NA,NA,NA,NA,NA,NA,NA,NA,NA,NA,NA,NA,NA,NA,NA,NA,NA,3.9025,1.03782,0.005,0.007413,0.19,0.014826,0.54,0.0593039999999999,0.005,0.007413,NA,NA,NA,NA
"748","Derion Kendrick","LAR","DB","15924","robust",NA,NA,NA,NA,NA,NA,NA,NA,NA,NA,NA,NA,NA,NA,NA,NA,NA,NA,NA,NA,NA,NA,NA,NA,NA,NA,NA,NA,NA,NA,NA,NA,NA,NA,NA,NA,NA,NA,NA,NA,NA,NA,NA,NA,NA,NA,NA,NA,NA,NA,3.955,0.59304,0.005,0.007413,0.04,0.059304,0.38,0.029652,0.005,0.007413,NA,NA,NA,NA
"749","Keanu Neal","PIT","DB","12736","robust",NA,NA,NA,NA,NA,NA,NA,NA,NA,NA,NA,NA,NA,NA,NA,NA,NA,NA,NA,NA,NA,NA,NA,NA,NA,NA,NA,NA,NA,NA,NA,NA,NA,NA,NA,NA,NA,NA,NA,NA,NA,NA,NA,NA,NA,NA,NA,NA,NA,NA,3.31,3.128286,0.025,0.037065,0.02,0.029652,0.24,0.059304,0.005,0.007413,NA,NA,NA,NA
"750","Charvarius Ward","SF","DB","13920","robust",NA,NA,NA,NA,NA,NA,NA,NA,NA,NA,NA,NA,NA,NA,NA,NA,NA,NA,NA,NA,NA,NA,NA,NA,NA,NA,NA,NA,NA,NA,NA,NA,NA,NA,NA,NA,NA,NA,NA,NA,NA,NA,NA,NA,NA,NA,NA,NA,NA,NA,3.9975,0.7413,0.005,0.007413,0.085,0.022239,0.57,0.340998,0.005,0.007413,"Q","Heel",2023,1
"751","Bobby McCain","NYG","DB","12311","robust",NA,NA,NA,NA,NA,NA,NA,NA,NA,NA,NA,NA,NA,NA,NA,NA,NA,NA,NA,NA,NA,NA,NA,NA,NA,NA,NA,NA,NA,NA,NA,NA,NA,NA,NA,NA,NA,NA,NA,NA,NA,NA,NA,NA,NA,NA,NA,NA,NA,NA,3.345,0.59304,0.005,0.007413,0.075,0.111195,0.405,0.155673,0.005,0.007413,NA,NA,NA,NA
"752","Jordan Poyer","BUF","DB","11317","robust",NA,NA,NA,NA,NA,NA,NA,NA,NA,NA,NA,NA,NA,NA,NA,NA,NA,NA,NA,NA,NA,NA,NA,NA,NA,NA,NA,NA,NA,NA,NA,NA,NA,NA,NA,NA,NA,NA,NA,NA,NA,NA,NA,NA,NA,NA,NA,NA,NA,NA,3.895,1.77912,0.09,0.014826,0.14,0.088956,0.38,0.029652,0.005,0.007413,NA,NA,NA,NA
"753","Nick Scott","CIN","DB","14302","robust",NA,NA,NA,NA,NA,NA,NA,NA,NA,NA,NA,NA,NA,NA,NA,NA,NA,NA,NA,NA,NA,NA,NA,NA,NA,NA,NA,NA,NA,NA,NA,NA,NA,NA,NA,NA,NA,NA,NA,NA,NA,NA,NA,NA,NA,NA,NA,NA,NA,NA,3.3675,0.44478,0.01,0.014826,0.1,0,0.3,0.14826,0.005,0.007413,NA,NA,NA,NA
"754","Chauncey Gardner-Johnson","DET","DB","14224","robust",NA,NA,NA,NA,NA,NA,NA,NA,NA,NA,NA,NA,NA,NA,NA,NA,NA,NA,NA,NA,NA,NA,NA,NA,NA,NA,NA,NA,NA,NA,NA,NA,NA,NA,NA,NA,NA,NA,NA,NA,NA,NA,NA,NA,NA,NA,NA,NA,NA,NA,4.76,0.800604,0.09,0.014826,0.215,0.126021,0.535,0.0963689999999999,0.005,0.007413,NA,NA,NA,NA
"755","Jordan Whitehead","NYJ","DB","13760","robust",NA,NA,NA,NA,NA,NA,NA,NA,NA,NA,NA,NA,NA,NA,NA,NA,NA,NA,NA,NA,NA,NA,NA,NA,NA,NA,NA,NA,NA,NA,NA,NA,NA,NA,NA,NA,NA,NA,NA,NA,NA,NA,NA,NA,NA,NA,NA,NA,NA,NA,3.785,1.03782,0.005,0.007413,0.165,0.051891,0.58,0.177912,0.005,0.007413,NA,NA,NA,NA
"756","Jayron Kearse","DAL","DB","12720","robust",NA,NA,NA,NA,NA,NA,NA,NA,NA,NA,NA,NA,NA,NA,NA,NA,NA,NA,NA,NA,NA,NA,NA,NA,NA,NA,NA,NA,NA,NA,NA,NA,NA,NA,NA,NA,NA,NA,NA,NA,NA,NA,NA,NA,NA,NA,NA,NA,NA,NA,3.8325,0.7413,0.095,0.00741300000000001,0.075,0.037065,0.35,0.07413,0.005,0.007413,NA,NA,NA,NA
"757","Carlton Davis","TB","DB","13710","robust",NA,NA,NA,NA,NA,NA,NA,NA,NA,NA,NA,NA,NA,NA,NA,NA,NA,NA,NA,NA,NA,NA,NA,NA,NA,NA,NA,NA,NA,NA,NA,NA,NA,NA,NA,NA,NA,NA,NA,NA,NA,NA,NA,NA,NA,NA,NA,NA,NA,NA,4.4725,1.171254,0.005,0.007413,0.1,0,0.66,0.355824,0.005,0.007413,NA,NA,NA,NA
"758","Vonn Bell","CAR","DB","12718","robust",NA,NA,NA,NA,NA,NA,NA,NA,NA,NA,NA,NA,NA,NA,NA,NA,NA,NA,NA,NA,NA,NA,NA,NA,NA,NA,NA,NA,NA,NA,NA,NA,NA,NA,NA,NA,NA,NA,NA,NA,NA,NA,NA,NA,NA,NA,NA,NA,NA,NA,3.6225,0.59304,0.035,0.051891,0.08,0.029652,0.31,0.014826,0.005,0.007413,NA,NA,NA,NA
"759","Jeremy Chinn","CAR","DB","14927","robust",NA,NA,NA,NA,NA,NA,NA,NA,NA,NA,NA,NA,NA,NA,NA,NA,NA,NA,NA,NA,NA,NA,NA,NA,NA,NA,NA,NA,NA,NA,NA,NA,NA,NA,NA,NA,NA,NA,NA,NA,NA,NA,NA,NA,NA,NA,NA,NA,NA,NA,4.3975,1.022994,0.075,0.037065,0.08,0.029652,0.36,0.059304,0.005,0.007413,NA,NA,NA,NA
"760","Justin Reid","KC","DB","13717","robust",NA,NA,NA,NA,NA,NA,NA,NA,NA,NA,NA,NA,NA,NA,NA,NA,NA,NA,NA,NA,NA,NA,NA,NA,NA,NA,NA,NA,NA,NA,NA,NA,NA,NA,NA,NA,NA,NA,NA,NA,NA,NA,NA,NA,NA,NA,NA,NA,NA,NA,4.1275,0.59304,0.065,0.051891,0.04,0.059304,0.335,0.051891,0.005,0.007413,NA,NA,NA,NA
"761","Jordan Fuller","LAR","DB","14991","robust",NA,NA,NA,NA,NA,NA,NA,NA,NA,NA,NA,NA,NA,NA,NA,NA,NA,NA,NA,NA,NA,NA,NA,NA,NA,NA,NA,NA,NA,NA,NA,NA,NA,NA,NA,NA,NA,NA,NA,NA,NA,NA,NA,NA,NA,NA,NA,NA,NA,NA,4.1,1.18608,0.015,0.022239,0.135,0.096369,0.465,0.200151,0.005,0.007413,NA,NA,NA,NA
"762","Tyrann Mathieu","NO","DB","11313","robust",NA,NA,NA,NA,NA,NA,NA,NA,NA,NA,NA,NA,NA,NA,NA,NA,NA,NA,NA,NA,NA,NA,NA,NA,NA,NA,NA,NA,NA,NA,NA,NA,NA,NA,NA,NA,NA,NA,NA,NA,NA,NA,NA,NA,NA,NA,NA,NA,NA,NA,4.0925,1.18608,0.035,0.051891,0.13,0.044478,0.465,0.096369,0.005,0.007413,NA,NA,NA,NA
"763","Rasul Douglas","GB","DB","13281","robust",NA,NA,NA,NA,NA,NA,NA,NA,NA,NA,NA,NA,NA,NA,NA,NA,NA,NA,NA,NA,NA,NA,NA,NA,NA,NA,NA,NA,NA,NA,NA,NA,NA,NA,NA,NA,NA,NA,NA,NA,NA,NA,NA,NA,NA,NA,NA,NA,NA,NA,3.955,0.59304,0.025,0.037065,0.225,0.111195,0.6,0.14826,0.005,0.007413,NA,NA,NA,NA
"764","Kyler Gordon","CHI","DB","15852","robust",NA,NA,NA,NA,NA,NA,NA,NA,NA,NA,NA,NA,NA,NA,NA,NA,NA,NA,NA,NA,NA,NA,NA,NA,NA,NA,NA,NA,NA,NA,NA,NA,NA,NA,NA,NA,NA,NA,NA,NA,NA,NA,NA,NA,NA,NA,NA,NA,NA,NA,4.13,1.33434,0.01,0.014826,0.175,0.037065,0.5,0,0.005,0.007413,NA,NA,NA,NA
"765","Terrell Edmunds","PHI","DB","13716","robust",NA,NA,NA,NA,NA,NA,NA,NA,NA,NA,NA,NA,NA,NA,NA,NA,NA,NA,NA,NA,NA,NA,NA,NA,NA,NA,NA,NA,NA,NA,NA,NA,NA,NA,NA,NA,NA,NA,NA,NA,NA,NA,NA,NA,NA,NA,NA,NA,NA,NA,3.63,0.7413,0.09,0.014826,0.135,0.096369,0.41,0.133434,0.005,0.007413,NA,NA,NA,NA
"766","Tracy Walker","DET","DB","13747","robust",NA,NA,NA,NA,NA,NA,NA,NA,NA,NA,NA,NA,NA,NA,NA,NA,NA,NA,NA,NA,NA,NA,NA,NA,NA,NA,NA,NA,NA,NA,NA,NA,NA,NA,NA,NA,NA,NA,NA,NA,NA,NA,NA,NA,NA,NA,NA,NA,NA,NA,3.0525,0.59304,0.085,0.022239,0.025,0.037065,0.245,0.066717,0.005,0.007413,NA,NA,NA,NA
"767","Darnell Savage","GB","DB","14197","robust",NA,NA,NA,NA,NA,NA,NA,NA,NA,NA,NA,NA,NA,NA,NA,NA,NA,NA,NA,NA,NA,NA,NA,NA,NA,NA,NA,NA,NA,NA,NA,NA,NA,NA,NA,NA,NA,NA,NA,NA,NA,NA,NA,NA,NA,NA,NA,NA,NA,NA,3.34,0.59304,0.015,0.022239,0.105,0.00741299999999999,0.41,0.0148259999999999,0.055,0.066717,NA,NA,NA,NA
"768","Johnathan Ford","GB","DB","13339","robust",NA,NA,NA,NA,NA,NA,NA,NA,NA,NA,NA,NA,NA,NA,NA,NA,NA,NA,NA,NA,NA,NA,NA,NA,NA,NA,NA,NA,NA,NA,NA,NA,NA,NA,NA,NA,NA,NA,NA,NA,NA,NA,NA,NA,NA,NA,NA,NA,NA,NA,5.015,0.0222390000000002,0.05,0,0.13,0,0.46,0,0.01,0,NA,NA,NA,NA
"769","Akayleb Evans","MIN","DB","15880","robust",NA,NA,NA,NA,NA,NA,NA,NA,NA,NA,NA,NA,NA,NA,NA,NA,NA,NA,NA,NA,NA,NA,NA,NA,NA,NA,NA,NA,NA,NA,NA,NA,NA,NA,NA,NA,NA,NA,NA,NA,NA,NA,NA,NA,NA,NA,NA,NA,NA,NA,3.5,0.88956,0.01,0.014826,0.05,0.07413,0.35,0.07413,0.005,0.007413,NA,NA,NA,NA
"770","Kyle Dugger","NE","DB","14921","robust",NA,NA,NA,NA,NA,NA,NA,NA,NA,NA,NA,NA,NA,NA,NA,NA,NA,NA,NA,NA,NA,NA,NA,NA,NA,NA,NA,NA,NA,NA,NA,NA,NA,NA,NA,NA,NA,NA,NA,NA,NA,NA,NA,NA,NA,NA,NA,NA,NA,NA,3.95,1.4826,0.02,0.029652,0.19,0.163086,0.475,0.185325,0.105,0.140847,NA,NA,NA,NA
"771","Russ Yeast","LAR","DB","15955","robust",NA,NA,NA,NA,NA,NA,NA,NA,NA,NA,NA,NA,NA,NA,NA,NA,NA,NA,NA,NA,NA,NA,NA,NA,NA,NA,NA,NA,NA,NA,NA,NA,NA,NA,NA,NA,NA,NA,NA,NA,NA,NA,NA,NA,NA,NA,NA,NA,NA,NA,3.9,1.4826,0.065,0.051891,0.09,0.014826,0.525,0.259455,0.005,0.007413,NA,NA,NA,NA
"772","Reed Blankenship","PHI","DB","16018","robust",NA,NA,NA,NA,NA,NA,NA,NA,NA,NA,NA,NA,NA,NA,NA,NA,NA,NA,NA,NA,NA,NA,NA,NA,NA,NA,NA,NA,NA,NA,NA,NA,NA,NA,NA,NA,NA,NA,NA,NA,NA,NA,NA,NA,NA,NA,NA,NA,NA,NA,3.0725,1.18608,0.01,0.014826,0.1,0,0.405,0.00741299999999992,0.005,0.007413,NA,NA,NA,NA
"773","Alohi Gilman","LAC","DB","14982","robust",NA,NA,NA,NA,NA,NA,NA,NA,NA,NA,NA,NA,NA,NA,NA,NA,NA,NA,NA,NA,NA,NA,NA,NA,NA,NA,NA,NA,NA,NA,NA,NA,NA,NA,NA,NA,NA,NA,NA,NA,NA,NA,NA,NA,NA,NA,NA,NA,NA,NA,3.4725,1.03782,0.005,0.007413,0.09,0.014826,0.38,0.029652,0.005,0.007413,NA,NA,NA,NA
"774","Michael Davis","LAC","DB","13479","robust",NA,NA,NA,NA,NA,NA,NA,NA,NA,NA,NA,NA,NA,NA,NA,NA,NA,NA,NA,NA,NA,NA,NA,NA,NA,NA,NA,NA,NA,NA,NA,NA,NA,NA,NA,NA,NA,NA,NA,NA,NA,NA,NA,NA,NA,NA,NA,NA,NA,NA,3.645,0,0.065,0.051891,0.04,0.059304,0.63,0.400302,0.005,0.007413,NA,NA,NA,NA
"775","Camryn Bynum","MIN","DB","15418","robust",NA,NA,NA,NA,NA,NA,NA,NA,NA,NA,NA,NA,NA,NA,NA,NA,NA,NA,NA,NA,NA,NA,NA,NA,NA,NA,NA,NA,NA,NA,NA,NA,NA,NA,NA,NA,NA,NA,NA,NA,NA,NA,NA,NA,NA,NA,NA,NA,NA,NA,4.0575,1.082298,0.03,0.044478,0.175,0.037065,0.605,0.140847,0.005,0.007413,NA,NA,NA,NA
"776","Jonathan Jones","NE","DB","12988","robust",NA,NA,NA,NA,NA,NA,NA,NA,NA,NA,NA,NA,NA,NA,NA,NA,NA,NA,NA,NA,NA,NA,NA,NA,NA,NA,NA,NA,NA,NA,NA,NA,NA,NA,NA,NA,NA,NA,NA,NA,NA,NA,NA,NA,NA,NA,NA,NA,NA,NA,3.7075,0.44478,0.005,0.007413,0.15,0.07413,0.495,0.155673,0.055,0.066717,NA,NA,NA,NA
"777","Jessie Bates","ATL","DB","13737","robust",NA,NA,NA,NA,NA,NA,NA,NA,NA,NA,NA,NA,NA,NA,NA,NA,NA,NA,NA,NA,NA,NA,NA,NA,NA,NA,NA,NA,NA,NA,NA,NA,NA,NA,NA,NA,NA,NA,NA,NA,NA,NA,NA,NA,NA,NA,NA,NA,NA,NA,3.0225,0.88956,0.005,0.007413,0.13,0.044478,0.47,0.103782,0.005,0.007413,NA,NA,NA,NA
"778","Juan Thornhill","CLE","DB","14207","robust",NA,NA,NA,NA,NA,NA,NA,NA,NA,NA,NA,NA,NA,NA,NA,NA,NA,NA,NA,NA,NA,NA,NA,NA,NA,NA,NA,NA,NA,NA,NA,NA,NA,NA,NA,NA,NA,NA,NA,NA,NA,NA,NA,NA,NA,NA,NA,NA,NA,NA,3.5625,1.18608,0.07,0.044478,0.115,0.022239,0.425,0.0370649999999999,0.005,0.007413,"Q","Calf",2023,1
"779","Christian Gonzalez","NE","DB","16251","robust",NA,NA,NA,NA,NA,NA,NA,NA,NA,NA,NA,NA,NA,NA,NA,NA,NA,NA,NA,NA,NA,NA,NA,NA,NA,NA,NA,NA,NA,NA,NA,NA,NA,NA,NA,NA,NA,NA,NA,NA,NA,NA,NA,NA,NA,NA,NA,NA,NA,NA,4.82,0.029652,0.02,0,0.08,0,0.35,0,0.01,0,NA,NA,NA,NA
"780","Andre Cisco","JAC","DB","15364","robust",NA,NA,NA,NA,NA,NA,NA,NA,NA,NA,NA,NA,NA,NA,NA,NA,NA,NA,NA,NA,NA,NA,NA,NA,NA,NA,NA,NA,NA,NA,NA,NA,NA,NA,NA,NA,NA,NA,NA,NA,NA,NA,NA,NA,NA,NA,NA,NA,NA,NA,3.2325,1.33434,0.07,0.044478,0.105,0.00741299999999999,0.56,0.207564,0.055,0.066717,NA,NA,NA,NA
"781","Jartavius Martin","WAS","DB","16263","robust",NA,NA,NA,NA,NA,NA,NA,NA,NA,NA,NA,NA,NA,NA,NA,NA,NA,NA,NA,NA,NA,NA,NA,NA,NA,NA,NA,NA,NA,NA,NA,NA,NA,NA,NA,NA,NA,NA,NA,NA,NA,NA,NA,NA,NA,NA,NA,NA,NA,NA,4,1.18608,0.1,0,0.2,0,0.7,0,0,0,NA,NA,NA,NA
"782","Trevon Moehrig","LVR","DB","15365","robust",NA,NA,NA,NA,NA,NA,NA,NA,NA,NA,NA,NA,NA,NA,NA,NA,NA,NA,NA,NA,NA,NA,NA,NA,NA,NA,NA,NA,NA,NA,NA,NA,NA,NA,NA,NA,NA,NA,NA,NA,NA,NA,NA,NA,NA,NA,NA,NA,NA,NA,3.225,0,0.015,0.022239,0.03,0.044478,0.35,0.07413,0.005,0.007413,NA,NA,NA,NA
"783","Kristian Fulton","TEN","DB","14904","robust",NA,NA,NA,NA,NA,NA,NA,NA,NA,NA,NA,NA,NA,NA,NA,NA,NA,NA,NA,NA,NA,NA,NA,NA,NA,NA,NA,NA,NA,NA,NA,NA,NA,NA,NA,NA,NA,NA,NA,NA,NA,NA,NA,NA,NA,NA,NA,NA,NA,NA,3.1725,0.29652,0.005,0.007413,0.105,0.00741299999999999,0.515,0.126021,0.005,0.007413,NA,NA,NA,NA
"784","Kyle Hamilton","BAL","DB","15834","robust",NA,NA,NA,NA,NA,NA,NA,NA,NA,NA,NA,NA,NA,NA,NA,NA,NA,NA,NA,NA,NA,NA,NA,NA,NA,NA,NA,NA,NA,NA,NA,NA,NA,NA,NA,NA,NA,NA,NA,NA,NA,NA,NA,NA,NA,NA,NA,NA,NA,NA,4.3175,0.548561999999999,0.095,0.00741300000000001,0.08,0.029652,0.355,0.066717,0.005,0.007413,NA,NA,NA,NA
"785","Decobie Durant","LAR","DB","15888","robust",NA,NA,NA,NA,NA,NA,NA,NA,NA,NA,NA,NA,NA,NA,NA,NA,NA,NA,NA,NA,NA,NA,NA,NA,NA,NA,NA,NA,NA,NA,NA,NA,NA,NA,NA,NA,NA,NA,NA,NA,NA,NA,NA,NA,NA,NA,NA,NA,NA,NA,3.435,0.88956,0.095,0.00741300000000001,0.17,0.044478,0.58,0.177912,0.055,0.066717,NA,NA,NA,NA
"786","D.J. Reed","NYJ","DB","13774","robust",NA,NA,NA,NA,NA,NA,NA,NA,NA,NA,NA,NA,NA,NA,NA,NA,NA,NA,NA,NA,NA,NA,NA,NA,NA,NA,NA,NA,NA,NA,NA,NA,NA,NA,NA,NA,NA,NA,NA,NA,NA,NA,NA,NA,NA,NA,NA,NA,NA,NA,3.7075,1.03782,0.005,0.007413,0.115,0.022239,0.58,0.177912,0.005,0.007413,NA,NA,NA,NA
"787","Cam Taylor-Britt","CIN","DB","15859","robust",NA,NA,NA,NA,NA,NA,NA,NA,NA,NA,NA,NA,NA,NA,NA,NA,NA,NA,NA,NA,NA,NA,NA,NA,NA,NA,NA,NA,NA,NA,NA,NA,NA,NA,NA,NA,NA,NA,NA,NA,NA,NA,NA,NA,NA,NA,NA,NA,NA,NA,3.4075,0.59304,0.01,0.014826,0.085,0.022239,0.565,0.348411,0.005,0.007413,NA,NA,NA,NA
"788","Tony Adams","NYJ","DB","16014","robust",NA,NA,NA,NA,NA,NA,NA,NA,NA,NA,NA,NA,NA,NA,NA,NA,NA,NA,NA,NA,NA,NA,NA,NA,NA,NA,NA,NA,NA,NA,NA,NA,NA,NA,NA,NA,NA,NA,NA,NA,NA,NA,NA,NA,NA,NA,NA,NA,NA,NA,3.4,1.92738,0,0,0.2,0,0.6,0,0,0,NA,NA,NA,NA
"789","Jonathan Owens","GB","DB","14414","robust",NA,NA,NA,NA,NA,NA,NA,NA,NA,NA,NA,NA,NA,NA,NA,NA,NA,NA,NA,NA,NA,NA,NA,NA,NA,NA,NA,NA,NA,NA,NA,NA,NA,NA,NA,NA,NA,NA,NA,NA,NA,NA,NA,NA,NA,NA,NA,NA,NA,NA,4,1.03782,0.1,0,0.2,0,0.5,0,0,0,NA,NA,NA,NA
"790","Andrew Booth","MIN","DB","15854","robust",NA,NA,NA,NA,NA,NA,NA,NA,NA,NA,NA,NA,NA,NA,NA,NA,NA,NA,NA,NA,NA,NA,NA,NA,NA,NA,NA,NA,NA,NA,NA,NA,NA,NA,NA,NA,NA,NA,NA,NA,NA,NA,NA,NA,NA,NA,NA,NA,NA,NA,3.1675,0.14826,0.01,0.014826,0.115,0.022239,0.525,0.111195,0.005,0.007413,NA,NA,NA,NA
"791","Mike Hilton","CIN","DB","13414","robust",NA,NA,NA,NA,NA,NA,NA,NA,NA,NA,NA,NA,NA,NA,NA,NA,NA,NA,NA,NA,NA,NA,NA,NA,NA,NA,NA,NA,NA,NA,NA,NA,NA,NA,NA,NA,NA,NA,NA,NA,NA,NA,NA,NA,NA,NA,NA,NA,NA,NA,3.34,0,0.02,0.029652,0.09,0.014826,0.38,0.029652,0.005,0.007413,NA,NA,NA,NA
"792","Ahmad Gardner","NYJ","DB","15833","robust",NA,NA,NA,NA,NA,NA,NA,NA,NA,NA,NA,NA,NA,NA,NA,NA,NA,NA,NA,NA,NA,NA,NA,NA,NA,NA,NA,NA,NA,NA,NA,NA,NA,NA,NA,NA,NA,NA,NA,NA,NA,NA,NA,NA,NA,NA,NA,NA,NA,NA,3.71,1.33434,0.005,0.007413,0.115,0.022239,0.735,0.392889,0.005,0.007413,NA,NA,NA,NA
"793","Damarri Mathis","DEN","DB","15876","robust",NA,NA,NA,NA,NA,NA,NA,NA,NA,NA,NA,NA,NA,NA,NA,NA,NA,NA,NA,NA,NA,NA,NA,NA,NA,NA,NA,NA,NA,NA,NA,NA,NA,NA,NA,NA,NA,NA,NA,NA,NA,NA,NA,NA,NA,NA,NA,NA,NA,NA,3.735,1.18608,0.005,0.007413,0.03,0.044478,0.355,0.066717,0.005,0.007413,NA,NA,NA,NA
"794","Marshon Lattimore","NO","DB","13224","robust",NA,NA,NA,NA,NA,NA,NA,NA,NA,NA,NA,NA,NA,NA,NA,NA,NA,NA,NA,NA,NA,NA,NA,NA,NA,NA,NA,NA,NA,NA,NA,NA,NA,NA,NA,NA,NA,NA,NA,NA,NA,NA,NA,NA,NA,NA,NA,NA,NA,NA,3.8825,0.29652,0.005,0.007413,0.115,0.022239,0.53,0.103782,0.055,0.066717,NA,NA,NA,NA
"795","Kenny Moore","IND","DB","13470","robust",NA,NA,NA,NA,NA,NA,NA,NA,NA,NA,NA,NA,NA,NA,NA,NA,NA,NA,NA,NA,NA,NA,NA,NA,NA,NA,NA,NA,NA,NA,NA,NA,NA,NA,NA,NA,NA,NA,NA,NA,NA,NA,NA,NA,NA,NA,NA,NA,NA,NA,3.8,1.18608,0,0,0.2,0,0.8,0,0.1,0,NA,NA,NA,NA
"796","DeShon Elliott","MIA","DB","13806","robust",NA,NA,NA,NA,NA,NA,NA,NA,NA,NA,NA,NA,NA,NA,NA,NA,NA,NA,NA,NA,NA,NA,NA,NA,NA,NA,NA,NA,NA,NA,NA,NA,NA,NA,NA,NA,NA,NA,NA,NA,NA,NA,NA,NA,NA,NA,NA,NA,NA,NA,4.05,0.81543,0.1,0,0.1,0,0.4,0,0,0,NA,NA,NA,NA
"797","Derek Stingley Jr.","HOU","DB","15832","robust",NA,NA,NA,NA,NA,NA,NA,NA,NA,NA,NA,NA,NA,NA,NA,NA,NA,NA,NA,NA,NA,NA,NA,NA,NA,NA,NA,NA,NA,NA,NA,NA,NA,NA,NA,NA,NA,NA,NA,NA,NA,NA,NA,NA,NA,NA,NA,NA,NA,NA,3.585,1.245384,0.03,0.044478,0.14,0.088956,0.42,0.118608,0.005,0.007413,NA,NA,NA,NA
"798","Trent McDuffie","KC","DB","15845","robust",NA,NA,NA,NA,NA,NA,NA,NA,NA,NA,NA,NA,NA,NA,NA,NA,NA,NA,NA,NA,NA,NA,NA,NA,NA,NA,NA,NA,NA,NA,NA,NA,NA,NA,NA,NA,NA,NA,NA,NA,NA,NA,NA,NA,NA,NA,NA,NA,NA,NA,3.155,0.44478,0.075,0.037065,0.035,0.051891,0.515,0.274281,0.005,0.007413,NA,NA,NA,NA
"799","Rodney Thomas II","IND","DB","15946","robust",NA,NA,NA,NA,NA,NA,NA,NA,NA,NA,NA,NA,NA,NA,NA,NA,NA,NA,NA,NA,NA,NA,NA,NA,NA,NA,NA,NA,NA,NA,NA,NA,NA,NA,NA,NA,NA,NA,NA,NA,NA,NA,NA,NA,NA,NA,NA,NA,NA,NA,3.6225,0.7413,0.01,0.014826,0.11,0.014826,0.425,0.0370649999999999,0.055,0.066717,NA,NA,NA,NA
"800","Paulson Adebo","NO","DB","15394","robust",NA,NA,NA,NA,NA,NA,NA,NA,NA,NA,NA,NA,NA,NA,NA,NA,NA,NA,NA,NA,NA,NA,NA,NA,NA,NA,NA,NA,NA,NA,NA,NA,NA,NA,NA,NA,NA,NA,NA,NA,NA,NA,NA,NA,NA,NA,NA,NA,NA,NA,3.795,0.59304,0.005,0.007413,0.045,0.066717,0.485,0.170499,0.005,0.007413,NA,NA,NA,NA
"801","Kader Kohou","MIA","DB","16016","robust",NA,NA,NA,NA,NA,NA,NA,NA,NA,NA,NA,NA,NA,NA,NA,NA,NA,NA,NA,NA,NA,NA,NA,NA,NA,NA,NA,NA,NA,NA,NA,NA,NA,NA,NA,NA,NA,NA,NA,NA,NA,NA,NA,NA,NA,NA,NA,NA,NA,NA,3.42,0.59304,0.005,0.007413,0.085,0.022239,0.46,0.207564,0.005,0.007413,NA,NA,NA,NA
"802","Micah Hyde","BUF","DB","11382","robust",NA,NA,NA,NA,NA,NA,NA,NA,NA,NA,NA,NA,NA,NA,NA,NA,NA,NA,NA,NA,NA,NA,NA,NA,NA,NA,NA,NA,NA,NA,NA,NA,NA,NA,NA,NA,NA,NA,NA,NA,NA,NA,NA,NA,NA,NA,NA,NA,NA,NA,3.3925,1.18608,0.02,0.029652,0.09,0.014826,0.42,0.118608,0.005,0.007413,NA,NA,NA,NA
"803","Jason Pinnock","NYG","DB","15448","robust",NA,NA,NA,NA,NA,NA,NA,NA,NA,NA,NA,NA,NA,NA,NA,NA,NA,NA,NA,NA,NA,NA,NA,NA,NA,NA,NA,NA,NA,NA,NA,NA,NA,NA,NA,NA,NA,NA,NA,NA,NA,NA,NA,NA,NA,NA,NA,NA,NA,NA,3.8,0.88956,0.1,0,0.1,0,0.4,0,0.1,0,NA,NA,NA,NA
"804","Malik Hooker","DAL","DB","13228","robust",NA,NA,NA,NA,NA,NA,NA,NA,NA,NA,NA,NA,NA,NA,NA,NA,NA,NA,NA,NA,NA,NA,NA,NA,NA,NA,NA,NA,NA,NA,NA,NA,NA,NA,NA,NA,NA,NA,NA,NA,NA,NA,NA,NA,NA,NA,NA,NA,NA,NA,2.9075,0.29652,0.01,0.014826,0.09,0.014826,0.27,0.103782,0.005,0.007413,NA,NA,NA,NA
"805","Quandre Diggs","SEA","DB","12349","robust",NA,NA,NA,NA,NA,NA,NA,NA,NA,NA,NA,NA,NA,NA,NA,NA,NA,NA,NA,NA,NA,NA,NA,NA,NA,NA,NA,NA,NA,NA,NA,NA,NA,NA,NA,NA,NA,NA,NA,NA,NA,NA,NA,NA,NA,NA,NA,NA,NA,NA,2.855,0.14826,0.005,0.007413,0.195,0.00741300000000001,0.485,0.126021,0.005,0.007413,NA,NA,NA,NA
"806","Denzel Ward","CLE","DB","13707","robust",NA,NA,NA,NA,NA,NA,NA,NA,NA,NA,NA,NA,NA,NA,NA,NA,NA,NA,NA,NA,NA,NA,NA,NA,NA,NA,NA,NA,NA,NA,NA,NA,NA,NA,NA,NA,NA,NA,NA,NA,NA,NA,NA,NA,NA,NA,NA,NA,NA,NA,3.075,0.14826,0.01,0.014826,0.23,0.103782,0.705,0.289107,0.055,0.066717,NA,NA,NA,NA
"807","Julius Brents","IND","DB","16261","robust",NA,NA,NA,NA,NA,NA,NA,NA,NA,NA,NA,NA,NA,NA,NA,NA,NA,NA,NA,NA,NA,NA,NA,NA,NA,NA,NA,NA,NA,NA,NA,NA,NA,NA,NA,NA,NA,NA,NA,NA,NA,NA,NA,NA,NA,NA,NA,NA,NA,NA,2.3225,2.37216,0.06,0.059304,0.04,0.059304,0.225,0.185325,0.005,0.007413,NA,NA,NA,NA
"808","Tashaun Gipson","SF","DB","11010","robust",NA,NA,NA,NA,NA,NA,NA,NA,NA,NA,NA,NA,NA,NA,NA,NA,NA,NA,NA,NA,NA,NA,NA,NA,NA,NA,NA,NA,NA,NA,NA,NA,NA,NA,NA,NA,NA,NA,NA,NA,NA,NA,NA,NA,NA,NA,NA,NA,NA,NA,2.845,0.14826,0.025,0.037065,0.23,0.103782,0.5,0,0.005,0.007413,NA,NA,NA,NA
"809","Stephon Gilmore","DAL","DB","10789","robust",NA,NA,NA,NA,NA,NA,NA,NA,NA,NA,NA,NA,NA,NA,NA,NA,NA,NA,NA,NA,NA,NA,NA,NA,NA,NA,NA,NA,NA,NA,NA,NA,NA,NA,NA,NA,NA,NA,NA,NA,NA,NA,NA,NA,NA,NA,NA,NA,NA,NA,3.145,0.148259999999999,0.01,0.014826,0.17,0.044478,0.54,0.0889559999999999,0.005,0.007413,NA,NA,NA,NA
"810","Jaire Alexander","GB","DB","13730","robust",NA,NA,NA,NA,NA,NA,NA,NA,NA,NA,NA,NA,NA,NA,NA,NA,NA,NA,NA,NA,NA,NA,NA,NA,NA,NA,NA,NA,NA,NA,NA,NA,NA,NA,NA,NA,NA,NA,NA,NA,NA,NA,NA,NA,NA,NA,NA,NA,NA,NA,2.905,0.14826,0.01,0.014826,0.165,0.051891,0.53,0.103782,0.005,0.007413,NA,NA,NA,NA
"811","Jamel Dean","TB","DB","14219","robust",NA,NA,NA,NA,NA,NA,NA,NA,NA,NA,NA,NA,NA,NA,NA,NA,NA,NA,NA,NA,NA,NA,NA,NA,NA,NA,NA,NA,NA,NA,NA,NA,NA,NA,NA,NA,NA,NA,NA,NA,NA,NA,NA,NA,NA,NA,NA,NA,NA,NA,3.4175,1.03782,0.005,0.007413,0.065,0.096369,0.475,0.0370649999999999,0.005,0.007413,NA,NA,NA,NA
"812","Taylor Rapp","BUF","DB","14186","robust",NA,NA,NA,NA,NA,NA,NA,NA,NA,NA,NA,NA,NA,NA,NA,NA,NA,NA,NA,NA,NA,NA,NA,NA,NA,NA,NA,NA,NA,NA,NA,NA,NA,NA,NA,NA,NA,NA,NA,NA,NA,NA,NA,NA,NA,NA,NA,NA,NA,NA,2.7625,0.88956,0.015,0.022239,0.075,0.037065,0.285,0.0222389999999999,0.005,0.007413,NA,NA,NA,NA
"813","Bryan Cook","KC","DB","15860","robust",NA,NA,NA,NA,NA,NA,NA,NA,NA,NA,NA,NA,NA,NA,NA,NA,NA,NA,NA,NA,NA,NA,NA,NA,NA,NA,NA,NA,NA,NA,NA,NA,NA,NA,NA,NA,NA,NA,NA,NA,NA,NA,NA,NA,NA,NA,NA,NA,NA,NA,4.12,0.029652,0.06,0,0.06,0,0.29,0,0.01,0,NA,NA,NA,NA
"814","Chidobe Awuzie","CIN","DB","13263","robust",NA,NA,NA,NA,NA,NA,NA,NA,NA,NA,NA,NA,NA,NA,NA,NA,NA,NA,NA,NA,NA,NA,NA,NA,NA,NA,NA,NA,NA,NA,NA,NA,NA,NA,NA,NA,NA,NA,NA,NA,NA,NA,NA,NA,NA,NA,NA,NA,NA,NA,3.205,0.44478,0.005,0.007413,0.03,0.044478,0.3,0,0.005,0.007413,NA,NA,NA,NA
"815","Jordan Battle","CIN","DB","16245","robust",NA,NA,NA,NA,NA,NA,NA,NA,NA,NA,NA,NA,NA,NA,NA,NA,NA,NA,NA,NA,NA,NA,NA,NA,NA,NA,NA,NA,NA,NA,NA,NA,NA,NA,NA,NA,NA,NA,NA,NA,NA,NA,NA,NA,NA,NA,NA,NA,NA,NA,3.45,0.96369,0,0,0.3,0,0.7,0,0,0,NA,NA,NA,NA
"816","Taron Johnson","BUF","DB","13764","robust",NA,NA,NA,NA,NA,NA,NA,NA,NA,NA,NA,NA,NA,NA,NA,NA,NA,NA,NA,NA,NA,NA,NA,NA,NA,NA,NA,NA,NA,NA,NA,NA,NA,NA,NA,NA,NA,NA,NA,NA,NA,NA,NA,NA,NA,NA,NA,NA,NA,NA,3.63,0.207564,0.08,0.029652,0.015,0.022239,0.41,0.281694,0.005,0.007413,NA,NA,NA,NA
"817","Adrian Phillips","NE","DB","12088","robust",NA,NA,NA,NA,NA,NA,NA,NA,NA,NA,NA,NA,NA,NA,NA,NA,NA,NA,NA,NA,NA,NA,NA,NA,NA,NA,NA,NA,NA,NA,NA,NA,NA,NA,NA,NA,NA,NA,NA,NA,NA,NA,NA,NA,NA,NA,NA,NA,NA,NA,2.8,1.4826,0.005,0.007413,0.03,0.044478,0.205,0.155673,0.005,0.007413,NA,NA,NA,NA
"818","Roger McCreary","TEN","DB","15849","robust",NA,NA,NA,NA,NA,NA,NA,NA,NA,NA,NA,NA,NA,NA,NA,NA,NA,NA,NA,NA,NA,NA,NA,NA,NA,NA,NA,NA,NA,NA,NA,NA,NA,NA,NA,NA,NA,NA,NA,NA,NA,NA,NA,NA,NA,NA,NA,NA,NA,NA,3.3975,0.59304,0.005,0.007413,0.08,0.029652,0.405,0.140847,0.005,0.007413,NA,NA,NA,NA
"819","Brandon Stephens","BAL","DB","15405","robust",NA,NA,NA,NA,NA,NA,NA,NA,NA,NA,NA,NA,NA,NA,NA,NA,NA,NA,NA,NA,NA,NA,NA,NA,NA,NA,NA,NA,NA,NA,NA,NA,NA,NA,NA,NA,NA,NA,NA,NA,NA,NA,NA,NA,NA,NA,NA,NA,NA,NA,2.7875,0.14826,0.06,0.059304,0.03,0.044478,0.3,0,0.005,0.007413,NA,NA,NA,NA
"820","Asante Samuel","LAC","DB","15384","robust",NA,NA,NA,NA,NA,NA,NA,NA,NA,NA,NA,NA,NA,NA,NA,NA,NA,NA,NA,NA,NA,NA,NA,NA,NA,NA,NA,NA,NA,NA,NA,NA,NA,NA,NA,NA,NA,NA,NA,NA,NA,NA,NA,NA,NA,NA,NA,NA,NA,NA,3.155,0.14826,0.005,0.007413,0.12,0.029652,0.53,0.103782,0.005,0.007413,NA,NA,NA,NA
"821","Antonio Hamilton","ARI","DB","12976","robust",NA,NA,NA,NA,NA,NA,NA,NA,NA,NA,NA,NA,NA,NA,NA,NA,NA,NA,NA,NA,NA,NA,NA,NA,NA,NA,NA,NA,NA,NA,NA,NA,NA,NA,NA,NA,NA,NA,NA,NA,NA,NA,NA,NA,NA,NA,NA,NA,NA,NA,3.68,0.326172,0.005,0.007413,0.09,0.014826,0.365,0.051891,0.005,0.007413,NA,NA,NA,NA
"822","A.J. Terrell","ATL","DB","14918","robust",NA,NA,NA,NA,NA,NA,NA,NA,NA,NA,NA,NA,NA,NA,NA,NA,NA,NA,NA,NA,NA,NA,NA,NA,NA,NA,NA,NA,NA,NA,NA,NA,NA,NA,NA,NA,NA,NA,NA,NA,NA,NA,NA,NA,NA,NA,NA,NA,NA,NA,2.9025,0.29652,0.02,0.029652,0.1,0,0.545,0.229803,0.005,0.007413,NA,NA,NA,NA
"823","Steven Nelson","HOU","DB","12291","robust",NA,NA,NA,NA,NA,NA,NA,NA,NA,NA,NA,NA,NA,NA,NA,NA,NA,NA,NA,NA,NA,NA,NA,NA,NA,NA,NA,NA,NA,NA,NA,NA,NA,NA,NA,NA,NA,NA,NA,NA,NA,NA,NA,NA,NA,NA,NA,NA,NA,NA,3.1,0.44478,0.065,0.051891,0.08,0.029652,0.35,0.07413,0.005,0.007413,NA,NA,NA,NA
"824","Jalen Mills","NE","DB","12716","robust",NA,NA,NA,NA,NA,NA,NA,NA,NA,NA,NA,NA,NA,NA,NA,NA,NA,NA,NA,NA,NA,NA,NA,NA,NA,NA,NA,NA,NA,NA,NA,NA,NA,NA,NA,NA,NA,NA,NA,NA,NA,NA,NA,NA,NA,NA,NA,NA,NA,NA,2.75,0.29652,0.005,0.007413,0.075,0.037065,0.335,0.096369,0.005,0.007413,NA,NA,NA,NA
"825","Darius Slay","PHI","DB","11348","robust",NA,NA,NA,NA,NA,NA,NA,NA,NA,NA,NA,NA,NA,NA,NA,NA,NA,NA,NA,NA,NA,NA,NA,NA,NA,NA,NA,NA,NA,NA,NA,NA,NA,NA,NA,NA,NA,NA,NA,NA,NA,NA,NA,NA,NA,NA,NA,NA,NA,NA,2.7175,0,0.005,0.007413,0.095,0.140847,0.54,0.0593039999999999,0.005,0.007413,NA,NA,NA,NA
"826","Tyson Campbell","JAC","DB","15380","robust",NA,NA,NA,NA,NA,NA,NA,NA,NA,NA,NA,NA,NA,NA,NA,NA,NA,NA,NA,NA,NA,NA,NA,NA,NA,NA,NA,NA,NA,NA,NA,NA,NA,NA,NA,NA,NA,NA,NA,NA,NA,NA,NA,NA,NA,NA,NA,NA,NA,NA,3.26,0.948864,0.005,0.007413,0.15,0.07413,0.595,0.303933,0.055,0.066717,NA,NA,NA,NA
"827","TreDavious White","BUF","DB","13249","robust",NA,NA,NA,NA,NA,NA,NA,NA,NA,NA,NA,NA,NA,NA,NA,NA,NA,NA,NA,NA,NA,NA,NA,NA,NA,NA,NA,NA,NA,NA,NA,NA,NA,NA,NA,NA,NA,NA,NA,NA,NA,NA,NA,NA,NA,NA,NA,NA,NA,NA,2.9075,0.14826,0.015,0.022239,0.035,0.051891,0.41,0.133434,0.005,0.007413,NA,NA,NA,NA
"828","Patrick Surtain II","DEN","DB","15362","robust",NA,NA,NA,NA,NA,NA,NA,NA,NA,NA,NA,NA,NA,NA,NA,NA,NA,NA,NA,NA,NA,NA,NA,NA,NA,NA,NA,NA,NA,NA,NA,NA,NA,NA,NA,NA,NA,NA,NA,NA,NA,NA,NA,NA,NA,NA,NA,NA,NA,NA,3.055,0.59304,0.005,0.007413,0.105,0.00741299999999999,0.505,0.140847,0.005,0.007413,NA,NA,NA,NA
"829","Martin Emerson","CLE","DB","15862","robust",NA,NA,NA,NA,NA,NA,NA,NA,NA,NA,NA,NA,NA,NA,NA,NA,NA,NA,NA,NA,NA,NA,NA,NA,NA,NA,NA,NA,NA,NA,NA,NA,NA,NA,NA,NA,NA,NA,NA,NA,NA,NA,NA,NA,NA,NA,NA,NA,NA,NA,3.28,0.59304,0.075,0.037065,0.035,0.051891,0.655,0.511497,0.005,0.007413,NA,NA,NA,NA
"830","Emmanuel Forbes","WAS","DB","16253","robust",NA,NA,NA,NA,NA,NA,NA,NA,NA,NA,NA,NA,NA,NA,NA,NA,NA,NA,NA,NA,NA,NA,NA,NA,NA,NA,NA,NA,NA,NA,NA,NA,NA,NA,NA,NA,NA,NA,NA,NA,NA,NA,NA,NA,NA,NA,NA,NA,NA,NA,2.9025,1.4826,0.01,0.014826,0.06,0.088956,0.365,0.096369,0.005,0.007413,NA,NA,NA,NA
"831","Sean Bunting","TEN","DB","14199","robust",NA,NA,NA,NA,NA,NA,NA,NA,NA,NA,NA,NA,NA,NA,NA,NA,NA,NA,NA,NA,NA,NA,NA,NA,NA,NA,NA,NA,NA,NA,NA,NA,NA,NA,NA,NA,NA,NA,NA,NA,NA,NA,NA,NA,NA,NA,NA,NA,NA,NA,2.625,0.44478,0.005,0.007413,0.105,0.00741299999999999,0.405,0.00741299999999992,0.005,0.007413,NA,NA,NA,NA
"832","Deonte Banks","NYG","DB","16255","robust",NA,NA,NA,NA,NA,NA,NA,NA,NA,NA,NA,NA,NA,NA,NA,NA,NA,NA,NA,NA,NA,NA,NA,NA,NA,NA,NA,NA,NA,NA,NA,NA,NA,NA,NA,NA,NA,NA,NA,NA,NA,NA,NA,NA,NA,NA,NA,NA,NA,NA,2.7175,0.7413,0.06,0.059304,0.1,0,0.445,0.081543,0.005,0.007413,NA,NA,NA,NA
"833","Tariq Woolen","SEA","DB","15894","robust",NA,NA,NA,NA,NA,NA,NA,NA,NA,NA,NA,NA,NA,NA,NA,NA,NA,NA,NA,NA,NA,NA,NA,NA,NA,NA,NA,NA,NA,NA,NA,NA,NA,NA,NA,NA,NA,NA,NA,NA,NA,NA,NA,NA,NA,NA,NA,NA,NA,NA,2.7375,0.14826,0.005,0.007413,0.185,0.022239,0.565,0.0518909999999999,0.005,0.007413,NA,NA,NA,NA
"834","Kendall Fuller","WAS","DB","12714","robust",NA,NA,NA,NA,NA,NA,NA,NA,NA,NA,NA,NA,NA,NA,NA,NA,NA,NA,NA,NA,NA,NA,NA,NA,NA,NA,NA,NA,NA,NA,NA,NA,NA,NA,NA,NA,NA,NA,NA,NA,NA,NA,NA,NA,NA,NA,NA,NA,NA,NA,2.815,0.88956,0.065,0.051891,0.2,0,0.745,0.229803,0.06,0.059304,NA,NA,NA,NA
"835","Jaylon Johnson","CHI","DB","14924","robust",NA,NA,NA,NA,NA,NA,NA,NA,NA,NA,NA,NA,NA,NA,NA,NA,NA,NA,NA,NA,NA,NA,NA,NA,NA,NA,NA,NA,NA,NA,NA,NA,NA,NA,NA,NA,NA,NA,NA,NA,NA,NA,NA,NA,NA,NA,NA,NA,NA,NA,2.9375,0.59304,0.005,0.007413,0.08,0.029652,0.4,0.14826,0.005,0.007413,NA,NA,NA,NA
"836","Trevon Diggs","DAL","DB","14903","robust",NA,NA,NA,NA,NA,NA,NA,NA,NA,NA,NA,NA,NA,NA,NA,NA,NA,NA,NA,NA,NA,NA,NA,NA,NA,NA,NA,NA,NA,NA,NA,NA,NA,NA,NA,NA,NA,NA,NA,NA,NA,NA,NA,NA,NA,NA,NA,NA,NA,NA,2.91,0.29652,0.005,0.007413,0.185,0.022239,0.57,0.0444779999999999,0.005,0.007413,NA,NA,NA,NA
"837","Daxton Hill","CIN","DB","15836","robust",NA,NA,NA,NA,NA,NA,NA,NA,NA,NA,NA,NA,NA,NA,NA,NA,NA,NA,NA,NA,NA,NA,NA,NA,NA,NA,NA,NA,NA,NA,NA,NA,NA,NA,NA,NA,NA,NA,NA,NA,NA,NA,NA,NA,NA,NA,NA,NA,NA,NA,2.8,1.33434,0,0,0,0,0.5,0,0,0,NA,NA,NA,NA
"838","Julian Blackmon","IND","DB","14933","robust",NA,NA,NA,NA,NA,NA,NA,NA,NA,NA,NA,NA,NA,NA,NA,NA,NA,NA,NA,NA,NA,NA,NA,NA,NA,NA,NA,NA,NA,NA,NA,NA,NA,NA,NA,NA,NA,NA,NA,NA,NA,NA,NA,NA,NA,NA,NA,NA,NA,NA,2.95,1.11195,0.1,0,0,0,0.4,0,0,0,NA,NA,NA,NA
"839","Alontae Taylor","NO","DB","15856","robust",NA,NA,NA,NA,NA,NA,NA,NA,NA,NA,NA,NA,NA,NA,NA,NA,NA,NA,NA,NA,NA,NA,NA,NA,NA,NA,NA,NA,NA,NA,NA,NA,NA,NA,NA,NA,NA,NA,NA,NA,NA,NA,NA,NA,NA,NA,NA,NA,NA,NA,2.9225,0.14826,0.055,0.066717,0.03,0.044478,0.45,0.22239,0.005,0.007413,NA,NA,NA,NA
"840","Xavien Howard","MIA","DB","12742","robust",NA,NA,NA,NA,NA,NA,NA,NA,NA,NA,NA,NA,NA,NA,NA,NA,NA,NA,NA,NA,NA,NA,NA,NA,NA,NA,NA,NA,NA,NA,NA,NA,NA,NA,NA,NA,NA,NA,NA,NA,NA,NA,NA,NA,NA,NA,NA,NA,NA,NA,2.345,0.44478,0.015,0.022239,0.095,0.140847,0.54,0.0593039999999999,0.055,0.066717,NA,NA,NA,NA
"841","Joey Porter Jr.","PIT","DB","16240","robust",NA,NA,NA,NA,NA,NA,NA,NA,NA,NA,NA,NA,NA,NA,NA,NA,NA,NA,NA,NA,NA,NA,NA,NA,NA,NA,NA,NA,NA,NA,NA,NA,NA,NA,NA,NA,NA,NA,NA,NA,NA,NA,NA,NA,NA,NA,NA,NA,NA,NA,2.4925,0,0.005,0.007413,0.085,0.022239,0.305,0.00741300000000001,0.005,0.007413,NA,NA,NA,NA
"842","Cameron Sutton","DET","DB","13276","robust",NA,NA,NA,NA,NA,NA,NA,NA,NA,NA,NA,NA,NA,NA,NA,NA,NA,NA,NA,NA,NA,NA,NA,NA,NA,NA,NA,NA,NA,NA,NA,NA,NA,NA,NA,NA,NA,NA,NA,NA,NA,NA,NA,NA,NA,NA,NA,NA,NA,NA,2.815,0.29652,0.005,0.007413,0.1,0,0.495,0.155673,0.005,0.007413,NA,NA,NA,NA
"843","Darious Williams","JAC","DB","13959","robust",NA,NA,NA,NA,NA,NA,NA,NA,NA,NA,NA,NA,NA,NA,NA,NA,NA,NA,NA,NA,NA,NA,NA,NA,NA,NA,NA,NA,NA,NA,NA,NA,NA,NA,NA,NA,NA,NA,NA,NA,NA,NA,NA,NA,NA,NA,NA,NA,NA,NA,2.715,0.88956,0.005,0.007413,0.045,0.066717,0.68,0.474432,0.005,0.007413,NA,NA,NA,NA
"844","Marcus Peters","LVR","DB","12245","robust",NA,NA,NA,NA,NA,NA,NA,NA,NA,NA,NA,NA,NA,NA,NA,NA,NA,NA,NA,NA,NA,NA,NA,NA,NA,NA,NA,NA,NA,NA,NA,NA,NA,NA,NA,NA,NA,NA,NA,NA,NA,NA,NA,NA,NA,NA,NA,NA,NA,NA,3.075,0.7413,0.08,0.029652,0.14,0.059304,0.52,0.029652,0.005,0.007413,NA,NA,NA,NA
"845","Marco Wilson","ARI","DB","15422","robust",NA,NA,NA,NA,NA,NA,NA,NA,NA,NA,NA,NA,NA,NA,NA,NA,NA,NA,NA,NA,NA,NA,NA,NA,NA,NA,NA,NA,NA,NA,NA,NA,NA,NA,NA,NA,NA,NA,NA,NA,NA,NA,NA,NA,NA,NA,NA,NA,NA,NA,3.1475,0.281694,0.005,0.007413,0.095,0.00741300000000001,0.48,0.177912,0.055,0.066717,NA,NA,NA,NA
"846","Eric Stokes","GB","DB","15377","robust",NA,NA,NA,NA,NA,NA,NA,NA,NA,NA,NA,NA,NA,NA,NA,NA,NA,NA,NA,NA,NA,NA,NA,NA,NA,NA,NA,NA,NA,NA,NA,NA,NA,NA,NA,NA,NA,NA,NA,NA,NA,NA,NA,NA,NA,NA,NA,NA,NA,NA,2.7225,0.29652,0.01,0.014826,0.085,0.022239,0.25,0.07413,0.005,0.007413,NA,"Foot",2023,1
"847","Donte Jackson","CAR","DB","13738","robust",NA,NA,NA,NA,NA,NA,NA,NA,NA,NA,NA,NA,NA,NA,NA,NA,NA,NA,NA,NA,NA,NA,NA,NA,NA,NA,NA,NA,NA,NA,NA,NA,NA,NA,NA,NA,NA,NA,NA,NA,NA,NA,NA,NA,NA,NA,NA,NA,NA,NA,2.81,0.44478,0.005,0.007413,0.115,0.022239,0.415,0.0222389999999999,0.005,0.007413,NA,NA,NA,NA
"848","Devon Witherspoon","SEA","DB","16241","robust",NA,NA,NA,NA,NA,NA,NA,NA,NA,NA,NA,NA,NA,NA,NA,NA,NA,NA,NA,NA,NA,NA,NA,NA,NA,NA,NA,NA,NA,NA,NA,NA,NA,NA,NA,NA,NA,NA,NA,NA,NA,NA,NA,NA,NA,NA,NA,NA,NA,NA,2.5825,0.44478,0.005,0.007413,0.095,0.00741300000000001,0.325,0.0370649999999999,0.005,0.007413,"Q","Hamstring",2023,1
"849","James Bradberry","PHI","DB","12750","robust",NA,NA,NA,NA,NA,NA,NA,NA,NA,NA,NA,NA,NA,NA,NA,NA,NA,NA,NA,NA,NA,NA,NA,NA,NA,NA,NA,NA,NA,NA,NA,NA,NA,NA,NA,NA,NA,NA,NA,NA,NA,NA,NA,NA,NA,NA,NA,NA,NA,NA,2.6375,0.44478,0.005,0.007413,0.115,0.022239,0.57,0.192738,0.005,0.007413,NA,NA,NA,NA
"850","Brian Branch","DET","DB","16244","robust",NA,NA,NA,NA,NA,NA,NA,NA,NA,NA,NA,NA,NA,NA,NA,NA,NA,NA,NA,NA,NA,NA,NA,NA,NA,NA,NA,NA,NA,NA,NA,NA,NA,NA,NA,NA,NA,NA,NA,NA,NA,NA,NA,NA,NA,NA,NA,NA,NA,NA,2.75,0.81543,0,0,0.1,0,0.5,0,0,0,NA,NA,NA,NA
"851","Byron Murphy","MIN","DB","14180","robust",NA,NA,NA,NA,NA,NA,NA,NA,NA,NA,NA,NA,NA,NA,NA,NA,NA,NA,NA,NA,NA,NA,NA,NA,NA,NA,NA,NA,NA,NA,NA,NA,NA,NA,NA,NA,NA,NA,NA,NA,NA,NA,NA,NA,NA,NA,NA,NA,NA,NA,2.795,0.711648,0.02,0.029652,0.045,0.066717,0.42,0.118608,0.005,0.007413,NA,NA,NA,NA
"852","J.C. Jackson","LAC","DB","13917","robust",NA,NA,NA,NA,NA,NA,NA,NA,NA,NA,NA,NA,NA,NA,NA,NA,NA,NA,NA,NA,NA,NA,NA,NA,NA,NA,NA,NA,NA,NA,NA,NA,NA,NA,NA,NA,NA,NA,NA,NA,NA,NA,NA,NA,NA,NA,NA,NA,NA,NA,2.6,0.88956,0,0,0,0,0.5,0,0,0,NA,NA,NA,NA
"853","Kareem Jackson","DEN","DB","9861","robust",NA,NA,NA,NA,NA,NA,NA,NA,NA,NA,NA,NA,NA,NA,NA,NA,NA,NA,NA,NA,NA,NA,NA,NA,NA,NA,NA,NA,NA,NA,NA,NA,NA,NA,NA,NA,NA,NA,NA,NA,NA,NA,NA,NA,NA,NA,NA,NA,NA,NA,2.3,1.33434,0,0,0,0,0.3,0,0,0,NA,NA,NA,NA
"854","Patrick Peterson","PIT","DB","10260","robust",NA,NA,NA,NA,NA,NA,NA,NA,NA,NA,NA,NA,NA,NA,NA,NA,NA,NA,NA,NA,NA,NA,NA,NA,NA,NA,NA,NA,NA,NA,NA,NA,NA,NA,NA,NA,NA,NA,NA,NA,NA,NA,NA,NA,NA,NA,NA,NA,NA,NA,2.91,0.207564,0,0,0.115,0.022239,0.465,0.051891,0.005,0.007413,NA,NA,NA,NA
"855","Dane Jackson","BUF","DB","15016","robust",NA,NA,NA,NA,NA,NA,NA,NA,NA,NA,NA,NA,NA,NA,NA,NA,NA,NA,NA,NA,NA,NA,NA,NA,NA,NA,NA,NA,NA,NA,NA,NA,NA,NA,NA,NA,NA,NA,NA,NA,NA,NA,NA,NA,NA,NA,NA,NA,NA,NA,2.8,0.44478,0,0,0.1,0,0.6,0,0,0,NA,NA,NA,NA
"856","Michael Carter","NYJ","DB","15432","robust",NA,NA,NA,NA,NA,NA,NA,NA,NA,NA,NA,NA,NA,NA,NA,NA,NA,NA,NA,NA,NA,NA,NA,NA,NA,NA,NA,NA,NA,NA,NA,NA,NA,NA,NA,NA,NA,NA,NA,NA,NA,NA,NA,NA,NA,NA,NA,NA,NA,NA,2.55,0.81543,0,0,0.1,0,0.4,0,0,0,NA,NA,NA,NA
"857","Jabrill Peppers","NE","DB","13231","robust",NA,NA,NA,NA,NA,NA,NA,NA,NA,NA,NA,NA,NA,NA,NA,NA,NA,NA,NA,NA,NA,NA,NA,NA,NA,NA,NA,NA,NA,NA,NA,NA,NA,NA,NA,NA,NA,NA,NA,NA,NA,NA,NA,NA,NA,NA,NA,NA,NA,NA,2.45,0.96369,0,0,0,0,0.3,0,0,0,NA,NA,NA,NA
"858","Rodney McLeod","CLE","DB","11017","robust",NA,NA,NA,NA,NA,NA,NA,NA,NA,NA,NA,NA,NA,NA,NA,NA,NA,NA,NA,NA,NA,NA,NA,NA,NA,NA,NA,NA,NA,NA,NA,NA,NA,NA,NA,NA,NA,NA,NA,NA,NA,NA,NA,NA,NA,NA,NA,NA,NA,NA,2.05,1.40847,0,0,0.1,0,0.4,0,0,0,NA,NA,NA,NA
"859","Greg Newsome","CLE","DB","15375","robust",NA,NA,NA,NA,NA,NA,NA,NA,NA,NA,NA,NA,NA,NA,NA,NA,NA,NA,NA,NA,NA,NA,NA,NA,NA,NA,NA,NA,NA,NA,NA,NA,NA,NA,NA,NA,NA,NA,NA,NA,NA,NA,NA,NA,NA,NA,NA,NA,NA,NA,2.5,0.59304,0,0,0,0,0.6,0,0,0,NA,NA,NA,NA
"860","Cody Davis","NE","DB","11555","robust",NA,NA,NA,NA,NA,NA,NA,NA,NA,NA,NA,NA,NA,NA,NA,NA,NA,NA,NA,NA,NA,NA,NA,NA,NA,NA,NA,NA,NA,NA,NA,NA,NA,NA,NA,NA,NA,NA,NA,NA,NA,NA,NA,NA,NA,NA,NA,NA,NA,NA,2.25,0.81543,0,0,0,0,0.4,0,0,0,NA,"Knee",2023,1
"861","Michael Jackson","SEA","DB","14252","robust",NA,NA,NA,NA,NA,NA,NA,NA,NA,NA,NA,NA,NA,NA,NA,NA,NA,NA,NA,NA,NA,NA,NA,NA,NA,NA,NA,NA,NA,NA,NA,NA,NA,NA,NA,NA,NA,NA,NA,NA,NA,NA,NA,NA,NA,NA,NA,NA,NA,NA,2.45,0.51891,0,0,0,0,0.4,0,0.1,0,NA,NA,NA,NA
"862",NA,NA,"DB","16139","robust",NA,NA,NA,NA,NA,NA,NA,NA,NA,NA,NA,NA,NA,NA,NA,NA,NA,NA,NA,NA,NA,NA,NA,NA,NA,NA,NA,NA,NA,NA,NA,NA,NA,NA,NA,NA,NA,NA,NA,NA,NA,NA,NA,NA,NA,NA,NA,NA,NA,NA,2.6,0.29652,0,0,0,0,0.2,0,0,0,NA,NA,NA,NA
"863","Damontae Kazee","PIT","DB","13301","robust",NA,NA,NA,NA,NA,NA,NA,NA,NA,NA,NA,NA,NA,NA,NA,NA,NA,NA,NA,NA,NA,NA,NA,NA,NA,NA,NA,NA,NA,NA,NA,NA,NA,NA,NA,NA,NA,NA,NA,NA,NA,NA,NA,NA,NA,NA,NA,NA,NA,NA,2,1.03782,0,0,0.2,0,0.7,0,0,0,NA,NA,NA,NA
"864","Jaylen Watson","KC","DB","15950","robust",NA,NA,NA,NA,NA,NA,NA,NA,NA,NA,NA,NA,NA,NA,NA,NA,NA,NA,NA,NA,NA,NA,NA,NA,NA,NA,NA,NA,NA,NA,NA,NA,NA,NA,NA,NA,NA,NA,NA,NA,NA,NA,NA,NA,NA,NA,NA,NA,NA,NA,2.4,0.44478,0,0,0.2,0,0.5,0,0,0,NA,NA,NA,NA
"865","Myles Bryant","NE","DB","15177","robust",NA,NA,NA,NA,NA,NA,NA,NA,NA,NA,NA,NA,NA,NA,NA,NA,NA,NA,NA,NA,NA,NA,NA,NA,NA,NA,NA,NA,NA,NA,NA,NA,NA,NA,NA,NA,NA,NA,NA,NA,NA,NA,NA,NA,NA,NA,NA,NA,NA,NA,2.05,0.96369,0,0,0.1,0,0.2,0,0,0,NA,NA,NA,NA
"866","CJ Henderson","CAR","DB","14905","robust",NA,NA,NA,NA,NA,NA,NA,NA,NA,NA,NA,NA,NA,NA,NA,NA,NA,NA,NA,NA,NA,NA,NA,NA,NA,NA,NA,NA,NA,NA,NA,NA,NA,NA,NA,NA,NA,NA,NA,NA,NA,NA,NA,NA,NA,NA,NA,NA,NA,NA,2.4,0.44478,0,0,0.1,0,0.4,0,0,0,NA,NA,NA,NA
"867","Marcus Jones","NE","DB","15868","robust",NA,NA,NA,NA,NA,NA,NA,NA,NA,NA,NA,NA,NA,NA,NA,NA,NA,NA,NA,NA,NA,NA,NA,NA,NA,NA,NA,NA,NA,NA,NA,NA,NA,NA,NA,NA,NA,NA,NA,NA,NA,NA,NA,NA,NA,NA,NA,NA,NA,NA,2.3,0.59304,0,0,0.1,0,0.4,0,0,0,NA,NA,NA,NA
"868","Dee Delaney","TB","DB","14024","robust",NA,NA,NA,NA,NA,NA,NA,NA,NA,NA,NA,NA,NA,NA,NA,NA,NA,NA,NA,NA,NA,NA,NA,NA,NA,NA,NA,NA,NA,NA,NA,NA,NA,NA,NA,NA,NA,NA,NA,NA,NA,NA,NA,NA,NA,NA,NA,NA,NA,NA,2.35,0.51891,0,0,0,0,0.3,0,0,0,NA,NA,NA,NA
"869","Jerry Jacobs","DET","DB","15549","robust",NA,NA,NA,NA,NA,NA,NA,NA,NA,NA,NA,NA,NA,NA,NA,NA,NA,NA,NA,NA,NA,NA,NA,NA,NA,NA,NA,NA,NA,NA,NA,NA,NA,NA,NA,NA,NA,NA,NA,NA,NA,NA,NA,NA,NA,NA,NA,NA,NA,NA,2.55,0.22239,0,0,0.1,0,0.4,0,0,0,NA,NA,NA,NA
"870","Jaycee Horn","CAR","DB","15361","robust",NA,NA,NA,NA,NA,NA,NA,NA,NA,NA,NA,NA,NA,NA,NA,NA,NA,NA,NA,NA,NA,NA,NA,NA,NA,NA,NA,NA,NA,NA,NA,NA,NA,NA,NA,NA,NA,NA,NA,NA,NA,NA,NA,NA,NA,NA,NA,NA,NA,NA,2.1,0.7413,0,0,0.1,0,0.3,0,0,0,NA,NA,NA,NA
"871","Coby Bryant","SEA","DB","15872","robust",NA,NA,NA,NA,NA,NA,NA,NA,NA,NA,NA,NA,NA,NA,NA,NA,NA,NA,NA,NA,NA,NA,NA,NA,NA,NA,NA,NA,NA,NA,NA,NA,NA,NA,NA,NA,NA,NA,NA,NA,NA,NA,NA,NA,NA,NA,NA,NA,NA,NA,2.05,0.66717,0.1,0,0,0,0.2,0,0,0,NA,NA,NA,NA
"872","Benjamin St-Juste","WAS","DB","15392","robust",NA,NA,NA,NA,NA,NA,NA,NA,NA,NA,NA,NA,NA,NA,NA,NA,NA,NA,NA,NA,NA,NA,NA,NA,NA,NA,NA,NA,NA,NA,NA,NA,NA,NA,NA,NA,NA,NA,NA,NA,NA,NA,NA,NA,NA,NA,NA,NA,NA,NA,2,0.59304,0.1,0,0,0,0.4,0,0,0,NA,NA,NA,NA
"873","Tre Herndon","JAC","DB","13914","robust",NA,NA,NA,NA,NA,NA,NA,NA,NA,NA,NA,NA,NA,NA,NA,NA,NA,NA,NA,NA,NA,NA,NA,NA,NA,NA,NA,NA,NA,NA,NA,NA,NA,NA,NA,NA,NA,NA,NA,NA,NA,NA,NA,NA,NA,NA,NA,NA,NA,NA,2,0.44478,0,0,0,0,0.3,0,0,0,NA,NA,NA,NA
"874","Tre'Vius Hodges-Tomlinson","LAR","DB","16327","robust",NA,NA,NA,NA,NA,NA,NA,NA,NA,NA,NA,NA,NA,NA,NA,NA,NA,NA,NA,NA,NA,NA,NA,NA,NA,NA,NA,NA,NA,NA,NA,NA,NA,NA,NA,NA,NA,NA,NA,NA,NA,NA,NA,NA,NA,NA,NA,NA,NA,NA,1.85,0.66717,0,0,0,0,0.2,0,0,0,NA,NA,NA,NA
"875","Samuel Womack","SF","DB","15906","robust",NA,NA,NA,NA,NA,NA,NA,NA,NA,NA,NA,NA,NA,NA,NA,NA,NA,NA,NA,NA,NA,NA,NA,NA,NA,NA,NA,NA,NA,NA,NA,NA,NA,NA,NA,NA,NA,NA,NA,NA,NA,NA,NA,NA,NA,NA,NA,NA,NA,NA,1.65,0.81543,0,0,0,0,0.1,0,0,0,NA,NA,NA,NA
"876","Will Harris","DET","DB","14213","robust",NA,NA,NA,NA,NA,NA,NA,NA,NA,NA,NA,NA,NA,NA,NA,NA,NA,NA,NA,NA,NA,NA,NA,NA,NA,NA,NA,NA,NA,NA,NA,NA,NA,NA,NA,NA,NA,NA,NA,NA,NA,NA,NA,NA,NA,NA,NA,NA,NA,NA,1.9,0.44478,0,0,0,0,0.1,0,0,0,NA,NA,NA,NA
"877","Amik Robertson","LVR","DB","14957","robust",NA,NA,NA,NA,NA,NA,NA,NA,NA,NA,NA,NA,NA,NA,NA,NA,NA,NA,NA,NA,NA,NA,NA,NA,NA,NA,NA,NA,NA,NA,NA,NA,NA,NA,NA,NA,NA,NA,NA,NA,NA,NA,NA,NA,NA,NA,NA,NA,NA,NA,1.8,0.44478,0.1,0,0.2,0,0.7,0,0.1,0,NA,NA,NA,NA
"878","Darnay Holmes","NYG","DB","14944","robust",NA,NA,NA,NA,NA,NA,NA,NA,NA,NA,NA,NA,NA,NA,NA,NA,NA,NA,NA,NA,NA,NA,NA,NA,NA,NA,NA,NA,NA,NA,NA,NA,NA,NA,NA,NA,NA,NA,NA,NA,NA,NA,NA,NA,NA,NA,NA,NA,NA,NA,1.8,0.44478,0,0,0,0,0.5,0,0,0,NA,NA,NA,NA
"879","Eric Murray","HOU","DB","12772","robust",NA,NA,NA,NA,NA,NA,NA,NA,NA,NA,NA,NA,NA,NA,NA,NA,NA,NA,NA,NA,NA,NA,NA,NA,NA,NA,NA,NA,NA,NA,NA,NA,NA,NA,NA,NA,NA,NA,NA,NA,NA,NA,NA,NA,NA,NA,NA,NA,NA,NA,1.45,0.96369,0,0,0,0,0.1,0,0,0,NA,NA,NA,NA
"880","Ahkello Witherspoon","LAR","DB","13266","robust",NA,NA,NA,NA,NA,NA,NA,NA,NA,NA,NA,NA,NA,NA,NA,NA,NA,NA,NA,NA,NA,NA,NA,NA,NA,NA,NA,NA,NA,NA,NA,NA,NA,NA,NA,NA,NA,NA,NA,NA,NA,NA,NA,NA,NA,NA,NA,NA,NA,NA,1.75,0.51891,0,0,0,0,0.1,0,0,0,NA,NA,NA,NA
"881","Geno Stone","BAL","DB","15003","robust",NA,NA,NA,NA,NA,NA,NA,NA,NA,NA,NA,NA,NA,NA,NA,NA,NA,NA,NA,NA,NA,NA,NA,NA,NA,NA,NA,NA,NA,NA,NA,NA,NA,NA,NA,NA,NA,NA,NA,NA,NA,NA,NA,NA,NA,NA,NA,NA,NA,NA,1.85,0.37065,0,0,0,0,0.1,0,0,0,NA,NA,NA,NA
"882","Levi Wallace","PIT","DB","13711","robust",NA,NA,NA,NA,NA,NA,NA,NA,NA,NA,NA,NA,NA,NA,NA,NA,NA,NA,NA,NA,NA,NA,NA,NA,NA,NA,NA,NA,NA,NA,NA,NA,NA,NA,NA,NA,NA,NA,NA,NA,NA,NA,NA,NA,NA,NA,NA,NA,NA,NA,1.6,0.59304,0,0,0.2,0,0.6,0,0,0,NA,NA,NA,NA
"883","Nick McCloud","NYG","DB","15614","robust",NA,NA,NA,NA,NA,NA,NA,NA,NA,NA,NA,NA,NA,NA,NA,NA,NA,NA,NA,NA,NA,NA,NA,NA,NA,NA,NA,NA,NA,NA,NA,NA,NA,NA,NA,NA,NA,NA,NA,NA,NA,NA,NA,NA,NA,NA,NA,NA,NA,NA,1.55,0.66717,0.1,0,0,0,0.4,0,0,0,NA,NA,NA,NA
"884","Kaiir Elam","BUF","DB","15847","robust",NA,NA,NA,NA,NA,NA,NA,NA,NA,NA,NA,NA,NA,NA,NA,NA,NA,NA,NA,NA,NA,NA,NA,NA,NA,NA,NA,NA,NA,NA,NA,NA,NA,NA,NA,NA,NA,NA,NA,NA,NA,NA,NA,NA,NA,NA,NA,NA,NA,NA,1.65,0.51891,0,0,0.1,0,0.3,0,0,0,NA,NA,NA,NA
"885","Jaylon Jones","CHI","DB","16026","robust",NA,NA,NA,NA,NA,NA,NA,NA,NA,NA,NA,NA,NA,NA,NA,NA,NA,NA,NA,NA,NA,NA,NA,NA,NA,NA,NA,NA,NA,NA,NA,NA,NA,NA,NA,NA,NA,NA,NA,NA,NA,NA,NA,NA,NA,NA,NA,NA,NA,NA,1.6,0.59304,0,0,0,0,0.2,0,0,0,NA,NA,NA,NA
"886","Christian Benford","BUF","DB","15913","robust",NA,NA,NA,NA,NA,NA,NA,NA,NA,NA,NA,NA,NA,NA,NA,NA,NA,NA,NA,NA,NA,NA,NA,NA,NA,NA,NA,NA,NA,NA,NA,NA,NA,NA,NA,NA,NA,NA,NA,NA,NA,NA,NA,NA,NA,NA,NA,NA,NA,NA,1.6,0.59304,0,0,0,0,0.2,0,0,0,NA,NA,NA,NA
"887","Joshua Williams","KC","DB","15885","robust",NA,NA,NA,NA,NA,NA,NA,NA,NA,NA,NA,NA,NA,NA,NA,NA,NA,NA,NA,NA,NA,NA,NA,NA,NA,NA,NA,NA,NA,NA,NA,NA,NA,NA,NA,NA,NA,NA,NA,NA,NA,NA,NA,NA,NA,NA,NA,NA,NA,NA,1.5,0.59304,0,0,0.1,0,0.6,0,0,0,NA,NA,NA,NA
"888","Avonte Maddox","PHI","DB","13767","robust",NA,NA,NA,NA,NA,NA,NA,NA,NA,NA,NA,NA,NA,NA,NA,NA,NA,NA,NA,NA,NA,NA,NA,NA,NA,NA,NA,NA,NA,NA,NA,NA,NA,NA,NA,NA,NA,NA,NA,NA,NA,NA,NA,NA,NA,NA,NA,NA,NA,NA,1.4,0.7413,0.1,0,0.1,0,0.2,0,0,0,NA,NA,NA,NA
"889","Jaylinn Hawkins","ATL","DB","14954","robust",NA,NA,NA,NA,NA,NA,NA,NA,NA,NA,NA,NA,NA,NA,NA,NA,NA,NA,NA,NA,NA,NA,NA,NA,NA,NA,NA,NA,NA,NA,NA,NA,NA,NA,NA,NA,NA,NA,NA,NA,NA,NA,NA,NA,NA,NA,NA,NA,NA,NA,0.85,1.40847,0,0,0.1,0,0.3,0,0,0,NA,NA,NA,NA
"890","Danny Johnson","WAS","DB","13918","robust",NA,NA,NA,NA,NA,NA,NA,NA,NA,NA,NA,NA,NA,NA,NA,NA,NA,NA,NA,NA,NA,NA,NA,NA,NA,NA,NA,NA,NA,NA,NA,NA,NA,NA,NA,NA,NA,NA,NA,NA,NA,NA,NA,NA,NA,NA,NA,NA,NA,NA,1.25,0.81543,0.1,0,0.1,0,0.6,0,0,0,NA,NA,NA,NA
"891","Isaiah Oliver","SF","DB","13709","robust",NA,NA,NA,NA,NA,NA,NA,NA,NA,NA,NA,NA,NA,NA,NA,NA,NA,NA,NA,NA,NA,NA,NA,NA,NA,NA,NA,NA,NA,NA,NA,NA,NA,NA,NA,NA,NA,NA,NA,NA,NA,NA,NA,NA,NA,NA,NA,NA,NA,NA,1.45,0.37065,0,0,0,0,0.3,0,0,0,NA,NA,NA,NA
"892","Dallis Flowers","IND","DB","16064","robust",NA,NA,NA,NA,NA,NA,NA,NA,NA,NA,NA,NA,NA,NA,NA,NA,NA,NA,NA,NA,NA,NA,NA,NA,NA,NA,NA,NA,NA,NA,NA,NA,NA,NA,NA,NA,NA,NA,NA,NA,NA,NA,NA,NA,NA,NA,NA,NA,NA,NA,1.4,0.44478,0,0,0,0,0.1,0,0,0,NA,NA,NA,NA
"893","Christian Matthew","ARI","DB","15951","robust",NA,NA,NA,NA,NA,NA,NA,NA,NA,NA,NA,NA,NA,NA,NA,NA,NA,NA,NA,NA,NA,NA,NA,NA,NA,NA,NA,NA,NA,NA,NA,NA,NA,NA,NA,NA,NA,NA,NA,NA,NA,NA,NA,NA,NA,NA,NA,NA,NA,NA,1.35,0.51891,0,0,0,0,0.2,0,0,0,NA,NA,NA,NA
"894","Zyon McCollum","TB","DB","15895","robust",NA,NA,NA,NA,NA,NA,NA,NA,NA,NA,NA,NA,NA,NA,NA,NA,NA,NA,NA,NA,NA,NA,NA,NA,NA,NA,NA,NA,NA,NA,NA,NA,NA,NA,NA,NA,NA,NA,NA,NA,NA,NA,NA,NA,NA,NA,NA,NA,NA,NA,1.35,0.37065,0,0,0.1,0,0.2,0,0,0,NA,NA,NA,NA
"895","Ashtyn Davis","NYJ","DB","14911","robust",NA,NA,NA,NA,NA,NA,NA,NA,NA,NA,NA,NA,NA,NA,NA,NA,NA,NA,NA,NA,NA,NA,NA,NA,NA,NA,NA,NA,NA,NA,NA,NA,NA,NA,NA,NA,NA,NA,NA,NA,NA,NA,NA,NA,NA,NA,NA,NA,NA,NA,1.05,0.66717,0,0,0.1,0,0.3,0,0,0,NA,NA,NA,NA
"896","Cordale Flott","NYG","DB","15866","robust",NA,NA,NA,NA,NA,NA,NA,NA,NA,NA,NA,NA,NA,NA,NA,NA,NA,NA,NA,NA,NA,NA,NA,NA,NA,NA,NA,NA,NA,NA,NA,NA,NA,NA,NA,NA,NA,NA,NA,NA,NA,NA,NA,NA,NA,NA,NA,NA,NA,NA,1.1,0.59304,0,0,0,0,0.4,0,0,0,"D","Hamstring",2023,1
"897","Kelee Ringo","PHI","DB","16242","robust",NA,NA,NA,NA,NA,NA,NA,NA,NA,NA,NA,NA,NA,NA,NA,NA,NA,NA,NA,NA,NA,NA,NA,NA,NA,NA,NA,NA,NA,NA,NA,NA,NA,NA,NA,NA,NA,NA,NA,NA,NA,NA,NA,NA,NA,NA,NA,NA,NA,NA,1.2,0.44478,0,0,0,0,0.1,0,0,0,NA,NA,NA,NA
"898","David Long","LVR","DB","14211","robust",NA,NA,NA,NA,NA,NA,NA,NA,NA,NA,NA,NA,NA,NA,NA,NA,NA,NA,NA,NA,NA,NA,NA,NA,NA,NA,NA,NA,NA,NA,NA,NA,NA,NA,NA,NA,NA,NA,NA,NA,NA,NA,NA,NA,NA,NA,NA,NA,NA,NA,1.15,0.51891,0,0,0,0,0.1,0,0,0,NA,NA,NA,NA
"899","Josh Jobe","PHI","DB","15989","robust",NA,NA,NA,NA,NA,NA,NA,NA,NA,NA,NA,NA,NA,NA,NA,NA,NA,NA,NA,NA,NA,NA,NA,NA,NA,NA,NA,NA,NA,NA,NA,NA,NA,NA,NA,NA,NA,NA,NA,NA,NA,NA,NA,NA,NA,NA,NA,NA,NA,NA,1.15,0.51891,0,0,0,0,0.2,0,0,0,NA,NA,NA,NA
"900","Eli Apple","FA","DB","12715","robust",NA,NA,NA,NA,NA,NA,NA,NA,NA,NA,NA,NA,NA,NA,NA,NA,NA,NA,NA,NA,NA,NA,NA,NA,NA,NA,NA,NA,NA,NA,NA,NA,NA,NA,NA,NA,NA,NA,NA,NA,NA,NA,NA,NA,NA,NA,NA,NA,NA,NA,1.05,0.51891,0,0,0,0,0.3,0,0,0,NA,NA,NA,NA
"901","Nik Needham","MIA","DB","14722","robust",NA,NA,NA,NA,NA,NA,NA,NA,NA,NA,NA,NA,NA,NA,NA,NA,NA,NA,NA,NA,NA,NA,NA,NA,NA,NA,NA,NA,NA,NA,NA,NA,NA,NA,NA,NA,NA,NA,NA,NA,NA,NA,NA,NA,NA,NA,NA,NA,NA,NA,1.1,0.44478,0,0,0.1,0,0.2,0,0,0,NA,"Achilles",2023,1
"902","Jourdan Lewis","DAL","DB","13227","robust",NA,NA,NA,NA,NA,NA,NA,NA,NA,NA,NA,NA,NA,NA,NA,NA,NA,NA,NA,NA,NA,NA,NA,NA,NA,NA,NA,NA,NA,NA,NA,NA,NA,NA,NA,NA,NA,NA,NA,NA,NA,NA,NA,NA,NA,NA,NA,NA,NA,NA,1.05,0.37065,0,0,0.1,0,0.3,0,0,0,NA,NA,NA,NA
"903","Trayvon Mullen","BAL","DB","14181","robust",NA,NA,NA,NA,NA,NA,NA,NA,NA,NA,NA,NA,NA,NA,NA,NA,NA,NA,NA,NA,NA,NA,NA,NA,NA,NA,NA,NA,NA,NA,NA,NA,NA,NA,NA,NA,NA,NA,NA,NA,NA,NA,NA,NA,NA,NA,NA,NA,NA,NA,0.95,0.22239,0,0,0,0,0.2,0,0,0,NA,"Toe",2023,1
"904","Cameron Mitchell","CLE","DB","16309","robust",NA,NA,NA,NA,NA,NA,NA,NA,NA,NA,NA,NA,NA,NA,NA,NA,NA,NA,NA,NA,NA,NA,NA,NA,NA,NA,NA,NA,NA,NA,NA,NA,NA,NA,NA,NA,NA,NA,NA,NA,NA,NA,NA,NA,NA,NA,NA,NA,NA,NA,0.9,0.29652,0,0,0,0,0.1,0,0,0,NA,NA,NA,NA
"905","Dee Alford","ATL","DB","16012","robust",NA,NA,NA,NA,NA,NA,NA,NA,NA,NA,NA,NA,NA,NA,NA,NA,NA,NA,NA,NA,NA,NA,NA,NA,NA,NA,NA,NA,NA,NA,NA,NA,NA,NA,NA,NA,NA,NA,NA,NA,NA,NA,NA,NA,NA,NA,NA,NA,NA,NA,0.8,0.29652,0,0,0,0,0.4,0,0,0,NA,NA,NA,NA
"906","Christopher Smith","LVR","DB","16321","robust",NA,NA,NA,NA,NA,NA,NA,NA,NA,NA,NA,NA,NA,NA,NA,NA,NA,NA,NA,NA,NA,NA,NA,NA,NA,NA,NA,NA,NA,NA,NA,NA,NA,NA,NA,NA,NA,NA,NA,NA,NA,NA,NA,NA,NA,NA,NA,NA,NA,NA,0.65,0.51891,0,0,0,0,0.1,0,0,0,NA,NA,NA,NA
"907","Kelvin Joseph","MIA","DB","15383","robust",NA,NA,NA,NA,NA,NA,NA,NA,NA,NA,NA,NA,NA,NA,NA,NA,NA,NA,NA,NA,NA,NA,NA,NA,NA,NA,NA,NA,NA,NA,NA,NA,NA,NA,NA,NA,NA,NA,NA,NA,NA,NA,NA,NA,NA,NA,NA,NA,NA,NA,0.8,0.29652,0,0,0,0,0.2,0,0,0,NA,NA,NA,NA
"908","Essang Bassey","DEN","DB","15079","robust",NA,NA,NA,NA,NA,NA,NA,NA,NA,NA,NA,NA,NA,NA,NA,NA,NA,NA,NA,NA,NA,NA,NA,NA,NA,NA,NA,NA,NA,NA,NA,NA,NA,NA,NA,NA,NA,NA,NA,NA,NA,NA,NA,NA,NA,NA,NA,NA,NA,NA,0.9,0.14826,0,0,0,0,0.1,0,0,0,NA,NA,NA,NA
"909","Montaric Brown","JAC","DB","15933","robust",NA,NA,NA,NA,NA,NA,NA,NA,NA,NA,NA,NA,NA,NA,NA,NA,NA,NA,NA,NA,NA,NA,NA,NA,NA,NA,NA,NA,NA,NA,NA,NA,NA,NA,NA,NA,NA,NA,NA,NA,NA,NA,NA,NA,NA,NA,NA,NA,NA,NA,0.95,0.07413,0,0,0,0,0,0,0,0,NA,NA,NA,NA
"910","George Odum","SF","DB","13939","robust",NA,NA,NA,NA,NA,NA,NA,NA,NA,NA,NA,NA,NA,NA,NA,NA,NA,NA,NA,NA,NA,NA,NA,NA,NA,NA,NA,NA,NA,NA,NA,NA,NA,NA,NA,NA,NA,NA,NA,NA,NA,NA,NA,NA,NA,NA,NA,NA,NA,NA,0.8,0.14826,0,0,0.1,0,0.1,0,0,0,NA,NA,NA,NA
"911","Tre Brown","SEA","DB","15423","robust",NA,NA,NA,NA,NA,NA,NA,NA,NA,NA,NA,NA,NA,NA,NA,NA,NA,NA,NA,NA,NA,NA,NA,NA,NA,NA,NA,NA,NA,NA,NA,NA,NA,NA,NA,NA,NA,NA,NA,NA,NA,NA,NA,NA,NA,NA,NA,NA,NA,NA,0.8,0.14826,0,0,0,0,0.2,0,0,0,NA,NA,NA,NA
"912","Nick Cross","IND","DB","15839","robust",NA,NA,NA,NA,NA,NA,NA,NA,NA,NA,NA,NA,NA,NA,NA,NA,NA,NA,NA,NA,NA,NA,NA,NA,NA,NA,NA,NA,NA,NA,NA,NA,NA,NA,NA,NA,NA,NA,NA,NA,NA,NA,NA,NA,NA,NA,NA,NA,NA,NA,0.85,0.07413,0,0,0,0,0,0,0,0,NA,NA,NA,NA
"913","Quentin Lake","LAR","DB","15923","robust",NA,NA,NA,NA,NA,NA,NA,NA,NA,NA,NA,NA,NA,NA,NA,NA,NA,NA,NA,NA,NA,NA,NA,NA,NA,NA,NA,NA,NA,NA,NA,NA,NA,NA,NA,NA,NA,NA,NA,NA,NA,NA,NA,NA,NA,NA,NA,NA,NA,NA,0.7,0.14826,0,0,0,0,0.1,0,0,0,NA,NA,NA,NA
"914","Lewis Cine","MIN","DB","15837","robust",NA,NA,NA,NA,NA,NA,NA,NA,NA,NA,NA,NA,NA,NA,NA,NA,NA,NA,NA,NA,NA,NA,NA,NA,NA,NA,NA,NA,NA,NA,NA,NA,NA,NA,NA,NA,NA,NA,NA,NA,NA,NA,NA,NA,NA,NA,NA,NA,NA,NA,0.15,0.07413,0,0,0,0,0.1,0,0,0,NA,NA,NA,NA
"915","Sydney Brown","PHI","DB","16271","robust",NA,NA,NA,NA,NA,NA,NA,NA,NA,NA,NA,NA,NA,NA,NA,NA,NA,NA,NA,NA,NA,NA,NA,NA,NA,NA,NA,NA,NA,NA,NA,NA,NA,NA,NA,NA,NA,NA,NA,NA,NA,NA,NA,NA,NA,NA,NA,NA,NA,NA,-0.05,0.22239,0,0,0,0,0.1,0,0,0,NA,NA,NA,NA
