"","player","team","position","id","avg_type","pass_att","pass_att_sd","pass_comp","pass_comp_sd","pass_yds","pass_yds_sd","pass_tds","pass_tds_sd","pass_int","pass_int_sd","rush_att","rush_att_sd","rush_yds","rush_yds_sd","rush_tds","rush_tds_sd","fumbles_lost","fumbles_lost_sd","two_pts","two_pts_sd","return_tds","return_tds_sd","rec","rec_sd","rec_yds","rec_yds_sd","rec_tds","rec_tds_sd","dst_int","dst_int_sd","dst_sacks","dst_sacks_sd","dst_safety","dst_safety_sd","dst_td","dst_td_sd","dst_blk","dst_blk_sd","fg_0019","fg_0019_sd","fg_2029","fg_2029_sd","fg_3039","fg_3039_sd","fg_4049","fg_4049_sd","fg_50","fg_50_sd","xp","xp_sd","injury_status","injury_details","week","season_year"
"1","Aaron Rodgers","GB","QB","2506363","robust",36,1.4826,23.3391186221105,1.2549830765642,289.9,13.506486,2.04,0.0889560000000001,0.367542056330215,0.0962442945696476,1.9,0.29652,7.345,0.889559999999999,0.1,0.014826,0.08,0.014826,0,NA,0,NA,NA,NA,NA,NA,NA,NA,NA,NA,NA,NA,NA,NA,NA,NA,NA,NA,NA,NA,NA,NA,NA,NA,NA,NA,NA,NA,NA,NA,NA,NA,NA,NA
"2","Tom Brady","TB","QB","2504211","robust",40.05,1.03782,26.225,1.03782,302.4,18.8290200000001,2.39,0.385476,0.7,0.0711760868356552,1.67875,0.29652,2.865,0.118608,0.095,0.014826,0.08625,0.0111195,0,NA,0,NA,NA,NA,NA,NA,NA,NA,NA,NA,NA,NA,NA,NA,NA,NA,NA,NA,NA,NA,NA,NA,NA,NA,NA,NA,NA,NA,NA,NA,NA,NA,NA,NA
"3","Justin Herbert","LAC","QB","2565045","robust",39.825,2.77903045273714,26.2,1.63086,299.1,11.71254,2,0,0.941560330784166,0.133434,4.2675,0.29652,23.175,1.77912,0.2,0,0.07,0.029652,0.17,0,0,NA,NA,NA,NA,NA,NA,NA,NA,NA,NA,NA,NA,NA,NA,NA,NA,NA,NA,NA,NA,NA,NA,NA,NA,NA,NA,NA,NA,NA,NA,NA,NA,NA
"4","Matthew Stafford","LAR","QB","79860","robust",35.6125,0.7413,23.9,1.33434,289.5725,6.37518000000002,2,0.118608,0.628159459320188,0.14826,1.5,0.14826,3.6,0.741299999999999,0.015,0,0.095,0.014826,0.13,0,0,NA,NA,NA,NA,NA,NA,NA,NA,NA,NA,NA,NA,NA,NA,NA,NA,NA,NA,NA,NA,NA,NA,NA,NA,NA,NA,NA,NA,NA,NA,NA,NA,NA
"5","Kyler Murray","ARI","QB","2562382","robust",32.15,0.296520000000004,22.1,1.63086,267.65,16.189992,1.935,0.133434,0.595993812829097,0.0889559999999999,7.615,0.558470546798187,33.1525,1.77912,0.345,0.14826,0.14,0.059304,0,NA,0,NA,NA,NA,NA,NA,NA,NA,NA,NA,NA,NA,NA,NA,NA,NA,NA,NA,NA,NA,NA,NA,NA,NA,NA,NA,NA,NA,NA,NA,NA,NA,NA,NA
"6","Dak Prescott","DAL","QB","2555260","robust",38.45,1.63086,25.65,0.7413,288.8,8.8956,1.95,0.14826,0.729971505668292,0.14826,3.1,0.29652,10.96,1.03782,0.1,0.014826,0.2125,0.0185325,0.26,0,0,NA,NA,NA,NA,NA,NA,NA,NA,NA,NA,NA,NA,NA,NA,NA,NA,NA,NA,NA,NA,NA,NA,NA,NA,NA,NA,NA,NA,NA,NA,NA,NA,NA
"7","Patrick Mahomes","KC","QB","2558125","robust",37.1047978788665,0.7413,24.3875,0.148260000000002,273.3225,3.55823999999997,2,0,0.6,0.0671388669173889,3.9,0,19.53,1.097124,0.2,0,0.1825,0.051891,0.09,0,0,NA,NA,NA,NA,NA,NA,NA,NA,NA,NA,NA,NA,NA,NA,NA,NA,NA,NA,NA,NA,NA,NA,NA,NA,NA,NA,NA,NA,NA,NA,NA,NA,NA
"8","Josh Allen","BUF","QB","2560955","robust",34.6960365871649,1.22441062347727,22.6312012761961,0.797041975823463,246.945,8.8956,1.99,0.14826,0.9,0.150522153124486,7.3,0.44478,40.125,2.07564,0.38,0.14826,0.29125,0.0259455,0.03,0,0,NA,NA,NA,NA,NA,NA,NA,NA,NA,NA,NA,NA,NA,NA,NA,NA,NA,NA,NA,NA,NA,NA,NA,NA,NA,NA,NA,NA,NA,NA,NA,NA,NA
"9","Kirk Cousins","MIN","QB","2532820","robust",34.675,0.530461485664571,23.1413361647397,0.419089995686169,270.8775,5.88592200000004,2,0,0.724889528352083,0.14826,2.19,0.548562,6.23,1.63086,0.09,0.014826,0.18,0.059304,0.16,0,0,NA,NA,NA,NA,NA,NA,NA,NA,NA,NA,NA,NA,NA,NA,NA,NA,NA,NA,NA,NA,NA,NA,NA,NA,NA,NA,NA,NA,NA,NA,NA,NA,NA
"10","Derek Carr","LVR","QB","2543499","robust",34.9506635929439,0.889559999999991,23.5304998454664,0.993342000000003,269,3.09863400000005,1.6875,0.29652,0.826557287765102,0.0833653393621619,2.1925,0.0148260000000003,7.7,0.889559999999999,0.085,0.029652,0.24,0.059304,0.03,0,0,NA,NA,NA,NA,NA,NA,NA,NA,NA,NA,NA,NA,NA,NA,NA,NA,NA,NA,NA,NA,NA,NA,NA,NA,NA,NA,NA,NA,NA,NA,NA,NA,NA
"11","Matt Ryan","ATL","QB","310","robust",35.4025,0.429953999999999,23.9295762708066,0.726473999999998,246.8275,10.15581,1.3,0.14826,0.898286408460341,0.14826,1.84458333333333,0.726474,4.3,1.03782,0.0825,0,0.18375,0.0481845,0.11,0,0,NA,NA,NA,NA,NA,NA,NA,NA,NA,NA,NA,NA,NA,NA,NA,NA,NA,NA,NA,NA,NA,NA,NA,NA,NA,NA,NA,NA,NA,NA,NA,NA,NA
"12","Jimmy Garoppolo","SF","QB","2543801","robust",31.7725,0.148260000000002,21.38,0.382270499376282,254.8,4.07715,1.8775,0.14826,0.649789612136244,0.14826,1.89041666666667,0.281694,4.7,2.2239,0.1,0.014826,0.1875,0.037065,0.09,0,0,NA,NA,NA,NA,NA,NA,NA,NA,NA,NA,NA,NA,NA,NA,NA,NA,NA,NA,NA,NA,NA,NA,NA,NA,NA,NA,NA,NA,NA,NA,NA,NA,NA
"13","Ben Roethlisberger","PIT","QB","2506109","robust",37.3406207763707,1.63086,24.0907641315169,1.304688,258.2,10.08168,1.84,0.118608,0.8,0.0281907287790338,1.09333333333333,0.29652,1.875,0.14826,0,0,0.19375,0.0185325,0.22,0,0,NA,NA,NA,NA,NA,NA,NA,NA,NA,NA,NA,NA,NA,NA,NA,NA,NA,NA,NA,NA,NA,NA,NA,NA,NA,NA,NA,NA,NA,NA,NA,NA,NA
"14","Tua Tagovailoa","MIA","QB","2564499","robust",36.007864049866,1.564143,24.9,1.03782,259.85,6.6717,1.8,0.022239,0.592390237860844,0.103782,3.05,0.648836076413288,10.275,3.372915,0.2,0.029652,0.0875,0.0185325,0.1,0,0,NA,NA,NA,NA,NA,NA,NA,NA,NA,NA,NA,NA,NA,NA,NA,NA,NA,NA,NA,NA,NA,NA,NA,NA,NA,NA,NA,NA,NA,NA,NA,NA,NA
"15","Joe Burrow","CIN","QB","2563722","robust",32.3,1.17125400000001,20.6794093174869,0.982018983575805,256,5.9304,1.6,0.237216,1.03,0.0889560000000001,2.0975,0.200577777222281,7.9,1.4826,0.1,0.014826,0.105,0.014826,0.06,0,0,NA,NA,NA,NA,NA,NA,NA,NA,NA,NA,NA,NA,NA,NA,NA,NA,NA,NA,NA,NA,NA,NA,NA,NA,NA,NA,NA,NA,NA,NA,NA,NA,NA
"16","Russell Wilson","SEA","QB","2532975","robust",31.25,1.45844292918982,20.95,0.908244005030741,236.8,16.38273,1.595,0.281694,0.7,0.148315138529309,3.1,0.748713,16.355,3.491523,0.095,0.00741300000000001,0.0925,0.0111195,0.06,0,0,NA,NA,NA,NA,NA,NA,NA,NA,NA,NA,NA,NA,NA,NA,NA,NA,NA,NA,NA,NA,NA,NA,NA,NA,NA,NA,NA,NA,NA,NA,NA,NA,NA
"17","Nick Mullens","CLE","QB","2558979","robust",30.075,1.593795,18.9,1.690164,217,25.64898,1.2,0.29652,0.8,0.109485813042944,1.7,0.7413,4.245,5.270643,0.025,0,0.1625,0.118608,0.11,0,0,NA,NA,NA,NA,NA,NA,NA,NA,NA,NA,NA,NA,NA,NA,NA,NA,NA,NA,NA,NA,NA,NA,NA,NA,NA,NA,NA,NA,NA,NA,NA,NA,NA
"18","Trevor Lawrence","JAC","QB","2566163","robust",33.5,2.87555898862743,21,0.444780000000001,223.445,12.439014,1.075,0.274281,1.06379269238384,0.242839045728287,3.75,0.513768039057527,18.75,0.644931000000003,0.165,0.022239,0.195,0.00741300000000001,0.11,0,0,NA,NA,NA,NA,NA,NA,NA,NA,NA,NA,NA,NA,NA,NA,NA,NA,NA,NA,NA,NA,NA,NA,NA,NA,NA,NA,NA,NA,NA,NA,NA,NA,NA
"19","Davis Mills","HOU","QB","2566136","robust",32.75,0.476592071915922,21.6776444362515,0.266868000000002,231,6.049008,1.1,0.126021,0.875352474335433,0.140847,2.3,0.555975000000001,8.15,3.906651,0.045,0.051891,0.095,0.00741300000000001,0.1,0,0,NA,NA,NA,NA,NA,NA,NA,NA,NA,NA,NA,NA,NA,NA,NA,NA,NA,NA,NA,NA,NA,NA,NA,NA,NA,NA,NA,NA,NA,NA,NA,NA,NA
"20","Mac Jones","NE","QB","2566334","robust",30.925,1.667925,21.3368941432305,0.815429999999998,230.77,9.614661,1.25,0.140847,0.624344442254619,0.170499,2.79307248285322,1.067472,9,4.358844,0.075,0.051891,0.09875,0.00185325,0.11,0,0,NA,NA,NA,NA,NA,NA,NA,NA,NA,NA,NA,NA,NA,NA,NA,NA,NA,NA,NA,NA,NA,NA,NA,NA,NA,NA,NA,NA,NA,NA,NA,NA,NA
"21","Carson Wentz","IND","QB","2555259","robust",32.7353869112708,1.03782,20.1490864224999,0.7413,224.0675,9.78515999999999,1.45,0.0889560000000001,0.827275588079347,0.0882905737728784,3.35,0.14826,13.775,1.03782,0.1,0.014826,0.2225,0.0333585,0.22,0,0,NA,NA,NA,NA,NA,NA,NA,NA,NA,NA,NA,NA,NA,NA,NA,NA,NA,NA,NA,NA,NA,NA,NA,NA,NA,NA,NA,NA,NA,NA,NA,NA,NA
"22","Tyler Huntley","BAL","QB","2563560","robust",29.361073794666,4.699842,19,3.150525,215,26.642322,1.05,0.0741300000000001,1.4,0.335183464145974,6.805,0.748713,34.315,1.949619,0.1,0.133434,0.28375,0.02409225,0.08,0,0,NA,NA,NA,NA,NA,NA,NA,NA,NA,NA,NA,NA,NA,NA,NA,NA,NA,NA,NA,NA,NA,NA,NA,NA,NA,NA,NA,NA,NA,NA,NA,NA,NA
"23","Teddy Bridgewater","DEN","QB","2543465","robust",32.8225,0.296519999999994,21.7282374973941,0.148260000000002,237.02,3.469284,1.325,0.14826,0.801656701895387,0.044478,2.1925,0.252042,8.8,1.156428,0.1,0.014826,0.095,0.014826,0.09,0,0,NA,NA,NA,NA,NA,NA,NA,NA,NA,NA,NA,NA,NA,NA,NA,NA,NA,NA,NA,NA,NA,NA,NA,NA,NA,NA,NA,NA,NA,NA,NA,NA,NA
"24","Justin Fields","CHI","QB","2565920","robust",30.43,1.18608,18.39,0.7413,210.85,15.085455,1.14,0.185325,1.06405951213222,0.094974632687228,7.8,0.333585,40.26,6.516027,0.195,0.081543,0.29625,0.00555975000000005,0.06,0,0,NA,NA,NA,NA,NA,NA,NA,NA,NA,NA,NA,NA,NA,NA,NA,NA,NA,NA,NA,NA,NA,NA,NA,NA,NA,NA,NA,NA,NA,NA,NA,NA,NA
"25","Ryan Tannehill","TEN","QB","2532956","robust",30.5076942326351,1.33434,19.8018152936187,1.052646,225.025,2.75763600000002,1.2775,0.29652,0.75,0.147069745716361,3.5,0.44478,17.15,0.889560000000002,0.2,0.044478,0.1325,0.0481845,0.13,0,0,NA,NA,NA,NA,NA,NA,NA,NA,NA,NA,NA,NA,NA,NA,NA,NA,NA,NA,NA,NA,NA,NA,NA,NA,NA,NA,NA,NA,NA,NA,NA,NA,NA
"26","Taysom Hill","NO","QB","2558954","robust",28.865,1.77912,18.1931064528619,1.04804037298693,197.775,22.602237,1.1,0.14826,1,0.0653355588915719,8.8,0.96369,48.605,7.413,0.55,0.14826,0.16,0.044478,0.02,0,0,NA,NA,NA,NA,NA,NA,NA,NA,NA,NA,NA,NA,NA,NA,NA,NA,NA,NA,NA,NA,NA,NA,NA,NA,NA,NA,NA,NA,NA,NA,NA,NA,NA
"27","Mike Glennon","NYG","QB","2539275","robust",31.4,2.66868,18.6447890786583,1.40074428801883,207.95,13.313748,1,0.07413,1.05442879629597,0.059304,1.40120688083566,0.480055678473054,6.2,3.639783,0.075,0.029652,0.27,0.14826,0.04,0,0,NA,NA,NA,NA,NA,NA,NA,NA,NA,NA,NA,NA,NA,NA,NA,NA,NA,NA,NA,NA,NA,NA,NA,NA,NA,NA,NA,NA,NA,NA,NA,NA,NA
"28","Zach Wilson","NYJ","QB","2566391","robust",32.557638485303,1.104537,19.1468547132072,1.052646,216.555,7.71693300000002,1.01,0.0815430000000001,1.51,0.51891,2.39118940370821,0.44478,9.7,1.63086,0.105,0.022239,0.06,0.044478,0.13,0,0,NA,NA,NA,NA,NA,NA,NA,NA,NA,NA,NA,NA,NA,NA,NA,NA,NA,NA,NA,NA,NA,NA,NA,NA,NA,NA,NA,NA,NA,NA,NA,NA,NA
"29","Garrett Gilbert","WAS","QB","2549982","robust",31.1634531209764,0.58845319431933,20.3069563478865,0.205951962752994,216.0825,5.278056,1.0225,0.014826,0.858900044651176,0.00326158760033444,3.39982352926879,0.266868,15.2475,0.756126,0.1275,0.029652,0.08,0.029652,0.08,0,0,NA,NA,NA,NA,NA,NA,NA,NA,NA,NA,NA,NA,NA,NA,NA,NA,NA,NA,NA,NA,NA,NA,NA,NA,NA,NA,NA,NA,NA,NA,NA,NA,NA
"30","Jared Goff","DET","QB","2555334","robust",33.45,0.655661403086715,21.755,1.30678861646842,214.205,0.830256000000003,1.125,0.133434,0.8,0.0885937670293521,1.25,0.2134944,5.12,1.163841,0.06,0.051891,0.2975,0.0778365,0.19,0,0,NA,NA,NA,NA,NA,NA,NA,NA,NA,NA,NA,NA,NA,NA,NA,NA,NA,NA,NA,NA,NA,NA,NA,NA,NA,NA,NA,NA,NA,NA,NA,NA,NA
"31","Cam Newton","CAR","QB","2495455","robust",24.7,2.09340396487128,15.5575915982764,1.77912,164.955,23.7216,0.745,0.192738,0.9,0.14826,7.55,1.549317,35.8,7.539021,0.33,0.155673,0.1575,0.051891,0.09,0,0,NA,NA,NA,NA,NA,NA,NA,NA,NA,NA,NA,NA,NA,NA,NA,NA,NA,NA,NA,NA,NA,NA,NA,NA,NA,NA,NA,NA,NA,NA,NA,NA,NA
"32","Jalen Hurts","PHI","QB","2564832","robust",26.75,2.37216,16.125,1.18608,188.12,1.4826,1.15,0.237216,0.566502789412016,0.123064071164511,9.7625,0.842986572172081,54.245,6.07866,0.415,0.044478,0.16875,0.0037065,0.17,0,0,NA,NA,NA,NA,NA,NA,NA,NA,NA,NA,NA,NA,NA,NA,NA,NA,NA,NA,NA,NA,NA,NA,NA,NA,NA,NA,NA,NA,NA,NA,NA,NA,NA
"33","Kyle Allen","WAS","QB","2561177","robust",22.325,3.63237,14.375,2.9652,153.65,48.03624,0.75,0.22239,0.8,0.59304,1.825,1.03782,6.725,5.33736,0,0,0.225,0.09884,0,NA,0,NA,NA,NA,NA,NA,NA,NA,NA,NA,NA,NA,NA,NA,NA,NA,NA,NA,NA,NA,NA,NA,NA,NA,NA,NA,NA,NA,NA,NA,NA,"Illness",15,2021
"34","Gardner Minshew","PHI","QB","2562796","robust",4.3,1.36834219446546,2.7,0.853194911628734,26.925,9.303315,0.2,0.044478,0.1,0.022239,0.6,0.438912522015915,2.55,2.127531,0.0075,0.007413,0.1,0,0.06,0,0,NA,NA,NA,NA,NA,NA,NA,NA,NA,NA,NA,NA,NA,NA,NA,NA,NA,NA,NA,NA,NA,NA,NA,NA,NA,NA,NA,NA,NA,NA,NA,NA,NA
"35","Taylor Heinicke","WAS","QB","2553656","robust",25.1,0.0741300000000011,17.425,0.0741300000000011,166,0,1,0,0.7,0,3.1,0,16.4,0,0.1,0,0.125,0.02471,0,NA,0,NA,NA,NA,NA,NA,NA,NA,NA,NA,NA,NA,NA,NA,NA,NA,NA,NA,NA,NA,NA,NA,NA,NA,NA,NA,NA,NA,NA,NA,NA,"Illness",15,2021
"36","Kyle Shurmur","FA","QB","2562731","robust",21.2988414634146,22.9820176463415,13.1960213414634,14.2388587591463,75.935,81.935889,0.285,0.318759,0.36,0.355824,1.25147058823529,1.55454970588235,2.775,3.447045,0.06,0.059304,0.06,0.059304,0.04,0,NA,NA,NA,NA,NA,NA,NA,NA,NA,NA,NA,NA,NA,NA,NA,NA,NA,NA,NA,NA,NA,NA,NA,NA,NA,NA,NA,NA,NA,NA,NA,NA,NA,NA
"37","Phillip Walker","CAR","QB","2558904","robust",10,2.44629,5.9,1.03782,61.2,9.93342,0.15,0.14826,0.4,0.29652,0.6,0.29652,1.425,0.51891,0,0,0.1,0,0,NA,0,NA,NA,NA,NA,NA,NA,NA,NA,NA,NA,NA,NA,NA,NA,NA,NA,NA,NA,NA,NA,NA,NA,NA,NA,NA,NA,NA,NA,NA,NA,NA,NA,NA
"38","Jacoby Brissett","MIA","QB","2555261","robust",3.66294022554377,2.13785011892746,2.43147337851352,1.31602828732276,30.5825,16.760793,0.1,0.044478,0.0425,0.051891,0.2,0.124867866666667,0.7,0.533736,0.0125,0.014826,0,0,0.01,0,0,NA,NA,NA,NA,NA,NA,NA,NA,NA,NA,NA,NA,NA,NA,NA,NA,NA,NA,NA,NA,NA,NA,NA,NA,NA,NA,NA,NA,NA,NA,NA,NA,NA
"39","Colt McCoy","ARI","QB","497123","robust",2.975,0,2.1,0,26.15,7.413,0.1,0,0.05,0,0.725,0,1,0.59304,0,0,0.05,0,0,NA,0,NA,NA,NA,NA,NA,NA,NA,NA,NA,NA,NA,NA,NA,NA,NA,NA,NA,NA,NA,NA,NA,NA,NA,NA,NA,NA,NA,NA,NA,NA,NA,NA,NA
"40","Nick Foles","CHI","QB","2532842","robust",2.74821951219512,3.03405049756098,1.51351219512195,1.67092636097561,28.485,0.0296519999999994,0.0825,0.014826,0.19,0,0.4403,0.04536756,1.395,0.029652,0.03,0.014826,0.03,0.014826,0.02,0,0,NA,NA,NA,NA,NA,NA,NA,NA,NA,NA,NA,NA,NA,NA,NA,NA,NA,NA,NA,NA,NA,NA,NA,NA,NA,NA,NA,NA,NA,NA,NA,NA,NA
"41","Jake Fromm","NYG","QB","2563608","robust",4.67973303167421,1.76508561447964,2.5093719026072,1.52894043438914,26.955,9.103164,0.075,0,0.23,0.029652,0.37475,0.2980026,1.0175,0.934038,0.005,0,0.005,0,0.04,0,0,NA,NA,NA,NA,NA,NA,NA,NA,NA,NA,NA,NA,NA,NA,NA,NA,NA,NA,NA,NA,NA,NA,NA,NA,NA,NA,NA,NA,NA,NA,NA,NA,NA
"42","Geno Smith","SEA","QB","2539335","robust",2.05,0,1.3,0,15.05,0,0.15,0,0.05,0,0.375,0,2,0,0,0,0,0,0,NA,0,NA,NA,NA,NA,NA,NA,NA,NA,NA,NA,NA,NA,NA,NA,NA,NA,NA,NA,NA,NA,NA,NA,NA,NA,NA,NA,NA,NA,NA,NA,NA,NA,NA
"43","Trey Lance","SF","QB","2566532","robust",1.15339173967459,0.546972395494368,0.732476846057572,0.328620114643304,12.49,6.167616,0.0675,0.066717,0.015,0.014826,1.6,0.37065,4.675,2.37216,0.1,0.051891,0,0,0.06,0,0,NA,NA,NA,NA,NA,NA,NA,NA,NA,NA,NA,NA,NA,NA,NA,NA,NA,NA,NA,NA,NA,NA,NA,NA,NA,NA,NA,NA,NA,NA,NA,NA,NA
"44","Drew Lock","DEN","QB","2562305","robust",2.325,0,1.45,0,15.2,0,0.1,0,0.075,0,0.275,0,1.225,0,0.0025,0,0.0025,0,0,NA,0,NA,NA,NA,NA,NA,NA,NA,NA,NA,NA,NA,NA,NA,NA,NA,NA,NA,NA,NA,NA,NA,NA,NA,NA,NA,NA,NA,NA,NA,NA,NA,NA,NA
"45","Dalvin Cook","MIN","RB","2557991","robust",NA,NA,NA,NA,NA,NA,NA,NA,NA,NA,20.66,0.7413,94.565,4.38849599999999,0.8,0,0.194,0,0.13,0,0,NA,3.29,0.29652,27.75,1.70499,0.0725,0.088956,NA,NA,NA,NA,NA,NA,NA,NA,NA,NA,NA,NA,NA,NA,NA,NA,NA,NA,NA,NA,NA,NA,NA,NA,NA,NA
"46","Nick Chubb","CLE","RB","2561021","robust",NA,NA,NA,NA,NA,NA,NA,NA,NA,NA,18.4,0.7413,92.35,2.99485200000001,0.645,0.0889559999999999,0.1015,0.00889560000000001,0,NA,0,NA,2.215,0.148259999999999,18.2,0.889560000000002,0.1,0,NA,NA,NA,NA,NA,NA,NA,NA,NA,NA,NA,NA,NA,NA,NA,NA,NA,NA,NA,NA,NA,NA,NA,NA,NA,NA
"47","Jonathan Taylor","IND","RB","2564148","robust",NA,NA,NA,NA,NA,NA,NA,NA,NA,NA,17.875,0.444780000000001,91.68,9.34038,0.9,0.14826,0.112,0.029652,0,NA,0,NA,2.6425,0.29652,22.9775,2.44629,0.1,0,NA,NA,NA,NA,NA,NA,NA,NA,NA,NA,NA,NA,NA,NA,NA,NA,NA,NA,NA,NA,NA,NA,NA,NA,NA,NA
"48","Najee Harris","PIT","RB","2566448","robust",NA,NA,NA,NA,NA,NA,NA,NA,NA,NA,19.0625,0.37065,74.6,8.30255999999999,0.6,0.044478,0.1,0,0.01,0,0,NA,3.7675,0.326172,28.1,0.148260000000002,0.145,0.07413,NA,NA,NA,NA,NA,NA,NA,NA,NA,NA,NA,NA,NA,NA,NA,NA,NA,NA,NA,NA,NA,NA,NA,NA,NA,NA
"49","Joe Mixon","CIN","RB","2557976","robust",NA,NA,NA,NA,NA,NA,NA,NA,NA,NA,18.275,0.504084,78.4,3.63236999999998,0.6825,0.14826,0.106,0.0177912,0,NA,0,NA,2.015,0.0444779999999997,15.41,1.18608,0.0925,0,NA,NA,NA,NA,NA,NA,NA,NA,NA,NA,NA,NA,NA,NA,NA,NA,NA,NA,NA,NA,NA,NA,NA,NA,NA,NA
"50","James Robinson","JAC","RB","2564223","robust",NA,NA,NA,NA,NA,NA,NA,NA,NA,NA,16.1698193237693,1.36506348231846,73.16,6.31587599999999,0.65,0.133434,0.138,0.0563388,0.03,0,0,NA,2.725,0.14826,21.0625,2.283204,0.09,0.014826,NA,NA,NA,NA,NA,NA,NA,NA,NA,NA,NA,NA,NA,NA,NA,NA,NA,NA,NA,NA,NA,NA,NA,NA,NA,NA
"51","Rhamondre Stevenson","NE","RB","2566343","robust",NA,NA,NA,NA,NA,NA,NA,NA,NA,NA,16.3,0.355824,68.255,9.236598,0.6,0.133434,0.0925,0.044478,0.01,0,0,NA,1.9,0.14826,17,1.85325,0.03,0.022239,NA,NA,NA,NA,NA,NA,NA,NA,NA,NA,NA,NA,NA,NA,NA,NA,NA,NA,NA,NA,NA,NA,NA,NA,NA,NA
"52","DOnta Foreman","TEN","RB","2557994","robust",NA,NA,NA,NA,NA,NA,NA,NA,NA,NA,14.1,2.023749,64.6,7.48713,0.52,0.214977,0.19,0.014826,0.01,0,0,NA,1.41,0.867321,11.085,3.165351,0.025,0.029652,NA,NA,NA,NA,NA,NA,NA,NA,NA,NA,NA,NA,NA,NA,NA,NA,NA,NA,NA,NA,NA,NA,NA,NA,NA,NA
"53","Sony Michel","LAR","RB","2560809","robust",NA,NA,NA,NA,NA,NA,NA,NA,NA,NA,12.73,3.217242,53.05,13.26927,0.3,0.00741300000000001,0.095,0.037065,0,NA,0,NA,1.315,0.44478,9.455,4.00302,0.08,0.022239,NA,NA,NA,NA,NA,NA,NA,NA,NA,NA,NA,NA,NA,NA,NA,NA,NA,NA,NA,NA,NA,NA,NA,NA,NA,NA
"54","Antonio Gibson","WAS","RB","2565276","robust",NA,NA,NA,NA,NA,NA,NA,NA,NA,NA,16.6175,0.593039999999998,67.575,4.00302,0.5525,0.118608,0.2205,0.0385476,0,NA,0,NA,2.5125,0.148259999999999,17.4,3.85476,0.1,0,NA,NA,NA,NA,NA,NA,NA,NA,NA,NA,NA,NA,NA,NA,NA,NA,NA,NA,NA,NA,NA,NA,NA,NA,NA,NA
"55","James Conner","ARI","RB","2557978","robust",NA,NA,NA,NA,NA,NA,NA,NA,NA,NA,15.3695123849212,1.33434,61.355,0.593039999999998,0.83,0.29652,0.091,0.0177912,0,NA,0,NA,2.45,0.993342,22.125,10.3782,0.115,0.044478,NA,NA,NA,NA,NA,NA,NA,NA,NA,NA,NA,NA,NA,NA,NA,NA,NA,NA,NA,NA,NA,NA,NA,NA,NA,NA
"56","Clyde Edwards-Helaire","KC","RB","2564271","robust",NA,NA,NA,NA,NA,NA,NA,NA,NA,NA,13.15,1.70499,57.3,4.937058,0.47,0.103782,0.10875,0.02038575,0,NA,0,NA,2.2,0.214977,16.255,1.18608,0.13,0.088956,NA,NA,NA,NA,NA,NA,NA,NA,NA,NA,NA,NA,NA,NA,NA,NA,NA,NA,NA,NA,NA,NA,NA,NA,NA,NA
"57","Josh Jacobs","LVR","RB","2562377","robust",NA,NA,NA,NA,NA,NA,NA,NA,NA,NA,16.1,0.889406563958495,64.355,5.85627,0.6,0.07413,0.1175,0.0185325,0,NA,0,NA,3.745,0.214977,26.965,1.868076,0.065,0.07413,NA,NA,NA,NA,NA,NA,NA,NA,NA,NA,NA,NA,NA,NA,NA,NA,NA,NA,NA,NA,NA,NA,NA,NA,NA,NA
"58","Leonard Fournette","TB","RB","2557973","robust",NA,NA,NA,NA,NA,NA,NA,NA,NA,NA,15.7226233213339,1.92738,61.3,8.70286199999999,0.63,0.14826,0.1,0,0,NA,0,NA,4.6,0.163086,34.275,5.33736,0.155,0.088956,NA,NA,NA,NA,NA,NA,NA,NA,NA,NA,NA,NA,NA,NA,NA,NA,NA,NA,NA,NA,NA,NA,NA,NA,NA,NA
"59","Craig Reynolds","DET","RB","2562834","robust",NA,NA,NA,NA,NA,NA,NA,NA,NA,NA,13.5840661982249,2.9652,55.12,4.00302,0.225,0.29652,0.085,0.022239,0.01,0,0,NA,1.7975,0.281694,15.6375,4.81845,0.065,0.029652,NA,NA,NA,NA,NA,NA,NA,NA,NA,NA,NA,NA,NA,NA,NA,NA,NA,NA,NA,NA,NA,NA,NA,NA,NA,NA
"60","Melvin Gordon","DEN","RB","2552469","robust",NA,NA,NA,NA,NA,NA,NA,NA,NA,NA,13.975,0.311346000000001,63.075,2.624202,0.62,0.0593040000000001,0.196,0,0,NA,0,NA,1.9,0.266868,13.395,2.698332,0.095,0.014826,NA,NA,NA,NA,NA,NA,NA,NA,NA,NA,NA,NA,NA,NA,NA,NA,NA,NA,NA,NA,NA,NA,NA,NA,NA,NA
"61","David Montgomery","CHI","RB","2562502","robust",NA,NA,NA,NA,NA,NA,NA,NA,NA,NA,15.39,0.774661993133661,66.1,3.13569899999999,0.5,0.096369,0.0875,0.051891,0.03,0,0,NA,2.96,0.66717,23.66,2.905896,0.07,0.066717,NA,NA,NA,NA,NA,NA,NA,NA,NA,NA,NA,NA,NA,NA,NA,NA,NA,NA,NA,NA,NA,NA,NA,NA,NA,NA
"62","Miles Sanders","PHI","RB","2562722","robust",NA,NA,NA,NA,NA,NA,NA,NA,NA,NA,13.2,0.615279,63.6,6.664287,0.4,0.044478,0.11125,0.01667925,0.09,0,0,NA,1.9,0.118608,13.45,0.81543,0.025,0.007413,NA,NA,NA,NA,NA,NA,NA,NA,NA,NA,NA,NA,NA,NA,NA,NA,NA,NA,NA,NA,NA,NA,NA,NA,NA,NA
"63","Ezekiel Elliott","DAL","RB","2555224","robust",NA,NA,NA,NA,NA,NA,NA,NA,NA,NA,13.8,2.9652,58.405,12.290754,0.585,0.044478,0.102,0,0.09,0,0,NA,2.62,0.400302,18.8475,3.498936,0.1,0,NA,NA,NA,NA,NA,NA,NA,NA,NA,NA,NA,NA,NA,NA,NA,NA,NA,NA,NA,NA,NA,NA,NA,NA,NA,NA
"64","AJ Dillon","GB","RB","2563986","robust",NA,NA,NA,NA,NA,NA,NA,NA,NA,NA,11.85,1.77912,51.85,7.93191,0.23,0.14826,0.0775,0.029652,0,NA,0,NA,2.01,0.29652,18.155,3.03933,0.1,0.007413,NA,NA,NA,NA,NA,NA,NA,NA,NA,NA,NA,NA,NA,NA,NA,NA,NA,NA,NA,NA,NA,NA,NA,NA,NA,NA
"65","Alvin Kamara","NO","RB","2558019","robust",NA,NA,NA,NA,NA,NA,NA,NA,NA,NA,15.1,0.148259999999999,61.8125,1.675338,0.5,0.103782,0.0955,0.00889560000000001,0.03,0,0,NA,4.58,0.148260000000001,38.7375,1.77912,0.2,0.059304,NA,NA,NA,NA,NA,NA,NA,NA,NA,NA,NA,NA,NA,NA,NA,NA,NA,NA,NA,NA,NA,NA,NA,NA,NA,NA
"66","Saquon Barkley","NYG","RB","2560968","robust",NA,NA,NA,NA,NA,NA,NA,NA,NA,NA,13.65,1.000755,59.195,5.745075,0.4,0.103782,0.1,0,0,NA,0,NA,3.3,0.37065,25.3,1.319514,0.12,0.111195,NA,NA,NA,NA,NA,NA,NA,NA,NA,NA,NA,NA,NA,NA,NA,NA,NA,NA,NA,NA,NA,NA,NA,NA,NA,NA
"67","Myles Gaskin","MIA","RB","2562270","robust",NA,NA,NA,NA,NA,NA,NA,NA,NA,NA,13.95,1.19709214347037,55.175,8.828883,0.46,0.088956,0.12375,0.02038575,0,NA,0,NA,3.055,0.400302,20.9,1.890315,0.15,0.133434,NA,NA,NA,NA,NA,NA,NA,NA,NA,NA,NA,NA,NA,NA,NA,NA,NA,NA,NA,NA,NA,NA,NA,NA,NA,NA
"68","Devonta Freeman","BAL","RB","2543583","robust",NA,NA,NA,NA,NA,NA,NA,NA,NA,NA,13.965,1.02352540911699,60.65,4.23282300000001,0.42,0.07413,0.085,0.044478,0,NA,0,NA,2.72,0.37065,18.555,2.00151,0.09,0.014826,NA,NA,NA,NA,NA,NA,NA,NA,NA,NA,NA,NA,NA,NA,NA,NA,NA,NA,NA,NA,NA,NA,NA,NA,NA,NA
"69","Darrell Henderson","LAR","RB","2562574","robust",NA,NA,NA,NA,NA,NA,NA,NA,NA,NA,12.3,2.120118,48.5575,18.428718,0.4,0.252042,0.01875,0.0259455,0,NA,0,NA,2.08,0.14826,14.9,1.4826,0.11,0.0660991608585858,NA,NA,NA,NA,NA,NA,NA,NA,NA,NA,NA,NA,NA,NA,NA,NA,NA,NA,NA,NA,NA,NA,NA,NA,NA,NA
"70","Rashaad Penny","SEA","RB","2560835","robust",NA,NA,NA,NA,NA,NA,NA,NA,NA,NA,12.68,1.40847,57.83,6.182442,0.35,0.170499,0.0775,0.0185325,0.01,0,0,NA,1,0.200151,8.16,0.830256,0.03,0.029652,NA,NA,NA,NA,NA,NA,NA,NA,NA,NA,NA,NA,NA,NA,NA,NA,NA,NA,NA,NA,NA,NA,NA,NA,NA,NA
"71","Javonte Williams","DEN","RB","2566049","robust",NA,NA,NA,NA,NA,NA,NA,NA,NA,NA,12.1,1.082298,55.96,6.22692,0.385,0.044478,0.085,0.0266868,0,NA,0,NA,2.575,0.326172,21.58,1.764294,0.13,0.044478,NA,NA,NA,NA,NA,NA,NA,NA,NA,NA,NA,NA,NA,NA,NA,NA,NA,NA,NA,NA,NA,NA,NA,NA,NA,NA
"72","Aaron Jones","GB","RB","2558116","robust",NA,NA,NA,NA,NA,NA,NA,NA,NA,NA,10.1325,1.33434,46.2575,8.050518,0.45,0.118608,0.085,0.0326172,0,NA,0,NA,3.295,0.163086,27.935,2.52042,0.2,0.014826,NA,NA,NA,NA,NA,NA,NA,NA,NA,NA,NA,NA,NA,NA,NA,NA,NA,NA,NA,NA,NA,NA,NA,NA,NA,NA
"73","Jeffery Wilson","SF","RB","2560938","robust",NA,NA,NA,NA,NA,NA,NA,NA,NA,NA,13.7345357793391,2.25217549289618,51.045,12.216624,0.405,0.103782,0.1,0.051891,0.01,0,0,NA,1.15,0.14826,9,0.29652,0.1,0,NA,NA,NA,NA,NA,NA,NA,NA,NA,NA,NA,NA,NA,NA,NA,NA,NA,NA,NA,NA,NA,NA,NA,NA,NA,NA
"74","Michael Carter","NYJ","RB","2566382","robust",NA,NA,NA,NA,NA,NA,NA,NA,NA,NA,13.6779049895921,0.148259999999999,55.745,3.24689400000001,0.425,0.103782,0.106666666666667,0.009884,0.01,0,0,NA,3,0.29652,26.5,5.1891,0.08,0.088956,NA,NA,NA,NA,NA,NA,NA,NA,NA,NA,NA,NA,NA,NA,NA,NA,NA,NA,NA,NA,NA,NA,NA,NA,NA,NA
"75","Cordarrelle Patterson","ATL","RB","2540145","robust",NA,NA,NA,NA,NA,NA,NA,NA,NA,NA,12.8443601616015,0.237216,56.9325,2.646441,0.4075,0.00741300000000001,0.1,0.07413,0,NA,0,NA,3.45,0.363237,33.3625,2.364747,0.1675,0.029652,NA,NA,NA,NA,NA,NA,NA,NA,NA,NA,NA,NA,NA,NA,NA,NA,NA,NA,NA,NA,NA,NA,NA,NA,NA,NA
"76","Chuba Hubbard","CAR","RB","2565899","robust",NA,NA,NA,NA,NA,NA,NA,NA,NA,NA,12.595,0.600453,51.15,1.70499,0.265,0.14826,0.09875,0.00185325,0.01,0,0,NA,1.4,0.163086,11.355,1.008168,0.025,0.029652,NA,NA,NA,NA,NA,NA,NA,NA,NA,NA,NA,NA,NA,NA,NA,NA,NA,NA,NA,NA,NA,NA,NA,NA,NA,NA
"77","Austin Ekeler","LAC","RB","2559169","robust",NA,NA,NA,NA,NA,NA,NA,NA,NA,NA,11.9151512032939,0.354927303985736,53.745,2.44629,0.5,0.14826,0.15,0.07413,0.03,0,0,NA,4.6125,0.37065,39.53,3.7065,0.2925,0.133434,NA,NA,NA,NA,NA,NA,NA,NA,NA,NA,NA,NA,NA,NA,NA,NA,NA,NA,NA,NA,NA,NA,NA,NA,NA,NA
"78","Devin Singletary","BUF","RB","2562734","robust",NA,NA,NA,NA,NA,NA,NA,NA,NA,NA,10.39,0.450927796243681,46.51,3.721326,0.2,0.037065,0.06,0.044478,0,NA,0,NA,2.305,0.429954,14.435,5.55975,0.075,0.07413,NA,NA,NA,NA,NA,NA,NA,NA,NA,NA,NA,NA,NA,NA,NA,NA,NA,NA,NA,NA,NA,NA,NA,NA,NA,NA
"79","David Johnson","HOU","RB","2553435","robust",NA,NA,NA,NA,NA,NA,NA,NA,NA,NA,10.4156631325111,3.321024,39.71,15.878646,0.155,0.14826,0.07,0.044478,0.03,0,0,NA,2.93,0.177912,24.15,1.26021,0.1,0.014826,NA,NA,NA,NA,NA,NA,NA,NA,NA,NA,NA,NA,NA,NA,NA,NA,NA,NA,NA,NA,NA,NA,NA,NA,NA,NA
"80","Godwin Igwebuike","DET","RB","2560749","robust",NA,NA,NA,NA,NA,NA,NA,NA,NA,NA,7.93,1.4826,33.34,15.107694,0.2,0.044478,0.27,0.192738,0,NA,0,NA,1.655,0.756126,12.775,6.263985,0.025,0.037065,NA,NA,NA,NA,NA,NA,NA,NA,NA,NA,NA,NA,NA,NA,NA,NA,NA,NA,NA,NA,NA,NA,NA,NA,NA,NA
"81","Jordan Howard","PHI","RB","2555418","robust",NA,NA,NA,NA,NA,NA,NA,NA,NA,NA,6.8,2.36286720661241,30.4,7.160958,0.2,0.044478,0.0333333333333333,0.02471,0,NA,0,NA,0.255,0.22239,1.9,1.541904,0.005,0,NA,NA,NA,NA,NA,NA,NA,NA,NA,NA,NA,NA,NA,NA,NA,NA,NA,NA,NA,NA,NA,NA,NA,NA,NA,NA
"82","D'Ernest Johnson","CLE","RB","2563327","robust",NA,NA,NA,NA,NA,NA,NA,NA,NA,NA,8.05,0.303932999999999,37.4,5.9304,0.2,0.096369,0.0525,0.066717,0,NA,0,NA,1.5,0.422541,13.3,2.861418,0.03,0.029652,NA,NA,NA,NA,NA,NA,NA,NA,NA,NA,NA,NA,NA,NA,NA,NA,NA,NA,NA,NA,NA,NA,NA,NA,NA,NA
"83","Tony Pollard","DAL","RB","2562699","robust",NA,NA,NA,NA,NA,NA,NA,NA,NA,NA,6.89743412584566,1.223145,33.05,5.181687,0.165,0.096369,0.0575,0.051891,0.03,0,0,NA,2,0.29652,14.75,5.1891,0.05,0.022239,NA,NA,NA,NA,NA,NA,NA,NA,NA,NA,NA,NA,NA,NA,NA,NA,NA,NA,NA,NA,NA,NA,NA,NA,NA,NA
"84","Royce Freeman","HOU","RB","2560733","robust",NA,NA,NA,NA,NA,NA,NA,NA,NA,NA,8,3.28862267958606,29.17,8.940078,0.105,0.140847,0.0433333333333333,0.009884,0,NA,0,NA,1.5,0.429954,10.2,2.787288,0.02,0,NA,NA,NA,NA,NA,NA,NA,NA,NA,NA,NA,NA,NA,NA,NA,NA,NA,NA,NA,NA,NA,NA,NA,NA,NA,NA
"85","Justin Jackson","LAC","RB","2560756","robust",NA,NA,NA,NA,NA,NA,NA,NA,NA,NA,5.4792233151871,2.07564,24.4,8.1543,0.09,0.029652,0.04,0.014826,0,NA,0,NA,0.995,0.14826,7.73,1.40847,0.015,0,NA,NA,NA,NA,NA,NA,NA,NA,NA,NA,NA,NA,NA,NA,NA,NA,NA,NA,NA,NA,NA,NA,NA,NA,NA,NA
"86","Mark Ingram","NO","RB","2495466","robust",NA,NA,NA,NA,NA,NA,NA,NA,NA,NA,6.15,0.395908287586659,23.845,1.193493,0.115,0.029652,0.09125,0.01297275,0.03,0,0,NA,1.4,0.14826,11,2.401812,0.02,0.007413,NA,NA,NA,NA,NA,NA,NA,NA,NA,NA,NA,NA,NA,NA,NA,NA,NA,NA,NA,NA,NA,NA,NA,NA,NA,NA
"87","Tevin Coleman","NYJ","RB","2552453","robust",NA,NA,NA,NA,NA,NA,NA,NA,NA,NA,5.94,0.562739125031963,24.49,4.432974,0.12,0.014826,0.0366666666666667,0.039536,0,NA,0,NA,1.26,0.237216,10.065,2.07564,0.025,0.029652,NA,NA,NA,NA,NA,NA,NA,NA,NA,NA,NA,NA,NA,NA,NA,NA,NA,NA,NA,NA,NA,NA,NA,NA,NA,NA
"88","Chase Edmonds","ARI","RB","2560711","robust",NA,NA,NA,NA,NA,NA,NA,NA,NA,NA,7.21623919181421,1.55673,33.22,5.98970400000001,0.2,0.133434,0.0766666666666667,0.017297,0,NA,0,NA,2.365,0.504084,19.98,4.477452,0.09,0.029652,NA,NA,NA,NA,NA,NA,NA,NA,NA,NA,NA,NA,NA,NA,NA,NA,NA,NA,NA,NA,NA,NA,NA,NA,NA,NA
"89","Devontae Booker","NYG","RB","2555223","robust",NA,NA,NA,NA,NA,NA,NA,NA,NA,NA,7.81127300943445,0.51891,32.36,1.682751,0.125,0.07413,0.0366666666666667,0.019768,0,NA,0,NA,1.7,0.44478,12.48,3.03933,0.025,0.029652,NA,NA,NA,NA,NA,NA,NA,NA,NA,NA,NA,NA,NA,NA,NA,NA,NA,NA,NA,NA,NA,NA,NA,NA,NA,NA
"90","Jaret Patterson","WAS","RB","2567160","robust",NA,NA,NA,NA,NA,NA,NA,NA,NA,NA,5.9,1.70499,23.125,5.871096,0.08,0.088956,0.00666666666666667,0.009884,0,NA,0,NA,0.8,0.29652,5.24,3.128286,0.01,0,NA,NA,NA,NA,NA,NA,NA,NA,NA,NA,NA,NA,NA,NA,NA,NA,NA,NA,NA,NA,NA,NA,NA,NA,NA,NA
"91","Dontrell Hilliard","TEN","RB","2561461","robust",NA,NA,NA,NA,NA,NA,NA,NA,NA,NA,5.8812149069083,1.601208,26.77,7.242501,0.2,0.103782,0.1075,0.0555975,0,NA,0,NA,1.7,0.511497,12.8,2.994852,0.02,0,NA,NA,NA,NA,NA,NA,NA,NA,NA,NA,NA,NA,NA,NA,NA,NA,NA,NA,NA,NA,NA,NA,NA,NA,NA,NA
"92","Matt Breida","BUF","RB","2558918","robust",NA,NA,NA,NA,NA,NA,NA,NA,NA,NA,7,0.44478,30.3,4.29954,0.1,0.111195,0.115,0.014826,0,NA,0,NA,1.5,0.29652,11.94,1.70499,0.08,0.029652,NA,NA,NA,NA,NA,NA,NA,NA,NA,NA,NA,NA,NA,NA,NA,NA,NA,NA,NA,NA,NA,NA,NA,NA,NA,NA
"93","Latavius Murray","BAL","RB","2541161","robust",NA,NA,NA,NA,NA,NA,NA,NA,NA,NA,5.37,1.823598,20.375,4.4478,0.15,0.07413,0.0333333333333333,0.02471,0,NA,0,NA,0.795,0.252042,5.2,0.630105,0.015,0.014826,NA,NA,NA,NA,NA,NA,NA,NA,NA,NA,NA,NA,NA,NA,NA,NA,NA,NA,NA,NA,NA,NA,NA,NA,NA,NA
"94","Mike Davis","ATL","RB","2553439","robust",NA,NA,NA,NA,NA,NA,NA,NA,NA,NA,7.78771600175293,1.77912,28.425,5.937813,0.145,0.07413,0.0725,0.037065,0.03,0,0,NA,3.05,0.437367,19.4,2.616789,0.075,0.022239,NA,NA,NA,NA,NA,NA,NA,NA,NA,NA,NA,NA,NA,NA,NA,NA,NA,NA,NA,NA,NA,NA,NA,NA,NA,NA
"95","Darrel Williams","KC","RB","2560935","robust",NA,NA,NA,NA,NA,NA,NA,NA,NA,NA,6.6,0.748713,25.91,2.14977,0.2,0.088956,0.025,0.022239,0,NA,0,NA,2.92,0.333585,24.4,3.862173,0.125,0.037065,NA,NA,NA,NA,NA,NA,NA,NA,NA,NA,NA,NA,NA,NA,NA,NA,NA,NA,NA,NA,NA,NA,NA,NA,NA,NA
"96","Brandon Bolden","NE","RB","2532797","robust",NA,NA,NA,NA,NA,NA,NA,NA,NA,NA,4.94189850215663,2.238726,21.135,8.695449,0.08,0.014826,0.02625,0.01667925,0.04,0,0,NA,2.8,0.644931,24.905,2.9652,0.09,0.014826,NA,NA,NA,NA,NA,NA,NA,NA,NA,NA,NA,NA,NA,NA,NA,NA,NA,NA,NA,NA,NA,NA,NA,NA,NA,NA
"97","Boston Scott","PHI","RB","2561146","robust",NA,NA,NA,NA,NA,NA,NA,NA,NA,NA,3.495,1.55846973399706,15.42,5.530098,0.11,0.044478,0.0125,0.014826,0,NA,0,NA,0.8,0.44478,4.525,3.11346,0.01,0,NA,NA,NA,NA,NA,NA,NA,NA,NA,NA,NA,NA,NA,NA,NA,NA,NA,NA,NA,NA,NA,NA,NA,NA,NA,NA
"98","Ameer Abdullah","CAR","RB","2552374","robust",NA,NA,NA,NA,NA,NA,NA,NA,NA,NA,5.405,1.12262866795906,21.59,3.795456,0.08,0.066717,0.0575,0.051891,0,NA,0,NA,2.39,0.44478,19.07,3.40998,0.02,0.014826,NA,NA,NA,NA,NA,NA,NA,NA,NA,NA,NA,NA,NA,NA,NA,NA,NA,NA,NA,NA,NA,NA,NA,NA,NA,NA
"99","Rex Burkhead","HOU","RB","2539265","robust",NA,NA,NA,NA,NA,NA,NA,NA,NA,NA,6.65,0.949175129562043,25.2625,4.00302,0.08,0.07413,0.005,0.0037065,0,NA,0,NA,1.4225,0.0741300000000002,11.15,0.533736,0.0225,0.029652,NA,NA,NA,NA,NA,NA,NA,NA,NA,NA,NA,NA,NA,NA,NA,NA,NA,NA,NA,NA,NA,NA,NA,NA,NA,NA
"100","Ronald Jones","TB","RB","2560770","robust",NA,NA,NA,NA,NA,NA,NA,NA,NA,NA,5.85,1.11195,24.645,4.96671,0.2,0.037065,0.09625,0.00555975,0,NA,0,NA,0.6,0.385476,4.2,2.839179,0.02,0.014826,NA,NA,NA,NA,NA,NA,NA,NA,NA,NA,NA,NA,NA,NA,NA,NA,NA,NA,NA,NA,NA,NA,NA,NA,NA,NA
"101","Salvon Ahmed","MIA","RB","2565090","robust",NA,NA,NA,NA,NA,NA,NA,NA,NA,NA,6.585,0.44478,23.05,2.157183,0.125,0.07413,0.0366666666666667,0.019768,0,NA,0,NA,0.99,0.281694,9.05,2.81694,0.01,0,NA,NA,NA,NA,NA,NA,NA,NA,NA,NA,NA,NA,NA,NA,NA,NA,NA,NA,NA,NA,NA,NA,NA,NA,NA,NA
"102","Alex Collins","SEA","RB","2555430","robust",NA,NA,NA,NA,NA,NA,NA,NA,NA,NA,5.9,1.63086,22.4,8.30256,0.075,0,0.1,0,0,NA,0,NA,0.175,0.14826,1.475,2.07564,0,0,NA,NA,NA,NA,NA,NA,NA,NA,NA,NA,NA,NA,NA,NA,NA,NA,NA,NA,NA,NA,NA,NA,NA,"Illness",15,2021
"103","Corey Clement","DAL","RB","2559150","robust",NA,NA,NA,NA,NA,NA,NA,NA,NA,NA,3.785,1.88726280061917,15.48,9.666552,0.065,0.059304,0.1,0,0.03,0,0,NA,0.705,0.44478,4.48,4.121628,0.01,0,NA,NA,NA,NA,NA,NA,NA,NA,NA,NA,NA,NA,NA,NA,NA,NA,NA,NA,NA,NA,NA,NA,NA,NA,NA,NA
"104","Samaje Perine","CIN","RB","2558138","robust",NA,NA,NA,NA,NA,NA,NA,NA,NA,NA,4.2,0.37065,18,1.119363,0.09,0.00741300000000001,0.01875,0.02038575,0,NA,0,NA,1.25,0.415128,9.755,3.358089,0.025,0.029652,NA,NA,NA,NA,NA,NA,NA,NA,NA,NA,NA,NA,NA,NA,NA,NA,NA,NA,NA,NA,NA,NA,NA,NA,NA,NA
"105","JaMycal Hasty","SF","RB","2565108","robust",NA,NA,NA,NA,NA,NA,NA,NA,NA,NA,4.5,0.7413,17.48,5.1891,0.1,0.066717,0.02,0.014826,0,NA,0,NA,1.815,0.274281,12.9,2.513007,0.015,0,NA,NA,NA,NA,NA,NA,NA,NA,NA,NA,NA,NA,NA,NA,NA,NA,NA,NA,NA,NA,NA,NA,NA,NA,NA,NA
"106","Peyton Barber","LVR","RB","2556466","robust",NA,NA,NA,NA,NA,NA,NA,NA,NA,NA,5.31,1.55673,20.215,4.944471,0.15,0.066717,0.025,0.022239,0.03,0,0,NA,1.025,0.229803,7.51,2.74281,0.02,0,NA,NA,NA,NA,NA,NA,NA,NA,NA,NA,NA,NA,NA,NA,NA,NA,NA,NA,NA,NA,NA,NA,NA,NA,NA,NA
"107","Jeremy McNichols","TEN","RB","2557977","robust",NA,NA,NA,NA,NA,NA,NA,NA,NA,NA,5.05,1.178667,19.25,4.07715,0.05,0.059304,0.0425,0.037065,0,NA,0,NA,1.7,0.59304,13.395,4.759146,0.07,0.037065,NA,NA,NA,NA,NA,NA,NA,NA,NA,NA,NA,NA,NA,NA,NA,NA,NA,NA,NA,NA,NA,NA,NA,NA,NA,NA
"108","Nyheim Hines","IND","RB","2560742","robust",NA,NA,NA,NA,NA,NA,NA,NA,NA,NA,3.7,0.700388728749024,16.365,2.9652,0.09,0,0.13,0.022239,0,NA,0,NA,2.31,0.163086,19.7,0.852495000000002,0.05,0.066717,NA,NA,NA,NA,NA,NA,NA,NA,NA,NA,NA,NA,NA,NA,NA,NA,NA,NA,NA,NA,NA,NA,NA,NA,NA,NA
"109","Khalil Herbert","CHI","RB","2565926","robust",NA,NA,NA,NA,NA,NA,NA,NA,NA,NA,3.1474417562724,0.7413,13.6,2.44629,0.065,0.00741300000000001,0.055,0.066717,0,NA,0,NA,0.67,0.318759,4.7,0.859908,0.01,0,NA,NA,NA,NA,NA,NA,NA,NA,NA,NA,NA,NA,NA,NA,NA,NA,NA,NA,NA,NA,NA,NA,NA,NA,NA,NA
"110","Jonathan Williams","WAS","RB","2555227","robust",NA,NA,NA,NA,NA,NA,NA,NA,NA,NA,3.95072651570374,1.33003147127056,15.3575,4.403322,0.12,0.029652,0.0875,0,0,NA,0,NA,0.6625,0.51891,5.5875,5.70801,0.01,0,NA,NA,NA,NA,NA,NA,NA,NA,NA,NA,NA,NA,NA,NA,NA,NA,NA,NA,NA,NA,NA,NA,NA,NA,NA,NA
"111","Duke Johnson","MIA","RB","2552461","robust",NA,NA,NA,NA,NA,NA,NA,NA,NA,NA,3.57506643356643,1.63125397762238,15.08,1.33434,0.09,0.044478,0.0425,0.059304,0,NA,0,NA,1.1725,0.14826,9.585,1.18608,0.0175,0,NA,NA,NA,NA,NA,NA,NA,NA,NA,NA,NA,NA,NA,NA,NA,NA,NA,NA,NA,NA,NA,NA,NA,NA,NA,NA
"112","Jermar Jefferson","DET","RB","2566058","robust",NA,NA,NA,NA,NA,NA,NA,NA,NA,NA,4.48,1.79030950667289,17.95,4.121628,0.1,0.088956,0.00666666666666667,0.009884,0,NA,0,NA,0.8,0.29652,5.7,3.40998,0.02,0,NA,NA,NA,NA,NA,NA,NA,NA,NA,NA,NA,NA,NA,NA,NA,NA,NA,NA,NA,NA,NA,NA,NA,NA,NA,NA
"113","Qadree Ollison","ATL","RB","2562797","robust",NA,NA,NA,NA,NA,NA,NA,NA,NA,NA,3.97,0.978516,15.16,5.159448,0.075,0.088956,0.0466666666666667,0.009884,0,NA,0,NA,0.75,0.118608,4.25,1.082298,0.01,0,NA,NA,NA,NA,NA,NA,NA,NA,NA,NA,NA,NA,NA,NA,NA,NA,NA,NA,NA,NA,NA,NA,NA,NA,NA,NA
"114","Wayne Gallman","MIN","RB","2557952","robust",NA,NA,NA,NA,NA,NA,NA,NA,NA,NA,2.14918358192968,0.14826,11.67,5.515272,0.09,0.014826,0.01,0.014826,0,NA,0,NA,0.7075,0.118608,4.6325,1.33434,0.025,0.014826,NA,NA,NA,NA,NA,NA,NA,NA,NA,NA,NA,NA,NA,NA,NA,NA,NA,NA,NA,NA,NA,NA,NA,NA,NA,NA
"115","J.J. Taylor","NE","RB","2564640","robust",NA,NA,NA,NA,NA,NA,NA,NA,NA,NA,4.2225,0.44478,14.11,5.48562,0.11,0,0.2,0,0,NA,0,NA,0.4025,0.29652,2.7775,2.386986,0.005,0,NA,NA,NA,NA,NA,NA,NA,NA,NA,NA,NA,NA,NA,NA,NA,NA,NA,NA,NA,NA,NA,NA,NA,"Undisclosed",15,2021
"116","DeeJay Dallas","SEA","RB","2565144","robust",NA,NA,NA,NA,NA,NA,NA,NA,NA,NA,1.9,0.44478,8.895,6.019356,0.1,0.014826,0.00125,0.00185325,0,NA,0,NA,1.155,0.0815430000000001,9.825,1.85325,0.025,0,NA,NA,NA,NA,NA,NA,NA,NA,NA,NA,NA,NA,NA,NA,NA,NA,NA,NA,NA,NA,NA,NA,NA,NA,NA,NA
"117","Adrian Peterson","SEA","RB","2507164","robust",NA,NA,NA,NA,NA,NA,NA,NA,NA,NA,3.5725,0.0148259999999997,12.69,0.0593039999999987,0.0925,0,0.035,0.051891,0,NA,0,NA,0.595,0.029652,4.3725,0.0148259999999997,0.005,0,NA,NA,NA,NA,NA,NA,NA,NA,NA,NA,NA,NA,NA,NA,NA,NA,NA,NA,NA,NA,NA,NA,"Q","Lower Back",15,2021
"118","Kenneth Gainwell","PHI","RB","2566397","robust",NA,NA,NA,NA,NA,NA,NA,NA,NA,NA,3,1.03008110417059,11.96,5.129796,0.11,0.133434,0.0525,0.037065,0.04,0,0,NA,1.6,0.570801,14.4,6.160203,0.08,0.014826,NA,NA,NA,NA,NA,NA,NA,NA,NA,NA,NA,NA,NA,NA,NA,NA,NA,NA,NA,NA,NA,NA,NA,NA,NA,NA
"119","Dare Ogunbowale","JAC","RB","2559362","robust",NA,NA,NA,NA,NA,NA,NA,NA,NA,NA,3.15,0.415128,12.75,2.07564,0.075,0.044478,0.0633333333333333,0.039536,0,NA,0,NA,1.05,0.0741300000000001,8.76,2.66868,0.02,0,NA,NA,NA,NA,NA,NA,NA,NA,NA,NA,NA,NA,NA,NA,NA,NA,NA,NA,NA,NA,NA,NA,NA,NA,NA,NA
"120","Damien Williams","CHI","RB","2550512","robust",NA,NA,NA,NA,NA,NA,NA,NA,NA,NA,2.6,0.66717,10.645,1.4826,0.1,0,0.0025,0,0,NA,0,NA,0.8,0.237216,5.865,3.26172,0.025,0,NA,NA,NA,NA,NA,NA,NA,NA,NA,NA,NA,NA,NA,NA,NA,NA,NA,NA,NA,NA,NA,NA,NA,NA,NA,NA
"121","Brian Hill","SF","RB","2558112","robust",NA,NA,NA,NA,NA,NA,NA,NA,NA,NA,0,0,13.615,0.0222390000000008,0.09,0.014826,0.015,0.022239,NA,NA,NA,NA,0.715,0.022239,7.005,0.00741299999999984,0.015,0.022239,NA,NA,NA,NA,NA,NA,NA,NA,NA,NA,NA,NA,NA,NA,NA,NA,NA,NA,NA,NA,NA,NA,NA,NA,NA,NA
"122","Devine Ozigbo","NE","RB","2562409","robust",NA,NA,NA,NA,NA,NA,NA,NA,NA,NA,3.64764705882353,1.70847847058823,10.335,4.840689,0.075,0.037065,0.005,0.007413,NA,NA,NA,NA,0.66,0.088956,3.985,0.274281,0.015,0.022239,NA,NA,NA,NA,NA,NA,NA,NA,NA,NA,NA,NA,NA,NA,NA,NA,NA,NA,NA,NA,NA,NA,NA,NA,NA,NA
"123","Joshua Kelley","LAC","RB","2565054","robust",NA,NA,NA,NA,NA,NA,NA,NA,NA,NA,3,0.307297047033093,11.765,1.55673,0.045,0.059304,0.0133333333333333,0.019768,0,NA,0,NA,0.54,0.385476,3.245,1.052646,0.01,0,NA,NA,NA,NA,NA,NA,NA,NA,NA,NA,NA,NA,NA,NA,NA,NA,NA,NA,NA,NA,NA,NA,NA,NA,NA,NA
"124","Benny Snell","PIT","RB","2562743","robust",NA,NA,NA,NA,NA,NA,NA,NA,NA,NA,2.9775,0.0148259999999997,10.6425,2.179422,0.0675,0,0,0,0,NA,0,NA,0.3325,0.14826,2.27,1.63086,0.005,0,NA,NA,NA,NA,NA,NA,NA,NA,NA,NA,NA,NA,NA,NA,NA,NA,NA,NA,NA,NA,NA,NA,NA,NA,NA,NA
"125","Reggie Bonnafon","CAR","RB","2561184","robust",NA,NA,NA,NA,NA,NA,NA,NA,NA,NA,0,0,12.42,0.0296519999999994,0.09,0.014826,0.005,0.007413,NA,NA,NA,NA,0.675,0.0370649999999999,3.795,0.00741299999999984,0.005,0.007413,NA,NA,NA,NA,NA,NA,NA,NA,NA,NA,NA,NA,NA,NA,NA,NA,NA,NA,NA,NA,NA,NA,NA,NA,NA,NA
"126","Travis Homer","SEA","RB","2562665","robust",NA,NA,NA,NA,NA,NA,NA,NA,NA,NA,2.12000362318841,0.0790684188405797,11.755,0.37065,0.085,0.014826,0,0,0,NA,0,NA,1.0675,0.44478,9.25,1.282449,0,0,NA,NA,NA,NA,NA,NA,NA,NA,NA,NA,NA,NA,NA,NA,NA,NA,NA,NA,NA,NA,NA,NA,NA,"Undisclosed",15,2021
"127","Ty'Son Williams","BAL","RB","2565542","robust",NA,NA,NA,NA,NA,NA,NA,NA,NA,NA,2.375,0,10.65,0.889559999999999,0.1,0,0,0,0,NA,0,NA,0.35,0.14826,2.75,0.88956,0,0,NA,NA,NA,NA,NA,NA,NA,NA,NA,NA,NA,NA,NA,NA,NA,NA,NA,NA,NA,NA,NA,NA,NA,NA,NA,NA
"128","Davante Adams","GB","WR","2543495","robust",NA,NA,NA,NA,NA,NA,NA,NA,NA,NA,0,0,0,0,0,0,0.025,0.014826,0,NA,0,NA,7.7,0.118608,105.1325,5.63388,0.855,0.192738,NA,NA,NA,NA,NA,NA,NA,NA,NA,NA,NA,NA,NA,NA,NA,NA,NA,NA,NA,NA,NA,NA,NA,NA,NA,NA
"129","Cooper Kupp","LAR","WR","2557898","robust",NA,NA,NA,NA,NA,NA,NA,NA,NA,NA,0.0125,0.037065,0.1,0.019768,0,0,0.055,0.051891,0,NA,0,NA,8.49,0.622692,109.7,4.4478,0.7575,0.237216,NA,NA,NA,NA,NA,NA,NA,NA,NA,NA,NA,NA,NA,NA,NA,NA,NA,NA,NA,NA,NA,NA,NA,NA,NA,NA
"130","Justin Jefferson","MIN","WR","2564556","robust",NA,NA,NA,NA,NA,NA,NA,NA,NA,NA,0.35,0.14826,1.35,0.980987,0,0,0.06,0.029652,0,NA,0,NA,6.9,0.0593040000000001,101.51,3.7065,0.8025,0.177912,NA,NA,NA,NA,NA,NA,NA,NA,NA,NA,NA,NA,NA,NA,NA,NA,NA,NA,NA,NA,NA,NA,NA,NA,NA,NA
"131","Mike Evans","TB","WR","2543468","robust",NA,NA,NA,NA,NA,NA,NA,NA,NA,NA,0.0125,0.037065,0.207083333333333,0.29652,0,0,0,0,0,NA,0,NA,4.85,0.44478,68.65,5.085318,0.74,0.14826,NA,NA,NA,NA,NA,NA,NA,NA,NA,NA,NA,NA,NA,NA,NA,NA,NA,NA,NA,NA,NA,NA,NA,NA,NA,NA
"132","Chris Godwin","TB","WR","2558105","robust",NA,NA,NA,NA,NA,NA,NA,NA,NA,NA,0.4,NA,1.062,0.44478,0.0234121904761905,0.029652,0.09625,0.00555975,0,NA,0,NA,6,0.66717,72.25,9.6369,0.655,0.140847,NA,NA,NA,NA,NA,NA,NA,NA,NA,NA,NA,NA,NA,NA,NA,NA,NA,NA,NA,NA,NA,NA,NA,NA,NA,NA
"133","Hunter Renfrow","LVR","WR","2562712","robust",NA,NA,NA,NA,NA,NA,NA,NA,NA,NA,0.0666666666666667,0.02471,0.765,0.44478,0,0,0.0966666666666667,0.00247100000000001,0,NA,0,NA,7.26,1.245384,80.385,8.67321,0.485,0.07413,NA,NA,NA,NA,NA,NA,NA,NA,NA,NA,NA,NA,NA,NA,NA,NA,NA,NA,NA,NA,NA,NA,NA,NA,NA,NA
"134","Diontae Johnson","PIT","WR","2562674","robust",NA,NA,NA,NA,NA,NA,NA,NA,NA,NA,0.335,NA,2.44666666666667,0.59304,0.005,0.012705554993237,0.0975,0.00741300000000001,0,NA,0,NA,6.875,0.148260000000001,83.625,4.166106,0.575,0.044478,NA,NA,NA,NA,NA,NA,NA,NA,NA,NA,NA,NA,NA,NA,NA,NA,NA,NA,NA,NA,NA,NA,NA,NA,NA,NA
"135","CeeDee Lamb","DAL","WR","2563848","robust",NA,NA,NA,NA,NA,NA,NA,NA,NA,NA,0.7,NA,4.42333333333333,0.365708000000001,0.01,0.0246235821028716,0.025,0.014826,0.06,0,0,NA,5.55,0.311346,72.9,11.8608,0.4875,0.07413,NA,NA,NA,NA,NA,NA,NA,NA,NA,NA,NA,NA,NA,NA,NA,NA,NA,NA,NA,NA,NA,NA,NA,NA,NA,NA
"136","Tyreek Hill","KC","WR","2556214","robust",NA,NA,NA,NA,NA,NA,NA,NA,NA,NA,0.725630140115748,NA,4.9675,0.126021,0.0152632892461964,0.014826,0.06,0.029652,0,NA,0,NA,6.15,0.148259999999999,76.75,2.2239,0.7,0.14826,NA,NA,NA,NA,NA,NA,NA,NA,NA,NA,NA,NA,NA,NA,NA,NA,NA,NA,NA,NA,NA,NA,NA,NA,NA,NA
"137","Keenan Allen","LAC","WR","2540154","robust",NA,NA,NA,NA,NA,NA,NA,NA,NA,NA,0.0125,0.037065,0.101666666666667,0.14826,0,0,0.09125,0.0259455,0,NA,0,NA,6.54,0.103781999999999,73.6525,5.33735999999999,0.3525,0.088956,NA,NA,NA,NA,NA,NA,NA,NA,NA,NA,NA,NA,NA,NA,NA,NA,NA,NA,NA,NA,NA,NA,NA,NA,NA,NA
"138","Stefon Diggs","BUF","WR","2552608","robust",NA,NA,NA,NA,NA,NA,NA,NA,NA,NA,0.0125,0.037065,0.15625,0.133434,0,0,0.0125,0.037065,0,NA,0,NA,5.99,0.148259999999999,75.25,1.77912,0.6,0.14826,NA,NA,NA,NA,NA,NA,NA,NA,NA,NA,NA,NA,NA,NA,NA,NA,NA,NA,NA,NA,NA,NA,NA,NA,NA,NA
"139","Mike Williams","LAC","WR","2558846","robust",NA,NA,NA,NA,NA,NA,NA,NA,NA,NA,0,0,0.016,0.014826,0,0,0,0,0,NA,0,NA,4.65,0.570801,68.055,4.81845,0.685,0.022239,NA,NA,NA,NA,NA,NA,NA,NA,NA,NA,NA,NA,NA,NA,NA,NA,NA,NA,NA,NA,NA,NA,NA,NA,NA,NA
"140","DK Metcalf","SEA","WR","2562685","robust",NA,NA,NA,NA,NA,NA,NA,NA,NA,NA,0,0,0.15,0.1690164,0,0,0,0,0,NA,0,NA,4.965,0.22239,68.25,6.00453,0.695,0.185325,NA,NA,NA,NA,NA,NA,NA,NA,NA,NA,NA,NA,NA,NA,NA,NA,NA,NA,NA,NA,NA,NA,NA,NA,NA,NA
"141","Tee Higgins","CIN","WR","2563731","robust",NA,NA,NA,NA,NA,NA,NA,NA,NA,NA,0.0333333333333333,0.02471,0.113,0.096369,0,0,0.0533333333333333,0.004942,0,NA,0,NA,4.94,0.207564,71.215,2.557485,0.415,0.14826,NA,NA,NA,NA,NA,NA,NA,NA,NA,NA,NA,NA,NA,NA,NA,NA,NA,NA,NA,NA,NA,NA,NA,NA,NA,NA
"142","Ja'Marr Chase","CIN","WR","2565941","robust",NA,NA,NA,NA,NA,NA,NA,NA,NA,NA,0.533333333333333,NA,2.5,0.869792,0.00384320066334992,0,0.075,0.014826,0,NA,0,NA,4.75,0.29652,72.415,3.35067599999999,0.665,0.237216,NA,NA,NA,NA,NA,NA,NA,NA,NA,NA,NA,NA,NA,NA,NA,NA,NA,NA,NA,NA,NA,NA,NA,NA,NA,NA
"143","Darnell Mooney","CHI","WR","2563707","robust",NA,NA,NA,NA,NA,NA,NA,NA,NA,NA,0.1,0,1.376,0.607866,0.045,0.059304,0.00333333333333333,0.002471,0,NA,0,NA,4.2,0.29652,59.85,4.52193,0.345,0.029652,NA,NA,NA,NA,NA,NA,NA,NA,NA,NA,NA,NA,NA,NA,NA,NA,NA,NA,NA,NA,NA,NA,NA,NA,NA,NA
"144","Odell Beckham","LAR","WR","2543496","robust",NA,NA,NA,NA,NA,NA,NA,NA,NA,NA,0.173791066814323,NA,1.472,0.37065,0.005,0.00612036736046512,0.0666666666666667,0.02471,0,NA,0,NA,4.165,0.244629,58.175,9.78516,0.45,0.133434,NA,NA,NA,NA,NA,NA,NA,NA,NA,NA,NA,NA,NA,NA,NA,NA,NA,NA,NA,NA,NA,NA,NA,NA,NA,NA
"145","Brandin Cooks","HOU","WR","2543498","robust",NA,NA,NA,NA,NA,NA,NA,NA,NA,NA,0.232227585679315,NA,1.93416666666667,0.121079,0.00344363902140065,0,0.0125,0.037065,0,NA,0,NA,5.4,0.148260000000001,66.72,4.00302,0.35,0.133434,NA,NA,NA,NA,NA,NA,NA,NA,NA,NA,NA,NA,NA,NA,NA,NA,NA,NA,NA,NA,NA,NA,NA,NA,NA,NA
"146","DeVante Parker","MIA","WR","2552409","robust",NA,NA,NA,NA,NA,NA,NA,NA,NA,NA,0,0,0.106,0.044478,0.0075,0.0111195,0,0,0,NA,0,NA,5.18,0.66717,67.385,6.22692,0.4,0.096369,NA,NA,NA,NA,NA,NA,NA,NA,NA,NA,NA,NA,NA,NA,NA,NA,NA,NA,NA,NA,NA,NA,NA,NA,NA,NA
"147","Marquise Brown","BAL","WR","2562379","robust",NA,NA,NA,NA,NA,NA,NA,NA,NA,NA,0.0125,0.037065,0.35,0.291578,0,0,0,0,0,NA,0,NA,5.1,0.266868,61.8,3.11346,0.3,0.014826,NA,NA,NA,NA,NA,NA,NA,NA,NA,NA,NA,NA,NA,NA,NA,NA,NA,NA,NA,NA,NA,NA,NA,NA,NA,NA
"148","Terry McLaurin","WAS","WR","2562489","robust",NA,NA,NA,NA,NA,NA,NA,NA,NA,NA,0.0333333333333333,0.02471,0.5,0.44478,0,0,0.04,0.014826,0,NA,0,NA,4.7,0.578214,62.6,5.93039999999999,0.4,0.14826,NA,NA,NA,NA,NA,NA,NA,NA,NA,NA,NA,NA,NA,NA,NA,NA,NA,NA,NA,NA,NA,NA,NA,NA,NA,NA
"149","Deebo Samuel","SF","WR","2562721","robust",NA,NA,NA,NA,NA,NA,NA,NA,NA,NA,4.50445433402954,NA,31.7866666666667,7.756469,0.476967074756045,0.0682972299333755,0.09875,0.0037065,0,NA,0,NA,3.815,1.18608,58.2725,13.254444,0.3,0,NA,NA,NA,NA,NA,NA,NA,NA,NA,NA,NA,NA,NA,NA,NA,NA,NA,NA,NA,NA,NA,NA,NA,NA,NA,NA
"150","Chase Claypool","PIT","WR","2564970","robust",NA,NA,NA,NA,NA,NA,NA,NA,NA,NA,0.878279852488582,NA,4.813,0.7413,0.00535029545621376,0.007413,0.05,0,0,NA,0,NA,4.2,0.289107,61.19,8.391516,0.2,0.07413,NA,NA,NA,NA,NA,NA,NA,NA,NA,NA,NA,NA,NA,NA,NA,NA,NA,NA,NA,NA,NA,NA,NA,NA,NA,NA
"151","Christian Kirk","ARI","WR","2560781","robust",NA,NA,NA,NA,NA,NA,NA,NA,NA,NA,0.1,0,0.635,0.541149,0,0,0.0333333333333333,0.02471,0,NA,0,NA,4.5,0.29652,62,5.9304,0.435,0.118608,NA,NA,NA,NA,NA,NA,NA,NA,NA,NA,NA,NA,NA,NA,NA,NA,NA,NA,NA,NA,NA,NA,NA,NA,NA,NA
"152","D.J. Moore","CAR","WR","2560813","robust",NA,NA,NA,NA,NA,NA,NA,NA,NA,NA,0.436630036630037,NA,2.44416666666667,0.239687,0.00394428937613966,0,0.065,0.00741300000000001,0,NA,0,NA,4.6125,0.59304,63.5125,1.77912,0.35,0.103782,NA,NA,NA,NA,NA,NA,NA,NA,NA,NA,NA,NA,NA,NA,NA,NA,NA,NA,NA,NA,NA,NA,NA,NA,NA,NA
"153","Amari Cooper","DAL","WR","2552487","robust",NA,NA,NA,NA,NA,NA,NA,NA,NA,NA,0.0333333333333333,0.02471,0.268,0.1008168,0,0,0.0333333333333333,0.02471,0.17,0,0,NA,4.7,0.459606,61.9,4.959297,0.45,0.096369,NA,NA,NA,NA,NA,NA,NA,NA,NA,NA,NA,NA,NA,NA,NA,NA,NA,NA,NA,NA,NA,NA,NA,NA,NA,NA
"154","Julio Jones","TEN","WR","2495454","robust",NA,NA,NA,NA,NA,NA,NA,NA,NA,NA,0,0,0,0.0059304,0,0,0,0,0,NA,0,NA,3.985,0.170499,58.6,1.26021,0.3,0.133434,NA,NA,NA,NA,NA,NA,NA,NA,NA,NA,NA,NA,NA,NA,NA,NA,NA,NA,NA,NA,NA,NA,NA,NA,NA,NA
"155","Cole Beasley","BUF","WR","2535698","robust",NA,NA,NA,NA,NA,NA,NA,NA,NA,NA,0,0,0.006,0,0,0,0,0,0,NA,0,NA,4.75,0.222390000000001,49.2,8.384103,0.35,0.14826,NA,NA,NA,NA,NA,NA,NA,NA,NA,NA,NA,NA,NA,NA,NA,NA,NA,NA,NA,NA,NA,NA,NA,NA,NA,NA
"156","K.J. Osborn","MIN","WR","2564574","robust",NA,NA,NA,NA,NA,NA,NA,NA,NA,NA,0.0333333333333333,0.02471,0.484,0.37065,0,0,0.0333333333333333,0.02471,0,NA,0,NA,4.145,0.822843,52.75,7.768824,0.405,0.14826,NA,NA,NA,NA,NA,NA,NA,NA,NA,NA,NA,NA,NA,NA,NA,NA,NA,NA,NA,NA,NA,NA,NA,NA,NA,NA
"157","Kenny Golladay","NYG","WR","2558052","robust",NA,NA,NA,NA,NA,NA,NA,NA,NA,NA,0,0,0.012,0,0.00125,0.00185325,0,0,0,NA,0,NA,3.79,0.355824,55.1,2.44629,0.2,0.00741300000000001,NA,NA,NA,NA,NA,NA,NA,NA,NA,NA,NA,NA,NA,NA,NA,NA,NA,NA,NA,NA,NA,NA,NA,NA,NA,NA
"158","Laquon Treadwell","JAC","WR","2555214","robust",NA,NA,NA,NA,NA,NA,NA,NA,NA,NA,0,0,0.014,0,0,0,0,0,0,NA,0,NA,2.8,0.637518,41.14,10.140984,0.1,0.088956,NA,NA,NA,NA,NA,NA,NA,NA,NA,NA,NA,NA,NA,NA,NA,NA,NA,NA,NA,NA,NA,NA,NA,NA,NA,NA
"159","Van Jefferson","LAR","WR","2564358","robust",NA,NA,NA,NA,NA,NA,NA,NA,NA,NA,0.0333333333333333,0.02471,0.778,0.29652,0,0,0.00333333333333333,0.002471,0,NA,0,NA,3.91,0.207564,52.685,3.85476,0.345,0.07413,NA,NA,NA,NA,NA,NA,NA,NA,NA,NA,NA,NA,NA,NA,NA,NA,NA,NA,NA,NA,NA,NA,NA,NA,NA,NA
"160","A.J. Green","ARI","WR","2495450","robust",NA,NA,NA,NA,NA,NA,NA,NA,NA,NA,0,0,0.05,0.0474432,0,0,0,0,0,NA,0,NA,3.8,0.355824,56.645,8.999382,0.39,0.088956,NA,NA,NA,NA,NA,NA,NA,NA,NA,NA,NA,NA,NA,NA,NA,NA,NA,NA,NA,NA,NA,NA,NA,NA,NA,NA
"161","Russell Gage","ATL","WR","2561061","robust",NA,NA,NA,NA,NA,NA,NA,NA,NA,NA,0.0333333333333333,0.02471,0.41,0.311346,0.00125,0.00185325,0.0666666666666667,0.02471,0,NA,0,NA,4.9,0.177912,55.7,3.202416,0.2,0.029652,NA,NA,NA,NA,NA,NA,NA,NA,NA,NA,NA,NA,NA,NA,NA,NA,NA,NA,NA,NA,NA,NA,NA,NA,NA,NA
"162","Jerry Jeudy","DEN","WR","2563896","robust",NA,NA,NA,NA,NA,NA,NA,NA,NA,NA,0.133333333333333,0.04942,0.303,0.44478,0,0,0,0,0,NA,0,NA,4.475,0.652344,59.175,4.195758,0.3,0.133434,NA,NA,NA,NA,NA,NA,NA,NA,NA,NA,NA,NA,NA,NA,NA,NA,NA,NA,NA,NA,NA,NA,NA,NA,NA,NA
"163","Michael Pittman","IND","WR","2564136","robust",NA,NA,NA,NA,NA,NA,NA,NA,NA,NA,0.296616161616162,NA,2.528,0.7413,0.005,0.00535892509090909,0,0,0,NA,0,NA,4.6,0.51891,60.93,3.53600099999999,0.4,0.103782,NA,NA,NA,NA,NA,NA,NA,NA,NA,NA,NA,NA,NA,NA,NA,NA,NA,NA,NA,NA,NA,NA,NA,NA,NA,NA
"164","Brandon Aiyuk","SF","WR","2565093","robust",NA,NA,NA,NA,NA,NA,NA,NA,NA,NA,0.439669041529655,NA,2.903,0.66717,0.02,0.0206620529889342,0.0533333333333333,0.004942,0,NA,0,NA,4.735,0.140847,62.2,2.14977,0.5,0.111195,NA,NA,NA,NA,NA,NA,NA,NA,NA,NA,NA,NA,NA,NA,NA,NA,NA,NA,NA,NA,NA,NA,NA,NA,NA,NA
"165","Rashod Bateman","BAL","WR","2565836","robust",NA,NA,NA,NA,NA,NA,NA,NA,NA,NA,0.0333333333333333,0.02471,0.217,0.163086,0,0,0,0,0,NA,0,NA,4,0.630105,52.45,10.118745,0.125,0.07413,NA,NA,NA,NA,NA,NA,NA,NA,NA,NA,NA,NA,NA,NA,NA,NA,NA,NA,NA,NA,NA,NA,NA,NA,NA,NA
"166","Michael Gallup","DAL","WR","2560735","robust",NA,NA,NA,NA,NA,NA,NA,NA,NA,NA,0,0,0.006,0,0,0,0,0,0,NA,0,NA,4.05,0.0741299999999997,55.25,2.905896,0.35,0.118608,NA,NA,NA,NA,NA,NA,NA,NA,NA,NA,NA,NA,NA,NA,NA,NA,NA,NA,NA,NA,NA,NA,NA,NA,NA,NA
"167","Donovan Peoples-Jones","CLE","WR","2563803","robust",NA,NA,NA,NA,NA,NA,NA,NA,NA,NA,0,0,0,0.014826,0,0,0.0533333333333333,0.004942,0,NA,0,NA,3.4,0.88956,53.56,7.14613200000001,0.2,0.14826,NA,NA,NA,NA,NA,NA,NA,NA,NA,NA,NA,NA,NA,NA,NA,NA,NA,NA,NA,NA,NA,NA,NA,NA,NA,NA
"168","Josh Reynolds","DET","WR","2558194","robust",NA,NA,NA,NA,NA,NA,NA,NA,NA,NA,0.0333333333333333,0.02471,0.115,0.111195,0,0,0,0,0,NA,0,NA,3.85,0.859908,48.595,4.306953,0.16,0.044478,NA,NA,NA,NA,NA,NA,NA,NA,NA,NA,NA,NA,NA,NA,NA,NA,NA,NA,NA,NA,NA,NA,NA,NA,NA,NA
"169","DeVonta Smith","PHI","WR","2566409","robust",NA,NA,NA,NA,NA,NA,NA,NA,NA,NA,0,0,0.006,0,0,0,0.0533333333333333,0.004942,0,NA,0,NA,4,0.37065,55.98,5.752488,0.35,0.0593040000000001,NA,NA,NA,NA,NA,NA,NA,NA,NA,NA,NA,NA,NA,NA,NA,NA,NA,NA,NA,NA,NA,NA,NA,NA,NA,NA
"170","Amon-Ra St. Brown","DET","WR","2566073","robust",NA,NA,NA,NA,NA,NA,NA,NA,NA,NA,0.0333333333333333,0.04942,0.3,0.14826,0,0,0.05,0,0,NA,0,NA,5.205,0.311346,54.05,1.838424,0.2,0.103782,NA,NA,NA,NA,NA,NA,NA,NA,NA,NA,NA,NA,NA,NA,NA,NA,NA,NA,NA,NA,NA,NA,NA,NA,NA,NA
"171","Marvin Jones","JAC","WR","2532884","robust",NA,NA,NA,NA,NA,NA,NA,NA,NA,NA,0,0,0.116,0.118608,0,0,0,0,0,NA,0,NA,4.005,0.452193,51.22,5.63388,0.3,0.044478,NA,NA,NA,NA,NA,NA,NA,NA,NA,NA,NA,NA,NA,NA,NA,NA,NA,NA,NA,NA,NA,NA,NA,NA,NA,NA
"172","Robby Anderson","CAR","WR","2556462","robust",NA,NA,NA,NA,NA,NA,NA,NA,NA,NA,0.0333333333333333,0.02471,0.196,0.266868,0,0,0.00666666666666667,0.004942,0,NA,0,NA,3.78,0.51891,40.925,9.34038,0.21,0.103782,NA,NA,NA,NA,NA,NA,NA,NA,NA,NA,NA,NA,NA,NA,NA,NA,NA,NA,NA,NA,NA,NA,NA,NA,NA,NA
"173","Marquez Valdes-Scantling","GB","WR","2560907","robust",NA,NA,NA,NA,NA,NA,NA,NA,NA,NA,0.0333333333333333,0.02471,0.194,0.22239,0,0,0.01,0.007413,0,NA,0,NA,3,0.140847,51.5,3.988194,0.25,0.0296519999999999,NA,NA,NA,NA,NA,NA,NA,NA,NA,NA,NA,NA,NA,NA,NA,NA,NA,NA,NA,NA,NA,NA,NA,NA,NA,NA
"174","Jakobi Meyers","NE","WR","2562492","robust",NA,NA,NA,NA,NA,NA,NA,NA,NA,NA,0,0,0.1,0.0785778,0,0,0.00666666666666667,0.004942,0,NA,0,NA,4.305,0.452193,51.55,7.70952,0.17,0.066717,NA,NA,NA,NA,NA,NA,NA,NA,NA,NA,NA,NA,NA,NA,NA,NA,NA,NA,NA,NA,NA,NA,NA,NA,NA,NA
"175","Adam Thielen","MIN","WR","2541785","robust",NA,NA,NA,NA,NA,NA,NA,NA,NA,NA,0,NA,0,0,0,0,0.02,0,0,NA,0,NA,2.95,2.89107,33,34.0998,0.317857142857143,0.34947,NA,NA,NA,NA,NA,NA,NA,NA,NA,NA,NA,NA,NA,NA,NA,NA,NA,NA,NA,NA,NA,NA,"O","Ankle",15,2021
"176","Allen Robinson","CHI","WR","2543509","robust",NA,NA,NA,NA,NA,NA,NA,NA,NA,NA,0,0,0,0,0,0,0,0,0,NA,0,NA,3.225,0.7413,41.2,9.78516,0.175,0.14826,NA,NA,NA,NA,NA,NA,NA,NA,NA,NA,NA,NA,NA,NA,NA,NA,NA,NA,NA,NA,NA,NA,NA,"Undisclosed",15,2021
"177","Jamison Crowder","NYJ","WR","2552415","robust",NA,NA,NA,NA,NA,NA,NA,NA,NA,NA,0,0,0.315,0.170499,0,0,0.0566666666666667,0.009884,0,NA,0,NA,4.345,0.229803,48.415,3.395154,0.365,0.200151,NA,NA,NA,NA,NA,NA,NA,NA,NA,NA,NA,NA,NA,NA,NA,NA,NA,NA,NA,NA,NA,NA,NA,NA,NA,NA
"178","Kendrick Bourne","NE","WR","2558914","robust",NA,NA,NA,NA,NA,NA,NA,NA,NA,NA,0.233333333333333,0.04942,2.85,0.7086828,0.002,0,0.0566666666666667,0.009884,0,NA,0,NA,3.21,0.7413,45.74,8.213604,0.22,0.118608,NA,NA,NA,NA,NA,NA,NA,NA,NA,NA,NA,NA,NA,NA,NA,NA,NA,NA,NA,NA,NA,NA,NA,NA,NA,NA
"179","Nico Collins","HOU","WR","2566127","robust",NA,NA,NA,NA,NA,NA,NA,NA,NA,NA,0,0,0.1,0.0874734,0,0,0,0,0,NA,0,NA,2.71,0.44478,33.8,4.996362,0.1,0.081543,NA,NA,NA,NA,NA,NA,NA,NA,NA,NA,NA,NA,NA,NA,NA,NA,NA,NA,NA,NA,NA,NA,NA,NA,NA,NA
"180","Nelson Agholor","NE","WR","2552600","robust",NA,NA,NA,NA,NA,NA,NA,NA,NA,NA,0.133333333333333,0.04942,0.85,0.22239,0.001,0,0.00333333333333333,0.002471,0,NA,0,NA,3.03,0.489258,41.06,5.18168700000001,0.3,0.096369,NA,NA,NA,NA,NA,NA,NA,NA,NA,NA,NA,NA,NA,NA,NA,NA,NA,NA,NA,NA,NA,NA,NA,NA,NA,NA
"181","Sterling Shepard","NYG","WR","2555295","robust",NA,NA,NA,NA,NA,NA,NA,NA,NA,NA,0.142857142857143,NA,1.03,0.365708,0,0.007413,0.055,0.034594,0,NA,0,NA,4.425,0.370650000000001,47.4,4.15128,0.125,0.07413,NA,NA,NA,NA,NA,NA,NA,NA,NA,NA,NA,NA,NA,NA,NA,NA,NA,NA,NA,NA,NA,NA,NA,NA,NA,NA
"182","Tre'Quan Smith","NO","WR","2560878","robust",NA,NA,NA,NA,NA,NA,NA,NA,NA,NA,0,0,0.096,0.07413,0,0,0,0,0,NA,0,NA,3.2,0.66717,42.82,4.15128,0.22,0.103782,NA,NA,NA,NA,NA,NA,NA,NA,NA,NA,NA,NA,NA,NA,NA,NA,NA,NA,NA,NA,NA,NA,NA,NA,NA,NA
"183","Tyler Boyd","CIN","WR","2555466","robust",NA,NA,NA,NA,NA,NA,NA,NA,NA,NA,0.232531405200117,NA,1.92,0.266868,0.01,0.00517514279669981,0.0366666666666667,0.019768,0,NA,0,NA,3.9,0.237216,44.45,2.757636,0.15,0.044478,NA,NA,NA,NA,NA,NA,NA,NA,NA,NA,NA,NA,NA,NA,NA,NA,NA,NA,NA,NA,NA,NA,NA,NA,NA,NA
"184","Courtland Sutton","DEN","WR","2560888","robust",NA,NA,NA,NA,NA,NA,NA,NA,NA,NA,0,0,0.091,0.081543,0,0,0.00333333333333333,0.002471,0,NA,0,NA,3.03,0.340998,42.285,4.551582,0.2,0.014826,NA,NA,NA,NA,NA,NA,NA,NA,NA,NA,NA,NA,NA,NA,NA,NA,NA,NA,NA,NA,NA,NA,NA,NA,NA,NA
"185","Laviska Shenault","JAC","WR","2564232","robust",NA,NA,NA,NA,NA,NA,NA,NA,NA,NA,0.823910992058161,NA,4.581,1.63086,0.055,0.0598715399604238,0.0566666666666667,0.009884,0,NA,0,NA,3.93,0.29652,41.925,1.008168,0.18,0.051891,NA,NA,NA,NA,NA,NA,NA,NA,NA,NA,NA,NA,NA,NA,NA,NA,NA,NA,NA,NA,NA,NA,NA,NA,NA,NA
"186","Darius Slayton","NYG","WR","2562736","robust",NA,NA,NA,NA,NA,NA,NA,NA,NA,NA,0.0333333333333333,0.02471,-0.348,0.59304,0,0,0.0566666666666667,0.009884,0,NA,0,NA,2.4,0.37065,32.65,7.665042,0.145,0.029652,NA,NA,NA,NA,NA,NA,NA,NA,NA,NA,NA,NA,NA,NA,NA,NA,NA,NA,NA,NA,NA,NA,NA,NA,NA,NA
"187","Braxton Berrios","NYJ","WR","2560975","robust",NA,NA,NA,NA,NA,NA,NA,NA,NA,NA,0.05,0,0.36,0.474432,0,0,0,0,0,NA,0,NA,3.145,0.59304,35.85,5.53009800000001,0.13,0.088956,NA,NA,NA,NA,NA,NA,NA,NA,NA,NA,NA,NA,NA,NA,NA,NA,NA,NA,NA,NA,NA,NA,NA,NA,NA,NA
"188","DeSean Jackson","LVR","WR","1581","robust",NA,NA,NA,NA,NA,NA,NA,NA,NA,NA,0.0666666666666667,0.02471,0.475,0.385476,0,0,0.06,0.014826,0,NA,0,NA,1.7,0.177912,32.5,9.384858,0.125,0.07413,NA,NA,NA,NA,NA,NA,NA,NA,NA,NA,NA,NA,NA,NA,NA,NA,NA,NA,NA,NA,NA,NA,NA,NA,NA,NA
"189","T.Y. Hilton","IND","WR","2532865","robust",NA,NA,NA,NA,NA,NA,NA,NA,NA,NA,0,0,0.025,0.022239,0,0,0,0,0,NA,0,NA,2.925,0.252042,37.4,2.876244,0.2,0.00741299999999999,NA,NA,NA,NA,NA,NA,NA,NA,NA,NA,NA,NA,NA,NA,NA,NA,NA,NA,NA,NA,NA,NA,NA,NA,NA,NA
"190","Rondale Moore","ARI","WR","2566433","robust",NA,NA,NA,NA,NA,NA,NA,NA,NA,NA,0.936488457587435,NA,6.42,2.779875,0.02,0.0160042626817975,0.0525,0.066717,0,NA,0,NA,3.93,0.207564,38.05,7.48713,0.2,0.103782,NA,NA,NA,NA,NA,NA,NA,NA,NA,NA,NA,NA,NA,NA,NA,NA,NA,NA,NA,NA,NA,NA,NA,NA,NA,NA
"191","Tim Patrick","DEN","WR","2558985","robust",NA,NA,NA,NA,NA,NA,NA,NA,NA,NA,0,0,0.009,0,0,0,0,0,0,NA,0,NA,2.91,0.252042,39.8,2.52042,0.21,0.07413,NA,NA,NA,NA,NA,NA,NA,NA,NA,NA,NA,NA,NA,NA,NA,NA,NA,NA,NA,NA,NA,NA,NA,NA,NA,NA
"192","Rashard Higgins","CLE","WR","2555468","robust",NA,NA,NA,NA,NA,NA,NA,NA,NA,NA,0,0,0.008,0,0,0,0.0133333333333333,0.009884,0,NA,0,NA,2.6,0.29652,36.06,6.137964,0.1,0.051891,NA,NA,NA,NA,NA,NA,NA,NA,NA,NA,NA,NA,NA,NA,NA,NA,NA,NA,NA,NA,NA,NA,NA,NA,NA,NA
"193","Gabriel Davis","BUF","WR","2563602","robust",NA,NA,NA,NA,NA,NA,NA,NA,NA,NA,0,0,0.0075,0,0,0,0,0,0,NA,0,NA,3.12,0.237216,44.2,1.082298,0.315,0.044478,NA,NA,NA,NA,NA,NA,NA,NA,NA,NA,NA,NA,NA,NA,NA,NA,NA,NA,NA,NA,NA,NA,NA,NA,NA,NA
"194","Bryan Edwards","LVR","WR","2564418","robust",NA,NA,NA,NA,NA,NA,NA,NA,NA,NA,0,0,0.15,0.2194248,0,0,0.00666666666666667,0.004942,0,NA,0,NA,2.4,0.37065,38.29,4.195758,0.19,0.014826,NA,NA,NA,NA,NA,NA,NA,NA,NA,NA,NA,NA,NA,NA,NA,NA,NA,NA,NA,NA,NA,NA,NA,NA,NA,NA
"195","Jalen Reagor","PHI","WR","2564850","robust",NA,NA,NA,NA,NA,NA,NA,NA,NA,NA,0.15,0,1.7225,1.0711785,0.0025,0,0.005,0,0,NA,0,NA,2.1,0.44478,24.215,1.289862,0.1,0.014826,NA,NA,NA,NA,NA,NA,NA,NA,NA,NA,NA,NA,NA,NA,NA,NA,NA,NA,NA,NA,NA,NA,NA,NA,NA,NA
"196","Jalen Guyton","LAC","WR","2562844","robust",NA,NA,NA,NA,NA,NA,NA,NA,NA,NA,0.233333333333333,0.04942,1.152,1.289862,0.00125,0.00185325,0,0,0,NA,0,NA,2.29,0.311346,34.7,5.611641,0.2,0.014826,NA,NA,NA,NA,NA,NA,NA,NA,NA,NA,NA,NA,NA,NA,NA,NA,NA,NA,NA,NA,NA,NA,NA,NA,NA,NA
"197","Allen Lazard","GB","WR","2560787","robust",NA,NA,NA,NA,NA,NA,NA,NA,NA,NA,0.0333333333333333,0.02471,0.608,0.44478,0,0,0.00333333333333333,0.002471,0,NA,0,NA,2.95,0.14826,39.16,1.27503599999999,0.275,0.037065,NA,NA,NA,NA,NA,NA,NA,NA,NA,NA,NA,NA,NA,NA,NA,NA,NA,NA,NA,NA,NA,NA,NA,NA,NA,NA
"198","DeAndre Carter","WAS","WR","2553502","robust",NA,NA,NA,NA,NA,NA,NA,NA,NA,NA,0.266666666666667,0.02471,1.827,1.282449,0,0,0.0333333333333333,0.02471,0,NA,0,NA,3.09,0.496671,35.2,7.77623700000001,0.15,0.059304,NA,NA,NA,NA,NA,NA,NA,NA,NA,NA,NA,NA,NA,NA,NA,NA,NA,NA,NA,NA,NA,NA,NA,NA,NA,NA
"199","Cordarrelle Patterson","ATL","WR","2540145","robust",NA,NA,NA,NA,NA,NA,NA,NA,NA,NA,10.2555555555556,NA,43.05,0,0.4,0,0.175,0,0,NA,0,NA,2.9,1.03782,31.9,4.59606,0.2,0.14826,NA,NA,NA,NA,NA,NA,NA,NA,NA,NA,NA,NA,NA,NA,NA,NA,NA,NA,NA,NA,NA,NA,NA,NA,NA,NA
"200","Keelan Cole","NYJ","WR","2559153","robust",NA,NA,NA,NA,NA,NA,NA,NA,NA,NA,0,0,0.08,0.118608,0.005,0,0.0233333333333333,0.034594,0,NA,0,NA,2.49,0.326172,34.83,2.83176599999999,0.14,0.059304,NA,NA,NA,NA,NA,NA,NA,NA,NA,NA,NA,NA,NA,NA,NA,NA,NA,NA,NA,NA,NA,NA,NA,NA,NA,NA
"201","Albert Wilson","MIA","WR","2550272","robust",NA,NA,NA,NA,NA,NA,NA,NA,NA,NA,0.2,0,2.3,0.29652,0.00625,0,0,0,0,NA,0,NA,3.575,0.163086,35.25,2.179422,0.215,0.044478,NA,NA,NA,NA,NA,NA,NA,NA,NA,NA,NA,NA,NA,NA,NA,NA,NA,NA,NA,NA,NA,NA,NA,NA,NA,NA
"202","Damiere Byrd","CHI","WR","2553499","robust",NA,NA,NA,NA,NA,NA,NA,NA,NA,NA,0,0,0.15,0.1868076,0,0,0,0,0,NA,0,NA,2.335,0.644931,31.4,7.168371,0.1,0.029652,NA,NA,NA,NA,NA,NA,NA,NA,NA,NA,NA,NA,NA,NA,NA,NA,NA,NA,NA,NA,NA,NA,NA,NA,NA,NA
"203","Kalif Raymond","DET","WR","2556661","robust",NA,NA,NA,NA,NA,NA,NA,NA,NA,NA,0.0685416666666667,NA,0.3,0.14826,0,0,0.0333333333333333,0.04942,0,NA,0,NA,2.85,0.66717,34.45,3.63236999999999,0.15,0.14826,NA,NA,NA,NA,NA,NA,NA,NA,NA,NA,NA,NA,NA,NA,NA,NA,NA,NA,NA,NA,NA,NA,NA,NA,NA,NA
"204","Freddie Swain","SEA","WR","2565195","robust",NA,NA,NA,NA,NA,NA,NA,NA,NA,NA,0.166666666666667,0.04942,1.068,0.578214,0,0,0,0,0,NA,0,NA,2.595,0.363237,31.12,6.834786,0.2,0.07413,NA,NA,NA,NA,NA,NA,NA,NA,NA,NA,NA,NA,NA,NA,NA,NA,NA,NA,NA,NA,NA,NA,NA,NA,NA,NA
"205","Marquez Callaway","NO","WR","2565310","robust",NA,NA,NA,NA,NA,NA,NA,NA,NA,NA,0,0,0.007,0.007413,0,0,0.00333333333333333,0.002471,0,NA,0,NA,2.595,0.452193,35.5,2.839179,0.22,0.118608,NA,NA,NA,NA,NA,NA,NA,NA,NA,NA,NA,NA,NA,NA,NA,NA,NA,NA,NA,NA,NA,NA,NA,NA,NA,NA
"206","Jarvis Landry","CLE","WR","2543488","robust",NA,NA,NA,NA,NA,NA,NA,NA,NA,NA,0.381818181818182,NA,2.15,0.0494200000000002,0.1,0,0.125,0.02471,0,NA,0,NA,2.65,1.03782,27.8,10.67472,0.125,0.07413,NA,NA,NA,NA,NA,NA,NA,NA,NA,NA,NA,NA,NA,NA,NA,NA,NA,NA,NA,NA,NA,NA,NA,"Illness",15,2021
"207","Tyler Lockett","SEA","WR","2552430","robust",NA,NA,NA,NA,NA,NA,NA,NA,NA,NA,0,NA,-0.1,0,0,0,0,0,0,NA,0,NA,1.9,0.66717,24.125,10.45233,0.1,0.07413,NA,NA,NA,NA,NA,NA,NA,NA,NA,NA,NA,NA,NA,NA,NA,NA,NA,NA,NA,NA,NA,NA,NA,"Illness",15,2021
"208","Tyler Johnson","TB","WR","2565225","robust",NA,NA,NA,NA,NA,NA,NA,NA,NA,NA,0,0,0.01375,0,0,0,0,0,0,NA,0,NA,2.15,0.22239,26.2,2.00151,0.105,0.029652,NA,NA,NA,NA,NA,NA,NA,NA,NA,NA,NA,NA,NA,NA,NA,NA,NA,NA,NA,NA,NA,NA,NA,NA,NA,NA
"209","Byron Pringle","KC","WR","2560844","robust",NA,NA,NA,NA,NA,NA,NA,NA,NA,NA,0,0,0.05,0.044478,0,0,0.0566666666666667,0.009884,0,NA,0,NA,2.1,0.29652,29.855,5.055666,0.185,0.00741300000000001,NA,NA,NA,NA,NA,NA,NA,NA,NA,NA,NA,NA,NA,NA,NA,NA,NA,NA,NA,NA,NA,NA,NA,NA,NA,NA
"210","Adam Humphries","WAS","WR","2553895","robust",NA,NA,NA,NA,NA,NA,NA,NA,NA,NA,0,0,0.0925,0.1371405,0,0,0.005,0,0,NA,0,NA,2.87,0.14826,32.165,4.729494,0.085,0.103782,NA,NA,NA,NA,NA,NA,NA,NA,NA,NA,NA,NA,NA,NA,NA,NA,NA,NA,NA,NA,NA,NA,NA,NA,NA,NA
"211","Jakeem Grant","CHI","WR","2556190","robust",NA,NA,NA,NA,NA,NA,NA,NA,NA,NA,0.510408595641646,NA,3.6,0.741299999999999,0.02,0.024914496300124,0.05,0,0,NA,0,NA,2.195,0.44478,26.7,3.7065,0.1,0.14826,NA,NA,NA,NA,NA,NA,NA,NA,NA,NA,NA,NA,NA,NA,NA,NA,NA,NA,NA,NA,NA,NA,NA,NA,NA,NA
"212","Quez Watkins","PHI","WR","2564880","robust",NA,NA,NA,NA,NA,NA,NA,NA,NA,NA,0.0666666666666667,0.04942,0.1,0.14826,0,0,0,0,0,NA,0,NA,2.28,0.207564,32.22,4.388496,0.16,0.059304,NA,NA,NA,NA,NA,NA,NA,NA,NA,NA,NA,NA,NA,NA,NA,NA,NA,NA,NA,NA,NA,NA,NA,NA,NA,NA
"213","Mecole Hardman","KC","WR","2562580","robust",NA,NA,NA,NA,NA,NA,NA,NA,NA,NA,0.432336156111929,NA,3.109,0.2950374,0.00596649484536082,0.00632015567010309,0.0775,0.066717,0,NA,0,NA,2.45,0.392889,29.8,3.246894,0.14,0.07413,NA,NA,NA,NA,NA,NA,NA,NA,NA,NA,NA,NA,NA,NA,NA,NA,NA,NA,NA,NA,NA,NA,NA,NA,NA,NA
"214","James Washington","PIT","WR","2560920","robust",NA,NA,NA,NA,NA,NA,NA,NA,NA,NA,0.0333333333333333,0.02471,0.635,0.348411,0,0,0.00333333333333333,0.002471,0,NA,0,NA,2.1,0.948864,25.215,10.97124,0.15,0.07413,NA,NA,NA,NA,NA,NA,NA,NA,NA,NA,NA,NA,NA,NA,NA,NA,NA,NA,NA,NA,NA,NA,NA,NA,NA,NA
"215","Tajae Sharpe","ATL","WR","2555317","robust",NA,NA,NA,NA,NA,NA,NA,NA,NA,NA,0,0,0.13625,0.133434,0,0,0,0,0,NA,0,NA,2.23,0.29652,28,2.9652,0.1,0.029652,NA,NA,NA,NA,NA,NA,NA,NA,NA,NA,NA,NA,NA,NA,NA,NA,NA,NA,NA,NA,NA,NA,NA,NA,NA,NA
"216","Nick Westbrook-Ikhine","TEN","WR","2565477","robust",NA,NA,NA,NA,NA,NA,NA,NA,NA,NA,0,0,0.185,0.2031162,0,0,0.0533333333333333,0.004942,0,NA,0,NA,2.67,0.252042,33.685,1.949619,0.2,0.103782,NA,NA,NA,NA,NA,NA,NA,NA,NA,NA,NA,NA,NA,NA,NA,NA,NA,NA,NA,NA,NA,NA,NA,NA,NA,NA
"217","Curtis Samuel","WAS","WR","2558066","robust",NA,NA,NA,NA,NA,NA,NA,NA,NA,NA,NA,NA,3,0,0.03,0,0.01,0,NA,NA,NA,NA,2.75,0.37065,29.5,8.1543,0.05,0.07413,NA,NA,NA,NA,NA,NA,NA,NA,NA,NA,NA,NA,NA,NA,NA,NA,NA,NA,NA,NA,NA,NA,"O","Hamstring",15,2021
"218","Zach Pascal","IND","WR","2558877","robust",NA,NA,NA,NA,NA,NA,NA,NA,NA,NA,0.0666666666666667,0.02471,0.98,0.1215732,0,0,0.02,0.014826,0,NA,0,NA,2.35,0.281694,29,2.290617,0.15,0.07413,NA,NA,NA,NA,NA,NA,NA,NA,NA,NA,NA,NA,NA,NA,NA,NA,NA,NA,NA,NA,NA,NA,NA,NA,NA,NA
"219","Jauan Jennings","SF","WR","2565114","robust",NA,NA,NA,NA,NA,NA,NA,NA,NA,NA,0,0,0.07,0.044478,0,0,0.00666666666666667,0.004942,0,NA,0,NA,1.82,0.22239,21.6,2.07564,0.1,0.029652,NA,NA,NA,NA,NA,NA,NA,NA,NA,NA,NA,NA,NA,NA,NA,NA,NA,NA,NA,NA,NA,NA,NA,NA,NA,NA
"220","D'Wayne Eskridge","SEA","WR","2566553","robust",NA,NA,NA,NA,NA,NA,NA,NA,NA,NA,0.320134733292459,NA,2.092,0.3439632,0.00311695278969957,0.00369854613733906,0,0,0,NA,0,NA,1.97,0.333585,23.12,3.63237,0.095,0.051891,NA,NA,NA,NA,NA,NA,NA,NA,NA,NA,NA,NA,NA,NA,NA,NA,NA,NA,NA,NA,NA,NA,NA,NA,NA,NA
"221","Zay Jones","LVR","WR","2557863","robust",NA,NA,NA,NA,NA,NA,NA,NA,NA,NA,0.0666666666666667,0.02471,0.296,0.29652,0,0,0.0666666666666667,0.02471,0,NA,0,NA,2.36,0.37065,29.33,3.580479,0.1,0.07413,NA,NA,NA,NA,NA,NA,NA,NA,NA,NA,NA,NA,NA,NA,NA,NA,NA,NA,NA,NA,NA,NA,NA,NA,NA,NA
"222","Cedrick Wilson","DAL","WR","2560936","robust",NA,NA,NA,NA,NA,NA,NA,NA,NA,NA,0.1,0,0.5,0.44478,0,0,0,0,0,NA,0,NA,1.885,0.548562,23.955,9.622074,0.13,0.014826,NA,NA,NA,NA,NA,NA,NA,NA,NA,NA,NA,NA,NA,NA,NA,NA,NA,NA,NA,NA,NA,NA,NA,NA,NA,NA
"223","Anthony Schwartz","CLE","WR","2565986","robust",NA,NA,NA,NA,NA,NA,NA,NA,NA,NA,NA,NA,0.965,1.430709,0.005,0.007413,0.01,0,NA,NA,NA,NA,1.345,1.401057,19.56,18.621456,0.075,0.096369,NA,NA,NA,NA,NA,NA,NA,NA,NA,NA,NA,NA,NA,NA,NA,NA,NA,NA,NA,NA,NA,NA,NA,NA,NA,NA
"224","Chris Conley","HOU","WR","2552652","robust",NA,NA,NA,NA,NA,NA,NA,NA,NA,NA,0,0,0.004,0,0,0,0.0533333333333333,0.004942,0,NA,0,NA,1.83,0.22239,25,3.365502,0.1,0,NA,NA,NA,NA,NA,NA,NA,NA,NA,NA,NA,NA,NA,NA,NA,NA,NA,NA,NA,NA,NA,NA,NA,NA,NA,NA
"225","Brandon Zylstra","CAR","WR","2560243","robust",NA,NA,NA,NA,NA,NA,NA,NA,NA,NA,0,0,0.01,0,0,0,0,0,0,NA,0,NA,2,0.563388,24.435,8.1543,0.1,0,NA,NA,NA,NA,NA,NA,NA,NA,NA,NA,NA,NA,NA,NA,NA,NA,NA,NA,NA,NA,NA,NA,NA,NA,NA,NA
"226","Mack Hollins","MIA","WR","2558262","robust",NA,NA,NA,NA,NA,NA,NA,NA,NA,NA,0,0,0.015,0,0,0,0,0,0,NA,0,NA,1.94,0.0889560000000001,24.2,5.63388,0.15,0.088956,NA,NA,NA,NA,NA,NA,NA,NA,NA,NA,NA,NA,NA,NA,NA,NA,NA,NA,NA,NA,NA,NA,NA,NA,NA,NA
"227","Chester Rogers","TEN","WR","2556396","robust",NA,NA,NA,NA,NA,NA,NA,NA,NA,NA,0.0333333333333333,0.02471,0.75,0.3380328,0,0,0.0433333333333333,0.009884,0,NA,0,NA,1.8,0.29652,21.255,2.2239,0.1,0.051891,NA,NA,NA,NA,NA,NA,NA,NA,NA,NA,NA,NA,NA,NA,NA,NA,NA,NA,NA,NA,NA,NA,NA,NA,NA,NA
"228","KhaDarel Hodge","DET","WR","2561653","robust",NA,NA,NA,NA,NA,NA,NA,NA,NA,NA,0,0,0,0,0,0,0,0,0,NA,0,NA,1.325,0.748713,15.625,8.169126,0.0775,0.07413,NA,NA,NA,NA,NA,NA,NA,NA,NA,NA,NA,NA,NA,NA,NA,NA,NA,NA,NA,NA,NA,NA,NA,NA,NA,NA
"229","Ja'Marcus Bradley","CLE","WR","2563761","robust",NA,NA,NA,NA,NA,NA,NA,NA,NA,NA,0,0,0.105,0.007413,0,0,0,0,NA,NA,NA,NA,1.545,0.674583,22.29,8.169126,0.155,0.066717,NA,NA,NA,NA,NA,NA,NA,NA,NA,NA,NA,NA,NA,NA,NA,NA,NA,NA,NA,NA,NA,NA,NA,NA,NA,NA
"230","Ray-Ray McCloud","PIT","WR","2560801","robust",NA,NA,NA,NA,NA,NA,NA,NA,NA,NA,0.05,0.037065,1.055,0.756126,0,0,0.04,0.029652,0,NA,0,NA,2.4375,0.14826,22.58,4.00302,0.0925,0.044478,NA,NA,NA,NA,NA,NA,NA,NA,NA,NA,NA,NA,NA,NA,NA,NA,NA,NA,NA,NA,NA,NA,NA,NA,NA,NA
"231","Olamide Zaccheaus","ATL","WR","2562808","robust",NA,NA,NA,NA,NA,NA,NA,NA,NA,NA,0.0333333333333333,0.04942,0.1,0.14826,0,0,0,0,0,NA,0,NA,1.8,0.177912,22.98,4.29954,0.125,0.014826,NA,NA,NA,NA,NA,NA,NA,NA,NA,NA,NA,NA,NA,NA,NA,NA,NA,NA,NA,NA,NA,NA,NA,NA,NA,NA
"232","Denzel Mims","NYJ","WR","2564802","robust",NA,NA,NA,NA,NA,NA,NA,NA,NA,NA,0,0,0.011,0,0,0,0,0,0,NA,0,NA,1.65,0.311346,21.35,6.00453,0.07,0,NA,NA,NA,NA,NA,NA,NA,NA,NA,NA,NA,NA,NA,NA,NA,NA,NA,NA,NA,NA,NA,NA,NA,NA,NA,NA
"233","Isaiah Ford","MIA","WR","2558071","robust",NA,NA,NA,NA,NA,NA,NA,NA,NA,NA,0,0,0.07,0.103782,0,0,0,0,0,NA,0,NA,1.64,0.7413,18.595,8.361864,0.12,0.029652,NA,NA,NA,NA,NA,NA,NA,NA,NA,NA,NA,NA,NA,NA,NA,NA,NA,NA,NA,NA,NA,NA,NA,NA,NA,NA
"234","Preston Williams","MIA","WR","2562805","robust",NA,NA,NA,NA,NA,NA,NA,NA,NA,NA,0,0,0.09,0.07413,0,0,0,0,0,NA,0,NA,1.4,0.429954,18.1075,5.026014,0.13,0.07413,NA,NA,NA,NA,NA,NA,NA,NA,NA,NA,NA,NA,NA,NA,NA,NA,NA,NA,NA,NA,NA,NA,NA,NA,NA,NA
"235","Cody Hollister","TEN","WR","2558955","robust",NA,NA,NA,NA,NA,NA,NA,NA,NA,NA,0.08025,0,0.24,0.207564,0,0,0,0,0,NA,0,NA,1.345,0.29652,18.4775,4.89258,0.0825,0,NA,NA,NA,NA,NA,NA,NA,NA,NA,NA,NA,NA,NA,NA,NA,NA,NA,NA,NA,NA,NA,NA,NA,NA,NA,NA
"236","Antoine Wesley","ARI","WR","2562542","robust",NA,NA,NA,NA,NA,NA,NA,NA,NA,NA,0,0,0.0075,0.007413,0,0,0,0,0,NA,0,NA,1.58,0.37065,20.325,4.00302,0.0675,0.07413,NA,NA,NA,NA,NA,NA,NA,NA,NA,NA,NA,NA,NA,NA,NA,NA,NA,NA,NA,NA,NA,NA,NA,NA,NA,NA
"237","Josh Palmer","LAC","WR","2566502","robust",NA,NA,NA,NA,NA,NA,NA,NA,NA,NA,0.0333333333333333,0.02471,0.536,0.29652,0,0,0,0,0,NA,0,NA,1.45,0.0741300000000001,17.875,0.96369,0.115,0.022239,NA,NA,NA,NA,NA,NA,NA,NA,NA,NA,NA,NA,NA,NA,NA,NA,NA,NA,NA,NA,NA,NA,NA,NA,NA,NA
"238","Devin Duvernay","BAL","WR","2563551","robust",NA,NA,NA,NA,NA,NA,NA,NA,NA,NA,0.501752336448598,0.037065,3,0.155673,0.0075,0.007413,0,0,0,NA,0,NA,1.925,0.14826,19.69,2.201661,0.095,0.00741300000000001,NA,NA,NA,NA,NA,NA,NA,NA,NA,NA,NA,NA,NA,NA,NA,NA,NA,NA,NA,NA,NA,NA,NA,NA,NA,NA
"239","Lil'Jordan Humphrey","NO","WR","2562567","robust",NA,NA,NA,NA,NA,NA,NA,NA,NA,NA,0,0,0.075,0.111195,0,0,0,0,0,NA,0,NA,1.3,0.118608,19.65,1.18608,0.1,0.14826,NA,NA,NA,NA,NA,NA,NA,NA,NA,NA,NA,NA,NA,NA,NA,NA,NA,NA,NA,NA,NA,NA,NA,NA,NA,NA
"240","Ben Skowronek","LAR","WR","2566247","robust",NA,NA,NA,NA,NA,NA,NA,NA,NA,NA,0,0,0.1,0.133434,0,0,0,0,0,NA,0,NA,1.235,0.59304,17.53,3.40998,0.05,0.07413,NA,NA,NA,NA,NA,NA,NA,NA,NA,NA,NA,NA,NA,NA,NA,NA,NA,NA,NA,NA,NA,NA,NA,NA,NA,NA
"241","Demarcus Robinson","KC","WR","2555478","robust",NA,NA,NA,NA,NA,NA,NA,NA,NA,NA,0,0,0.004,0,0,0,0.01,0.007413,0,NA,0,NA,1.595,0.252042,17.95,2.097879,0.11,0.022239,NA,NA,NA,NA,NA,NA,NA,NA,NA,NA,NA,NA,NA,NA,NA,NA,NA,NA,NA,NA,NA,NA,NA,NA,NA,NA
"242","Penny Hart","SEA","WR","2562804","robust",NA,NA,NA,NA,NA,NA,NA,NA,NA,NA,0,0,0.0525,0.059304,0,0,0,0,0,NA,0,NA,1.295,0.563388,14.28,8.109822,0.0725,0.044478,NA,NA,NA,NA,NA,NA,NA,NA,NA,NA,NA,NA,NA,NA,NA,NA,NA,NA,NA,NA,NA,NA,NA,NA,NA,NA
"243","Amari Rodgers","GB","WR","2566091","robust",NA,NA,NA,NA,NA,NA,NA,NA,NA,NA,0.104220779220779,0,0.95,0.14826,0,0,0.075,0,0,NA,0,NA,0.75,0.59304,11.95,13.04688,0.075,0,NA,NA,NA,NA,NA,NA,NA,NA,NA,NA,NA,NA,NA,NA,NA,NA,NA,NA,NA,NA,NA,NA,NA,NA,NA,NA
"244","Jaydon Mickens","JAC","WR","2556861","robust",NA,NA,NA,NA,NA,NA,NA,NA,NA,NA,0,0,0.11,0.14826,0,0,0,0,0,NA,0,NA,1.1175,0.785778,13.5875,11.134326,0.09,0.029652,NA,NA,NA,NA,NA,NA,NA,NA,NA,NA,NA,NA,NA,NA,NA,NA,NA,NA,NA,NA,NA,NA,NA,NA,NA,NA
"245","Tavon Austin","JAC","WR","2539336","robust",NA,NA,NA,NA,NA,NA,NA,NA,NA,NA,0,0,0.325,0.29652,0,0,0.01,0.007413,0,NA,0,NA,1.775,0.274281,19.8,1.230558,0.1025,0.022239,NA,NA,NA,NA,NA,NA,NA,NA,NA,NA,NA,NA,NA,NA,NA,NA,NA,NA,NA,NA,NA,NA,NA,NA,NA,NA
"246","Cam Sims","WAS","WR","2561067","robust",NA,NA,NA,NA,NA,NA,NA,NA,NA,NA,0,0,0.3075,0.303933,0,0,0.005,0.0037065,0,NA,0,NA,1.685,0.014826,19.8325,0.800604000000001,0.1,0.014826,NA,NA,NA,NA,NA,NA,NA,NA,NA,NA,NA,NA,NA,NA,NA,NA,NA,NA,NA,NA,NA,NA,NA,NA,NA,NA
"247","Dyami Brown","WAS","WR","2566586","robust",NA,NA,NA,NA,NA,NA,NA,NA,NA,NA,0,0,0.025,0.140847,0,0,0,0,0,NA,0,NA,0.9875,0.37065,12.07,5.63388,0.0575,0.044478,NA,NA,NA,NA,NA,NA,NA,NA,NA,NA,NA,NA,NA,NA,NA,NA,NA,NA,NA,NA,NA,NA,NA,NA,NA,NA
"248","Ihmir Smith-Marsette","MIN","WR","2566319","robust",NA,NA,NA,NA,NA,NA,NA,NA,NA,NA,0,0,0.1675,0.103782,0,0,0,0,0,NA,0,NA,0.855,0.37065,9.7575,2.431464,0.085,0.014826,NA,NA,NA,NA,NA,NA,NA,NA,NA,NA,NA,NA,NA,NA,NA,NA,NA,NA,NA,NA,NA,NA,NA,NA,NA,NA
"249","Mohamed Sanu","SF","WR","2533040","robust",NA,NA,NA,NA,NA,NA,NA,NA,NA,NA,0,0,0.03,0.044478,0,0,0.03,0,NA,NA,NA,NA,0.915,0.719061,10.625,9.451575,0.04,0.014826,NA,NA,NA,NA,NA,NA,NA,NA,NA,NA,NA,NA,NA,NA,NA,NA,NA,NA,NA,NA,NA,NA,"IR","Knee",15,2021
"250","Isaiah McKenzie","BUF","WR","2558129","robust",NA,NA,NA,NA,NA,NA,NA,NA,NA,NA,0.517508370535714,0.1038068203125,2.72,0.548562,0.02,0.029652,0,0,0,NA,0,NA,1.23,0.681996,12.34,5.871096,0.0975,0.07413,NA,NA,NA,NA,NA,NA,NA,NA,NA,NA,NA,NA,NA,NA,NA,NA,NA,NA,NA,NA,NA,NA,NA,NA,NA,NA
"251","Racey McMath","TEN","WR","2566112","robust",NA,NA,NA,NA,NA,NA,NA,NA,NA,NA,0,0,0.0975,0.133434,0,0,0,0,0,NA,0,NA,0.9825,0.340998,12.09,4.803624,0.085,0,NA,NA,NA,NA,NA,NA,NA,NA,NA,NA,NA,NA,NA,NA,NA,NA,NA,NA,NA,NA,NA,NA,NA,NA,NA,NA
"252","Ryan Switzer","CLE","WR","2557960","robust",NA,NA,NA,NA,NA,NA,NA,NA,NA,NA,0,0,0,0,0,0,0,0,NA,NA,NA,NA,1.49,0.014826,14.5,0,0.09,0.014826,NA,NA,NA,NA,NA,NA,NA,NA,NA,NA,NA,NA,NA,NA,NA,NA,NA,NA,NA,NA,NA,NA,"IR","Foot",15,2021
"253","Phillip Dorsett","HOU","WR","2552424","robust",NA,NA,NA,NA,NA,NA,NA,NA,NA,NA,0.267598610872921,0.22239,1.62,1.26021,0.0075,0.007413,0,0,0,NA,0,NA,0.7325,0.481845,10.285,3.506349,0.0475,0.044478,NA,NA,NA,NA,NA,NA,NA,NA,NA,NA,NA,NA,NA,NA,NA,NA,NA,NA,NA,NA,NA,NA,NA,NA,NA,NA
"254","Dede Westbrook","MIN","WR","2557895","robust",NA,NA,NA,NA,NA,NA,NA,NA,NA,NA,0,0,0,0,0,0,0,0,0,NA,0,NA,1.0775,0.014826,11.075,0.0741300000000011,0.08,0.029652,NA,NA,NA,NA,NA,NA,NA,NA,NA,NA,NA,NA,NA,NA,NA,NA,NA,NA,NA,NA,NA,NA,NA,"Illness",15,2021
"255","Pharoh Cooper","NYG","WR","2555419","robust",NA,NA,NA,NA,NA,NA,NA,NA,NA,NA,0,0,0.5325,0.51891,0,0,0,0,0,NA,0,NA,0.63,0.333585,7.2,4.825863,0.0525,0.044478,NA,NA,NA,NA,NA,NA,NA,NA,NA,NA,NA,NA,NA,NA,NA,NA,NA,NA,NA,NA,NA,NA,NA,NA,NA,NA
"256","N'Keal Harry","NE","WR","2562659","robust",NA,NA,NA,NA,NA,NA,NA,NA,NA,NA,0,0,0.03,0.029652,0,0,0.035,0.0259455,0,NA,0,NA,0.875,0.207564,11.3,1.052646,0.075,0.022239,NA,NA,NA,NA,NA,NA,NA,NA,NA,NA,NA,NA,NA,NA,NA,NA,NA,NA,NA,NA,NA,NA,NA,NA,NA,NA
"257","George Kittle","SF","TE","2558266","robust",NA,NA,NA,NA,NA,NA,NA,NA,NA,NA,0.305,0,1.24625,0.4929645,0.01375,0.0111195,0.09625,0.0111195,0,NA,0,NA,5.835,0.133434,74.4475,3.57306600000002,0.58,0.044478,NA,NA,NA,NA,NA,NA,NA,NA,NA,NA,NA,NA,NA,NA,NA,NA,NA,NA,NA,NA,NA,NA,NA,NA,NA,NA
"258","Travis Kelce","KC","TE","2540258","robust",NA,NA,NA,NA,NA,NA,NA,NA,NA,NA,0.255,0,0.66375,0.5448555,0.0466666666666667,0,0.06875,0.0037065,0,NA,0,NA,5.875,0.148260000000001,70.9,1.4826,0.6075,0.29652,NA,NA,NA,NA,NA,NA,NA,NA,NA,NA,NA,NA,NA,NA,NA,NA,NA,NA,NA,NA,NA,NA,NA,NA,NA,NA
"259","Rob Gronkowski","TB","TE","497240","robust",NA,NA,NA,NA,NA,NA,NA,NA,NA,NA,0,0,0.01,0.029652,0,0,0,0,0,NA,0,NA,4.83,0.770951999999999,60.4625,5.73766200000001,0.69,0.237216,NA,NA,NA,NA,NA,NA,NA,NA,NA,NA,NA,NA,NA,NA,NA,NA,NA,NA,NA,NA,NA,NA,NA,NA,NA,NA
"260","Mark Andrews","BAL","TE","2560957","robust",NA,NA,NA,NA,NA,NA,NA,NA,NA,NA,0,0,0.0075,0.022239,0,0,0,0,0,NA,0,NA,5.225,0.7413,60,3.26172,0.4325,0.14826,NA,NA,NA,NA,NA,NA,NA,NA,NA,NA,NA,NA,NA,NA,NA,NA,NA,NA,NA,NA,NA,NA,NA,NA,NA,NA
"261","Kyle Pitts","ATL","TE","2565830","robust",NA,NA,NA,NA,NA,NA,NA,NA,NA,NA,0,0,0.0075,0.022239,0,0,0,0,0,NA,0,NA,4.5275,0.29652,55.775,1.03782,0.2,0,NA,NA,NA,NA,NA,NA,NA,NA,NA,NA,NA,NA,NA,NA,NA,NA,NA,NA,NA,NA,NA,NA,NA,NA,NA,NA
"262","Zach Ertz","ARI","TE","2540158","robust",NA,NA,NA,NA,NA,NA,NA,NA,NA,NA,0,0,0.075,0.22239,0,0,0.00125,0.0037065,0,NA,0,NA,4,0.14826,45.0775,2.37216,0.575,0.237216,NA,NA,NA,NA,NA,NA,NA,NA,NA,NA,NA,NA,NA,NA,NA,NA,NA,NA,NA,NA,NA,NA,NA,NA,NA,NA
"263","Mike Gesicki","MIA","TE","2560994","robust",NA,NA,NA,NA,NA,NA,NA,NA,NA,NA,0,0,0.0075,0.022239,0,0,0,0,0,NA,0,NA,4.5475,0.29652,50.5,3.7065,0.4,0.163086,NA,NA,NA,NA,NA,NA,NA,NA,NA,NA,NA,NA,NA,NA,NA,NA,NA,NA,NA,NA,NA,NA,NA,NA,NA,NA
"264","Pat Freiermuth","PIT","TE","2566442","robust",NA,NA,NA,NA,NA,NA,NA,NA,NA,NA,0,0,0.01,0,0.00333333333333333,0,0.05,0.07413,0,NA,0,NA,3.9775,0.44478,40.5,3.7065,0.475,0.14826,NA,NA,NA,NA,NA,NA,NA,NA,NA,NA,NA,NA,NA,NA,NA,NA,NA,NA,NA,NA,NA,NA,NA,NA,NA,NA
"265","Dallas Goedert","PHI","TE","2560995","robust",NA,NA,NA,NA,NA,NA,NA,NA,NA,NA,0,0,0.00625,0.0185325,0,0,0,0,0,NA,0,NA,4.195,0.29652,51.3875,2.07564,0.5,0.22239,NA,NA,NA,NA,NA,NA,NA,NA,NA,NA,NA,NA,NA,NA,NA,NA,NA,NA,NA,NA,NA,NA,NA,NA,NA,NA
"266","Dawson Knox","BUF","TE","2562681","robust",NA,NA,NA,NA,NA,NA,NA,NA,NA,NA,0,0,0.0075,0.022239,0,0,0.00625,0.0185325,0,NA,0,NA,3.775,0.29652,43.85,4.19575800000001,0.5,0.192738,NA,NA,NA,NA,NA,NA,NA,NA,NA,NA,NA,NA,NA,NA,NA,NA,NA,NA,NA,NA,NA,NA,NA,NA,NA,NA
"267","Noah Fant","DEN","TE","2562383","robust",NA,NA,NA,NA,NA,NA,NA,NA,NA,NA,0,0,0.00875,0.0259455,0,0,0,0,0,NA,0,NA,4,0.14826,41.45,1.77912,0.22,0.059304,NA,NA,NA,NA,NA,NA,NA,NA,NA,NA,NA,NA,NA,NA,NA,NA,NA,NA,NA,NA,NA,NA,NA,NA,NA,NA
"268","Tyler Conklin","MIN","TE","2561027","robust",NA,NA,NA,NA,NA,NA,NA,NA,NA,NA,0,0,0.02,0.014826,0,0,0.00666666666666667,0.004942,0,NA,0,NA,3.715,0.318759,40.655,3.914064,0.205,0.07413,NA,NA,NA,NA,NA,NA,NA,NA,NA,NA,NA,NA,NA,NA,NA,NA,NA,NA,NA,NA,NA,NA,NA,NA,NA,NA
"269","Dalton Schultz","DAL","TE","2560866","robust",NA,NA,NA,NA,NA,NA,NA,NA,NA,NA,0,0,0.00625,0.0185325,0,0,0,0,0,NA,0,NA,3.515,0.607866,40.53,2.535246,0.2225,0.044478,NA,NA,NA,NA,NA,NA,NA,NA,NA,NA,NA,NA,NA,NA,NA,NA,NA,NA,NA,NA,NA,NA,NA,NA,NA,NA
"270","Gerald Everett","SEA","TE","2557889","robust",NA,NA,NA,NA,NA,NA,NA,NA,NA,NA,0,0,1.49666666666667,0.373121,0.00333333333333333,0.002471,0.133333333333333,0.02471,0,NA,0,NA,3.605,0.481845,33.34,3.395154,0.2,0.022239,NA,NA,NA,NA,NA,NA,NA,NA,NA,NA,NA,NA,NA,NA,NA,NA,NA,NA,NA,NA,NA,NA,NA,NA,NA,NA
"271","David Njoku","CLE","TE","2557986","robust",NA,NA,NA,NA,NA,NA,NA,NA,NA,NA,0,0,0.233333333333333,0.17297,0,0,0,0,0,NA,0,NA,3.05,0.155673,38.1,1.801359,0.205,0.07413,NA,NA,NA,NA,NA,NA,NA,NA,NA,NA,NA,NA,NA,NA,NA,NA,NA,NA,NA,NA,NA,NA,NA,NA,NA,NA
"272","Nick Vannett","NO","TE","2555289","robust",NA,NA,NA,NA,NA,NA,NA,NA,NA,NA,0,0,0.02,0.014826,0,0,0.0133333333333333,0.009884,0,NA,0,NA,2.1,0.808017,23.2,8.739927,0.1,0.103782,NA,NA,NA,NA,NA,NA,NA,NA,NA,NA,NA,NA,NA,NA,NA,NA,NA,NA,NA,NA,NA,NA,NA,NA,NA,NA
"273","Cole Kmet","CHI","TE","2563704","robust",NA,NA,NA,NA,NA,NA,NA,NA,NA,NA,0,0,0.19,0.140847,0,0,0.01,0.007413,0,NA,0,NA,3.35,0.22239,35.8,4.210584,0.145,0.029652,NA,NA,NA,NA,NA,NA,NA,NA,NA,NA,NA,NA,NA,NA,NA,NA,NA,NA,NA,NA,NA,NA,NA,NA,NA,NA
"274","Evan Engram","NYG","TE","2557858","robust",NA,NA,NA,NA,NA,NA,NA,NA,NA,NA,0,0,0.09,0.066717,0.015,0,0.0533333333333333,0.004942,0,NA,0,NA,3.275,0.111195,34.2,1.564143,0.11,0.07413,NA,NA,NA,NA,NA,NA,NA,NA,NA,NA,NA,NA,NA,NA,NA,NA,NA,NA,NA,NA,NA,NA,NA,NA,NA,NA
"275","Jared Cook","LAC","TE","71265","robust",NA,NA,NA,NA,NA,NA,NA,NA,NA,NA,0,0,0.005,0.014826,0,0,0.0025,0.007413,0,NA,0,NA,2.9,0.29652,32.7,1.438122,0.22,0.044478,NA,NA,NA,NA,NA,NA,NA,NA,NA,NA,NA,NA,NA,NA,NA,NA,NA,NA,NA,NA,NA,NA,NA,NA,NA,NA
"276","Foster Moreau","LVR","TE","2562317","robust",NA,NA,NA,NA,NA,NA,NA,NA,NA,NA,0,0,0.02,0.014826,0,0,0.00666666666666667,0.004942,0,NA,0,NA,2.7,0.659757,31.245,8.295147,0.24,0.088956,NA,NA,NA,NA,NA,NA,NA,NA,NA,NA,NA,NA,NA,NA,NA,NA,NA,NA,NA,NA,NA,NA,NA,NA,NA,NA
"277","James OShaughnessy","JAC","TE","2553318","robust",NA,NA,NA,NA,NA,NA,NA,NA,NA,NA,0,0,0.0133333333333333,0.009884,0,0,0.01,0.007413,0,NA,0,NA,2.965,0.14826,32.5,5.455968,0.1,0.088956,NA,NA,NA,NA,NA,NA,NA,NA,NA,NA,NA,NA,NA,NA,NA,NA,NA,NA,NA,NA,NA,NA,NA,NA,NA,NA
"278","Geoff Swaim","TEN","TE","2553454","robust",NA,NA,NA,NA,NA,NA,NA,NA,NA,NA,0,0,0.02,0.014826,0,0,0,0,0,NA,0,NA,2.26,0.415128,21.075,5.11497,0.15,0.044478,NA,NA,NA,NA,NA,NA,NA,NA,NA,NA,NA,NA,NA,NA,NA,NA,NA,NA,NA,NA,NA,NA,NA,NA,NA,NA
"279","Hunter Henry","NE","TE","2555341","robust",NA,NA,NA,NA,NA,NA,NA,NA,NA,NA,0,0,0.15625,0.3150525,0,0,0,0,0,NA,0,NA,2.51,0.7413,28.5125,4.00302,0.21,0.059304,NA,NA,NA,NA,NA,NA,NA,NA,NA,NA,NA,NA,NA,NA,NA,NA,NA,NA,NA,NA,NA,NA,NA,NA,NA,NA
"280","Jack Doyle","IND","TE","2540232","robust",NA,NA,NA,NA,NA,NA,NA,NA,NA,NA,0,0,0.0166666666666667,0.012355,0,0,0.01,0.007413,0,NA,0,NA,2.1,0.281694,24.2,5.878509,0.15,0.07413,NA,NA,NA,NA,NA,NA,NA,NA,NA,NA,NA,NA,NA,NA,NA,NA,NA,NA,NA,NA,NA,NA,NA,NA,NA,NA
"281","Ricky Seals-Jones","WAS","TE","2559248","robust",NA,NA,NA,NA,NA,NA,NA,NA,NA,NA,0,0,0.015,0,0,0,0,0,0,NA,0,NA,2.87,0.29652,29.38,6.701352,0.16,0.07413,NA,NA,NA,NA,NA,NA,NA,NA,NA,NA,NA,NA,NA,NA,NA,NA,NA,NA,NA,NA,NA,NA,"Q","Illness",15,2021
"282","John Bates","WAS","TE","2566580","robust",NA,NA,NA,NA,NA,NA,NA,NA,NA,NA,0,0,0.05,0.014826,0,0,0.01,0.007413,0,NA,0,NA,2,0.37065,20.8,2.238726,0.1,0.059304,NA,NA,NA,NA,NA,NA,NA,NA,NA,NA,NA,NA,NA,NA,NA,NA,NA,NA,NA,NA,NA,NA,NA,NA,NA,NA
"283","Josiah Deguara","GB","TE","2563980","robust",NA,NA,NA,NA,NA,NA,NA,NA,NA,NA,0,0,0.0133333333333333,0.019768,0,0,0,0,0,NA,0,NA,2.01,0.281694000000001,20.4,1.586382,0.17,0.044478,NA,NA,NA,NA,NA,NA,NA,NA,NA,NA,NA,NA,NA,NA,NA,NA,NA,NA,NA,NA,NA,NA,NA,NA,NA,NA
"284","C.J. Uzomah","CIN","TE","2552559","robust",NA,NA,NA,NA,NA,NA,NA,NA,NA,NA,0,0,0.00625,0.00926625,0,0,0.00333333333333333,0.002471,0,NA,0,NA,2.7,0.118608,28.6,1.897728,0.215,0.103782,NA,NA,NA,NA,NA,NA,NA,NA,NA,NA,NA,NA,NA,NA,NA,NA,NA,NA,NA,NA,NA,NA,NA,NA,NA,NA
"285","Jonnu Smith","NE","TE","2558207","robust",NA,NA,NA,NA,NA,NA,NA,NA,NA,NA,0.333532608695652,NA,2.82,0.044478,0.0723317665491578,0.0313805385428907,0,0,0,NA,0,NA,2.4,0.51891,25.495,4.07715,0.105,0.07413,NA,NA,NA,NA,NA,NA,NA,NA,NA,NA,NA,NA,NA,NA,NA,NA,NA,NA,NA,NA,NA,NA,NA,NA,NA,NA
"286","Albert Okwuegbunam","DEN","TE","2563911","robust",NA,NA,NA,NA,NA,NA,NA,NA,NA,NA,0,0,0.0133333333333333,0.009884,0,0,0.0466666666666667,0.004942,0,NA,0,NA,2.53,0.385476,26.705,2.59455,0.2,0.051891,NA,NA,NA,NA,NA,NA,NA,NA,NA,NA,NA,NA,NA,NA,NA,NA,NA,NA,NA,NA,NA,NA,NA,NA,NA,NA
"287","Tyler Higbee","LAR","TE","2555364","robust",NA,NA,NA,NA,NA,NA,NA,NA,NA,NA,0,0,0.01,0.007413,0,0,0,0,0,NA,0,NA,1,0,10,0,0,0,NA,NA,NA,NA,NA,NA,NA,NA,NA,NA,NA,NA,NA,NA,NA,NA,NA,NA,NA,NA,NA,NA,NA,"Undisclosed",15,2021
"288","Brevin Jordan","HOU","TE","2566130","robust",NA,NA,NA,NA,NA,NA,NA,NA,NA,NA,0,0,0.0466666666666667,0.002471,0,0,0.0133333333333333,0.009884,0,NA,0,NA,2.25,0.852495,21.95,3.676848,0.15,0.155673,NA,NA,NA,NA,NA,NA,NA,NA,NA,NA,NA,NA,NA,NA,NA,NA,NA,NA,NA,NA,NA,NA,NA,NA,NA,NA
"289","Jordan Akins","HOU","TE","2560951","robust",NA,NA,NA,NA,NA,NA,NA,NA,NA,NA,0,0,0.17,0.252042,0,0,0.166666666666667,0.04942,0,NA,0,NA,1.995,0.59304,19.04,3.55824,0.085,0,NA,NA,NA,NA,NA,NA,NA,NA,NA,NA,NA,NA,NA,NA,NA,NA,NA,NA,NA,NA,NA,NA,NA,NA,NA,NA
"290","Adam Trautman","NO","TE","2564703","robust",NA,NA,NA,NA,NA,NA,NA,NA,NA,NA,0,0,0.03,0.044478,0,0,0.1,0,0,NA,0,NA,2.03,0.637518,22.02,3.157938,0.13,0.029652,NA,NA,NA,NA,NA,NA,NA,NA,NA,NA,NA,NA,NA,NA,NA,NA,NA,NA,NA,NA,NA,NA,NA,NA,NA,NA
"291","Ryan Griffin","NYJ","TE","2541316","robust",NA,NA,NA,NA,NA,NA,NA,NA,NA,NA,0,0,0.0166666666666667,0.012355,0,0,0,0,0,NA,0,NA,1.935,0.22239,20.265,3.943716,0.105,0.07413,NA,NA,NA,NA,NA,NA,NA,NA,NA,NA,NA,NA,NA,NA,NA,NA,NA,NA,NA,NA,NA,NA,NA,NA,NA,NA
"292","Marcedes Lewis","GB","TE","2495888","robust",NA,NA,NA,NA,NA,NA,NA,NA,NA,NA,0,0,0.0166666666666667,0.012355,0,0,0,0,0,NA,0,NA,1.55,0.644931,17.4,5.1891,0.1,0.014826,NA,NA,NA,NA,NA,NA,NA,NA,NA,NA,NA,NA,NA,NA,NA,NA,NA,NA,NA,NA,NA,NA,NA,NA,NA,NA
"293","Will Dissly","SEA","TE","2561046","robust",NA,NA,NA,NA,NA,NA,NA,NA,NA,NA,0,0,0.0233333333333333,0.019768,0,0,0,0,0,NA,0,NA,1.71,0.192738,18.85,1.764294,0.1,0,NA,NA,NA,NA,NA,NA,NA,NA,NA,NA,NA,NA,NA,NA,NA,NA,NA,NA,NA,NA,NA,NA,NA,NA,NA,NA
"294","Donald Parham","LAC","TE","2562394","robust",NA,NA,NA,NA,NA,NA,NA,NA,NA,NA,0,NA,0.015,0.0111195,0,0,0,0,0,NA,0,NA,1.52,0.415128,15.0825,3.046743,0.15,0.14826,NA,NA,NA,NA,NA,NA,NA,NA,NA,NA,NA,NA,NA,NA,NA,NA,NA,NA,NA,NA,NA,NA,NA,NA,NA,NA
"295","Cameron Brate","TB","TE","2550656","robust",NA,NA,NA,NA,NA,NA,NA,NA,NA,NA,0,0,0.01,0.014826,0,0,0,0,0,NA,0,NA,2,0.14826,19.05,1.63086,0.16,0.029652,NA,NA,NA,NA,NA,NA,NA,NA,NA,NA,NA,NA,NA,NA,NA,NA,NA,NA,NA,NA,NA,NA,NA,NA,NA,NA
"296","Jimmy Graham","CHI","TE","497236","robust",NA,NA,NA,NA,NA,NA,NA,NA,NA,NA,0,0,0.04,0.029652,0,0,0,0,0,NA,0,NA,1.3,0.415128,14.885,3.7065,0.11,0.037065,NA,NA,NA,NA,NA,NA,NA,NA,NA,NA,NA,NA,NA,NA,NA,NA,NA,NA,NA,NA,NA,NA,NA,NA,NA,NA
"297","Harrison Bryant","CLE","TE","2563767","robust",NA,NA,NA,NA,NA,NA,NA,NA,NA,NA,0,0,0.03,0,0,0,0.02,0.014826,0,NA,0,NA,1.675,0.363237,18.44,3.513762,0.1,0.07413,NA,NA,NA,NA,NA,NA,NA,NA,NA,NA,NA,NA,NA,NA,NA,NA,NA,NA,NA,NA,NA,NA,NA,NA,NA,NA
"298","Austin Hooper","CLE","TE","2555415","robust",NA,NA,NA,NA,NA,NA,NA,NA,NA,NA,0,NA,0,0,0,0,0.0025,0,0,NA,0,NA,2.35,0,19.9,0,0.2,0,NA,NA,NA,NA,NA,NA,NA,NA,NA,NA,NA,NA,NA,NA,NA,NA,NA,NA,NA,NA,NA,NA,NA,"Illness",15,2021
"299","Mo Alie-Cox","IND","TE","2558832","robust",NA,NA,NA,NA,NA,NA,NA,NA,NA,NA,0,0,0.0166666666666667,0.002471,0.005,0,0,0,0,NA,0,NA,1.4,0.00741300000000001,16.7,0.778365000000001,0.105,0.088956,NA,NA,NA,NA,NA,NA,NA,NA,NA,NA,NA,NA,NA,NA,NA,NA,NA,NA,NA,NA,NA,NA,NA,NA,NA,NA
"300","Pharaoh Brown","HOU","TE","2559018","robust",NA,NA,NA,NA,NA,NA,NA,NA,NA,NA,0,0,0.02,0.014826,0,0,0.0666666666666667,0.02471,0,NA,0,NA,1.65,0.415128,16,4.00302,0.06,0.051891,NA,NA,NA,NA,NA,NA,NA,NA,NA,NA,NA,NA,NA,NA,NA,NA,NA,NA,NA,NA,NA,NA,NA,NA,NA,NA
"301","Durham Smythe","MIA","TE","2560880","robust",NA,NA,NA,NA,NA,NA,NA,NA,NA,NA,0,0,0.885,0,0.005,0,0,0,0,NA,0,NA,1.775,0.29652,18.87,3.7065,0.08,0.014826,NA,NA,NA,NA,NA,NA,NA,NA,NA,NA,NA,NA,NA,NA,NA,NA,NA,NA,NA,NA,NA,NA,NA,NA,NA,NA
"302","Juwan Johnson","NO","TE","2564676","robust",NA,NA,NA,NA,NA,NA,NA,NA,NA,NA,0,0,0,0,0,0,0,0,0,NA,0,NA,1.3575,0.422541,15.1,4.566408,0.0375,0.037065,NA,NA,NA,NA,NA,NA,NA,NA,NA,NA,NA,NA,NA,NA,NA,NA,NA,NA,NA,NA,NA,NA,NA,NA,NA,NA
"303","Hayden Hurst","ATL","TE","2560747","robust",NA,NA,NA,NA,NA,NA,NA,NA,NA,NA,0,0,0.0133333333333333,0.019768,0,0,0.0533333333333333,0.00988399999999999,0,NA,0,NA,1.875,0.29652,17.81,2.52042,0.13,0.014826,NA,NA,NA,NA,NA,NA,NA,NA,NA,NA,NA,NA,NA,NA,NA,NA,NA,NA,NA,NA,NA,NA,NA,NA,NA,NA
"304","Kyle Rudolph","NYG","TE","2495438","robust",NA,NA,NA,NA,NA,NA,NA,NA,NA,NA,0,0,0.02,0.029652,0,0,0.00333333333333333,0.004942,0,NA,0,NA,1.7,0.0593040000000001,19.39,1.022994,0.09,0.044478,NA,NA,NA,NA,NA,NA,NA,NA,NA,NA,NA,NA,NA,NA,NA,NA,NA,NA,NA,NA,NA,NA,NA,NA,NA,NA
"305","Anthony Firkser","TEN","TE","2558942","robust",NA,NA,NA,NA,NA,NA,NA,NA,NA,NA,0,0,0.0166666666666667,0.004942,0.005,0,0,0,0,NA,0,NA,1.955,0.0741300000000002,19.43,0.815430000000001,0.085,0.037065,NA,NA,NA,NA,NA,NA,NA,NA,NA,NA,NA,NA,NA,NA,NA,NA,NA,NA,NA,NA,NA,NA,NA,NA,NA,NA
"306","Tommy Tremble","CAR","TE","2565914","robust",NA,NA,NA,NA,NA,NA,NA,NA,NA,NA,0,0,0.14,0.029652,0.005,0,0,0,0,NA,0,NA,1.65,0.459606,15.305,6.00453,0.08,0.00741300000000001,NA,NA,NA,NA,NA,NA,NA,NA,NA,NA,NA,NA,NA,NA,NA,NA,NA,NA,NA,NA,NA,NA,NA,NA,NA,NA
"307","Chris Manhertz","JAC","TE","2552622","robust",NA,NA,NA,NA,NA,NA,NA,NA,NA,NA,0,0,0,0,0,0,0,0,0,NA,0,NA,1.085,0.88956,12.2175,10.82298,0.1175,0.118608,NA,NA,NA,NA,NA,NA,NA,NA,NA,NA,NA,NA,NA,NA,NA,NA,NA,NA,NA,NA,NA,NA,NA,NA,NA,NA
"308","Ian Thomas","CAR","TE","2560894","robust",NA,NA,NA,NA,NA,NA,NA,NA,NA,NA,0,0,0.005,0.0037065,0,0,0,0,0,NA,0,NA,1.4575,0.318759,13.8325,3.78063,0.0925,0.00741300000000001,NA,NA,NA,NA,NA,NA,NA,NA,NA,NA,NA,NA,NA,NA,NA,NA,NA,NA,NA,NA,NA,NA,NA,NA,NA,NA
"309","MyCole Pruitt","TEN","TE","2552401","robust",NA,NA,NA,NA,NA,NA,NA,NA,NA,NA,0,0,0,0,0,0,0,0,0,NA,0,NA,1.11,0.415128,12.13,5.322534,0.2,0.088956,NA,NA,NA,NA,NA,NA,NA,NA,NA,NA,NA,NA,NA,NA,NA,NA,NA,NA,NA,NA,NA,NA,NA,NA,NA,NA
"310","O.J. Howard","TB","TE","2557856","robust",NA,NA,NA,NA,NA,NA,NA,NA,NA,NA,0,NA,0,0,0,0,0,0,0,NA,0,NA,1.1,0.29652,12.625,3.18759,0.06,0.044478,NA,NA,NA,NA,NA,NA,NA,NA,NA,NA,NA,NA,NA,NA,NA,NA,NA,NA,NA,NA,NA,NA,NA,NA,NA,NA
"311","Tyler Kroft","NYJ","TE","2552586","robust",NA,NA,NA,NA,NA,NA,NA,NA,NA,NA,0,NA,0,0,0,0,0,0,0,NA,0,NA,1.4,0.14826,14.375,1.92738,0.125,0,NA,NA,NA,NA,NA,NA,NA,NA,NA,NA,NA,NA,NA,NA,NA,NA,NA,NA,NA,NA,NA,NA,NA,NA,NA,NA
"312","Chris Herndon","MIN","TE","2560738","robust",NA,NA,NA,NA,NA,NA,NA,NA,NA,NA,0,0,0,0,0,0,0.075,0.02471,0,NA,0,NA,1.185,0.014826,12.4225,0.81543,0.16,0.044478,NA,NA,NA,NA,NA,NA,NA,NA,NA,NA,NA,NA,NA,NA,NA,NA,NA,NA,NA,NA,NA,NA,NA,NA,NA,NA
"313","Tommy Sweeney","BUF","TE","2562750","robust",NA,NA,NA,NA,NA,NA,NA,NA,NA,NA,0,NA,0,0,0,0,0.0025,0,0,NA,0,NA,1.4,0,10.725,0,0.0925,0,NA,NA,NA,NA,NA,NA,NA,NA,NA,NA,NA,NA,NA,NA,NA,NA,NA,NA,NA,NA,NA,NA,NA,NA,NA,NA
"314","Stephen Anderson","LAC","TE","2556463","robust",NA,NA,NA,NA,NA,NA,NA,NA,NA,NA,0,0,0,0,0,0,0,0,0,NA,0,NA,0.8825,0.244629,9.4625,2.44629,0.1,0,NA,NA,NA,NA,NA,NA,NA,NA,NA,NA,NA,NA,NA,NA,NA,NA,NA,NA,NA,NA,NA,NA,NA,NA,NA,NA
"315","Kylen Granson","IND","TE","2566145","robust",NA,NA,NA,NA,NA,NA,NA,NA,NA,NA,0,0,0,0,0,0,0.005,0.007413,0,NA,0,NA,0.945,0.118608,9.58,1.363992,0.065,0.029652,NA,NA,NA,NA,NA,NA,NA,NA,NA,NA,NA,NA,NA,NA,NA,NA,NA,NA,NA,NA,NA,NA,NA,NA,NA,NA
"316","Jacob Hollister","JAC","TE","2558956","robust",NA,NA,NA,NA,NA,NA,NA,NA,NA,NA,0,NA,0.04,0,0,NA,0,0,0,NA,0,NA,0.88,0.177912,8.295,3.528588,0.0875,0,NA,NA,NA,NA,NA,NA,NA,NA,NA,NA,NA,NA,NA,NA,NA,NA,NA,NA,NA,NA,NA,NA,NA,NA,NA,NA
"317","Darren Waller","LVR","TE","2552408","robust",NA,NA,NA,NA,NA,NA,NA,NA,NA,NA,NA,NA,NA,NA,NA,NA,NA,NA,NA,NA,NA,NA,1,0,10,0,0,0,NA,NA,NA,NA,NA,NA,NA,NA,NA,NA,NA,NA,NA,NA,NA,NA,NA,NA,NA,NA,NA,NA,"O","Knee",15,2021
"318","Josh Oliver","BAL","TE","2562693","robust",NA,NA,NA,NA,NA,NA,NA,NA,NA,NA,0,0,0,0,0,0,0,0,0,NA,0,NA,0.7625,0.37065,6.8425,3.068982,0.0125,0,NA,NA,NA,NA,NA,NA,NA,NA,NA,NA,NA,NA,NA,NA,NA,NA,NA,NA,NA,NA,NA,NA,NA,NA,NA,NA
"319","Drew Sample","CIN","TE","2562720","robust",NA,NA,NA,NA,NA,NA,NA,NA,NA,NA,0,0,0,0,0,0,0.01,0.014826,0,NA,0,NA,0.8325,0,8.1625,0.59304,0.025,0.029652,NA,NA,NA,NA,NA,NA,NA,NA,NA,NA,NA,NA,NA,NA,NA,NA,NA,NA,NA,NA,NA,NA,NA,NA,NA,NA
"320","Eric Ebron","PIT","TE","2543466","robust",NA,NA,NA,NA,NA,NA,NA,NA,NA,NA,0,0,0,0,0,0,0,0,NA,NA,NA,NA,0.895,0.00741300000000001,8.315,0.0222389999999995,0.085,0.022239,NA,NA,NA,NA,NA,NA,NA,NA,NA,NA,NA,NA,NA,NA,NA,NA,NA,NA,NA,NA,NA,NA,"IR","Knee",15,2021
"321","Bears","CHI","DST","100005","robust",NA,NA,NA,NA,NA,NA,NA,NA,NA,NA,NA,NA,NA,NA,NA,NA,NA,NA,NA,NA,NA,NA,NA,NA,NA,NA,NA,NA,0.6,0.029652,2.1,0.103782,0.005,0.007413,0.165,0.044478,0,NA,NA,NA,NA,NA,NA,NA,NA,NA,NA,NA,NA,NA,NA,NA,NA,NA
"322","Lions","DET","DST","100010","robust",NA,NA,NA,NA,NA,NA,NA,NA,NA,NA,NA,NA,NA,NA,NA,NA,NA,NA,NA,NA,NA,NA,NA,NA,NA,NA,NA,NA,0.76,0.0593040000000001,1.855,0.311346,0.0175,0.0259455,0.1,0,0,NA,NA,NA,NA,NA,NA,NA,NA,NA,NA,NA,NA,NA,NA,NA,NA,NA
"323","Falcons","ATL","DST","100001","robust",NA,NA,NA,NA,NA,NA,NA,NA,NA,NA,NA,NA,NA,NA,NA,NA,NA,NA,NA,NA,NA,NA,NA,NA,NA,NA,NA,NA,0.8,0.044478,1.65,0.44478,0.00375,0,0.18,0,0,NA,NA,NA,NA,NA,NA,NA,NA,NA,NA,NA,NA,NA,NA,NA,NA,NA
"324","Jets","NYJ","DST","100024","robust",NA,NA,NA,NA,NA,NA,NA,NA,NA,NA,NA,NA,NA,NA,NA,NA,NA,NA,NA,NA,NA,NA,NA,NA,NA,NA,NA,NA,0.7,0,2.19,0.459606,0.00375,0,0.15,0.07413,0,NA,NA,NA,NA,NA,NA,NA,NA,NA,NA,NA,NA,NA,NA,NA,NA,NA
"325","Chargers","LAC","DST","100028","robust",NA,NA,NA,NA,NA,NA,NA,NA,NA,NA,NA,NA,NA,NA,NA,NA,NA,NA,NA,NA,NA,NA,NA,NA,NA,NA,NA,NA,0.755,0.00741300000000001,2.025,0.14826,0.015,0.022239,0.165,0.029652,0,NA,NA,NA,NA,NA,NA,NA,NA,NA,NA,NA,NA,NA,NA,NA,NA,NA
"326","Panthers","CAR","DST","100004","robust",NA,NA,NA,NA,NA,NA,NA,NA,NA,NA,NA,NA,NA,NA,NA,NA,NA,NA,NA,NA,NA,NA,NA,NA,NA,NA,NA,NA,0.8,0.044478,2.13,0.0148260000000003,0.0225,0.022239,0.12,0.029652,0,NA,NA,NA,NA,NA,NA,NA,NA,NA,NA,NA,NA,NA,NA,NA,NA,NA
"327","Saints","NO","DST","100022","robust",NA,NA,NA,NA,NA,NA,NA,NA,NA,NA,NA,NA,NA,NA,NA,NA,NA,NA,NA,NA,NA,NA,NA,NA,NA,NA,NA,NA,0.85,0.0815430000000001,1.805,0.014826,0.0025,0.0037065,0.12,0.014826,0,NA,NA,NA,NA,NA,NA,NA,NA,NA,NA,NA,NA,NA,NA,NA,NA,NA
"328","Giants","NYG","DST","100023","robust",NA,NA,NA,NA,NA,NA,NA,NA,NA,NA,NA,NA,NA,NA,NA,NA,NA,NA,NA,NA,NA,NA,NA,NA,NA,NA,NA,NA,0.83,0.14826,2,0,0.0275,0.0407715,0.13,0.044478,0,NA,NA,NA,NA,NA,NA,NA,NA,NA,NA,NA,NA,NA,NA,NA,NA,NA
"329","Ravens","BAL","DST","100002","robust",NA,NA,NA,NA,NA,NA,NA,NA,NA,NA,NA,NA,NA,NA,NA,NA,NA,NA,NA,NA,NA,NA,NA,NA,NA,NA,NA,NA,0.4,0.14826,1.9,0.0296519999999997,0.00375,0,0.1,0.044478,0,NA,NA,NA,NA,NA,NA,NA,NA,NA,NA,NA,NA,NA,NA,NA,NA,NA
"330","Commanders","WAS","DST","100032","robust",NA,NA,NA,NA,NA,NA,NA,NA,NA,NA,NA,NA,NA,NA,NA,NA,NA,NA,NA,NA,NA,NA,NA,NA,NA,NA,NA,NA,0.695,0.014826,1.925,0.37065,0.00375,0,0.15,0.07413,0,NA,NA,NA,NA,NA,NA,NA,NA,NA,NA,NA,NA,NA,NA,NA,NA,NA
"331","Seahawks","SEA","DST","100030","robust",NA,NA,NA,NA,NA,NA,NA,NA,NA,NA,NA,NA,NA,NA,NA,NA,NA,NA,NA,NA,NA,NA,NA,NA,NA,NA,NA,NA,0.74,0.14826,1.73,0.44478,0.025,0.037065,0.16,0.059304,0,NA,NA,NA,NA,NA,NA,NA,NA,NA,NA,NA,NA,NA,NA,NA,NA,NA
"332","Chiefs","KC","DST","100016","robust",NA,NA,NA,NA,NA,NA,NA,NA,NA,NA,NA,NA,NA,NA,NA,NA,NA,NA,NA,NA,NA,NA,NA,NA,NA,NA,NA,NA,0.94,0.07413,2.17,0.289107,0.0025,0.0037065,0.18,0,0,NA,NA,NA,NA,NA,NA,NA,NA,NA,NA,NA,NA,NA,NA,NA,NA,NA
"333","Bengals","CIN","DST","100006","robust",NA,NA,NA,NA,NA,NA,NA,NA,NA,NA,NA,NA,NA,NA,NA,NA,NA,NA,NA,NA,NA,NA,NA,NA,NA,NA,NA,NA,0.81,0.0593040000000001,2.455,0.118608,0.005,0.007413,0.175,0.029652,0,NA,NA,NA,NA,NA,NA,NA,NA,NA,NA,NA,NA,NA,NA,NA,NA,NA
"334","Titans","TEN","DST","100012","robust",NA,NA,NA,NA,NA,NA,NA,NA,NA,NA,NA,NA,NA,NA,NA,NA,NA,NA,NA,NA,NA,NA,NA,NA,NA,NA,NA,NA,0.835,0.029652,2.2,0.326172,0.00375,0.00555975,0.18,0,0,NA,NA,NA,NA,NA,NA,NA,NA,NA,NA,NA,NA,NA,NA,NA,NA,NA
"335","Vikings","MIN","DST","100020","robust",NA,NA,NA,NA,NA,NA,NA,NA,NA,NA,NA,NA,NA,NA,NA,NA,NA,NA,NA,NA,NA,NA,NA,NA,NA,NA,NA,NA,1.1,0.22239,3.25,0.0222389999999999,0.005,0.007413,0.19,0,0,NA,NA,NA,NA,NA,NA,NA,NA,NA,NA,NA,NA,NA,NA,NA,NA,NA
"336","Colts","IND","DST","100014","robust",NA,NA,NA,NA,NA,NA,NA,NA,NA,NA,NA,NA,NA,NA,NA,NA,NA,NA,NA,NA,NA,NA,NA,NA,NA,NA,NA,NA,0.85,0.0741300000000001,2.08,0.0741300000000001,0.00375,0.00555975,0.175,0.029652,0,NA,NA,NA,NA,NA,NA,NA,NA,NA,NA,NA,NA,NA,NA,NA,NA,NA
"337","Patriots","NE","DST","100021","robust",NA,NA,NA,NA,NA,NA,NA,NA,NA,NA,NA,NA,NA,NA,NA,NA,NA,NA,NA,NA,NA,NA,NA,NA,NA,NA,NA,NA,0.87,0.192738,2.1,0.207564,0.0625,0.037065,0.18,0,0,NA,NA,NA,NA,NA,NA,NA,NA,NA,NA,NA,NA,NA,NA,NA,NA,NA
"338","Buccaneers","TB","DST","100031","robust",NA,NA,NA,NA,NA,NA,NA,NA,NA,NA,NA,NA,NA,NA,NA,NA,NA,NA,NA,NA,NA,NA,NA,NA,NA,NA,NA,NA,1,0.022239,2.59,0.14826,0.00625,0.00926625,0.185,0.00741299999999999,0,NA,NA,NA,NA,NA,NA,NA,NA,NA,NA,NA,NA,NA,NA,NA,NA,NA
"339","Texans","HOU","DST","100013","robust",NA,NA,NA,NA,NA,NA,NA,NA,NA,NA,NA,NA,NA,NA,NA,NA,NA,NA,NA,NA,NA,NA,NA,NA,NA,NA,NA,NA,0.9,0.022239,2.2,0.118608,0.03125,0.02409225,0.145,0.07413,0,NA,NA,NA,NA,NA,NA,NA,NA,NA,NA,NA,NA,NA,NA,NA,NA,NA
"340","Steelers","PIT","DST","100027","robust",NA,NA,NA,NA,NA,NA,NA,NA,NA,NA,NA,NA,NA,NA,NA,NA,NA,NA,NA,NA,NA,NA,NA,NA,NA,NA,NA,NA,0.9,0.07413,2.805,0.333585,0.005,0.007413,0.17,0.014826,0,NA,NA,NA,NA,NA,NA,NA,NA,NA,NA,NA,NA,NA,NA,NA,NA,NA
"341","Packers","GB","DST","100011","robust",NA,NA,NA,NA,NA,NA,NA,NA,NA,NA,NA,NA,NA,NA,NA,NA,NA,NA,NA,NA,NA,NA,NA,NA,NA,NA,NA,NA,1.2,0.14826,2.7,0.170499,0.00375,0.00555975,0.2,0.00741299999999999,0,NA,NA,NA,NA,NA,NA,NA,NA,NA,NA,NA,NA,NA,NA,NA,NA,NA
"342","Raiders","LVR","DST","100018","robust",NA,NA,NA,NA,NA,NA,NA,NA,NA,NA,NA,NA,NA,NA,NA,NA,NA,NA,NA,NA,NA,NA,NA,NA,NA,NA,NA,NA,0.63,0.29652,2.295,0.207564,0.0325,0.044478,0.085,0.059304,0,NA,NA,NA,NA,NA,NA,NA,NA,NA,NA,NA,NA,NA,NA,NA,NA,NA
"343","Broncos","DEN","DST","100009","robust",NA,NA,NA,NA,NA,NA,NA,NA,NA,NA,NA,NA,NA,NA,NA,NA,NA,NA,NA,NA,NA,NA,NA,NA,NA,NA,NA,NA,1.05,0.0889560000000001,2.555,0.14826,0.00625,0,0.18,0.014826,0,NA,NA,NA,NA,NA,NA,NA,NA,NA,NA,NA,NA,NA,NA,NA,NA,NA
"344","Browns","CLE","DST","100007","robust",NA,NA,NA,NA,NA,NA,NA,NA,NA,NA,NA,NA,NA,NA,NA,NA,NA,NA,NA,NA,NA,NA,NA,NA,NA,NA,NA,NA,0.9,0.163086,2.395,0.14826,0.00375,0.00555975,0.185,0,0,NA,NA,NA,NA,NA,NA,NA,NA,NA,NA,NA,NA,NA,NA,NA,NA,NA
"345","Cowboys","DAL","DST","100008","robust",NA,NA,NA,NA,NA,NA,NA,NA,NA,NA,NA,NA,NA,NA,NA,NA,NA,NA,NA,NA,NA,NA,NA,NA,NA,NA,NA,NA,1.21,0.111195,2.485,0.126021,0.005,0.007413,0.23,0.044478,0,NA,NA,NA,NA,NA,NA,NA,NA,NA,NA,NA,NA,NA,NA,NA,NA,NA
"346","Eagles","PHI","DST","100025","robust",NA,NA,NA,NA,NA,NA,NA,NA,NA,NA,NA,NA,NA,NA,NA,NA,NA,NA,NA,NA,NA,NA,NA,NA,NA,NA,NA,NA,0.925,0.133434,2.355,0.133434,0.00625,0,0.205,0.014826,0,NA,NA,NA,NA,NA,NA,NA,NA,NA,NA,NA,NA,NA,NA,NA,NA,NA
"347","Rams","LAR","DST","100017","robust",NA,NA,NA,NA,NA,NA,NA,NA,NA,NA,NA,NA,NA,NA,NA,NA,NA,NA,NA,NA,NA,NA,NA,NA,NA,NA,NA,NA,0.815,0.14826,3.015,0.252042,0.065,0.051891,0.145,0.059304,0,NA,NA,NA,NA,NA,NA,NA,NA,NA,NA,NA,NA,NA,NA,NA,NA,NA
"348","49ers","SF","DST","100029","robust",NA,NA,NA,NA,NA,NA,NA,NA,NA,NA,NA,NA,NA,NA,NA,NA,NA,NA,NA,NA,NA,NA,NA,NA,NA,NA,NA,NA,0.9,0.355824,2.4,0.237216,0.00375,0,0.18,0.014826,0,NA,NA,NA,NA,NA,NA,NA,NA,NA,NA,NA,NA,NA,NA,NA,NA,NA
"349","Jaguars","JAC","DST","100015","robust",NA,NA,NA,NA,NA,NA,NA,NA,NA,NA,NA,NA,NA,NA,NA,NA,NA,NA,NA,NA,NA,NA,NA,NA,NA,NA,NA,NA,0.825,0.118608,2.4,0.14826,0.00625,0,0.175,0.014826,0,NA,NA,NA,NA,NA,NA,NA,NA,NA,NA,NA,NA,NA,NA,NA,NA,NA
"350","Cardinals","ARI","DST","100026","robust",NA,NA,NA,NA,NA,NA,NA,NA,NA,NA,NA,NA,NA,NA,NA,NA,NA,NA,NA,NA,NA,NA,NA,NA,NA,NA,NA,NA,0.91,0.037065,2.745,0.237216000000001,0.0325,0.029652,0.185,0.014826,0,NA,NA,NA,NA,NA,NA,NA,NA,NA,NA,NA,NA,NA,NA,NA,NA,NA
"351","Dolphins","MIA","DST","100019","robust",NA,NA,NA,NA,NA,NA,NA,NA,NA,NA,NA,NA,NA,NA,NA,NA,NA,NA,NA,NA,NA,NA,NA,NA,NA,NA,NA,NA,1.11,0.14826,2.95,0.0667169999999999,0.00875,0.01297275,0.22,0.059304,0,NA,NA,NA,NA,NA,NA,NA,NA,NA,NA,NA,NA,NA,NA,NA,NA,NA
"352","Bills","BUF","DST","100003","robust",NA,NA,NA,NA,NA,NA,NA,NA,NA,NA,NA,NA,NA,NA,NA,NA,NA,NA,NA,NA,NA,NA,NA,NA,NA,NA,NA,NA,1.25,0.0963690000000001,2.4,0.185325,0.00625,0.00926625,0.2,0.059304,0,NA,NA,NA,NA,NA,NA,NA,NA,NA,NA,NA,NA,NA,NA,NA,NA,NA
"353","Matt Prater","ARI","K","2506677","robust",NA,NA,NA,NA,NA,NA,NA,NA,NA,NA,NA,NA,NA,NA,NA,NA,NA,NA,NA,NA,NA,NA,NA,NA,NA,NA,NA,NA,NA,NA,NA,NA,NA,NA,NA,NA,NA,NA,0.0180689900426743,0.00430579658605974,0.504779911490438,0.128888309032717,0.560212778568042,0.136809217283073,0.431693412162162,0.059304,0.318618421052632,0.0814454605263158,3.2,0.29652,NA,NA,NA,NA
"354","Ryan Succop","TB","K","89802","robust",NA,NA,NA,NA,NA,NA,NA,NA,NA,NA,NA,NA,NA,NA,NA,NA,NA,NA,NA,NA,NA,NA,NA,NA,NA,NA,NA,NA,NA,NA,NA,NA,NA,NA,NA,NA,NA,NA,0.0374843705598181,0.0156307075873828,0.634306621199204,0.103370798635976,0.57357772094345,0.0699126581415175,0.499158141517477,0.0691374424552431,0.0551882637112816,0.00904137425404945,3.06,0.177912,NA,NA,NA,NA
"355","Robbie Gould","SF","K","2506264","robust",NA,NA,NA,NA,NA,NA,NA,NA,NA,NA,NA,NA,NA,NA,NA,NA,NA,NA,NA,NA,NA,NA,NA,NA,NA,NA,NA,NA,NA,NA,NA,NA,NA,NA,NA,NA,NA,NA,0.0204972375690608,0.0191127071823204,0.568134773159832,0.0576947224837516,0.44622547507525,0.051891,0.53,0.0813731812994682,0.243668930206569,0.0778845776302961,3,0.0741300000000001,NA,NA,NA,NA
"356","Harrison Butker","KC","K","2558245","robust",NA,NA,NA,NA,NA,NA,NA,NA,NA,NA,NA,NA,NA,NA,NA,NA,NA,NA,NA,NA,NA,NA,NA,NA,NA,NA,NA,NA,NA,NA,NA,NA,NA,NA,NA,NA,NA,NA,0.0373435544430538,0.0082541914893617,0.443375765759831,0.108248673094658,0.6,0.0741299999999999,0.466853756340162,0.0851235165996971,0.362607947434293,0.0926972919274093,2.715,0.340998,NA,NA,NA,NA
"357","Tyler Bass","BUF","K","2563596","robust",NA,NA,NA,NA,NA,NA,NA,NA,NA,NA,NA,NA,NA,NA,NA,NA,NA,NA,NA,NA,NA,NA,NA,NA,NA,NA,NA,NA,NA,NA,NA,NA,NA,NA,NA,NA,NA,NA,0.0104889538661468,0.007413,0.688762183235867,0.218719625730994,0.481908706952567,0.0649636978557505,0.418260233918129,0.081543,0.2,0.0121382456140351,3.025,0.14826,NA,NA,NA,NA
"358","Mason Crosby","GB","K","2507232","robust",NA,NA,NA,NA,NA,NA,NA,NA,NA,NA,NA,NA,NA,NA,NA,NA,NA,NA,NA,NA,NA,NA,NA,NA,NA,NA,NA,NA,NA,NA,NA,NA,NA,NA,NA,NA,NA,NA,0.017125,0.00161843274853801,0.589677841803664,0.118608,0.480276755408334,0.118608,0.426875434507013,0.114253055760029,0.233636695906433,0.029652,2.7575,0.326172,NA,NA,NA,NA
"359","Greg Zuerlein","DAL","K","2534797","robust",NA,NA,NA,NA,NA,NA,NA,NA,NA,NA,NA,NA,NA,NA,NA,NA,NA,NA,NA,NA,NA,NA,NA,NA,NA,NA,NA,NA,NA,NA,NA,NA,NA,NA,NA,NA,NA,NA,0.0434547136489782,0.00708570835085359,0.509983601042805,0.0592553738121269,0.716630434782609,0.109422326086956,0.525612227735262,0.0643361870322092,0.185773694390716,0.0131914119922631,2.4,0.0889560000000001,NA,NA,NA,NA
"360","Dustin Hopkins","LAC","K","2539227","robust",NA,NA,NA,NA,NA,NA,NA,NA,NA,NA,NA,NA,NA,NA,NA,NA,NA,NA,NA,NA,NA,NA,NA,NA,NA,NA,NA,NA,NA,NA,NA,NA,NA,NA,NA,NA,NA,NA,0.00416666666666667,0.002471,0.480672348484848,0.029652,0.395176767676768,0.0217148484848485,0.454351325757576,0.147763928030303,0.101979166666667,0.0266755681818182,2.54,0.103782,NA,NA,NA,NA
"361","Brandon McManus","DEN","K","2541556","robust",NA,NA,NA,NA,NA,NA,NA,NA,NA,NA,NA,NA,NA,NA,NA,NA,NA,NA,NA,NA,NA,NA,NA,NA,NA,NA,NA,NA,NA,NA,NA,NA,NA,NA,NA,NA,NA,NA,0.0165079365079365,0.00853083333333333,0.44,0.110016602941176,0.435104555711173,0.167257542892157,0.489642054738562,0.133434,0.26,0.0886797140522876,2.305,0.14826,NA,NA,NA,NA
"362","Chris Boswell","PIT","K","2550545","robust",NA,NA,NA,NA,NA,NA,NA,NA,NA,NA,NA,NA,NA,NA,NA,NA,NA,NA,NA,NA,NA,NA,NA,NA,NA,NA,NA,NA,NA,NA,NA,NA,NA,NA,NA,NA,NA,NA,0,0,0.49,0.0468762806580586,0.485,0.029652,0.628532258416902,0.0423019263288982,0.320476696792486,0.0600107506645401,2.3,0.229803,NA,NA,NA,NA
"363","Zane Gonzalez","CAR","K","2558178","robust",NA,NA,NA,NA,NA,NA,NA,NA,NA,NA,NA,NA,NA,NA,NA,NA,NA,NA,NA,NA,NA,NA,NA,NA,NA,NA,NA,NA,NA,NA,NA,NA,NA,NA,NA,NA,NA,NA,0.0290562913907285,0.0250372847682119,0.278940397350993,0.240357933774834,0.302185430463576,0.260387761589404,0.267317880794702,0.23034301986755,0,NA,2.285,1.060059,"O","Quadriceps",15,2021
"364","Mike Badgley","IND","K","2560965","robust",NA,NA,NA,NA,NA,NA,NA,NA,NA,NA,NA,NA,NA,NA,NA,NA,NA,NA,NA,NA,NA,NA,NA,NA,NA,NA,NA,NA,NA,NA,NA,NA,NA,NA,NA,NA,NA,NA,0.00253623188405797,0.00268586956521739,0.437474830337833,0.0853017431575808,0.475,0.00886650231188005,0.384207311010018,0.088956,0.0758976558033162,0.0336530703259005,2.465,0.214977,NA,NA,NA,NA
"365","Daniel Carlson","LVR","K","2560993","robust",NA,NA,NA,NA,NA,NA,NA,NA,NA,NA,NA,NA,NA,NA,NA,NA,NA,NA,NA,NA,NA,NA,NA,NA,NA,NA,NA,NA,NA,NA,NA,NA,NA,NA,NA,NA,NA,NA,0.0221951823131496,0.00566523939943904,0.577042910960788,0.100035393643788,0.623515508991916,0.149418243029203,0.384118802590332,0.0697206959866359,0.204732522594365,0.0392128389154705,2.085,0.0444780000000004,NA,NA,NA,NA
"366","Greg Joseph","MIN","K","2561534","robust",NA,NA,NA,NA,NA,NA,NA,NA,NA,NA,NA,NA,NA,NA,NA,NA,NA,NA,NA,NA,NA,NA,NA,NA,NA,NA,NA,NA,NA,NA,NA,NA,NA,NA,NA,NA,NA,NA,0,0,0.467466312618897,0.0730228474765937,0.636299606320017,0.0889560000000001,0.470259793042138,0.0449100954903204,0.205459666322669,0.0207599700722395,2.4,0.14826,NA,NA,NA,NA
"367","Matt Gay","LAR","K","2562271","robust",NA,NA,NA,NA,NA,NA,NA,NA,NA,NA,NA,NA,NA,NA,NA,NA,NA,NA,NA,NA,NA,NA,NA,NA,NA,NA,NA,NA,NA,NA,NA,NA,NA,NA,NA,NA,NA,NA,0.0111442786069652,0.00432732338308458,0.475918568920105,0.0521780901375476,0.707492195883328,0.116381785923325,0.495239793678665,0.044478,0.21387506909895,0.0337662354892206,2.5775,0.22239,NA,NA,NA,NA
"368","Cairo Santos","CHI","K","2550636","robust",NA,NA,NA,NA,NA,NA,NA,NA,NA,NA,NA,NA,NA,NA,NA,NA,NA,NA,NA,NA,NA,NA,NA,NA,NA,NA,NA,NA,NA,NA,NA,NA,NA,NA,NA,NA,NA,NA,0.00179856115107914,0.00226656474820144,0.581531796083936,0.150083256131106,0.51673286980172,0.037065,0.555,0.066717,0.115431850789096,0.0307949704447633,2.05,0.14826,NA,NA,NA,NA
"369","Jake Elliott","PHI","K","2558172","robust",NA,NA,NA,NA,NA,NA,NA,NA,NA,NA,NA,NA,NA,NA,NA,NA,NA,NA,NA,NA,NA,NA,NA,NA,NA,NA,NA,NA,NA,NA,NA,NA,NA,NA,NA,NA,NA,NA,0,0,0.53619342896437,0.19661224443485,0.666932250687648,0.103782,0.580760330710676,0.103782,0.180483592400691,0.0289350259067357,1.8,0.934038,NA,NA,NA,NA
"370","Jason Sanders","MIA","K","2561153","robust",NA,NA,NA,NA,NA,NA,NA,NA,NA,NA,NA,NA,NA,NA,NA,NA,NA,NA,NA,NA,NA,NA,NA,NA,NA,NA,NA,NA,NA,NA,NA,NA,NA,NA,NA,NA,NA,NA,0.0203127240143369,0.00316181720430107,0.490894265232975,0.014826,0.53,0.0831371935483871,0.54,0.0680919919354839,0.253494623655914,0.0662918817204301,2.405,0.340998,NA,NA,NA,NA
"371","Randy Bullock","TEN","K","2533444","robust",NA,NA,NA,NA,NA,NA,NA,NA,NA,NA,NA,NA,NA,NA,NA,NA,NA,NA,NA,NA,NA,NA,NA,NA,NA,NA,NA,NA,NA,NA,NA,NA,NA,NA,NA,NA,NA,NA,0.0186296081837483,0.0139360393746381,0.452458640086029,0.0699980399536769,0.636653086828246,0.139291919513607,0.527690462403838,0.0821077591198611,0.147693722943723,0.0469810909090909,2.16,0.29652,NA,NA,NA,NA
"372","Younghoe Koo","ATL","K","2559205","robust",NA,NA,NA,NA,NA,NA,NA,NA,NA,NA,NA,NA,NA,NA,NA,NA,NA,NA,NA,NA,NA,NA,NA,NA,NA,NA,NA,NA,NA,NA,NA,NA,NA,NA,NA,NA,NA,NA,0.0147443181818182,0.00578438636363636,0.475292446524064,0.103782,0.6306873885918,0.133434,0.455603832442068,0.135224483957219,0.2,0.00821023885918003,1.9,0,NA,NA,NA,NA
"373","Brett Maher","NO","K","2540243","robust",NA,NA,NA,NA,NA,NA,NA,NA,NA,NA,NA,NA,NA,NA,NA,NA,NA,NA,NA,NA,NA,NA,NA,NA,NA,NA,NA,NA,NA,NA,NA,NA,NA,NA,NA,NA,NA,NA,0.024296875,0.023165625,0.51,0.0452538215405518,0.560052294851887,0.148298766173704,0.319958529921166,0.15748013734584,0.107736912393162,0.014826,1.95,0.22239,NA,NA,NA,NA
"374","Jason Myers","SEA","K","2553112","robust",NA,NA,NA,NA,NA,NA,NA,NA,NA,NA,NA,NA,NA,NA,NA,NA,NA,NA,NA,NA,NA,NA,NA,NA,NA,NA,NA,NA,NA,NA,NA,NA,NA,NA,NA,NA,NA,NA,0.00328947368421053,0.00365773026315789,0.407314241486068,0.115473349071207,0.524937113003096,0.0369717637383901,0.425,0.111195,0.196200980392157,0.00563242647058822,1.875,0.22239,NA,NA,NA,NA
"375","Nick Folk","NE","K","2507225","robust",NA,NA,NA,NA,NA,NA,NA,NA,NA,NA,NA,NA,NA,NA,NA,NA,NA,NA,NA,NA,NA,NA,NA,NA,NA,NA,NA,NA,NA,NA,NA,NA,NA,NA,NA,NA,NA,NA,0.0133928571428571,0.026475,0.544475359911406,0.159974674418605,0.612517995570321,0.192844720930232,0.505,0.18489811627907,0.241744186046512,0.0785356589147287,2.125,0.281694,NA,NA,NA,NA
"376","Graham Gano","NYG","K","71309","robust",NA,NA,NA,NA,NA,NA,NA,NA,NA,NA,NA,NA,NA,NA,NA,NA,NA,NA,NA,NA,NA,NA,NA,NA,NA,NA,NA,NA,NA,NA,NA,NA,NA,NA,NA,NA,NA,NA,0.0116402116402116,0.00658933333333333,0.318078912068905,0.0726995082777366,0.487873424759081,0.07413,0.360774427265346,0.142828928836175,0.184145084934559,0.0708890058479532,1.675,0.44478,NA,NA,NA,NA
"377","Justin Tucker","BAL","K","2536340","robust",NA,NA,NA,NA,NA,NA,NA,NA,NA,NA,NA,NA,NA,NA,NA,NA,NA,NA,NA,NA,NA,NA,NA,NA,NA,NA,NA,NA,NA,NA,NA,NA,NA,NA,NA,NA,NA,NA,0.0108297829174275,0.0107623104077906,0.483096453151231,0.0709105752141954,0.468602986585336,0.0593040000000001,0.580927633940415,0.132669296128096,0.294469210035248,0.0991474020319303,2,0,NA,NA,NA,NA
"378","Kaimi Fairbairn","HOU","K","2556521","robust",NA,NA,NA,NA,NA,NA,NA,NA,NA,NA,NA,NA,NA,NA,NA,NA,NA,NA,NA,NA,NA,NA,NA,NA,NA,NA,NA,NA,NA,NA,NA,NA,NA,NA,NA,NA,NA,NA,0.01,0.0114444074165271,0.428028045897764,0.059304,0.5,0.0261634435142322,0.36703554368167,0.088956,0.231081585081585,0.037065,1.75,0.22239,NA,NA,NA,NA
"379","Matthew Wright","JAC","K","2562968","robust",NA,NA,NA,NA,NA,NA,NA,NA,NA,NA,NA,NA,NA,NA,NA,NA,NA,NA,NA,NA,NA,NA,NA,NA,NA,NA,NA,NA,NA,NA,NA,NA,NA,NA,NA,NA,NA,NA,0,0,0.32,0.14826,0.3825,0.044478,0.28,0.192738,0.28375,0.051891,1.475,0.29652,NA,NA,NA,NA
"380","Eddy Pineiro","NYJ","K","2560842","robust",NA,NA,NA,NA,NA,NA,NA,NA,NA,NA,NA,NA,NA,NA,NA,NA,NA,NA,NA,NA,NA,NA,NA,NA,NA,NA,NA,NA,NA,NA,NA,NA,NA,NA,NA,NA,NA,NA,0.0105263157894737,0.0156063157894737,0.39,0.134387719298246,0.7,0.133434,0.4,0.14826,0.08,0.029652,1.3,0.29652,NA,NA,NA,NA
