"","player","team","position","id","avg_type","pass_att","pass_att_sd","pass_comp","pass_comp_sd","pass_yds","pass_yds_sd","pass_tds","pass_tds_sd","pass_int","pass_int_sd","rush_att","rush_att_sd","rush_yds","rush_yds_sd","rush_tds","rush_tds_sd","fumbles_lost","fumbles_lost_sd","two_pts","two_pts_sd","return_tds","return_tds_sd","rec","rec_sd","rec_yds","rec_yds_sd","rec_tds","rec_tds_sd","dst_int","dst_int_sd","dst_sacks","dst_sacks_sd","dst_safety","dst_safety_sd","dst_td","dst_td_sd","dst_blk","dst_blk_sd","fg_0019","fg_0019_sd","fg_2029","fg_2029_sd","fg_3039","fg_3039_sd","fg_4049","fg_4049_sd","fg_50","fg_50_sd","xp","xp_sd","injury_status","injury_details","week","season_year"
"1","Patrick Mahomes","KC","QB","2558125","robust",38.25,0.444779999999996,25.85,0.444780000000001,297.55,9.19211999999998,2.5675,0.14826,0.745,0.0889560000000001,3.88352907536112,0.347100828521572,19.855,3.03933,0.145,0.029652,0.09625,0.0111195,0.13,0,0,NA,NA,NA,NA,NA,NA,NA,NA,NA,NA,NA,NA,NA,NA,NA,NA,NA,NA,NA,NA,NA,NA,NA,NA,NA,NA,NA,NA,NA,NA,NA,NA,NA
"2","Tom Brady","TB","QB","2504211","robust",39.9,2.81694,27.4,2.07564,292.25,22.83204,2.2075,0.252042,0.56,0.014826,1.27666666666667,0.14826,1.47,1.067472,0.0525,0.059304,0.2125,0.0185325,0,NA,0,NA,NA,NA,NA,NA,NA,NA,NA,NA,NA,NA,NA,NA,NA,NA,NA,NA,NA,NA,NA,NA,NA,NA,NA,NA,NA,NA,NA,NA,NA,NA,NA,NA
"3","Joe Burrow","CIN","QB","2563722","robust",35.95,0.148260000000002,23.95,0.444779999999996,295.7,10.096506,1.92,0.14826,0.9275,0.044478,3.335,0.59304,14,3.03933,0.1,0,0.09375,0.0185325,0.13,0,0,NA,NA,NA,NA,NA,NA,NA,NA,NA,NA,NA,NA,NA,NA,NA,NA,NA,NA,NA,NA,NA,NA,NA,NA,NA,NA,NA,NA,NA,NA,NA,NA,NA
"4","Josh Allen","BUF","QB","2560955","robust",36.9,1.69920660280156,23.9394881116938,0.296519999999999,272.875,20.7564,2.1,0.118608,0.805,0.014826,7.85,0.233808892181872,43.58,2.66868000000001,0.5,0.044478,0.235,0.051891,0.09,0,0,NA,NA,NA,NA,NA,NA,NA,NA,NA,NA,NA,NA,NA,NA,NA,NA,NA,NA,NA,NA,NA,NA,NA,NA,NA,NA,NA,NA,NA,NA,NA,NA,NA
"5","Justin Herbert","LAC","QB","2565045","robust",37.7739450952736,1.467774,24.8475,0.444780000000001,282.05,11.26776,2,0,0.9,0.133434,2.8375,1.01932690118838,10.03,5.604228,0.14,0.059304,0.09,0.029652,0.22,0,0,NA,NA,NA,NA,NA,NA,NA,NA,NA,NA,NA,NA,NA,NA,NA,NA,NA,NA,NA,NA,NA,NA,NA,NA,NA,NA,NA,NA,NA,NA,NA,NA,NA
"6","Derek Carr","LVR","QB","2543499","robust",38.2,0.209267600749653,25.2,0.171585397618432,283.6,6.52343999999997,1.765,0.326172,0.8725,0.14826,2.3,0.148259999999999,9.425,1.586382,0.1,0,0.19375,0.0185325,0.06,0,0,NA,NA,NA,NA,NA,NA,NA,NA,NA,NA,NA,NA,NA,NA,NA,NA,NA,NA,NA,NA,NA,NA,NA,NA,NA,NA,NA,NA,NA,NA,NA,NA,NA
"7","Jalen Hurts","PHI","QB","2564832","robust",31.8184316322827,0.889560000000002,20.68,0.474432,248.9325,7.60573799999999,1.68,0.29652,0.705,0.014826,9.62518011254244,0.355824,46.59,2.416638,0.665,0.163086,0.11875,0.0259455,0.18,0,0,NA,NA,NA,NA,NA,NA,NA,NA,NA,NA,NA,NA,NA,NA,NA,NA,NA,NA,NA,NA,NA,NA,NA,NA,NA,NA,NA,NA,NA,NA,NA,NA,NA
"8","Carson Wentz","WAS","QB","2555259","robust",34.45,1.18608,22.349752962493,1.18461496876859,239.8125,19.214496,1.66,0.326172,0.85,0.103782,3.105,0.575433260264486,13.6925,0.889559999999999,0.1,0,0.195,0.014826,0.28,0,0,NA,NA,NA,NA,NA,NA,NA,NA,NA,NA,NA,NA,NA,NA,NA,NA,NA,NA,NA,NA,NA,NA,NA,NA,NA,NA,NA,NA,NA,NA,NA,NA,NA
"9","Trevor Lawrence","JAC","QB","2566163","robust",34.8571188950669,1.77912,21.5,0.821962997497135,247.6,18.68076,1.68,0.29652,0.7475,0.103782,3.365,0.14826,14.875,1.03782,0.1,0,0.2325,0.096369,0.12,0,0,NA,NA,NA,NA,NA,NA,NA,NA,NA,NA,NA,NA,NA,NA,NA,NA,NA,NA,NA,NA,NA,NA,NA,NA,NA,NA,NA,NA,NA,NA,NA,NA,NA
"10","Zach Wilson","NYJ","QB","2566391","robust",34.455,1.33434,20.625,2.59455,232.7,37.065,1.2,0.207564,0.9475,0.14826,2.75092012565606,0.948864,13.15,0.593039999999998,0.105,0.014826,0.105,0.014826,0.11,0,0,NA,NA,NA,NA,NA,NA,NA,NA,NA,NA,NA,NA,NA,NA,NA,NA,NA,NA,NA,NA,NA,NA,NA,NA,NA,NA,NA,NA,NA,NA,NA,NA,NA
"11","Kirk Cousins","MIN","QB","2532820","robust",35.0825870632861,0.296520000000004,22.45,0.889560000000002,262.1,5.78213999999997,2,0.0593040000000001,0.75,0.14826,2.04333828006088,0.7413,5.025,3.55824,0,0,0.105,0.014826,0.13,0,0,NA,NA,NA,NA,NA,NA,NA,NA,NA,NA,NA,NA,NA,NA,NA,NA,NA,NA,NA,NA,NA,NA,NA,NA,NA,NA,NA,NA,NA,NA,NA,NA,NA
"12","Aaron Rodgers","GB","QB","2506363","robust",33.675,0.37065,22.67,0.296519999999999,249.9,9.85928999999997,1.935,0.14826,0.35,0.14826,2.2,0.29652,5.72,1.03782,0.09,0.029652,0.1825,0.051891,0,NA,0,NA,NA,NA,NA,NA,NA,NA,NA,NA,NA,NA,NA,NA,NA,NA,NA,NA,NA,NA,NA,NA,NA,NA,NA,NA,NA,NA,NA,NA,NA,NA,NA,NA
"13","Matthew Stafford","LAR","QB","79860","robust",34.2812070946407,0.481590554057227,22.625,0.726474000000003,258.2175,4.74431999999998,1.8,0.207564,1,0.266868,1.86,0.59304,5.25,0.29652,0.0375,0,0.18625,0.0407715,0.13,0,0,NA,NA,NA,NA,NA,NA,NA,NA,NA,NA,NA,NA,NA,NA,NA,NA,NA,NA,NA,NA,NA,NA,NA,NA,NA,NA,NA,NA,NA,NA,NA,NA,NA
"14","Andy Dalton","NO","QB","2495143","robust",32.415,0.806331801541906,20.925,0.148260000000002,248.7,10.052028,1.67,0.29652,0.79,0.029652,2.34,0.400302,8.425,2.2239,0.1025,0.029652,0.14,0.088956,0.13,0,0,NA,NA,NA,NA,NA,NA,NA,NA,NA,NA,NA,NA,NA,NA,NA,NA,NA,NA,NA,NA,NA,NA,NA,NA,NA,NA,NA,NA,NA,NA,NA,NA,NA
"15","Teddy Bridgewater","MIA","QB","2543465","robust",32.85,0.148260000000002,22.1,0.444780000000001,252.1,1.33434000000001,1.6775,0.207564,0.8,0.0296519999999999,2.26547051304568,0.14826,8.76,2.550072,0.1,0,0.095,0.014826,0.09,0,0,NA,NA,NA,NA,NA,NA,NA,NA,NA,NA,NA,NA,NA,NA,NA,NA,NA,NA,NA,NA,NA,NA,NA,NA,NA,NA,NA,NA,NA,NA,NA,NA,NA
"16","Jared Goff","DET","QB","2555334","robust",35.945,0.593039999999998,22.9,0.266868,243.7,6.96821999999998,1.685,0.0889560000000001,0.87,0,1.7025,0.14826,5,0,0.055,0.044478,0.1825,0.051891,0.26,0,0,NA,NA,NA,NA,NA,NA,NA,NA,NA,NA,NA,NA,NA,NA,NA,NA,NA,NA,NA,NA,NA,NA,NA,NA,NA,NA,NA,NA,NA,NA,NA,NA,NA
"17","Geno Smith","SEA","QB","2539335","robust",32.4,1.71981599999999,21.4718843575894,1.912554,239.68,13.061706,1.3075,0.14826,0.8775,0.14826,4,0.14826,14.075,3.528588,0.1925,0,0.095,0.014826,0,NA,0,NA,NA,NA,NA,NA,NA,NA,NA,NA,NA,NA,NA,NA,NA,NA,NA,NA,NA,NA,NA,NA,NA,NA,NA,NA,NA,NA,NA,NA,NA,NA,NA,NA
"18","Russell Wilson","DEN","QB","2532975","robust",31.9,0.548562000000007,20.2,0.296519999999999,236.95,4.64053800000003,1.675,0.29652,0.6,0.029652,3.57638121440478,0.207564,15.17,1.126776,0.1,0.044478,0.065,0.00741300000000001,0.03,0,0,NA,NA,NA,NA,NA,NA,NA,NA,NA,NA,NA,NA,NA,NA,NA,NA,NA,NA,NA,NA,NA,NA,NA,NA,NA,NA,NA,NA,NA,NA,NA,NA,NA
"19","Lamar Jackson","BAL","QB","2560757","robust",31.6876957174178,1.48260000000001,20.1,1.4826,234.8325,9.93341999999998,1.8175,0.192738,1,0.14826,9.9075,0.296519999999999,60.9,3.691674,0.4,0.14826,0.11,0.029652,0.09,0,0,NA,NA,NA,NA,NA,NA,NA,NA,NA,NA,NA,NA,NA,NA,NA,NA,NA,NA,NA,NA,NA,NA,NA,NA,NA,NA,NA,NA,NA,NA,NA,NA,NA
"20","Matt Ryan","IND","QB","310","robust",33.3699294634793,1.10432784510885,21.405,0.563387999999998,234.995,7.20543600000002,1.1425,0.103782,0.8175,0.237216,2.45625,0.44478,4.525,3.7065,0.0725,0.029652,0.35,0.07413,0.07,0,0,NA,NA,NA,NA,NA,NA,NA,NA,NA,NA,NA,NA,NA,NA,NA,NA,NA,NA,NA,NA,NA,NA,NA,NA,NA,NA,NA,NA,NA,NA,NA,NA,NA
"21","Kyler Murray","ARI","QB","2562382","robust",35.6,0.582186869347611,23.608331210908,0.889560000000002,241.525,10.3782,1.57,0.177912,0.86,0.118608,5.95129045355198,0.533735999999999,28.9,0.919211999999996,0.23,0.103782,0.1,0,0.13,0,0,NA,NA,NA,NA,NA,NA,NA,NA,NA,NA,NA,NA,NA,NA,NA,NA,NA,NA,NA,NA,NA,NA,NA,NA,NA,NA,NA,NA,NA,NA,NA,NA,NA
"22","Cooper Rush","DAL","QB","2559242","robust",33.0725,3.50136412330793,20.9075,0.103782,228.4575,11.371542,1.2,0.29652,0.8875,0.014826,1.98959127176406,0.62390396096521,6.04,1.18608,0.05,0.103782,0.1075,0.022239,0.08,0,0,NA,NA,NA,NA,NA,NA,NA,NA,NA,NA,NA,NA,NA,NA,NA,NA,NA,NA,NA,NA,NA,NA,NA,NA,NA,NA,NA,NA,NA,NA,NA,NA,NA
"23","Jimmy Garoppolo","SF","QB","2543801","robust",30.1,0.429954000000004,19.5082334954679,0.7413,231.48,5.63388000000002,1.2775,0.14826,0.86,0.14826,1.9325,0.43134313061651,3.9,1.63086,0.0825,0,0.1825,0.051891,0.06,0,0,NA,NA,NA,NA,NA,NA,NA,NA,NA,NA,NA,NA,NA,NA,NA,NA,NA,NA,NA,NA,NA,NA,NA,NA,NA,NA,NA,NA,NA,NA,NA,NA,NA
"24","Davis Mills","HOU","QB","2566136","robust",33.2,1.33434,21.6493170907127,0.7413,232.6025,5.1891,1.15,0.0889560000000001,1.11,0.66717,1.43583333333333,0.29652,3.74,1.4826,0.03,0,0.1375,0.0555975,0.12,0,0,NA,NA,NA,NA,NA,NA,NA,NA,NA,NA,NA,NA,NA,NA,NA,NA,NA,NA,NA,NA,NA,NA,NA,NA,NA,NA,NA,NA,NA,NA,NA,NA,NA
"25","Ryan Tannehill","TEN","QB","2532956","robust",30.1075,0.889559999999997,19.8661171648414,0.444780000000001,227.2,6.22691999999998,1.38,0.103782,0.71,0.029652,3.15327919247805,0.731576538464089,12.7,1.63086,0.19,0.029652,0.0925,0.022239,0.1,0,0,NA,NA,NA,NA,NA,NA,NA,NA,NA,NA,NA,NA,NA,NA,NA,NA,NA,NA,NA,NA,NA,NA,NA,NA,NA,NA,NA,NA,NA,NA,NA,NA,NA
"26","Jacoby Brissett","CLE","QB","2555261","robust",31.315,2.52042,20.42,1.03782,215.5475,15.12252,1.215,0.207564,0.655,0.14826,3.5,0.326172,15.115,2.920722,0.175,0.014826,0.0975,0.00741300000000001,0.06,0,0,NA,NA,NA,NA,NA,NA,NA,NA,NA,NA,NA,NA,NA,NA,NA,NA,NA,NA,NA,NA,NA,NA,NA,NA,NA,NA,NA,NA,NA,NA,NA,NA,NA
"27","Bailey Zappe","NE","QB","2567961","robust",29.1585462004576,1.230558,18.1920486632804,0.411078202427355,211.5,4.92223199999999,1.165,0.252042,1,0.0593040000000001,2.42523625881507,0.650942890723109,9.1,1.823598,0.1,0.029652,0.0925,0.022239,0.09,0,0,NA,NA,NA,NA,NA,NA,NA,NA,NA,NA,NA,NA,NA,NA,NA,NA,NA,NA,NA,NA,NA,NA,NA,NA,NA,NA,NA,NA,NA,NA,NA,NA,NA
"28","Baker Mayfield","CAR","QB","2560800","robust",30.3553939359331,0.635181802342081,18.0632898254261,1.25552601929306,203.0475,6.212094,1,0.044478,1,0.14826,3.1925,0.400302,10.9775,4.74432,0.1,0.014826,0.19625,0.0111195,0.09,0,0,NA,NA,NA,NA,NA,NA,NA,NA,NA,NA,NA,NA,NA,NA,NA,NA,NA,NA,NA,NA,NA,NA,NA,NA,NA,NA,NA,NA,NA,NA,NA,NA,NA
"29","Marcus Mariota","ATL","QB","2552466","robust",29.4,0.444780000000001,17.3525,0.904386000000004,204.39,14.559132,1.015,0.044478,0.76,0.192738,6.01727805384777,1.4826,30.15,0.311346000000001,0.2,0,0.22875,0.0852495,0.06,0,0,NA,NA,NA,NA,NA,NA,NA,NA,NA,NA,NA,NA,NA,NA,NA,NA,NA,NA,NA,NA,NA,NA,NA,NA,NA,NA,NA,NA,NA,NA,NA,NA,NA
"30","Kenny Pickett","PIT","QB","2568162","robust",33.8175,1.66494887125743,20.3,0.7413,209.5225,3.098634,0.95,0,1.425,0.44478,3,0.59304,14.975,11.26776,0.1075,0.014826,0.11,0.029652,0.09,0,0,NA,NA,NA,NA,NA,NA,NA,NA,NA,NA,NA,NA,NA,NA,NA,NA,NA,NA,NA,NA,NA,NA,NA,NA,NA,NA,NA,NA,NA,NA,NA,NA,NA
"31","Daniel Jones","NYG","QB","2562299","robust",28.5725,1.18608,17.975,1.008168,184.3475,5.61905399999999,0.95,0.118608,0.83,0.22239,6.625,1.03782,35.3,1.92738,0.22,0.059304,0.285,0.044478,0.16,0,0,NA,NA,NA,NA,NA,NA,NA,NA,NA,NA,NA,NA,NA,NA,NA,NA,NA,NA,NA,NA,NA,NA,NA,NA,NA,NA,NA,NA,NA,NA,NA,NA,NA
"32","Justin Fields","CHI","QB","2565920","robust",24.8822665180431,0.253426641396938,15.15,0.303788203418916,175.1725,4.99636200000001,0.895,0.22239,1.05,0.29652,7.7415224635845,0.889560000000001,39.12,3.424806,0.315,0.133434,0.2225,0.0333585,0.05,0,0,NA,NA,NA,NA,NA,NA,NA,NA,NA,NA,NA,NA,NA,NA,NA,NA,NA,NA,NA,NA,NA,NA,NA,NA,NA,NA,NA,NA,NA,NA,NA,NA,NA
"33","Mitchell Trubisky","PIT","QB","2558008","robust",12.25,15.93795,7.65,10.15581,92.05,125.94687,0.35,0.51891,0.15,0.07413,0.35,0.22239,1.4,0.88956,0,0,0,0,NA,NA,NA,NA,NA,NA,NA,NA,NA,NA,NA,NA,NA,NA,NA,NA,NA,NA,NA,NA,NA,NA,NA,NA,NA,NA,NA,NA,NA,NA,NA,NA,NA,NA,NA,NA
"34","Taylor Heinicke","WAS","QB","2553656","robust",3.55,0,2.25,0,24.025,2.37216,0.15,0,0.075,0,0.375,0,1.875,0.7413,0,0,0.025,0,0,NA,0,NA,NA,NA,NA,NA,NA,NA,NA,NA,NA,NA,NA,NA,NA,NA,NA,NA,NA,NA,NA,NA,NA,NA,NA,NA,NA,NA,NA,NA,NA,NA,NA,NA
"35","Tyler Huntley","BAL","QB","2563560","robust",3,0,1.8,0,17.525,0,0.1,0,0.075,0,0.85,0,4.625,0,0,0,0.05,0,0,NA,0,NA,NA,NA,NA,NA,NA,NA,NA,NA,NA,NA,NA,NA,NA,NA,NA,NA,NA,NA,NA,NA,NA,NA,NA,NA,NA,NA,NA,NA,NA,NA,NA,NA
"36","Joe Flacco","NYJ","QB","382","robust",2.4,0,1.525,0,18.15,0,0.175,0,0.025,0,0.175,0,0.675,0,0,0,0.075,0,0,NA,0,NA,NA,NA,NA,NA,NA,NA,NA,NA,NA,NA,NA,NA,NA,NA,NA,NA,NA,NA,NA,NA,NA,NA,NA,NA,NA,NA,NA,NA,NA,NA,NA,NA
"37","Phillip Walker","CAR","QB","2558904","robust",0.933923076923077,0.923089569230769,0.499846153846154,0.494047938461538,20.515,0.0148259999999997,0.1,0,0.13,0.029652,0.275,0.27181,1,0.9884,0,0,0.03,0.027181,0.03,0,0,NA,NA,NA,NA,NA,NA,NA,NA,NA,NA,NA,NA,NA,NA,NA,NA,NA,NA,NA,NA,NA,NA,NA,NA,NA,NA,NA,NA,NA,NA,NA,NA,NA
"38","Skylar Thompson","MIA","QB","2567895","robust",2.16805824348607,0,1.44949463162624,0,21.2,13.04688,0.1,0,0.1,0.088956,0.15,0,2.1,1.63086,0,0,0.00125,0,0.04,0,0,NA,NA,NA,NA,NA,NA,NA,NA,NA,NA,NA,NA,NA,NA,NA,NA,NA,NA,NA,NA,NA,NA,NA,NA,NA,NA,NA,NA,NA,NA,NA,NA,NA
"39","Nick Chubb","CLE","RB","2561021","robust",NA,NA,NA,NA,NA,NA,NA,NA,NA,NA,17.95,0.296519999999999,97.85,7.14613199999999,0.7925,0.14826,0.094,0.0118608,0,NA,0,NA,1.6025,0.281694,11.7575,0.548561999999999,0.085,0,NA,NA,NA,NA,NA,NA,NA,NA,NA,NA,NA,NA,NA,NA,NA,NA,NA,NA,NA,NA,NA,NA,NA,NA,NA,NA
"40","Derrick Henry","TEN","RB","2556075","robust",NA,NA,NA,NA,NA,NA,NA,NA,NA,NA,21.655,0.0889559999999981,94.7,4.74432,0.7,0,0.0925,0.014826,0.06,0,0,NA,2.245,0.281694,19.775,0.830255999999998,0.065,0.103782,NA,NA,NA,NA,NA,NA,NA,NA,NA,NA,NA,NA,NA,NA,NA,NA,NA,NA,NA,NA,NA,NA,NA,NA,NA,NA
"41","Saquon Barkley","NYG","RB","2560968","robust",NA,NA,NA,NA,NA,NA,NA,NA,NA,NA,20.05,0.118607999999997,92.1125,2.37215999999999,0.595,0.163086,0.091,0.0177912,0,NA,0,NA,4.2425,0.29652,31.755,2.81694,0.125,0.07413,NA,NA,NA,NA,NA,NA,NA,NA,NA,NA,NA,NA,NA,NA,NA,NA,NA,NA,NA,NA,NA,NA,NA,NA,NA,NA
"42","Dalvin Cook","MIN","RB","2557991","robust",NA,NA,NA,NA,NA,NA,NA,NA,NA,NA,17.8542504291731,1.03782,82.3,5.85627,0.6,0.14826,0.17,0.0474432,0.13,0,0,NA,2.75,0.44478,19.465,1.4826,0.05,0.088956,NA,NA,NA,NA,NA,NA,NA,NA,NA,NA,NA,NA,NA,NA,NA,NA,NA,NA,NA,NA,NA,NA,NA,NA,NA,NA
"43","Miles Sanders","PHI","RB","2562722","robust",NA,NA,NA,NA,NA,NA,NA,NA,NA,NA,15.6,0.623562839204994,74.82,2.56489800000001,0.535,0.14826,0.111,0.014826,0.09,0,0,NA,1.9925,0.177912,12.34,0.474432,0.07,0,NA,NA,NA,NA,NA,NA,NA,NA,NA,NA,NA,NA,NA,NA,NA,NA,NA,NA,NA,NA,NA,NA,NA,NA,NA,NA
"44","Rashaad Penny","SEA","RB","2560835","robust",NA,NA,NA,NA,NA,NA,NA,NA,NA,NA,14.3275,1.1693416918521,70.7125,5.48562,0.5,0.059304,0.0925,0.014826,0.01,0,0,NA,1.04,0.118608,7.5075,0.889559999999999,0,0,NA,NA,NA,NA,NA,NA,NA,NA,NA,NA,NA,NA,NA,NA,NA,NA,NA,NA,NA,NA,NA,NA,NA,NA,NA,NA
"45","Leonard Fournette","TB","RB","2557973","robust",NA,NA,NA,NA,NA,NA,NA,NA,NA,NA,16.4776462472883,0.725606695081542,66.865,3.48410999999999,0.5975,0.207564,0.1,0,0,NA,0,NA,4.0125,0.51891,28.38,6.37518,0.2,0,NA,NA,NA,NA,NA,NA,NA,NA,NA,NA,NA,NA,NA,NA,NA,NA,NA,NA,NA,NA,NA,NA,NA,NA,NA,NA
"46","Jamaal Williams","DET","RB","2558204","robust",NA,NA,NA,NA,NA,NA,NA,NA,NA,NA,16.5410731573002,0.148260000000002,69.825,4.74432,0.7,0.192738,0.1,0,0.03,0,0,NA,2.05,0.14826,14.3,0.889559999999999,0.0213000813634806,0,NA,NA,NA,NA,NA,NA,NA,NA,NA,NA,NA,NA,NA,NA,NA,NA,NA,NA,NA,NA,NA,NA,NA,NA,NA,NA
"47","Christian McCaffrey","CAR","RB","2557997","robust",NA,NA,NA,NA,NA,NA,NA,NA,NA,NA,16.0015531968262,1.18147446077096,65.7,2.52042,0.485,0.044478,0.1,0,0.03,0,0,NA,4.94,0.326172,37.5575,4.180932,0.2,0,NA,NA,NA,NA,NA,NA,NA,NA,NA,NA,NA,NA,NA,NA,NA,NA,NA,NA,NA,NA,NA,NA,NA,NA,NA,NA
"48","Aaron Jones","GB","RB","2558116","robust",NA,NA,NA,NA,NA,NA,NA,NA,NA,NA,13.1941884103418,0.832662525654562,69.95,3.51376200000001,0.4975,0.163086,0.103,0.00889560000000001,0,NA,0,NA,3.45,0.400302,27.675,3.26172,0.2,0,NA,NA,NA,NA,NA,NA,NA,NA,NA,NA,NA,NA,NA,NA,NA,NA,NA,NA,NA,NA,NA,NA,NA,NA,NA,NA
"49","Jeffery Wilson","SF","RB","2560938","robust",NA,NA,NA,NA,NA,NA,NA,NA,NA,NA,17.15,1.18608,70.5,0.7413,0.5,0.14826,0.2,0.044478,0.01,0,0,NA,1.68,0.14826,13.11,0.296519999999999,0.05,0.044478,NA,NA,NA,NA,NA,NA,NA,NA,NA,NA,NA,NA,NA,NA,NA,NA,NA,NA,NA,NA,NA,NA,NA,NA,NA,NA
"50","Damien Harris","NE","RB","2562281","robust",NA,NA,NA,NA,NA,NA,NA,NA,NA,NA,15.1,0.148259999999999,70,0.296520000000004,0.715,0.044478,0.108,0.0237216,0,NA,0,NA,1.565,0.326172,10.75,1.4826,0,0,NA,NA,NA,NA,NA,NA,NA,NA,NA,NA,NA,NA,NA,NA,NA,NA,NA,NA,NA,NA,NA,NA,NA,NA,NA,NA
"51","Josh Jacobs","LVR","RB","2562377","robust",NA,NA,NA,NA,NA,NA,NA,NA,NA,NA,16.5,0.533735999999999,68.98,3.26172,0.65,0.14826,0.11,0,0,NA,0,NA,2.8825,0.192738,21.8525,2.81694,0.045,0,NA,NA,NA,NA,NA,NA,NA,NA,NA,NA,NA,NA,NA,NA,NA,NA,NA,NA,NA,NA,NA,NA,NA,NA,NA,NA
"52","James Robinson","JAC","RB","2564223","robust",NA,NA,NA,NA,NA,NA,NA,NA,NA,NA,15.66,1.156428,70.02,2.60937600000001,0.73,0.207564,0.107,0.0207564,0.03,0,0,NA,1.8,0.37065,13.3,2.490768,0.09,0.029652,NA,NA,NA,NA,NA,NA,NA,NA,NA,NA,NA,NA,NA,NA,NA,NA,NA,NA,NA,NA,NA,NA,NA,NA,NA,NA
"53","Dameon Pierce","HOU","RB","2567685","robust",NA,NA,NA,NA,NA,NA,NA,NA,NA,NA,16.1624582850678,0.207564000000001,67.6,5.70801000000001,0.515,0.133434,0.105,0.014826,0.01,0,0,NA,2.6525,0.607866,18.1,4.00302,0.055,0.029652,NA,NA,NA,NA,NA,NA,NA,NA,NA,NA,NA,NA,NA,NA,NA,NA,NA,NA,NA,NA,NA,NA,NA,NA,NA,NA
"54","Najee Harris","PIT","RB","2566448","robust",NA,NA,NA,NA,NA,NA,NA,NA,NA,NA,16.3975,1.33434,59.7,4.00302,0.4075,0.133434,0.1125,0.037065,0,NA,0,NA,2.9,0.14826,17.97,2.66868,0.1,0.029652,NA,NA,NA,NA,NA,NA,NA,NA,NA,NA,NA,NA,NA,NA,NA,NA,NA,NA,NA,NA,NA,NA,NA,NA,NA,NA
"55","Melvin Gordon","DEN","RB","2552469","robust",NA,NA,NA,NA,NA,NA,NA,NA,NA,NA,15.9006802575582,0.359858199423119,64.5025,6.6717,0.6,0,0.297,0.0059304,0,NA,0,NA,2.6375,0.281694,19.11,0.978516,0.1,0,NA,NA,NA,NA,NA,NA,NA,NA,NA,NA,NA,NA,NA,NA,NA,NA,NA,NA,NA,NA,NA,NA,NA,NA,NA,NA
"56","Joe Mixon","CIN","RB","2557976","robust",NA,NA,NA,NA,NA,NA,NA,NA,NA,NA,17.785,0.148259999999997,67.38,1.03782,0.55,0.14826,0.0925,0.014826,0,NA,0,NA,3.4925,0.0148259999999997,26.765,1.082298,0.1,0,NA,NA,NA,NA,NA,NA,NA,NA,NA,NA,NA,NA,NA,NA,NA,NA,NA,NA,NA,NA,NA,NA,NA,NA,NA,NA
"57","David Montgomery","CHI","RB","2562502","robust",NA,NA,NA,NA,NA,NA,NA,NA,NA,NA,15,1.052646,61.23,5.455968,0.45,0.118608,0.103,0.00889560000000001,0.03,0,0,NA,2.31,0.148259999999999,19.125,0.963689999999998,0.1,0.029652,NA,NA,NA,NA,NA,NA,NA,NA,NA,NA,NA,NA,NA,NA,NA,NA,NA,NA,NA,NA,NA,NA,NA,NA,NA,NA
"58","Rhamondre Stevenson","NE","RB","2566343","robust",NA,NA,NA,NA,NA,NA,NA,NA,NA,NA,13.0344984559993,0.444780000000001,59.325,7.027524,0.595,0.14826,0.0875,0.037065,0,NA,0,NA,2.5575,0.59304,19.6,1.63086,0,0,NA,NA,NA,NA,NA,NA,NA,NA,NA,NA,NA,NA,NA,NA,NA,NA,NA,NA,NA,NA,NA,NA,NA,NA,NA,NA
"59","Raheem Mostert","MIA","RB","2553728","robust",NA,NA,NA,NA,NA,NA,NA,NA,NA,NA,13.7,3.40998,58.1,5.1891,0.3525,0.118608,0.1,0,0.01,0,0,NA,1.645,0.7413,13.4575,4.610886,0.0625,0.044478,NA,NA,NA,NA,NA,NA,NA,NA,NA,NA,NA,NA,NA,NA,NA,NA,NA,NA,NA,NA,NA,NA,NA,NA,NA,NA
"60","Alvin Kamara","NO","RB","2558019","robust",NA,NA,NA,NA,NA,NA,NA,NA,NA,NA,14.6307726618383,0.444780000000001,63.3475,1.289862,0.55,0.237216,0.093,0,0,NA,0,NA,3.47,0.29652,28.795,3.172764,0.2,0,NA,NA,NA,NA,NA,NA,NA,NA,NA,NA,NA,NA,NA,NA,NA,NA,NA,NA,NA,NA,NA,NA,NA,NA,NA,NA
"61","Khalil Herbert","CHI","RB","2565926","robust",NA,NA,NA,NA,NA,NA,NA,NA,NA,NA,9.875,1.63086,45.685,11.26776,0.3,0.14826,0.0125,0.037065,0,NA,0,NA,1.3,0.044478,9.425,0.874734,0.0075,0,NA,NA,NA,NA,NA,NA,NA,NA,NA,NA,NA,NA,NA,NA,NA,NA,NA,NA,NA,NA,NA,NA,NA,NA,NA,NA
"62","Ezekiel Elliott","DAL","RB","2555224","robust",NA,NA,NA,NA,NA,NA,NA,NA,NA,NA,14.545,0.474432,59.2875,5.11497,0.5,0.14826,0.0985,0.0029652,0.09,0,0,NA,1.8,0.029652,11.69,1.067472,0.0825,0,NA,NA,NA,NA,NA,NA,NA,NA,NA,NA,NA,NA,NA,NA,NA,NA,NA,NA,NA,NA,NA,NA,NA,NA,NA,NA
"63","Cam Akers","LAR","RB","2564319","robust",NA,NA,NA,NA,NA,NA,NA,NA,NA,NA,12.25,1.63086,50.8,6.81996,0.3,0.088956,0.189,0.014826,0.01,0,0,NA,1.09,0.37065,8.6975,1.4826,0.0275,0,NA,NA,NA,NA,NA,NA,NA,NA,NA,NA,NA,NA,NA,NA,NA,NA,NA,NA,NA,NA,NA,NA,NA,NA,NA,NA
"64","AJ Dillon","GB","RB","2563986","robust",NA,NA,NA,NA,NA,NA,NA,NA,NA,NA,13.1567291618101,0.687123310599335,56.34,2.861418,0.365,0.103782,0.07,0.0474432,0,NA,0,NA,2.1225,0.14826,17.55,1.4826,0.085,0.029652,NA,NA,NA,NA,NA,NA,NA,NA,NA,NA,NA,NA,NA,NA,NA,NA,NA,NA,NA,NA,NA,NA,NA,NA,NA,NA
"65","Tyler Allgeier","ATL","RB","2567232","robust",NA,NA,NA,NA,NA,NA,NA,NA,NA,NA,13.1509036939463,1.4826,55.595,5.63388,0.3,0.118608,0.08,0.0415128,0.01,0,0,NA,1.6,0.163086,12.0175,1.18608,0,0,NA,NA,NA,NA,NA,NA,NA,NA,NA,NA,NA,NA,NA,NA,NA,NA,NA,NA,NA,NA,NA,NA,NA,NA,NA,NA
"66","J.K. Dobbins","BAL","RB","2563548","robust",NA,NA,NA,NA,NA,NA,NA,NA,NA,NA,12.65,0.889559999999999,56.25,6.37518,0.6,0,0.0875,0.037065,0.01,0,0,NA,2.29,0.696822,17.69,2.994852,0.1,0.044478,NA,NA,NA,NA,NA,NA,NA,NA,NA,NA,NA,NA,NA,NA,NA,NA,NA,NA,NA,NA,NA,NA,NA,NA,NA,NA
"67","Breece Hall","NYJ","RB","2568030","robust",NA,NA,NA,NA,NA,NA,NA,NA,NA,NA,11.87,0.859908,52.8,5.381838,0.4825,0.14826,0.104,0.0118608,0,NA,0,NA,3.25,0.44478,27.375,2.52042,0.15,0.088956,NA,NA,NA,NA,NA,NA,NA,NA,NA,NA,NA,NA,NA,NA,NA,NA,NA,NA,NA,NA,NA,NA,NA,NA,NA,NA
"68","Kareem Hunt","CLE","RB","2557917","robust",NA,NA,NA,NA,NA,NA,NA,NA,NA,NA,10.2,1.63086,44.4975,6.241746,0.3,0,0.0125,0.037065,0.03,0,0,NA,2.55,0.177912,19.1,1.393644,0.1,0.029652,NA,NA,NA,NA,NA,NA,NA,NA,NA,NA,NA,NA,NA,NA,NA,NA,NA,NA,NA,NA,NA,NA,NA,NA,NA,NA
"69","Clyde Edwards-Helaire","KC","RB","2564271","robust",NA,NA,NA,NA,NA,NA,NA,NA,NA,NA,11.8,0.444779999999998,53.775,2.37216,0.45,0.14826,0.097,0,0,NA,0,NA,2.8,0.103782,22.225,1.63086,0.2,0.044478,NA,NA,NA,NA,NA,NA,NA,NA,NA,NA,NA,NA,NA,NA,NA,NA,NA,NA,NA,NA,NA,NA,NA,NA,NA,NA
"70","Austin Ekeler","LAC","RB","2559169","robust",NA,NA,NA,NA,NA,NA,NA,NA,NA,NA,12.5228532843354,0.432049117422919,52.96,3.55824,0.6,0,0.1125,0.037065,0.03,0,0,NA,5.1875,0.37065,42.46,0.37065,0.3,0,NA,NA,NA,NA,NA,NA,NA,NA,NA,NA,NA,NA,NA,NA,NA,NA,NA,NA,NA,NA,NA,NA,NA,NA,NA,NA
"71","Nyheim Hines","IND","RB","2560742","robust",NA,NA,NA,NA,NA,NA,NA,NA,NA,NA,9.48,1.838424,41.025,13.93644,0.325,0.22239,0.1125,0.037065,0.04,0,0.03,0,3.8,1.33434,29.3,3.11346,0.1,0.07413,NA,NA,NA,NA,NA,NA,NA,NA,NA,NA,NA,NA,NA,NA,NA,NA,NA,NA,NA,NA,NA,NA,NA,NA,NA,NA
"72","Antonio Gibson","WAS","RB","2565276","robust",NA,NA,NA,NA,NA,NA,NA,NA,NA,NA,12.1040903951896,2.2239,48.665,3.11346,0.32,0.0593040000000001,0.098,0,0,NA,0,NA,1.99,0.14826,15.1075,0.252042,0.05,0.014826,NA,NA,NA,NA,NA,NA,NA,NA,NA,NA,NA,NA,NA,NA,NA,NA,NA,NA,NA,NA,NA,NA,NA,NA,NA,NA
"73","James Conner","ARI","RB","2557978","robust",NA,NA,NA,NA,NA,NA,NA,NA,NA,NA,12.8225,0.296520000000002,50.8875,2.74281,0.445,0.103782,0.1,0,0,NA,0,NA,2.7425,0.326172,20.17,0.652343999999997,0.085,0.014826,NA,NA,NA,NA,NA,NA,NA,NA,NA,NA,NA,NA,NA,NA,NA,NA,NA,NA,NA,NA,NA,NA,NA,NA,NA,NA
"74","Tony Pollard","DAL","RB","2562699","robust",NA,NA,NA,NA,NA,NA,NA,NA,NA,NA,9,1.18608,37.3,4.74431999999999,0.2,0.014826,0.0875,0.037065,0,NA,0,NA,2.49,0.177912,20.175,1.18608,0.0825,0.014826,NA,NA,NA,NA,NA,NA,NA,NA,NA,NA,NA,NA,NA,NA,NA,NA,NA,NA,NA,NA,NA,NA,NA,NA,NA,NA
"75","Devin Singletary","BUF","RB","2562734","robust",NA,NA,NA,NA,NA,NA,NA,NA,NA,NA,11.518995108594,0.305386592005958,49.25,1.18608,0.3,0.14826,0.097,0,0,NA,0,NA,3.3575,0.44478,26.5,2.994852,0.1,0,NA,NA,NA,NA,NA,NA,NA,NA,NA,NA,NA,NA,NA,NA,NA,NA,NA,NA,NA,NA,NA,NA,NA,NA,NA,NA
"76","Mike Boone","DEN","RB","2561099","robust",NA,NA,NA,NA,NA,NA,NA,NA,NA,NA,7.3,2.846592,30.355,13.135836,0.1,0.014826,0.062,0.0563388,0,NA,0,NA,1.2325,0.355824,8.685,1.03782,0.0275,0,NA,NA,NA,NA,NA,NA,NA,NA,NA,NA,NA,NA,NA,NA,NA,NA,NA,NA,NA,NA,NA,NA,NA,NA,NA,NA
"77","Darrell Henderson","LAR","RB","2562574","robust",NA,NA,NA,NA,NA,NA,NA,NA,NA,NA,9.1,1.18608,39.2325,7.56126,0.225,0.088956,0.05,0.07413,0,NA,0,NA,1.7,0.44478,12.2225,2.52042,0.0775,0,NA,NA,NA,NA,NA,NA,NA,NA,NA,NA,NA,NA,NA,NA,NA,NA,NA,NA,NA,NA,NA,NA,NA,NA,NA,NA
"78","Phillip Lindsay","IND","RB","2559947","robust",NA,NA,NA,NA,NA,NA,NA,NA,NA,NA,8.2475,0.59304,36.44,2.07564,0.15,0.14826,0.07,0.0474432,0,NA,0,NA,0.55,0.118608,4.025,0.607866,0,0,NA,NA,NA,NA,NA,NA,NA,NA,NA,NA,NA,NA,NA,NA,NA,NA,NA,NA,NA,NA,NA,NA,NA,NA,NA,NA
"79","Michael Carter","NYJ","RB","2566382","robust",NA,NA,NA,NA,NA,NA,NA,NA,NA,NA,9.66354203282826,0.874734,40.0825,4.788798,0.2,0.118608,0.0125,0.037065,0.01,0,0,NA,2.2,0.29652,18.475,3.11346,0.05,0.014826,NA,NA,NA,NA,NA,NA,NA,NA,NA,NA,NA,NA,NA,NA,NA,NA,NA,NA,NA,NA,NA,NA,NA,NA,NA,NA
"80","Travis Etienne","JAC","RB","2566157","robust",NA,NA,NA,NA,NA,NA,NA,NA,NA,NA,8.775,0.444780000000001,38.6375,3.26172,0.2,0.029652,0.07,0.0474432,0,NA,0,NA,2.35,0.59304,20.5325,7.220262,0.07,0,NA,NA,NA,NA,NA,NA,NA,NA,NA,NA,NA,NA,NA,NA,NA,NA,NA,NA,NA,NA,NA,NA,NA,NA,NA,NA
"81","Chase Edmonds","MIA","RB","2560711","robust",NA,NA,NA,NA,NA,NA,NA,NA,NA,NA,8,1.03782,30.35,7.413,0.185,0.044478,0.05,0.07413,0,NA,0,NA,1.95,0.22239,15.08,2.980026,0.1,0,NA,NA,NA,NA,NA,NA,NA,NA,NA,NA,NA,NA,NA,NA,NA,NA,NA,NA,NA,NA,NA,NA,NA,NA,NA,NA
"82","Mark Ingram","NO","RB","2495466","robust",NA,NA,NA,NA,NA,NA,NA,NA,NA,NA,7.56,0.227940320461324,32.075,5.33736,0.205,0.014826,0.15,0.07413,0.03,0,0,NA,1.4625,0.29652,9.3,0.59304,0,0,NA,NA,NA,NA,NA,NA,NA,NA,NA,NA,NA,NA,NA,NA,NA,NA,NA,NA,NA,NA,NA,NA,NA,NA,NA,NA
"83","Isiah Pacheco","KC","RB","2567808","robust",NA,NA,NA,NA,NA,NA,NA,NA,NA,NA,6.01265700451983,0.148259999999999,24.7,1.77912,0.2,0,0.064,0.0533736,0,NA,0,NA,0.3,0.07413,2.35,0.978516,0,0,NA,NA,NA,NA,NA,NA,NA,NA,NA,NA,NA,NA,NA,NA,NA,NA,NA,NA,NA,NA,NA,NA,NA,NA,NA,NA
"84","Deon Jackson","IND","RB","2565603","robust",NA,NA,NA,NA,NA,NA,NA,NA,NA,NA,5.61449748351141,3.869586,20.6,15.71556,0.1,0.059304,0.042,0.0622692,0,NA,0,NA,0.6675,0.29652,5.375,2.876244,0,0,NA,NA,NA,NA,NA,NA,NA,NA,NA,NA,NA,NA,NA,NA,NA,NA,NA,NA,NA,NA,NA,NA,NA,NA,NA,NA
"85","Alexander Mattison","MIN","RB","2562682","robust",NA,NA,NA,NA,NA,NA,NA,NA,NA,NA,6.39530963342994,0.845082,27.555,1.601208,0.2,0.059304,0.066,0.0504084,0,NA,0,NA,1.5,0.14826,11.42,0.444780000000001,0.09,0.029652,NA,NA,NA,NA,NA,NA,NA,NA,NA,NA,NA,NA,NA,NA,NA,NA,NA,NA,NA,NA,NA,NA,NA,NA,NA,NA
"86","Caleb Huntley","ATL","RB","2566692","robust",NA,NA,NA,NA,NA,NA,NA,NA,NA,NA,7.5,1.33434,28.9,11.1195,0.1625,0.07413,0.064,0.0533736,0,NA,0,NA,0.85,0.14826,7.1,2.52042,0,0,NA,NA,NA,NA,NA,NA,NA,NA,NA,NA,NA,NA,NA,NA,NA,NA,NA,NA,NA,NA,NA,NA,NA,NA,NA,NA
"87","Brian Robinson","WAS","RB","2568348","robust",NA,NA,NA,NA,NA,NA,NA,NA,NA,NA,6.1,3.024504,23.1175,15.5673,0.1,0.14826,0.092,0,0,NA,0,NA,0.68,0.7413,5.2,6.22692,0.0225,0,NA,NA,NA,NA,NA,NA,NA,NA,NA,NA,NA,NA,NA,NA,NA,NA,NA,NA,NA,NA,NA,NA,NA,NA,NA,NA
"88","Zack Moss","BUF","RB","2563617","robust",NA,NA,NA,NA,NA,NA,NA,NA,NA,NA,5,0.163086,20.6375,2.9652,0.135,0.059304,0.092,0,0,NA,0,NA,0.955,0.281694,6.795,2.105292,0,0,NA,NA,NA,NA,NA,NA,NA,NA,NA,NA,NA,NA,NA,NA,NA,NA,NA,NA,NA,NA,NA,NA,NA,NA,NA,NA
"89","Darrel Williams","ARI","RB","2560935","robust",NA,NA,NA,NA,NA,NA,NA,NA,NA,NA,3.05691693612858,0.785778,13.85,4.729494,0.1,0.014826,0,0,0,NA,0,NA,0.88,0.14826,6.845,1.467774,0,0,NA,NA,NA,NA,NA,NA,NA,NA,NA,NA,NA,NA,NA,NA,NA,NA,NA,NA,NA,NA,NA,NA,NA,NA,NA,NA
"90","Rachaad White","TB","RB","2568315","robust",NA,NA,NA,NA,NA,NA,NA,NA,NA,NA,5.95,0.148259999999999,22.425,3.55824,0.2,0.07413,0.088,0.0237216,0,NA,0,NA,1.86,0.29652,15.155,4.07715,0.07,0,NA,NA,NA,NA,NA,NA,NA,NA,NA,NA,NA,NA,NA,NA,NA,NA,NA,NA,NA,NA,NA,NA,NA,NA,NA,NA
"91","Eno Benjamin","ARI","RB","2564889","robust",NA,NA,NA,NA,NA,NA,NA,NA,NA,NA,4.62212256956689,1.03782,18.875,0.7413,0.0925,0.014826,0.011,0.014826,0,NA,0,NA,1.15,0.44478,9.9,2.609376,0,0,NA,NA,NA,NA,NA,NA,NA,NA,NA,NA,NA,NA,NA,NA,NA,NA,NA,NA,NA,NA,NA,NA,NA,NA,NA,NA
"92","Kenneth Walker III","SEA","RB","2568282","robust",NA,NA,NA,NA,NA,NA,NA,NA,NA,NA,6.1075,0.29652,24.3,3.40998,0.1,0.133434,0.064,0.0533736,0,NA,0,NA,1.37,0.29652,10.63,1.92738,0.0225,0,NA,NA,NA,NA,NA,NA,NA,NA,NA,NA,NA,NA,NA,NA,NA,NA,NA,NA,NA,NA,NA,NA,NA,NA,NA,NA
"93","Craig Reynolds","DET","RB","2562834","robust",NA,NA,NA,NA,NA,NA,NA,NA,NA,NA,4.34662135092056,0.444780000000001,19.755,3.11346,0.1,0.014826,0.011,0.014826,0,NA,0,NA,0.995,0.118608,7.9,0.919212,0,0,NA,NA,NA,NA,NA,NA,NA,NA,NA,NA,NA,NA,NA,NA,NA,NA,NA,NA,NA,NA,NA,NA,NA,NA,NA,NA
"94","Sony Michel","LAC","RB","2560809","robust",NA,NA,NA,NA,NA,NA,NA,NA,NA,NA,5.5856252506612,1.29171599326059,22.8,4.07715,0.1,0,0.044,0.0652344,0,NA,0,NA,0.84,0.14826,5.23,0.533735999999999,0,0,NA,NA,NA,NA,NA,NA,NA,NA,NA,NA,NA,NA,NA,NA,NA,NA,NA,NA,NA,NA,NA,NA,NA,NA,NA,NA
"95","Jerick McKinnon","KC","RB","2543715","robust",NA,NA,NA,NA,NA,NA,NA,NA,NA,NA,3.73625926980641,0.467037324553307,15.055,1.77912,0.1,0,0.0125,0.037065,0.04,0,0,NA,1.91,0.192738,15,0.889559999999999,0.1,0.029652,NA,NA,NA,NA,NA,NA,NA,NA,NA,NA,NA,NA,NA,NA,NA,NA,NA,NA,NA,NA,NA,NA,NA,NA,NA,NA
"96","Samaje Perine","CIN","RB","2558138","robust",NA,NA,NA,NA,NA,NA,NA,NA,NA,NA,3.6,0.400302,14.7,2.07564,0.08,0.029652,0.0125,0.037065,0,NA,0,NA,1.2,0.37065,9.3975,2.37216,0.05,0.07413,NA,NA,NA,NA,NA,NA,NA,NA,NA,NA,NA,NA,NA,NA,NA,NA,NA,NA,NA,NA,NA,NA,NA,NA,NA,NA
"97","Rex Burkhead","HOU","RB","2539265","robust",NA,NA,NA,NA,NA,NA,NA,NA,NA,NA,5.295,2.37216,21.3025,5.455968,0.1,0,0.0125,0.037065,0,NA,0,NA,2.9,0.29652,20.4,2.2239,0.1,0.014826,NA,NA,NA,NA,NA,NA,NA,NA,NA,NA,NA,NA,NA,NA,NA,NA,NA,NA,NA,NA,NA,NA,NA,NA,NA,NA
"98","Dontrell Hilliard","TEN","RB","2561461","robust",NA,NA,NA,NA,NA,NA,NA,NA,NA,NA,3.35,1.32480812550544,14.3225,4.017846,0.055,0.044478,0.064,0.0533736,0,NA,0.01,0,2,0,17.465,1.586382,0.11,0.014826,NA,NA,NA,NA,NA,NA,NA,NA,NA,NA,NA,NA,NA,NA,NA,NA,NA,NA,NA,NA,NA,NA,NA,NA,NA,NA
"99","Tevin Coleman","SF","RB","2552453","robust",NA,NA,NA,NA,NA,NA,NA,NA,NA,NA,2.33864309210526,0.14826,17.2475,0,0.11,0,0,0,0,NA,0,NA,0.3675,0,3.1225,0,0.0025,0,NA,NA,NA,NA,NA,NA,NA,NA,NA,NA,NA,NA,NA,NA,NA,NA,NA,NA,NA,NA,NA,NA,NA,NA,NA,NA
"100","Mike Davis","BAL","RB","2553439","robust",NA,NA,NA,NA,NA,NA,NA,NA,NA,NA,3.7,1.067472,14.345,4.129041,0.085,0,0.06,0.0266868,0.03,0,0,NA,0.9,0.363237,5.6,1.793946,0.01,0,NA,NA,NA,NA,NA,NA,NA,NA,NA,NA,NA,NA,NA,NA,NA,NA,NA,NA,NA,NA,NA,NA,NA,NA,NA,NA
"101","J.D. McKissic","WAS","RB","2556440","robust",NA,NA,NA,NA,NA,NA,NA,NA,NA,NA,4.175,0.859907999999999,16.575,1.764294,0.0925,0,0.0125,0.037065,0,NA,0,NA,3.525,0.029652,27.15,1.63086,0.1,0,NA,NA,NA,NA,NA,NA,NA,NA,NA,NA,NA,NA,NA,NA,NA,NA,NA,NA,NA,NA,NA,NA,NA,NA,NA,NA
"102","Jordan Mason","SF","RB","2569257","robust",NA,NA,NA,NA,NA,NA,NA,NA,NA,NA,3.9,1.70499,12.9,7.627977,0.1,0.022239,0.055,0.0281694,0,NA,0,NA,0.7,0.29652,6.135,2.905896,0.005,0,NA,NA,NA,NA,NA,NA,NA,NA,NA,NA,NA,NA,NA,NA,NA,NA,NA,NA,NA,NA,NA,NA,NA,NA,NA,NA
"103","Kenneth Gainwell","PHI","RB","2566397","robust",NA,NA,NA,NA,NA,NA,NA,NA,NA,NA,4.12619488072327,0.504084,17.69,2.639028,0.2,0.088956,0.066,0.0504084,0.04,0,0,NA,1.5525,0.192738,12.0875,1.40847,0.06,0.014826,NA,NA,NA,NA,NA,NA,NA,NA,NA,NA,NA,NA,NA,NA,NA,NA,NA,NA,NA,NA,NA,NA,NA,NA,NA,NA
"104","Myles Gaskin","MIA","RB","2562270","robust",NA,NA,NA,NA,NA,NA,NA,NA,NA,NA,0.5225,0.022239,2.1,0.00741300000000017,0.015,0.014826,0,0,0,NA,0,NA,0.8,0.022239,5.7,0.0370649999999999,0.0225,0.022239,NA,NA,NA,NA,NA,NA,NA,NA,NA,NA,NA,NA,NA,NA,NA,NA,NA,NA,NA,NA,NA,NA,NA,NA,NA,NA
"105","Joshua Kelley","LAC","RB","2565054","robust",NA,NA,NA,NA,NA,NA,NA,NA,NA,NA,3.66218542893084,0.59304,14.92,3.26172,0.1,0,0.088,0.029652,0,NA,0,NA,0.785,0.14826,5.9,2.327682,0,0,NA,NA,NA,NA,NA,NA,NA,NA,NA,NA,NA,NA,NA,NA,NA,NA,NA,NA,NA,NA,NA,NA,NA,NA,NA,NA
"106","Jaylen Warren","PIT","RB","2568493","robust",NA,NA,NA,NA,NA,NA,NA,NA,NA,NA,4.1325,0.30205348660622,16.135,1.601208,0.1,0.014826,0.012,0.029652,0,NA,0,NA,0.715,0.266868,5.0425,1.527078,0,0,NA,NA,NA,NA,NA,NA,NA,NA,NA,NA,NA,NA,NA,NA,NA,NA,NA,NA,NA,NA,NA,NA,NA,NA,NA,NA
"107","Justin Jackson","DET","RB","2560756","robust",NA,NA,NA,NA,NA,NA,NA,NA,NA,NA,3.2,1.11678038650092,13,0,0.1,0,0.0025,0,0,NA,0,NA,1,0.0889560000000001,8.455,0.133434,0.04,0.059304,NA,NA,NA,NA,NA,NA,NA,NA,NA,NA,NA,NA,NA,NA,NA,NA,NA,NA,NA,NA,NA,NA,NA,NA,NA,NA
"108","DOnta Foreman","CAR","RB","2557994","robust",NA,NA,NA,NA,NA,NA,NA,NA,NA,NA,3,0.214977,11.5,2.772462,0.045,0.029652,0.00375,0.00555975,0,NA,0,NA,0.275,0.259455,2.22,1.719816,0.01,0,NA,NA,NA,NA,NA,NA,NA,NA,NA,NA,NA,NA,NA,NA,NA,NA,NA,NA,NA,NA,NA,NA,NA,NA,NA,NA
"109","James Cook","BUF","RB","2567328","robust",NA,NA,NA,NA,NA,NA,NA,NA,NA,NA,2.8,0.8194721750506,13.9,3.40998,0.1,0.044478,0.094,0,0,NA,0,NA,0.8,0.14826,6.8,0.59304,0,0,NA,NA,NA,NA,NA,NA,NA,NA,NA,NA,NA,NA,NA,NA,NA,NA,NA,NA,NA,NA,NA,NA,NA,NA,NA,NA
"110","D'Ernest Johnson","CLE","RB","2563327","robust",NA,NA,NA,NA,NA,NA,NA,NA,NA,NA,2.3,0,12.705,4.284714,0.1,0,0,0,0,NA,0,NA,0.45,0.252042,3.05,2.66868,0,0,NA,NA,NA,NA,NA,NA,NA,NA,NA,NA,NA,NA,NA,NA,NA,NA,NA,NA,NA,NA,NA,NA,NA,NA,NA,NA
"111","Ty Johnson","NYJ","RB","2562293","robust",NA,NA,NA,NA,NA,NA,NA,NA,NA,NA,0.3182265625,0.400302,5.3,0.0148259999999997,0.075,0,0.00125,0,0,NA,0,NA,0.7,0.0296519999999999,7.2,0.0444780000000004,0.005,0,NA,NA,NA,NA,NA,NA,NA,NA,NA,NA,NA,NA,NA,NA,NA,NA,NA,NA,NA,NA,NA,NA,NA,NA,NA,NA
"112","Chuba Hubbard","CAR","RB","2565899","robust",NA,NA,NA,NA,NA,NA,NA,NA,NA,NA,2.57734096607066,0.707705716296367,9.7,2.66868,0.05,0.07413,0.00125,0,0,NA,0,NA,0.415,0.133434,3.35,1.55673,0.005,0,NA,NA,NA,NA,NA,NA,NA,NA,NA,NA,NA,NA,NA,NA,NA,NA,NA,NA,NA,NA,NA,NA,NA,NA,NA,NA
"113","Matt Breida","NYG","RB","2558918","robust",NA,NA,NA,NA,NA,NA,NA,NA,NA,NA,2.73701651763049,0.670037243844169,10.9175,0.489258,0,0,0.075,0.044478,0,NA,0,NA,0.58,0.14826,4.05,1.18608,0,0,NA,NA,NA,NA,NA,NA,NA,NA,NA,NA,NA,NA,NA,NA,NA,NA,NA,NA,NA,NA,NA,NA,NA,NA,NA,NA
"114","DeeJay Dallas","SEA","RB","2565144","robust",NA,NA,NA,NA,NA,NA,NA,NA,NA,NA,1.35,0.29580389024473,5.785,0.748713,0.05,0.051891,0,0,0,NA,0,NA,0.775,0.14826,5.25,0.51891,0.01,0,NA,NA,NA,NA,NA,NA,NA,NA,NA,NA,NA,NA,NA,NA,NA,NA,NA,NA,NA,NA,NA,NA,NA,NA,NA,NA
"115","Kenyan Drake","BAL","RB","2555230","robust",NA,NA,NA,NA,NA,NA,NA,NA,NA,NA,2.72905505497939,0.44478,11.6025,2.327682,0.0875,0,0.001,0,0.03,0,0,NA,0.535,0.59304,4.36,4.89258,0,0,NA,NA,NA,NA,NA,NA,NA,NA,NA,NA,NA,NA,NA,NA,NA,NA,NA,NA,NA,NA,NA,NA,NA,NA,NA,NA
"116","Brandon Bolden","LVR","RB","2532797","robust",NA,NA,NA,NA,NA,NA,NA,NA,NA,NA,2.67,0.44478,10.55,2.905896,0.0075,0,0,0,0.04,0,0,NA,1.315,0.44478,11.9625,1.92738,0.05,0.059304,NA,NA,NA,NA,NA,NA,NA,NA,NA,NA,NA,NA,NA,NA,NA,NA,NA,NA,NA,NA,NA,NA,NA,NA,NA,NA
"117","Malcolm Brown","LAR","RB","2552382","robust",NA,NA,NA,NA,NA,NA,NA,NA,NA,NA,0,0,13.1,0,0.0975,0,0,0,0,NA,0,NA,0.4925,0,3.3,0,0.005,0,NA,NA,NA,NA,NA,NA,NA,NA,NA,NA,NA,NA,NA,NA,NA,NA,NA,NA,NA,NA,NA,NA,NA,NA,NA,NA
"118","Trey Sermon","PHI","RB","2566544","robust",NA,NA,NA,NA,NA,NA,NA,NA,NA,NA,2.03196596652181,0.222390000000001,9.45,2.14977,0.075,0.037065,0.001,0,0,NA,0,NA,0.165,0.022239,1.245,0.118608,0.005,0,NA,NA,NA,NA,NA,NA,NA,NA,NA,NA,NA,NA,NA,NA,NA,NA,NA,NA,NA,NA,NA,NA,NA,NA,NA,NA
"119","Ronald Jones","KC","RB","2560770","robust",NA,NA,NA,NA,NA,NA,NA,NA,NA,NA,1.8,0,8.7,0,0.1,0,0,0,0,NA,0,NA,0,0,0.2,0,0,0,NA,NA,NA,NA,NA,NA,NA,NA,NA,NA,NA,NA,NA,NA,NA,NA,NA,NA,NA,NA,NA,NA,NA,NA,NA,NA
"120","Ke'Shawn Vaughn","TB","RB","2565258","robust",NA,NA,NA,NA,NA,NA,NA,NA,NA,NA,1.9,0,8.73,3.40998,0.1,0,0,0,0,NA,0,NA,0.25,0.14826,1.725,1.92738,0,0,NA,NA,NA,NA,NA,NA,NA,NA,NA,NA,NA,NA,NA,NA,NA,NA,NA,NA,NA,NA,NA,NA,NA,NA,NA,NA
"121","Cooper Kupp","LAR","WR","2557898","robust",NA,NA,NA,NA,NA,NA,NA,NA,NA,NA,0.287033162760453,NA,2.33625,0.252042,0.034811885432806,0.029652,0.1,0,0,NA,0.01,0,8.125,0.296519999999999,101.4725,2.475942,0.8,0.163086,NA,NA,NA,NA,NA,NA,NA,NA,NA,NA,NA,NA,NA,NA,NA,NA,NA,NA,NA,NA,NA,NA,NA,NA,NA,NA
"122","Justin Jefferson","MIN","WR","2564556","robust",NA,NA,NA,NA,NA,NA,NA,NA,NA,NA,0.1,0,1.20333333333333,0.59304,0.0325,0.029652,0.0875,0.037065,0,NA,0,NA,6.41,0.59304,95.5,3.26172,0.6875,0.133434,NA,NA,NA,NA,NA,NA,NA,NA,NA,NA,NA,NA,NA,NA,NA,NA,NA,NA,NA,NA,NA,NA,NA,NA,NA,NA
"123","Tyreek Hill","MIA","WR","2556214","robust",NA,NA,NA,NA,NA,NA,NA,NA,NA,NA,0.676018658714713,NA,4.32583333333333,0.474432,0.0219715431736679,0.014826,0.0875,0.037065,0,NA,0,NA,6.32,0.148260000000001,83.9,3.26172,0.5875,0.22239,NA,NA,NA,NA,NA,NA,NA,NA,NA,NA,NA,NA,NA,NA,NA,NA,NA,NA,NA,NA,NA,NA,NA,NA,NA,NA
"124","Davante Adams","LVR","WR","2543495","robust",NA,NA,NA,NA,NA,NA,NA,NA,NA,NA,0.205,0.014826,0.4325,0.627634,0.002,0,0.0875,0.037065,0,NA,0,NA,7.4275,0.429954,91.675,2.56489799999998,0.775,0.14826,NA,NA,NA,NA,NA,NA,NA,NA,NA,NA,NA,NA,NA,NA,NA,NA,NA,NA,NA,NA,NA,NA,NA,NA,NA,NA
"125","Stefon Diggs","BUF","WR","2552608","robust",NA,NA,NA,NA,NA,NA,NA,NA,NA,NA,0,0,0,0,0,0,0.0875,0.037065,0,NA,0,NA,7,0.148259999999999,89.425,4.00301999999998,0.7725,0.14826,NA,NA,NA,NA,NA,NA,NA,NA,NA,NA,NA,NA,NA,NA,NA,NA,NA,NA,NA,NA,NA,NA,NA,NA,NA,NA
"126","A.J. Brown","PHI","WR","2562238","robust",NA,NA,NA,NA,NA,NA,NA,NA,NA,NA,0,0,0.205,0.138376,0,0,0.0875,0.037065,0,NA,0,NA,5.7,0.37065,84.6,2.550072,0.6875,0.22239,NA,NA,NA,NA,NA,NA,NA,NA,NA,NA,NA,NA,NA,NA,NA,NA,NA,NA,NA,NA,NA,NA,NA,NA,NA,NA
"127","Ja'Marr Chase","CIN","WR","2565941","robust",NA,NA,NA,NA,NA,NA,NA,NA,NA,NA,0.62,NA,3.08,1.467774,0.00387487793754319,0,0.1,0,0,NA,0,NA,6.085,0.326172,88.45,2.37215999999999,0.675,0.14826,NA,NA,NA,NA,NA,NA,NA,NA,NA,NA,NA,NA,NA,NA,NA,NA,NA,NA,NA,NA,NA,NA,NA,NA,NA,NA
"128","Chris Olave","NO","WR","2567973","robust",NA,NA,NA,NA,NA,NA,NA,NA,NA,NA,0.0125,0.037065,0.203333333333333,0.266868,0,0,0.15,0.07413,0,NA,0,NA,5.6,0.296519999999999,76.7625,4.29954000000001,0.5,0.22239,NA,NA,NA,NA,NA,NA,NA,NA,NA,NA,NA,NA,NA,NA,NA,NA,NA,NA,NA,NA,NA,NA,NA,NA,NA,NA
"129","Mike Evans","TB","WR","2543468","robust",NA,NA,NA,NA,NA,NA,NA,NA,NA,NA,0,0,0.102916666666667,0.14826,0,0,0.0875,0.037065,0,NA,0,NA,5.8,0.29652,80.9,2.07563999999999,0.8675,0.14826,NA,NA,NA,NA,NA,NA,NA,NA,NA,NA,NA,NA,NA,NA,NA,NA,NA,NA,NA,NA,NA,NA,NA,NA,NA,NA
"130","Tee Higgins","CIN","WR","2563731","robust",NA,NA,NA,NA,NA,NA,NA,NA,NA,NA,0.0125,0.037065,0.112083333333333,0.133434,0,0,0,0,0,NA,0,NA,5.3175,0.0593040000000001,78.815,1.971858,0.575,0.14826,NA,NA,NA,NA,NA,NA,NA,NA,NA,NA,NA,NA,NA,NA,NA,NA,NA,NA,NA,NA,NA,NA,NA,NA,NA,NA
"131","Chris Godwin","TB","WR","2558105","robust",NA,NA,NA,NA,NA,NA,NA,NA,NA,NA,0.0875,0.037065,0.63,0.207564,0,0,0.1,0,0,NA,0,NA,6.17,0.29652,71.025,2.66868000000002,0.5825,0.340998,NA,NA,NA,NA,NA,NA,NA,NA,NA,NA,NA,NA,NA,NA,NA,NA,NA,NA,NA,NA,NA,NA,NA,NA,NA,NA
"132","Christian Kirk","JAC","WR","2560781","robust",NA,NA,NA,NA,NA,NA,NA,NA,NA,NA,0.19730027173913,NA,1.31291666666667,0.192738,0.00137047101449275,0,0.0875,0.037065,0,NA,0,NA,5.185,0.44478,73.3,4.89258,0.6,0.266868,NA,NA,NA,NA,NA,NA,NA,NA,NA,NA,NA,NA,NA,NA,NA,NA,NA,NA,NA,NA,NA,NA,NA,NA,NA,NA
"133","Terry McLaurin","WAS","WR","2562489","robust",NA,NA,NA,NA,NA,NA,NA,NA,NA,NA,0.1,0,0.7975,0.237216,0,0,0.05,0.07413,0,NA,0,NA,4.85,0.44478,68.3225,10.3782,0.4575,0.192738,NA,NA,NA,NA,NA,NA,NA,NA,NA,NA,NA,NA,NA,NA,NA,NA,NA,NA,NA,NA,NA,NA,NA,NA,NA,NA
"134","Courtland Sutton","DEN","WR","2560888","robust",NA,NA,NA,NA,NA,NA,NA,NA,NA,NA,0.0875,0.037065,0.48,0.14826,0,0,0.0875,0.037065,0,NA,0,NA,5.5,0.103782,72.6425,2.46111599999999,0.575,0.14826,NA,NA,NA,NA,NA,NA,NA,NA,NA,NA,NA,NA,NA,NA,NA,NA,NA,NA,NA,NA,NA,NA,NA,NA,NA,NA
"135","Amon-Ra St. Brown","DET","WR","2566073","robust",NA,NA,NA,NA,NA,NA,NA,NA,NA,NA,0.282417829222995,NA,3.87625,2.37216,0.0191554240631164,0.0246433268639053,0.0875,0.037065,0,NA,0,NA,5.95,0.7413,66.1675,4.26988800000001,0.4575,0.103782,NA,NA,NA,NA,NA,NA,NA,NA,NA,NA,NA,NA,NA,NA,NA,NA,NA,NA,NA,NA,NA,NA,NA,NA,NA,NA
"136","Jaylen Waddle","MIA","WR","2566292","robust",NA,NA,NA,NA,NA,NA,NA,NA,NA,NA,0.5,NA,3.3575,0.103782,0.05,0.0662862089116146,0.0875,0.037065,0,NA,0,NA,5.7,0.0148259999999997,73.375,1.85325,0.515,0.14826,NA,NA,NA,NA,NA,NA,NA,NA,NA,NA,NA,NA,NA,NA,NA,NA,NA,NA,NA,NA,NA,NA,NA,NA,NA,NA
"137","Mike Williams","LAC","WR","2558846","robust",NA,NA,NA,NA,NA,NA,NA,NA,NA,NA,0.25,0.37065,0.72125,0.281694,0,0,0,0,0,NA,0,NA,4.95,0.340998000000001,72.05,2.66868000000002,0.6,0.14826,NA,NA,NA,NA,NA,NA,NA,NA,NA,NA,NA,NA,NA,NA,NA,NA,NA,NA,NA,NA,NA,NA,NA,NA,NA,NA
"138","CeeDee Lamb","DAL","WR","2563848","robust",NA,NA,NA,NA,NA,NA,NA,NA,NA,NA,0.2125,0.037065,1.62833333333333,0.224861,0,0,0.0875,0.037065,0.07,0,0,NA,5.5,0.192738,71.975,5.15944800000001,0.63,0.266868,NA,NA,NA,NA,NA,NA,NA,NA,NA,NA,NA,NA,NA,NA,NA,NA,NA,NA,NA,NA,NA,NA,NA,NA,NA,NA
"139","Tyler Lockett","SEA","WR","2552430","robust",NA,NA,NA,NA,NA,NA,NA,NA,NA,NA,0.0554639570552147,NA,0.78875,0.44478,0.002,0,0.0875,0.037065,0,NA,0,NA,5.6,0,70.925,1.03782,0.375,0.118608,NA,NA,NA,NA,NA,NA,NA,NA,NA,NA,NA,NA,NA,NA,NA,NA,NA,NA,NA,NA,NA,NA,NA,NA,NA,NA
"140","Marquise Brown","ARI","WR","2562379","robust",NA,NA,NA,NA,NA,NA,NA,NA,NA,NA,0.0125,0.037065,0.10625,0.07413,0,0,0.0875,0.037065,0,NA,0,NA,5.7,0.44478,68.42,5.33735999999999,0.5,0.163086,NA,NA,NA,NA,NA,NA,NA,NA,NA,NA,NA,NA,NA,NA,NA,NA,NA,NA,NA,NA,NA,NA,NA,NA,NA,NA
"141","Drake London","ATL","WR","2567250","robust",NA,NA,NA,NA,NA,NA,NA,NA,NA,NA,0.0125,0.037065,0.4625,0.22239,0.01,0,0.0875,0.037065,0,NA,0,NA,5.1,0.29652,67.37,4.00302,0.575,0.14826,NA,NA,NA,NA,NA,NA,NA,NA,NA,NA,NA,NA,NA,NA,NA,NA,NA,NA,NA,NA,NA,NA,NA,NA,NA,NA
"142","Deebo Samuel","SF","WR","2562721","robust",NA,NA,NA,NA,NA,NA,NA,NA,NA,NA,5.1,NA,32.4770833333333,1.4826,0.25,0.0891555826187527,0.104,0.0118608,0,NA,0,NA,4.725,0.148259999999999,67.2,0.296520000000004,0.3,0,NA,NA,NA,NA,NA,NA,NA,NA,NA,NA,NA,NA,NA,NA,NA,NA,NA,NA,NA,NA,NA,NA,NA,NA,NA,NA
"143","Michael Pittman","IND","WR","2564136","robust",NA,NA,NA,NA,NA,NA,NA,NA,NA,NA,0.1,0,1.07666666666667,0.242158,0,0,0.0875,0.037065,0,NA,0,NA,5.3625,0.148259999999999,67.675,2.95037399999999,0.5,0.237216,NA,NA,NA,NA,NA,NA,NA,NA,NA,NA,NA,NA,NA,NA,NA,NA,NA,NA,NA,NA,NA,NA,NA,NA,NA,NA
"144","DeVonta Smith","PHI","WR","2566409","robust",NA,NA,NA,NA,NA,NA,NA,NA,NA,NA,0,0,0,0,0,0,0.05,0.07413,0,NA,0,NA,4.5,0.44478,62,2.9652,0.45,0.14826,NA,NA,NA,NA,NA,NA,NA,NA,NA,NA,NA,NA,NA,NA,NA,NA,NA,NA,NA,NA,NA,NA,NA,NA,NA,NA
"145","Gabriel Davis","BUF","WR","2563602","robust",NA,NA,NA,NA,NA,NA,NA,NA,NA,NA,0,0,0,0,0,0,0,0,0,NA,0,NA,3.9,0.14826,62.1,6.07866,0.7,0.29652,NA,NA,NA,NA,NA,NA,NA,NA,NA,NA,NA,NA,NA,NA,NA,NA,NA,NA,NA,NA,NA,NA,NA,NA,NA,NA
"146","DK Metcalf","SEA","WR","2562685","robust",NA,NA,NA,NA,NA,NA,NA,NA,NA,NA,0,0,0.152083333333333,0.14826,0,0,0.1,0,0,NA,0,NA,5.2775,0.148259999999999,68,0.726473999999992,0.575,0.14826,NA,NA,NA,NA,NA,NA,NA,NA,NA,NA,NA,NA,NA,NA,NA,NA,NA,NA,NA,NA,NA,NA,NA,NA,NA,NA
"147","Nico Collins","HOU","WR","2566127","robust",NA,NA,NA,NA,NA,NA,NA,NA,NA,NA,0.10625,0.0185325,0.195833333333333,0.355824,0.001,0,0,0,0,NA,0,NA,3.7,0.563388,49.25,4.29954,0.1925,0.014826,NA,NA,NA,NA,NA,NA,NA,NA,NA,NA,NA,NA,NA,NA,NA,NA,NA,NA,NA,NA,NA,NA,NA,NA,NA,NA
"148","Corey Davis","NYJ","WR","2557848","robust",NA,NA,NA,NA,NA,NA,NA,NA,NA,NA,0,0,0.105833333333333,0,0,0,0.0125,0.037065,0,NA,0,NA,3.215,0.29652,51.5225,12.6021,0.28,0.14826,NA,NA,NA,NA,NA,NA,NA,NA,NA,NA,NA,NA,NA,NA,NA,NA,NA,NA,NA,NA,NA,NA,NA,NA,NA,NA
"149","Curtis Samuel","WAS","WR","2558066","robust",NA,NA,NA,NA,NA,NA,NA,NA,NA,NA,1.77292827656233,NA,11.1075,1.722287,0.032172228870545,0.0469605626337127,0.092,0,0,NA,0,NA,5.15,0.518909999999999,53.75,1.92738000000001,0.4,0.14826,NA,NA,NA,NA,NA,NA,NA,NA,NA,NA,NA,NA,NA,NA,NA,NA,NA,NA,NA,NA,NA,NA,NA,NA,NA,NA
"150","Brandin Cooks","HOU","WR","2543498","robust",NA,NA,NA,NA,NA,NA,NA,NA,NA,NA,0.05,NA,0.62,0.150731,0.001,0,0.05,0.07413,0,NA,0,NA,5.5575,0.785778,66.315,1.66051200000001,0.475,0.14826,NA,NA,NA,NA,NA,NA,NA,NA,NA,NA,NA,NA,NA,NA,NA,NA,NA,NA,NA,NA,NA,NA,NA,NA,NA,NA
"151","Josh Reynolds","DET","WR","2558194","robust",NA,NA,NA,NA,NA,NA,NA,NA,NA,NA,0,0,0.0841666666666667,0.034594,0,0,0,0,0,NA,0,NA,4.2,0.326172,57.81,4.59606,0.3525,0.044478,NA,NA,NA,NA,NA,NA,NA,NA,NA,NA,NA,NA,NA,NA,NA,NA,NA,NA,NA,NA,NA,NA,NA,NA,NA,NA
"152","Jakobi Meyers","NE","WR","2562492","robust",NA,NA,NA,NA,NA,NA,NA,NA,NA,NA,0.175,0.07413,1.06083333333333,0.14826,0,0,0.0875,0.037065,0,NA,0.01,0,4.67,0.59304,55.735,8.406342,0.245,0.133434,NA,NA,NA,NA,NA,NA,NA,NA,NA,NA,NA,NA,NA,NA,NA,NA,NA,NA,NA,NA,NA,NA,NA,NA,NA,NA
"153","DeVante Parker","NE","WR","2552409","robust",NA,NA,NA,NA,NA,NA,NA,NA,NA,NA,0,0,0.0525,0,0,0,0,0,0,NA,0,NA,3.4,0.429954,47.4975,12.468666,0.285,0.044478,NA,NA,NA,NA,NA,NA,NA,NA,NA,NA,NA,NA,NA,NA,NA,NA,NA,NA,NA,NA,NA,NA,NA,NA,NA,NA
"154","Romeo Doubs","GB","WR","2567586","robust",NA,NA,NA,NA,NA,NA,NA,NA,NA,NA,0.1,0,0.715,0.177912,0,0,0.175,0.037065,0,NA,0.01,0,4.5025,0.296519999999999,55.85,2.81694000000001,0.5,0.177912,NA,NA,NA,NA,NA,NA,NA,NA,NA,NA,NA,NA,NA,NA,NA,NA,NA,NA,NA,NA,NA,NA,NA,NA,NA,NA
"155","JuJu Smith-Schuster","KC","WR","2558149","robust",NA,NA,NA,NA,NA,NA,NA,NA,NA,NA,0.0875,0.037065,0.551666666666667,0.29652,0,0,0.1,0,0,NA,0,NA,4.9525,0.133434,55.84,6.52344,0.4875,0.281694,NA,NA,NA,NA,NA,NA,NA,NA,NA,NA,NA,NA,NA,NA,NA,NA,NA,NA,NA,NA,NA,NA,"Q","Hamstring",5,2022
"156","Robert Woods","TEN","WR","2540169","robust",NA,NA,NA,NA,NA,NA,NA,NA,NA,NA,0.518014592933948,NA,3.39333333333333,0.326172,0.01,0.0184217921146953,0.05,0.07413,0,NA,0,NA,4.9225,0.148259999999999,59.9,2.416638,0.475,0.14826,NA,NA,NA,NA,NA,NA,NA,NA,NA,NA,NA,NA,NA,NA,NA,NA,NA,NA,NA,NA,NA,NA,NA,NA,NA,NA
"157","Jerry Jeudy","DEN","WR","2563896","robust",NA,NA,NA,NA,NA,NA,NA,NA,NA,NA,0.1,0,0.371666666666667,0.306404,0,0,0,0,0,NA,0,NA,4.05,0.14826,59.095,2.312856,0.35,0.044478,NA,NA,NA,NA,NA,NA,NA,NA,NA,NA,NA,NA,NA,NA,NA,NA,NA,NA,NA,NA,NA,NA,NA,NA,NA,NA
"158","Amari Cooper","CLE","WR","2552487","robust",NA,NA,NA,NA,NA,NA,NA,NA,NA,NA,0.0125,0.037065,0.101666666666667,0.059304,0,0,0,0,0.2,0,0,NA,4.875,0.29652,58.7425,2.386986,0.5,0.14826,NA,NA,NA,NA,NA,NA,NA,NA,NA,NA,NA,NA,NA,NA,NA,NA,NA,NA,NA,NA,NA,NA,NA,NA,NA,NA
"159","Diontae Johnson","PIT","WR","2562674","robust",NA,NA,NA,NA,NA,NA,NA,NA,NA,NA,0.360978260869565,NA,2.40541666666667,0.29652,0.00329849157559199,0,0.1,0,0,NA,0.02,0,5.55,0.29652,57.6575,3.691674,0.3,0.059304,NA,NA,NA,NA,NA,NA,NA,NA,NA,NA,NA,NA,NA,NA,NA,NA,NA,NA,NA,NA,NA,NA,NA,NA,NA,NA
"160","Adam Thielen","MIN","WR","2541785","robust",NA,NA,NA,NA,NA,NA,NA,NA,NA,NA,0.0125,0.037065,0.204166666666667,0.29652,0,0,0,0,0,NA,0,NA,4.615,0.355823999999999,56.68,2.66868,0.69,0.385476,NA,NA,NA,NA,NA,NA,NA,NA,NA,NA,NA,NA,NA,NA,NA,NA,NA,NA,NA,NA,NA,NA,NA,NA,NA,NA
"161","Mack Hollins","LVR","WR","2558262","robust",NA,NA,NA,NA,NA,NA,NA,NA,NA,NA,0,0,0,0,0,0,0,0,0,NA,0,NA,3.2,0.266868,44.9325,4.95188400000001,0.2,0,NA,NA,NA,NA,NA,NA,NA,NA,NA,NA,NA,NA,NA,NA,NA,NA,NA,NA,NA,NA,NA,NA,NA,NA,NA,NA
"162","Allen Lazard","GB","WR","2560787","robust",NA,NA,NA,NA,NA,NA,NA,NA,NA,NA,0.0875,0.037065,0.616666666666667,0.19768,0,0,0,0,0,NA,0,NA,4.31,0.326172,57.3125,2.9652,0.4,0.0741300000000001,NA,NA,NA,NA,NA,NA,NA,NA,NA,NA,NA,NA,NA,NA,NA,NA,NA,NA,NA,NA,NA,NA,NA,NA,NA,NA
"163","Garrett Wilson","NYJ","WR","2568048","robust",NA,NA,NA,NA,NA,NA,NA,NA,NA,NA,0.230007530120482,NA,1.06875,0.400302,0.00375,0,0.0875,0.037065,0,NA,0,NA,3.8,0.326172,52.765,8.169126,0.3475,0.14826,NA,NA,NA,NA,NA,NA,NA,NA,NA,NA,NA,NA,NA,NA,NA,NA,NA,NA,NA,NA,NA,NA,NA,NA,NA,NA
"164","D.J. Moore","CAR","WR","2560813","robust",NA,NA,NA,NA,NA,NA,NA,NA,NA,NA,0.597060810810811,NA,3.7325,0.422541,0.00657238403451996,0,0.0875,0.037065,0,NA,0,NA,4.4,0.148259999999999,57.25,0.7413,0.23,0.088956,NA,NA,NA,NA,NA,NA,NA,NA,NA,NA,NA,NA,NA,NA,NA,NA,NA,NA,NA,NA,NA,NA,NA,NA,NA,NA
"165","Brandon Aiyuk","SF","WR","2565093","robust",NA,NA,NA,NA,NA,NA,NA,NA,NA,NA,0.174829931972789,NA,1.3075,0.318759,0.000505102040816327,0,0.05,0.07413,0,NA,0,NA,4.155,0.118608,55.5,2.312856,0.3,0,NA,NA,NA,NA,NA,NA,NA,NA,NA,NA,NA,NA,NA,NA,NA,NA,NA,NA,NA,NA,NA,NA,NA,NA,NA,NA
"166","Michael Gallup","DAL","WR","2560735","robust",NA,NA,NA,NA,NA,NA,NA,NA,NA,NA,0,0,0.045,0,0,0,0,0,0,NA,0,NA,3.665,0.192738,47.1,4.59606,0.3,0.0593040000000001,NA,NA,NA,NA,NA,NA,NA,NA,NA,NA,NA,NA,NA,NA,NA,NA,NA,NA,NA,NA,NA,NA,NA,NA,NA,NA
"167","Darnell Mooney","CHI","WR","2563707","robust",NA,NA,NA,NA,NA,NA,NA,NA,NA,NA,0.175,0.07413,1.0725,0.14826,0,0,0,0,0,NA,0,NA,3.865,0.118608,51.775,2.34250800000001,0.2,0,NA,NA,NA,NA,NA,NA,NA,NA,NA,NA,NA,NA,NA,NA,NA,NA,NA,NA,NA,NA,NA,NA,NA,NA,NA,NA
"168","Tre'Quan Smith","NO","WR","2560878","robust",NA,NA,NA,NA,NA,NA,NA,NA,NA,NA,0,0,0.011,0,0,0,0,0,0,NA,0,NA,3.04,0.7413,39.135,9.733269,0.18,0.07413,NA,NA,NA,NA,NA,NA,NA,NA,NA,NA,NA,NA,NA,NA,NA,NA,NA,NA,NA,NA,NA,NA,NA,NA,NA,NA
"169","Tyler Boyd","CIN","WR","2555466","robust",NA,NA,NA,NA,NA,NA,NA,NA,NA,NA,0.0125,0.037065,0.614166666666667,0.338527,0,0,0,0,0,NA,0,NA,3.8,0.29652,47.9825,8.8956,0.23,0.088956,NA,NA,NA,NA,NA,NA,NA,NA,NA,NA,NA,NA,NA,NA,NA,NA,NA,NA,NA,NA,NA,NA,NA,NA,NA,NA
"170","Russell Gage","TB","WR","2561061","robust",NA,NA,NA,NA,NA,NA,NA,NA,NA,NA,0,0,0.0833333333333333,0.04942,0,0,0.0875,0.037065,0,NA,0,NA,4.4,0.44478,44.435,2.52042,0.3025,0.133434,NA,NA,NA,NA,NA,NA,NA,NA,NA,NA,NA,NA,NA,NA,NA,NA,NA,NA,NA,NA,NA,NA,NA,NA,NA,NA
"171","Marquez Valdes-Scantling","KC","WR","2560907","robust",NA,NA,NA,NA,NA,NA,NA,NA,NA,NA,0.2075,0.022239,0.629166666666667,0.210035,0.002,0,0,0,0,NA,0,NA,3.3,0.29652,51.6,3.11346,0.2325,0.103782,NA,NA,NA,NA,NA,NA,NA,NA,NA,NA,NA,NA,NA,NA,NA,NA,NA,NA,NA,NA,NA,NA,NA,NA,NA,NA
"172","Richie James","NYG","WR","2560761","robust",NA,NA,NA,NA,NA,NA,NA,NA,NA,NA,0.2875,0.0370649999999999,1.835,1.289862,0,0,0.1125,0.037065,0,NA,0,NA,3.7675,0.578214,44.8,4.89258,0.145,0.133434,NA,NA,NA,NA,NA,NA,NA,NA,NA,NA,NA,NA,NA,NA,NA,NA,NA,NA,NA,NA,NA,NA,NA,NA,NA,NA
"173","Josh Palmer","LAC","WR","2566502","robust",NA,NA,NA,NA,NA,NA,NA,NA,NA,NA,0.1,0,0.499166666666667,0.44478,0,0,0,0,0,NA,0,NA,3.855,0.14826,47.32,8.8956,0.3025,0.088956,NA,NA,NA,NA,NA,NA,NA,NA,NA,NA,NA,NA,NA,NA,NA,NA,NA,NA,NA,NA,NA,NA,NA,NA,NA,NA
"174","George Pickens","PIT","WR","2568159","robust",NA,NA,NA,NA,NA,NA,NA,NA,NA,NA,0.0125,0.037065,0.39,0.385476,0,0,0.05,0.07413,0,NA,0,NA,3.88,0.44478,47.205,7.76882399999999,0.125,0.07413,NA,NA,NA,NA,NA,NA,NA,NA,NA,NA,NA,NA,NA,NA,NA,NA,NA,NA,NA,NA,NA,NA,NA,NA,NA,NA
"175","Olamide Zaccheaus","ATL","WR","2562808","robust",NA,NA,NA,NA,NA,NA,NA,NA,NA,NA,0,0,0.2425,0.14826,0.01,0,0.15,0.07413,0,NA,0,NA,2.8725,0.311346,41,3.85476,0.175,0.088956,NA,NA,NA,NA,NA,NA,NA,NA,NA,NA,NA,NA,NA,NA,NA,NA,NA,NA,NA,NA,NA,NA,NA,NA,NA,NA
"176","Elijah Moore","NYJ","WR","2566385","robust",NA,NA,NA,NA,NA,NA,NA,NA,NA,NA,0.5,NA,2.755,0.607866,0.0217255720810661,0.059304,0,0,0,NA,0,NA,3.4925,0.504084,49.75,2.07564,0.2,0,NA,NA,NA,NA,NA,NA,NA,NA,NA,NA,NA,NA,NA,NA,NA,NA,NA,NA,NA,NA,NA,NA,NA,NA,NA,NA
"177","Khalil Shakir","BUF","WR","2567334","robust",NA,NA,NA,NA,NA,NA,NA,NA,NA,NA,0.0125,0.037065,0.3725,0.237216,0,0,0.0125,0.037065,0,NA,0.01,0,3.0475,0.281694,37.95,3.57306600000001,0.2,0.133434,NA,NA,NA,NA,NA,NA,NA,NA,NA,NA,NA,NA,NA,NA,NA,NA,NA,NA,NA,NA,NA,NA,NA,NA,NA,NA
"178","Noah Brown","DAL","WR","2558091","robust",NA,NA,NA,NA,NA,NA,NA,NA,NA,NA,0,0,0.0841666666666667,0.034594,0,0,0,0,0,NA,0,NA,3.265,0.489258,44.885,6.55309199999999,0.165,0.044478,NA,NA,NA,NA,NA,NA,NA,NA,NA,NA,NA,NA,NA,NA,NA,NA,NA,NA,NA,NA,NA,NA,NA,NA,NA,NA
"179","Devin Duvernay","BAL","WR","2563551","robust",NA,NA,NA,NA,NA,NA,NA,NA,NA,NA,0.275,0.07413,1.385,0.921683,0,0,0.05,0.07413,0,NA,0.06,0,3.75,0.29652,46.5475,3.498936,0.4775,0.177912,NA,NA,NA,NA,NA,NA,NA,NA,NA,NA,NA,NA,NA,NA,NA,NA,NA,NA,NA,NA,NA,NA,NA,NA,NA,NA
"180","Alec Pierce","IND","WR","2567715","robust",NA,NA,NA,NA,NA,NA,NA,NA,NA,NA,0.0125,0.037065,0.317083333333333,0.44478,0,0,0.05,0.07413,0,NA,0,NA,2.5275,0.889559999999999,36.47,6.093486,0.1375,0.103782,NA,NA,NA,NA,NA,NA,NA,NA,NA,NA,NA,NA,NA,NA,NA,NA,NA,NA,NA,NA,NA,NA,NA,NA,NA,NA
"181","Zay Jones","JAC","WR","2557863","robust",NA,NA,NA,NA,NA,NA,NA,NA,NA,NA,0.25,NA,1.23,0.533736,0.00375,0,0,0,0,NA,0,NA,3.64,0.44478,40.025,4.329192,0.2,0.118608,NA,NA,NA,NA,NA,NA,NA,NA,NA,NA,NA,NA,NA,NA,NA,NA,NA,NA,NA,NA,NA,NA,NA,NA,NA,NA
"182","Nelson Agholor","NE","WR","2552600","robust",NA,NA,NA,NA,NA,NA,NA,NA,NA,NA,0.0125,0.037065,0.45,0.29652,0,0,0.15,0.07413,0,NA,0,NA,2.7,0.29652,41.325,6.345528,0.2225,0.07413,NA,NA,NA,NA,NA,NA,NA,NA,NA,NA,NA,NA,NA,NA,NA,NA,NA,NA,NA,NA,NA,NA,NA,NA,NA,NA
"183","Hunter Renfrow","LVR","WR","2562712","robust",NA,NA,NA,NA,NA,NA,NA,NA,NA,NA,0.0875,0.0185325,0.25,0.29652,0,0,0.1125,0.0185325,0,NA,0,NA,4.5,0.941451,45.22,4.37367,0.21,0.00741300000000001,NA,NA,NA,NA,NA,NA,NA,NA,NA,NA,NA,NA,NA,NA,NA,NA,NA,NA,NA,NA,NA,NA,NA,NA,NA,NA
"184","Marquez Callaway","NO","WR","2565310","robust",NA,NA,NA,NA,NA,NA,NA,NA,NA,NA,0,0,0.02,0,0,0,0,0,0,NA,0.01,0,2.635,0.266868,34.965,1.97185800000001,0.25,0.029652,NA,NA,NA,NA,NA,NA,NA,NA,NA,NA,NA,NA,NA,NA,NA,NA,NA,NA,NA,NA,NA,NA,NA,NA,NA,NA
"185","Nick Westbrook-Ikhine","TEN","WR","2565477","robust",NA,NA,NA,NA,NA,NA,NA,NA,NA,NA,0,0,0.01875,0,0,0,0,0,0,NA,0,NA,2.23,0.281694,28.75,3.85476,0.125,0.059304,NA,NA,NA,NA,NA,NA,NA,NA,NA,NA,NA,NA,NA,NA,NA,NA,NA,NA,NA,NA,NA,NA,NA,NA,NA,NA
"186","Phillip Dorsett","HOU","WR","2552424","robust",NA,NA,NA,NA,NA,NA,NA,NA,NA,NA,0.0125,0.0185325,0.2,0.22239,0,0,0,0,0,NA,0,NA,2.3,0.570801,29.905,6.81996,0.1,0.037065,NA,NA,NA,NA,NA,NA,NA,NA,NA,NA,NA,NA,NA,NA,NA,NA,NA,NA,NA,NA,NA,NA,NA,NA,NA,NA
"187","Kendrick Bourne","NE","WR","2558914","robust",NA,NA,NA,NA,NA,NA,NA,NA,NA,NA,0.275,0.07413,3.25,1.662983,0,0,0,0,0,NA,0,NA,1.9925,0.103782,26.7525,3.068982,0.1325,0.059304,NA,NA,NA,NA,NA,NA,NA,NA,NA,NA,NA,NA,NA,NA,NA,NA,NA,NA,NA,NA,NA,NA,NA,NA,NA,NA
"188","Allen Robinson","LAR","WR","2543509","robust",NA,NA,NA,NA,NA,NA,NA,NA,NA,NA,0,0,0.02375,0,0,0,0,0,0,NA,0,NA,3.25,0.29652,41.205,1.03782,0.25,0.14826,NA,NA,NA,NA,NA,NA,NA,NA,NA,NA,NA,NA,NA,NA,NA,NA,NA,NA,NA,NA,NA,NA,NA,NA,NA,NA
"189","Donovan Peoples-Jones","CLE","WR","2563803","robust",NA,NA,NA,NA,NA,NA,NA,NA,NA,NA,0,0,0.0525,0,0,0,0,0,0,NA,0,NA,2.895,0.281694000000001,39.1125,2.37216,0.185,0.029652,NA,NA,NA,NA,NA,NA,NA,NA,NA,NA,NA,NA,NA,NA,NA,NA,NA,NA,NA,NA,NA,NA,NA,NA,NA,NA
"190","Robby Anderson","CAR","WR","2556462","robust",NA,NA,NA,NA,NA,NA,NA,NA,NA,NA,0.0125,0.037065,0.55,0.39536,0,0,0.0875,0.037065,0,NA,0,NA,3.6,0,40.55,1.77912,0.2,0,NA,NA,NA,NA,NA,NA,NA,NA,NA,NA,NA,NA,NA,NA,NA,NA,NA,NA,NA,NA,NA,NA,NA,NA,NA,NA
"191","DeAndre Carter","LAC","WR","2553502","robust",NA,NA,NA,NA,NA,NA,NA,NA,NA,NA,0.225,NA,1.60958333333333,0.264397,0.0034492833117636,0,0.1,0,0,NA,0,NA,2.665,0.29652,34.075,1.03782,0.185,0.044478,NA,NA,NA,NA,NA,NA,NA,NA,NA,NA,NA,NA,NA,NA,NA,NA,NA,NA,NA,NA,NA,NA,NA,NA,NA,NA
"192","Marvin Jones","JAC","WR","2532884","robust",NA,NA,NA,NA,NA,NA,NA,NA,NA,NA,0,0,0,0,0,0,0,0,0,NA,0,NA,3.145,0.14826,39.1525,1.03782,0.25,0.0296519999999999,NA,NA,NA,NA,NA,NA,NA,NA,NA,NA,NA,NA,NA,NA,NA,NA,NA,NA,NA,NA,NA,NA,NA,NA,NA,NA
"193","Mecole Hardman","KC","WR","2562580","robust",NA,NA,NA,NA,NA,NA,NA,NA,NA,NA,0.515,NA,3.47583333333333,0.59304,0.00645375156244721,0,0.062,0.0563388,0,NA,0,NA,2.8,0.29652,31.7,0.889560000000002,0.2,0,NA,NA,NA,NA,NA,NA,NA,NA,NA,NA,NA,NA,NA,NA,NA,NA,NA,NA,NA,NA,NA,NA,NA,NA,NA,NA
"194","Kalif Raymond","DET","WR","2556661","robust",NA,NA,NA,NA,NA,NA,NA,NA,NA,NA,0.133333333333333,0.04942,1.264,0.29652,0.001,0,0.0333333333333333,0.02471,0,NA,0.01,0,2.415,0.0518909999999999,32.25,1.949619,0.1,0.044478,NA,NA,NA,NA,NA,NA,NA,NA,NA,NA,NA,NA,NA,NA,NA,NA,NA,NA,NA,NA,NA,NA,NA,NA,NA,NA
"195","Rondale Moore","ARI","WR","2566433","robust",NA,NA,NA,NA,NA,NA,NA,NA,NA,NA,0.63,NA,4.22333333333333,2.228842,0.00458051433992783,0,0.0875,0.037065,0,NA,0,NA,3.95,0.14826,36.89,1.008168,0.1,0.044478,NA,NA,NA,NA,NA,NA,NA,NA,NA,NA,NA,NA,NA,NA,NA,NA,NA,NA,NA,NA,NA,NA,NA,NA,NA,NA
"196","David Sills","NYG","WR","2562732","robust",NA,NA,NA,NA,NA,NA,NA,NA,NA,NA,0.0125,0.037065,0.103333333333333,0.14826,0,0,0,0,0,NA,0,NA,2.6,0.59304,31.1,8.00604,0.1,0.029652,NA,NA,NA,NA,NA,NA,NA,NA,NA,NA,NA,NA,NA,NA,NA,NA,NA,NA,NA,NA,NA,NA,NA,NA,NA,NA
"197","Greg Dortch","ARI","WR","2562561","robust",NA,NA,NA,NA,NA,NA,NA,NA,NA,NA,0.0125,0.0185325,0.55,0.51891,0,0,0.0125,0.0185325,0,NA,0,NA,2.49,0.7413,25.9,14.499828,0.1,0.059304,NA,NA,NA,NA,NA,NA,NA,NA,NA,NA,NA,NA,NA,NA,NA,NA,NA,NA,NA,NA,NA,NA,NA,NA,NA,NA
"198","Demarcus Robinson","BAL","WR","2555478","robust",NA,NA,NA,NA,NA,NA,NA,NA,NA,NA,0,0,0.025,0,0,0,0,0,0,NA,0,NA,2.05,0.252042,26.8,6.093486,0.2,0.037065,NA,NA,NA,NA,NA,NA,NA,NA,NA,NA,NA,NA,NA,NA,NA,NA,NA,NA,NA,NA,NA,NA,NA,NA,NA,NA
"199","Kyle Philips","TEN","WR","2567664","robust",NA,NA,NA,NA,NA,NA,NA,NA,NA,NA,0.0333333333333333,0.02471,0.4,0.29652,0,0,0.1,0,0,NA,0.01,0,1.98,0.88956,24.5,13.26927,0.125,0.07413,NA,NA,NA,NA,NA,NA,NA,NA,NA,NA,NA,NA,NA,NA,NA,NA,NA,NA,NA,NA,NA,NA,NA,NA,NA,NA
"200","Chase Claypool","PIT","WR","2564970","robust",NA,NA,NA,NA,NA,NA,NA,NA,NA,NA,0.81572152229928,NA,5.2575,0.385476,0.00866530517122952,0,0,0,0,NA,0,NA,2.9175,0.29652,34.7,1.92738,0.12,0.059304,NA,NA,NA,NA,NA,NA,NA,NA,NA,NA,NA,NA,NA,NA,NA,NA,NA,NA,NA,NA,NA,NA,NA,NA,NA,NA
"201","Darius Slayton","NYG","WR","2562736","robust",NA,NA,NA,NA,NA,NA,NA,NA,NA,NA,0.0125,0.0185325,-0.015,0.126021,0,0,0.0125,0.0185325,0,NA,0,NA,2.1,0.37065,28.5,6.338115,0.14,0.066717,NA,NA,NA,NA,NA,NA,NA,NA,NA,NA,NA,NA,NA,NA,NA,NA,NA,NA,NA,NA,NA,NA,NA,NA,NA,NA
"202","K.J. Osborn","MIN","WR","2564574","robust",NA,NA,NA,NA,NA,NA,NA,NA,NA,NA,0.0875,0.037065,0.35,0.538678,0,0,0,0,0,NA,0.01,0,2.56,0.14826,32.825,2.52042,0.23,0.059304,NA,NA,NA,NA,NA,NA,NA,NA,NA,NA,NA,NA,NA,NA,NA,NA,NA,NA,NA,NA,NA,NA,NA,NA,NA,NA
"203","Randall Cobb","GB","WR","2495448","robust",NA,NA,NA,NA,NA,NA,NA,NA,NA,NA,0,0,0,0,0,0,0,0,0,NA,0,NA,2.4,0.44478,30.5575,3.795456,0.14,0.118608,NA,NA,NA,NA,NA,NA,NA,NA,NA,NA,NA,NA,NA,NA,NA,NA,NA,NA,NA,NA,NA,NA,NA,NA,NA,NA
"204","Ben Skowronek","LAR","WR","2566247","robust",NA,NA,NA,NA,NA,NA,NA,NA,NA,NA,0,0,0.0795833333333333,0,0,0,0,0,0,NA,0,NA,2.4925,0.340998,30.3225,4.15128,0.1,0,NA,NA,NA,NA,NA,NA,NA,NA,NA,NA,NA,NA,NA,NA,NA,NA,NA,NA,NA,NA,NA,NA,NA,NA,NA,NA
"205","Dyami Brown","WAS","WR","2566586","robust",NA,NA,NA,NA,NA,NA,NA,NA,NA,NA,0,0,0.1,0.14826,0,0,0,0,0,NA,0.01,0,2.11,0.415128,27.49,6.52344,0.1,0.014826,NA,NA,NA,NA,NA,NA,NA,NA,NA,NA,NA,NA,NA,NA,NA,NA,NA,NA,NA,NA,NA,NA,NA,NA,NA,NA
"206","Equanimeous St. Brown","CHI","WR","2560883","robust",NA,NA,NA,NA,NA,NA,NA,NA,NA,NA,0.2,NA,1.455,0.407715,0.00183417085427136,0.00169493216080402,0,0,0,NA,0,NA,2.15,0.207564,29.58,3.958542,0.125,0.037065,NA,NA,NA,NA,NA,NA,NA,NA,NA,NA,NA,NA,NA,NA,NA,NA,NA,NA,NA,NA,NA,NA,NA,NA,NA,NA
"207","James Proche","BAL","WR","2563572","robust",NA,NA,NA,NA,NA,NA,NA,NA,NA,NA,0,0,0.1,0.037065,0,0,0,0,0,NA,0,NA,1.545,0.59304,18.1,6.560505,0.1,0.103782,NA,NA,NA,NA,NA,NA,NA,NA,NA,NA,NA,NA,NA,NA,NA,NA,NA,NA,NA,NA,NA,NA,NA,NA,NA,NA
"208","Parris Campbell","IND","WR","2562495","robust",NA,NA,NA,NA,NA,NA,NA,NA,NA,NA,0.0875,0.037065,0.3325,0.133434,0,0,0,0,0,NA,0,NA,2.1,0.14826,25.9,3.40998,0.1,0,NA,NA,NA,NA,NA,NA,NA,NA,NA,NA,NA,NA,NA,NA,NA,NA,NA,NA,NA,NA,NA,NA,NA,NA,NA,NA
"209","Christian Watson","GB","WR","2567637","robust",NA,NA,NA,NA,NA,NA,NA,NA,NA,NA,0.25,NA,2,0.44478,0.05,0.0604377529411765,0.0125,0.037065,0,NA,0,NA,1.75,1.067472,21.9475,9.97789799999999,0.1,0.029652,NA,NA,NA,NA,NA,NA,NA,NA,NA,NA,NA,NA,NA,NA,NA,NA,NA,NA,NA,NA,NA,NA,NA,NA,NA,NA
"210","KhaDarel Hodge","ATL","WR","2561653","robust",NA,NA,NA,NA,NA,NA,NA,NA,NA,NA,0,0,0.01,0,0,0,0.0125,0.0185325,0,NA,0,NA,1.51,0.14826,22.5,5.11497,0.095,0,NA,NA,NA,NA,NA,NA,NA,NA,NA,NA,NA,NA,NA,NA,NA,NA,NA,NA,NA,NA,NA,NA,NA,NA,NA,NA
"211","Justin Watson","KC","WR","2560051","robust",NA,NA,NA,NA,NA,NA,NA,NA,NA,NA,0,0,0.055,0.007413,0,0,0,0,0,NA,0,NA,0.94,0.303933,13.215,6.323289,0.1,0.014826,NA,NA,NA,NA,NA,NA,NA,NA,NA,NA,NA,NA,NA,NA,NA,NA,NA,NA,NA,NA,NA,NA,NA,NA,NA,NA
"212","Deonte Harris","NO","WR","2563155","robust",NA,NA,NA,NA,NA,NA,NA,NA,NA,NA,0,0,0.75,0.59304,0,0,0.0333333333333333,0.04942,0,NA,0,NA,1.1,0.14826,14.1,3.024504,0.085,0,NA,NA,NA,NA,NA,NA,NA,NA,NA,NA,NA,NA,NA,NA,NA,NA,NA,NA,NA,NA,NA,NA,NA,NA,NA,NA
"213","Shi Smith","CAR","WR","2565908","robust",NA,NA,NA,NA,NA,NA,NA,NA,NA,NA,0,0,0.001,0,0,0,0,0,0,NA,0.01,0,1.8,0.504084,23.3,7.56126,0.065,0.037065,NA,NA,NA,NA,NA,NA,NA,NA,NA,NA,NA,NA,NA,NA,NA,NA,NA,NA,NA,NA,NA,NA,NA,NA,NA,NA
"214","KJ Hamler","DEN","WR","2563890","robust",NA,NA,NA,NA,NA,NA,NA,NA,NA,NA,0.1875,0.037065,1.04,0.59304,0,0,0,0,0,NA,0,NA,1.685,0.29652,23.625,0.978516,0.1,0,NA,NA,NA,NA,NA,NA,NA,NA,NA,NA,NA,NA,NA,NA,NA,NA,NA,NA,NA,NA,NA,NA,NA,NA,NA,NA
"215","A.J. Green","ARI","WR","2495450","robust",NA,NA,NA,NA,NA,NA,NA,NA,NA,NA,0,0,0.02,0,0,0,0,0,0,NA,0,NA,2.1,0.163086,26.8,0.622692,0.11,0,NA,NA,NA,NA,NA,NA,NA,NA,NA,NA,NA,NA,NA,NA,NA,NA,NA,NA,NA,NA,NA,NA,NA,NA,NA,NA
"216","Keelan Cole","LVR","WR","2559153","robust",NA,NA,NA,NA,NA,NA,NA,NA,NA,NA,0,0,0.05,0.0474432,0,0,0,0,0,NA,0,NA,2,0.674583,23.5,2.705745,0.055,0.07413,NA,NA,NA,NA,NA,NA,NA,NA,NA,NA,NA,NA,NA,NA,NA,NA,NA,NA,NA,NA,NA,NA,NA,NA,NA,NA
"217","Damiere Byrd","ATL","WR","2553499","robust",NA,NA,NA,NA,NA,NA,NA,NA,NA,NA,0.0125,0.0185325,0.06,0.07413,0,0,0,0,0,NA,0,NA,1.35,0.392889,16.4,5.507859,0.075,0.029652,NA,NA,NA,NA,NA,NA,NA,NA,NA,NA,NA,NA,NA,NA,NA,NA,NA,NA,NA,NA,NA,NA,NA,NA,NA,NA
"218","Tyquan Thornton","NE","WR","2567958","robust",NA,NA,NA,NA,NA,NA,NA,NA,NA,NA,0.1,0,0.45,0.437367,0,0,0.0125,0.0185325,0,NA,0,NA,1.15,0.630105,15.765,9.673965,0.07,0.029652,NA,NA,NA,NA,NA,NA,NA,NA,NA,NA,NA,NA,NA,NA,NA,NA,NA,NA,NA,NA,NA,NA,NA,NA,NA,NA
"219","Quez Watkins","PHI","WR","2564880","robust",NA,NA,NA,NA,NA,NA,NA,NA,NA,NA,0,0,0.02,0.0207564,0,0,0,0,0,NA,0,NA,1.685,0.0741300000000001,23.58,6.108312,0.1,0.022239,NA,NA,NA,NA,NA,NA,NA,NA,NA,NA,NA,NA,NA,NA,NA,NA,NA,NA,NA,NA,NA,NA,NA,NA,NA,NA
"220","Cam Sims","WAS","WR","2561067","robust",NA,NA,NA,NA,NA,NA,NA,NA,NA,NA,0.0125,0.0185325,0.15,0.096369,0,0,0,0,0,NA,0,NA,1.2,0.541149,16.7,7.753998,0.1,0.022239,NA,NA,NA,NA,NA,NA,NA,NA,NA,NA,NA,NA,NA,NA,NA,NA,NA,NA,NA,NA,NA,NA,NA,NA,NA,NA
"221","Bryan Edwards","ATL","WR","2564418","robust",NA,NA,NA,NA,NA,NA,NA,NA,NA,NA,0,0,0,0,0,0,0,0,0,NA,0,NA,1.185,0.37065,14.46,4.759146,0.095,0,NA,NA,NA,NA,NA,NA,NA,NA,NA,NA,NA,NA,NA,NA,NA,NA,NA,NA,NA,NA,NA,NA,NA,NA,NA,NA
"222","Cedrick Wilson","MIA","WR","2560936","robust",NA,NA,NA,NA,NA,NA,NA,NA,NA,NA,0.246652637485971,NA,1.15,0.0741300000000001,0.00119135802469136,0,0,0,0,NA,0,NA,1.53,0.7413,19.235,10.126158,0.0925,0,NA,NA,NA,NA,NA,NA,NA,NA,NA,NA,NA,NA,NA,NA,NA,NA,NA,NA,NA,NA,NA,NA,NA,NA,NA,NA
"223","Braxton Berrios","NYJ","WR","2560975","robust",NA,NA,NA,NA,NA,NA,NA,NA,NA,NA,0.515123605528669,NA,4.1375,1.4826,0.05,0.0710485354391545,0.0125,0.037065,0,NA,0.01,0,1.2,0.103782,14.93,0.770952000000002,0.0925,0,NA,NA,NA,NA,NA,NA,NA,NA,NA,NA,NA,NA,NA,NA,NA,NA,NA,NA,NA,NA,NA,NA,NA,NA,NA,NA
"224","Amari Rodgers","GB","WR","2566091","robust",NA,NA,NA,NA,NA,NA,NA,NA,NA,NA,0.0875,0.0185325,0.4,0.22239,0,0,0.0875,0.0185325,0,NA,0.01,0,0.8,0.59304,9.7,7.516782,0.055,0.059304,NA,NA,NA,NA,NA,NA,NA,NA,NA,NA,NA,NA,NA,NA,NA,NA,NA,NA,NA,NA,NA,NA,NA,NA,NA,NA
"225","Jauan Jennings","SF","WR","2565114","robust",NA,NA,NA,NA,NA,NA,NA,NA,NA,NA,0,0,0,0,0,0,0,0,0,NA,0,NA,1.925,0.14826,22.425,1.18608,0.1,0,NA,NA,NA,NA,NA,NA,NA,NA,NA,NA,NA,NA,NA,NA,NA,NA,NA,NA,NA,NA,NA,NA,NA,NA,NA,NA
"226","David Bell","CLE","WR","2567460","robust",NA,NA,NA,NA,NA,NA,NA,NA,NA,NA,0.0875,0.037065,0.62375,0.281694,0,0,0.0125,0.037065,0,NA,0,NA,1.4825,0.44478,17.56,2.07564,0.0775,0.029652,NA,NA,NA,NA,NA,NA,NA,NA,NA,NA,NA,NA,NA,NA,NA,NA,NA,NA,NA,NA,NA,NA,NA,NA,NA,NA
"227","Dante Pettis","CHI","WR","2560836","robust",NA,NA,NA,NA,NA,NA,NA,NA,NA,NA,0.0125,0.0185325,0.2,0.22239,0,0,0.0125,0.0185325,0,NA,0,NA,1.175,0.244629,16.355,1.957032,0.12,0.029652,NA,NA,NA,NA,NA,NA,NA,NA,NA,NA,NA,NA,NA,NA,NA,NA,NA,NA,NA,NA,NA,NA,NA,NA,NA,NA
"228","Ashton Dulin","IND","WR","2562562","robust",NA,NA,NA,NA,NA,NA,NA,NA,NA,NA,0.145,NA,1.375,0.555975,0.00114583333333333,0,0,0,0,NA,0,NA,1.28,0.29652,16.565,2.713158,0.1,0,NA,NA,NA,NA,NA,NA,NA,NA,NA,NA,NA,NA,NA,NA,NA,NA,NA,NA,NA,NA,NA,NA,NA,NA,NA,NA
"229","Marcus Johnson","NYG","WR","2556855","robust",NA,NA,NA,NA,NA,NA,NA,NA,NA,NA,0,0,0.8875,0,0,0,0,0,0,NA,0,NA,1.3425,0,19.0675,0,0.0925,0,NA,NA,NA,NA,NA,NA,NA,NA,NA,NA,NA,NA,NA,NA,NA,NA,NA,NA,NA,NA,NA,NA,NA,NA,NA,NA
"230","Chris Conley","FA","WR","2552652","robust",NA,NA,NA,NA,NA,NA,NA,NA,NA,NA,0,0,0,0,0,0,0,0,0,NA,0,NA,1.65,0.0741299999999997,20.3075,0,0.1,0,NA,NA,NA,NA,NA,NA,NA,NA,NA,NA,NA,NA,NA,NA,NA,NA,NA,NA,NA,NA,NA,NA,NA,NA,NA,NA
"231","Jamal Agnew","JAC","WR","2558821","robust",NA,NA,NA,NA,NA,NA,NA,NA,NA,NA,0.49,0.00121425061425054,3.5,0.44478,0.015,0,0,0,0,NA,0.07,0,1.39,0.029652,15.555,2.016336,0.1,0.014826,NA,NA,NA,NA,NA,NA,NA,NA,NA,NA,NA,NA,NA,NA,NA,NA,NA,NA,NA,NA,NA,NA,NA,NA,NA,NA
"232","Anthony Schwartz","CLE","WR","2565986","robust",NA,NA,NA,NA,NA,NA,NA,NA,NA,NA,1.05,0.44478,4.34333333333333,3.229597,0,0,0,0,0,NA,0,NA,0.5925,0.59304,8.265,10.52646,0.01,0,NA,NA,NA,NA,NA,NA,NA,NA,NA,NA,NA,NA,NA,NA,NA,NA,NA,NA,NA,NA,NA,NA,NA,NA,NA,NA
"233","Skyy Moore","KC","WR","2567805","robust",NA,NA,NA,NA,NA,NA,NA,NA,NA,NA,0,0,0.1,0.1067472,0,0,0,0,0,NA,0.01,0,1,0.311346,16.1,2.81694,0.05,0.044478,NA,NA,NA,NA,NA,NA,NA,NA,NA,NA,NA,NA,NA,NA,NA,NA,NA,NA,NA,NA,NA,NA,NA,NA,NA,NA
"234","Tom Kennedy","DET","WR","2563319","robust",NA,NA,NA,NA,NA,NA,NA,NA,NA,NA,0,0,0,0,0,0,0,0,0,NA,0,NA,0.9575,0.437367,12.4475,6.278811,0.085,0.014826,NA,NA,NA,NA,NA,NA,NA,NA,NA,NA,NA,NA,NA,NA,NA,NA,NA,NA,NA,NA,NA,NA,NA,NA,NA,NA
"235","Ray-Ray McCloud","SF","WR","2560801","robust",NA,NA,NA,NA,NA,NA,NA,NA,NA,NA,0,0,0.2,0.29652,0,0,0,0,0,NA,0.01,0,1.2,0.029652,12.6,3.217242,0.08,0.029652,NA,NA,NA,NA,NA,NA,NA,NA,NA,NA,NA,NA,NA,NA,NA,NA,NA,NA,NA,NA,NA,NA,NA,NA,NA,NA
"236","Lil'Jordan Humphrey","NE","WR","2562567","robust",NA,NA,NA,NA,NA,NA,NA,NA,NA,NA,0,0,0,0,0,0,0,0,0,NA,0,NA,1.1,0.0741300000000001,16.175,0.889559999999999,0.1,0,NA,NA,NA,NA,NA,NA,NA,NA,NA,NA,NA,NA,NA,NA,NA,NA,NA,NA,NA,NA,NA,NA,NA,NA,NA,NA
"237","Trent Sherfield","MIA","WR","2561272","robust",NA,NA,NA,NA,NA,NA,NA,NA,NA,NA,0,0,0.006,0,0,0,0,0,0,NA,0,NA,1.2,0.022239,14.2,2.942961,0.05,0.014826,NA,NA,NA,NA,NA,NA,NA,NA,NA,NA,NA,NA,NA,NA,NA,NA,NA,NA,NA,NA,NA,NA,NA,NA,NA,NA
"238","D'Wayne Eskridge","SEA","WR","2566553","robust",NA,NA,NA,NA,NA,NA,NA,NA,NA,NA,0.413654434250765,0.122597871559633,2.635,0.7413,0.01,0,0,0,0,NA,0.01,0,1.32,0.118608,14.44,3.350676,0.07,0.044478,NA,NA,NA,NA,NA,NA,NA,NA,NA,NA,NA,NA,NA,NA,NA,NA,NA,NA,NA,NA,NA,NA,NA,NA,NA,NA
"239","Kendall Hinton","DEN","WR","2563893","robust",NA,NA,NA,NA,NA,NA,NA,NA,NA,NA,0,0,0,0,0,0,0,0,0,NA,0,NA,0.96,0.29652,12.43,1.63086,0.05,0.059304,NA,NA,NA,NA,NA,NA,NA,NA,NA,NA,NA,NA,NA,NA,NA,NA,NA,NA,NA,NA,NA,NA,NA,NA,NA,NA
"240","Scott Miller","TB","WR","2562865","robust",NA,NA,NA,NA,NA,NA,NA,NA,NA,NA,0.2,0.0102690909090909,2.175,0.14826,0,0,0,0,0,NA,0,NA,1.22,0.0741300000000001,15.8,0.044477999999999,0.085,0.014826,NA,NA,NA,NA,NA,NA,NA,NA,NA,NA,NA,NA,NA,NA,NA,NA,NA,NA,NA,NA,NA,NA,NA,NA,NA,NA
"241","Marquise Goodwin","SEA","WR","2539964","robust",NA,NA,NA,NA,NA,NA,NA,NA,NA,NA,NA,NA,1,0,0,0,0,0,NA,NA,NA,NA,1.1,0.14826,15,0,0,0,NA,NA,NA,NA,NA,NA,NA,NA,NA,NA,NA,NA,NA,NA,NA,NA,NA,NA,NA,NA,NA,NA,"O","Knee",5,2022
"242","Velus Jones","CHI","WR","2567409","robust",NA,NA,NA,NA,NA,NA,NA,NA,NA,NA,0,0,0.555,0.392889,0,0,0,0,0,NA,0.01,0,1,0.14826,12.36,2.194248,0.02,0,NA,NA,NA,NA,NA,NA,NA,NA,NA,NA,NA,NA,NA,NA,NA,NA,NA,NA,NA,NA,NA,NA,NA,NA,NA,NA
"243","Tylan Wallace","BAL","WR","2565857","robust",NA,NA,NA,NA,NA,NA,NA,NA,NA,NA,0,0,0,0,0,0,0,0,0,NA,0,NA,0.83,0.163086,10.43,3.662022,0.06,0.059304,NA,NA,NA,NA,NA,NA,NA,NA,NA,NA,NA,NA,NA,NA,NA,NA,NA,NA,NA,NA,NA,NA,NA,NA,NA,NA
"244","Zach Pascal","PHI","WR","2558877","robust",NA,NA,NA,NA,NA,NA,NA,NA,NA,NA,0,0,0.2,0.1942206,0,0,0,0,0,NA,0,NA,1,0.0963689999999999,11.7,1.03782,0.055,0.044478,NA,NA,NA,NA,NA,NA,NA,NA,NA,NA,NA,NA,NA,NA,NA,NA,NA,NA,NA,NA,NA,NA,NA,NA,NA,NA
"245","Tutu Atwell","LAR","WR","2566196","robust",NA,NA,NA,NA,NA,NA,NA,NA,NA,NA,0.144371165644172,0.198347018404908,0.64,0.7413,0.000199386503067485,0.000197073619631902,0,0,0,NA,0,NA,0.5525,0.340998,7.1,3.306198,0.05,0.059304,NA,NA,NA,NA,NA,NA,NA,NA,NA,NA,NA,NA,NA,NA,NA,NA,NA,NA,NA,NA,NA,NA,NA,NA,NA,NA
"246","Tyler Johnson","HOU","WR","2565225","robust",NA,NA,NA,NA,NA,NA,NA,NA,NA,NA,0,0,0.0075,0,0,0,0,0,0,NA,0,NA,1.045,0,11.0975,1.03782,0.045,0.059304,NA,NA,NA,NA,NA,NA,NA,NA,NA,NA,NA,NA,NA,NA,NA,NA,NA,NA,NA,NA,NA,NA,NA,NA,NA,NA
"247","Tanner Gentry","FA","WR","2559176","robust",NA,NA,NA,NA,NA,NA,NA,NA,NA,NA,0,0,0.18,0.029652,0,0,0,0,NA,NA,NA,NA,0.92,0.0296519999999999,11.52,0.0296519999999994,0.085,0.022239,NA,NA,NA,NA,NA,NA,NA,NA,NA,NA,NA,NA,NA,NA,NA,NA,NA,NA,NA,NA,NA,NA,NA,NA,NA,NA
"248","Mark Andrews","BAL","TE","2560957","robust",NA,NA,NA,NA,NA,NA,NA,NA,NA,NA,0,0,0.06625,0.1964445,0,0,0.05,0.07413,0,NA,0,NA,6.245,0.0889559999999994,77.9125,4.56640800000002,0.685,0.0889559999999999,NA,NA,NA,NA,NA,NA,NA,NA,NA,NA,NA,NA,NA,NA,NA,NA,NA,NA,NA,NA,NA,NA,NA,NA,NA,NA
"249","Travis Kelce","KC","TE","2540258","robust",NA,NA,NA,NA,NA,NA,NA,NA,NA,NA,0.265,0,0.95875,0.0259455000000001,0.01,0,0.05,0.07413,0,NA,0,NA,6.7,0.37065,80.7325,5.33735999999999,0.79,0.0889560000000001,NA,NA,NA,NA,NA,NA,NA,NA,NA,NA,NA,NA,NA,NA,NA,NA,NA,NA,NA,NA,NA,NA,NA,NA,NA,NA
"250","Darren Waller","LVR","TE","2552408","robust",NA,NA,NA,NA,NA,NA,NA,NA,NA,NA,0,0,0.015,0.044478,0,0,0.0125,0.037065,0,NA,0,NA,5.29,0.44478,59.65,1.97185800000001,0.35,0.14826,NA,NA,NA,NA,NA,NA,NA,NA,NA,NA,NA,NA,NA,NA,NA,NA,NA,NA,NA,NA,NA,NA,NA,NA,NA,NA
"251","T.J. Hockenson","DET","TE","2562378","robust",NA,NA,NA,NA,NA,NA,NA,NA,NA,NA,0,0,0.00875,0.0259455,0,0,0.0125,0.037065,0,NA,0,NA,4.915,0.148259999999999,54.44,6.81996,0.5,0.14826,NA,NA,NA,NA,NA,NA,NA,NA,NA,NA,NA,NA,NA,NA,NA,NA,NA,NA,NA,NA,NA,NA,NA,NA,NA,NA
"252","Gerald Everett","LAC","TE","2557889","robust",NA,NA,NA,NA,NA,NA,NA,NA,NA,NA,0,0,0.01875,0.0555975,0,0,0.0125,0.037065,0,NA,0,NA,4.1,0.593039999999999,46.3075,8.361864,0.37,0.088956,NA,NA,NA,NA,NA,NA,NA,NA,NA,NA,NA,NA,NA,NA,NA,NA,NA,NA,NA,NA,NA,NA,NA,NA,NA,NA
"253","Dallas Goedert","PHI","TE","2560995","robust",NA,NA,NA,NA,NA,NA,NA,NA,NA,NA,0,0,0.00625,0.0185325,0,0,0,0,0,NA,0,NA,4.2875,0.29652,56,4.00302,0.29,0.0593040000000001,NA,NA,NA,NA,NA,NA,NA,NA,NA,NA,NA,NA,NA,NA,NA,NA,NA,NA,NA,NA,NA,NA,NA,NA,NA,NA
"254","George Kittle","SF","TE","2558266","robust",NA,NA,NA,NA,NA,NA,NA,NA,NA,NA,0.155,0,0.8825,0.1074885,0.005,0.007413,0,0,0,NA,0,NA,4.33,0.207564000000001,52.275,1.18608,0.35,0.103782,NA,NA,NA,NA,NA,NA,NA,NA,NA,NA,NA,NA,NA,NA,NA,NA,NA,NA,NA,NA,NA,NA,NA,NA,NA,NA
"255","Tyler Higbee","LAR","TE","2555364","robust",NA,NA,NA,NA,NA,NA,NA,NA,NA,NA,0,0,0.00875,0.0259455,0,0,0,0,0,NA,0,NA,4.675,0.44478,46.35,1.052646,0.3325,0.133434,NA,NA,NA,NA,NA,NA,NA,NA,NA,NA,NA,NA,NA,NA,NA,NA,NA,NA,NA,NA,NA,NA,NA,NA,NA,NA
"256","David Njoku","CLE","TE","2557986","robust",NA,NA,NA,NA,NA,NA,NA,NA,NA,NA,0,0,-0.0125,0.037065,0,0,0.05,0.07413,0,NA,0,NA,3.735,0.489258,42.99,4.922232,0.2975,0.118608,NA,NA,NA,NA,NA,NA,NA,NA,NA,NA,NA,NA,NA,NA,NA,NA,NA,NA,NA,NA,NA,NA,NA,NA,NA,NA
"257","Zach Ertz","ARI","TE","2540158","robust",NA,NA,NA,NA,NA,NA,NA,NA,NA,NA,0,0,0.02125,0.0630105,0,0,0,0,0,NA,0,NA,4.565,0.163086,44.505,1.764294,0.475,0.163086,NA,NA,NA,NA,NA,NA,NA,NA,NA,NA,NA,NA,NA,NA,NA,NA,NA,NA,NA,NA,NA,NA,NA,NA,NA,NA
"258","Pat Freiermuth","PIT","TE","2566442","robust",NA,NA,NA,NA,NA,NA,NA,NA,NA,NA,0,0,0.00625,0.0185325,0,0,0,0,0,NA,0,NA,4.1225,0.148260000000001,42.525,1.378818,0.2,0.044478,NA,NA,NA,NA,NA,NA,NA,NA,NA,NA,NA,NA,NA,NA,NA,NA,NA,NA,NA,NA,NA,NA,NA,NA,NA,NA
"259","Dalton Schultz","DAL","TE","2560866","robust",NA,NA,NA,NA,NA,NA,NA,NA,NA,NA,0,0,0.00625,0.0185325,0,0,0.05,0.07413,0,NA,0,NA,3.7075,0.29652,36.4,1.92738,0.2,0.044478,NA,NA,NA,NA,NA,NA,NA,NA,NA,NA,NA,NA,NA,NA,NA,NA,NA,NA,NA,NA,NA,NA,NA,NA,NA,NA
"260","Tyler Conklin","NYJ","TE","2561027","robust",NA,NA,NA,NA,NA,NA,NA,NA,NA,NA,0,0,0.0233333333333333,0.017297,0,0,0,0,0,NA,0,NA,3.525,0.474432,38.275,1.26021,0.2,0.029652,NA,NA,NA,NA,NA,NA,NA,NA,NA,NA,NA,NA,NA,NA,NA,NA,NA,NA,NA,NA,NA,NA,NA,NA,NA,NA
"261","Parker Hesse","ATL","TE","2563272","robust",NA,NA,NA,NA,NA,NA,NA,NA,NA,NA,0,0,0.00625,0.0185325,0,0,0,0,0,NA,0,NA,2.2075,0.66717,23.4,9.014208,0.1,0,NA,NA,NA,NA,NA,NA,NA,NA,NA,NA,NA,NA,NA,NA,NA,NA,NA,NA,NA,NA,NA,NA,NA,NA,NA,NA
"262","John Bates","WAS","TE","2566580","robust",NA,NA,NA,NA,NA,NA,NA,NA,NA,NA,0,0,0.005,0.014826,0,0,0,0,0,NA,0,NA,2.055,0.14826,20.795,5.33736,0.115,0.044478,NA,NA,NA,NA,NA,NA,NA,NA,NA,NA,NA,NA,NA,NA,NA,NA,NA,NA,NA,NA,NA,NA,NA,NA,NA,NA
"263","O.J. Howard","HOU","TE","2557856","robust",NA,NA,NA,NA,NA,NA,NA,NA,NA,NA,0,0,0.0075,0.022239,0,0,0,0,0,NA,0,NA,2.2725,0.7413,27.28,11.1195,0.19,0.029652,NA,NA,NA,NA,NA,NA,NA,NA,NA,NA,NA,NA,NA,NA,NA,NA,NA,NA,NA,NA,NA,NA,NA,NA,NA,NA
"264","Mike Gesicki","MIA","TE","2560994","robust",NA,NA,NA,NA,NA,NA,NA,NA,NA,NA,0,0,0.005,0.014826,0,0,0,0,0,NA,0,NA,2.3025,0.192738,26.2,3.424806,0.1775,0,NA,NA,NA,NA,NA,NA,NA,NA,NA,NA,NA,NA,NA,NA,NA,NA,NA,NA,NA,NA,NA,NA,NA,NA,NA,NA
"265","Will Dissly","SEA","TE","2561046","robust",NA,NA,NA,NA,NA,NA,NA,NA,NA,NA,0,0,0.01125,0.0333585,0,0,0,0,0,NA,0,NA,2.2525,0.533736,23.4075,3.988194,0.15,0.133434,NA,NA,NA,NA,NA,NA,NA,NA,NA,NA,NA,NA,NA,NA,NA,NA,NA,NA,NA,NA,NA,NA,NA,NA,NA,NA
"266","Irv Smith Jr.","MIN","TE","2562738","robust",NA,NA,NA,NA,NA,NA,NA,NA,NA,NA,0,0,0.005,0.014826,0,0,0,0,0,NA,0,NA,2.89,0.22239,31.595,2.090466,0.2425,0.088956,NA,NA,NA,NA,NA,NA,NA,NA,NA,NA,NA,NA,NA,NA,NA,NA,NA,NA,NA,NA,NA,NA,NA,NA,NA,NA
"267","Evan Engram","JAC","TE","2557858","robust",NA,NA,NA,NA,NA,NA,NA,NA,NA,NA,0.145,0,0.755,0.896973,0.01,0,0,0,0,NA,0,NA,2.95,0.252042,30.1375,4.74432,0.1525,0.014826,NA,NA,NA,NA,NA,NA,NA,NA,NA,NA,NA,NA,NA,NA,NA,NA,NA,NA,NA,NA,NA,NA,NA,NA,NA,NA
"268","Juwan Johnson","NO","TE","2564676","robust",NA,NA,NA,NA,NA,NA,NA,NA,NA,NA,0,0,0.26875,0.7079415,0.0333333333333333,0,0,0,0,NA,0,NA,2.175,0.222390000000001,26.725,5.04084,0.16,0,NA,NA,NA,NA,NA,NA,NA,NA,NA,NA,NA,NA,NA,NA,NA,NA,NA,NA,NA,NA,NA,NA,NA,NA,NA,NA
"269","Robert Tonyan","GB","TE","2559270","robust",NA,NA,NA,NA,NA,NA,NA,NA,NA,NA,0,0,0.0075,0.022239,0,0,0,0,0,NA,0,NA,2.965,0.103782,31.25,3.350676,0.23,0.044478,NA,NA,NA,NA,NA,NA,NA,NA,NA,NA,NA,NA,NA,NA,NA,NA,NA,NA,NA,NA,NA,NA,NA,NA,NA,NA
"270","Hayden Hurst","CIN","TE","2560747","robust",NA,NA,NA,NA,NA,NA,NA,NA,NA,NA,0,0,0.01,0.029652,0,0,0,0,0,NA,0,NA,2.9475,0.14826,28.4375,2.52042,0.2375,0,NA,NA,NA,NA,NA,NA,NA,NA,NA,NA,NA,NA,NA,NA,NA,NA,NA,NA,NA,NA,NA,NA,NA,NA,NA,NA
"271","Cole Kmet","CHI","TE","2563704","robust",NA,NA,NA,NA,NA,NA,NA,NA,NA,NA,0,0,0.03125,0.0926625,0,0,0,0,0,NA,0,NA,2.575,0.29652,28.72,0.978516,0.13,0.088956,NA,NA,NA,NA,NA,NA,NA,NA,NA,NA,NA,NA,NA,NA,NA,NA,NA,NA,NA,NA,NA,NA,NA,NA,NA,NA
"272","Mo Alie-Cox","IND","TE","2558832","robust",NA,NA,NA,NA,NA,NA,NA,NA,NA,NA,0,0,0.00625,0.0185325,0,0,0,0,0,NA,0,NA,2.27,0.385476,26.325,1.378818,0.2,0.029652,NA,NA,NA,NA,NA,NA,NA,NA,NA,NA,NA,NA,NA,NA,NA,NA,NA,NA,NA,NA,NA,NA,NA,NA,NA,NA
"273","Hunter Henry","NE","TE","2555341","robust",NA,NA,NA,NA,NA,NA,NA,NA,NA,NA,0,0,0.00875,0.0259455,0,0,0,0,0,NA,0,NA,2.47,0.177912,27.845,1.33434,0.195,0.044478,NA,NA,NA,NA,NA,NA,NA,NA,NA,NA,NA,NA,NA,NA,NA,NA,NA,NA,NA,NA,NA,NA,NA,NA,NA,NA
"274","Albert Okwuegbunam","DEN","TE","2563911","robust",NA,NA,NA,NA,NA,NA,NA,NA,NA,NA,0,0,0.00375,0.0111195,0,0,0,0,0,NA,0,NA,1.3,0.400302,12.8,3.03933,0.1,0.029652,NA,NA,NA,NA,NA,NA,NA,NA,NA,NA,NA,NA,NA,NA,NA,NA,NA,NA,NA,NA,NA,NA,NA,NA,NA,NA
"275","Cade Otton","TB","TE","2568312","robust",NA,NA,NA,NA,NA,NA,NA,NA,NA,NA,0,0,0.005,0.014826,0,0,0.0125,0.037065,0,NA,0,NA,2.25,0.637518,24.045,2.401812,0.155,0.07413,NA,NA,NA,NA,NA,NA,NA,NA,NA,NA,NA,NA,NA,NA,NA,NA,NA,NA,NA,NA,NA,NA,NA,NA,NA,NA
"276","Austin Hooper","TEN","TE","2555415","robust",NA,NA,NA,NA,NA,NA,NA,NA,NA,NA,0,0,0.005,0.014826,0,0,0,0,0,NA,0,NA,2.1475,0.29652,21.2,6.22692,0.14,0.103782,NA,NA,NA,NA,NA,NA,NA,NA,NA,NA,NA,NA,NA,NA,NA,NA,NA,NA,NA,NA,NA,NA,NA,NA,NA,NA
"277","Daniel Bellinger","NYG","TE","2567985","robust",NA,NA,NA,NA,NA,NA,NA,NA,NA,NA,0,0,0.02125,0.0630105,0,0,0.0125,0.037065,0,NA,0,NA,2.3,0.252042,22.85,0.444780000000001,0.135,0.059304,NA,NA,NA,NA,NA,NA,NA,NA,NA,NA,NA,NA,NA,NA,NA,NA,NA,NA,NA,NA,NA,NA,NA,NA,NA,NA
"278","Foster Moreau","LVR","TE","2562317","robust",NA,NA,NA,NA,NA,NA,NA,NA,NA,NA,0,0,0,0,0,0,0,0,0,NA,0,NA,1.6,0.29652,19.4,6.81996,0.1,0,NA,NA,NA,NA,NA,NA,NA,NA,NA,NA,NA,NA,NA,NA,NA,NA,NA,NA,NA,NA,NA,NA,"Q","Knee",5,2022
"279","Kyle Rudolph","TB","TE","2495438","robust",NA,NA,NA,NA,NA,NA,NA,NA,NA,NA,0,0,0.015,0.014826,0,0,0,0,0,NA,0,NA,1.27,0.340998,12.2125,2.483355,0.1,0,NA,NA,NA,NA,NA,NA,NA,NA,NA,NA,NA,NA,NA,NA,NA,NA,NA,NA,NA,NA,NA,NA,NA,NA,NA,NA
"280","Noah Fant","SEA","TE","2562383","robust",NA,NA,NA,NA,NA,NA,NA,NA,NA,NA,0,0,0.01375,0.0407715,0,0,0,0,0,NA,0,NA,2.52,0.266868,24.3,0.889560000000002,0.135,0.059304,NA,NA,NA,NA,NA,NA,NA,NA,NA,NA,NA,NA,NA,NA,NA,NA,NA,NA,NA,NA,NA,NA,NA,NA,NA,NA
"281","Colby Parkinson","SEA","TE","2565180","robust",NA,NA,NA,NA,NA,NA,NA,NA,NA,NA,0,0,0.005,0.007413,0,0,0,0,0,NA,0,NA,1.105,0.37065,13.9,5.322534,0.1,0.022239,NA,NA,NA,NA,NA,NA,NA,NA,NA,NA,NA,NA,NA,NA,NA,NA,NA,NA,NA,NA,NA,NA,NA,NA,NA,NA
"282","Isaiah Likely","BAL","TE","2567283","robust",NA,NA,NA,NA,NA,NA,NA,NA,NA,NA,0,0,0.005,0.014826,0,0,0,0,0,NA,0,NA,1.595,0.29652,17.6,5.292882,0.1,0.014826,NA,NA,NA,NA,NA,NA,NA,NA,NA,NA,NA,NA,NA,NA,NA,NA,NA,NA,NA,NA,NA,NA,NA,NA,NA,NA
"283","Chigoziem Okonkwo","TEN","TE","2567658","robust",NA,NA,NA,NA,NA,NA,NA,NA,NA,NA,0,0,-0.266666666666667,0.39536,0,0,0.0875,0,0,NA,0,NA,1.685,0.044478,18.11,0.859907999999997,0.13,0.103782,NA,NA,NA,NA,NA,NA,NA,NA,NA,NA,NA,NA,NA,NA,NA,NA,NA,NA,NA,NA,NA,NA,NA,NA,NA,NA
"284","Adam Trautman","NO","TE","2564703","robust",NA,NA,NA,NA,NA,NA,NA,NA,NA,NA,0,0,0.15,0.326172,0,0,0,0,0,NA,0,NA,1.82,0.533736,19.7,4.091976,0.1,0,NA,NA,NA,NA,NA,NA,NA,NA,NA,NA,NA,NA,NA,NA,NA,NA,NA,NA,NA,NA,NA,NA,NA,NA,NA,NA
"285","Quintin Morris","BUF","TE","2566641","robust",NA,NA,NA,NA,NA,NA,NA,NA,NA,NA,0,0,0.0525,0.07413,0,0,0,0,0,NA,0,NA,1.81,0.266868,17.76,3.098634,0.15,0.037065,NA,NA,NA,NA,NA,NA,NA,NA,NA,NA,NA,NA,NA,NA,NA,NA,NA,NA,NA,NA,NA,NA,NA,NA,NA,NA
"286","Jordan Akins","HOU","TE","2560951","robust",NA,NA,NA,NA,NA,NA,NA,NA,NA,NA,0,0,0.02,0.019768,0,0,0.025,0.02471,0,NA,0,NA,1.5,0,15.7,1.26021,0.1,0,NA,NA,NA,NA,NA,NA,NA,NA,NA,NA,NA,NA,NA,NA,NA,NA,NA,NA,NA,NA,NA,NA,NA,NA,NA,NA
"287","Dan Arnold","JAC","TE","2559385","robust",NA,NA,NA,NA,NA,NA,NA,NA,NA,NA,0,0,0.00375,0,0,0,0,0,0,NA,0,NA,0.79,0.563388,10.425,5.11497,0.01,0,NA,NA,NA,NA,NA,NA,NA,NA,NA,NA,NA,NA,NA,NA,NA,NA,NA,NA,NA,NA,NA,NA,NA,NA,NA,NA
"288","Jelani Woods","IND","TE","2567724","robust",NA,NA,NA,NA,NA,NA,NA,NA,NA,NA,0,0,0,0,0,0,0.0875,0,0,NA,0,NA,1.39,0.88956,13.91,3.55824,0.15,0.07413,NA,NA,NA,NA,NA,NA,NA,NA,NA,NA,NA,NA,NA,NA,NA,NA,NA,NA,NA,NA,NA,NA,NA,NA,NA,NA
"289","Harrison Bryant","CLE","TE","2563767","robust",NA,NA,NA,NA,NA,NA,NA,NA,NA,NA,0,0,0.005,0.014826,0,0,0,0,0,NA,0,NA,1.8,0.44478,18.685,1.215732,0.105,0.014826,NA,NA,NA,NA,NA,NA,NA,NA,NA,NA,NA,NA,NA,NA,NA,NA,NA,NA,NA,NA,NA,NA,NA,NA,NA,NA
"290","Durham Smythe","MIA","TE","2560880","robust",NA,NA,NA,NA,NA,NA,NA,NA,NA,NA,0,0,0.095,0.07413,0,0,0,0,0,NA,0,NA,1.535,0.44478,15.385,3.832521,0.085,0.00741300000000001,NA,NA,NA,NA,NA,NA,NA,NA,NA,NA,NA,NA,NA,NA,NA,NA,NA,NA,NA,NA,NA,NA,NA,NA,NA,NA
"291","Anthony Firkser","ATL","TE","2558942","robust",NA,NA,NA,NA,NA,NA,NA,NA,NA,NA,0,0,0.01,0,0,0,0,0,0,NA,0,NA,1.61,0.029652,17.185,0.548562000000001,0.1,0,NA,NA,NA,NA,NA,NA,NA,NA,NA,NA,NA,NA,NA,NA,NA,NA,NA,NA,NA,NA,NA,NA,NA,NA,NA,NA
"292","Brock Wright","DET","TE","2567221","robust",NA,NA,NA,NA,NA,NA,NA,NA,NA,NA,0,0,0,0,0,0,0,0,0,NA,0,NA,1.15,0.44478,13.08,6.22692,0.1,0,NA,NA,NA,NA,NA,NA,NA,NA,NA,NA,NA,NA,NA,NA,NA,NA,NA,NA,NA,NA,NA,NA,NA,NA,NA,NA
"293","C.J. Uzomah","NYJ","TE","2552559","robust",NA,NA,NA,NA,NA,NA,NA,NA,NA,NA,0,0,0.00875,0.0259455,0,0,0,0,0,NA,0,NA,1.6,0.44478,17,2.757636,0.1,0,NA,NA,NA,NA,NA,NA,NA,NA,NA,NA,NA,NA,NA,NA,NA,NA,NA,NA,NA,NA,NA,NA,NA,NA,NA,NA
"294","Reggie Gilliam","BUF","TE","2565378","robust",NA,NA,NA,NA,NA,NA,NA,NA,NA,NA,0,0,0.1,0.07413,0.005,0.0037065,0,0,0,NA,0,NA,1.6725,0.29652,16.01,2.66868,0.0775,0.07413,NA,NA,NA,NA,NA,NA,NA,NA,NA,NA,NA,NA,NA,NA,NA,NA,NA,NA,NA,NA,NA,NA,NA,NA,NA,NA
"295","Geoff Swaim","TEN","TE","2553454","robust",NA,NA,NA,NA,NA,NA,NA,NA,NA,NA,0,0,0.00625,0.0185325,0,0,0,0,0,NA,0,NA,1.6,0.548562,14.75,2.2239,0.115,0.088956,NA,NA,NA,NA,NA,NA,NA,NA,NA,NA,NA,NA,NA,NA,NA,NA,NA,NA,NA,NA,NA,NA,NA,NA,NA,NA
"296","Kylen Granson","IND","TE","2566145","robust",NA,NA,NA,NA,NA,NA,NA,NA,NA,NA,0,0,0.005,0.014826,0,0,0,0,0,NA,0,NA,1.7,0.29652,17.96,0.444780000000001,0.075,0.014826,NA,NA,NA,NA,NA,NA,NA,NA,NA,NA,NA,NA,NA,NA,NA,NA,NA,NA,NA,NA,NA,NA,NA,NA,NA,NA
"297","Ian Thomas","CAR","TE","2560894","robust",NA,NA,NA,NA,NA,NA,NA,NA,NA,NA,0,0,0.04,0.029652,0,0,0,0,0,NA,0,NA,1.475,0.29652,16.4,1.55673,0.1,0,NA,NA,NA,NA,NA,NA,NA,NA,NA,NA,NA,NA,NA,NA,NA,NA,NA,NA,NA,NA,NA,NA,NA,NA,NA,NA
"298","Eric Saubert","DEN","TE","2558023","robust",NA,NA,NA,NA,NA,NA,NA,NA,NA,NA,0,0,0.00625,0.0185325,0,0,0,0,0,NA,0,NA,1.5475,0.103782,15.77,0.355823999999998,0.1225,0.044478,NA,NA,NA,NA,NA,NA,NA,NA,NA,NA,NA,NA,NA,NA,NA,NA,NA,NA,NA,NA,NA,NA,NA,NA,NA,NA
"299","Ross Dwelley","SF","TE","2561060","robust",NA,NA,NA,NA,NA,NA,NA,NA,NA,NA,0,0,0,0,0,0,0,0,0,NA,0,NA,0.605,0,9.21,0,0.16,0,NA,NA,NA,NA,NA,NA,NA,NA,NA,NA,NA,NA,NA,NA,NA,NA,NA,NA,NA,NA,NA,NA,NA,NA,NA,NA
"300","Donald Parham","LAC","TE","2562394","robust",NA,NA,NA,NA,NA,NA,NA,NA,NA,NA,0,0,0.00625,0.0185325,0,0,0,0,0,NA,0,NA,1.055,0.133434,12.4375,3.26172,0.1,0.059304,NA,NA,NA,NA,NA,NA,NA,NA,NA,NA,NA,NA,NA,NA,NA,NA,NA,NA,NA,NA,NA,NA,NA,NA,NA,NA
"301","Ryan Griffin","CHI","TE","2541316","robust",NA,NA,NA,NA,NA,NA,NA,NA,NA,NA,0,0,0.00625,0.00926625,0,0,0,0,0,NA,0,NA,0.9,0.22239,10.2,3.120873,0.08,0,NA,NA,NA,NA,NA,NA,NA,NA,NA,NA,NA,NA,NA,NA,NA,NA,NA,NA,NA,NA,NA,NA,NA,NA,NA,NA
"302","Zach Gentry","PIT","TE","2562654","robust",NA,NA,NA,NA,NA,NA,NA,NA,NA,NA,0,0,0.005,0,0,0,0,0,0,NA,0,NA,1.02,0,9.65,0.148259999999999,0.02,0,NA,NA,NA,NA,NA,NA,NA,NA,NA,NA,NA,NA,NA,NA,NA,NA,NA,NA,NA,NA,NA,NA,NA,NA,NA,NA
"303","Tommy Tremble","CAR","TE","2565914","robust",NA,NA,NA,NA,NA,NA,NA,NA,NA,NA,0,0,0.0525,0.155673,0,0,0,0,0,NA,0,NA,1.26,0.14826,12.2175,1.03782,0.06,0.059304,NA,NA,NA,NA,NA,NA,NA,NA,NA,NA,NA,NA,NA,NA,NA,NA,NA,NA,NA,NA,NA,NA,NA,NA,NA,NA
"304","Ko Kieft","TB","TE","2568306","robust",NA,NA,NA,NA,NA,NA,NA,NA,NA,NA,0,0,0,0,0,0,0,0,0,NA,0,NA,0.835,0.29652,8.65,2.37216,0.065,0,NA,NA,NA,NA,NA,NA,NA,NA,NA,NA,NA,NA,NA,NA,NA,NA,NA,NA,NA,NA,NA,NA,NA,NA,NA,NA
"305","Marcedes Lewis","GB","TE","2495888","robust",NA,NA,NA,NA,NA,NA,NA,NA,NA,NA,0,0,0.025,0.02471,0,0,0,0,0,NA,0,NA,0.875,0.163086,8.7525,0.0518910000000002,0,0,NA,NA,NA,NA,NA,NA,NA,NA,NA,NA,NA,NA,NA,NA,NA,NA,NA,NA,NA,NA,NA,NA,NA,NA,NA,NA
"306","Tanner Hudson","NYG","TE","2561215","robust",NA,NA,NA,NA,NA,NA,NA,NA,NA,NA,0,0,0,0,0,0,0,0,0,NA,0,NA,1.125,0.0741300000000001,11.8,0.889559999999999,0.0625,0.037065,NA,NA,NA,NA,NA,NA,NA,NA,NA,NA,NA,NA,NA,NA,NA,NA,NA,NA,NA,NA,NA,NA,NA,NA,NA,NA
"307","Taysom Hill","NO","TE","2558954","robust",NA,NA,NA,NA,NA,NA,NA,NA,NA,NA,0,0,5.78333333333333,1.321985,0.0633333333333333,0.019768,0.265,0.1438122,0,NA,0,NA,0.6,0.14826,7.545,0.37065,0.05,0.059304,NA,NA,NA,NA,NA,NA,NA,NA,NA,NA,NA,NA,NA,NA,NA,NA,NA,NA,NA,NA,NA,NA,NA,NA,NA,NA
"308","Jody Fortson","KC","TE","2563259","robust",NA,NA,NA,NA,NA,NA,NA,NA,NA,NA,0,0,0,0,0,0,0,0,0,NA,0,NA,0.965,0,8.84,0.148259999999999,0.1,0,NA,NA,NA,NA,NA,NA,NA,NA,NA,NA,NA,NA,NA,NA,NA,NA,NA,NA,NA,NA,NA,NA,NA,NA,NA,NA
"309","Mason Schreck","HOU","TE","2558864","robust",NA,NA,NA,NA,NA,NA,NA,NA,NA,NA,0,0,0,0,0,0,0,0,NA,NA,NA,NA,1.3,0,12.5,0,0.1,0,NA,NA,NA,NA,NA,NA,NA,NA,NA,NA,NA,NA,NA,NA,NA,NA,NA,NA,NA,NA,NA,NA,NA,NA,NA,NA
"310","Trey McBride","ARI","TE","2568117","robust",NA,NA,NA,NA,NA,NA,NA,NA,NA,NA,0,0,0.015,0,0,0,0,0,0,NA,0,NA,1,0,9.65,1.92738,0.01,0,NA,NA,NA,NA,NA,NA,NA,NA,NA,NA,NA,NA,NA,NA,NA,NA,NA,NA,NA,NA,NA,NA,NA,NA,NA,NA
"311","Josiah Deguara","GB","TE","2563980","robust",NA,NA,NA,NA,NA,NA,NA,NA,NA,NA,0,0,0.0075,0,0,0,0,0,0,NA,0,NA,0.735,0.103782,8.265,3.246894,0.02,0,NA,NA,NA,NA,NA,NA,NA,NA,NA,NA,NA,NA,NA,NA,NA,NA,NA,NA,NA,NA,NA,NA,NA,NA,NA,NA
"312","Tre' McKitty","LAC","TE","2566490","robust",NA,NA,NA,NA,NA,NA,NA,NA,NA,NA,0,0,0,0,0,0,0,0,0,NA,0,NA,0.8,0,6.8,0,0.07,0,NA,NA,NA,NA,NA,NA,NA,NA,NA,NA,NA,NA,NA,NA,NA,NA,NA,NA,NA,NA,NA,NA,NA,NA,NA,NA
"313","Noah Gray","KC","TE","2566178","robust",NA,NA,NA,NA,NA,NA,NA,NA,NA,NA,0,0,0.005,0.014826,0.0333333333333333,0,0,0,0,NA,0,NA,1.02,0.0593040000000001,9.9,1.40847,0.1,0,NA,NA,NA,NA,NA,NA,NA,NA,NA,NA,NA,NA,NA,NA,NA,NA,NA,NA,NA,NA,NA,NA,NA,NA,NA,NA
"314","Johnny Mundt","MIN","TE","2558875","robust",NA,NA,NA,NA,NA,NA,NA,NA,NA,NA,0,0,0.01125,0.01667925,0,0,0,0,0,NA,0,NA,0.9,0.14826,9.77,1.33434,0.07,0.029652,NA,NA,NA,NA,NA,NA,NA,NA,NA,NA,NA,NA,NA,NA,NA,NA,NA,NA,NA,NA,NA,NA,NA,NA,NA,NA
"315","Andrew Beck","DEN","TE","2562626","robust",NA,NA,NA,NA,NA,NA,NA,NA,NA,NA,0,0,0,0,0,0,0,0,0,NA,0,NA,0.9,0,10.2,0,0.1,0,NA,NA,NA,NA,NA,NA,NA,NA,NA,NA,NA,NA,NA,NA,NA,NA,NA,NA,NA,NA,NA,NA,NA,NA,NA,NA
"316","Mitchell Wilcox","CIN","TE","2563749","robust",NA,NA,NA,NA,NA,NA,NA,NA,NA,NA,0,0,0,0,0,0,0,0,0,NA,0,NA,0.8,0.07413,8.365,2.37216,0,0,NA,NA,NA,NA,NA,NA,NA,NA,NA,NA,NA,NA,NA,NA,NA,NA,NA,NA,NA,NA,NA,NA,NA,NA,NA,NA
"317","Kendall Blanton","LAR","TE","2562234","robust",NA,NA,NA,NA,NA,NA,NA,NA,NA,NA,0,0,0.005,0.007413,0,0,0,0,0,NA,0,NA,0.75,0.170499,8.85,0.593039999999999,0.075,0.022239,NA,NA,NA,NA,NA,NA,NA,NA,NA,NA,NA,NA,NA,NA,NA,NA,NA,NA,NA,NA,NA,NA,NA,NA,NA,NA
"318","Chris Manhertz","JAC","TE","2552622","robust",NA,NA,NA,NA,NA,NA,NA,NA,NA,NA,0,0,0,0,0,0,0,0,0,NA,0,NA,0.7,0.14826,6.3,5.04084,0.1,0,NA,NA,NA,NA,NA,NA,NA,NA,NA,NA,NA,NA,NA,NA,NA,NA,NA,NA,NA,NA,NA,NA,NA,NA,NA,NA
"319","Pharaoh Brown","CLE","TE","2559018","robust",NA,NA,NA,NA,NA,NA,NA,NA,NA,NA,0,0,0.02,0.029652,0,0,0,0,0,NA,0,NA,0.665,0,6.26,0,0.015,0,NA,NA,NA,NA,NA,NA,NA,NA,NA,NA,NA,NA,NA,NA,NA,NA,NA,NA,NA,NA,NA,NA,NA,NA,NA,NA
"320","Raiders","LVR","DST","100018","robust",NA,NA,NA,NA,NA,NA,NA,NA,NA,NA,NA,NA,NA,NA,NA,NA,NA,NA,NA,NA,NA,NA,NA,NA,NA,NA,NA,NA,0.595,0.014826,1.645,0.459606,0.00666666666666667,0.009884,0.115,0,0,NA,NA,NA,NA,NA,NA,NA,NA,NA,NA,NA,NA,NA,NA,NA,NA,NA
"321","Cardinals","ARI","DST","100026","robust",NA,NA,NA,NA,NA,NA,NA,NA,NA,NA,NA,NA,NA,NA,NA,NA,NA,NA,NA,NA,NA,NA,NA,NA,NA,NA,NA,NA,0.755,0.0444779999999999,1.925,0.177912,0.01,0.014826,0.15,0.07413,0,NA,NA,NA,NA,NA,NA,NA,NA,NA,NA,NA,NA,NA,NA,NA,NA,NA
"322","Steelers","PIT","DST","100027","robust",NA,NA,NA,NA,NA,NA,NA,NA,NA,NA,NA,NA,NA,NA,NA,NA,NA,NA,NA,NA,NA,NA,NA,NA,NA,NA,NA,NA,1.04,0.133434,2.17,0.326172,0.01,0.014826,0.12,0.029652,0,NA,NA,NA,NA,NA,NA,NA,NA,NA,NA,NA,NA,NA,NA,NA,NA,NA
"323","Falcons","ATL","DST","100001","robust",NA,NA,NA,NA,NA,NA,NA,NA,NA,NA,NA,NA,NA,NA,NA,NA,NA,NA,NA,NA,NA,NA,NA,NA,NA,NA,NA,NA,0.7,0.14826,1.355,0.237216,0.04,0.029652,0.15,0.07413,0,NA,NA,NA,NA,NA,NA,NA,NA,NA,NA,NA,NA,NA,NA,NA,NA,NA
"324","Jets","NYJ","DST","100024","robust",NA,NA,NA,NA,NA,NA,NA,NA,NA,NA,NA,NA,NA,NA,NA,NA,NA,NA,NA,NA,NA,NA,NA,NA,NA,NA,NA,NA,0.85,0.103782,2.2,0.44478,0.0133333333333333,0.019768,0.15,0.07413,0,NA,NA,NA,NA,NA,NA,NA,NA,NA,NA,NA,NA,NA,NA,NA,NA,NA
"325","Panthers","CAR","DST","100004","robust",NA,NA,NA,NA,NA,NA,NA,NA,NA,NA,NA,NA,NA,NA,NA,NA,NA,NA,NA,NA,NA,NA,NA,NA,NA,NA,NA,NA,0.755,0.0889560000000001,1.925,0.44478,0.0133333333333333,0.019768,0.18,0,0,NA,NA,NA,NA,NA,NA,NA,NA,NA,NA,NA,NA,NA,NA,NA,NA,NA
"326","Bears","CHI","DST","100005","robust",NA,NA,NA,NA,NA,NA,NA,NA,NA,NA,NA,NA,NA,NA,NA,NA,NA,NA,NA,NA,NA,NA,NA,NA,NA,NA,NA,NA,0.8,0.14826,2.4,0.14826,0.04,0.029652,0.115,0,0,NA,NA,NA,NA,NA,NA,NA,NA,NA,NA,NA,NA,NA,NA,NA,NA,NA
"327","Browns","CLE","DST","100007","robust",NA,NA,NA,NA,NA,NA,NA,NA,NA,NA,NA,NA,NA,NA,NA,NA,NA,NA,NA,NA,NA,NA,NA,NA,NA,NA,NA,NA,0.765,0.14826,1.985,0.340998,0.01,0.014826,0.16,0.059304,0,NA,NA,NA,NA,NA,NA,NA,NA,NA,NA,NA,NA,NA,NA,NA,NA,NA
"328","Giants","NYG","DST","100023","robust",NA,NA,NA,NA,NA,NA,NA,NA,NA,NA,NA,NA,NA,NA,NA,NA,NA,NA,NA,NA,NA,NA,NA,NA,NA,NA,NA,NA,0.45,0,1.965,0.14826,0.00666666666666667,0.009884,0.15,0.07413,0,NA,NA,NA,NA,NA,NA,NA,NA,NA,NA,NA,NA,NA,NA,NA,NA,NA
"329","Lions","DET","DST","100010","robust",NA,NA,NA,NA,NA,NA,NA,NA,NA,NA,NA,NA,NA,NA,NA,NA,NA,NA,NA,NA,NA,NA,NA,NA,NA,NA,NA,NA,0.85,0.29652,2.045,0.400302,0.0433333333333333,0.019768,0.15,0.07413,0,NA,NA,NA,NA,NA,NA,NA,NA,NA,NA,NA,NA,NA,NA,NA,NA,NA
"330","Chargers","LAC","DST","100028","robust",NA,NA,NA,NA,NA,NA,NA,NA,NA,NA,NA,NA,NA,NA,NA,NA,NA,NA,NA,NA,NA,NA,NA,NA,NA,NA,NA,NA,0.8,0.177912,2.23,0.44478,0.01,0.014826,0.17,0.044478,0,NA,NA,NA,NA,NA,NA,NA,NA,NA,NA,NA,NA,NA,NA,NA,NA,NA
"331","Texans","HOU","DST","100013","robust",NA,NA,NA,NA,NA,NA,NA,NA,NA,NA,NA,NA,NA,NA,NA,NA,NA,NA,NA,NA,NA,NA,NA,NA,NA,NA,NA,NA,0.835,0.0593040000000001,2.05,0.0889560000000001,0.01,0.014826,0.15,0.07413,0,NA,NA,NA,NA,NA,NA,NA,NA,NA,NA,NA,NA,NA,NA,NA,NA,NA
"332","Seahawks","SEA","DST","100030","robust",NA,NA,NA,NA,NA,NA,NA,NA,NA,NA,NA,NA,NA,NA,NA,NA,NA,NA,NA,NA,NA,NA,NA,NA,NA,NA,NA,NA,0.8,0,2.3,0.163086,0.0466666666666667,0.009884,0.2,0.07413,0,NA,NA,NA,NA,NA,NA,NA,NA,NA,NA,NA,NA,NA,NA,NA,NA,NA
"333","Bengals","CIN","DST","100006","robust",NA,NA,NA,NA,NA,NA,NA,NA,NA,NA,NA,NA,NA,NA,NA,NA,NA,NA,NA,NA,NA,NA,NA,NA,NA,NA,NA,NA,1.03,0.252042,2.5,0.59304,0.01,0.014826,0.15,0.07413,0,NA,NA,NA,NA,NA,NA,NA,NA,NA,NA,NA,NA,NA,NA,NA,NA,NA
"334","Eagles","PHI","DST","100025","robust",NA,NA,NA,NA,NA,NA,NA,NA,NA,NA,NA,NA,NA,NA,NA,NA,NA,NA,NA,NA,NA,NA,NA,NA,NA,NA,NA,NA,0.81,0.0296519999999999,2.6,0.207564,0.01,0.014826,0.195,0,0,NA,NA,NA,NA,NA,NA,NA,NA,NA,NA,NA,NA,NA,NA,NA,NA,NA
"335","Cowboys","DAL","DST","100008","robust",NA,NA,NA,NA,NA,NA,NA,NA,NA,NA,NA,NA,NA,NA,NA,NA,NA,NA,NA,NA,NA,NA,NA,NA,NA,NA,NA,NA,1.205,0.44478,2.695,0.326172,0.01,0.014826,0.225,0.07413,0,NA,NA,NA,NA,NA,NA,NA,NA,NA,NA,NA,NA,NA,NA,NA,NA,NA
"336","Ravens","BAL","DST","100002","robust",NA,NA,NA,NA,NA,NA,NA,NA,NA,NA,NA,NA,NA,NA,NA,NA,NA,NA,NA,NA,NA,NA,NA,NA,NA,NA,NA,NA,0.89,0.133434,2.355,0.311346,0.02,0.029652,0.185,0,0,NA,NA,NA,NA,NA,NA,NA,NA,NA,NA,NA,NA,NA,NA,NA,NA,NA
"337","Commanders","WAS","DST","100032","robust",NA,NA,NA,NA,NA,NA,NA,NA,NA,NA,NA,NA,NA,NA,NA,NA,NA,NA,NA,NA,NA,NA,NA,NA,NA,NA,NA,NA,0.835,0.14826,2.4,0.14826,0.0466666666666667,0.009884,0.17,0.044478,0,NA,NA,NA,NA,NA,NA,NA,NA,NA,NA,NA,NA,NA,NA,NA,NA,NA
"338","Patriots","NE","DST","100021","robust",NA,NA,NA,NA,NA,NA,NA,NA,NA,NA,NA,NA,NA,NA,NA,NA,NA,NA,NA,NA,NA,NA,NA,NA,NA,NA,NA,NA,0.84,0.029652,2.035,0.103782,0.01,0.014826,0.185,0,0,NA,NA,NA,NA,NA,NA,NA,NA,NA,NA,NA,NA,NA,NA,NA,NA,NA
"339","Colts","IND","DST","100014","robust",NA,NA,NA,NA,NA,NA,NA,NA,NA,NA,NA,NA,NA,NA,NA,NA,NA,NA,NA,NA,NA,NA,NA,NA,NA,NA,NA,NA,0.75,0.22239,2.31,0.252042,0.0766666666666667,0.034594,0.16,0.059304,0,NA,NA,NA,NA,NA,NA,NA,NA,NA,NA,NA,NA,NA,NA,NA,NA,NA
"340","Chiefs","KC","DST","100016","robust",NA,NA,NA,NA,NA,NA,NA,NA,NA,NA,NA,NA,NA,NA,NA,NA,NA,NA,NA,NA,NA,NA,NA,NA,NA,NA,NA,NA,0.87,0.281694,2.4,0.14826,0.01,0.014826,0.2,0.029652,0,NA,NA,NA,NA,NA,NA,NA,NA,NA,NA,NA,NA,NA,NA,NA,NA,NA
"341","Jaguars","JAC","DST","100015","robust",NA,NA,NA,NA,NA,NA,NA,NA,NA,NA,NA,NA,NA,NA,NA,NA,NA,NA,NA,NA,NA,NA,NA,NA,NA,NA,NA,NA,1.095,0.14826,2.45,0.355824,0.0166666666666667,0.02471,0.18,0,0,NA,NA,NA,NA,NA,NA,NA,NA,NA,NA,NA,NA,NA,NA,NA,NA,NA
"342","Saints","NO","DST","100022","robust",NA,NA,NA,NA,NA,NA,NA,NA,NA,NA,NA,NA,NA,NA,NA,NA,NA,NA,NA,NA,NA,NA,NA,NA,NA,NA,NA,NA,0.8,0.103782,2.48,0.118608,0.0166666666666667,0.02471,0.17,0.014826,0,NA,NA,NA,NA,NA,NA,NA,NA,NA,NA,NA,NA,NA,NA,NA,NA,NA
"343","Rams","LAR","DST","100017","robust",NA,NA,NA,NA,NA,NA,NA,NA,NA,NA,NA,NA,NA,NA,NA,NA,NA,NA,NA,NA,NA,NA,NA,NA,NA,NA,NA,NA,0.845,0.0889560000000001,2.3,0.163086,0.01,0.014826,0.18,0,0,NA,NA,NA,NA,NA,NA,NA,NA,NA,NA,NA,NA,NA,NA,NA,NA,NA
"344","Dolphins","MIA","DST","100019","robust",NA,NA,NA,NA,NA,NA,NA,NA,NA,NA,NA,NA,NA,NA,NA,NA,NA,NA,NA,NA,NA,NA,NA,NA,NA,NA,NA,NA,0.84,0.0889560000000001,3.24,0.59304,0.0166666666666667,0.02471,0.2,0.044478,0,NA,NA,NA,NA,NA,NA,NA,NA,NA,NA,NA,NA,NA,NA,NA,NA,NA
"345","Broncos","DEN","DST","100009","robust",NA,NA,NA,NA,NA,NA,NA,NA,NA,NA,NA,NA,NA,NA,NA,NA,NA,NA,NA,NA,NA,NA,NA,NA,NA,NA,NA,NA,0.79,0.14826,2.57,0.0889560000000001,0.0466666666666667,0.009884,0.175,0,0,NA,NA,NA,NA,NA,NA,NA,NA,NA,NA,NA,NA,NA,NA,NA,NA,NA
"346","Titans","TEN","DST","100012","robust",NA,NA,NA,NA,NA,NA,NA,NA,NA,NA,NA,NA,NA,NA,NA,NA,NA,NA,NA,NA,NA,NA,NA,NA,NA,NA,NA,NA,0.81,0.252042,2.935,0.281694,0.0466666666666667,0.009884,0.175,0.029652,0,NA,NA,NA,NA,NA,NA,NA,NA,NA,NA,NA,NA,NA,NA,NA,NA,NA
"347","Vikings","MIN","DST","100020","robust",NA,NA,NA,NA,NA,NA,NA,NA,NA,NA,NA,NA,NA,NA,NA,NA,NA,NA,NA,NA,NA,NA,NA,NA,NA,NA,NA,NA,1.15,0.0741300000000001,3.5,0.29652,0.02,0.029652,0.2,0.014826,0,NA,NA,NA,NA,NA,NA,NA,NA,NA,NA,NA,NA,NA,NA,NA,NA,NA
"348","Buccaneers","TB","DST","100031","robust",NA,NA,NA,NA,NA,NA,NA,NA,NA,NA,NA,NA,NA,NA,NA,NA,NA,NA,NA,NA,NA,NA,NA,NA,NA,NA,NA,NA,1.18,0.14826,2.77,0.133434,0.0533333333333333,0.00988399999999999,0.2,0.07413,0,NA,NA,NA,NA,NA,NA,NA,NA,NA,NA,NA,NA,NA,NA,NA,NA,NA
"349","49ers","SF","DST","100029","robust",NA,NA,NA,NA,NA,NA,NA,NA,NA,NA,NA,NA,NA,NA,NA,NA,NA,NA,NA,NA,NA,NA,NA,NA,NA,NA,NA,NA,0.95,0.0593040000000001,3,0,0.0133333333333333,0.019768,0.205,0.014826,0,NA,NA,NA,NA,NA,NA,NA,NA,NA,NA,NA,NA,NA,NA,NA,NA,NA
"350","Packers","GB","DST","100011","robust",NA,NA,NA,NA,NA,NA,NA,NA,NA,NA,NA,NA,NA,NA,NA,NA,NA,NA,NA,NA,NA,NA,NA,NA,NA,NA,NA,NA,0.85,0.14826,3.145,0.459606,0.0166666666666667,0.02471,0.18,0.029652,0,NA,NA,NA,NA,NA,NA,NA,NA,NA,NA,NA,NA,NA,NA,NA,NA,NA
"351","Bills","BUF","DST","100003","robust",NA,NA,NA,NA,NA,NA,NA,NA,NA,NA,NA,NA,NA,NA,NA,NA,NA,NA,NA,NA,NA,NA,NA,NA,NA,NA,NA,NA,1.295,0.14826,2.915,0.22239,0.08,0.059304,0.2,0.059304,0,NA,NA,NA,NA,NA,NA,NA,NA,NA,NA,NA,NA,NA,NA,NA,NA,NA
"352","Matthew Wright","KC","K","2562968","robust",NA,NA,NA,NA,NA,NA,NA,NA,NA,NA,NA,NA,NA,NA,NA,NA,NA,NA,NA,NA,NA,NA,NA,NA,NA,NA,NA,NA,NA,NA,NA,NA,NA,NA,NA,NA,NA,NA,0.0352824858757062,0.0171155141242938,0.379997400005622,0.177919709503331,0.463718246690277,0.133434,0.368099210866571,0.14826,0.167730696798493,0.044478,3.125,0.385476,NA,NA,NA,NA
"353","Ryan Succop","TB","K","89802","robust",NA,NA,NA,NA,NA,NA,NA,NA,NA,NA,NA,NA,NA,NA,NA,NA,NA,NA,NA,NA,NA,NA,NA,NA,NA,NA,NA,NA,NA,NA,NA,NA,NA,NA,NA,NA,NA,NA,0.0124789397624335,0.0112236232420429,0.521893218427267,0.029652,0.625,0.172725260301012,0.691285225229988,0.14826,0.0725359815774324,0.0324316971790443,3.005,0.14826,NA,NA,NA,NA
"354","Tyler Bass","BUF","K","2563596","robust",NA,NA,NA,NA,NA,NA,NA,NA,NA,NA,NA,NA,NA,NA,NA,NA,NA,NA,NA,NA,NA,NA,NA,NA,NA,NA,NA,NA,NA,NA,NA,NA,NA,NA,NA,NA,NA,NA,0.0148009950248756,0.0135228855721393,0.648361135498976,0.0871358340649692,0.697791374012291,0.131549835381914,0.4375,0.0608728716710565,0.141351250284525,0.0594216322310019,2.9125,0.14826,NA,NA,NA,NA
"355","Mason Crosby","GB","K","2507232","robust",NA,NA,NA,NA,NA,NA,NA,NA,NA,NA,NA,NA,NA,NA,NA,NA,NA,NA,NA,NA,NA,NA,NA,NA,NA,NA,NA,NA,NA,NA,NA,NA,NA,NA,NA,NA,NA,NA,0.0193548387096774,0.0487823225806452,0.529461319070387,0.0582391355383405,0.69107991511832,0.133434,0.406356665040888,0.0781527831792403,0.149132270168856,0.0387912366184748,2.78,0.237216,NA,NA,NA,NA
"356","Justin Tucker","BAL","K","2536340","robust",NA,NA,NA,NA,NA,NA,NA,NA,NA,NA,NA,NA,NA,NA,NA,NA,NA,NA,NA,NA,NA,NA,NA,NA,NA,NA,NA,NA,NA,NA,NA,NA,NA,NA,NA,NA,NA,NA,0.00616055846422339,0.00139721465968586,0.5,0.029652,0.496684647244587,0.0434224245457346,0.605039902522964,0.0546843784005749,0.373089005235602,0.0578402513089005,2.825,0.29652,NA,NA,NA,NA
"357","Daniel Carlson","LVR","K","2560993","robust",NA,NA,NA,NA,NA,NA,NA,NA,NA,NA,NA,NA,NA,NA,NA,NA,NA,NA,NA,NA,NA,NA,NA,NA,NA,NA,NA,NA,NA,NA,NA,NA,NA,NA,NA,NA,NA,NA,0,0,0.551017708269216,0.0902305506114199,0.682566442342546,0.0898883476066393,0.450821843561282,0.0696515374751226,0.225385058394943,0.0324843966570235,1.9425,0.266868,NA,NA,NA,NA
"358","Dustin Hopkins","LAC","K","2539227","robust",NA,NA,NA,NA,NA,NA,NA,NA,NA,NA,NA,NA,NA,NA,NA,NA,NA,NA,NA,NA,NA,NA,NA,NA,NA,NA,NA,NA,NA,NA,NA,NA,NA,NA,NA,NA,NA,NA,0.1125,0.0185325,0.5625,0.0926625,0.45,0.07413,0.5625,0.0926625,0.1125,0.0185325,2.8,0.29652,"O","Quadriceps",5,2022
"359","Greg Joseph","MIN","K","2561534","robust",NA,NA,NA,NA,NA,NA,NA,NA,NA,NA,NA,NA,NA,NA,NA,NA,NA,NA,NA,NA,NA,NA,NA,NA,NA,NA,NA,NA,NA,NA,NA,NA,NA,NA,NA,NA,NA,NA,0.0158055166263218,0.015612492005351,0.611414708130672,0.0479457204327266,0.52757975913005,0.0411630862680147,0.515,0.0346337595572309,0.295765018773467,0.0145971464330413,2.5,0.266868,NA,NA,NA,NA
"360","Wil Lutz","NO","K","2556601","robust",NA,NA,NA,NA,NA,NA,NA,NA,NA,NA,NA,NA,NA,NA,NA,NA,NA,NA,NA,NA,NA,NA,NA,NA,NA,NA,NA,NA,NA,NA,NA,NA,NA,NA,NA,NA,NA,NA,0,0,0.463045469242015,0.0596212362268794,0.578920493636051,0.0877177905701755,0.487911206950729,0.0774516874057316,0.304248903508772,0.00839923245614034,2.6725,0.29652,NA,NA,NA,NA
"361","Riley Patterson","JAC","K","2567013","robust",NA,NA,NA,NA,NA,NA,NA,NA,NA,NA,NA,NA,NA,NA,NA,NA,NA,NA,NA,NA,NA,NA,NA,NA,NA,NA,NA,NA,NA,NA,NA,NA,NA,NA,NA,NA,NA,NA,0.0202314663785018,0.0116797901561799,0.588210852651932,0.106461427333524,0.474376518203433,0.0420786505695334,0.527207593098542,0.135397786516739,0.181213144009932,0.00863546244568591,2.7,0.29652,NA,NA,NA,NA
"362","Matt Gay","LAR","K","2562271","robust",NA,NA,NA,NA,NA,NA,NA,NA,NA,NA,NA,NA,NA,NA,NA,NA,NA,NA,NA,NA,NA,NA,NA,NA,NA,NA,NA,NA,NA,NA,NA,NA,NA,NA,NA,NA,NA,NA,0.0206287629994527,0.0188347816091954,0.534824227496641,0.0741299999999999,0.611474893640842,0.118608,0.456941956510922,0.127675710553814,0.181122555605314,0.044478,2.3,0.29652,NA,NA,NA,NA
"363","Robbie Gould","SF","K","2506264","robust",NA,NA,NA,NA,NA,NA,NA,NA,NA,NA,NA,NA,NA,NA,NA,NA,NA,NA,NA,NA,NA,NA,NA,NA,NA,NA,NA,NA,NA,NA,NA,NA,NA,NA,NA,NA,NA,NA,0.0317152103559871,0.0167932038834952,0.545,0.137567668303826,0.43,0.0684745005139919,0.486005996573387,0.0889560000000001,0.220150390253189,0.111964100513992,2.555,0.118608,NA,NA,NA,NA
"364","Brandon McManus","DEN","K","2541556","robust",NA,NA,NA,NA,NA,NA,NA,NA,NA,NA,NA,NA,NA,NA,NA,NA,NA,NA,NA,NA,NA,NA,NA,NA,NA,NA,NA,NA,NA,NA,NA,NA,NA,NA,NA,NA,NA,NA,0.0194078453453453,0.0223169144144144,0.482914152992278,0.0172820929054054,0.389424335049335,0.14826,0.3316329499142,0.0910127815315315,0.190717503217503,0.0703137837837838,2.3,0.118608,NA,NA,NA,NA
"365","Evan McPherson","CIN","K","2565953","robust",NA,NA,NA,NA,NA,NA,NA,NA,NA,NA,NA,NA,NA,NA,NA,NA,NA,NA,NA,NA,NA,NA,NA,NA,NA,NA,NA,NA,NA,NA,NA,NA,NA,NA,NA,NA,NA,NA,0.0319499048826887,0.0159823715916297,0.403177270485451,0.14826,0.476187116888607,0.088956,0.449317665398436,0.07413,0.290588670471359,0.090701525681674,2.15,0.29652,NA,NA,NA,NA
"366","Greg Zuerlein","NYJ","K","2534797","robust",NA,NA,NA,NA,NA,NA,NA,NA,NA,NA,NA,NA,NA,NA,NA,NA,NA,NA,NA,NA,NA,NA,NA,NA,NA,NA,NA,NA,NA,NA,NA,NA,NA,NA,NA,NA,NA,NA,0.00890946502057613,0.00488098765432098,0.333461663417804,0.0798330487329433,0.415107212475634,0.0688171091617935,0.397214100064977,0.044478,0.216123456790123,0.0330930962962962,1.91,0.266868,NA,NA,NA,NA
"367","Jason Myers","SEA","K","2553112","robust",NA,NA,NA,NA,NA,NA,NA,NA,NA,NA,NA,NA,NA,NA,NA,NA,NA,NA,NA,NA,NA,NA,NA,NA,NA,NA,NA,NA,NA,NA,NA,NA,NA,NA,NA,NA,NA,NA,0.00164473684210526,0.00390157894736842,0.391846804511278,0.128919315789474,0.56,0.0804468421052631,0.488007518796992,0.100177684210526,0.199482038429407,0.0177441333333333,2.175,0.14826,NA,NA,NA,NA
"368","Nick Folk","NE","K","2507225","robust",NA,NA,NA,NA,NA,NA,NA,NA,NA,NA,NA,NA,NA,NA,NA,NA,NA,NA,NA,NA,NA,NA,NA,NA,NA,NA,NA,NA,NA,NA,NA,NA,NA,NA,NA,NA,NA,NA,0,0,0.486079286365709,0.136634299931601,0.528926698586411,0.0381128932968537,0.499331680346557,0.146278298563611,0.178405684754522,0.0105352713178294,2.475,0.29652,NA,NA,NA,NA
"369","Jason Sanders","MIA","K","2561153","robust",NA,NA,NA,NA,NA,NA,NA,NA,NA,NA,NA,NA,NA,NA,NA,NA,NA,NA,NA,NA,NA,NA,NA,NA,NA,NA,NA,NA,NA,NA,NA,NA,NA,NA,NA,NA,NA,NA,0.00659922928709056,0.00171398843930636,0.505020586256727,0.0371260423684473,0.5015561310295,0.064901520542655,0.528332326340442,0.128673157003687,0.187060452793834,0.0191395375722543,2.3,0.44478,NA,NA,NA,NA
"370","Brett Maher","DAL","K","2540243","robust",NA,NA,NA,NA,NA,NA,NA,NA,NA,NA,NA,NA,NA,NA,NA,NA,NA,NA,NA,NA,NA,NA,NA,NA,NA,NA,NA,NA,NA,NA,NA,NA,NA,NA,NA,NA,NA,NA,0.0173882681564246,0.0151849162011173,0.604032903197541,0.14826,0.568331789633024,0.0903657410331697,0.503636978518838,0.029652,0.333167058151346,0.0579406517902488,2.0475,0.29652,NA,NA,NA,NA
"371","Chase McLaughlin","IND","K","2563203","robust",NA,NA,NA,NA,NA,NA,NA,NA,NA,NA,NA,NA,NA,NA,NA,NA,NA,NA,NA,NA,NA,NA,NA,NA,NA,NA,NA,NA,NA,NA,NA,NA,NA,NA,NA,NA,NA,NA,0.00914634146341463,0.0216965853658537,0.466731865082362,0.0572794011930832,0.48963111239361,0.0940113395756249,0.557845007065727,0.0889559999999999,0.195354378593543,0.0324913003095975,1.9675,0.14826,NA,NA,NA,NA
"372","Randy Bullock","TEN","K","2533444","robust",NA,NA,NA,NA,NA,NA,NA,NA,NA,NA,NA,NA,NA,NA,NA,NA,NA,NA,NA,NA,NA,NA,NA,NA,NA,NA,NA,NA,NA,NA,NA,NA,NA,NA,NA,NA,NA,NA,0.0258273596176822,0.00836065949820788,0.426077828981055,0.0446703154121864,0.548512971496843,0.0653113261648746,0.570496102861694,0.0818487646356034,0.0854012345679012,0.0278216296296296,2.485,0.14826,NA,NA,NA,NA
"373","Cairo Santos","CHI","K","2550636","robust",NA,NA,NA,NA,NA,NA,NA,NA,NA,NA,NA,NA,NA,NA,NA,NA,NA,NA,NA,NA,NA,NA,NA,NA,NA,NA,NA,NA,NA,NA,NA,NA,NA,NA,NA,NA,NA,NA,0.00253623188405797,0.00537173913043478,0.381095738335101,0.141184043875928,0.401853570166136,0.180110482502651,0.47175901378579,0.176540241251326,0.146730182926829,0.0592587987804878,1.9175,0.14826,NA,NA,NA,NA
"374","Cade York","CLE","K","2567487","robust",NA,NA,NA,NA,NA,NA,NA,NA,NA,NA,NA,NA,NA,NA,NA,NA,NA,NA,NA,NA,NA,NA,NA,NA,NA,NA,NA,NA,NA,NA,NA,NA,NA,NA,NA,NA,NA,NA,0.00684375,0.002471,0.53,0.0825620620437956,0.552618993309002,0.0943218576642335,0.455243309002433,0.0607469197080292,0.177701388888889,0.00823666666666668,2.2,0.29652,NA,NA,NA,NA
"375","Mike Badgley","DET","K","2560965","robust",NA,NA,NA,NA,NA,NA,NA,NA,NA,NA,NA,NA,NA,NA,NA,NA,NA,NA,NA,NA,NA,NA,NA,NA,NA,NA,NA,NA,NA,NA,NA,NA,NA,NA,NA,NA,NA,NA,0.0291507546826696,0.0160446492089471,0.463022367703219,0.059304,0.428732496817603,0.07413,0.421285688306965,0.118880308783415,0.1175,0.029652,2.195,0.0667170000000002,NA,NA,NA,NA
"376","Younghoe Koo","ATL","K","2559205","robust",NA,NA,NA,NA,NA,NA,NA,NA,NA,NA,NA,NA,NA,NA,NA,NA,NA,NA,NA,NA,NA,NA,NA,NA,NA,NA,NA,NA,NA,NA,NA,NA,NA,NA,NA,NA,NA,NA,0,0,0.44,0.0937922176365034,0.417173587968897,0.143103901563702,0.423637128300436,0.118608,0.244538152610442,0.111632634939759,1.975,0.14826,NA,NA,NA,NA
"377","Joey Slye","WAS","K","2563132","robust",NA,NA,NA,NA,NA,NA,NA,NA,NA,NA,NA,NA,NA,NA,NA,NA,NA,NA,NA,NA,NA,NA,NA,NA,NA,NA,NA,NA,NA,NA,NA,NA,NA,NA,NA,NA,NA,NA,0.00818804824561404,0.00449765350877193,0.416963905977064,0.059304,0.385,0.166281930821372,0.4,0.034853120015949,0.166574263942685,0.0789624029771398,2,0.385476,NA,NA,NA,NA
"378","Kaimi Fairbairn","HOU","K","2556521","robust",NA,NA,NA,NA,NA,NA,NA,NA,NA,NA,NA,NA,NA,NA,NA,NA,NA,NA,NA,NA,NA,NA,NA,NA,NA,NA,NA,NA,NA,NA,NA,NA,NA,NA,NA,NA,NA,NA,0.011986301369863,0.0284334246575343,0.493433471230275,0.158440928892011,0.492228499134892,0.125215945634781,0.490228200737619,0.091204809624166,0.125538144982589,0.0447971415004748,1.81,0.029652,NA,NA,NA,NA
"379","Taylor Bertolet","LAC","K","2556472","robust",NA,NA,NA,NA,NA,NA,NA,NA,NA,NA,NA,NA,NA,NA,NA,NA,NA,NA,NA,NA,NA,NA,NA,NA,NA,NA,NA,NA,NA,NA,NA,NA,NA,NA,NA,NA,NA,NA,0.00897482014388489,0.000959956834532373,0.430791366906475,0.0460779280575539,0.394892086330935,0.0422381007194244,0.412841726618705,0.0441580143884891,0,NA,1.855,0,NA,NA,NA,NA
"380","Matt Ammendola","ARI","K","2565555","robust",NA,NA,NA,NA,NA,NA,NA,NA,NA,NA,NA,NA,NA,NA,NA,NA,NA,NA,NA,NA,NA,NA,NA,NA,NA,NA,NA,NA,NA,NA,NA,NA,NA,NA,NA,NA,NA,NA,0.0307692307692308,0.0380153846153846,0.419028340080972,0.0282114170040485,0.52246963562753,0.0333134817813765,0.292375168690958,0.0716146963562753,0.0963196452670137,0.0249672469635628,1.8,0.0815429999999999,NA,NA,NA,NA
"381","Graham Gano","NYG","K","71309","robust",NA,NA,NA,NA,NA,NA,NA,NA,NA,NA,NA,NA,NA,NA,NA,NA,NA,NA,NA,NA,NA,NA,NA,NA,NA,NA,NA,NA,NA,NA,NA,NA,NA,NA,NA,NA,NA,NA,0.0206986586859468,0.0046438516060211,0.435444849406714,0.104690356821145,0.613105204588255,0.140020160503338,0.440989852896633,0.106205309924539,0.275793942247332,0.0718404858757062,1.685,0.14826,NA,NA,NA,NA
"382","Eddy Pineiro","CAR","K","2560842","robust",NA,NA,NA,NA,NA,NA,NA,NA,NA,NA,NA,NA,NA,NA,NA,NA,NA,NA,NA,NA,NA,NA,NA,NA,NA,NA,NA,NA,NA,NA,NA,NA,NA,NA,NA,NA,NA,NA,0.00879045163584637,0.00365509406116643,0.396865459842433,0.0889236703140387,0.586629889269692,0.14826,0.507997123786597,0.228318267863005,0.196140976140976,0.0264860083160083,1.5,0.0741300000000001,NA,NA,NA,NA
"383","Chris Boswell","PIT","K","2550545","robust",NA,NA,NA,NA,NA,NA,NA,NA,NA,NA,NA,NA,NA,NA,NA,NA,NA,NA,NA,NA,NA,NA,NA,NA,NA,NA,NA,NA,NA,NA,NA,NA,NA,NA,NA,NA,NA,NA,0,0,0.3475,0.107048422201139,0.34489795111593,0.103782,0.3525,0.106684035104364,0.289431794223066,0.135725262492094,1.5,0.29652,NA,NA,NA,NA
