"","player","team","position","id","avg_type","pass_att","pass_att_sd","pass_comp","pass_comp_sd","pass_yds","pass_yds_sd","pass_tds","pass_tds_sd","pass_int","pass_int_sd","rush_att","rush_att_sd","rush_yds","rush_yds_sd","rush_tds","rush_tds_sd","fumbles_lost","fumbles_lost_sd","two_pts","two_pts_sd","return_tds","return_tds_sd","rec","rec_sd","rec_yds","rec_yds_sd","rec_tds","rec_tds_sd","dst_int","dst_int_sd","dst_sacks","dst_sacks_sd","dst_safety","dst_safety_sd","dst_td","dst_td_sd","dst_blk","dst_blk_sd","fg_0019","fg_0019_sd","fg_2029","fg_2029_sd","fg_3039","fg_3039_sd","fg_4049","fg_4049_sd","fg_50","fg_50_sd","xp","xp_sd","injury_status","injury_details","week","season_year"
"1","Patrick Mahomes","KC","QB","2558125","robust",38.85,0.296520000000004,26.025,0.444780000000001,297.47,9.19211999999998,2.25,0.44478,0.74,0.103782,4.075,0.148259999999999,20,1.4826,0.1,0,0.145,0.066717,0.1,0,0,NA,NA,NA,NA,NA,NA,NA,NA,NA,NA,NA,NA,NA,NA,NA,NA,NA,NA,NA,NA,NA,NA,NA,NA,NA,NA,NA,NA,NA,NA,NA,NA,NA
"2","Tom Brady","TB","QB","2504211","robust",41.025,2.07564,26.5197860193481,0.889559999999997,298.275,11.41602,2.0075,0,0.7,0,1.385,0.14826,2.6,1.4826,0.075,0,0.135,0.051891,0,NA,0,NA,NA,NA,NA,NA,NA,NA,NA,NA,NA,NA,NA,NA,NA,NA,NA,NA,NA,NA,NA,NA,NA,NA,NA,NA,NA,NA,NA,NA,NA,NA,NA,NA
"3","Justin Herbert","LAC","QB","2565045","robust",38.675,0.7413,26,0.296519999999999,286.1,25.05594,2.1,0.207564,0.8,0,4,0.29652,17.525,0.593039999999998,0.1475,0.014826,0.09125,0.0259455,0.22,0,0,NA,NA,NA,NA,NA,NA,NA,NA,NA,NA,NA,NA,NA,NA,NA,NA,NA,NA,NA,NA,NA,NA,NA,NA,NA,NA,NA,NA,NA,NA,NA,NA,NA
"4","Aaron Rodgers","GB","QB","2506363","robust",34.29,1.43812200000001,23.175,1.03782,263.2775,14.52948,1.975,0.14826,0.415,0.252042,2.2,0.148259999999999,7.4,0.59304,0.09,0.029652,0.06,0.029652,0,NA,0,NA,NA,NA,NA,NA,NA,NA,NA,NA,NA,NA,NA,NA,NA,NA,NA,NA,NA,NA,NA,NA,NA,NA,NA,NA,NA,NA,NA,NA,NA,NA,NA,NA
"5","Dak Prescott","DAL","QB","2555260","robust",37.275,2.37216,24.925,1.4826,277.45,3.26171999999998,1.965,0.14826,0.7,0,3.4375,0.14826,13.5175,3.55824,0.1,0,0.2975,0.00741300000000001,0.3,0,0,NA,NA,NA,NA,NA,NA,NA,NA,NA,NA,NA,NA,NA,NA,NA,NA,NA,NA,NA,NA,NA,NA,NA,NA,NA,NA,NA,NA,NA,NA,NA,NA,NA
"6","Derek Carr","LVR","QB","2543499","robust",36.6,0.833133264420188,24.4,0.460749295094389,281.8,6.98304599999997,1.855,0.14826,0.8725,0.14826,2.2,0.29652,8.05,0.296519999999999,0.1,0,0.2375,0.0555975,0.06,0,0,NA,NA,NA,NA,NA,NA,NA,NA,NA,NA,NA,NA,NA,NA,NA,NA,NA,NA,NA,NA,NA,NA,NA,NA,NA,NA,NA,NA,NA,NA,NA,NA,NA
"7","Jalen Hurts","PHI","QB","2564832","robust",32.45,0.393098653193903,20.225,0.753549865324105,249.255,12.513144,1.755,0.281694,0.7,0.014826,8.80334169722551,0.128442398773819,44.225,1.008168,0.6,0,0.11875,0.0259455,0.19,0,0,NA,NA,NA,NA,NA,NA,NA,NA,NA,NA,NA,NA,NA,NA,NA,NA,NA,NA,NA,NA,NA,NA,NA,NA,NA,NA,NA,NA,NA,NA,NA,NA,NA
"8","Matthew Stafford","LAR","QB","79860","robust",35.1773577449909,1.17041037089431,22.8625,1.18608,266.075,18.82902,1.935,0.103782,0.825,0.22239,1.75041666666667,0.252042,5.4,0.59304,0.1,0,0.11875,0.0259455,0.13,0,0,NA,NA,NA,NA,NA,NA,NA,NA,NA,NA,NA,NA,NA,NA,NA,NA,NA,NA,NA,NA,NA,NA,NA,NA,NA,NA,NA,NA,NA,NA,NA,NA,NA
"9","Joe Burrow","CIN","QB","2563722","robust",33.35,0.7413,22.7266298965215,0.637518,270.205,6.81996000000003,1.9,0.177912,0.8,0.29652,2.65,0.59304,10.965,5.278056,0.12,0.059304,0.10625,0.0185325,0.07,0,0,NA,NA,NA,NA,NA,NA,NA,NA,NA,NA,NA,NA,NA,NA,NA,NA,NA,NA,NA,NA,NA,NA,NA,NA,NA,NA,NA,NA,NA,NA,NA,NA,NA
"10","Jared Goff","DET","QB","2555334","robust",37.0132515819824,3.11346,24.9,1.63086,246.44,37.065,1.6825,0.22239,0.7325,0.118608,1.325,0.29652,3.94,1.823598,0.03,0,0.215,0.022239,0.19,0,0,NA,NA,NA,NA,NA,NA,NA,NA,NA,NA,NA,NA,NA,NA,NA,NA,NA,NA,NA,NA,NA,NA,NA,NA,NA,NA,NA,NA,NA,NA,NA,NA,NA
"11","Josh Allen","BUF","QB","2560955","robust",36.7834514257306,0.593039999999998,23.5,1.26021,264.2,21.34944,2,0.266868,0.885,0.14826,7.12328370071957,0.7413,37.325,3.647196,0.3,0,0.165,0.00741300000000001,0.09,0,0,NA,NA,NA,NA,NA,NA,NA,NA,NA,NA,NA,NA,NA,NA,NA,NA,NA,NA,NA,NA,NA,NA,NA,NA,NA,NA,NA,NA,NA,NA,NA,NA,NA
"12","Kyler Murray","ARI","QB","2562382","robust",35.7625,0.696962144148339,23.895,0.747917817410827,270.495,3.76580399999995,1.755,0.29652,0.8225,0.14826,6.6,0.978516,36.085,0.281693999999997,0.3,0.118608,0.10625,0.0185325,0.03,0,0,NA,NA,NA,NA,NA,NA,NA,NA,NA,NA,NA,NA,NA,NA,NA,NA,NA,NA,NA,NA,NA,NA,NA,NA,NA,NA,NA,NA,NA,NA,NA,NA,NA
"13","Russell Wilson","DEN","QB","2532975","robust",32.51,1.18608,22.3475,0.444780000000001,256.5725,16.60512,1.76,0.252042,0.4,0.118608,3.81981765212103,0.29652,16.15,2.2239,0.1,0,0.0925,0.022239,0.06,0,0,NA,NA,NA,NA,NA,NA,NA,NA,NA,NA,NA,NA,NA,NA,NA,NA,NA,NA,NA,NA,NA,NA,NA,NA,NA,NA,NA,NA,NA,NA,NA,NA,NA
"14","Jameis Winston","NO","QB","2552033","robust",32.833457588575,4.773972,21.0687504093976,2.861418,238.765,12.261102,1.785,0.29652,0.7925,0.163086,3.325,0.44478,15.15,4.89258,0.1,0.014826,0.11,0.029652,0.13,0,0,NA,NA,NA,NA,NA,NA,NA,NA,NA,NA,NA,NA,NA,NA,NA,NA,NA,NA,NA,NA,NA,NA,NA,NA,NA,NA,NA,NA,NA,NA,NA,NA,NA
"15","Kirk Cousins","MIN","QB","2532820","robust",35.2075,1.03782,22.8,0.296519999999999,255.0575,14.38122,1.88,0.14826,0.8,0.0296519999999999,2,0.29652,6.3675,2.29803,0.0325,0,0.18125,0.0555975,0.16,0,0,NA,NA,NA,NA,NA,NA,NA,NA,NA,NA,NA,NA,NA,NA,NA,NA,NA,NA,NA,NA,NA,NA,NA,NA,NA,NA,NA,NA,NA,NA,NA,NA,NA
"16","Joe Flacco","NYJ","QB","382","robust",34.87,0.385475999999997,21.75,0.919211999999996,255.3625,9.19211999999998,1.545,0.548562,0.845,0.14826,1.47787156084656,0.14826,4.47,0.59304,0.0275,0,0.1925,0.022239,0.03,0,0,NA,NA,NA,NA,NA,NA,NA,NA,NA,NA,NA,NA,NA,NA,NA,NA,NA,NA,NA,NA,NA,NA,NA,NA,NA,NA,NA,NA,NA,NA,NA,NA,NA
"17","Matt Ryan","IND","QB","310","robust",33.1,0.978516000000005,21.9,0.355823999999998,251.435,8.569428,1.7525,0.29652,0.64,0.177912,2.0625,0.308875,7,0.726474,0.085,0,0.20125,0.0037065,0.07,0,0,NA,NA,NA,NA,NA,NA,NA,NA,NA,NA,NA,NA,NA,NA,NA,NA,NA,NA,NA,NA,NA,NA,NA,NA,NA,NA,NA,NA,NA,NA,NA,NA,NA
"18","Geno Smith","SEA","QB","2539335","robust",30.9,1.03782,19,1.63086,220.5,7.78365,1.1,0.14826,0.87,0.103782,2.25,0.29652,9.775,1.378818,0.1,0,0.10875,0.0259455,0,NA,0,NA,NA,NA,NA,NA,NA,NA,NA,NA,NA,NA,NA,NA,NA,NA,NA,NA,NA,NA,NA,NA,NA,NA,NA,NA,NA,NA,NA,NA,NA,NA,NA,NA
"19","Davis Mills","HOU","QB","2566136","robust",33.6236803362779,1.05264599999999,22.157454395185,0.170363772602507,239.21,3.098634,1.5825,0.192738,0.8825,0.14826,1.8,0.44478,6.4025,1.77912,0.0425,0,0.095,0.014826,0.13,0,0,NA,NA,NA,NA,NA,NA,NA,NA,NA,NA,NA,NA,NA,NA,NA,NA,NA,NA,NA,NA,NA,NA,NA,NA,NA,NA,NA,NA,NA,NA,NA,NA,NA
"20","Trevor Lawrence","JAC","QB","2566163","robust",35.5,3.35427086808846,22.1,1.91496955068814,240.62,7.35369600000001,1.2,0.326172,0.9225,0.14826,3.95,0.192738,17.56,1.4826,0.1,0,0.1625,0.0555975,0.1,0,0,NA,NA,NA,NA,NA,NA,NA,NA,NA,NA,NA,NA,NA,NA,NA,NA,NA,NA,NA,NA,NA,NA,NA,NA,NA,NA,NA,NA,NA,NA,NA,NA,NA
"21","Jacoby Brissett","CLE","QB","2555261","robust",31.705,0.174566332526373,19.985,0.548638551648916,221.2325,7.56125999999999,1.1475,0.0889560000000001,0.75,0.103782,2.85,0.174640970124673,9.86,1.92738,0.1,0.103782,0.19375,0.0185325,0.06,0,0,NA,NA,NA,NA,NA,NA,NA,NA,NA,NA,NA,NA,NA,NA,NA,NA,NA,NA,NA,NA,NA,NA,NA,NA,NA,NA,NA,NA,NA,NA,NA,NA,NA
"22","Mac Jones","NE","QB","2566334","robust",32.4075,1.171254,21.0025,0.133434,232.1025,19.985448,1.2,0.177912,0.8625,0.281694,2.3375,0.37065,9,1.77912,0.0475,0,0.1875,0.037065,0.1,0,0,NA,NA,NA,NA,NA,NA,NA,NA,NA,NA,NA,NA,NA,NA,NA,NA,NA,NA,NA,NA,NA,NA,NA,NA,NA,NA,NA,NA,NA,NA,NA,NA,NA
"23","Lamar Jackson","BAL","QB","2560757","robust",32.3501272726463,1.33434,21.2,0.0741300000000011,242.1475,6.81995999999999,1.7125,0.37065,0.7225,0.044478,10.425,0.680079171906208,59.3,5.722836,0.4125,0.14826,0.18875,0.0333585,0.09,0,0,NA,NA,NA,NA,NA,NA,NA,NA,NA,NA,NA,NA,NA,NA,NA,NA,NA,NA,NA,NA,NA,NA,NA,NA,NA,NA,NA,NA,NA,NA,NA,NA,NA
"24","Ryan Tannehill","TEN","QB","2532956","robust",31.668437690354,0.761686878875212,21.0282283908444,0.760445649063785,222.325,30.3933,1.675,0.177912,0.5975,0.0741299999999999,3.52626225222063,0.59304,15.3425,0.7413,0.19,0.029652,0.18125,0.0555975,0.13,0,0,NA,NA,NA,NA,NA,NA,NA,NA,NA,NA,NA,NA,NA,NA,NA,NA,NA,NA,NA,NA,NA,NA,NA,NA,NA,NA,NA,NA,NA,NA,NA,NA,NA
"25","Baker Mayfield","CAR","QB","2560800","robust",34,0.590304334169825,20.555,0.296519999999999,225.665,10.22994,1.185,0.14826,1,0.133434,2.9325,0.192738,10.1475,1.77912,0.1,0.014826,0.18,0.059304,0.09,0,0,NA,NA,NA,NA,NA,NA,NA,NA,NA,NA,NA,NA,NA,NA,NA,NA,NA,NA,NA,NA,NA,NA,NA,NA,NA,NA,NA,NA,NA,NA,NA,NA,NA
"26","Trey Lance","SF","QB","2566532","robust",28.7,1.33434,18.27,1.052646,225.1,16.189992,1.55,0.14826,0.8625,0.22239,7.5,1.4826,39.9875,13.26927,0.2775,0.044478,0.1125,0.037065,0.08,0,0,NA,NA,NA,NA,NA,NA,NA,NA,NA,NA,NA,NA,NA,NA,NA,NA,NA,NA,NA,NA,NA,NA,NA,NA,NA,NA,NA,NA,NA,NA,NA,NA,NA
"27","Mitchell Trubisky","PIT","QB","2558008","robust",35.35,0.296520000000004,23.065,0.859907999999997,237.07,7.76882400000001,1.2125,0.29652,0.9,0.103782,4.2225,2.52042,18.405,11.56428,0.1,0,0.10875,0.0259455,0.22,0,0,NA,NA,NA,NA,NA,NA,NA,NA,NA,NA,NA,NA,NA,NA,NA,NA,NA,NA,NA,NA,NA,NA,NA,NA,NA,NA,NA,NA,NA,NA,NA,NA,NA
"28","Tua Tagovailoa","MIA","QB","2564499","robust",35.2,1.082298,22.585615054219,0.974868482459454,243.415,6.03418199999999,1.5125,0.14826,0.8575,0.14826,3.35,0.44478,12.43,2.846592,0.145,0.059304,0.10125,0.0037065,0.09,0,0,NA,NA,NA,NA,NA,NA,NA,NA,NA,NA,NA,NA,NA,NA,NA,NA,NA,NA,NA,NA,NA,NA,NA,NA,NA,NA,NA,NA,NA,NA,NA,NA,NA
"29","Carson Wentz","WAS","QB","2555259","robust",32.675,0.444779999999996,21.15,0.7413,225.03,7.48712999999997,1.575,0.14826,0.75,0.0741300000000001,3.5,0.785778,14.2,4.74432,0.1,0,0.17,0.044478,0.22,0,0,NA,NA,NA,NA,NA,NA,NA,NA,NA,NA,NA,NA,NA,NA,NA,NA,NA,NA,NA,NA,NA,NA,NA,NA,NA,NA,NA,NA,NA,NA,NA,NA,NA
"30","Marcus Mariota","ATL","QB","2552466","robust",32.3725,0.889560000000002,19.6475,0.593040000000003,214.8925,20.193012,1.025,0.0741300000000001,0.86,0.14826,4.1,1.897728,22.405,15.71556,0.1,0,0.1025,0.0037065,0.03,0,0,NA,NA,NA,NA,NA,NA,NA,NA,NA,NA,NA,NA,NA,NA,NA,NA,NA,NA,NA,NA,NA,NA,NA,NA,NA,NA,NA,NA,NA,NA,NA,NA,NA
"31","Daniel Jones","NYG","QB","2562299","robust",33.5925,0.69919667930584,20.75,0.177912000000001,228.6475,7.39817399999997,1.05,0.118608,1.0025,0.133434,4.85,0.44478,24.64,2.609376,0.1,0,0.29625,0.0111195,0.16,0,0,NA,NA,NA,NA,NA,NA,NA,NA,NA,NA,NA,NA,NA,NA,NA,NA,NA,NA,NA,NA,NA,NA,NA,NA,NA,NA,NA,NA,NA,NA,NA,NA,NA
"32","Justin Fields","CHI","QB","2565920","robust",31.2104156803169,2.81694,19.4570693254968,1.63086,211.22,27.65049,1,0,0.79,0.192738,6.5675,1.18608,33.755,5.48562,0.15,0.118608,0.2875,0.0370649999999999,0.06,0,0,NA,NA,NA,NA,NA,NA,NA,NA,NA,NA,NA,NA,NA,NA,NA,NA,NA,NA,NA,NA,NA,NA,NA,NA,NA,NA,NA,NA,NA,NA,NA,NA,NA
"33","Mike White","NYJ","QB","2560929","robust",5.5,0,3.45,0,38.025,0,0.225,0,0.25,0,0.225,0,0.125,0,0,0,0,0,0,NA,0,NA,NA,NA,NA,NA,NA,NA,NA,NA,NA,NA,NA,NA,NA,NA,NA,NA,NA,NA,NA,NA,NA,NA,NA,NA,NA,NA,NA,NA,NA,NA,NA,NA
"34","Jimmy Garoppolo","SF","QB","2543801","robust",1.93168693693694,0,1.29073683298683,0.14826,23.62,12.216624,0.1,0,0.1,0,0.1,0,0.15,0.118608,0.00025,0,0,0,0.02,0,0,NA,NA,NA,NA,NA,NA,NA,NA,NA,NA,NA,NA,NA,NA,NA,NA,NA,NA,NA,NA,NA,NA,NA,NA,NA,NA,NA,NA,NA,NA,NA,NA,NA
"35","Taylor Heinicke","WAS","QB","2553656","robust",1.91858552170868,0.611409929656863,1.29185755135387,0.38731200375817,14.4575,5.048253,0.1,0.029652,0.0675,0.066717,0.3,0.217582781818182,0.975,0.800604,0,0,0.025,0.02471,0.03,0,0,NA,NA,NA,NA,NA,NA,NA,NA,NA,NA,NA,NA,NA,NA,NA,NA,NA,NA,NA,NA,NA,NA,NA,NA,NA,NA,NA,NA,NA,NA,NA,NA,NA
"36","Teddy Bridgewater","MIA","QB","2543465","robust",1.9,0.0205458535124283,1.20262370144908,0.00259326651227421,12.715,0.088956000000002,0.1,0.037065,0.1,0,0.1,0.0704235,0.525,0.429954,0,0,0,0,0.03,0,0,NA,NA,NA,NA,NA,NA,NA,NA,NA,NA,NA,NA,NA,NA,NA,NA,NA,NA,NA,NA,NA,NA,NA,NA,NA,NA,NA,NA,NA,NA,NA,NA,NA
"37","Tyler Huntley","BAL","QB","2563560","robust",2.03920056438127,0,1.28357478051839,0,18.835,8.30256,0.1,0,0,0,0.374107142857143,0,2.255,0.756126,0,0,0.02625,0.014826,0.03,0,0,NA,NA,NA,NA,NA,NA,NA,NA,NA,NA,NA,NA,NA,NA,NA,NA,NA,NA,NA,NA,NA,NA,NA,NA,NA,NA,NA,NA,NA,NA,NA,NA,NA
"38","Andy Dalton","NO","QB","2495143","robust",2.275,0,1.475,0,17.375,4.00302,0.15,0,0.025,0,0.65,0,3.2,0.7413,0.05,0,0,0,0,NA,0,NA,NA,NA,NA,NA,NA,NA,NA,NA,NA,NA,NA,NA,NA,NA,NA,NA,NA,NA,NA,NA,NA,NA,NA,NA,NA,NA,NA,NA,NA,NA,NA,NA
"39","Desmond Ridder","ATL","QB","2567256","robust",1.17081218274112,0,0.70248730964467,0,23.065,0,0.105,0,0.1125,0,0.122,0,1.83,0,0.0075,0,0.005,0.007413,0.04,0,0,NA,NA,NA,NA,NA,NA,NA,NA,NA,NA,NA,NA,NA,NA,NA,NA,NA,NA,NA,NA,NA,NA,NA,NA,NA,NA,NA,NA,NA,NA,NA,NA,NA
"40","Derrick Henry","TEN","RB","2556075","robust",NA,NA,NA,NA,NA,NA,NA,NA,NA,NA,22.95,2.37216,103.4,16.45686,0.85,0.14826,0.105,0.014826,0.06,0,0,NA,1.7,0.29652,12.67,0.652343999999999,0.05,0.014826,NA,NA,NA,NA,NA,NA,NA,NA,NA,NA,NA,NA,NA,NA,NA,NA,NA,NA,NA,NA,NA,NA,NA,NA,NA,NA
"41","Jonathan Taylor","IND","RB","2564148","robust",NA,NA,NA,NA,NA,NA,NA,NA,NA,NA,20.35,2.2239,108,4.4478,1,0,0.142,0.0622692,0,NA,0,NA,2.6,0.14826,21.525,0.7413,0.1,0,NA,NA,NA,NA,NA,NA,NA,NA,NA,NA,NA,NA,NA,NA,NA,NA,NA,NA,NA,NA,NA,NA,NA,NA,NA,NA
"42","Christian McCaffrey","CAR","RB","2557997","robust",NA,NA,NA,NA,NA,NA,NA,NA,NA,NA,17.075,2.37216,74.125,17.094378,0.54,0.103782,0.1125,0.037065,0.03,0,0,NA,4.915,0.548561999999999,42.5,3.973368,0.2,0,NA,NA,NA,NA,NA,NA,NA,NA,NA,NA,NA,NA,NA,NA,NA,NA,NA,NA,NA,NA,NA,NA,NA,NA,NA,NA
"43","Nick Chubb","CLE","RB","2561021","robust",NA,NA,NA,NA,NA,NA,NA,NA,NA,NA,16.63,0.652344000000002,79.06,6.256572,0.6,0.133434,0.0925,0.014826,0,NA,0,NA,1.5225,0.14826,12.355,1.097124,0.0825,0,NA,NA,NA,NA,NA,NA,NA,NA,NA,NA,NA,NA,NA,NA,NA,NA,NA,NA,NA,NA,NA,NA,NA,NA,NA,NA
"44","Dalvin Cook","MIN","RB","2557991","robust",NA,NA,NA,NA,NA,NA,NA,NA,NA,NA,18.0425,1.230558,82.1375,6.37518,0.65,0.14826,0.146,0.0681996,0.13,0,0,NA,2.85,0.355824,21.05,0.904385999999999,0.05,0.07413,NA,NA,NA,NA,NA,NA,NA,NA,NA,NA,NA,NA,NA,NA,NA,NA,NA,NA,NA,NA,NA,NA,NA,NA,NA,NA
"45","D'Andre Swift","DET","RB","2563965","robust",NA,NA,NA,NA,NA,NA,NA,NA,NA,NA,13.925,2.07564,58.775,16.53099,0.525,0.14826,0.107,0.0207564,0.01,0,0,NA,4.07,0.59304,29.1,1.33434,0.1,0.029652,NA,NA,NA,NA,NA,NA,NA,NA,NA,NA,NA,NA,NA,NA,NA,NA,NA,NA,NA,NA,NA,NA,NA,NA,NA,NA
"46","Rashaad Penny","SEA","RB","2560835","robust",NA,NA,NA,NA,NA,NA,NA,NA,NA,NA,15.6873820922962,1.03782,77,2.07564000000001,0.64,0.118608,0.097,0.0059304,0.01,0,0,NA,1.4275,0.311346,10.5925,2.66868,0,0,NA,NA,NA,NA,NA,NA,NA,NA,NA,NA,NA,NA,NA,NA,NA,NA,NA,NA,NA,NA,NA,NA,NA,NA,NA,NA
"47","Saquon Barkley","NYG","RB","2560968","robust",NA,NA,NA,NA,NA,NA,NA,NA,NA,NA,15.1162041736655,2.54293076849433,62.6625,10.52646,0.4,0.252042,0.103,0.00889560000000001,0,NA,0,NA,3.6425,0.103782,26.9,3.513762,0.105,0.014826,NA,NA,NA,NA,NA,NA,NA,NA,NA,NA,NA,NA,NA,NA,NA,NA,NA,NA,NA,NA,NA,NA,NA,NA,NA,NA
"48","Javonte Williams","DEN","RB","2566049","robust",NA,NA,NA,NA,NA,NA,NA,NA,NA,NA,14.475,2.07564,63.4,6.434484,0.4675,0.103782,0.107,0.0207564,0.01,0,0,NA,2.9825,0.14826,23.975,2.876244,0.1525,0.059304,NA,NA,NA,NA,NA,NA,NA,NA,NA,NA,NA,NA,NA,NA,NA,NA,NA,NA,NA,NA,NA,NA,NA,NA,NA,NA
"49","Joe Mixon","CIN","RB","2557976","robust",NA,NA,NA,NA,NA,NA,NA,NA,NA,NA,18.5,0.7413,81,7.72434599999999,0.665,0.103782,0.106,0.0177912,0,NA,0,NA,2.85,0.29652,20.775,1.63086,0.115,0.044478,NA,NA,NA,NA,NA,NA,NA,NA,NA,NA,NA,NA,NA,NA,NA,NA,NA,NA,NA,NA,NA,NA,NA,NA,NA,NA
"50","Elijah Mitchell","SF","RB","2566538","robust",NA,NA,NA,NA,NA,NA,NA,NA,NA,NA,16.575,2.07564,72.025,6.47896200000001,0.455,0.0296519999999999,0.1,0,0.01,0,0,NA,1.6925,0.14826,12.65,0.593039999999998,0.0775,0,NA,NA,NA,NA,NA,NA,NA,NA,NA,NA,NA,NA,NA,NA,NA,NA,NA,NA,NA,NA,NA,NA,NA,NA,NA,NA
"51","Dameon Pierce","HOU","RB","2567685","robust",NA,NA,NA,NA,NA,NA,NA,NA,NA,NA,13.6847693111012,1.363992,57.5,8.59908,0.445,0.133434,0.106,0.0177912,0.01,0,0,NA,2.4075,0.845082,18.985,4.848102,0.085,0,NA,NA,NA,NA,NA,NA,NA,NA,NA,NA,NA,NA,NA,NA,NA,NA,NA,NA,NA,NA,NA,NA,NA,NA,NA,NA
"52","Damien Harris","NE","RB","2562281","robust",NA,NA,NA,NA,NA,NA,NA,NA,NA,NA,13.6477821950835,1.17292752972316,61.1125,1.18608000000001,0.6225,0.14826,0.099,0,0,NA,0,NA,1.3,0.44478,9.9,4.047498,0,0,NA,NA,NA,NA,NA,NA,NA,NA,NA,NA,NA,NA,NA,NA,NA,NA,NA,NA,NA,NA,NA,NA,NA,NA,NA,NA
"53","Antonio Gibson","WAS","RB","2565276","robust",NA,NA,NA,NA,NA,NA,NA,NA,NA,NA,15.9283424836304,1.77412373507824,65.465,5.81179200000001,0.5075,0,0.11,0,0,NA,0,NA,2.2125,0.148259999999999,16.95,3.40998,0.1,0,NA,NA,NA,NA,NA,NA,NA,NA,NA,NA,NA,NA,NA,NA,NA,NA,NA,NA,NA,NA,NA,NA,NA,NA,NA,NA
"54","Najee Harris","PIT","RB","2566448","robust",NA,NA,NA,NA,NA,NA,NA,NA,NA,NA,16.175,0.540711082699533,64.6,2.37215999999999,0.45,0.14826,0.1,0,0,NA,0,NA,3.855,0.415128,24.675,1.4826,0.1,0,NA,NA,NA,NA,NA,NA,NA,NA,NA,NA,NA,NA,NA,NA,NA,NA,NA,NA,NA,NA,NA,NA,NA,NA,NA,NA
"55","Alvin Kamara","NO","RB","2558019","robust",NA,NA,NA,NA,NA,NA,NA,NA,NA,NA,15.1898816715686,0.711297132535148,65.415,5.75248800000001,0.55,0.118608,0.1,0,0,NA,0,NA,4.225,0.29652,37.415,3.40998,0.2,0.014826,NA,NA,NA,NA,NA,NA,NA,NA,NA,NA,NA,NA,NA,NA,NA,NA,NA,NA,NA,NA,NA,NA,NA,NA,NA,NA
"56","Josh Jacobs","LVR","RB","2562377","robust",NA,NA,NA,NA,NA,NA,NA,NA,NA,NA,13.8675,0.340998000000001,61.075,2.535246,0.4925,0.059304,0.101,0,0,NA,0,NA,2.615,0.340998,17.515,1.230558,0.04,0,NA,NA,NA,NA,NA,NA,NA,NA,NA,NA,NA,NA,NA,NA,NA,NA,NA,NA,NA,NA,NA,NA,NA,NA,NA,NA
"57","Austin Ekeler","LAC","RB","2559169","robust",NA,NA,NA,NA,NA,NA,NA,NA,NA,NA,13.45,1.77912,57.55,6.52344,0.66,0.14826,0.15,0.07413,0.03,0,0,NA,4.55,0.148259999999999,38.4,0.889560000000002,0.3,0.07413,NA,NA,NA,NA,NA,NA,NA,NA,NA,NA,NA,NA,NA,NA,NA,NA,NA,NA,NA,NA,NA,NA,NA,NA,NA,NA
"58","David Montgomery","CHI","RB","2562502","robust",NA,NA,NA,NA,NA,NA,NA,NA,NA,NA,15.65,0.355824,57.6,2.93554800000001,0.45,0.088956,0.103,0.00889560000000001,0.03,0,0,NA,3.05,0.29652,22.8325,1.92738,0.05,0.103782,NA,NA,NA,NA,NA,NA,NA,NA,NA,NA,NA,NA,NA,NA,NA,NA,NA,NA,NA,NA,NA,NA,NA,NA,NA,NA
"59","Leonard Fournette","TB","RB","2557973","robust",NA,NA,NA,NA,NA,NA,NA,NA,NA,NA,14.7,2.64087083498792,61.6225,8.45081999999999,0.6275,0.14826,0.1,0,0,NA,0,NA,4.05,0.29652,28.05,3.92889,0.1,0,NA,NA,NA,NA,NA,NA,NA,NA,NA,NA,NA,NA,NA,NA,NA,NA,NA,NA,NA,NA,NA,NA,NA,NA,NA,NA
"60","James Conner","ARI","RB","2557978","robust",NA,NA,NA,NA,NA,NA,NA,NA,NA,NA,13.65,1.868076,57.5675,8.8956,0.7,0.207564,0.0895,0.0207564,0,NA,0,NA,3,0.281694,25.5975,3.143112,0.11,0.029652,NA,NA,NA,NA,NA,NA,NA,NA,NA,NA,NA,NA,NA,NA,NA,NA,NA,NA,NA,NA,NA,NA,NA,NA,NA,NA
"61","Cam Akers","LAR","RB","2564319","robust",NA,NA,NA,NA,NA,NA,NA,NA,NA,NA,13.5773103172772,0.7413,58.155,6.01935599999999,0.43,0.118608,0.208,0.0237216,0.01,0,0,NA,2.0675,0.177912,17.55,2.683506,0.085,0.029652,NA,NA,NA,NA,NA,NA,NA,NA,NA,NA,NA,NA,NA,NA,NA,NA,NA,NA,NA,NA,NA,NA,NA,NA,NA,NA
"62","Aaron Jones","GB","RB","2558116","robust",NA,NA,NA,NA,NA,NA,NA,NA,NA,NA,12.1764920788207,1.03782,59.125,6.508614,0.45,0.118608,0.103,0.00889560000000001,0,NA,0,NA,4.225,0.148260000000001,35.3,4.4478,0.205,0.014826,NA,NA,NA,NA,NA,NA,NA,NA,NA,NA,NA,NA,NA,NA,NA,NA,NA,NA,NA,NA,NA,NA,NA,NA,NA,NA
"63","Breece Hall","NYJ","RB","2568030","robust",NA,NA,NA,NA,NA,NA,NA,NA,NA,NA,10.2,1.349166,41.8,6.52344,0.3,0.118608,0.103,0.00889560000000001,0,NA,0,NA,2,0.207564,17.65,4.685016,0.05,0.044478,NA,NA,NA,NA,NA,NA,NA,NA,NA,NA,NA,NA,NA,NA,NA,NA,NA,NA,NA,NA,NA,NA,NA,NA,NA,NA
"64","Miles Sanders","PHI","RB","2562722","robust",NA,NA,NA,NA,NA,NA,NA,NA,NA,NA,12.8776323705479,1.11273501029707,63.7,1.4826,0.44,0.103782,0.101,0,0.09,0,0,NA,1.875,0.29652,12.5075,2.07564,0.05,0.07413,NA,NA,NA,NA,NA,NA,NA,NA,NA,NA,NA,NA,NA,NA,NA,NA,NA,NA,NA,NA,NA,NA,NA,NA,NA,NA
"65","Travis Etienne","JAC","RB","2566157","robust",NA,NA,NA,NA,NA,NA,NA,NA,NA,NA,12.8427892787317,2.268378,55.3675,8.74734,0.455,0.133434,0.136,0.0533736,0.01,0,0,NA,2.92,0.29652,24.3625,5.1891,0.1,0,NA,NA,NA,NA,NA,NA,NA,NA,NA,NA,NA,NA,NA,NA,NA,NA,NA,NA,NA,NA,NA,NA,NA,NA,NA,NA
"66","Chase Edmonds","MIA","RB","2560711","robust",NA,NA,NA,NA,NA,NA,NA,NA,NA,NA,11.7,1.63086,49.05,4.29954,0.35,0.14826,0.1,0,0.01,0,0,NA,2.9,0.14826,21.985,4.29954,0.1,0,NA,NA,NA,NA,NA,NA,NA,NA,NA,NA,NA,NA,NA,NA,NA,NA,NA,NA,NA,NA,NA,NA,NA,NA,NA,NA
"67","J.K. Dobbins","BAL","RB","2563548","robust",NA,NA,NA,NA,NA,NA,NA,NA,NA,NA,8.8,4.07715,42.7,22.09074,0.35,0.126021,0.0875,0.0185325,0,NA,0,NA,1.5,0.14826,11.1,1.03782,0.05,0.07413,NA,NA,NA,NA,NA,NA,NA,NA,NA,NA,NA,NA,NA,NA,NA,NA,NA,NA,NA,NA,NA,NA,"Q","Knee - ACL",1,2022
"68","Ezekiel Elliott","DAL","RB","2555224","robust",NA,NA,NA,NA,NA,NA,NA,NA,NA,NA,13.8709096211853,0.646949582522985,59.15,9.162468,0.5,0.044478,0.12,0.0415128,0.09,0,0,NA,2.5525,0.578214,16.585,5.48562,0.1,0,NA,NA,NA,NA,NA,NA,NA,NA,NA,NA,NA,NA,NA,NA,NA,NA,NA,NA,NA,NA,NA,NA,NA,NA,NA,NA
"69","Rhamondre Stevenson","NE","RB","2566343","robust",NA,NA,NA,NA,NA,NA,NA,NA,NA,NA,10.9953275417168,0.785778000000002,46.9775,4.59606,0.3,0.044478,0.062,0.0563388,0,NA,0,NA,1.95,0.59304,15.9,7.413,0.0475,0.044478,NA,NA,NA,NA,NA,NA,NA,NA,NA,NA,NA,NA,NA,NA,NA,NA,NA,NA,NA,NA,NA,NA,NA,NA,NA,NA
"70","Michael Carter","NYJ","RB","2566382","robust",NA,NA,NA,NA,NA,NA,NA,NA,NA,NA,11.45,2.120118,45.97,6.00453,0.295,0.07413,0.1,0,0.01,0,0,NA,2.295,0.378063,19.05,1.70499,0.03,0,NA,NA,NA,NA,NA,NA,NA,NA,NA,NA,NA,NA,NA,NA,NA,NA,NA,NA,NA,NA,NA,NA,NA,NA,NA,NA
"71","Cordarrelle Patterson","ATL","RB","2540145","robust",NA,NA,NA,NA,NA,NA,NA,NA,NA,NA,10.7081609666747,1.215732,44.5175,8.74734000000001,0.315,0.044478,0.0875,0.037065,0,NA,0,NA,2.98,0.0593040000000001,26.05,3.691674,0.1,0,NA,NA,NA,NA,NA,NA,NA,NA,NA,NA,NA,NA,NA,NA,NA,NA,NA,NA,NA,NA,NA,NA,NA,NA,NA,NA
"72","Melvin Gordon","DEN","RB","2552469","robust",NA,NA,NA,NA,NA,NA,NA,NA,NA,NA,10.2557330377341,0.59304,41.575,1.63085999999999,0.3425,0.044478,0.115,0.0385476,0,NA,0,NA,1.6975,0.118608,13,2.9652,0.1,0,NA,NA,NA,NA,NA,NA,NA,NA,NA,NA,NA,NA,NA,NA,NA,NA,NA,NA,NA,NA,NA,NA,NA,NA,NA,NA
"73","Jamaal Williams","DET","RB","2558204","robust",NA,NA,NA,NA,NA,NA,NA,NA,NA,NA,7.93354003249853,1.92738,31.8375,4.74431999999999,0.2,0.014826,0.1,0,0.03,0,0,NA,1.3,0.237216,9.2075,1.63086,0,0,NA,NA,NA,NA,NA,NA,NA,NA,NA,NA,NA,NA,NA,NA,NA,NA,NA,NA,NA,NA,NA,NA,NA,NA,NA,NA
"74","Mike Davis","BAL","RB","2553439","robust",NA,NA,NA,NA,NA,NA,NA,NA,NA,NA,9.15,2.47980950907312,36.885,11.26776,0.2,0,0.085,0.0385476,0,NA,0,NA,1.975,0.29652,12.625,3.7065,0.0925,0,NA,NA,NA,NA,NA,NA,NA,NA,NA,NA,NA,NA,NA,NA,NA,NA,NA,NA,NA,NA,NA,NA,NA,NA,NA,NA
"75","Clyde Edwards-Helaire","KC","RB","2564271","robust",NA,NA,NA,NA,NA,NA,NA,NA,NA,NA,11.2,0.948863999999998,50.6,4.329192,0.37,0.088956,0.098,0,0,NA,0,NA,2.4,0.207564,18.2,0.504084,0.1,0.029652,NA,NA,NA,NA,NA,NA,NA,NA,NA,NA,NA,NA,NA,NA,NA,NA,NA,NA,NA,NA,NA,NA,NA,NA,NA,NA
"76","AJ Dillon","GB","RB","2563986","robust",NA,NA,NA,NA,NA,NA,NA,NA,NA,NA,11.35,0.458077638623113,49.8375,0.963689999999998,0.345,0.133434,0.075,0.044478,0,NA,0,NA,2.0275,0.429954,17.56,3.172764,0.1,0,NA,NA,NA,NA,NA,NA,NA,NA,NA,NA,NA,NA,NA,NA,NA,NA,NA,NA,NA,NA,NA,NA,NA,NA,NA,NA
"77","Alexander Mattison","MIN","RB","2562682","robust",NA,NA,NA,NA,NA,NA,NA,NA,NA,NA,5.85103170108995,1.71369759985613,24.315,7.946736,0.145,0.059304,0.044,0.0652344,0,NA,0,NA,1.315,0.29652,9.825,3.676848,0.05,0.059304,NA,NA,NA,NA,NA,NA,NA,NA,NA,NA,NA,NA,NA,NA,NA,NA,NA,NA,NA,NA,NA,NA,NA,NA,NA,NA
"78","Mark Ingram","NO","RB","2495466","robust",NA,NA,NA,NA,NA,NA,NA,NA,NA,NA,8.05,0.96369,30.83,1.793946,0.15,0.088956,0.092,0,0.03,0,0,NA,1.505,0.415128,10.5275,1.349166,0,0,NA,NA,NA,NA,NA,NA,NA,NA,NA,NA,NA,NA,NA,NA,NA,NA,NA,NA,NA,NA,NA,NA,NA,NA,NA,NA
"79","Devin Singletary","BUF","RB","2562734","robust",NA,NA,NA,NA,NA,NA,NA,NA,NA,NA,11.275,0.759792032479763,46.775,1.4826,0.3,0.059304,0.07,0.0474432,0,NA,0,NA,2.18,0.29652,14.8,1.77912,0.0925,0.014826,NA,NA,NA,NA,NA,NA,NA,NA,NA,NA,NA,NA,NA,NA,NA,NA,NA,NA,NA,NA,NA,NA,NA,NA,NA,NA
"80","Tony Pollard","DAL","RB","2562699","robust",NA,NA,NA,NA,NA,NA,NA,NA,NA,NA,9.45,1.097124,41.4675,2.950374,0.2,0,0.0875,0.037065,0,NA,0.01,0,3.11,0.563388,25.98,0.429954000000004,0.065,0.059304,NA,NA,NA,NA,NA,NA,NA,NA,NA,NA,NA,NA,NA,NA,NA,NA,NA,NA,NA,NA,NA,NA,NA,NA,NA,NA
"81","Kareem Hunt","CLE","RB","2557917","robust",NA,NA,NA,NA,NA,NA,NA,NA,NA,NA,8.6742234027994,1.63086,37.685,12.172146,0.225,0.029652,0.0125,0.037065,0.03,0,0,NA,2.5375,0.0741300000000004,19.025,2.2239,0.1,0.029652,NA,NA,NA,NA,NA,NA,NA,NA,NA,NA,NA,NA,NA,NA,NA,NA,NA,NA,NA,NA,NA,NA,NA,NA,NA,NA
"82","James Robinson","JAC","RB","2564223","robust",NA,NA,NA,NA,NA,NA,NA,NA,NA,NA,8.7,1.156428,35.4375,9.755508,0.2025,0.07413,0.102,0.0059304,0,NA,0,NA,1.735,0.696822,12.44,1.85325,0.0525,0.029652,NA,NA,NA,NA,NA,NA,NA,NA,NA,NA,NA,NA,NA,NA,NA,NA,NA,NA,NA,NA,NA,NA,NA,NA,NA,NA
"83","Darrell Henderson","LAR","RB","2562574","robust",NA,NA,NA,NA,NA,NA,NA,NA,NA,NA,8.25,0.889559999999999,34.725,4.00302,0.1875,0.14826,0.0125,0.037065,0,NA,0,NA,1.4,0.14826,10.435,1.601208,0.0775,0,NA,NA,NA,NA,NA,NA,NA,NA,NA,NA,NA,NA,NA,NA,NA,NA,NA,NA,NA,NA,NA,NA,NA,NA,NA,NA
"84","Raheem Mostert","MIA","RB","2553728","robust",NA,NA,NA,NA,NA,NA,NA,NA,NA,NA,8.3525,1.77912,37.655,7.70952,0.2,0.059304,0.09,0,0,NA,0,NA,1.0525,0.14826,8.58,1.77912,0,0,NA,NA,NA,NA,NA,NA,NA,NA,NA,NA,NA,NA,NA,NA,NA,NA,NA,NA,NA,NA,NA,NA,NA,NA,NA,NA
"85","DOnta Foreman","CAR","RB","2557994","robust",NA,NA,NA,NA,NA,NA,NA,NA,NA,NA,5.95710465601113,1.393644,25.3325,10.719198,0.1,0.029652,0.085,0.0385476,0,NA,0,NA,0.425,0.14826,4.5,1.63086,0,0,NA,NA,NA,NA,NA,NA,NA,NA,NA,NA,NA,NA,NA,NA,NA,NA,NA,NA,NA,NA,NA,NA,NA,NA,NA,NA
"86","Kenneth Gainwell","PHI","RB","2566397","robust",NA,NA,NA,NA,NA,NA,NA,NA,NA,NA,5.51,0.177911999999999,23.365,0.7413,0.2,0.044478,0.046,0.0681996,0.04,0,0,NA,1.625,0.311346,13.7075,3.55824,0.075,0,NA,NA,NA,NA,NA,NA,NA,NA,NA,NA,NA,NA,NA,NA,NA,NA,NA,NA,NA,NA,NA,NA,NA,NA,NA,NA
"87","Rex Burkhead","HOU","RB","2539265","robust",NA,NA,NA,NA,NA,NA,NA,NA,NA,NA,6.55,2.683506,24.5,5.367012,0.13,0.088956,0.0875,0.037065,0,NA,0,NA,2.0375,0.0741299999999997,16.1825,0.296519999999999,0.065,0.029652,NA,NA,NA,NA,NA,NA,NA,NA,NA,NA,NA,NA,NA,NA,NA,NA,NA,NA,NA,NA,NA,NA,NA,NA,NA,NA
"88","Damien Williams","ATL","RB","2550512","robust",NA,NA,NA,NA,NA,NA,NA,NA,NA,NA,5.1675,2.66868,18.5,8.732514,0.1,0,0.042,0.0622692,0,NA,0,NA,1.0975,0.59304,6.925,1.067472,0.05,0.07413,NA,NA,NA,NA,NA,NA,NA,NA,NA,NA,NA,NA,NA,NA,NA,NA,NA,NA,NA,NA,NA,NA,NA,NA,NA,NA
"89","Darrel Williams","ARI","RB","2560935","robust",NA,NA,NA,NA,NA,NA,NA,NA,NA,NA,4,0.896845940243727,16.2,4.062324,0.13,0.07413,0.0125,0.0185325,0,NA,0,NA,1.25,0.22239,11.315,2.37216,0.08,0,NA,NA,NA,NA,NA,NA,NA,NA,NA,NA,NA,NA,NA,NA,NA,NA,NA,NA,NA,NA,NA,NA,NA,NA,NA,NA
"90","Rachaad White","TB","RB","2568315","robust",NA,NA,NA,NA,NA,NA,NA,NA,NA,NA,4.675,0.59304,19.2425,2.66868,0.14,0.059304,0.044,0.0652344,0,NA,0,NA,1.1,0.14826,8.4,0.934038000000001,0.05,0.059304,NA,NA,NA,NA,NA,NA,NA,NA,NA,NA,NA,NA,NA,NA,NA,NA,NA,NA,NA,NA,NA,NA,NA,NA,NA,NA
"91","Kenyan Drake","BAL","RB","2555230","robust",NA,NA,NA,NA,NA,NA,NA,NA,NA,NA,4.43319656664344,1.43277445941113,19.945,6.434484,0.1125,0.07413,0.011,0.014826,0.03,0,0,NA,1.435,0.252042,11.2925,3.083808,0.0275,0,NA,NA,NA,NA,NA,NA,NA,NA,NA,NA,NA,NA,NA,NA,NA,NA,NA,NA,NA,NA,NA,NA,NA,NA,NA,NA
"92","Khalil Herbert","CHI","RB","2565926","robust",NA,NA,NA,NA,NA,NA,NA,NA,NA,NA,6,1.4826,21.5,5.9304,0.1,0.059304,0.0125,0.037065,0,NA,0,NA,0.9575,0.192738,6.705,2.105292,0,0,NA,NA,NA,NA,NA,NA,NA,NA,NA,NA,NA,NA,NA,NA,NA,NA,NA,NA,NA,NA,NA,NA,NA,NA,NA,NA
"93","Nyheim Hines","IND","RB","2560742","robust",NA,NA,NA,NA,NA,NA,NA,NA,NA,NA,4.475,1.18608,18.5725,3.914064,0.1075,0.07413,0.1125,0.037065,0,NA,0.03,0,2.9325,0.163086,23.205,2.52042,0.1,0,NA,NA,NA,NA,NA,NA,NA,NA,NA,NA,NA,NA,NA,NA,NA,NA,NA,NA,NA,NA,NA,NA,NA,NA,NA,NA
"94","James Cook","BUF","RB","2567328","robust",NA,NA,NA,NA,NA,NA,NA,NA,NA,NA,5.01,0.326172,21.485,2.846592,0.09,0.088956,0.011,0.014826,0,NA,0,NA,1.1075,0.14826,8.645,2.846592,0.05,0.044478,NA,NA,NA,NA,NA,NA,NA,NA,NA,NA,NA,NA,NA,NA,NA,NA,NA,NA,NA,NA,NA,NA,NA,NA,NA,NA
"95","Tyler Allgeier","ATL","RB","2567232","robust",NA,NA,NA,NA,NA,NA,NA,NA,NA,NA,4.89030663529063,2.238726,19.5,4.4478,0.095,0.014826,0.012,0.029652,0,NA,0,NA,0.6,0.252042,4.66,1.289862,0,0,NA,NA,NA,NA,NA,NA,NA,NA,NA,NA,NA,NA,NA,NA,NA,NA,NA,NA,NA,NA,NA,NA,NA,NA,NA,NA
"96","Isiah Pacheco","KC","RB","2567808","robust",NA,NA,NA,NA,NA,NA,NA,NA,NA,NA,4.31,0.889559999999999,17.8,4.74432,0.1,0.029652,0.012,0.029652,0,NA,0,NA,0.6675,0.192738,4.835,3.587892,0.05,0.07413,NA,NA,NA,NA,NA,NA,NA,NA,NA,NA,NA,NA,NA,NA,NA,NA,NA,NA,NA,NA,NA,NA,NA,NA,NA,NA
"97","Dontrell Hilliard","TEN","RB","2561461","robust",NA,NA,NA,NA,NA,NA,NA,NA,NA,NA,3.1033796097663,0.7413,14.8775,5.530098,0.1,0,0.015,0.0385476,0,NA,0,NA,1.7925,0.44478,13.25,2.9652,0,0,NA,NA,NA,NA,NA,NA,NA,NA,NA,NA,NA,NA,NA,NA,NA,NA,NA,NA,NA,NA,NA,NA,NA,NA,NA,NA
"98","Sony Michel","LAC","RB","2560809","robust",NA,NA,NA,NA,NA,NA,NA,NA,NA,NA,3.925,0.806847344159976,14.925,4.329192,0.1,0,0.011,0.014826,0,NA,0,NA,0.55,0.0889559999999999,3.6175,0.7413,0,0,NA,NA,NA,NA,NA,NA,NA,NA,NA,NA,NA,NA,NA,NA,NA,NA,NA,NA,NA,NA,NA,NA,NA,NA,NA,NA
"99","Hassan Haskins","TEN","RB","2567649","robust",NA,NA,NA,NA,NA,NA,NA,NA,NA,NA,3.1,0.936936398687664,12.7,3.676848,0.1,0,0.005,0,0,NA,0,NA,0.55,0.177912,4.87,1.77912,0,0,NA,NA,NA,NA,NA,NA,NA,NA,NA,NA,NA,NA,NA,NA,NA,NA,NA,NA,NA,NA,NA,NA,NA,NA,NA,NA
"100","Travis Homer","SEA","RB","2562665","robust",NA,NA,NA,NA,NA,NA,NA,NA,NA,NA,2.895,0.44478,12.595,3.054156,0.04,0,0.011,0.014826,0,NA,0,NA,0.95,0.133434,9.2675,1.4826,0,0,NA,NA,NA,NA,NA,NA,NA,NA,NA,NA,NA,NA,NA,NA,NA,NA,NA,NA,NA,NA,NA,NA,NA,NA,NA,NA
"101","Samaje Perine","CIN","RB","2558138","robust",NA,NA,NA,NA,NA,NA,NA,NA,NA,NA,3.415,0.800604,14.2025,3.246894,0.07,0.059304,0.011,0.014826,0,NA,0,NA,1,0.177912,6.8875,3.78063,0.05,0.059304,NA,NA,NA,NA,NA,NA,NA,NA,NA,NA,NA,NA,NA,NA,NA,NA,NA,NA,NA,NA,NA,NA,NA,NA,NA,NA
"102","Kenneth Walker III","SEA","RB","2568282","robust",NA,NA,NA,NA,NA,NA,NA,NA,NA,NA,4.075,0.81543,15.5,4.07715,0.1,0.07413,0.025,0.02471,0,NA,0,NA,0.4,0.29652,3.5,2.59455,0,0,NA,NA,NA,NA,NA,NA,NA,NA,NA,NA,NA,NA,NA,NA,NA,NA,NA,NA,NA,NA,NA,NA,"Q","Abdomen",1,2022
"103","Zamir White","LVR","RB","2567883","robust",NA,NA,NA,NA,NA,NA,NA,NA,NA,NA,4.85,0.29652,19.55,4.15128,0.1275,0.088956,0.011,0.014826,0,NA,0,NA,0.75,0.7413,6.0325,4.788798,0.0075,0,NA,NA,NA,NA,NA,NA,NA,NA,NA,NA,NA,NA,NA,NA,NA,NA,NA,NA,NA,NA,NA,NA,NA,NA,NA,NA
"104","Jeffery Wilson","SF","RB","2560938","robust",NA,NA,NA,NA,NA,NA,NA,NA,NA,NA,4.4,2.2239,16.445,9.04386,0.1,0,0.01,0,0,NA,0,NA,0.75,0.14826,5.75,2.07564,0.005,0,NA,NA,NA,NA,NA,NA,NA,NA,NA,NA,NA,NA,NA,NA,NA,NA,NA,NA,NA,NA,NA,NA,NA,NA,NA,NA
"105","Myles Gaskin","MIA","RB","2562270","robust",NA,NA,NA,NA,NA,NA,NA,NA,NA,NA,4.05335424518535,1.34428600782361,15.635,3.157938,0.1,0,0.06,0.059304,0,NA,0,NA,1.025,0.37065,6.235,2.475942,0.05,0.044478,NA,NA,NA,NA,NA,NA,NA,NA,NA,NA,NA,NA,NA,NA,NA,NA,NA,NA,NA,NA,NA,NA,NA,NA,NA,NA
"106","Eno Benjamin","ARI","RB","2564889","robust",NA,NA,NA,NA,NA,NA,NA,NA,NA,NA,4.15,0.918173583572873,17.2,3.157938,0.1,0.014826,0.00125,0.00185325,0,NA,0,NA,0.95,0.14826,7.305,1.18608,0.02,0.022239,NA,NA,NA,NA,NA,NA,NA,NA,NA,NA,NA,NA,NA,NA,NA,NA,NA,NA,NA,NA,NA,NA,NA,NA,NA,NA
"107","Jerick McKinnon","KC","RB","2543715","robust",NA,NA,NA,NA,NA,NA,NA,NA,NA,NA,3.95,0.7413,16.925,4.4478,0.1,0,0.011,0.014826,0.04,0,0,NA,1.9,0.192738,16.19,2.713158,0.1,0,NA,NA,NA,NA,NA,NA,NA,NA,NA,NA,NA,NA,NA,NA,NA,NA,NA,NA,NA,NA,NA,NA,NA,NA,NA,NA
"108","Chuba Hubbard","CAR","RB","2565899","robust",NA,NA,NA,NA,NA,NA,NA,NA,NA,NA,3.23456902615541,1.40591415271205,12.0575,6.37518,0.1,0.103782,0.012,0.029652,0,NA,0,NA,0.875,0.29652,6.195,1.363992,0.01,0,NA,NA,NA,NA,NA,NA,NA,NA,NA,NA,NA,NA,NA,NA,NA,NA,NA,NA,NA,NA,NA,NA,NA,NA,NA,NA
"109","Boston Scott","PHI","RB","2561146","robust",NA,NA,NA,NA,NA,NA,NA,NA,NA,NA,3.725,0.44478,15.85,1.601208,0.2,0,0.002,0,0,NA,0,NA,0.5,0.252042,3.9,1.793946,0,0,NA,NA,NA,NA,NA,NA,NA,NA,NA,NA,NA,NA,NA,NA,NA,NA,NA,NA,NA,NA,NA,NA,NA,NA,NA,NA
"110","D'Ernest Johnson","CLE","RB","2563327","robust",NA,NA,NA,NA,NA,NA,NA,NA,NA,NA,2.5507864043783,0.704235,15.215,4.210584,0.1,0,0,0,0,NA,0,NA,0.79,0.244629,6,2.928135,0.01,0,NA,NA,NA,NA,NA,NA,NA,NA,NA,NA,NA,NA,NA,NA,NA,NA,NA,NA,NA,NA,NA,NA,NA,NA,NA,NA
"111","Matt Breida","NYG","RB","2558918","robust",NA,NA,NA,NA,NA,NA,NA,NA,NA,NA,3.3,1.76119390434785,13.2,6.019356,0.05,0.07413,0.104,0.0118608,0,NA,0,NA,0.77,0.326172,5.0975,1.03782,0.0175,0.014826,NA,NA,NA,NA,NA,NA,NA,NA,NA,NA,NA,NA,NA,NA,NA,NA,NA,NA,NA,NA,NA,NA,NA,NA,NA,NA
"112","Joshua Kelley","LAC","RB","2565054","robust",NA,NA,NA,NA,NA,NA,NA,NA,NA,NA,3.4,1.39458332189942,11.5,3.788043,0.075,0,0.02,0.0207564,0,NA,0,NA,0.5,0.037065,3.2,0.496671,0.01,0,NA,NA,NA,NA,NA,NA,NA,NA,NA,NA,NA,NA,NA,NA,NA,NA,NA,NA,NA,NA,NA,NA,NA,NA,NA,NA
"113","J.D. McKissic","WAS","RB","2556440","robust",NA,NA,NA,NA,NA,NA,NA,NA,NA,NA,4.325,0.44478,17.785,3.7065,0.1175,0.029652,0.0875,0.037065,0,NA,0,NA,3.0675,0.14826,25.2925,2.52042,0.1,0,NA,NA,NA,NA,NA,NA,NA,NA,NA,NA,NA,NA,NA,NA,NA,NA,NA,NA,NA,NA,NA,NA,NA,NA,NA,NA
"114","Craig Reynolds","DET","RB","2562834","robust",NA,NA,NA,NA,NA,NA,NA,NA,NA,NA,2.66324465941136,1.74426306408655,10.5275,4.507104,0.0075,0,0.011,0.014826,0,NA,0,NA,0.8,0.22239,6.0575,1.18608,0,0,NA,NA,NA,NA,NA,NA,NA,NA,NA,NA,NA,NA,NA,NA,NA,NA,NA,NA,NA,NA,NA,NA,NA,NA,NA,NA
"115","Ronald Jones","KC","RB","2560770","robust",NA,NA,NA,NA,NA,NA,NA,NA,NA,NA,3.3,0.29652,14.5,1.4826,0.1,0,0.0125,0,0,NA,0,NA,0.5,0.14826,3.41,1.215732,0,0,NA,NA,NA,NA,NA,NA,NA,NA,NA,NA,NA,NA,NA,NA,NA,NA,NA,NA,NA,NA,NA,NA,NA,NA,NA,NA
"116","Benny Snell","PIT","RB","2562743","robust",NA,NA,NA,NA,NA,NA,NA,NA,NA,NA,3.2,0.59304,10,0.793191,0.05,0.066717,0.012,0.014826,0,NA,0,NA,0.35,0.0741300000000001,2.695,0.37065,0.005,0,NA,NA,NA,NA,NA,NA,NA,NA,NA,NA,NA,NA,NA,NA,NA,NA,NA,NA,NA,NA,NA,NA,NA,NA,NA,NA
"117","Ty Johnson","NYJ","RB","2562293","robust",NA,NA,NA,NA,NA,NA,NA,NA,NA,NA,1.43382786885246,0.163086,9.665,6.137964,0.045,0.014826,0.0025,0,0,NA,0.01,0,1.085,0.785778,10.41,8.421168,0.085,0,NA,NA,NA,NA,NA,NA,NA,NA,NA,NA,NA,NA,NA,NA,NA,NA,NA,NA,NA,NA,NA,NA,NA,NA,NA,NA
"118","Jaylen Warren","PIT","RB","2568493","robust",NA,NA,NA,NA,NA,NA,NA,NA,NA,NA,3.2,0.638723613596838,11.5,3.469284,0.04,0,0.011,0.007413,0,NA,0,NA,0.3,0.303933,2.2,1.393644,0,0,NA,NA,NA,NA,NA,NA,NA,NA,NA,NA,NA,NA,NA,NA,NA,NA,NA,NA,NA,NA,NA,NA,NA,NA,NA,NA
"119","Brandon Bolden","LVR","RB","2532797","robust",NA,NA,NA,NA,NA,NA,NA,NA,NA,NA,1.5,0.932214721348303,7.4,3.083808,0.01,0.007413,0.011,0.007413,0.04,0,0,NA,1.35,0.59304,11.8,4.551582,0.055,0.022239,NA,NA,NA,NA,NA,NA,NA,NA,NA,NA,NA,NA,NA,NA,NA,NA,NA,NA,NA,NA,NA,NA,NA,NA,NA,NA
"120","Zack Moss","BUF","RB","2563617","robust",NA,NA,NA,NA,NA,NA,NA,NA,NA,NA,3.38250900982295,0.7413,12.2,1.33434,0.1,0.014826,0.0125,0.037065,0,NA,0,NA,0.465,0.118608,3.5,1.18608,0,0,NA,NA,NA,NA,NA,NA,NA,NA,NA,NA,NA,NA,NA,NA,NA,NA,NA,NA,NA,NA,NA,NA,NA,NA,NA,NA
"121","Isaiah Spiller","LAC","RB","2568189","robust",NA,NA,NA,NA,NA,NA,NA,NA,NA,NA,2.8,0.647477023651416,10.5,4.010433,0.05,0.029652,0.00125,0.00185325,0,NA,0,NA,0.695,0.274281,4.55,3.11346,0.03,0.014826,NA,NA,NA,NA,NA,NA,NA,NA,NA,NA,NA,NA,NA,NA,NA,NA,NA,NA,NA,NA,NA,NA,NA,NA,NA,NA
"122","Ameer Abdullah","LVR","RB","2552374","robust",NA,NA,NA,NA,NA,NA,NA,NA,NA,NA,3.33207763284191,1.03782,12.215,4.00302,0.0375,0,0.0125,0.037065,0,NA,0,NA,2.25,0.400302,16.5,3.7065,0.1,0,NA,NA,NA,NA,NA,NA,NA,NA,NA,NA,NA,NA,NA,NA,NA,NA,NA,NA,NA,NA,NA,NA,NA,NA,NA,NA
"123","Jonathan Williams","WAS","RB","2555227","robust",NA,NA,NA,NA,NA,NA,NA,NA,NA,NA,2.1,1.07564887600207,8.9,3.765804,0.09,0,0.0075,0,0,NA,0,NA,0.45,0.266868,3.575,1.18608,0.005,0,NA,NA,NA,NA,NA,NA,NA,NA,NA,NA,NA,NA,NA,NA,NA,NA,NA,NA,NA,NA,NA,NA,NA,NA,NA,NA
"124","Ke'Shawn Vaughn","TB","RB","2565258","robust",NA,NA,NA,NA,NA,NA,NA,NA,NA,NA,2.25,0.196578463261444,10.335,0.889559999999999,0.09,0,0.012,0.014826,0,NA,0,NA,0.285,0.111195,2.27,0.170499,0.005,0,NA,NA,NA,NA,NA,NA,NA,NA,NA,NA,NA,NA,NA,NA,NA,NA,NA,NA,NA,NA,NA,NA,NA,NA,NA,NA
"125","DeeJay Dallas","SEA","RB","2565144","robust",NA,NA,NA,NA,NA,NA,NA,NA,NA,NA,2.83460139086766,0.29652,10.7,0.637518,0.1,0,0.011,0.007413,0,NA,0.01,0,1.1,0.37065,7.7,1.067472,0.005,0,NA,NA,NA,NA,NA,NA,NA,NA,NA,NA,NA,NA,NA,NA,NA,NA,NA,NA,NA,NA,NA,NA,NA,NA,NA,NA
"126","Tony Jones","NO","RB","2564679","robust",NA,NA,NA,NA,NA,NA,NA,NA,NA,NA,2.42141629435909,0.88956,7.75,2.2239,0.015,0,0.001,0,0,NA,0,NA,0.4,0,2.485,0.37065,0.005,0,NA,NA,NA,NA,NA,NA,NA,NA,NA,NA,NA,NA,NA,NA,NA,NA,NA,NA,NA,NA,NA,NA,NA,NA,NA,NA
"127","Giovani Bernard","TB","RB","2540156","robust",NA,NA,NA,NA,NA,NA,NA,NA,NA,NA,1.51,0.163086,7.1,0.555975,0.09,0,0.002,0,0,NA,0,NA,0.905,0.140847,6.12,1.4826,0.075,0.037065,NA,NA,NA,NA,NA,NA,NA,NA,NA,NA,NA,NA,NA,NA,NA,NA,NA,NA,NA,NA,NA,NA,NA,NA,NA,NA
"128","Antonio Williams","NYG","RB","2565393","robust",NA,NA,NA,NA,NA,NA,NA,NA,NA,NA,1.35,0.44478,8.5,2.59455,0.1,0,0,0,0,NA,0,NA,0.4,0.140847,3.4,1.03782,0,0,NA,NA,NA,NA,NA,NA,NA,NA,NA,NA,NA,NA,NA,NA,NA,NA,NA,NA,NA,NA,NA,NA,NA,NA,NA,NA
"129","Dare Ogunbowale","HOU","RB","2559362","robust",NA,NA,NA,NA,NA,NA,NA,NA,NA,NA,1.82341863567073,1.4826,8.2,1.18608,0.055,0.014826,0.00125,0,0,NA,0,NA,0.845,0.44478,7.46,5.248404,0.01,0,NA,NA,NA,NA,NA,NA,NA,NA,NA,NA,NA,NA,NA,NA,NA,NA,NA,NA,NA,NA,NA,NA,NA,NA,NA,NA
"130","Justin Jackson","FA","RB","2560756","robust",NA,NA,NA,NA,NA,NA,NA,NA,NA,NA,1,0,4.2875,0.0741300000000004,0.0225,0.022239,0.005,0.004942,0,NA,0,NA,0.5075,0.00741300000000001,3.63,0.029652,0.015,0.014826,NA,NA,NA,NA,NA,NA,NA,NA,NA,NA,NA,NA,NA,NA,NA,NA,NA,NA,NA,NA,NA,NA,NA,NA,NA,NA
"131","Cooper Kupp","LAR","WR","2557898","robust",NA,NA,NA,NA,NA,NA,NA,NA,NA,NA,0.275,NA,1.615,0.254513,0.00374780115010451,0,0.1,0,0,NA,0.01,0,7.5,0.59304,96.0625,5.48562,0.83,0.14826,NA,NA,NA,NA,NA,NA,NA,NA,NA,NA,NA,NA,NA,NA,NA,NA,NA,NA,NA,NA,NA,NA,NA,NA,NA,NA
"132","Ja'Marr Chase","CIN","WR","2565941","robust",NA,NA,NA,NA,NA,NA,NA,NA,NA,NA,0.572701449653911,NA,3.20833333333333,0.86485,0.00452395722557013,0,0.05,0.07413,0,NA,0,NA,5.74,0.355824,85.95,1.74946799999999,0.675,0.044478,NA,NA,NA,NA,NA,NA,NA,NA,NA,NA,NA,NA,NA,NA,NA,NA,NA,NA,NA,NA,NA,NA,NA,NA,NA,NA
"133","Davante Adams","LVR","WR","2543495","robust",NA,NA,NA,NA,NA,NA,NA,NA,NA,NA,0,0,0.01875,0,0,0,0.0875,0.037065,0,NA,0,NA,7.075,0.148260000000001,87.955,7.56125999999999,0.7,0.14826,NA,NA,NA,NA,NA,NA,NA,NA,NA,NA,NA,NA,NA,NA,NA,NA,NA,NA,NA,NA,NA,NA,NA,NA,NA,NA
"134","A.J. Brown","PHI","WR","2562238","robust",NA,NA,NA,NA,NA,NA,NA,NA,NA,NA,0.0875,0.037065,0.395416666666667,0.29652,0,0,0,0,0,NA,0,NA,5.32,0.44478,81.55,1.63086000000001,0.695,0.207564,NA,NA,NA,NA,NA,NA,NA,NA,NA,NA,NA,NA,NA,NA,NA,NA,NA,NA,NA,NA,NA,NA,NA,NA,NA,NA
"135","Justin Jefferson","MIN","WR","2564556","robust",NA,NA,NA,NA,NA,NA,NA,NA,NA,NA,0.1125,0.037065,0.912083333333333,0.14826,0,0,0.0875,0.037065,0,NA,0,NA,6.17,0.29652,90.165,2.81694000000001,0.6,0.103782,NA,NA,NA,NA,NA,NA,NA,NA,NA,NA,NA,NA,NA,NA,NA,NA,NA,NA,NA,NA,NA,NA,NA,NA,NA,NA
"136","Keenan Allen","LAC","WR","2540154","robust",NA,NA,NA,NA,NA,NA,NA,NA,NA,NA,0,0,0,0,0,0,0.0875,0.037065,0,NA,0,NA,6.475,0.44478,67.1,5.51527199999999,0.575,0.103782,NA,NA,NA,NA,NA,NA,NA,NA,NA,NA,NA,NA,NA,NA,NA,NA,NA,NA,NA,NA,NA,NA,NA,NA,NA,NA
"137","Courtland Sutton","DEN","WR","2560888","robust",NA,NA,NA,NA,NA,NA,NA,NA,NA,NA,0,0,0,0,0,0,0,0,0,NA,0,NA,4.825,0.29652,66.82,9.94824600000001,0.625,0.29652,NA,NA,NA,NA,NA,NA,NA,NA,NA,NA,NA,NA,NA,NA,NA,NA,NA,NA,NA,NA,NA,NA,NA,NA,NA,NA
"138","Terry McLaurin","WAS","WR","2562489","robust",NA,NA,NA,NA,NA,NA,NA,NA,NA,NA,0.0875,0.037065,0.484166666666667,0.202622,0,0,0.0125,0.037065,0,NA,0,NA,5.105,0.148259999999999,67.9,4.121628,0.5525,0.163086,NA,NA,NA,NA,NA,NA,NA,NA,NA,NA,NA,NA,NA,NA,NA,NA,NA,NA,NA,NA,NA,NA,NA,NA,NA,NA
"139","Mike Evans","TB","WR","2543468","robust",NA,NA,NA,NA,NA,NA,NA,NA,NA,NA,0,0,0.11,0.059304,0,0,0,0,0,NA,0,NA,5.25,0.148260000000001,71.235,2.16459599999999,0.76,0.14826,NA,NA,NA,NA,NA,NA,NA,NA,NA,NA,NA,NA,NA,NA,NA,NA,NA,NA,NA,NA,NA,NA,NA,NA,NA,NA
"140","Stefon Diggs","BUF","WR","2552608","robust",NA,NA,NA,NA,NA,NA,NA,NA,NA,NA,0.0125,0.037065,0.1075,0.056833,0,0,0.0875,0.037065,0,NA,0,NA,6.5225,0.44478,74.975,0.919212000000007,0.6,0.237216,NA,NA,NA,NA,NA,NA,NA,NA,NA,NA,NA,NA,NA,NA,NA,NA,NA,NA,NA,NA,NA,NA,NA,NA,NA,NA
"141","CeeDee Lamb","DAL","WR","2563848","robust",NA,NA,NA,NA,NA,NA,NA,NA,NA,NA,0.375,0.0741300000000001,2.34166666666667,0.2471,0,0,0.0875,0.037065,0.06,0,0,NA,5.925,0.29652,78.425,1.74946799999999,0.6525,0.29652,NA,NA,NA,NA,NA,NA,NA,NA,NA,NA,NA,NA,NA,NA,NA,NA,NA,NA,NA,NA,NA,NA,NA,NA,NA,NA
"142","Marquise Brown","ARI","WR","2562379","robust",NA,NA,NA,NA,NA,NA,NA,NA,NA,NA,0.0693691770186335,NA,0.4,0.143318,0.002,0,0.0875,0.037065,0,NA,0,NA,5.8575,0.29652,72.75,1.40847,0.575,0.14826,NA,NA,NA,NA,NA,NA,NA,NA,NA,NA,NA,NA,NA,NA,NA,NA,NA,NA,NA,NA,NA,NA,NA,NA,NA,NA
"143","Darnell Mooney","CHI","WR","2563707","robust",NA,NA,NA,NA,NA,NA,NA,NA,NA,NA,0.1875,0.037065,1.3,0.27181,0.00708333333333333,0,0,0,0,NA,0,NA,4.8675,0.44478,64.2725,9.058686,0.35,0.103782,NA,NA,NA,NA,NA,NA,NA,NA,NA,NA,NA,NA,NA,NA,NA,NA,NA,NA,NA,NA,NA,NA,NA,NA,NA,NA
"144","Michael Pittman","IND","WR","2564136","robust",NA,NA,NA,NA,NA,NA,NA,NA,NA,NA,0.3,NA,1.98208333333333,0.249571,0.00432939580205205,0,0.0875,0.037065,0,NA,0,NA,5.55,0.148259999999999,72.575,1.33434000000001,0.5575,0.059304,NA,NA,NA,NA,NA,NA,NA,NA,NA,NA,NA,NA,NA,NA,NA,NA,NA,NA,NA,NA,NA,NA,NA,NA,NA,NA
"145","Amon-Ra St. Brown","DET","WR","2566073","robust",NA,NA,NA,NA,NA,NA,NA,NA,NA,NA,0.3,NA,2.18208333333333,0.415128,0.0078378338170339,0.014826,0.0875,0.037065,0,NA,0,NA,5.845,0.340998000000001,61.2025,3.454458,0.445,0.103782,NA,NA,NA,NA,NA,NA,NA,NA,NA,NA,NA,NA,NA,NA,NA,NA,NA,NA,NA,NA,NA,NA,NA,NA,NA,NA
"146","Mike Williams","LAC","WR","2558846","robust",NA,NA,NA,NA,NA,NA,NA,NA,NA,NA,0.2,0.29652,0.5525,0.207564,0,0,0,0,0,NA,0,NA,4.7375,0.504084000000001,65.51,5.144622,0.575,0.14826,NA,NA,NA,NA,NA,NA,NA,NA,NA,NA,NA,NA,NA,NA,NA,NA,NA,NA,NA,NA,NA,NA,NA,NA,NA,NA
"147","Rashod Bateman","BAL","WR","2565836","robust",NA,NA,NA,NA,NA,NA,NA,NA,NA,NA,0,0,0.1,0.14826,0,0,0,0,0,NA,0,NA,4.76,0.29652,60.94,1.63086,0.4,0.163086,NA,NA,NA,NA,NA,NA,NA,NA,NA,NA,NA,NA,NA,NA,NA,NA,NA,NA,NA,NA,NA,NA,NA,NA,NA,NA
"148","Allen Robinson","LAR","WR","2543509","robust",NA,NA,NA,NA,NA,NA,NA,NA,NA,NA,0,0,0.0675,0,0,0,0,0,0,NA,0,NA,4.875,0.29652,61.53,5.05566599999999,0.475,0.07413,NA,NA,NA,NA,NA,NA,NA,NA,NA,NA,NA,NA,NA,NA,NA,NA,NA,NA,NA,NA,NA,NA,NA,NA,NA,NA
"149","Robert Woods","TEN","WR","2540169","robust",NA,NA,NA,NA,NA,NA,NA,NA,NA,NA,0.645093751571536,NA,4.92333333333333,1.512252,0.0165766439140228,0.014826,0.062,0.0563388,0,NA,0,NA,4.7425,1.171254,58.625,13.506486,0.4,0.103782,NA,NA,NA,NA,NA,NA,NA,NA,NA,NA,NA,NA,NA,NA,NA,NA,NA,NA,NA,NA,NA,NA,NA,NA,NA,NA
"150","Brandin Cooks","HOU","WR","2543498","robust",NA,NA,NA,NA,NA,NA,NA,NA,NA,NA,0.117326604554865,NA,1.03666666666667,0.108724,0.000528985507246377,0,0.0875,0.037065,0,NA,0,NA,5.835,0.103782,71.58,1.77912,0.5,0.14826,NA,NA,NA,NA,NA,NA,NA,NA,NA,NA,NA,NA,NA,NA,NA,NA,NA,NA,NA,NA,NA,NA,NA,NA,NA,NA
"151","Gabriel Davis","BUF","WR","2563602","robust",NA,NA,NA,NA,NA,NA,NA,NA,NA,NA,0,0,0,0,0,0,0,0,0,NA,0,NA,4.225,0.177911999999999,64.275,10.808154,0.6725,0.163086,NA,NA,NA,NA,NA,NA,NA,NA,NA,NA,NA,NA,NA,NA,NA,NA,NA,NA,NA,NA,NA,NA,NA,NA,NA,NA
"152","DK Metcalf","SEA","WR","2562685","robust",NA,NA,NA,NA,NA,NA,NA,NA,NA,NA,0.0125,0.037065,0.112083333333333,0.14826,0,0,0,0,0,NA,0,NA,4.79,0.266868,64.2025,2.283204,0.575,0.14826,NA,NA,NA,NA,NA,NA,NA,NA,NA,NA,NA,NA,NA,NA,NA,NA,NA,NA,NA,NA,NA,NA,NA,NA,NA,NA
"153","Tyreek Hill","MIA","WR","2556214","robust",NA,NA,NA,NA,NA,NA,NA,NA,NA,NA,0.404858044935033,NA,3.275,0.479374,0.00458581769493086,0,0.0875,0.037065,0,NA,0,NA,5.56,0.0593040000000001,71.215,2.41663799999999,0.6075,0.29652,NA,NA,NA,NA,NA,NA,NA,NA,NA,NA,NA,NA,NA,NA,NA,NA,NA,NA,NA,NA,NA,NA,NA,NA,NA,NA
"154","Tee Higgins","CIN","WR","2563731","robust",NA,NA,NA,NA,NA,NA,NA,NA,NA,NA,0.0125,0.037065,0.2225,0.07413,0,0,0.0875,0.037065,0,NA,0,NA,5.0525,0.222389999999999,71.915,3.55823999999999,0.5725,0.133434,NA,NA,NA,NA,NA,NA,NA,NA,NA,NA,NA,NA,NA,NA,NA,NA,NA,NA,NA,NA,NA,NA,NA,NA,NA,NA
"155","DeVonta Smith","PHI","WR","2566409","robust",NA,NA,NA,NA,NA,NA,NA,NA,NA,NA,0,0,0.03,0,0,0,0.05,0.07413,0,NA,0,NA,4.2,0.29652,60.25,5.1891,0.3,0.118608,NA,NA,NA,NA,NA,NA,NA,NA,NA,NA,NA,NA,NA,NA,NA,NA,NA,NA,NA,NA,NA,NA,NA,NA,NA,NA
"156","Jerry Jeudy","DEN","WR","2563896","robust",NA,NA,NA,NA,NA,NA,NA,NA,NA,NA,0.0875,0.037065,0.15,0.219919,0,0,0.0125,0.037065,0,NA,0,NA,4.425,0.296519999999999,62.8875,7.11648,0.475,0.14826,NA,NA,NA,NA,NA,NA,NA,NA,NA,NA,NA,NA,NA,NA,NA,NA,NA,NA,NA,NA,NA,NA,NA,NA,NA,NA
"157","Jaylen Waddle","MIA","WR","2566292","robust",NA,NA,NA,NA,NA,NA,NA,NA,NA,NA,0.179504470938897,NA,0.815833333333333,0.427483,0.044,0.0652344,0.0875,0.037065,0,NA,0,NA,5.5,0.148259999999999,60.645,5.12979599999999,0.32,0.0593040000000001,NA,NA,NA,NA,NA,NA,NA,NA,NA,NA,NA,NA,NA,NA,NA,NA,NA,NA,NA,NA,NA,NA,NA,NA,NA,NA
"158","Christian Kirk","JAC","WR","2560781","robust",NA,NA,NA,NA,NA,NA,NA,NA,NA,NA,0.0875,0.037065,0.35,0.14826,0,0,0.0125,0.037065,0,NA,0,NA,4.79,0.148260000000001,59.1,1.55673,0.3525,0.118608,NA,NA,NA,NA,NA,NA,NA,NA,NA,NA,NA,NA,NA,NA,NA,NA,NA,NA,NA,NA,NA,NA,NA,NA,NA,NA
"159","Marquez Valdes-Scantling","KC","WR","2560907","robust",NA,NA,NA,NA,NA,NA,NA,NA,NA,NA,0.0875,0.037065,0.25875,0.14826,0,0,0.0125,0.037065,0,NA,0,NA,3.4,0.14826,52.655,4.74432,0.3525,0.103782,NA,NA,NA,NA,NA,NA,NA,NA,NA,NA,NA,NA,NA,NA,NA,NA,NA,NA,NA,NA,NA,NA,NA,NA,NA,NA
"160","Michael Thomas","NO","WR","2556370","robust",NA,NA,NA,NA,NA,NA,NA,NA,NA,NA,0.0125,0.037065,0.11625,0.14826,0,0,0,0,0,NA,0,NA,4.875,0.222390000000001,59.49,4.922232,0.35,0.0593040000000001,NA,NA,NA,NA,NA,NA,NA,NA,NA,NA,NA,NA,NA,NA,NA,NA,NA,NA,NA,NA,NA,NA,"Q","Hamstring",1,2022
"161","Tyler Lockett","SEA","WR","2552430","robust",NA,NA,NA,NA,NA,NA,NA,NA,NA,NA,0.120150709219858,NA,0.840833333333333,0.0766010000000001,0.000599881796690307,0,0,0,0,NA,0,NA,4.5875,0.222390000000001,63.525,3.85476,0.3,0.044478,NA,NA,NA,NA,NA,NA,NA,NA,NA,NA,NA,NA,NA,NA,NA,NA,NA,NA,NA,NA,NA,NA,NA,NA,NA,NA
"162","Nico Collins","HOU","WR","2566127","robust",NA,NA,NA,NA,NA,NA,NA,NA,NA,NA,0,0,0,0,0,0,0,0,0,NA,0,NA,3.855,0.429954,50,15.374562,0.26,0.103782,NA,NA,NA,NA,NA,NA,NA,NA,NA,NA,NA,NA,NA,NA,NA,NA,NA,NA,NA,NA,NA,NA,NA,NA,NA,NA
"163","D.J. Moore","CAR","WR","2560813","robust",NA,NA,NA,NA,NA,NA,NA,NA,NA,NA,0.285,NA,2.01291666666667,0.397831,0.00299721052081883,0,0.0125,0.037065,0,NA,0,NA,5.0075,0.148259999999999,66,2.9652,0.4075,0.207564,NA,NA,NA,NA,NA,NA,NA,NA,NA,NA,NA,NA,NA,NA,NA,NA,NA,NA,NA,NA,NA,NA,NA,NA,NA,NA
"164","Chris Godwin","TB","WR","2558105","robust",NA,NA,NA,NA,NA,NA,NA,NA,NA,NA,0.1,0,1.1225,0.363237,0.02875,0.014826,0.05,0.07413,0,NA,0,NA,3.81,1.63086,45.2475,22.105566,0.215,0.044478,NA,NA,NA,NA,NA,NA,NA,NA,NA,NA,NA,NA,NA,NA,NA,NA,NA,NA,NA,NA,NA,NA,"Q","Knee - ACL + MCL",1,2022
"165","Deebo Samuel","SF","WR","2562721","robust",NA,NA,NA,NA,NA,NA,NA,NA,NA,NA,3.705,NA,22.9695833333333,0.830256000000003,0.295153999028151,0.14826,0.091,0,0,NA,0,NA,4.49,0.133434,66.85,1.4826,0.4975,0.281694,NA,NA,NA,NA,NA,NA,NA,NA,NA,NA,NA,NA,NA,NA,NA,NA,NA,NA,NA,NA,NA,NA,NA,NA,NA,NA
"166","Hunter Renfrow","LVR","WR","2562712","robust",NA,NA,NA,NA,NA,NA,NA,NA,NA,NA,0.0875,0.037065,0.35,0.422541,0,0,0.1,0,0,NA,0.01,0,5.365,0.7413,56.9275,9.29590199999999,0.3675,0.044478,NA,NA,NA,NA,NA,NA,NA,NA,NA,NA,NA,NA,NA,NA,NA,NA,NA,NA,NA,NA,NA,NA,NA,NA,NA,NA
"167","Diontae Johnson","PIT","WR","2562674","robust",NA,NA,NA,NA,NA,NA,NA,NA,NA,NA,0.275,NA,1.69791666666667,0.355824,0.00417746143229368,0,0.1,0,0,NA,0.02,0,5.96,0.118608,64.95,2.07564000000001,0.455,0.133434,NA,NA,NA,NA,NA,NA,NA,NA,NA,NA,NA,NA,NA,NA,NA,NA,NA,NA,NA,NA,NA,NA,NA,NA,NA,NA
"168","Elijah Moore","NYJ","WR","2566385","robust",NA,NA,NA,NA,NA,NA,NA,NA,NA,NA,0.25,NA,2.3,0.869792,0.0346924930491196,0.032579276218721,0,0,0,NA,0,NA,4.385,0.207564000000001,60.3225,3.09863399999999,0.475,0.14826,NA,NA,NA,NA,NA,NA,NA,NA,NA,NA,NA,NA,NA,NA,NA,NA,NA,NA,NA,NA,NA,NA,NA,NA,NA,NA
"169","Brandon Aiyuk","SF","WR","2565093","robust",NA,NA,NA,NA,NA,NA,NA,NA,NA,NA,0.1875,0.037065,0.989166666666667,0.0321230000000001,0,0,0,0,0,NA,0,NA,3.905,0.14826,55.6,1.77912,0.3,0,NA,NA,NA,NA,NA,NA,NA,NA,NA,NA,NA,NA,NA,NA,NA,NA,NA,NA,NA,NA,NA,NA,NA,NA,NA,NA
"170","Russell Gage","TB","WR","2561061","robust",NA,NA,NA,NA,NA,NA,NA,NA,NA,NA,0,0,0.02875,0.066717,0,0,0.0875,0.037065,0,NA,0,NA,4.3,0.29652,51.375,1.77912,0.365,0.103782,NA,NA,NA,NA,NA,NA,NA,NA,NA,NA,NA,NA,NA,NA,NA,NA,NA,NA,NA,NA,NA,NA,"Q","Hamstring",1,2022
"171","Amari Cooper","CLE","WR","2552487","robust",NA,NA,NA,NA,NA,NA,NA,NA,NA,NA,0.0125,0.037065,0.215,0.14826,0,0,0,0,0.17,0,0,NA,4.4,0.177912,56.535,3.7065,0.35,0.118608,NA,NA,NA,NA,NA,NA,NA,NA,NA,NA,NA,NA,NA,NA,NA,NA,NA,NA,NA,NA,NA,NA,NA,NA,NA,NA
"172","A.J. Green","ARI","WR","2495450","robust",NA,NA,NA,NA,NA,NA,NA,NA,NA,NA,0,0,0,0,0,0,0,0,0,NA,0,NA,3.415,0.44478,48.11,3.914064,0.25,0.133434,NA,NA,NA,NA,NA,NA,NA,NA,NA,NA,NA,NA,NA,NA,NA,NA,NA,NA,NA,NA,NA,NA,NA,NA,NA,NA
"173","Adam Thielen","MIN","WR","2541785","robust",NA,NA,NA,NA,NA,NA,NA,NA,NA,NA,0.0125,0.037065,0.215416666666667,0.29652,0,0,0,0,0,NA,0,NA,4.6,0,54.15,6.07866,0.6725,0.252042,NA,NA,NA,NA,NA,NA,NA,NA,NA,NA,NA,NA,NA,NA,NA,NA,NA,NA,NA,NA,NA,NA,NA,NA,NA,NA
"174","D.J. Chark","DET","WR","2561018","robust",NA,NA,NA,NA,NA,NA,NA,NA,NA,NA,0,0,0.0825,0,0,0,0,0,0,NA,0,NA,3.2675,0.133434,45.33,7.798476,0.25,0.103782,NA,NA,NA,NA,NA,NA,NA,NA,NA,NA,NA,NA,NA,NA,NA,NA,NA,NA,NA,NA,NA,NA,NA,NA,NA,NA
"175","Sammy Watkins","GB","WR","2543457","robust",NA,NA,NA,NA,NA,NA,NA,NA,NA,NA,0,0,0.1275,0.14826,0,0,0.05,0.07413,0,NA,0,NA,3.2425,0.192738,43.305,6.64204800000001,0.2,0.029652,NA,NA,NA,NA,NA,NA,NA,NA,NA,NA,NA,NA,NA,NA,NA,NA,NA,NA,NA,NA,NA,NA,NA,NA,NA,NA
"176","Mecole Hardman","KC","WR","2562580","robust",NA,NA,NA,NA,NA,NA,NA,NA,NA,NA,0.565,NA,5.21333333333333,0.820372,0.0196797045453799,0.014826,0.044,0.0652344,0,NA,0.05,0,3.55,0.14826,42.3,0.593039999999998,0.2,0,NA,NA,NA,NA,NA,NA,NA,NA,NA,NA,NA,NA,NA,NA,NA,NA,NA,NA,NA,NA,NA,NA,NA,NA,NA,NA
"177","Chase Claypool","PIT","WR","2564970","robust",NA,NA,NA,NA,NA,NA,NA,NA,NA,NA,0.693418720190779,NA,3.7925,1.200906,0.0103714500228504,0,0,0,0,NA,0,NA,3.795,0.0148259999999997,51.24,3.958542,0.21,0.029652,NA,NA,NA,NA,NA,NA,NA,NA,NA,NA,NA,NA,NA,NA,NA,NA,NA,NA,NA,NA,NA,NA,NA,NA,NA,NA
"178","DeVante Parker","NE","WR","2552409","robust",NA,NA,NA,NA,NA,NA,NA,NA,NA,NA,0,0,0,0,0,0,0,0,0,NA,0,NA,3.6975,0.0741299999999997,47.785,5.33736,0.305,0.088956,NA,NA,NA,NA,NA,NA,NA,NA,NA,NA,NA,NA,NA,NA,NA,NA,NA,NA,NA,NA,NA,NA,NA,NA,NA,NA
"179","Corey Davis","NYJ","WR","2557848","robust",NA,NA,NA,NA,NA,NA,NA,NA,NA,NA,0,0,0.0766666666666667,0,0.01,0,0.05,0.07413,0,NA,0,NA,3.5,0.14826,51.42,1.63086,0.35,0.14826,NA,NA,NA,NA,NA,NA,NA,NA,NA,NA,NA,NA,NA,NA,NA,NA,NA,NA,NA,NA,NA,NA,NA,NA,NA,NA
"180","Drake London","ATL","WR","2567250","robust",NA,NA,NA,NA,NA,NA,NA,NA,NA,NA,0.0125,0.037065,0.781666666666667,0.59304,0,0,0.05,0.07413,0,NA,0,NA,3.8,0.29652,49.8,4.89258000000001,0.23,0.088956,NA,NA,NA,NA,NA,NA,NA,NA,NA,NA,NA,NA,NA,NA,NA,NA,NA,NA,NA,NA,NA,NA,"Q","Knee",1,2022
"181","Jakobi Meyers","NE","WR","2562492","robust",NA,NA,NA,NA,NA,NA,NA,NA,NA,NA,0.0875,0.037065,0.368333333333333,0.237216,0,0,0.1,0,0,NA,0,NA,4.325,0.429954,48.5,7.057176,0.195,0.014826,NA,NA,NA,NA,NA,NA,NA,NA,NA,NA,NA,NA,NA,NA,NA,NA,NA,NA,NA,NA,NA,NA,"Q","Knee",1,2022
"182","George Pickens","PIT","WR","2568159","robust",NA,NA,NA,NA,NA,NA,NA,NA,NA,NA,0.0125,0.037065,0.327083333333333,0.37065,0,0,0.05,0.07413,0,NA,0,NA,3.6575,0.696822,42.62,6.612396,0.185,0.014826,NA,NA,NA,NA,NA,NA,NA,NA,NA,NA,NA,NA,NA,NA,NA,NA,NA,NA,NA,NA,NA,NA,NA,NA,NA,NA
"183","Allen Lazard","GB","WR","2560787","robust",NA,NA,NA,NA,NA,NA,NA,NA,NA,NA,0,0,0.25,0,0,0,0,0,0,NA,0,NA,3.875,0,47.55,0,0.3,0,NA,NA,NA,NA,NA,NA,NA,NA,NA,NA,NA,NA,NA,NA,NA,NA,NA,NA,NA,NA,NA,NA,"D","Ankle",1,2022
"184","JuJu Smith-Schuster","KC","WR","2558149","robust",NA,NA,NA,NA,NA,NA,NA,NA,NA,NA,0.274350961538462,NA,1.62291666666667,0.385476,0.05,0.0732138292307692,0.0125,0.037065,0,NA,0,NA,4.65,0.44478,50,5.9304,0.5225,0.14826,NA,NA,NA,NA,NA,NA,NA,NA,NA,NA,NA,NA,NA,NA,NA,NA,NA,NA,NA,NA,NA,NA,NA,NA,NA,NA
"185","Marvin Jones","JAC","WR","2532884","robust",NA,NA,NA,NA,NA,NA,NA,NA,NA,NA,0,0,0.09125,0,0,0,0,0,0,NA,0,NA,3.7825,0.785778,48.075,7.11648,0.3,0.014826,NA,NA,NA,NA,NA,NA,NA,NA,NA,NA,NA,NA,NA,NA,NA,NA,NA,NA,NA,NA,NA,NA,NA,NA,NA,NA
"186","Jarvis Landry","NO","WR","2543488","robust",NA,NA,NA,NA,NA,NA,NA,NA,NA,NA,0.297696237585943,NA,2.05,0.192738,0.05,0.0679144840430568,0.05,0.07413,0,NA,0,NA,3.7675,0.59304,42.82,5.48562,0.25,0.133434,NA,NA,NA,NA,NA,NA,NA,NA,NA,NA,NA,NA,NA,NA,NA,NA,NA,NA,NA,NA,NA,NA,NA,NA,NA,NA
"187","Kenny Golladay","NYG","WR","2558052","robust",NA,NA,NA,NA,NA,NA,NA,NA,NA,NA,0,0,0.02625,0,0,0,0,0,0,NA,0,NA,3.195,0.281694,45.9,8.74734,0.1475,0.014826,NA,NA,NA,NA,NA,NA,NA,NA,NA,NA,NA,NA,NA,NA,NA,NA,NA,NA,NA,NA,NA,NA,NA,NA,NA,NA
"188","Kadarius Toney","NYG","WR","2566376","robust",NA,NA,NA,NA,NA,NA,NA,NA,NA,NA,0.368673311637836,NA,2.62,0.652344,0.00128662420382166,0,0.0125,0.037065,0,NA,0,NA,4.1875,0.37065,49.74,3.26172,0.1825,0.14826,NA,NA,NA,NA,NA,NA,NA,NA,NA,NA,NA,NA,NA,NA,NA,NA,NA,NA,NA,NA,NA,NA,NA,NA,NA,NA
"189","Romeo Doubs","GB","WR","2567586","robust",NA,NA,NA,NA,NA,NA,NA,NA,NA,NA,0.0875,0.037065,0.382916666666667,0.14826,0,0,0.0125,0.037065,0,NA,0,NA,2.3,0.415128,30.6,8.59908,0.1125,0.014826,NA,NA,NA,NA,NA,NA,NA,NA,NA,NA,NA,NA,NA,NA,NA,NA,NA,NA,NA,NA,NA,NA,NA,NA,NA,NA
"190","Sterling Shepard","NYG","WR","2555295","robust",NA,NA,NA,NA,NA,NA,NA,NA,NA,NA,0.15,0.07413,0.691666666666667,0.17297,0,0,0,0,0,NA,0,NA,3.9925,1.03782,43.1,9.34038,0.2,0,NA,NA,NA,NA,NA,NA,NA,NA,NA,NA,NA,NA,NA,NA,NA,NA,NA,NA,NA,NA,NA,NA,NA,NA,NA,NA
"191","Chris Olave","NO","WR","2567973","robust",NA,NA,NA,NA,NA,NA,NA,NA,NA,NA,0.0125,0.037065,0.614166666666667,0.29652,0,0,0.0125,0.037065,0,NA,0,NA,3.06,0.429954,43.635,5.604228,0.2,0.07413,NA,NA,NA,NA,NA,NA,NA,NA,NA,NA,NA,NA,NA,NA,NA,NA,NA,NA,NA,NA,NA,NA,NA,NA,NA,NA
"192","Jahan Dotson","WAS","WR","2568321","robust",NA,NA,NA,NA,NA,NA,NA,NA,NA,NA,0.0125,0.037065,0.65,0.59304,0,0,0.0125,0.037065,0,NA,0,NA,3.075,0.192738,40.255,0.355824000000003,0.205,0.118608,NA,NA,NA,NA,NA,NA,NA,NA,NA,NA,NA,NA,NA,NA,NA,NA,NA,NA,NA,NA,NA,NA,NA,NA,NA,NA
"193","Garrett Wilson","NYJ","WR","2568048","robust",NA,NA,NA,NA,NA,NA,NA,NA,NA,NA,0.0875,0.037065,0.683333333333333,0.14826,0,0,0.0125,0.037065,0,NA,0,NA,2.55,0.44478,34.95,15.71556,0.1225,0.029652,NA,NA,NA,NA,NA,NA,NA,NA,NA,NA,NA,NA,NA,NA,NA,NA,NA,NA,NA,NA,NA,NA,NA,NA,NA,NA
"194","Wan'Dale Robinson","NYG","WR","2568012","robust",NA,NA,NA,NA,NA,NA,NA,NA,NA,NA,0.2,0.14826,0.8875,0.9080925,0,0,0,0,0,NA,0,NA,2.8,0.29652,31.5,4.195758,0.09,0.088956,NA,NA,NA,NA,NA,NA,NA,NA,NA,NA,NA,NA,NA,NA,NA,NA,NA,NA,NA,NA,NA,NA,NA,NA,NA,NA
"195","Robby Anderson","CAR","WR","2556462","robust",NA,NA,NA,NA,NA,NA,NA,NA,NA,NA,0.2,NA,1.38416666666667,0.412657,0.000638560157790927,0,0,0,0,NA,0,NA,3.5125,0.66717,38,7.70952,0.25,0.133434,NA,NA,NA,NA,NA,NA,NA,NA,NA,NA,NA,NA,NA,NA,NA,NA,NA,NA,NA,NA,NA,NA,NA,NA,NA,NA
"196","Jalen Tolbert","DAL","WR","2567508","robust",NA,NA,NA,NA,NA,NA,NA,NA,NA,NA,0.0125,0.037065,0.45,0.632576,0,0,0.0125,0.037065,0,NA,0,NA,3.075,0.311346,38.925,7.50195599999999,0.21,0.088956,NA,NA,NA,NA,NA,NA,NA,NA,NA,NA,NA,NA,NA,NA,NA,NA,NA,NA,NA,NA,NA,NA,NA,NA,NA,NA
"197","Julio Jones","TB","WR","2495454","robust",NA,NA,NA,NA,NA,NA,NA,NA,NA,NA,0,0,0.0775,0.14826,0,0,0,0,0,NA,0,NA,3.025,0.14826,44.3,5.04084000000001,0.15,0.103782,NA,NA,NA,NA,NA,NA,NA,NA,NA,NA,NA,NA,NA,NA,NA,NA,NA,NA,NA,NA,NA,NA,NA,NA,NA,NA
"198","Parris Campbell","IND","WR","2562495","robust",NA,NA,NA,NA,NA,NA,NA,NA,NA,NA,0.05,0.07413,0.509583333333333,0.7413,0,0,0,0,0,NA,0,NA,2.96,0.14826,38.4,2.37216,0.2,0,NA,NA,NA,NA,NA,NA,NA,NA,NA,NA,NA,NA,NA,NA,NA,NA,NA,NA,NA,NA,NA,NA,NA,NA,NA,NA
"199","Donovan Peoples-Jones","CLE","WR","2563803","robust",NA,NA,NA,NA,NA,NA,NA,NA,NA,NA,0,0,0.045,0,0,0,0.0125,0.037065,0,NA,0,NA,2.75,0.148259999999999,41.745,2.28320400000001,0.1725,0.044478,NA,NA,NA,NA,NA,NA,NA,NA,NA,NA,NA,NA,NA,NA,NA,NA,NA,NA,NA,NA,NA,NA,NA,NA,NA,NA
"200","Christian Watson","GB","WR","2567637","robust",NA,NA,NA,NA,NA,NA,NA,NA,NA,NA,0.0875,0.037065,0.58375,0.229803,0,0,0.0125,0.037065,0,NA,0,NA,2.165,0.7413,27.86,18.97728,0.155,0.088956,NA,NA,NA,NA,NA,NA,NA,NA,NA,NA,NA,NA,NA,NA,NA,NA,NA,NA,NA,NA,NA,NA,NA,NA,NA,NA
"201","Treylon Burks","TEN","WR","2567643","robust",NA,NA,NA,NA,NA,NA,NA,NA,NA,NA,0.2,0,0.8825,1.03782,0,0,0.05,0.07413,0,NA,0,NA,2.85,0.44478,36.1,3.85476,0.2,0.103782,NA,NA,NA,NA,NA,NA,NA,NA,NA,NA,NA,NA,NA,NA,NA,NA,NA,NA,NA,NA,NA,NA,NA,NA,NA,NA
"202","Randall Cobb","GB","WR","2495448","robust",NA,NA,NA,NA,NA,NA,NA,NA,NA,NA,0.0875,0.037065,0.205416666666667,0.281694,0,0,0.0125,0.037065,0,NA,0,NA,3,0.14826,38.7,2.9652,0.29,0.0296519999999999,NA,NA,NA,NA,NA,NA,NA,NA,NA,NA,NA,NA,NA,NA,NA,NA,NA,NA,NA,NA,NA,NA,NA,NA,NA,NA
"203","Zay Jones","JAC","WR","2557863","robust",NA,NA,NA,NA,NA,NA,NA,NA,NA,NA,0.0875,0.037065,0.505,0.133434,0,0,0.05,0.07413,0,NA,0,NA,3.1,0.14826,34.95,2.81694,0.15,0.118608,NA,NA,NA,NA,NA,NA,NA,NA,NA,NA,NA,NA,NA,NA,NA,NA,NA,NA,NA,NA,NA,NA,NA,NA,NA,NA
"204","K.J. Osborn","MIN","WR","2564574","robust",NA,NA,NA,NA,NA,NA,NA,NA,NA,NA,0.0125,0.037065,0.1075,0.081543,0,0,0,0,0,NA,0.01,0,2.7,0.400302,36.095,5.78214,0.2525,0.163086,NA,NA,NA,NA,NA,NA,NA,NA,NA,NA,NA,NA,NA,NA,NA,NA,NA,NA,NA,NA,NA,NA,NA,NA,NA,NA
"205","Tyler Boyd","CIN","WR","2555466","robust",NA,NA,NA,NA,NA,NA,NA,NA,NA,NA,0.1,0,0.913333333333333,0.187796,0,0,0,0,0,NA,0,NA,3.7,0.44478,41.5,3.11346,0.28,0,NA,NA,NA,NA,NA,NA,NA,NA,NA,NA,NA,NA,NA,NA,NA,NA,NA,NA,NA,NA,NA,NA,NA,NA,NA,NA
"206","Noah Brown","DAL","WR","2558091","robust",NA,NA,NA,NA,NA,NA,NA,NA,NA,NA,0,0,0.1,0.088956,0,0,0,0,0,NA,0,NA,2.75,0.200151,33.35,0.963690000000003,0.1,0,NA,NA,NA,NA,NA,NA,NA,NA,NA,NA,NA,NA,NA,NA,NA,NA,NA,NA,NA,NA,NA,NA,NA,NA,NA,NA
"207","Curtis Samuel","WAS","WR","2558066","robust",NA,NA,NA,NA,NA,NA,NA,NA,NA,NA,1.42,NA,9.1,1.576498,0.075,0.0459876735553601,0.001,0,0,NA,0,NA,3,0.59304,33.06,6.6717,0.17,0,NA,NA,NA,NA,NA,NA,NA,NA,NA,NA,NA,NA,NA,NA,NA,NA,NA,NA,NA,NA,NA,NA,NA,NA,NA,NA
"208","Josh Reynolds","DET","WR","2558194","robust",NA,NA,NA,NA,NA,NA,NA,NA,NA,NA,0,0,0.02625,0,0,0,0,0,0,NA,0,NA,2.6,0.7413,31.325,6.52344,0.1,0.059304,NA,NA,NA,NA,NA,NA,NA,NA,NA,NA,NA,NA,NA,NA,NA,NA,NA,NA,NA,NA,NA,NA,NA,NA,NA,NA
"209","Alec Pierce","IND","WR","2567715","robust",NA,NA,NA,NA,NA,NA,NA,NA,NA,NA,0.0125,0.037065,0.44875,0.59304,0,0,0.0125,0.037065,0,NA,0,NA,2.4975,0.7413,32.35,4.29954,0.1775,0.059304,NA,NA,NA,NA,NA,NA,NA,NA,NA,NA,NA,NA,NA,NA,NA,NA,NA,NA,NA,NA,NA,NA,NA,NA,NA,NA
"210","Skyy Moore","KC","WR","2567805","robust",NA,NA,NA,NA,NA,NA,NA,NA,NA,NA,0.0125,0.0185325,0.45,0.348411,0,0,0.0125,0.0185325,0,NA,0,NA,2.1,0.896973,28.6,16.375317,0.2,0.059304,NA,NA,NA,NA,NA,NA,NA,NA,NA,NA,NA,NA,NA,NA,NA,NA,NA,NA,NA,NA,NA,NA,NA,NA,NA,NA
"211","Marquez Callaway","NO","WR","2565310","robust",NA,NA,NA,NA,NA,NA,NA,NA,NA,NA,0,0,0.0591666666666667,0.14826,0,0,0,0,0,NA,0.01,0,1.2,0.385476,17.5,9.6369,0.1,0.059304,NA,NA,NA,NA,NA,NA,NA,NA,NA,NA,NA,NA,NA,NA,NA,NA,NA,NA,NA,NA,NA,NA,NA,NA,NA,NA
"212","Kendrick Bourne","NE","WR","2558914","robust",NA,NA,NA,NA,NA,NA,NA,NA,NA,NA,0.375,0.0741300000000001,3.65,0.696822,0,0,0,0,0,NA,0,NA,2.49,0.29652,30.405,3.246894,0.2,0.059304,NA,NA,NA,NA,NA,NA,NA,NA,NA,NA,NA,NA,NA,NA,NA,NA,NA,NA,NA,NA,NA,NA,NA,NA,NA,NA
"213","Nick Westbrook-Ikhine","TEN","WR","2565477","robust",NA,NA,NA,NA,NA,NA,NA,NA,NA,NA,0,0,0,0,0,0,0.05,0.07413,0,NA,0,NA,2.5175,0.44478,32.07,8.1543,0.2,0,NA,NA,NA,NA,NA,NA,NA,NA,NA,NA,NA,NA,NA,NA,NA,NA,NA,NA,NA,NA,NA,NA,NA,NA,NA,NA
"214","Bryan Edwards","ATL","WR","2564418","robust",NA,NA,NA,NA,NA,NA,NA,NA,NA,NA,0,0,0.06,0,0.02,0,0,0,0,NA,0,NA,2.2775,0.163086,31.44,5.9304,0.1425,0.103782,NA,NA,NA,NA,NA,NA,NA,NA,NA,NA,NA,NA,NA,NA,NA,NA,NA,NA,NA,NA,NA,NA,NA,NA,NA,NA
"215","Isaiah McKenzie","BUF","WR","2558129","robust",NA,NA,NA,NA,NA,NA,NA,NA,NA,NA,0.727054539198257,NA,4.87833333333333,0.44478,0.0484073070403775,0.0646846936722546,0.011,0.014826,0,NA,0.01,0,2.8,0.44478,29.7,5.826618,0.15,0.103782,NA,NA,NA,NA,NA,NA,NA,NA,NA,NA,NA,NA,NA,NA,NA,NA,NA,NA,NA,NA,NA,NA,NA,NA,NA,NA
"216","Darius Slayton","NYG","WR","2562736","robust",NA,NA,NA,NA,NA,NA,NA,NA,NA,NA,0.0875,0,-0.45,0.29652,0,0,0.1,0,0,NA,0,NA,2.02,0.59304,28.4,11.41602,0.125,0.07413,NA,NA,NA,NA,NA,NA,NA,NA,NA,NA,NA,NA,NA,NA,NA,NA,NA,NA,NA,NA,NA,NA,NA,NA,NA,NA
"217","Devin Duvernay","BAL","WR","2563551","robust",NA,NA,NA,NA,NA,NA,NA,NA,NA,NA,0.266666666666667,0.09884,1.59,1.11195,0,0,0,0,0,NA,0.06,0,2.415,0.303933,26.29,3.862173,0.1,0.066717,NA,NA,NA,NA,NA,NA,NA,NA,NA,NA,NA,NA,NA,NA,NA,NA,NA,NA,NA,NA,NA,NA,NA,NA,NA,NA
"218","David Bell","CLE","WR","2567460","robust",NA,NA,NA,NA,NA,NA,NA,NA,NA,NA,0.0875,0.037065,0.484583333333333,0.210035,0,0,0.0125,0.037065,0,NA,0,NA,1.7,0.504084,21.6,6.81996,0.1,0.14826,NA,NA,NA,NA,NA,NA,NA,NA,NA,NA,NA,NA,NA,NA,NA,NA,NA,NA,NA,NA,NA,NA,NA,NA,NA,NA
"219","Josh Palmer","LAC","WR","2566502","robust",NA,NA,NA,NA,NA,NA,NA,NA,NA,NA,0.0125,0.037065,0.275,0.358295,0,0,0,0,0,NA,0,NA,2.6825,0.44478,30.15,6.96822,0.215,0.059304,NA,NA,NA,NA,NA,NA,NA,NA,NA,NA,NA,NA,NA,NA,NA,NA,NA,NA,NA,NA,NA,NA,NA,NA,NA,NA
"220","Byron Pringle","CHI","WR","2560844","robust",NA,NA,NA,NA,NA,NA,NA,NA,NA,NA,0,0,0,0,0,0,0.0125,0.037065,0,NA,0,NA,2.4,0.192738,32.665,4.388496,0.1475,0.07413,NA,NA,NA,NA,NA,NA,NA,NA,NA,NA,NA,NA,NA,NA,NA,NA,NA,NA,NA,NA,NA,NA,NA,NA,NA,NA
"221","KJ Hamler","DEN","WR","2563890","robust",NA,NA,NA,NA,NA,NA,NA,NA,NA,NA,0.275,0.07413,1.92083333333333,0.234745,0,0,0,0,0,NA,0,NA,2.635,0.29652,33.3625,1.77912,0.195,0.014826,NA,NA,NA,NA,NA,NA,NA,NA,NA,NA,NA,NA,NA,NA,NA,NA,NA,NA,NA,NA,NA,NA,"Q","Knee - ACL",1,2022
"222","Nelson Agholor","NE","WR","2552600","robust",NA,NA,NA,NA,NA,NA,NA,NA,NA,NA,0.0875,0.037065,0.560833333333333,0.106253,0,0,0,0,0,NA,0,NA,1.86,0.415128,25.69,6.256572,0.11,0.029652,NA,NA,NA,NA,NA,NA,NA,NA,NA,NA,NA,NA,NA,NA,NA,NA,NA,NA,NA,NA,NA,NA,NA,NA,NA,NA
"223","Quez Watkins","PHI","WR","2564880","robust",NA,NA,NA,NA,NA,NA,NA,NA,NA,NA,0,0,0.05,0.0489258,0,0,0,0,0,NA,0,NA,2.145,0.489258,29.925,8.265495,0.1,0.029652,NA,NA,NA,NA,NA,NA,NA,NA,NA,NA,NA,NA,NA,NA,NA,NA,NA,NA,NA,NA,NA,NA,NA,NA,NA,NA
"224","Olamide Zaccheaus","ATL","WR","2562808","robust",NA,NA,NA,NA,NA,NA,NA,NA,NA,NA,0.0875,0.037065,0.03,0,0,0,0,0,0,NA,0,NA,2.18,0.237216,27.3,6.22692,0.1,0.014826,NA,NA,NA,NA,NA,NA,NA,NA,NA,NA,NA,NA,NA,NA,NA,NA,NA,NA,NA,NA,NA,NA,NA,NA,NA,NA
"225","Cedrick Wilson","MIA","WR","2560936","robust",NA,NA,NA,NA,NA,NA,NA,NA,NA,NA,0.025,0.07413,0.106666666666667,0.088956,0,0,0,0,0,NA,0,NA,2.395,0.474432,30.275,3.33585,0.2,0.014826,NA,NA,NA,NA,NA,NA,NA,NA,NA,NA,NA,NA,NA,NA,NA,NA,NA,NA,NA,NA,NA,NA,NA,NA,NA,NA
"226","Andy Isabella","ARI","WR","2562669","robust",NA,NA,NA,NA,NA,NA,NA,NA,NA,NA,0.0125,0.0185325,-0.03,0,0,0,0,0,0,NA,0,NA,2.145,0.748713,23.35,7.146132,0.1,0.07413,NA,NA,NA,NA,NA,NA,NA,NA,NA,NA,NA,NA,NA,NA,NA,NA,NA,NA,NA,NA,NA,NA,NA,NA,NA,NA
"227","Equanimeous St. Brown","CHI","WR","2560883","robust",NA,NA,NA,NA,NA,NA,NA,NA,NA,NA,0,0,0.55,0.481845,0.001,0,0,0,0,NA,0,NA,1.545,0.541149,19.665,6.782895,0.05,0.037065,NA,NA,NA,NA,NA,NA,NA,NA,NA,NA,NA,NA,NA,NA,NA,NA,NA,NA,NA,NA,NA,NA,NA,NA,NA,NA
"228","Braxton Berrios","NYJ","WR","2560975","robust",NA,NA,NA,NA,NA,NA,NA,NA,NA,NA,0.4125,0.037065,2.75916666666667,0.397831,0.055,0.086485,0.0125,0.037065,0,NA,0,NA,2.56,0.88956,27.725,3.11346,0.1,0.044478,NA,NA,NA,NA,NA,NA,NA,NA,NA,NA,NA,NA,NA,NA,NA,NA,NA,NA,NA,NA,NA,NA,NA,NA,NA,NA
"229","Deonte Harris","NO","WR","2563155","robust",NA,NA,NA,NA,NA,NA,NA,NA,NA,NA,0.05,0.037065,1.5725,1.252797,0,0,0.05,0.037065,0,NA,0,NA,1.24,0.874734,17.2075,11.823735,0.1,0.007413,NA,NA,NA,NA,NA,NA,NA,NA,NA,NA,NA,NA,NA,NA,NA,NA,NA,NA,NA,NA,NA,NA,NA,NA,NA,NA
"230","Laviska Shenault","CAR","WR","2564232","robust",NA,NA,NA,NA,NA,NA,NA,NA,NA,NA,0.5,0.362970431860056,2.6,1.208319,0.005,0,0,0,0,NA,0,NA,1.9,0.533736,18.3,5.574576,0.08,0.007413,NA,NA,NA,NA,NA,NA,NA,NA,NA,NA,NA,NA,NA,NA,NA,NA,NA,NA,NA,NA,NA,NA,NA,NA,NA,NA
"231","Mack Hollins","LVR","WR","2558262","robust",NA,NA,NA,NA,NA,NA,NA,NA,NA,NA,0,0,0,0,0,0,0,0,0,NA,0,NA,1.335,0.385476,17.145,6.849612,0.1,0,NA,NA,NA,NA,NA,NA,NA,NA,NA,NA,NA,NA,NA,NA,NA,NA,NA,NA,NA,NA,NA,NA,NA,NA,NA,NA
"232","Jamison Crowder","BUF","WR","2552415","robust",NA,NA,NA,NA,NA,NA,NA,NA,NA,NA,0.05,0.07413,0.480833333333333,0.353353,0.08,0.118608,0,0,0,NA,0,NA,2.35,0.207564,24.5,2.66868,0.11,0.088956,NA,NA,NA,NA,NA,NA,NA,NA,NA,NA,NA,NA,NA,NA,NA,NA,NA,NA,NA,NA,NA,NA,NA,NA,NA,NA
"233","Phillip Dorsett","HOU","WR","2552424","robust",NA,NA,NA,NA,NA,NA,NA,NA,NA,NA,0,0,0.2,0.177912,0.001,0,0,0,0,NA,0,NA,1.515,0.163086,21.71,4.544169,0.06,0.022239,NA,NA,NA,NA,NA,NA,NA,NA,NA,NA,NA,NA,NA,NA,NA,NA,NA,NA,NA,NA,NA,NA,NA,NA,NA,NA
"234","Jauan Jennings","SF","WR","2565114","robust",NA,NA,NA,NA,NA,NA,NA,NA,NA,NA,0,0,0.005,0,0,0,0,0,0,NA,0,NA,1.8,0.259455,22.6,3.343263,0.16,0.037065,NA,NA,NA,NA,NA,NA,NA,NA,NA,NA,NA,NA,NA,NA,NA,NA,NA,NA,NA,NA,NA,NA,NA,NA,NA,NA
"235","Anthony Schwartz","CLE","WR","2565986","robust",NA,NA,NA,NA,NA,NA,NA,NA,NA,NA,0.05,0,0.855,1.267623,0,0,0,0,0,NA,0,NA,0.63,0.66717,9.45,11.252934,0.005,0,NA,NA,NA,NA,NA,NA,NA,NA,NA,NA,NA,NA,NA,NA,NA,NA,NA,NA,NA,NA,NA,NA,NA,NA,NA,NA
"236","Demarcus Robinson","BAL","WR","2555478","robust",NA,NA,NA,NA,NA,NA,NA,NA,NA,NA,0,0,0,0,0,0,0,0,0,NA,0,NA,1.305,0.88956,16,11.8608,0.1,0,NA,NA,NA,NA,NA,NA,NA,NA,NA,NA,NA,NA,NA,NA,NA,NA,NA,NA,NA,NA,NA,NA,NA,NA,NA,NA
"237","Jalen Guyton","LAC","WR","2562844","robust",NA,NA,NA,NA,NA,NA,NA,NA,NA,NA,0.275,0.07413,1.13,0.0593039999999997,0,0,0,0,0,NA,0.01,0,1.435,0.400302,19.385,5.144622,0.1,0.029652,NA,NA,NA,NA,NA,NA,NA,NA,NA,NA,NA,NA,NA,NA,NA,NA,NA,NA,NA,NA,NA,NA,NA,NA,NA,NA
"238","Quintez Cephus","DET","WR","2563926","robust",NA,NA,NA,NA,NA,NA,NA,NA,NA,NA,0,0,0,0,0,0,0,0,0,NA,0,NA,1.5,0.207564,21,2.461116,0.115,0,NA,NA,NA,NA,NA,NA,NA,NA,NA,NA,NA,NA,NA,NA,NA,NA,NA,NA,NA,NA,NA,NA,NA,NA,NA,NA
"239","Ben Skowronek","LAR","WR","2566247","robust",NA,NA,NA,NA,NA,NA,NA,NA,NA,NA,0,0,0.295,0.2505594,0,0,0,0,0,NA,0,NA,2.1,0.0963689999999999,23.46,1.727229,0.1,0,NA,NA,NA,NA,NA,NA,NA,NA,NA,NA,NA,NA,NA,NA,NA,NA,NA,NA,NA,NA,NA,NA,NA,NA,NA,NA
"240","James Proche","BAL","WR","2563572","robust",NA,NA,NA,NA,NA,NA,NA,NA,NA,NA,0,0,0.207,0.051891,0,0,0,0,0,NA,0,NA,1.5,0.385476,18.15,1.578969,0.1,0.007413,NA,NA,NA,NA,NA,NA,NA,NA,NA,NA,NA,NA,NA,NA,NA,NA,NA,NA,NA,NA,NA,NA,NA,NA,NA,NA
"241","D'Wayne Eskridge","SEA","WR","2566553","robust",NA,NA,NA,NA,NA,NA,NA,NA,NA,NA,0.2,NA,1.41,0.0696822000000002,0.005,0.00332886510638298,0,0,0,NA,0,NA,1.2,0.563388,14.45,4.929645,0.02,0.014826,NA,NA,NA,NA,NA,NA,NA,NA,NA,NA,NA,NA,NA,NA,NA,NA,NA,NA,NA,NA,NA,NA,NA,NA,NA,NA
"242","Miles Boykin","PIT","WR","2562631","robust",NA,NA,NA,NA,NA,NA,NA,NA,NA,NA,0,0,0.125,0,0,0,0,0,0,NA,0,NA,1,0.14826,10.1,7.175784,0.05,0.044478,NA,NA,NA,NA,NA,NA,NA,NA,NA,NA,NA,NA,NA,NA,NA,NA,NA,NA,NA,NA,NA,NA,NA,NA,NA,NA
"243","Cam Sims","WAS","WR","2561067","robust",NA,NA,NA,NA,NA,NA,NA,NA,NA,NA,0.0875,0.0185325,0.155,0.14826,0,0,0,0,0,NA,0,NA,1.3,0.467019,17.4,3.602718,0.1,0.014826,NA,NA,NA,NA,NA,NA,NA,NA,NA,NA,NA,NA,NA,NA,NA,NA,NA,NA,NA,NA,NA,NA,NA,NA,NA,NA
"244","Tyler Johnson","HOU","WR","2565225","robust",NA,NA,NA,NA,NA,NA,NA,NA,NA,NA,0,0,0,0,0,0,0,0,0,NA,0,NA,1.72,0.652344,17.795,6.360354,0.09,0.029652,NA,NA,NA,NA,NA,NA,NA,NA,NA,NA,NA,NA,NA,NA,NA,NA,NA,NA,NA,NA,NA,NA,NA,NA,NA,NA
"245","Ashton Dulin","IND","WR","2562562","robust",NA,NA,NA,NA,NA,NA,NA,NA,NA,NA,0.1,0,1.1,0.919212,0,0,0,0,0,NA,0,NA,0.9,0.29652,11.45,3.254307,0.075,0.07413,NA,NA,NA,NA,NA,NA,NA,NA,NA,NA,NA,NA,NA,NA,NA,NA,NA,NA,NA,NA,NA,NA,NA,NA,NA,NA
"246","Chris Conley","FA","WR","2552652","robust",NA,NA,NA,NA,NA,NA,NA,NA,NA,NA,0,0,0,0,0,0,0,0,NA,NA,NA,NA,2,0,23,0,0.3,0,NA,NA,NA,NA,NA,NA,NA,NA,NA,NA,NA,NA,NA,NA,NA,NA,NA,NA,NA,NA,NA,NA,NA,NA,NA,NA
"247","Kalif Raymond","DET","WR","2556661","robust",NA,NA,NA,NA,NA,NA,NA,NA,NA,NA,0.0666666666666667,0.04942,0.8,0.29652,0,0,0,0,0,NA,0.01,0,1.49,0.029652,18.3,2.37216,0.1,0,NA,NA,NA,NA,NA,NA,NA,NA,NA,NA,NA,NA,NA,NA,NA,NA,NA,NA,NA,NA,NA,NA,NA,NA,NA,NA
"248","Kyle Philips","TEN","WR","2567664","robust",NA,NA,NA,NA,NA,NA,NA,NA,NA,NA,0,NA,0.1425,0.116137,0,0,0,0,0,NA,0,NA,1.045,0.59304,11.9175,7.26474,0.03,0.029652,NA,NA,NA,NA,NA,NA,NA,NA,NA,NA,NA,NA,NA,NA,NA,NA,NA,NA,NA,NA,NA,NA,NA,NA,NA,NA
"249","Greg Dortch","ARI","WR","2562561","robust",NA,NA,NA,NA,NA,NA,NA,NA,NA,NA,0.15,0.04942,0.625,0.81543,0,0,0,0,0,NA,0,NA,1.4,0.311346,16.2,3.839934,0.1,0.014826,NA,NA,NA,NA,NA,NA,NA,NA,NA,NA,NA,NA,NA,NA,NA,NA,NA,NA,NA,NA,NA,NA,NA,NA,NA,NA
"250","Richie James","NYG","WR","2560761","robust",NA,NA,NA,NA,NA,NA,NA,NA,NA,NA,0,0,0.0225,0,0,0,0,0,0,NA,0,NA,0.6125,0.429954,10.2775,8.702862,0.03,0.014826,NA,NA,NA,NA,NA,NA,NA,NA,NA,NA,NA,NA,NA,NA,NA,NA,NA,NA,NA,NA,NA,NA,NA,NA,NA,NA
"251","Velus Jones","CHI","WR","2567409","robust",NA,NA,NA,NA,NA,NA,NA,NA,NA,NA,0,0,0.25,0,0,0,0,0,0,NA,0,NA,1.65,0,19.275,0,0,0,NA,NA,NA,NA,NA,NA,NA,NA,NA,NA,NA,NA,NA,NA,NA,NA,NA,NA,NA,NA,NA,NA,"D","Hamstring",1,2022
"252","Simi Fehoko","DAL","WR","2566004","robust",NA,NA,NA,NA,NA,NA,NA,NA,NA,NA,0,0,0,0.14826,0,0,0,0,0,NA,0,NA,1.325,0.44478,16.66,4.210584,0.085,0.059304,NA,NA,NA,NA,NA,NA,NA,NA,NA,NA,NA,NA,NA,NA,NA,NA,NA,NA,NA,NA,NA,NA,NA,NA,NA,NA
"253","Chris Moore","HOU","WR","2555209","robust",NA,NA,NA,NA,NA,NA,NA,NA,NA,NA,0,0,0.04,0.044478,0,0,0,0,0,NA,0,NA,1.305,0.37065,14.14,3.78063,0.0925,0.00741300000000001,NA,NA,NA,NA,NA,NA,NA,NA,NA,NA,NA,NA,NA,NA,NA,NA,NA,NA,NA,NA,NA,NA,NA,NA,NA,NA
"254","Ray-Ray McCloud","SF","WR","2560801","robust",NA,NA,NA,NA,NA,NA,NA,NA,NA,NA,0.05,0.037065,0.225,0.22239,0,0,0,0,0,NA,0.01,0,1.125,0.155673,11.22,4.89258,0.06,0.029652,NA,NA,NA,NA,NA,NA,NA,NA,NA,NA,NA,NA,NA,NA,NA,NA,NA,NA,NA,NA,NA,NA,NA,NA,NA,NA
"255","Marquise Goodwin","SEA","WR","2539964","robust",NA,NA,NA,NA,NA,NA,NA,NA,NA,NA,0.05,0,0.225,0.192738,0,0,0,0,0,NA,0,NA,1,0.29652,12,1.675338,0.025,0,NA,NA,NA,NA,NA,NA,NA,NA,NA,NA,NA,NA,NA,NA,NA,NA,NA,NA,NA,NA,NA,NA,NA,NA,NA,NA
"256","Rashard Higgins","CAR","WR","2555468","robust",NA,NA,NA,NA,NA,NA,NA,NA,NA,NA,0,0,0,0,0,0,0,0,0,NA,0,NA,1.045,0.163086,13.14,0.904386,0.0775,0.022239,NA,NA,NA,NA,NA,NA,NA,NA,NA,NA,NA,NA,NA,NA,NA,NA,NA,NA,NA,NA,NA,NA,NA,NA,NA,NA
"257","Jamal Agnew","JAC","WR","2558821","robust",NA,NA,NA,NA,NA,NA,NA,NA,NA,NA,0.47,0.145419770114943,3,0.14826,0.01,0,0,0,0,NA,0.07,0,1.1,0.252042,12.7,2.994852,0.06,0.059304,NA,NA,NA,NA,NA,NA,NA,NA,NA,NA,NA,NA,NA,NA,NA,NA,NA,NA,NA,NA,NA,NA,NA,NA,NA,NA
"258","Tylan Wallace","BAL","WR","2565857","robust",NA,NA,NA,NA,NA,NA,NA,NA,NA,NA,0,0,0,0,0,0,0,0,0,NA,0,NA,0.8,0.29652,9.46,3.40998,0.06,0.059304,NA,NA,NA,NA,NA,NA,NA,NA,NA,NA,NA,NA,NA,NA,NA,NA,NA,NA,NA,NA,NA,NA,NA,NA,NA,NA
"259","Tutu Atwell","LAR","WR","2566196","robust",NA,NA,NA,NA,NA,NA,NA,NA,NA,NA,0,0,0,0,0,0,0,0,0,NA,0,NA,1.335,0,15.395,0,0.0975,0,NA,NA,NA,NA,NA,NA,NA,NA,NA,NA,NA,NA,NA,NA,NA,NA,NA,NA,NA,NA,NA,NA,NA,NA,NA,NA
"260","Breshad Perriman","TB","WR","2552597","robust",NA,NA,NA,NA,NA,NA,NA,NA,NA,NA,0,0,0.15,0.14826,0,0,0,0,0,NA,0,NA,0.795,0.355824,10.5825,3.817695,0.0575,0.044478,NA,NA,NA,NA,NA,NA,NA,NA,NA,NA,NA,NA,NA,NA,NA,NA,NA,NA,NA,NA,NA,NA,NA,NA,NA,NA
"261","Denzel Mims","NYJ","WR","2564802","robust",NA,NA,NA,NA,NA,NA,NA,NA,NA,NA,0,0,0,0,0,0,0,0,0,NA,0,NA,0.6575,0.044478,9.87,1.660512,0.0225,0.029652,NA,NA,NA,NA,NA,NA,NA,NA,NA,NA,NA,NA,NA,NA,NA,NA,NA,NA,NA,NA,NA,NA,NA,NA,NA,NA
"262","Dennis Houston","DAL","WR","2568693","robust",NA,NA,NA,NA,NA,NA,NA,NA,NA,NA,0,0,0.1475,0.14826,0,0,0,0,0,NA,0,NA,0.865,0.770952,10.065,4.773972,0.065,0.029652,NA,NA,NA,NA,NA,NA,NA,NA,NA,NA,NA,NA,NA,NA,NA,NA,NA,NA,NA,NA,NA,NA,NA,NA,NA,NA
"263","Damiere Byrd","ATL","WR","2553499","robust",NA,NA,NA,NA,NA,NA,NA,NA,NA,NA,0,0,0,0,0,0,0.0333333333333333,0.04942,0,NA,0,NA,1.15,0.029652,13.585,1.03782,0.08,0.029652,NA,NA,NA,NA,NA,NA,NA,NA,NA,NA,NA,NA,NA,NA,NA,NA,NA,NA,NA,NA,NA,NA,NA,NA,NA,NA
"264","Cody Hollister","TEN","WR","2558955","robust",NA,NA,NA,NA,NA,NA,NA,NA,NA,NA,0,0,0.01,0,0,0,0,0,0,NA,0,NA,0.91,0.0296519999999999,11.3525,2.105292,0.0725,0.029652,NA,NA,NA,NA,NA,NA,NA,NA,NA,NA,NA,NA,NA,NA,NA,NA,NA,NA,NA,NA,NA,NA,NA,NA,NA,NA
"265","Zach Pascal","PHI","WR","2558877","robust",NA,NA,NA,NA,NA,NA,NA,NA,NA,NA,0.05,0,0.575,0.630105,0,0,0,0,0,NA,0,NA,0.965,0.163086,10.845,3.7065,0.05,0.07413,NA,NA,NA,NA,NA,NA,NA,NA,NA,NA,NA,NA,NA,NA,NA,NA,NA,NA,NA,NA,NA,NA,NA,NA,NA,NA
"266","Dante Pettis","CHI","WR","2560836","robust",NA,NA,NA,NA,NA,NA,NA,NA,NA,NA,0,0,0,0,0,0,0,0,0,NA,0,NA,0.44,0.207564,5.985,2.609376,0.03,0.014826,NA,NA,NA,NA,NA,NA,NA,NA,NA,NA,NA,NA,NA,NA,NA,NA,NA,NA,NA,NA,NA,NA,NA,NA,NA,NA
"267","Jalen Reagor","MIN","WR","2564850","robust",NA,NA,NA,NA,NA,NA,NA,NA,NA,NA,0.05,0.037065,0.925,0.659757,0,0,0,0,0,NA,0,NA,1.1225,0.0889559999999999,11.4975,1.275036,0.075,0.022239,NA,NA,NA,NA,NA,NA,NA,NA,NA,NA,NA,NA,NA,NA,NA,NA,NA,NA,NA,NA,NA,NA,NA,NA,NA,NA
"268","Jeff Smith","NYJ","WR","2562845","robust",NA,NA,NA,NA,NA,NA,NA,NA,NA,NA,0,0,0.075,0.07413,0,0,0,0,0,NA,0,NA,0.5725,0.163086,8.43,2.972613,0.015,0.014826,NA,NA,NA,NA,NA,NA,NA,NA,NA,NA,NA,NA,NA,NA,NA,NA,NA,NA,NA,NA,NA,NA,NA,NA,NA,NA
"269","Amari Rodgers","GB","WR","2566091","robust",NA,NA,NA,NA,NA,NA,NA,NA,NA,NA,0.05,0.07413,0.075,0,0,0,0,0,0,NA,0,NA,0.715,0.252042,8.625,2.81694,0.055,0.059304,NA,NA,NA,NA,NA,NA,NA,NA,NA,NA,NA,NA,NA,NA,NA,NA,NA,NA,NA,NA,NA,NA,NA,NA,NA,NA
"270","Travis Kelce","KC","TE","2540258","robust",NA,NA,NA,NA,NA,NA,NA,NA,NA,NA,0.065,0,0.3025,0.2038575,0.00333333333333333,0,0.0875,0.037065,0,NA,0,NA,6.2,0.29652,75.8575,3.64719600000001,0.69,0.0889560000000001,NA,NA,NA,NA,NA,NA,NA,NA,NA,NA,NA,NA,NA,NA,NA,NA,NA,NA,NA,NA,NA,NA,NA,NA,NA,NA
"271","Mark Andrews","BAL","TE","2560957","robust",NA,NA,NA,NA,NA,NA,NA,NA,NA,NA,0,0,0.095,0.281694,0,0,0.0875,0.037065,0,NA,0,NA,6.05,0.148259999999999,76.61,4.00302,0.7,0.237216,NA,NA,NA,NA,NA,NA,NA,NA,NA,NA,NA,NA,NA,NA,NA,NA,NA,NA,NA,NA,NA,NA,NA,NA,NA,NA
"272","Kyle Pitts","ATL","TE","2565830","robust",NA,NA,NA,NA,NA,NA,NA,NA,NA,NA,0,0,0.00875,0.0259455,0,0,0,0,0,NA,0,NA,4.6,0.163086,59.7,1.230558,0.3075,0.059304,NA,NA,NA,NA,NA,NA,NA,NA,NA,NA,NA,NA,NA,NA,NA,NA,NA,NA,NA,NA,NA,NA,NA,NA,NA,NA
"273","Darren Waller","LVR","TE","2552408","robust",NA,NA,NA,NA,NA,NA,NA,NA,NA,NA,0.125,0,0.25625,0.3743565,0.00333333333333333,0,0.05,0.07413,0,NA,0,NA,5.075,0.474431999999999,60.31,2.194248,0.4,0.14826,NA,NA,NA,NA,NA,NA,NA,NA,NA,NA,NA,NA,NA,NA,NA,NA,NA,NA,NA,NA,NA,NA,NA,NA,NA,NA
"274","Dallas Goedert","PHI","TE","2560995","robust",NA,NA,NA,NA,NA,NA,NA,NA,NA,NA,0,0,0.0075,0.022239,0,0,0,0,0,NA,0,NA,4.34,0.29652,54.9,10.08168,0.4125,0.14826,NA,NA,NA,NA,NA,NA,NA,NA,NA,NA,NA,NA,NA,NA,NA,NA,NA,NA,NA,NA,NA,NA,NA,NA,NA,NA
"275","T.J. Hockenson","DET","TE","2562378","robust",NA,NA,NA,NA,NA,NA,NA,NA,NA,NA,0,0,0.02125,0.0630105,0,0,0,0,0,NA,0,NA,4.5,0,43.9,5.48562,0.4025,0.14826,NA,NA,NA,NA,NA,NA,NA,NA,NA,NA,NA,NA,NA,NA,NA,NA,NA,NA,NA,NA,NA,NA,NA,NA,NA,NA
"276","George Kittle","SF","TE","2558266","robust",NA,NA,NA,NA,NA,NA,NA,NA,NA,NA,0,0,0.5,0.37065,0,0,0,0,0,NA,0,NA,3.9,0.44478,48.5,7.04235,0.35,0.14826,NA,NA,NA,NA,NA,NA,NA,NA,NA,NA,NA,NA,NA,NA,NA,NA,NA,NA,NA,NA,NA,NA,"Q","Groin",1,2022
"277","Dalton Schultz","DAL","TE","2560866","robust",NA,NA,NA,NA,NA,NA,NA,NA,NA,NA,0,0,0.00625,0.0185325,0,0,0,0,0,NA,0,NA,4.5575,0.29652,47.75,2.52042,0.4425,0.118608,NA,NA,NA,NA,NA,NA,NA,NA,NA,NA,NA,NA,NA,NA,NA,NA,NA,NA,NA,NA,NA,NA,NA,NA,NA,NA
"278","Cameron Brate","TB","TE","2550656","robust",NA,NA,NA,NA,NA,NA,NA,NA,NA,NA,0,0,0.0075,0.022239,0,0,0,0,0,NA,0,NA,2.5,0.88956,24.55,6.15279,0.1475,0.118608,NA,NA,NA,NA,NA,NA,NA,NA,NA,NA,NA,NA,NA,NA,NA,NA,NA,NA,NA,NA,NA,NA,NA,NA,NA,NA
"279","Austin Hooper","TEN","TE","2555415","robust",NA,NA,NA,NA,NA,NA,NA,NA,NA,NA,0,0,0.0075,0.022239,0,0,0.0125,0.037065,0,NA,0,NA,3.3,0.14826,29.73,5.174274,0.3,0,NA,NA,NA,NA,NA,NA,NA,NA,NA,NA,NA,NA,NA,NA,NA,NA,NA,NA,NA,NA,NA,NA,NA,NA,NA,NA
"280","Dawson Knox","BUF","TE","2562681","robust",NA,NA,NA,NA,NA,NA,NA,NA,NA,NA,0,0,0.00875,0.0259455,0,0,0,0,0,NA,0,NA,3.425,0.29652,39.7075,2.238726,0.45,0.14826,NA,NA,NA,NA,NA,NA,NA,NA,NA,NA,NA,NA,NA,NA,NA,NA,NA,NA,NA,NA,NA,NA,NA,NA,NA,NA
"281","Tyler Higbee","LAR","TE","2555364","robust",NA,NA,NA,NA,NA,NA,NA,NA,NA,NA,0,0,0.00875,0.0259455,0,0,0,0,0,NA,0,NA,3.6,0.29652,38.125,4.59606,0.215,0.044478,NA,NA,NA,NA,NA,NA,NA,NA,NA,NA,NA,NA,NA,NA,NA,NA,NA,NA,NA,NA,NA,NA,NA,NA,NA,NA
"282","Mike Gesicki","MIA","TE","2560994","robust",NA,NA,NA,NA,NA,NA,NA,NA,NA,NA,0,0,0.00875,0.0259455,0,0,0,0,0,NA,0,NA,3.4975,0.326172,38.68,4.09197600000001,0.2,0,NA,NA,NA,NA,NA,NA,NA,NA,NA,NA,NA,NA,NA,NA,NA,NA,NA,NA,NA,NA,NA,NA,NA,NA,NA,NA
"283","Irv Smith Jr.","MIN","TE","2562738","robust",NA,NA,NA,NA,NA,NA,NA,NA,NA,NA,0,0,0.00625,0.0185325,0,0,0,0,0,NA,0,NA,3.1,0,34.575,1.03782,0.25,0.103782,NA,NA,NA,NA,NA,NA,NA,NA,NA,NA,NA,NA,NA,NA,NA,NA,NA,NA,NA,NA,NA,NA,NA,NA,NA,NA
"284","Zach Ertz","ARI","TE","2540158","robust",NA,NA,NA,NA,NA,NA,NA,NA,NA,NA,0,0,0.035,0.103782,0,0,0,0,0,NA,0,NA,3.525,1.052646,35.675,9.08833799999999,0.2,0,NA,NA,NA,NA,NA,NA,NA,NA,NA,NA,NA,NA,NA,NA,NA,NA,NA,NA,NA,NA,NA,NA,"Q","Calf",1,2022
"285","Gerald Everett","LAC","TE","2557889","robust",NA,NA,NA,NA,NA,NA,NA,NA,NA,NA,0,0,0.4875,0.6857025,0,0,0.0125,0.037065,0,NA,0,NA,3.5,0.29652,35.95,1.4826,0.28,0.0296519999999999,NA,NA,NA,NA,NA,NA,NA,NA,NA,NA,NA,NA,NA,NA,NA,NA,NA,NA,NA,NA,NA,NA,NA,NA,NA,NA
"286","Cole Kmet","CHI","TE","2563704","robust",NA,NA,NA,NA,NA,NA,NA,NA,NA,NA,0,0,0.00875,0.0259455,0,0,0,0,0,NA,0,NA,3.7,0.44478,37.955,6.07866,0.185,0,NA,NA,NA,NA,NA,NA,NA,NA,NA,NA,NA,NA,NA,NA,NA,NA,NA,NA,NA,NA,NA,NA,NA,NA,NA,NA
"287","Noah Fant","SEA","TE","2562383","robust",NA,NA,NA,NA,NA,NA,NA,NA,NA,NA,0,0,0.00875,0.0259455,0,0,0,0,0,NA,0,NA,3.47,0.207564,36.45,1.33434,0.16,0.103782,NA,NA,NA,NA,NA,NA,NA,NA,NA,NA,NA,NA,NA,NA,NA,NA,NA,NA,NA,NA,NA,NA,NA,NA,NA,NA
"288","Pat Freiermuth","PIT","TE","2566442","robust",NA,NA,NA,NA,NA,NA,NA,NA,NA,NA,0,0,0.005,0.014826,0,0,0.05,0.07413,0,NA,0,NA,3.79,0.29652,35.9825,2.31285599999999,0.2,0.014826,NA,NA,NA,NA,NA,NA,NA,NA,NA,NA,NA,NA,NA,NA,NA,NA,NA,NA,NA,NA,NA,NA,NA,NA,NA,NA
"289","Albert Okwuegbunam","DEN","TE","2563911","robust",NA,NA,NA,NA,NA,NA,NA,NA,NA,NA,0,0,0.015,0.044478,0,0,0.05,0.07413,0,NA,0,NA,3.4,0.222390000000001,36.28,1.097124,0.2625,0.014826,NA,NA,NA,NA,NA,NA,NA,NA,NA,NA,NA,NA,NA,NA,NA,NA,NA,NA,NA,NA,NA,NA,NA,NA,NA,NA
"290","Evan Engram","JAC","TE","2557858","robust",NA,NA,NA,NA,NA,NA,NA,NA,NA,NA,0,0,0.01125,0.0333585,0,0,0.05,0.07413,0,NA,0,NA,3.1,0.14826,34.1,5.78214,0.2,0.059304,NA,NA,NA,NA,NA,NA,NA,NA,NA,NA,NA,NA,NA,NA,NA,NA,NA,NA,NA,NA,NA,NA,NA,NA,NA,NA
"291","David Njoku","CLE","TE","2557986","robust",NA,NA,NA,NA,NA,NA,NA,NA,NA,NA,0,0,0.03125,0.0926625,0,0,0,0,0,NA,0,NA,3.085,0.14826,35.715,2.9652,0.205,0.029652,NA,NA,NA,NA,NA,NA,NA,NA,NA,NA,NA,NA,NA,NA,NA,NA,NA,NA,NA,NA,NA,NA,NA,NA,NA,NA
"292","Hunter Henry","NE","TE","2555341","robust",NA,NA,NA,NA,NA,NA,NA,NA,NA,NA,0,0,0.1625,0.303933,0,0,0,0,0,NA,0,NA,3.0525,0.0741299999999997,35.8025,2.2239,0.3,0,NA,NA,NA,NA,NA,NA,NA,NA,NA,NA,NA,NA,NA,NA,NA,NA,NA,NA,NA,NA,NA,NA,NA,NA,NA,NA
"293","Mo Alie-Cox","IND","TE","2558832","robust",NA,NA,NA,NA,NA,NA,NA,NA,NA,NA,0,0,0.0075,0.022239,0,0,0,0,0,NA,0,NA,2.32,0.207564,28.25,6.093486,0.195,0.014826,NA,NA,NA,NA,NA,NA,NA,NA,NA,NA,NA,NA,NA,NA,NA,NA,NA,NA,NA,NA,NA,NA,NA,NA,NA,NA
"294","Robert Tonyan","GB","TE","2559270","robust",NA,NA,NA,NA,NA,NA,NA,NA,NA,NA,0,0,0.00875,0.0259455,0,0,0,0,0,NA,0,NA,3,0,34.8875,2.29803,0.295,0.014826,NA,NA,NA,NA,NA,NA,NA,NA,NA,NA,NA,NA,NA,NA,NA,NA,NA,NA,NA,NA,NA,NA,NA,NA,NA,NA
"295","Isaiah Likely","BAL","TE","2567283","robust",NA,NA,NA,NA,NA,NA,NA,NA,NA,NA,0,0,0,0,0,0,0.025,0.02471,0,NA,0,NA,1.9,0.51891,24.2,7.56126,0.2,0.066717,NA,NA,NA,NA,NA,NA,NA,NA,NA,NA,NA,NA,NA,NA,NA,NA,NA,NA,NA,NA,NA,NA,NA,NA,NA,NA
"296","Tyler Conklin","NYJ","TE","2561027","robust",NA,NA,NA,NA,NA,NA,NA,NA,NA,NA,0,0,0.0166666666666667,0.012355,0,0,0,0,0,NA,0,NA,2.69,0.0593040000000004,27.905,1.63086,0.1,0.00741300000000001,NA,NA,NA,NA,NA,NA,NA,NA,NA,NA,NA,NA,NA,NA,NA,NA,NA,NA,NA,NA,NA,NA,NA,NA,NA,NA
"297","Logan Thomas","WAS","TE","2543767","robust",NA,NA,NA,NA,NA,NA,NA,NA,NA,NA,0,0,0.01,0.029652,0,0,0.0125,0.037065,0,NA,0,NA,2.385,0.0593040000000001,24.49,8.8956,0.155,0.088956,NA,NA,NA,NA,NA,NA,NA,NA,NA,NA,NA,NA,NA,NA,NA,NA,NA,NA,NA,NA,NA,NA,"Q","Knee - ACL",1,2022
"298","Kyle Rudolph","TB","TE","2495438","robust",NA,NA,NA,NA,NA,NA,NA,NA,NA,NA,0,0,0.0075,0.022239,0,0,0,0,0,NA,0,NA,2.275,0.29652,22.5,4.52193,0.1,0,NA,NA,NA,NA,NA,NA,NA,NA,NA,NA,NA,NA,NA,NA,NA,NA,NA,NA,NA,NA,NA,NA,NA,NA,NA,NA
"299","C.J. Uzomah","NYJ","TE","2552559","robust",NA,NA,NA,NA,NA,NA,NA,NA,NA,NA,0,0,0.00625,0.0185325,0,0,0,0,0,NA,0,NA,2.5725,0.948864,26.15,11.1195,0.135,0.103782,NA,NA,NA,NA,NA,NA,NA,NA,NA,NA,NA,NA,NA,NA,NA,NA,NA,NA,NA,NA,NA,NA,NA,NA,NA,NA
"300","Adam Trautman","NO","TE","2564703","robust",NA,NA,NA,NA,NA,NA,NA,NA,NA,NA,0,0,0.00875,0.0259455,0,0,0.05,0.07413,0,NA,0,NA,1.95,0.44478,20.67,3.85476,0.15,0.088956,NA,NA,NA,NA,NA,NA,NA,NA,NA,NA,NA,NA,NA,NA,NA,NA,NA,NA,NA,NA,NA,NA,NA,NA,NA,NA
"301","Hayden Hurst","CIN","TE","2560747","robust",NA,NA,NA,NA,NA,NA,NA,NA,NA,NA,0,0,0.01,0.029652,0,0,0.0125,0.037065,0,NA,0,NA,2.6,0.14826,26.5825,0.889559999999997,0.2025,0.014826,NA,NA,NA,NA,NA,NA,NA,NA,NA,NA,NA,NA,NA,NA,NA,NA,NA,NA,NA,NA,NA,NA,NA,NA,NA,NA
"302","Tyler Kroft","SF","TE","2552586","robust",NA,NA,NA,NA,NA,NA,NA,NA,NA,NA,0,0,0,0,0,0,0,0,0,NA,0,NA,0.9,0,11.2,1.33434,0.05,0,NA,NA,NA,NA,NA,NA,NA,NA,NA,NA,NA,NA,NA,NA,NA,NA,NA,NA,NA,NA,NA,NA,NA,NA,NA,NA
"303","Harrison Bryant","CLE","TE","2563767","robust",NA,NA,NA,NA,NA,NA,NA,NA,NA,NA,0,0,0.00375,0.0111195,0,0,0,0,0,NA,0,NA,1.6,0.533736,17.975,3.7065,0.1,0.029652,NA,NA,NA,NA,NA,NA,NA,NA,NA,NA,NA,NA,NA,NA,NA,NA,NA,NA,NA,NA,NA,NA,NA,NA,NA,NA
"304","Daniel Bellinger","NYG","TE","2567985","robust",NA,NA,NA,NA,NA,NA,NA,NA,NA,NA,0,0,0.025,0.07413,0,0,0.0125,0.037065,0,NA,0,NA,2.1,0.37065,21.59,5.33736,0.105,0.014826,NA,NA,NA,NA,NA,NA,NA,NA,NA,NA,NA,NA,NA,NA,NA,NA,NA,NA,NA,NA,NA,NA,NA,NA,NA,NA
"305","Ian Thomas","CAR","TE","2560894","robust",NA,NA,NA,NA,NA,NA,NA,NA,NA,NA,0,0,0.00875,0.0259455,0,0,0,0,0,NA,0,NA,1.175,0.14826,10.925,1.4826,0.0275,0,NA,NA,NA,NA,NA,NA,NA,NA,NA,NA,NA,NA,NA,NA,NA,NA,NA,NA,NA,NA,NA,NA,NA,NA,NA,NA
"306","Maxx Williams","ARI","TE","2552468","robust",NA,NA,NA,NA,NA,NA,NA,NA,NA,NA,0,0,0.005,0.014826,0,0,0,0,0,NA,0,NA,1.12,0.355824,12.5,4.180932,0.1,0,NA,NA,NA,NA,NA,NA,NA,NA,NA,NA,NA,NA,NA,NA,NA,NA,NA,NA,NA,NA,NA,NA,NA,NA,NA,NA
"307","Jonnu Smith","NE","TE","2558207","robust",NA,NA,NA,NA,NA,NA,NA,NA,NA,NA,0.14,0,1.615,0.0370649999999999,0.005,0.007413,0,0,0,NA,0,NA,1.8,0.29652,18.05,2.07564,0.1,0,NA,NA,NA,NA,NA,NA,NA,NA,NA,NA,NA,NA,NA,NA,NA,NA,NA,NA,NA,NA,NA,NA,NA,NA,NA,NA
"308","Foster Moreau","LVR","TE","2562317","robust",NA,NA,NA,NA,NA,NA,NA,NA,NA,NA,0,0,0.00625,0.0185325,0,0,0,0,0,NA,0,NA,1.5,0.44478,18.735,9.19212,0.135,0.059304,NA,NA,NA,NA,NA,NA,NA,NA,NA,NA,NA,NA,NA,NA,NA,NA,NA,NA,NA,NA,NA,NA,NA,NA,NA,NA
"309","Brevin Jordan","HOU","TE","2566130","robust",NA,NA,NA,NA,NA,NA,NA,NA,NA,NA,0,0,0.0425,0.0407715,0,0,0,0,0,NA,0,NA,2.25,0.163086,23.61,2.81694,0.175,0.07413,NA,NA,NA,NA,NA,NA,NA,NA,NA,NA,NA,NA,NA,NA,NA,NA,NA,NA,NA,NA,NA,NA,NA,NA,NA,NA
"310","Jelani Woods","IND","TE","2567724","robust",NA,NA,NA,NA,NA,NA,NA,NA,NA,NA,0,0,0.03,0.044478,0,0,0.0125,0,0,NA,0,NA,1.35,0.904386,14.45,12.89862,0.1,0.07413,NA,NA,NA,NA,NA,NA,NA,NA,NA,NA,NA,NA,NA,NA,NA,NA,NA,NA,NA,NA,NA,NA,NA,NA,NA,NA
"311","Tommy Tremble","CAR","TE","2565914","robust",NA,NA,NA,NA,NA,NA,NA,NA,NA,NA,0,0,0.155,0.459606,0,0,0,0,0,NA,0,NA,1.5,0.429954,14.5175,6.37518,0.0775,0,NA,NA,NA,NA,NA,NA,NA,NA,NA,NA,NA,NA,NA,NA,NA,NA,NA,NA,NA,NA,NA,NA,NA,NA,NA,NA
"312","John Bates","WAS","TE","2566580","robust",NA,NA,NA,NA,NA,NA,NA,NA,NA,NA,0,0,0.0075,0.022239,0,0,0,0,0,NA,0,NA,1.3,0.59304,15.6,4.74432,0.1,0,NA,NA,NA,NA,NA,NA,NA,NA,NA,NA,NA,NA,NA,NA,NA,NA,NA,NA,NA,NA,NA,NA,NA,NA,NA,NA
"313","Durham Smythe","MIA","TE","2560880","robust",NA,NA,NA,NA,NA,NA,NA,NA,NA,NA,0,0,0.16125,0.23906925,0.00125,0.00185325,0,0,0,NA,0,NA,1.85,0.459606,18.75,5.33736,0.095,0.014826,NA,NA,NA,NA,NA,NA,NA,NA,NA,NA,NA,NA,NA,NA,NA,NA,NA,NA,NA,NA,NA,NA,NA,NA,NA,NA
"314","Trey McBride","ARI","TE","2568117","robust",NA,NA,NA,NA,NA,NA,NA,NA,NA,NA,0,0,0,0,0,0,0.0125,0.0185325,0,NA,0,NA,1.6,0.237216,17,2.587137,0.05,0,NA,NA,NA,NA,NA,NA,NA,NA,NA,NA,NA,NA,NA,NA,NA,NA,NA,NA,NA,NA,NA,NA,NA,NA,NA,NA
"315","Dan Arnold","JAC","TE","2559385","robust",NA,NA,NA,NA,NA,NA,NA,NA,NA,NA,0,0,0.00375,0.00555975,0,0,0.05,0.07413,0,NA,0,NA,1.65,0.14826,20.5,1.33434,0.1,0.007413,NA,NA,NA,NA,NA,NA,NA,NA,NA,NA,NA,NA,NA,NA,NA,NA,NA,NA,NA,NA,NA,NA,NA,NA,NA,NA
"316","Cade Otton","TB","TE","2568312","robust",NA,NA,NA,NA,NA,NA,NA,NA,NA,NA,0,0,0,0,0,0,0,0,0,NA,0,NA,1.4,0.44478,14.8,4.59606,0.1,0.07413,NA,NA,NA,NA,NA,NA,NA,NA,NA,NA,NA,NA,NA,NA,NA,NA,NA,NA,NA,NA,NA,NA,NA,NA,NA,NA
"317","Taysom Hill","NO","TE","2558954","robust",NA,NA,NA,NA,NA,NA,NA,NA,NA,NA,0,0,8.37333333333333,2.777404,0.143333333333333,0.009884,0.1,0.0029652,0,NA,0,NA,1.2,0.7413,13.3,8.96973,0.1,0.059304,NA,NA,NA,NA,NA,NA,NA,NA,NA,NA,NA,NA,NA,NA,NA,NA,NA,NA,NA,NA,NA,NA,NA,NA,NA,NA
"318","Ross Dwelley","SF","TE","2561060","robust",NA,NA,NA,NA,NA,NA,NA,NA,NA,NA,0,0,0,0,0,0,0,0,0,NA,0,NA,1.1,0.59304,11.185,10.82298,0.1,0.118608,NA,NA,NA,NA,NA,NA,NA,NA,NA,NA,NA,NA,NA,NA,NA,NA,NA,NA,NA,NA,NA,NA,NA,NA,NA,NA
"319","Ryan Griffin","CHI","TE","2541316","robust",NA,NA,NA,NA,NA,NA,NA,NA,NA,NA,0,0,0.00625,0.00926625,0,0,0,0,0,NA,0,NA,1.065,0.548562,10.8,5.26323,0.06,0.07413,NA,NA,NA,NA,NA,NA,NA,NA,NA,NA,NA,NA,NA,NA,NA,NA,NA,NA,NA,NA,NA,NA,NA,NA,NA,NA
"320","Geoff Swaim","TEN","TE","2553454","robust",NA,NA,NA,NA,NA,NA,NA,NA,NA,NA,0,0,0.0075,0.0111195,0,0,0,0,0,NA,0,NA,1.66,0.318759,13.155,1.549317,0.11,0.00741300000000001,NA,NA,NA,NA,NA,NA,NA,NA,NA,NA,NA,NA,NA,NA,NA,NA,NA,NA,NA,NA,NA,NA,NA,NA,NA,NA
"321","Anthony Firkser","FA","TE","2558942","robust",NA,NA,NA,NA,NA,NA,NA,NA,NA,NA,0,0,0.025,0.037065,0,0,0,0,0,NA,0,NA,1.1675,0,14.745,0,0.105,0,NA,NA,NA,NA,NA,NA,NA,NA,NA,NA,NA,NA,NA,NA,NA,NA,NA,NA,NA,NA,NA,NA,NA,NA,NA,NA
"322","Jordan Akins","FA","TE","2560951","robust",NA,NA,NA,NA,NA,NA,NA,NA,NA,NA,0,0,0,0,0,0,0,0,NA,NA,NA,NA,1.8,0,18.3,0,0.1,0,NA,NA,NA,NA,NA,NA,NA,NA,NA,NA,NA,NA,NA,NA,NA,NA,NA,NA,NA,NA,NA,NA,NA,NA,NA,NA
"323","Zach Gentry","PIT","TE","2562654","robust",NA,NA,NA,NA,NA,NA,NA,NA,NA,NA,0,0,0.005,0,0,0,0,0,0,NA,0,NA,1.265,0.192738,11.97,0.696821999999998,0.04,0.059304,NA,NA,NA,NA,NA,NA,NA,NA,NA,NA,NA,NA,NA,NA,NA,NA,NA,NA,NA,NA,NA,NA,NA,NA,NA,NA
"324","Jody Fortson","KC","TE","2563259","robust",NA,NA,NA,NA,NA,NA,NA,NA,NA,NA,0,0,0.005,0.014826,0,0,0,0,0,NA,0,NA,0.685,0.44478,6.5825,4.15128,0.0725,0,NA,NA,NA,NA,NA,NA,NA,NA,NA,NA,NA,NA,NA,NA,NA,NA,NA,NA,NA,NA,NA,NA,NA,NA,NA,NA
"325","Josiah Deguara","GB","TE","2563980","robust",NA,NA,NA,NA,NA,NA,NA,NA,NA,NA,0,0,0.01125,0.01667925,0,0,0,0,0,NA,0,NA,1.135,0.266868,11.67,3.40998,0.1,0,NA,NA,NA,NA,NA,NA,NA,NA,NA,NA,NA,NA,NA,NA,NA,NA,NA,NA,NA,NA,NA,NA,NA,NA,NA,NA
"326","Eric Saubert","DEN","TE","2558023","robust",NA,NA,NA,NA,NA,NA,NA,NA,NA,NA,0,0,0,0,0,0,0,0,0,NA,0,NA,0.7,0,7,1.03782,0.1,0,NA,NA,NA,NA,NA,NA,NA,NA,NA,NA,NA,NA,NA,NA,NA,NA,NA,NA,NA,NA,NA,NA,NA,NA,NA,NA
"327","Pharaoh Brown","HOU","TE","2559018","robust",NA,NA,NA,NA,NA,NA,NA,NA,NA,NA,0,0,0.0075,0.022239,0,0,0.05,0.07413,0,NA,0,NA,1.4125,0.429954,13.525,2.52042,0.0575,0.029652,NA,NA,NA,NA,NA,NA,NA,NA,NA,NA,NA,NA,NA,NA,NA,NA,NA,NA,NA,NA,NA,NA,NA,NA,NA,NA
"328","Marcedes Lewis","GB","TE","2495888","robust",NA,NA,NA,NA,NA,NA,NA,NA,NA,NA,0,0,0.01125,0.0333585,0,0,0.0125,0.037065,0,NA,0,NA,1,0.0593040000000001,11.35,1.92738,0.0275,0,NA,NA,NA,NA,NA,NA,NA,NA,NA,NA,NA,NA,NA,NA,NA,NA,NA,NA,NA,NA,NA,NA,NA,NA,NA,NA
"329","Will Dissly","SEA","TE","2561046","robust",NA,NA,NA,NA,NA,NA,NA,NA,NA,NA,0,0,0.00625,0.0185325,0,0,0,0,0,NA,0,NA,1.095,0.281694,11.8875,2.52042,0.05,0.059304,NA,NA,NA,NA,NA,NA,NA,NA,NA,NA,NA,NA,NA,NA,NA,NA,NA,NA,NA,NA,NA,NA,NA,NA,NA,NA
"330","Jake Ferguson","DAL","TE","2567496","robust",NA,NA,NA,NA,NA,NA,NA,NA,NA,NA,0,0,0.116666666666667,0.02471,0,0,0,0,0,NA,0,NA,0.9,0.14826,9.5,3.7065,0.1,0,NA,NA,NA,NA,NA,NA,NA,NA,NA,NA,NA,NA,NA,NA,NA,NA,NA,NA,NA,NA,NA,NA,NA,NA,NA,NA
"331","Brock Wright","DET","TE","2567221","robust",NA,NA,NA,NA,NA,NA,NA,NA,NA,NA,0,0,0.005,0.007413,0,0,0,0,0,NA,0,NA,1,0.237216,8.81,2.59455,0.1,0.037065,NA,NA,NA,NA,NA,NA,NA,NA,NA,NA,NA,NA,NA,NA,NA,NA,NA,NA,NA,NA,NA,NA,NA,NA,NA,NA
"332","Tommy Sweeney","BUF","TE","2562750","robust",NA,NA,NA,NA,NA,NA,NA,NA,NA,NA,0,0,0,0,0,0,0,0,0,NA,0,NA,1,0.37065,8.9,3.63237,0,0,NA,NA,NA,NA,NA,NA,NA,NA,NA,NA,NA,NA,NA,NA,NA,NA,NA,NA,NA,NA,NA,NA,NA,NA,NA,NA
"333","Charlie Woerner","SF","TE","2565129","robust",NA,NA,NA,NA,NA,NA,NA,NA,NA,NA,0,0,0,0,0,0,0,0,0,NA,0,NA,0.72,0.0593040000000001,7.1,0.504084,0.08,0,NA,NA,NA,NA,NA,NA,NA,NA,NA,NA,NA,NA,NA,NA,NA,NA,NA,NA,NA,NA,NA,NA,NA,NA,NA,NA
"334","Parker Hesse","ATL","TE","2563272","robust",NA,NA,NA,NA,NA,NA,NA,NA,NA,NA,0,0,0.00625,0.00926625,0,0,0,0,0,NA,0,NA,0.94,0.0741299999999999,9.805,1.77912,0.075,0,NA,NA,NA,NA,NA,NA,NA,NA,NA,NA,NA,NA,NA,NA,NA,NA,NA,NA,NA,NA,NA,NA,NA,NA,NA,NA
"335","Jack Stoll","PHI","TE","2567061","robust",NA,NA,NA,NA,NA,NA,NA,NA,NA,NA,0,0,0,0,0,0,0,0,0,NA,0,NA,0.5525,0.281694,5.7975,3.869586,0.005,0,NA,NA,NA,NA,NA,NA,NA,NA,NA,NA,NA,NA,NA,NA,NA,NA,NA,NA,NA,NA,NA,NA,NA,NA,NA,NA
"336","Kylen Granson","IND","TE","2566145","robust",NA,NA,NA,NA,NA,NA,NA,NA,NA,NA,0,0,0,0,0,0,0,0,0,NA,0,NA,0.9,0.14826,10.25,0.7413,0.05,0.07413,NA,NA,NA,NA,NA,NA,NA,NA,NA,NA,NA,NA,NA,NA,NA,NA,NA,NA,NA,NA,NA,NA,NA,NA,NA,NA
"337","Donald Parham","LAC","TE","2562394","robust",NA,NA,NA,NA,NA,NA,NA,NA,NA,NA,0,0,0,0,0,0,0,0,0,NA,0,NA,1.075,0,10.85,0,0.1,0,NA,NA,NA,NA,NA,NA,NA,NA,NA,NA,NA,NA,NA,NA,NA,NA,NA,NA,NA,NA,NA,NA,"D","Hamstring",1,2022
"338","Chris Myarick","NYG","TE","2563210","robust",NA,NA,NA,NA,NA,NA,NA,NA,NA,NA,0,0,0.045,0.0333585,0,0,0,0,0,NA,0,NA,0.83,0.200151,7.5875,2.2239,0.085,0.014826,NA,NA,NA,NA,NA,NA,NA,NA,NA,NA,NA,NA,NA,NA,NA,NA,NA,NA,NA,NA,NA,NA,NA,NA,NA,NA
"339","Richard Rodgers","FA","TE","2550313","robust",NA,NA,NA,NA,NA,NA,NA,NA,NA,NA,NA,NA,0.04,0,NA,NA,0,0,NA,NA,NA,NA,0.825,0.0370649999999999,10.035,0.496671,0.095,0.00741300000000001,NA,NA,NA,NA,NA,NA,NA,NA,NA,NA,NA,NA,NA,NA,NA,NA,NA,NA,NA,NA,NA,NA,NA,NA,NA,NA
"340","Kendall Blanton","FA","TE","2562234","robust",NA,NA,NA,NA,NA,NA,NA,NA,NA,NA,0,0,0,0,0,0,0,0,NA,NA,NA,NA,0.95,0.07413,10.3,0,0.1,0,NA,NA,NA,NA,NA,NA,NA,NA,NA,NA,NA,NA,NA,NA,NA,NA,NA,NA,NA,NA,NA,NA,NA,NA,NA,NA
"341","Feleipe Franks","ATL","TE","2566683","robust",NA,NA,NA,NA,NA,NA,NA,NA,NA,NA,NA,NA,0,0,0,0,0,0,NA,NA,NA,NA,0.55,0.66717,5.5,6.6717,0,0,NA,NA,NA,NA,NA,NA,NA,NA,NA,NA,NA,NA,NA,NA,NA,NA,NA,NA,NA,NA,NA,NA,NA,NA,NA,NA
"342","Tre' McKitty","LAC","TE","2566490","robust",NA,NA,NA,NA,NA,NA,NA,NA,NA,NA,0,0,0,0,0,0,0,0,0,NA,0,NA,0.8,0.14826,7.55,0.652344000000001,0.08,0,NA,NA,NA,NA,NA,NA,NA,NA,NA,NA,NA,NA,NA,NA,NA,NA,NA,NA,NA,NA,NA,NA,NA,NA,NA,NA
"343","O.J. Howard","HOU","TE","2557856","robust",NA,NA,NA,NA,NA,NA,NA,NA,NA,NA,0,0,0,0,0,0,0,0,0,NA,0,NA,0.8,0.07413,8.7325,0.0667169999999999,0.0375,0.037065,NA,NA,NA,NA,NA,NA,NA,NA,NA,NA,NA,NA,NA,NA,NA,NA,NA,NA,NA,NA,NA,NA,NA,NA,NA,NA
"344","Nick Boyle","BAL","TE","2552402","robust",NA,NA,NA,NA,NA,NA,NA,NA,NA,NA,0,0,0.02,0.029652,0,0,0,0,0,NA,0,NA,0.625,0.14826,5.4,3.26172,0.02,0.029652,NA,NA,NA,NA,NA,NA,NA,NA,NA,NA,NA,NA,NA,NA,NA,NA,NA,NA,NA,NA,NA,NA,NA,NA,NA,NA
"345","Cardinals","ARI","DST","100026","robust",NA,NA,NA,NA,NA,NA,NA,NA,NA,NA,NA,NA,NA,NA,NA,NA,NA,NA,NA,NA,NA,NA,NA,NA,NA,NA,NA,NA,0.655,0.0741299999999999,1.9,0,0.01,0.014826,0.14,0.044478,0,NA,NA,NA,NA,NA,NA,NA,NA,NA,NA,NA,NA,NA,NA,NA,NA,NA
"346","Raiders","LVR","DST","100018","robust",NA,NA,NA,NA,NA,NA,NA,NA,NA,NA,NA,NA,NA,NA,NA,NA,NA,NA,NA,NA,NA,NA,NA,NA,NA,NA,NA,NA,0.7,0.103782,1.95,0.252042,0.0433333333333333,0.019768,0.125,0.059304,0,NA,NA,NA,NA,NA,NA,NA,NA,NA,NA,NA,NA,NA,NA,NA,NA,NA
"347","Steelers","PIT","DST","100027","robust",NA,NA,NA,NA,NA,NA,NA,NA,NA,NA,NA,NA,NA,NA,NA,NA,NA,NA,NA,NA,NA,NA,NA,NA,NA,NA,NA,NA,0.765,0.14826,3.2,0.14826,0.0133333333333333,0.019768,0.15,0.059304,0,NA,NA,NA,NA,NA,NA,NA,NA,NA,NA,NA,NA,NA,NA,NA,NA,NA
"348","Lions","DET","DST","100010","robust",NA,NA,NA,NA,NA,NA,NA,NA,NA,NA,NA,NA,NA,NA,NA,NA,NA,NA,NA,NA,NA,NA,NA,NA,NA,NA,NA,NA,0.765,0.0593039999999999,1.85,0.29652,0.01,0.014826,0.1,0.059304,0,NA,NA,NA,NA,NA,NA,NA,NA,NA,NA,NA,NA,NA,NA,NA,NA,NA
"349","Vikings","MIN","DST","100020","robust",NA,NA,NA,NA,NA,NA,NA,NA,NA,NA,NA,NA,NA,NA,NA,NA,NA,NA,NA,NA,NA,NA,NA,NA,NA,NA,NA,NA,0.565,0.252042,2.355,0.237216,0.01,0.014826,0.18,0,0,NA,NA,NA,NA,NA,NA,NA,NA,NA,NA,NA,NA,NA,NA,NA,NA,NA
"350","Giants","NYG","DST","100023","robust",NA,NA,NA,NA,NA,NA,NA,NA,NA,NA,NA,NA,NA,NA,NA,NA,NA,NA,NA,NA,NA,NA,NA,NA,NA,NA,NA,NA,0.8,0.0444779999999999,2.225,0.429954,0.01,0.014826,0.125,0.07413,0,NA,NA,NA,NA,NA,NA,NA,NA,NA,NA,NA,NA,NA,NA,NA,NA,NA
"351","Texans","HOU","DST","100013","robust",NA,NA,NA,NA,NA,NA,NA,NA,NA,NA,NA,NA,NA,NA,NA,NA,NA,NA,NA,NA,NA,NA,NA,NA,NA,NA,NA,NA,0.7,0,2.09,0.29652,0.0466666666666667,0.009884,0.15,0.07413,0,NA,NA,NA,NA,NA,NA,NA,NA,NA,NA,NA,NA,NA,NA,NA,NA,NA
"352","Rams","LAR","DST","100017","robust",NA,NA,NA,NA,NA,NA,NA,NA,NA,NA,NA,NA,NA,NA,NA,NA,NA,NA,NA,NA,NA,NA,NA,NA,NA,NA,NA,NA,0.95,0.0889560000000001,2.2,0.14826,0.01,0.014826,0.15,0.07413,0,NA,NA,NA,NA,NA,NA,NA,NA,NA,NA,NA,NA,NA,NA,NA,NA,NA
"353","Cowboys","DAL","DST","100008","robust",NA,NA,NA,NA,NA,NA,NA,NA,NA,NA,NA,NA,NA,NA,NA,NA,NA,NA,NA,NA,NA,NA,NA,NA,NA,NA,NA,NA,0.975,0.400302,1.8,0.192738,0.01,0.014826,0.17,0.059304,0,NA,NA,NA,NA,NA,NA,NA,NA,NA,NA,NA,NA,NA,NA,NA,NA,NA
"354","Jets","NYJ","DST","100024","robust",NA,NA,NA,NA,NA,NA,NA,NA,NA,NA,NA,NA,NA,NA,NA,NA,NA,NA,NA,NA,NA,NA,NA,NA,NA,NA,NA,NA,0.765,0.103782,2.59,0.222390000000001,0.0166666666666667,0.02471,0.15,0.059304,0,NA,NA,NA,NA,NA,NA,NA,NA,NA,NA,NA,NA,NA,NA,NA,NA,NA
"355","Seahawks","SEA","DST","100030","robust",NA,NA,NA,NA,NA,NA,NA,NA,NA,NA,NA,NA,NA,NA,NA,NA,NA,NA,NA,NA,NA,NA,NA,NA,NA,NA,NA,NA,0.62,0.14826,2.2,0.29652,0.05,0,0.1,0.044478,0,NA,NA,NA,NA,NA,NA,NA,NA,NA,NA,NA,NA,NA,NA,NA,NA,NA
"356","Commanders","WAS","DST","100032","robust",NA,NA,NA,NA,NA,NA,NA,NA,NA,NA,NA,NA,NA,NA,NA,NA,NA,NA,NA,NA,NA,NA,NA,NA,NA,NA,NA,NA,0.8,0,2.1,0.14826,0.0133333333333333,0.019768,0.19,0,0,NA,NA,NA,NA,NA,NA,NA,NA,NA,NA,NA,NA,NA,NA,NA,NA,NA
"357","Patriots","NE","DST","100021","robust",NA,NA,NA,NA,NA,NA,NA,NA,NA,NA,NA,NA,NA,NA,NA,NA,NA,NA,NA,NA,NA,NA,NA,NA,NA,NA,NA,NA,0.945,0.22239,2.085,0.163086,0.01,0.014826,0.14,0.059304,0,NA,NA,NA,NA,NA,NA,NA,NA,NA,NA,NA,NA,NA,NA,NA,NA,NA
"358","Jaguars","JAC","DST","100015","robust",NA,NA,NA,NA,NA,NA,NA,NA,NA,NA,NA,NA,NA,NA,NA,NA,NA,NA,NA,NA,NA,NA,NA,NA,NA,NA,NA,NA,0.665,0.103782,2.4,0.14826,0.01,0.014826,0.1,0.07413,0,NA,NA,NA,NA,NA,NA,NA,NA,NA,NA,NA,NA,NA,NA,NA,NA,NA
"359","Buccaneers","TB","DST","100031","robust",NA,NA,NA,NA,NA,NA,NA,NA,NA,NA,NA,NA,NA,NA,NA,NA,NA,NA,NA,NA,NA,NA,NA,NA,NA,NA,NA,NA,0.71,0.14826,2.4,0.207564,0.01,0.014826,0.13,0.059304,0,NA,NA,NA,NA,NA,NA,NA,NA,NA,NA,NA,NA,NA,NA,NA,NA,NA
"360","Chargers","LAC","DST","100028","robust",NA,NA,NA,NA,NA,NA,NA,NA,NA,NA,NA,NA,NA,NA,NA,NA,NA,NA,NA,NA,NA,NA,NA,NA,NA,NA,NA,NA,0.8,0.14826,2.48,0.0593040000000001,0.01,0.014826,0.185,0,0,NA,NA,NA,NA,NA,NA,NA,NA,NA,NA,NA,NA,NA,NA,NA,NA,NA
"361","Falcons","ATL","DST","100001","robust",NA,NA,NA,NA,NA,NA,NA,NA,NA,NA,NA,NA,NA,NA,NA,NA,NA,NA,NA,NA,NA,NA,NA,NA,NA,NA,NA,NA,0.78,0.0741300000000001,1.485,0.37065,0.0433333333333333,0.019768,0.14,0.059304,0,NA,NA,NA,NA,NA,NA,NA,NA,NA,NA,NA,NA,NA,NA,NA,NA,NA
"362","Bills","BUF","DST","100003","robust",NA,NA,NA,NA,NA,NA,NA,NA,NA,NA,NA,NA,NA,NA,NA,NA,NA,NA,NA,NA,NA,NA,NA,NA,NA,NA,NA,NA,0.97,0.103782,2.33,0.281694,0.01,0.014826,0.135,0.059304,0,NA,NA,NA,NA,NA,NA,NA,NA,NA,NA,NA,NA,NA,NA,NA,NA,NA
"363","Chiefs","KC","DST","100016","robust",NA,NA,NA,NA,NA,NA,NA,NA,NA,NA,NA,NA,NA,NA,NA,NA,NA,NA,NA,NA,NA,NA,NA,NA,NA,NA,NA,NA,0.8,0.14826,2.15,0.22239,0.01,0.014826,0.185,0,0,NA,NA,NA,NA,NA,NA,NA,NA,NA,NA,NA,NA,NA,NA,NA,NA,NA
"364","Bears","CHI","DST","100005","robust",NA,NA,NA,NA,NA,NA,NA,NA,NA,NA,NA,NA,NA,NA,NA,NA,NA,NA,NA,NA,NA,NA,NA,NA,NA,NA,NA,NA,0.7,0.0889560000000001,2.22,0.429954,0.0433333333333333,0.019768,0.15,0.07413,0,NA,NA,NA,NA,NA,NA,NA,NA,NA,NA,NA,NA,NA,NA,NA,NA,NA
"365","Packers","GB","DST","100011","robust",NA,NA,NA,NA,NA,NA,NA,NA,NA,NA,NA,NA,NA,NA,NA,NA,NA,NA,NA,NA,NA,NA,NA,NA,NA,NA,NA,NA,0.95,0.207564,2.295,0.177912,0.01,0.014826,0.13,0,0,NA,NA,NA,NA,NA,NA,NA,NA,NA,NA,NA,NA,NA,NA,NA,NA,NA
"366","Dolphins","MIA","DST","100019","robust",NA,NA,NA,NA,NA,NA,NA,NA,NA,NA,NA,NA,NA,NA,NA,NA,NA,NA,NA,NA,NA,NA,NA,NA,NA,NA,NA,NA,0.9,0.252042,2.345,0.207564,0.0133333333333333,0.019768,0.2,0.044478,0,NA,NA,NA,NA,NA,NA,NA,NA,NA,NA,NA,NA,NA,NA,NA,NA,NA
"367","Eagles","PHI","DST","100025","robust",NA,NA,NA,NA,NA,NA,NA,NA,NA,NA,NA,NA,NA,NA,NA,NA,NA,NA,NA,NA,NA,NA,NA,NA,NA,NA,NA,NA,0.7,0.014826,2.35,0.66717,0.01,0.014826,0.17,0.103782,0,NA,NA,NA,NA,NA,NA,NA,NA,NA,NA,NA,NA,NA,NA,NA,NA,NA
"368","Panthers","CAR","DST","100004","robust",NA,NA,NA,NA,NA,NA,NA,NA,NA,NA,NA,NA,NA,NA,NA,NA,NA,NA,NA,NA,NA,NA,NA,NA,NA,NA,NA,NA,0.73,0.163086,2.41,0.163086,0.0466666666666667,0.009884,0.15,0.07413,0,NA,NA,NA,NA,NA,NA,NA,NA,NA,NA,NA,NA,NA,NA,NA,NA,NA
"369","Browns","CLE","DST","100007","robust",NA,NA,NA,NA,NA,NA,NA,NA,NA,NA,NA,NA,NA,NA,NA,NA,NA,NA,NA,NA,NA,NA,NA,NA,NA,NA,NA,NA,1.055,0.133434,2.7,0.14826,0.01,0.014826,0.165,0.014826,0,NA,NA,NA,NA,NA,NA,NA,NA,NA,NA,NA,NA,NA,NA,NA,NA,NA
"370","Broncos","DEN","DST","100009","robust",NA,NA,NA,NA,NA,NA,NA,NA,NA,NA,NA,NA,NA,NA,NA,NA,NA,NA,NA,NA,NA,NA,NA,NA,NA,NA,NA,NA,0.84,0.118608,2.745,0.66717,0.04,0.029652,0.13,0,0,NA,NA,NA,NA,NA,NA,NA,NA,NA,NA,NA,NA,NA,NA,NA,NA,NA
"371","Saints","NO","DST","100022","robust",NA,NA,NA,NA,NA,NA,NA,NA,NA,NA,NA,NA,NA,NA,NA,NA,NA,NA,NA,NA,NA,NA,NA,NA,NA,NA,NA,NA,1.045,0.14826,3.05,0.0148260000000003,0.0133333333333333,0.019768,0.175,0,0,NA,NA,NA,NA,NA,NA,NA,NA,NA,NA,NA,NA,NA,NA,NA,NA,NA
"372","49ers","SF","DST","100029","robust",NA,NA,NA,NA,NA,NA,NA,NA,NA,NA,NA,NA,NA,NA,NA,NA,NA,NA,NA,NA,NA,NA,NA,NA,NA,NA,NA,NA,0.885,0.252042,3.52,0.14826,0.05,0,0.18,0.029652,0,NA,NA,NA,NA,NA,NA,NA,NA,NA,NA,NA,NA,NA,NA,NA,NA,NA
"373","Bengals","CIN","DST","100006","robust",NA,NA,NA,NA,NA,NA,NA,NA,NA,NA,NA,NA,NA,NA,NA,NA,NA,NA,NA,NA,NA,NA,NA,NA,NA,NA,NA,NA,0.98,0.044478,2.165,0.0148260000000003,0.0133333333333333,0.019768,0.15,0.07413,0,NA,NA,NA,NA,NA,NA,NA,NA,NA,NA,NA,NA,NA,NA,NA,NA,NA
"374","Ravens","BAL","DST","100002","robust",NA,NA,NA,NA,NA,NA,NA,NA,NA,NA,NA,NA,NA,NA,NA,NA,NA,NA,NA,NA,NA,NA,NA,NA,NA,NA,NA,NA,0.81,0.14826,2.17,0.103782,0.0166666666666667,0.02471,0.18,0,0,NA,NA,NA,NA,NA,NA,NA,NA,NA,NA,NA,NA,NA,NA,NA,NA,NA
"375","Colts","IND","DST","100014","robust",NA,NA,NA,NA,NA,NA,NA,NA,NA,NA,NA,NA,NA,NA,NA,NA,NA,NA,NA,NA,NA,NA,NA,NA,NA,NA,NA,NA,1,0.192738,2.25,0.281694,0.01,0.014826,0.18,0,0,NA,NA,NA,NA,NA,NA,NA,NA,NA,NA,NA,NA,NA,NA,NA,NA,NA
"376","Titans","TEN","DST","100012","robust",NA,NA,NA,NA,NA,NA,NA,NA,NA,NA,NA,NA,NA,NA,NA,NA,NA,NA,NA,NA,NA,NA,NA,NA,NA,NA,NA,NA,0.97,0.103782,2.65,0.133434,0.0166666666666667,0.02471,0.175,0,0,NA,NA,NA,NA,NA,NA,NA,NA,NA,NA,NA,NA,NA,NA,NA,NA,NA
"377","Harrison Butker","KC","K","2558245","robust",NA,NA,NA,NA,NA,NA,NA,NA,NA,NA,NA,NA,NA,NA,NA,NA,NA,NA,NA,NA,NA,NA,NA,NA,NA,NA,NA,NA,NA,NA,NA,NA,NA,NA,NA,NA,NA,NA,0,0,0.412931250197803,0.114252175372523,0.54,0.0945701566235468,0.453613739502678,0.122243198889413,0.255930501642281,0.0397259390862944,2.9775,0.459606,NA,NA,NA,NA
"378","Jake Elliott","PHI","K","2558172","robust",NA,NA,NA,NA,NA,NA,NA,NA,NA,NA,NA,NA,NA,NA,NA,NA,NA,NA,NA,NA,NA,NA,NA,NA,NA,NA,NA,NA,NA,NA,NA,NA,NA,NA,NA,NA,NA,NA,0.00994764397905759,0.00569235602094241,0.43611822824046,0.117632262227168,0.595957889996059,0.014826,0.53,0.103068368856612,0.143355148342059,0.0389698084385587,2.645,0.563388,NA,NA,NA,NA
"379","Rodrigo Blankenship","IND","K","2564106","robust",NA,NA,NA,NA,NA,NA,NA,NA,NA,NA,NA,NA,NA,NA,NA,NA,NA,NA,NA,NA,NA,NA,NA,NA,NA,NA,NA,NA,NA,NA,NA,NA,NA,NA,NA,NA,NA,NA,0.00627027027027027,0.00170966486486487,0.49179252782194,0.0201412034976153,0.600402424483307,0.0991051709062002,0.592568561208267,0.0825172575516693,0.115365365365365,0.0261792432432433,2.625,0.14826,NA,NA,NA,NA
"380","Ryan Succop","TB","K","89802","robust",NA,NA,NA,NA,NA,NA,NA,NA,NA,NA,NA,NA,NA,NA,NA,NA,NA,NA,NA,NA,NA,NA,NA,NA,NA,NA,NA,NA,NA,NA,NA,NA,NA,NA,NA,NA,NA,NA,0.0160580595874714,0.00983680748663102,0.54,0.126793069518717,0.576429844665139,0.0698902245989304,0.476372973431797,0.0700588591800356,0.088921568627451,0.0325590588235294,2.85,0.252042000000001,NA,NA,NA,NA
"381","Tyler Bass","BUF","K","2563596","robust",NA,NA,NA,NA,NA,NA,NA,NA,NA,NA,NA,NA,NA,NA,NA,NA,NA,NA,NA,NA,NA,NA,NA,NA,NA,NA,NA,NA,NA,NA,NA,NA,NA,NA,NA,NA,NA,NA,0.0119354838709677,0.00499513978494623,0.61173094025386,0.220735874363328,0.48222035683968,0.082182400466893,0.467323828725038,0.126563310483871,0.2,0.0385263440860215,2.53,0.0593040000000001,NA,NA,NA,NA
"382","Dustin Hopkins","LAC","K","2539227","robust",NA,NA,NA,NA,NA,NA,NA,NA,NA,NA,NA,NA,NA,NA,NA,NA,NA,NA,NA,NA,NA,NA,NA,NA,NA,NA,NA,NA,NA,NA,NA,NA,NA,NA,NA,NA,NA,NA,0.0471123566238222,0.0130502038748619,0.563620305513048,0.0956522369165618,0.525761875409807,0.0359315925949038,0.594504698623428,0.0849414419685467,0.113517051185624,0.0212466841580522,2.8,0.29652,NA,NA,NA,NA
"383","Mason Crosby","GB","K","2507232","robust",NA,NA,NA,NA,NA,NA,NA,NA,NA,NA,NA,NA,NA,NA,NA,NA,NA,NA,NA,NA,NA,NA,NA,NA,NA,NA,NA,NA,NA,NA,NA,NA,NA,NA,NA,NA,NA,NA,0.0205477600136793,0.0106658724404736,0.504056327254373,0.103782,0.549481583648873,0.029652,0.43561039611825,0.00171027181947915,0.137344234852197,0.036547433855953,2.5925,0.400302,NA,NA,NA,NA
"384","Brett Maher","DAL","K","2540243","robust",NA,NA,NA,NA,NA,NA,NA,NA,NA,NA,NA,NA,NA,NA,NA,NA,NA,NA,NA,NA,NA,NA,NA,NA,NA,NA,NA,NA,NA,NA,NA,NA,NA,NA,NA,NA,NA,NA,0.0068844696969697,0.00112318181818182,0.495,0.0816881848001857,0.685551290467194,0.08357754555061,0.492144996437606,0.0651135877309552,0.113168449197861,0.0187307085561497,2.4625,0.59304,NA,NA,NA,NA
"385","Randy Bullock","TEN","K","2533444","robust",NA,NA,NA,NA,NA,NA,NA,NA,NA,NA,NA,NA,NA,NA,NA,NA,NA,NA,NA,NA,NA,NA,NA,NA,NA,NA,NA,NA,NA,NA,NA,NA,NA,NA,NA,NA,NA,NA,0.00943396226415094,0.0251762264150943,0.480659724927161,0.0795067147453375,0.654732498286151,0.0593040000000001,0.534752519163953,0.0902918339649908,0.117764244426094,0.0230225375722543,2.5225,0.14826,NA,NA,NA,NA
"386","Evan McPherson","CIN","K","2565953","robust",NA,NA,NA,NA,NA,NA,NA,NA,NA,NA,NA,NA,NA,NA,NA,NA,NA,NA,NA,NA,NA,NA,NA,NA,NA,NA,NA,NA,NA,NA,NA,NA,NA,NA,NA,NA,NA,NA,0,0,0.481423311856748,0.00422040431763029,0.750455563923056,0.00270167628929236,0.513357041251778,0.00995429871977227,0.30373268004847,0.0110681428797218,2.5175,0.340998,NA,NA,NA,NA
"387","Austin Seibert","DET","K","2562729","robust",NA,NA,NA,NA,NA,NA,NA,NA,NA,NA,NA,NA,NA,NA,NA,NA,NA,NA,NA,NA,NA,NA,NA,NA,NA,NA,NA,NA,NA,NA,NA,NA,NA,NA,NA,NA,NA,NA,0,0,0.462759807231874,0.0577632391920927,0.659845805963124,0.112586156768371,0.50639830560501,0.0865827235066609,0.168300386764074,0.0274447007592036,2.25,0.385476,NA,NA,NA,NA
"388","Justin Tucker","BAL","K","2536340","robust",NA,NA,NA,NA,NA,NA,NA,NA,NA,NA,NA,NA,NA,NA,NA,NA,NA,NA,NA,NA,NA,NA,NA,NA,NA,NA,NA,NA,NA,NA,NA,NA,NA,NA,NA,NA,NA,NA,0.00641304347826087,0.00193382608695652,0.498944707164816,0.029652,0.553968695103206,0.044156102602108,0.648713797524939,0.0426913735177866,0.271844806763285,0.0260401449275362,2.6,0.415128,NA,NA,NA,NA
"389","Graham Gano","NYG","K","71309","robust",NA,NA,NA,NA,NA,NA,NA,NA,NA,NA,NA,NA,NA,NA,NA,NA,NA,NA,NA,NA,NA,NA,NA,NA,NA,NA,NA,NA,NA,NA,NA,NA,NA,NA,NA,NA,NA,NA,0.0084614260666277,0.00530304617182934,0.415200175336061,0.155771926651081,0.565071595558153,0.178124295149036,0.421537112799532,0.0342098468731736,0.245609110169491,0.0678477966101695,1.7475,0.29652,NA,NA,NA,NA
"390","Matt Gay","LAR","K","2562271","robust",NA,NA,NA,NA,NA,NA,NA,NA,NA,NA,NA,NA,NA,NA,NA,NA,NA,NA,NA,NA,NA,NA,NA,NA,NA,NA,NA,NA,NA,NA,NA,NA,NA,NA,NA,NA,NA,NA,0.0130775379696243,0.0090514448441247,0.410760935369352,0.0840777008393286,0.596761590727418,0.133434,0.534949040767386,0.143846080829454,0.18444825708061,0.0203171111111111,2.435,0.103782,NA,NA,NA,NA
"391","Robbie Gould","SF","K","2506264","robust",NA,NA,NA,NA,NA,NA,NA,NA,NA,NA,NA,NA,NA,NA,NA,NA,NA,NA,NA,NA,NA,NA,NA,NA,NA,NA,NA,NA,NA,NA,NA,NA,NA,NA,NA,NA,NA,NA,0.00978348186268357,0.0130339279528053,0.403415890427822,0.0983504034068417,0.408799190289753,0.111246479663709,0.536264599737137,0.0593040000000001,0.242259132121121,0.0650301597575576,2.4,0.14826,NA,NA,NA,NA
"392","Greg Joseph","MIN","K","2561534","robust",NA,NA,NA,NA,NA,NA,NA,NA,NA,NA,NA,NA,NA,NA,NA,NA,NA,NA,NA,NA,NA,NA,NA,NA,NA,NA,NA,NA,NA,NA,NA,NA,NA,NA,NA,NA,NA,NA,0.0054,0.0033888,0.442532648987739,0.0668138107784432,0.598095950955232,0.103782,0.464180211006558,0.101351161676647,0.270546130952381,0.030649225,2.15,0.14826,NA,NA,NA,NA
"393","Eddy Pineiro","CAR","K","2560842","robust",NA,NA,NA,NA,NA,NA,NA,NA,NA,NA,NA,NA,NA,NA,NA,NA,NA,NA,NA,NA,NA,NA,NA,NA,NA,NA,NA,NA,NA,NA,NA,NA,NA,NA,NA,NA,NA,NA,0,0,0.443642230252969,0.0781560588538978,0.471597831698503,0.196750664171399,0.4675,0.0982576502323181,0.192376527275856,0.0950724797797281,1.75,0.29652,NA,NA,NA,NA
"394","Matt Prater","ARI","K","2506677","robust",NA,NA,NA,NA,NA,NA,NA,NA,NA,NA,NA,NA,NA,NA,NA,NA,NA,NA,NA,NA,NA,NA,NA,NA,NA,NA,NA,NA,NA,NA,NA,NA,NA,NA,NA,NA,NA,NA,0.0187738250957675,0.0119738338783519,0.46,0.0651776752779595,0.418702816967205,0.163086,0.393247570774549,0.195947898953564,0.212337273038712,0.106026978417266,2.535,0.44478,NA,NA,NA,NA
"395","Joey Slye","WAS","K","2563132","robust",NA,NA,NA,NA,NA,NA,NA,NA,NA,NA,NA,NA,NA,NA,NA,NA,NA,NA,NA,NA,NA,NA,NA,NA,NA,NA,NA,NA,NA,NA,NA,NA,NA,NA,NA,NA,NA,NA,0,0,0.579760208572236,0.0600150295416053,0.516427057168924,0.174730509917293,0.414431367186872,0.0279658899825117,0.146958867345821,0.0737321064738744,2.18,0.355824,NA,NA,NA,NA
"396","Wil Lutz","NO","K","2556601","robust",NA,NA,NA,NA,NA,NA,NA,NA,NA,NA,NA,NA,NA,NA,NA,NA,NA,NA,NA,NA,NA,NA,NA,NA,NA,NA,NA,NA,NA,NA,NA,NA,NA,NA,NA,NA,NA,NA,0.0222289156626506,0.0196489156626506,0.49650168712826,0.118608,0.668121227607607,0.135276064102075,0.519756593621321,0.0958558347032239,0.119943524096386,0.0348693825301205,2.205,0.29652,NA,NA,NA,NA
"397","Jason Sanders","MIA","K","2561153","robust",NA,NA,NA,NA,NA,NA,NA,NA,NA,NA,NA,NA,NA,NA,NA,NA,NA,NA,NA,NA,NA,NA,NA,NA,NA,NA,NA,NA,NA,NA,NA,NA,NA,NA,NA,NA,NA,NA,0.00621367521367521,0.00557558974358974,0.463047719087635,0.07413,0.572597654446394,0.217343491919845,0.610992166097208,0.0325939709114416,0.201870286576169,0.027281628959276,2.15,0.29652,NA,NA,NA,NA
"398","Chris Boswell","PIT","K","2550545","robust",NA,NA,NA,NA,NA,NA,NA,NA,NA,NA,NA,NA,NA,NA,NA,NA,NA,NA,NA,NA,NA,NA,NA,NA,NA,NA,NA,NA,NA,NA,NA,NA,NA,NA,NA,NA,NA,NA,0.0061981981981982,0.00160281081081081,0.491742845786963,0.121463006756757,0.520396959459459,0.0741299999999999,0.557504471383148,0.0741300000000001,0.274113970588235,0.0111371780604133,1.8,0.29652,NA,NA,NA,NA
"399","Brandon McManus","DEN","K","2541556","robust",NA,NA,NA,NA,NA,NA,NA,NA,NA,NA,NA,NA,NA,NA,NA,NA,NA,NA,NA,NA,NA,NA,NA,NA,NA,NA,NA,NA,NA,NA,NA,NA,NA,NA,NA,NA,NA,NA,0.00596618357487923,0.00477487922705314,0.533028519301646,0.106916330866482,0.577322841871871,0.230328309281529,0.530184844096442,0.0900521994295406,0.322230848861284,0.0823410869565217,2.29,0.237216,NA,NA,NA,NA
"400","Jason Myers","SEA","K","2553112","robust",NA,NA,NA,NA,NA,NA,NA,NA,NA,NA,NA,NA,NA,NA,NA,NA,NA,NA,NA,NA,NA,NA,NA,NA,NA,NA,NA,NA,NA,NA,NA,NA,NA,NA,NA,NA,NA,NA,0.01379848628193,0.00604541721854305,0.384560409237562,0.0557101614875191,0.519859847657861,0.184909420275089,0.475620769958518,0.120448707080999,0.208327228327228,0.0180681692307692,1.905,0.207564,NA,NA,NA,NA
"401","Cade York","CLE","K","2567487","robust",NA,NA,NA,NA,NA,NA,NA,NA,NA,NA,NA,NA,NA,NA,NA,NA,NA,NA,NA,NA,NA,NA,NA,NA,NA,NA,NA,NA,NA,NA,NA,NA,NA,NA,NA,NA,NA,NA,0.00630057803468208,0.00228531791907514,0.486532455552385,0.118608,0.479004167689786,0.130481158033753,0.507822747091576,0.088956,0.135949310804802,0.0509713792796799,1.9,0.177912,NA,NA,NA,NA
"402","Younghoe Koo","ATL","K","2559205","robust",NA,NA,NA,NA,NA,NA,NA,NA,NA,NA,NA,NA,NA,NA,NA,NA,NA,NA,NA,NA,NA,NA,NA,NA,NA,NA,NA,NA,NA,NA,NA,NA,NA,NA,NA,NA,NA,NA,0,0,0.533014879045196,0.0406629474103329,0.520370271313776,0.0204999523330733,0.488821174397103,0.0932230916900605,0.297182562345326,0.0308549641474713,1.9,0.0889559999999997,NA,NA,NA,NA
"403","Cairo Santos","CHI","K","2550636","robust",NA,NA,NA,NA,NA,NA,NA,NA,NA,NA,NA,NA,NA,NA,NA,NA,NA,NA,NA,NA,NA,NA,NA,NA,NA,NA,NA,NA,NA,NA,NA,NA,NA,NA,NA,NA,NA,NA,0.0038265306122449,0.00756428571428571,0.402028557220137,0.118608,0.4,0.0664566621788806,0.481044215954339,0.07413,0.120705156506481,0.0052952997113262,1.775,0.29652,NA,NA,NA,NA
"404","Kaimi Fairbairn","HOU","K","2556521","robust",NA,NA,NA,NA,NA,NA,NA,NA,NA,NA,NA,NA,NA,NA,NA,NA,NA,NA,NA,NA,NA,NA,NA,NA,NA,NA,NA,NA,NA,NA,NA,NA,NA,NA,NA,NA,NA,NA,0.022750819000819,0.0212979557739558,0.461550454050454,0.100966406350406,0.501341001341001,0.134030450576451,0.435490185490185,0.101097171801172,0.261094461094461,0.0716515944055944,1.8,0.29652,NA,NA,NA,NA
"405","Greg Zuerlein","NYJ","K","2534797","robust",NA,NA,NA,NA,NA,NA,NA,NA,NA,NA,NA,NA,NA,NA,NA,NA,NA,NA,NA,NA,NA,NA,NA,NA,NA,NA,NA,NA,NA,NA,NA,NA,NA,NA,NA,NA,NA,NA,0.0228858206032119,0.00815923619271445,0.46231618264227,0.103236944770858,0.57321442560573,0.19176071680376,0.414404062447541,0.156103983548766,0.15,0.0573068468468468,1.8,0.0889560000000001,NA,NA,NA,NA
"406","Daniel Carlson","LVR","K","2560993","robust",NA,NA,NA,NA,NA,NA,NA,NA,NA,NA,NA,NA,NA,NA,NA,NA,NA,NA,NA,NA,NA,NA,NA,NA,NA,NA,NA,NA,NA,NA,NA,NA,NA,NA,NA,NA,NA,NA,0.0114907872696817,0.00466882412060302,0.586882953729687,0.0417579140106125,0.690869833683904,0.136013230839512,0.503615989851857,0.030004751906385,0.253885498923187,0.0189165427135679,2.1,0.14826,NA,NA,NA,NA
"407","Riley Patterson","JAC","K","2567013","robust",NA,NA,NA,NA,NA,NA,NA,NA,NA,NA,NA,NA,NA,NA,NA,NA,NA,NA,NA,NA,NA,NA,NA,NA,NA,NA,NA,NA,NA,NA,NA,NA,NA,NA,NA,NA,NA,NA,0.00245098039215686,0.00236198529411765,0.32198242933537,0.0296746524064171,0.366448943213649,0.079146564171123,0.348220651897122,0.0685636430481283,0.0957792207792208,0.0117934090909091,1.7,0.59304,NA,NA,NA,NA
"408","Nick Folk","NE","K","2507225","robust",NA,NA,NA,NA,NA,NA,NA,NA,NA,NA,NA,NA,NA,NA,NA,NA,NA,NA,NA,NA,NA,NA,NA,NA,NA,NA,NA,NA,NA,NA,NA,NA,NA,NA,NA,NA,NA,NA,0.0271575023299161,0.0219004753028891,0.535862754234965,0.130875761142481,0.543266713721835,0.128294459527986,0.647017536045173,0.130572795762294,0.204855590885003,0.0287955961844197,2.02,0.0593040000000001,NA,NA,NA,NA
"409","James McCourt","FA","K","2569215","robust",NA,NA,NA,NA,NA,NA,NA,NA,NA,NA,NA,NA,NA,NA,NA,NA,NA,NA,NA,NA,NA,NA,NA,NA,NA,NA,NA,NA,NA,NA,NA,NA,NA,NA,NA,NA,NA,NA,NA,NA,NA,NA,NA,NA,NA,NA,NA,NA,1.9,0,NA,NA,NA,NA
