"","player","team","position","id","avg_type","pass_att","pass_att_sd","pass_comp","pass_comp_sd","pass_yds","pass_yds_sd","pass_tds","pass_tds_sd","pass_int","pass_int_sd","rush_att","rush_att_sd","rush_yds","rush_yds_sd","rush_tds","rush_tds_sd","fumbles_lost","fumbles_lost_sd","two_pts","two_pts_sd","return_tds","return_tds_sd","rec","rec_sd","rec_yds","rec_yds_sd","rec_tds","rec_tds_sd","dst_int","dst_int_sd","dst_sacks","dst_sacks_sd","dst_safety","dst_safety_sd","dst_td","dst_td_sd","dst_blk","dst_blk_sd","fg_0019","fg_0019_sd","fg_2029","fg_2029_sd","fg_3039","fg_3039_sd","fg_4049","fg_4049_sd","fg_50","fg_50_sd","xp","xp_sd","injury_status","injury_details","week","season_year"
"1","Patrick Mahomes","KC","QB","2558125","robust",38.15,0.222389999999998,25.3,0.956276999999999,310.355,9.56276999999998,2.3,0.229803,0.6,0.103782,3.9,0.14826,18.642,0.561905400000002,0.110822736493578,0.07413,0.1,0,0,NA,0,NA,NA,NA,NA,NA,NA,NA,NA,NA,NA,NA,NA,NA,NA,NA,NA,NA,NA,NA,NA,NA,NA,NA,NA,NA,NA,NA,NA,NA,NA,NA,NA,NA
"2","Tom Brady","TB","QB","2504211","robust",37.06,0.207564000000001,24.5,0.429953999999999,282.3,15.27078,2.175,0.111195,0.535,0.14826,1.35,0.37065,2.26,0.66717,0.088,0.014826,0.09,0.007413,0,NA,0,NA,NA,NA,NA,NA,NA,NA,NA,NA,NA,NA,NA,NA,NA,NA,NA,NA,NA,NA,NA,NA,NA,NA,NA,NA,NA,NA,NA,NA,NA,NA,NA,NA
"3","Ben Roethlisberger","PIT","QB","2506109","robust",38.1,0.148260000000002,25.2,0.518909999999999,276.1,21.72009,2,0.111195,0.85,0.029652,1.19,0.311346,3.042,1.11195,0.004,0,0.0666666666666667,0.02471,0,NA,0,NA,NA,NA,NA,NA,NA,NA,NA,NA,NA,NA,NA,NA,NA,NA,NA,NA,NA,NA,NA,NA,NA,NA,NA,NA,NA,NA,NA,NA,NA,NA,NA,NA
"4","Aaron Rodgers","GB","QB","2506363","robust",36.85,0.37065,25.3,0.303932999999997,286.4,3.85475999999999,2.615,0.348411,0.35,0.044478,2.53,0.37065,11.958,1.8028416,0.1,0.0108069171601102,0.166666666666667,0.02471,0,NA,0,NA,NA,NA,NA,NA,NA,NA,NA,NA,NA,NA,NA,NA,NA,NA,NA,NA,NA,NA,NA,NA,NA,NA,NA,NA,NA,NA,NA,NA,NA,NA,NA,NA
"5","Matt Ryan","ATL","QB","310","robust",37.5,1.70499,24.275,0.518909999999999,278.53,13.1951400000001,1.5,0.155673,0.8,0.07413,1.35,0.0741300000000001,4.328,1.868076,0.00389268292682927,0,0.166666666666667,0.02471,0,NA,0,NA,NA,NA,NA,NA,NA,NA,NA,NA,NA,NA,NA,NA,NA,NA,NA,NA,NA,NA,NA,NA,NA,NA,NA,NA,NA,NA,NA,NA,NA,NA,NA,NA
"6","Justin Herbert","LAC","QB","2565045","robust",36.89,2.342508,24.45,1.18608,275.225,14.67774,1.9475,0.0518910000000002,0.925,0.0741300000000001,2.6425,0.155673,10.23,2.295559,0.108424005025309,0.0788031402989531,0.09,0.007413,0,NA,0,NA,NA,NA,NA,NA,NA,NA,NA,NA,NA,NA,NA,NA,NA,NA,NA,NA,NA,NA,NA,NA,NA,NA,NA,NA,NA,NA,NA,NA,NA,NA,NA,NA
"7","Philip Rivers","IND","QB","2506121","robust",35,0.0593039999999987,23.4,0.615278999999999,276.7,7.80588899999998,1.985,0.0518909999999999,0.75,0.14826,0.75,0.37065,1.6,1.0022376,0.002,0,0.08,0.014826,0,NA,0,NA,NA,NA,NA,NA,NA,NA,NA,NA,NA,NA,NA,NA,NA,NA,NA,NA,NA,NA,NA,NA,NA,NA,NA,NA,NA,NA,NA,NA,NA,NA,NA,NA
"8","Deshaun Watson","HOU","QB","2558063","robust",34.5,0.622692000000002,22.945,0.289107,273.2,6.6717,1.78,0.177912,0.8,0.037065,6,0.0741299999999997,32.53,0.667170000000004,0.209924652853039,0.07413,0.133333333333333,0.02471,0,NA,0,NA,NA,NA,NA,NA,NA,NA,NA,NA,NA,NA,NA,NA,NA,NA,NA,NA,NA,NA,NA,NA,NA,NA,NA,NA,NA,NA,NA,NA,NA,NA,NA,NA
"9","Jared Goff","LAR","QB","2555334","robust",35.35,0.7413,23.6,0.934037999999998,276.5,0.7413,1.94,0.0741300000000001,0.8,0,3,0.51891,8.5,0.871768799999999,0.15,0.07413,0.2,0,0,NA,0,NA,NA,NA,NA,NA,NA,NA,NA,NA,NA,NA,NA,NA,NA,NA,NA,NA,NA,NA,NA,NA,NA,NA,NA,NA,NA,NA,NA,NA,NA,NA,NA,NA
"10","Matthew Stafford","DET","QB","79860","robust",36.3,0.815430000000001,23.55,0.593040000000003,272.8,1.11195,1.85,0,0.6,0.0593040000000001,1.85,0.14826,5.74,1.008168,0.00656,0,0.133333333333333,0.02471,0,NA,0,NA,NA,NA,NA,NA,NA,NA,NA,NA,NA,NA,NA,NA,NA,NA,NA,NA,NA,NA,NA,NA,NA,NA,NA,NA,NA,NA,NA,NA,NA,NA,NA,NA
"11","Kirk Cousins","MIN","QB","2532820","robust",32.35,0.830255999999995,21.7,0.296519999999999,256.045,5.048253,1.85,0.14826,0.8,0.126021,1.98,0.118608,7.012,0.999272400000001,0.05,0.0261143319617225,0.266666666666667,0.04942,0,NA,0,NA,NA,NA,NA,NA,NA,NA,NA,NA,NA,NA,NA,NA,NA,NA,NA,NA,NA,NA,NA,NA,NA,NA,NA,NA,NA,NA,NA,NA,NA,NA,NA,NA
"12","Derek Carr","LVR","QB","2543499","robust",34.3,0.444780000000001,23.2,0.296520000000002,260.7,9.77774700000002,1.95,0.00741300000000001,0.65,0.07413,2.5,0.311346,7.985,1.85325,0.1,0.0123304239802768,0.3,0,0,NA,0,NA,NA,NA,NA,NA,NA,NA,NA,NA,NA,NA,NA,NA,NA,NA,NA,NA,NA,NA,NA,NA,NA,NA,NA,NA,NA,NA,NA,NA,NA,NA,NA,NA
"13","Josh Allen","BUF","QB","2560955","robust",35.45,1.156428,23,0,259,17.390898,1.85,0.163086,0.815,0.0444779999999999,6.5,0.756126,32.74,2.164596,0.359716093392206,0.119449839873431,0.35,0,0,NA,0,NA,NA,NA,NA,NA,NA,NA,NA,NA,NA,NA,NA,NA,NA,NA,NA,NA,NA,NA,NA,NA,NA,NA,NA,NA,NA,NA,NA,NA,NA,NA,NA,NA
"14","Russell Wilson","SEA","QB","2532975","robust",32.5,0.555975,22.6,0.318759000000002,262.8,7.48713000000002,2.01,0.0593040000000001,0.6,0,5.3,0.719061,28.535,0.667170000000002,0.1,0.0101611002062375,0.2,0,0,NA,0,NA,NA,NA,NA,NA,NA,NA,NA,NA,NA,NA,NA,NA,NA,NA,NA,NA,NA,NA,NA,NA,NA,NA,NA,NA,NA,NA,NA,NA,NA,NA,NA,NA
"15","Drew Brees","NO","QB","2504775","robust",34.3,0.266868,23.8,1.022994,261.9,11.56428,1.915,0.103782,0.45,0.118608,1.5,0.429954,3.18125,0.9451575,0.07,0.044478,0.166666666666667,0.09884,0,NA,0,NA,NA,NA,NA,NA,NA,NA,NA,NA,NA,NA,NA,NA,NA,NA,NA,NA,NA,NA,NA,NA,NA,NA,NA,NA,NA,NA,NA,NA,NA,NA,NA,NA
"16","Teddy Bridgewater","CAR","QB","2543465","robust",35.15,0.252042000000003,24.1,0.148260000000002,262,2.9652,1.52,0.711648,0.8,0,3.5,0,15.09,0.919211999999999,0.0952103792850259,0.0142021833440411,0.09,0,0,NA,0,NA,NA,NA,NA,NA,NA,NA,NA,NA,NA,NA,NA,NA,NA,NA,NA,NA,NA,NA,NA,NA,NA,NA,NA,NA,NA,NA,NA,NA,NA,NA,NA,NA
"17","Ryan Tannehill","TEN","QB","2532956","robust",31.1,0.593040000000003,21,0.815430000000001,262.5,2.97261299999999,2.1,0.0889560000000001,0.5,0.14826,2.9,0.111195,13.1,0.340997999999999,0.1,0.00798157486951122,0.13,0.022239,0,NA,0,NA,NA,NA,NA,NA,NA,NA,NA,NA,NA,NA,NA,NA,NA,NA,NA,NA,NA,NA,NA,NA,NA,NA,NA,NA,NA,NA,NA,NA,NA,NA,NA,NA
"18","Drew Lock","DEN","QB","2562305","robust",34.7425,2.2239,20.72,1.40847,235.1025,13.49166,1.31,0.0889560000000001,1.025,0.14826,2.95,0.429954,11.895,1.892786,0.0872963003406169,0.0673210102300026,0.2,0,0,NA,0,NA,NA,NA,NA,NA,NA,NA,NA,NA,NA,NA,NA,NA,NA,NA,NA,NA,NA,NA,NA,NA,NA,NA,NA,NA,NA,NA,NA,NA,NA,NA,NA,NA
"19","Nick Mullens","SF","QB","2558979","robust",33.2,0.830255999999998,21.225,0.985928999999999,253.2425,7.56125999999999,1.3025,0.29652,1.035,0.14826,0.755,0.044478,2.2125,0.79072,0.01,0.009884,0.3,0.07413,0,NA,0,NA,NA,NA,NA,NA,NA,NA,NA,NA,NA,NA,NA,NA,NA,NA,NA,NA,NA,NA,NA,NA,NA,NA,NA,NA,NA,NA,NA,NA,NA,NA,NA,NA
"20","Mitchell Trubisky","CHI","QB","2558008","robust",36.01,0.0741300000000063,23.1175,0.37065,250.2975,6.81995999999999,1.5975,0.14826,0.8,0,3.19,0.415128,15.42,1.645686,0.0814862305487306,0.0479510097256347,0.2,0,0,NA,0,NA,NA,NA,NA,NA,NA,NA,NA,NA,NA,NA,NA,NA,NA,NA,NA,NA,NA,NA,NA,NA,NA,NA,NA,NA,NA,NA,NA,NA,NA,NA,NA,NA
"21","Baker Mayfield","CLE","QB","2560800","robust",32.3,2.609376,20.03,0.504084,233.98,17.7912,1.585,0.14826,0.9,0,2.61,0.133434,10.21375,0.874734,0.0868687349282339,0.0389368271908008,0.2,0,0,NA,0,NA,NA,NA,NA,NA,NA,NA,NA,NA,NA,NA,NA,NA,NA,NA,NA,NA,NA,NA,NA,NA,NA,NA,NA,NA,NA,NA,NA,NA,NA,NA,NA,NA
"22","Kyler Murray","ARI","QB","2562382","robust",34.65,0.756126000000008,23.4,0.889560000000002,247.4,7.11648000000002,1.8,0.29652,0.8,0.044478,7.5,0.311346,42.42625,1.4826,0.361659616412724,0.088956,0.2,0,0,NA,0,NA,NA,NA,NA,NA,NA,NA,NA,NA,NA,NA,NA,NA,NA,NA,NA,NA,NA,NA,NA,NA,NA,NA,NA,NA,NA,NA,NA,NA,NA,NA,NA,NA
"23","Gardner Minshew","JAC","QB","2562796","robust",35,0.593039999999998,21.225,0.148260000000002,236.75,17.7912,1.175,0.14826,0.825,0.14826,4.15,1.03782,21.55,2.14977,0.0518034825870647,0.0687823134328358,0.35,0.07413,0,NA,0,NA,NA,NA,NA,NA,NA,NA,NA,NA,NA,NA,NA,NA,NA,NA,NA,NA,NA,NA,NA,NA,NA,NA,NA,NA,NA,NA,NA,NA,NA,NA,NA,NA
"24","Tua Tagovailoa","MIA","QB","2564499","robust",34.12,2.29803,21.475,0.778365000000003,233.425,14.0847,1.225,0.14826,0.77,0.22239,3.8625,0.14826,14.2125,1.77912,0.0971999083321272,0.07413,0.15,0.037065,0,NA,0,NA,NA,NA,NA,NA,NA,NA,NA,NA,NA,NA,NA,NA,NA,NA,NA,NA,NA,NA,NA,NA,NA,NA,NA,NA,NA,NA,NA,NA,NA,NA,NA,NA
"25","Dwayne Haskins","WAS","QB","2562660","robust",32.795,2.2239,22.055,0.859908,235.1075,11.037957,1.2525,0.44478,0.9925,0.00741300000000001,2.0375,0.14826,9.075,0.518909999999999,0.0748087795144663,0.0323120023279016,0.14,0.044478,0,NA,0,NA,NA,NA,NA,NA,NA,NA,NA,NA,NA,NA,NA,NA,NA,NA,NA,NA,NA,NA,NA,NA,NA,NA,NA,NA,NA,NA,NA,NA,NA,NA,NA,NA
"26","Andy Dalton","DAL","QB","2495143","robust",35.805,1.55673,22.4025,1.33434,238.1775,6.29363700000001,1.5,0.014826,0.935,0.0741300000000001,2.1225,0.37065,7.63,0.627634,0.0705217731085787,0.0291362794594809,0.2,0,0,NA,0,NA,NA,NA,NA,NA,NA,NA,NA,NA,NA,NA,NA,NA,NA,NA,NA,NA,NA,NA,NA,NA,NA,NA,NA,NA,NA,NA,NA,NA,NA,NA,NA,NA
"27","Colt McCoy","NYG","QB","497123","robust",29.725,2.542659,18.6,2.624202,215.595,8.74734000000001,1.025,0.126021,0.955,0.044478,2.175,0.526323,9.995,1.979271,0.0698765514280094,0.0448440497056665,0.2,0,0,NA,0,NA,NA,NA,NA,NA,NA,NA,NA,NA,NA,NA,NA,NA,NA,NA,NA,NA,NA,NA,NA,NA,NA,NA,NA,NA,NA,NA,NA,NA,NA,NA,NA,NA
"28","Lamar Jackson","BAL","QB","2560757","robust",25.85,0.444780000000001,16.5,0.148260000000002,203.5,12.631752,1.9,0.029652,0.5,0.103782,10.9,0.296519999999999,65,4.29954000000001,0.648418101481697,0.029652,0.2,0,0,NA,0,NA,NA,NA,NA,NA,NA,NA,NA,NA,NA,NA,NA,NA,NA,NA,NA,NA,NA,NA,NA,NA,NA,NA,NA,NA,NA,NA,NA,NA,NA,NA,NA,NA
"29","Jalen Hurts","PHI","QB","2564832","robust",30.425,0,18.55,1.63086,205.1,11.8608,1.2,0.29652,0.875,0.14826,9.675,4.89258,58.4,9.78516,0.687356697356697,0.407290079002079,0.35,0.07413,0,NA,0,NA,NA,NA,NA,NA,NA,NA,NA,NA,NA,NA,NA,NA,NA,NA,NA,NA,NA,NA,NA,NA,NA,NA,NA,NA,NA,NA,NA,NA,NA,NA,NA,NA
"30","Daniel Jones","NYG","QB","2562299","robust",8.55,1.4826,5.525,1.4826,57.5,14.826,0.25,0,0.2,0,1.05,0,0,0,0,0,0.5,0,0,NA,0,NA,NA,NA,NA,NA,NA,NA,NA,NA,NA,NA,NA,NA,NA,NA,NA,NA,NA,NA,NA,NA,NA,NA,NA,NA,NA,NA,NA,NA,"O","Ankle",15,2020
"31","Cam Newton","NE","QB","2495455","robust",26.9,0.489257999999997,17.15,0.400302000000005,189.8,3.839934,1,0,0.85,0.14826,9,1.33434,40.06875,1.0934175,0.579387601464331,0.0593040000000001,0.14,0,0,NA,0,NA,NA,NA,NA,NA,NA,NA,NA,NA,NA,NA,NA,NA,NA,NA,NA,NA,NA,NA,NA,NA,NA,NA,NA,NA,NA,NA,NA,NA,NA,NA,NA,NA
"32","Ryan Finley","CIN","QB","2562651","robust",27.375,1.03782,16.225,1.18608,178.825,18.23598,0.85,0,1,0.29652,2.8,0.29652,8.75,4.07715,0,0,0.4,0.14826,0,NA,0,NA,NA,NA,NA,NA,NA,NA,NA,NA,NA,NA,NA,NA,NA,NA,NA,NA,NA,NA,NA,NA,NA,NA,NA,NA,NA,NA,NA,NA,NA,NA,NA,NA
"33","Sam Darnold","NYJ","QB","2561036","robust",28.495,3.395154,16.7025,2.083053,183.25,9.78515999999999,0.9,0.00741300000000001,1.125,0.266868,2.675,0.704235,10.365,2.011394,0.0665566904031741,0.0256423672055027,0.25,0.037065,0,NA,0,NA,NA,NA,NA,NA,NA,NA,NA,NA,NA,NA,NA,NA,NA,NA,NA,NA,NA,NA,NA,NA,NA,NA,NA,NA,NA,NA,NA,NA,NA,NA,NA,NA
"34","Mike Glennon","FA","QB","2539275","robust",11.375,16.16034,7.025,9.19212,55.275,78.5778,0.25,0.29652,0.25,0.14826,0.5,0.44478,1.5,2.2239,0,0,0.15,0.07413,0,NA,0,NA,NA,NA,NA,NA,NA,NA,NA,NA,NA,NA,NA,NA,NA,NA,NA,NA,NA,NA,NA,NA,NA,NA,NA,NA,NA,NA,NA,NA,NA,NA,NA,NA
"35","Chase Daniel","DET","QB","81284","robust",6.075,5.1891,3.65,2.9652,40,34.0998,0.225,0.29652,0.225,0.29652,0.425,0.29652,1.5,2.2239,0,0,0.05,0.07413,0,NA,0,NA,NA,NA,NA,NA,NA,NA,NA,NA,NA,NA,NA,NA,NA,NA,NA,NA,NA,NA,NA,NA,NA,NA,NA,NA,NA,NA,NA,NA,NA,NA,NA,NA
"36","Taysom Hill","NO","QB","2558954","robust",2.8,2.52042,1.825,1.55673,26,22.9803,0.075,0.07413,0.075,0.07413,2.4625,1.18608,14.745,5.169332,0.103280516431925,0.0872564624413145,0.3,0.14826,0,NA,0,NA,NA,NA,NA,NA,NA,NA,NA,NA,NA,NA,NA,NA,NA,NA,NA,NA,NA,NA,NA,NA,NA,NA,NA,NA,NA,NA,NA,NA,NA,NA,NA,NA
"37","Ryan Fitzpatrick","MIA","QB","2506581","robust",5.475,7.85778,3.375,4.4478,34.3,40.91976,0.15,0.14826,0.25,0.14826,0.7,1.03782,0.8,1.18608,0,0,0.01,0.014826,0,NA,0,NA,NA,NA,NA,NA,NA,NA,NA,NA,NA,NA,NA,NA,NA,NA,NA,NA,NA,NA,NA,NA,NA,NA,NA,NA,NA,NA,NA,NA,NA,NA,NA,NA
"38","Nick Foles","CHI","QB","2532842","robust",3.775,2.81694,2.35,1.77912,24.35,20.31162,0.225,0.14826,0.15,0.14826,0.275,0.14826,0.05,0.07413,0,0,0.015,0.022239,0,NA,0,NA,NA,NA,NA,NA,NA,NA,NA,NA,NA,NA,NA,NA,NA,NA,NA,NA,NA,NA,NA,NA,NA,NA,NA,NA,NA,NA,NA,NA,NA,NA,NA,NA
"39","Carson Wentz","PHI","QB","2555259","robust",3.35,2.37216,1.9,1.4826,22.65,22.68378,0.125,0.14826,0.125,0.14826,0.5,0.29652,0.35,0.51891,0,0,0.045,0.066717,0,NA,0,NA,NA,NA,NA,NA,NA,NA,NA,NA,NA,NA,NA,NA,NA,NA,NA,NA,NA,NA,NA,NA,NA,NA,NA,NA,NA,NA,NA,NA,NA,NA,NA,NA
"40","C.J. Beathard","SF","QB","2557922","robust",2.625,2.07564,1.725,1.33434,18.5,19.2738,0.065,0.029652,0.125,0.14826,0.325,0.44478,0.35,0.51891,0,0,0.1,0,0,NA,0,NA,NA,NA,NA,NA,NA,NA,NA,NA,NA,NA,NA,NA,NA,NA,NA,NA,NA,NA,NA,NA,NA,NA,NA,NA,NA,NA,NA,NA,NA,NA,NA,NA
"41","Matt Barkley","BUF","QB","2539308","robust",1.9,1.63086,1.075,1.03782,12.45,10.97124,0.025,0,0.075,0,0.15,0,0.1,0.14826,0,0,0.05,0.07413,0,NA,0,NA,NA,NA,NA,NA,NA,NA,NA,NA,NA,NA,NA,NA,NA,NA,NA,NA,NA,NA,NA,NA,NA,NA,NA,NA,NA,NA,NA,NA,NA,NA,NA,NA
"42","Derrick Henry","TEN","RB","2556075","robust",NA,NA,NA,NA,NA,NA,NA,NA,NA,NA,23.9,0.963689999999998,112.899,1.92738,1.05,0.0424943599026496,0.1,0,0,NA,0,NA,1.5,0.14826,12.9,1.40847,0.09,0.022239,NA,NA,NA,NA,NA,NA,NA,NA,NA,NA,NA,NA,NA,NA,NA,NA,NA,NA,NA,NA,NA,NA,NA,NA,NA,NA
"43","Dalvin Cook","MIN","RB","2557991","robust",NA,NA,NA,NA,NA,NA,NA,NA,NA,NA,20.4,1.11195,93,1.58045159999999,0.824068928199898,0.014826,0.2,0,0,NA,0,NA,3.385,0.0741300000000001,29.2,1.541904,0.09,0.037065,NA,NA,NA,NA,NA,NA,NA,NA,NA,NA,NA,NA,NA,NA,NA,NA,NA,NA,NA,NA,NA,NA,NA,NA,NA,NA
"44","Nick Chubb","CLE","RB","2561021","robust",NA,NA,NA,NA,NA,NA,NA,NA,NA,NA,18.25,0.726474000000003,88.75,1.890315,0.7,0.0333564211471006,0.1,0,0,NA,0,NA,1.3,0.200151,9.7,1.92738,0.03,0.037065,NA,NA,NA,NA,NA,NA,NA,NA,NA,NA,NA,NA,NA,NA,NA,NA,NA,NA,NA,NA,NA,NA,NA,NA,NA,NA
"45","James Conner","PIT","RB","2557978","robust",NA,NA,NA,NA,NA,NA,NA,NA,NA,NA,14.75,1.4826,64.8325,10.163223,0.356817784391351,0.276303905722765,0.065,0.0259455,0,NA,0,NA,2.075,0.126021,15.7,1.63086,0.0425,0.051891,NA,NA,NA,NA,NA,NA,NA,NA,NA,NA,NA,NA,NA,NA,NA,NA,NA,NA,NA,NA,NA,NA,"Q","Quadriceps",15,2020
"46","Cam Akers","LAR","RB","2564319","robust",NA,NA,NA,NA,NA,NA,NA,NA,NA,NA,18.8975,2.14977,81.85,2.087995,0.817324911690759,0.0937249427151465,0.06,0.029652,0,NA,0,NA,1.5,0.44478,11.725,2.2239,0.0625,0.037065,NA,NA,NA,NA,NA,NA,NA,NA,NA,NA,NA,NA,NA,NA,NA,NA,NA,NA,NA,NA,NA,NA,NA,NA,NA,NA
"47","Tony Pollard","DAL","RB","2562699","robust",NA,NA,NA,NA,NA,NA,NA,NA,NA,NA,18.33,0.0296519999999994,73.895,9.16246800000001,0.63,0.014826,0.1,0,0,NA,0,NA,2.71,0.88956,18.19,1.77912,0.085,0.059304,NA,NA,NA,NA,NA,NA,NA,NA,NA,NA,NA,NA,NA,NA,NA,NA,NA,NA,NA,NA,NA,NA,NA,NA,NA,NA
"48","Jonathan Taylor","IND","RB","2564148","robust",NA,NA,NA,NA,NA,NA,NA,NA,NA,NA,16.18,0.800604,76.815,1.764294,0.762802528805719,0.0917260194715725,0.09,0.007413,0,NA,0,NA,2.6475,0.37065,23.225,2.74281,0.1,0.014826,NA,NA,NA,NA,NA,NA,NA,NA,NA,NA,NA,NA,NA,NA,NA,NA,NA,NA,NA,NA,NA,NA,NA,NA,NA,NA
"49","Alvin Kamara","NO","RB","2558019","robust",NA,NA,NA,NA,NA,NA,NA,NA,NA,NA,12.87,1.18608,66.045,4.1497974,0.6,0.0564880278634643,0.09,0.014826,0,NA,0,NA,6.05,0.148260000000001,51.63,2.179422,0.2,0,NA,NA,NA,NA,NA,NA,NA,NA,NA,NA,NA,NA,NA,NA,NA,NA,NA,NA,NA,NA,NA,NA,NA,NA,NA,NA
"50","Miles Sanders","PHI","RB","2562722","robust",NA,NA,NA,NA,NA,NA,NA,NA,NA,NA,14.3,0.889559999999999,67.606,0.667170000000004,0.301721604824909,0.07413,0.1,0,0,NA,0,NA,2.475,0,20.95,2.097879,0.095,0,NA,NA,NA,NA,NA,NA,NA,NA,NA,NA,NA,NA,NA,NA,NA,NA,NA,NA,NA,NA,NA,NA,NA,NA,NA,NA
"51","Aaron Jones","GB","RB","2558116","robust",NA,NA,NA,NA,NA,NA,NA,NA,NA,NA,14.6,0.437367,70.855,1.92738000000002,0.811008759304581,0.0593040000000001,0.09375,0.00926625000000001,0,NA,0,NA,3.1,0.14826,24.25,1.26021,0.1,0,NA,NA,NA,NA,NA,NA,NA,NA,NA,NA,NA,NA,NA,NA,NA,NA,NA,NA,NA,NA,NA,NA,NA,NA,NA,NA
"52","James Robinson","JAC","RB","2564223","robust",NA,NA,NA,NA,NA,NA,NA,NA,NA,NA,17.3,0.296519999999999,73.8,0,0.5,0,0.085,0.022239,NA,NA,NA,NA,3.55,0.22239,23.75,0.37065,0.1,0,NA,NA,NA,NA,NA,NA,NA,NA,NA,NA,NA,NA,NA,NA,NA,NA,NA,NA,NA,NA,NA,NA,NA,NA,NA,NA
"53","Chris Carson","SEA","RB","2558865","robust",NA,NA,NA,NA,NA,NA,NA,NA,NA,NA,14.4,0.0741299999999997,64.295,2.9488914,0.5,0.110564815648778,0.0975,0.0037065,0,NA,0,NA,2.925,0.0370649999999999,20.795,1.178667,0.135,0.07413,NA,NA,NA,NA,NA,NA,NA,NA,NA,NA,NA,NA,NA,NA,NA,NA,NA,NA,NA,NA,NA,NA,NA,NA,NA,NA
"54","Josh Jacobs","LVR","RB","2562377","robust",NA,NA,NA,NA,NA,NA,NA,NA,NA,NA,16.665,0.593039999999998,70.758,2.00151,0.7,0.0514579628270319,0.1125,0.0185325,0,NA,0,NA,2.2,0.14826,16.35,0.59304,0.05,0,NA,NA,NA,NA,NA,NA,NA,NA,NA,NA,NA,NA,NA,NA,NA,NA,NA,NA,NA,NA,NA,NA,NA,NA,NA,NA
"55","Raheem Mostert","SF","RB","2553728","robust",NA,NA,NA,NA,NA,NA,NA,NA,NA,NA,11.7625,2.112705,59.17,8.737456,0.306620302640718,0.196078492869915,0.1,0,0,NA,0,NA,1.9825,0.0741300000000001,15.8075,0.763539000000001,0.0925,0.00741300000000001,NA,NA,NA,NA,NA,NA,NA,NA,NA,NA,NA,NA,NA,NA,NA,NA,NA,NA,NA,NA,NA,NA,NA,NA,NA,NA
"56","Melvin Gordon","DEN","RB","2552469","robust",NA,NA,NA,NA,NA,NA,NA,NA,NA,NA,13.4,0.207564000000001,58.775,0.593039999999998,0.548794688068915,0.088956,0.166666666666667,0.09884,0,NA,0,NA,2,0.14826,14.465,0.59304,0.075,0.029652,NA,NA,NA,NA,NA,NA,NA,NA,NA,NA,NA,NA,NA,NA,NA,NA,NA,NA,NA,NA,NA,NA,NA,NA,NA,NA
"57","Austin Ekeler","LAC","RB","2559169","robust",NA,NA,NA,NA,NA,NA,NA,NA,NA,NA,13.0825,1.415883,62.225,2.89107,0.257437956041566,0.116198324248516,0.05,0.037065,0,NA,0,NA,5.575,0.496671,49.505,1.55673,0.3675,0.22239,NA,NA,NA,NA,NA,NA,NA,NA,NA,NA,NA,NA,NA,NA,NA,NA,NA,NA,NA,NA,NA,NA,NA,NA,NA,NA
"58","David Johnson","HOU","RB","2553435","robust",NA,NA,NA,NA,NA,NA,NA,NA,NA,NA,15.23,2.090466,58.925,10.74885,0.57,0.059304,0.1,0,0,NA,0,NA,3.2275,0.133434,26.865,0.0296519999999994,0.085,0.059304,NA,NA,NA,NA,NA,NA,NA,NA,NA,NA,NA,NA,NA,NA,NA,NA,NA,NA,NA,NA,NA,NA,NA,NA,NA,NA
"59","Mike Davis","CAR","RB","2553439","robust",NA,NA,NA,NA,NA,NA,NA,NA,NA,NA,14,1.92738,60.685,6.50120100000001,0.561628151437559,0.044478,0.0933333333333333,0.009884,0,NA,0,NA,4.3,0.44478,30.35,1.92738,0.1,0.07413,NA,NA,NA,NA,NA,NA,NA,NA,NA,NA,NA,NA,NA,NA,NA,NA,NA,NA,NA,NA,NA,NA,NA,NA,NA,NA
"60","Leonard Fournette","TB","RB","2557973","robust",NA,NA,NA,NA,NA,NA,NA,NA,NA,NA,15.81,0.96369,63.585,2.639028,0.629265473775684,0.122823994279886,0.075,0.0185325,0,NA,0,NA,2.74,0.44478,19.225,1.326927,0.065,0.07413,NA,NA,NA,NA,NA,NA,NA,NA,NA,NA,NA,NA,NA,NA,NA,NA,NA,NA,NA,NA,NA,NA,NA,NA,NA,NA
"61","Sony Michel","NE","RB","2560809","robust",NA,NA,NA,NA,NA,NA,NA,NA,NA,NA,14.9175,1.55673,63.5,1.420825,0.538142076875315,0.151365628783561,0.07,0.022239,0,NA,0,NA,0.7975,0.59304,5.8175,4.366257,0.0175,0.022239,NA,NA,NA,NA,NA,NA,NA,NA,NA,NA,NA,NA,NA,NA,NA,NA,NA,NA,NA,NA,NA,NA,NA,NA,NA,NA
"62","Kenyan Drake","ARI","RB","2555230","robust",NA,NA,NA,NA,NA,NA,NA,NA,NA,NA,15.355,0.81543,65.05,0.1808772,0.66,0.0783078418816794,0.09625,0.00555975,0,NA,0,NA,1.865,0.22239,13.55,0.808017,0.05,0.07413,NA,NA,NA,NA,NA,NA,NA,NA,NA,NA,NA,NA,NA,NA,NA,NA,NA,NA,NA,NA,NA,NA,NA,NA,NA,NA
"63","Wayne Gallman","NYG","RB","2557952","robust",NA,NA,NA,NA,NA,NA,NA,NA,NA,NA,14.35,0.444780000000001,63.315,2.498181,0.6,0.14826,0.07,0.044478,0,NA,0,NA,1.9,0.192738,12.435,0.444780000000001,0.005,0,NA,NA,NA,NA,NA,NA,NA,NA,NA,NA,NA,NA,NA,NA,NA,NA,NA,NA,NA,NA,NA,NA,NA,NA,NA,NA
"64","D'Andre Swift","DET","RB","2563965","robust",NA,NA,NA,NA,NA,NA,NA,NA,NA,NA,12,0.222390000000001,56.025,3.101105,0.595317943995564,0.146103255845215,0.055,0.0333585,0,NA,0,NA,3.1925,0.44478,27.5275,4.4478,0.17,0.029652,NA,NA,NA,NA,NA,NA,NA,NA,NA,NA,NA,NA,NA,NA,NA,NA,NA,NA,NA,NA,NA,NA,NA,NA,NA,NA
"65","David Montgomery","CHI","RB","2562502","robust",NA,NA,NA,NA,NA,NA,NA,NA,NA,NA,14.85,0.222390000000001,61.8,0.782812799999998,0.5,0.113857632824951,0.0975,0.0037065,0,NA,0,NA,3.2,0.281694,25.1,4.22541,0.1,0,NA,NA,NA,NA,NA,NA,NA,NA,NA,NA,NA,NA,NA,NA,NA,NA,NA,NA,NA,NA,NA,NA,NA,NA,NA,NA
"66","J.K. Dobbins","BAL","RB","2563548","robust",NA,NA,NA,NA,NA,NA,NA,NA,NA,NA,13.985,0.0148259999999997,60.75,0.432425000000002,0.68376837349604,0.134687660363485,0.06,0.029652,0,NA,0,NA,1.6575,0.22239,10.94,0.222390000000001,0.035,0.037065,NA,NA,NA,NA,NA,NA,NA,NA,NA,NA,NA,NA,NA,NA,NA,NA,NA,NA,NA,NA,NA,NA,NA,NA,NA,NA
"67","Clyde Edwards-Helaire","KC","RB","2564271","robust",NA,NA,NA,NA,NA,NA,NA,NA,NA,NA,13.775,0.222390000000001,57.09,3.130757,0.207690029740094,0.156236476185325,0.015,0.0111195,0,NA,0,NA,2.5525,0.378063,21.1925,1.18608,0.1,0.044478,NA,NA,NA,NA,NA,NA,NA,NA,NA,NA,NA,NA,NA,NA,NA,NA,NA,NA,NA,NA,NA,NA,NA,NA,NA,NA
"68","Lamical Perine","NYJ","RB","2564808","robust",NA,NA,NA,NA,NA,NA,NA,NA,NA,NA,11.24,3.617544,44.365,16.404969,0.26,0.088956,0,0,NA,NA,NA,NA,1.555,0.229803,8.525,2.557485,0.025,0.037065,NA,NA,NA,NA,NA,NA,NA,NA,NA,NA,NA,NA,NA,NA,NA,NA,NA,NA,NA,NA,NA,NA,NA,"Ankle",15,2020
"69","Todd Gurley","ATL","RB","2552475","robust",NA,NA,NA,NA,NA,NA,NA,NA,NA,NA,9.75,2.950374,35.33125,0.685702499999998,0.202623165065049,0.0077782090508824,0.0766666666666667,0.034594,0,NA,0,NA,1.635,0.14826,10.7,3.024504,0.06,0.059304,NA,NA,NA,NA,NA,NA,NA,NA,NA,NA,NA,NA,NA,NA,NA,NA,NA,NA,NA,NA,NA,NA,NA,NA,NA,NA
"70","Gus Edwards","BAL","RB","2561324","robust",NA,NA,NA,NA,NA,NA,NA,NA,NA,NA,9.7625,0.222390000000001,44.865,1.77912,0.2275,0.014826,0.1,0,0,NA,0,NA,0.72,0.326172,4.015,0.652344,0.0075,0,NA,NA,NA,NA,NA,NA,NA,NA,NA,NA,NA,NA,NA,NA,NA,NA,NA,NA,NA,NA,NA,NA,NA,NA,NA,NA
"71","Peyton Barber","WAS","RB","2556466","robust",NA,NA,NA,NA,NA,NA,NA,NA,NA,NA,11.6275,0.0148259999999997,39.2925,7.220262,0.245,0.118608,0.1,0,0,NA,0,NA,1.13,0.0593040000000001,7.0225,0.7413,0.01,0,NA,NA,NA,NA,NA,NA,NA,NA,NA,NA,NA,NA,NA,NA,NA,NA,NA,NA,NA,NA,NA,NA,NA,NA,NA,NA
"72","Phillip Lindsay","DEN","RB","2559947","robust",NA,NA,NA,NA,NA,NA,NA,NA,NA,NA,9.9575,1.490013,42.29,2.55007200000001,0.161609031532825,0.0898366332329556,0,0,0,NA,0,NA,1.04,0.726474,6.4575,4.15128,0.0075,0.007413,NA,NA,NA,NA,NA,NA,NA,NA,NA,NA,NA,NA,NA,NA,NA,NA,NA,NA,NA,NA,NA,NA,NA,NA,NA,NA
"73","Jeffery Wilson","SF","RB","2560938","robust",NA,NA,NA,NA,NA,NA,NA,NA,NA,NA,10.4,0.59304,45.3,0,0.4,4.11504164077314e-17,0.2,0,NA,NA,NA,NA,1.15,0.66717,9.9,2.81694,0.085,0.022239,NA,NA,NA,NA,NA,NA,NA,NA,NA,NA,NA,NA,NA,NA,NA,NA,NA,NA,NA,NA,NA,NA,NA,NA,NA,NA
"74","Ty Johnson","DET","RB","2562293","robust",NA,NA,NA,NA,NA,NA,NA,NA,NA,NA,6.675,2.37216,35.95,13.41753,0.058410780669145,0.0491903531598513,0.065,0.051891,0,NA,0,NA,1.9,0.7413,8.6,2.52042,0,0,NA,NA,NA,NA,NA,NA,NA,NA,NA,NA,NA,NA,NA,NA,NA,NA,NA,NA,NA,NA,NA,NA,NA,NA,NA,NA
"75","J.D. McKissic","WAS","RB","2556440","robust",NA,NA,NA,NA,NA,NA,NA,NA,NA,NA,11.73,1.882902,42.82,1.215732,0.155,0.229803,NA,NA,NA,NA,NA,NA,5.155,1.252797,35.88,7.590912,0.07,0.103782,NA,NA,NA,NA,NA,NA,NA,NA,NA,NA,NA,NA,NA,NA,NA,NA,NA,NA,NA,NA,NA,NA,NA,NA,NA,NA
"76","Devin Singletary","BUF","RB","2562734","robust",NA,NA,NA,NA,NA,NA,NA,NA,NA,NA,9.185,0.889559999999999,38.69,3.427277,0.155780457131036,0.0807715961716839,0.1,0,0,NA,0,NA,2.25,0.22239,16.3,1.126776,0.0575,0.051891,NA,NA,NA,NA,NA,NA,NA,NA,NA,NA,NA,NA,NA,NA,NA,NA,NA,NA,NA,NA,NA,NA,NA,NA,NA,NA
"77","DeAndre Washington","FA","RB","2555464","robust",NA,NA,NA,NA,NA,NA,NA,NA,NA,NA,6.99,0.222390000000001,30.81,5.651177,0.101038018222572,0.044478,0,0,0,NA,0,NA,1.59,0.400302,12.2525,1.919967,0,0,NA,NA,NA,NA,NA,NA,NA,NA,NA,NA,NA,NA,NA,NA,NA,NA,NA,NA,NA,NA,NA,NA,NA,NA,NA,NA
"78","Zack Moss","BUF","RB","2563617","robust",NA,NA,NA,NA,NA,NA,NA,NA,NA,NA,9.8,0.748713,38.9375,1.85325,0.181746777658432,0.092171484962406,0.055,0.0333585,0,NA,0,NA,1.2625,0.22239,8.095,3.157938,0.0375,0.037065,NA,NA,NA,NA,NA,NA,NA,NA,NA,NA,NA,NA,NA,NA,NA,NA,NA,NA,NA,NA,NA,NA,NA,NA,NA,NA
"79","Kareem Hunt","CLE","RB","2557917","robust",NA,NA,NA,NA,NA,NA,NA,NA,NA,NA,9.365,0.296519999999999,41.5175,1.0637655,0.186316288862496,0.0405749402649275,0.0666666666666667,0.04942,0,NA,0,NA,2.8,0.148259999999999,23,0,0.3,0,NA,NA,NA,NA,NA,NA,NA,NA,NA,NA,NA,NA,NA,NA,NA,NA,NA,NA,NA,NA,NA,NA,NA,NA,NA,NA
"80","Latavius Murray","NO","RB","2541161","robust",NA,NA,NA,NA,NA,NA,NA,NA,NA,NA,8.775,0.971103000000002,37.025,3.87947,0.162643283188176,0.103640378896807,0,0,0,NA,0,NA,1.3,0.22239,9.44,0.96369,0.0075,0.007413,NA,NA,NA,NA,NA,NA,NA,NA,NA,NA,NA,NA,NA,NA,NA,NA,NA,NA,NA,NA,NA,NA,NA,NA,NA,NA
"81","Salvon Ahmed","FA","RB","2565090","robust",NA,NA,NA,NA,NA,NA,NA,NA,NA,NA,7.7,3.11346,39.5,0,0.2,0,0.1,0,NA,NA,NA,NA,1.45,0.0741300000000001,12.05,0.0741299999999997,0,0,NA,NA,NA,NA,NA,NA,NA,NA,NA,NA,NA,NA,NA,NA,NA,NA,NA,NA,NA,NA,NA,NA,NA,NA,NA,NA
"82","Jamaal Williams","GB","RB","2558204","robust",NA,NA,NA,NA,NA,NA,NA,NA,NA,NA,8.4,0.896973000000001,32.1775,5.292882,0.109308303088526,0.0833303267726986,0,0,0,NA,0,NA,1.74,0.281694,12.225,0.400302000000001,0.0925,0.00741300000000001,NA,NA,NA,NA,NA,NA,NA,NA,NA,NA,NA,NA,NA,NA,NA,NA,NA,NA,NA,NA,NA,NA,NA,NA,NA,NA
"83","Ito Smith","ATL","RB","2559924","robust",NA,NA,NA,NA,NA,NA,NA,NA,NA,NA,8.3725,1.386231,33.74,1.873018,0.111887847880322,0.0871408465347302,0,0,0,NA,0,NA,1.5575,0.570801,9.77,4.759146,0,0,NA,NA,NA,NA,NA,NA,NA,NA,NA,NA,NA,NA,NA,NA,NA,NA,NA,NA,NA,NA,NA,NA,NA,NA,NA,NA
"84","Frank Gore","NYJ","RB","2506404","robust",NA,NA,NA,NA,NA,NA,NA,NA,NA,NA,8.9475,2.379573,29.585,4.106802,0.0707655954307342,0.0264242854762623,0.05,0.037065,0,NA,0,NA,1.35,0.51891,7.1,1.4826,0,0,NA,NA,NA,NA,NA,NA,NA,NA,NA,NA,NA,NA,NA,NA,NA,NA,NA,NA,NA,NA,NA,NA,NA,NA,NA,NA
"85","Samaje Perine","CIN","RB","2558138","robust",NA,NA,NA,NA,NA,NA,NA,NA,NA,NA,6.3,1.40847,26.5175,3.427277,0.0852572378353628,0.0516367461235274,0.065,0.0259455,0,NA,0,NA,1.135,0.22239,5.725,2.2239,0.0075,0.007413,NA,NA,NA,NA,NA,NA,NA,NA,NA,NA,NA,NA,NA,NA,NA,NA,NA,NA,NA,NA,NA,NA,NA,NA,NA,NA
"86","Kalen Ballage","FA","RB","2560967","robust",NA,NA,NA,NA,NA,NA,NA,NA,NA,NA,7.26,0.845082,28.8925,1.574027,0.151428329185011,0.0628342394335353,0.05,0.037065,0,NA,0,NA,1.3875,0.66717,8.365,2.624202,0.025,0.037065,NA,NA,NA,NA,NA,NA,NA,NA,NA,NA,NA,NA,NA,NA,NA,NA,NA,NA,NA,NA,NA,NA,NA,NA,NA,NA
"87","Carlos Hyde","SEA","RB","2543743","robust",NA,NA,NA,NA,NA,NA,NA,NA,NA,NA,7.5925,0.44478,30.3,1.26021,0.098986013986014,0.0677192237762238,0.06,0.029652,0,NA,0,NA,1.55,0.570801,9.375,3.869586,0.02,0.029652,NA,NA,NA,NA,NA,NA,NA,NA,NA,NA,NA,NA,NA,NA,NA,NA,NA,NA,NA,NA,NA,NA,NA,NA,NA,NA
"88","Cordarrelle Patterson","CHI","RB","2540145","robust",NA,NA,NA,NA,NA,NA,NA,NA,NA,NA,6.915,0.0222389999999995,31.31,0.133434,0.205,0.00741299999999999,0,0,NA,NA,NA,NA,1.165,0.051891,10.425,1.000755,0.075,0.037065,NA,NA,NA,NA,NA,NA,NA,NA,NA,NA,NA,NA,NA,NA,NA,NA,NA,NA,NA,NA,NA,NA,NA,NA,NA,NA
"89","Giovani Bernard","CIN","RB","2540156","robust",NA,NA,NA,NA,NA,NA,NA,NA,NA,NA,7.145,2.00151,24.8175,4.828334,0.0774887997015244,0.05192421112504,0.1,0,0,NA,0,NA,2.0025,0.59304,14.52,4.81845,0.0375,0.037065,NA,NA,NA,NA,NA,NA,NA,NA,NA,NA,NA,NA,NA,NA,NA,NA,NA,NA,NA,NA,NA,NA,NA,NA,NA,NA
"90","Darrell Henderson","LAR","RB","2562574","robust",NA,NA,NA,NA,NA,NA,NA,NA,NA,NA,6,0.889560000000001,24.0825,4.284714,0.102243034318722,0.051891,0.02,0.014826,0,NA,0,NA,0.925,0.0741300000000001,8.3675,3.03933,0.0075,0.007413,NA,NA,NA,NA,NA,NA,NA,NA,NA,NA,NA,NA,NA,NA,NA,NA,NA,NA,NA,NA,NA,NA,NA,NA,NA,NA
"91","Trayveon Williams","CIN","RB","2562600","robust",NA,NA,NA,NA,NA,NA,NA,NA,NA,NA,5.8,1.03782,28.25,4.07715,0.0526960784313725,0.0661355882352941,0.06,0.059304,0,NA,0,NA,1.225,0.88956,9.2,9.04386,0,0,NA,NA,NA,NA,NA,NA,NA,NA,NA,NA,NA,NA,NA,NA,NA,NA,NA,NA,NA,NA,NA,NA,NA,NA,NA,NA
"92","Nyheim Hines","IND","RB","2560742","robust",NA,NA,NA,NA,NA,NA,NA,NA,NA,NA,6.6675,1.18608,27.045,2.268378,0.219654738237243,0.0868262567263088,0.06,0.029652,0,NA,0,NA,3.4225,0.0741300000000001,28.3,1.467774,0.1925,0.081543,NA,NA,NA,NA,NA,NA,NA,NA,NA,NA,NA,NA,NA,NA,NA,NA,NA,NA,NA,NA,NA,NA,NA,NA,NA,NA
"93","Adrian Peterson","DET","RB","2507164","robust",NA,NA,NA,NA,NA,NA,NA,NA,NA,NA,7.35,1.571556,24.6325,1.714874,0.0885319692790565,0.0484000015645805,0.07,0.022239,0,NA,0,NA,1.225,0.51891,7.0425,2.14977,0.0075,0.007413,NA,NA,NA,NA,NA,NA,NA,NA,NA,NA,NA,NA,NA,NA,NA,NA,NA,NA,NA,NA,NA,NA,NA,NA,NA,NA
"94","Alfred Morris","FA","RB","2533457","robust",NA,NA,NA,NA,NA,NA,NA,NA,NA,NA,5.17,1.319514,24.8325,1.490013,0.0868069041714712,0.0575180559169178,0.03,0.022239,0,NA,0,NA,0.31,0.252042,1.8175,1.70499,0.01,0.014826,NA,NA,NA,NA,NA,NA,NA,NA,NA,NA,NA,NA,NA,NA,NA,NA,NA,NA,NA,NA,NA,NA,NA,NA,NA,NA
"95","Devontae Booker","LVR","RB","2555223","robust",NA,NA,NA,NA,NA,NA,NA,NA,NA,NA,6.2875,0.222390000000001,25.57,1.509781,0.102242085981483,0.0763460777840982,0,0,0,NA,0,NA,1.5,0.155673,10.025,0.37065,0,0,NA,NA,NA,NA,NA,NA,NA,NA,NA,NA,NA,NA,NA,NA,NA,NA,NA,NA,NA,NA,NA,NA,NA,NA,NA,NA
"96","Chase Edmonds","ARI","RB","2560711","robust",NA,NA,NA,NA,NA,NA,NA,NA,NA,NA,5.705,0.340998000000001,24.235,1.166312,0.100084516134645,0.07413,0.055,0.0333585,0,NA,0,NA,2.915,0.37065,21.69,3.11346,0.1125,0.07413,NA,NA,NA,NA,NA,NA,NA,NA,NA,NA,NA,NA,NA,NA,NA,NA,NA,NA,NA,NA,NA,NA,NA,NA,NA,NA
"97","Benny Snell","PIT","RB","2562743","robust",NA,NA,NA,NA,NA,NA,NA,NA,NA,NA,5.85,1.55673,21.3,4.37367,0.0893818968797565,0.0179079331240487,0.01,0.007413,0,NA,0,NA,0.42,0.385476,2.22,1.70499,0,0,NA,NA,NA,NA,NA,NA,NA,NA,NA,NA,NA,NA,NA,NA,NA,NA,NA,NA,NA,NA,NA,NA,NA,NA,NA,NA
"98","Matt Breida","MIA","RB","2558918","robust",NA,NA,NA,NA,NA,NA,NA,NA,NA,NA,5.7,2.453703,18.5025,4.813508,0.0610381376380544,0.029652,0.2,0.07413,0,NA,0,NA,1.075,0.200151,8.3,1.000755,0,0,NA,NA,NA,NA,NA,NA,NA,NA,NA,NA,NA,NA,NA,NA,NA,NA,NA,NA,NA,NA,NA,NA,NA,NA,NA,NA
"99","Boston Scott","PHI","RB","2561146","robust",NA,NA,NA,NA,NA,NA,NA,NA,NA,NA,5.215,1.438122,18.645,2.678564,0.0932629313599637,0.0288979186438118,0,0,0,NA,0,NA,1.775,0.29652,13.545,3.03933,0.0275,0.029652,NA,NA,NA,NA,NA,NA,NA,NA,NA,NA,NA,NA,NA,NA,NA,NA,NA,NA,NA,NA,NA,NA,NA,NA,NA,NA
"100","LeVeon Bell","NYJ","RB","2540175","robust",NA,NA,NA,NA,NA,NA,NA,NA,NA,NA,5.3325,0.437367,19.785,2.083053,0.0805236331001473,0.0489024410438144,0,0,0,NA,0,NA,1.45,0.177912,11,0.355824,0.0075,0.007413,NA,NA,NA,NA,NA,NA,NA,NA,NA,NA,NA,NA,NA,NA,NA,NA,NA,NA,NA,NA,NA,NA,NA,NA,NA,NA
"101","Mark Ingram","BAL","RB","2495466","robust",NA,NA,NA,NA,NA,NA,NA,NA,NA,NA,2.5,3.7065,11,16.3086,0,0,NA,NA,NA,NA,NA,NA,0.5,0.7413,2.5,3.7065,0,0,NA,NA,NA,NA,NA,NA,NA,NA,NA,NA,NA,NA,NA,NA,NA,NA,NA,NA,NA,NA,NA,NA,"O","Coach's Decision",15,2020
"102","James White","NE","RB","2543773","robust",NA,NA,NA,NA,NA,NA,NA,NA,NA,NA,4.2725,0.674583,16.9025,1.798888,0.0811980084565219,0.0185838884415737,0.085,0.0111195,0,NA,0,NA,3.655,0.7413,29.745,6.00453,0.0925,0.037065,NA,NA,NA,NA,NA,NA,NA,NA,NA,NA,NA,NA,NA,NA,NA,NA,NA,NA,NA,NA,NA,NA,NA,NA,NA,NA
"103","LeSean McCoy","TB","RB","79607","robust",NA,NA,NA,NA,NA,NA,NA,NA,NA,NA,5.3125,1.18608,17.925,1.58144,0.0881944596169252,0.0646577883438934,0.045,0.0333585,0,NA,0,NA,0.8725,0.674583,5.4525,3.773217,0.015,0.022239,NA,NA,NA,NA,NA,NA,NA,NA,NA,NA,NA,NA,NA,NA,NA,NA,NA,NA,NA,NA,NA,NA,NA,NA,NA,NA
"104","Rashaad Penny","SEA","RB","2560835","robust",NA,NA,NA,NA,NA,NA,NA,NA,NA,NA,2.64,2.461116,11.905,11.408607,0.06,0.059304,0,0,NA,NA,NA,NA,0.65,0.51891,3.265,1.534491,0.01,0.014826,NA,NA,NA,NA,NA,NA,NA,NA,NA,NA,NA,NA,NA,NA,NA,NA,NA,NA,NA,NA,NA,NA,NA,NA,NA,NA
"105","Josh Adams","FA","RB","2560949","robust",NA,NA,NA,NA,NA,NA,NA,NA,NA,NA,2.71,2.81694,9.85,13.12101,0.038168449197861,0.0390470855614973,0.005,0.007413,0,NA,0,NA,0.5525,0.44478,2.015,1.986684,0,0,NA,NA,NA,NA,NA,NA,NA,NA,NA,NA,NA,NA,NA,NA,NA,NA,NA,NA,NA,NA,NA,NA,NA,NA,NA,NA
"106","Jeremy McNichols","FA","RB","2557977","robust",NA,NA,NA,NA,NA,NA,NA,NA,NA,NA,4.05,0.59304,15.73,2.120118,0.0719684684684685,0.0252353657657658,0.005,0.0037065,0,NA,0,NA,0.875,0.14826,4.7275,0.719061,0.0275,0.029652,NA,NA,NA,NA,NA,NA,NA,NA,NA,NA,NA,NA,NA,NA,NA,NA,NA,NA,NA,NA,NA,NA,NA,NA,NA,NA
"107","Brian Hill","ATL","RB","2558112","robust",NA,NA,NA,NA,NA,NA,NA,NA,NA,NA,4.79,0.81543,16.935,0.810488000000003,0.0248335291813553,0.0245454602428515,0.03,0.022239,0,NA,0,NA,1.175,0.533736,7.95,3.461871,0.01,0.014826,NA,NA,NA,NA,NA,NA,NA,NA,NA,NA,NA,NA,NA,NA,NA,NA,NA,NA,NA,NA,NA,NA,NA,NA,NA,NA
"108","Jordan Wilkins","IND","RB","2560933","robust",NA,NA,NA,NA,NA,NA,NA,NA,NA,NA,3.595,0.44478,15.62,1.793946,0.07880852040096,0.0431846584356911,0.005,0.0037065,0,NA,0,NA,0.91,0.0741300000000001,6.475,0.800604,0,0,NA,NA,NA,NA,NA,NA,NA,NA,NA,NA,NA,NA,NA,NA,NA,NA,NA,NA,NA,NA,NA,NA,NA,NA,NA,NA
"109","Alexander Mattison","MIN","RB","2562682","robust",NA,NA,NA,NA,NA,NA,NA,NA,NA,NA,4.4225,3.128286,11.2,7.413,0.0703484667463162,0.0434447264038232,0.015,0.022239,0,NA,0,NA,0.5825,0,3.97,2.81694,0.0175,0.014826,NA,NA,NA,NA,NA,NA,NA,NA,NA,NA,NA,NA,NA,NA,NA,NA,NA,NA,NA,NA,NA,NA,NA,NA,NA,NA
"110",NA,NA,"RB","0","robust",NA,NA,NA,NA,NA,NA,NA,NA,NA,NA,1.875,1.85325,8,5.9304,0.05,0.037065,0,0,0,NA,0,NA,0.825,0.14826,7,0.22239,0,0,NA,NA,NA,NA,NA,NA,NA,NA,NA,NA,NA,NA,NA,NA,NA,NA,NA,NA,NA,NA,NA,NA,NA,NA,NA,NA
"111","Malcolm Brown","LAR","RB","2552382","robust",NA,NA,NA,NA,NA,NA,NA,NA,NA,NA,3.95,0.637518,14.265,1.294804,0.0899558681019355,0.0395796199680469,0.02,0.014826,0,NA,0,NA,1.0325,0.170499,7.8675,0.7413,0.0075,0.007413,NA,NA,NA,NA,NA,NA,NA,NA,NA,NA,NA,NA,NA,NA,NA,NA,NA,NA,NA,NA,NA,NA,NA,NA,NA,NA
"112","Tevin Coleman","SF","RB","2552453","robust",NA,NA,NA,NA,NA,NA,NA,NA,NA,NA,3.7375,4.59606,8.165,9.244011,0.0653281969631549,0.0435048303648532,0,0,0,NA,0,NA,0.605,0.711648,5.2275,4.877754,0.0075,0,NA,NA,NA,NA,NA,NA,NA,NA,NA,NA,NA,NA,NA,NA,NA,NA,NA,NA,NA,NA,NA,NA,NA,NA,NA,NA
"113","Kerryon Johnson","DET","RB","2560765","robust",NA,NA,NA,NA,NA,NA,NA,NA,NA,NA,3.185,0.66717,11.3275,1.576498,0.0538490422484783,0.035731606641604,0.015,0.0111195,0,NA,0,NA,1.075,0.22239,7.4725,4.37367,0.06,0.044478,NA,NA,NA,NA,NA,NA,NA,NA,NA,NA,NA,NA,NA,NA,NA,NA,NA,NA,NA,NA,NA,NA,NA,NA,NA,NA
"114","Mike Boone","MIN","RB","2561099","robust",NA,NA,NA,NA,NA,NA,NA,NA,NA,NA,2.2625,1.371405,10.435,3.004736,0.00920755781161873,0.0124762504230118,0.005,0.0037065,0,NA,0,NA,0.51,0.340998,2.3,1.074885,0,0,NA,NA,NA,NA,NA,NA,NA,NA,NA,NA,NA,NA,NA,NA,NA,NA,NA,NA,NA,NA,NA,NA,NA,NA,NA,NA
"115","Buddy Howell","HOU","RB","2561344","robust",NA,NA,NA,NA,NA,NA,NA,NA,NA,NA,3.06,0.148259999999999,7.285,9.955659,0.0380089285714286,0.038574075,0.05,0.07413,0,NA,0,NA,0.84,0.88956,5.81,3.11346,0.02,0,NA,NA,NA,NA,NA,NA,NA,NA,NA,NA,NA,NA,NA,NA,NA,NA,NA,NA,NA,NA,NA,NA,NA,NA,NA,NA
"116","Joshua Kelley","LAC","RB","2565054","robust",NA,NA,NA,NA,NA,NA,NA,NA,NA,NA,3.9325,2.81694,10.07,5.826618,0.0693827943229409,0.0426478617263844,0.095,0.00741300000000001,0,NA,0,NA,1.1175,0.44478,6.195,2.37216,0.0075,0,NA,NA,NA,NA,NA,NA,NA,NA,NA,NA,NA,NA,NA,NA,NA,NA,NA,NA,NA,NA,NA,NA,NA,NA,NA,NA
"117","J.J. Taylor","NE","RB","2564640","robust",NA,NA,NA,NA,NA,NA,NA,NA,NA,NA,3.6,0.44478,13.8,0,0.1,0,0.01,0.014826,NA,NA,NA,NA,0.8,0.29652,5.15,1.26021,0.005,0.007413,NA,NA,NA,NA,NA,NA,NA,NA,NA,NA,NA,NA,NA,NA,NA,NA,NA,NA,NA,NA,NA,NA,NA,NA,NA,NA
"118","Ke'Shawn Vaughn","TB","RB","2565258","robust",NA,NA,NA,NA,NA,NA,NA,NA,NA,NA,2.275,0.88956,10.555,1.838424,0.0182142857142857,0.018003,0.025,0.0185325,0,NA,0,NA,0.7875,0.185325,5.1675,1.771707,0.0075,0.007413,NA,NA,NA,NA,NA,NA,NA,NA,NA,NA,NA,NA,NA,NA,NA,NA,NA,NA,NA,NA,NA,NA,NA,NA,NA,NA
"119","Davante Adams","GB","WR","2543495","robust",NA,NA,NA,NA,NA,NA,NA,NA,NA,NA,0,0,0,0,0,0,0.075,0.022239,0,NA,0,NA,8,0.0889560000000001,98.2,2.66868,0.92,0.044478,NA,NA,NA,NA,NA,NA,NA,NA,NA,NA,NA,NA,NA,NA,NA,NA,NA,NA,NA,NA,NA,NA,NA,NA,NA,NA
"120","Tyreek Hill","KC","WR","2556214","robust",NA,NA,NA,NA,NA,NA,NA,NA,NA,NA,0.9,NA,6.6325,0.0481845000000009,0.0932980051632396,0.00993637754498106,0.055,0.059304,0,NA,0,NA,5.95,0.0741299999999997,88.9,1.63086,0.87,0.118608,NA,NA,NA,NA,NA,NA,NA,NA,NA,NA,NA,NA,NA,NA,NA,NA,NA,NA,NA,NA,NA,NA,NA,NA,NA,NA
"121","Stefon Diggs","BUF","WR","2552608","robust",NA,NA,NA,NA,NA,NA,NA,NA,NA,NA,0.3,NA,1.6375,0.2038575,0.0015301724137931,0.00226863362068965,0.055,0.059304,0,NA,0,NA,7.35,0.14826,87.435,1.77912,0.65,0.274281,NA,NA,NA,NA,NA,NA,NA,NA,NA,NA,NA,NA,NA,NA,NA,NA,NA,NA,NA,NA,NA,NA,NA,NA,NA,NA
"122","DeAndre Hopkins","ARI","WR","2540165","robust",NA,NA,NA,NA,NA,NA,NA,NA,NA,NA,0.0125,0.0185325,0.125,0.037065,0,0,0.075,0.022239,0,NA,0,NA,6.955,0.222390000000001,88,3.20241599999999,0.7,0.200151,NA,NA,NA,NA,NA,NA,NA,NA,NA,NA,NA,NA,NA,NA,NA,NA,NA,NA,NA,NA,NA,NA,NA,NA,NA,NA
"123","DK Metcalf","SEA","WR","2562685","robust",NA,NA,NA,NA,NA,NA,NA,NA,NA,NA,0.0333333333333333,0.04942,0.2,0.14826,0,0,0.0666666666666667,0.04942,0,NA,0,NA,5.2,0.148260000000001,85.6,6.6717,0.76,0.118608,NA,NA,NA,NA,NA,NA,NA,NA,NA,NA,NA,NA,NA,NA,NA,NA,NA,NA,NA,NA,NA,NA,NA,NA,NA,NA
"124","A.J. Brown","TEN","WR","2562238","robust",NA,NA,NA,NA,NA,NA,NA,NA,NA,NA,0.133333333333333,0.04942,0.733333333333333,0.2471,0,0,0.0233333333333333,0.034594,0,NA,0,NA,5.2,0.518909999999999,84.5,1.438122,0.785,0.192738,NA,NA,NA,NA,NA,NA,NA,NA,NA,NA,NA,NA,NA,NA,NA,NA,NA,NA,NA,NA,NA,NA,NA,NA,NA,NA
"125","Calvin Ridley","ATL","WR","2560854","robust",NA,NA,NA,NA,NA,NA,NA,NA,NA,NA,0.1,NA,0.88,0.177912,0,0,0.0875,0.0185325,0,NA,0,NA,6.4,0.111195,90.65,1.40847,0.72,0.192738,NA,NA,NA,NA,NA,NA,NA,NA,NA,NA,NA,NA,NA,NA,NA,NA,NA,NA,NA,NA,NA,NA,NA,NA,NA,NA
"126","Allen Robinson","CHI","WR","2543509","robust",NA,NA,NA,NA,NA,NA,NA,NA,NA,NA,0.05,0.07413,0.0875,0.0185325,0,0,0.055,0.059304,0,NA,0,NA,6.45,0.148259999999999,79.2,2.29803,0.73,0.029652,NA,NA,NA,NA,NA,NA,NA,NA,NA,NA,NA,NA,NA,NA,NA,NA,NA,NA,NA,NA,NA,NA,NA,NA,NA,NA
"127","Diontae Johnson","PIT","WR","2562674","robust",NA,NA,NA,NA,NA,NA,NA,NA,NA,NA,0.055,NA,0.64,0.415128,0,0,0.1,0,0,NA,0,NA,5.575,0.37065,66.8,12.920859,0.4775,0.07413,NA,NA,NA,NA,NA,NA,NA,NA,NA,NA,NA,NA,NA,NA,NA,NA,NA,NA,NA,NA,NA,NA,NA,NA,NA,NA
"128","Terry McLaurin","WAS","WR","2562489","robust",NA,NA,NA,NA,NA,NA,NA,NA,NA,NA,0.05,NA,0.6475,0.66717,0,0,0.09625,0.00555975,0,NA,0,NA,5.8,0.14826,78.35,0.659757,0.4,0,NA,NA,NA,NA,NA,NA,NA,NA,NA,NA,NA,NA,NA,NA,NA,NA,NA,NA,NA,NA,NA,NA,NA,NA,NA,NA
"129","Robby Anderson","CAR","WR","2556462","robust",NA,NA,NA,NA,NA,NA,NA,NA,NA,NA,0.06,NA,0.746666666666667,0.158144,0.00388888888888889,0.00576566666666667,0.08,0.029652,0,NA,0,NA,5.7,0.148260000000001,72.9,7.51678200000001,0.4,0.163086,NA,NA,NA,NA,NA,NA,NA,NA,NA,NA,NA,NA,NA,NA,NA,NA,NA,NA,NA,NA,NA,NA,NA,NA,NA,NA
"130","Justin Jefferson","MIN","WR","2564556","robust",NA,NA,NA,NA,NA,NA,NA,NA,NA,NA,0.1,NA,0.775,0.2038575,0.00369047619047619,0.00273575,0.005,0.0037065,0,NA,0,NA,5.08,0.0741299999999997,79.35,1.4826,0.5,0.088956,NA,NA,NA,NA,NA,NA,NA,NA,NA,NA,NA,NA,NA,NA,NA,NA,NA,NA,NA,NA,NA,NA,NA,NA,NA,NA
"131","Brandin Cooks","HOU","WR","2543498","robust",NA,NA,NA,NA,NA,NA,NA,NA,NA,NA,0.133333333333333,0.09884,0.5,0.29652,0,0,0,0,0,NA,0,NA,5.48,0.29652,72.5,5.1891,0.4,0.14826,NA,NA,NA,NA,NA,NA,NA,NA,NA,NA,NA,NA,NA,NA,NA,NA,NA,NA,NA,NA,NA,NA,NA,NA,NA,NA
"132","Chris Godwin","TB","WR","2558105","robust",NA,NA,NA,NA,NA,NA,NA,NA,NA,NA,0,0,0.05,0.037065,0,0,0,0,0,NA,0,NA,5.23,0.177912000000001,66.235,5.85627,0.3325,0.14826,NA,NA,NA,NA,NA,NA,NA,NA,NA,NA,NA,NA,NA,NA,NA,NA,NA,NA,NA,NA,NA,NA,NA,NA,NA,NA
"133","Adam Thielen","MIN","WR","2541785","robust",NA,NA,NA,NA,NA,NA,NA,NA,NA,NA,0.1,NA,0.576666666666667,0.331114,0,0,0.0866666666666667,0.019768,0,NA,0,NA,5.5,0.607866,71.5,4.492278,0.8,0.14826,NA,NA,NA,NA,NA,NA,NA,NA,NA,NA,NA,NA,NA,NA,NA,NA,NA,NA,NA,NA,NA,NA,NA,NA,NA,NA
"134","Robert Woods","LAR","WR","2540169","robust",NA,NA,NA,NA,NA,NA,NA,NA,NA,NA,0.65,NA,6.18,0.919212,0.0814384377232674,0.0275193722314837,0.0733333333333333,0.039536,0,NA,0,NA,6.35,0.266868000000001,71.96,5.1891,0.5,0.103782,NA,NA,NA,NA,NA,NA,NA,NA,NA,NA,NA,NA,NA,NA,NA,NA,NA,NA,NA,NA,NA,NA,NA,NA,NA,NA
"135","Corey Davis","TEN","WR","2557848","robust",NA,NA,NA,NA,NA,NA,NA,NA,NA,NA,0.0333333333333333,0.04942,0.166666666666667,0.2471,0,0,0.0166666666666667,0.02471,0,NA,0,NA,5.04,0.0889559999999994,71,4.29954000000001,0.45,0.07413,NA,NA,NA,NA,NA,NA,NA,NA,NA,NA,NA,NA,NA,NA,NA,NA,NA,NA,NA,NA,NA,NA,NA,NA,NA,NA
"136","D.J. Moore","CAR","WR","2560813","robust",NA,NA,NA,NA,NA,NA,NA,NA,NA,NA,0.1,NA,1.68666666666667,0.761068,0.005,0.00219644444444444,0.00666666666666667,0.009884,0,NA,0,NA,4.9,0.148259999999999,74.05,0.148259999999992,0.4,0.118608,NA,NA,NA,NA,NA,NA,NA,NA,NA,NA,NA,NA,NA,NA,NA,NA,NA,NA,NA,NA,NA,NA,NA,NA,NA,NA
"137","Amari Cooper","DAL","WR","2552487","robust",NA,NA,NA,NA,NA,NA,NA,NA,NA,NA,0.18,NA,1.50666666666667,0.306404,0.00261574074074074,0.00387809722222222,0.0733333333333333,0.039536,0,NA,0,NA,5.395,0.281694000000001,66.7,0.889559999999991,0.5,0,NA,NA,NA,NA,NA,NA,NA,NA,NA,NA,NA,NA,NA,NA,NA,NA,NA,NA,NA,NA,NA,NA,NA,NA,NA,NA
"138","Cooper Kupp","LAR","WR","2557898","robust",NA,NA,NA,NA,NA,NA,NA,NA,NA,NA,0.105,NA,0.816666666666667,0.12355,0,0,0.0433333333333333,0.019768,0,NA,0,NA,5.95,0.148259999999999,70.8,1.4826,0.55,0.133434,NA,NA,NA,NA,NA,NA,NA,NA,NA,NA,NA,NA,NA,NA,NA,NA,NA,NA,NA,NA,NA,NA,NA,NA,NA,NA
"139","Brandon Aiyuk","SF","WR","2565093","robust",NA,NA,NA,NA,NA,NA,NA,NA,NA,NA,0.23,NA,2.405,1.1082435,0.044047619047619,0.0252395,0,0,0,NA,0,NA,5.4,0.0815429999999996,73.84,0.889560000000002,0.4825,0.07413,NA,NA,NA,NA,NA,NA,NA,NA,NA,NA,NA,NA,NA,NA,NA,NA,NA,NA,NA,NA,NA,NA,NA,NA,NA,NA
"140","Emmanuel Sanders","NO","WR","497322","robust",NA,NA,NA,NA,NA,NA,NA,NA,NA,NA,0,0,0.15,0.111195,0,0,0,0,0,NA,0,NA,4.835,0.29652,60.67,5.63388,0.395,0.07413,NA,NA,NA,NA,NA,NA,NA,NA,NA,NA,NA,NA,NA,NA,NA,NA,NA,NA,NA,NA,NA,NA,NA,NA,NA,NA
"141","Jarvis Landry","CLE","WR","2543488","robust",NA,NA,NA,NA,NA,NA,NA,NA,NA,NA,0.1,NA,0.92,0.133434,0.00621621621621622,0.00280491891891892,0,0,0,NA,0,NA,5.325,0.348411,64.875,2.527833,0.3975,0.07413,NA,NA,NA,NA,NA,NA,NA,NA,NA,NA,NA,NA,NA,NA,NA,NA,NA,NA,NA,NA,NA,NA,NA,NA,NA,NA
"142","Nelson Agholor","LVR","WR","2552600","robust",NA,NA,NA,NA,NA,NA,NA,NA,NA,NA,0.05,0.037065,0.25,0.185325,0,0,0,0,0,NA,0,NA,4.355,0.518910000000001,58.8825,1.638273,0.575,0.140847,NA,NA,NA,NA,NA,NA,NA,NA,NA,NA,NA,NA,NA,NA,NA,NA,NA,NA,NA,NA,NA,NA,NA,NA,NA,NA
"143","T.Y. Hilton","IND","WR","2532865","robust",NA,NA,NA,NA,NA,NA,NA,NA,NA,NA,0,0,0,0,0,0,0,0,0,NA,0,NA,4.86,0.296520000000001,67.125,4.4478,0.4825,0.07413,NA,NA,NA,NA,NA,NA,NA,NA,NA,NA,NA,NA,NA,NA,NA,NA,NA,NA,NA,NA,NA,NA,NA,NA,NA,NA
"144","Mike Evans","TB","WR","2543468","robust",NA,NA,NA,NA,NA,NA,NA,NA,NA,NA,0,0,0,0,0,0,0,0,0,NA,0,NA,4.6,0.192738,65.7,7.85778,0.8,0.29652,NA,NA,NA,NA,NA,NA,NA,NA,NA,NA,NA,NA,NA,NA,NA,NA,NA,NA,NA,NA,NA,NA,NA,NA,NA,NA
"145","Keenan Allen","LAC","WR","2540154","robust",NA,NA,NA,NA,NA,NA,NA,NA,NA,NA,0.0666666666666667,0.04942,0.333333333333333,0.2471,0,0,0.1,0,0,NA,0,NA,5.6,0.59304,63.9,7.56126,0.5,0,NA,NA,NA,NA,NA,NA,NA,NA,NA,NA,NA,NA,NA,NA,NA,NA,NA,NA,NA,NA,NA,NA,NA,NA,NA,NA
"146","JuJu Smith-Schuster","PIT","WR","2558149","robust",NA,NA,NA,NA,NA,NA,NA,NA,NA,NA,0,0,0.05,0.037065,0,0,0.01,0.007413,0,NA,0,NA,5.2175,0.392889000000001,57.4975,11.719953,0.5,0.066717,NA,NA,NA,NA,NA,NA,NA,NA,NA,NA,NA,NA,NA,NA,NA,NA,NA,NA,NA,NA,NA,NA,NA,NA,NA,NA
"147","Keke Coutee","HOU","WR","2561029","robust",NA,NA,NA,NA,NA,NA,NA,NA,NA,NA,0.025,NA,0.165,0.1000755,0,0,0.15,0.037065,0,NA,0,NA,5,0.0741299999999997,60.5375,5.9304,0.31,0.07413,NA,NA,NA,NA,NA,NA,NA,NA,NA,NA,NA,NA,NA,NA,NA,NA,NA,NA,NA,NA,NA,NA,NA,NA,NA,NA
"148","Tyler Lockett","SEA","WR","2552430","robust",NA,NA,NA,NA,NA,NA,NA,NA,NA,NA,0.133333333333333,0.09884,0.6,0.44478,0,0,0.0333333333333333,0.04942,0,NA,0,NA,5.325,0.148260000000001,64.55,1.33434000000001,0.4,0.07413,NA,NA,NA,NA,NA,NA,NA,NA,NA,NA,NA,NA,NA,NA,NA,NA,NA,NA,NA,NA,NA,NA,NA,NA,NA,NA
"149","Tim Patrick","DEN","WR","2558985","robust",NA,NA,NA,NA,NA,NA,NA,NA,NA,NA,0,0,0.1,0.07413,0,0,0,0,0,NA,0,NA,3.95,0.481845,53.925,7.153545,0.2475,0.126021,NA,NA,NA,NA,NA,NA,NA,NA,NA,NA,NA,NA,NA,NA,NA,NA,NA,NA,NA,NA,NA,NA,NA,NA,NA,NA
"150","Marvin Jones","DET","WR","2532884","robust",NA,NA,NA,NA,NA,NA,NA,NA,NA,NA,0,0,0,0,0,0,0,0,0,NA,0,NA,4.8275,0.378063,61.8775,2.824353,0.575,0.0889560000000001,NA,NA,NA,NA,NA,NA,NA,NA,NA,NA,NA,NA,NA,NA,NA,NA,NA,NA,NA,NA,NA,NA,NA,NA,NA,NA
"151","D.J. Chark","JAC","WR","2561018","robust",NA,NA,NA,NA,NA,NA,NA,NA,NA,NA,0,0,0.1,0.07413,0,0,0,0,0,NA,0,NA,4.5075,0.37065,54,3.402567,0.2175,0.07413,NA,NA,NA,NA,NA,NA,NA,NA,NA,NA,NA,NA,NA,NA,NA,NA,NA,NA,NA,NA,NA,NA,NA,NA,NA,NA
"152","Marquise Brown","BAL","WR","2562379","robust",NA,NA,NA,NA,NA,NA,NA,NA,NA,NA,0.15,0.22239,1.1,1.63086,0,0,0,0,0,NA,0,NA,4.02,0.29652,57.125,1.63086,0.6175,0.044478,NA,NA,NA,NA,NA,NA,NA,NA,NA,NA,NA,NA,NA,NA,NA,NA,NA,NA,NA,NA,NA,NA,NA,NA,NA,NA
"153","Cole Beasley","BUF","WR","2535698","robust",NA,NA,NA,NA,NA,NA,NA,NA,NA,NA,0,0,0,0,0,0,0,0,0,NA,0,NA,5.11,0.281693999999999,58.3,3.513762,0.3,0,NA,NA,NA,NA,NA,NA,NA,NA,NA,NA,NA,NA,NA,NA,NA,NA,NA,NA,NA,NA,NA,NA,NA,NA,NA,NA
"154","Jakobi Meyers","NE","WR","2562492","robust",NA,NA,NA,NA,NA,NA,NA,NA,NA,NA,0.05,0.07413,0.05,0.07413,0,0,0,0,0,NA,0,NA,4.425,0.0741299999999997,58.2675,3.750978,0.1875,0.07413,NA,NA,NA,NA,NA,NA,NA,NA,NA,NA,NA,NA,NA,NA,NA,NA,NA,NA,NA,NA,NA,NA,NA,NA,NA,NA
"155","Sterling Shepard","NYG","WR","2555295","robust",NA,NA,NA,NA,NA,NA,NA,NA,NA,NA,0.1,NA,1.34,0.563388,0,0,0.02,0.014826,0,NA,0,NA,4.92,0.0741299999999997,51.34,7.768824,0.2875,0.14826,NA,NA,NA,NA,NA,NA,NA,NA,NA,NA,NA,NA,NA,NA,NA,NA,NA,NA,NA,NA,NA,NA,NA,NA,NA,NA
"156","Mike Williams","LAC","WR","2558846","robust",NA,NA,NA,NA,NA,NA,NA,NA,NA,NA,0,0,0,0,0,0,0,0,0,NA,0,NA,3.1025,1.616034,40.175,3.40998,0.14,0.029652,NA,NA,NA,NA,NA,NA,NA,NA,NA,NA,NA,NA,NA,NA,NA,NA,NA,NA,NA,NA,NA,NA,NA,NA,NA,NA
"157","Russell Gage","ATL","WR","2561061","robust",NA,NA,NA,NA,NA,NA,NA,NA,NA,NA,0.05,0.037065,0.1,0.07413,0,0,0.05,0.037065,0,NA,0,NA,4.555,0.578214000000001,52.86,7.413,0.2,0.022239,NA,NA,NA,NA,NA,NA,NA,NA,NA,NA,NA,NA,NA,NA,NA,NA,NA,NA,NA,NA,NA,NA,NA,NA,NA,NA
"158","Antonio Brown","FA","WR","2508061","robust",NA,NA,NA,NA,NA,NA,NA,NA,NA,NA,0.2,NA,1.375,0.0926625,0.0055,0.00333585,0,0,0,NA,0,NA,4.5625,0.44478,51.9175,6.22692,0.2,0.22239,NA,NA,NA,NA,NA,NA,NA,NA,NA,NA,NA,NA,NA,NA,NA,NA,NA,NA,NA,NA,NA,NA,NA,NA,NA,NA
"159","Danny Amendola","DET","WR","2649","robust",NA,NA,NA,NA,NA,NA,NA,NA,NA,NA,0.05,NA,0.235,0.0259455,0,0,0,0,0,NA,0,NA,4.115,0.66717,51.225,6.30105,0.1,0.07413,NA,NA,NA,NA,NA,NA,NA,NA,NA,NA,NA,NA,NA,NA,NA,NA,NA,NA,NA,NA,NA,NA,NA,NA,NA,NA
"160","Breshad Perriman","NYJ","WR","2552597","robust",NA,NA,NA,NA,NA,NA,NA,NA,NA,NA,0.05,0.037065,0.1,0.07413,0,0,0,0,0,NA,0,NA,3.27,0.29652,47.75,5.233578,0.185,0.088956,NA,NA,NA,NA,NA,NA,NA,NA,NA,NA,NA,NA,NA,NA,NA,NA,NA,NA,NA,NA,NA,NA,NA,NA,NA,NA
"161","Tyler Boyd","CIN","WR","2555466","robust",NA,NA,NA,NA,NA,NA,NA,NA,NA,NA,0.065,NA,0.77,0.467019,0,0,0.025,0.0185325,0,NA,0,NA,4.7225,0.51891,52.9825,5.04084,0.1425,0.126021,NA,NA,NA,NA,NA,NA,NA,NA,NA,NA,NA,NA,NA,NA,NA,NA,NA,NA,NA,NA,NA,NA,NA,NA,NA,NA
"162","Marquez Valdes-Scantling","GB","WR","2560907","robust",NA,NA,NA,NA,NA,NA,NA,NA,NA,NA,0.155,NA,1.475,0.1297275,0.00893939393939394,0.00662677272727273,0.035,0.0259455,0,NA,0,NA,3.78,1.097124,46.725,3.291372,0.375,0.096369,NA,NA,NA,NA,NA,NA,NA,NA,NA,NA,NA,NA,NA,NA,NA,NA,NA,NA,NA,NA,NA,NA,NA,NA,NA,NA
"163","Jerry Jeudy","DEN","WR","2563896","robust",NA,NA,NA,NA,NA,NA,NA,NA,NA,NA,0,0,0,0,0,0,0,0,0,NA,0,NA,3.7,0.51891,51.025,2.646441,0.2,0.037065,NA,NA,NA,NA,NA,NA,NA,NA,NA,NA,NA,NA,NA,NA,NA,NA,NA,NA,NA,NA,NA,NA,NA,NA,NA,NA
"164","Jamison Crowder","NYJ","WR","2552415","robust",NA,NA,NA,NA,NA,NA,NA,NA,NA,NA,0.05,0.037065,0.15,0.111195,0,0,0,0,0,NA,0,NA,4.4325,0.29652,47.95,5.441142,0.2,0.14826,NA,NA,NA,NA,NA,NA,NA,NA,NA,NA,NA,NA,NA,NA,NA,NA,NA,NA,NA,NA,NA,NA,NA,NA,NA,NA
"165","Gabriel Davis","BUF","WR","2563602","robust",NA,NA,NA,NA,NA,NA,NA,NA,NA,NA,NA,NA,NA,NA,NA,NA,0,0,NA,NA,NA,NA,3.4,0.88956,47.5,11.1195,0.65,0.51891,NA,NA,NA,NA,NA,NA,NA,NA,NA,NA,NA,NA,NA,NA,NA,NA,NA,NA,NA,NA,NA,NA,NA,NA,NA,NA
"166","Tee Higgins","CIN","WR","2563731","robust",NA,NA,NA,NA,NA,NA,NA,NA,NA,NA,0.095,NA,0.795,0.4484865,0,0,0.04,0.029652,0,NA,0,NA,4,0.0518910000000002,51.575,2.809527,0.2,0.07413,NA,NA,NA,NA,NA,NA,NA,NA,NA,NA,NA,NA,NA,NA,NA,NA,NA,NA,NA,NA,NA,NA,NA,NA,NA,NA
"167","Mack Hollins","MIA","WR","2558262","robust",NA,NA,NA,NA,NA,NA,NA,NA,NA,NA,0,0,0,0,0,0,0,0,NA,NA,NA,NA,3.575,0.704235,47.53,10.719198,0.22,0.029652,NA,NA,NA,NA,NA,NA,NA,NA,NA,NA,NA,NA,NA,NA,NA,NA,NA,NA,NA,NA,NA,NA,NA,NA,NA,NA
"168","Keelan Cole","JAC","WR","2559153","robust",NA,NA,NA,NA,NA,NA,NA,NA,NA,NA,0.05,0.037065,0.05,0.037065,0,0,0,0,0,NA,0,NA,3.44,0.474432,43.655,6.96822,0.1925,0.081543,NA,NA,NA,NA,NA,NA,NA,NA,NA,NA,NA,NA,NA,NA,NA,NA,NA,NA,NA,NA,NA,NA,NA,NA,NA,NA
"169","Sammy Watkins","KC","WR","2543457","robust",NA,NA,NA,NA,NA,NA,NA,NA,NA,NA,0.05,0.037065,0.3,0.22239,0,0,0.05,0.037065,0,NA,0,NA,3.5775,0.37065,46.37,5.9304,0.2,0.088956,NA,NA,NA,NA,NA,NA,NA,NA,NA,NA,NA,NA,NA,NA,NA,NA,NA,NA,NA,NA,NA,NA,NA,NA,NA,NA
"170","Rashard Higgins","CLE","WR","2555468","robust",NA,NA,NA,NA,NA,NA,NA,NA,NA,NA,0,0,0.05,0.037065,0,0,0.005,0.0037065,0,NA,0,NA,3.4375,0.407715,46.845,7.413,0.285,0.014826,NA,NA,NA,NA,NA,NA,NA,NA,NA,NA,NA,NA,NA,NA,NA,NA,NA,NA,NA,NA,NA,NA,NA,NA,NA,NA
"171","Michael Pittman","IND","WR","2564136","robust",NA,NA,NA,NA,NA,NA,NA,NA,NA,NA,0.175,NA,1.75,0.037065,0.0102941176470588,0.00719497058823529,0,0,0,NA,0,NA,3.91,0.163086,47.3675,5.33736,0.16,0.14826,NA,NA,NA,NA,NA,NA,NA,NA,NA,NA,NA,NA,NA,NA,NA,NA,NA,NA,NA,NA,NA,NA,NA,NA,NA,NA
"172","Chase Claypool","PIT","WR","2564970","robust",NA,NA,NA,NA,NA,NA,NA,NA,NA,NA,0.205,NA,1.67,0.985929,0.0278333333333333,0.02063285,0.02,0.014826,0,NA,0,NA,3.9525,0.437367,47.4175,4.4478,0.3025,0.07413,NA,NA,NA,NA,NA,NA,NA,NA,NA,NA,NA,NA,NA,NA,NA,NA,NA,NA,NA,NA,NA,NA,NA,NA,NA,NA
"173","CeeDee Lamb","DAL","WR","2563848","robust",NA,NA,NA,NA,NA,NA,NA,NA,NA,NA,0.375,NA,4.12,0.0593040000000001,0.0152970297029703,0.0108993118811881,0.035,0.0259455,0,NA,0,NA,4.3,0.177912,48.7075,2.14977,0.225,0.07413,NA,NA,NA,NA,NA,NA,NA,NA,NA,NA,NA,NA,NA,NA,NA,NA,NA,NA,NA,NA,NA,NA,NA,NA,NA,NA
"174","Michael Gallup","DAL","WR","2560735","robust",NA,NA,NA,NA,NA,NA,NA,NA,NA,NA,0.115,NA,0.84,0.400302,0.00304347826086957,0.00225613043478261,0,0,0,NA,0,NA,3.5125,0.37065,46.99,3.098634,0.2,0.037065,NA,NA,NA,NA,NA,NA,NA,NA,NA,NA,NA,NA,NA,NA,NA,NA,NA,NA,NA,NA,NA,NA,NA,NA,NA,NA
"175","Denzel Mims","NYJ","WR","2564802","robust",NA,NA,NA,NA,NA,NA,NA,NA,NA,NA,0.05,0.037065,0.2,0.14826,0,0,0,0,0,NA,0,NA,3.115,1.03782,38.08,9.651726,0.0775,0.07413,NA,NA,NA,NA,NA,NA,NA,NA,NA,NA,NA,NA,NA,NA,NA,NA,NA,NA,NA,NA,NA,NA,NA,NA,NA,NA
"176","Josh Reynolds","LAR","WR","2558194","robust",NA,NA,NA,NA,NA,NA,NA,NA,NA,NA,0.05,0.037065,0.15,0.111195,0,0,0.015,0.0111195,0,NA,0,NA,2.95,0.22239,41.97,5.500446,0.2,0.037065,NA,NA,NA,NA,NA,NA,NA,NA,NA,NA,NA,NA,NA,NA,NA,NA,NA,NA,NA,NA,NA,NA,NA,NA,NA,NA
"177","Tre'Quan Smith","NO","WR","2560878","robust",NA,NA,NA,NA,NA,NA,NA,NA,NA,NA,0.18,NA,1.245,0.5522685,0.00312814070351759,0.00231889070351759,0.03,0.022239,0,NA,0,NA,3.62,0.29652,47.7725,0.963690000000003,0.3,0.037065,NA,NA,NA,NA,NA,NA,NA,NA,NA,NA,NA,NA,NA,NA,NA,NA,NA,NA,NA,NA,NA,NA,NA,NA,NA,NA
"178","Hunter Renfrow","LVR","WR","2562712","robust",NA,NA,NA,NA,NA,NA,NA,NA,NA,NA,0,0,0,0,0,0,0.05,0.037065,0,NA,0,NA,3.7075,0.289107,48.0325,0.370650000000005,0.2,0.059304,NA,NA,NA,NA,NA,NA,NA,NA,NA,NA,NA,NA,NA,NA,NA,NA,NA,NA,NA,NA,NA,NA,NA,NA,NA,NA
"179","Willie Snead","BAL","WR","2550256","robust",NA,NA,NA,NA,NA,NA,NA,NA,NA,NA,0,0,0.05,0.037065,0,0,0,0,0,NA,0,NA,3.0225,0.59304,39.445,3.750978,0.2525,0.22239,NA,NA,NA,NA,NA,NA,NA,NA,NA,NA,NA,NA,NA,NA,NA,NA,NA,NA,NA,NA,NA,NA,NA,NA,NA,NA
"180","Kendrick Bourne","SF","WR","2558914","robust",NA,NA,NA,NA,NA,NA,NA,NA,NA,NA,0,0,0,0,0,0,0,0,0,NA,0,NA,3.76,0.489258,43.95,0.904385999999999,0.1375,0.126021,NA,NA,NA,NA,NA,NA,NA,NA,NA,NA,NA,NA,NA,NA,NA,NA,NA,NA,NA,NA,NA,NA,NA,NA,NA,NA
"181","Curtis Samuel","CAR","WR","2558066","robust",NA,NA,NA,NA,NA,NA,NA,NA,NA,NA,0.95,NA,10.445,0.8562015,0.0899946410675179,0.00740902742335103,0.05,0.037065,0,NA,0,NA,4.1,0.311346,42.835,5.85627,0.2,0.088956,NA,NA,NA,NA,NA,NA,NA,NA,NA,NA,NA,NA,NA,NA,NA,NA,NA,NA,NA,NA,NA,NA,NA,NA,NA,NA
"182","Damiere Byrd","NE","WR","2553499","robust",NA,NA,NA,NA,NA,NA,NA,NA,NA,NA,0.05,0.037065,0.35,0.259455,0,0,0.005,0.0037065,0,NA,0,NA,3.2675,0.59304,39.265,10.67472,0.12,0.133434,NA,NA,NA,NA,NA,NA,NA,NA,NA,NA,NA,NA,NA,NA,NA,NA,NA,NA,NA,NA,NA,NA,NA,NA,NA,NA
"183","Christian Kirk","ARI","WR","2560781","robust",NA,NA,NA,NA,NA,NA,NA,NA,NA,NA,0.1,0.07413,0.7,0.51891,0,0,0,0,0,NA,0,NA,3.79,0.14826,43.7375,2.260965,0.23,0.14826,NA,NA,NA,NA,NA,NA,NA,NA,NA,NA,NA,NA,NA,NA,NA,NA,NA,NA,NA,NA,NA,NA,NA,NA,NA,NA
"184","Darius Slayton","NYG","WR","2562736","robust",NA,NA,NA,NA,NA,NA,NA,NA,NA,NA,0.05,NA,0.4,0,0,0,0.025,0.037065,0,NA,0,NA,3.025,0.14826,45.15,1.4826,0.175,0.14826,NA,NA,NA,NA,NA,NA,NA,NA,NA,NA,NA,NA,NA,NA,NA,NA,NA,NA,NA,NA,NA,NA,NA,NA,NA,NA
"185","Jalen Reagor","PHI","WR","2564850","robust",NA,NA,NA,NA,NA,NA,NA,NA,NA,NA,0.225,NA,2.425,0.0555974999999998,0.0103191489361702,0.00717641489361702,0,0,0,NA,0,NA,2.6675,0.318759,36.5775,8.67321,0.0775,0.07413,NA,NA,NA,NA,NA,NA,NA,NA,NA,NA,NA,NA,NA,NA,NA,NA,NA,NA,NA,NA,NA,NA,NA,NA,NA,NA
"186","Chad Hansen","FA","WR","2558069","robust",NA,NA,NA,NA,NA,NA,NA,NA,NA,NA,0.05,0.037065,0.2,0.14826,0,0,0.01,0.007413,0,NA,0,NA,3.1425,0.22239,37.075,6.656874,0.2,0.00741299999999999,NA,NA,NA,NA,NA,NA,NA,NA,NA,NA,NA,NA,NA,NA,NA,NA,NA,NA,NA,NA,NA,NA,NA,NA,NA,NA
"187","Allen Lazard","GB","WR","2560787","robust",NA,NA,NA,NA,NA,NA,NA,NA,NA,NA,0.07,NA,0.815,0.4336605,0,0,0.025,0.0185325,0,NA,0,NA,3.14,0.14826,39.8925,3.85476,0.2225,0.14826,NA,NA,NA,NA,NA,NA,NA,NA,NA,NA,NA,NA,NA,NA,NA,NA,NA,NA,NA,NA,NA,NA,NA,NA,NA,NA
"188","Anthony Miller","CHI","WR","2560810","robust",NA,NA,NA,NA,NA,NA,NA,NA,NA,NA,0.1,NA,0.82,0.059304,0.00554054054054054,0.0033057972972973,0.05,0.037065,0,NA,0,NA,3.2675,0.214977,38.8075,1.949619,0.135,0.103782,NA,NA,NA,NA,NA,NA,NA,NA,NA,NA,NA,NA,NA,NA,NA,NA,NA,NA,NA,NA,NA,NA,NA,NA,NA,NA
"189","KJ Hamler","DEN","WR","2563890","robust",NA,NA,NA,NA,NA,NA,NA,NA,NA,NA,0.33,NA,3.335,0.3965955,0.0129263565891473,0.00958230813953488,0,0,0,NA,0,NA,3,0.385476,36.3425,5.18910000000001,0.1775,0.096369,NA,NA,NA,NA,NA,NA,NA,NA,NA,NA,NA,NA,NA,NA,NA,NA,NA,NA,NA,NA,NA,NA,NA,NA,NA,NA
"190","Richie James","SF","WR","2560761","robust",NA,NA,NA,NA,NA,NA,NA,NA,NA,NA,0.015,NA,0.22,0.088956,0,0,0.085,0.0111195,0,NA,0,NA,2.1,0.570801,28.93,11.801496,0.0925,0.07413,NA,NA,NA,NA,NA,NA,NA,NA,NA,NA,NA,NA,NA,NA,NA,NA,NA,NA,NA,NA,NA,NA,NA,NA,NA,NA
"191","Antonio Callaway","FA","WR","2560988","robust",NA,NA,NA,NA,NA,NA,NA,NA,NA,NA,0,0,0.05,0.07413,0,0,0,0,NA,NA,NA,NA,2.36,0.978516,31.625,12.787425,0.14,0.059304,NA,NA,NA,NA,NA,NA,NA,NA,NA,NA,NA,NA,NA,NA,NA,NA,NA,NA,NA,NA,NA,NA,NA,NA,NA,NA
"192","Golden Tate","NYG","WR","497326","robust",NA,NA,NA,NA,NA,NA,NA,NA,NA,NA,0.05,0.037065,0.2,0.14826,0,0,0.02,0.014826,0,NA,0,NA,3.05,0.303933,37.31,2.401812,0.1175,0.07413,NA,NA,NA,NA,NA,NA,NA,NA,NA,NA,NA,NA,NA,NA,NA,NA,NA,NA,NA,NA,NA,NA,NA,NA,NA,NA
"193","James Washington","PIT","WR","2560920","robust",NA,NA,NA,NA,NA,NA,NA,NA,NA,NA,0,0,0,0,0,0,0,0,0,NA,0,NA,2.3,0.392889,30.27,9.6369,0.1925,0.14826,NA,NA,NA,NA,NA,NA,NA,NA,NA,NA,NA,NA,NA,NA,NA,NA,NA,NA,NA,NA,NA,NA,NA,NA,NA,NA
"194","Tyron Johnson","FA","WR","2562932","robust",NA,NA,NA,NA,NA,NA,NA,NA,NA,NA,0.2,NA,1.1,0,0,0,0,0,NA,NA,NA,NA,1.65,1.26021,27.35,18.31011,0.145,0.081543,NA,NA,NA,NA,NA,NA,NA,NA,NA,NA,NA,NA,NA,NA,NA,NA,NA,NA,NA,NA,NA,NA,NA,NA,NA,NA
"195","Larry Fitzgerald","ARI","WR","2506106","robust",NA,NA,NA,NA,NA,NA,NA,NA,NA,NA,0,0,0,0,0,0,0.015,0.0111195,0,NA,0,NA,3.425,0.378063,35.625,1.178667,0.09,0.07413,NA,NA,NA,NA,NA,NA,NA,NA,NA,NA,NA,NA,NA,NA,NA,NA,NA,NA,NA,NA,NA,NA,NA,NA,NA,NA
"196","A.J. Green","CIN","WR","2495450","robust",NA,NA,NA,NA,NA,NA,NA,NA,NA,NA,0,0,0,0,0,0,0.015,0.0111195,0,NA,0,NA,2.5575,0.51891,33.03,4.062324,0.1075,0.07413,NA,NA,NA,NA,NA,NA,NA,NA,NA,NA,NA,NA,NA,NA,NA,NA,NA,NA,NA,NA,NA,NA,NA,NA,NA,NA
"197","Chris Conley","JAC","WR","2552652","robust",NA,NA,NA,NA,NA,NA,NA,NA,NA,NA,0,0,0,0,0,0,0,0,0,NA,0,NA,1.8075,0.103782,21.8675,0.785778000000002,0.0925,0,NA,NA,NA,NA,NA,NA,NA,NA,NA,NA,NA,NA,NA,NA,NA,NA,NA,NA,NA,NA,NA,NA,NA,NA,NA,NA
"198","N'Keal Harry","NE","WR","2562659","robust",NA,NA,NA,NA,NA,NA,NA,NA,NA,NA,0.15,NA,1.475,0.0926625,0.00546296296296296,0.00336330555555556,0.025,0.0185325,0,NA,0,NA,2.65,0.392889,32.75,3.276546,0.2,0,NA,NA,NA,NA,NA,NA,NA,NA,NA,NA,NA,NA,NA,NA,NA,NA,NA,NA,NA,NA,NA,NA,NA,NA,NA,NA
"199","Alshon Jeffery","PHI","WR","2533039","robust",NA,NA,NA,NA,NA,NA,NA,NA,NA,NA,0,0,0.05,0.037065,0,0,0.005,0.0037065,0,NA,0,NA,1.9525,0.14826,23.45,1.097124,0.1225,0.096369,NA,NA,NA,NA,NA,NA,NA,NA,NA,NA,NA,NA,NA,NA,NA,NA,NA,NA,NA,NA,NA,NA,NA,NA,NA,NA
"200","Laviska Shenault","JAC","WR","2564232","robust",NA,NA,NA,NA,NA,NA,NA,NA,NA,NA,0.38,NA,4.3,0,0.02,0,0.01,0,0,NA,0,NA,2.9225,0.133434,33.5675,0,0.0925,0.103782,NA,NA,NA,NA,NA,NA,NA,NA,NA,NA,NA,NA,NA,NA,NA,NA,NA,NA,NA,NA,NA,NA,NA,NA,NA,NA
"201","Darnell Mooney","CHI","WR","2563707","robust",NA,NA,NA,NA,NA,NA,NA,NA,NA,NA,NA,NA,NA,NA,NA,NA,0,0,NA,NA,NA,NA,2.35,0.51891,30.5,5.1891,0.1,0.14826,NA,NA,NA,NA,NA,NA,NA,NA,NA,NA,NA,NA,NA,NA,NA,NA,NA,NA,NA,NA,NA,NA,NA,NA,NA,NA
"202","Mecole Hardman","KC","WR","2562580","robust",NA,NA,NA,NA,NA,NA,NA,NA,NA,NA,0.05,0.037065,0.2,0.14826,0,0,0.045,0.0333585,0,NA,0,NA,1.9975,0.0741300000000002,30.5575,2.424051,0.1225,0.07413,NA,NA,NA,NA,NA,NA,NA,NA,NA,NA,NA,NA,NA,NA,NA,NA,NA,NA,NA,NA,NA,NA,NA,NA,NA,NA
"203","Zach Pascal","IND","WR","2558877","robust",NA,NA,NA,NA,NA,NA,NA,NA,NA,NA,0.05,0.037065,0.2,0.14826,0,0,0,0,0,NA,0,NA,2.4075,0.0815430000000006,31.14,0.934038000000001,0.1,0.07413,NA,NA,NA,NA,NA,NA,NA,NA,NA,NA,NA,NA,NA,NA,NA,NA,NA,NA,NA,NA,NA,NA,NA,NA,NA,NA
"204","DeSean Jackson","PHI","WR","1581","robust",NA,NA,NA,NA,NA,NA,NA,NA,NA,NA,0.15,0.22239,1.75,2.59455,0,0,0,0,NA,NA,NA,NA,1.15,1.70499,15.1,22.38726,0.05,0.07413,NA,NA,NA,NA,NA,NA,NA,NA,NA,NA,NA,NA,NA,NA,NA,NA,NA,NA,NA,NA,NA,NA,"IR","Ankle",15,2020
"205","David Moore","SEA","WR","2558856","robust",NA,NA,NA,NA,NA,NA,NA,NA,NA,NA,0.2,NA,1.94,0.266868,0.00613924050632911,0.00286198101265823,0.015,0.0111195,0,NA,0,NA,2.235,0.29652,28.005,1.897728,0.1925,0.00741300000000001,NA,NA,NA,NA,NA,NA,NA,NA,NA,NA,NA,NA,NA,NA,NA,NA,NA,NA,NA,NA,NA,NA,NA,NA,NA,NA
"206","Donovan Peoples-Jones","CLE","WR","2563803","robust",NA,NA,NA,NA,NA,NA,NA,NA,NA,NA,NA,NA,NA,NA,NA,NA,0,0,NA,NA,NA,NA,1.65,0.51891,28,2.9652,0.05,0.07413,NA,NA,NA,NA,NA,NA,NA,NA,NA,NA,NA,NA,NA,NA,NA,NA,NA,NA,NA,NA,NA,NA,NA,NA,NA,NA
"207","Quintez Cephus","DET","WR","2563926","robust",NA,NA,NA,NA,NA,NA,NA,NA,NA,NA,NA,NA,NA,NA,NA,NA,0,0,NA,NA,NA,NA,2.05,0.0741300000000001,27.5,0.7413,0.025,0.037065,NA,NA,NA,NA,NA,NA,NA,NA,NA,NA,NA,NA,NA,NA,NA,NA,NA,NA,NA,NA,NA,NA,NA,NA,NA,NA
"208","Demarcus Robinson","KC","WR","2555478","robust",NA,NA,NA,NA,NA,NA,NA,NA,NA,NA,0,0,0,0,0,0,0.05,0.037065,0,NA,0,NA,1.985,0.385476,24.4325,2.068227,0.1,0.059304,NA,NA,NA,NA,NA,NA,NA,NA,NA,NA,NA,NA,NA,NA,NA,NA,NA,NA,NA,NA,NA,NA,NA,NA,NA,NA
"209","Travis Fulgham","FA","WR","2562653","robust",NA,NA,NA,NA,NA,NA,NA,NA,NA,NA,0,NA,0.2,0,0,0,0,0,0,NA,0,NA,1.35,0.29652,18.4,7.85778,0.075,0,NA,NA,NA,NA,NA,NA,NA,NA,NA,NA,NA,NA,NA,NA,NA,NA,NA,NA,NA,NA,NA,NA,NA,NA,NA,NA
"210","Mohamed Sanu","FA","WR","2533040","robust",NA,NA,NA,NA,NA,NA,NA,NA,NA,NA,0.05,0.07413,0.2,0.29652,0,0,0,0,0,NA,0,NA,2.01,0.0444779999999997,22.94,0.770952000000005,0.0925,0.059304,NA,NA,NA,NA,NA,NA,NA,NA,NA,NA,NA,NA,NA,NA,NA,NA,NA,NA,NA,NA,NA,NA,NA,NA,NA,NA
"211","Chris Moore","BAL","WR","2555209","robust",NA,NA,NA,NA,NA,NA,NA,NA,NA,NA,0,0,0,0,0,0,0,0,0,NA,0,NA,0.61,0.088956,7.11,1.571556,0.05,0,NA,NA,NA,NA,NA,NA,NA,NA,NA,NA,NA,NA,NA,NA,NA,NA,NA,NA,NA,NA,NA,NA,NA,"Thigh",15,2020
"212","Devin Duvernay","BAL","WR","2563551","robust",NA,NA,NA,NA,NA,NA,NA,NA,NA,NA,0.2,0.14826,2.2,1.63086,0,0,0,0,0,NA,0,NA,1.48,0.44478,17.975,3.298785,0.1025,0.07413,NA,NA,NA,NA,NA,NA,NA,NA,NA,NA,NA,NA,NA,NA,NA,NA,NA,NA,NA,NA,NA,NA,NA,NA,NA,NA
"213","Brandon Powell","ATL","WR","2561261","robust",NA,NA,NA,NA,NA,NA,NA,NA,NA,NA,0.14,NA,0.81,0.133434,0.0053125,0.006486375,0,0,0,NA,0,NA,1.7,0.66717,18.14,6.108312,0.0925,0,NA,NA,NA,NA,NA,NA,NA,NA,NA,NA,NA,NA,NA,NA,NA,NA,NA,NA,NA,NA,NA,NA,NA,NA,NA,NA
"214","KhaDarel Hodge","CLE","WR","2561653","robust",NA,NA,NA,NA,NA,NA,NA,NA,NA,NA,0,0,0,0,0,0,0,0,0,NA,0,NA,0.7425,0.044478,11.285,2.905896,0.045,0.059304,NA,NA,NA,NA,NA,NA,NA,NA,NA,NA,NA,NA,NA,NA,NA,NA,NA,NA,NA,NA,NA,NA,NA,NA,NA,NA
"215","Zay Jones","LVR","WR","2557863","robust",NA,NA,NA,NA,NA,NA,NA,NA,NA,NA,0,0,0,0,0,0,0,0,0,NA,0,NA,1.4925,0.548562,16.535,4.655364,0.105,0.118608,NA,NA,NA,NA,NA,NA,NA,NA,NA,NA,NA,NA,NA,NA,NA,NA,NA,NA,NA,NA,NA,NA,NA,NA,NA,NA
"216","Trent Taylor","SF","WR","2558202","robust",NA,NA,NA,NA,NA,NA,NA,NA,NA,NA,0,0,0,0,0,0,0.035,0.051891,0,NA,0,NA,1.36,0.711648,15.23,9.547944,0.0275,0,NA,NA,NA,NA,NA,NA,NA,NA,NA,NA,NA,NA,NA,NA,NA,NA,NA,NA,NA,NA,NA,NA,NA,NA,NA,NA
"217","Bryan Edwards","LVR","WR","2564418","robust",NA,NA,NA,NA,NA,NA,NA,NA,NA,NA,0.05,0.07413,0.15,0.22239,0,0,0,0,0,NA,0,NA,1.24,0.14826,15.69,2.9652,0.025,0,NA,NA,NA,NA,NA,NA,NA,NA,NA,NA,NA,NA,NA,NA,NA,NA,NA,NA,NA,NA,NA,NA,NA,NA,NA,NA
"218","DaeSean Hamilton","DEN","WR","2561002","robust",NA,NA,NA,NA,NA,NA,NA,NA,NA,NA,0,0,0,0,0,0,0.03,0.044478,0,NA,0,NA,1.455,0.29652,15.1925,4.4478,0.1025,0.029652,NA,NA,NA,NA,NA,NA,NA,NA,NA,NA,NA,NA,NA,NA,NA,NA,NA,NA,NA,NA,NA,NA,NA,NA,NA,NA
"219","Braxton Berrios","NYJ","WR","2560975","robust",NA,NA,NA,NA,NA,NA,NA,NA,NA,NA,0.1,NA,0.3,0,0,0,0,0,NA,NA,NA,NA,1.6,0.44478,17.7,4.89258,0.025,0.037065,NA,NA,NA,NA,NA,NA,NA,NA,NA,NA,NA,NA,NA,NA,NA,NA,NA,NA,NA,NA,NA,NA,NA,NA,NA,NA
"220","Dez Bryant","FA","WR","497278","robust",NA,NA,NA,NA,NA,NA,NA,NA,NA,NA,0.05,0.07413,0.3,0.44478,0,0,0,0,0,NA,0,NA,0.615,0.266868,5.975,0.44478,0.07,0.014826,NA,NA,NA,NA,NA,NA,NA,NA,NA,NA,NA,NA,NA,NA,NA,NA,NA,NA,NA,NA,NA,NA,NA,NA,NA,NA
"221","Equanimeous St. Brown","GB","WR","2560883","robust",NA,NA,NA,NA,NA,NA,NA,NA,NA,NA,0.05,0.07413,0.15,0.22239,0,0,0,0,0,NA,0,NA,1.0625,0.22239,15.715,6.330702,0.0275,0,NA,NA,NA,NA,NA,NA,NA,NA,NA,NA,NA,NA,NA,NA,NA,NA,NA,NA,NA,NA,NA,NA,NA,NA,NA,NA
"222","Van Jefferson","LAR","WR","2564358","robust",NA,NA,NA,NA,NA,NA,NA,NA,NA,NA,0.05,NA,0.16,0.207564,0,0,0,0,0,NA,0,NA,1.22,0.44478,14.095,8.183952,0.08,0.029652,NA,NA,NA,NA,NA,NA,NA,NA,NA,NA,NA,NA,NA,NA,NA,NA,NA,NA,NA,NA,NA,NA,NA,NA,NA,NA
"223","Laquon Treadwell","FA","WR","2555214","robust",NA,NA,NA,NA,NA,NA,NA,NA,NA,NA,0,0,0,0,0,0,0,0,NA,NA,NA,NA,1.49,0.429954,16.55,4.52193,0.05,0.07413,NA,NA,NA,NA,NA,NA,NA,NA,NA,NA,NA,NA,NA,NA,NA,NA,NA,NA,NA,NA,NA,NA,NA,NA,NA,NA
"224","Steven Mitchell","FA","WR","2560812","robust",NA,NA,NA,NA,NA,NA,NA,NA,NA,NA,0.1,NA,0.2,0,0,0,0,0,NA,NA,NA,NA,0.85,1.11195,10.65,12.82449,0.05,0.07413,NA,NA,NA,NA,NA,NA,NA,NA,NA,NA,NA,NA,NA,NA,NA,NA,NA,NA,NA,NA,NA,NA,NA,NA,NA,NA
"225","Chad Beebe","MIN","WR","2561482","robust",NA,NA,NA,NA,NA,NA,NA,NA,NA,NA,0,0,0,0,0,0,0.015,0.022239,0,NA,0,NA,1.265,0.548562,14.915,2.920722,0.08,0,NA,NA,NA,NA,NA,NA,NA,NA,NA,NA,NA,NA,NA,NA,NA,NA,NA,NA,NA,NA,NA,NA,NA,NA,NA,NA
"226","Miles Boykin","BAL","WR","2562631","robust",NA,NA,NA,NA,NA,NA,NA,NA,NA,NA,0,0,0,0,0,0,0,0,0,NA,0,NA,1.21,0.29652,14.2525,5.055666,0.0875,0.07413,NA,NA,NA,NA,NA,NA,NA,NA,NA,NA,NA,NA,NA,NA,NA,NA,NA,NA,NA,NA,NA,NA,NA,NA,NA,NA
"227","Olabisi Johnson","MIN","WR","2562465","robust",NA,NA,NA,NA,NA,NA,NA,NA,NA,NA,0,0,0,0,0,0,0,0,0,NA,0,NA,0.975,0.14826,13.725,3.11346,0.0125,0,NA,NA,NA,NA,NA,NA,NA,NA,NA,NA,NA,NA,NA,NA,NA,NA,NA,NA,NA,NA,NA,NA,NA,NA,NA,NA
"228","Collin Johnson","JAC","WR","2564202","robust",NA,NA,NA,NA,NA,NA,NA,NA,NA,NA,NA,NA,NA,NA,NA,NA,0.01,0,NA,NA,NA,NA,1,0,15.5,3.7065,0.02,0.029652,NA,NA,NA,NA,NA,NA,NA,NA,NA,NA,NA,NA,NA,NA,NA,NA,NA,NA,NA,NA,NA,NA,NA,NA,NA,NA
"229","Marcus Johnson","FA","WR","2556855","robust",NA,NA,NA,NA,NA,NA,NA,NA,NA,NA,0,0,0,0,0,0,0,0,0,NA,0,NA,1.0375,0.22239,15.5375,0.222389999999998,0.0425,0.044478,NA,NA,NA,NA,NA,NA,NA,NA,NA,NA,NA,NA,NA,NA,NA,NA,NA,NA,NA,NA,NA,NA,NA,NA,NA,NA
"230","KeeSean Johnson","ARI","WR","2562677","robust",NA,NA,NA,NA,NA,NA,NA,NA,NA,NA,0,0,0.05,0.07413,0,0,0.005,0.007413,0,NA,0,NA,1.425,0,13.9975,2.060814,0.085,0.014826,NA,NA,NA,NA,NA,NA,NA,NA,NA,NA,NA,NA,NA,NA,NA,NA,NA,NA,NA,NA,NA,NA,NA,NA,NA,NA
"231","Cordarrelle Patterson","CHI","WR","2540145","robust",NA,NA,NA,NA,NA,NA,NA,NA,NA,NA,2.45,NA,22.8,0,0.2,0,0.005,0.007413,0,NA,0,NA,1.525,0,12.8,3.26172,0.03,0.014826,NA,NA,NA,NA,NA,NA,NA,NA,NA,NA,NA,NA,NA,NA,NA,NA,NA,NA,NA,NA,NA,NA,NA,NA,NA,NA
"232","Cameron Batson","FA","WR","2561521","robust",NA,NA,NA,NA,NA,NA,NA,NA,NA,NA,0.41,0.133434,2.085,0.615279,0.005,0.007413,0,0,NA,NA,NA,NA,0.895,0.896973,9.13,8.999382,0.06,0.059304,NA,NA,NA,NA,NA,NA,NA,NA,NA,NA,NA,NA,NA,NA,NA,NA,NA,NA,NA,NA,NA,NA,NA,NA,NA,NA
"233","Jamal Agnew","DET","WR","2558821","robust",NA,NA,NA,NA,NA,NA,NA,NA,NA,NA,0.6,NA,3.42,0.919212,0.0138490099009901,0.0188260841584158,0,0,0,NA,0,NA,1.245,0.311346,11.6375,2.74281,0.0225,0,NA,NA,NA,NA,NA,NA,NA,NA,NA,NA,NA,NA,NA,NA,NA,NA,NA,NA,NA,NA,NA,NA,NA,NA,NA,NA
"234","Isaiah McKenzie","BUF","WR","2558129","robust",NA,NA,NA,NA,NA,NA,NA,NA,NA,NA,0.15,0.22239,0.75,1.11195,0,0,0,0,0,NA,0,NA,1.34,0.029652,13.1025,1.793946,0.125,0,NA,NA,NA,NA,NA,NA,NA,NA,NA,NA,NA,NA,NA,NA,NA,NA,NA,NA,NA,NA,NA,NA,NA,NA,NA,NA
"235","Andre Roberts","BUF","WR","497320","robust",NA,NA,NA,NA,NA,NA,NA,NA,NA,NA,0.145,NA,1.175,0.852495,0.00417857142857143,0.0049773,0.02,0.029652,0,NA,0,NA,0.64,0.14826,7.625,2.37216,0.0225,0,NA,NA,NA,NA,NA,NA,NA,NA,NA,NA,NA,NA,NA,NA,NA,NA,NA,NA,NA,NA,NA,NA,NA,NA,NA,NA
"236","Alex Erickson","CIN","WR","2556519","robust",NA,NA,NA,NA,NA,NA,NA,NA,NA,NA,0.25,NA,1.355,0.0667169999999999,0.00508587786259542,0.00715835496183206,0.02,0.029652,0,NA,0,NA,1.045,0.0593040000000001,12.665,1.882902,0.01,0,NA,NA,NA,NA,NA,NA,NA,NA,NA,NA,NA,NA,NA,NA,NA,NA,NA,NA,NA,NA,NA,NA,NA,NA,NA,NA
"237","Robert Foster","FA","WR","2560729","robust",NA,NA,NA,NA,NA,NA,NA,NA,NA,NA,0,0,0.15,0.22239,0,0,0,0,NA,NA,NA,NA,0.82,0.0296519999999999,12.145,1.119363,0.02,0.029652,NA,NA,NA,NA,NA,NA,NA,NA,NA,NA,NA,NA,NA,NA,NA,NA,NA,NA,NA,NA,NA,NA,NA,NA,NA,NA
"238","Javon Wims","CHI","WR","2560939","robust",NA,NA,NA,NA,NA,NA,NA,NA,NA,NA,0.05,0.07413,0.2,0.29652,0,0,0,0,0,NA,0,NA,0.8975,0.281694,9.2225,4.74432,0.0475,0.014826,NA,NA,NA,NA,NA,NA,NA,NA,NA,NA,NA,NA,NA,NA,NA,NA,NA,NA,NA,NA,NA,NA,NA,NA,NA,NA
"239","Andy Isabella","ARI","WR","2562669","robust",NA,NA,NA,NA,NA,NA,NA,NA,NA,NA,0.05,0.07413,0,0,0,0,0,0,0,NA,0,NA,0.225,0,2.875,0,0.025,0,NA,NA,NA,NA,NA,NA,NA,NA,NA,NA,NA,NA,NA,NA,NA,NA,NA,NA,NA,NA,NA,NA,"O","Coach's Decision",15,2020
"240","Cedrick Wilson","DAL","WR","2560936","robust",NA,NA,NA,NA,NA,NA,NA,NA,NA,NA,0.05,0.037065,0.3,0.22239,0,0,0,0,0,NA,0,NA,0.9075,0.274281,9.2,1.4826,0.025,0.029652,NA,NA,NA,NA,NA,NA,NA,NA,NA,NA,NA,NA,NA,NA,NA,NA,NA,NA,NA,NA,NA,NA,NA,NA,NA,NA
"241","Travis Kelce","KC","TE","2540258","robust",NA,NA,NA,NA,NA,NA,NA,NA,NA,NA,0,0,0,0,0,0,0.075,0.022239,0,NA,0,NA,6.28,0.0444779999999997,83.2,2.95778700000001,0.75,0.192738,NA,NA,NA,NA,NA,NA,NA,NA,NA,NA,NA,NA,NA,NA,NA,NA,NA,NA,NA,NA,NA,NA,NA,NA,NA,NA
"242","Darren Waller","LVR","TE","2552408","robust",NA,NA,NA,NA,NA,NA,NA,NA,NA,NA,0,0,0,0,0,0,0.095,0.00741300000000001,0,NA,0,NA,6.3,0.252042,69.865,3.461871,0.7,0.237216,NA,NA,NA,NA,NA,NA,NA,NA,NA,NA,NA,NA,NA,NA,NA,NA,NA,NA,NA,NA,NA,NA,NA,NA,NA,NA
"243","Mark Andrews","BAL","TE","2560957","robust",NA,NA,NA,NA,NA,NA,NA,NA,NA,NA,0,0,0,0,0,0,0.0025,0.0037065,0,NA,0,NA,4.6,0.303932999999999,57.9,2.698332,0.7,0.29652,NA,NA,NA,NA,NA,NA,NA,NA,NA,NA,NA,NA,NA,NA,NA,NA,NA,NA,NA,NA,NA,NA,NA,NA,NA,NA
"244","T.J. Hockenson","DET","TE","2562378","robust",NA,NA,NA,NA,NA,NA,NA,NA,NA,NA,0,0,0,0,0,0,0,0,0,NA,0,NA,4.8,0.593039999999999,54.3,4.937058,0.45,0.14826,NA,NA,NA,NA,NA,NA,NA,NA,NA,NA,NA,NA,NA,NA,NA,NA,NA,NA,NA,NA,NA,NA,NA,NA,NA,NA
"245","Rob Gronkowski","TB","TE","497240","robust",NA,NA,NA,NA,NA,NA,NA,NA,NA,NA,0,0,0,0,0,0,0.00125,0.00185325,0,NA,0,NA,3.435,0.37065,44.65,7.11648000000001,0.43,0,NA,NA,NA,NA,NA,NA,NA,NA,NA,NA,NA,NA,NA,NA,NA,NA,NA,NA,NA,NA,NA,NA,NA,NA,NA,NA
"246","Eric Ebron","PIT","TE","2543466","robust",NA,NA,NA,NA,NA,NA,NA,NA,NA,NA,0,0,0,0,0,0,0.00625,0.00926625,0,NA,0,NA,4.15,0.444780000000001,45.68,6.30105,0.365,0.07413,NA,NA,NA,NA,NA,NA,NA,NA,NA,NA,NA,NA,NA,NA,NA,NA,NA,NA,NA,NA,NA,NA,NA,NA,NA,NA
"247","Hunter Henry","LAC","TE","2555341","robust",NA,NA,NA,NA,NA,NA,NA,NA,NA,NA,0,0,0,0,0,0,0.00375,0.00555975,0,NA,0,NA,4.4,0.44478,46,3.85476000000001,0.3,0.07413,NA,NA,NA,NA,NA,NA,NA,NA,NA,NA,NA,NA,NA,NA,NA,NA,NA,NA,NA,NA,NA,NA,NA,NA,NA,NA
"248","Robert Tonyan","GB","TE","2559270","robust",NA,NA,NA,NA,NA,NA,NA,NA,NA,NA,0,0,0,0,0,0,0,0,0,NA,0,NA,3.85,0.14826,42.8,2.07564,0.68,0.252042,NA,NA,NA,NA,NA,NA,NA,NA,NA,NA,NA,NA,NA,NA,NA,NA,NA,NA,NA,NA,NA,NA,NA,NA,NA,NA
"249","Jared Cook","NO","TE","71265","robust",NA,NA,NA,NA,NA,NA,NA,NA,NA,NA,0,0,0,0,0,0,0.00625,0.00926625,0,NA,0,NA,3.325,0.51891,42.75,3.765804,0.4,0.07413,NA,NA,NA,NA,NA,NA,NA,NA,NA,NA,NA,NA,NA,NA,NA,NA,NA,NA,NA,NA,NA,NA,NA,NA,NA,NA
"250","Evan Engram","NYG","TE","2557858","robust",NA,NA,NA,NA,NA,NA,NA,NA,NA,NA,0.02,0,0.253333333333333,0.00494199999999999,0,0,0.00875,0.01297275,0,NA,0,NA,4.135,0.296520000000001,44.845,2.74281,0.2,0.07413,NA,NA,NA,NA,NA,NA,NA,NA,NA,NA,NA,NA,NA,NA,NA,NA,NA,NA,NA,NA,NA,NA,NA,NA,NA,NA
"251","Logan Thomas","WAS","TE","2543767","robust",NA,NA,NA,NA,NA,NA,NA,NA,NA,NA,0.075,0,0.383333333333333,0.061775,0.005,0,0,0,0,NA,0,NA,4.03,0.222390000000001,40.06,2.9652,0.225,0.07413,NA,NA,NA,NA,NA,NA,NA,NA,NA,NA,NA,NA,NA,NA,NA,NA,NA,NA,NA,NA,NA,NA,NA,NA,NA,NA
"252","Dallas Goedert","PHI","TE","2560995","robust",NA,NA,NA,NA,NA,NA,NA,NA,NA,NA,0,0,0,0,0,0,0.00625,0.00926625,0,NA,0,NA,3.85,0.118608,42.55,3.18017699999999,0.35,0.0741300000000001,NA,NA,NA,NA,NA,NA,NA,NA,NA,NA,NA,NA,NA,NA,NA,NA,NA,NA,NA,NA,NA,NA,NA,NA,NA,NA
"253","Noah Fant","DEN","TE","2562383","robust",NA,NA,NA,NA,NA,NA,NA,NA,NA,NA,0,0,0,0,0,0,0.0025,0.0037065,0,NA,0,NA,3.4,0.133434,39.6,3.30619800000001,0.2,0.126021,NA,NA,NA,NA,NA,NA,NA,NA,NA,NA,NA,NA,NA,NA,NA,NA,NA,NA,NA,NA,NA,NA,NA,NA,NA,NA
"254","Adam Shaheen","MIA","TE","2558144","robust",NA,NA,NA,NA,NA,NA,NA,NA,NA,NA,0,0,0,0,0,0,0,0,0,NA,0,NA,2.685,0.548562,29.645,5.470794,0.145,0.014826,NA,NA,NA,NA,NA,NA,NA,NA,NA,NA,NA,NA,NA,NA,NA,NA,NA,NA,NA,NA,NA,NA,NA,NA,NA,NA
"255","Zach Ertz","PHI","TE","2540158","robust",NA,NA,NA,NA,NA,NA,NA,NA,NA,NA,0,0,0,0,0,0,0.015,0.0111195,0,NA,0,NA,3.37,0.59304,34.3975,6.52344,0.1325,0.096369,NA,NA,NA,NA,NA,NA,NA,NA,NA,NA,NA,NA,NA,NA,NA,NA,NA,NA,NA,NA,NA,NA,NA,NA,NA,NA
"256","Hayden Hurst","ATL","TE","2560747","robust",NA,NA,NA,NA,NA,NA,NA,NA,NA,NA,0,0,0,0,0,0,0,0,0,NA,0,NA,3.37,0.14826,37.65,2.535246,0.2,0.014826,NA,NA,NA,NA,NA,NA,NA,NA,NA,NA,NA,NA,NA,NA,NA,NA,NA,NA,NA,NA,NA,NA,NA,NA,NA,NA
"257","Irv Smith Jr.","MIN","TE","2562738","robust",NA,NA,NA,NA,NA,NA,NA,NA,NA,NA,0,0,0,0,0,0,0.025,0.0185325,0,NA,0,NA,3,0.0741300000000001,35.765,2.564898,0.2375,0.14826,NA,NA,NA,NA,NA,NA,NA,NA,NA,NA,NA,NA,NA,NA,NA,NA,NA,NA,NA,NA,NA,NA,NA,NA,NA,NA
"258","Jordan Reed","SF","TE","2540160","robust",NA,NA,NA,NA,NA,NA,NA,NA,NA,NA,0,0,0,0,0,0,0,0,0,NA,0,NA,3.375,0.37065,36.695,0.830255999999998,0.2175,0.14826,NA,NA,NA,NA,NA,NA,NA,NA,NA,NA,NA,NA,NA,NA,NA,NA,NA,NA,NA,NA,NA,NA,NA,NA,NA,NA
"259","Dalton Schultz","DAL","TE","2560866","robust",NA,NA,NA,NA,NA,NA,NA,NA,NA,NA,0,0,0,0,0,0,0.00375,0.00555975,0,NA,0,NA,3.54,0.222390000000001,35.65,2.44629,0.2,0,NA,NA,NA,NA,NA,NA,NA,NA,NA,NA,NA,NA,NA,NA,NA,NA,NA,NA,NA,NA,NA,NA,NA,NA,NA,NA
"260","Jordan Akins","HOU","TE","2560951","robust",NA,NA,NA,NA,NA,NA,NA,NA,NA,NA,0,0,0,0,0,0,0,0,0,NA,0,NA,2.6725,0.585627,30.655,6.15279,0.1,0.07413,NA,NA,NA,NA,NA,NA,NA,NA,NA,NA,NA,NA,NA,NA,NA,NA,NA,NA,NA,NA,NA,NA,NA,NA,NA,NA
"261","Tyler Higbee","LAR","TE","2555364","robust",NA,NA,NA,NA,NA,NA,NA,NA,NA,NA,0,0,0,0,0,0,0,0,0,NA,0,NA,3.05,0.14826,32.85,1.92738,0.2,0.118608,NA,NA,NA,NA,NA,NA,NA,NA,NA,NA,NA,NA,NA,NA,NA,NA,NA,NA,NA,NA,NA,NA,NA,NA,NA,NA
"262","Austin Hooper","CLE","TE","2555415","robust",NA,NA,NA,NA,NA,NA,NA,NA,NA,NA,0,0,0,0,0,0,0.03,0.022239,0,NA,0,NA,3,0.14826,33.085,2.89107,0.175,0.14826,NA,NA,NA,NA,NA,NA,NA,NA,NA,NA,NA,NA,NA,NA,NA,NA,NA,NA,NA,NA,NA,NA,NA,NA,NA,NA
"263","Cole Kmet","CHI","TE","2563704","robust",NA,NA,NA,NA,NA,NA,NA,NA,NA,NA,0,0,0,0,0,0,0,0,0,NA,0,NA,2.8425,0.29652,30.56,4.81845,0.2025,0.07413,NA,NA,NA,NA,NA,NA,NA,NA,NA,NA,NA,NA,NA,NA,NA,NA,NA,NA,NA,NA,NA,NA,NA,NA,NA,NA
"264","Dan Arnold","ARI","TE","2559385","robust",NA,NA,NA,NA,NA,NA,NA,NA,NA,NA,0,0,0,0,0,0,0,0,0,NA,0,NA,2.05,0.22239,24.4,3.054156,0.2,0,NA,NA,NA,NA,NA,NA,NA,NA,NA,NA,NA,NA,NA,NA,NA,NA,NA,NA,NA,NA,NA,NA,NA,NA,NA,NA
"265","Jonnu Smith","TEN","TE","2558207","robust",NA,NA,NA,NA,NA,NA,NA,NA,NA,NA,0.03,0,0.17,0,0,0,0,0,0,NA,0,NA,2.8,0.29652,32.45,1.438122,0.3,0.133434,NA,NA,NA,NA,NA,NA,NA,NA,NA,NA,NA,NA,NA,NA,NA,NA,NA,NA,NA,NA,NA,NA,NA,NA,NA,NA
"266","Trey Burton","IND","TE","2550284","robust",NA,NA,NA,NA,NA,NA,NA,NA,NA,NA,0,0,0,0,0,0,0.005,0.0037065,0,NA,0,NA,2.4725,0.37065,25.9875,3.85476,0.2175,0.07413,NA,NA,NA,NA,NA,NA,NA,NA,NA,NA,NA,NA,NA,NA,NA,NA,NA,NA,NA,NA,NA,NA,NA,NA,NA,NA
"267","Dawson Knox","BUF","TE","2562681","robust",NA,NA,NA,NA,NA,NA,NA,NA,NA,NA,0,NA,0,NA,0,NA,0.1,0,0,NA,0,NA,2.475,0.7413,27.3,7.26474,0.15,0,NA,NA,NA,NA,NA,NA,NA,NA,NA,NA,NA,NA,NA,NA,NA,NA,NA,NA,NA,NA,NA,NA,NA,NA,NA,NA
"268","Gerald Everett","LAR","TE","2557889","robust",NA,NA,NA,NA,NA,NA,NA,NA,NA,NA,0,0,0,0,0,0,0.02,0.014826,0,NA,0,NA,2.62,0.51891,28.635,2.609376,0.1,0.07413,NA,NA,NA,NA,NA,NA,NA,NA,NA,NA,NA,NA,NA,NA,NA,NA,NA,NA,NA,NA,NA,NA,NA,NA,NA,NA
"269","Tyler Eifert","JAC","TE","2540148","robust",NA,NA,NA,NA,NA,NA,NA,NA,NA,NA,0,0,0,0,0,0,0,0,0,NA,0,NA,2.8025,0.170499,26.4975,2.231313,0.1,0.07413,NA,NA,NA,NA,NA,NA,NA,NA,NA,NA,NA,NA,NA,NA,NA,NA,NA,NA,NA,NA,NA,NA,NA,NA,NA,NA
"270","Jack Doyle","IND","TE","2540232","robust",NA,NA,NA,NA,NA,NA,NA,NA,NA,NA,0,0,0,0,0,0,0.03,0.022239,0,NA,0,NA,1.75,0.630105,18.9,6.338115,0.1,0.07413,NA,NA,NA,NA,NA,NA,NA,NA,NA,NA,NA,NA,NA,NA,NA,NA,NA,NA,NA,NA,NA,NA,NA,NA,NA,NA
"271","Jacob Hollister","SEA","TE","2558956","robust",NA,NA,NA,NA,NA,NA,NA,NA,NA,NA,0,0,0,0,0,0,0,0,0,NA,0,NA,2.0475,0.22239,21.495,5.26323,0.09,0.07413,NA,NA,NA,NA,NA,NA,NA,NA,NA,NA,NA,NA,NA,NA,NA,NA,NA,NA,NA,NA,NA,NA,NA,NA,NA,NA
"272","Anthony Firkser","TEN","TE","2558942","robust",NA,NA,NA,NA,NA,NA,NA,NA,NA,NA,0,0,0,0,0,0,0,0,0,NA,0,NA,2.2,0.392889,23.375,3.009678,0.1525,0.14826,NA,NA,NA,NA,NA,NA,NA,NA,NA,NA,NA,NA,NA,NA,NA,NA,NA,NA,NA,NA,NA,NA,NA,NA,NA,NA
"273","Durham Smythe","MIA","TE","2560880","robust",NA,NA,NA,NA,NA,NA,NA,NA,NA,NA,0,0,0,0,0,0,0,0,NA,NA,NA,NA,2.37,0.252042,24.22,4.032672,0.145,0.066717,NA,NA,NA,NA,NA,NA,NA,NA,NA,NA,NA,NA,NA,NA,NA,NA,NA,NA,NA,NA,NA,NA,NA,NA,NA,NA
"274","Drew Sample","CIN","TE","2562720","robust",NA,NA,NA,NA,NA,NA,NA,NA,NA,NA,0,NA,0,NA,0,NA,0.045,0.066717,0,NA,0,NA,2.775,0,23.4,1.77912,0.05,0.07413,NA,NA,NA,NA,NA,NA,NA,NA,NA,NA,NA,NA,NA,NA,NA,NA,NA,NA,NA,NA,NA,NA,NA,NA,NA,NA
"275","Jimmy Graham","CHI","TE","497236","robust",NA,NA,NA,NA,NA,NA,NA,NA,NA,NA,0,0,0,0,0,0,0.00666666666666667,0.009884,0,NA,0,NA,2.29,0.029652,22.1,0.163085999999999,0.1,0.133434,NA,NA,NA,NA,NA,NA,NA,NA,NA,NA,NA,NA,NA,NA,NA,NA,NA,NA,NA,NA,NA,NA,NA,NA,NA,NA
"276","Darren Fells","HOU","TE","2540928","robust",NA,NA,NA,NA,NA,NA,NA,NA,NA,NA,0,0,0,0,0,0,0,0,0,NA,0,NA,1.7525,0.22239,20.3475,1.994097,0.1,0.044478,NA,NA,NA,NA,NA,NA,NA,NA,NA,NA,NA,NA,NA,NA,NA,NA,NA,NA,NA,NA,NA,NA,NA,NA,NA,NA
"277","Geoff Swaim","TEN","TE","2553454","robust",NA,NA,NA,NA,NA,NA,NA,NA,NA,NA,0,0,0,0,0,0,0,0,NA,NA,NA,NA,1.3,1.92738,11,16.3086,0,0,NA,NA,NA,NA,NA,NA,NA,NA,NA,NA,NA,NA,NA,NA,NA,NA,NA,NA,NA,NA,NA,NA,"O","Ankle",15,2020
"278","Mo Alie-Cox","IND","TE","2558832","robust",NA,NA,NA,NA,NA,NA,NA,NA,NA,NA,0,0,0,0,0,0,0.035,0.0259455,0,NA,0,NA,1.475,0.22239,17.5375,4.4478,0.085,0.07413,NA,NA,NA,NA,NA,NA,NA,NA,NA,NA,NA,NA,NA,NA,NA,NA,NA,NA,NA,NA,NA,NA,NA,NA,NA,NA
"279","Tyler Conklin","MIN","TE","2561027","robust",NA,NA,NA,NA,NA,NA,NA,NA,NA,NA,0,0,0,0,0,0,0,0,0,NA,0,NA,1.6525,0.37065,16.4,4.89258,0.0075,0.007413,NA,NA,NA,NA,NA,NA,NA,NA,NA,NA,NA,NA,NA,NA,NA,NA,NA,NA,NA,NA,NA,NA,NA,NA,NA,NA
"280","Will Dissly","SEA","TE","2561046","robust",NA,NA,NA,NA,NA,NA,NA,NA,NA,NA,0,0,0,0,0,0,0,0,0,NA,0,NA,1.6175,0.378063,18.1975,3.713913,0.1175,0.07413,NA,NA,NA,NA,NA,NA,NA,NA,NA,NA,NA,NA,NA,NA,NA,NA,NA,NA,NA,NA,NA,NA,NA,NA,NA,NA
"281","Virgil Green","LAC","TE","2495288","robust",NA,NA,NA,NA,NA,NA,NA,NA,NA,NA,0,0,0,0,0,0,0.1,0,NA,NA,NA,NA,0.875,1.223145,10.54,14.766696,0.155,0.214977,NA,NA,NA,NA,NA,NA,NA,NA,NA,NA,NA,NA,NA,NA,NA,NA,NA,NA,NA,NA,NA,NA,"IR","Ankle",15,2020
"282","Richard Rodgers","FA","TE","2550313","robust",NA,NA,NA,NA,NA,NA,NA,NA,NA,NA,0,0,0,0,0,0,0,0,0,NA,0,NA,0.6925,0.88956,9.0425,11.015718,0.055,0.014826,NA,NA,NA,NA,NA,NA,NA,NA,NA,NA,NA,NA,NA,NA,NA,NA,NA,NA,NA,NA,NA,NA,NA,NA,NA,NA
"283","James OShaughnessy","JAC","TE","2553318","robust",NA,NA,NA,NA,NA,NA,NA,NA,NA,NA,0,0,0,0,0,0,0,0,0,NA,0,NA,1.555,0.29652,15.1575,3.55824,0.065,0.029652,NA,NA,NA,NA,NA,NA,NA,NA,NA,NA,NA,NA,NA,NA,NA,NA,NA,NA,NA,NA,NA,NA,NA,NA,NA,NA
"284","Ian Thomas","CAR","TE","2560894","robust",NA,NA,NA,NA,NA,NA,NA,NA,NA,NA,0,0,0,0,0,0,0,0,0,NA,0,NA,1.625,0.185325,16.025,1.712403,0.08,0.059304,NA,NA,NA,NA,NA,NA,NA,NA,NA,NA,NA,NA,NA,NA,NA,NA,NA,NA,NA,NA,NA,NA,NA,NA,NA,NA
"285","Cameron Brate","TB","TE","2550656","robust",NA,NA,NA,NA,NA,NA,NA,NA,NA,NA,0,0,0,0,0,0,0,0,0,NA,0,NA,1.4125,0.481845,14.6825,3.7065,0.1075,0.07413,NA,NA,NA,NA,NA,NA,NA,NA,NA,NA,NA,NA,NA,NA,NA,NA,NA,NA,NA,NA,NA,NA,NA,NA,NA,NA
"286","Luke Willson","SEA","TE","2541199","robust",NA,NA,NA,NA,NA,NA,NA,NA,NA,NA,0,0,0,0,0,0,0,0,NA,NA,NA,NA,1.05,1.40847,9.275,12.046125,0.005,0.007413,NA,NA,NA,NA,NA,NA,NA,NA,NA,NA,NA,NA,NA,NA,NA,NA,NA,NA,NA,NA,NA,NA,"Q","Hip",15,2020
"287","Maxx Williams","ARI","TE","2552468","robust",NA,NA,NA,NA,NA,NA,NA,NA,NA,NA,0,0,0,0,0,0,0,0,0,NA,0,NA,1.17,0,12.1325,5.04084,0.095,0,NA,NA,NA,NA,NA,NA,NA,NA,NA,NA,NA,NA,NA,NA,NA,NA,NA,NA,NA,NA,NA,NA,NA,NA,NA,NA
"288","Chris Herndon","NYJ","TE","2560738","robust",NA,NA,NA,NA,NA,NA,NA,NA,NA,NA,0,0,0,0,0,0,0.04,0.029652,0,NA,0,NA,1.36,0.252042,15.1425,0.7413,0.1,0,NA,NA,NA,NA,NA,NA,NA,NA,NA,NA,NA,NA,NA,NA,NA,NA,NA,NA,NA,NA,NA,NA,NA,NA,NA,NA
"289","David Njoku","CLE","TE","2557986","robust",NA,NA,NA,NA,NA,NA,NA,NA,NA,NA,0,0,0,0,0,0,0,0,0,NA,0,NA,1.0775,0.29652,12.6575,2.81694,0.0725,0.066717,NA,NA,NA,NA,NA,NA,NA,NA,NA,NA,NA,NA,NA,NA,NA,NA,NA,NA,NA,NA,NA,NA,NA,NA,NA,NA
"290","Ross Dwelley","SF","TE","2561060","robust",NA,NA,NA,NA,NA,NA,NA,NA,NA,NA,0,0,0,0,0,0,0,0,0,NA,0,NA,1.125,0,12.875,3.40998,0.0975,0,NA,NA,NA,NA,NA,NA,NA,NA,NA,NA,NA,NA,NA,NA,NA,NA,NA,NA,NA,NA,NA,NA,NA,NA,NA,NA
"291","Jesse James","DET","TE","2552633","robust",NA,NA,NA,NA,NA,NA,NA,NA,NA,NA,0,0,0,0,0,0,0,0,0,NA,0,NA,0.8425,0.88956,8.0125,10.60059,0.0725,0.014826,NA,NA,NA,NA,NA,NA,NA,NA,NA,NA,NA,NA,NA,NA,NA,NA,NA,NA,NA,NA,NA,NA,NA,NA,NA,NA
"292","MyCole Pruitt","TEN","TE","2552401","robust",NA,NA,NA,NA,NA,NA,NA,NA,NA,NA,0,0,0,0,0,0,0,0,0,NA,0,NA,0.6425,0.340998,7.415,5.100144,0.1075,0.103782,NA,NA,NA,NA,NA,NA,NA,NA,NA,NA,NA,NA,NA,NA,NA,NA,NA,NA,NA,NA,NA,NA,NA,NA,NA,NA
"293","Nick Vannett","DEN","TE","2555289","robust",NA,NA,NA,NA,NA,NA,NA,NA,NA,NA,0,0,0,0,0,0,0,0,0,NA,0,NA,1.255,0.014826,11.21,2.787288,0.0975,0,NA,NA,NA,NA,NA,NA,NA,NA,NA,NA,NA,NA,NA,NA,NA,NA,NA,NA,NA,NA,NA,NA,NA,NA,NA,NA
"294","Marcedes Lewis","GB","TE","2495888","robust",NA,NA,NA,NA,NA,NA,NA,NA,NA,NA,0,0,0,0,0,0,0,0,0,NA,0,NA,0.92,0.326172,10.06,3.943716,0.1175,0.044478,NA,NA,NA,NA,NA,NA,NA,NA,NA,NA,NA,NA,NA,NA,NA,NA,NA,NA,NA,NA,NA,NA,NA,NA,NA,NA
"295","Troy Fumagalli","DEN","TE","2560734","robust",NA,NA,NA,NA,NA,NA,NA,NA,NA,NA,NA,NA,NA,NA,NA,NA,0,0,NA,NA,NA,NA,0.95,0.51891,8.95,5.85627,0.075,0.037065,NA,NA,NA,NA,NA,NA,NA,NA,NA,NA,NA,NA,NA,NA,NA,NA,NA,NA,NA,NA,NA,NA,NA,NA,NA,NA
"296","Foster Moreau","LVR","TE","2562317","robust",NA,NA,NA,NA,NA,NA,NA,NA,NA,NA,NA,NA,NA,NA,NA,NA,0,0,NA,NA,NA,NA,0.8,0.29652,10.75,2.59455,0.15,0.07413,NA,NA,NA,NA,NA,NA,NA,NA,NA,NA,NA,NA,NA,NA,NA,NA,NA,NA,NA,NA,NA,NA,NA,NA,NA,NA
"297","Devin Asiasi","NE","TE","2564586","robust",NA,NA,NA,NA,NA,NA,NA,NA,NA,NA,0,0,0,0,0,0,0,0,0,NA,0,NA,0.87,0.029652,10.9925,0.148259999999999,0.02,0.014826,NA,NA,NA,NA,NA,NA,NA,NA,NA,NA,NA,NA,NA,NA,NA,NA,NA,NA,NA,NA,NA,NA,NA,NA,NA,NA
"298","Kaden Smith","NYG","TE","2562740","robust",NA,NA,NA,NA,NA,NA,NA,NA,NA,NA,NA,NA,NA,NA,NA,NA,0,0,NA,NA,NA,NA,1.5,0.29652,11.2,1.18608,0.065,0.051891,NA,NA,NA,NA,NA,NA,NA,NA,NA,NA,NA,NA,NA,NA,NA,NA,NA,NA,NA,NA,NA,NA,NA,NA,NA,NA
"299","Josh Hill","NO","TE","2541834","robust",NA,NA,NA,NA,NA,NA,NA,NA,NA,NA,0,0,0,0,0,0,0,0,0,NA,0,NA,1.01,0.29652,8.0825,4.255062,0.055,0.059304,NA,NA,NA,NA,NA,NA,NA,NA,NA,NA,NA,NA,NA,NA,NA,NA,NA,NA,NA,NA,NA,NA,NA,NA,NA,NA
"300","Ryan Griffin","NYJ","TE","2541316","robust",NA,NA,NA,NA,NA,NA,NA,NA,NA,NA,0,0,0,0,0,0,0,0,0,NA,0,NA,0.9125,0.14826,8.3725,1.33434,0.025,0.014826,NA,NA,NA,NA,NA,NA,NA,NA,NA,NA,NA,NA,NA,NA,NA,NA,NA,NA,NA,NA,NA,NA,NA,NA,NA,NA
"301","Jason Witten","LVR","TE","2505629","robust",NA,NA,NA,NA,NA,NA,NA,NA,NA,NA,0,0,0,0,0,0,0,0,0,NA,0,NA,0.95,0.14826,6.905,4.59606,0.1075,0.103782,NA,NA,NA,NA,NA,NA,NA,NA,NA,NA,NA,NA,NA,NA,NA,NA,NA,NA,NA,NA,NA,NA,NA,NA,NA,NA
"302","Darrell Daniels","ARI","TE","2558886","robust",NA,NA,NA,NA,NA,NA,NA,NA,NA,NA,0,0,0,0,0,0,0,0,NA,NA,NA,NA,0.425,0.555975,5.265,7.020111,0.055,0.066717,NA,NA,NA,NA,NA,NA,NA,NA,NA,NA,NA,NA,NA,NA,NA,NA,NA,NA,NA,NA,NA,NA,NA,NA,NA,NA
"303","Adam Trautman","NO","TE","2564703","robust",NA,NA,NA,NA,NA,NA,NA,NA,NA,NA,0,0,0,0,0,0,0,0,NA,NA,NA,NA,0.97,0.044478,9.405,0.600453,0.08,0.029652,NA,NA,NA,NA,NA,NA,NA,NA,NA,NA,NA,NA,NA,NA,NA,NA,NA,NA,NA,NA,NA,NA,NA,NA,NA,NA
"304","Ricky Seals-Jones","KC","TE","2559248","robust",NA,NA,NA,NA,NA,NA,NA,NA,NA,NA,0,0,0,0,0,0,0,0,NA,NA,NA,NA,0.35,0.51891,4.85,7.19061,0.05,0.07413,NA,NA,NA,NA,NA,NA,NA,NA,NA,NA,NA,NA,NA,NA,NA,NA,NA,NA,NA,NA,NA,NA,"O","Coach's Decision",15,2020
"305","Chris Manhertz","CAR","TE","2552622","robust",NA,NA,NA,NA,NA,NA,NA,NA,NA,NA,0,0,0,0,0,0,0,0,0,NA,0,NA,0.4175,0.489258,3.86,3.350676,0.0025,0,NA,NA,NA,NA,NA,NA,NA,NA,NA,NA,NA,NA,NA,NA,NA,NA,NA,NA,NA,NA,NA,NA,NA,NA,NA,NA
"306","Lions","DET","DST","100010","robust",NA,NA,NA,NA,NA,NA,NA,NA,NA,NA,NA,NA,NA,NA,NA,NA,NA,NA,NA,NA,NA,NA,NA,NA,NA,NA,NA,NA,0.5575,0.192738,1.61,0.489258,0,0,0.0925,0.059304,0,NA,NA,NA,NA,NA,NA,NA,NA,NA,NA,NA,NA,NA,NA,NA,NA,NA
"307","Texans","HOU","DST","100013","robust",NA,NA,NA,NA,NA,NA,NA,NA,NA,NA,NA,NA,NA,NA,NA,NA,NA,NA,NA,NA,NA,NA,NA,NA,NA,NA,NA,NA,0.69,0.237216,1.7925,0.14826,0,0,0.1075,0.014826,0,NA,NA,NA,NA,NA,NA,NA,NA,NA,NA,NA,NA,NA,NA,NA,NA,NA
"308","Panthers","CAR","DST","100004","robust",NA,NA,NA,NA,NA,NA,NA,NA,NA,NA,NA,NA,NA,NA,NA,NA,NA,NA,NA,NA,NA,NA,NA,NA,NA,NA,NA,NA,0.32,0.088956,1.515,0.400302,0,0,0.14,0.044478,0,NA,NA,NA,NA,NA,NA,NA,NA,NA,NA,NA,NA,NA,NA,NA,NA,NA
"309","Jaguars","JAC","DST","100015","robust",NA,NA,NA,NA,NA,NA,NA,NA,NA,NA,NA,NA,NA,NA,NA,NA,NA,NA,NA,NA,NA,NA,NA,NA,NA,NA,NA,NA,0.6175,0.044478,1.82,0.163086,0,0,0.16,0.029652,0,NA,NA,NA,NA,NA,NA,NA,NA,NA,NA,NA,NA,NA,NA,NA,NA,NA
"310","Jets","NYJ","DST","100024","robust",NA,NA,NA,NA,NA,NA,NA,NA,NA,NA,NA,NA,NA,NA,NA,NA,NA,NA,NA,NA,NA,NA,NA,NA,NA,NA,NA,NA,0.7175,0,1.6775,0,0.05,0.07413,0.105,0,0,NA,NA,NA,NA,NA,NA,NA,NA,NA,NA,NA,NA,NA,NA,NA,NA,NA
"311","Bengals","CIN","DST","100006","robust",NA,NA,NA,NA,NA,NA,NA,NA,NA,NA,NA,NA,NA,NA,NA,NA,NA,NA,NA,NA,NA,NA,NA,NA,NA,NA,NA,NA,0.735,0.0593039999999999,1.315,0.177912,0,0,0.1025,0.029652,0,NA,NA,NA,NA,NA,NA,NA,NA,NA,NA,NA,NA,NA,NA,NA,NA,NA
"312","Chargers","LAC","DST","100028","robust",NA,NA,NA,NA,NA,NA,NA,NA,NA,NA,NA,NA,NA,NA,NA,NA,NA,NA,NA,NA,NA,NA,NA,NA,NA,NA,NA,NA,0.625,0,1.805,0.281694,0,0,0.1125,0,0,NA,NA,NA,NA,NA,NA,NA,NA,NA,NA,NA,NA,NA,NA,NA,NA,NA
"313","Falcons","ATL","DST","100001","robust",NA,NA,NA,NA,NA,NA,NA,NA,NA,NA,NA,NA,NA,NA,NA,NA,NA,NA,NA,NA,NA,NA,NA,NA,NA,NA,NA,NA,0.7,0,1.8,0.0815430000000001,0,0,0.1,0,0,NA,NA,NA,NA,NA,NA,NA,NA,NA,NA,NA,NA,NA,NA,NA,NA,NA
"314","Saints","NO","DST","100022","robust",NA,NA,NA,NA,NA,NA,NA,NA,NA,NA,NA,NA,NA,NA,NA,NA,NA,NA,NA,NA,NA,NA,NA,NA,NA,NA,NA,NA,0.66,0.044478,2.11,0.0889560000000001,0,0,0.1,0.037065,0,NA,NA,NA,NA,NA,NA,NA,NA,NA,NA,NA,NA,NA,NA,NA,NA,NA
"315","Broncos","DEN","DST","100009","robust",NA,NA,NA,NA,NA,NA,NA,NA,NA,NA,NA,NA,NA,NA,NA,NA,NA,NA,NA,NA,NA,NA,NA,NA,NA,NA,NA,NA,0.7575,0.0444779999999999,2.49,0.29652,0,0,0.11,0.029652,0,NA,NA,NA,NA,NA,NA,NA,NA,NA,NA,NA,NA,NA,NA,NA,NA,NA
"316","Eagles","PHI","DST","100025","robust",NA,NA,NA,NA,NA,NA,NA,NA,NA,NA,NA,NA,NA,NA,NA,NA,NA,NA,NA,NA,NA,NA,NA,NA,NA,NA,NA,NA,0.7775,0.022239,2.625,0.0741300000000001,0.035,0.0259455,0.2,0,0,NA,NA,NA,NA,NA,NA,NA,NA,NA,NA,NA,NA,NA,NA,NA,NA,NA
"317","Browns","CLE","DST","100007","robust",NA,NA,NA,NA,NA,NA,NA,NA,NA,NA,NA,NA,NA,NA,NA,NA,NA,NA,NA,NA,NA,NA,NA,NA,NA,NA,NA,NA,0.95,0.207564,3.2,0,0.0666666666666667,0.09884,0.2,0,0,NA,NA,NA,NA,NA,NA,NA,NA,NA,NA,NA,NA,NA,NA,NA,NA,NA
"318","Packers","GB","DST","100011","robust",NA,NA,NA,NA,NA,NA,NA,NA,NA,NA,NA,NA,NA,NA,NA,NA,NA,NA,NA,NA,NA,NA,NA,NA,NA,NA,NA,NA,0.84,0,2.5,0,0.0133333333333333,0.019768,0.15,0,0,NA,NA,NA,NA,NA,NA,NA,NA,NA,NA,NA,NA,NA,NA,NA,NA,NA
"319","Giants","NYG","DST","100023","robust",NA,NA,NA,NA,NA,NA,NA,NA,NA,NA,NA,NA,NA,NA,NA,NA,NA,NA,NA,NA,NA,NA,NA,NA,NA,NA,NA,NA,0.84,0.0593040000000001,1.9925,0.14826,0.01,0.007413,0.1325,0.051891,0,NA,NA,NA,NA,NA,NA,NA,NA,NA,NA,NA,NA,NA,NA,NA,NA,NA
"320","Chiefs","KC","DST","100016","robust",NA,NA,NA,NA,NA,NA,NA,NA,NA,NA,NA,NA,NA,NA,NA,NA,NA,NA,NA,NA,NA,NA,NA,NA,NA,NA,NA,NA,0.7,0.163086,1.7825,0.14826,0.05,0.037065,0.145,0.044478,0,NA,NA,NA,NA,NA,NA,NA,NA,NA,NA,NA,NA,NA,NA,NA,NA,NA
"321","Bears","CHI","DST","100005","robust",NA,NA,NA,NA,NA,NA,NA,NA,NA,NA,NA,NA,NA,NA,NA,NA,NA,NA,NA,NA,NA,NA,NA,NA,NA,NA,NA,NA,0.6825,0.126021,2.3625,0.0370649999999999,0.1,0.07413,0.1425,0.051891,0,NA,NA,NA,NA,NA,NA,NA,NA,NA,NA,NA,NA,NA,NA,NA,NA,NA
"322","Commanders","WAS","DST","100032","robust",NA,NA,NA,NA,NA,NA,NA,NA,NA,NA,NA,NA,NA,NA,NA,NA,NA,NA,NA,NA,NA,NA,NA,NA,NA,NA,NA,NA,0.8,0,2.965,0.177912,0.085,0.0111195,0.1375,0.037065,0,NA,NA,NA,NA,NA,NA,NA,NA,NA,NA,NA,NA,NA,NA,NA,NA,NA
"323","Vikings","MIN","DST","100020","robust",NA,NA,NA,NA,NA,NA,NA,NA,NA,NA,NA,NA,NA,NA,NA,NA,NA,NA,NA,NA,NA,NA,NA,NA,NA,NA,NA,NA,0.8,0,2.32,0.0741300000000001,0.09,0.009884,0.1225,0.07413,0,NA,NA,NA,NA,NA,NA,NA,NA,NA,NA,NA,NA,NA,NA,NA,NA,NA
"324","Cowboys","DAL","DST","100008","robust",NA,NA,NA,NA,NA,NA,NA,NA,NA,NA,NA,NA,NA,NA,NA,NA,NA,NA,NA,NA,NA,NA,NA,NA,NA,NA,NA,NA,0.855,0.044478,2.12,0.0889560000000001,0,0,0.2,0,0,NA,NA,NA,NA,NA,NA,NA,NA,NA,NA,NA,NA,NA,NA,NA,NA,NA
"325","Colts","IND","DST","100014","robust",NA,NA,NA,NA,NA,NA,NA,NA,NA,NA,NA,NA,NA,NA,NA,NA,NA,NA,NA,NA,NA,NA,NA,NA,NA,NA,NA,NA,0.85,0.0741300000000001,2.86,0.207564,0.1,0,0.2,0,0,NA,NA,NA,NA,NA,NA,NA,NA,NA,NA,NA,NA,NA,NA,NA,NA,NA
"326","Titans","TEN","DST","100012","robust",NA,NA,NA,NA,NA,NA,NA,NA,NA,NA,NA,NA,NA,NA,NA,NA,NA,NA,NA,NA,NA,NA,NA,NA,NA,NA,NA,NA,0.845,0.14826,2.3275,0.14826,0,0,0.2,0,0,NA,NA,NA,NA,NA,NA,NA,NA,NA,NA,NA,NA,NA,NA,NA,NA,NA
"327","Buccaneers","TB","DST","100031","robust",NA,NA,NA,NA,NA,NA,NA,NA,NA,NA,NA,NA,NA,NA,NA,NA,NA,NA,NA,NA,NA,NA,NA,NA,NA,NA,NA,NA,0.9,0,2.8,0,0.0133333333333333,0.019768,0.2,0,0,NA,NA,NA,NA,NA,NA,NA,NA,NA,NA,NA,NA,NA,NA,NA,NA,NA
"328","49ers","SF","DST","100029","robust",NA,NA,NA,NA,NA,NA,NA,NA,NA,NA,NA,NA,NA,NA,NA,NA,NA,NA,NA,NA,NA,NA,NA,NA,NA,NA,NA,NA,0.9,0.044478,2.385,0.22239,0,0,0.2,0,0,NA,NA,NA,NA,NA,NA,NA,NA,NA,NA,NA,NA,NA,NA,NA,NA,NA
"329","Dolphins","MIA","DST","100019","robust",NA,NA,NA,NA,NA,NA,NA,NA,NA,NA,NA,NA,NA,NA,NA,NA,NA,NA,NA,NA,NA,NA,NA,NA,NA,NA,NA,NA,1,0,2.26,0.148259999999999,0,0,0.15,0,0,NA,NA,NA,NA,NA,NA,NA,NA,NA,NA,NA,NA,NA,NA,NA,NA,NA
"330","Cardinals","ARI","DST","100026","robust",NA,NA,NA,NA,NA,NA,NA,NA,NA,NA,NA,NA,NA,NA,NA,NA,NA,NA,NA,NA,NA,NA,NA,NA,NA,NA,NA,NA,0.82,0.14826,2.45,0.14826,0,0,0.1,0.14826,0,NA,NA,NA,NA,NA,NA,NA,NA,NA,NA,NA,NA,NA,NA,NA,NA,NA
"331","Patriots","NE","DST","100021","robust",NA,NA,NA,NA,NA,NA,NA,NA,NA,NA,NA,NA,NA,NA,NA,NA,NA,NA,NA,NA,NA,NA,NA,NA,NA,NA,NA,NA,0.88,0.118608,2.38,0,0,0,0.2,0.14826,0,NA,NA,NA,NA,NA,NA,NA,NA,NA,NA,NA,NA,NA,NA,NA,NA,NA
"332","Bills","BUF","DST","100003","robust",NA,NA,NA,NA,NA,NA,NA,NA,NA,NA,NA,NA,NA,NA,NA,NA,NA,NA,NA,NA,NA,NA,NA,NA,NA,NA,NA,NA,1.1,0,2.2,0.29652,0,0,0.2,0,0,NA,NA,NA,NA,NA,NA,NA,NA,NA,NA,NA,NA,NA,NA,NA,NA,NA
"333","Seahawks","SEA","DST","100030","robust",NA,NA,NA,NA,NA,NA,NA,NA,NA,NA,NA,NA,NA,NA,NA,NA,NA,NA,NA,NA,NA,NA,NA,NA,NA,NA,NA,NA,0.9,0,3.05,0.14826,0.133333333333333,0.04942,0.2,0,0,NA,NA,NA,NA,NA,NA,NA,NA,NA,NA,NA,NA,NA,NA,NA,NA,NA
"334","Ravens","BAL","DST","100002","robust",NA,NA,NA,NA,NA,NA,NA,NA,NA,NA,NA,NA,NA,NA,NA,NA,NA,NA,NA,NA,NA,NA,NA,NA,NA,NA,NA,NA,0.8,0.133434,2.3,0.44478,0.0333333333333333,0.04942,0.22,0,0,NA,NA,NA,NA,NA,NA,NA,NA,NA,NA,NA,NA,NA,NA,NA,NA,NA
"335","Rams","LAR","DST","100017","robust",NA,NA,NA,NA,NA,NA,NA,NA,NA,NA,NA,NA,NA,NA,NA,NA,NA,NA,NA,NA,NA,NA,NA,NA,NA,NA,NA,NA,1.15,0.14826,3.25,0.0444779999999997,0.0666666666666667,0.04942,0.235,0,0,NA,NA,NA,NA,NA,NA,NA,NA,NA,NA,NA,NA,NA,NA,NA,NA,NA
"336","Steelers","PIT","DST","100027","robust",NA,NA,NA,NA,NA,NA,NA,NA,NA,NA,NA,NA,NA,NA,NA,NA,NA,NA,NA,NA,NA,NA,NA,NA,NA,NA,NA,NA,1.25,0.14826,4.1,0,0.0866666666666667,0.019768,0.25,0,0,NA,NA,NA,NA,NA,NA,NA,NA,NA,NA,NA,NA,NA,NA,NA,NA,NA
"337","Mason Crosby","GB","K","2507232","robust",NA,NA,NA,NA,NA,NA,NA,NA,NA,NA,NA,NA,NA,NA,NA,NA,NA,NA,NA,NA,NA,NA,NA,NA,NA,NA,NA,NA,NA,NA,NA,NA,NA,NA,NA,NA,NA,NA,0.08,0.014826,0.345407035175879,0.19203767638191,0.40535175879397,0.0899990351758794,0.46,0.193855537688442,0.23,0.044478,3.545,0.29652,NA,NA,NA,NA
"338","Justin Tucker","BAL","K","2536340","robust",NA,NA,NA,NA,NA,NA,NA,NA,NA,NA,NA,NA,NA,NA,NA,NA,NA,NA,NA,NA,NA,NA,NA,NA,NA,NA,NA,NA,NA,NA,NA,NA,NA,NA,NA,NA,NA,NA,0,0,0.572419533851276,0,0.66204217536071,0,0.537058823529412,0,0.197835738068812,0,3.2,0.0741299999999997,NA,NA,NA,NA
"339","Matt Gay","FA","K","2562271","robust",NA,NA,NA,NA,NA,NA,NA,NA,NA,NA,NA,NA,NA,NA,NA,NA,NA,NA,NA,NA,NA,NA,NA,NA,NA,NA,NA,NA,NA,NA,NA,NA,NA,NA,NA,NA,NA,NA,0,0,0.601996487119438,0.271624819672131,0.618021077283372,0.0666649180327869,0.5,0.0950495901639345,0.110389344262295,0.0312318196721311,2.915,0.44478,NA,NA,NA,NA
"340","Stephen Gostkowski","TEN","K","2506922","robust",NA,NA,NA,NA,NA,NA,NA,NA,NA,NA,NA,NA,NA,NA,NA,NA,NA,NA,NA,NA,NA,NA,NA,NA,NA,NA,NA,NA,NA,NA,NA,NA,NA,NA,NA,NA,NA,NA,0,0,0.386407185628743,0.0636541437125748,0.521137724550898,0.085848754491018,0.44934131736527,0.119850898203593,0.37437125748503,0.0646307065868263,2.75,0.37065,NA,NA,NA,NA
"341","Wil Lutz","NO","K","2556601","robust",NA,NA,NA,NA,NA,NA,NA,NA,NA,NA,NA,NA,NA,NA,NA,NA,NA,NA,NA,NA,NA,NA,NA,NA,NA,NA,NA,NA,NA,NA,NA,NA,NA,NA,NA,NA,NA,NA,0.0116666666666667,0.002471,0.489583333333333,0.079998625,0.564861111111111,0.0711442083333333,0.4890625,0.1042453125,0.128868055555556,0.0278502291666667,2.9,0.0741300000000001,NA,NA,NA,NA
"342","Harrison Butker","KC","K","2558245","robust",NA,NA,NA,NA,NA,NA,NA,NA,NA,NA,NA,NA,NA,NA,NA,NA,NA,NA,NA,NA,NA,NA,NA,NA,NA,NA,NA,NA,NA,NA,NA,NA,NA,NA,NA,NA,NA,NA,0.0473684210526316,0.0193128157894737,0.594679633867277,0.0333987880434783,0.716275743707094,0.0271520208810069,0.509439359267735,0.048949972826087,0.159610983981693,0.0358563586956522,2.89,0.22239,NA,NA,NA,NA
"343","Tyler Bass","BUF","K","2563596","robust",NA,NA,NA,NA,NA,NA,NA,NA,NA,NA,NA,NA,NA,NA,NA,NA,NA,NA,NA,NA,NA,NA,NA,NA,NA,NA,NA,NA,NA,NA,NA,NA,NA,NA,NA,NA,NA,NA,0.039047619047619,0.001412,0.488095238095238,0.01765,0.585714285714286,0.02118,0.683333333333333,0.02471,0.292857142857143,0.01059,3.05,0.0741300000000001,NA,NA,NA,NA
"344","Cody Parkey","FA","K","2550380","robust",NA,NA,NA,NA,NA,NA,NA,NA,NA,NA,NA,NA,NA,NA,NA,NA,NA,NA,NA,NA,NA,NA,NA,NA,NA,NA,NA,NA,NA,NA,NA,NA,NA,NA,NA,NA,NA,NA,0,0,0.489252170481452,0.148318508287293,0.422355958958169,0.128747486187845,0.570424230465667,0.179912983425414,0.0144642857142857,0.012708,2.85,0.163086,NA,NA,NA,NA
"345","Ryan Succop","TB","K","89802","robust",NA,NA,NA,NA,NA,NA,NA,NA,NA,NA,NA,NA,NA,NA,NA,NA,NA,NA,NA,NA,NA,NA,NA,NA,NA,NA,NA,NA,NA,NA,NA,NA,NA,NA,NA,NA,NA,NA,0.0716426116838488,0.00359441340206186,0.6646735395189,0.103731051546392,0.558419243986254,0.0724104896907217,0.480927835051546,0.0452804381443299,0.117786941580756,0.0183822020618557,2.7,0.0667170000000002,NA,NA,NA,NA
"346","Dan Bailey","MIN","K","2495259","robust",NA,NA,NA,NA,NA,NA,NA,NA,NA,NA,NA,NA,NA,NA,NA,NA,NA,NA,NA,NA,NA,NA,NA,NA,NA,NA,NA,NA,NA,NA,NA,NA,NA,NA,NA,NA,NA,NA,0,0,0.414414019715225,0.12349587075575,0.436326670317634,0.140242105695509,0.322380887185104,0.0531616840087624,0.163791073384447,0.0482575744797371,2.4875,0.407715,NA,NA,NA,NA
"347","Mike Nugent","FA","K","2506386","robust",NA,NA,NA,NA,NA,NA,NA,NA,NA,NA,NA,NA,NA,NA,NA,NA,NA,NA,NA,NA,NA,NA,NA,NA,NA,NA,NA,NA,NA,NA,NA,NA,NA,NA,NA,NA,NA,NA,0.0100558659217877,0.00165653631284916,0.437294800171895,0.0361570906746885,0.6677266867211,0.100411585732703,0.454061022776107,0.0532831276321444,0.186110872367856,0.0306586643747314,2.4,0,NA,NA,NA,NA
"348","Nick Folk","FA","K","2507225","robust",NA,NA,NA,NA,NA,NA,NA,NA,NA,NA,NA,NA,NA,NA,NA,NA,NA,NA,NA,NA,NA,NA,NA,NA,NA,NA,NA,NA,NA,NA,NA,NA,NA,NA,NA,NA,NA,NA,0.00961538461538461,0.00570230769230769,0.400641025641026,0.117847692307692,0.4,0.147352169919633,0.395355912743972,0.163086,0.1,0.0322279678530425,2,0.44478,NA,NA,NA,NA
"349","Chris Boswell","PIT","K","2550545","robust",NA,NA,NA,NA,NA,NA,NA,NA,NA,NA,NA,NA,NA,NA,NA,NA,NA,NA,NA,NA,NA,NA,NA,NA,NA,NA,NA,NA,NA,NA,NA,NA,NA,NA,NA,NA,NA,NA,0,0,0.633558673469388,0.203517107142857,0.55625318877551,0.066717,0.527544642857143,0.0734681250000001,0.0965816326530612,0.0146747142857143,2.76,0.29652,NA,NA,NA,NA
"350","Jason Myers","SEA","K","2553112","robust",NA,NA,NA,NA,NA,NA,NA,NA,NA,NA,NA,NA,NA,NA,NA,NA,NA,NA,NA,NA,NA,NA,NA,NA,NA,NA,NA,NA,NA,NA,NA,NA,NA,NA,NA,NA,NA,NA,0.024234693877551,0.00189107142857143,0.315697278911565,0.0246343571428572,0.680187074829932,0.0530760714285715,0.665816326530612,0.0496217142857144,0.12484693877551,0.00985878571428572,2.7,0.229803,NA,NA,NA,NA
"351","Kaimi Fairbairn","HOU","K","2556521","robust",NA,NA,NA,NA,NA,NA,NA,NA,NA,NA,NA,NA,NA,NA,NA,NA,NA,NA,NA,NA,NA,NA,NA,NA,NA,NA,NA,NA,NA,NA,NA,NA,NA,NA,NA,NA,NA,NA,0.00823353293413174,0.00665838323353293,0.400999786142002,0.107406062874251,0.503715782720274,0.0370650000000001,0.325557100085543,0.0863211826347305,0.142726689478187,0.0386820359281437,2.2,0.281694,NA,NA,NA,NA
"352","Jake Elliott","PHI","K","2558172","robust",NA,NA,NA,NA,NA,NA,NA,NA,NA,NA,NA,NA,NA,NA,NA,NA,NA,NA,NA,NA,NA,NA,NA,NA,NA,NA,NA,NA,NA,NA,NA,NA,NA,NA,NA,NA,NA,NA,0,0,0.383935742971888,0.14230578313253,0.57991967871486,0.103901084337349,0.469076305220884,0.0727605301204819,0.100200803212851,0.000595421686746999,1.93,0.29652,NA,NA,NA,NA
"353","Mike Badgley","LAC","K","2560965","robust",NA,NA,NA,NA,NA,NA,NA,NA,NA,NA,NA,NA,NA,NA,NA,NA,NA,NA,NA,NA,NA,NA,NA,NA,NA,NA,NA,NA,NA,NA,NA,NA,NA,NA,NA,NA,NA,NA,0.0106927710843373,0.0072343734939759,0.760968875502008,0.104660246987952,0.393795180722892,0.0503726746987952,0.483313253012048,0.101638481927711,0.102063253012048,0.00945231927710844,2.275,0.133434,NA,NA,NA,NA
"354","Daniel Carlson","LVR","K","2560993","robust",NA,NA,NA,NA,NA,NA,NA,NA,NA,NA,NA,NA,NA,NA,NA,NA,NA,NA,NA,NA,NA,NA,NA,NA,NA,NA,NA,NA,NA,NA,NA,NA,NA,NA,NA,NA,NA,NA,0.00892857142857143,0.00378214285714286,0.715336134453782,0.088956,0.468157262905162,0.101049957983193,0.360684273709484,0.0899705042016807,0.219012605042017,0.0372874789915966,2.7,0.14826,NA,NA,NA,NA
"355","Zane Gonzalez","ARI","K","2558178","robust",NA,NA,NA,NA,NA,NA,NA,NA,NA,NA,NA,NA,NA,NA,NA,NA,NA,NA,NA,NA,NA,NA,NA,NA,NA,NA,NA,NA,NA,NA,NA,NA,NA,NA,NA,NA,NA,NA,0,0,0,0,0,0,0,0,0,0,1.3,1.92738,"IR","Back",15,2020
"356","Robbie Gould","SF","K","2506264","robust",NA,NA,NA,NA,NA,NA,NA,NA,NA,NA,NA,NA,NA,NA,NA,NA,NA,NA,NA,NA,NA,NA,NA,NA,NA,NA,NA,NA,NA,NA,NA,NA,NA,NA,NA,NA,NA,NA,0,0,0.435590193704601,0.0546102966101695,0.462820823244552,0.0472661016949153,0.632112590799031,0.0465660847457628,0.149671610169492,0.0494095296610169,2.3,0.170499,NA,NA,NA,NA
"357","Matt Prater","DET","K","2506677","robust",NA,NA,NA,NA,NA,NA,NA,NA,NA,NA,NA,NA,NA,NA,NA,NA,NA,NA,NA,NA,NA,NA,NA,NA,NA,NA,NA,NA,NA,NA,NA,NA,NA,NA,NA,NA,NA,NA,0.0110429447852761,0.00363828220858896,0.491882963662105,0.0993530910806984,0.544502123643228,0.00740950165172246,0.45,0.0842752100047192,0.251864086833412,0.0298758942897593,2.125,0.0741299999999997,NA,NA,NA,NA
"358","Cairo Santos","FA","K","2550636","robust",NA,NA,NA,NA,NA,NA,NA,NA,NA,NA,NA,NA,NA,NA,NA,NA,NA,NA,NA,NA,NA,NA,NA,NA,NA,NA,NA,NA,NA,NA,NA,NA,NA,NA,NA,NA,NA,NA,0.0224642857142857,0.0054009,0.477142857142857,0.1054764,0.594285714285714,0.1264446,0.478357142857143,0.0190620000000001,0.117142857142857,0.0209682,2.065,0.14826,NA,NA,NA,NA
"359","Graham Gano","NYG","K","71309","robust",NA,NA,NA,NA,NA,NA,NA,NA,NA,NA,NA,NA,NA,NA,NA,NA,NA,NA,NA,NA,NA,NA,NA,NA,NA,NA,NA,NA,NA,NA,NA,NA,NA,NA,NA,NA,NA,NA,0.00909090909090909,0.00505431818181818,0.240909090909091,0.0892929545454545,0.586363636363636,0.0404345454545455,0.6,0.029652,0.195454545454545,0.0134781818181818,1.9,0.14826,NA,NA,NA,NA
"360","Younghoe Koo","ATL","K","2559205","robust",NA,NA,NA,NA,NA,NA,NA,NA,NA,NA,NA,NA,NA,NA,NA,NA,NA,NA,NA,NA,NA,NA,NA,NA,NA,NA,NA,NA,NA,NA,NA,NA,NA,NA,NA,NA,NA,NA,0.010752688172043,0.00518112903225806,0.56605222734255,0.081543,0.580645161290323,0.153042580645161,0.571428571428571,0.088956,0.28,0.117104903225806,1.95,0.214977,NA,NA,NA,NA
"361","Jason Sanders","MIA","K","2561153","robust",NA,NA,NA,NA,NA,NA,NA,NA,NA,NA,NA,NA,NA,NA,NA,NA,NA,NA,NA,NA,NA,NA,NA,NA,NA,NA,NA,NA,NA,NA,NA,NA,NA,NA,NA,NA,NA,NA,0.0291176470588235,0.0130817647058824,0.401190476190476,0.0528461764705882,0.424953314659197,0.159449869281046,0.469234360410831,0.0456131372549019,0.346455026455026,0.0502967320261437,2,0.0741300000000001,NA,NA,NA,NA
"362","Greg Zuerlein","DAL","K","2534797","robust",NA,NA,NA,NA,NA,NA,NA,NA,NA,NA,NA,NA,NA,NA,NA,NA,NA,NA,NA,NA,NA,NA,NA,NA,NA,NA,NA,NA,NA,NA,NA,NA,NA,NA,NA,NA,NA,NA,0.055,0.0128433514792899,0.49698224852071,0.0485134792899407,0.731242603550296,0.0140364497041419,0.46,0.108826349112426,0.165,0.0342138461538462,2,0,NA,NA,NA,NA
"363",NA,NA,"K","0","robust",NA,NA,NA,NA,NA,NA,NA,NA,NA,NA,NA,NA,NA,NA,NA,NA,NA,NA,NA,NA,NA,NA,NA,NA,NA,NA,NA,NA,NA,NA,NA,NA,NA,NA,NA,NA,NA,NA,0.01,0.014826,0.48,0.029652,0.43,0.044478,0.445,0.081543,0.175,0.037065,1.925,0.111195,NA,NA,NA,NA
"364","Dustin Hopkins","WAS","K","2539227","robust",NA,NA,NA,NA,NA,NA,NA,NA,NA,NA,NA,NA,NA,NA,NA,NA,NA,NA,NA,NA,NA,NA,NA,NA,NA,NA,NA,NA,NA,NA,NA,NA,NA,NA,NA,NA,NA,NA,0.0251748251748252,0.00829426573426573,0.352141608391608,0.0347322377622378,0.581075174825175,0.0440632867132868,0.620821678321678,0.133434,0.181730769230769,0.00285115384615384,1.8,0.252042,NA,NA,NA,NA
"365","Aldrick Rosas","FA","K","2556771","robust",NA,NA,NA,NA,NA,NA,NA,NA,NA,NA,NA,NA,NA,NA,NA,NA,NA,NA,NA,NA,NA,NA,NA,NA,NA,NA,NA,NA,NA,NA,NA,NA,NA,NA,NA,NA,NA,NA,0,0,0.33,0,0.33,0,0.11,0,0.33,0,1.6,0.44478,NA,NA,NA,NA
"366","Brandon McManus","DEN","K","2541556","robust",NA,NA,NA,NA,NA,NA,NA,NA,NA,NA,NA,NA,NA,NA,NA,NA,NA,NA,NA,NA,NA,NA,NA,NA,NA,NA,NA,NA,NA,NA,NA,NA,NA,NA,NA,NA,NA,NA,0,0,0.2475,0.133434,0.3375,0.44478,0.435,0.044478,0.21,0.266868,1.665,0.0963689999999999,NA,"Undisclosed",15,2020
"367","Randy Bullock","CIN","K","2533444","robust",NA,NA,NA,NA,NA,NA,NA,NA,NA,NA,NA,NA,NA,NA,NA,NA,NA,NA,NA,NA,NA,NA,NA,NA,NA,NA,NA,NA,NA,NA,NA,NA,NA,NA,NA,NA,NA,NA,0,0,0.430295801526718,0.0157031106870229,0.400894561068702,0.039717552480916,0.351085400763359,0.114413430343511,0.182640744274809,0.0139913301526717,1.52,0.133434,NA,NA,NA,NA
"368","Sam Ficken","NYJ","K","2557430","robust",NA,NA,NA,NA,NA,NA,NA,NA,NA,NA,NA,NA,NA,NA,NA,NA,NA,NA,NA,NA,NA,NA,NA,NA,NA,NA,NA,NA,NA,NA,NA,NA,NA,NA,NA,NA,NA,NA,0,0,0.314656862745098,0.0992760588235294,0.341993464052288,0.0690910980392157,0.32765522875817,0.0593040000000001,0.193357843137255,0.0779818529411765,1.175,0.14826,NA,NA,NA,NA
"369","Austin Seibert","CLE","K","2562729","robust",NA,NA,NA,NA,NA,NA,NA,NA,NA,NA,NA,NA,NA,NA,NA,NA,NA,NA,NA,NA,NA,NA,NA,NA,NA,NA,NA,NA,NA,NA,NA,NA,NA,NA,NA,NA,NA,NA,0,0,0.121875,0.0185325,0.24375,0.037065,0.4875,0.0741300000000001,0.0609375,0.00926625000000001,1.15,0,NA,NA,NA,NA
