"","player","team","position","id","avg_type","pass_att","pass_att_sd","pass_comp","pass_comp_sd","pass_yds","pass_yds_sd","pass_tds","pass_tds_sd","pass_int","pass_int_sd","rush_att","rush_att_sd","rush_yds","rush_yds_sd","rush_tds","rush_tds_sd","fumbles_lost","fumbles_lost_sd","two_pts","two_pts_sd","return_tds","return_tds_sd","rec","rec_sd","rec_yds","rec_yds_sd","rec_tds","rec_tds_sd","dst_int","dst_int_sd","dst_sacks","dst_sacks_sd","dst_safety","dst_safety_sd","dst_td","dst_td_sd","dst_blk","dst_blk_sd","fg_0019","fg_0019_sd","fg_2029","fg_2029_sd","fg_3039","fg_3039_sd","fg_4049","fg_4049_sd","fg_50","fg_50_sd","xp","xp_sd","injury_status","injury_details","week","season_year"
"1","Patrick Mahomes","KC","QB","2558125","robust",39.3,2.37215999999999,25.7,1.452948,297.5,27.442926,2.3775,0.14826,0.815,0.14826,3.895,0.59304,19.8,2.683506,0.1,0,0.185,0.044478,0.1,0,0,NA,NA,NA,NA,NA,NA,NA,NA,NA,NA,NA,NA,NA,NA,NA,NA,NA,NA,NA,NA,NA,NA,NA,NA,NA,NA,NA,NA,NA,NA,NA,NA,NA
"2","Justin Herbert","LAC","QB","2565045","robust",38.8,0.39592843455036,25.8,0.298441921378944,290.72,3.40998000000002,2,0.29652,0.85,0.14826,3.5,0.128003192462717,15.105,0.207564000000001,0.1925,0,0.055,0.051891,0.22,0,0,NA,NA,NA,NA,NA,NA,NA,NA,NA,NA,NA,NA,NA,NA,NA,NA,NA,NA,NA,NA,NA,NA,NA,NA,NA,NA,NA,NA,NA,NA,NA,NA,NA
"3","Tom Brady","TB","QB","2504211","robust",38.9,3.602718,25.4,2.07564,283.5,25.50072,1.9,0.029652,0.7325,0.14826,1.44,0.185325,2.3,1.03782,0.0525,0.059304,0.18125,0.0555975,0,NA,0,NA,NA,NA,NA,NA,NA,NA,NA,NA,NA,NA,NA,NA,NA,NA,NA,NA,NA,NA,NA,NA,NA,NA,NA,NA,NA,NA,NA,NA,NA,NA,NA,NA
"4","Matthew Stafford","LAR","QB","79860","robust",35,0.889560000000002,24.1,0.593040000000003,281.65,5.9304,2.15,0.14826,0.725,0.0889560000000001,2.2,0.029652,5.7,1.33434,0.1,0,0.09875,0.0037065,0.13,0,0,NA,NA,NA,NA,NA,NA,NA,NA,NA,NA,NA,NA,NA,NA,NA,NA,NA,NA,NA,NA,NA,NA,NA,NA,NA,NA,NA,NA,NA,NA,NA,NA,NA
"5","Derek Carr","LVR","QB","2543499","robust",36.2557888488009,0.469358094464335,24.5910157532185,0.756126000000002,286.5025,5.33736000000003,1.9675,0.192738,0.85,0.14826,2,0.164959352905435,7.275,0.44478,0.0925,0,0.2375,0.0555975,0.06,0,0,NA,NA,NA,NA,NA,NA,NA,NA,NA,NA,NA,NA,NA,NA,NA,NA,NA,NA,NA,NA,NA,NA,NA,NA,NA,NA,NA,NA,NA,NA,NA,NA,NA
"6","Josh Allen","BUF","QB","2560955","robust",36.31,0.504083999999995,23.725,0.889560000000002,280.1,13.19514,2.425,0.29652,0.9,0.0741300000000001,7.68,0.59304,41.175,3.40998,0.4,0,0.165,0.00741300000000001,0.09,0,0,NA,NA,NA,NA,NA,NA,NA,NA,NA,NA,NA,NA,NA,NA,NA,NA,NA,NA,NA,NA,NA,NA,NA,NA,NA,NA,NA,NA,NA,NA,NA,NA,NA
"7","Russell Wilson","DEN","QB","2532975","robust",32.775,1.63086,21.7671780040546,2.2239,262.2,10.67472,1.925,0.14826,0.45,0.103782,3.6,0.133434,16.625,3.943716,0.11,0.029652,0.0875,0.0185325,0.06,0,0,NA,NA,NA,NA,NA,NA,NA,NA,NA,NA,NA,NA,NA,NA,NA,NA,NA,NA,NA,NA,NA,NA,NA,NA,NA,NA,NA,NA,NA,NA,NA,NA,NA
"8","Kirk Cousins","MIN","QB","2532820","robust",36.535,1.4826,24.45,0.593039999999998,267.23,9.78516000000003,1.955,0,0.6925,0.0741300000000001,1.98232673714407,0.44478,5.72,0.652344000000001,0.0325,0,0.1375,0.0555975,0.16,0,0,NA,NA,NA,NA,NA,NA,NA,NA,NA,NA,NA,NA,NA,NA,NA,NA,NA,NA,NA,NA,NA,NA,NA,NA,NA,NA,NA,NA,NA,NA,NA,NA,NA
"9","Joe Burrow","CIN","QB","2563722","robust",33.6907023419719,0.773034584415183,22.4821607458042,0.652344000000002,270.3825,7.81330199999997,1.81,0.14826,0.925,0.14826,2.95,0.14826,13.6,3.85476,0.1,0,0.1375,0.0555975,0.1,0,0,NA,NA,NA,NA,NA,NA,NA,NA,NA,NA,NA,NA,NA,NA,NA,NA,NA,NA,NA,NA,NA,NA,NA,NA,NA,NA,NA,NA,NA,NA,NA,NA,NA
"10","Carson Wentz","WAS","QB","2555259","robust",33.5144328358519,2.13830751026413,21.5645242620821,0.935448658074042,248.945,9.50346600000004,1.725,0.14826,0.725,0.22239,3.5,0.96789248623524,13.4725,3.958542,0.1,0.044478,0.165,0.051891,0.25,0,0,NA,NA,NA,NA,NA,NA,NA,NA,NA,NA,NA,NA,NA,NA,NA,NA,NA,NA,NA,NA,NA,NA,NA,NA,NA,NA,NA,NA,NA,NA,NA,NA,NA
"11","Joe Flacco","NYJ","QB","382","robust",34.59,1.92738,21.46,1.77912,235.335,19.066236,1.1,0.14826,0.875,0.163086,1.55916666666667,0.29652,4.0875,3.662022,0.03,0,0.1325,0.0481845,0.03,0,0,NA,NA,NA,NA,NA,NA,NA,NA,NA,NA,NA,NA,NA,NA,NA,NA,NA,NA,NA,NA,NA,NA,NA,NA,NA,NA,NA,NA,NA,NA,NA,NA,NA
"12","Jared Goff","DET","QB","2555334","robust",35.8,2.401812,23.4,1.008168,247.3125,19.2738,1.75,0.103782,0.755,0.0889560000000001,1.29375,0.22239,4.04,1.734642,0.03,0,0.195,0.014826,0.19,0,0,NA,NA,NA,NA,NA,NA,NA,NA,NA,NA,NA,NA,NA,NA,NA,NA,NA,NA,NA,NA,NA,NA,NA,NA,NA,NA,NA,NA,NA,NA,NA,NA,NA
"13","Matt Ryan","IND","QB","310","robust",33.1,0.429953999999999,21.8117079268239,0.444780000000001,241.21,4.00301999999998,1.5675,0.192738,0.745,0.0889560000000001,2.205,0.192738,7.52,1.70499,0.0825,0.014826,0.28875,0.0333584999999999,0.07,0,0,NA,NA,NA,NA,NA,NA,NA,NA,NA,NA,NA,NA,NA,NA,NA,NA,NA,NA,NA,NA,NA,NA,NA,NA,NA,NA,NA,NA,NA,NA,NA,NA,NA
"14","Kyler Murray","ARI","QB","2562382","robust",35.0375,1.03781999999999,23.705,0.533736000000004,256.785,3.26171999999998,1.6975,0.133434,0.7875,0.0741300000000001,6.83128426319934,0.7413,34.5425,0.889560000000002,0.2425,0.133434,0.10625,0.0185325,0.03,0,0,NA,NA,NA,NA,NA,NA,NA,NA,NA,NA,NA,NA,NA,NA,NA,NA,NA,NA,NA,NA,NA,NA,NA,NA,NA,NA,NA,NA,NA,NA,NA,NA,NA
"15","Jalen Hurts","PHI","QB","2564832","robust",31.6025,0.785778000000002,19.685,0.359071566936903,236.035,15.478344,1.65,0.163086,0.7,0.014826,9.3875,0.444780000000001,51.7,4.15128,0.55,0.14826,0.1525,0.0630105,0.19,0,0,NA,NA,NA,NA,NA,NA,NA,NA,NA,NA,NA,NA,NA,NA,NA,NA,NA,NA,NA,NA,NA,NA,NA,NA,NA,NA,NA,NA,NA,NA,NA,NA,NA
"16","Tua Tagovailoa","MIA","QB","2564499","robust",35.4718211789781,0.148260000000002,23.4,0.385475999999997,256.6,7.413,1.55,0.29652,0.8925,0.014826,3.015,0.192738,9.68,1.92738,0.115,0.044478,0.11125,0.0333585,0.09,0,0,NA,NA,NA,NA,NA,NA,NA,NA,NA,NA,NA,NA,NA,NA,NA,NA,NA,NA,NA,NA,NA,NA,NA,NA,NA,NA,NA,NA,NA,NA,NA,NA,NA
"17","Aaron Rodgers","GB","QB","2506363","robust",33.36,0.415128000000002,22.5,0.186200910464578,254.3,7.57608600000002,2,0,0.3,0.014826,2.12719995639021,0.148259999999999,7.4,0.889560000000001,0.095,0.014826,0.10625,0.0185325,0,NA,0,NA,NA,NA,NA,NA,NA,NA,NA,NA,NA,NA,NA,NA,NA,NA,NA,NA,NA,NA,NA,NA,NA,NA,NA,NA,NA,NA,NA,NA,NA,NA,NA,NA
"18","Trevor Lawrence","JAC","QB","2566163","robust",35.864831552223,1.63086,22.15,1.03782,237.23,15.181824,1.2,0.326172,0.95,0.22239,3.845,0.44478,16.675,1.03782,0.1,0,0.19375,0.0185325,0.1,0,0,NA,NA,NA,NA,NA,NA,NA,NA,NA,NA,NA,NA,NA,NA,NA,NA,NA,NA,NA,NA,NA,NA,NA,NA,NA,NA,NA,NA,NA,NA,NA,NA,NA
"19","Davis Mills","HOU","QB","2566136","robust",33.75,1.4826,21.9286757422457,0.7413,234.3075,10.630242,1.31,0.207564,0.885,0.29652,1.77248999881292,0.14826,5.4,0.59304,0.03,0,0.1825,0.051891,0.12,0,0,NA,NA,NA,NA,NA,NA,NA,NA,NA,NA,NA,NA,NA,NA,NA,NA,NA,NA,NA,NA,NA,NA,NA,NA,NA,NA,NA,NA,NA,NA,NA,NA,NA
"20","Lamar Jackson","BAL","QB","2560757","robust",31.8053784955408,0.889560000000002,20.0375,0.667169999999999,231.66,9.07351200000001,1.46,0.326172,0.95,0.133434,9.3,0.711648000000001,54.475,6.58274400000001,0.3325,0.14826,0.15,0.07413,0.09,0,0,NA,NA,NA,NA,NA,NA,NA,NA,NA,NA,NA,NA,NA,NA,NA,NA,NA,NA,NA,NA,NA,NA,NA,NA,NA,NA,NA,NA,NA,NA,NA,NA,NA
"21","Mac Jones","NE","QB","2566334","robust",31.72,2.2239,20.715,0.7413,229.36,20.400576,1.22,0.118608,0.965,0.103782,2.45,0.44478,9.1,2.66868,0.0925,0.014826,0.22,0.029652,0.1,0,0,NA,NA,NA,NA,NA,NA,NA,NA,NA,NA,NA,NA,NA,NA,NA,NA,NA,NA,NA,NA,NA,NA,NA,NA,NA,NA,NA,NA,NA,NA,NA,NA,NA
"22","Jameis Winston","NO","QB","2552033","robust",32.6409789933479,1.20671182215044,20.395,3.40998,237.2375,10.259592,1.58,0.118608,0.9775,0.044478,3.39,1.4826,14.7,3.55824,0.1,0.029652,0.145,0.066717,0.16,0,0,NA,NA,NA,NA,NA,NA,NA,NA,NA,NA,NA,NA,NA,NA,NA,NA,NA,NA,NA,NA,NA,NA,NA,NA,NA,NA,NA,NA,NA,"Q","Back",2,2022
"23","Geno Smith","SEA","QB","2539335","robust",31.0025,1.39594316315759,19.9,1.1985446338326,219.845,12.67623,1,0.103782,0.7925,0.22239,2.925,0.14826,11.0375,1.40847,0.1,0,0.145,0.066717,0,NA,0,NA,NA,NA,NA,NA,NA,NA,NA,NA,NA,NA,NA,NA,NA,NA,NA,NA,NA,NA,NA,NA,NA,NA,NA,NA,NA,NA,NA,NA,NA,NA,NA,NA
"24","Jacoby Brissett","CLE","QB","2555261","robust",30.6,1.65873951779318,19.6,0.593039999999998,218.2725,12.735534,1.2,0.252042,0.6,0.14826,2.775,0.44478,10.2,2.475942,0.1075,0.103782,0.1375,0.0555975,0.06,0,0,NA,NA,NA,NA,NA,NA,NA,NA,NA,NA,NA,NA,NA,NA,NA,NA,NA,NA,NA,NA,NA,NA,NA,NA,NA,NA,NA,NA,NA,NA,NA,NA,NA
"25","Baker Mayfield","CAR","QB","2560800","robust",33.135,0.398912435972631,20.5529230254626,1.03782,228.2275,12.498318,1.0925,0.103782,0.95,0.118608,3.195,0.29652,10.7275,2.9652,0.105,0.014826,0.18,0.059304,0.09,0,0,NA,NA,NA,NA,NA,NA,NA,NA,NA,NA,NA,NA,NA,NA,NA,NA,NA,NA,NA,NA,NA,NA,NA,NA,NA,NA,NA,NA,NA,NA,NA,NA,NA
"26","Cooper Rush","DAL","QB","2559242","robust",34.3955914829211,1.14510973031544,21.2964109925247,1.200906,229.6,21.527352,1.2,0.29652,1,0,2.475,0.59304,8.85,2.07564,0.055,0.044478,0.20125,0.0037065,0.08,0,0,NA,NA,NA,NA,NA,NA,NA,NA,NA,NA,NA,NA,NA,NA,NA,NA,NA,NA,NA,NA,NA,NA,NA,NA,NA,NA,NA,NA,NA,NA,NA,NA,NA
"27","Ryan Tannehill","TEN","QB","2532956","robust",31.35,2.02873633931581,20.1371105440976,0.7413,216.5375,11.504976,1.25,0.14826,0.815,0.14826,3.1,0.14826,14.2175,2.07564,0.18,0.059304,0.135,0.051891,0.13,0,0,NA,NA,NA,NA,NA,NA,NA,NA,NA,NA,NA,NA,NA,NA,NA,NA,NA,NA,NA,NA,NA,NA,NA,NA,NA,NA,NA,NA,NA,NA,NA,NA,NA
"28","Marcus Mariota","ATL","QB","2552466","robust",31.739061773874,1.18608,19.5745522082173,0.385476000000002,220.5575,9.177294,1.045,0.0889560000000001,0.835,0.192738,5.95,0.400302000000001,33.4775,8.584254,0.235,0.103782,0.205,0.014826,0.03,0,0,NA,NA,NA,NA,NA,NA,NA,NA,NA,NA,NA,NA,NA,NA,NA,NA,NA,NA,NA,NA,NA,NA,NA,NA,NA,NA,NA,NA,NA,NA,NA,NA,NA
"29","Mitchell Trubisky","PIT","QB","2558008","robust",34.5,0.444779999999996,21.525,0.7413,230.9675,2.00150999999999,1.2,0.192738,0.855,0.14826,3.7075,1.4826,15.775,7.724346,0.1,0,0.0925,0.0111195,0.19,0,0,NA,NA,NA,NA,NA,NA,NA,NA,NA,NA,NA,NA,NA,NA,NA,NA,NA,NA,NA,NA,NA,NA,NA,NA,NA,NA,NA,NA,NA,NA,NA,NA,NA
"30","Trey Lance","SF","QB","2566532","robust",27.8214430304721,1.452948,17.8441834551747,0.578214000000001,212.6025,9.93341999999998,1.24,0.252042,0.815,0.14826,8.4,1.18608,41.655,9.6369,0.3475,0.103782,0.1475,0.0704235,0.08,0,0,NA,NA,NA,NA,NA,NA,NA,NA,NA,NA,NA,NA,NA,NA,NA,NA,NA,NA,NA,NA,NA,NA,NA,NA,NA,NA,NA,NA,NA,NA,NA,NA,NA
"31","Daniel Jones","NYG","QB","2562299","robust",31.15,1.77541258405583,19.675,0.938207962204019,207.9925,10.556112,1.19,0.22239,0.85,0.177912,5.50992980936151,1.03782,26.8,3.40998,0.15,0.14826,0.3225,0.0333585,0.19,0,0,NA,NA,NA,NA,NA,NA,NA,NA,NA,NA,NA,NA,NA,NA,NA,NA,NA,NA,NA,NA,NA,NA,NA,NA,NA,NA,NA,NA,NA,NA,NA,NA,NA
"32","Justin Fields","CHI","QB","2565920","robust",30.2,0.296519999999999,18.1640806872702,0.7413,203.465,14.040222,1,0,0.895,0.14826,7.2125,2.07564,35.65,6.96822,0.1525,0.044478,0.275,0.07413,0.06,0,0,NA,NA,NA,NA,NA,NA,NA,NA,NA,NA,NA,NA,NA,NA,NA,NA,NA,NA,NA,NA,NA,NA,NA,NA,NA,NA,NA,NA,NA,NA,NA,NA,NA
"33","Mike White","NYJ","QB","2560929","robust",4.7,0,2.925,0,31.375,0.148259999999999,0.2,0,0.3,0,0.25,0,0.125,0,0,0,0,0,0,NA,0,NA,NA,NA,NA,NA,NA,NA,NA,NA,NA,NA,NA,NA,NA,NA,NA,NA,NA,NA,NA,NA,NA,NA,NA,NA,NA,NA,NA,NA,NA,NA,NA,NA
"34","Jimmy Garoppolo","SF","QB","2543801","robust",1.7365143724862,0,1.15406142274274,0,21.335,10.481982,0.1,0,0.04,0,0.1,0,0.15,0.103782,0.005,0,0,0,0.02,0,0,NA,NA,NA,NA,NA,NA,NA,NA,NA,NA,NA,NA,NA,NA,NA,NA,NA,NA,NA,NA,NA,NA,NA,NA,NA,NA,NA,NA,NA,NA,NA,NA,NA
"35","Taylor Heinicke","WAS","QB","2553656","robust",3.7,0,2.325,0,25,0,0.15,0,0.075,0,0.45,0,2.075,0,0,0,0.025,0,0,NA,0,NA,NA,NA,NA,NA,NA,NA,NA,NA,NA,NA,NA,NA,NA,NA,NA,NA,NA,NA,NA,NA,NA,NA,NA,NA,NA,NA,NA,NA,NA,NA,NA,NA
"36","Teddy Bridgewater","MIA","QB","2543465","robust",3.225,0,2.075,0,22.55,0.593039999999998,0.15,0,0.1,0,0.2,0,0.75,0.29652,0,0,0,0,0,NA,0,NA,NA,NA,NA,NA,NA,NA,NA,NA,NA,NA,NA,NA,NA,NA,NA,NA,NA,NA,NA,NA,NA,NA,NA,NA,NA,NA,NA,NA,NA,NA,NA,NA
"37","Andy Dalton","NO","QB","2495143","robust",2.325,0,1.45,0,15.5,0.148260000000001,0.15,0,0.025,0,0.7,0,3.65,0,0.05,0,0,0,0,NA,0,NA,NA,NA,NA,NA,NA,NA,NA,NA,NA,NA,NA,NA,NA,NA,NA,NA,NA,NA,NA,NA,NA,NA,NA,NA,NA,NA,NA,NA,NA,NA,NA,NA
"38","Tyler Huntley","BAL","QB","2563560","robust",2.625,0,1.575,0,16.05,0,0.1,0,0,0,0.95,0,4.725,0,0,0,0.05,0,0,NA,0,NA,NA,NA,NA,NA,NA,NA,NA,NA,NA,NA,NA,NA,NA,NA,NA,NA,NA,NA,NA,NA,NA,NA,NA,NA,NA,NA,NA,NA,NA,NA,NA,NA
"39","Brian Hoyer","NE","QB","81294","robust",1.775,0,1.225,0,16.675,5.33736,0.1,0,0.1,0,0.625,0,0.125,0.14826,0,0,0.025,0,0,NA,0,NA,NA,NA,NA,NA,NA,NA,NA,NA,NA,NA,NA,NA,NA,NA,NA,NA,NA,NA,NA,NA,NA,NA,NA,NA,NA,NA,NA,NA,NA,NA,NA,NA
"40","Derrick Henry","TEN","RB","2556075","robust",NA,NA,NA,NA,NA,NA,NA,NA,NA,NA,21.9,1.808772,97.8775,5.33735999999999,0.7,0.14826,0.115,0.044478,0.06,0,0,NA,1.58,0.429954,11.905,4.536756,0,0,NA,NA,NA,NA,NA,NA,NA,NA,NA,NA,NA,NA,NA,NA,NA,NA,NA,NA,NA,NA,NA,NA,NA,NA,NA,NA
"41","Jonathan Taylor","IND","RB","2564148","robust",NA,NA,NA,NA,NA,NA,NA,NA,NA,NA,21.1575,1.675338,105,4.29954000000001,0.95,0.0889560000000001,0.111,0.014826,0,NA,0,NA,2.7,0.192738,21.6425,1.4826,0.1,0,NA,NA,NA,NA,NA,NA,NA,NA,NA,NA,NA,NA,NA,NA,NA,NA,NA,NA,NA,NA,NA,NA,NA,NA,NA,NA
"42","Nick Chubb","CLE","RB","2561021","robust",NA,NA,NA,NA,NA,NA,NA,NA,NA,NA,18.4475,0.444780000000001,91.26,7.26474000000001,0.7225,0.103782,0.094,0.0118608,0,NA,0,NA,1.56,0.266868,12.45,0.415127999999999,0.05,0.029652,NA,NA,NA,NA,NA,NA,NA,NA,NA,NA,NA,NA,NA,NA,NA,NA,NA,NA,NA,NA,NA,NA,NA,NA,NA,NA
"43","Dalvin Cook","MIN","RB","2557991","robust",NA,NA,NA,NA,NA,NA,NA,NA,NA,NA,18.562916787873,2.2239,82.2525,8.00604000000001,0.7,0,0.142,0.0622692,0.13,0,0,NA,3.05,0.14826,21.075,2.14977,0.05,0.088956,NA,NA,NA,NA,NA,NA,NA,NA,NA,NA,NA,NA,NA,NA,NA,NA,NA,NA,NA,NA,NA,NA,NA,NA,NA,NA
"44","Saquon Barkley","NYG","RB","2560968","robust",NA,NA,NA,NA,NA,NA,NA,NA,NA,NA,17.9828099716813,1.31118187197066,79.08,4.71466799999999,0.6,0.029652,0.104,0.0118608,0,NA,0,NA,4.0725,0.148259999999999,27.11,2.66868,0.15,0.029652,NA,NA,NA,NA,NA,NA,NA,NA,NA,NA,NA,NA,NA,NA,NA,NA,NA,NA,NA,NA,NA,NA,NA,NA,NA,NA
"45","Christian McCaffrey","CAR","RB","2557997","robust",NA,NA,NA,NA,NA,NA,NA,NA,NA,NA,16.725,1.92738,74.2,14.944608,0.59,0.029652,0.1,0,0.03,0,0,NA,5.08,0.148260000000001,41.5975,6.81996,0.2,0,NA,NA,NA,NA,NA,NA,NA,NA,NA,NA,NA,NA,NA,NA,NA,NA,NA,NA,NA,NA,NA,NA,NA,NA,NA,NA
"46","Joe Mixon","CIN","RB","2557976","robust",NA,NA,NA,NA,NA,NA,NA,NA,NA,NA,18.8983300680077,1.19103168234351,79.5025,6.716178,0.65,0.14826,0.106,0.0177912,0,NA,0,NA,3.385,0.400302,26.3,4.74432,0.1,0,NA,NA,NA,NA,NA,NA,NA,NA,NA,NA,NA,NA,NA,NA,NA,NA,NA,NA,NA,NA,NA,NA,NA,NA,NA,NA
"47","D'Andre Swift","DET","RB","2563965","robust",NA,NA,NA,NA,NA,NA,NA,NA,NA,NA,14.11,1.156428,61.9,6.6717,0.585,0.044478,0.107,0.0207564,0.01,0,0,NA,3.9025,0.192738,29.4,1.77912,0.15,0.133434,NA,NA,NA,NA,NA,NA,NA,NA,NA,NA,NA,NA,NA,NA,NA,NA,NA,NA,NA,NA,NA,NA,"Q","Ankle",2,2022
"48","Leonard Fournette","TB","RB","2557973","robust",NA,NA,NA,NA,NA,NA,NA,NA,NA,NA,15.5125,2.20760051035683,63.205,8.18395200000001,0.55,0.14826,0.1,0,0,NA,0,NA,3.7,0.904385999999999,27.1,2.37216,0.1,0,NA,NA,NA,NA,NA,NA,NA,NA,NA,NA,NA,NA,NA,NA,NA,NA,NA,NA,NA,NA,NA,NA,"Q","Hamstring",2,2022
"49","Mark Ingram","NO","RB","2495466","robust",NA,NA,NA,NA,NA,NA,NA,NA,NA,NA,14.3,0.889559999999999,53.4,3.85476,0.42,0.237216,0.1275,0.044478,0.06,0,0,NA,1.9,0.29652,14.7,4.240236,0.05,0.029652,NA,NA,NA,NA,NA,NA,NA,NA,NA,NA,NA,NA,NA,NA,NA,NA,NA,NA,NA,NA,NA,NA,"Q","Ankle",2,2022
"50","Javonte Williams","DEN","RB","2566049","robust",NA,NA,NA,NA,NA,NA,NA,NA,NA,NA,14.125,2.37216,66.1,8.59908,0.51,0.163086,0.144,0.0652344,0.01,0,0,NA,3.985,0.14826,30.79,2.194248,0.2,0.029652,NA,NA,NA,NA,NA,NA,NA,NA,NA,NA,NA,NA,NA,NA,NA,NA,NA,NA,NA,NA,NA,NA,NA,NA,NA,NA
"51","Najee Harris","PIT","RB","2566448","robust",NA,NA,NA,NA,NA,NA,NA,NA,NA,NA,16.3455373656311,0.86309479313866,64.8875,2.29803,0.465,0.103782,0.1,0,0,NA,0,NA,3.65,0.22239,23.75,2.490768,0.12,0.059304,NA,NA,NA,NA,NA,NA,NA,NA,NA,NA,NA,NA,NA,NA,NA,NA,NA,NA,NA,NA,NA,NA,NA,NA,NA,NA
"52","Rashaad Penny","SEA","RB","2560835","robust",NA,NA,NA,NA,NA,NA,NA,NA,NA,NA,13.7786397156954,1.18608,65.865,10.467156,0.5,0.14826,0.094,0.0118608,0.01,0,0,NA,1.4025,0.44478,9.485,1.03782,0,0,NA,NA,NA,NA,NA,NA,NA,NA,NA,NA,NA,NA,NA,NA,NA,NA,NA,NA,NA,NA,NA,NA,NA,NA,NA,NA
"53","Miles Sanders","PHI","RB","2562722","robust",NA,NA,NA,NA,NA,NA,NA,NA,NA,NA,12.85,0.889559999999999,65.48,9.68137799999999,0.53,0.207564,0.1,0,0.09,0,0,NA,1.8725,0.237216,12.955,2.07564,0,0,NA,NA,NA,NA,NA,NA,NA,NA,NA,NA,NA,NA,NA,NA,NA,NA,NA,NA,NA,NA,NA,NA,NA,NA,NA,NA
"54","Antonio Gibson","WAS","RB","2565276","robust",NA,NA,NA,NA,NA,NA,NA,NA,NA,NA,16.44,0.593039999999998,67.8475,4.72949400000002,0.615,0.14826,0.11,0,0,NA,0,NA,3.035,0.563388,24.25,3.55824,0.1,0,NA,NA,NA,NA,NA,NA,NA,NA,NA,NA,NA,NA,NA,NA,NA,NA,NA,NA,NA,NA,NA,NA,NA,NA,NA,NA
"55","Josh Jacobs","LVR","RB","2562377","robust",NA,NA,NA,NA,NA,NA,NA,NA,NA,NA,15.375,0.444779999999998,64.775,2.07564000000001,0.66,0.118608,0.111,0.014826,0,NA,0,NA,2.3875,0.51891,18.15,2.2239,0,0,NA,NA,NA,NA,NA,NA,NA,NA,NA,NA,NA,NA,NA,NA,NA,NA,NA,NA,NA,NA,NA,NA,NA,NA,NA,NA
"56","Cordarrelle Patterson","ATL","RB","2540145","robust",NA,NA,NA,NA,NA,NA,NA,NA,NA,NA,14.345,0.726474,59.55,11.26776,0.5,0.044478,0.1,0,0,NA,0,NA,2.885,0.14826,24.0425,1.03782,0.1,0.014826,NA,NA,NA,NA,NA,NA,NA,NA,NA,NA,NA,NA,NA,NA,NA,NA,NA,NA,NA,NA,NA,NA,NA,NA,NA,NA
"57","Darrell Henderson","LAR","RB","2562574","robust",NA,NA,NA,NA,NA,NA,NA,NA,NA,NA,14.8675,1.03782,65.5625,7.413,0.57,0.0889559999999999,0.1125,0.037065,0,NA,0,NA,2.5675,0.14826,19.7,4.15128,0.115,0.044478,NA,NA,NA,NA,NA,NA,NA,NA,NA,NA,NA,NA,NA,NA,NA,NA,NA,NA,NA,NA,NA,NA,NA,NA,NA,NA
"58","Damien Harris","NE","RB","2562281","robust",NA,NA,NA,NA,NA,NA,NA,NA,NA,NA,14.2075,0.0558336292510798,64.375,1.61603400000001,0.6,0.14826,0.098,0,0,NA,0,NA,1.425,0.59304,10.5,4.74432,0,0,NA,NA,NA,NA,NA,NA,NA,NA,NA,NA,NA,NA,NA,NA,NA,NA,NA,NA,NA,NA,NA,NA,NA,NA,NA,NA
"59","Melvin Gordon","DEN","RB","2552469","robust",NA,NA,NA,NA,NA,NA,NA,NA,NA,NA,10.7,0.609339538968637,47.725,3.128286,0.41,0.0296519999999999,0.148,0.0711648,0,NA,0,NA,1.66,0.252042,12.9025,2.505594,0.1,0,NA,NA,NA,NA,NA,NA,NA,NA,NA,NA,NA,NA,NA,NA,NA,NA,NA,NA,NA,NA,NA,NA,NA,NA,NA,NA
"60","Ezekiel Elliott","DAL","RB","2555224","robust",NA,NA,NA,NA,NA,NA,NA,NA,NA,NA,14.9,0.177911999999999,61.17,2.37216,0.465,0.088956,0.112,0.029652,0.09,0,0,NA,2.2875,0.29652,15.45,1.097124,0.08,0,NA,NA,NA,NA,NA,NA,NA,NA,NA,NA,NA,NA,NA,NA,NA,NA,NA,NA,NA,NA,NA,NA,NA,NA,NA,NA
"61","Aaron Jones","GB","RB","2558116","robust",NA,NA,NA,NA,NA,NA,NA,NA,NA,NA,12.15,0.252042,61.475,2.81694,0.35,0.0741300000000001,0.103,0.00889560000000001,0,NA,0,NA,3.9,0.14826,32.6,4.59606,0.2,0.07413,NA,NA,NA,NA,NA,NA,NA,NA,NA,NA,NA,NA,NA,NA,NA,NA,NA,NA,NA,NA,NA,NA,NA,NA,NA,NA
"62","James Conner","ARI","RB","2557978","robust",NA,NA,NA,NA,NA,NA,NA,NA,NA,NA,13.87,0.622692,53.55,11.56428,0.7,0.118608,0.1,0,0,NA,0,NA,3.35,0.44478,26.2,3.26172,0.125,0.044478,NA,NA,NA,NA,NA,NA,NA,NA,NA,NA,NA,NA,NA,NA,NA,NA,NA,NA,NA,NA,NA,NA,NA,NA,NA,NA
"63","Michael Carter","NYJ","RB","2566382","robust",NA,NA,NA,NA,NA,NA,NA,NA,NA,NA,12.5,1.03782,52.785,1.230558,0.4,0.163086,0.1,0,0.01,0,0,NA,2.7,0.37065,20.45,1.734642,0.0475,0,NA,NA,NA,NA,NA,NA,NA,NA,NA,NA,NA,NA,NA,NA,NA,NA,NA,NA,NA,NA,NA,NA,NA,NA,NA,NA
"64","David Montgomery","CHI","RB","2562502","robust",NA,NA,NA,NA,NA,NA,NA,NA,NA,NA,15.2032044387239,0.444780000000001,59.3,3.40998,0.46,0.118608,0.103,0.00889560000000001,0.03,0,0,NA,3,0.29652,22.5925,1.92738,0.055,0.103782,NA,NA,NA,NA,NA,NA,NA,NA,NA,NA,NA,NA,NA,NA,NA,NA,NA,NA,NA,NA,NA,NA,NA,NA,NA,NA
"65","J.K. Dobbins","BAL","RB","2563548","robust",NA,NA,NA,NA,NA,NA,NA,NA,NA,NA,10.3800197272469,3.024504,49.65,4.536756,0.4475,0,0.0875,0.037065,0.01,0,0,NA,1.575,0.489258,11.69,2.9652,0,0,NA,NA,NA,NA,NA,NA,NA,NA,NA,NA,NA,NA,NA,NA,NA,NA,NA,NA,NA,NA,NA,NA,"Q","Knee - ACL",2,2022
"66","James Robinson","JAC","RB","2564223","robust",NA,NA,NA,NA,NA,NA,NA,NA,NA,NA,13.05,0.667169999999999,56.95,2.83176600000001,0.5425,0.133434,0.097,0,0.03,0,0,NA,2,0.29652,13.875,0.7413,0.1,0.029652,NA,NA,NA,NA,NA,NA,NA,NA,NA,NA,NA,NA,NA,NA,NA,NA,NA,NA,NA,NA,NA,NA,NA,NA,NA,NA
"67","AJ Dillon","GB","RB","2563986","robust",NA,NA,NA,NA,NA,NA,NA,NA,NA,NA,12.2532447547684,1.18608,53.65,5.9304,0.51,0.266868,0.07,0.0474432,0,NA,0,NA,2.5,0.29652,20.5675,3.795456,0.1,0,NA,NA,NA,NA,NA,NA,NA,NA,NA,NA,NA,NA,NA,NA,NA,NA,NA,NA,NA,NA,NA,NA,NA,NA,NA,NA
"68","Austin Ekeler","LAC","RB","2559169","robust",NA,NA,NA,NA,NA,NA,NA,NA,NA,NA,13.1156038131241,0.902595573324396,57.8375,0.711647999999995,0.54,0.133434,0.15,0.07413,0.03,0,0,NA,4.7875,0.148260000000001,42.72,1.527078,0.2475,0.0296519999999999,NA,NA,NA,NA,NA,NA,NA,NA,NA,NA,NA,NA,NA,NA,NA,NA,NA,NA,NA,NA,NA,NA,NA,NA,NA,NA
"69","Clyde Edwards-Helaire","KC","RB","2564271","robust",NA,NA,NA,NA,NA,NA,NA,NA,NA,NA,12.6,1.245384,55.76,3.7065,0.44,0.14826,0.098,0,0,NA,0,NA,2.41,0.563388,18.725,4.59606,0.12,0.029652,NA,NA,NA,NA,NA,NA,NA,NA,NA,NA,NA,NA,NA,NA,NA,NA,NA,NA,NA,NA,NA,NA,NA,NA,NA,NA
"70","Rhamondre Stevenson","NE","RB","2566343","robust",NA,NA,NA,NA,NA,NA,NA,NA,NA,NA,11.8075,1.4826,52.2,7.26474,0.305,0.014826,0.0875,0.037065,0,NA,0,NA,2.1525,0.59304,16.3275,5.9304,0.05,0.059304,NA,NA,NA,NA,NA,NA,NA,NA,NA,NA,NA,NA,NA,NA,NA,NA,NA,NA,NA,NA,NA,NA,NA,NA,NA,NA
"71","Kareem Hunt","CLE","RB","2557917","robust",NA,NA,NA,NA,NA,NA,NA,NA,NA,NA,10.015,1.33434,40.335,1.734642,0.315,0.07413,0.0125,0.037065,0.03,0,0,NA,2.765,0.252042,20.225,4.59606,0.115,0.044478,NA,NA,NA,NA,NA,NA,NA,NA,NA,NA,NA,NA,NA,NA,NA,NA,NA,NA,NA,NA,NA,NA,NA,NA,NA,NA
"72","Alvin Kamara","NO","RB","2558019","robust",NA,NA,NA,NA,NA,NA,NA,NA,NA,NA,1.65,1.03782,8.1,5.63388,0,0,0,0,0,NA,0,NA,0.1,0.07413,1.2,0.88956,0,0,NA,NA,NA,NA,NA,NA,NA,NA,NA,NA,NA,NA,NA,NA,NA,NA,NA,NA,NA,NA,NA,NA,"Q","Ribs",2,2022
"73","Jeffery Wilson","SF","RB","2560938","robust",NA,NA,NA,NA,NA,NA,NA,NA,NA,NA,14.2,1.18608,53.5,1.4826,0.4,0.14826,0.1,0.044478,0.01,0,0,NA,1.6,0.163086,12.475,1.26021,0.1,0,NA,NA,NA,NA,NA,NA,NA,NA,NA,NA,NA,NA,NA,NA,NA,NA,NA,NA,NA,NA,NA,NA,NA,NA,NA,NA
"74","Chase Edmonds","MIA","RB","2560711","robust",NA,NA,NA,NA,NA,NA,NA,NA,NA,NA,12.3975,1.03782,50.1175,8.74734,0.24,0.118608,0.0875,0.037065,0,NA,0,NA,3.2,0.29652,26.5925,3.26172,0.1,0,NA,NA,NA,NA,NA,NA,NA,NA,NA,NA,NA,NA,NA,NA,NA,NA,NA,NA,NA,NA,NA,NA,NA,NA,NA,NA
"75","Devin Singletary","BUF","RB","2562734","robust",NA,NA,NA,NA,NA,NA,NA,NA,NA,NA,11.7,1.33434,50.95,1.33434,0.35,0.14826,0.07,0.0474432,0,NA,0,NA,2.3,0.14826,15.895,0.756126,0.0925,0.014826,NA,NA,NA,NA,NA,NA,NA,NA,NA,NA,NA,NA,NA,NA,NA,NA,NA,NA,NA,NA,NA,NA,NA,NA,NA,NA
"76","Dameon Pierce","HOU","RB","2567685","robust",NA,NA,NA,NA,NA,NA,NA,NA,NA,NA,11.45,1.70499,46.7,8.480472,0.2,0.133434,0.094,0.0118608,0.01,0,0,NA,1.685,0.192738,13.1,1.378818,0.0525,0.044478,NA,NA,NA,NA,NA,NA,NA,NA,NA,NA,NA,NA,NA,NA,NA,NA,NA,NA,NA,NA,NA,NA,NA,NA,NA,NA
"77","Tony Pollard","DAL","RB","2562699","robust",NA,NA,NA,NA,NA,NA,NA,NA,NA,NA,8.7325,0.59304,37.12,2.52042,0.2,0,0.05,0.07413,0,NA,0,NA,2.745,0.163086,21.0375,1.18608,0.085,0.014826,NA,NA,NA,NA,NA,NA,NA,NA,NA,NA,NA,NA,NA,NA,NA,NA,NA,NA,NA,NA,NA,NA,NA,NA,NA,NA
"78","Alexander Mattison","MIN","RB","2562682","robust",NA,NA,NA,NA,NA,NA,NA,NA,NA,NA,5.90164946246123,0.711648000000001,25,3.33585,0.155,0.088956,0.044,0.0652344,0,NA,0,NA,1.44,0.993342,10,4.032672,0.085,0,NA,NA,NA,NA,NA,NA,NA,NA,NA,NA,NA,NA,NA,NA,NA,NA,NA,NA,NA,NA,NA,NA,NA,NA,NA,NA
"79","Isiah Pacheco","KC","RB","2567808","robust",NA,NA,NA,NA,NA,NA,NA,NA,NA,NA,4.71161864548708,1.4826,21.785,8.435994,0.185,0.118608,0.012,0.029652,0,NA,0,NA,0.6775,0.459606,5.48,2.727984,0.02,0,NA,NA,NA,NA,NA,NA,NA,NA,NA,NA,NA,NA,NA,NA,NA,NA,NA,NA,NA,NA,NA,NA,NA,NA,NA,NA
"80","Jamaal Williams","DET","RB","2558204","robust",NA,NA,NA,NA,NA,NA,NA,NA,NA,NA,9.225,2.12237317900765,34.4,6.241746,0.255,0.103782,0.05,0.07413,0.03,0,0,NA,1.37,0.29652,8.625,0.59304,0.0225,0,NA,NA,NA,NA,NA,NA,NA,NA,NA,NA,NA,NA,NA,NA,NA,NA,NA,NA,NA,NA,NA,NA,NA,NA,NA,NA
"81","Breece Hall","NYJ","RB","2568030","robust",NA,NA,NA,NA,NA,NA,NA,NA,NA,NA,8.725,1.052646,35.55,9.20694599999999,0.16,0.07413,0.118,0.0355824,0,NA,0,NA,2.3725,0.44478,18.61,1.63086,0.0725,0.029652,NA,NA,NA,NA,NA,NA,NA,NA,NA,NA,NA,NA,NA,NA,NA,NA,NA,NA,NA,NA,NA,NA,NA,NA,NA,NA
"82","Cam Akers","LAR","RB","2564319","robust",NA,NA,NA,NA,NA,NA,NA,NA,NA,NA,8.69255751111282,1.26779353195172,37.05,5.129796,0.225,0.07413,0.11,0,0,NA,0,NA,1.0325,0.0593040000000001,9.39,1.823598,0.05,0.059304,NA,NA,NA,NA,NA,NA,NA,NA,NA,NA,NA,NA,NA,NA,NA,NA,NA,NA,NA,NA,NA,NA,NA,NA,NA,NA
"83","Travis Etienne","JAC","RB","2566157","robust",NA,NA,NA,NA,NA,NA,NA,NA,NA,NA,8.075,0.59304,35.1,4.59606,0.1575,0.118608,0.066,0.0504084,0,NA,0,NA,2.92,0.118608,23.6675,2.831766,0.0625,0.014826,NA,NA,NA,NA,NA,NA,NA,NA,NA,NA,NA,NA,NA,NA,NA,NA,NA,NA,NA,NA,NA,NA,NA,NA,NA,NA
"84","Rex Burkhead","HOU","RB","2539265","robust",NA,NA,NA,NA,NA,NA,NA,NA,NA,NA,10.3386622631391,0.444780000000001,38.8,1.02299400000001,0.205,0.014826,0.0875,0.037065,0,NA,0,NA,2.55,0.29652,20.0425,3.750978,0.0575,0.029652,NA,NA,NA,NA,NA,NA,NA,NA,NA,NA,NA,NA,NA,NA,NA,NA,NA,NA,NA,NA,NA,NA,NA,NA,NA,NA
"85","Kenneth Walker III","SEA","RB","2568282","robust",NA,NA,NA,NA,NA,NA,NA,NA,NA,NA,7.925,1.92738,29.5,15.71556,0.105,0.014826,0.102,0.0059304,0,NA,0,NA,0.795,0.29652,5.535,1.77912,0.0075,0,NA,NA,NA,NA,NA,NA,NA,NA,NA,NA,NA,NA,NA,NA,NA,NA,NA,NA,NA,NA,NA,NA,NA,NA,NA,NA
"86","Khalil Herbert","CHI","RB","2565926","robust",NA,NA,NA,NA,NA,NA,NA,NA,NA,NA,6.7,1.92738,27.88,11.757018,0.155,0.133434,0.042,0.0622692,0,NA,0,NA,0.9,0.14826,5.87,1.349166,0,0,NA,NA,NA,NA,NA,NA,NA,NA,NA,NA,NA,NA,NA,NA,NA,NA,NA,NA,NA,NA,NA,NA,NA,NA,NA,NA
"87","Raheem Mostert","MIA","RB","2553728","robust",NA,NA,NA,NA,NA,NA,NA,NA,NA,NA,7.19689726978196,0.622692,30.8,2.37216,0.2,0,0.07,0.0474432,0,NA,0,NA,0.945,0.103782,9,0,0,0,NA,NA,NA,NA,NA,NA,NA,NA,NA,NA,NA,NA,NA,NA,NA,NA,NA,NA,NA,NA,NA,NA,NA,NA,NA,NA
"88","Kenyan Drake","BAL","RB","2555230","robust",NA,NA,NA,NA,NA,NA,NA,NA,NA,NA,5.55,0.845082,21.2525,3.662022,0.1,0.029652,0.011,0.014826,0.03,0,0,NA,1.225,0.429954,9.78,2.653854,0,0,NA,NA,NA,NA,NA,NA,NA,NA,NA,NA,NA,NA,NA,NA,NA,NA,NA,NA,NA,NA,NA,NA,NA,NA,NA,NA
"89","Zack Moss","BUF","RB","2563617","robust",NA,NA,NA,NA,NA,NA,NA,NA,NA,NA,5.2,1.289862,19.3,3.40998,0.17,0.088956,0.118,0.0355824,0,NA,0,NA,1.4,0.504084,9.525,2.29803,0,0,NA,NA,NA,NA,NA,NA,NA,NA,NA,NA,NA,NA,NA,NA,NA,NA,NA,NA,NA,NA,NA,NA,NA,NA,NA,NA
"90","Kenneth Gainwell","PHI","RB","2566397","robust",NA,NA,NA,NA,NA,NA,NA,NA,NA,NA,5.4675,0.133434,24.75,2.2239,0.22,0.029652,0.094,0,0.04,0,0,NA,1.995,0.14826,15,1.92738,0.0925,0,NA,NA,NA,NA,NA,NA,NA,NA,NA,NA,NA,NA,NA,NA,NA,NA,NA,NA,NA,NA,NA,NA,NA,NA,NA,NA
"91","DOnta Foreman","CAR","RB","2557994","robust",NA,NA,NA,NA,NA,NA,NA,NA,NA,NA,5.275,2.045988,22.1275,12.00906,0.1,0,0.08,0.0415128,0,NA,0,NA,0.275,0.22239,2.8075,1.33434,0,0,NA,NA,NA,NA,NA,NA,NA,NA,NA,NA,NA,NA,NA,NA,NA,NA,NA,NA,NA,NA,NA,NA,NA,NA,NA,NA
"92","Nyheim Hines","IND","RB","2560742","robust",NA,NA,NA,NA,NA,NA,NA,NA,NA,NA,4.475,1.33434,18.6,6.81996,0.115,0.059304,0.1125,0.037065,0,NA,0.03,0,3.625,0.29652,29.6575,2.268378,0.11,0.029652,NA,NA,NA,NA,NA,NA,NA,NA,NA,NA,NA,NA,NA,NA,NA,NA,NA,NA,NA,NA,NA,NA,NA,NA,NA,NA
"93","Samaje Perine","CIN","RB","2558138","robust",NA,NA,NA,NA,NA,NA,NA,NA,NA,NA,3.35,0.88956,12.975,2.52042,0.0625,0.059304,0.011,0.014826,0,NA,0,NA,1.1,0.311346,8.4,2.07564,0.025,0,NA,NA,NA,NA,NA,NA,NA,NA,NA,NA,NA,NA,NA,NA,NA,NA,NA,NA,NA,NA,NA,NA,NA,NA,NA,NA
"94","Eno Benjamin","ARI","RB","2564889","robust",NA,NA,NA,NA,NA,NA,NA,NA,NA,NA,5.2,1.77912,20.2,6.834786,0.1,0,0.064,0.0533736,0,NA,0,NA,1.305,0.563388,10.97,6.197268,0.025,0,NA,NA,NA,NA,NA,NA,NA,NA,NA,NA,NA,NA,NA,NA,NA,NA,NA,NA,NA,NA,NA,NA,NA,NA,NA,NA
"95","Hassan Haskins","TEN","RB","2567649","robust",NA,NA,NA,NA,NA,NA,NA,NA,NA,NA,3.1,0.351475847459725,12.4,1.275036,0.05,0.00741300000000001,0.011,0.007413,0,NA,0,NA,0.5,0.340998,3.35,2.898483,0.01,0,NA,NA,NA,NA,NA,NA,NA,NA,NA,NA,NA,NA,NA,NA,NA,NA,NA,NA,NA,NA,NA,NA,NA,NA,NA,NA
"96","Jerick McKinnon","KC","RB","2543715","robust",NA,NA,NA,NA,NA,NA,NA,NA,NA,NA,4.42472221885016,0.29652,18.3775,0.652344000000002,0.1,0,0.0125,0.037065,0.04,0,0,NA,1.9725,0.177912,17.0275,2.52042,0.1,0,NA,NA,NA,NA,NA,NA,NA,NA,NA,NA,NA,NA,NA,NA,NA,NA,NA,NA,NA,NA,NA,NA,NA,NA,NA,NA
"97","Brandon Bolden","LVR","RB","2532797","robust",NA,NA,NA,NA,NA,NA,NA,NA,NA,NA,4.875,0,21.5,0,0.1,0,0.075,0,0,NA,0,NA,2.225,0,21.725,0,0.175,0,NA,NA,NA,NA,NA,NA,NA,NA,NA,NA,NA,NA,NA,NA,NA,NA,NA,NA,NA,NA,NA,NA,"D","Hamstring",2,2022
"98","Chuba Hubbard","CAR","RB","2565899","robust",NA,NA,NA,NA,NA,NA,NA,NA,NA,NA,3.32049456573135,1.230558,12.4725,6.034182,0.1,0,0.012,0.029652,0,NA,0,NA,0.9,0.14826,6.72,1.601208,0.0075,0,NA,NA,NA,NA,NA,NA,NA,NA,NA,NA,NA,NA,NA,NA,NA,NA,NA,NA,NA,NA,NA,NA,NA,NA,NA,NA
"99","Matt Breida","NYG","RB","2558918","robust",NA,NA,NA,NA,NA,NA,NA,NA,NA,NA,3.9345461081485,1.18608,16.015,5.33736,0.065,0.014826,0.0955,0.00889560000000001,0,NA,0,NA,0.8,0.29652,5.875,2.060814,0.0275,0.029652,NA,NA,NA,NA,NA,NA,NA,NA,NA,NA,NA,NA,NA,NA,NA,NA,NA,NA,NA,NA,NA,NA,NA,NA,NA,NA
"100","Darrel Williams","ARI","RB","2560935","robust",NA,NA,NA,NA,NA,NA,NA,NA,NA,NA,2,0.789737230796626,9.7,4.529343,0.1,0,0,0,0,NA,0,NA,0.8,0.674583,5.9,5.441142,0.025,0.007413,NA,NA,NA,NA,NA,NA,NA,NA,NA,NA,NA,NA,NA,NA,NA,NA,NA,NA,NA,NA,NA,NA,NA,NA,NA,NA
"101","Boston Scott","PHI","RB","2561146","robust",NA,NA,NA,NA,NA,NA,NA,NA,NA,NA,3.65,0.88956,15.6925,2.564898,0.155,0.059304,0.002,0,0,NA,0,NA,0.425,0.29652,3.185,1.77912,0,0,NA,NA,NA,NA,NA,NA,NA,NA,NA,NA,NA,NA,NA,NA,NA,NA,NA,NA,NA,NA,NA,NA,NA,NA,NA,NA
"102","D'Ernest Johnson","CLE","RB","2563327","robust",NA,NA,NA,NA,NA,NA,NA,NA,NA,NA,2.205,1.401057,17.4,6.59757,0.1,0,0,0,0,NA,0,NA,0.66,0.37065,5.65,3.550827,0.005,0,NA,NA,NA,NA,NA,NA,NA,NA,NA,NA,NA,NA,NA,NA,NA,NA,NA,NA,NA,NA,NA,NA,NA,NA,NA,NA
"103","Jaylen Warren","PIT","RB","2568493","robust",NA,NA,NA,NA,NA,NA,NA,NA,NA,NA,4.09198031292215,1.77912,14.865,7.70952,0.1,0.014826,0.012,0.029652,0,NA,0,NA,0.6075,0.192738,4.435,1.823598,0,0,NA,NA,NA,NA,NA,NA,NA,NA,NA,NA,NA,NA,NA,NA,NA,NA,NA,NA,NA,NA,NA,NA,NA,NA,NA,NA
"104","Tyler Allgeier","ATL","RB","2567232","robust",NA,NA,NA,NA,NA,NA,NA,NA,NA,NA,4.24,1.4826,15.76,4.67019,0.1,0.037065,0.05,0.0385476,0,NA,0,NA,0.745,0.229803,5.505,1.341753,0.01,0,NA,NA,NA,NA,NA,NA,NA,NA,NA,NA,NA,NA,NA,NA,NA,NA,NA,NA,NA,NA,NA,NA,NA,NA,NA,NA
"105","Tony Jones","NO","RB","2564679","robust",NA,NA,NA,NA,NA,NA,NA,NA,NA,NA,4.34,0.909855667642052,11.15,2.74281,0.03,0,0.0525,0.066717,0,NA,0,NA,0.3,0.14826,2.2,1.282449,0.01,0,NA,NA,NA,NA,NA,NA,NA,NA,NA,NA,NA,NA,NA,NA,NA,NA,NA,NA,NA,NA,NA,NA,NA,NA,NA,NA
"106","Myles Gaskin","MIA","RB","2562270","robust",NA,NA,NA,NA,NA,NA,NA,NA,NA,NA,0.85968900742115,0.37065,12.195,0.0148259999999997,0.08,0,0.00375,0,0,NA,0,NA,0.8,0.029652,5.2,0.0296519999999994,0.01,0.014826,NA,NA,NA,NA,NA,NA,NA,NA,NA,NA,NA,NA,NA,NA,NA,NA,NA,NA,NA,NA,NA,NA,NA,NA,NA,NA
"107","Rachaad White","TB","RB","2568315","robust",NA,NA,NA,NA,NA,NA,NA,NA,NA,NA,4.64775587481493,0.754608559997529,18.3,1.18608,0.105,0.014826,0.064,0.0533736,0,NA,0,NA,1.185,0.14826,9.0675,1.4826,0,0,NA,NA,NA,NA,NA,NA,NA,NA,NA,NA,NA,NA,NA,NA,NA,NA,NA,NA,NA,NA,NA,NA,NA,NA,NA,NA
"108","Joshua Kelley","LAC","RB","2565054","robust",NA,NA,NA,NA,NA,NA,NA,NA,NA,NA,3.75,0.7413,14.7725,3.7065,0.05,0.059304,0.075,0.044478,0,NA,0,NA,0.62,0.207564,4.67,2.431464,0,0,NA,NA,NA,NA,NA,NA,NA,NA,NA,NA,NA,NA,NA,NA,NA,NA,NA,NA,NA,NA,NA,NA,NA,NA,NA,NA
"109","Craig Reynolds","DET","RB","2562834","robust",NA,NA,NA,NA,NA,NA,NA,NA,NA,NA,2.72989125721882,1.60185288818951,9.925,3.33585,0.05,0.07413,0.062,0.0563388,0,NA,0,NA,0.525,0.22239,4.235,1.4826,0,0,NA,NA,NA,NA,NA,NA,NA,NA,NA,NA,NA,NA,NA,NA,NA,NA,NA,NA,NA,NA,NA,NA,NA,NA,NA,NA
"110","Sony Michel","LAC","RB","2560809","robust",NA,NA,NA,NA,NA,NA,NA,NA,NA,NA,3.8,0.420891478918655,14.8,1.200906,0.1,0,0.00125,0.00185325,0,NA,0,NA,0.55,0.126021,3.5,1.675338,0.01,0,NA,NA,NA,NA,NA,NA,NA,NA,NA,NA,NA,NA,NA,NA,NA,NA,NA,NA,NA,NA,NA,NA,NA,NA,NA,NA
"111","Ameer Abdullah","LVR","RB","2552374","robust",NA,NA,NA,NA,NA,NA,NA,NA,NA,NA,3.225,0.811999647436476,11.5975,5.1891,0.05,0.088956,0.0125,0.037065,0,NA,0,NA,1.905,0.266868,15.3225,1.4826,0.1,0,NA,NA,NA,NA,NA,NA,NA,NA,NA,NA,NA,NA,NA,NA,NA,NA,NA,NA,NA,NA,NA,NA,NA,NA,NA,NA
"112","J.D. McKissic","WAS","RB","2556440","robust",NA,NA,NA,NA,NA,NA,NA,NA,NA,NA,4.00265231497172,0.889560000000001,16.89,4.89258,0.12,0.029652,0.0125,0.037065,0,NA,0,NA,3,0.0741299999999997,25.65,0.444780000000001,0.1,0,NA,NA,NA,NA,NA,NA,NA,NA,NA,NA,NA,NA,NA,NA,NA,NA,NA,NA,NA,NA,NA,NA,NA,NA,NA,NA
"113","Justin Jackson","DET","RB","2560756","robust",NA,NA,NA,NA,NA,NA,NA,NA,NA,NA,0.54,0.800604,9.8,0.0148260000000023,0.06,0,0.00125,0,0,NA,0,NA,0.8,0.0444779999999999,7.45,0,0.005,0,NA,NA,NA,NA,NA,NA,NA,NA,NA,NA,NA,NA,NA,NA,NA,NA,NA,NA,NA,NA,NA,NA,NA,NA,NA,NA
"114","James Cook","BUF","RB","2567328","robust",NA,NA,NA,NA,NA,NA,NA,NA,NA,NA,2.9,0.214977,12.5,1.934793,0.095,0.014826,0.21625,0.02409225,0,NA,0,NA,0.6,0.14826,4.9,1.060059,0.065,0.051891,NA,NA,NA,NA,NA,NA,NA,NA,NA,NA,NA,NA,NA,NA,NA,NA,NA,NA,NA,NA,NA,NA,NA,NA,NA,NA
"115","Jordan Mason","SF","RB","2569257","robust",NA,NA,NA,NA,NA,NA,NA,NA,NA,NA,3,1.452948,10.8,5.604228,0.1,0.044478,0.011,0.007413,0,NA,0,NA,0.65,0.170499,5.52,1.40847,0.005,0,NA,NA,NA,NA,NA,NA,NA,NA,NA,NA,NA,NA,NA,NA,NA,NA,NA,NA,NA,NA,NA,NA,NA,NA,NA,NA
"116","Mike Davis","BAL","RB","2553439","robust",NA,NA,NA,NA,NA,NA,NA,NA,NA,NA,3.67592588526823,1.022994,15.5,2.542659,0.105,0,0.003,0,0.03,0,0,NA,0.7,0.326172,4.74,2.957787,0.01,0,NA,NA,NA,NA,NA,NA,NA,NA,NA,NA,NA,NA,NA,NA,NA,NA,NA,NA,NA,NA,NA,NA,NA,NA,NA,NA
"117","Ty Johnson","NYJ","RB","2562293","robust",NA,NA,NA,NA,NA,NA,NA,NA,NA,NA,0.523367433930094,0.756126,8.8,0,0.08,0,0.00125,0,0,NA,0,NA,0.815,0.0444779999999999,6.9,0,0.02,0.029652,NA,NA,NA,NA,NA,NA,NA,NA,NA,NA,NA,NA,NA,NA,NA,NA,NA,NA,NA,NA,NA,NA,NA,NA,NA,NA
"118","Tyrion Davis-Price","SF","RB","2568207","robust",NA,NA,NA,NA,NA,NA,NA,NA,NA,NA,3.05,0.14826,12.825,0.444780000000001,0.1,0.044478,0.044,0.0652344,0,NA,0,NA,0.455,0.29652,3.8875,1.690164,0,0,NA,NA,NA,NA,NA,NA,NA,NA,NA,NA,NA,NA,NA,NA,NA,NA,NA,NA,NA,NA,NA,NA,NA,NA,NA,NA
"119","Patrick Taylor","FA","RB","2564040","robust",NA,NA,NA,NA,NA,NA,NA,NA,NA,NA,0,0,14.6975,0,0.1075,0,0.005,0,0,NA,0,NA,0.39,0,3.11,0,0.005,0,NA,NA,NA,NA,NA,NA,NA,NA,NA,NA,NA,NA,NA,NA,NA,NA,NA,NA,NA,NA,NA,NA,NA,NA,NA,NA
"120","Jonathan Williams","WAS","RB","2555227","robust",NA,NA,NA,NA,NA,NA,NA,NA,NA,NA,1.9,0.0375187005908267,8.41,0.0741299999999997,0.085,0,0.004,0,0,NA,0,NA,0.3,0.214977,2.1,1.4826,0.005,0,NA,NA,NA,NA,NA,NA,NA,NA,NA,NA,NA,NA,NA,NA,NA,NA,NA,NA,NA,NA,NA,NA,NA,NA,NA,NA
"121","Dare Ogunbowale","HOU","RB","2559362","robust",NA,NA,NA,NA,NA,NA,NA,NA,NA,NA,0.912400057273769,0.355824,11.3,0.0148259999999997,0.09,0,0.00125,0,0,NA,0,NA,0.75,0.044478,6.75,0,0.005,0,NA,NA,NA,NA,NA,NA,NA,NA,NA,NA,NA,NA,NA,NA,NA,NA,NA,NA,NA,NA,NA,NA,NA,NA,NA,NA
"122","Trey Sermon","PHI","RB","2566544","robust",NA,NA,NA,NA,NA,NA,NA,NA,NA,NA,2,0,9.7,0.148259999999999,0.06,0,0,0,0,NA,0,NA,0.15,0,1.8,0,0,0,NA,NA,NA,NA,NA,NA,NA,NA,NA,NA,NA,NA,NA,NA,NA,NA,NA,NA,NA,NA,NA,NA,NA,NA,NA,NA
"123","Travis Homer","SEA","RB","2562665","robust",NA,NA,NA,NA,NA,NA,NA,NA,NA,NA,1.3675,1.00715041710817,6.3725,4.462626,0.0075,0,0,0,0,NA,0,NA,0.7825,0.192738,6.995,0.459606000000001,0,0,NA,NA,NA,NA,NA,NA,NA,NA,NA,NA,NA,NA,NA,NA,NA,NA,NA,NA,NA,NA,NA,NA,NA,NA,NA,NA
"124","Ke'Shawn Vaughn","TB","RB","2565258","robust",NA,NA,NA,NA,NA,NA,NA,NA,NA,NA,1.65,0.14826,6.2,0.44478,0.1,0,0,0,0,NA,0,NA,0.15,0,0.65,0,0,0,NA,NA,NA,NA,NA,NA,NA,NA,NA,NA,NA,NA,NA,NA,NA,NA,NA,NA,NA,NA,NA,NA,NA,NA,NA,NA
"125","Cooper Kupp","LAR","WR","2557898","robust",NA,NA,NA,NA,NA,NA,NA,NA,NA,NA,0.3,NA,2.03458333333333,1.03782,0.00478676843902889,0,0.1,0,0,NA,0.01,0,8,0,106.1,8.59908,0.93,0.118608,NA,NA,NA,NA,NA,NA,NA,NA,NA,NA,NA,NA,NA,NA,NA,NA,NA,NA,NA,NA,NA,NA,NA,NA,NA,NA
"126","Justin Jefferson","MIN","WR","2564556","robust",NA,NA,NA,NA,NA,NA,NA,NA,NA,NA,0.15,0.07413,0.81375,0.29652,0,0,0.0875,0.037065,0,NA,0,NA,7.05,0.252042,102.095,3.55824000000001,0.8,0.14826,NA,NA,NA,NA,NA,NA,NA,NA,NA,NA,NA,NA,NA,NA,NA,NA,NA,NA,NA,NA,NA,NA,NA,NA,NA,NA
"127","Davante Adams","LVR","WR","2543495","robust",NA,NA,NA,NA,NA,NA,NA,NA,NA,NA,0,0,0.01875,0,0,0,0.0875,0.037065,0,NA,0,NA,7.77,0.59304,97.195,4.29954000000001,0.8375,0.252042,NA,NA,NA,NA,NA,NA,NA,NA,NA,NA,NA,NA,NA,NA,NA,NA,NA,NA,NA,NA,NA,NA,NA,NA,NA,NA
"128","Ja'Marr Chase","CIN","WR","2565941","robust",NA,NA,NA,NA,NA,NA,NA,NA,NA,NA,0.605,NA,3.57375,0.768481,0.00395196943308597,0,0.0875,0.037065,0,NA,0,NA,5.905,0.148259999999999,90.2,2.52042,0.675,0.044478,NA,NA,NA,NA,NA,NA,NA,NA,NA,NA,NA,NA,NA,NA,NA,NA,NA,NA,NA,NA,NA,NA,NA,NA,NA,NA
"129","Stefon Diggs","BUF","WR","2552608","robust",NA,NA,NA,NA,NA,NA,NA,NA,NA,NA,0,0,0,0,0,0,0.0875,0.037065,0,NA,0,NA,6.75,0.281694000000001,83.2275,3.7065,0.685,0.0889559999999999,NA,NA,NA,NA,NA,NA,NA,NA,NA,NA,NA,NA,NA,NA,NA,NA,NA,NA,NA,NA,NA,NA,NA,NA,NA,NA
"130","A.J. Brown","PHI","WR","2562238","robust",NA,NA,NA,NA,NA,NA,NA,NA,NA,NA,0.0875,0.037065,0.3975,0.29652,0,0,0.0875,0.037065,0,NA,0,NA,5.525,0.29652,82.165,3.89923799999999,0.65,0.163086,NA,NA,NA,NA,NA,NA,NA,NA,NA,NA,NA,NA,NA,NA,NA,NA,NA,NA,NA,NA,NA,NA,NA,NA,NA,NA
"131","Mike Williams","LAC","WR","2558846","robust",NA,NA,NA,NA,NA,NA,NA,NA,NA,NA,0.2,0.29652,0.5275,0.207564,0,0,0,0,0,NA,0,NA,5.15,0.237216,73,6.063834,0.635,0.237216,NA,NA,NA,NA,NA,NA,NA,NA,NA,NA,NA,NA,NA,NA,NA,NA,NA,NA,NA,NA,NA,NA,NA,NA,NA,NA
"132","Amon-Ra St. Brown","DET","WR","2566073","robust",NA,NA,NA,NA,NA,NA,NA,NA,NA,NA,0.285,NA,2,0,0.00761986301369863,0.014826,0.0875,0.037065,0,NA,0,NA,6.095,0.0593040000000001,65.64,1.571556,0.5,0.088956,NA,NA,NA,NA,NA,NA,NA,NA,NA,NA,NA,NA,NA,NA,NA,NA,NA,NA,NA,NA,NA,NA,NA,NA,NA,NA
"133","Courtland Sutton","DEN","WR","2560888","robust",NA,NA,NA,NA,NA,NA,NA,NA,NA,NA,0,0,0,0,0,0,0,0,0,NA,0,NA,4.82,0.148259999999999,69.025,10.08168,0.585,0.355824,NA,NA,NA,NA,NA,NA,NA,NA,NA,NA,NA,NA,NA,NA,NA,NA,NA,NA,NA,NA,NA,NA,NA,NA,NA,NA
"134","Tyreek Hill","MIA","WR","2556214","robust",NA,NA,NA,NA,NA,NA,NA,NA,NA,NA,0.555,NA,3.495,0.210035,0.000922413793103448,0,0.0875,0.037065,0,NA,0,NA,6.235,0.148259999999999,78.35,2.07564000000001,0.58,0.177912,NA,NA,NA,NA,NA,NA,NA,NA,NA,NA,NA,NA,NA,NA,NA,NA,NA,NA,NA,NA,NA,NA,NA,NA,NA,NA
"135","Jerry Jeudy","DEN","WR","2563896","robust",NA,NA,NA,NA,NA,NA,NA,NA,NA,NA,0.0875,0.037065,0.22,0.237216,0,0,0,0,0,NA,0,NA,4.415,0.148259999999999,68,5.1891,0.515,0.14826,NA,NA,NA,NA,NA,NA,NA,NA,NA,NA,NA,NA,NA,NA,NA,NA,NA,NA,NA,NA,NA,NA,NA,NA,NA,NA
"136","Brandin Cooks","HOU","WR","2543498","robust",NA,NA,NA,NA,NA,NA,NA,NA,NA,NA,0.109843984962406,NA,0.874583333333333,0.14826,0.0025,0,0.0875,0.037065,0,NA,0,NA,5.9,0.044477999999999,70.3,5.63388000000002,0.4525,0.14826,NA,NA,NA,NA,NA,NA,NA,NA,NA,NA,NA,NA,NA,NA,NA,NA,NA,NA,NA,NA,NA,NA,NA,NA,NA,NA
"137","Mike Evans","TB","WR","2543468","robust",NA,NA,NA,NA,NA,NA,NA,NA,NA,NA,0,0,0.100416666666667,0.014826,0,0,0.0125,0.037065,0,NA,0,NA,5.12,0.593039999999999,69.895,8.30255999999999,0.7,0.192738,NA,NA,NA,NA,NA,NA,NA,NA,NA,NA,NA,NA,NA,NA,NA,NA,NA,NA,NA,NA,NA,NA,"Q","Calf",2,2022
"138","Christian Kirk","JAC","WR","2560781","robust",NA,NA,NA,NA,NA,NA,NA,NA,NA,NA,0.0875,0.037065,0.35,0.14826,0,0,0.0125,0.037065,0,NA,0,NA,4.95,0.0889559999999994,62.6,1.156428,0.4075,0.237216,NA,NA,NA,NA,NA,NA,NA,NA,NA,NA,NA,NA,NA,NA,NA,NA,NA,NA,NA,NA,NA,NA,NA,NA,NA,NA
"139","CeeDee Lamb","DAL","WR","2563848","robust",NA,NA,NA,NA,NA,NA,NA,NA,NA,NA,0.375,0.0741300000000001,2.305,0.429954,0,0,0.0875,0.037065,0.06,0,0,NA,5,0.148259999999999,66.05,3.26172,0.45,0.29652,NA,NA,NA,NA,NA,NA,NA,NA,NA,NA,NA,NA,NA,NA,NA,NA,NA,NA,NA,NA,NA,NA,NA,NA,NA,NA
"140","Marquise Brown","ARI","WR","2562379","robust",NA,NA,NA,NA,NA,NA,NA,NA,NA,NA,0.0125,0.037065,0.102083333333333,0.07413,0,0,0.0875,0.037065,0,NA,0,NA,5.5425,0.296519999999999,66.085,3.291372,0.575,0.14826,NA,NA,NA,NA,NA,NA,NA,NA,NA,NA,NA,NA,NA,NA,NA,NA,NA,NA,NA,NA,NA,NA,NA,NA,NA,NA
"141","Rashod Bateman","BAL","WR","2565836","robust",NA,NA,NA,NA,NA,NA,NA,NA,NA,NA,0,0,0.102916666666667,0.130963,0,0,0,0,0,NA,0,NA,4.1,0.281694000000001,56.27,5.663532,0.4175,0.14826,NA,NA,NA,NA,NA,NA,NA,NA,NA,NA,NA,NA,NA,NA,NA,NA,NA,NA,NA,NA,NA,NA,NA,NA,NA,NA
"142","JuJu Smith-Schuster","KC","WR","2558149","robust",NA,NA,NA,NA,NA,NA,NA,NA,NA,NA,0.1125,0.037065,1.19708333333333,0.279223,0.00708333333333333,0,0.15,0.07413,0,NA,0,NA,5.04,0.59304,53.86,5.752488,0.5725,0.281694,NA,NA,NA,NA,NA,NA,NA,NA,NA,NA,NA,NA,NA,NA,NA,NA,NA,NA,NA,NA,NA,NA,NA,NA,NA,NA
"143","Robert Woods","TEN","WR","2540169","robust",NA,NA,NA,NA,NA,NA,NA,NA,NA,NA,0.63,NA,4.24416666666667,0.276752,0.01,0.014826,0.001,0,0,NA,0,NA,4.3,0.355824,50.4,3.306198,0.27,0.103782,NA,NA,NA,NA,NA,NA,NA,NA,NA,NA,NA,NA,NA,NA,NA,NA,NA,NA,NA,NA,NA,NA,NA,NA,NA,NA
"144","D.J. Moore","CAR","WR","2560813","robust",NA,NA,NA,NA,NA,NA,NA,NA,NA,NA,0.47708693788481,NA,2.97916666666667,0.0617749999999998,0.00176849037487335,0,0.0875,0.037065,0,NA,0,NA,5.1175,0.148260000000001,67.7075,1.971858,0.4675,0.192738,NA,NA,NA,NA,NA,NA,NA,NA,NA,NA,NA,NA,NA,NA,NA,NA,NA,NA,NA,NA,NA,NA,NA,NA,NA,NA
"145","Darnell Mooney","CHI","WR","2563707","robust",NA,NA,NA,NA,NA,NA,NA,NA,NA,NA,0.3,NA,1.73,0.210035,0.00884809283287613,0.014826,0,0,0,NA,0,NA,4.6,0.593039999999999,59.925,7.398174,0.375,0.0741300000000001,NA,NA,NA,NA,NA,NA,NA,NA,NA,NA,NA,NA,NA,NA,NA,NA,NA,NA,NA,NA,NA,NA,NA,NA,NA,NA
"146","Allen Robinson","LAR","WR","2543509","robust",NA,NA,NA,NA,NA,NA,NA,NA,NA,NA,0,0,0,0,0,0,0,0,0,NA,0,NA,4.435,0.192738,54.805,5.9304,0.4825,0.192738,NA,NA,NA,NA,NA,NA,NA,NA,NA,NA,NA,NA,NA,NA,NA,NA,NA,NA,NA,NA,NA,NA,NA,NA,NA,NA
"147","Michael Thomas","NO","WR","2556370","robust",NA,NA,NA,NA,NA,NA,NA,NA,NA,NA,0.0125,0.037065,0.130416666666667,0.14826,0,0,0,0,0,NA,0,NA,4.95,0.148259999999999,61.14,2.164596,0.575,0.163086,NA,NA,NA,NA,NA,NA,NA,NA,NA,NA,NA,NA,NA,NA,NA,NA,NA,NA,NA,NA,NA,NA,NA,NA,NA,NA
"148","Terry McLaurin","WAS","WR","2562489","robust",NA,NA,NA,NA,NA,NA,NA,NA,NA,NA,0.0125,0.037065,0.222083333333333,0.192738,0,0,0,0,0,NA,0,NA,4.58,0.29652,66.8875,5.9304,0.475,0.14826,NA,NA,NA,NA,NA,NA,NA,NA,NA,NA,NA,NA,NA,NA,NA,NA,NA,NA,NA,NA,NA,NA,NA,NA,NA,NA
"149","Gabriel Davis","BUF","WR","2563602","robust",NA,NA,NA,NA,NA,NA,NA,NA,NA,NA,0,0,0,0,0,0,0,0,0,NA,0,NA,4,0.29652,64.05,3.26172,0.7,0.14826,NA,NA,NA,NA,NA,NA,NA,NA,NA,NA,NA,NA,NA,NA,NA,NA,NA,NA,NA,NA,NA,NA,"Q","Ankle",2,2022
"150","Deebo Samuel","SF","WR","2562721","robust",NA,NA,NA,NA,NA,NA,NA,NA,NA,NA,4.66772653691917,NA,29.45,5.31265,0.381071867176559,0.0561256994480681,0.103,0.00889560000000001,0,NA,0,NA,4.2,0.266868,61.7,0.593039999999998,0.3,0,NA,NA,NA,NA,NA,NA,NA,NA,NA,NA,NA,NA,NA,NA,NA,NA,NA,NA,NA,NA,NA,NA,NA,NA,NA,NA
"151","Tyler Lockett","SEA","WR","2552430","robust",NA,NA,NA,NA,NA,NA,NA,NA,NA,NA,0.115,NA,0.841666666666667,0.14826,0.000498015873015873,0,0,0,0,NA,0,NA,4.44,0.326172,61.015,1.33434,0.2275,0.059304,NA,NA,NA,NA,NA,NA,NA,NA,NA,NA,NA,NA,NA,NA,NA,NA,NA,NA,NA,NA,NA,NA,NA,NA,NA,NA
"152","Diontae Johnson","PIT","WR","2562674","robust",NA,NA,NA,NA,NA,NA,NA,NA,NA,NA,0.279926349850285,NA,1.76,0.0815430000000002,0.000370689655172414,0,0.1,0,0,NA,0.02,0,5.7975,0.148259999999999,63.1,0.148260000000002,0.4225,0.14826,NA,NA,NA,NA,NA,NA,NA,NA,NA,NA,NA,NA,NA,NA,NA,NA,NA,NA,NA,NA,NA,NA,NA,NA,NA,NA
"153","Jaylen Waddle","MIA","WR","2566292","robust",NA,NA,NA,NA,NA,NA,NA,NA,NA,NA,0.242466024020228,NA,1.5,0.261926,0.0439793791262818,0.029652,0.0875,0.037065,0,NA,0,NA,5.89,0.29652,65.095,3.02450399999999,0.45,0.103782,NA,NA,NA,NA,NA,NA,NA,NA,NA,NA,NA,NA,NA,NA,NA,NA,NA,NA,NA,NA,NA,NA,NA,NA,NA,NA
"154","DK Metcalf","SEA","WR","2562685","robust",NA,NA,NA,NA,NA,NA,NA,NA,NA,NA,0.0125,0.037065,0.1425,0.14826,0,0,0.05,0.07413,0,NA,0,NA,5.065,0.163085999999999,62.5825,0.548561999999996,0.5,0.14826,NA,NA,NA,NA,NA,NA,NA,NA,NA,NA,NA,NA,NA,NA,NA,NA,NA,NA,NA,NA,NA,NA,NA,NA,NA,NA
"155","Tee Higgins","CIN","WR","2563731","robust",NA,NA,NA,NA,NA,NA,NA,NA,NA,NA,0.0125,0.037065,0.2225,0.07413,0,0,0,0,0,NA,0,NA,4.335,0.311346,63.805,1.63085999999999,0.4825,0.192738,NA,NA,NA,NA,NA,NA,NA,NA,NA,NA,NA,NA,NA,NA,NA,NA,NA,NA,NA,NA,NA,NA,"Q","Concussion",2,2022
"156","Josh Palmer","LAC","WR","2566502","robust",NA,NA,NA,NA,NA,NA,NA,NA,NA,NA,0.1,0,0.386666666666667,0.046949,0,0,0,0,0,NA,0,NA,4.1,0.593039999999999,46.84,0.622692000000002,0.45,0.14826,NA,NA,NA,NA,NA,NA,NA,NA,NA,NA,NA,NA,NA,NA,NA,NA,NA,NA,NA,NA,NA,NA,NA,NA,NA,NA
"157","Drake London","ATL","WR","2567250","robust",NA,NA,NA,NA,NA,NA,NA,NA,NA,NA,0.1,NA,1.055,0.415128,0.00778472222222222,0.00250394666666667,0.0125,0.037065,0,NA,0,NA,4.35,0.593039999999999,56.27,4.72949400000001,0.3,0,NA,NA,NA,NA,NA,NA,NA,NA,NA,NA,NA,NA,NA,NA,NA,NA,NA,NA,NA,NA,NA,NA,NA,NA,NA,NA
"158","Jakobi Meyers","NE","WR","2562492","robust",NA,NA,NA,NA,NA,NA,NA,NA,NA,NA,0.189915966386555,NA,1.06333333333333,0.138376,0.00141372549019608,0,0.1,0,0,NA,0,NA,4.6,0.444780000000001,53.335,3.914064,0.2,0,NA,NA,NA,NA,NA,NA,NA,NA,NA,NA,NA,NA,NA,NA,NA,NA,NA,NA,NA,NA,NA,NA,NA,NA,NA,NA
"159","Elijah Moore","NYJ","WR","2566385","robust",NA,NA,NA,NA,NA,NA,NA,NA,NA,NA,0.325,NA,2.78875,1.126776,0.0424242653366214,0.014826,0,0,0,NA,0,NA,4.13,0.326172,54.51,3.350676,0.395,0.014826,NA,NA,NA,NA,NA,NA,NA,NA,NA,NA,NA,NA,NA,NA,NA,NA,NA,NA,NA,NA,NA,NA,NA,NA,NA,NA
"160","Nico Collins","HOU","WR","2566127","robust",NA,NA,NA,NA,NA,NA,NA,NA,NA,NA,0,0,0,0,0,0,0,0,0,NA,0,NA,3.595,0.14826,46.175,10.52646,0.1525,0.029652,NA,NA,NA,NA,NA,NA,NA,NA,NA,NA,NA,NA,NA,NA,NA,NA,NA,NA,NA,NA,NA,NA,NA,NA,NA,NA
"161","Julio Jones","TB","WR","2495454","robust",NA,NA,NA,NA,NA,NA,NA,NA,NA,NA,0.125,0.037065,1.19,0.29652,0,0,0,0,0,NA,0,NA,4.3,0.148260000000001,54.13,7.872606,0.2725,0.103782,NA,NA,NA,NA,NA,NA,NA,NA,NA,NA,NA,NA,NA,NA,NA,NA,NA,NA,NA,NA,NA,NA,"Q","Knee",2,2022
"162","Adam Thielen","MIN","WR","2541785","robust",NA,NA,NA,NA,NA,NA,NA,NA,NA,NA,0.0125,0.037065,0.10375,0.133434,0,0,0,0,0,NA,0,NA,4.585,0.148259999999999,51.725,10.22994,0.6,0.266868,NA,NA,NA,NA,NA,NA,NA,NA,NA,NA,NA,NA,NA,NA,NA,NA,NA,NA,NA,NA,NA,NA,NA,NA,NA,NA
"163","D.J. Chark","DET","WR","2561018","robust",NA,NA,NA,NA,NA,NA,NA,NA,NA,NA,0,0,0.07375,0,0,0,0,0,0,NA,0,NA,3.8,0.429954,50.44,3.736152,0.3825,0.14826,NA,NA,NA,NA,NA,NA,NA,NA,NA,NA,NA,NA,NA,NA,NA,NA,NA,NA,NA,NA,NA,NA,NA,NA,NA,NA
"164","Greg Dortch","ARI","WR","2562561","robust",NA,NA,NA,NA,NA,NA,NA,NA,NA,NA,0.1675,NA,1.2,0.266868,0.001,0,0.0125,0.0185325,0,NA,0,NA,4.1,0.563388,44.6,7.657629,0.13,0.044478,NA,NA,NA,NA,NA,NA,NA,NA,NA,NA,NA,NA,NA,NA,NA,NA,NA,NA,NA,NA,NA,NA,NA,NA,NA,NA
"165","DeVonta Smith","PHI","WR","2566409","robust",NA,NA,NA,NA,NA,NA,NA,NA,NA,NA,0,0,0,0,0,0,0.0125,0.037065,0,NA,0,NA,3.7825,0.29652,50.785,2.83176599999999,0.3,0.0593040000000001,NA,NA,NA,NA,NA,NA,NA,NA,NA,NA,NA,NA,NA,NA,NA,NA,NA,NA,NA,NA,NA,NA,NA,NA,NA,NA
"166","Hunter Renfrow","LVR","WR","2562712","robust",NA,NA,NA,NA,NA,NA,NA,NA,NA,NA,0.0875,0.037065,0.1925,0.170499,0,0,0.0125,0.037065,0,NA,0,NA,5,0,53.1,4.15128000000001,0.4,0,NA,NA,NA,NA,NA,NA,NA,NA,NA,NA,NA,NA,NA,NA,NA,NA,NA,NA,NA,NA,NA,NA,NA,NA,NA,NA
"167","Marquez Valdes-Scantling","KC","WR","2560907","robust",NA,NA,NA,NA,NA,NA,NA,NA,NA,NA,0.1,0,0.105,0.429954,0,0,0.0125,0.037065,0,NA,0,NA,3.36,0.7413,50.94,7.11648,0.3475,0.118608,NA,NA,NA,NA,NA,NA,NA,NA,NA,NA,NA,NA,NA,NA,NA,NA,NA,NA,NA,NA,NA,NA,NA,NA,NA,NA
"168","Jarvis Landry","NO","WR","2543488","robust",NA,NA,NA,NA,NA,NA,NA,NA,NA,NA,0.24,NA,1.56,0.44478,0.011122955029205,0.029652,0.05,0.07413,0,NA,0,NA,4.45,0.7413,53.16,2.698332,0.2375,0.07413,NA,NA,NA,NA,NA,NA,NA,NA,NA,NA,NA,NA,NA,NA,NA,NA,NA,NA,NA,NA,NA,NA,NA,NA,NA,NA
"169","Curtis Samuel","WAS","WR","2558066","robust",NA,NA,NA,NA,NA,NA,NA,NA,NA,NA,2.035,NA,12.805,3.852289,0.1,0,0.104,0.0118608,0,NA,0,NA,3.9125,0.29652,43.59,5.871096,0.22,0.059304,NA,NA,NA,NA,NA,NA,NA,NA,NA,NA,NA,NA,NA,NA,NA,NA,NA,NA,NA,NA,NA,NA,NA,NA,NA,NA
"170","Brandon Aiyuk","SF","WR","2565093","robust",NA,NA,NA,NA,NA,NA,NA,NA,NA,NA,0.2,0,0.995,0.014826,0,0,0,0,0,NA,0,NA,3.7,0,52.935,4.00302,0.35,0.103782,NA,NA,NA,NA,NA,NA,NA,NA,NA,NA,NA,NA,NA,NA,NA,NA,NA,NA,NA,NA,NA,NA,NA,NA,NA,NA
"171","Robby Anderson","CAR","WR","2556462","robust",NA,NA,NA,NA,NA,NA,NA,NA,NA,NA,0.2,NA,1.64166666666667,0.4942,0.000260869565217391,0,0,0,0,NA,0,NA,4.2,0.578214,48.32,9.48864,0.2975,0.07413,NA,NA,NA,NA,NA,NA,NA,NA,NA,NA,NA,NA,NA,NA,NA,NA,NA,NA,NA,NA,NA,NA,NA,NA,NA,NA
"172","Corey Davis","NYJ","WR","2557848","robust",NA,NA,NA,NA,NA,NA,NA,NA,NA,NA,0,0,0.0825,0,0.01,0,0.05,0.07413,0,NA,0,NA,3.535,0.326172,47.5125,2.2239,0.2,0.059304,NA,NA,NA,NA,NA,NA,NA,NA,NA,NA,NA,NA,NA,NA,NA,NA,NA,NA,NA,NA,NA,NA,NA,NA,NA,NA
"173","Amari Cooper","CLE","WR","2552487","robust",NA,NA,NA,NA,NA,NA,NA,NA,NA,NA,0.0125,0.037065,0.16,0.088956,0,0,0,0,0.17,0,0,NA,4.275,0.489258,54.74,1.03782,0.35,0.044478,NA,NA,NA,NA,NA,NA,NA,NA,NA,NA,NA,NA,NA,NA,NA,NA,NA,NA,NA,NA,NA,NA,NA,NA,NA,NA
"174","Parris Campbell","IND","WR","2562495","robust",NA,NA,NA,NA,NA,NA,NA,NA,NA,NA,0.05,0.07413,0.521666666666667,0.182854,0,0,0,0,0,NA,0,NA,3.6975,0.88956,46.7825,8.317386,0.23,0.088956,NA,NA,NA,NA,NA,NA,NA,NA,NA,NA,NA,NA,NA,NA,NA,NA,NA,NA,NA,NA,NA,NA,NA,NA,NA,NA
"175","Allen Lazard","GB","WR","2560787","robust",NA,NA,NA,NA,NA,NA,NA,NA,NA,NA,0.2,NA,1.515,0.14826,0.00240795454545455,0,0,0,0,NA,0,NA,3.3325,0.237216,45.3,3.765804,0.49,0.163086,NA,NA,NA,NA,NA,NA,NA,NA,NA,NA,NA,NA,NA,NA,NA,NA,NA,NA,NA,NA,NA,NA,"Q","Ankle",2,2022
"176","Russell Gage","TB","WR","2561061","robust",NA,NA,NA,NA,NA,NA,NA,NA,NA,NA,0,0,0.04,0.07413,0,0,0.1,0,0,NA,0,NA,3.705,0.29652,41.345,5.04084000000001,0.25,0.088956,NA,NA,NA,NA,NA,NA,NA,NA,NA,NA,NA,NA,NA,NA,NA,NA,NA,NA,NA,NA,NA,NA,"Q","Hamstring",2,2022
"177","Sterling Shepard","NYG","WR","2555295","robust",NA,NA,NA,NA,NA,NA,NA,NA,NA,NA,0.1,0,0.5525,0.14826,0,0,0,0,0,NA,0,NA,4.2,0.148259999999999,47.0775,2.2239,0.2475,0.088956,NA,NA,NA,NA,NA,NA,NA,NA,NA,NA,NA,NA,NA,NA,NA,NA,NA,NA,NA,NA,NA,NA,NA,NA,NA,NA
"178","Mecole Hardman","KC","WR","2562580","robust",NA,NA,NA,NA,NA,NA,NA,NA,NA,NA,0.56,NA,4.9,0.889559999999999,0.015,0.029652,0.044,0.0652344,0,NA,0,NA,3.5,0.7413,40.3275,7.11648,0.205,0.014826,NA,NA,NA,NA,NA,NA,NA,NA,NA,NA,NA,NA,NA,NA,NA,NA,NA,NA,NA,NA,NA,NA,NA,NA,NA,NA
"179","Jahan Dotson","WAS","WR","2568321","robust",NA,NA,NA,NA,NA,NA,NA,NA,NA,NA,0.025,0.07413,0.2225,0.281694,0,0,0.0125,0.037065,0,NA,0,NA,3.345,0.29652,45.9,7.26474,0.4,0,NA,NA,NA,NA,NA,NA,NA,NA,NA,NA,NA,NA,NA,NA,NA,NA,NA,NA,NA,NA,NA,NA,NA,NA,NA,NA
"180","Treylon Burks","TEN","WR","2567643","robust",NA,NA,NA,NA,NA,NA,NA,NA,NA,NA,0.175,0.07413,0.70875,0.59304,0,0,0.05,0.07413,0,NA,0,NA,3.1,0.29652,39.475,1.92738,0.19,0.029652,NA,NA,NA,NA,NA,NA,NA,NA,NA,NA,NA,NA,NA,NA,NA,NA,NA,NA,NA,NA,NA,NA,NA,NA,NA,NA
"181","Donovan Peoples-Jones","CLE","WR","2563803","robust",NA,NA,NA,NA,NA,NA,NA,NA,NA,NA,0,0,0.045,0,0,0,0.0125,0.037065,0,NA,0,NA,3.2,0.0889560000000001,44.6,2.475942,0.145,0.133434,NA,NA,NA,NA,NA,NA,NA,NA,NA,NA,NA,NA,NA,NA,NA,NA,NA,NA,NA,NA,NA,NA,NA,NA,NA,NA
"182","Olamide Zaccheaus","ATL","WR","2562808","robust",NA,NA,NA,NA,NA,NA,NA,NA,NA,NA,0.167317708333333,NA,0.789583333333333,0.607866,0.0010625,0,0.075,0.037065,0,NA,0,NA,2.7175,0.489258,33.67,6.80513400000001,0.13,0.059304,NA,NA,NA,NA,NA,NA,NA,NA,NA,NA,NA,NA,NA,NA,NA,NA,NA,NA,NA,NA,NA,NA,NA,NA,NA,NA
"183","Chase Claypool","PIT","WR","2564970","robust",NA,NA,NA,NA,NA,NA,NA,NA,NA,NA,1.28044673018709,NA,8.55,0.7413,0.0741093204426906,0.0471190430233337,0.011,0.014826,0,NA,0,NA,3.63,0.237216,48.525,3.11346,0.2,0,NA,NA,NA,NA,NA,NA,NA,NA,NA,NA,NA,NA,NA,NA,NA,NA,NA,NA,NA,NA,NA,NA,NA,NA,NA,NA
"184","Zay Jones","JAC","WR","2557863","robust",NA,NA,NA,NA,NA,NA,NA,NA,NA,NA,0.1,0,0.461666666666667,0.232274,0,0,0.05,0.07413,0,NA,0,NA,3.9,0.29652,42.8,3.26172,0.1775,0.044478,NA,NA,NA,NA,NA,NA,NA,NA,NA,NA,NA,NA,NA,NA,NA,NA,NA,NA,NA,NA,NA,NA,NA,NA,NA,NA
"185","Marvin Jones","JAC","WR","2532884","robust",NA,NA,NA,NA,NA,NA,NA,NA,NA,NA,0,0,0,0,0,0,0,0,0,NA,0,NA,3.8,0.14826,44.55,2.81694,0.2675,0.014826,NA,NA,NA,NA,NA,NA,NA,NA,NA,NA,NA,NA,NA,NA,NA,NA,NA,NA,NA,NA,NA,NA,NA,NA,NA,NA
"186","Garrett Wilson","NYJ","WR","2568048","robust",NA,NA,NA,NA,NA,NA,NA,NA,NA,NA,0.0875,0.037065,0.575833333333333,0.071659,0,0,0.0125,0.037065,0,NA,0,NA,2.95,0.118608,36.42,0.593039999999998,0.15,0.07413,NA,NA,NA,NA,NA,NA,NA,NA,NA,NA,NA,NA,NA,NA,NA,NA,NA,NA,NA,NA,NA,NA,NA,NA,NA,NA
"187","Tyler Boyd","CIN","WR","2555466","robust",NA,NA,NA,NA,NA,NA,NA,NA,NA,NA,0.1,0,0.900833333333333,0.150731,0,0,0,0,0,NA,0,NA,3.5,0.429954,41.7,5.48562,0.2325,0.059304,NA,NA,NA,NA,NA,NA,NA,NA,NA,NA,NA,NA,NA,NA,NA,NA,NA,NA,NA,NA,NA,NA,NA,NA,NA,NA
"188","Noah Brown","DAL","WR","2558091","robust",NA,NA,NA,NA,NA,NA,NA,NA,NA,NA,0,0,0.21125,0.14826,0,0,0,0,0,NA,0,NA,2.95,0.29652,34,4.00302,0.1,0,NA,NA,NA,NA,NA,NA,NA,NA,NA,NA,NA,NA,NA,NA,NA,NA,NA,NA,NA,NA,NA,NA,NA,NA,NA,NA
"189","DeVante Parker","NE","WR","2552409","robust",NA,NA,NA,NA,NA,NA,NA,NA,NA,NA,0,0,0,0,0,0,0,0,0,NA,0,NA,3.6825,0.29652,45.7,1.92738,0.21,0.029652,NA,NA,NA,NA,NA,NA,NA,NA,NA,NA,NA,NA,NA,NA,NA,NA,NA,NA,NA,NA,NA,NA,NA,NA,NA,NA
"190","Devin Duvernay","BAL","WR","2563551","robust",NA,NA,NA,NA,NA,NA,NA,NA,NA,NA,0.270166736285157,NA,2.11,0.884618,0.00190701754385965,0,0.0125,0.037065,0,NA,0.06,0,2.85,0.385476,31.0875,3.85476,0.2,0.014826,NA,NA,NA,NA,NA,NA,NA,NA,NA,NA,NA,NA,NA,NA,NA,NA,NA,NA,NA,NA,NA,NA,NA,NA,NA,NA
"191","Chris Olave","NO","WR","2567973","robust",NA,NA,NA,NA,NA,NA,NA,NA,NA,NA,0.0125,0.037065,0.494166666666667,0.427483,0,0,0.0125,0.037065,0,NA,0,NA,2.95,0.207564,39.2,4.981536,0.1925,0.014826,NA,NA,NA,NA,NA,NA,NA,NA,NA,NA,NA,NA,NA,NA,NA,NA,NA,NA,NA,NA,NA,NA,NA,NA,NA,NA
"192","A.J. Green","ARI","WR","2495450","robust",NA,NA,NA,NA,NA,NA,NA,NA,NA,NA,0,0,0.03625,0,0,0,0,0,0,NA,0,NA,2.95,0.14826,40.6875,4.67019,0.185,0.029652,NA,NA,NA,NA,NA,NA,NA,NA,NA,NA,NA,NA,NA,NA,NA,NA,NA,NA,NA,NA,NA,NA,NA,NA,NA,NA
"193","George Pickens","PIT","WR","2568159","robust",NA,NA,NA,NA,NA,NA,NA,NA,NA,NA,0.0125,0.037065,0.4,0.336056,0,0,0.0125,0.037065,0,NA,0,NA,2.935,0.311346,34.9225,5.04084,0.1425,0.07413,NA,NA,NA,NA,NA,NA,NA,NA,NA,NA,NA,NA,NA,NA,NA,NA,NA,NA,NA,NA,NA,NA,NA,NA,NA,NA
"194","Jauan Jennings","SF","WR","2565114","robust",NA,NA,NA,NA,NA,NA,NA,NA,NA,NA,0,0,0.0533333333333333,0.14826,0,0,0,0,0,NA,0,NA,2.325,0.29652,29.625,2.52042,0.2,0.059304,NA,NA,NA,NA,NA,NA,NA,NA,NA,NA,NA,NA,NA,NA,NA,NA,NA,NA,NA,NA,NA,NA,NA,NA,NA,NA
"195","Ashton Dulin","IND","WR","2562562","robust",NA,NA,NA,NA,NA,NA,NA,NA,NA,NA,0.175,0.037065,1.05,0.0741300000000001,0,0,0,0,0,NA,0,NA,3,0.748713,38,6.997872,0.2,0,NA,NA,NA,NA,NA,NA,NA,NA,NA,NA,NA,NA,NA,NA,NA,NA,NA,NA,NA,NA,NA,NA,NA,NA,NA,NA
"196","Kenny Golladay","NYG","WR","2558052","robust",NA,NA,NA,NA,NA,NA,NA,NA,NA,NA,0,0,0.0225,0,0,0,0,0,0,NA,0,NA,3.0525,0.355824,39.3325,3.068982,0.12,0.07413,NA,NA,NA,NA,NA,NA,NA,NA,NA,NA,NA,NA,NA,NA,NA,NA,NA,NA,NA,NA,NA,NA,NA,NA,NA,NA
"197","Marquez Callaway","NO","WR","2565310","robust",NA,NA,NA,NA,NA,NA,NA,NA,NA,NA,0,0,0.075,0.07413,0,0,0,0,0,NA,0.01,0,0.73,0.422541,11.56,6.834786,0.0625,0.059304,NA,NA,NA,NA,NA,NA,NA,NA,NA,NA,NA,NA,NA,NA,NA,NA,NA,NA,NA,NA,NA,NA,NA,NA,NA,NA
"198","Richie James","NYG","WR","2560761","robust",NA,NA,NA,NA,NA,NA,NA,NA,NA,NA,0.2,0,0.57625,0.29652,0,0,0.0125,0.037065,0,NA,0,NA,2.9,0.459606,36.525,6.07866,0.2,0.029652,NA,NA,NA,NA,NA,NA,NA,NA,NA,NA,NA,NA,NA,NA,NA,NA,NA,NA,NA,NA,NA,NA,NA,NA,NA,NA
"199","Kyle Philips","TEN","WR","2567664","robust",NA,NA,NA,NA,NA,NA,NA,NA,NA,NA,0.0666666666666667,0.04942,0.231,0.229803,0,0,0.1,0,0,NA,0,NA,1.945,0.51891,21.725,6.056421,0.1,0.07413,NA,NA,NA,NA,NA,NA,NA,NA,NA,NA,NA,NA,NA,NA,NA,NA,NA,NA,NA,NA,NA,NA,"Q","Shoulder",2,2022
"200","DeAndre Carter","LAC","WR","2553502","robust",NA,NA,NA,NA,NA,NA,NA,NA,NA,NA,0.1375,0.0555975,1.755,0.674583,0.001,0,0.0333333333333333,0.02471,0,NA,0,NA,2.815,0.0741299999999997,34.02,1.363992,0.21,0.014826,NA,NA,NA,NA,NA,NA,NA,NA,NA,NA,NA,NA,NA,NA,NA,NA,NA,NA,NA,NA,NA,NA,NA,NA,NA,NA
"201","Randall Cobb","GB","WR","2495448","robust",NA,NA,NA,NA,NA,NA,NA,NA,NA,NA,0.05,0.07413,0.205,0.259455,0,0,0.0125,0.037065,0,NA,0,NA,2.38,0.207564,30.33,5.63388,0.225,0.07413,NA,NA,NA,NA,NA,NA,NA,NA,NA,NA,NA,NA,NA,NA,NA,NA,NA,NA,NA,NA,NA,NA,NA,NA,NA,NA
"202","Kendrick Bourne","NE","WR","2558914","robust",NA,NA,NA,NA,NA,NA,NA,NA,NA,NA,0.325,NA,3.53333333333333,0.943922,0.00455148549178579,0,0.0125,0.037065,0,NA,0,NA,2.0475,0.88956,27.8575,16.90164,0.15,0.088956,NA,NA,NA,NA,NA,NA,NA,NA,NA,NA,NA,NA,NA,NA,NA,NA,NA,NA,NA,NA,NA,NA,NA,NA,NA,NA
"203","Christian Watson","GB","WR","2567637","robust",NA,NA,NA,NA,NA,NA,NA,NA,NA,NA,0.145,NA,1.06875,0.29652,0.000534564393939394,0,0.0125,0.037065,0,NA,0,NA,2.075,0.192738,26.225,2.07564,0.125,0.044478,NA,NA,NA,NA,NA,NA,NA,NA,NA,NA,NA,NA,NA,NA,NA,NA,NA,NA,NA,NA,NA,NA,NA,NA,NA,NA
"204","Josh Reynolds","DET","WR","2558194","robust",NA,NA,NA,NA,NA,NA,NA,NA,NA,NA,0,0,0.03125,0,0,0,0,0,0,NA,0,NA,2.225,0.29652,30.225,4.15128,0.1,0,NA,NA,NA,NA,NA,NA,NA,NA,NA,NA,NA,NA,NA,NA,NA,NA,NA,NA,NA,NA,NA,NA,NA,NA,NA,NA
"205","K.J. Osborn","MIN","WR","2564574","robust",NA,NA,NA,NA,NA,NA,NA,NA,NA,NA,0.0125,0.037065,0.22,0.29652,0,0,0,0,0,NA,0.01,0,2.925,0.14826,33.99,2.07564,0.25,0.14826,NA,NA,NA,NA,NA,NA,NA,NA,NA,NA,NA,NA,NA,NA,NA,NA,NA,NA,NA,NA,NA,NA,NA,NA,NA,NA
"206","Dennis Houston","DAL","WR","2568693","robust",NA,NA,NA,NA,NA,NA,NA,NA,NA,NA,0,0,0.1,0.0756126,0,0,0,0,0,NA,0,NA,2.335,0.29652,28.05,1.868076,0.085,0.07413,NA,NA,NA,NA,NA,NA,NA,NA,NA,NA,NA,NA,NA,NA,NA,NA,NA,NA,NA,NA,NA,NA,NA,NA,NA,NA
"207","Isaiah McKenzie","BUF","WR","2558129","robust",NA,NA,NA,NA,NA,NA,NA,NA,NA,NA,0.837563946118177,NA,5.79833333333333,0.296519999999999,0.105891009161516,0.07413,0.011,0.014826,0,NA,0.01,0,2.775,0.29652,29.3,2.713158,0.205,0.103782,NA,NA,NA,NA,NA,NA,NA,NA,NA,NA,NA,NA,NA,NA,NA,NA,NA,NA,NA,NA,NA,NA,NA,NA,NA,NA
"208","Romeo Doubs","GB","WR","2567586","robust",NA,NA,NA,NA,NA,NA,NA,NA,NA,NA,0.179418402777778,NA,1.37583333333333,0.635047,0.00189108455882353,0,0.0125,0.037065,0,NA,0,NA,2.325,0.37065,29.4,4.951884,0.1475,0,NA,NA,NA,NA,NA,NA,NA,NA,NA,NA,NA,NA,NA,NA,NA,NA,NA,NA,NA,NA,NA,NA,NA,NA,NA,NA
"209","Sammy Watkins","GB","WR","2543457","robust",NA,NA,NA,NA,NA,NA,NA,NA,NA,NA,0,0,0.124583333333333,0.14826,0,0,0.05,0.07413,0,NA,0,NA,2.6,0.266868,34.005,2.2239,0.2,0.044478,NA,NA,NA,NA,NA,NA,NA,NA,NA,NA,NA,NA,NA,NA,NA,NA,NA,NA,NA,NA,NA,NA,NA,NA,NA,NA
"210","Cedrick Wilson","MIA","WR","2560936","robust",NA,NA,NA,NA,NA,NA,NA,NA,NA,NA,0.2,NA,1.18125,0.44478,0.000611932938856016,0,0,0,0,NA,0,NA,2.45,0.44478,30.9625,4.07715,0.2,0,NA,NA,NA,NA,NA,NA,NA,NA,NA,NA,NA,NA,NA,NA,NA,NA,NA,NA,NA,NA,NA,NA,"Q","Toe",2,2022
"211","Nelson Agholor","NE","WR","2552600","robust",NA,NA,NA,NA,NA,NA,NA,NA,NA,NA,0.0875,0.037065,0.646666666666667,0.212506,0,0,0.05,0.07413,0,NA,0,NA,2.3925,0.29652,31.605,2.905896,0.15,0.044478,NA,NA,NA,NA,NA,NA,NA,NA,NA,NA,NA,NA,NA,NA,NA,NA,NA,NA,NA,NA,NA,NA,NA,NA,NA,NA
"212","Skyy Moore","KC","WR","2567805","robust",NA,NA,NA,NA,NA,NA,NA,NA,NA,NA,0.0125,0.037065,0.27625,0.29652,0,0,0.0125,0.037065,0,NA,0,NA,1.1,0.14826,14.4275,4.37367,0.09,0.029652,NA,NA,NA,NA,NA,NA,NA,NA,NA,NA,NA,NA,NA,NA,NA,NA,NA,NA,NA,NA,NA,NA,NA,NA,NA,NA
"213","Ben Skowronek","LAR","WR","2566247","robust",NA,NA,NA,NA,NA,NA,NA,NA,NA,NA,0,0,0.245,0.214977,0,0,0,0,0,NA,0,NA,2.45,0.289107,29.255,1.63086,0.15,0.07413,NA,NA,NA,NA,NA,NA,NA,NA,NA,NA,NA,NA,NA,NA,NA,NA,NA,NA,NA,NA,NA,NA,NA,NA,NA,NA
"214","Quez Watkins","PHI","WR","2564880","robust",NA,NA,NA,NA,NA,NA,NA,NA,NA,NA,0,0,0.012,0,0,0,0,0,0,NA,0.01,0,2,0.415128,24.55,7.33887,0.1,0.029652,NA,NA,NA,NA,NA,NA,NA,NA,NA,NA,NA,NA,NA,NA,NA,NA,NA,NA,NA,NA,NA,NA,NA,NA,NA,NA
"215","Byron Pringle","CHI","WR","2560844","robust",NA,NA,NA,NA,NA,NA,NA,NA,NA,NA,0,0,0,0,0,0,0,0,0,NA,0,NA,1.775,0.311346,22.8325,1.03782,0.115,0.044478,NA,NA,NA,NA,NA,NA,NA,NA,NA,NA,NA,NA,NA,NA,NA,NA,NA,NA,NA,NA,NA,NA,NA,NA,NA,NA
"216","Nick Westbrook-Ikhine","TEN","WR","2565477","robust",NA,NA,NA,NA,NA,NA,NA,NA,NA,NA,0,0,0.02,0,0,0,0.0125,0.037065,0,NA,0,NA,2.2925,0.311346,26.8975,7.576086,0.115,0.044478,NA,NA,NA,NA,NA,NA,NA,NA,NA,NA,NA,NA,NA,NA,NA,NA,NA,NA,NA,NA,NA,NA,NA,NA,NA,NA
"217","Dante Pettis","CHI","WR","2560836","robust",NA,NA,NA,NA,NA,NA,NA,NA,NA,NA,0.0125,0.0185325,0.15,0.14826,0,0,0.0125,0.0185325,0,NA,0,NA,1.8,0.207564,26.95,6.538266,0.2,0.103782,NA,NA,NA,NA,NA,NA,NA,NA,NA,NA,NA,NA,NA,NA,NA,NA,NA,NA,NA,NA,NA,NA,NA,NA,NA,NA
"218","Kadarius Toney","NYG","WR","2566376","robust",NA,NA,NA,NA,NA,NA,NA,NA,NA,NA,0.550792543471682,NA,3.42916666666667,0.311346,0.0031061865189289,0,0,0,0,NA,0,NA,1.705,0.355824,18.85,4.581234,0.09,0.029652,NA,NA,NA,NA,NA,NA,NA,NA,NA,NA,NA,NA,NA,NA,NA,NA,NA,NA,NA,NA,NA,NA,"Q","Hamstring",2,2022
"219","Shi Smith","CAR","WR","2565908","robust",NA,NA,NA,NA,NA,NA,NA,NA,NA,NA,0,0,0.4,0.289107,0,0,0,0,0,NA,0.01,0,2.1,0.29652,24.88,6.52344,0.075,0.044478,NA,NA,NA,NA,NA,NA,NA,NA,NA,NA,NA,NA,NA,NA,NA,NA,NA,NA,NA,NA,NA,NA,"Q","Groin",2,2022
"220","Deonte Harris","NO","WR","2563155","robust",NA,NA,NA,NA,NA,NA,NA,NA,NA,NA,0.133333333333333,0.09884,1.3,1.03782,0,0,0.0333333333333333,0.04942,0,NA,0,NA,1.18,0.533736,13.815,5.85627,0.1,0,NA,NA,NA,NA,NA,NA,NA,NA,NA,NA,NA,NA,NA,NA,NA,NA,NA,NA,NA,NA,NA,NA,NA,NA,NA,NA
"221","Equanimeous St. Brown","CHI","WR","2560883","robust",NA,NA,NA,NA,NA,NA,NA,NA,NA,NA,0,0,0.522,0.3869586,0.001,0,0,0,0,NA,0,NA,1.9,0.437367,25.89,5.374425,0.1,0.014826,NA,NA,NA,NA,NA,NA,NA,NA,NA,NA,NA,NA,NA,NA,NA,NA,NA,NA,NA,NA,NA,NA,NA,NA,NA,NA
"222","Bryan Edwards","ATL","WR","2564418","robust",NA,NA,NA,NA,NA,NA,NA,NA,NA,NA,0,0,0.1625,0.14826,0,0,0,0,0,NA,0,NA,2,0.14826,27.7075,0.593039999999998,0.105,0.014826,NA,NA,NA,NA,NA,NA,NA,NA,NA,NA,NA,NA,NA,NA,NA,NA,NA,NA,NA,NA,NA,NA,NA,NA,NA,NA
"223","Jamison Crowder","BUF","WR","2552415","robust",NA,NA,NA,NA,NA,NA,NA,NA,NA,NA,0.1,0.14826,0.585,0.724003,0,0,0.0125,0.037065,0,NA,0,NA,2.47,0.266868,24.4,0.103782,0.1,0.14826,NA,NA,NA,NA,NA,NA,NA,NA,NA,NA,NA,NA,NA,NA,NA,NA,NA,NA,NA,NA,NA,NA,NA,NA,NA,NA
"224","Mack Hollins","LVR","WR","2558262","robust",NA,NA,NA,NA,NA,NA,NA,NA,NA,NA,0,0,0,0,0,0,0,0,0,NA,0,NA,1.8,0.14826,23.7,3.40998,0.145,0.118608,NA,NA,NA,NA,NA,NA,NA,NA,NA,NA,NA,NA,NA,NA,NA,NA,NA,NA,NA,NA,NA,NA,NA,NA,NA,NA
"225","David Bell","CLE","WR","2567460","robust",NA,NA,NA,NA,NA,NA,NA,NA,NA,NA,0.0875,0.037065,0.499166666666667,0.12355,0,0,0.0125,0.037065,0,NA,0,NA,1.65,0.44478,18.1,5.144622,0.0975,0.088956,NA,NA,NA,NA,NA,NA,NA,NA,NA,NA,NA,NA,NA,NA,NA,NA,NA,NA,NA,NA,NA,NA,NA,NA,NA,NA
"226","Quintez Cephus","DET","WR","2563926","robust",NA,NA,NA,NA,NA,NA,NA,NA,NA,NA,0,0,0,0,0,0,0,0,0,NA,0,NA,1,0.600453,14.3,7.731759,0.1,0.022239,NA,NA,NA,NA,NA,NA,NA,NA,NA,NA,NA,NA,NA,NA,NA,NA,NA,NA,NA,NA,NA,NA,NA,NA,NA,NA
"227","Mike Strachan","IND","WR","2565615","robust",NA,NA,NA,NA,NA,NA,NA,NA,NA,NA,0,0,0.05,0.014826,0,0,0,0,0,NA,0,NA,1.395,1.18608,16.48,14.618436,0.085,0.059304,NA,NA,NA,NA,NA,NA,NA,NA,NA,NA,NA,NA,NA,NA,NA,NA,NA,NA,NA,NA,NA,NA,NA,NA,NA,NA
"228","Jalen Guyton","LAC","WR","2562844","robust",NA,NA,NA,NA,NA,NA,NA,NA,NA,NA,0.1,0.14826,0.69,0.726474,0,0,0,0,0,NA,0.01,0,1.3,0.785778,18.77,10.630242,0.05,0.029652,NA,NA,NA,NA,NA,NA,NA,NA,NA,NA,NA,NA,NA,NA,NA,NA,NA,NA,NA,NA,NA,NA,NA,NA,NA,NA
"229","Breshad Perriman","TB","WR","2552597","robust",NA,NA,NA,NA,NA,NA,NA,NA,NA,NA,0.0666666666666667,0.02471,0.672,0.37065,0,0,0,0,0,NA,0,NA,1.4,0.281694,20.2,5.203926,0.09,0.059304,NA,NA,NA,NA,NA,NA,NA,NA,NA,NA,NA,NA,NA,NA,NA,NA,NA,NA,NA,NA,NA,NA,"Q","Knee",2,2022
"230","Anthony Schwartz","CLE","WR","2565986","robust",NA,NA,NA,NA,NA,NA,NA,NA,NA,NA,0.133333333333333,0.04942,1.472,1.18608,0.001,0,0,0,0,NA,0,NA,1.15,0.29652,14.05,3.209829,0.05,0.051891,NA,NA,NA,NA,NA,NA,NA,NA,NA,NA,NA,NA,NA,NA,NA,NA,NA,NA,NA,NA,NA,NA,NA,NA,NA,NA
"231","Braxton Berrios","NYJ","WR","2560975","robust",NA,NA,NA,NA,NA,NA,NA,NA,NA,NA,0.4,0,2.73166666666667,1.03782,0.06,0.07413,0.0125,0.037065,0,NA,0.01,0,2.3875,0.14826,25.2575,2.07564,0.1,0.014826,NA,NA,NA,NA,NA,NA,NA,NA,NA,NA,NA,NA,NA,NA,NA,NA,NA,NA,NA,NA,NA,NA,"Q","Heel",2,2022
"232","Kalif Raymond","DET","WR","2556661","robust",NA,NA,NA,NA,NA,NA,NA,NA,NA,NA,0.0875,0.0185325,0.5,0.59304,0,0,0,0,0,NA,0.01,0,1.425,0.496671,16.095,4.81845,0.13,0.051891,NA,NA,NA,NA,NA,NA,NA,NA,NA,NA,NA,NA,NA,NA,NA,NA,NA,NA,NA,NA,NA,NA,NA,NA,NA,NA
"233","Chris Moore","HOU","WR","2555209","robust",NA,NA,NA,NA,NA,NA,NA,NA,NA,NA,0,0,0.005,0,0,0,0,0,0,NA,0,NA,1.7,0.0815430000000001,19.1,0.600453000000002,0.08,0,NA,NA,NA,NA,NA,NA,NA,NA,NA,NA,NA,NA,NA,NA,NA,NA,NA,NA,NA,NA,NA,NA,NA,NA,NA,NA
"234","Dyami Brown","WAS","WR","2566586","robust",NA,NA,NA,NA,NA,NA,NA,NA,NA,NA,0.025,0.02471,-0.125,0.14826,0,0,0,0,0,NA,0,NA,0.5,0.37065,7.55,4.736907,0.015,0.014826,NA,NA,NA,NA,NA,NA,NA,NA,NA,NA,NA,NA,NA,NA,NA,NA,NA,NA,NA,NA,NA,NA,NA,NA,NA,NA
"235","Keke Coutee","FA","WR","2561029","robust",NA,NA,NA,NA,NA,NA,NA,NA,NA,NA,0.0783333333333333,0,0.47,0,0,0,0,0,0,NA,0,NA,1.635,0.029652,22.2325,0,0.1875,0,NA,NA,NA,NA,NA,NA,NA,NA,NA,NA,NA,NA,NA,NA,NA,NA,NA,NA,NA,NA,NA,NA,NA,NA,NA,NA
"236","Demarcus Robinson","BAL","WR","2555478","robust",NA,NA,NA,NA,NA,NA,NA,NA,NA,NA,0,0,0.02,0,0,0,0,0,0,NA,0,NA,1.8,0.0741300000000001,20.6,3.810282,0.115,0,NA,NA,NA,NA,NA,NA,NA,NA,NA,NA,NA,NA,NA,NA,NA,NA,NA,NA,NA,NA,NA,NA,NA,NA,NA,NA
"237","D'Wayne Eskridge","SEA","WR","2566553","robust",NA,NA,NA,NA,NA,NA,NA,NA,NA,NA,0.298412698412698,NA,2,0.0207564,0.005,0.00304913555555556,0,0,0,NA,0.01,0,1.02,0.14826,11.355,2.942961,0.02,0.022239,NA,NA,NA,NA,NA,NA,NA,NA,NA,NA,NA,NA,NA,NA,NA,NA,NA,NA,NA,NA,NA,NA,NA,NA,NA,NA
"238","Miles Boykin","PIT","WR","2562631","robust",NA,NA,NA,NA,NA,NA,NA,NA,NA,NA,0,0,0.05,0,0,0,0,0,0,NA,0,NA,0.615,0.118608,7.87,4.00302,0.065,0.059304,NA,NA,NA,NA,NA,NA,NA,NA,NA,NA,NA,NA,NA,NA,NA,NA,NA,NA,NA,NA,NA,NA,NA,NA,NA,NA
"239","Tyler Johnson","HOU","WR","2565225","robust",NA,NA,NA,NA,NA,NA,NA,NA,NA,NA,0,0,0,0,0,0,0,0,0,NA,0,NA,1.3025,0.7413,13.8425,7.413,0.1025,0.140847,NA,NA,NA,NA,NA,NA,NA,NA,NA,NA,NA,NA,NA,NA,NA,NA,NA,NA,NA,NA,NA,NA,NA,NA,NA,NA
"240","Marquise Goodwin","SEA","WR","2539964","robust",NA,NA,NA,NA,NA,NA,NA,NA,NA,NA,0,0,0.2,0.118608,0,0,0,0,0,NA,0,NA,1.35,0.207564,17,0.711648000000001,0.02,0,NA,NA,NA,NA,NA,NA,NA,NA,NA,NA,NA,NA,NA,NA,NA,NA,NA,NA,NA,NA,NA,NA,NA,NA,NA,NA
"241","Laviska Shenault","CAR","WR","2564232","robust",NA,NA,NA,NA,NA,NA,NA,NA,NA,NA,0,0,1.88,1.33434,0,0,0.0333333333333333,0.04942,0,NA,0,NA,1.875,0.0741299999999997,19.85,0.148260000000002,0.005,0,NA,NA,NA,NA,NA,NA,NA,NA,NA,NA,NA,NA,NA,NA,NA,NA,NA,NA,NA,NA,NA,NA,NA,NA,NA,NA
"242","Darius Slayton","NYG","WR","2562736","robust",NA,NA,NA,NA,NA,NA,NA,NA,NA,NA,0.075,0.02471,0,0,0,0,0,0,0,NA,0,NA,1.1,0.289107,14.5,4.025259,0.1,0,NA,NA,NA,NA,NA,NA,NA,NA,NA,NA,NA,NA,NA,NA,NA,NA,NA,NA,NA,NA,NA,NA,NA,NA,NA,NA
"243","Cam Sims","WAS","WR","2561067","robust",NA,NA,NA,NA,NA,NA,NA,NA,NA,NA,0.05,0.037065,0.05,0.07413,0,0,0,0,0,NA,0,NA,0.735,0.229803,11.32,3.884412,0.0475,0.037065,NA,NA,NA,NA,NA,NA,NA,NA,NA,NA,NA,NA,NA,NA,NA,NA,NA,NA,NA,NA,NA,NA,NA,NA,NA,NA
"244","Chris Conley","HOU","WR","2552652","robust",NA,NA,NA,NA,NA,NA,NA,NA,NA,NA,0,0,0.1,0.07413,0,0,0,0,0,NA,0,NA,1.36,0.0741300000000001,16.0525,0.0518910000000002,0.085,0.014826,NA,NA,NA,NA,NA,NA,NA,NA,NA,NA,NA,NA,NA,NA,NA,NA,NA,NA,NA,NA,NA,NA,NA,NA,NA,NA
"245","KhaDarel Hodge","ATL","WR","2561653","robust",NA,NA,NA,NA,NA,NA,NA,NA,NA,NA,0,0,0,0,0,0,0,0,0,NA,0,NA,1.095,0.014826,13.7,3.11346,0.09,0.014826,NA,NA,NA,NA,NA,NA,NA,NA,NA,NA,NA,NA,NA,NA,NA,NA,NA,NA,NA,NA,NA,NA,NA,NA,NA,NA
"246","Jamal Agnew","JAC","WR","2558821","robust",NA,NA,NA,NA,NA,NA,NA,NA,NA,NA,0.490495501893939,0.096369,3.39,0.385476,0.025,0.022239,0,0,0,NA,0.07,0,1.1625,0.207564,13.0275,2.698332,0.0325,0.037065,NA,NA,NA,NA,NA,NA,NA,NA,NA,NA,NA,NA,NA,NA,NA,NA,NA,NA,NA,NA,NA,NA,NA,NA,NA,NA
"247","Keelan Cole","LVR","WR","2559153","robust",NA,NA,NA,NA,NA,NA,NA,NA,NA,NA,0.05,0.037065,0.0725,0.07413,0,0,0,0,0,NA,0,NA,0.85,0.214977,12.0975,4.321779,0.075,0.059304,NA,NA,NA,NA,NA,NA,NA,NA,NA,NA,NA,NA,NA,NA,NA,NA,NA,NA,NA,NA,NA,NA,NA,NA,NA,NA
"248","Jalen Tolbert","DAL","WR","2567508","robust",NA,NA,NA,NA,NA,NA,NA,NA,NA,NA,0,0,0,0,0,0,0,0,0,NA,0,NA,1,0.22239,14,1.4826,0.055,0.059304,NA,NA,NA,NA,NA,NA,NA,NA,NA,NA,NA,NA,NA,NA,NA,NA,NA,NA,NA,NA,NA,NA,NA,NA,NA,NA
"249","Ray-Ray McCloud","SF","WR","2560801","robust",NA,NA,NA,NA,NA,NA,NA,NA,NA,NA,0,0,0.15,0.14826,0,0,0.05,0.037065,0,NA,0.01,0,1.0225,0.0444780000000002,10.6975,3.26172,0.0525,0.044478,NA,NA,NA,NA,NA,NA,NA,NA,NA,NA,NA,NA,NA,NA,NA,NA,NA,NA,NA,NA,NA,NA,NA,NA,NA,NA
"250","Tyrie Cleveland","DEN","WR","2563881","robust",NA,NA,NA,NA,NA,NA,NA,NA,NA,NA,0,0,0,0,0,0,0,0,0,NA,0,NA,1.2,0.0741300000000001,15.075,0.222390000000001,0.085,0.014826,NA,NA,NA,NA,NA,NA,NA,NA,NA,NA,NA,NA,NA,NA,NA,NA,NA,NA,NA,NA,NA,NA,NA,NA,NA,NA
"251","Zach Pascal","PHI","WR","2558877","robust",NA,NA,NA,NA,NA,NA,NA,NA,NA,NA,0,0,0.2,0.29652,0,0,0,0,0,NA,0,NA,1.055,0.355824,11.55,2.994852,0.05,0.059304,NA,NA,NA,NA,NA,NA,NA,NA,NA,NA,NA,NA,NA,NA,NA,NA,NA,NA,NA,NA,NA,NA,NA,NA,NA,NA
"252","David Sills","NYG","WR","2562732","robust",NA,NA,NA,NA,NA,NA,NA,NA,NA,NA,0,0,0,0,0,0,0,0,0,NA,0,NA,0.925,0.326172,10.7,5.1891,0.07,0.044478,NA,NA,NA,NA,NA,NA,NA,NA,NA,NA,NA,NA,NA,NA,NA,NA,NA,NA,NA,NA,NA,NA,NA,NA,NA,NA
"253","Montrell Washington","DEN","WR","2567538","robust",NA,NA,NA,NA,NA,NA,NA,NA,NA,NA,0,0,0.14,0.14826,0,0,0,0,0,NA,0.01,0,0.62,0.563388,7.71,7.027524,0.055,0.059304,NA,NA,NA,NA,NA,NA,NA,NA,NA,NA,NA,NA,NA,NA,NA,NA,NA,NA,NA,NA,NA,NA,NA,NA,NA,NA
"254","Simi Fehoko","DAL","WR","2566004","robust",NA,NA,NA,NA,NA,NA,NA,NA,NA,NA,0,0,0.1,0.14826,0,0,0,0,0,NA,0,NA,0.89,0.311346,10.23,3.513762,0.07,0.044478,NA,NA,NA,NA,NA,NA,NA,NA,NA,NA,NA,NA,NA,NA,NA,NA,NA,NA,NA,NA,NA,NA,NA,NA,NA,NA
"255","Phillip Dorsett","HOU","WR","2552424","robust",NA,NA,NA,NA,NA,NA,NA,NA,NA,NA,0,0,0.15,0.14826,0,0,0,0,0,NA,0,NA,0.6525,0.051891,9.2475,2.401812,0.04,0.029652,NA,NA,NA,NA,NA,NA,NA,NA,NA,NA,NA,NA,NA,NA,NA,NA,NA,NA,NA,NA,NA,NA,NA,NA,NA,NA
"256","Trent Sherfield","MIA","WR","2561272","robust",NA,NA,NA,NA,NA,NA,NA,NA,NA,NA,0,0,0,0,0,0,0,0,0,NA,0,NA,0.51,0.096369,6.435,2.705745,0.03,0.022239,NA,NA,NA,NA,NA,NA,NA,NA,NA,NA,NA,NA,NA,NA,NA,NA,NA,NA,NA,NA,NA,NA,NA,NA,NA,NA
"257","Travis Kelce","KC","TE","2540258","robust",NA,NA,NA,NA,NA,NA,NA,NA,NA,NA,0.13,0,0.5525,0.1742055,0.00333333333333333,0,0.0875,0.037065,0,NA,0,NA,6.39,0.266868000000001,77.9175,0.7413,0.715,0.14826,NA,NA,NA,NA,NA,NA,NA,NA,NA,NA,NA,NA,NA,NA,NA,NA,NA,NA,NA,NA,NA,NA,NA,NA,NA,NA
"258","Mark Andrews","BAL","TE","2560957","robust",NA,NA,NA,NA,NA,NA,NA,NA,NA,NA,0,0,0.0575,0.170499,0,0,0.0875,0.037065,0,NA,0,NA,5.68,0.148260000000001,71.295,3.55824000000001,0.65,0.14826,NA,NA,NA,NA,NA,NA,NA,NA,NA,NA,NA,NA,NA,NA,NA,NA,NA,NA,NA,NA,NA,NA,NA,NA,NA,NA
"259","Darren Waller","LVR","TE","2552408","robust",NA,NA,NA,NA,NA,NA,NA,NA,NA,NA,0,0,0.01125,0.0333585,0,0,0.05,0.07413,0,NA,0,NA,5.225,0.326172,62.755,3.691674,0.4025,0.133434,NA,NA,NA,NA,NA,NA,NA,NA,NA,NA,NA,NA,NA,NA,NA,NA,NA,NA,NA,NA,NA,NA,NA,NA,NA,NA
"260","Dallas Goedert","PHI","TE","2560995","robust",NA,NA,NA,NA,NA,NA,NA,NA,NA,NA,0,0,0.0075,0.022239,0,0,0,0,0,NA,0,NA,4.0375,0.29652,54.25,5.307708,0.3475,0.118608,NA,NA,NA,NA,NA,NA,NA,NA,NA,NA,NA,NA,NA,NA,NA,NA,NA,NA,NA,NA,NA,NA,NA,NA,NA,NA
"261","Kyle Pitts","ATL","TE","2565830","robust",NA,NA,NA,NA,NA,NA,NA,NA,NA,NA,0,0,0.00375,0.0111195,0,0,0,0,0,NA,0,NA,4.7,0.44478,59.025,0.889560000000002,0.2,0,NA,NA,NA,NA,NA,NA,NA,NA,NA,NA,NA,NA,NA,NA,NA,NA,NA,NA,NA,NA,NA,NA,NA,NA,NA,NA
"262","T.J. Hockenson","DET","TE","2562378","robust",NA,NA,NA,NA,NA,NA,NA,NA,NA,NA,0,0,0.02,0.059304,0,0,0,0,0,NA,0,NA,4.35,0.266868,45.705,5.589402,0.35,0.0296519999999999,NA,NA,NA,NA,NA,NA,NA,NA,NA,NA,NA,NA,NA,NA,NA,NA,NA,NA,NA,NA,NA,NA,NA,NA,NA,NA
"263","George Kittle","SF","TE","2558266","robust",NA,NA,NA,NA,NA,NA,NA,NA,NA,NA,0,0,0.5,0,0,0,0,0,0,NA,0,NA,2.23,1.823598,25.97,23.677122,0.15,0.207564,NA,NA,NA,NA,NA,NA,NA,NA,NA,NA,NA,NA,NA,NA,NA,NA,NA,NA,NA,NA,NA,NA,"Q","Groin",2,2022
"264","Dalton Schultz","DAL","TE","2560866","robust",NA,NA,NA,NA,NA,NA,NA,NA,NA,NA,0,0,0.0075,0.022239,0,0,0,0,0,NA,0,NA,4.5,0.44478,49.01,4.00302,0.35,0.088956,NA,NA,NA,NA,NA,NA,NA,NA,NA,NA,NA,NA,NA,NA,NA,NA,NA,NA,NA,NA,NA,NA,NA,NA,NA,NA
"265","Zach Ertz","ARI","TE","2540158","robust",NA,NA,NA,NA,NA,NA,NA,NA,NA,NA,0,0,0.02625,0.0778365,0,0,0,0,0,NA,0,NA,4.29,0.0741299999999997,44.55,4.00301999999999,0.3925,0.14826,NA,NA,NA,NA,NA,NA,NA,NA,NA,NA,NA,NA,NA,NA,NA,NA,NA,NA,NA,NA,NA,NA,NA,NA,NA,NA
"266","Pat Freiermuth","PIT","TE","2566442","robust",NA,NA,NA,NA,NA,NA,NA,NA,NA,NA,0,0,0.00625,0.0185325,0,0,0.05,0.07413,0,NA,0,NA,4.2375,0.148259999999999,41.65,3.246894,0.2575,0.059304,NA,NA,NA,NA,NA,NA,NA,NA,NA,NA,NA,NA,NA,NA,NA,NA,NA,NA,NA,NA,NA,NA,NA,NA,NA,NA
"267","Gerald Everett","LAC","TE","2557889","robust",NA,NA,NA,NA,NA,NA,NA,NA,NA,NA,0,0,0.49,0.696822,0.00125,0.0037065,0.0125,0.037065,0,NA,0,NA,3.9,0.44478,41.8,4.74432,0.36,0.118608,NA,NA,NA,NA,NA,NA,NA,NA,NA,NA,NA,NA,NA,NA,NA,NA,NA,NA,NA,NA,NA,NA,NA,NA,NA,NA
"268","Tyler Higbee","LAR","TE","2555364","robust",NA,NA,NA,NA,NA,NA,NA,NA,NA,NA,0,0,0.00875,0.0259455,0,0,0,0,0,NA,0,NA,4.1,0.148259999999999,43.23,2.37215999999999,0.3,0.014826,NA,NA,NA,NA,NA,NA,NA,NA,NA,NA,NA,NA,NA,NA,NA,NA,NA,NA,NA,NA,NA,NA,NA,NA,NA,NA
"269","Tyler Conklin","NYJ","TE","2561027","robust",NA,NA,NA,NA,NA,NA,NA,NA,NA,NA,0,0,0.02,0.014826,0,0,0,0,0,NA,0,NA,3.18,0.429954,29.405,4.336605,0.155,0.037065,NA,NA,NA,NA,NA,NA,NA,NA,NA,NA,NA,NA,NA,NA,NA,NA,NA,NA,NA,NA,NA,NA,NA,NA,NA,NA
"270","Albert Okwuegbunam","DEN","TE","2563911","robust",NA,NA,NA,NA,NA,NA,NA,NA,NA,NA,0,0,0.0075,0.022239,0,0,0,0,0,NA,0,NA,3.5225,0.14826,37.175,3.33585,0.25,0.014826,NA,NA,NA,NA,NA,NA,NA,NA,NA,NA,NA,NA,NA,NA,NA,NA,NA,NA,NA,NA,NA,NA,NA,NA,NA,NA
"271","Logan Thomas","WAS","TE","2543767","robust",NA,NA,NA,NA,NA,NA,NA,NA,NA,NA,0,0,0.045,0.133434,0,0,0.0125,0.037065,0,NA,0,NA,3.1525,0.14826,37.1,3.85476,0.25,0.118608,NA,NA,NA,NA,NA,NA,NA,NA,NA,NA,NA,NA,NA,NA,NA,NA,NA,NA,NA,NA,NA,NA,NA,NA,NA,NA
"272","Mike Gesicki","MIA","TE","2560994","robust",NA,NA,NA,NA,NA,NA,NA,NA,NA,NA,0,0,0.005,0.014826,0,0,0,0,0,NA,0,NA,2.6425,0.59304,30.255,3.85476,0.145,0.133434,NA,NA,NA,NA,NA,NA,NA,NA,NA,NA,NA,NA,NA,NA,NA,NA,NA,NA,NA,NA,NA,NA,NA,NA,NA,NA
"273","Cole Kmet","CHI","TE","2563704","robust",NA,NA,NA,NA,NA,NA,NA,NA,NA,NA,0,0,0.01375,0.0407715,0,0,0,0,0,NA,0,NA,3.2825,0.14826,33.8,0.889560000000002,0.13,0.088956,NA,NA,NA,NA,NA,NA,NA,NA,NA,NA,NA,NA,NA,NA,NA,NA,NA,NA,NA,NA,NA,NA,NA,NA,NA,NA
"274","Irv Smith Jr.","MIN","TE","2562738","robust",NA,NA,NA,NA,NA,NA,NA,NA,NA,NA,0,0,0.00625,0.0185325,0,0,0,0,0,NA,0,NA,2.75,0.88956,28.2775,8.74734,0.2,0.133434,NA,NA,NA,NA,NA,NA,NA,NA,NA,NA,NA,NA,NA,NA,NA,NA,NA,NA,NA,NA,NA,NA,NA,NA,NA,NA
"275","Hayden Hurst","CIN","TE","2560747","robust",NA,NA,NA,NA,NA,NA,NA,NA,NA,NA,0,0,0.00875,0.0259455,0,0,0.0125,0.037065,0,NA,0,NA,2.91,0.14826,31.875,5.767314,0.195,0.014826,NA,NA,NA,NA,NA,NA,NA,NA,NA,NA,NA,NA,NA,NA,NA,NA,NA,NA,NA,NA,NA,NA,NA,NA,NA,NA
"276","Dawson Knox","BUF","TE","2562681","robust",NA,NA,NA,NA,NA,NA,NA,NA,NA,NA,0,0,0.00625,0.0185325,0,0,0,0,0,NA,0,NA,3.1975,0.177912,36.775,2.37216,0.575,0.237216,NA,NA,NA,NA,NA,NA,NA,NA,NA,NA,NA,NA,NA,NA,NA,NA,NA,NA,NA,NA,NA,NA,NA,NA,NA,NA
"277","Mo Alie-Cox","IND","TE","2558832","robust",NA,NA,NA,NA,NA,NA,NA,NA,NA,NA,0,0,0.00625,0.0185325,0,0,0,0,0,NA,0,NA,2.3,0.59304,28.5,7.56126,0.15,0.118608,NA,NA,NA,NA,NA,NA,NA,NA,NA,NA,NA,NA,NA,NA,NA,NA,NA,NA,NA,NA,NA,NA,NA,NA,NA,NA
"278","Austin Hooper","TEN","TE","2555415","robust",NA,NA,NA,NA,NA,NA,NA,NA,NA,NA,0,0,0.00625,0.0185325,0,0,0,0,0,NA,0,NA,2.7975,0.163086,27.5525,2.757636,0.2,0,NA,NA,NA,NA,NA,NA,NA,NA,NA,NA,NA,NA,NA,NA,NA,NA,NA,NA,NA,NA,NA,NA,NA,NA,NA,NA
"279","Robert Tonyan","GB","TE","2559270","robust",NA,NA,NA,NA,NA,NA,NA,NA,NA,NA,0,0,0.00875,0.0259455,0,0,0,0,0,NA,0,NA,2.7125,0.22239,32.3375,3.85476,0.24,0.0593040000000001,NA,NA,NA,NA,NA,NA,NA,NA,NA,NA,NA,NA,NA,NA,NA,NA,NA,NA,NA,NA,NA,NA,NA,NA,NA,NA
"280","David Njoku","CLE","TE","2557986","robust",NA,NA,NA,NA,NA,NA,NA,NA,NA,NA,0,0,0.035,0.103782,0,0,0,0,0,NA,0,NA,2.755,0.29652,31.9,2.81694,0.26,0.14826,NA,NA,NA,NA,NA,NA,NA,NA,NA,NA,NA,NA,NA,NA,NA,NA,NA,NA,NA,NA,NA,NA,NA,NA,NA,NA
"281","Hunter Henry","NE","TE","2555341","robust",NA,NA,NA,NA,NA,NA,NA,NA,NA,NA,0,0,0.0075,0.022239,0,0,0,0,0,NA,0,NA,3.0125,0.222390000000001,32.755,4.29954,0.35,0.118608,NA,NA,NA,NA,NA,NA,NA,NA,NA,NA,NA,NA,NA,NA,NA,NA,NA,NA,NA,NA,NA,NA,NA,NA,NA,NA
"282","Evan Engram","JAC","TE","2557858","robust",NA,NA,NA,NA,NA,NA,NA,NA,NA,NA,0,0,0.0075,0.022239,0,0,0.0125,0.037065,0,NA,0,NA,3.235,0.266868,32.8825,2.66868000000001,0.1775,0.029652,NA,NA,NA,NA,NA,NA,NA,NA,NA,NA,NA,NA,NA,NA,NA,NA,NA,NA,NA,NA,NA,NA,NA,NA,NA,NA
"283","Noah Fant","SEA","TE","2562383","robust",NA,NA,NA,NA,NA,NA,NA,NA,NA,NA,0,0,0.01,0.029652,0,0,0,0,0,NA,0,NA,3.2,0.14826,32.4,1.77912,0.15,0.07413,NA,NA,NA,NA,NA,NA,NA,NA,NA,NA,NA,NA,NA,NA,NA,NA,NA,NA,NA,NA,NA,NA,NA,NA,NA,NA
"284","Kylen Granson","IND","TE","2566145","robust",NA,NA,NA,NA,NA,NA,NA,NA,NA,NA,0,0,0.025,0.037065,0,0,0,0,0,NA,0,NA,2.1,0.459606,22.6,6.790308,0.07,0.051891,NA,NA,NA,NA,NA,NA,NA,NA,NA,NA,NA,NA,NA,NA,NA,NA,NA,NA,NA,NA,NA,NA,NA,NA,NA,NA
"285","Juwan Johnson","NO","TE","2564676","robust",NA,NA,NA,NA,NA,NA,NA,NA,NA,NA,0,0,0.03125,0.0926625,0,0,0,0,0,NA,0,NA,1.83,0.400302,21.3725,5.78214,0.16,0,NA,NA,NA,NA,NA,NA,NA,NA,NA,NA,NA,NA,NA,NA,NA,NA,NA,NA,NA,NA,NA,NA,NA,NA,NA,NA
"286","O.J. Howard","HOU","TE","2557856","robust",NA,NA,NA,NA,NA,NA,NA,NA,NA,NA,0,0,0,0,0,0,0,0,0,NA,0,NA,1.75,0.326172,19,3.980781,0.25,0.096369,NA,NA,NA,NA,NA,NA,NA,NA,NA,NA,NA,NA,NA,NA,NA,NA,NA,NA,NA,NA,NA,NA,NA,NA,NA,NA
"287","Isaiah Likely","BAL","TE","2567283","robust",NA,NA,NA,NA,NA,NA,NA,NA,NA,NA,0,0,0.0225,0.066717,0,0,0.0125,0.037065,0,NA,0,NA,1.83,0,21.2425,4.788798,0.1,0.088956,NA,NA,NA,NA,NA,NA,NA,NA,NA,NA,NA,NA,NA,NA,NA,NA,NA,NA,NA,NA,NA,NA,NA,NA,NA,NA
"288","Cameron Brate","TB","TE","2550656","robust",NA,NA,NA,NA,NA,NA,NA,NA,NA,NA,0,0,0.0075,0.022239,0,0,0,0,0,NA,0,NA,2.25,0.44478,22.85,4.106802,0.195,0.014826,NA,NA,NA,NA,NA,NA,NA,NA,NA,NA,NA,NA,NA,NA,NA,NA,NA,NA,NA,NA,NA,NA,NA,NA,NA,NA
"289","Foster Moreau","LVR","TE","2562317","robust",NA,NA,NA,NA,NA,NA,NA,NA,NA,NA,0,0,0.00375,0.0111195,0,0,0,0,0,NA,0,NA,1.2,0.548562,14.1,9.04386,0.095,0.014826,NA,NA,NA,NA,NA,NA,NA,NA,NA,NA,NA,NA,NA,NA,NA,NA,NA,NA,NA,NA,NA,NA,NA,NA,NA,NA
"290","Daniel Bellinger","NYG","TE","2567985","robust",NA,NA,NA,NA,NA,NA,NA,NA,NA,NA,0,0,0.00375,0.0111195,0,0,0.0125,0.037065,0,NA,0,NA,1.85,0.355824,16.215,1.097124,0.1,0.044478,NA,NA,NA,NA,NA,NA,NA,NA,NA,NA,NA,NA,NA,NA,NA,NA,NA,NA,NA,NA,NA,NA,NA,NA,NA,NA
"291","Will Dissly","SEA","TE","2561046","robust",NA,NA,NA,NA,NA,NA,NA,NA,NA,NA,0,0,0.0075,0.022239,0,0,0,0,0,NA,0,NA,1.6,0.0741299999999997,17.5,0.7413,0.1,0.014826,NA,NA,NA,NA,NA,NA,NA,NA,NA,NA,NA,NA,NA,NA,NA,NA,NA,NA,NA,NA,NA,NA,NA,NA,NA,NA
"292","Brevin Jordan","HOU","TE","2566130","robust",NA,NA,NA,NA,NA,NA,NA,NA,NA,NA,0,0,0.02625,0.0778365,0,0,0,0,0,NA,0,NA,2.0025,0.44478,20.575,6.07866,0.125,0.059304,NA,NA,NA,NA,NA,NA,NA,NA,NA,NA,NA,NA,NA,NA,NA,NA,NA,NA,NA,NA,NA,NA,"Q","Ankle",2,2022
"293","Jonnu Smith","NE","TE","2558207","robust",NA,NA,NA,NA,NA,NA,NA,NA,NA,NA,0.15,0,1.3275,0.3002265,0.00333333333333333,0,0,0,0,NA,0,NA,1.95,0.14826,21.05,4.773972,0.1,0,NA,NA,NA,NA,NA,NA,NA,NA,NA,NA,NA,NA,NA,NA,NA,NA,NA,NA,NA,NA,NA,NA,NA,NA,NA,NA
"294","Harrison Bryant","CLE","TE","2563767","robust",NA,NA,NA,NA,NA,NA,NA,NA,NA,NA,0,0,0.005,0.014826,0,0,0,0,0,NA,0,NA,1.75,0.103782,19.225,1.77912,0.1475,0.118608,NA,NA,NA,NA,NA,NA,NA,NA,NA,NA,NA,NA,NA,NA,NA,NA,NA,NA,NA,NA,NA,NA,NA,NA,NA,NA
"295","Durham Smythe","MIA","TE","2560880","robust",NA,NA,NA,NA,NA,NA,NA,NA,NA,NA,0,0,0.15125,0.4484865,0,0,0,0,0,NA,0,NA,1.6375,0.7413,16.6225,9.48864,0.08,0.059304,NA,NA,NA,NA,NA,NA,NA,NA,NA,NA,NA,NA,NA,NA,NA,NA,NA,NA,NA,NA,NA,NA,NA,NA,NA,NA
"296","Ian Thomas","CAR","TE","2560894","robust",NA,NA,NA,NA,NA,NA,NA,NA,NA,NA,0,0,0.00875,0.0259455,0,0,0,0,0,NA,0,NA,1.665,0.133434,17.35,1.349166,0.0925,0.014826,NA,NA,NA,NA,NA,NA,NA,NA,NA,NA,NA,NA,NA,NA,NA,NA,NA,NA,NA,NA,NA,NA,NA,NA,NA,NA
"297","Tyler Kroft","SF","TE","2552586","robust",NA,NA,NA,NA,NA,NA,NA,NA,NA,NA,0,0,0.0075,0.022239,0,0,0,0,0,NA,0,NA,0.95,0.14826,11.95,3.11346,0.0825,0.044478,NA,NA,NA,NA,NA,NA,NA,NA,NA,NA,NA,NA,NA,NA,NA,NA,NA,NA,NA,NA,NA,NA,NA,NA,NA,NA
"298","Dan Arnold","JAC","TE","2559385","robust",NA,NA,NA,NA,NA,NA,NA,NA,NA,NA,0,0,0.00375,0,0,0,0.0333333333333333,0.04942,0,NA,0,NA,1.2,0.800604,14.6,9.85929,0.065,0.044478,NA,NA,NA,NA,NA,NA,NA,NA,NA,NA,NA,NA,NA,NA,NA,NA,NA,NA,NA,NA,NA,NA,NA,NA,NA,NA
"299","Kyle Rudolph","TB","TE","2495438","robust",NA,NA,NA,NA,NA,NA,NA,NA,NA,NA,0,0,0,0,0,0,0,0,0,NA,0,NA,1.5,0.207564,15.4,0.489258,0.1,0,NA,NA,NA,NA,NA,NA,NA,NA,NA,NA,NA,NA,NA,NA,NA,NA,NA,NA,NA,NA,NA,NA,NA,NA,NA,NA
"300","John Bates","WAS","TE","2566580","robust",NA,NA,NA,NA,NA,NA,NA,NA,NA,NA,0,0,0.005,0.007413,0,0,0,0,0,NA,0,NA,1.205,0.14826,15.745,4.07715,0.075,0,NA,NA,NA,NA,NA,NA,NA,NA,NA,NA,NA,NA,NA,NA,NA,NA,NA,NA,NA,NA,NA,NA,NA,NA,NA,NA
"301","Adam Trautman","NO","TE","2564703","robust",NA,NA,NA,NA,NA,NA,NA,NA,NA,NA,0,0,0.525,0.748713,0.0333333333333333,0.02471,0.05,0.07413,0,NA,0,NA,1.34,0.400302,14.915,2.409225,0.1,0.022239,NA,NA,NA,NA,NA,NA,NA,NA,NA,NA,NA,NA,NA,NA,NA,NA,NA,NA,NA,NA,NA,NA,NA,NA,NA,NA
"302","Tommy Tremble","CAR","TE","2565914","robust",NA,NA,NA,NA,NA,NA,NA,NA,NA,NA,0,0,0.09875,0.2928135,0,0,0,0,0,NA,0,NA,1.4,0.14826,13.365,1.512252,0.0625,0.014826,NA,NA,NA,NA,NA,NA,NA,NA,NA,NA,NA,NA,NA,NA,NA,NA,NA,NA,NA,NA,NA,NA,NA,NA,NA,NA
"303","Colby Parkinson","SEA","TE","2565180","robust",NA,NA,NA,NA,NA,NA,NA,NA,NA,NA,0,0,0,0,0,0,0,0,0,NA,0,NA,0.905,0.7413,10.135,8.30256,0.1,0,NA,NA,NA,NA,NA,NA,NA,NA,NA,NA,NA,NA,NA,NA,NA,NA,NA,NA,NA,NA,NA,NA,NA,NA,NA,NA
"304","C.J. Uzomah","NYJ","TE","2552559","robust",NA,NA,NA,NA,NA,NA,NA,NA,NA,NA,0,0,0,0,0,0,0,0,0,NA,0,NA,1.725,0,14.225,0.148259999999999,0.125,0,NA,NA,NA,NA,NA,NA,NA,NA,NA,NA,NA,NA,NA,NA,NA,NA,NA,NA,NA,NA,NA,NA,"D","Hamstring",2,2022
"305","Andrew Beck","DEN","TE","2562626","robust",NA,NA,NA,NA,NA,NA,NA,NA,NA,NA,0,0,0.08,0.059304,0,0,0,0,0,NA,0,NA,1.175,0.0741299999999999,14.5625,2.74281,0.1,0,NA,NA,NA,NA,NA,NA,NA,NA,NA,NA,NA,NA,NA,NA,NA,NA,NA,NA,NA,NA,NA,NA,NA,NA,NA,NA
"306","Josiah Deguara","GB","TE","2563980","robust",NA,NA,NA,NA,NA,NA,NA,NA,NA,NA,0,0,0.01125,0.01667925,0,0,0,0,0,NA,0,NA,1.2,0.118608,12.69,1.33434,0.1,0.007413,NA,NA,NA,NA,NA,NA,NA,NA,NA,NA,NA,NA,NA,NA,NA,NA,NA,NA,NA,NA,NA,NA,NA,NA,NA,NA
"307","Zach Gentry","PIT","TE","2562654","robust",NA,NA,NA,NA,NA,NA,NA,NA,NA,NA,0,0,0.005,0,0,0,0,0,0,NA,0,NA,1.28,0.163086,12.41,2.342508,0.03,0,NA,NA,NA,NA,NA,NA,NA,NA,NA,NA,NA,NA,NA,NA,NA,NA,NA,NA,NA,NA,NA,NA,NA,NA,NA,NA
"308","Taysom Hill","NO","TE","2558954","robust",NA,NA,NA,NA,NA,NA,NA,NA,NA,NA,0,0,18.8766666666667,5.371954,0.166666666666667,0.04942,0.146,0.07413,0,NA,0,NA,1.1,0.51891,10.8,7.11648,0.065,0,NA,NA,NA,NA,NA,NA,NA,NA,NA,NA,NA,NA,NA,NA,NA,NA,NA,NA,NA,NA,NA,NA,NA,NA,NA,NA
"309","Anthony Firkser","ATL","TE","2558942","robust",NA,NA,NA,NA,NA,NA,NA,NA,NA,NA,0,0,0.0075,0.007413,0,0,0.025,0.02471,0,NA,0,NA,1.45,0.51891,13.0675,5.285469,0.0775,0.022239,NA,NA,NA,NA,NA,NA,NA,NA,NA,NA,NA,NA,NA,NA,NA,NA,NA,NA,NA,NA,NA,NA,NA,NA,NA,NA
"310","Pharaoh Brown","HOU","TE","2559018","robust",NA,NA,NA,NA,NA,NA,NA,NA,NA,NA,0,0,0.0075,0.022239,0,0,0.05,0.07413,0,NA,0,NA,1.58,0.14826,14.5,0.7413,0.0925,0,NA,NA,NA,NA,NA,NA,NA,NA,NA,NA,NA,NA,NA,NA,NA,NA,NA,NA,NA,NA,NA,NA,NA,NA,NA,NA
"311","Ryan Griffin","CHI","TE","2541316","robust",NA,NA,NA,NA,NA,NA,NA,NA,NA,NA,0,0,0.005,0.007413,0,0,0,0,0,NA,0,NA,1,0.14826,10.6,1.564143,0.08,0,NA,NA,NA,NA,NA,NA,NA,NA,NA,NA,NA,NA,NA,NA,NA,NA,NA,NA,NA,NA,NA,NA,NA,NA,NA,NA
"312","Brock Wright","DET","TE","2567221","robust",NA,NA,NA,NA,NA,NA,NA,NA,NA,NA,0,0,0,0,0,0,0,0,0,NA,0,NA,1.1,0.29652,9.125,5.78214,0.11,0.118608,NA,NA,NA,NA,NA,NA,NA,NA,NA,NA,NA,NA,NA,NA,NA,NA,NA,NA,NA,NA,NA,NA,NA,NA,NA,NA
"313","Geoff Swaim","TEN","TE","2553454","robust",NA,NA,NA,NA,NA,NA,NA,NA,NA,NA,0,0,0.005,0.007413,0,0,0,0,0,NA,0,NA,1.6,0.289107,13.15,1.512252,0.1,0.014826,NA,NA,NA,NA,NA,NA,NA,NA,NA,NA,NA,NA,NA,NA,NA,NA,NA,NA,NA,NA,NA,NA,NA,NA,NA,NA
"314","Marcedes Lewis","GB","TE","2495888","robust",NA,NA,NA,NA,NA,NA,NA,NA,NA,NA,0,0,0.01125,0.01667925,0,0,0.0875,0.0185325,0,NA,0,NA,1.1,0.437367,10.875,1.70499,0.035,0.014826,NA,NA,NA,NA,NA,NA,NA,NA,NA,NA,NA,NA,NA,NA,NA,NA,NA,NA,NA,NA,NA,NA,NA,NA,NA,NA
"315","Jody Fortson","KC","TE","2563259","robust",NA,NA,NA,NA,NA,NA,NA,NA,NA,NA,0,0,0.0166666666666667,0.012355,0,0,0,0,0,NA,0,NA,1,0.259455,10.75,4.418148,0.09,0.029652,NA,NA,NA,NA,NA,NA,NA,NA,NA,NA,NA,NA,NA,NA,NA,NA,NA,NA,NA,NA,NA,NA,NA,NA,NA,NA
"316","Cade Otton","TB","TE","2568312","robust",NA,NA,NA,NA,NA,NA,NA,NA,NA,NA,0,0,0.025,0.037065,0,0,0,0,0,NA,0,NA,0.95,0.289107,8.875,3.098634,0.07,0.037065,NA,NA,NA,NA,NA,NA,NA,NA,NA,NA,NA,NA,NA,NA,NA,NA,NA,NA,NA,NA,NA,NA,NA,NA,NA,NA
"317","Tanner Hudson","NYG","TE","2561215","robust",NA,NA,NA,NA,NA,NA,NA,NA,NA,NA,0,0,0,0,0,0,0,0,0,NA,0,NA,1.2,0,12.225,0,0.075,0,NA,NA,NA,NA,NA,NA,NA,NA,NA,NA,NA,NA,NA,NA,NA,NA,NA,NA,NA,NA,NA,NA,NA,NA,NA,NA
"318","Tre' McKitty","LAC","TE","2566490","robust",NA,NA,NA,NA,NA,NA,NA,NA,NA,NA,0,0,0.0075,0.007413,0,0,0,0,0,NA,0,NA,1.2,0.00741300000000001,11.5,0.896973000000001,0.0925,0.00741300000000001,NA,NA,NA,NA,NA,NA,NA,NA,NA,NA,NA,NA,NA,NA,NA,NA,NA,NA,NA,NA,NA,NA,NA,NA,NA,NA
"319","Maxx Williams","ARI","TE","2552468","robust",NA,NA,NA,NA,NA,NA,NA,NA,NA,NA,0,0,0,0,0,0,0,0,0,NA,0,NA,0.8,0.14826,8.5,1.4826,0.05,0.059304,NA,NA,NA,NA,NA,NA,NA,NA,NA,NA,NA,NA,NA,NA,NA,NA,NA,NA,NA,NA,NA,NA,NA,NA,NA,NA
"320","Parker Hesse","ATL","TE","2563272","robust",NA,NA,NA,NA,NA,NA,NA,NA,NA,NA,0,0,0.00375,0.00555975,0,0,0,0,0,NA,0,NA,1.105,0.22239,9.6,0.37065,0.075,0,NA,NA,NA,NA,NA,NA,NA,NA,NA,NA,NA,NA,NA,NA,NA,NA,NA,NA,NA,NA,NA,NA,NA,NA,NA,NA
"321","Richard Rodgers","LAC","TE","2550313","robust",NA,NA,NA,NA,NA,NA,NA,NA,NA,NA,0,0,0,0,0,0,0,0,NA,NA,NA,NA,1,0,11,0,0.1,0,NA,NA,NA,NA,NA,NA,NA,NA,NA,NA,NA,NA,NA,NA,NA,NA,NA,NA,NA,NA,NA,NA,NA,NA,NA,NA
"322","Johnny Mundt","MIN","TE","2558875","robust",NA,NA,NA,NA,NA,NA,NA,NA,NA,NA,0,0,0.01625,0,0,0,0,0,0,NA,0,NA,1,0.14826,8,0.667169999999999,0.07,0.044478,NA,NA,NA,NA,NA,NA,NA,NA,NA,NA,NA,NA,NA,NA,NA,NA,NA,NA,NA,NA,NA,NA,NA,NA,NA,NA
"323","Eric Tomlinson","DEN","TE","2553744","robust",NA,NA,NA,NA,NA,NA,NA,NA,NA,NA,NA,NA,0,0,0,0,0,0,NA,NA,NA,NA,0.8,0.29652,8.7,3.40998,0.05,0.07413,NA,NA,NA,NA,NA,NA,NA,NA,NA,NA,NA,NA,NA,NA,NA,NA,NA,NA,NA,NA,NA,NA,NA,NA,NA,NA
"324","Eric Saubert","DEN","TE","2558023","robust",NA,NA,NA,NA,NA,NA,NA,NA,NA,NA,0,0,0,0,0,0,0,0,0,NA,0,NA,0.75,0.14826,7.45,1.77912,0.1,0,NA,NA,NA,NA,NA,NA,NA,NA,NA,NA,NA,NA,NA,NA,NA,NA,NA,NA,NA,NA,NA,NA,NA,NA,NA,NA
"325","Noah Gray","KC","TE","2566178","robust",NA,NA,NA,NA,NA,NA,NA,NA,NA,NA,0,0,0.0133333333333333,0.019768,0,0,0,0,0,NA,0,NA,0.875,0.14826,8.435,2.37216,0.1,0,NA,NA,NA,NA,NA,NA,NA,NA,NA,NA,NA,NA,NA,NA,NA,NA,NA,NA,NA,NA,NA,NA,NA,NA,NA,NA
"326","Devin Asiasi","CIN","TE","2564586","robust",NA,NA,NA,NA,NA,NA,NA,NA,NA,NA,0,0,0,0,0,0,0,0,0,NA,0,NA,0.7,0,10.175,0,0.1,0,NA,NA,NA,NA,NA,NA,NA,NA,NA,NA,NA,NA,NA,NA,NA,NA,NA,NA,NA,NA,NA,NA,"Q","Quadriceps",2,2022
"327","Ross Dwelley","SF","TE","2561060","robust",NA,NA,NA,NA,NA,NA,NA,NA,NA,NA,0,0,0,0,0,0,0,0,0,NA,0,NA,0.59,0.14826,6,1.33434,0.1,0,NA,NA,NA,NA,NA,NA,NA,NA,NA,NA,NA,NA,NA,NA,NA,NA,NA,NA,NA,NA,NA,NA,NA,NA,NA,NA
"328","Chris Myarick","NYG","TE","2563210","robust",NA,NA,NA,NA,NA,NA,NA,NA,NA,NA,0,0,0.015,0.0111195,0,0,0,0,0,NA,0,NA,0.8075,0.170499,6.675,2.083053,0.0925,0.044478,NA,NA,NA,NA,NA,NA,NA,NA,NA,NA,NA,NA,NA,NA,NA,NA,NA,NA,NA,NA,NA,NA,NA,NA,NA,NA
"329","Jack Stoll","PHI","TE","2567061","robust",NA,NA,NA,NA,NA,NA,NA,NA,NA,NA,0,0,0,0,0,0,0,0,0,NA,0,NA,0.5775,0.44478,5.5675,5.04084,0.005,0,NA,NA,NA,NA,NA,NA,NA,NA,NA,NA,NA,NA,NA,NA,NA,NA,NA,NA,NA,NA,NA,NA,NA,NA,NA,NA
"330","Stephen Anderson","ARI","TE","2556463","robust",NA,NA,NA,NA,NA,NA,NA,NA,NA,NA,0,0,0,0,0,0,0,0,0,NA,0,NA,0.5,0.29652,5.81,3.884412,0.01,0,NA,NA,NA,NA,NA,NA,NA,NA,NA,NA,NA,NA,NA,NA,NA,NA,NA,NA,NA,NA,NA,NA,NA,NA,NA,NA
"331","Jesper Horsted","LVR","TE","2563270","robust",NA,NA,NA,NA,NA,NA,NA,NA,NA,NA,0,0,0,0,0,0,0,0,0,NA,0,NA,0.3475,0.22239,3.8425,3.33585,0.1,0,NA,NA,NA,NA,NA,NA,NA,NA,NA,NA,NA,NA,NA,NA,NA,NA,NA,NA,NA,NA,NA,NA,NA,NA,NA,NA
"332","Brycen Hopkins","LAR","TE","2564349","robust",NA,NA,NA,NA,NA,NA,NA,NA,NA,NA,0,0,0.005,0.007413,0,0,0,0,0,NA,0,NA,0.7,0.096369,6.78,1.497426,0.025,0.022239,NA,NA,NA,NA,NA,NA,NA,NA,NA,NA,NA,NA,NA,NA,NA,NA,NA,NA,NA,NA,NA,NA,NA,NA,NA,NA
"333","Ko Kieft","TB","TE","2568306","robust",NA,NA,NA,NA,NA,NA,NA,NA,NA,NA,NA,NA,NA,NA,NA,NA,0,0,NA,NA,NA,NA,0.7,0.14826,7.25,1.70499,0.1,0,NA,NA,NA,NA,NA,NA,NA,NA,NA,NA,NA,NA,NA,NA,NA,NA,NA,NA,NA,NA,NA,NA,NA,NA,NA,NA
"334","Chargers","LAC","DST","100028","robust",NA,NA,NA,NA,NA,NA,NA,NA,NA,NA,NA,NA,NA,NA,NA,NA,NA,NA,NA,NA,NA,NA,NA,NA,NA,NA,NA,NA,0.7,0.103782,2.09,0.14826,0.00666666666666667,0.009884,0.14,0.059304,0,NA,NA,NA,NA,NA,NA,NA,NA,NA,NA,NA,NA,NA,NA,NA,NA,NA
"335","Titans","TEN","DST","100012","robust",NA,NA,NA,NA,NA,NA,NA,NA,NA,NA,NA,NA,NA,NA,NA,NA,NA,NA,NA,NA,NA,NA,NA,NA,NA,NA,NA,NA,0.935,0.0741300000000001,2.24,0.0148259999999997,0.00666666666666667,0.009884,0.12,0.029652,0,NA,NA,NA,NA,NA,NA,NA,NA,NA,NA,NA,NA,NA,NA,NA,NA,NA
"336","Falcons","ATL","DST","100001","robust",NA,NA,NA,NA,NA,NA,NA,NA,NA,NA,NA,NA,NA,NA,NA,NA,NA,NA,NA,NA,NA,NA,NA,NA,NA,NA,NA,NA,0.845,0.0593040000000001,1.7,0.14826,0.04,0.029652,0.15,0.07413,0,NA,NA,NA,NA,NA,NA,NA,NA,NA,NA,NA,NA,NA,NA,NA,NA,NA
"337","Cardinals","ARI","DST","100026","robust",NA,NA,NA,NA,NA,NA,NA,NA,NA,NA,NA,NA,NA,NA,NA,NA,NA,NA,NA,NA,NA,NA,NA,NA,NA,NA,NA,NA,0.8,0.281694,2.2,0.148259999999999,0.0133333333333333,0.019768,0.13,0.044478,0,NA,NA,NA,NA,NA,NA,NA,NA,NA,NA,NA,NA,NA,NA,NA,NA,NA
"338","Texans","HOU","DST","100013","robust",NA,NA,NA,NA,NA,NA,NA,NA,NA,NA,NA,NA,NA,NA,NA,NA,NA,NA,NA,NA,NA,NA,NA,NA,NA,NA,NA,NA,0.67,0.14826,2.185,0.163086,0.0433333333333333,0.019768,0.16,0.059304,0,NA,NA,NA,NA,NA,NA,NA,NA,NA,NA,NA,NA,NA,NA,NA,NA,NA
"339","Jaguars","JAC","DST","100015","robust",NA,NA,NA,NA,NA,NA,NA,NA,NA,NA,NA,NA,NA,NA,NA,NA,NA,NA,NA,NA,NA,NA,NA,NA,NA,NA,NA,NA,0.65,0.014826,2.11,0.252042,0.0133333333333333,0.019768,0.13,0.059304,0,NA,NA,NA,NA,NA,NA,NA,NA,NA,NA,NA,NA,NA,NA,NA,NA,NA
"340","Bears","CHI","DST","100005","robust",NA,NA,NA,NA,NA,NA,NA,NA,NA,NA,NA,NA,NA,NA,NA,NA,NA,NA,NA,NA,NA,NA,NA,NA,NA,NA,NA,NA,0.47,0.14826,2.5,0.14826,0.0433333333333333,0.019768,0.12,0,0,NA,NA,NA,NA,NA,NA,NA,NA,NA,NA,NA,NA,NA,NA,NA,NA,NA
"341","Raiders","LVR","DST","100018","robust",NA,NA,NA,NA,NA,NA,NA,NA,NA,NA,NA,NA,NA,NA,NA,NA,NA,NA,NA,NA,NA,NA,NA,NA,NA,NA,NA,NA,0.745,0.0741300000000001,2.045,0.207564,0.0133333333333333,0.019768,0.1,0.07413,0,NA,NA,NA,NA,NA,NA,NA,NA,NA,NA,NA,NA,NA,NA,NA,NA,NA
"342","Vikings","MIN","DST","100020","robust",NA,NA,NA,NA,NA,NA,NA,NA,NA,NA,NA,NA,NA,NA,NA,NA,NA,NA,NA,NA,NA,NA,NA,NA,NA,NA,NA,NA,0.8,0,2.495,0.281694,0.00666666666666667,0.009884,0.15,0.059304,0,NA,NA,NA,NA,NA,NA,NA,NA,NA,NA,NA,NA,NA,NA,NA,NA,NA
"343","Eagles","PHI","DST","100025","robust",NA,NA,NA,NA,NA,NA,NA,NA,NA,NA,NA,NA,NA,NA,NA,NA,NA,NA,NA,NA,NA,NA,NA,NA,NA,NA,NA,NA,0.735,0.14826,1.985,0.696822,0.01,0.014826,0.16,0.088956,0,NA,NA,NA,NA,NA,NA,NA,NA,NA,NA,NA,NA,NA,NA,NA,NA,NA
"344","Bengals","CIN","DST","100006","robust",NA,NA,NA,NA,NA,NA,NA,NA,NA,NA,NA,NA,NA,NA,NA,NA,NA,NA,NA,NA,NA,NA,NA,NA,NA,NA,NA,NA,0.9,0,2.45,0.22239,0.01,0.014826,0.175,0.014826,0,NA,NA,NA,NA,NA,NA,NA,NA,NA,NA,NA,NA,NA,NA,NA,NA,NA
"345","Jets","NYJ","DST","100024","robust",NA,NA,NA,NA,NA,NA,NA,NA,NA,NA,NA,NA,NA,NA,NA,NA,NA,NA,NA,NA,NA,NA,NA,NA,NA,NA,NA,NA,0.7,0,2.295,0.0889560000000001,0.0133333333333333,0.019768,0.115,0,0,NA,NA,NA,NA,NA,NA,NA,NA,NA,NA,NA,NA,NA,NA,NA,NA,NA
"346","Steelers","PIT","DST","100027","robust",NA,NA,NA,NA,NA,NA,NA,NA,NA,NA,NA,NA,NA,NA,NA,NA,NA,NA,NA,NA,NA,NA,NA,NA,NA,NA,NA,NA,1.055,0.266868,2.65,0.340998,0.0133333333333333,0.019768,0.185,0,0,NA,NA,NA,NA,NA,NA,NA,NA,NA,NA,NA,NA,NA,NA,NA,NA,NA
"347","Commanders","WAS","DST","100032","robust",NA,NA,NA,NA,NA,NA,NA,NA,NA,NA,NA,NA,NA,NA,NA,NA,NA,NA,NA,NA,NA,NA,NA,NA,NA,NA,NA,NA,0.75,0.029652,2.1,0.14826,0.0133333333333333,0.019768,0.16,0.059304,0,NA,NA,NA,NA,NA,NA,NA,NA,NA,NA,NA,NA,NA,NA,NA,NA,NA
"348","Seahawks","SEA","DST","100030","robust",NA,NA,NA,NA,NA,NA,NA,NA,NA,NA,NA,NA,NA,NA,NA,NA,NA,NA,NA,NA,NA,NA,NA,NA,NA,NA,NA,NA,0.7,0,1.895,0.14826,0.0433333333333333,0.019768,0.1,0.07413,0,NA,NA,NA,NA,NA,NA,NA,NA,NA,NA,NA,NA,NA,NA,NA,NA,NA
"349","Saints","NO","DST","100022","robust",NA,NA,NA,NA,NA,NA,NA,NA,NA,NA,NA,NA,NA,NA,NA,NA,NA,NA,NA,NA,NA,NA,NA,NA,NA,NA,NA,NA,0.8,0,1.91,0.029652,0.01,0.014826,0.14,0.059304,0,NA,NA,NA,NA,NA,NA,NA,NA,NA,NA,NA,NA,NA,NA,NA,NA,NA
"350","Cowboys","DAL","DST","100008","robust",NA,NA,NA,NA,NA,NA,NA,NA,NA,NA,NA,NA,NA,NA,NA,NA,NA,NA,NA,NA,NA,NA,NA,NA,NA,NA,NA,NA,0.96,0.711648,2.81,0.415128,0.0333333333333333,0.04942,0.17,0.07413,0,NA,NA,NA,NA,NA,NA,NA,NA,NA,NA,NA,NA,NA,NA,NA,NA,NA
"351","Chiefs","KC","DST","100016","robust",NA,NA,NA,NA,NA,NA,NA,NA,NA,NA,NA,NA,NA,NA,NA,NA,NA,NA,NA,NA,NA,NA,NA,NA,NA,NA,NA,NA,0.8,0.103782,2.01,0.385476,0.01,0.014826,0.16,0.059304,0,NA,NA,NA,NA,NA,NA,NA,NA,NA,NA,NA,NA,NA,NA,NA,NA,NA
"352","Lions","DET","DST","100010","robust",NA,NA,NA,NA,NA,NA,NA,NA,NA,NA,NA,NA,NA,NA,NA,NA,NA,NA,NA,NA,NA,NA,NA,NA,NA,NA,NA,NA,0.765,0.14826,2.12,0.14826,0.0166666666666667,0.02471,0.13,0.059304,0,NA,NA,NA,NA,NA,NA,NA,NA,NA,NA,NA,NA,NA,NA,NA,NA,NA
"353","Dolphins","MIA","DST","100019","robust",NA,NA,NA,NA,NA,NA,NA,NA,NA,NA,NA,NA,NA,NA,NA,NA,NA,NA,NA,NA,NA,NA,NA,NA,NA,NA,NA,NA,0.95,0.0741300000000001,2.8,0.44478,0.0133333333333333,0.019768,0.2,0.07413,0,NA,NA,NA,NA,NA,NA,NA,NA,NA,NA,NA,NA,NA,NA,NA,NA,NA
"354","Panthers","CAR","DST","100004","robust",NA,NA,NA,NA,NA,NA,NA,NA,NA,NA,NA,NA,NA,NA,NA,NA,NA,NA,NA,NA,NA,NA,NA,NA,NA,NA,NA,NA,0.8,0.0296519999999999,2.45,0.222390000000001,0.0433333333333333,0.019768,0.14,0.059304,0,NA,NA,NA,NA,NA,NA,NA,NA,NA,NA,NA,NA,NA,NA,NA,NA,NA
"355","Giants","NYG","DST","100023","robust",NA,NA,NA,NA,NA,NA,NA,NA,NA,NA,NA,NA,NA,NA,NA,NA,NA,NA,NA,NA,NA,NA,NA,NA,NA,NA,NA,NA,0.92,0.118608,2.6,0.0444779999999997,0.0133333333333333,0.019768,0.175,0.029652,0,NA,NA,NA,NA,NA,NA,NA,NA,NA,NA,NA,NA,NA,NA,NA,NA,NA
"356","Patriots","NE","DST","100021","robust",NA,NA,NA,NA,NA,NA,NA,NA,NA,NA,NA,NA,NA,NA,NA,NA,NA,NA,NA,NA,NA,NA,NA,NA,NA,NA,NA,NA,0.95,0.044478,2,0.14826,0.01,0.014826,0.18,0.014826,0,NA,NA,NA,NA,NA,NA,NA,NA,NA,NA,NA,NA,NA,NA,NA,NA,NA
"357","Buccaneers","TB","DST","100031","robust",NA,NA,NA,NA,NA,NA,NA,NA,NA,NA,NA,NA,NA,NA,NA,NA,NA,NA,NA,NA,NA,NA,NA,NA,NA,NA,NA,NA,0.99,0.029652,2.6,0.29652,0.01,0.014826,0.14,0.059304,0,NA,NA,NA,NA,NA,NA,NA,NA,NA,NA,NA,NA,NA,NA,NA,NA,NA
"358","Colts","IND","DST","100014","robust",NA,NA,NA,NA,NA,NA,NA,NA,NA,NA,NA,NA,NA,NA,NA,NA,NA,NA,NA,NA,NA,NA,NA,NA,NA,NA,NA,NA,0.945,0.14826,2.125,0.29652,0.01,0.014826,0.18,0.029652,0,NA,NA,NA,NA,NA,NA,NA,NA,NA,NA,NA,NA,NA,NA,NA,NA,NA
"359","Ravens","BAL","DST","100002","robust",NA,NA,NA,NA,NA,NA,NA,NA,NA,NA,NA,NA,NA,NA,NA,NA,NA,NA,NA,NA,NA,NA,NA,NA,NA,NA,NA,NA,0.84,0.0889560000000001,2.115,0.0444779999999997,0.0166666666666667,0.02471,0.15,0.07413,0,NA,NA,NA,NA,NA,NA,NA,NA,NA,NA,NA,NA,NA,NA,NA,NA,NA
"360","Broncos","DEN","DST","100009","robust",NA,NA,NA,NA,NA,NA,NA,NA,NA,NA,NA,NA,NA,NA,NA,NA,NA,NA,NA,NA,NA,NA,NA,NA,NA,NA,NA,NA,0.9,0.192738,2.6,0.29652,0.05,0,0.18,0.014826,0,NA,NA,NA,NA,NA,NA,NA,NA,NA,NA,NA,NA,NA,NA,NA,NA,NA
"361","Bills","BUF","DST","100003","robust",NA,NA,NA,NA,NA,NA,NA,NA,NA,NA,NA,NA,NA,NA,NA,NA,NA,NA,NA,NA,NA,NA,NA,NA,NA,NA,NA,NA,1.05,0.252042,2.96,0.0889560000000001,0.02,0.029652,0.18,0.014826,0,NA,NA,NA,NA,NA,NA,NA,NA,NA,NA,NA,NA,NA,NA,NA,NA,NA
"362","Packers","GB","DST","100011","robust",NA,NA,NA,NA,NA,NA,NA,NA,NA,NA,NA,NA,NA,NA,NA,NA,NA,NA,NA,NA,NA,NA,NA,NA,NA,NA,NA,NA,1.2,0.14826,3.3,0.44478,0.02,0.029652,0.19,0.029652,0,NA,NA,NA,NA,NA,NA,NA,NA,NA,NA,NA,NA,NA,NA,NA,NA,NA
"363","Rams","LAR","DST","100017","robust",NA,NA,NA,NA,NA,NA,NA,NA,NA,NA,NA,NA,NA,NA,NA,NA,NA,NA,NA,NA,NA,NA,NA,NA,NA,NA,NA,NA,1.085,0.44478,3.16,0.44478,0.02,0.029652,0.175,0.014826,0,NA,NA,NA,NA,NA,NA,NA,NA,NA,NA,NA,NA,NA,NA,NA,NA,NA
"364","49ers","SF","DST","100029","robust",NA,NA,NA,NA,NA,NA,NA,NA,NA,NA,NA,NA,NA,NA,NA,NA,NA,NA,NA,NA,NA,NA,NA,NA,NA,NA,NA,NA,0.775,0.14826,3.465,0.66717,0.0533333333333333,0.00988399999999999,0.12,0,0,NA,NA,NA,NA,NA,NA,NA,NA,NA,NA,NA,NA,NA,NA,NA,NA,NA
"365","Browns","CLE","DST","100007","robust",NA,NA,NA,NA,NA,NA,NA,NA,NA,NA,NA,NA,NA,NA,NA,NA,NA,NA,NA,NA,NA,NA,NA,NA,NA,NA,NA,NA,0.885,0.0741300000000001,2.8,1.022994,0.0233333333333333,0.034594,0.17,0.029652,0,NA,NA,NA,NA,NA,NA,NA,NA,NA,NA,NA,NA,NA,NA,NA,NA,NA
"366","Matt Gay","LAR","K","2562271","robust",NA,NA,NA,NA,NA,NA,NA,NA,NA,NA,NA,NA,NA,NA,NA,NA,NA,NA,NA,NA,NA,NA,NA,NA,NA,NA,NA,NA,NA,NA,NA,NA,NA,NA,NA,NA,NA,NA,0.00590673575129534,0.00245819689119171,0.510943015606593,0.0515822183828358,0.701326706641692,0.105781843878469,0.539258210460228,0.0423571877812645,0.192022370260712,0.0145996085204375,2.985,0.7413,NA,NA,NA,NA
"367","Matt Ammendola","KC","K","2565555","robust",NA,NA,NA,NA,NA,NA,NA,NA,NA,NA,NA,NA,NA,NA,NA,NA,NA,NA,NA,NA,NA,NA,NA,NA,NA,NA,NA,NA,NA,NA,NA,NA,NA,NA,NA,NA,NA,NA,0.01,0.004942,0.38,0.064246,0.53,0.170087166666667,0.27,0.0687761666666666,0.0633333333333333,0.0107076666666667,3,0.44478,NA,NA,NA,NA
"368","Chase McLaughlin","IND","K","2563203","robust",NA,NA,NA,NA,NA,NA,NA,NA,NA,NA,NA,NA,NA,NA,NA,NA,NA,NA,NA,NA,NA,NA,NA,NA,NA,NA,NA,NA,NA,NA,NA,NA,NA,NA,NA,NA,NA,NA,0.04,0.0357107019230769,0.44,0.059304,0.46,0.088956,0.51,0.0930307740384615,0.194615384615385,0.100740769230769,2.5,0.14826,NA,NA,NA,NA
"369","Tyler Bass","BUF","K","2563596","robust",NA,NA,NA,NA,NA,NA,NA,NA,NA,NA,NA,NA,NA,NA,NA,NA,NA,NA,NA,NA,NA,NA,NA,NA,NA,NA,NA,NA,NA,NA,NA,NA,NA,NA,NA,NA,NA,NA,0.0122710770471964,0.00673419766034691,0.7,0.0838532572556846,0.517253061051176,0.0133615532578926,0.531331318413015,0.0968512507165453,0.112500846711373,0.0370675106685633,3.015,0.192738,NA,NA,NA,NA
"370","Chris Boswell","PIT","K","2550545","robust",NA,NA,NA,NA,NA,NA,NA,NA,NA,NA,NA,NA,NA,NA,NA,NA,NA,NA,NA,NA,NA,NA,NA,NA,NA,NA,NA,NA,NA,NA,NA,NA,NA,NA,NA,NA,NA,NA,0.00607388316151203,0.00611381443298969,0.5,0.029652,0.561939901299641,0.0889560000000001,0.575192491538124,0.0790580726300286,0.321562066678724,0.0504210924217761,1.95,0.29652,NA,NA,NA,NA
"371","Brett Maher","DAL","K","2540243","robust",NA,NA,NA,NA,NA,NA,NA,NA,NA,NA,NA,NA,NA,NA,NA,NA,NA,NA,NA,NA,NA,NA,NA,NA,NA,NA,NA,NA,NA,NA,NA,NA,NA,NA,NA,NA,NA,NA,0.00934426229508197,0.00267354098360656,0.40279544158845,0.118608,0.62532034075764,0.0646255707594899,0.45618401044695,0.103782,0.199072483186213,0.0351252805800757,2.075,0.548562,NA,NA,NA,NA
"372","Mason Crosby","GB","K","2507232","robust",NA,NA,NA,NA,NA,NA,NA,NA,NA,NA,NA,NA,NA,NA,NA,NA,NA,NA,NA,NA,NA,NA,NA,NA,NA,NA,NA,NA,NA,NA,NA,NA,NA,NA,NA,NA,NA,NA,0.0171875,0.010192875,0.487537715517241,0.0889560000000001,0.4775,0.0740021896551725,0.325043103448276,0.126084905172414,0.165338541666667,0.044478,2.93,0.0148259999999997,NA,NA,NA,NA
"373","Daniel Carlson","LVR","K","2560993","robust",NA,NA,NA,NA,NA,NA,NA,NA,NA,NA,NA,NA,NA,NA,NA,NA,NA,NA,NA,NA,NA,NA,NA,NA,NA,NA,NA,NA,NA,NA,NA,NA,NA,NA,NA,NA,NA,NA,0.00533950617283951,0.002471,0.667906105927249,0.04758240735226,0.602630868871935,0.00780105237906159,0.558684583290003,0.0612542368142413,0.262441530557473,0.00361981320450887,2.35,0.266868,NA,NA,NA,NA
"374","Jake Elliott","PHI","K","2558172","robust",NA,NA,NA,NA,NA,NA,NA,NA,NA,NA,NA,NA,NA,NA,NA,NA,NA,NA,NA,NA,NA,NA,NA,NA,NA,NA,NA,NA,NA,NA,NA,NA,NA,NA,NA,NA,NA,NA,0.00616666666666667,0.00156063157894737,0.514030334014997,0.0860807464212679,0.656277580454203,0.152048281562803,0.525,0.0519366115057583,0.168586257309942,0.0382065730994152,2.28,0.148259999999999,NA,NA,NA,NA
"375","Dustin Hopkins","LAC","K","2539227","robust",NA,NA,NA,NA,NA,NA,NA,NA,NA,NA,NA,NA,NA,NA,NA,NA,NA,NA,NA,NA,NA,NA,NA,NA,NA,NA,NA,NA,NA,NA,NA,NA,NA,NA,NA,NA,NA,NA,0.033814888371456,0.014826,0.444759780009061,0.119320300317133,0.40814577780002,0.14826,0.517619464667643,0.103782,0.119338354598422,0.0277729173980382,2.35,0.29652,NA,NA,NA,NA
"376","Greg Joseph","MIN","K","2561534","robust",NA,NA,NA,NA,NA,NA,NA,NA,NA,NA,NA,NA,NA,NA,NA,NA,NA,NA,NA,NA,NA,NA,NA,NA,NA,NA,NA,NA,NA,NA,NA,NA,NA,NA,NA,NA,NA,NA,0.00641304347826087,0.00161152173913043,0.572469286627695,0.0640139769820972,0.580410196687371,0.0889560000000001,0.447854440689319,0.0614059750639386,0.2771656543052,0.000916355498721253,2.3,0,NA,NA,NA,NA
"377","Evan McPherson","CIN","K","2565953","robust",NA,NA,NA,NA,NA,NA,NA,NA,NA,NA,NA,NA,NA,NA,NA,NA,NA,NA,NA,NA,NA,NA,NA,NA,NA,NA,NA,NA,NA,NA,NA,NA,NA,NA,NA,NA,NA,NA,0.00811688311688312,0.0240681818181818,0.504607013781326,0.013660717264387,0.680855077644068,0.00126773811509588,0.469198141308233,0.00237767139282741,0.359452983306194,0.0601150069502364,2.255,0.133434,NA,NA,NA,NA
"378","Austin Seibert","DET","K","2562729","robust",NA,NA,NA,NA,NA,NA,NA,NA,NA,NA,NA,NA,NA,NA,NA,NA,NA,NA,NA,NA,NA,NA,NA,NA,NA,NA,NA,NA,NA,NA,NA,NA,NA,NA,NA,NA,NA,NA,0.00675824175824176,0.000868923076923077,0.400926326843446,0.0963913576505016,0.678430109292881,0.109297920150502,0.532475488732282,0.137345703386288,0.165,0.0215239487179487,2.395,0.148259999999999,NA,NA,NA,NA
"379","Ryan Succop","TB","K","89802","robust",NA,NA,NA,NA,NA,NA,NA,NA,NA,NA,NA,NA,NA,NA,NA,NA,NA,NA,NA,NA,NA,NA,NA,NA,NA,NA,NA,NA,NA,NA,NA,NA,NA,NA,NA,NA,NA,NA,0,0,0.6025,0.0428467141251404,0.5025,0.0351022723866615,0.491142867178719,0.07413,0.11041338828525,0.038069509179468,2.75,0.133434,NA,NA,NA,NA
"380","Justin Tucker","BAL","K","2536340","robust",NA,NA,NA,NA,NA,NA,NA,NA,NA,NA,NA,NA,NA,NA,NA,NA,NA,NA,NA,NA,NA,NA,NA,NA,NA,NA,NA,NA,NA,NA,NA,NA,NA,NA,NA,NA,NA,NA,0.014047619047619,0.00541266666666667,0.595760122230711,0.00628604278074857,0.59156162464986,0.123238529411765,0.59205500381971,0.0117792513368984,0.249393090569561,0.0750298039215686,2.5,0.14826,NA,NA,NA,NA
"381","Robbie Gould","SF","K","2506264","robust",NA,NA,NA,NA,NA,NA,NA,NA,NA,NA,NA,NA,NA,NA,NA,NA,NA,NA,NA,NA,NA,NA,NA,NA,NA,NA,NA,NA,NA,NA,NA,NA,NA,NA,NA,NA,NA,NA,0.0122871760116371,0.00977894492197831,0.499144587747821,0.143187063179675,0.44319032274375,0.103782,0.61,0.0889559999999999,0.153016257759385,0.0419668270765593,2.6,0.266868,NA,NA,NA,NA
"382","Joey Slye","WAS","K","2563132","robust",NA,NA,NA,NA,NA,NA,NA,NA,NA,NA,NA,NA,NA,NA,NA,NA,NA,NA,NA,NA,NA,NA,NA,NA,NA,NA,NA,NA,NA,NA,NA,NA,NA,NA,NA,NA,NA,NA,0.00519774011299435,0.00329466666666667,0.529975489091237,0.0888833202533357,0.426724478603198,0.0928534166065632,0.457326827142685,0.125507507843491,0.177098399246704,0.0483597036723164,2.2,0.44478,NA,NA,NA,NA
"383","Cade York","CLE","K","2567487","robust",NA,NA,NA,NA,NA,NA,NA,NA,NA,NA,NA,NA,NA,NA,NA,NA,NA,NA,NA,NA,NA,NA,NA,NA,NA,NA,NA,NA,NA,NA,NA,NA,NA,NA,NA,NA,NA,NA,0.0036231884057971,0.00537173913043478,0.417978303747535,0.0628690547980447,0.529995926592916,0.0741541569333675,0.417573964497041,0.0574617159763313,0.206660092044707,0.0266302642998028,2.1575,0.103782,NA,NA,NA,NA
"384","Brandon McManus","DEN","K","2541556","robust",NA,NA,NA,NA,NA,NA,NA,NA,NA,NA,NA,NA,NA,NA,NA,NA,NA,NA,NA,NA,NA,NA,NA,NA,NA,NA,NA,NA,NA,NA,NA,NA,NA,NA,NA,NA,NA,NA,0.0300612353072459,0.0320812713137926,0.497056153804824,0.0959238940137877,0.518067257063268,0.0917502594479988,0.515,0.103782,0.334267139479905,0.0488241560283688,2.525,0.44478,NA,NA,NA,NA
"385","Younghoe Koo","ATL","K","2559205","robust",NA,NA,NA,NA,NA,NA,NA,NA,NA,NA,NA,NA,NA,NA,NA,NA,NA,NA,NA,NA,NA,NA,NA,NA,NA,NA,NA,NA,NA,NA,NA,NA,NA,NA,NA,NA,NA,NA,0,0,0.567185685948001,0.103782,0.551543586636267,0.0408163655249127,0.460902290805597,0.0112094141075058,0.329625399068404,0.0899414514052441,2.05,0.14826,NA,NA,NA,NA
"386","Matt Prater","ARI","K","2506677","robust",NA,NA,NA,NA,NA,NA,NA,NA,NA,NA,NA,NA,NA,NA,NA,NA,NA,NA,NA,NA,NA,NA,NA,NA,NA,NA,NA,NA,NA,NA,NA,NA,NA,NA,NA,NA,NA,NA,0.0204747728816437,0.003926158430973,0.576569876040075,0.152621698930209,0.504578451349974,0.135470403591442,0.385261079979623,0.0577556912888437,0.281237731363559,0.0202664798777381,2.3375,0.118608,NA,NA,NA,NA
"387","Nick Folk","NE","K","2507225","robust",NA,NA,NA,NA,NA,NA,NA,NA,NA,NA,NA,NA,NA,NA,NA,NA,NA,NA,NA,NA,NA,NA,NA,NA,NA,NA,NA,NA,NA,NA,NA,NA,NA,NA,NA,NA,NA,NA,0.00827512254901961,0.00263452205882353,0.48,0.118226448529412,0.507830882352941,0.0593040000000001,0.547215073529412,0.0402445955882354,0.219019607843137,0.04942,2.145,0.163086,NA,NA,NA,NA
"388","Wil Lutz","NO","K","2556601","robust",NA,NA,NA,NA,NA,NA,NA,NA,NA,NA,NA,NA,NA,NA,NA,NA,NA,NA,NA,NA,NA,NA,NA,NA,NA,NA,NA,NA,NA,NA,NA,NA,NA,NA,NA,NA,NA,NA,0.0141869918699187,0.015669756097561,0.45045030157015,0.0685505510960172,0.636570930548817,0.108637466502007,0.510422547376468,0.059304,0.202440960123887,0.0142038016260162,2.095,0.281694,NA,NA,NA,NA
"389","Kaimi Fairbairn","HOU","K","2556521","robust",NA,NA,NA,NA,NA,NA,NA,NA,NA,NA,NA,NA,NA,NA,NA,NA,NA,NA,NA,NA,NA,NA,NA,NA,NA,NA,NA,NA,NA,NA,NA,NA,NA,NA,NA,NA,NA,NA,0.0152027027027027,0.0360632432432432,0.435,0.0892558455598455,0.48,0.118608,0.442417264202978,0.044478,0.290410430839002,0.0581609523809525,1.9,0.29652,NA,NA,NA,NA
"390","Cairo Santos","CHI","K","2550636","robust",NA,NA,NA,NA,NA,NA,NA,NA,NA,NA,NA,NA,NA,NA,NA,NA,NA,NA,NA,NA,NA,NA,NA,NA,NA,NA,NA,NA,NA,NA,NA,NA,NA,NA,NA,NA,NA,NA,0.0150566893424036,0.00537904761904762,0.503157416812879,0.162932204266322,0.49111327223197,0.10836362206421,0.57418222417172,0.119633304891187,0.184274119904372,0.0658324843783667,1.665,0.192738,NA,NA,NA,NA
"391","Riley Patterson","JAC","K","2567013","robust",NA,NA,NA,NA,NA,NA,NA,NA,NA,NA,NA,NA,NA,NA,NA,NA,NA,NA,NA,NA,NA,NA,NA,NA,NA,NA,NA,NA,NA,NA,NA,NA,NA,NA,NA,NA,NA,NA,0.019097605893186,0.00448390178023327,0.489237481364553,0.145998979742173,0.53161463357596,0.173711538367096,0.565162091847175,0.0774797077961941,0.1,0.0266388232044199,1.785,0.37065,NA,NA,NA,NA
"392","Randy Bullock","TEN","K","2533444","robust",NA,NA,NA,NA,NA,NA,NA,NA,NA,NA,NA,NA,NA,NA,NA,NA,NA,NA,NA,NA,NA,NA,NA,NA,NA,NA,NA,NA,NA,NA,NA,NA,NA,NA,NA,NA,NA,NA,0.0144017094017094,0.00506871794871795,0.439852647352647,0.0997113916083917,0.57971361971362,0.11690965034965,0.48466033966034,0.118608,0.0953525641025641,0.0215420512820513,2.075,0.14826,NA,NA,NA,NA
"393","Jason Sanders","MIA","K","2561153","robust",NA,NA,NA,NA,NA,NA,NA,NA,NA,NA,NA,NA,NA,NA,NA,NA,NA,NA,NA,NA,NA,NA,NA,NA,NA,NA,NA,NA,NA,NA,NA,NA,NA,NA,NA,NA,NA,NA,0.00335570469798658,0.0049751677852349,0.386897124747807,0.151736894480586,0.427315796516655,0.133434,0.502706887944168,0.132111561740849,0.195283316291752,0.0139859105316973,2,0,NA,NA,NA,NA
"394","Jason Myers","SEA","K","2553112","robust",NA,NA,NA,NA,NA,NA,NA,NA,NA,NA,NA,NA,NA,NA,NA,NA,NA,NA,NA,NA,NA,NA,NA,NA,NA,NA,NA,NA,NA,NA,NA,NA,NA,NA,NA,NA,NA,NA,0.0206133621820089,0.00631456176239182,0.34063917101781,0.123662053072026,0.516777278091696,0.177912,0.455038862265456,0.226154117194764,0.174874661246612,0.0771379356984479,2,0,NA,NA,NA,NA
"395","Graham Gano","NYG","K","71309","robust",NA,NA,NA,NA,NA,NA,NA,NA,NA,NA,NA,NA,NA,NA,NA,NA,NA,NA,NA,NA,NA,NA,NA,NA,NA,NA,NA,NA,NA,NA,NA,NA,NA,NA,NA,NA,NA,NA,0.0158379373848987,0.00627988950276243,0.416278957061161,0.0320655181738878,0.746150245549417,0.0344914907434332,0.450247084100675,0.0359716477658234,0.334629616167491,0.0301025138121547,1.825,0.22239,NA,NA,NA,NA
"396","Aldrick Rosas","FA","K","2556771","robust",NA,NA,NA,NA,NA,NA,NA,NA,NA,NA,NA,NA,NA,NA,NA,NA,NA,NA,NA,NA,NA,NA,NA,NA,NA,NA,NA,NA,NA,NA,NA,NA,NA,NA,NA,NA,NA,NA,NA,NA,NA,NA,NA,NA,NA,NA,NA,NA,2,0,"O","Undisclosed",2,2022
"397","Eddy Pineiro","CAR","K","2560842","robust",NA,NA,NA,NA,NA,NA,NA,NA,NA,NA,NA,NA,NA,NA,NA,NA,NA,NA,NA,NA,NA,NA,NA,NA,NA,NA,NA,NA,NA,NA,NA,NA,NA,NA,NA,NA,NA,NA,0.0236897650338511,0.00852598327359617,0.483242195876604,0.118608,0.54909551818154,0.175230030511902,0.425148615323346,0.044478,0.154802943969611,0.0573046723646724,1.745,0.133434,NA,NA,NA,NA
"398","Greg Zuerlein","NYJ","K","2534797","robust",NA,NA,NA,NA,NA,NA,NA,NA,NA,NA,NA,NA,NA,NA,NA,NA,NA,NA,NA,NA,NA,NA,NA,NA,NA,NA,NA,NA,NA,NA,NA,NA,NA,NA,NA,NA,NA,NA,0.00403846153846154,0.00855346153846154,0.350543240442193,0.14671491363427,0.440226710041456,0.07413,0.397107107899585,0.0593040000000001,0.0726983532934132,0.0258678188622754,1.775,0.0741300000000001,NA,NA,NA,NA
"399","James McCourt","FA","K","2569215","robust",NA,NA,NA,NA,NA,NA,NA,NA,NA,NA,NA,NA,NA,NA,NA,NA,NA,NA,NA,NA,NA,NA,NA,NA,NA,NA,NA,NA,NA,NA,NA,NA,NA,NA,NA,NA,NA,NA,NA,NA,NA,NA,NA,NA,NA,NA,NA,NA,1.9,0,NA,NA,NA,NA
