"","player","team","position","id","avg_type","pass_att","pass_att_sd","pass_comp","pass_comp_sd","pass_yds","pass_yds_sd","pass_tds","pass_tds_sd","pass_int","pass_int_sd","rush_att","rush_att_sd","rush_yds","rush_yds_sd","rush_tds","rush_tds_sd","fumbles_lost","fumbles_lost_sd","two_pts","two_pts_sd","return_tds","return_tds_sd","rec","rec_sd","rec_yds","rec_yds_sd","rec_tds","rec_tds_sd","dst_int","dst_int_sd","dst_sacks","dst_sacks_sd","dst_safety","dst_safety_sd","dst_td","dst_td_sd","dst_blk","dst_blk_sd","fg_0019","fg_0019_sd","fg_2029","fg_2029_sd","fg_3039","fg_3039_sd","fg_4049","fg_4049_sd","fg_50","fg_50_sd","xp","xp_sd","injury_status","injury_details","season_year","week"
"1","Jared Goff","DET","QB","12611","robust",35.705,0.904385999999999,24.435,0.696822000000001,273.7,5.11496999999998,1.745,0.355824,0.7375,0.22239,1.84,0.252042,4.4475,2.14977,0.09,0.00741300000000001,0.116875,0.01667925,0.09,0,0,NA,NA,NA,NA,NA,NA,NA,NA,NA,NA,NA,NA,NA,NA,NA,NA,NA,NA,NA,NA,NA,NA,NA,NA,NA,NA,NA,NA,NA,NA,NA,NA,NA
"2","Tua Tagovailoa","MIA","QB","14778","robust",33.85,1.18073423719284,23.2,0.357069355585695,273.255,4.59605999999995,1.93,0.207564,0.8,0.0667170000000001,2.48841954874403,0.706961645935783,6.8975,0.882147,0.05,0.051891,0.183125,0.01667925,0.03,0,0,NA,NA,NA,NA,NA,NA,NA,NA,NA,NA,NA,NA,NA,NA,NA,NA,NA,NA,NA,NA,NA,NA,NA,NA,NA,NA,NA,NA,NA,NA,NA,NA,NA
"3","Patrick Mahomes","KC","QB","13116","robust",38.55,1.26021,25.925,0.37065,284.2,24.75942,2,0.14826,0.8175,0.14826,4.65,0.355824,24.75,1.319514,0.1,0,0.10375,0.0037065,0.09,0,0,NA,NA,NA,NA,NA,NA,NA,NA,NA,NA,NA,NA,NA,NA,NA,NA,NA,NA,NA,NA,NA,NA,NA,NA,NA,NA,NA,NA,NA,NA,NA,NA,NA
"4","C.J. Stroud","HOU","QB","16150","robust",34.4828818883533,1.534491,21.7171571971287,1.68173452092589,269.5,4.89999299999997,1.935,0.0741300000000001,0.4,0.252042,2.35,0.0741300000000001,9.92,0.303933,0.105,0.014826,0.245,0.0333585,0.07,0,0,NA,NA,NA,NA,NA,NA,NA,NA,NA,NA,NA,NA,NA,NA,NA,NA,NA,NA,NA,NA,NA,NA,NA,NA,NA,NA,NA,NA,NA,NA,NA,NA,NA
"5","Dak Prescott","DAL","QB","12620","robust",35,0.447080433507815,24.1,0.293927287835183,266.645,11.949756,1.9,0.0667169999999999,0.75,0.22239,4.0690940574819,0.35109730075467,16.275,0.778365000000001,0.2,0,0.1275,0.00741300000000001,0.06,0,0,NA,NA,NA,NA,NA,NA,NA,NA,NA,NA,NA,NA,NA,NA,NA,NA,NA,NA,NA,NA,NA,NA,NA,NA,NA,NA,NA,NA,NA,NA,NA,NA,NA
"6","Sam Howell","WAS","QB","15693","robust",36.075,1.03782,23.3775,1.178667,262,8.8956,1.7375,0.214977,0.9,0.14826,3.75,0.200151,17.4675,1.727229,0.1,0,0.14,0.029652,0.07,0,0,NA,NA,NA,NA,NA,NA,NA,NA,NA,NA,NA,NA,NA,NA,NA,NA,NA,NA,NA,NA,NA,NA,NA,NA,NA,NA,NA,NA,NA,NA,NA,NA,NA
"7","Brock Purdy","SF","QB","15698","robust",30.9605799057911,2.27751053665162,20.9952843596907,1.304688,263.4675,7.11648000000002,1.7525,0.22239,0.5425,0.126021,3.295,0.578214,11.9925,2.2239,0.15,0.07413,0.1375,0.02779875,0.06,0,0,NA,NA,NA,NA,NA,NA,NA,NA,NA,NA,NA,NA,NA,NA,NA,NA,NA,NA,NA,NA,NA,NA,NA,NA,NA,NA,NA,NA,NA,NA,NA,NA,NA
"8","Justin Herbert","LAC","QB","14779","robust",35.6226654287195,0.7413,24,0.444780000000001,261.75,5.1891,1.715,0.244629,0.8025,0.14826,3.975,0.37065,14.25,3.11346,0.18,0.00741300000000001,0.0575,0.02038575,0.13,0,0,NA,NA,NA,NA,NA,NA,NA,NA,NA,NA,NA,NA,NA,NA,NA,NA,NA,NA,NA,NA,NA,NA,NA,NA,NA,NA,NA,NA,NA,NA,NA,NA,NA
"9","Geno Smith","SEA","QB","11150","robust",34.0247552206715,1.534491,22.2075,0.70865017660718,252.385,9.6369,1.4,0.22239,0.83,0.177912,2.85,0.22239,11.8,0.941451,0.0575,0.07413,0.1775,0.022239,0.03,0,0,NA,NA,NA,NA,NA,NA,NA,NA,NA,NA,NA,NA,NA,NA,NA,NA,NA,NA,NA,NA,NA,NA,NA,NA,NA,NA,NA,NA,NA,NA,NA,NA,NA
"10","Joe Burrow","CIN","QB","14777","robust",37.85,2.379573,25,1.593795,254.2625,12.364884,1.6775,0.170499,0.85,0.133434,4.0075,1.26021,14.975,5.85627,0.1,0.014826,0.086875,0.01297275,0.16,0,0,NA,NA,NA,NA,NA,NA,NA,NA,NA,NA,NA,NA,NA,NA,NA,NA,NA,NA,NA,NA,NA,NA,NA,NA,NA,NA,NA,NA,NA,NA,NA,NA,NA
"11","Matthew Stafford","LAR","QB","9431","robust",32.325,1.18608000000001,20.8,0.889559999999999,239.275,6.693939,1.295,0.429954,0.855,0.207564,1.545,0.385476,5.48,1.40847,0.04,0.037065,0.109375,0.00926625,0.13,0,0,NA,NA,NA,NA,NA,NA,NA,NA,NA,NA,NA,NA,NA,NA,NA,NA,NA,NA,NA,NA,NA,NA,NA,NA,NA,NA,NA,NA,NA,NA,NA,NA,NA
"12","Jalen Hurts","PHI","QB","14783","robust",32.2975,1.11195,21.4859187816844,0.815430000000001,238.25,14.75187,1.315,0.14826,0.86,0.118608,8.8025,0.37065,39.44,2.66868,0.58,0.207564,0.19625,0.0037065,0.13,0,0,NA,NA,NA,NA,NA,NA,NA,NA,NA,NA,NA,NA,NA,NA,NA,NA,NA,NA,NA,NA,NA,NA,NA,NA,NA,NA,NA,NA,NA,NA,NA,NA,NA
"13","Trevor Lawrence","JAC","QB","15237","robust",34.375,0.815429999999996,22.95,0.489258,246.9,6.93856799999999,1.215,0.29652,0.8075,0.14826,5.00088563208554,0.299146076260042,23.2,0.748713000000001,0.1225,0.044478,0.315,0.0630105,0.13,0,0,NA,NA,NA,NA,NA,NA,NA,NA,NA,NA,NA,NA,NA,NA,NA,NA,NA,NA,NA,NA,NA,NA,NA,NA,NA,NA,NA,NA,NA,NA,NA,NA,NA
"14","Baker Mayfield","TB","QB","13590","robust",34.8335338498754,2.52041999999999,22.1597459729554,1.95627875900735,241.455,13.26927,1.28,0.385476,0.855,0.0889559999999999,3.605,0.237216,13.65,1.141602,0.05,0.07413,0.0875,0.00926625,0.13,0,0,NA,NA,NA,NA,NA,NA,NA,NA,NA,NA,NA,NA,NA,NA,NA,NA,NA,NA,NA,NA,NA,NA,NA,NA,NA,NA,NA,NA,NA,NA,NA,NA,NA
"15","Josh Allen","BUF","QB","13589","robust",34.3,1.63086,23.0541555402829,1.56289100402348,238.205,9.69620400000001,1.6425,0.155673,0.95,0.0741300000000001,6.39092802510714,0.59304,35.025,3.076395,0.4,0.140847,0.209375,0.00926624999999999,0.25,0,0,NA,NA,NA,NA,NA,NA,NA,NA,NA,NA,NA,NA,NA,NA,NA,NA,NA,NA,NA,NA,NA,NA,NA,NA,NA,NA,NA,NA,NA,NA,NA,NA,NA
"16","Joshua Dobbs","MIN","QB","13119","robust",33.3,5.02157482157154,22,3.68919385571886,229,29.770608,1.285,0.192738,0.8425,0.14826,5.885,0.978516,29.7925,12.15732,0.3,0,0.3225,0.1816185,0.13,0,0,NA,NA,NA,NA,NA,NA,NA,NA,NA,NA,NA,NA,NA,NA,NA,NA,NA,NA,NA,NA,NA,NA,NA,NA,NA,NA,NA,NA,NA,NA,NA,NA,NA
"17","Lamar Jackson","BAL","QB","13593","robust",30.8,0.770951999999999,20.9,0.837668999999997,232.165,9.384858,1.3,0.29652,0.835,0.244629,8.2,0.714256727165481,47.11,4.121628,0.39,0.044478,0.2725,0.05374425,0.09,0,0,NA,NA,NA,NA,NA,NA,NA,NA,NA,NA,NA,NA,NA,NA,NA,NA,NA,NA,NA,NA,NA,NA,NA,NA,NA,NA,NA,NA,NA,NA,NA,NA,NA
"18","Jordan Love","GB","QB","14782","robust",33.4235965175405,1.84908839381123,20.575,0.88476457593543,239.17,5.01118800000001,1.44,0.22239,1,0.029652,3.61115846700458,0.7413,16.75,1.030407,0.1775,0.022239,0.06375,0.0037065,0.1,0,0,NA,NA,NA,NA,NA,NA,NA,NA,NA,NA,NA,NA,NA,NA,NA,NA,NA,NA,NA,NA,NA,NA,NA,NA,NA,NA,NA,NA,NA,NA,NA,NA,NA
"19","Kyler Murray","ARI","QB","14056","robust",31.72,0.444780000000001,21.2375,1.000755,232.31,10.637655,1.2,0.29652,0.85,0.200151,6.125,0.37065,33.05,2.2239,0.2825,0.126021,0.1675,0.02409225,0.16,0,0,NA,NA,NA,NA,NA,NA,NA,NA,NA,NA,NA,NA,NA,NA,NA,NA,NA,NA,NA,NA,NA,NA,NA,NA,NA,NA,NA,NA,NA,NA,NA,NA,NA
"20","Bryce Young","CAR","QB","16148","robust",33.8122701074795,0.993341999999997,20.855,0.511496999999998,210.53,10.585764,1,0,0.9,0.14826,3.6,0.88956,15.55,2.2239,0.1,0.007413,0.1475,0.03521175,0.07,0,0,NA,NA,NA,NA,NA,NA,NA,NA,NA,NA,NA,NA,NA,NA,NA,NA,NA,NA,NA,NA,NA,NA,NA,NA,NA,NA,NA,NA,NA,NA,NA,NA,NA
"21","Will Levis","TEN","QB","16149","robust",32.0304135394651,1.03782,19.1175,1.18608,221.4475,6.52344000000001,1.0925,0.14826,0.9,0.14826,2.8,0.192738,10.055,2.66868,0.1,0,0.09375,0.0185325,0.05,0,0,NA,NA,NA,NA,NA,NA,NA,NA,NA,NA,NA,NA,NA,NA,NA,NA,NA,NA,NA,NA,NA,NA,NA,NA,NA,NA,NA,NA,NA,NA,NA,NA,NA
"22","Zach Wilson","NYJ","QB","15239","robust",34.1272460406166,2.21724004036352,20.2918003253147,0.988003675376912,214,15.381975,0.9125,0.118608,0.9,0.126021,3.25,0.34176939327599,18.525,0.7413,0.1,0.022239,0.215,0.014826,0.13,0,0,NA,NA,NA,NA,NA,NA,NA,NA,NA,NA,NA,NA,NA,NA,NA,NA,NA,NA,NA,NA,NA,NA,NA,NA,NA,NA,NA,NA,NA,NA,NA,NA,NA
"23","Justin Fields","CHI","QB","15238","robust",30.8075,2.349921,18.65,1.26021,216.1325,11.149152,1.285,0.029652,0.95,0.0741300000000001,8.22,0.400301999999998,45.3,2.268378,0.3,0,0.2075,0.00555974999999998,0.06,0,0,NA,NA,NA,NA,NA,NA,NA,NA,NA,NA,NA,NA,NA,NA,NA,NA,NA,NA,NA,NA,NA,NA,NA,NA,NA,NA,NA,NA,NA,NA,NA,NA,NA
"24","Aidan O'Connell","LVR","QB","16159","robust",30.85,1.79935405268832,19.8351886568712,0.889560000000002,217.7175,7.457478,1.0825,0.0741300000000001,0.95,0.14826,1.67131051664087,0.177912,5.3375,2.07564,0.0875,0,0.1825,0.051891,0.05,0,0,NA,NA,NA,NA,NA,NA,NA,NA,NA,NA,NA,NA,NA,NA,NA,NA,NA,NA,NA,NA,NA,NA,NA,NA,NA,NA,NA,NA,NA,NA,NA,NA,NA
"25","Russell Wilson","DEN","QB","10703","robust",29.44,1.022994,19.5,0.511497000000001,205.39,10.860045,1.4575,0.0815430000000001,0.675,0.081543,4.73473532471368,0.29652,24.4825,2.2239,0.1,0,0.155,0.0333585,0.03,0,0,NA,NA,NA,NA,NA,NA,NA,NA,NA,NA,NA,NA,NA,NA,NA,NA,NA,NA,NA,NA,NA,NA,NA,NA,NA,NA,NA,NA,NA,NA,NA,NA,NA
"26","Kenny Pickett","PIT","QB","15692","robust",29.6931262926355,1.44367791707708,18.15,0.941450999999997,192.1975,6.67911299999999,0.925,0.0741300000000001,0.8225,0.185325,3.1925,0.793191,11.125,4.15128,0.1,0.066717,0.035,0.0037065,0.08,0,0,NA,NA,NA,NA,NA,NA,NA,NA,NA,NA,NA,NA,NA,NA,NA,NA,NA,NA,NA,NA,NA,NA,NA,NA,NA,NA,NA,NA,NA,NA,NA,NA,NA
"27","Dorian Thompson-Robinson","CLE","QB","16158","robust",29.475,0.667170000000004,17.1,0.296519999999999,191.05,11.697714,0.95,0.118608,1.0525,0.014826,5.6510041583446,1.18608,24.6,3.85476,0.15,0.07413,0.3075,0.022239,0.06,0,0,NA,NA,NA,NA,NA,NA,NA,NA,NA,NA,NA,NA,NA,NA,NA,NA,NA,NA,NA,NA,NA,NA,NA,NA,NA,NA,NA,NA,NA,NA,NA,NA,NA
"28",NA,NA,"QB","16441","robust",27.1345473667818,1.467774,16.9,1.33434,176.725,11.71254,0.87,0.14826,0.8875,0.14826,4.83362295849514,1.77912,22.825,7.04235,0.135,0,0.11125,0.0333585,0.06,0,0,NA,NA,NA,NA,NA,NA,NA,NA,NA,NA,NA,NA,NA,NA,NA,NA,NA,NA,NA,NA,NA,NA,NA,NA,NA,NA,NA,NA,NA,NA,NA,NA,NA
"29","Mitchell Trubisky","PIT","QB","13115","robust",3.67907303370787,1.27228735955056,2.29234550561798,0.792732893258427,29.6,8.67321,0.135,0.103782,0.245,0.133434,0.7,1.03782,1.29,0.118608,0.0025,0,0,0,0,NA,0,NA,NA,NA,NA,NA,NA,NA,NA,NA,NA,NA,NA,NA,NA,NA,NA,NA,NA,NA,NA,NA,NA,NA,NA,NA,NA,NA,NA,NA,NA,NA,NA,NA
"30","Davis Mills","HOU","QB","15252","robust",1.36106166531181,1.03782,0.874150853559401,0.66717,12.895,5.011188,0.085,0.07413,0.0525,0.051891,0.425,0.34594,1.5,1.2355,0.0075,0.007413,0.0075,0.007413,0.03,0,0,NA,NA,NA,NA,NA,NA,NA,NA,NA,NA,NA,NA,NA,NA,NA,NA,NA,NA,NA,NA,NA,NA,NA,NA,NA,NA,NA,NA,NA,NA,NA,NA,NA
"31","Tyson Bagent","CHI","QB","16384","robust",0.69372070008643,NA,0.44079444684529,NA,15.409,6.664287,0.078,0.07413,0.155,0.0459606,0.15,NA,1.024,1.067472,0.01632,0.014826,0.03125,0.03891825,0,NA,0,NA,NA,NA,NA,NA,NA,NA,NA,NA,NA,NA,NA,NA,NA,NA,NA,NA,NA,NA,NA,NA,NA,NA,NA,NA,NA,NA,NA,NA,NA,NA,NA,NA
"32","Ryan Tannehill","TEN","QB","10697","robust",0.46525,NA,0.2762421875,NA,18.61,13.803006,0.1125,0,0.1275,0.029652,0.2,0.29652,0.666666666666667,0.9884,0,0,0.05,0,0,NA,0,NA,NA,NA,NA,NA,NA,NA,NA,NA,NA,NA,NA,NA,NA,NA,NA,NA,NA,NA,NA,NA,NA,NA,NA,NA,NA,NA,NA,NA,NA,NA,NA,NA
"33","Jimmy Garoppolo","LVR","QB","11760","robust",1.2,NA,0.8,NA,19.875,13.71405,0.1,0.07413,0.125,0.12355,0.25,0.19768,0.65,0.29652,0,0,0,0,0,NA,0,NA,NA,NA,NA,NA,NA,NA,NA,NA,NA,NA,NA,NA,NA,NA,NA,NA,NA,NA,NA,NA,NA,NA,NA,NA,NA,NA,NA,NA,NA,NA,NA,NA
"34","Tyler Huntley","BAL","QB","14789","robust",1.15364512661252,1.71039426471572,0.774683707596751,1.14854606488294,11.56,2.07564,0.1,0.014826,0.1,0,0.15,0.0777776320588235,0.95,0.400302,0.015,0,0.01375,0.014826,0,NA,0,NA,NA,NA,NA,NA,NA,NA,NA,NA,NA,NA,NA,NA,NA,NA,NA,NA,NA,NA,NA,NA,NA,NA,NA,NA,NA,NA,NA,NA,NA,NA,NA,NA
"35","Andy Dalton","CAR","QB","10313","robust",0.367191176470588,0.362931758823529,0.244794117647059,0.241954505882353,10.4175,4.440387,0.0375,0.037065,0.045,0.059304,0.15,0.14826,0.25,0.2471,0,0,0,0,0.03,0,0,NA,NA,NA,NA,NA,NA,NA,NA,NA,NA,NA,NA,NA,NA,NA,NA,NA,NA,NA,NA,NA,NA,NA,NA,NA,NA,NA,NA,NA,NA,NA,NA,NA
"36","Carson Wentz","LAR","QB","12610","robust",1.3,1.92738,0.8,1.18608,20.45,7.413,0.05,0.044478,0.1,0,0.2,0.29652,1,1.4826,0,0,0.00125,0,0,NA,0,NA,NA,NA,NA,NA,NA,NA,NA,NA,NA,NA,NA,NA,NA,NA,NA,NA,NA,NA,NA,NA,NA,NA,NA,NA,NA,NA,NA,NA,NA,NA,NA,NA
"37","Phillip Walker","CLE","QB","13416","robust",2.6,3.85476,1.15,1.70499,17.4,18.68076,0,0,0.1,0.14826,0.35,0.51891,1,1.4826,0,0,0,0,NA,NA,NA,NA,NA,NA,NA,NA,NA,NA,NA,NA,NA,NA,NA,NA,NA,NA,NA,NA,NA,NA,NA,NA,NA,NA,NA,NA,NA,NA,NA,NA,NA,NA,NA,NA
"38","Nick Mullens","MIN","QB","13968","robust",1.5,NA,1,NA,18.6,12.45384,0.1,NA,0.1,NA,0.4,NA,1.4,0.88956,0,0,0.05,0.07413,0,NA,0,NA,NA,NA,NA,NA,NA,NA,NA,NA,NA,NA,NA,NA,NA,NA,NA,NA,NA,NA,NA,NA,NA,NA,NA,NA,NA,NA,NA,NA,NA,"Back",2023,11
"39","Cooper Rush","DAL","QB","13124","robust",1.4,2.07564,0.9,1.33434,15.4,5.04084,0.025,0,0.09,0.133434,0.15,0.44478,0.25,0.14826,0,0,0.0025,0,0,NA,0,NA,NA,NA,NA,NA,NA,NA,NA,NA,NA,NA,NA,NA,NA,NA,NA,NA,NA,NA,NA,NA,NA,NA,NA,NA,NA,NA,NA,NA,NA,NA,NA,NA
"40","Marcus Mariota","PHI","QB","12141","robust",1.475,1.92738,0.9,1.18608,10.7,8.00604,0.1,0.14826,0.025,0,0.425,0.44478,2,1.77912,0,0,0,0,0,NA,0,NA,NA,NA,NA,NA,NA,NA,NA,NA,NA,NA,NA,NA,NA,NA,NA,NA,NA,NA,NA,NA,NA,NA,NA,NA,NA,NA,NA,NA,NA,NA,NA,NA
"41","Jaren Hall","MIN","QB","16154","robust",0,0,0,0,13.4475,0.148260000000002,0.015,0,0.1025,0,0,0,0.39,0,0.005,0,0.005,0.007413,0,NA,0,NA,NA,NA,NA,NA,NA,NA,NA,NA,NA,NA,NA,NA,NA,NA,NA,NA,NA,NA,NA,NA,NA,NA,NA,NA,NA,NA,NA,NA,"Q","Concussion",2023,11
"42","Clayton Tune","ARI","QB","16160","robust",3.15,4.67019,1.85,2.74281,13.25,11.49015,0,0,0.25,0.37065,0.75,1.11195,3.55,5.11497,0.1,0.14826,0.1,0.14826,NA,NA,NA,NA,NA,NA,NA,NA,NA,NA,NA,NA,NA,NA,NA,NA,NA,NA,NA,NA,NA,NA,NA,NA,NA,NA,NA,NA,NA,NA,NA,NA,NA,NA,NA,NA
"43","Drew Lock","SEA","QB","14057","robust",1.2,NA,0.45,NA,11.175,5.95511,0.025,0.02471,0,0,0.2,0.14826,1,0.7413,0,0,0,0,0,NA,0,NA,NA,NA,NA,NA,NA,NA,NA,NA,NA,NA,NA,NA,NA,NA,NA,NA,NA,NA,NA,NA,NA,NA,NA,NA,NA,NA,NA,NA,NA,NA,NA,NA
"44","Mike White","MIA","QB","13598","robust",1.25,1.18608,0.85,0.14826,12.3,11.41602,0.1,0.14826,0.075,0,0.425,0.44478,-0.075,0.44478,0,0,0,0,0,NA,0,NA,NA,NA,NA,NA,NA,NA,NA,NA,NA,NA,NA,NA,NA,NA,NA,NA,NA,NA,NA,NA,NA,NA,NA,NA,NA,NA,NA,NA,NA,NA,NA,NA
"45","Mason Rudolph","PIT","QB","13595","robust",4.3,NA,2.6,NA,19,0,0,NA,0,NA,0.5,NA,3,0,0,0,0,0,NA,NA,NA,NA,NA,NA,NA,NA,NA,NA,NA,NA,NA,NA,NA,NA,NA,NA,NA,NA,NA,NA,NA,NA,NA,NA,NA,NA,NA,NA,NA,NA,NA,NA,NA,NA
"46","Matt Barkley","NYG","QB","11151","robust",0,0,0,0,10.7325,0,0.0125,0,0.1025,0,0,0,0,0,0.0025,0,0.005,0.007413,0,NA,0,NA,NA,NA,NA,NA,NA,NA,NA,NA,NA,NA,NA,NA,NA,NA,NA,NA,NA,NA,NA,NA,NA,NA,NA,NA,NA,NA,NA,NA,NA,NA,NA,NA
"47","Sam Darnold","SF","QB","13592","robust",0.650659793814433,0.446736420618557,0.406973195876289,0.317196920412371,8.85,2.52042,0.025,0,0,0,0.3,0.44478,0.01,0.029652,0,0,0.00125,0,0,NA,0,NA,NA,NA,NA,NA,NA,NA,NA,NA,NA,NA,NA,NA,NA,NA,NA,NA,NA,NA,NA,NA,NA,NA,NA,NA,NA,NA,NA,NA,NA,NA,NA,NA
"48","Jacoby Brissett","WAS","QB","12616","robust",0.7,0.644781242424242,0.45,0.373413027272727,8.35,0.29652,0.05,0.059304,0.015,0,0.1,0.02582195,0.55,0.133434,0,0,0.00125,0,0,NA,0,NA,NA,NA,NA,NA,NA,NA,NA,NA,NA,NA,NA,NA,NA,NA,NA,NA,NA,NA,NA,NA,NA,NA,NA,NA,NA,NA,NA,NA,NA,NA,NA,NA
"49","Sean Clifford","GB","QB","16313","robust",0.6,0.534228388416422,0.4,0.44478,8.8,0.593039999999999,0.05,0.07413,0.05,0,0.1,0.14826,0.025,0.07413,0,0,0.00125,0,0.04,0,0,NA,NA,NA,NA,NA,NA,NA,NA,NA,NA,NA,NA,NA,NA,NA,NA,NA,NA,NA,NA,NA,NA,NA,NA,NA,NA,NA,NA,NA,NA,NA,NA,NA
"50","Teddy Bridgewater","DET","QB","11640","robust",0.85,NA,0.5,NA,10.325,2.12506,0.075,0.02471,0.025,0.02471,0.45,0.37065,0.2,0.42007,0,0,0,0,0,NA,0,NA,NA,NA,NA,NA,NA,NA,NA,NA,NA,NA,NA,NA,NA,NA,NA,NA,NA,NA,NA,NA,NA,NA,NA,NA,NA,NA,NA,NA,NA,NA,NA,NA
"51","C.J. Beathard","JAC","QB","13125","robust",0.650066666666667,0.88975768,0.464333333333333,0.6355412,6.4,1.03782,0,0,0.03,0.029652,0,0.03177,0.1,0,0,0,0.0025,0.002471,0,NA,0,NA,NA,NA,NA,NA,NA,NA,NA,NA,NA,NA,NA,NA,NA,NA,NA,NA,NA,NA,NA,NA,NA,NA,NA,NA,NA,NA,NA,NA,NA,NA,NA,NA
"52","Jarrett Stidham","DEN","QB","14063","robust",1.125,0,0.7,0.14826,8,3.55824,0.075,0,0.025,0,0.125,0.14826,0.625,0.44478,0,0,0,0,0,NA,0,NA,NA,NA,NA,NA,NA,NA,NA,NA,NA,NA,NA,NA,NA,NA,NA,NA,NA,NA,NA,NA,NA,NA,NA,NA,NA,NA,NA,NA,NA,NA,NA,NA
"53","Blaine Gabbert","KC","QB","10262","robust",0.9,NA,0.5,NA,8.325,1.11195,0.025,0.02471,0.125,0.12355,0.3,0.2471,-0.075,0.22239,0,0,0,0,0,NA,0,NA,NA,NA,NA,NA,NA,NA,NA,NA,NA,NA,NA,NA,NA,NA,NA,NA,NA,NA,NA,NA,NA,NA,NA,NA,NA,NA,NA,NA,NA,NA,NA,NA
"54","Malik Willis","TEN","QB","15694","robust",1.2,0.44478,0.7,0.29652,7.4,2.37216,0,0,0.05,0.07413,1.55,1.40847,6.3,4.89258,0.05,0.07413,0.15,0.22239,NA,NA,NA,NA,NA,NA,NA,NA,NA,NA,NA,NA,NA,NA,NA,NA,NA,NA,NA,NA,NA,NA,NA,NA,NA,NA,NA,NA,NA,NA,NA,NA,NA,NA,NA,NA
"55","Kyle Allen","BUF","QB","13879","robust",0.7,1.03782,0.45,0.66717,6,4.00302,0.05,0.07413,0,0,0.05,0.07413,0.05,0.07413,0,0,0,0,NA,NA,NA,NA,NA,NA,NA,NA,NA,NA,NA,NA,NA,NA,NA,NA,NA,NA,NA,NA,NA,NA,NA,NA,NA,NA,NA,NA,NA,NA,NA,NA,NA,NA,NA,NA
"56","Easton Stick","LAC","QB","14069","robust",0.2,0.29652,0.05,0.07413,3.45,3.63237,0,0,0.05,0.07413,0.1,0.14826,0,0,0,0,0,0,NA,NA,NA,NA,NA,NA,NA,NA,NA,NA,NA,NA,NA,NA,NA,NA,NA,NA,NA,NA,NA,NA,NA,NA,NA,NA,NA,NA,NA,NA,NA,NA,NA,NA,NA,NA
"57","Tim Boyle","NYJ","QB","13873","robust",0,NA,0,NA,5.9,0,0,0,0.1,0,0,0,0,0,0,0,0,0,NA,NA,NA,NA,NA,NA,NA,NA,NA,NA,NA,NA,NA,NA,NA,NA,NA,NA,NA,NA,NA,NA,NA,NA,NA,NA,NA,NA,NA,NA,NA,NA,NA,NA,NA,NA
"58","Josh Jacobs","LVR","RB","14073","robust",NA,NA,NA,NA,NA,NA,NA,NA,NA,NA,18.6,0.889559999999999,73.0925,4.010433,0.4925,0.103782,0.096,0.0059304,0,NA,0,NA,2.81,0.192738,21.38,1.156428,0.05,0.022239,NA,NA,NA,NA,NA,NA,NA,NA,NA,NA,NA,NA,NA,NA,NA,NA,NA,NA,NA,NA,NA,NA,NA,NA,NA,NA
"59","Saquon Barkley","NYG","RB","13604","robust",NA,NA,NA,NA,NA,NA,NA,NA,NA,NA,18.3775,0.7413,73.75,6.797721,0.3,0.014826,0.096,0.0059304,0,NA,0,NA,3.3425,0.422541,22.1375,2.335095,0.105,0.014826,NA,NA,NA,NA,NA,NA,NA,NA,NA,NA,NA,NA,NA,NA,NA,NA,NA,NA,NA,NA,NA,NA,"Q","Ankle",2023,11
"60","Christian McCaffrey","SF","RB","13130","robust",NA,NA,NA,NA,NA,NA,NA,NA,NA,NA,15.475,1.4826,69.5,5.9304,0.6825,0.096369,0.106,0.00889560000000001,0,NA,0,NA,4.82,0.570801000000001,41.35,2.66868,0.3,0.022239,NA,NA,NA,NA,NA,NA,NA,NA,NA,NA,NA,NA,NA,NA,NA,NA,NA,NA,NA,NA,NA,NA,NA,NA,NA,NA
"61","Derrick Henry","TEN","RB","12626","robust",NA,NA,NA,NA,NA,NA,NA,NA,NA,NA,17,0.310334230841883,69.53,5.055666,0.3975,0.037065,0.095,0.00741300000000001,0.03,0,0,NA,2,0,17.9,1.4826,0.05,0.059304,NA,NA,NA,NA,NA,NA,NA,NA,NA,NA,NA,NA,NA,NA,NA,NA,NA,NA,NA,NA,NA,NA,NA,NA,NA,NA
"62","Devin Singletary","HOU","RB","14080","robust",NA,NA,NA,NA,NA,NA,NA,NA,NA,NA,15.475,1.564143,63.37,3.40998,0.4,0.14826,0.094,0.00889560000000001,0,NA,0,NA,1.41,0.51891,10.575,3.18759,0.055,0.037065,NA,NA,NA,NA,NA,NA,NA,NA,NA,NA,NA,NA,NA,NA,NA,NA,NA,NA,NA,NA,NA,NA,NA,NA,NA,NA
"63","Breece Hall","NYJ","RB","15708","robust",NA,NA,NA,NA,NA,NA,NA,NA,NA,NA,14.1,1.63086,66.4,7.413,0.35,0.0741300000000001,0.05,0.037065,0,NA,0,NA,3.05,0.0741300000000004,27.4475,2.81694,0.1,0.00741300000000001,NA,NA,NA,NA,NA,NA,NA,NA,NA,NA,NA,NA,NA,NA,NA,NA,NA,NA,NA,NA,NA,NA,NA,NA,NA,NA
"64","Kenneth Walker III","SEA","RB","15711","robust",NA,NA,NA,NA,NA,NA,NA,NA,NA,NA,15.3,0.44478,66,1.178667,0.5375,0.096369,0.01875,0.0185325,0,NA,0,NA,1.975,0.22239,16.2875,2.89107,0.1,0,NA,NA,NA,NA,NA,NA,NA,NA,NA,NA,NA,NA,NA,NA,NA,NA,NA,NA,NA,NA,NA,NA,NA,NA,NA,NA
"65","Jerome Ford","CLE","RB","15713","robust",NA,NA,NA,NA,NA,NA,NA,NA,NA,NA,15.45,0.667170000000002,66.05,6.056421,0.285,0.022239,0.091,0.0133434,0.01,0,0.01,0,2.175,0.289107,16.5,0.7413,0.1,0.037065,NA,NA,NA,NA,NA,NA,NA,NA,NA,NA,NA,NA,NA,NA,NA,NA,NA,NA,NA,NA,NA,NA,NA,NA,NA,NA
"66","Travis Etienne","JAC","RB","15253","robust",NA,NA,NA,NA,NA,NA,NA,NA,NA,NA,16.25,0.518910000000001,69.1,2.40922499999999,0.4875,0.14826,0.102,0.0029652,0.1,0,0,NA,3.29,0.474432,29,0.919211999999999,0.1,0,NA,NA,NA,NA,NA,NA,NA,NA,NA,NA,NA,NA,NA,NA,NA,NA,NA,NA,NA,NA,NA,NA,NA,NA,NA,NA
"67","Tony Pollard","DAL","RB","14085","robust",NA,NA,NA,NA,NA,NA,NA,NA,NA,NA,14.7471145633112,1.163841,63.7,6.404832,0.36,0.118608,0.094,0.00889560000000001,0.04,0,0,NA,2.7,0.59304,21,2.66868,0.095,0.00741300000000001,NA,NA,NA,NA,NA,NA,NA,NA,NA,NA,NA,NA,NA,NA,NA,NA,NA,NA,NA,NA,NA,NA,NA,NA,NA,NA
"68","Javonte Williams","DEN","RB","15256","robust",NA,NA,NA,NA,NA,NA,NA,NA,NA,NA,15.6361720589271,0.830256000000001,64.945,7.331457,0.3,0,0.084,0.0177912,0,NA,0,NA,2.775,0.259455,17.7125,2.320269,0.14,0.059304,NA,NA,NA,NA,NA,NA,NA,NA,NA,NA,NA,NA,NA,NA,NA,NA,NA,NA,NA,NA,NA,NA,NA,NA,NA,NA
"69","Joe Mixon","CIN","RB","13131","robust",NA,NA,NA,NA,NA,NA,NA,NA,NA,NA,14.375,1.03782,59.2,3.876999,0.4,0.044478,0.01875,0.0185325,0,NA,0,NA,3,0.029652,20.0325,1.70499,0.085,0.014826,NA,NA,NA,NA,NA,NA,NA,NA,NA,NA,NA,NA,NA,NA,NA,NA,NA,NA,NA,NA,NA,NA,NA,NA,NA,NA
"70","D'Andre Swift","PHI","RB","14797","robust",NA,NA,NA,NA,NA,NA,NA,NA,NA,NA,14.025,0.942616020223931,64.13,2.609376,0.375,0.111195,0.1,0,0.03,0,0,NA,3.0925,0.126021,21.825,0.96369,0.1,0,NA,NA,NA,NA,NA,NA,NA,NA,NA,NA,NA,NA,NA,NA,NA,NA,NA,NA,NA,NA,NA,NA,NA,NA,NA,NA
"71","James Cook","BUF","RB","15715","robust",NA,NA,NA,NA,NA,NA,NA,NA,NA,NA,12.4225,1.4826,59.8,9.169881,0.25,0.140847,0.096,0.0059304,0.01,0,0,NA,2.2,0.29652,16.8,3.33585,0.1,0,NA,NA,NA,NA,NA,NA,NA,NA,NA,NA,NA,NA,NA,NA,NA,NA,NA,NA,NA,NA,NA,NA,NA,NA,NA,NA
"72","Aaron Jones","GB","RB","13319","robust",NA,NA,NA,NA,NA,NA,NA,NA,NA,NA,12.95,1.26021,58.25,6.6717,0.3,0.059304,0.093,0.0103782,0,NA,0,NA,3.4,0.155673,27.05,2.898483,0.135,0.051891,NA,NA,NA,NA,NA,NA,NA,NA,NA,NA,NA,NA,NA,NA,NA,NA,NA,NA,NA,NA,NA,NA,"Q","Hamstring",2023,11
"73","Austin Ekeler","LAC","RB","13404","robust",NA,NA,NA,NA,NA,NA,NA,NA,NA,NA,15.6862298369903,0.333584999999999,63.4,2.9652,0.615,0.066717,0.104,0.0059304,0,NA,0,NA,4.64,0.29652,38.775,1.378818,0.2,0,NA,NA,NA,NA,NA,NA,NA,NA,NA,NA,NA,NA,NA,NA,NA,NA,NA,NA,NA,NA,NA,NA,NA,NA,NA,NA
"74","Ty Chandler","MIN","RB","15723","robust",NA,NA,NA,NA,NA,NA,NA,NA,NA,NA,11.7,2.14977,51.525,12.520557,0.25,0.07413,0.0725,0.037065,0.01,0,0,NA,1.8075,0.22239,10.8875,2.260965,0.05,0.059304,NA,NA,NA,NA,NA,NA,NA,NA,NA,NA,NA,NA,NA,NA,NA,NA,NA,NA,NA,NA,NA,NA,NA,NA,NA,NA
"75","Jahmyr Gibbs","DET","RB","16162","robust",NA,NA,NA,NA,NA,NA,NA,NA,NA,NA,11.825,2.07564,49.1925,11.1195,0.4,0.14826,0.011,0.0163086,0,NA,0,NA,3.55,0.66717,28.75,2.031162,0.1125,0.133434,NA,NA,NA,NA,NA,NA,NA,NA,NA,NA,NA,NA,NA,NA,NA,NA,NA,NA,NA,NA,NA,NA,NA,NA,NA,NA
"76","Dameon Pierce","HOU","RB","15717","robust",NA,NA,NA,NA,NA,NA,NA,NA,NA,NA,10.85,4.89258,39.1,19.19967,0.25,0.22239,0.0875,0.0185325,0,NA,0,NA,0.95,0.37065,5.2,3.18759,0,0,NA,NA,NA,NA,NA,NA,NA,NA,NA,NA,NA,NA,NA,NA,NA,NA,NA,NA,NA,NA,NA,NA,"Q","Ankle",2023,11
"77","David Montgomery","DET","RB","14071","robust",NA,NA,NA,NA,NA,NA,NA,NA,NA,NA,13.8744834734481,1.33587160453168,57.675,5.137209,0.6,0.185325,0.109,0.0133434,0,NA,0,NA,1.4,0.355824,12.8,2.37216,0.08,0.022239,NA,NA,NA,NA,NA,NA,NA,NA,NA,NA,NA,NA,NA,NA,NA,NA,NA,NA,NA,NA,NA,NA,NA,NA,NA,NA
"78","James Conner","ARI","RB","13146","robust",NA,NA,NA,NA,NA,NA,NA,NA,NA,NA,14.775,0.867321000000001,63.2,2.483355,0.35,0.00741300000000001,0.046,0.0459606,0,NA,0,NA,2.0125,0.14826,13.625,0.81543,0.08,0.014826,NA,NA,NA,NA,NA,NA,NA,NA,NA,NA,NA,NA,NA,NA,NA,NA,NA,NA,NA,NA,NA,NA,NA,NA,NA,NA
"79","Brian Robinson","WAS","RB","15716","robust",NA,NA,NA,NA,NA,NA,NA,NA,NA,NA,14.765,0.475464688810268,62.925,2.364747,0.4,0.00741300000000001,0.094,0.00889560000000001,0.03,0,0,NA,2.005,0.140847,19.03,2.9652,0.11,0.037065,NA,NA,NA,NA,NA,NA,NA,NA,NA,NA,NA,NA,NA,NA,NA,NA,NA,NA,NA,NA,NA,NA,NA,NA,NA,NA
"80","Raheem Mostert","MIA","RB","12447","robust",NA,NA,NA,NA,NA,NA,NA,NA,NA,NA,11.0070166620141,0.784344806204334,56.655,3.202416,0.5,0.22239,0.1,0,0,NA,0,NA,2,0.14826,15,1.55673,0.1075,0.037065,NA,NA,NA,NA,NA,NA,NA,NA,NA,NA,NA,NA,NA,NA,NA,NA,NA,NA,NA,NA,NA,NA,"Q","Ankle",2023,11
"81","Isiah Pacheco","KC","RB","15749","robust",NA,NA,NA,NA,NA,NA,NA,NA,NA,NA,13.3,0.7413,59.0325,4.544169,0.395,0.07413,0.098,0.0029652,0,NA,0,NA,2.45,0.155673,18.15,1.052646,0.1,0,NA,NA,NA,NA,NA,NA,NA,NA,NA,NA,NA,NA,NA,NA,NA,NA,NA,NA,NA,NA,NA,NA,NA,NA,NA,NA
"82","DOnta Foreman","CHI","RB","13134","robust",NA,NA,NA,NA,NA,NA,NA,NA,NA,NA,10.150202012818,2.64303400420396,45.05,13.521312,0.25,0.088956,0.0205,0.022239,0.03,0,0,NA,0.9625,0.259455,7.135,2.802114,0.065,0.022239,NA,NA,NA,NA,NA,NA,NA,NA,NA,NA,NA,NA,NA,NA,NA,NA,NA,NA,NA,NA,NA,NA,"Q","Ankle",2023,11
"83","Rachaad White","TB","RB","15721","robust",NA,NA,NA,NA,NA,NA,NA,NA,NA,NA,14.475,1.26021,53.17,10.496808,0.3,0.037065,0.095,0.00741300000000001,0,NA,0,NA,4,0.148259999999999,31.47,2.905896,0.105,0.044478,NA,NA,NA,NA,NA,NA,NA,NA,NA,NA,NA,NA,NA,NA,NA,NA,NA,NA,NA,NA,NA,NA,NA,NA,NA,NA
"84","Devon Achane","MIA","RB","16167","robust",NA,NA,NA,NA,NA,NA,NA,NA,NA,NA,10.7544538939486,1.18608,51.0775,2.52042,0.49,0,0.11,0.014826,0,NA,0,NA,2.045,0.385476,15.7,4.15128,0.1,0.022239,NA,NA,NA,NA,NA,NA,NA,NA,NA,NA,NA,NA,NA,NA,NA,NA,NA,NA,NA,NA,NA,NA,NA,"Knee",2023,11
"85","Najee Harris","PIT","RB","15254","robust",NA,NA,NA,NA,NA,NA,NA,NA,NA,NA,13.85,1.03782,55.2,2.52042,0.27,0.044478,0.046,0.0459606,0,NA,0,NA,2.0275,0.140847,14.4,2.2239,0.075,0.022239,NA,NA,NA,NA,NA,NA,NA,NA,NA,NA,NA,NA,NA,NA,NA,NA,NA,NA,NA,NA,NA,NA,NA,NA,NA,NA
"86","Chuba Hubbard","CAR","RB","15261","robust",NA,NA,NA,NA,NA,NA,NA,NA,NA,NA,13.35,0.44478,53.535,0.859908000000008,0.235,0.088956,0.069,0.044478,0,NA,0,NA,1.975,0.0741300000000001,14.6,0.59304,0.05,0.066717,NA,NA,NA,NA,NA,NA,NA,NA,NA,NA,NA,NA,NA,NA,NA,NA,NA,NA,NA,NA,NA,NA,NA,NA,NA,NA
"87","Gus Edwards","BAL","RB","13850","robust",NA,NA,NA,NA,NA,NA,NA,NA,NA,NA,11.5925,0.763539,52.8625,2.920722,0.515,0.14826,0.056,0.0504084,0,NA,0,NA,0.8,0.111195,7.3,1.074885,0,0,NA,NA,NA,NA,NA,NA,NA,NA,NA,NA,NA,NA,NA,NA,NA,NA,NA,NA,NA,NA,NA,NA,NA,NA,NA,NA
"88","Darrell Henderson","LAR","RB","14087","robust",NA,NA,NA,NA,NA,NA,NA,NA,NA,NA,12.91,0.518910000000001,53.055,1.994097,0.4025,0.059304,0.01875,0.0185325,0,NA,0,NA,2,0.22239,15.5,2.2239,0.0775,0.022239,NA,NA,NA,NA,NA,NA,NA,NA,NA,NA,NA,NA,NA,NA,NA,NA,NA,NA,NA,NA,NA,NA,NA,NA,NA,NA
"89","Jaylen Warren","PIT","RB","15742","robust",NA,NA,NA,NA,NA,NA,NA,NA,NA,NA,10.35,1.24541585943488,44.7,5.9304,0.2175,0.051891,0,0,0,NA,0,NA,2.8475,0.155673,20.4,1.067472,0.06,0.07413,NA,NA,NA,NA,NA,NA,NA,NA,NA,NA,NA,NA,NA,NA,NA,NA,NA,NA,NA,NA,NA,NA,NA,NA,NA,NA
"90","Khalil Herbert","CHI","RB","15271","robust",NA,NA,NA,NA,NA,NA,NA,NA,NA,NA,8.8575,1.979271,36.51,15.774864,0.165,0.051891,0.05,0.037065,0,NA,0,NA,1.31,0.266868,10.665,2.59455,0.055,0.037065,NA,NA,NA,NA,NA,NA,NA,NA,NA,NA,NA,NA,NA,NA,NA,NA,NA,NA,NA,NA,NA,NA,NA,"Ankle",2023,11
"91","Royce Freeman","FA","RB","13617","robust",NA,NA,NA,NA,NA,NA,NA,NA,NA,NA,11.24,1.26021,44.1,7.687281,0.255,0.088956,0.0275,0.037065,0,NA,0,NA,0.755,0.37065,4.925,1.40847,0,0,NA,NA,NA,NA,NA,NA,NA,NA,NA,NA,NA,NA,NA,NA,NA,NA,NA,NA,NA,NA,NA,NA,NA,NA,NA,NA
"92","Royce Freeman","LAR","RB","13617","robust",NA,NA,NA,NA,NA,NA,NA,NA,NA,NA,11.24,1.26021,44.1,7.687281,0.255,0.088956,0.0275,0.037065,0,NA,0,NA,0.755,0.37065,4.925,1.40847,0,0,NA,NA,NA,NA,NA,NA,NA,NA,NA,NA,NA,NA,NA,NA,NA,NA,NA,NA,NA,NA,NA,NA,NA,NA,NA,NA
"93","Alexander Mattison","MIN","RB","14223","robust",NA,NA,NA,NA,NA,NA,NA,NA,NA,NA,4.3,NA,19.72,10.52646,0.105618142798623,0.0166589170264774,0.0125,0.037065,0,NA,0,NA,0.854166666666667,0.59304,5.78916666666667,4.240236,0.04625,0.044478,NA,NA,NA,NA,NA,NA,NA,NA,NA,NA,NA,NA,NA,NA,NA,NA,NA,NA,NA,NA,NA,NA,"Q","Concussion",2023,11
"94","AJ Dillon","GB","RB","14805","robust",NA,NA,NA,NA,NA,NA,NA,NA,NA,NA,9.3111324930594,0.296519999999999,38.06,2.14977,0.2,0.111195,0,0,0,NA,0,NA,1.615,0.126021,13,0.770952000000001,0.03,0,NA,NA,NA,NA,NA,NA,NA,NA,NA,NA,NA,NA,NA,NA,NA,NA,NA,NA,NA,NA,NA,NA,NA,NA,NA,NA
"95","Kareem Hunt","CLE","RB","13138","robust",NA,NA,NA,NA,NA,NA,NA,NA,NA,NA,9.91165582967317,1.47769013385311,42.1075,2.587137,0.3,0.096369,0.01875,0.0185325,0.03,0,0,NA,1,0,8.2875,0.66717,0.05,0.051891,NA,NA,NA,NA,NA,NA,NA,NA,NA,NA,NA,NA,NA,NA,NA,NA,NA,NA,NA,NA,NA,NA,NA,NA,NA,NA
"96","Keaton Mitchell","BAL","RB","16178","robust",NA,NA,NA,NA,NA,NA,NA,NA,NA,NA,6.0487641722871,1.63086,30.4725,10.882284,0.215,0.07413,0.044,0.0504084,0,NA,0,NA,1,0.14826,9.13,3.195003,0.02,0,NA,NA,NA,NA,NA,NA,NA,NA,NA,NA,NA,NA,NA,NA,NA,NA,NA,NA,NA,NA,NA,NA,NA,NA,NA,NA
"97","Latavius Murray","BUF","RB","11390","robust",NA,NA,NA,NA,NA,NA,NA,NA,NA,NA,7.04024297574415,0.712368471676542,29.7425,2.572311,0.2,0.014826,0,0,0,NA,0,NA,1.1775,0.274281,8,1.245384,0,0,NA,NA,NA,NA,NA,NA,NA,NA,NA,NA,NA,NA,NA,NA,NA,NA,NA,NA,NA,NA,NA,NA,NA,NA,NA,NA
"98","Kene Nwangwu","MIN","RB","15414","robust",NA,NA,NA,NA,NA,NA,NA,NA,NA,NA,4.21693679626654,1.60574950585523,16.505,5.997117,0.05,0.022239,0.00125,0.00185325,0,NA,0,NA,0.665,0.22239,4.97,1.667925,0.01,0,NA,NA,NA,NA,NA,NA,NA,NA,NA,NA,NA,NA,NA,NA,NA,NA,NA,NA,NA,NA,NA,NA,NA,NA,NA,NA
"99","Rico Dowdle","DAL","RB","14823","robust",NA,NA,NA,NA,NA,NA,NA,NA,NA,NA,6.71259185633077,0.7413,28.675,3.7065,0.185,0.014826,0.001,0.0014826,0,NA,0,NA,0.67,0.281694,4.81,1.452948,0.025,0.014826,NA,NA,NA,NA,NA,NA,NA,NA,NA,NA,NA,NA,NA,NA,NA,NA,NA,NA,NA,NA,NA,NA,NA,NA,NA,NA
"100","Leonard Fournette","BUF","RB","13129","robust",NA,NA,NA,NA,NA,NA,NA,NA,NA,NA,2.505,0.756126,11.575,3.26172,0.065,0.044478,0.05,0.07413,0,NA,0,NA,0.815,0.340998,5.62,2.505594,0.005,0,NA,NA,NA,NA,NA,NA,NA,NA,NA,NA,NA,NA,NA,NA,NA,NA,NA,NA,NA,NA,NA,NA,NA,NA,NA,NA
"101","Joshua Kelley","LAC","RB","14807","robust",NA,NA,NA,NA,NA,NA,NA,NA,NA,NA,6.005,1.052646,24.195,4.292127,0.1175,0.051891,0.003,0.0044478,0,NA,0,NA,0.625,0.163086,3.9,1.230558,0,0,NA,NA,NA,NA,NA,NA,NA,NA,NA,NA,NA,NA,NA,NA,NA,NA,NA,NA,NA,NA,NA,NA,NA,NA,NA,NA
"102","Miles Sanders","CAR","RB","14079","robust",NA,NA,NA,NA,NA,NA,NA,NA,NA,NA,5.3,0.882147,21.65,3.55824,0.1,0,0.05,0.037065,0.03,0,0,NA,1.7975,0.29652,11.6875,0.504084,0,0,NA,NA,NA,NA,NA,NA,NA,NA,NA,NA,NA,NA,NA,NA,NA,NA,NA,NA,NA,NA,NA,NA,NA,NA,NA,NA
"103","Justice Hill","BAL","RB","14086","robust",NA,NA,NA,NA,NA,NA,NA,NA,NA,NA,4.5,2.52042,20.95,9.48864,0.1425,0.07413,0.048,0.0415128,0,NA,0,NA,0.9,0.14826,6.5,2.89107,0,0,NA,NA,NA,NA,NA,NA,NA,NA,NA,NA,NA,NA,NA,NA,NA,NA,NA,NA,NA,NA,NA,NA,NA,NA,NA,NA
"104","Zach Charbonnet","SEA","RB","16169","robust",NA,NA,NA,NA,NA,NA,NA,NA,NA,NA,6.225,0.37065,27.4,2.290617,0.135,0.081543,0.003,0.0044478,0,NA,0,NA,1.73,0.192738,12.2,2.646441,0.05,0.066717,NA,NA,NA,NA,NA,NA,NA,NA,NA,NA,NA,NA,NA,NA,NA,NA,NA,NA,NA,NA,NA,NA,NA,NA,NA,NA
"105","Dalvin Cook","NYJ","RB","13128","robust",NA,NA,NA,NA,NA,NA,NA,NA,NA,NA,4.26890217271119,0.73225936126161,18.51,2.238726,0.1,0,0.052,0.0415128,0,NA,0,NA,1.2,0.29652,8.025,1.33434,0,0,NA,NA,NA,NA,NA,NA,NA,NA,NA,NA,NA,NA,NA,NA,NA,NA,NA,NA,NA,NA,NA,NA,NA,NA,NA,NA
"106","Elijah Mitchell","SF","RB","15263","robust",NA,NA,NA,NA,NA,NA,NA,NA,NA,NA,5.57578536308637,0.664841241376296,22.5475,2.972613,0.1375,0.066717,0,0,0,NA,0,NA,0.6725,0.126021,4.335,0.696822,0,0,NA,NA,NA,NA,NA,NA,NA,NA,NA,NA,NA,NA,NA,NA,NA,NA,NA,NA,NA,NA,NA,NA,NA,NA,NA,NA
"107","Jaleel McLaughlin","DEN","RB","16390","robust",NA,NA,NA,NA,NA,NA,NA,NA,NA,NA,5.29345933455641,0.499515618826664,23.3025,2.824353,0.1,0,0.002,0.0029652,0,NA,0,NA,1.45,0.22239,9.35,0.96369,0.035,0.022239,NA,NA,NA,NA,NA,NA,NA,NA,NA,NA,NA,NA,NA,NA,NA,NA,NA,NA,NA,NA,NA,NA,NA,NA,NA,NA
"108","Roschon Johnson","CHI","RB","16175","robust",NA,NA,NA,NA,NA,NA,NA,NA,NA,NA,3.41683522914567,0.563388,13.785,3.810282,0.0975,0.00741300000000001,0.001,0.0014826,0,NA,0,NA,1.6,0.126021,11.2425,3.862173,0.02,0,NA,NA,NA,NA,NA,NA,NA,NA,NA,NA,NA,NA,NA,NA,NA,NA,NA,NA,NA,NA,NA,NA,NA,NA,NA,NA
"109","Tyjae Spears","TEN","RB","16165","robust",NA,NA,NA,NA,NA,NA,NA,NA,NA,NA,5.46361546436179,0.687356287462784,23.14,1.067472,0.1,0,0.002,0.0029652,0,NA,0,NA,2.815,0.177912,21.4,3.26172,0.05,0.044478,NA,NA,NA,NA,NA,NA,NA,NA,NA,NA,NA,NA,NA,NA,NA,NA,NA,NA,NA,NA,NA,NA,NA,NA,NA,NA
"110","Pierre Strong Jr.","CLE","RB","15733","robust",NA,NA,NA,NA,NA,NA,NA,NA,NA,NA,1.85,NA,10.475,9.029034,0.05,0.068361249856846,0.001,0,0,NA,0,NA,0.2125,0.037065,1.95875,0.622692,0.00319341465212264,0,NA,NA,NA,NA,NA,NA,NA,NA,NA,NA,NA,NA,NA,NA,NA,NA,NA,NA,NA,NA,NA,NA,NA,NA,NA,NA
"111","Jeffery Wilson","MIA","RB","14017","robust",NA,NA,NA,NA,NA,NA,NA,NA,NA,NA,2,0.504084,12.2,7.11648,0.1,0,0.004,0,0,NA,0,NA,0.8475,0.415128,5.625,2.00151,0,0,NA,NA,NA,NA,NA,NA,NA,NA,NA,NA,NA,NA,NA,NA,NA,NA,NA,NA,NA,NA,NA,NA,NA,NA,NA,NA
"112","Antonio Gibson","WAS","RB","14852","robust",NA,NA,NA,NA,NA,NA,NA,NA,NA,NA,5.35,0.341420788845959,22.84,0.37065,0.1,0,0.066,0.0504084,0.03,0,0,NA,3,0.22239,23.525,3.7065,0.11,0.014826,NA,NA,NA,NA,NA,NA,NA,NA,NA,NA,NA,NA,NA,NA,NA,NA,NA,NA,NA,NA,NA,NA,"Q","Toe",2023,11
"113","Kenneth Gainwell","PHI","RB","15255","robust",NA,NA,NA,NA,NA,NA,NA,NA,NA,NA,4.255,0.229803,18.525,0.600452999999996,0.13,0.044478,0.044,0.0504084,0.03,0,0,NA,1.5,0.207564,10.2025,0.733886999999999,0,0,NA,NA,NA,NA,NA,NA,NA,NA,NA,NA,NA,NA,NA,NA,NA,NA,NA,NA,NA,NA,NA,NA,NA,NA,NA,NA
"114","Mike Boone","HOU","RB","13868","robust",NA,NA,NA,NA,NA,NA,NA,NA,NA,NA,2.50161255433048,1.63086,9.0825,5.78214,0.05,0.07413,0,0,0,NA,0,NA,0.5525,0.44478,4.5,2.2239,0,0,NA,NA,NA,NA,NA,NA,NA,NA,NA,NA,NA,NA,NA,NA,NA,NA,NA,NA,NA,NA,NA,NA,NA,NA,NA,NA
"115","Jordan Mason","SF","RB","15972","robust",NA,NA,NA,NA,NA,NA,NA,NA,NA,NA,1.1,NA,9.672,4.89258,0.0613675245325896,0.07413,0.001,0,0,NA,0,NA,0.1,0.0103782,1.461,0.37065,0.000488659793814433,0,NA,NA,NA,NA,NA,NA,NA,NA,NA,NA,NA,NA,NA,NA,NA,NA,NA,NA,NA,NA,NA,NA,NA,NA,NA,NA
"116","Samaje Perine","DEN","RB","13133","robust",NA,NA,NA,NA,NA,NA,NA,NA,NA,NA,2.35084094278747,0.631351781776703,10.17,2.957787,0.0475,0.044478,0.062,0.059304,0,NA,0,NA,2,0.14826,16.9,1.70499,0.095,0,NA,NA,NA,NA,NA,NA,NA,NA,NA,NA,NA,NA,NA,NA,NA,NA,NA,NA,NA,NA,NA,NA,NA,NA,NA,NA
"117","Craig Reynolds","DET","RB","14727","robust",NA,NA,NA,NA,NA,NA,NA,NA,NA,NA,0.782425925925926,NA,13.6925,6.6605805,0.1,0,0.00375,0,0,NA,0,NA,0.535,0.348411,4.53,3.306198,0.00500275938189845,0,NA,NA,NA,NA,NA,NA,NA,NA,NA,NA,NA,NA,NA,NA,NA,NA,NA,NA,NA,NA,NA,NA,NA,NA,NA,NA
"118","Chase Edmonds","TB","RB","13726","robust",NA,NA,NA,NA,NA,NA,NA,NA,NA,NA,4.2,0.148260000000001,15,2.9652,0.0675,0.014826,0,0,0,NA,0,NA,1,0,7.325,0.637518000000001,0,0,NA,NA,NA,NA,NA,NA,NA,NA,NA,NA,NA,NA,NA,NA,NA,NA,NA,NA,NA,NA,NA,NA,NA,NA,NA,NA
"119","Emari Demercado","ARI","RB","16385","robust",NA,NA,NA,NA,NA,NA,NA,NA,NA,NA,3.2925,0.192738,13.57,1.393644,0.0525,0.029652,0.001,0,0,NA,0,NA,0.9325,0.252042,6.87,1.541904,0,0,NA,NA,NA,NA,NA,NA,NA,NA,NA,NA,NA,NA,NA,NA,NA,NA,NA,NA,NA,NA,NA,NA,"Q","Toe",2023,11
"120","Tank Bigsby","JAC","RB","16164","robust",NA,NA,NA,NA,NA,NA,NA,NA,NA,NA,3.26225577480705,0.852495,12.55,3.78063,0.1,0.051891,0.0825,0.037065,0,NA,0,NA,0.4,0.029652,3,0.630105,0,0,NA,NA,NA,NA,NA,NA,NA,NA,NA,NA,NA,NA,NA,NA,NA,NA,NA,NA,NA,NA,NA,NA,NA,NA,NA,NA
"121","Boston Scott","PHI","RB","13814","robust",NA,NA,NA,NA,NA,NA,NA,NA,NA,NA,1.7,0.440321840635209,7.5,0.993342000000001,0.05,0.029652,0.001,0,0,NA,0,NA,0.355,0.081543,2.4,0.7413,0,0,NA,NA,NA,NA,NA,NA,NA,NA,NA,NA,NA,NA,NA,NA,NA,NA,NA,NA,NA,NA,NA,NA,NA,NA,NA,NA
"122","Emanuel Wilson","GB","RB","16432","robust",NA,NA,NA,NA,NA,NA,NA,NA,NA,NA,0.818959752321981,0.7413,9.5,10.911936,0.06,0.029652,0.0025,0,0,NA,0,NA,0.4275,0.1890315,2.4975,1.0341135,0.00178904011461318,0,NA,NA,NA,NA,NA,NA,NA,NA,NA,NA,NA,NA,NA,NA,NA,NA,NA,NA,NA,NA,NA,NA,NA,NA,NA,NA
"123","Matt Breida","NYG","RB","13378","robust",NA,NA,NA,NA,NA,NA,NA,NA,NA,NA,3.5,0.7413,12.935,2.846592,0.05,0.051891,0,0,0,NA,0,NA,0.9,0.14826,6.3,0.66717,0,0,NA,NA,NA,NA,NA,NA,NA,NA,NA,NA,NA,NA,NA,NA,NA,NA,NA,NA,NA,NA,NA,NA,NA,NA,NA,NA
"124","Dare Ogunbowale","HOU","RB","13148","robust",NA,NA,NA,NA,NA,NA,NA,NA,NA,NA,1.78524102564103,1.40847,6.92,2.639028,0.0375,0.037065,0,0,0,NA,0,NA,0.465,0.163086,3.5075,1.92738,0,0,NA,NA,NA,NA,NA,NA,NA,NA,NA,NA,NA,NA,NA,NA,NA,NA,NA,NA,NA,NA,NA,NA,NA,NA,NA,NA
"125","Chris Rodriguez","WAS","RB","16174","robust",NA,NA,NA,NA,NA,NA,NA,NA,NA,NA,0.512555555555556,NA,10.345,5.552337,0.0989968731319262,0,0.00125,0,0,NA,0,NA,0.2575,0.0852495,1.19375,0.0185324999999999,0.0025,0,NA,NA,NA,NA,NA,NA,NA,NA,NA,NA,NA,NA,NA,NA,NA,NA,NA,NA,NA,NA,NA,NA,NA,NA,NA,NA
"126","Jashaun Corbin","NYG","RB","15729","robust",NA,NA,NA,NA,NA,NA,NA,NA,NA,NA,0.67,0.266868,5.9,2.120118,0.0075,0.007413,0.0025,0.002471,0,NA,0,NA,0.4,0,3.2,0.311346,0.0075,0.007413,NA,NA,NA,NA,NA,NA,NA,NA,NA,NA,NA,NA,NA,NA,NA,NA,NA,NA,NA,NA,NA,NA,NA,NA,NA,NA
"127","Clyde Edwards-Helaire","KC","RB","14803","robust",NA,NA,NA,NA,NA,NA,NA,NA,NA,NA,2.42324630043798,0.14826,10,0.296519999999999,0.085,0.044478,0.002,0,0,NA,0,NA,0.6,0,3.975,0.14826,0,0,NA,NA,NA,NA,NA,NA,NA,NA,NA,NA,NA,NA,NA,NA,NA,NA,NA,NA,NA,NA,NA,NA,NA,NA,NA,NA
"128","Jerick McKinnon","KC","RB","11761","robust",NA,NA,NA,NA,NA,NA,NA,NA,NA,NA,2.1,0.44478,7.55,1.63086,0.02,0,0,0,0,NA,0,NA,2.2,0.333585,18.865,1.4826,0.1125,0.051891,NA,NA,NA,NA,NA,NA,NA,NA,NA,NA,NA,NA,NA,NA,NA,NA,NA,NA,NA,NA,NA,NA,NA,NA,NA,NA
"129","Keaontay Ingram","ARI","RB","15734","robust",NA,NA,NA,NA,NA,NA,NA,NA,NA,NA,2.37194907347554,0.996231696334842,9.26,1.18608,0.025,0.014826,0.00125,0.00185325,0,NA,0,NA,0.42,0.140847,2.105,0.96369,0.005,0,NA,NA,NA,NA,NA,NA,NA,NA,NA,NA,NA,NA,NA,NA,NA,NA,NA,NA,NA,NA,NA,NA,NA,NA,NA,NA
"130","Zamir White","LVR","RB","15714","robust",NA,NA,NA,NA,NA,NA,NA,NA,NA,NA,2.275,0.26557608603899,8.15,2.9652,0.05,0.059304,0.025,0.014826,0,NA,0,NA,0.315,0.177912,2.3775,0.44478,0,0,NA,NA,NA,NA,NA,NA,NA,NA,NA,NA,NA,NA,NA,NA,NA,NA,NA,NA,NA,NA,NA,NA,NA,NA,NA,NA
"131","Israel Abanikanda","NYJ","RB","16168","robust",NA,NA,NA,NA,NA,NA,NA,NA,NA,NA,0.525,0.17297,7.9,3.498936,0.045,0.059304,0,0,0,NA,0,NA,0.625,0.0741300000000001,4.4425,0.452193,0,0,NA,NA,NA,NA,NA,NA,NA,NA,NA,NA,NA,NA,NA,NA,NA,NA,NA,NA,NA,NA,NA,NA,NA,NA,NA,NA
"132","D'Ernest Johnson","JAC","RB","14331","robust",NA,NA,NA,NA,NA,NA,NA,NA,NA,NA,2.19950166240409,0.445518835319693,9.525,1.875489,0.05,0.029652,0,0,0,NA,0,NA,0.6,0.096369,4.15,0.622692,0.01,0,NA,NA,NA,NA,NA,NA,NA,NA,NA,NA,NA,NA,NA,NA,NA,NA,NA,NA,NA,NA,NA,NA,NA,NA,NA,NA
"133","Michael Carter","NYJ","RB","15258","robust",NA,NA,NA,NA,NA,NA,NA,NA,NA,NA,0.259566666666667,NA,5.4975,3.7027935,0.00344167362270451,0,0.00125,0,0,NA,0,NA,1.1775,0.7079415,7.0275,4.0437915,0.00309672444183314,0,NA,NA,NA,NA,NA,NA,NA,NA,NA,NA,NA,NA,NA,NA,NA,NA,NA,NA,NA,NA,NA,NA,NA,NA,NA,NA
"134","Salvon Ahmed","MIA","RB","14811","robust",NA,NA,NA,NA,NA,NA,NA,NA,NA,NA,0.957128513387337,NA,5.29333333333333,2.500652,0.05,0.059156983724209,0,0,0,NA,0,NA,0.621666666666667,0.355824,4.085,2.209074,0.00427188466662151,0,NA,NA,NA,NA,NA,NA,NA,NA,NA,NA,NA,NA,NA,NA,NA,NA,NA,NA,NA,NA,NA,NA,NA,NA,NA,NA
"135","Deuce Vaughn","DAL","RB","16176","robust",NA,NA,NA,NA,NA,NA,NA,NA,NA,NA,1.49444168463149,0.14826,5.35,1.92738,0.01,0,0.00125,0,0,NA,0,NA,0.535,0.207564,3.24,1.289862,0.01,0,NA,NA,NA,NA,NA,NA,NA,NA,NA,NA,NA,NA,NA,NA,NA,NA,NA,NA,NA,NA,NA,NA,NA,NA,NA,NA
"136","Zach Evans","LAR","RB","16163","robust",NA,NA,NA,NA,NA,NA,NA,NA,NA,NA,1,0.626928,5.45,0.59304,0.035,0,0,0,0,NA,0,NA,0.2,0.14826,1.4,0.59304,0,0,NA,NA,NA,NA,NA,NA,NA,NA,NA,NA,NA,NA,NA,NA,NA,NA,NA,NA,NA,NA,NA,NA,NA,NA,NA,NA
"137","Trayveon Williams","CIN","RB","14076","robust",NA,NA,NA,NA,NA,NA,NA,NA,NA,NA,1.75,0.157876471952663,7.8,1.074885,0.02,0,0.0025,0.0037065,0,NA,0,NA,0.6,0.29652,3.68,1.03782,0.005,0,NA,NA,NA,NA,NA,NA,NA,NA,NA,NA,NA,NA,NA,NA,NA,NA,NA,NA,NA,NA,NA,NA,NA,NA,NA,NA
"138","Raheem Blackshear","CAR","RB","15973","robust",NA,NA,NA,NA,NA,NA,NA,NA,NA,NA,1.98,0.0741299999999999,7.255,0.896973000000001,0.085,0,0.001,0,0,NA,0.01,0,0.635,0.133434,5.1,2.038575,0.005,0,NA,NA,NA,NA,NA,NA,NA,NA,NA,NA,NA,NA,NA,NA,NA,NA,NA,NA,NA,NA,NA,NA,NA,NA,NA,NA
"139","Ke'Shawn Vaughn","TB","RB","14810","robust",NA,NA,NA,NA,NA,NA,NA,NA,NA,NA,0.9,NA,4.16,1.994097,0.0250443984149856,0.0198118833933718,0,0,0,NA,0,NA,0.265,0.130963,1.655,0.756126,0.00294520547945206,0.00291104109589041,NA,NA,NA,NA,NA,NA,NA,NA,NA,NA,NA,NA,NA,NA,NA,NA,NA,NA,NA,NA,NA,NA,NA,NA,NA,NA
"140","Brandon Bolden","LVR","RB","10932","robust",NA,NA,NA,NA,NA,NA,NA,NA,NA,NA,0.327857142857143,NA,3.655,1.744526,0.0062962962962963,0.00622325925925926,0.0025,0.002471,0.05,0,0,NA,0.365,0.079072,2.0275,0.817901,0.00149810066476733,0.00148072269705603,NA,NA,NA,NA,NA,NA,NA,NA,NA,NA,NA,NA,NA,NA,NA,NA,NA,NA,NA,NA,NA,NA,NA,NA,NA,NA
"141","Darrynton Evans","CHI","RB","14808","robust",NA,NA,NA,NA,NA,NA,NA,NA,NA,NA,1.17,NA,5.855,1.697577,0.0168232484076433,0.016832703821656,0,0,0,NA,0,NA,0.5,0.44478,3.595,3.847347,0.0158077544426494,0.0172211534733441,NA,NA,NA,NA,NA,NA,NA,NA,NA,NA,NA,NA,NA,NA,NA,NA,NA,NA,NA,NA,NA,NA,NA,NA,NA,NA
"142","Godwin Igwebuike","FA","RB","14011","robust",NA,NA,NA,NA,NA,NA,NA,NA,NA,NA,0.525,0.42007,2.025,1.75441,0.025,0.02471,0,0,0,NA,0,NA,0.2,0.051891,1.1925,0.44478,0,0,NA,NA,NA,NA,NA,NA,NA,NA,NA,NA,NA,NA,NA,NA,NA,NA,NA,NA,NA,NA,NA,NA,NA,NA,NA,NA
"143","Godwin Igwebuike","PIT","RB","14011","robust",NA,NA,NA,NA,NA,NA,NA,NA,NA,NA,0.525,0.42007,2.025,1.75441,0.025,0.02471,0,0,0,NA,0,NA,0.2,0.051891,1.1925,0.44478,0,0,NA,NA,NA,NA,NA,NA,NA,NA,NA,NA,NA,NA,NA,NA,NA,NA,NA,NA,NA,NA,NA,NA,NA,NA,NA,NA
"144","Chris Evans","CIN","RB","15275","robust",NA,NA,NA,NA,NA,NA,NA,NA,NA,NA,0.35075,0.3009678,3.5075,1.4826,0.0075,0,0.0025,0,0,NA,0,NA,0.3625,0,2.25,0.44478,0.005,0,NA,NA,NA,NA,NA,NA,NA,NA,NA,NA,NA,NA,NA,NA,NA,NA,NA,NA,NA,NA,NA,NA,NA,NA,NA,NA
"145","Ty Johnson","BUF","RB","14095","robust",NA,NA,NA,NA,NA,NA,NA,NA,NA,NA,0.525,0.44478,3,1.77912,0.005,0,0,0,0,NA,0,NA,0.48,0.133434,2.77,1.719816,0.0025,0,NA,NA,NA,NA,NA,NA,NA,NA,NA,NA,NA,NA,NA,NA,NA,NA,NA,NA,NA,NA,NA,NA,NA,NA,NA,NA
"146","DeeJay Dallas","SEA","RB","14815","robust",NA,NA,NA,NA,NA,NA,NA,NA,NA,NA,0.134333333333333,NA,2.27,1.492484,0.00425627240143369,0.00520769892473118,0,0,0,NA,0.01,0,0.48,0.096369,2.63,0.380534,0.00207505518763797,0.00205098454746137,NA,NA,NA,NA,NA,NA,NA,NA,NA,NA,NA,NA,NA,NA,NA,NA,NA,NA,NA,NA,NA,NA,NA,NA,NA,NA
"147","Ameer Abdullah","LVR","RB","12155","robust",NA,NA,NA,NA,NA,NA,NA,NA,NA,NA,0.591594768170426,0.44478,2.4,0.59304,0,0,0,0,0,NA,0,NA,1,0,7.8,1.275036,0,0,NA,NA,NA,NA,NA,NA,NA,NA,NA,NA,NA,NA,NA,NA,NA,NA,NA,NA,NA,NA,NA,NA,NA,NA,NA,NA
"148","Jonathan Ward","TEN","RB","15042","robust",NA,NA,NA,NA,NA,NA,NA,NA,NA,NA,0.15,0.22239,2.4125,3.55824,0.0075,0,0,0,0,NA,0,NA,0.2475,0,1.9775,0.904386,0.0025,0,NA,NA,NA,NA,NA,NA,NA,NA,NA,NA,NA,NA,NA,NA,NA,NA,NA,NA,NA,NA,NA,NA,NA,NA,NA,NA
"149","Sean Tucker","TB","RB","16166","robust",NA,NA,NA,NA,NA,NA,NA,NA,NA,NA,1.6315,0.9444162,3.2075,1.03782,0.005,0,0,0,0,NA,0,NA,0.1925,0.103782,0.9375,0.22239,0.0025,0,NA,NA,NA,NA,NA,NA,NA,NA,NA,NA,NA,NA,NA,NA,NA,NA,NA,NA,NA,NA,NA,NA,NA,NA,NA,NA
"150","Anthony McFarland","PIT","RB","14804","robust",NA,NA,NA,NA,NA,NA,NA,NA,NA,NA,0.21,0.29652,2.45,1.77912,0.005,0,0,0,0,NA,0,NA,0.205,0.14826,1.1825,0.14826,0.0075,0,NA,NA,NA,NA,NA,NA,NA,NA,NA,NA,NA,NA,NA,NA,NA,NA,NA,NA,NA,NA,NA,NA,NA,NA,NA,NA
"151","Hunter Luepke","DAL","RB","16391","robust",NA,NA,NA,NA,NA,NA,NA,NA,NA,NA,0.35,NA,1.0875,0.555975,0.155,0.221038671875,0,0,0,NA,0,NA,0.26,0.385476,1.42,0.88956,0,0,NA,NA,NA,NA,NA,NA,NA,NA,NA,NA,NA,NA,NA,NA,NA,NA,NA,NA,NA,NA,NA,NA,NA,NA,NA,NA
"152","Nick Bawden","NYJ","RB","13838","robust",NA,NA,NA,NA,NA,NA,NA,NA,NA,NA,0.545,0.355824,2.195,1.616034,0.035,0.029652,0,0,0,NA,0,NA,0.39,0.103782,2.775,1.92738,0.0025,0,NA,NA,NA,NA,NA,NA,NA,NA,NA,NA,NA,NA,NA,NA,NA,NA,NA,NA,NA,NA,NA,NA,NA,NA,NA,NA
"153","Dwayne Washington","DEN","RB","12845","robust",NA,NA,NA,NA,NA,NA,NA,NA,NA,NA,0,0,2.265,1.134189,0.01,0.014826,0,0,NA,NA,NA,NA,0.275,0.111195,2.67,1.289862,0.01,0.014826,NA,NA,NA,NA,NA,NA,NA,NA,NA,NA,NA,NA,NA,NA,NA,NA,NA,NA,NA,NA,NA,NA,NA,NA,NA,NA
"154","Alec Ingold","MIA","RB","14420","robust",NA,NA,NA,NA,NA,NA,NA,NA,NA,NA,0.255939393939394,NA,1.29,0.533736,0.0145002705627706,0.0133442022727273,0,0,0,NA,0,NA,0.595,0.118608,4.455,0.578214,0.015,0,NA,NA,NA,NA,NA,NA,NA,NA,NA,NA,NA,NA,NA,NA,NA,NA,NA,NA,NA,NA,NA,NA,"Q","Foot",2023,11
"155","Travis Homer","CHI","RB","14083","robust",NA,NA,NA,NA,NA,NA,NA,NA,NA,NA,0.3,NA,2.11,0.479374,0.00365079365079365,0.00360844444444444,0,0,0,NA,0,NA,0.24,0.039536,2.0625,0.852495,0.00294520547945205,0.00291104109589041,NA,NA,NA,NA,NA,NA,NA,NA,NA,NA,NA,NA,NA,NA,NA,NA,NA,NA,NA,NA,NA,NA,NA,NA,NA,NA
"156","Andrew Beck","HOU","RB","14319","robust",NA,NA,NA,NA,NA,NA,NA,NA,NA,NA,0.8,0.29652,2.25,0.37065,0,0,0,0,NA,NA,NA,NA,0.2,0.29652,3.85,0.22239,0,0,NA,NA,NA,NA,NA,NA,NA,NA,NA,NA,NA,NA,NA,NA,NA,NA,NA,NA,NA,NA,NA,NA,NA,NA,NA,NA
"157","Kyle Juszczyk","SF","RB","11367","robust",NA,NA,NA,NA,NA,NA,NA,NA,NA,NA,0.6025,0.134187386413043,2.0425,0.252042,0,0,0,0,0,NA,0,NA,0.95,0.29652,8.265,3.157938,0.07,0.07413,NA,NA,NA,NA,NA,NA,NA,NA,NA,NA,NA,NA,NA,NA,NA,NA,NA,NA,NA,NA,NA,NA,NA,NA,NA,NA
"158","Myles Gaskin","FA","RB","14081","robust",NA,NA,NA,NA,NA,NA,NA,NA,NA,NA,0.4,0.14826,1.515,0.763539,0.005,0.007413,0,0,NA,NA,NA,NA,0.185,0.126021,1.335,0.644931,0.005,0.007413,NA,NA,NA,NA,NA,NA,NA,NA,NA,NA,NA,NA,NA,NA,NA,NA,NA,NA,NA,NA,NA,NA,NA,NA,NA,NA
"159","Michael Burton","DEN","RB","12325","robust",NA,NA,NA,NA,NA,NA,NA,NA,NA,NA,0.514416927899687,0.55029092539185,1.08,0.14826,0.005,0,0,0,0,NA,0,NA,0.15,0.07413,0.81,0.252042,0.005,0.007413,NA,NA,NA,NA,NA,NA,NA,NA,NA,NA,NA,NA,NA,NA,NA,NA,NA,NA,NA,NA,NA,NA,NA,NA,NA,NA
"160","C.J. Ham","MIN","RB","12923","robust",NA,NA,NA,NA,NA,NA,NA,NA,NA,NA,0.233333333333333,0.04942,0.933333333333333,0.19768,0.0666666666666667,0.04942,0,0,0,NA,0,NA,0.45,0.489258,2.8,0.81543,0,0,NA,NA,NA,NA,NA,NA,NA,NA,NA,NA,NA,NA,NA,NA,NA,NA,NA,NA,NA,NA,NA,NA,NA,NA,NA,NA
"161","Khari Blasingame","CHI","RB","14552","robust",NA,NA,NA,NA,NA,NA,NA,NA,NA,NA,0.259378531073446,NA,1.18,0.266868,0.005,0.00648012849094761,0,0,0,NA,0,NA,0.135,0.103782,1.3,0.44478,0.005,0,NA,NA,NA,NA,NA,NA,NA,NA,NA,NA,NA,NA,NA,NA,NA,NA,NA,NA,NA,NA,NA,NA,NA,NA,NA,NA
"162","Patrick Ricard","BAL","RB","13455","robust",NA,NA,NA,NA,NA,NA,NA,NA,NA,NA,0.266666666666667,0.04942,0.7275,0.4484865,0.005,0.007413,0,0,0,NA,0,NA,0.32,0.133434,3.45,0.504084,0.005,0,NA,NA,NA,NA,NA,NA,NA,NA,NA,NA,NA,NA,NA,NA,NA,NA,NA,NA,NA,NA,NA,NA,NA,NA,NA,NA
"163","Alexander Armah","WAS","RB","13326","robust",NA,NA,NA,NA,NA,NA,NA,NA,NA,NA,0,0,0.01,0.014826,0.005,0.007413,0,0,NA,NA,NA,NA,0.2,0,1.225,0.407715,0.005,0.007413,NA,NA,NA,NA,NA,NA,NA,NA,NA,NA,NA,NA,NA,NA,NA,NA,NA,NA,NA,NA,NA,NA,"Q","Hamstring",2023,11
"164","Jakob Johnson","LVR","RB","14359","robust",NA,NA,NA,NA,NA,NA,NA,NA,NA,NA,0,0,0,0,0,0,0,0,NA,NA,NA,NA,0.24,0.088956,0.545,0.674583,0,0,NA,NA,NA,NA,NA,NA,NA,NA,NA,NA,NA,NA,NA,NA,NA,NA,NA,NA,NA,NA,NA,NA,"Q","Concussion",2023,11
"165","Tyreek Hill","MIA","WR","12801","robust",NA,NA,NA,NA,NA,NA,NA,NA,NA,NA,0.277083333333333,0.1050175,1.86,0.326172,0,0,0.05,0.037065,0,NA,0,NA,7.045,0.0667169999999999,101.165,6.13055099999999,0.775,0.066717,NA,NA,NA,NA,NA,NA,NA,NA,NA,NA,NA,NA,NA,NA,NA,NA,NA,NA,NA,NA,NA,NA,NA,NA,NA,NA
"166","CeeDee Lamb","DAL","WR","14832","robust",NA,NA,NA,NA,NA,NA,NA,NA,NA,NA,0.348333333333333,0.086485,2.835,1.534491,0.015,0.007413,0.08125,0.0185325,0,NA,0,NA,7.155,0.22239,96.25,5.1891,0.585,0.111195,NA,NA,NA,NA,NA,NA,NA,NA,NA,NA,NA,NA,NA,NA,NA,NA,NA,NA,NA,NA,NA,NA,NA,NA,NA,NA
"167","A.J. Brown","PHI","WR","14104","robust",NA,NA,NA,NA,NA,NA,NA,NA,NA,NA,0,0,0.05,0.041301,0,0,0.01875,0.0185325,0,NA,0,NA,6.3,0.44478,94.48,2.246139,0.5125,0.051891,NA,NA,NA,NA,NA,NA,NA,NA,NA,NA,NA,NA,NA,NA,NA,NA,NA,NA,NA,NA,NA,NA,NA,NA,NA,NA
"168","Ja'Marr Chase","CIN","WR","15281","robust",NA,NA,NA,NA,NA,NA,NA,NA,NA,NA,0.185833333333333,0.0432425,0.9325,0.837669,0,0,0.05,0.037065,0,NA,0,NA,7.05,0.37065,87.51,3.03933,0.605,0.096369,NA,NA,NA,NA,NA,NA,NA,NA,NA,NA,NA,NA,NA,NA,NA,NA,NA,NA,NA,NA,NA,NA,NA,NA,NA,NA
"169","Amon-Ra St. Brown","DET","WR","15287","robust",NA,NA,NA,NA,NA,NA,NA,NA,NA,NA,0.369166666666667,0.0457135000000001,2.155,0.808017,0,0,0.05,0.037065,0,NA,0,NA,7.2,0.29652,88.67,2.2239,0.5,0.103782,NA,NA,NA,NA,NA,NA,NA,NA,NA,NA,NA,NA,NA,NA,NA,NA,NA,NA,NA,NA,NA,NA,NA,NA,NA,NA
"170","Keenan Allen","LAC","WR","11222","robust",NA,NA,NA,NA,NA,NA,NA,NA,NA,NA,0.01,0.014826,0.209285714285714,0.29652,0,0,0,0,0,NA,0,NA,7.3,0.22239,87.4975,3.51376200000001,0.48,0.029652,NA,NA,NA,NA,NA,NA,NA,NA,NA,NA,NA,NA,NA,NA,NA,NA,NA,NA,NA,NA,NA,NA,"Q","Shoulder",2023,11
"171","Stefon Diggs","BUF","WR","12186","robust",NA,NA,NA,NA,NA,NA,NA,NA,NA,NA,0,0,0,0,0,0,0.05,0.037065,0,NA,0,NA,6.41,0.59304,76,1.149015,0.44,0.07413,NA,NA,NA,NA,NA,NA,NA,NA,NA,NA,NA,NA,NA,NA,NA,NA,NA,NA,NA,NA,NA,NA,NA,NA,NA,NA
"172","Justin Jefferson","MIN","WR","14836","robust",NA,NA,NA,NA,NA,NA,NA,NA,NA,NA,0.025,0.07413,0.563333333333333,0.269339,0,0,0.05,0.07413,0,NA,0,NA,5.4,1.92738,68.5725,19.12554,0.3225,0.177912,NA,NA,NA,NA,NA,NA,NA,NA,NA,NA,NA,NA,NA,NA,NA,NA,NA,NA,NA,NA,NA,NA,NA,"Hamstring",2023,11
"173","Cooper Kupp","LAR","WR","13164","robust",NA,NA,NA,NA,NA,NA,NA,NA,NA,NA,0.156,0.0830256,2,0.830256,0.005,0,0.01875,0.0185325,0,NA,0,NA,5.9,0.29652,77.95,3.37291500000001,0.415,0.126021,NA,NA,NA,NA,NA,NA,NA,NA,NA,NA,NA,NA,NA,NA,NA,NA,NA,NA,NA,NA,NA,NA,NA,NA,NA,NA
"174","Brandon Aiyuk","SF","WR","14840","robust",NA,NA,NA,NA,NA,NA,NA,NA,NA,NA,0.01,0.014826,0.25,0.059304,0.00833333333333333,0,0.01875,0.0185325,0,NA,0,NA,4.91,0.133434,76.52,5.9304,0.4,0,NA,NA,NA,NA,NA,NA,NA,NA,NA,NA,NA,NA,NA,NA,NA,NA,NA,NA,NA,NA,NA,NA,NA,NA,NA,NA
"175","Davante Adams","LVR","WR","11675","robust",NA,NA,NA,NA,NA,NA,NA,NA,NA,NA,0.092,0.0118608,0.15,0.22239,0.000833333333333333,0,0,0,0,NA,0,NA,5.745,0.37065,73.9,8.161713,0.395,0.00741300000000001,NA,NA,NA,NA,NA,NA,NA,NA,NA,NA,NA,NA,NA,NA,NA,NA,NA,NA,NA,NA,NA,NA,NA,NA,NA,NA
"176","Garrett Wilson","NYJ","WR","15753","robust",NA,NA,NA,NA,NA,NA,NA,NA,NA,NA,0.01,0.014826,0.407857142857143,0.44478,0,0,0.05,0.037065,0,NA,0,NA,5.8,0.29652,72.985,8.59908,0.275,0.037065,NA,NA,NA,NA,NA,NA,NA,NA,NA,NA,NA,NA,NA,NA,NA,NA,NA,NA,NA,NA,NA,NA,"Q","Elbow",2023,11
"177","Amari Cooper","CLE","WR","12175","robust",NA,NA,NA,NA,NA,NA,NA,NA,NA,NA,0,0,0,0,0,0,0,0,0,NA,0,NA,4.4575,0.719061,64.3,3.906651,0.3,0.051891,NA,NA,NA,NA,NA,NA,NA,NA,NA,NA,NA,NA,NA,NA,NA,NA,NA,NA,NA,NA,NA,NA,NA,NA,NA,NA
"178","Puka Nacua","LAR","WR","16211","robust",NA,NA,NA,NA,NA,NA,NA,NA,NA,NA,0.02,0.029652,0.468571428571429,0.398184,0,0,0,0,0,NA,0.01,0,5.745,0.66717,73.25,6.96822,0.35,0.029652,NA,NA,NA,NA,NA,NA,NA,NA,NA,NA,NA,NA,NA,NA,NA,NA,NA,NA,NA,NA,NA,NA,"Q","Knee",2023,11
"179","Christian Kirk","JAC","WR","13633","robust",NA,NA,NA,NA,NA,NA,NA,NA,NA,NA,0.01,0.014826,0.378214285714286,0.445839,0,0,0.1,0.07413,0,NA,0,NA,5.9,0.407715,69.7125,2.64644100000001,0.3925,0.07413,NA,NA,NA,NA,NA,NA,NA,NA,NA,NA,NA,NA,NA,NA,NA,NA,NA,NA,NA,NA,NA,NA,NA,NA,NA,NA
"180","Mike Evans","TB","WR","11671","robust",NA,NA,NA,NA,NA,NA,NA,NA,NA,NA,0,0,0.015,0,0,0,0,0,0,NA,0,NA,5.01,0.281694,72.8,2.14977,0.4,0.163086,NA,NA,NA,NA,NA,NA,NA,NA,NA,NA,NA,NA,NA,NA,NA,NA,NA,NA,NA,NA,NA,NA,NA,NA,NA,NA
"181","Jaylen Waddle","MIA","WR","15284","robust",NA,NA,NA,NA,NA,NA,NA,NA,NA,NA,0.193333333333333,0.084014,1.6025,0.7413,0,0,0,0,0,NA,0,NA,5.255,0.340998,72.9,3.11346,0.4025,0.118608,NA,NA,NA,NA,NA,NA,NA,NA,NA,NA,NA,NA,NA,NA,NA,NA,NA,NA,NA,NA,NA,NA,NA,NA,NA,NA
"182","D.J. Moore","CHI","WR","13635","robust",NA,NA,NA,NA,NA,NA,NA,NA,NA,NA,0.138,0.0563388,0.8,0.29652,0.000833333333333333,0,0.05,0.037065,0,NA,0,NA,4.66,0.415127999999999,70.6,3.031917,0.335,0.051891,NA,NA,NA,NA,NA,NA,NA,NA,NA,NA,NA,NA,NA,NA,NA,NA,NA,NA,NA,NA,NA,NA,NA,NA,NA,NA
"183","Chris Godwin","TB","WR","13163","robust",NA,NA,NA,NA,NA,NA,NA,NA,NA,NA,0.02,0.029652,0.48,0.493494,0,0,0.05,0.037065,0,NA,0,NA,5.095,0.111195,58.505,1.11936299999999,0.25,0.00741300000000001,NA,NA,NA,NA,NA,NA,NA,NA,NA,NA,NA,NA,NA,NA,NA,NA,NA,NA,NA,NA,NA,NA,NA,NA,NA,NA
"184","Nico Collins","HOU","WR","15290","robust",NA,NA,NA,NA,NA,NA,NA,NA,NA,NA,0,0,0,0,0,0,0,0,0,NA,0,NA,4.3375,0.555975,61.255,8.61390599999999,0.3175,0.051891,NA,NA,NA,NA,NA,NA,NA,NA,NA,NA,NA,NA,NA,NA,NA,NA,NA,NA,NA,NA,NA,NA,"Q","Calf",2023,11
"185","DK Metcalf","SEA","WR","14102","robust",NA,NA,NA,NA,NA,NA,NA,NA,NA,NA,0,0,0.0142857142857143,0,0,0,0.01875,0.0185325,0,NA,0,NA,4.9425,0.0963689999999999,65.25,4.329192,0.4,0.022239,NA,NA,NA,NA,NA,NA,NA,NA,NA,NA,NA,NA,NA,NA,NA,NA,NA,NA,NA,NA,NA,NA,NA,NA,NA,NA
"186","Nathaniel Dell","HOU","WR","16204","robust",NA,NA,NA,NA,NA,NA,NA,NA,NA,NA,1.4074309608621,0.591984996783222,7.4,1.445535,0.035,0,0.011,0.0163086,0,NA,0.01,0,4.6,0.59304,61.55,2.29803,0.4,0.059304,NA,NA,NA,NA,NA,NA,NA,NA,NA,NA,NA,NA,NA,NA,NA,NA,NA,NA,NA,NA,NA,NA,NA,NA,NA,NA
"187","DeVonta Smith","PHI","WR","15282","robust",NA,NA,NA,NA,NA,NA,NA,NA,NA,NA,0,0,0.0157142857142857,0,0,0,0,0,0,NA,0,NA,4.72,0.415127999999999,60,5.322534,0.3,0,NA,NA,NA,NA,NA,NA,NA,NA,NA,NA,NA,NA,NA,NA,NA,NA,NA,NA,NA,NA,NA,NA,NA,NA,NA,NA
"188","Terry McLaurin","WAS","WR","14109","robust",NA,NA,NA,NA,NA,NA,NA,NA,NA,NA,0.01,0.014826,0.220714285714286,0.209682,0,0,0,0,0,NA,0,NA,4.66,0.429954,63.95,5.78214,0.3,0.022239,NA,NA,NA,NA,NA,NA,NA,NA,NA,NA,NA,NA,NA,NA,NA,NA,NA,NA,NA,NA,NA,NA,NA,NA,NA,NA
"189","Adam Thielen","CAR","WR","11938","robust",NA,NA,NA,NA,NA,NA,NA,NA,NA,NA,0.01,0.014826,0.220714285714286,0.209682,0,0,0,0,0,NA,0,NA,5.96,0.533736,63.6,2.07564,0.325,0.037065,NA,NA,NA,NA,NA,NA,NA,NA,NA,NA,NA,NA,NA,NA,NA,NA,NA,NA,NA,NA,NA,NA,NA,NA,NA,NA
"190","Marquise Brown","ARI","WR","14105","robust",NA,NA,NA,NA,NA,NA,NA,NA,NA,NA,0.01,0.014826,0.291071428571429,0.303933,0,0,0,0,0,NA,0,NA,4.9,0.177912,57.035,3.068982,0.325,0.07413,NA,NA,NA,NA,NA,NA,NA,NA,NA,NA,NA,NA,NA,NA,NA,NA,NA,NA,NA,NA,NA,NA,NA,NA,NA,NA
"191","DeAndre Hopkins","TEN","WR","11232","robust",NA,NA,NA,NA,NA,NA,NA,NA,NA,NA,0.107,0.0103782,0.494642857142857,0.348411,0.000833333333333333,0,0,0,0,NA,0,NA,4.965,0.0518910000000002,66.09,0.741300000000011,0.35,0.07413,NA,NA,NA,NA,NA,NA,NA,NA,NA,NA,NA,NA,NA,NA,NA,NA,NA,NA,NA,NA,NA,NA,NA,NA,NA,NA
"192","Calvin Ridley","JAC","WR","13629","robust",NA,NA,NA,NA,NA,NA,NA,NA,NA,NA,0.075,0.07413,0.8575,1.208319,0,0,0,0,0,NA,0,NA,4,0.0222389999999999,53.005,1.48260000000001,0.26,0.088956,NA,NA,NA,NA,NA,NA,NA,NA,NA,NA,NA,NA,NA,NA,NA,NA,NA,NA,NA,NA,NA,NA,NA,NA,NA,NA
"193","Deebo Samuel","SF","WR","14136","robust",NA,NA,NA,NA,NA,NA,NA,NA,NA,NA,3.05492724445594,0.22239,15.3425,2.37216,0.175,0.00741300000000001,0.095,0.00741300000000001,0,NA,0,NA,4.0925,0.422541,56.6,7.63539,0.275,0.00741300000000001,NA,NA,NA,NA,NA,NA,NA,NA,NA,NA,NA,NA,NA,NA,NA,NA,NA,NA,NA,NA,NA,NA,NA,NA,NA,NA
"194","Tyler Lockett","SEA","WR","12187","robust",NA,NA,NA,NA,NA,NA,NA,NA,NA,NA,0,0,0.015,0,0,0,0,0,0,NA,0,NA,5.11,0.311346,63.1975,0.808017000000003,0.4175,0.051891,NA,NA,NA,NA,NA,NA,NA,NA,NA,NA,NA,NA,NA,NA,NA,NA,NA,NA,NA,NA,NA,NA,"Q","Hamstring",2023,11
"195","Noah Brown","HOU","WR","13172","robust",NA,NA,NA,NA,NA,NA,NA,NA,NA,NA,0.01,0,0,0,0,0,0,0,0,NA,0,NA,2.9225,0.459606,40.8125,9.48864,0.2,0.14826,NA,NA,NA,NA,NA,NA,NA,NA,NA,NA,NA,NA,NA,NA,NA,NA,NA,NA,NA,NA,NA,NA,"Q","Knee",2023,11
"196","Diontae Johnson","PIT","WR","14208","robust",NA,NA,NA,NA,NA,NA,NA,NA,NA,NA,0.02,0.029652,0.355357142857143,0.363237,0,0,0,0,0,NA,0,NA,4.44,0.704235,54.75,4.15128,0.2,0,NA,NA,NA,NA,NA,NA,NA,NA,NA,NA,NA,NA,NA,NA,NA,NA,NA,NA,NA,NA,NA,NA,NA,NA,NA,NA
"197","Rashee Rice","KC","WR","16194","robust",NA,NA,NA,NA,NA,NA,NA,NA,NA,NA,0.106,0.00889560000000001,0.442142857142857,0.359001,0.000833333333333333,0,0,0,0,NA,0,NA,4.2825,0.7413,49.6,11.1195,0.31,0.103782,NA,NA,NA,NA,NA,NA,NA,NA,NA,NA,NA,NA,NA,NA,NA,NA,NA,NA,NA,NA,NA,NA,NA,NA,NA,NA
"198","Jerry Jeudy","DEN","WR","14833","robust",NA,NA,NA,NA,NA,NA,NA,NA,NA,NA,0.01,0.014826,0.558571428571429,0.396066,0,0,0,0,0,NA,0,NA,3.875,0.237216,51.15,3.11346,0.27,0.066717,NA,NA,NA,NA,NA,NA,NA,NA,NA,NA,NA,NA,NA,NA,NA,NA,NA,NA,NA,NA,NA,NA,"Q","Hip",2023,11
"199","Courtland Sutton","DEN","WR","13630","robust",NA,NA,NA,NA,NA,NA,NA,NA,NA,NA,0,0,0.0192857142857143,0,0,0,0.1,0.07413,0,NA,0,NA,4.2875,0.185325,52.79,6.049008,0.4,0.111195,NA,NA,NA,NA,NA,NA,NA,NA,NA,NA,NA,NA,NA,NA,NA,NA,NA,NA,NA,NA,NA,NA,NA,NA,NA,NA
"200","Jordan Addison","MIN","WR","16186","robust",NA,NA,NA,NA,NA,NA,NA,NA,NA,NA,0.01,0.014826,0.175,0.22239,0,0,0,0,0,NA,0,NA,4.445,0.163086,56.525,2.2239,0.3075,0.14826,NA,NA,NA,NA,NA,NA,NA,NA,NA,NA,NA,NA,NA,NA,NA,NA,NA,NA,NA,NA,NA,NA,NA,NA,NA,NA
"201","Jakobi Meyers","LVR","WR","14127","robust",NA,NA,NA,NA,NA,NA,NA,NA,NA,NA,0.05,0.07413,0.75,0.489258,0.005,0,0,0,0,NA,0,NA,4.1975,0.148259999999999,46.9525,3.195003,0.2625,0.126021,NA,NA,NA,NA,NA,NA,NA,NA,NA,NA,NA,NA,NA,NA,NA,NA,NA,NA,NA,NA,NA,NA,NA,NA,NA,NA
"202","George Pickens","PIT","WR","15762","robust",NA,NA,NA,NA,NA,NA,NA,NA,NA,NA,0.01,0.014826,0.388214285714286,0.392889,0,0,0,0,0,NA,0,NA,3.4675,0.392889,52.15,2.59455,0.2225,0.081543,NA,NA,NA,NA,NA,NA,NA,NA,NA,NA,NA,NA,NA,NA,NA,NA,NA,NA,NA,NA,NA,NA,NA,NA,NA,NA
"203","Zay Flowers","BAL","WR","16190","robust",NA,NA,NA,NA,NA,NA,NA,NA,NA,NA,0.391666666666667,0.086485,1.55,0.674583,0,0,0,0,0,NA,0,NA,4.8125,0.259455000000001,56.5,2.557485,0.25,0.07413,NA,NA,NA,NA,NA,NA,NA,NA,NA,NA,NA,NA,NA,NA,NA,NA,NA,NA,NA,NA,NA,NA,NA,NA,NA,NA
"204","Jayden Reed","GB","WR","16184","robust",NA,NA,NA,NA,NA,NA,NA,NA,NA,NA,0.0166666666666667,0,0.75,0.429954,0,0,0,0,0,NA,0.01,0,3.095,0.155673,42.25,1.85325,0.2925,0.126021,NA,NA,NA,NA,NA,NA,NA,NA,NA,NA,NA,NA,NA,NA,NA,NA,NA,NA,NA,NA,NA,NA,NA,NA,NA,NA
"205","Gabriel Davis","BUF","WR","14845","robust",NA,NA,NA,NA,NA,NA,NA,NA,NA,NA,0.01,0.014826,0.0321428571428571,0.11649,0,0,0.05,0.037065,0,NA,0,NA,3.07,0.103782,44.9,1.104537,0.3,0.00741300000000001,NA,NA,NA,NA,NA,NA,NA,NA,NA,NA,NA,NA,NA,NA,NA,NA,NA,NA,NA,NA,NA,NA,NA,NA,NA,NA
"206","Tyler Boyd","CIN","WR","12650","robust",NA,NA,NA,NA,NA,NA,NA,NA,NA,NA,0.01,0.014826,0.123214285714286,0.14826,0,0,0,0,0,NA,0,NA,4.77,0.29652,49.8,2.238726,0.25,0.07413,NA,NA,NA,NA,NA,NA,NA,NA,NA,NA,NA,NA,NA,NA,NA,NA,NA,NA,NA,NA,NA,NA,NA,NA,NA,NA
"207","Christian Watson","GB","WR","15789","robust",NA,NA,NA,NA,NA,NA,NA,NA,NA,NA,0.025,0,0.95,0.81543,0.005,0,0,0,0,NA,0,NA,3.37,0.563388,47.175,2.631615,0.26,0.059304,NA,NA,NA,NA,NA,NA,NA,NA,NA,NA,NA,NA,NA,NA,NA,NA,NA,NA,NA,NA,NA,NA,"Q","Shoulder",2023,11
"208","Jahan Dotson","WAS","WR","15755","robust",NA,NA,NA,NA,NA,NA,NA,NA,NA,NA,0,0,0.035,0.051891,0,0,0,0,0,NA,0,NA,3.4225,0.281694,45.53,2.683506,0.3,0.081543,NA,NA,NA,NA,NA,NA,NA,NA,NA,NA,NA,NA,NA,NA,NA,NA,NA,NA,NA,NA,NA,NA,NA,NA,NA,NA
"209","Brandin Cooks","DAL","WR","11674","robust",NA,NA,NA,NA,NA,NA,NA,NA,NA,NA,0.321666666666667,0.061775,1.9,0.340998,0,0,0,0,0,NA,0,NA,3.4975,0.585627,44.175,3.78063,0.3025,0.00741300000000001,NA,NA,NA,NA,NA,NA,NA,NA,NA,NA,NA,NA,NA,NA,NA,NA,NA,NA,NA,NA,NA,NA,NA,NA,NA,NA
"210","Romeo Doubs","GB","WR","15779","robust",NA,NA,NA,NA,NA,NA,NA,NA,NA,NA,0,0,0.0185714285714286,0,0,0,0,0,0,NA,0,NA,3.5,0.340998,39.95,1.845837,0.3,0.103782,NA,NA,NA,NA,NA,NA,NA,NA,NA,NA,NA,NA,NA,NA,NA,NA,NA,NA,NA,NA,NA,NA,NA,NA,NA,NA
"211","Quentin Johnston","LAC","WR","16188","robust",NA,NA,NA,NA,NA,NA,NA,NA,NA,NA,0.107,0.0103782,0.553928571428571,0.429954,0.00142857142857143,0,0,0,0,NA,0,NA,3.16,0.163086,38.7925,2.913309,0.2,0,NA,NA,NA,NA,NA,NA,NA,NA,NA,NA,NA,NA,NA,NA,NA,NA,NA,NA,NA,NA,NA,NA,NA,NA,NA,NA
"212","Jaxon Smith-Njigba","SEA","WR","16185","robust",NA,NA,NA,NA,NA,NA,NA,NA,NA,NA,0,0,0.0571428571428571,0.06354,0,0,0,0,0,NA,0,NA,3.91,0.133434,45.35,2.2239,0.25,0.051891,NA,NA,NA,NA,NA,NA,NA,NA,NA,NA,NA,NA,NA,NA,NA,NA,NA,NA,NA,NA,NA,NA,NA,NA,NA,NA
"213","Michael Wilson","ARI","WR","16206","robust",NA,NA,NA,NA,NA,NA,NA,NA,NA,NA,0,0,0.0185714285714286,0,0,0,0,0,0,NA,0,NA,2.95,0.0741300000000001,39.4,2.81694,0.2,0,NA,NA,NA,NA,NA,NA,NA,NA,NA,NA,NA,NA,NA,NA,NA,NA,NA,NA,NA,NA,NA,NA,NA,NA,NA,NA
"214","Darius Slayton","NYG","WR","14122","robust",NA,NA,NA,NA,NA,NA,NA,NA,NA,NA,0,0,0.05,0.07413,0,0,0,0,0,NA,0.01,0,2.72,0.340998,38.43,2.2239,0.15,0.059304,NA,NA,NA,NA,NA,NA,NA,NA,NA,NA,NA,NA,NA,NA,NA,NA,NA,NA,NA,NA,NA,NA,NA,NA,NA,NA
"215","Josh Reynolds","DET","WR","13168","robust",NA,NA,NA,NA,NA,NA,NA,NA,NA,NA,0,0,0,0,0,0,0.05,0.037065,0,NA,0,NA,2.43,0.281694000000001,33.5875,6.604983,0.2,0.103782,NA,NA,NA,NA,NA,NA,NA,NA,NA,NA,NA,NA,NA,NA,NA,NA,NA,NA,NA,NA,NA,NA,NA,NA,NA,NA
"216","Elijah Moore","CLE","WR","15288","robust",NA,NA,NA,NA,NA,NA,NA,NA,NA,NA,0.325,0.27181,1.56,1.4826,0,0,0.05,0.037065,0,NA,0,NA,3.0825,0.422541,36.5775,3.358089,0.15,0.07413,NA,NA,NA,NA,NA,NA,NA,NA,NA,NA,NA,NA,NA,NA,NA,NA,NA,NA,NA,NA,NA,NA,NA,NA,NA,NA
"217","Darnell Mooney","CHI","WR","14974","robust",NA,NA,NA,NA,NA,NA,NA,NA,NA,NA,0.02,0.029652,0.3075,0.44478,0,0,0,0,0,NA,0,NA,2.5525,0.348411,38.05,1.23797100000001,0.15,0.014826,NA,NA,NA,NA,NA,NA,NA,NA,NA,NA,NA,NA,NA,NA,NA,NA,NA,NA,NA,NA,NA,NA,NA,NA,NA,NA
"218","Curtis Samuel","WAS","WR","13157","robust",NA,NA,NA,NA,NA,NA,NA,NA,NA,NA,0.769816455478864,0.230075123107036,3.78,1.994097,0.02,0.014826,0,0,0,NA,0,NA,3.475,0.340998,36.245,4.040085,0.2,0,NA,NA,NA,NA,NA,NA,NA,NA,NA,NA,NA,NA,NA,NA,NA,NA,NA,NA,NA,NA,NA,NA,"Q","Toe",2023,11
"219","Trenton Irwin","CIN","WR","14551","robust",NA,NA,NA,NA,NA,NA,NA,NA,NA,NA,0,0,0.0978571428571429,0.141906,0,0,0,0,0,NA,0.01,0,3.1,1.082298,35.19,3.424806,0.2,0.00741299999999999,NA,NA,NA,NA,NA,NA,NA,NA,NA,NA,NA,NA,NA,NA,NA,NA,NA,NA,NA,NA,NA,NA,NA,NA,NA,NA
"220","Allen Lazard","NYJ","WR","13632","robust",NA,NA,NA,NA,NA,NA,NA,NA,NA,NA,0.01,0.014826,0.110357142857143,0.14826,0,0,0,0,0,NA,0,NA,2.71,0.355824,35.5,2.2239,0.15,0.051891,NA,NA,NA,NA,NA,NA,NA,NA,NA,NA,NA,NA,NA,NA,NA,NA,NA,NA,NA,NA,NA,NA,NA,NA,NA,NA
"221","Robert Woods","HOU","WR","11228","robust",NA,NA,NA,NA,NA,NA,NA,NA,NA,NA,0.01,0.014826,0.1,0.14826,0,0,0,0,0,NA,0,NA,3.1725,0.229803,35.1625,3.85476,0.2,0.066717,NA,NA,NA,NA,NA,NA,NA,NA,NA,NA,NA,NA,NA,NA,NA,NA,NA,NA,NA,NA,NA,NA,NA,NA,NA,NA
"222","Odell Beckham","BAL","WR","11679","robust",NA,NA,NA,NA,NA,NA,NA,NA,NA,NA,0,0,0.105714285714286,0.14826,0,0,0.05,0.037065,0,NA,0,NA,2.55,0.526323,34.4,2.112705,0.2,0.022239,NA,NA,NA,NA,NA,NA,NA,NA,NA,NA,NA,NA,NA,NA,NA,NA,NA,NA,NA,NA,NA,NA,NA,NA,NA,NA
"223","D.J. Chark","CAR","WR","13668","robust",NA,NA,NA,NA,NA,NA,NA,NA,NA,NA,0,0,0,0,0,0,0,0,0,NA,0,NA,2.3,0.467019,33.925,4.37367,0.2,0.14826,NA,NA,NA,NA,NA,NA,NA,NA,NA,NA,NA,NA,NA,NA,NA,NA,NA,NA,NA,NA,NA,NA,NA,NA,NA,NA
"224","Jonathan Mingo","CAR","WR","16197","robust",NA,NA,NA,NA,NA,NA,NA,NA,NA,NA,0,0,0.0214285714285714,0,0,0,0,0,0,NA,0,NA,2.7,0.340998,33.885,1.230558,0.1,0.014826,NA,NA,NA,NA,NA,NA,NA,NA,NA,NA,NA,NA,NA,NA,NA,NA,NA,NA,NA,NA,NA,NA,NA,NA,NA,NA
"225","Rashod Bateman","BAL","WR","15293","robust",NA,NA,NA,NA,NA,NA,NA,NA,NA,NA,0.01,0.014826,0.391071428571429,0.407715,0,0,0,0,0,NA,0,NA,2.52,0.244629,34.1,1.63086,0.125,0.096369,NA,NA,NA,NA,NA,NA,NA,NA,NA,NA,NA,NA,NA,NA,NA,NA,NA,NA,NA,NA,NA,NA,NA,NA,NA,NA
"226","Zay Jones","JAC","WR","13176","robust",NA,NA,NA,NA,NA,NA,NA,NA,NA,NA,0,0,0,0,0,0,0,0,0,NA,0,NA,2.5925,1.4714805,26.61,14.840826,0.155,0.080888384638228,NA,NA,NA,NA,NA,NA,NA,NA,NA,NA,NA,NA,NA,NA,NA,NA,NA,NA,NA,NA,NA,NA,"Q","Knee",2023,11
"227","Tutu Atwell","LAR","WR","15301","robust",NA,NA,NA,NA,NA,NA,NA,NA,NA,NA,0.844583333333333,0.1717345,4.3,1.386231,0.02,0,0,0,0,NA,0,NA,2.75,0.37065,34.85,1.03782,0.2,0,NA,NA,NA,NA,NA,NA,NA,NA,NA,NA,NA,NA,NA,NA,NA,NA,NA,NA,NA,NA,NA,NA,NA,NA,NA,NA
"228","Marquez Valdes-Scantling","KC","WR","13793","robust",NA,NA,NA,NA,NA,NA,NA,NA,NA,NA,0,0,0,0,0,0,0.05,0.037065,0,NA,0,NA,1.9,0.14826,30.5075,1.986684,0.145,0.07413,NA,NA,NA,NA,NA,NA,NA,NA,NA,NA,NA,NA,NA,NA,NA,NA,NA,NA,NA,NA,NA,NA,NA,NA,NA,NA
"229","Khalil Shakir","BUF","WR","15761","robust",NA,NA,NA,NA,NA,NA,NA,NA,NA,NA,0,0,0.035,0,0,0,0,0,0,NA,0.01,0,2.675,0.37065,31.75,4.4478,0.16,0.022239,NA,NA,NA,NA,NA,NA,NA,NA,NA,NA,NA,NA,NA,NA,NA,NA,NA,NA,NA,NA,NA,NA,NA,NA,NA,NA
"230","Isaiah Hodgins","NYG","WR","14849","robust",NA,NA,NA,NA,NA,NA,NA,NA,NA,NA,0,0,0,0,0,0,0.0125,0.037065,0,NA,0,NA,1.4,0.237216,17.61,0.800603999999999,0.1225,0.044478,NA,NA,NA,NA,NA,NA,NA,NA,NA,NA,NA,NA,NA,NA,NA,NA,NA,NA,NA,NA,NA,NA,NA,NA,NA,NA
"231","Jameson Williams","DET","WR","15756","robust",NA,NA,NA,NA,NA,NA,NA,NA,NA,NA,0,0,0.218928571428571,0.29652,0,0,0,0,0,NA,0,NA,1.8,0.29652,23.55,5.144622,0.15,0.051891,NA,NA,NA,NA,NA,NA,NA,NA,NA,NA,NA,NA,NA,NA,NA,NA,NA,NA,NA,NA,NA,NA,NA,NA,NA,NA
"232","Wan'Dale Robinson","NYG","WR","15757","robust",NA,NA,NA,NA,NA,NA,NA,NA,NA,NA,0.8,0.44478,3.655,1.63086,0,0,0,0,0,NA,0,NA,3.1,0.14826,31.985,2.37216,0.115,0.022239,NA,NA,NA,NA,NA,NA,NA,NA,NA,NA,NA,NA,NA,NA,NA,NA,NA,NA,NA,NA,NA,NA,"Q","Knee",2023,11
"233","Rondale Moore","ARI","WR","15283","robust",NA,NA,NA,NA,NA,NA,NA,NA,NA,NA,1.25102352307836,0.246389894001699,8.3925,1.430709,0.0121625002068475,0.007413,0.001,0.0014826,0,NA,0,NA,3.3,0.29652,31.8525,4.15128,0.1,0.014826,NA,NA,NA,NA,NA,NA,NA,NA,NA,NA,NA,NA,NA,NA,NA,NA,NA,NA,NA,NA,NA,NA,NA,NA,NA,NA
"234","Justin Watson","KC","WR","13776","robust",NA,NA,NA,NA,NA,NA,NA,NA,NA,NA,0,0,0,0,0,0,0.05,0.07413,0,NA,0,NA,1.8,0.29652,27.51,5.63388,0.15,0.14826,NA,NA,NA,NA,NA,NA,NA,NA,NA,NA,NA,NA,NA,NA,NA,NA,NA,NA,NA,NA,NA,NA,NA,NA,NA,NA
"235","Cedrick Wilson","MIA","WR","13652","robust",NA,NA,NA,NA,NA,NA,NA,NA,NA,NA,0.0125,0.037065,0.0354166666666667,0,0,0,0,0,0,NA,0,NA,1.5,0.14826,19.4,2.134944,0.125,0.07413,NA,NA,NA,NA,NA,NA,NA,NA,NA,NA,NA,NA,NA,NA,NA,NA,NA,NA,NA,NA,NA,NA,NA,NA,NA,NA
"236","K.J. Osborn","MIN","WR","14977","robust",NA,NA,NA,NA,NA,NA,NA,NA,NA,NA,0.0125,0.037065,0.190833333333333,0.027181,0,0,0,0,0,NA,0,NA,2.6,0.29652,27.97,4.180932,0.185,0,NA,NA,NA,NA,NA,NA,NA,NA,NA,NA,NA,NA,NA,NA,NA,NA,NA,NA,NA,NA,NA,NA,NA,NA,NA,NA
"237","Brandon Powell","MIN","WR","13910","robust",NA,NA,NA,NA,NA,NA,NA,NA,NA,NA,0.08,0.118608,2,1.40847,0,0,0,0,0,NA,0,NA,1.6775,0.474432,16.3408333333333,4.319308,0.11,0.029652,NA,NA,NA,NA,NA,NA,NA,NA,NA,NA,NA,NA,NA,NA,NA,NA,NA,NA,NA,NA,NA,NA,NA,NA,NA,NA
"238","Treylon Burks","TEN","WR","15752","robust",NA,NA,NA,NA,NA,NA,NA,NA,NA,NA,0.1,0.07413,1.4,0.88956,0,0,0,0,0,NA,0,NA,2,0.22239,28.05,2.89107,0.05,0.022239,NA,NA,NA,NA,NA,NA,NA,NA,NA,NA,NA,NA,NA,NA,NA,NA,NA,NA,NA,NA,NA,NA,"Q","Concussion",2023,11
"239","Nick Westbrook-Ikhine","TEN","WR","15109","robust",NA,NA,NA,NA,NA,NA,NA,NA,NA,NA,0,0,0,0,0,0,0,0,0,NA,0,NA,2,0.14826,25.9,1.675338,0.2,0.126021,NA,NA,NA,NA,NA,NA,NA,NA,NA,NA,NA,NA,NA,NA,NA,NA,NA,NA,NA,NA,NA,NA,NA,NA,NA,NA
"240","Trey Palmer","TB","WR","16199","robust",NA,NA,NA,NA,NA,NA,NA,NA,NA,NA,0,0,0.075,0.07413,0,0,0,0,0,NA,0,NA,2.455,0.281694,29.2225,3.55824,0.15,0.051891,NA,NA,NA,NA,NA,NA,NA,NA,NA,NA,NA,NA,NA,NA,NA,NA,NA,NA,NA,NA,NA,NA,NA,NA,NA,NA
"241","Jalen Guyton","LAC","WR","14337","robust",NA,NA,NA,NA,NA,NA,NA,NA,NA,NA,0.02,0,0.3,0.44478,0,0,0,0,0,NA,0,NA,2.095,0.22239,27.1,2.52042,0.185,0.029652,NA,NA,NA,NA,NA,NA,NA,NA,NA,NA,NA,NA,NA,NA,NA,NA,NA,NA,NA,NA,NA,NA,NA,NA,NA,NA
"242","Michael Gallup","DAL","WR","13646","robust",NA,NA,NA,NA,NA,NA,NA,NA,NA,NA,0,0,0.05,0.045537,0,0,0,0,0,NA,0,NA,2.25,0.111195,27.49,2.905896,0.18,0.014826,NA,NA,NA,NA,NA,NA,NA,NA,NA,NA,NA,NA,NA,NA,NA,NA,NA,NA,NA,NA,NA,NA,NA,NA,NA,NA
"243","John Metchie","HOU","WR","15759","robust",NA,NA,NA,NA,NA,NA,NA,NA,NA,NA,0.0333333333333333,0.04942,0.035,0,0,0,0,0,0,NA,0,NA,0.73,0.340998,9.16,4.981536,0.04,0.059304,NA,NA,NA,NA,NA,NA,NA,NA,NA,NA,NA,NA,NA,NA,NA,NA,NA,NA,NA,NA,NA,NA,NA,NA,NA,NA
"244","Jalin Hyatt","NYG","WR","16183","robust",NA,NA,NA,NA,NA,NA,NA,NA,NA,NA,0.01,0.014826,0.015,0,0,0,0,0,0,NA,0,NA,1.325,0.303933,19.25,7.413,0.07,0.014826,NA,NA,NA,NA,NA,NA,NA,NA,NA,NA,NA,NA,NA,NA,NA,NA,NA,NA,NA,NA,NA,NA,"Q","Concussion",2023,11
"245","Kyle Philips","TEN","WR","15901","robust",NA,NA,NA,NA,NA,NA,NA,NA,NA,NA,0,0,0.025,0,0,0,0.025,0.07413,0,NA,0,NA,1.8475,0.133434,22.925,2.52042,0.1,0.014826,NA,NA,NA,NA,NA,NA,NA,NA,NA,NA,NA,NA,NA,NA,NA,NA,NA,NA,NA,NA,NA,NA,NA,NA,NA,NA
"246","Skyy Moore","KC","WR","15766","robust",NA,NA,NA,NA,NA,NA,NA,NA,NA,NA,0.04,0.059304,0.925,1.082298,0,0,0,0,0,NA,0.01,0,1.7,0.44478,21.385,2.37216,0.085,0.029652,NA,NA,NA,NA,NA,NA,NA,NA,NA,NA,NA,NA,NA,NA,NA,NA,NA,NA,NA,NA,NA,NA,NA,NA,NA,NA
"247","Hunter Renfrow","LVR","WR","14123","robust",NA,NA,NA,NA,NA,NA,NA,NA,NA,NA,0.094,0.0118608,0.2,0.059304,0,0,0,0,0,NA,0,NA,1.775,0.874734,18.5275,5.530098,0.095,0.014826,NA,NA,NA,NA,NA,NA,NA,NA,NA,NA,NA,NA,NA,NA,NA,NA,NA,NA,NA,NA,NA,NA,NA,NA,NA,NA
"248","Dontayvion Wicks","GB","WR","16195","robust",NA,NA,NA,NA,NA,NA,NA,NA,NA,NA,0,0,0.2,0.0934038,0,0,0.0333333333333333,0.02471,0,NA,0,NA,1.74,0.0741300000000001,24.2,0.481844999999999,0.1,0.022239,NA,NA,NA,NA,NA,NA,NA,NA,NA,NA,NA,NA,NA,NA,NA,NA,NA,NA,NA,NA,NA,NA,NA,NA,NA,NA
"249","Kadarius Toney","KC","WR","15289","robust",NA,NA,NA,NA,NA,NA,NA,NA,NA,NA,0.879,0.1245384,2.91,1.452948,0,0,0,0,0,NA,0,NA,1.4475,0.400302,15.515,3.543414,0.1,0.029652,NA,NA,NA,NA,NA,NA,NA,NA,NA,NA,NA,NA,NA,NA,NA,NA,NA,NA,NA,NA,NA,NA,NA,NA,NA,NA
"250","Charlie Jones","CIN","WR","16203","robust",NA,NA,NA,NA,NA,NA,NA,NA,NA,NA,0,0,0.1225,0.14826,0,0,0,0,0,NA,0,NA,0.795,0.207564,8.955,2.535246,0.06,0.029652,NA,NA,NA,NA,NA,NA,NA,NA,NA,NA,NA,NA,NA,NA,NA,NA,NA,NA,NA,NA,NA,NA,NA,NA,NA,NA
"251","Jauan Jennings","SF","WR","14860","robust",NA,NA,NA,NA,NA,NA,NA,NA,NA,NA,0,0,0,0,0,0,0,0,0,NA,0,NA,1.45,0.59304,20.25,4.944471,0.0625,0.037065,NA,NA,NA,NA,NA,NA,NA,NA,NA,NA,NA,NA,NA,NA,NA,NA,NA,NA,NA,NA,NA,NA,NA,NA,NA,NA
"252","Kalif Raymond","DET","WR","13066","robust",NA,NA,NA,NA,NA,NA,NA,NA,NA,NA,0.075,0.07413,1.5875,1.371405,0,0,0,0,0,NA,0.01,0,1.5,0.681996,19.8,4.840689,0.1,0,NA,NA,NA,NA,NA,NA,NA,NA,NA,NA,NA,NA,NA,NA,NA,NA,NA,NA,NA,NA,NA,NA,NA,NA,NA,NA
"253","Marvin Mims","DEN","WR","16189","robust",NA,NA,NA,NA,NA,NA,NA,NA,NA,NA,0.566666666666667,0.04942,1.655,0.578214,0,0,0.01875,0.0185325,0,NA,0.01,0,1.7,0.289107,21.5,2.031162,0.14,0.059304,NA,NA,NA,NA,NA,NA,NA,NA,NA,NA,NA,NA,NA,NA,NA,NA,NA,NA,NA,NA,NA,NA,NA,NA,NA,NA
"254","Jalen Tolbert","DAL","WR","15788","robust",NA,NA,NA,NA,NA,NA,NA,NA,NA,NA,0,0,0.088,0.07413,0,0,0,0,0,NA,0,NA,1.65,0.378063,19.5,5.122383,0.1,0.014826,NA,NA,NA,NA,NA,NA,NA,NA,NA,NA,NA,NA,NA,NA,NA,NA,NA,NA,NA,NA,NA,NA,NA,NA,NA,NA
"255","Terrace Marshall","CAR","WR","15308","robust",NA,NA,NA,NA,NA,NA,NA,NA,NA,NA,0,0,0.015,0,0,0,0,0,0,NA,0,NA,1.35,0.452193,18.39,2.438877,0.085,0.014826,NA,NA,NA,NA,NA,NA,NA,NA,NA,NA,NA,NA,NA,NA,NA,NA,NA,NA,NA,NA,NA,NA,NA,NA,NA,NA
"256","Jake Bobo","SEA","WR","16393","robust",NA,NA,NA,NA,NA,NA,NA,NA,NA,NA,0.0125,0.037065,0.47,0.385476,0.04,0.059304,0,0,0,NA,0,NA,1.2,0.29652,14.3,4.89258,0.1,0.044478,NA,NA,NA,NA,NA,NA,NA,NA,NA,NA,NA,NA,NA,NA,NA,NA,NA,NA,NA,NA,NA,NA,NA,NA,NA,NA
"257","Braxton Berrios","MIA","WR","13638","robust",NA,NA,NA,NA,NA,NA,NA,NA,NA,NA,0.0875,0.259455,0.880833333333333,0.859908,0.01,0,0,0,0,NA,0.01,0,1.5,0.29652,15.6425,2.550072,0.1,0.044478,NA,NA,NA,NA,NA,NA,NA,NA,NA,NA,NA,NA,NA,NA,NA,NA,NA,NA,NA,NA,NA,NA,"Q","Hamstring",2023,11
"258","Chris Moore","TEN","WR","12773","robust",NA,NA,NA,NA,NA,NA,NA,NA,NA,NA,0,0,0.008,0,0,0,0,0,0,NA,0,NA,1.15,0.118608,16.18,4.803624,0.05,0,NA,NA,NA,NA,NA,NA,NA,NA,NA,NA,NA,NA,NA,NA,NA,NA,NA,NA,NA,NA,NA,NA,NA,NA,NA,NA
"259","Sterling Shepard","NYG","WR","12658","robust",NA,NA,NA,NA,NA,NA,NA,NA,NA,NA,0,0,0.008,0,0,0,0,0,0,NA,0,NA,1.175,0.118608,12.7,4.655364,0.05,0.066717,NA,NA,NA,NA,NA,NA,NA,NA,NA,NA,NA,NA,NA,NA,NA,NA,NA,NA,NA,NA,NA,NA,NA,NA,NA,NA
"260","Mecole Hardman","KC","WR","14113","robust",NA,NA,NA,NA,NA,NA,NA,NA,NA,NA,0.612146559704655,0.410319632930134,3.3175,1.831011,0.01,0,0.021,0.0311346,0,NA,0,NA,1.5275,0.496671,16.9825,3.7065,0.08,0.029652,NA,NA,NA,NA,NA,NA,NA,NA,NA,NA,NA,NA,NA,NA,NA,NA,NA,NA,NA,NA,NA,NA,NA,NA,NA,NA
"261","Nelson Agholor","BAL","WR","12181","robust",NA,NA,NA,NA,NA,NA,NA,NA,NA,NA,0,0,0.015,0,0,0,0,0,0,NA,0,NA,1.2975,0.29652,16.9325,4.751733,0.1025,0.037065,NA,NA,NA,NA,NA,NA,NA,NA,NA,NA,NA,NA,NA,NA,NA,NA,NA,NA,NA,NA,NA,NA,NA,NA,NA,NA
"262","Tim Jones","JAC","WR","16005","robust",NA,NA,NA,NA,NA,NA,NA,NA,NA,NA,0,0,0.104,0.029652,0,0,0.0333333333333333,0.02471,0,NA,0,NA,1.12,0.14826,11.83,3.63237,0.05,0.066717,NA,NA,NA,NA,NA,NA,NA,NA,NA,NA,NA,NA,NA,NA,NA,NA,NA,NA,NA,NA,NA,NA,NA,NA,NA,NA
"263","Dyami Brown","WAS","WR","15292","robust",NA,NA,NA,NA,NA,NA,NA,NA,NA,NA,0.05,0.07413,0.6,0.303933,0,0,0,0,0,NA,0,NA,0.87,0.044478,11.36,0.59304,0.075,0.022239,NA,NA,NA,NA,NA,NA,NA,NA,NA,NA,NA,NA,NA,NA,NA,NA,NA,NA,NA,NA,NA,NA,NA,NA,NA,NA
"264","Olamide Zaccheaus","PHI","WR","14592","robust",NA,NA,NA,NA,NA,NA,NA,NA,NA,NA,0,0,0.1,0.081543,0,0,0,0,0,NA,0,NA,1.5,0.14826,18,1.445535,0.1,0.014826,NA,NA,NA,NA,NA,NA,NA,NA,NA,NA,NA,NA,NA,NA,NA,NA,NA,NA,NA,NA,NA,NA,NA,NA,NA,NA
"265","Parris Campbell","NYG","WR","14112","robust",NA,NA,NA,NA,NA,NA,NA,NA,NA,NA,0.0125,0.0185325,0.1,0.037065,0,0,0,0,0,NA,0,NA,1.44,0.511497,13.785,1.052646,0.03,0.022239,NA,NA,NA,NA,NA,NA,NA,NA,NA,NA,NA,NA,NA,NA,NA,NA,NA,NA,NA,NA,NA,NA,NA,NA,NA,NA
"266","Julio Jones","PHI","WR","10271","robust",NA,NA,NA,NA,NA,NA,NA,NA,NA,NA,0.02,0.029652,0.65,0.7413,0,0,0,0,0,NA,0,NA,1.44,0.511497,15.715,1.527078,0.1,0,NA,NA,NA,NA,NA,NA,NA,NA,NA,NA,NA,NA,NA,NA,NA,NA,NA,NA,NA,NA,NA,NA,NA,NA,NA,NA
"267","Calvin Austin III","PIT","WR","15777","robust",NA,NA,NA,NA,NA,NA,NA,NA,NA,NA,0.845,0.118608,4.25,2.2239,0,0,0,0,0,NA,0.01,0,1.025,0.14826,10.9825,3.802869,0.08,0.007413,NA,NA,NA,NA,NA,NA,NA,NA,NA,NA,NA,NA,NA,NA,NA,NA,NA,NA,NA,NA,NA,NA,NA,NA,NA,NA
"268","Jamison Crowder","WAS","WR","12184","robust",NA,NA,NA,NA,NA,NA,NA,NA,NA,NA,0.29125,0.0259455,0.58,0.9884,0.002,0,0,0,0,NA,0.01,0,1.1,0.29652,11.6275,4.00302,0.085,0.029652,NA,NA,NA,NA,NA,NA,NA,NA,NA,NA,NA,NA,NA,NA,NA,NA,NA,NA,NA,NA,NA,NA,NA,NA,NA,NA
"269","Tre Tucker","LVR","WR","16287","robust",NA,NA,NA,NA,NA,NA,NA,NA,NA,NA,0.655833333333333,0.1173725,3.9,0.504084,0,0,0,0,0,NA,0,NA,0.85,0.22239,11.95,1.55673,0.05,0.059304,NA,NA,NA,NA,NA,NA,NA,NA,NA,NA,NA,NA,NA,NA,NA,NA,NA,NA,NA,NA,NA,NA,NA,NA,NA,NA
"270","Xavier Gipson","NYJ","WR","16416","robust",NA,NA,NA,NA,NA,NA,NA,NA,NA,NA,0.6,0.0579958235294118,3.08,0.474432,0.005,0,0,0,0,NA,0.01,0,1.215,0.177912,13.45,2.038575,0.05,0.059304,NA,NA,NA,NA,NA,NA,NA,NA,NA,NA,NA,NA,NA,NA,NA,NA,NA,NA,NA,NA,NA,NA,NA,NA,NA,NA
"271","Allen Robinson","PIT","WR","11678","robust",NA,NA,NA,NA,NA,NA,NA,NA,NA,NA,0,0,0.065,0,0,0,0,0,0,NA,0,NA,1.325,0.452193,12.495,4.432974,0.065,0.007413,NA,NA,NA,NA,NA,NA,NA,NA,NA,NA,NA,NA,NA,NA,NA,NA,NA,NA,NA,NA,NA,NA,NA,NA,NA,NA
"272","Deven Thompkins","TB","WR","15977","robust",NA,NA,NA,NA,NA,NA,NA,NA,NA,NA,0.394527877697842,0.0444113363309352,2.59,0.44478,0.005,0,0.0333333333333333,0.02471,0,NA,0.01,0,1.335,0.422541,12.7,1.77912,0.07,0.029652,NA,NA,NA,NA,NA,NA,NA,NA,NA,NA,NA,NA,NA,NA,NA,NA,NA,NA,NA,NA,NA,NA,NA,NA,NA,NA
"273","Donovan Peoples-Jones","DET","WR","14857","robust",NA,NA,NA,NA,NA,NA,NA,NA,NA,NA,0,NA,0.27,0.252042,0,0,0.0333333333333333,0.04942,0,NA,0,NA,1.095,0,14.2,0.296519999999999,0.1,0,NA,NA,NA,NA,NA,NA,NA,NA,NA,NA,NA,NA,NA,NA,NA,NA,NA,NA,NA,NA,NA,NA,NA,NA,NA,NA
"274","Cedric Tillman","CLE","WR","16191","robust",NA,NA,NA,NA,NA,NA,NA,NA,NA,NA,0,0,0.1,0.118608,0,0,0,0,0,NA,0,NA,0.9,0.111195,9.9,4.143867,0.05,0.059304,NA,NA,NA,NA,NA,NA,NA,NA,NA,NA,NA,NA,NA,NA,NA,NA,NA,NA,NA,NA,NA,NA,NA,NA,NA,NA
"275","Derius Davis","LAC","WR","16299","robust",NA,NA,NA,NA,NA,NA,NA,NA,NA,NA,0.2,0,3.575,1.03782,0,0,0,0,0,NA,0.01,0,1.1,0.192738,13.2975,3.098634,0.085,0.044478,NA,NA,NA,NA,NA,NA,NA,NA,NA,NA,NA,NA,NA,NA,NA,NA,NA,NA,NA,NA,NA,NA,NA,NA,NA,NA
"276","Marquise Goodwin","CLE","WR","11239","robust",NA,NA,NA,NA,NA,NA,NA,NA,NA,NA,0.45,0.0896020130718954,2.7,0.7413,0,0,0,0,0,NA,0,NA,0.9,0.14826,12.3,0.815430000000001,0.05,0.022239,NA,NA,NA,NA,NA,NA,NA,NA,NA,NA,NA,NA,NA,NA,NA,NA,NA,NA,NA,NA,NA,NA,"Q","Concussion",2023,11
"277","Tyler Scott","CHI","WR","16205","robust",NA,NA,NA,NA,NA,NA,NA,NA,NA,NA,0.4045,0.0266867999999999,2.7,1.126776,0,0,0,0,0,NA,0,NA,1,0,12.1,1.986684,0.0725,0.029652,NA,NA,NA,NA,NA,NA,NA,NA,NA,NA,NA,NA,NA,NA,NA,NA,NA,NA,NA,NA,NA,NA,NA,NA,NA,NA
"278","Jamal Agnew","JAC","WR","13308","robust",NA,NA,NA,NA,NA,NA,NA,NA,NA,NA,0.4,0,2.7,0,0,0,0,0,NA,NA,NA,NA,1.4,0,14.6,0,0.1,0,NA,NA,NA,NA,NA,NA,NA,NA,NA,NA,NA,NA,NA,NA,NA,NA,NA,NA,NA,NA,NA,NA,"O","Shoulder",2023,11
"279","Ben Skowronek","LAR","WR","15491","robust",NA,NA,NA,NA,NA,NA,NA,NA,NA,NA,0.05,0.037065,0.695,0.252042,0,0,0,0,0,NA,0,NA,0.575,0.133434,6.54,1.171254,0.04,0.029652,NA,NA,NA,NA,NA,NA,NA,NA,NA,NA,NA,NA,NA,NA,NA,NA,NA,NA,NA,NA,NA,NA,NA,NA,NA,NA
"280","Laviska Shenault","CAR","WR","14838","robust",NA,NA,NA,NA,NA,NA,NA,NA,NA,NA,1.1070156018104,0.177912,6.005,0.607866,0,0,0,0,0,NA,0,NA,0.9075,0.252042,9,1.349166,0.0175,0,NA,NA,NA,NA,NA,NA,NA,NA,NA,NA,NA,NA,NA,NA,NA,NA,NA,NA,NA,NA,NA,NA,"Q","Ankle",2023,11
"281","Byron Pringle","WAS","WR","13863","robust",NA,NA,NA,NA,NA,NA,NA,NA,NA,NA,0,0,0.006,0,0,0,0,0,0,NA,0,NA,0.865,0.044478,10.8,0.896973000000001,0.05,0.029652,NA,NA,NA,NA,NA,NA,NA,NA,NA,NA,NA,NA,NA,NA,NA,NA,NA,NA,NA,NA,NA,NA,NA,NA,NA,NA
"282","Equanimeous St. Brown","CHI","WR","13637","robust",NA,NA,NA,NA,NA,NA,NA,NA,NA,NA,0,0,0.23,0.14826,0,0,0,0,0,NA,0,NA,0.76,0.177912,10.5,1.719816,0.07,0.044478,NA,NA,NA,NA,NA,NA,NA,NA,NA,NA,NA,NA,NA,NA,NA,NA,NA,NA,NA,NA,NA,NA,NA,NA,NA,NA
"283","Randall Cobb","NYJ","WR","10308","robust",NA,NA,NA,NA,NA,NA,NA,NA,NA,NA,0,0,0.27,0.059304,0,0,0,0,0,NA,0,NA,0.92,0.311346,9.5575,3.157938,0.0125,0,NA,NA,NA,NA,NA,NA,NA,NA,NA,NA,NA,NA,NA,NA,NA,NA,NA,NA,NA,NA,NA,NA,NA,NA,NA,NA
"284","Chase Claypool","MIA","WR","14841","robust",NA,NA,NA,NA,NA,NA,NA,NA,NA,NA,0.05,0.07413,0.5,0.22239,0,0,0,0,0,NA,0,NA,0.77,0.0741300000000001,10.65,1.223145,0.075,0,NA,NA,NA,NA,NA,NA,NA,NA,NA,NA,NA,NA,NA,NA,NA,NA,NA,NA,NA,NA,NA,NA,"Q","Knee",2023,11
"285","Zach Pascal","ARI","WR","13488","robust",NA,NA,NA,NA,NA,NA,NA,NA,NA,NA,0,0,0.125,0,0,0,0,0,0,NA,0,NA,0.85,0.14826,9.3,3.40998,0.05,0.014826,NA,NA,NA,NA,NA,NA,NA,NA,NA,NA,NA,NA,NA,NA,NA,NA,NA,NA,NA,NA,NA,NA,"Q","Hamstring",2023,11
"286","Deonte Harris","BUF","WR","14558","robust",NA,NA,NA,NA,NA,NA,NA,NA,NA,NA,0.1,NA,0.785,0.022239,0.00125,0.00185325,0,0,0,NA,0,NA,0.9,0.14826,9.6,1.4826,0.07,0.029652,NA,NA,NA,NA,NA,NA,NA,NA,NA,NA,NA,NA,NA,NA,NA,NA,NA,NA,NA,NA,NA,NA,NA,NA,NA,NA
"287","Jalen Nailor","MIN","WR","15786","robust",NA,NA,NA,NA,NA,NA,NA,NA,NA,NA,0,0,0,0,0,0,0,0,0,NA,0,NA,0.685,0.22239,8.5775,2.950374,0.0575,0.044478,NA,NA,NA,NA,NA,NA,NA,NA,NA,NA,NA,NA,NA,NA,NA,NA,NA,NA,NA,NA,NA,NA,NA,NA,NA,NA
"288","River Cracraft","MIA","WR","13862","robust",NA,NA,NA,NA,NA,NA,NA,NA,NA,NA,0,0,0.015,0,0,0,0,0,0,NA,0,NA,0.59,0.252042,8.215,3.365502,0.015,0,NA,NA,NA,NA,NA,NA,NA,NA,NA,NA,NA,NA,NA,NA,NA,NA,NA,NA,NA,NA,NA,NA,NA,NA,NA,NA
"289","KaVontae Turpin","DAL","WR","15981","robust",NA,NA,NA,NA,NA,NA,NA,NA,NA,NA,0.5,0.29652,3.425,1.4826,0.0075,0,0.0125,0.037065,0,NA,0.01,0,0.5975,0.133434,5.9675,3.26172,0.035,0.029652,NA,NA,NA,NA,NA,NA,NA,NA,NA,NA,NA,NA,NA,NA,NA,NA,NA,NA,NA,NA,NA,NA,NA,NA,NA,NA
"290","Lawrence Cager","NYG","WR","15041","robust",NA,NA,NA,NA,NA,NA,NA,NA,NA,NA,0,0,0,0,0,0,0,0,NA,NA,NA,NA,0.775,0.037065,10.08,0.0296519999999994,0.02,0.029652,NA,NA,NA,NA,NA,NA,NA,NA,NA,NA,NA,NA,NA,NA,NA,NA,NA,NA,NA,NA,NA,NA,NA,NA,NA,NA
"291","David Bell","CLE","WR","15758","robust",NA,NA,NA,NA,NA,NA,NA,NA,NA,NA,0,0,0.015,0.014826,0,0,0,0,0,NA,0,NA,0.825,0.37065,8.195,1.85325,0,0,NA,NA,NA,NA,NA,NA,NA,NA,NA,NA,NA,NA,NA,NA,NA,NA,NA,NA,NA,NA,NA,NA,"Q","Knee",2023,11
"292","Devin Duvernay","BAL","WR","14847","robust",NA,NA,NA,NA,NA,NA,NA,NA,NA,NA,0,0,1.48,1.452948,0.00125,0,0,0,0,NA,0.06,0,0.3,0.118608,3.785,1.92738,0.005,0,NA,NA,NA,NA,NA,NA,NA,NA,NA,NA,NA,NA,NA,NA,NA,NA,NA,NA,NA,NA,NA,NA,NA,NA,NA,NA
"293","Demarcus Robinson","LAR","WR","12785","robust",NA,NA,NA,NA,NA,NA,NA,NA,NA,NA,0,NA,0.0825,0.039536,0,0,0,0,0,NA,0,NA,0.435,0.289107,6.03,2.485826,0.00543580683156655,0.00537275147232038,NA,NA,NA,NA,NA,NA,NA,NA,NA,NA,NA,NA,NA,NA,NA,NA,NA,NA,NA,NA,NA,NA,NA,NA,NA,NA
"294","Trent Sherfield","BUF","WR","13893","robust",NA,NA,NA,NA,NA,NA,NA,NA,NA,NA,0,0,0.004,0,0,0,0,0,0,NA,0,NA,0.755,0.22239,7.905,0.793191,0.03,0.029652,NA,NA,NA,NA,NA,NA,NA,NA,NA,NA,NA,NA,NA,NA,NA,NA,NA,NA,NA,NA,NA,NA,"Q","Ankle",2023,11
"295","N'Keal Harry","MIN","WR","14101","robust",NA,NA,NA,NA,NA,NA,NA,NA,NA,NA,NA,NA,0,0,0,0,0,0,NA,NA,NA,NA,0.5,0,9,0,0,0,NA,NA,NA,NA,NA,NA,NA,NA,NA,NA,NA,NA,NA,NA,NA,NA,NA,NA,NA,NA,NA,NA,NA,NA,NA,NA
"296","Ray-Ray McCloud","SF","WR","13641","robust",NA,NA,NA,NA,NA,NA,NA,NA,NA,NA,0,NA,1.865,0.736358,0.00531835205992509,0.00525665917602996,0,0,0,NA,0.01,0,0.535,0.093898,6.66,1.403528,0.0077567140600316,0.00766673617693523,NA,NA,NA,NA,NA,NA,NA,NA,NA,NA,NA,NA,NA,NA,NA,NA,NA,NA,NA,NA,NA,NA,NA,NA,NA,NA
"297","Greg Dortch","ARI","WR","14108","robust",NA,NA,NA,NA,NA,NA,NA,NA,NA,NA,0,0,0.4525,0.3743565,0,0,0,0,0,NA,0.02,0,0.34,0.177912,4.385,2.942961,0.005,0.00462501214398734,NA,NA,NA,NA,NA,NA,NA,NA,NA,NA,NA,NA,NA,NA,NA,NA,NA,NA,NA,NA,NA,NA,NA,NA,NA,NA
"298","Parker Washington","JAC","WR","16192","robust",NA,NA,NA,NA,NA,NA,NA,NA,NA,NA,0,0,0.2175,0.29652,0,0,0,0,0,NA,0,NA,0.4775,0,4.6275,1.33434,0.0125,0,NA,NA,NA,NA,NA,NA,NA,NA,NA,NA,NA,NA,NA,NA,NA,NA,NA,NA,NA,NA,NA,NA,NA,"Knee",2023,11
"299","Malik Heath","GB","WR","16413","robust",NA,NA,NA,NA,NA,NA,NA,NA,NA,NA,0,0,0.09,0.088956,0,0,0,0,0,NA,0,NA,0.325,0.14826,4.365,3.498936,0.01,0,NA,NA,NA,NA,NA,NA,NA,NA,NA,NA,NA,NA,NA,NA,NA,NA,NA,NA,NA,NA,NA,NA,NA,NA,NA,NA
"300","James Proche","CLE","WR","14848","robust",NA,NA,NA,NA,NA,NA,NA,NA,NA,NA,0,0,0.0175,0,0,0,0,0,0,NA,0,NA,0.4225,0.163086,5.065,1.719816,0.0225,0,NA,NA,NA,NA,NA,NA,NA,NA,NA,NA,NA,NA,NA,NA,NA,NA,NA,NA,NA,NA,NA,NA,NA,NA,NA,NA
"301","Jalen Brooks","DAL","WR","16364","robust",NA,NA,NA,NA,NA,NA,NA,NA,NA,NA,0,0,0,0,0,0,0,0,NA,NA,NA,NA,0.42,0.177912,4.915,2.394399,0.025,0.037065,NA,NA,NA,NA,NA,NA,NA,NA,NA,NA,NA,NA,NA,NA,NA,NA,NA,NA,NA,NA,NA,NA,NA,NA,NA,NA
"302","DeAndre Carter","LVR","WR","12394","robust",NA,NA,NA,NA,NA,NA,NA,NA,NA,NA,0.192667493796526,0.084529047146402,1.24,0.0889560000000001,0.005,0,0,0,0,NA,0,NA,0.36,0.118608,4.33,1.022994,0.01,0,NA,NA,NA,NA,NA,NA,NA,NA,NA,NA,NA,NA,NA,NA,NA,NA,NA,NA,NA,NA,NA,NA,NA,NA,NA,NA
"303","Samori Toure","GB","WR","15841","robust",NA,NA,NA,NA,NA,NA,NA,NA,NA,NA,NA,NA,0,0,0,0,0,0,NA,NA,NA,NA,0.4,0,6,0,0,0,NA,NA,NA,NA,NA,NA,NA,NA,NA,NA,NA,NA,NA,NA,NA,NA,NA,NA,NA,NA,NA,NA,NA,NA,NA,NA
"304","Rakim Jarrett","TB","WR","16198","robust",NA,NA,NA,NA,NA,NA,NA,NA,NA,NA,0,NA,0.28,0.182854,0,0,0,0,0,NA,0,NA,0.4125,0.07413,5.125,0.7413,0,0,NA,NA,NA,NA,NA,NA,NA,NA,NA,NA,NA,NA,NA,NA,NA,NA,NA,NA,NA,NA,NA,NA,NA,NA,NA,NA
"305","Irvin Charles","NYJ","WR","15984","robust",NA,NA,NA,NA,NA,NA,NA,NA,NA,NA,0,0,0.0925,0.103782,0,0,0,0,0,NA,0,NA,0.2525,0,3.415,1.33434,0.0075,0,NA,NA,NA,NA,NA,NA,NA,NA,NA,NA,NA,NA,NA,NA,NA,NA,NA,NA,NA,NA,NA,NA,NA,NA,NA,NA
"306","Xavier Hutchinson","HOU","WR","16201","robust",NA,NA,NA,NA,NA,NA,NA,NA,NA,NA,0.422039473684211,NA,2.88,0.237216,0.00715789473684211,0.0106122947368421,0,0,0,NA,0,NA,0.32,0.133434,3.95,1.40847,0.0136364758979868,0.0202174391663553,NA,NA,NA,NA,NA,NA,NA,NA,NA,NA,NA,NA,NA,NA,NA,NA,NA,NA,NA,NA,NA,NA,NA,NA,NA,NA
"307","Ronnie Bell","SF","WR","16202","robust",NA,NA,NA,NA,NA,NA,NA,NA,NA,NA,0,0,0.0325,0.032123,0,0,0,0,0,NA,0,NA,0.385,0.022239,4.57,0.44478,0.015,0.022239,NA,NA,NA,NA,NA,NA,NA,NA,NA,NA,NA,NA,NA,NA,NA,NA,NA,NA,NA,NA,NA,NA,NA,NA,NA,NA
"308","Simi Fehoko","LAC","WR","15303","robust",NA,NA,NA,NA,NA,NA,NA,NA,NA,NA,0,0,0.12,0.029652,0,0,0,0,NA,NA,NA,NA,0.33,0.192738,3.785,1.905141,0.015,0.022239,NA,NA,NA,NA,NA,NA,NA,NA,NA,NA,NA,NA,NA,NA,NA,NA,NA,NA,NA,NA,NA,NA,NA,NA,NA,NA
"309",NA,NA,"WR","16533","robust",NA,NA,NA,NA,NA,NA,NA,NA,NA,NA,0,0,0.385,0.022239,0,0,0,0,NA,NA,NA,NA,0.475,0.037065,4.98,0.029652,0.015,0.022239,NA,NA,NA,NA,NA,NA,NA,NA,NA,NA,NA,NA,NA,NA,NA,NA,NA,NA,NA,NA,NA,NA,NA,NA,NA,NA
"310","David Sills","DEN","WR","14110","robust",NA,NA,NA,NA,NA,NA,NA,NA,NA,NA,0,0,0.025,0.037065,0,0,0,0,NA,NA,NA,NA,0.27,0.103782,3.595,1.771707,0.015,0.022239,NA,NA,NA,NA,NA,NA,NA,NA,NA,NA,NA,NA,NA,NA,NA,NA,NA,NA,NA,NA,NA,NA,NA,NA,NA,NA
"311",NA,NA,"WR","16453","robust",NA,NA,NA,NA,NA,NA,NA,NA,NA,NA,0,0,0.175,0.111195,0,0,0,0,NA,NA,NA,NA,0.195,0.140847,3.425,1.667925,0.015,0.022239,NA,NA,NA,NA,NA,NA,NA,NA,NA,NA,NA,NA,NA,NA,NA,NA,NA,NA,NA,NA,NA,NA,NA,NA,NA,NA
"312","Lil'Jordan Humphrey","DEN","WR","14118","robust",NA,NA,NA,NA,NA,NA,NA,NA,NA,NA,0,0,0.02,0.029652,0,0,0,0,NA,NA,NA,NA,0.28,0.029652,4.235,0.0518909999999995,0.01,0.014826,NA,NA,NA,NA,NA,NA,NA,NA,NA,NA,NA,NA,NA,NA,NA,NA,NA,NA,NA,NA,NA,NA,NA,NA,NA,NA
"313","Velus Jones","CHI","WR","15767","robust",NA,NA,NA,NA,NA,NA,NA,NA,NA,NA,0,0,1.25,1.2355,0,0,0,0,0,NA,0,NA,0.21,0.091427,2.345,0.973574,0.0257219626168224,0.0204815878504673,NA,NA,NA,NA,NA,NA,NA,NA,NA,NA,NA,NA,NA,NA,NA,NA,NA,NA,NA,NA,NA,NA,NA,NA,NA,NA
"314","Colton Dowell","TEN","WR","16354","robust",NA,NA,NA,NA,NA,NA,NA,NA,NA,NA,0,0,0.17,0.103782,0,0,0,0,NA,NA,NA,NA,0.195,0.140847,2.995,1.475187,0.01,0.014826,NA,NA,NA,NA,NA,NA,NA,NA,NA,NA,NA,NA,NA,NA,NA,NA,NA,NA,NA,NA,NA,NA,NA,NA,NA,NA
"315","Elijah Higgins","ARI","WR","16333","robust",NA,NA,NA,NA,NA,NA,NA,NA,NA,NA,0,0,0.115,0.022239,0,0,0,0,NA,NA,NA,NA,0.41,0.014826,3.3,0,0.01,0.014826,NA,NA,NA,NA,NA,NA,NA,NA,NA,NA,NA,NA,NA,NA,NA,NA,NA,NA,NA,NA,NA,NA,NA,NA,NA,NA
"316","Austin Trammell","LAR","WR","16120","robust",NA,NA,NA,NA,NA,NA,NA,NA,NA,NA,0,NA,0.1025,0.076601,0,0,0,0,0,NA,0,NA,0.185,0.044478,1.855,0.696822,0.00301242236024845,0.00297747826086957,NA,NA,NA,NA,NA,NA,NA,NA,NA,NA,NA,NA,NA,NA,NA,NA,NA,NA,NA,NA,NA,NA,NA,NA,NA,NA
"317","Tylan Wallace","BAL","WR","15285","robust",NA,NA,NA,NA,NA,NA,NA,NA,NA,NA,0,0,0.0225,0,0,0,0,0,0,NA,0,NA,0.14,0.118608,2.69,0.237216,0.0025,0,NA,NA,NA,NA,NA,NA,NA,NA,NA,NA,NA,NA,NA,NA,NA,NA,NA,NA,NA,NA,NA,NA,NA,NA,NA,NA
"318","Trishton Jackson","MIN","WR","14859","robust",NA,NA,NA,NA,NA,NA,NA,NA,NA,NA,0,0,0.115,0.022239,0,0,0,0,NA,NA,NA,NA,0.29,0.133434,2.28,1.156428,0.01,0.014826,NA,NA,NA,NA,NA,NA,NA,NA,NA,NA,NA,NA,NA,NA,NA,NA,NA,NA,NA,NA,NA,NA,NA,NA,NA,NA
"319","Miles Boykin","PIT","WR","14125","robust",NA,NA,NA,NA,NA,NA,NA,NA,NA,NA,0,0,0,0,0,0,0,0,0,NA,0,NA,0.2125,0.096369,2.3725,0.689409,0.0075,0.007413,NA,NA,NA,NA,NA,NA,NA,NA,NA,NA,NA,NA,NA,NA,NA,NA,NA,NA,NA,NA,NA,NA,NA,NA,NA,NA
"320","D'Wayne Eskridge","SEA","WR","15302","robust",NA,NA,NA,NA,NA,NA,NA,NA,NA,NA,0,0,1.015,0.467019,0.005,0.007413,0,0,NA,NA,NA,NA,0.13,0.044478,2.105,1.045233,0.005,0.007413,NA,NA,NA,NA,NA,NA,NA,NA,NA,NA,NA,NA,NA,NA,NA,NA,NA,NA,NA,NA,NA,NA,NA,NA,NA,NA
"321","Dareke Young","SEA","WR","15941","robust",NA,NA,NA,NA,NA,NA,NA,NA,NA,NA,0,0,0,0,0,0,0,0,NA,NA,NA,NA,0.15,0.07413,1.8,1.18608,0,0,NA,NA,NA,NA,NA,NA,NA,NA,NA,NA,NA,NA,NA,NA,NA,NA,NA,NA,NA,NA,NA,NA,NA,NA,NA,NA
"322","Andre Baccellia","ARI","WR","16037","robust",NA,NA,NA,NA,NA,NA,NA,NA,NA,NA,0,0,0.045,0.066717,0,0,0,0,NA,NA,NA,NA,0.165,0.096369,1.91,0.904386,0.005,0.007413,NA,NA,NA,NA,NA,NA,NA,NA,NA,NA,NA,NA,NA,NA,NA,NA,NA,NA,NA,NA,NA,NA,NA,NA,NA,NA
"323","Ihmir Smith-Marsette","CAR","WR","15434","robust",NA,NA,NA,NA,NA,NA,NA,NA,NA,NA,0,0,0.225,0.17297,0,0,0,0,0,NA,0.01,0,0.145,0.0333585,1.71,0.338527,0.00712710102618542,0.00283957334571833,NA,NA,NA,NA,NA,NA,NA,NA,NA,NA,NA,NA,NA,NA,NA,NA,NA,NA,NA,NA,NA,NA,NA,NA,NA,NA
"324","Trent Taylor","CHI","WR","13316","robust",NA,NA,NA,NA,NA,NA,NA,NA,NA,NA,0,0,0,0,0,0,0,0,NA,NA,NA,NA,0.1,0.14826,2.1,0.14826,0,0,NA,NA,NA,NA,NA,NA,NA,NA,NA,NA,NA,NA,NA,NA,NA,NA,NA,NA,NA,NA,NA,NA,NA,NA,NA,NA
"325","Antoine Green","DET","WR","16349","robust",NA,NA,NA,NA,NA,NA,NA,NA,NA,NA,0,0,0.015,0.022239,0,0,0,0,0,NA,0,NA,0,0,1.085,0.570801,0.0043452380952381,0.0054715,NA,NA,NA,NA,NA,NA,NA,NA,NA,NA,NA,NA,NA,NA,NA,NA,NA,NA,NA,NA,NA,NA,NA,NA,NA,NA
"326","Gunner Olszewski","NYG","WR","14555","robust",NA,NA,NA,NA,NA,NA,NA,NA,NA,NA,0,0,0.615,0.318759,0.005,0.007413,0,0,NA,NA,NA,NA,0.02,0.029652,1.005,0.452193,0.005,0.007413,NA,NA,NA,NA,NA,NA,NA,NA,NA,NA,NA,NA,NA,NA,NA,NA,NA,NA,NA,NA,NA,NA,NA,NA,NA,NA
"327","Travis Kelce","KC","TE","11244","robust",NA,NA,NA,NA,NA,NA,NA,NA,NA,NA,0,0,0.046,0.0681996,0,0,0,0,0,NA,0,NA,6.905,0.207564,72,3.810282,0.5775,0.081543,NA,NA,NA,NA,NA,NA,NA,NA,NA,NA,NA,NA,NA,NA,NA,NA,NA,NA,NA,NA,NA,NA,NA,NA,NA,NA
"328","Mark Andrews","BAL","TE","13671","robust",NA,NA,NA,NA,NA,NA,NA,NA,NA,NA,0,0,0.054,0.0800604,0,0,0,0,0,NA,0,NA,5.3,0.467019,61.785,0.793190999999995,0.49,0.014826,NA,NA,NA,NA,NA,NA,NA,NA,NA,NA,NA,NA,NA,NA,NA,NA,NA,NA,NA,NA,NA,NA,NA,NA,NA,NA
"329","T.J. Hockenson","MIN","TE","14138","robust",NA,NA,NA,NA,NA,NA,NA,NA,NA,NA,0,0,0.011,0.0163086,0,0,0.05,0.037065,0,NA,0,NA,6,0.148259999999999,59.335,3.424806,0.3,0,NA,NA,NA,NA,NA,NA,NA,NA,NA,NA,NA,NA,NA,NA,NA,NA,NA,NA,NA,NA,NA,NA,"Q","Ribs",2023,11
"330","George Kittle","SF","TE","13299","robust",NA,NA,NA,NA,NA,NA,NA,NA,NA,NA,0.1,0,0.333,0.400302,0.00375,0.0037065,0,0,0,NA,0,NA,3.9,0.0889560000000001,56.4,1.92738,0.355,0.088956,NA,NA,NA,NA,NA,NA,NA,NA,NA,NA,NA,NA,NA,NA,NA,NA,NA,NA,NA,NA,NA,NA,NA,NA,NA,NA
"331","Dalton Kincaid","BUF","TE","16213","robust",NA,NA,NA,NA,NA,NA,NA,NA,NA,NA,0,0,0.008,0.0118608,0,0,0.05,0.037065,0,NA,0,NA,5.2,0.29652,46.95,4.29954,0.29,0.00741300000000001,NA,NA,NA,NA,NA,NA,NA,NA,NA,NA,NA,NA,NA,NA,NA,NA,NA,NA,NA,NA,NA,NA,NA,NA,NA,NA
"332","Evan Engram","JAC","TE","13189","robust",NA,NA,NA,NA,NA,NA,NA,NA,NA,NA,0,0,0.036,0.0533736,0,0,0.05,0.037065,0,NA,0,NA,5.5775,0.511497000000001,51.195,5.72283599999999,0.2,0.096369,NA,NA,NA,NA,NA,NA,NA,NA,NA,NA,NA,NA,NA,NA,NA,NA,NA,NA,NA,NA,NA,NA,NA,NA,NA,NA
"333","Jake Ferguson","DAL","TE","15799","robust",NA,NA,NA,NA,NA,NA,NA,NA,NA,NA,0,0,0.006,0.0088956,0,0,0,0,0,NA,0,NA,3.9925,0.467018999999999,38.455,6.52344,0.32,0.103782,NA,NA,NA,NA,NA,NA,NA,NA,NA,NA,NA,NA,NA,NA,NA,NA,NA,NA,NA,NA,NA,NA,NA,NA,NA,NA
"334","Cole Kmet","CHI","TE","14867","robust",NA,NA,NA,NA,NA,NA,NA,NA,NA,NA,0.054375,0.05374425,0.509166666666667,0.7413,0.001,0.0014826,0,0,0,NA,0,NA,4.2,0.126021,45.53,3.217242,0.3125,0.022239,NA,NA,NA,NA,NA,NA,NA,NA,NA,NA,NA,NA,NA,NA,NA,NA,NA,NA,NA,NA,NA,NA,NA,NA,NA,NA
"335","Trey McBride","ARI","TE","15794","robust",NA,NA,NA,NA,NA,NA,NA,NA,NA,NA,0,0,0.006,0.0088956,0,0,0,0,0,NA,0,NA,4.985,0.192737999999999,53.9,2.579724,0.25,0.066717,NA,NA,NA,NA,NA,NA,NA,NA,NA,NA,NA,NA,NA,NA,NA,NA,NA,NA,NA,NA,NA,NA,NA,NA,NA,NA
"336","Dalton Schultz","HOU","TE","13772","robust",NA,NA,NA,NA,NA,NA,NA,NA,NA,NA,0,0,0.005,0.007413,0,0,0.05,0.037065,0,NA,0,NA,4.2,0.29652,47.67,4.96671,0.39,0.07413,NA,NA,NA,NA,NA,NA,NA,NA,NA,NA,NA,NA,NA,NA,NA,NA,NA,NA,NA,NA,NA,NA,NA,NA,NA,NA
"337","Sam LaPorta","DET","TE","16214","robust",NA,NA,NA,NA,NA,NA,NA,NA,NA,NA,0,0,0.003,0.0044478,0,0,0,0,0,NA,0,NA,4.84,0.222390000000001,50.475,1.593795,0.345,0.103782,NA,NA,NA,NA,NA,NA,NA,NA,NA,NA,NA,NA,NA,NA,NA,NA,NA,NA,NA,NA,NA,NA,NA,NA,NA,NA
"338","David Njoku","CLE","TE","13192","robust",NA,NA,NA,NA,NA,NA,NA,NA,NA,NA,0,0,0.008,0.0118608,0,0,0.05,0.037065,0,NA,0,NA,3.84,0.14826,41.05,6.76806899999999,0.2,0,NA,NA,NA,NA,NA,NA,NA,NA,NA,NA,NA,NA,NA,NA,NA,NA,NA,NA,NA,NA,NA,NA,NA,NA,NA,NA
"339","Logan Thomas","WAS","TE","11647","robust",NA,NA,NA,NA,NA,NA,NA,NA,NA,NA,0,0,0.013,0.0192738,0,0,0.05,0.037065,0,NA,0,NA,3.225,0.22239,35.6925,6.352941,0.255,0.044478,NA,NA,NA,NA,NA,NA,NA,NA,NA,NA,NA,NA,NA,NA,NA,NA,NA,NA,NA,NA,NA,NA,NA,NA,NA,NA
"340","Luke Musgrave","GB","TE","16215","robust",NA,NA,NA,NA,NA,NA,NA,NA,NA,NA,0,0,0.004,0.0059304,0,0,0,0,0,NA,0,NA,3.2,0.29652,35.6475,1.919967,0.18,0.029652,NA,NA,NA,NA,NA,NA,NA,NA,NA,NA,NA,NA,NA,NA,NA,NA,NA,NA,NA,NA,NA,NA,NA,NA,NA,NA
"341","Tyler Conklin","NYJ","TE","13675","robust",NA,NA,NA,NA,NA,NA,NA,NA,NA,NA,0,0,0.10375,0.0111195,0,0,0,0,0,NA,0,NA,3.27,0.29652,32.8175,3.11346,0.105,0.118608,NA,NA,NA,NA,NA,NA,NA,NA,NA,NA,NA,NA,NA,NA,NA,NA,NA,NA,NA,NA,NA,NA,NA,NA,NA,NA
"342","Chigoziem Okonkwo","TEN","TE","15889","robust",NA,NA,NA,NA,NA,NA,NA,NA,NA,NA,0,0,0.24,0.29652,0,0,0,0,0,NA,0,NA,3.105,0.111195,32.05,1.645686,0.14,0.059304,NA,NA,NA,NA,NA,NA,NA,NA,NA,NA,NA,NA,NA,NA,NA,NA,NA,NA,NA,NA,NA,NA,NA,NA,NA,NA
"343","Jack Stoll","PHI","TE","15541","robust",NA,NA,NA,NA,NA,NA,NA,NA,NA,NA,0,0,0.006,0,0,0,0,0,0,NA,0,NA,1.3,0.29652,12,3.869586,0.1,0,NA,NA,NA,NA,NA,NA,NA,NA,NA,NA,NA,NA,NA,NA,NA,NA,NA,NA,NA,NA,NA,NA,NA,NA,NA,NA
"344","Cade Otton","TB","TE","15802","robust",NA,NA,NA,NA,NA,NA,NA,NA,NA,NA,0,0,0.006,0.0088956,0,0,0.05,0.037065,0,NA,0,NA,3.0975,0.237216,30.35,1.942206,0.2,0,NA,NA,NA,NA,NA,NA,NA,NA,NA,NA,NA,NA,NA,NA,NA,NA,NA,NA,NA,NA,NA,NA,NA,NA,NA,NA
"345","Pat Freiermuth","PIT","TE","15331","robust",NA,NA,NA,NA,NA,NA,NA,NA,NA,NA,0,0,0.00875,0.0259455,0,0,0,0,0,NA,0,NA,2.675,0.29652,27.275,6.37518,0.195,0.014826,NA,NA,NA,NA,NA,NA,NA,NA,NA,NA,NA,NA,NA,NA,NA,NA,NA,NA,NA,NA,NA,NA,NA,"Hamstring",2023,11
"346","Daniel Bellinger","NYG","TE","15873","robust",NA,NA,NA,NA,NA,NA,NA,NA,NA,NA,0,0,0.03,0.0474432,0,0,0,0,0,NA,0,NA,2.34,0.563388,24.1,8.59908,0.1,0,NA,NA,NA,NA,NA,NA,NA,NA,NA,NA,NA,NA,NA,NA,NA,NA,NA,NA,NA,NA,NA,NA,NA,NA,NA,NA
"347","Tyler Higbee","LAR","TE","12678","robust",NA,NA,NA,NA,NA,NA,NA,NA,NA,NA,0,0,0.009,0.0133434,0,0,0,0,0,NA,0,NA,3.055,0.200151,30.36,1.986684,0.15,0.029652,NA,NA,NA,NA,NA,NA,NA,NA,NA,NA,NA,NA,NA,NA,NA,NA,NA,NA,NA,NA,NA,NA,NA,NA,NA,NA
"348","Michael Mayer","LVR","TE","16212","robust",NA,NA,NA,NA,NA,NA,NA,NA,NA,NA,0,0,0.005,0.007413,0,0,0,0,0,NA,0,NA,2.72,0.237216,28.1,2.579724,0.125,0.037065,NA,NA,NA,NA,NA,NA,NA,NA,NA,NA,NA,NA,NA,NA,NA,NA,NA,NA,NA,NA,NA,NA,NA,NA,NA,NA
"349","Noah Fant","SEA","TE","14137","robust",NA,NA,NA,NA,NA,NA,NA,NA,NA,NA,0,0,0.01,0.014826,0,0,0,0,0,NA,0,NA,2,0.29652,22.4775,5.1891,0.1,0.014826,NA,NA,NA,NA,NA,NA,NA,NA,NA,NA,NA,NA,NA,NA,NA,NA,NA,NA,NA,NA,NA,NA,NA,NA,NA,NA
"350","Gerald Everett","LAC","TE","13236","robust",NA,NA,NA,NA,NA,NA,NA,NA,NA,NA,0,0,0.25625,0.2532775,0.000833333333333333,0,0,0,0,NA,0,NA,2.17,0.926625,19.5625,6.768069,0.1,0.088956,NA,NA,NA,NA,NA,NA,NA,NA,NA,NA,NA,NA,NA,NA,NA,NA,NA,NA,NA,NA,NA,NA,"Q","Chest",2023,11
"351","Tanner Hudson","CIN","TE","14370","robust",NA,NA,NA,NA,NA,NA,NA,NA,NA,NA,0,0,0.005,0.007413,0,0,0,0,0,NA,0,NA,2.4,0.607866,22.3,4.15128,0.12,0.059304,NA,NA,NA,NA,NA,NA,NA,NA,NA,NA,NA,NA,NA,NA,NA,NA,NA,NA,NA,NA,NA,NA,NA,NA,NA,NA
"352","Irv Smith Jr.","CIN","TE","14141","robust",NA,NA,NA,NA,NA,NA,NA,NA,NA,NA,0,0,0.006,0.0088956,0,0,0.05,0.037065,0,NA,0,NA,2.275,0.29652,20.2,3.7065,0.115,0.044478,NA,NA,NA,NA,NA,NA,NA,NA,NA,NA,NA,NA,NA,NA,NA,NA,NA,NA,NA,NA,NA,NA,NA,NA,NA,NA
"353","Durham Smythe","MIA","TE","13676","robust",NA,NA,NA,NA,NA,NA,NA,NA,NA,NA,0,0,0.019,0.0281694,0,0,0,0,0,NA,0,NA,1.8,0.29652,16.3,3.55824,0.1,0,NA,NA,NA,NA,NA,NA,NA,NA,NA,NA,NA,NA,NA,NA,NA,NA,NA,NA,NA,NA,NA,NA,"Q","Ankle",2023,11
"354","Hayden Hurst","CAR","TE","13680","robust",NA,NA,NA,NA,NA,NA,NA,NA,NA,NA,0,0,0,0,0,0,0,0,0,NA,0,NA,1.92,0.207564,19.75,3.40998,0.1,0,NA,NA,NA,NA,NA,NA,NA,NA,NA,NA,NA,NA,NA,NA,NA,NA,NA,NA,NA,NA,NA,NA,"Q","Concussion",2023,11
"355","Connor Heyward","PIT","TE","15800","robust",NA,NA,NA,NA,NA,NA,NA,NA,NA,NA,0,0,0.505,0.733887,0.00125,0.0037065,0,0,0,NA,0,NA,1.4,0.29652,13.85,0.533735999999999,0.1,0,NA,NA,NA,NA,NA,NA,NA,NA,NA,NA,NA,NA,NA,NA,NA,NA,NA,NA,NA,NA,NA,NA,NA,NA,NA,NA
"356","Will Dissly","SEA","TE","13763","robust",NA,NA,NA,NA,NA,NA,NA,NA,NA,NA,0,0,0.0125,0.0185325,0,0,0,0,0,NA,0,NA,0.9,0.14826,9.415,1.126776,0.08,0,NA,NA,NA,NA,NA,NA,NA,NA,NA,NA,NA,NA,NA,NA,NA,NA,NA,NA,NA,NA,NA,NA,NA,NA,NA,NA
"357","Adam Trautman","DEN","TE","14870","robust",NA,NA,NA,NA,NA,NA,NA,NA,NA,NA,0,0,0.007,0.0103782,0,0,0,0,0,NA,0,NA,1.75,0.22239,15.2,1.4826,0.1,0,NA,NA,NA,NA,NA,NA,NA,NA,NA,NA,NA,NA,NA,NA,NA,NA,NA,NA,NA,NA,NA,NA,NA,NA,NA,NA
"358","Donald Parham","LAC","TE","14341","robust",NA,NA,NA,NA,NA,NA,NA,NA,NA,NA,0,0,0.006,0.0088956,0,0,0,0,0,NA,0,NA,1.915,0.126021,18.2,2.201661,0.17,0.044478,NA,NA,NA,NA,NA,NA,NA,NA,NA,NA,NA,NA,NA,NA,NA,NA,NA,NA,NA,NA,NA,NA,"Q","Hip",2023,11
"359","Isaiah Likely","BAL","TE","15798","robust",NA,NA,NA,NA,NA,NA,NA,NA,NA,NA,0,0,0.003,0,0,0,0,0,0,NA,0,NA,1.145,0.133434,10.87,1.764294,0.085,0,NA,NA,NA,NA,NA,NA,NA,NA,NA,NA,NA,NA,NA,NA,NA,NA,NA,NA,NA,NA,NA,NA,NA,NA,NA,NA
"360","Noah Gray","KC","TE","15337","robust",NA,NA,NA,NA,NA,NA,NA,NA,NA,NA,0,0,0.14375,0.1297275,0,0,0,0,0,NA,0,NA,1.53,0.14826,16.2925,4.89258,0.1,0,NA,NA,NA,NA,NA,NA,NA,NA,NA,NA,NA,NA,NA,NA,NA,NA,NA,NA,NA,NA,NA,NA,NA,NA,NA,NA
"361","Elijah Higgins","ARI","TE","16333","robust",NA,NA,NA,NA,NA,NA,NA,NA,NA,NA,0,0,0,0,0,0,0,0,0,NA,0,NA,0.53,0.0889560000000001,5.18,0.533736,0.02,0,NA,NA,NA,NA,NA,NA,NA,NA,NA,NA,NA,NA,NA,NA,NA,NA,NA,NA,NA,NA,NA,NA,NA,NA,NA,NA
"362","Austin Hooper","LVR","TE","12677","robust",NA,NA,NA,NA,NA,NA,NA,NA,NA,NA,0,0,0.004,0.0059304,0,0,0,0,0,NA,0,NA,1.27,0.259455,11.98,2.312856,0.085,0,NA,NA,NA,NA,NA,NA,NA,NA,NA,NA,NA,NA,NA,NA,NA,NA,NA,NA,NA,NA,NA,NA,NA,NA,NA,NA
"363","Colby Parkinson","SEA","TE","14871","robust",NA,NA,NA,NA,NA,NA,NA,NA,NA,NA,0,0,0.00875,0.0259455,0,0,0,0,0,NA,0,NA,1.19,0.118608,12,1.03782,0.0675,0.014826,NA,NA,NA,NA,NA,NA,NA,NA,NA,NA,NA,NA,NA,NA,NA,NA,NA,NA,NA,NA,NA,NA,"Q","Biceps",2023,11
"364","Lucas Krull","DEN","TE","15970","robust",NA,NA,NA,NA,NA,NA,NA,NA,NA,NA,0,0,0.03,0.029652,0,0,0,0,0,NA,0,NA,0.8,0.326172,6.875,2.483355,0.0225,0.022239,NA,NA,NA,NA,NA,NA,NA,NA,NA,NA,NA,NA,NA,NA,NA,NA,NA,NA,NA,NA,NA,NA,NA,NA,NA,NA
"365","Tommy Tremble","CAR","TE","15332","robust",NA,NA,NA,NA,NA,NA,NA,NA,NA,NA,0,0,0.026,0.0385476,0,0,0,0,0,NA,0,NA,1.2775,0.22239,12.5675,2.201661,0.11,0.066717,NA,NA,NA,NA,NA,NA,NA,NA,NA,NA,NA,NA,NA,NA,NA,NA,NA,NA,NA,NA,NA,NA,NA,NA,NA,NA
"366","Trevon Wesco","TEN","TE","14231","robust",NA,NA,NA,NA,NA,NA,NA,NA,NA,NA,NA,NA,-0.1,0,0,0,0,0,NA,NA,NA,NA,0.7,1.03782,8.2,11.56428,0,0,NA,NA,NA,NA,NA,NA,NA,NA,NA,NA,NA,NA,NA,NA,NA,NA,NA,NA,NA,NA,NA,NA,NA,NA,NA,NA
"367","Jordan Akins","CLE","TE","13753","robust",NA,NA,NA,NA,NA,NA,NA,NA,NA,NA,0,0,0.00375,0,0,0,0,0,0,NA,0,NA,1.01,0,10.5,0.59304,0.07,0.029652,NA,NA,NA,NA,NA,NA,NA,NA,NA,NA,NA,NA,NA,NA,NA,NA,NA,NA,NA,NA,NA,NA,NA,NA,NA,NA
"368","John Bates","WAS","TE","15344","robust",NA,NA,NA,NA,NA,NA,NA,NA,NA,NA,0,0,0.003,0.0044478,0,0,0,0,0,NA,0,NA,1,0,10.2,1.682751,0.05,0.066717,NA,NA,NA,NA,NA,NA,NA,NA,NA,NA,NA,NA,NA,NA,NA,NA,NA,NA,NA,NA,NA,NA,NA,NA,NA,NA
"369","Brock Wright","DET","TE","15626","robust",NA,NA,NA,NA,NA,NA,NA,NA,NA,NA,0,0,0.00375,0.00555975,0,0,0,0,0,NA,0,NA,1.1,0.170499,10.2,0.415127999999999,0.1,0.00741300000000001,NA,NA,NA,NA,NA,NA,NA,NA,NA,NA,NA,NA,NA,NA,NA,NA,NA,NA,NA,NA,NA,NA,NA,NA,NA,NA
"370","Brevin Jordan","HOU","TE","15330","robust",NA,NA,NA,NA,NA,NA,NA,NA,NA,NA,0,0,0,0,0,0,0,0,0,NA,0,NA,0.625,0.22239,5.95,1.40847,0.1,0,NA,NA,NA,NA,NA,NA,NA,NA,NA,NA,NA,NA,NA,NA,NA,NA,NA,NA,NA,NA,NA,NA,"Q","Foot",2023,11
"371","Robert Tonyan","CHI","TE","13427","robust",NA,NA,NA,NA,NA,NA,NA,NA,NA,NA,0,0,0.005,0.014826,0,0,0,0,0,NA,0,NA,0.8,0.37065,6.545,2.134944,0.015,0,NA,NA,NA,NA,NA,NA,NA,NA,NA,NA,NA,NA,NA,NA,NA,NA,NA,NA,NA,NA,NA,NA,NA,NA,NA,NA
"372","Quintin Morris","BUF","TE","15341","robust",NA,NA,NA,NA,NA,NA,NA,NA,NA,NA,0,0,0,0,0,0,0,0,0,NA,0,NA,0.585,0.37065,5.635,4.00302,0.055,0.059304,NA,NA,NA,NA,NA,NA,NA,NA,NA,NA,NA,NA,NA,NA,NA,NA,NA,NA,NA,NA,NA,NA,NA,NA,NA,NA
"373","Tucker Kraft","GB","TE","16222","robust",NA,NA,NA,NA,NA,NA,NA,NA,NA,NA,0,0,0.00375,0,0,0,0,0,0,NA,0,NA,0.8,0.29652,8.1,4.59606,0.07,0.044478,NA,NA,NA,NA,NA,NA,NA,NA,NA,NA,NA,NA,NA,NA,NA,NA,NA,NA,NA,NA,NA,NA,NA,NA,NA,NA
"374","Drew Sample","CIN","TE","14146","robust",NA,NA,NA,NA,NA,NA,NA,NA,NA,NA,0,0,0.005,0.007413,0,0,0,0,0,NA,0,NA,0.865,0.170499,6.35,0.526323,0.065,0.037065,NA,NA,NA,NA,NA,NA,NA,NA,NA,NA,NA,NA,NA,NA,NA,NA,NA,NA,NA,NA,NA,NA,NA,NA,NA,NA
"375","Jeremy Ruckert","NYJ","TE","15796","robust",NA,NA,NA,NA,NA,NA,NA,NA,NA,NA,0,0,0,0,0,0,0,0,0,NA,0,NA,0.855,0.22239,7.26,0.7413,0,0,NA,NA,NA,NA,NA,NA,NA,NA,NA,NA,NA,NA,NA,NA,NA,NA,NA,NA,NA,NA,NA,NA,NA,NA,NA,NA
"376","C.J. Uzomah","NYJ","TE","12317","robust",NA,NA,NA,NA,NA,NA,NA,NA,NA,NA,0,0,0.0075,0.022239,0,0,0,0,0,NA,0,NA,1.1,0.14826,9.55,0.59304,0.1,0,NA,NA,NA,NA,NA,NA,NA,NA,NA,NA,NA,NA,NA,NA,NA,NA,NA,NA,NA,NA,NA,NA,NA,NA,NA,NA
"377","Johnny Mundt","MIN","TE","13940","robust",NA,NA,NA,NA,NA,NA,NA,NA,NA,NA,0,0,0.0125,0.012355,0,0,0,0,0,NA,0,NA,0.5075,0.00741300000000001,4.265,0.407715,0.015,0.022239,NA,NA,NA,NA,NA,NA,NA,NA,NA,NA,NA,NA,NA,NA,NA,NA,NA,NA,NA,NA,NA,NA,NA,NA,NA,NA
"378","Geoff Swaim","ARI","TE","12378","robust",NA,NA,NA,NA,NA,NA,NA,NA,NA,NA,0,0,0,0,0,0,0,0,0,NA,0,NA,1,0.14826,7.88,1.77912,0.05,0.029652,NA,NA,NA,NA,NA,NA,NA,NA,NA,NA,NA,NA,NA,NA,NA,NA,NA,NA,NA,NA,NA,NA,NA,NA,NA,NA
"379","Ian Thomas","CAR","TE","13678","robust",NA,NA,NA,NA,NA,NA,NA,NA,NA,NA,0,NA,0.015,0.022239,0,0,0,0,0,NA,0,NA,0.63,0.311346,6.28,3.943716,0.0125,0,NA,NA,NA,NA,NA,NA,NA,NA,NA,NA,NA,NA,NA,NA,NA,NA,NA,NA,NA,NA,NA,NA,NA,"Calf",2023,11
"380","Josiah Deguara","GB","TE","14876","robust",NA,NA,NA,NA,NA,NA,NA,NA,NA,NA,0,NA,0.02,0,0,0,0,0,0,NA,0,NA,0.65,0.563388,6,2.653854,0.02,0,NA,NA,NA,NA,NA,NA,NA,NA,NA,NA,NA,NA,NA,NA,NA,NA,NA,NA,NA,NA,NA,NA,NA,NA,NA,NA
"381","Josh Oliver","MIN","TE","14209","robust",NA,NA,NA,NA,NA,NA,NA,NA,NA,NA,0,0,0.02,0.014826,0,0,0.05,0.07413,0,NA,0,NA,0.82,0.51891,6.85,1.497426,0.085,0,NA,NA,NA,NA,NA,NA,NA,NA,NA,NA,NA,NA,NA,NA,NA,NA,NA,NA,NA,NA,NA,NA,NA,NA,NA,NA
"382","Mitchell Wilcox","CIN","TE","15563","robust",NA,NA,NA,NA,NA,NA,NA,NA,NA,NA,0,0,0,0,0,0,0,0,0,NA,0,NA,0.6425,0.044478,5.14,0.0593040000000001,0.005,0,NA,NA,NA,NA,NA,NA,NA,NA,NA,NA,NA,NA,NA,NA,NA,NA,NA,NA,NA,NA,NA,NA,NA,NA,NA,NA
"383","Albert Okwuegbunam","PHI","TE","14873","robust",NA,NA,NA,NA,NA,NA,NA,NA,NA,NA,0,0,0.00375,0.00555975,0,0,0,0,0,NA,0,NA,0.78,0.177912,7.3,2.66868,0.04,0.029652,NA,NA,NA,NA,NA,NA,NA,NA,NA,NA,NA,NA,NA,NA,NA,NA,NA,NA,NA,NA,NA,NA,NA,NA,NA,NA
"384","James Mitchell","DET","TE","15909","robust",NA,NA,NA,NA,NA,NA,NA,NA,NA,NA,0,NA,0,0,0,0,0,0,0,NA,0,NA,0.625,0.44478,6.575,3.85476,0.075,0,NA,NA,NA,NA,NA,NA,NA,NA,NA,NA,NA,NA,NA,NA,NA,NA,NA,NA,NA,NA,NA,NA,NA,NA,NA,NA
"385","Brycen Hopkins","LAR","TE","14868","robust",NA,NA,NA,NA,NA,NA,NA,NA,NA,NA,0,0,0,0,0,0,0,0,0,NA,0,NA,0.33,0.014826,4.4,0.7413,0.005,0,NA,NA,NA,NA,NA,NA,NA,NA,NA,NA,NA,NA,NA,NA,NA,NA,NA,NA,NA,NA,NA,NA,NA,NA,NA,NA
"386","Grant Calcaterra","PHI","TE","15804","robust",NA,NA,NA,NA,NA,NA,NA,NA,NA,NA,0,0,0,0,0,0,0,0,0,NA,0,NA,0.91,0.0889560000000001,8.5175,1.504839,0.0625,0.037065,NA,NA,NA,NA,NA,NA,NA,NA,NA,NA,NA,NA,NA,NA,NA,NA,NA,NA,NA,NA,NA,NA,"Q","Concussion",2023,11
"387","Lawrence Cager","NYG","TE","15041","robust",NA,NA,NA,NA,NA,NA,NA,NA,NA,NA,0,0,0.105,0.155673,0,0,0,0,0,NA,0,NA,1.02,0,9.3175,0,0.105,0,NA,NA,NA,NA,NA,NA,NA,NA,NA,NA,NA,NA,NA,NA,NA,NA,NA,NA,NA,NA,NA,NA,NA,NA,NA,NA
"388","Nick Vannett","LAC","TE","12680","robust",NA,NA,NA,NA,NA,NA,NA,NA,NA,NA,0,NA,0,0,0,0,0,0,0,NA,0,NA,0.325,0.14826,3.6,1.4826,0.025,0,NA,NA,NA,NA,NA,NA,NA,NA,NA,NA,NA,NA,NA,NA,NA,NA,NA,NA,NA,NA,NA,NA,NA,NA,NA,NA
"389","Luke Schoonmaker","DAL","TE","16221","robust",NA,NA,NA,NA,NA,NA,NA,NA,NA,NA,0,0,0,0,0,0,0,0,0,NA,0,NA,0.67,0.355824,5.845,3.395154,0.1,0,NA,NA,NA,NA,NA,NA,NA,NA,NA,NA,NA,NA,NA,NA,NA,NA,NA,NA,NA,NA,NA,NA,NA,NA,NA,NA
"390","Stone Smartt","LAC","TE","16113","robust",NA,NA,NA,NA,NA,NA,NA,NA,NA,NA,0,0,0.005,0,0,0,0,0,0,NA,0,NA,0.6,0.103782,5.315,2.253552,0.015,0,NA,NA,NA,NA,NA,NA,NA,NA,NA,NA,NA,NA,NA,NA,NA,NA,NA,NA,NA,NA,NA,NA,NA,NA,NA,NA
"391","Chris Manhertz","DEN","TE","12955","robust",NA,NA,NA,NA,NA,NA,NA,NA,NA,NA,0,0,0.005,0,0,0,0,0,0,NA,0,NA,0.6,0,5.9,1.33434,0.065,0.044478,NA,NA,NA,NA,NA,NA,NA,NA,NA,NA,NA,NA,NA,NA,NA,NA,NA,NA,NA,NA,NA,NA,NA,NA,NA,NA
"392","Ross Dwelley","SF","TE","13988","robust",NA,NA,NA,NA,NA,NA,NA,NA,NA,NA,0,NA,0.06,0,0,NA,0,0,0,NA,0,NA,0.335,0.177912,4.985,2.401812,0.045,0.059304,NA,NA,NA,NA,NA,NA,NA,NA,NA,NA,NA,NA,NA,NA,NA,NA,NA,NA,NA,NA,NA,NA,NA,NA,NA,NA
"393","Luke Farrell","JAC","TE","15335","robust",NA,NA,NA,NA,NA,NA,NA,NA,NA,NA,NA,NA,0,0,0,0,0,0,NA,NA,NA,NA,0.55,0.51891,5.2,4.15128,0.05,0.07413,NA,NA,NA,NA,NA,NA,NA,NA,NA,NA,NA,NA,NA,NA,NA,NA,NA,NA,NA,NA,NA,NA,NA,NA,NA,NA
"394","Julian Hill","MIA","TE","16425","robust",NA,NA,NA,NA,NA,NA,NA,NA,NA,NA,0,NA,0,0,0,0,0,0,0,NA,0,NA,0.625,0.14826,5.125,3.55824,0.025,0,NA,NA,NA,NA,NA,NA,NA,NA,NA,NA,NA,NA,NA,NA,NA,NA,NA,NA,NA,NA,NA,NA,NA,NA,NA,NA
"395","Stephen Sullivan","CAR","TE","15026","robust",NA,NA,NA,NA,NA,NA,NA,NA,NA,NA,0,0,0.0075,0.007413,0,0,0,0,0,NA,0,NA,0.43,0.37065,4.405,2.74281,0.0075,0.007413,NA,NA,NA,NA,NA,NA,NA,NA,NA,NA,NA,NA,NA,NA,NA,NA,NA,NA,NA,NA,NA,NA,"Q","Shoulder",2023,11
"396","Brenton Strange","JAC","TE","16269","robust",NA,NA,NA,NA,NA,NA,NA,NA,NA,NA,0,0,0.005,0.014826,0,0,0,0,0,NA,0,NA,0.645,0.118608,5.805,1.33434,0.0225,0,NA,NA,NA,NA,NA,NA,NA,NA,NA,NA,NA,NA,NA,NA,NA,NA,NA,NA,NA,NA,NA,NA,NA,NA,NA,NA
"397","Josh Whyle","TEN","TE","16312","robust",NA,NA,NA,NA,NA,NA,NA,NA,NA,NA,0,0,0.00625,0.00926625,0,0,0,0,0,NA,0,NA,0.61,0.0889559999999999,6.09,1.697577,0.065,0.044478,NA,NA,NA,NA,NA,NA,NA,NA,NA,NA,NA,NA,NA,NA,NA,NA,NA,NA,NA,NA,NA,NA,NA,NA,NA,NA
"398","Harrison Bryant","CLE","TE","14875","robust",NA,NA,NA,NA,NA,NA,NA,NA,NA,NA,0,0,0.7915,0.3884412,0,0,0,0,0,NA,0,NA,0.685,0.177912,6.08,0.533736,0.0475,0.044478,NA,NA,NA,NA,NA,NA,NA,NA,NA,NA,NA,NA,NA,NA,NA,NA,NA,NA,NA,NA,NA,NA,NA,NA,NA,NA
"399","Brayden Willis","SF","TE","16367","robust",NA,NA,NA,NA,NA,NA,NA,NA,NA,NA,NA,NA,NA,NA,NA,NA,0,0,NA,NA,NA,NA,0.35,0.37065,4,4.4478,0.05,0.07413,NA,NA,NA,NA,NA,NA,NA,NA,NA,NA,NA,NA,NA,NA,NA,NA,NA,NA,NA,NA,NA,NA,NA,NA,NA,NA
"400","Darnell Washington","PIT","TE","16216","robust",NA,NA,NA,NA,NA,NA,NA,NA,NA,NA,0,0,0,0,0,0,0,0,0,NA,0,NA,0.5075,0.37065,4.9,2.52042,0,0,NA,NA,NA,NA,NA,NA,NA,NA,NA,NA,NA,NA,NA,NA,NA,NA,NA,NA,NA,NA,NA,NA,NA,NA,NA,NA
"401","Andrew Beck","HOU","TE","14319","robust",NA,NA,NA,NA,NA,NA,NA,NA,NA,NA,0,NA,2.46,0,0.02,0,0.05,0.07413,0,NA,0,NA,0.58,0.014826,4.58,0.0148260000000003,0.045,0.059304,NA,NA,NA,NA,NA,NA,NA,NA,NA,NA,NA,NA,NA,NA,NA,NA,NA,NA,NA,NA,NA,NA,NA,NA,NA,NA
"402",NA,NA,"TE","16474","robust",NA,NA,NA,NA,NA,NA,NA,NA,NA,NA,0,0,0,0,0,0,0,0,0,NA,0,NA,0.35,0.29652,4.65,1.92738,0.05,0.059304,NA,NA,NA,NA,NA,NA,NA,NA,NA,NA,NA,NA,NA,NA,NA,NA,NA,NA,NA,NA,NA,NA,NA,NA,NA,NA
"403","Blake Bell","KC","TE","12213","robust",NA,NA,NA,NA,NA,NA,NA,NA,NA,NA,0,0,0,0,0,0,0.1,0,0,NA,0,NA,0.695,0.14826,4.8,0.593039999999999,0.02,0,NA,NA,NA,NA,NA,NA,NA,NA,NA,NA,NA,NA,NA,NA,NA,NA,NA,NA,NA,NA,NA,NA,NA,NA,NA,NA
"404","Eric Saubert","HOU","TE","13315","robust",NA,NA,NA,NA,NA,NA,NA,NA,NA,NA,0,NA,0,0,0,0,0,0,0,NA,0,NA,0.5,0.14826,4.5,2.07564,0.025,0,NA,NA,NA,NA,NA,NA,NA,NA,NA,NA,NA,NA,NA,NA,NA,NA,NA,NA,NA,NA,NA,NA,NA,NA,NA,NA
"405","Ko Kieft","TB","TE","15929","robust",NA,NA,NA,NA,NA,NA,NA,NA,NA,NA,NA,NA,0,0,0,0,0,0,NA,NA,NA,NA,0.4,0.44478,3.5,3.7065,0,0,NA,NA,NA,NA,NA,NA,NA,NA,NA,NA,NA,NA,NA,NA,NA,NA,NA,NA,NA,NA,NA,NA,NA,NA,NA,NA
"406","Charlie Woerner","SF","TE","14984","robust",NA,NA,NA,NA,NA,NA,NA,NA,NA,NA,NA,NA,0,0,0,0,0,0,NA,NA,NA,NA,0.2,0.14826,3.35,3.92889,0,0,NA,NA,NA,NA,NA,NA,NA,NA,NA,NA,NA,NA,NA,NA,NA,NA,NA,NA,NA,NA,NA,NA,NA,NA,NA,NA
"407","Cole Turner","WAS","TE","15803","robust",NA,NA,NA,NA,NA,NA,NA,NA,NA,NA,0,NA,0,0,0,0,0,0,0,NA,0,NA,0.3,0.29652,3.7,3.40998,0,0,NA,NA,NA,NA,NA,NA,NA,NA,NA,NA,NA,NA,NA,NA,NA,NA,NA,NA,NA,NA,NA,NA,NA,NA,NA,NA
"408","Peyton Hendershot","DAL","TE","16000","robust",NA,NA,NA,NA,NA,NA,NA,NA,NA,NA,0,NA,0.435,0.3224655,0,0,0,0,0,NA,0,NA,0.4775,0.170499,3.5025,1.85325,0.0575,0.051891,NA,NA,NA,NA,NA,NA,NA,NA,NA,NA,NA,NA,NA,NA,NA,NA,NA,NA,NA,NA,NA,NA,NA,"Ankle",2023,11
"409","Charlie Kolar","BAL","TE","15795","robust",NA,NA,NA,NA,NA,NA,NA,NA,NA,NA,0,NA,0.03,0.044478,0,0,0,0,0,NA,0,NA,0.335,0.177912,3.875,1.4826,0.01,0,NA,NA,NA,NA,NA,NA,NA,NA,NA,NA,NA,NA,NA,NA,NA,NA,NA,NA,NA,NA,NA,NA,NA,NA,NA,NA
"410","Marcedes Lewis","CHI","TE","8269","robust",NA,NA,NA,NA,NA,NA,NA,NA,NA,NA,NA,NA,0,0,0,0,0,0,NA,NA,NA,NA,0.3,0.14826,3.05,1.40847,0.05,0.07413,NA,NA,NA,NA,NA,NA,NA,NA,NA,NA,NA,NA,NA,NA,NA,NA,NA,NA,NA,NA,NA,NA,NA,NA,NA,NA
"411","Hunter Long","LAR","TE","15334","robust",NA,NA,NA,NA,NA,NA,NA,NA,NA,NA,NA,NA,0,0,0,0,0,0,NA,NA,NA,NA,0.3,0.14826,2.5,2.2239,0,0,NA,NA,NA,NA,NA,NA,NA,NA,NA,NA,NA,NA,NA,NA,NA,NA,NA,NA,NA,NA,NA,NA,NA,NA,NA,NA
"412","Jesper Horsted","LVR","TE","14752","robust",NA,NA,NA,NA,NA,NA,NA,NA,NA,NA,0,NA,0,0,0,0,0,0,0,NA,0,NA,0.225,0.14826,1.55,0.59304,0.025,0,NA,NA,NA,NA,NA,NA,NA,NA,NA,NA,NA,NA,NA,NA,NA,NA,NA,NA,NA,NA,NA,NA,NA,NA,NA,NA
"413",NA,NA,"TE","16524","robust",NA,NA,NA,NA,NA,NA,NA,NA,NA,NA,0,0,0,0,0,0,0,0,NA,NA,NA,NA,0.14,0.059304,1.325,0.630105,0.005,0.007413,NA,NA,NA,NA,NA,NA,NA,NA,NA,NA,NA,NA,NA,NA,NA,NA,NA,NA,NA,NA,NA,NA,NA,NA,NA,NA
"414",NA,NA,"TE","16483","robust",NA,NA,NA,NA,NA,NA,NA,NA,NA,NA,NA,NA,0,0,0,0,0,0,NA,NA,NA,NA,0.1,0,1.05,0.0741300000000001,0,0,NA,NA,NA,NA,NA,NA,NA,NA,NA,NA,NA,NA,NA,NA,NA,NA,NA,NA,NA,NA,NA,NA,NA,NA,NA,NA
"415","Bears","CHI","DST","0521","robust",NA,NA,NA,NA,NA,NA,NA,NA,NA,NA,NA,NA,NA,NA,NA,NA,NA,NA,NA,NA,NA,NA,NA,NA,NA,NA,NA,NA,0.695,0.214977,1.55,0.355824,0.00666666666666667,0.004942,0.1,0.022239,0,NA,NA,NA,NA,NA,NA,NA,NA,NA,NA,NA,NA,NA,NA,NA,NA,NA
"416","Raiders","LVR","DST","0513","robust",NA,NA,NA,NA,NA,NA,NA,NA,NA,NA,NA,NA,NA,NA,NA,NA,NA,NA,NA,NA,NA,NA,NA,NA,NA,NA,NA,NA,0.8,0.00741300000000001,2,0.0815429999999999,0.04,0.014826,0.1,0.014826,0,NA,NA,NA,NA,NA,NA,NA,NA,NA,NA,NA,NA,NA,NA,NA,NA,NA
"417","Cardinals","ARI","DST","0519","robust",NA,NA,NA,NA,NA,NA,NA,NA,NA,NA,NA,NA,NA,NA,NA,NA,NA,NA,NA,NA,NA,NA,NA,NA,NA,NA,NA,NA,0.52,0.177912,2.2,0.207564,0.01,0.007413,0.1,0.029652,0,NA,NA,NA,NA,NA,NA,NA,NA,NA,NA,NA,NA,NA,NA,NA,NA,NA
"418","Broncos","DEN","DST","0511","robust",NA,NA,NA,NA,NA,NA,NA,NA,NA,NA,NA,NA,NA,NA,NA,NA,NA,NA,NA,NA,NA,NA,NA,NA,NA,NA,NA,NA,0.855,0.163086,2.225,0.22239,0.0133333333333333,0.009884,0.175,0.00741300000000001,0,NA,NA,NA,NA,NA,NA,NA,NA,NA,NA,NA,NA,NA,NA,NA,NA,NA
"419","Buccaneers","TB","DST","0525","robust",NA,NA,NA,NA,NA,NA,NA,NA,NA,NA,NA,NA,NA,NA,NA,NA,NA,NA,NA,NA,NA,NA,NA,NA,NA,NA,NA,NA,0.7,0.126021,2.2,0.29652,0.01,0.007413,0.1,0.029652,0,NA,NA,NA,NA,NA,NA,NA,NA,NA,NA,NA,NA,NA,NA,NA,NA,NA
"420","Panthers","CAR","DST","0527","robust",NA,NA,NA,NA,NA,NA,NA,NA,NA,NA,NA,NA,NA,NA,NA,NA,NA,NA,NA,NA,NA,NA,NA,NA,NA,NA,NA,NA,0.75,0.14826,2.2,0.37065,0.01,0.007413,0.15,0.07413,0,NA,NA,NA,NA,NA,NA,NA,NA,NA,NA,NA,NA,NA,NA,NA,NA,NA
"421","Jets","NYJ","DST","0505","robust",NA,NA,NA,NA,NA,NA,NA,NA,NA,NA,NA,NA,NA,NA,NA,NA,NA,NA,NA,NA,NA,NA,NA,NA,NA,NA,NA,NA,0.85,0.155673,2.05,0.133434,0.0733333333333333,0.039536,0.125,0.037065,0,NA,NA,NA,NA,NA,NA,NA,NA,NA,NA,NA,NA,NA,NA,NA,NA,NA
"422","Bengals","CIN","DST","0506","robust",NA,NA,NA,NA,NA,NA,NA,NA,NA,NA,NA,NA,NA,NA,NA,NA,NA,NA,NA,NA,NA,NA,NA,NA,NA,NA,NA,NA,0.9,0.281694,2.6,0.200151,0.01,0.007413,0.135,0.07413,0,NA,NA,NA,NA,NA,NA,NA,NA,NA,NA,NA,NA,NA,NA,NA,NA,NA
"423","Giants","NYG","DST","0517","robust",NA,NA,NA,NA,NA,NA,NA,NA,NA,NA,NA,NA,NA,NA,NA,NA,NA,NA,NA,NA,NA,NA,NA,NA,NA,NA,NA,NA,0.88,0.155673,2.89,0.600453,0.01,0.007413,0.125,0.044478,0,NA,NA,NA,NA,NA,NA,NA,NA,NA,NA,NA,NA,NA,NA,NA,NA,NA
"424","Eagles","PHI","DST","0518","robust",NA,NA,NA,NA,NA,NA,NA,NA,NA,NA,NA,NA,NA,NA,NA,NA,NA,NA,NA,NA,NA,NA,NA,NA,NA,NA,NA,NA,0.715,0.126021,2.5,0.526323,0.04,0.014826,0.125,0.037065,0,NA,NA,NA,NA,NA,NA,NA,NA,NA,NA,NA,NA,NA,NA,NA,NA,NA
"425","Titans","TEN","DST","0508","robust",NA,NA,NA,NA,NA,NA,NA,NA,NA,NA,NA,NA,NA,NA,NA,NA,NA,NA,NA,NA,NA,NA,NA,NA,NA,NA,NA,NA,0.7,0.014826,2.63,0.474432,0.00666666666666667,0.004942,0.1,0.07413,0,NA,NA,NA,NA,NA,NA,NA,NA,NA,NA,NA,NA,NA,NA,NA,NA,NA
"426","Rams","LAR","DST","0528","robust",NA,NA,NA,NA,NA,NA,NA,NA,NA,NA,NA,NA,NA,NA,NA,NA,NA,NA,NA,NA,NA,NA,NA,NA,NA,NA,NA,NA,0.82,0.0889560000000001,2.45,0.207564,0.0133333333333333,0.009884,0.1,0.081543,0,NA,NA,NA,NA,NA,NA,NA,NA,NA,NA,NA,NA,NA,NA,NA,NA,NA
"427","Steelers","PIT","DST","0510","robust",NA,NA,NA,NA,NA,NA,NA,NA,NA,NA,NA,NA,NA,NA,NA,NA,NA,NA,NA,NA,NA,NA,NA,NA,NA,NA,NA,NA,1.2,0.29652,3,0.0667169999999999,0.0466666666666667,0.004942,0.175,0,0,NA,NA,NA,NA,NA,NA,NA,NA,NA,NA,NA,NA,NA,NA,NA,NA,NA
"428","Packers","GB","DST","0523","robust",NA,NA,NA,NA,NA,NA,NA,NA,NA,NA,NA,NA,NA,NA,NA,NA,NA,NA,NA,NA,NA,NA,NA,NA,NA,NA,NA,NA,0.795,0.140847,2.35,0.51891,0.0133333333333333,0.009884,0.1,0.037065,0,NA,NA,NA,NA,NA,NA,NA,NA,NA,NA,NA,NA,NA,NA,NA,NA,NA
"429","Seahawks","SEA","DST","0515","robust",NA,NA,NA,NA,NA,NA,NA,NA,NA,NA,NA,NA,NA,NA,NA,NA,NA,NA,NA,NA,NA,NA,NA,NA,NA,NA,NA,NA,0.85,0.163086,2.6,0.51891,0.01,0.007413,0.15,0.066717,0,NA,NA,NA,NA,NA,NA,NA,NA,NA,NA,NA,NA,NA,NA,NA,NA,NA
"430","Vikings","MIN","DST","0524","robust",NA,NA,NA,NA,NA,NA,NA,NA,NA,NA,NA,NA,NA,NA,NA,NA,NA,NA,NA,NA,NA,NA,NA,NA,NA,NA,NA,NA,0.745,0.259455,2.99,0.133434,0.01,0.007413,0.15,0.07413,0,NA,NA,NA,NA,NA,NA,NA,NA,NA,NA,NA,NA,NA,NA,NA,NA,NA
"431","Chiefs","KC","DST","0512","robust",NA,NA,NA,NA,NA,NA,NA,NA,NA,NA,NA,NA,NA,NA,NA,NA,NA,NA,NA,NA,NA,NA,NA,NA,NA,NA,NA,NA,0.86,0.0963690000000001,3,0.333585,0.0433333333333333,0.009884,0.15,0.059304,0,NA,NA,NA,NA,NA,NA,NA,NA,NA,NA,NA,NA,NA,NA,NA,NA,NA
"432","Chargers","LAC","DST","0514","robust",NA,NA,NA,NA,NA,NA,NA,NA,NA,NA,NA,NA,NA,NA,NA,NA,NA,NA,NA,NA,NA,NA,NA,NA,NA,NA,NA,NA,0.91,0.192738,2.58,0.37065,0.01,0.007413,0.18,0.014826,0,NA,NA,NA,NA,NA,NA,NA,NA,NA,NA,NA,NA,NA,NA,NA,NA,NA
"433","Lions","DET","DST","0522","robust",NA,NA,NA,NA,NA,NA,NA,NA,NA,NA,NA,NA,NA,NA,NA,NA,NA,NA,NA,NA,NA,NA,NA,NA,NA,NA,NA,NA,0.95,0.07413,3.8,0.378063,0.0233333333333333,0.017297,0.16,0.07413,0,NA,NA,NA,NA,NA,NA,NA,NA,NA,NA,NA,NA,NA,NA,NA,NA,NA
"434","Texans","HOU","DST","0532","robust",NA,NA,NA,NA,NA,NA,NA,NA,NA,NA,NA,NA,NA,NA,NA,NA,NA,NA,NA,NA,NA,NA,NA,NA,NA,NA,NA,NA,0.91,0.140847,2.45,0.407715,0.0133333333333333,0.009884,0.15,0.051891,0,NA,NA,NA,NA,NA,NA,NA,NA,NA,NA,NA,NA,NA,NA,NA,NA,NA
"435","Ravens","BAL","DST","0531","robust",NA,NA,NA,NA,NA,NA,NA,NA,NA,NA,NA,NA,NA,NA,NA,NA,NA,NA,NA,NA,NA,NA,NA,NA,NA,NA,NA,NA,0.85,0.155673,2.965,0.348411,0.0133333333333333,0.009884,0.12,0.051891,0,NA,NA,NA,NA,NA,NA,NA,NA,NA,NA,NA,NA,NA,NA,NA,NA,NA
"436","Dolphins","MIA","DST","0503","robust",NA,NA,NA,NA,NA,NA,NA,NA,NA,NA,NA,NA,NA,NA,NA,NA,NA,NA,NA,NA,NA,NA,NA,NA,NA,NA,NA,NA,0.855,0.200151,2.8,0.118608,0.05,0,0.155,0.037065,0,NA,NA,NA,NA,NA,NA,NA,NA,NA,NA,NA,NA,NA,NA,NA,NA,NA
"437","Jaguars","JAC","DST","0509","robust",NA,NA,NA,NA,NA,NA,NA,NA,NA,NA,NA,NA,NA,NA,NA,NA,NA,NA,NA,NA,NA,NA,NA,NA,NA,NA,NA,NA,0.97,0.14826,2.51,0.281694,0.02,0.014826,0.2,0.051891,0,NA,NA,NA,NA,NA,NA,NA,NA,NA,NA,NA,NA,NA,NA,NA,NA,NA
"438","Cowboys","DAL","DST","0516","robust",NA,NA,NA,NA,NA,NA,NA,NA,NA,NA,NA,NA,NA,NA,NA,NA,NA,NA,NA,NA,NA,NA,NA,NA,NA,NA,NA,NA,1,0.14826,3.08,0.252042,0.0533333333333333,0.004942,0.2,0.051891,0,NA,NA,NA,NA,NA,NA,NA,NA,NA,NA,NA,NA,NA,NA,NA,NA,NA
"439","Commanders","WAS","DST","0520","robust",NA,NA,NA,NA,NA,NA,NA,NA,NA,NA,NA,NA,NA,NA,NA,NA,NA,NA,NA,NA,NA,NA,NA,NA,NA,NA,NA,NA,0.86,0.22239,3.185,0.118608,0.0266666666666667,0.019768,0.12,0.066717,0,NA,NA,NA,NA,NA,NA,NA,NA,NA,NA,NA,NA,NA,NA,NA,NA,NA
"440","Browns","CLE","DST","0507","robust",NA,NA,NA,NA,NA,NA,NA,NA,NA,NA,NA,NA,NA,NA,NA,NA,NA,NA,NA,NA,NA,NA,NA,NA,NA,NA,NA,NA,0.9,0.111195,2.57,0.44478,0.0533333333333333,0.004942,0.17,0.00741299999999999,0,NA,NA,NA,NA,NA,NA,NA,NA,NA,NA,NA,NA,NA,NA,NA,NA,NA
"441","Bills","BUF","DST","0501","robust",NA,NA,NA,NA,NA,NA,NA,NA,NA,NA,NA,NA,NA,NA,NA,NA,NA,NA,NA,NA,NA,NA,NA,NA,NA,NA,NA,NA,0.9,0.133434,3.475,0.526323,0.02,0.014826,0.15,0.044478,0,NA,NA,NA,NA,NA,NA,NA,NA,NA,NA,NA,NA,NA,NA,NA,NA,NA
"442","49ers","SF","DST","0530","robust",NA,NA,NA,NA,NA,NA,NA,NA,NA,NA,NA,NA,NA,NA,NA,NA,NA,NA,NA,NA,NA,NA,NA,NA,NA,NA,NA,NA,0.995,0.155673,2.225,0.29652,0.0166666666666667,0.012355,0.115,0.059304,0,NA,NA,NA,NA,NA,NA,NA,NA,NA,NA,NA,NA,NA,NA,NA,NA,NA
"443","Jason Sanders","MIA","K","13832","robust",NA,NA,NA,NA,NA,NA,NA,NA,NA,NA,NA,NA,NA,NA,NA,NA,NA,NA,NA,NA,NA,NA,NA,NA,NA,NA,NA,NA,NA,NA,NA,NA,NA,NA,NA,NA,NA,NA,0.0206935123042506,0.0049751677852349,0.485,0.0163996271439225,0.544494158588118,0.0874560790454885,0.692493164305245,0.126000730797912,0.0850694444444444,0.0109822222222222,3,0,NA,NA,NA,NA
"444","Riley Patterson","DET","K","15369","robust",NA,NA,NA,NA,NA,NA,NA,NA,NA,NA,NA,NA,NA,NA,NA,NA,NA,NA,NA,NA,NA,NA,NA,NA,NA,NA,NA,NA,NA,NA,NA,NA,NA,NA,NA,NA,NA,NA,0.0124161073825503,0.00298510067114094,0.418493661446682,0.0548374049217002,0.851901565995526,0.142621476510067,0.492337807606264,0.0514100671140939,0.0712962962962963,0.0280046666666667,2.975,0.14826,NA,NA,NA,NA
"445","Jake Moody","SF","K","16286","robust",NA,NA,NA,NA,NA,NA,NA,NA,NA,NA,NA,NA,NA,NA,NA,NA,NA,NA,NA,NA,NA,NA,NA,NA,NA,NA,NA,NA,NA,NA,NA,NA,NA,NA,NA,NA,NA,NA,0,0,0.585605353252412,0.134218444444445,0.590398381574852,0.119789281045752,0.437161531279178,0.0360613725490196,0.159628851540616,0.0390376470588235,2.8,0.29652,NA,NA,NA,NA
"446","Cameron Dicker","LAC","K","15979","robust",NA,NA,NA,NA,NA,NA,NA,NA,NA,NA,NA,NA,NA,NA,NA,NA,NA,NA,NA,NA,NA,NA,NA,NA,NA,NA,NA,NA,NA,NA,NA,NA,NA,NA,NA,NA,NA,NA,0.0108695652173913,0.0143246376811594,0.405978260869565,0.118608,0.46,0.0662335434782609,0.402355072463768,0.059304,0.164375,0.0704235,2.6,0.29652,NA,NA,NA,NA
"447","Brandon Aubrey","DAL","K","16414","robust",NA,NA,NA,NA,NA,NA,NA,NA,NA,NA,NA,NA,NA,NA,NA,NA,NA,NA,NA,NA,NA,NA,NA,NA,NA,NA,NA,NA,NA,NA,NA,NA,NA,NA,NA,NA,NA,NA,0.0135036496350365,0.00324656934306569,0.618622878997503,0.0164356099422736,0.541719940206415,0.118608,0.41583504285737,0.00748526387099853,0.245860566448802,0.0591101960784314,2.9,0.14826,NA,NA,NA,NA
"448","Justin Tucker","BAL","K","10976","robust",NA,NA,NA,NA,NA,NA,NA,NA,NA,NA,NA,NA,NA,NA,NA,NA,NA,NA,NA,NA,NA,NA,NA,NA,NA,NA,NA,NA,NA,NA,NA,NA,NA,NA,NA,NA,NA,NA,0,0,0.554748595344571,0.00720814585483313,0.617939456484348,0.0889559999999999,0.506676413255361,0.055980432748538,0.138840155945419,0.0502581169590643,2.9775,0,NA,NA,NA,NA
"449","Jake Elliott","PHI","K","13303","robust",NA,NA,NA,NA,NA,NA,NA,NA,NA,NA,NA,NA,NA,NA,NA,NA,NA,NA,NA,NA,NA,NA,NA,NA,NA,NA,NA,NA,NA,NA,NA,NA,NA,NA,NA,NA,NA,NA,0,0,0.412597298534798,0.155846105769231,0.533264652014652,0.177789807692308,0.358719093406593,0.174174951923077,0.191117216117216,0.0727723076923077,2.45,0.889559999999999,NA,NA,NA,NA
"450","Harrison Butker","KC","K","13354","robust",NA,NA,NA,NA,NA,NA,NA,NA,NA,NA,NA,NA,NA,NA,NA,NA,NA,NA,NA,NA,NA,NA,NA,NA,NA,NA,NA,NA,NA,NA,NA,NA,NA,NA,NA,NA,NA,NA,0,0,0.464263975457733,0.00387447409427349,0.692951402415271,0.0998314803272302,0.446517010777821,0.0406295161667316,0.236056985294118,0.0850314705882353,2.8425,0.103782,NA,NA,NA,NA
"451","Joey Slye","WAS","K","14600","robust",NA,NA,NA,NA,NA,NA,NA,NA,NA,NA,NA,NA,NA,NA,NA,NA,NA,NA,NA,NA,NA,NA,NA,NA,NA,NA,NA,NA,NA,NA,NA,NA,NA,NA,NA,NA,NA,NA,0.00434272300469484,0.00104408450704225,0.441426394907909,0.0358763499458287,0.5787964969303,0.146242105904659,0.482141567352835,0.118075249187432,0.198357371794872,0.0408665384615384,2.4325,0.340998,NA,NA,NA,NA
"452","Dustin Hopkins","CLE","K","11387","robust",NA,NA,NA,NA,NA,NA,NA,NA,NA,NA,NA,NA,NA,NA,NA,NA,NA,NA,NA,NA,NA,NA,NA,NA,NA,NA,NA,NA,NA,NA,NA,NA,NA,NA,NA,NA,NA,NA,0.00792253521126761,0.0104408450704225,0.373787167449139,0.184425927230047,0.424119718309859,0.156978105633803,0.467136150234742,0.230858685446009,0.216,0.0934038,1.8,0.44478,NA,NA,NA,NA
"453","Wil Lutz","DEN","K","12956","robust",NA,NA,NA,NA,NA,NA,NA,NA,NA,NA,NA,NA,NA,NA,NA,NA,NA,NA,NA,NA,NA,NA,NA,NA,NA,NA,NA,NA,NA,NA,NA,NA,NA,NA,NA,NA,NA,NA,0.0182926829268293,0.0241073170731707,0.484397865853659,0.232454804878049,0.56592987804878,0.14826,0.371646341463415,0.07413,0.140708333333333,0.0679525,2.25,0.415128,NA,NA,NA,NA
"454","Evan McPherson","CIN","K","15368","robust",NA,NA,NA,NA,NA,NA,NA,NA,NA,NA,NA,NA,NA,NA,NA,NA,NA,NA,NA,NA,NA,NA,NA,NA,NA,NA,NA,NA,NA,NA,NA,NA,NA,NA,NA,NA,NA,NA,0.0065359477124183,0.00323006535947712,0.438039215686275,0.118608,0.407080610021787,0.169255424836601,0.495,0.0726764705882354,0.245,0.109305411764706,2.2,0.29652,NA,NA,NA,NA
"455","Jason Myers","SEA","K","12437","robust",NA,NA,NA,NA,NA,NA,NA,NA,NA,NA,NA,NA,NA,NA,NA,NA,NA,NA,NA,NA,NA,NA,NA,NA,NA,NA,NA,NA,NA,NA,NA,NA,NA,NA,NA,NA,NA,NA,0,0,0.372261904761905,0.103782,0.612103174603175,0.301069777777778,0.443452380952381,0.0980555555555556,0.101587301587302,0.0509888888888889,2.25,0.29652,NA,NA,NA,NA
"456","Tyler Bass","BUF","K","14983","robust",NA,NA,NA,NA,NA,NA,NA,NA,NA,NA,NA,NA,NA,NA,NA,NA,NA,NA,NA,NA,NA,NA,NA,NA,NA,NA,NA,NA,NA,NA,NA,NA,NA,NA,NA,NA,NA,NA,0.0135036496350365,0.00324656934306569,0.447936604487699,0.0190305077047852,0.710651527439849,0.179843909164639,0.447297918356313,0.112217068126521,0.197222222222222,0.0329466666666667,2.3475,0.29652,NA,NA,NA,NA
"457","Matt Ammendola","HOU","K","15523","robust",NA,NA,NA,NA,NA,NA,NA,NA,NA,NA,NA,NA,NA,NA,NA,NA,NA,NA,NA,NA,NA,NA,NA,NA,NA,NA,NA,NA,NA,NA,NA,NA,NA,NA,NA,NA,NA,NA,0,0,0.600438596491228,0.0715289473684209,0.700511695906433,0.0834504385964911,0.45,0.0216754385964912,0.100073099415205,0.0119214912280702,2.25,0.14826,NA,NA,NA,NA
"458","Greg Joseph","MIN","K","13898","robust",NA,NA,NA,NA,NA,NA,NA,NA,NA,NA,NA,NA,NA,NA,NA,NA,NA,NA,NA,NA,NA,NA,NA,NA,NA,NA,NA,NA,NA,NA,NA,NA,NA,NA,NA,NA,NA,NA,0.039020825721593,0.0128560613810742,0.578137051922218,0.0834319863597613,0.542932955791012,0.0858822216538791,0.433584216295214,0.0470877323103154,0.238450980392157,0.0726764705882353,2.05,0.133434,NA,NA,NA,NA
"459","Chris Boswell","PIT","K","11936","robust",NA,NA,NA,NA,NA,NA,NA,NA,NA,NA,NA,NA,NA,NA,NA,NA,NA,NA,NA,NA,NA,NA,NA,NA,NA,NA,NA,NA,NA,NA,NA,NA,NA,NA,NA,NA,NA,NA,0.00775862068965517,0.0102248275862069,0.38302738336714,0.14826,0.400652467883705,0.175977302231237,0.458318683795357,0.140387551048005,0.167483660130719,0.0893920588235294,1.9,0.14826,NA,NA,NA,NA
"460","Brandon McManus","JAC","K","11947","robust",NA,NA,NA,NA,NA,NA,NA,NA,NA,NA,NA,NA,NA,NA,NA,NA,NA,NA,NA,NA,NA,NA,NA,NA,NA,NA,NA,NA,NA,NA,NA,NA,NA,NA,NA,NA,NA,NA,0,0,0.44021164021164,0.0589902222222222,0.645502645502645,0.0807977777777778,0.676190476190476,0.11296,0.277380952380952,0.12002,2.165,0.14826,NA,NA,NA,NA
"461","Lucas Havrisik","LAR","K","16043","robust",NA,NA,NA,NA,NA,NA,NA,NA,NA,NA,NA,NA,NA,NA,NA,NA,NA,NA,NA,NA,NA,NA,NA,NA,NA,NA,NA,NA,NA,NA,NA,NA,NA,NA,NA,NA,NA,NA,0,0,0.456535947712418,0.0490323921568629,0.57312091503268,0.068558137254902,0.54828431372549,0.088956,0.2,0.0466744444444444,2,0.29652,NA,NA,NA,NA
"462","Anders Carlson","GB","K","16339","robust",NA,NA,NA,NA,NA,NA,NA,NA,NA,NA,NA,NA,NA,NA,NA,NA,NA,NA,NA,NA,NA,NA,NA,NA,NA,NA,NA,NA,NA,NA,NA,NA,NA,NA,NA,NA,NA,NA,0,0,0.574586466165413,0.148817368421053,0.670300751879699,0.114074736842105,0.375100250626566,0.0429545263157895,0.120178571428571,0.03177,2,0.14826,NA,NA,NA,NA
"463","Cairo Santos","CHI","K","11945","robust",NA,NA,NA,NA,NA,NA,NA,NA,NA,NA,NA,NA,NA,NA,NA,NA,NA,NA,NA,NA,NA,NA,NA,NA,NA,NA,NA,NA,NA,NA,NA,NA,NA,NA,NA,NA,NA,NA,0,0,0.46595785440613,0.076799816091954,0.589463601532567,0.114290850574713,0.419827586206897,0.0269253793103448,0.246666666666667,0.04942,2.01,0.029652,NA,NA,NA,NA
"464","Matt Prater","ARI","K","8930","robust",NA,NA,NA,NA,NA,NA,NA,NA,NA,NA,NA,NA,NA,NA,NA,NA,NA,NA,NA,NA,NA,NA,NA,NA,NA,NA,NA,NA,NA,NA,NA,NA,NA,NA,NA,NA,NA,NA,0.00436781609195402,0.000681655172413793,0.42878078817734,0.0243935172413792,0.602364532019704,0.100398068965517,0.500874384236453,0.0829428275862069,0.291666666666667,0.03177,1.9,0.14826,NA,NA,NA,NA
"465","Daniel Carlson","LVR","K","13718","robust",NA,NA,NA,NA,NA,NA,NA,NA,NA,NA,NA,NA,NA,NA,NA,NA,NA,NA,NA,NA,NA,NA,NA,NA,NA,NA,NA,NA,NA,NA,NA,NA,NA,NA,NA,NA,NA,NA,0,0,0.495,0.204504666666667,0.39984126984127,0.177912,0.4,0.171793333333333,0.125138888888889,0.042007,1.755,0.163086,NA,NA,NA,NA
"466","Nick Folk","TEN","K","8851","robust",NA,NA,NA,NA,NA,NA,NA,NA,NA,NA,NA,NA,NA,NA,NA,NA,NA,NA,NA,NA,NA,NA,NA,NA,NA,NA,NA,NA,NA,NA,NA,NA,NA,NA,NA,NA,NA,NA,0.00792253521126761,0.0104408450704225,0.450636273783049,0.223333339510749,0.519555637921094,0.220478897949098,0.3525,0.110645481838399,0.121008771929825,0.0564428421052632,1.7,0.29652,NA,NA,NA,NA
"467","Chase McLaughlin","TB","K","14717","robust",NA,NA,NA,NA,NA,NA,NA,NA,NA,NA,NA,NA,NA,NA,NA,NA,NA,NA,NA,NA,NA,NA,NA,NA,NA,NA,NA,NA,NA,NA,NA,NA,NA,NA,NA,NA,NA,NA,0.00403050108932462,0.000969019607843138,0.539731858555388,0.133314736048265,0.629087481146305,0.00693221719457028,0.410690883190883,0.0887448034188035,0.221253561253561,0.0557558974358974,1.575,0.0741300000000001,NA,NA,NA,NA
"468","Greg Zuerlein","NYJ","K","10868","robust",NA,NA,NA,NA,NA,NA,NA,NA,NA,NA,NA,NA,NA,NA,NA,NA,NA,NA,NA,NA,NA,NA,NA,NA,NA,NA,NA,NA,NA,NA,NA,NA,NA,NA,NA,NA,NA,NA,0.0191846522781775,0.0113772661870504,0.321704499754234,0.082273181107288,0.421451658548937,0.158781542070691,0.362768667053935,0.115187311854864,0.0836438923395445,0.0389067391304348,1.4125,0.14826,NA,NA,NA,NA
"469","Eddy Pineiro","CAR","K","13719","robust",NA,NA,NA,NA,NA,NA,NA,NA,NA,NA,NA,NA,NA,NA,NA,NA,NA,NA,NA,NA,NA,NA,NA,NA,NA,NA,NA,NA,NA,NA,NA,NA,NA,NA,NA,NA,NA,NA,0,0,0.344763875748975,0.107331870860927,0.649538789025544,0.177706862582782,0.476059996846421,0.129929130794702,0.166294642857143,0.03177,1.3175,0.29652,NA,NA,NA,NA
"470","Randy Bullock","NYG","K","10862","robust",NA,NA,NA,NA,NA,NA,NA,NA,NA,NA,NA,NA,NA,NA,NA,NA,NA,NA,NA,NA,NA,NA,NA,NA,NA,NA,NA,NA,NA,NA,NA,NA,NA,NA,NA,NA,NA,NA,0,0,0.322727272727273,0.0404345454545455,0.645454545454546,0.0808690909090909,0.645454545454546,0.0808690909090909,0,0,1.1,0.0741300000000001,NA,NA,NA,NA
"471","Cade York","NYG","K","15882","robust",NA,NA,NA,NA,NA,NA,NA,NA,NA,NA,NA,NA,NA,NA,NA,NA,NA,NA,NA,NA,NA,NA,NA,NA,NA,NA,NA,NA,NA,NA,NA,NA,NA,NA,NA,NA,NA,NA,0,NA,0.375882352941176,0.0523270588235294,0.344558823529412,0.0479664705882353,0.344558823529412,0.0479664705882353,0,NA,0.67,0,NA,NA,NA,NA
