"","player","team","position","id","avg_type","pass_att","pass_att_sd","pass_comp","pass_comp_sd","pass_yds","pass_yds_sd","pass_tds","pass_tds_sd","pass_int","pass_int_sd","rush_att","rush_att_sd","rush_yds","rush_yds_sd","rush_tds","rush_tds_sd","fumbles_lost","fumbles_lost_sd","two_pts","two_pts_sd","return_tds","return_tds_sd","rec","rec_sd","rec_yds","rec_yds_sd","rec_tds","rec_tds_sd","dst_int","dst_int_sd","dst_sacks","dst_sacks_sd","dst_safety","dst_safety_sd","dst_td","dst_td_sd","dst_blk","dst_blk_sd","fg_0019","fg_0019_sd","fg_2029","fg_2029_sd","fg_3039","fg_3039_sd","fg_4049","fg_4049_sd","fg_50","fg_50_sd","xp","xp_sd","injury_status","injury_details","season_year","week"
"1","Nick Mullens","MIN","QB","13968","robust",34.4068302408372,0.566101515065259,22.28,0.770951999999999,254.5225,14.551719,1.25,0.29652,0.915,0.103782,1.59969464018366,0.666264547072588,7.25,2.876244,0.07,0.07413,0.11125,0.0111195,0.09,0,0,NA,NA,NA,NA,NA,NA,NA,NA,NA,NA,NA,NA,NA,NA,NA,NA,NA,NA,NA,NA,NA,NA,NA,NA,NA,NA,NA,NA,NA,NA,NA,NA,NA
"2","Dak Prescott","DAL","QB","12620","robust",36.12,0.845082000000006,24.582475880473,0.863578740389233,272.5925,9.65172599999999,1.95,0.0741300000000001,0.725,0.22239,3.615,0.212176946911253,14.925,1.26021,0.1125,0.037065,0.115,0.014826,0.09,0,0,NA,NA,NA,NA,NA,NA,NA,NA,NA,NA,NA,NA,NA,NA,NA,NA,NA,NA,NA,NA,NA,NA,NA,NA,NA,NA,NA,NA,NA,NA,NA,NA,NA
"3","Brock Purdy","SF","QB","15698","robust",30.55,1.09406244266908,21.4575,0.816989626941083,274.5,9.6369,1.95,0.0741300000000001,0.55,0.170499,3.05,0.44478,11.75,3.7065,0.15,0.07413,0.090625,0.00926625,0.05,0,0,NA,NA,NA,NA,NA,NA,NA,NA,NA,NA,NA,NA,NA,NA,NA,NA,NA,NA,NA,NA,NA,NA,NA,NA,NA,NA,NA,NA,NA,NA,NA,NA,NA
"4","Patrick Mahomes","KC","QB","13116","robust",35.975,1.77911999999999,24.095,0.904386000000002,258.55,6.6717,1.8075,0.22239,0.81,0.133434,4.3721963625784,0.222390000000001,22.5,0.7413,0.1,0,0.085,0.014826,0.09,0,0,NA,NA,NA,NA,NA,NA,NA,NA,NA,NA,NA,NA,NA,NA,NA,NA,NA,NA,NA,NA,NA,NA,NA,NA,NA,NA,NA,NA,NA,NA,NA,NA,NA
"5","Matthew Stafford","LAR","QB","9431","robust",33.9,0.296519999999994,21.42,0.830256000000001,259.685,7.90225799999998,1.95,0.14826,0.82,0.14826,1.375,0.44478,4.325,0.51891,0.025,0,0.06,0.014826,0.09,0,0,NA,NA,NA,NA,NA,NA,NA,NA,NA,NA,NA,NA,NA,NA,NA,NA,NA,NA,NA,NA,NA,NA,NA,NA,NA,NA,NA,NA,NA,NA,NA,NA,NA
"6","Geno Smith","SEA","QB","11150","robust",29.775,6.12438852622059,19.9430346387979,3.2823736890365,234.2075,36.153201,1.325,0.615279,0.75,0.22239,1.90515592042578,0.7413,8.5025,3.120873,0.085,0.022239,0.094375,0.00555975,0.03,0,0,NA,NA,NA,NA,NA,NA,NA,NA,NA,NA,NA,NA,NA,NA,NA,NA,NA,NA,NA,NA,NA,NA,NA,NA,NA,NA,NA,NA,NA,"Q","Groin",2023,15
"7","Tua Tagovailoa","MIA","QB","14778","robust",31.7075,0.833704443002854,21.77,0.222390000000001,252.3,5.14462200000002,1.565,0.200151,0.9,0.14826,2.15,0.22239,6.3,0.615279,0.0475,0.051891,0.2625,0.02779875,0,NA,0,NA,NA,NA,NA,NA,NA,NA,NA,NA,NA,NA,NA,NA,NA,NA,NA,NA,NA,NA,NA,NA,NA,NA,NA,NA,NA,NA,NA,NA,NA,NA,NA,NA
"8","Josh Allen","BUF","QB","13589","robust",36.15,1.18608,23.8125,1.77886435970343,255.45,4.4478,1.85,0.163086,0.95,0.0741300000000001,6.88131782049871,0.203656398657225,37.025,2.490768,0.55,0.14826,0.194375,0.00555975,0.22,0,0,NA,NA,NA,NA,NA,NA,NA,NA,NA,NA,NA,NA,NA,NA,NA,NA,NA,NA,NA,NA,NA,NA,NA,NA,NA,NA,NA,NA,NA,NA,NA,NA,NA
"9","Jared Goff","DET","QB","12611","robust",34.5571560086446,0.815429999999996,23.025,1.052646,256.9,7.33887000000002,1.65,0.0741299999999999,0.7975,0.140847,1.875,0.29652,4.55,1.33434,0.095,0.00741300000000001,0.2275,0.02038575,0.16,0,0,NA,NA,NA,NA,NA,NA,NA,NA,NA,NA,NA,NA,NA,NA,NA,NA,NA,NA,NA,NA,NA,NA,NA,NA,NA,NA,NA,NA,NA,NA,NA,NA,NA
"10","Sam Howell","WAS","QB","15693","robust",36.9,1.475187,24.0599419585452,0.7413,256.795,8.16912599999999,1.3725,0.14826,0.95,0.0741300000000001,3.435,0.244629,17.35,0.96369,0.1975,0.00741300000000001,0.1425,0.03150525,0.1,0,0,NA,NA,NA,NA,NA,NA,NA,NA,NA,NA,NA,NA,NA,NA,NA,NA,NA,NA,NA,NA,NA,NA,NA,NA,NA,NA,NA,NA,NA,NA,NA,NA,NA
"11","Jordan Love","GB","QB","14782","robust",34.325,1.03782,21.55,0.7413,245.75,2.2239,1.71,0.237216,0.85,0.185325,3.295,0.459606,14.155,0.459605999999999,0.11,0.029652,0.11125,0.0111195,0.1,0,0,NA,NA,NA,NA,NA,NA,NA,NA,NA,NA,NA,NA,NA,NA,NA,NA,NA,NA,NA,NA,NA,NA,NA,NA,NA,NA,NA,NA,NA,NA,NA,NA,NA
"12","Jake Browning","CIN","QB","14358","robust",33.155,1.275036,22.705,1.349166,242.5,21.4977,1.4,0,0.8,0.118608,3.6825,0.29652,14.4325,2.07564,0.15,0.07413,0.08875,0.0333585,0.05,0,0,NA,NA,NA,NA,NA,NA,NA,NA,NA,NA,NA,NA,NA,NA,NA,NA,NA,NA,NA,NA,NA,NA,NA,NA,NA,NA,NA,NA,NA,NA,NA,NA,NA
"13","Trevor Lawrence","JAC","QB","15237","robust",34.9625,1.36503631141024,22.8699279414597,0.963689999999998,238.6575,10.845219,1.2,0.29652,0.87,0.14826,3.9,0.44478,18.125,1.63086,0.175,0.037065,0.26,0.029652,0.16,0,0,NA,NA,NA,NA,NA,NA,NA,NA,NA,NA,NA,NA,NA,NA,NA,NA,NA,NA,NA,NA,NA,NA,NA,NA,NA,NA,NA,NA,NA,NA,NA,NA,NA
"14","Joe Flacco","CLE","QB","9064","robust",36.6,2.6901198055756,21.6,1.48548962993229,230.5075,20.90466,1.28,0.163086,0.895,0.14826,1.705,0.44478,4.3925,3.365502,0.05,0.059304,0.2575,0.0630105,0.03,0,0,NA,NA,NA,NA,NA,NA,NA,NA,NA,NA,NA,NA,NA,NA,NA,NA,NA,NA,NA,NA,NA,NA,NA,NA,NA,NA,NA,NA,NA,NA,NA,NA,NA
"15","Gardner Minshew","IND","QB","14067","robust",33.1,0.7413,21.275,0.96369,232.36,10.148397,1.1975,0.29652,0.85,0.07413,2.6520493930119,0.599116860158883,8.5075,1.386231,0.1,0.044478,0.2675,0.02409225,0.16,0,0,NA,NA,NA,NA,NA,NA,NA,NA,NA,NA,NA,NA,NA,NA,NA,NA,NA,NA,NA,NA,NA,NA,NA,NA,NA,NA,NA,NA,NA,NA,NA,NA,NA
"16","Jalen Hurts","PHI","QB","14783","robust",31.6896749690697,0.7413,20.8842504364161,0.37065,243.5575,1.37140500000002,1.46,0.0593040000000001,0.8,0.155673,9.275,0.518909999999999,41.785,2.327682,0.75,0.207564,0.235,0.0259455,0.13,0,0,NA,NA,NA,NA,NA,NA,NA,NA,NA,NA,NA,NA,NA,NA,NA,NA,NA,NA,NA,NA,NA,NA,NA,NA,NA,NA,NA,NA,NA,NA,NA,NA,NA
"17","Easton Stick","LAC","QB","14069","robust",34.05,0.837001284886558,21.0025,0.281693999999997,223.92,8.45081999999998,1,0.14826,0.925,0.0741300000000001,2.79974814462006,0.44478,12.875,1.868076,0.055,0.059304,0.10625,0.0185325,0.06,0,0,NA,NA,NA,NA,NA,NA,NA,NA,NA,NA,NA,NA,NA,NA,NA,NA,NA,NA,NA,NA,NA,NA,NA,NA,NA,NA,NA,NA,NA,NA,NA,NA,NA
"18","Lamar Jackson","BAL","QB","13593","robust",30.5,0.7413,20.4925,0.496671000000001,231.3,6.41224500000003,1.3025,0.0889560000000001,0.595,0.140847,8.86341969882387,0.71633390904746,49.9,2.52042,0.3,0.00741300000000001,0.22,0.014826,0.06,0,0,NA,NA,NA,NA,NA,NA,NA,NA,NA,NA,NA,NA,NA,NA,NA,NA,NA,NA,NA,NA,NA,NA,NA,NA,NA,NA,NA,NA,NA,NA,NA,NA,NA
"19","Baker Mayfield","TB","QB","13590","robust",33.325,1.03782,20.973824823956,0.850752683997116,226.75,8.087583,1.23,0.185325,0.8425,0.051891,3.3,0.148259999999999,11.975,1.85325,0.1,0.007413,0.17,0.029652,0.06,0,0,NA,NA,NA,NA,NA,NA,NA,NA,NA,NA,NA,NA,NA,NA,NA,NA,NA,NA,NA,NA,NA,NA,NA,NA,NA,NA,NA,NA,NA,NA,NA,NA,NA
"20","Zach Wilson","NYJ","QB","15239","robust",33.275,2.86942239333977,19.925,0.856158547201214,207.26,12.15732,0.9225,0.0815429999999999,0.95,0.0741300000000001,2.95,0.0741300000000004,15.57,1.571556,0.06,0.037065,0.2225,0.05745075,0.13,0,0,NA,NA,NA,NA,NA,NA,NA,NA,NA,NA,NA,NA,NA,NA,NA,NA,NA,NA,NA,NA,NA,NA,NA,NA,NA,NA,NA,NA,NA,NA,NA,NA,NA
"21","Will Levis","TEN","QB","16149","robust",30.4857806337533,1.527078,18.6717224991209,0.415128000000002,224.85,6.37518000000002,1.11,0.207564,0.8,0.266868,2.9,0.59304,10.11,5.33736,0.1,0,0.19875,0.0037065,0.08,0,0,NA,NA,NA,NA,NA,NA,NA,NA,NA,NA,NA,NA,NA,NA,NA,NA,NA,NA,NA,NA,NA,NA,NA,NA,NA,NA,NA,NA,NA,NA,NA,NA,NA
"22","Derek Carr","NO","QB","11644","robust",32.675,0.666165132397716,21.0735146480025,0.845082,228.85,4.09197600000001,1.1475,0.22239,0.8,0.118608,1.5,0.37065,5.15,0.585627,0,0,0.135,0.0259455,0.06,0,0,NA,NA,NA,NA,NA,NA,NA,NA,NA,NA,NA,NA,NA,NA,NA,NA,NA,NA,NA,NA,NA,NA,NA,NA,NA,NA,NA,NA,NA,NA,NA,NA,NA
"23","Aidan O'Connell","LVR","QB","16159","robust",30.7,1.497426,19.6230734785423,1.02639495714715,220.7,10.08168,1.065,0.118608,0.935,0.163086,1.66435942844546,0.402201422773535,5,2.283204,0.1,0,0.195,0.014826,0.05,0,0,NA,NA,NA,NA,NA,NA,NA,NA,NA,NA,NA,NA,NA,NA,NA,NA,NA,NA,NA,NA,NA,NA,NA,NA,NA,NA,NA,NA,NA,NA,NA,NA,NA
"24","Davis Mills","HOU","QB","15252","robust",24.725,6.30105,14.61,2.44629,150.6,80.705331,0.74,0.22239,0.4,0.22239,1.55,0.474432,5.49,1.92738,0.025,0,0.1,0,0,NA,0,NA,NA,NA,NA,NA,NA,NA,NA,NA,NA,NA,NA,NA,NA,NA,NA,NA,NA,NA,NA,NA,NA,NA,NA,NA,NA,NA,NA,NA,NA,NA,NA,NA
"25","Russell Wilson","DEN","QB","10703","robust",30.975,0.659757,20.3533855228916,0.585626999999999,218.1275,4.4478,1.43,0.133434,0.7,0.081543,5.35,0.51891,26.375,3.7065,0.185,0.022239,0.17375,0.0259455,0,NA,0,NA,NA,NA,NA,NA,NA,NA,NA,NA,NA,NA,NA,NA,NA,NA,NA,NA,NA,NA,NA,NA,NA,NA,NA,NA,NA,NA,NA,NA,NA,NA,NA,NA
"26","Kyler Murray","ARI","QB","14056","robust",32.3715639789158,1.77634451028115,20.9431260049901,1.312101,214,10.956414,1,0.029652,0.8425,0.170499,5.34574214202882,0.29872059954385,26.1,2.120118,0.2575,0.081543,0.14,0.044478,0.16,0,0,NA,NA,NA,NA,NA,NA,NA,NA,NA,NA,NA,NA,NA,NA,NA,NA,NA,NA,NA,NA,NA,NA,NA,NA,NA,NA,NA,NA,NA,NA,NA,NA,NA
"27","Bryce Young","CAR","QB","16148","robust",30.0200220538404,4.83321060595247,18.3,1.63078373603552,186.75,15.5673,0.9,0.22239,0.7625,0.0889560000000001,3.39,1.378818,15,2.74281,0.0625,0.037065,0.215,0.014826,0.1,0,0,NA,NA,NA,NA,NA,NA,NA,NA,NA,NA,NA,NA,NA,NA,NA,NA,NA,NA,NA,NA,NA,NA,NA,NA,NA,NA,NA,NA,NA,NA,NA,NA,NA
"28","Desmond Ridder","ATL","QB","15697","robust",27.925,3.48411,17.475,0.815430000000001,192.025,9.71103000000002,1,0.0889560000000001,0.815,0.044478,4.825,0.474526657633751,18.55,3.046743,0.2025,0.00741299999999999,0.28,0.014826,0.09,0,0,NA,NA,NA,NA,NA,NA,NA,NA,NA,NA,NA,NA,NA,NA,NA,NA,NA,NA,NA,NA,NA,NA,NA,NA,NA,NA,NA,NA,NA,NA,NA,NA,NA
"29","Mitchell Trubisky","PIT","QB","13115","robust",29.2,1.4826,18.7,1.03782,204.0075,12.053538,1.05,0.103782,0.8275,0.118608,3.7325,0.59304,14.8775,3.306198,0.185,0.029652,0.14,0.059304,0.16,0,0,NA,NA,NA,NA,NA,NA,NA,NA,NA,NA,NA,NA,NA,NA,NA,NA,NA,NA,NA,NA,NA,NA,NA,NA,NA,NA,NA,NA,NA,NA,NA,NA,NA
"30","Tommy DeVito","NYG","QB","16441","robust",28.0773941559632,1.4826,17.9680983421162,2.505594,184.665,19.822362,1.015,0.029652,0.8,0.281694,5.4575,0.785778,26.345,4.00302,0.185,0.029652,0.18875,0.0333585,0.05,0,0,NA,NA,NA,NA,NA,NA,NA,NA,NA,NA,NA,NA,NA,NA,NA,NA,NA,NA,NA,NA,NA,NA,NA,NA,NA,NA,NA,NA,NA,NA,NA,NA,NA
"31","Bailey Zappe","NE","QB","15696","robust",30.1702389933928,0.357241326416398,19.020364529996,0.120769808688414,196.64,10.734024,0.9,0.14826,0.8825,0.14826,2.86602500711994,1.20698470222409,10.7,6.37518,0.06,0.044478,0.11,0.029652,0.05,0,0,NA,NA,NA,NA,NA,NA,NA,NA,NA,NA,NA,NA,NA,NA,NA,NA,NA,NA,NA,NA,NA,NA,NA,NA,NA,NA,NA,NA,NA,NA,NA,NA,NA
"32","Case Keenum","HOU","QB","10948","robust",13.2687481507752,6.00453,8.51008698674863,3.839934,110.025,3.48411,0.8175,0.37065,0.36,0.059304,1.13539598308933,0.489258,5.1825,0.0815430000000002,0.1,0.022239,0.1,0,0.03,0,0,NA,NA,NA,NA,NA,NA,NA,NA,NA,NA,NA,NA,NA,NA,NA,NA,NA,NA,NA,NA,NA,NA,NA,NA,NA,NA,NA,NA,NA,NA,NA,NA,NA
"33","Justin Fields","CHI","QB","15238","robust",28.61,1.764294,17.1888192282125,1.3509166122522,184.495,11.1195,1.055,0.0741300000000001,0.6775,0.274281,10.85,0.222390000000001,57.5,6.00453,0.295,0.140847,0.2425,0.03150525,0.06,0,0,NA,NA,NA,NA,NA,NA,NA,NA,NA,NA,NA,NA,NA,NA,NA,NA,NA,NA,NA,NA,NA,NA,NA,NA,NA,NA,NA,NA,NA,NA,NA,NA,NA
"34","C.J. Stroud","HOU","QB","16150","robust",23.5,NA,14.6,NA,187,0,1,NA,0.7,NA,2.1,NA,8,0,0.2,0,0.3,0,NA,NA,NA,NA,NA,NA,NA,NA,NA,NA,NA,NA,NA,NA,NA,NA,NA,NA,NA,NA,NA,NA,NA,NA,NA,NA,NA,NA,NA,NA,NA,NA,"D","Concussion",2023,15
"35","Kenny Pickett","PIT","QB","15692","robust",22,NA,14.9,NA,175,0,0.3,NA,0.5,NA,3,NA,8,0,0.1,0,0,0,NA,NA,NA,NA,NA,NA,NA,NA,NA,NA,NA,NA,NA,NA,NA,NA,NA,NA,NA,NA,NA,NA,NA,NA,NA,NA,NA,NA,NA,NA,NA,NA,"O","Ankle",2023,15
"36","Drew Lock","SEA","QB","14057","robust",8.6,NA,5.3,NA,65.406,32.9181678,0.335,NA,0.26,NA,0.8,NA,2.8,0.88956,0.00397575757575758,0,0,0,0,NA,0,NA,NA,NA,NA,NA,NA,NA,NA,NA,NA,NA,NA,NA,NA,NA,NA,NA,NA,NA,NA,NA,NA,NA,NA,NA,NA,NA,NA,NA,NA,NA,NA,NA
"37","Ryan Tannehill","TEN","QB","10697","robust",1.15595904095904,NA,0.727075174825175,NA,16.6725,10.793328,0.065,0.051891,0.13,0.044478,0.3,NA,1.455,0.541149,0.000999313186813187,0,0,0,0,NA,0,NA,NA,NA,NA,NA,NA,NA,NA,NA,NA,NA,NA,NA,NA,NA,NA,NA,NA,NA,NA,NA,NA,NA,NA,NA,NA,NA,NA,NA,NA,NA,NA,NA
"38","Mac Jones","NE","QB","15241","robust",4.95,NA,3.15,NA,33.65,39.06651,0.15,0.22239,0.15,0.22239,0.4,0.59304,1,1.4826,0,0,0.05,0.07413,0,NA,0,NA,NA,NA,NA,NA,NA,NA,NA,NA,NA,NA,NA,NA,NA,NA,NA,NA,NA,NA,NA,NA,NA,NA,NA,NA,NA,NA,NA,NA,NA,NA,NA,NA
"39","Taylor Heinicke","ATL","QB","12476","robust",2.5,1.77912,1.525,1.18608,20.225,2.66868,0.15,0.14826,0.025,0,0.4,0.44478,1.9,1.92738,0,0,0.025,0,0,NA,0,NA,NA,NA,NA,NA,NA,NA,NA,NA,NA,NA,NA,NA,NA,NA,NA,NA,NA,NA,NA,NA,NA,NA,NA,NA,NA,NA,NA,NA,NA,NA,NA,NA
"40","Sam Ehlinger","IND","QB","15250","robust",2.725,2.07564,1.775,1.18608,19.85,7.56126,0.1,0.14826,0,0,0.475,0.44478,1.55,1.63086,0,0,0.025,0,0,NA,0,NA,NA,NA,NA,NA,NA,NA,NA,NA,NA,NA,NA,NA,NA,NA,NA,NA,NA,NA,NA,NA,NA,NA,NA,NA,NA,NA,NA,NA,NA,NA,NA,NA
"41","Tyson Bagent","CHI","QB","16384","robust",1.1,NA,0.6,NA,18.95,11.46544,0.1,0.07413,0.15,0.04942,0.3,NA,2.55,2.00151,0.0207142857142857,0.020474,0.075,0.07413,0,NA,0,NA,NA,NA,NA,NA,NA,NA,NA,NA,NA,NA,NA,NA,NA,NA,NA,NA,NA,NA,NA,NA,NA,NA,NA,NA,NA,NA,NA,NA,NA,NA,NA,NA
"42","Tyler Huntley","BAL","QB","14789","robust",2.5,1.77912,1.675,1.18608,18.275,4.15128,0.125,0.14826,0.025,0,0.825,0.44478,3.275,2.07564,0.025,0,0.025,0,0,NA,0,NA,NA,NA,NA,NA,NA,NA,NA,NA,NA,NA,NA,NA,NA,NA,NA,NA,NA,NA,NA,NA,NA,NA,NA,NA,NA,NA,NA,NA,NA,NA,NA,NA
"43","Jimmy Garoppolo","LVR","QB","11760","robust",0.65,NA,0.4,NA,13.206,7.012698,0.11,0,0.057,0.051891,0.2125,0.1667925,0.5,0.340998,0.001,0,0.00125,0.00185325,0,NA,0,NA,NA,NA,NA,NA,NA,NA,NA,NA,NA,NA,NA,NA,NA,NA,NA,NA,NA,NA,NA,NA,NA,NA,NA,NA,NA,NA,NA,NA,NA,NA,NA,NA
"44","Jaren Hall","MIN","QB","16154","robust",0.645079787234043,0.637596861702128,0.433962765957447,0.42892879787234,19.2875,8.191365,0,0,0.0925,0.00741300000000001,0.0741666666666667,0.0733063333333333,0.7925,0.363237,0,0,0.055,0.051891,0,NA,0,NA,NA,NA,NA,NA,NA,NA,NA,NA,NA,NA,NA,NA,NA,NA,NA,NA,NA,NA,NA,NA,NA,NA,NA,NA,NA,NA,NA,NA,NA,NA,NA,NA
"45","Jameis Winston","NO","QB","12140","robust",1.4,2.07564,0.8,1.18608,20.285,6.81996,0.1,0.014826,0.11,0.029652,0.15,0.036403125,0.105,0.014826,0,0,0.00125,0,0,NA,0,NA,NA,NA,NA,NA,NA,NA,NA,NA,NA,NA,NA,NA,NA,NA,NA,NA,NA,NA,NA,NA,NA,NA,NA,NA,NA,NA,NA,NA,NA,NA,NA,NA
"46","Andy Dalton","CAR","QB","10313","robust",1.625,1.92738,1.05,1.18608,12.9,4.59606,0.1,0.14826,0.025,0,0.3,0.44478,0.75,0,0,0,0,0,0,NA,0,NA,NA,NA,NA,NA,NA,NA,NA,NA,NA,NA,NA,NA,NA,NA,NA,NA,NA,NA,NA,NA,NA,NA,NA,NA,NA,NA,NA,NA,NA,NA,NA,NA
"47","Carson Wentz","LAR","QB","12610","robust",1.825,2.07564,1.075,1.18608,13.775,5.9304,0.075,0,0,0,0.275,0.29652,1.05,1.33434,0,0,0,0,0,NA,0,NA,NA,NA,NA,NA,NA,NA,NA,NA,NA,NA,NA,NA,NA,NA,NA,NA,NA,NA,NA,NA,NA,NA,NA,NA,NA,NA,NA,NA,NA,NA,NA,NA
"48","Max Duggan","LAC","QB","16155","robust",1.1187,1.10572308,0.590425,0.58357607,17.415,5.63388,0,0,0.1225,0.022239,0,0,0.2,0.07413,0,0,0.0025,0.002471,0,NA,0,NA,NA,NA,NA,NA,NA,NA,NA,NA,NA,NA,NA,NA,NA,NA,NA,NA,NA,NA,NA,NA,NA,NA,NA,NA,NA,NA,NA,NA,NA,NA,NA,NA
"49","Trevor Siemian","NYJ","QB","12381","robust",0,0,0,0,13.3625,0,0.0125,0,0.105,0,0,0,0,0,0,0,0,0,0,NA,0,NA,NA,NA,NA,NA,NA,NA,NA,NA,NA,NA,NA,NA,NA,NA,NA,NA,NA,NA,NA,NA,NA,NA,NA,NA,NA,NA,NA,NA,NA,NA,NA,NA
"50","Tyrod Taylor","NYG","QB","10413","robust",1.91406578947368,2.48799787894737,1.24636842105263,1.62009164210526,14.015,6.182442,0.055,0.059304,0.065,0.029652,0.5355,0.0311346,3.145,0.207564,0.0025,0,0.05,0.07413,0.03,0,0,NA,NA,NA,NA,NA,NA,NA,NA,NA,NA,NA,NA,NA,NA,NA,NA,NA,NA,NA,NA,NA,NA,NA,NA,NA,NA,NA,NA,NA,NA,NA,NA,NA
"51","Cooper Rush","DAL","QB","13124","robust",1.52610459861776,1.16246178527379,0.996502392344497,0.762552964593301,12.8325,5.507859,0.045,0.059304,0.0425,0.051891,0.525,0.44478,0.01,0.14826,0,0,0,0,0,NA,0,NA,NA,NA,NA,NA,NA,NA,NA,NA,NA,NA,NA,NA,NA,NA,NA,NA,NA,NA,NA,NA,NA,NA,NA,NA,NA,NA,NA,NA,NA,NA,NA,NA
"52","AJ McCarron","CIN","QB","11643","robust",0.959019230769231,0.947894607692308,0.639346153846154,0.631929738461538,12.05,2.81694,0.0925,0.00741300000000001,0,0,0.01425,0.0140847,0.1675,0.066717,0,0,0.0025,0.002471,0,NA,0,NA,NA,NA,NA,NA,NA,NA,NA,NA,NA,NA,NA,NA,NA,NA,NA,NA,NA,NA,NA,NA,NA,NA,NA,NA,NA,NA,NA,NA,NA,NA,NA,NA
"53","Marcus Mariota","PHI","QB","12141","robust",1.3,1.77912,0.825,1.18608,10.55,7.26474,0.075,0,0.025,0,0.4,0.44478,1.7,1.63086,0,0,0,0,0,NA,0,NA,NA,NA,NA,NA,NA,NA,NA,NA,NA,NA,NA,NA,NA,NA,NA,NA,NA,NA,NA,NA,NA,NA,NA,NA,NA,NA,NA,NA,NA,NA,NA,NA
"54","Clayton Tune","ARI","QB","16160","robust",2.4,3.55824,1.4,2.07564,10.35,8.37669,0,0,0.25,0.37065,0.7,1.03782,3.05,4.37367,0.05,0.07413,0.1,0.14826,NA,NA,NA,NA,NA,NA,NA,NA,NA,NA,NA,NA,NA,NA,NA,NA,NA,NA,NA,NA,NA,NA,NA,NA,NA,NA,NA,NA,NA,NA,NA,NA,NA,NA,NA,NA
"55","Dorian Thompson-Robinson","CLE","QB","16158","robust",1.8,2.37216,0.975,1.33434,9.675,4.59606,0.025,0,0.1,0,0.475,0.14826,1.775,0.14826,0,0,0,0,0,NA,0,NA,NA,NA,NA,NA,NA,NA,NA,NA,NA,NA,NA,NA,NA,NA,NA,NA,NA,NA,NA,NA,NA,NA,NA,NA,NA,NA,NA,NA,NA,NA,NA,NA
"56","Brett Rypien","NYJ","QB","14065","robust",4.1,NA,1.8,NA,16,0,0,NA,0.2,NA,0.3,NA,1,0,0,0,0.1,0,NA,NA,NA,NA,NA,NA,NA,NA,NA,NA,NA,NA,NA,NA,NA,NA,NA,NA,NA,NA,NA,NA,NA,NA,NA,NA,NA,NA,NA,NA,NA,NA,NA,NA,NA,NA
"57","Sam Darnold","SF","QB","13592","robust",0.8,0.365522675,0.488492424242424,0.29652,8.1775,4.37367,0.04,0.044478,0,0,0.475,0.39536,0.03,0.696822,0,0,0,0,0,NA,0,NA,NA,NA,NA,NA,NA,NA,NA,NA,NA,NA,NA,NA,NA,NA,NA,NA,NA,NA,NA,NA,NA,NA,NA,NA,NA,NA,NA,NA,NA,NA,NA,NA
"58","Sean Clifford","GB","QB","16313","robust",0.75,0.44478,0.5,0.29652,7.975,0.148259999999999,0.075,0,0,0,0.15,0.14826,0.075,0.14826,0,0,0,0,0,NA,0,NA,NA,NA,NA,NA,NA,NA,NA,NA,NA,NA,NA,NA,NA,NA,NA,NA,NA,NA,NA,NA,NA,NA,NA,NA,NA,NA,NA,NA,NA,NA,NA,NA
"59","Mike White","MIA","QB","13598","robust",0.95,0.29652,0.625,0.14826,8.875,2.2239,0.075,0,0.05,0,0.4,0.44478,-0.15,0.29652,0,0,0,0,0,NA,0,NA,NA,NA,NA,NA,NA,NA,NA,NA,NA,NA,NA,NA,NA,NA,NA,NA,NA,NA,NA,NA,NA,NA,NA,NA,NA,NA,NA,NA,NA,NA,NA,NA
"60","Jarrett Stidham","DEN","QB","14063","robust",1.025,0.29652,0.625,0.14826,8.9,2.66868,0.075,0,0.075,0,0.1,0.14826,0.625,0.44478,0,0,0,0,0,NA,0,NA,NA,NA,NA,NA,NA,NA,NA,NA,NA,NA,NA,NA,NA,NA,NA,NA,NA,NA,NA,NA,NA,NA,NA,NA,NA,NA,NA,NA,NA,NA,NA,NA
"61","Teddy Bridgewater","DET","QB","11640","robust",0.7,NA,0.5,NA,6.35,6.15279,0.05,0.07413,0,0,0.15,0.22239,0.7,1.03782,0,0,0,0,0,NA,0,NA,NA,NA,NA,NA,NA,NA,NA,NA,NA,NA,NA,NA,NA,NA,NA,NA,NA,NA,NA,NA,NA,NA,NA,NA,NA,NA,NA,NA,NA,NA,NA,NA
"62","Kyle Allen","BUF","QB","13879","robust",0.7,1.03782,0.45,0.66717,7.8,3.7065,0.05,0.07413,0.05,0.07413,0.05,0.07413,0.05,0.07413,0,0,0,0,NA,NA,NA,NA,NA,NA,NA,NA,NA,NA,NA,NA,NA,NA,NA,NA,NA,NA,NA,NA,NA,NA,NA,NA,NA,NA,NA,NA,NA,NA,NA,NA,NA,NA,NA,NA
"63","C.J. Beathard","JAC","QB","13125","robust",1.05,1.55673,0.7,1.03782,8.55,2.14977,0,0,0.05,0.07413,0.45,0.66717,0,0,0,0,0,0,NA,NA,NA,NA,NA,NA,NA,NA,NA,NA,NA,NA,NA,NA,NA,NA,NA,NA,NA,NA,NA,NA,NA,NA,NA,NA,NA,NA,NA,NA,NA,NA,NA,NA,NA,NA
"64","Jacoby Brissett","WAS","QB","12616","robust",0.7,1.03782,0.425,0.59304,6.575,2.2239,0.025,0,0.025,0,0.1,0.14826,0.3,0.14826,0,0,0,0,0,NA,0,NA,NA,NA,NA,NA,NA,NA,NA,NA,NA,NA,NA,NA,NA,NA,NA,NA,NA,NA,NA,NA,NA,NA,NA,NA,NA,NA,NA,NA,NA,NA,NA,NA
"65","Mason Rudolph","PIT","QB","13595","robust",0.6,NA,0.4,NA,8.85,0.815429999999998,0.05,0.07413,0.05,0.07413,0.15,0.22239,0.6,0.88956,0,0,0,0,0,NA,0,NA,NA,NA,NA,NA,NA,NA,NA,NA,NA,NA,NA,NA,NA,NA,NA,NA,NA,NA,NA,NA,NA,NA,NA,NA,NA,NA,NA,NA,NA,NA,NA,NA
"66","Blaine Gabbert","KC","QB","10262","robust",0,NA,0,NA,5.2,0,0,0,0,0,0,0,0,0,0,0,0,0,NA,NA,NA,NA,NA,NA,NA,NA,NA,NA,NA,NA,NA,NA,NA,NA,NA,NA,NA,NA,NA,NA,NA,NA,NA,NA,NA,NA,NA,NA,NA,NA,NA,NA,NA,NA
"67","Kyren Williams","LAR","RB","15710","robust",NA,NA,NA,NA,NA,NA,NA,NA,NA,NA,19.8857246971933,2.56274912788254,83.85,8.287734,0.7,0.155673,0.01875,0.0185325,0.01,0,0,NA,2.85,0.29652,23,0.518909999999999,0.185,0.044478,NA,NA,NA,NA,NA,NA,NA,NA,NA,NA,NA,NA,NA,NA,NA,NA,NA,NA,NA,NA,NA,NA,NA,NA,NA,NA
"68","Christian McCaffrey","SF","RB","13130","robust",NA,NA,NA,NA,NA,NA,NA,NA,NA,NA,17.575,0.644931000000001,86.085,2.2239,0.78,0.088956,0.097,0.0044478,0,NA,0,NA,4.25,0.37065,36.225,1.749468,0.3025,0.081543,NA,NA,NA,NA,NA,NA,NA,NA,NA,NA,NA,NA,NA,NA,NA,NA,NA,NA,NA,NA,NA,NA,NA,NA,NA,NA
"69","Chuba Hubbard","CAR","RB","15261","robust",NA,NA,NA,NA,NA,NA,NA,NA,NA,NA,16.3474259265508,1.71262264259158,66.2,5.85627,0.345,0.14826,0.01875,0.0185325,0,NA,0,NA,2.1,0.333585,15.495,0.733887000000001,0,0,NA,NA,NA,NA,NA,NA,NA,NA,NA,NA,NA,NA,NA,NA,NA,NA,NA,NA,NA,NA,NA,NA,NA,NA,NA,NA
"70","Zack Moss","IND","RB","14798","robust",NA,NA,NA,NA,NA,NA,NA,NA,NA,NA,17.5,0.7413,70.665,3.350676,0.5,0.088956,0.076,0.029652,0,NA,0,NA,2.2,0.244629,17.235,2.023749,0.1,0,NA,NA,NA,NA,NA,NA,NA,NA,NA,NA,NA,NA,NA,NA,NA,NA,NA,NA,NA,NA,NA,NA,NA,NA,NA,NA
"71","Raheem Mostert","MIA","RB","12447","robust",NA,NA,NA,NA,NA,NA,NA,NA,NA,NA,14.5258945351778,1.793946,70.4725,5.1891,0.69,0.155673,0.0795,0.022239,0,NA,0,NA,1.3675,0.244629,10.8,1.4826,0.1,0,NA,NA,NA,NA,NA,NA,NA,NA,NA,NA,NA,NA,NA,NA,NA,NA,NA,NA,NA,NA,NA,NA,NA,NA,NA,NA
"72","Saquon Barkley","NYG","RB","13604","robust",NA,NA,NA,NA,NA,NA,NA,NA,NA,NA,18.25,0.444780000000001,77.7,4.01043300000001,0.35,0.07413,0.1,0,0,NA,0,NA,3.265,0.340998,22.3625,4.544169,0.15,0.066717,NA,NA,NA,NA,NA,NA,NA,NA,NA,NA,NA,NA,NA,NA,NA,NA,NA,NA,NA,NA,NA,NA,NA,NA,NA,NA
"73","Bijan Robinson","ATL","RB","16161","robust",NA,NA,NA,NA,NA,NA,NA,NA,NA,NA,14.4792770794838,2.14977,67.4,5.1891,0.38,0.118608,0.131,0.044478,0,NA,0,NA,3.15,0.415128,26,1.134189,0.115,0.022239,NA,NA,NA,NA,NA,NA,NA,NA,NA,NA,NA,NA,NA,NA,NA,NA,NA,NA,NA,NA,NA,NA,NA,NA,NA,NA
"74","Rachaad White","TB","RB","15721","robust",NA,NA,NA,NA,NA,NA,NA,NA,NA,NA,17.2238753899658,1.756881,68.21,8.406342,0.385,0.126021,0.095,0.00741300000000001,0,NA,0,NA,3.655,0.400302,27.9225,2.9652,0.12,0.029652,NA,NA,NA,NA,NA,NA,NA,NA,NA,NA,NA,NA,NA,NA,NA,NA,NA,NA,NA,NA,NA,NA,NA,NA,NA,NA
"75","Ezekiel Elliott","NE","RB","12625","robust",NA,NA,NA,NA,NA,NA,NA,NA,NA,NA,17.425,0.993342,65.075,12.23145,0.3,0.118608,0.05,0.037065,0.09,0,0,NA,3.05,0.207564,22.7,1.92738,0.1,0,NA,NA,NA,NA,NA,NA,NA,NA,NA,NA,NA,NA,NA,NA,NA,NA,NA,NA,NA,NA,NA,NA,NA,NA,NA,NA
"76","Derrick Henry","TEN","RB","12626","robust",NA,NA,NA,NA,NA,NA,NA,NA,NA,NA,17.5263585688556,0.533735999999999,71.1425,1.63086000000001,0.7325,0.170499,0.096,0.0059304,0,NA,0,NA,1.7625,0.252042,15.4,1.63086,0.05,0.051891,NA,NA,NA,NA,NA,NA,NA,NA,NA,NA,NA,NA,NA,NA,NA,NA,NA,NA,NA,NA,NA,NA,NA,NA,NA,NA
"77","Devon Achane","MIA","RB","16167","robust",NA,NA,NA,NA,NA,NA,NA,NA,NA,NA,9.4,1.18608,46.75,7.78365,0.4075,0.126021,0.109,0.0133434,0,NA,0,NA,2.5,0.244629,19.2,1.4826,0.105121662630814,0.044838754032889,NA,NA,NA,NA,NA,NA,NA,NA,NA,NA,NA,NA,NA,NA,NA,NA,NA,NA,NA,NA,NA,NA,"Q","Toe",2023,15
"78","Joe Mixon","CIN","RB","13131","robust",NA,NA,NA,NA,NA,NA,NA,NA,NA,NA,16.9,1.067472,65.795,2.676093,0.54,0.103782,0.01875,0.0185325,0,NA,0,NA,3.21,0.133434,23.5,3.587892,0.1,0,NA,NA,NA,NA,NA,NA,NA,NA,NA,NA,NA,NA,NA,NA,NA,NA,NA,NA,NA,NA,NA,NA,NA,NA,NA,NA
"79","Alvin Kamara","NO","RB","13132","robust",NA,NA,NA,NA,NA,NA,NA,NA,NA,NA,14.3260806578176,0.409317183280339,60.43,1.94220600000001,0.355,0.066717,0.096,0.0059304,0.06,0,0,NA,4.875,0.222390000000001,38.3,2.2239,0.1,0,NA,NA,NA,NA,NA,NA,NA,NA,NA,NA,NA,NA,NA,NA,NA,NA,NA,NA,NA,NA,NA,NA,NA,NA,NA,NA
"80","Travis Etienne","JAC","RB","15253","robust",NA,NA,NA,NA,NA,NA,NA,NA,NA,NA,14.3705495553034,1.36344881953813,60.5575,2.275791,0.435,0.07413,0.1,0,0.1,0,0,NA,3.2725,0.756126,26.7275,2.157183,0.1,0,NA,NA,NA,NA,NA,NA,NA,NA,NA,NA,NA,NA,NA,NA,NA,NA,NA,NA,NA,NA,NA,NA,NA,NA,NA,NA
"81","David Montgomery","DET","RB","14071","robust",NA,NA,NA,NA,NA,NA,NA,NA,NA,NA,14.05,0.29652,63.525,2.29803,0.5525,0.044478,0.099,0.0014826,0.03,0,0,NA,1.5,0.326172,12.62,1.63086,0.05,0.029652,NA,NA,NA,NA,NA,NA,NA,NA,NA,NA,NA,NA,NA,NA,NA,NA,NA,NA,NA,NA,NA,NA,NA,NA,NA,NA
"82","D'Andre Swift","PHI","RB","14797","robust",NA,NA,NA,NA,NA,NA,NA,NA,NA,NA,12.6,0.593040000000002,59.85,2.305443,0.315,0.066717,0.05,0.037065,0.03,0,0,NA,2.5625,0.37065,18.08,2.127531,0.1,0,NA,NA,NA,NA,NA,NA,NA,NA,NA,NA,NA,NA,NA,NA,NA,NA,NA,NA,NA,NA,NA,NA,NA,NA,NA,NA
"83","Zamir White","LVR","RB","15714","robust",NA,NA,NA,NA,NA,NA,NA,NA,NA,NA,15.0675,1.18608,59.66,5.9304,0.3,0.14826,0.17,0.037065,0.01,0,0,NA,1.375,0.555975,10.6425,2.564898,0,0,NA,NA,NA,NA,NA,NA,NA,NA,NA,NA,NA,NA,NA,NA,NA,NA,NA,NA,NA,NA,NA,NA,NA,NA,NA,NA
"84","Jahmyr Gibbs","DET","RB","16162","robust",NA,NA,NA,NA,NA,NA,NA,NA,NA,NA,11.595,0.7413,57.655,4.4478,0.4,0.081543,0.011,0.0163086,0,NA,0,NA,4.05,0.44478,28.0125,1.890315,0.0775,0.081543,NA,NA,NA,NA,NA,NA,NA,NA,NA,NA,NA,NA,NA,NA,NA,NA,NA,NA,NA,NA,NA,NA,NA,NA,NA,NA
"85","Tony Pollard","DAL","RB","14085","robust",NA,NA,NA,NA,NA,NA,NA,NA,NA,NA,14.1225,0.276536861374211,64.2,0.948864000000022,0.35,0.07413,0.093,0.0103782,0.03,0,0,NA,3.4075,0.318759,24.55,3.002265,0.075,0.07413,NA,NA,NA,NA,NA,NA,NA,NA,NA,NA,NA,NA,NA,NA,NA,NA,NA,NA,NA,NA,NA,NA,NA,NA,NA,NA
"86","Javonte Williams","DEN","RB","15256","robust",NA,NA,NA,NA,NA,NA,NA,NA,NA,NA,15,0,62.5025,2.876244,0.22,0.207564,0.084,0.0177912,0,NA,0,NA,3.1,0.14826,21.35,2.00151,0.11,0.029652,NA,NA,NA,NA,NA,NA,NA,NA,NA,NA,NA,NA,NA,NA,NA,NA,NA,NA,NA,NA,NA,NA,NA,NA,NA,NA
"87","Ty Chandler","MIN","RB","15723","robust",NA,NA,NA,NA,NA,NA,NA,NA,NA,NA,14.1,2.63922246613435,59.1875,7.850367,0.335,0.126021,0.0725,0.037065,0.01,0,0.01,0,2.35,0.459606,15.7775,3.239481,0.08,0.014826,NA,NA,NA,NA,NA,NA,NA,NA,NA,NA,NA,NA,NA,NA,NA,NA,NA,NA,NA,NA,NA,NA,NA,NA,NA,NA
"88","Kenneth Walker III","SEA","RB","15711","robust",NA,NA,NA,NA,NA,NA,NA,NA,NA,NA,12.3268179848948,1.660512,51.825,5.945226,0.455,0.140847,0.01875,0.0185325,0,NA,0,NA,2,0.0963690000000001,15.35,0.733886999999999,0.09,0,NA,NA,NA,NA,NA,NA,NA,NA,NA,NA,NA,NA,NA,NA,NA,NA,NA,NA,NA,NA,NA,NA,NA,NA,NA,NA
"89","James Conner","ARI","RB","13146","robust",NA,NA,NA,NA,NA,NA,NA,NA,NA,NA,13.9441011866236,0.462271161423724,59.175,2.216487,0.35,0.133434,0.0205,0.022239,0,NA,0,NA,1.9,0.14826,12,1.92738,0.03,0,NA,NA,NA,NA,NA,NA,NA,NA,NA,NA,NA,NA,NA,NA,NA,NA,NA,NA,NA,NA,NA,NA,NA,NA,NA,NA
"90","James Cook","BUF","RB","15715","robust",NA,NA,NA,NA,NA,NA,NA,NA,NA,NA,11.355,0.340998000000001,54.2225,4.44780000000001,0.2,0.051891,0.095,0.00741300000000001,0.01,0,0,NA,3.08,1.030407,27.165,3.662022,0.145,0.07413,NA,NA,NA,NA,NA,NA,NA,NA,NA,NA,NA,NA,NA,NA,NA,NA,NA,NA,NA,NA,NA,NA,NA,NA,NA,NA
"91","Najee Harris","PIT","RB","15254","robust",NA,NA,NA,NA,NA,NA,NA,NA,NA,NA,14.025,0.926624999999999,56.89,2.89107,0.385,0,0.046,0.0459606,0,NA,0,NA,1.9025,0.155673,12.7775,1.549317,0.09,0,NA,NA,NA,NA,NA,NA,NA,NA,NA,NA,NA,NA,NA,NA,NA,NA,NA,NA,NA,NA,NA,NA,NA,NA,NA,NA
"92","Devin Singletary","HOU","RB","14080","robust",NA,NA,NA,NA,NA,NA,NA,NA,NA,NA,12.9975,0.882147,53.625,6.501201,0.3,0.088956,0.092,0.0118608,0,NA,0,NA,2,0.00741299999999984,14.885,0.504084000000001,0.05,0.037065,NA,NA,NA,NA,NA,NA,NA,NA,NA,NA,NA,NA,NA,NA,NA,NA,NA,NA,NA,NA,NA,NA,NA,NA,NA,NA
"93","Jerome Ford","CLE","RB","15713","robust",NA,NA,NA,NA,NA,NA,NA,NA,NA,NA,12.5,0.7413,52.895,6.538266,0.21,0.029652,0.0795,0.022239,0.01,0,0,NA,2.8,0.29652,19.65,1.77912,0.105,0.00741300000000001,NA,NA,NA,NA,NA,NA,NA,NA,NA,NA,NA,NA,NA,NA,NA,NA,NA,NA,NA,NA,NA,NA,NA,NA,NA,NA
"94","Clyde Edwards-Helaire","KC","RB","14803","robust",NA,NA,NA,NA,NA,NA,NA,NA,NA,NA,12.7249628002644,0.518965152328036,50.72,3.054156,0.28,0.014826,0.09,0.014826,0,NA,0,NA,2,0.051891,15.1,2.290617,0.09,0.014826,NA,NA,NA,NA,NA,NA,NA,NA,NA,NA,NA,NA,NA,NA,NA,NA,NA,NA,NA,NA,NA,NA,NA,NA,NA,NA
"95","Breece Hall","NYJ","RB","15708","robust",NA,NA,NA,NA,NA,NA,NA,NA,NA,NA,12.14,1.430709,48.3275,5.196513,0.2,0,0.01875,0.0185325,0,NA,0,NA,4.125,0.459606000000001,34.995,3.27654600000001,0.19,0.014826,NA,NA,NA,NA,NA,NA,NA,NA,NA,NA,NA,NA,NA,NA,NA,NA,NA,NA,NA,NA,NA,NA,NA,NA,NA,NA
"96","DOnta Foreman","CHI","RB","13134","robust",NA,NA,NA,NA,NA,NA,NA,NA,NA,NA,11.4,0.889559999999999,50.195,4.121628,0.2,0.081543,0.0205,0.022239,0.03,0,0,NA,1.0775,0.155673,9,2.44629,0.03,0.022239,NA,NA,NA,NA,NA,NA,NA,NA,NA,NA,NA,NA,NA,NA,NA,NA,NA,NA,NA,NA,NA,NA,NA,NA,NA,NA
"97","Austin Ekeler","LAC","RB","13404","robust",NA,NA,NA,NA,NA,NA,NA,NA,NA,NA,13.0934801545737,0.148259999999999,52.05,2.2239,0.35,0.0741300000000001,0.132,0.0474432,0,NA,0,NA,4.2,0.29652,34.45,0.7413,0.16,0.029652,NA,NA,NA,NA,NA,NA,NA,NA,NA,NA,NA,NA,NA,NA,NA,NA,NA,NA,NA,NA,NA,NA,NA,NA,NA,NA
"98","Keaton Mitchell","BAL","RB","16178","robust",NA,NA,NA,NA,NA,NA,NA,NA,NA,NA,10.075,0.222389999999998,46.12,5.50785899999999,0.29,0.029652,0.046,0.0459606,0.01,0,0,NA,1.35,0.44478,12.1625,1.667925,0.05,0.044478,NA,NA,NA,NA,NA,NA,NA,NA,NA,NA,NA,NA,NA,NA,NA,NA,NA,NA,NA,NA,NA,NA,NA,NA,NA,NA
"99","Dameon Pierce","HOU","RB","15717","robust",NA,NA,NA,NA,NA,NA,NA,NA,NA,NA,8.89375251873491,1.55673,31.665,2.846592,0.19,0.014826,0.024,0.029652,0,NA,0,NA,1.01,0.14826,6.5725,1.504839,0,0,NA,NA,NA,NA,NA,NA,NA,NA,NA,NA,NA,NA,NA,NA,NA,NA,NA,NA,NA,NA,NA,NA,NA,NA,NA,NA
"100","Antonio Gibson","WAS","RB","14852","robust",NA,NA,NA,NA,NA,NA,NA,NA,NA,NA,10.2216954599313,0.805631377788146,43,4.81845,0.2,0.081543,0.086,0.0207564,0,NA,0.01,0,3.825,0.259455,30.32,2.868831,0.13,0.044478,NA,NA,NA,NA,NA,NA,NA,NA,NA,NA,NA,NA,NA,NA,NA,NA,NA,NA,NA,NA,NA,NA,NA,NA,NA,NA
"101","Gus Edwards","BAL","RB","13850","robust",NA,NA,NA,NA,NA,NA,NA,NA,NA,NA,8.65831506743395,0.7413,36.2775,4.010433,0.3775,0.066717,0.002,0.0029652,0.03,0,0,NA,0.7075,0.170499,6.2325,2.320269,0,0,NA,NA,NA,NA,NA,NA,NA,NA,NA,NA,NA,NA,NA,NA,NA,NA,NA,NA,NA,NA,NA,NA,NA,NA,NA,NA
"102","AJ Dillon","GB","RB","14805","robust",NA,NA,NA,NA,NA,NA,NA,NA,NA,NA,11.3999176572215,0.748468837193244,44.515,2.913309,0.24,0.059304,0,0,0,NA,0,NA,1.815,0.274281,15.1025,2.750223,0.05,0.037065,NA,NA,NA,NA,NA,NA,NA,NA,NA,NA,NA,NA,NA,NA,NA,NA,NA,NA,NA,NA,NA,NA,"Q","Thumb",2023,15
"103","Aaron Jones","GB","RB","13319","robust",NA,NA,NA,NA,NA,NA,NA,NA,NA,NA,10.175,1.26021,42.5,9.6369,0.22,0.103782,0.102,0.0029652,0,NA,0,NA,2.8325,0.200151,23.365,2.713158,0.1,0,NA,NA,NA,NA,NA,NA,NA,NA,NA,NA,NA,NA,NA,NA,NA,NA,NA,NA,NA,NA,NA,NA,"Q","Knee - MCL",2023,15
"104","Kareem Hunt","CLE","RB","13138","robust",NA,NA,NA,NA,NA,NA,NA,NA,NA,NA,9.78123747556702,0.750547681275657,39.65,4.89258,0.3125,0.185325,0,0,0,NA,0,NA,0.995,0.133434,6.5375,0.778365,0.0225,0.022239,NA,NA,NA,NA,NA,NA,NA,NA,NA,NA,NA,NA,NA,NA,NA,NA,NA,NA,NA,NA,NA,NA,NA,NA,NA,NA
"105","Jaylen Warren","PIT","RB","15742","robust",NA,NA,NA,NA,NA,NA,NA,NA,NA,NA,10.1888721567376,0.980188140420814,47.925,2.00151,0.265,0.051891,0.096,0.0059304,0,NA,0,NA,2.76,0.29652,20,0.882147000000001,0.0525,0.014826,NA,NA,NA,NA,NA,NA,NA,NA,NA,NA,NA,NA,NA,NA,NA,NA,NA,NA,NA,NA,NA,NA,NA,NA,NA,NA
"106","Tyler Allgeier","ATL","RB","15712","robust",NA,NA,NA,NA,NA,NA,NA,NA,NA,NA,10.4,1.32662546572904,41.85,5.137209,0.2,0,0,0,0,NA,0,NA,0.4075,0.392889,3.085,2.275791,0,0,NA,NA,NA,NA,NA,NA,NA,NA,NA,NA,NA,NA,NA,NA,NA,NA,NA,NA,NA,NA,NA,NA,NA,NA,NA,NA
"107","Zach Charbonnet","SEA","RB","16169","robust",NA,NA,NA,NA,NA,NA,NA,NA,NA,NA,9.05,0.219777738762936,38.01,4.314366,0.25,0.07413,0.002,0.0029652,0,NA,0,NA,1.9775,0.0667170000000001,14.075,2.89107,0.05,0.051891,NA,NA,NA,NA,NA,NA,NA,NA,NA,NA,NA,NA,NA,NA,NA,NA,NA,NA,NA,NA,NA,NA,NA,NA,NA,NA
"108","Miles Sanders","CAR","RB","14079","robust",NA,NA,NA,NA,NA,NA,NA,NA,NA,NA,8.87842852794331,0.680619364471243,36.215,4.129041,0.15,0.051891,0.096,0.0059304,0.03,0,0,NA,1.075,0.0741300000000001,8.3475,1.000755,0,0,NA,NA,NA,NA,NA,NA,NA,NA,NA,NA,NA,NA,NA,NA,NA,NA,NA,NA,NA,NA,NA,NA,NA,NA,NA,NA
"109","Rhamondre Stevenson","NE","RB","15259","robust",NA,NA,NA,NA,NA,NA,NA,NA,NA,NA,0,NA,27.4875,5.423845,0.236621246595649,0.0361964401351398,0.0125,0.012355,0,NA,0,NA,1.4775,0.274281,11.87,2.342508,0.011672813487882,0.0115374088514225,NA,NA,NA,NA,NA,NA,NA,NA,NA,NA,NA,NA,NA,NA,NA,NA,NA,NA,NA,NA,NA,NA,"O","Ankle",2023,15
"110","Khalil Herbert","CHI","RB","15271","robust",NA,NA,NA,NA,NA,NA,NA,NA,NA,NA,6.2,1.69670870257374,24.61,4.685016,0.1,0.014826,0.05,0.037065,0,NA,0,NA,1.3725,0.214977,9.25,0.867321,0.0325,0.029652,NA,NA,NA,NA,NA,NA,NA,NA,NA,NA,NA,NA,NA,NA,NA,NA,NA,NA,NA,NA,NA,NA,NA,NA,NA,NA
"111","Chris Rodriguez","WAS","RB","16174","robust",NA,NA,NA,NA,NA,NA,NA,NA,NA,NA,6.91988943618449,1.4826,28.77,6.81996,0.1475,0.037065,0.151,0.07413,0,NA,0,NA,1,0.467019,7.1425,3.7065,0.01,0,NA,NA,NA,NA,NA,NA,NA,NA,NA,NA,NA,NA,NA,NA,NA,NA,NA,NA,NA,NA,NA,NA,NA,NA,NA,NA
"112","Royce Freeman","FA","RB","13617","robust",NA,NA,NA,NA,NA,NA,NA,NA,NA,NA,5.95,0.889559999999999,24.0825,3.150525,0.175,0.037065,0.003,0.0044478,0,NA,0,NA,0.260357142857143,0.090015,1.985,0.274281,0.00357142857142857,0,NA,NA,NA,NA,NA,NA,NA,NA,NA,NA,NA,NA,NA,NA,NA,NA,NA,NA,NA,NA,NA,NA,NA,NA,NA,NA
"113","Royce Freeman","LAR","RB","13617","robust",NA,NA,NA,NA,NA,NA,NA,NA,NA,NA,5.95,0.889559999999999,24.0825,3.150525,0.175,0.037065,0.003,0.0044478,0,NA,0,NA,0.260357142857143,0.090015,1.985,0.274281,0.00357142857142857,0,NA,NA,NA,NA,NA,NA,NA,NA,NA,NA,NA,NA,NA,NA,NA,NA,NA,NA,NA,NA,NA,NA,NA,NA,NA,NA
"114","Ameer Abdullah","LVR","RB","12155","robust",NA,NA,NA,NA,NA,NA,NA,NA,NA,NA,5.965,1.40847,22.285,13.217379,0.05,0.07413,0,0,0,NA,0,NA,1.6,0.459606,13.1325,6.07866,0,0,NA,NA,NA,NA,NA,NA,NA,NA,NA,NA,NA,NA,NA,NA,NA,NA,NA,NA,NA,NA,NA,NA,NA,NA,NA,NA
"115","Rico Dowdle","DAL","RB","14823","robust",NA,NA,NA,NA,NA,NA,NA,NA,NA,NA,6.4521322991142,0.66084730666658,26.5,1.949619,0.175,0.014826,0.001,0.0014826,0,NA,0,NA,0.865,0.103782,5.68,0.585627,0.02,0.014826,NA,NA,NA,NA,NA,NA,NA,NA,NA,NA,NA,NA,NA,NA,NA,NA,NA,NA,NA,NA,NA,NA,NA,NA,NA,NA
"116","Jaleel McLaughlin","DEN","RB","16390","robust",NA,NA,NA,NA,NA,NA,NA,NA,NA,NA,4,0.434139732610462,17.57,1.512252,0.1,0.007413,0.001,0.0014826,0,NA,0,NA,1.7225,0.155673,10.75,1.92738,0.065,0.014826,NA,NA,NA,NA,NA,NA,NA,NA,NA,NA,NA,NA,NA,NA,NA,NA,NA,NA,NA,NA,NA,NA,NA,NA,NA,NA
"117","Tyjae Spears","TEN","RB","16165","robust",NA,NA,NA,NA,NA,NA,NA,NA,NA,NA,6.075,0.22239,26.435,2.475942,0.15,0.022239,0.002,0.0029652,0,NA,0.01,0,3.1,0.22239,23.8,2.957787,0.0525,0.022239,NA,NA,NA,NA,NA,NA,NA,NA,NA,NA,NA,NA,NA,NA,NA,NA,NA,NA,NA,NA,NA,NA,NA,NA,NA,NA
"118","Jamaal Williams","NO","RB","13139","robust",NA,NA,NA,NA,NA,NA,NA,NA,NA,NA,7,0.0178962861851873,29,2.349921,0.15,0.07413,0.0205,0.022239,0.03,0,0,NA,1,0.022239,6.1825,1.653099,0,0,NA,NA,NA,NA,NA,NA,NA,NA,NA,NA,NA,NA,NA,NA,NA,NA,NA,NA,NA,NA,NA,NA,"Q","Groin",2023,15
"119","Chris Evans","CIN","RB","15275","robust",NA,NA,NA,NA,NA,NA,NA,NA,NA,NA,4,2.9652,15.5,11.49015,0.1,0,0,0,0,NA,0,NA,1,0.7413,6,4.4478,0.1,0,NA,NA,NA,NA,NA,NA,NA,NA,NA,NA,NA,NA,NA,NA,NA,NA,NA,NA,NA,NA,NA,NA,NA,NA,NA,NA
"120","Chase Brown","CIN","RB","16181","robust",NA,NA,NA,NA,NA,NA,NA,NA,NA,NA,5.72769542831584,1.245384,21.135,6.019356,0.1,0.07413,0.002,0,0,NA,0,NA,1,0.14826,7.48,0.800604,0.0475,0.059304,NA,NA,NA,NA,NA,NA,NA,NA,NA,NA,NA,NA,NA,NA,NA,NA,NA,NA,NA,NA,NA,NA,NA,NA,NA,NA
"121","Dalvin Cook","NYJ","RB","13128","robust",NA,NA,NA,NA,NA,NA,NA,NA,NA,NA,5.62421451209944,0.743629128722729,20.975,3.48411,0.09,0.014826,0.107,0.0103782,0,NA,0,NA,1.095,0.14826,7.5325,1.356579,0,0,NA,NA,NA,NA,NA,NA,NA,NA,NA,NA,NA,NA,NA,NA,NA,NA,NA,NA,NA,NA,NA,NA,NA,NA,NA,NA
"122","Jerick McKinnon","KC","RB","11761","robust",NA,NA,NA,NA,NA,NA,NA,NA,NA,NA,4.76985080645782,2.097879,17.4,6.6717,0.15,0.037065,0,0,0,NA,0,NA,2.49,0.59304,20.05,3.891825,0.1,0.051891,NA,NA,NA,NA,NA,NA,NA,NA,NA,NA,NA,NA,NA,NA,NA,NA,NA,NA,NA,NA,NA,NA,NA,NA,NA,NA
"123","Latavius Murray","BUF","RB","11390","robust",NA,NA,NA,NA,NA,NA,NA,NA,NA,NA,5.8775,0.882147,24.2225,3.817695,0.2,0,0,0,0,NA,0,NA,1,0.14826,6.65,2.2239,0,0,NA,NA,NA,NA,NA,NA,NA,NA,NA,NA,NA,NA,NA,NA,NA,NA,NA,NA,NA,NA,NA,NA,NA,NA,NA,NA
"124","Jordan Mason","SF","RB","15972","robust",NA,NA,NA,NA,NA,NA,NA,NA,NA,NA,3.62738765614966,1.33434,15.9625,5.374425,0.1275,0.111195,0.001,0.0014826,0,NA,0,NA,0.275,0.140847,3.07,0.978516,0.005,0,NA,NA,NA,NA,NA,NA,NA,NA,NA,NA,NA,NA,NA,NA,NA,NA,NA,NA,NA,NA,NA,NA,NA,NA,NA,NA
"125","D'Ernest Johnson","JAC","RB","14331","robust",NA,NA,NA,NA,NA,NA,NA,NA,NA,NA,4.3,0.696822,17.7,3.11346,0.0525,0.022239,0,0,0,NA,0.01,0,0.95,0.044478,8.6175,1.727229,0,0,NA,NA,NA,NA,NA,NA,NA,NA,NA,NA,NA,NA,NA,NA,NA,NA,NA,NA,NA,NA,NA,NA,NA,NA,NA,NA
"126","Cordarrelle Patterson","ATL","RB","11225","robust",NA,NA,NA,NA,NA,NA,NA,NA,NA,NA,4.42,0.563388,18.2,2.335095,0.1,0.029652,0.001,0.0014826,0,NA,0.03,0,0.785,0.192738,4.5,0.474432,0.01,0,NA,NA,NA,NA,NA,NA,NA,NA,NA,NA,NA,NA,NA,NA,NA,NA,NA,NA,NA,NA,NA,NA,NA,NA,NA,NA
"127","Joshua Kelley","LAC","RB","14807","robust",NA,NA,NA,NA,NA,NA,NA,NA,NA,NA,4.975,1.282449,19.6175,4.203171,0.1,0,0.002,0.0029652,0,NA,0,NA,0.65,0.14826,3.8125,1.067472,0,0,NA,NA,NA,NA,NA,NA,NA,NA,NA,NA,NA,NA,NA,NA,NA,NA,NA,NA,NA,NA,NA,NA,NA,NA,NA,NA
"128","Kene Nwangwu","MIN","RB","15414","robust",NA,NA,NA,NA,NA,NA,NA,NA,NA,NA,4.805,1.275036,16.15,3.40998,0.1,0,0.011,0.014826,0,NA,0,NA,0.7,0.44478,5.1725,0.696822,0,0,NA,NA,NA,NA,NA,NA,NA,NA,NA,NA,NA,NA,NA,NA,NA,NA,NA,NA,NA,NA,NA,NA,NA,NA,NA,NA
"129","Michael Carter","ARI","RB","15258","robust",NA,NA,NA,NA,NA,NA,NA,NA,NA,NA,1.89925933781077,0.59304,7.965,2.81694,0.0375,0,0.001,0,0,NA,0,NA,1.2,0.726474,7.275,2.66868,0,0,NA,NA,NA,NA,NA,NA,NA,NA,NA,NA,NA,NA,NA,NA,NA,NA,NA,NA,NA,NA,NA,NA,NA,NA,NA,NA
"130","Jeffery Wilson","MIA","RB","14017","robust",NA,NA,NA,NA,NA,NA,NA,NA,NA,NA,2.5698492003367,NA,12.445,5.495504,0.1,0,0.0025,0.007413,0,NA,0,NA,0.745,0.2471,4.8725,1.586382,0.003,0,NA,NA,NA,NA,NA,NA,NA,NA,NA,NA,NA,NA,NA,NA,NA,NA,NA,NA,NA,NA,NA,NA,NA,NA,NA,NA
"131","Justice Hill","BAL","RB","14086","robust",NA,NA,NA,NA,NA,NA,NA,NA,NA,NA,2.26428329701988,0.311346,9.995,1.875489,0.07,0.007413,0.044,0.0504084,0,NA,0,NA,1.05,0.14826,6.925,1.55673,0,0,NA,NA,NA,NA,NA,NA,NA,NA,NA,NA,NA,NA,NA,NA,NA,NA,NA,NA,NA,NA,NA,NA,NA,NA,NA,NA
"132","Chase Edmonds","TB","RB","13726","robust",NA,NA,NA,NA,NA,NA,NA,NA,NA,NA,4.4,0.533735999999999,17.685,4.4478,0.085,0.029652,0,0,0,NA,0,NA,1.03,0.0889560000000001,6.9625,1.26021,0,0,NA,NA,NA,NA,NA,NA,NA,NA,NA,NA,NA,NA,NA,NA,NA,NA,NA,NA,NA,NA,NA,NA,NA,NA,NA,NA
"133","Kenneth Gainwell","PHI","RB","15255","robust",NA,NA,NA,NA,NA,NA,NA,NA,NA,NA,4.62,0.563388,20.19,1.163841,0.135,0.051891,0.0205,0.022239,0.03,0,0,NA,1.75,0.311346,12.625,1.756881,0,0,NA,NA,NA,NA,NA,NA,NA,NA,NA,NA,NA,NA,NA,NA,NA,NA,NA,NA,NA,NA,NA,NA,NA,NA,NA,NA
"134","Trey Sermon","IND","RB","15257","robust",NA,NA,NA,NA,NA,NA,NA,NA,NA,NA,5.355,0.51891,20.155,2.37216,0.1,0.066717,0.001,0,0,NA,0,NA,0.4,0.266868,2.9,2.327682,0.01,0,NA,NA,NA,NA,NA,NA,NA,NA,NA,NA,NA,NA,NA,NA,NA,NA,NA,NA,NA,NA,NA,NA,NA,NA,NA,NA
"135","Samaje Perine","DEN","RB","13133","robust",NA,NA,NA,NA,NA,NA,NA,NA,NA,NA,2.92809433731166,1.008168,13.41,5.648706,0.075,0.014826,0.062,0.059304,0,NA,0,NA,2.85,0.14826,22.6325,0.830256000000001,0.095,0.00741300000000001,NA,NA,NA,NA,NA,NA,NA,NA,NA,NA,NA,NA,NA,NA,NA,NA,NA,NA,NA,NA,NA,NA,NA,NA,NA,NA
"136","Roschon Johnson","CHI","RB","16175","robust",NA,NA,NA,NA,NA,NA,NA,NA,NA,NA,3.45635330703691,0.496671,15.0375,1.297275,0.09,0.00741300000000001,0.001,0.0014826,0,NA,0,NA,1.455,0.311346,9.575,0.259455000000001,0.04,0.037065,NA,NA,NA,NA,NA,NA,NA,NA,NA,NA,NA,NA,NA,NA,NA,NA,NA,NA,NA,NA,NA,NA,NA,NA,NA,NA
"137","Ty Johnson","BUF","RB","14095","robust",NA,NA,NA,NA,NA,NA,NA,NA,NA,NA,3.675,0.66717,13.9,2.601963,0.08,0.014826,0.012,0.014826,0,NA,0,NA,0.8,0.051891,6.2,0.859908,0.02,0.022239,NA,NA,NA,NA,NA,NA,NA,NA,NA,NA,NA,NA,NA,NA,NA,NA,NA,NA,NA,NA,NA,NA,NA,NA,NA,NA
"138","Emari Demercado","ARI","RB","16385","robust",NA,NA,NA,NA,NA,NA,NA,NA,NA,NA,3.8,0.59304,13.45,3.40998,0.07,0,0.001,0,0,NA,0,NA,0.8,0.355824,4.86,1.77912,0,0,NA,NA,NA,NA,NA,NA,NA,NA,NA,NA,NA,NA,NA,NA,NA,NA,NA,NA,NA,NA,NA,NA,NA,NA,NA,NA
"139","Pierre Strong Jr.","CLE","RB","15733","robust",NA,NA,NA,NA,NA,NA,NA,NA,NA,NA,2.29536899196735,0.865579423321048,9.8975,2.312856,0.085,0,0.001,0,0,NA,0,NA,0.3,0.07413,2.625,0.88956,0,0,NA,NA,NA,NA,NA,NA,NA,NA,NA,NA,NA,NA,NA,NA,NA,NA,NA,NA,NA,NA,NA,NA,NA,NA,NA,NA
"140","Matt Breida","NYG","RB","13378","robust",NA,NA,NA,NA,NA,NA,NA,NA,NA,NA,3.425,0.29652,13.65,2.2239,0.0825,0,0,0,0,NA,0,NA,0.7575,0.133434,5.075,0.148259999999999,0,0,NA,NA,NA,NA,NA,NA,NA,NA,NA,NA,NA,NA,NA,NA,NA,NA,NA,NA,NA,NA,NA,NA,NA,NA,NA,NA
"141","Isaiah Spiller","LAC","RB","15709","robust",NA,NA,NA,NA,NA,NA,NA,NA,NA,NA,4.14,0.26545636188131,14.5,2.008923,0.05,0.037065,0.001,0,0,NA,0,NA,0.4,0,2.15,0.407715,0.005,0,NA,NA,NA,NA,NA,NA,NA,NA,NA,NA,NA,NA,NA,NA,NA,NA,NA,NA,NA,NA,NA,NA,NA,NA,NA,NA
"142","Boston Scott","PHI","RB","13814","robust",NA,NA,NA,NA,NA,NA,NA,NA,NA,NA,2.6197287395252,0.44478,11,1.4826,0.1,0,0.001,0,0,NA,0,NA,0.335,0.237216,2.6,0.88956,0,0,NA,NA,NA,NA,NA,NA,NA,NA,NA,NA,NA,NA,NA,NA,NA,NA,NA,NA,NA,NA,NA,NA,NA,NA,NA,NA
"143","Tank Bigsby","JAC","RB","16164","robust",NA,NA,NA,NA,NA,NA,NA,NA,NA,NA,1.64547844827586,0.785778,7.2725,6.22692,0.05,0.014826,0.0615,0.0830256,0,NA,0,NA,0.235833333333333,0.088956,1.7125,0.348411,0.00259181678837145,0,NA,NA,NA,NA,NA,NA,NA,NA,NA,NA,NA,NA,NA,NA,NA,NA,NA,NA,NA,NA,NA,NA,NA,NA,NA,NA
"144","Craig Reynolds","DET","RB","14727","robust",NA,NA,NA,NA,NA,NA,NA,NA,NA,NA,0.345512820512821,NA,7.125,4.781385,0.035,0.0443224825174825,0.00125,0,0,NA,0,NA,0.3925,0.2854005,3.15,2.14977,0.00238636363636364,0,NA,NA,NA,NA,NA,NA,NA,NA,NA,NA,NA,NA,NA,NA,NA,NA,NA,NA,NA,NA,NA,NA,NA,NA,NA,NA
"145","JaMycal Hasty","NE","RB","14821","robust",NA,NA,NA,NA,NA,NA,NA,NA,NA,NA,2.3,2.37216,7.1,8.00604,0.07,0,0,0,0,NA,0,NA,0.6,0.29652,4.25,1.70499,0,0,NA,NA,NA,NA,NA,NA,NA,NA,NA,NA,NA,NA,NA,NA,NA,NA,NA,NA,NA,NA,NA,NA,NA,NA,NA,NA
"146","Patrick Taylor","GB","RB","14817","robust",NA,NA,NA,NA,NA,NA,NA,NA,NA,NA,1.25,0.96369,7.15,0.37065,0.015,0,0.00125,0,0,NA,0,NA,0.6,0,4.1,0.148259999999999,0.015,0,NA,NA,NA,NA,NA,NA,NA,NA,NA,NA,NA,NA,NA,NA,NA,NA,NA,NA,NA,NA,NA,NA,NA,NA,NA,NA
"147","Jonathan Williams","WAS","RB","12635","robust",NA,NA,NA,NA,NA,NA,NA,NA,NA,NA,0,0,6.755,0,0.015,0,0.0125,0,0,NA,0,NA,0.5725,0.14826,4.575,0.14826,0.0075,0,NA,NA,NA,NA,NA,NA,NA,NA,NA,NA,NA,NA,NA,NA,NA,NA,NA,NA,NA,NA,NA,NA,NA,NA,NA,NA
"148","Myles Gaskin","FA","RB","14081","robust",NA,NA,NA,NA,NA,NA,NA,NA,NA,NA,2.5,0.00468081353919226,9.9775,0.0222390000000008,0.0775,0.029652,0.005,0.004942,0,NA,0,NA,0.5,0.096369,3.1,0.348411,0.01,0.014826,NA,NA,NA,NA,NA,NA,NA,NA,NA,NA,NA,NA,NA,NA,NA,NA,NA,NA,NA,NA,NA,NA,NA,NA,NA,NA
"149","Tyler Goodson","IND","RB","15730","robust",NA,NA,NA,NA,NA,NA,NA,NA,NA,NA,0.8,0.22239,6.5,2.438877,0.04,0.044478,0,0,0,NA,0,NA,1.04,0.0593040000000001,8.09,0.207564000000001,0,0,NA,NA,NA,NA,NA,NA,NA,NA,NA,NA,NA,NA,NA,NA,NA,NA,NA,NA,NA,NA,NA,NA,NA,NA,NA,NA
"150","Israel Abanikanda","NYJ","RB","16168","robust",NA,NA,NA,NA,NA,NA,NA,NA,NA,NA,1.77840670553936,1.082298,6.43,0,0.02,0,0.00125,0,0,NA,0,NA,0.435,0,2.4,0.59304,0.005,0,NA,NA,NA,NA,NA,NA,NA,NA,NA,NA,NA,NA,NA,NA,NA,NA,NA,NA,NA,NA,NA,NA,NA,NA,NA,NA
"151","Kevin Harris","NE","RB","15719","robust",NA,NA,NA,NA,NA,NA,NA,NA,NA,NA,1.2,0.0741299999999999,4.8,1.33434,0,0,0,0,0,NA,0,NA,0.1,0.07413,0.8,0.59304,0,0,NA,NA,NA,NA,NA,NA,NA,NA,NA,NA,NA,NA,NA,NA,NA,NA,NA,NA,NA,NA,NA,NA,NA,NA,NA,NA
"152","Dare Ogunbowale","HOU","RB","13148","robust",NA,NA,NA,NA,NA,NA,NA,NA,NA,NA,1.465,0.00141724384057996,5.505,0.266868,0.015,0,0,0,0,NA,0.01,0,0.7,0.118608,4.925,0.963689999999999,0.01,0,NA,NA,NA,NA,NA,NA,NA,NA,NA,NA,NA,NA,NA,NA,NA,NA,NA,NA,NA,NA,NA,NA,NA,NA,NA,NA
"153","Jeremy McNichols","SF","RB","13143","robust",NA,NA,NA,NA,NA,NA,NA,NA,NA,NA,0,0,5.26,0,0.0125,0,0,0,0,NA,0,NA,0.6225,0,4.1325,0,0.0075,0,NA,NA,NA,NA,NA,NA,NA,NA,NA,NA,NA,NA,NA,NA,NA,NA,NA,NA,NA,NA,NA,NA,NA,NA,NA,NA
"154","Trayveon Williams","CIN","RB","14076","robust",NA,NA,NA,NA,NA,NA,NA,NA,NA,NA,0.607456538130116,NA,4.508,1.7776374,0.00501516466621876,0.007413,0.0025,0.0037065,0,NA,0,NA,0.27,0.0800604,1.65,0.4699842,0.005,0.0027106402978542,NA,NA,NA,NA,NA,NA,NA,NA,NA,NA,NA,NA,NA,NA,NA,NA,NA,NA,NA,NA,NA,NA,NA,NA,NA,NA
"155","Deneric Prince","KC","RB","16380","robust",NA,NA,NA,NA,NA,NA,NA,NA,NA,NA,0,0,4.7375,0,0.0125,0,0.0025,0,0,NA,0,NA,0.255,0,1.02,0,0.0025,0,NA,NA,NA,NA,NA,NA,NA,NA,NA,NA,NA,NA,NA,NA,NA,NA,NA,NA,NA,NA,NA,NA,NA,NA,NA,NA
"156","Kenny McIntosh","SEA","RB","16170","robust",NA,NA,NA,NA,NA,NA,NA,NA,NA,NA,0.238116438356164,0.235354287671233,3.5675,1.549317,0.0225,0.022239,0,0,0,NA,0,NA,0.3,0.07413,1.9,0.29652,0,0,NA,NA,NA,NA,NA,NA,NA,NA,NA,NA,NA,NA,NA,NA,NA,NA,NA,NA,NA,NA,NA,NA,NA,NA,NA,NA
"157","Godwin Igwebuike","FA","RB","14011","robust",NA,NA,NA,NA,NA,NA,NA,NA,NA,NA,0.55,0.59304,2.3,1.4826,0.025,0,0,0,0,NA,0,NA,0.2,0,1.15,0.29652,0,0,NA,NA,NA,NA,NA,NA,NA,NA,NA,NA,NA,NA,NA,NA,NA,NA,NA,NA,NA,NA,NA,NA,NA,NA,NA,NA
"158","Godwin Igwebuike","PIT","RB","14011","robust",NA,NA,NA,NA,NA,NA,NA,NA,NA,NA,0.55,0.59304,2.3,1.4826,0.025,0,0,0,0,NA,0,NA,0.2,0,1.15,0.29652,0,0,NA,NA,NA,NA,NA,NA,NA,NA,NA,NA,NA,NA,NA,NA,NA,NA,NA,NA,NA,NA,NA,NA,NA,NA,NA,NA
"159","Chris Brooks","MIA","RB","16387","robust",NA,NA,NA,NA,NA,NA,NA,NA,NA,NA,0.351375,0.37472715,3.85,0.44478,0,0,0,0,0,NA,0,NA,0.1575,0.07413,0.8425,0.29652,0,0,NA,NA,NA,NA,NA,NA,NA,NA,NA,NA,NA,NA,NA,NA,NA,NA,NA,NA,NA,NA,NA,NA,NA,"Ankle",2023,15
"160","Zach Evans","LAR","RB","16163","robust",NA,NA,NA,NA,NA,NA,NA,NA,NA,NA,0.280384615384615,0.277132153846154,3.5375,1.519665,0.0225,0.022239,0,0,0,NA,0,NA,0.1,0,0.45,0.22239,0,0,NA,NA,NA,NA,NA,NA,NA,NA,NA,NA,NA,NA,NA,NA,NA,NA,NA,NA,NA,NA,NA,NA,NA,NA,NA,NA
"161","Jonathan Ward","TEN","RB","15042","robust",NA,NA,NA,NA,NA,NA,NA,NA,NA,NA,0,0,4.075,0.148259999999999,0.0125,0,0.0025,0,0,NA,0,NA,0.2675,0,2.105,0,0.005,0,NA,NA,NA,NA,NA,NA,NA,NA,NA,NA,NA,NA,NA,NA,NA,NA,NA,NA,NA,NA,NA,NA,NA,NA,NA,NA
"162","DeeJay Dallas","SEA","RB","14815","robust",NA,NA,NA,NA,NA,NA,NA,NA,NA,NA,0.4318506349548,NA,3.296,1.6946118,0.00550936292947864,0.007413,0,0,0,NA,0.01,0,0.442,0.1423296,2.6,0.59304,0.005,0.0049849736567093,NA,NA,NA,NA,NA,NA,NA,NA,NA,NA,NA,NA,NA,NA,NA,NA,NA,NA,NA,NA,NA,NA,NA,NA,NA,NA
"163","Raheem Blackshear","CAR","RB","15973","robust",NA,NA,NA,NA,NA,NA,NA,NA,NA,NA,1.39025719791248,0.259455,5.08,0.44478,0.05,0.051891,0,0,0,NA,0.01,0,0.5,0.103782,3.75,1.000755,0.005,0,NA,NA,NA,NA,NA,NA,NA,NA,NA,NA,NA,NA,NA,NA,NA,NA,NA,NA,NA,NA,NA,NA,NA,NA,NA,NA
"164","Deuce Vaughn","DAL","RB","16176","robust",NA,NA,NA,NA,NA,NA,NA,NA,NA,NA,0.785,0.252042,1.915,0.859908,0.0025,0,0,0,0,NA,0,NA,0.355,0.237216,2.16,1.438122,0.0025,0,NA,NA,NA,NA,NA,NA,NA,NA,NA,NA,NA,NA,NA,NA,NA,NA,NA,NA,NA,NA,NA,NA,NA,NA,NA,NA
"165","Brandon Bolden","LVR","RB","10932","robust",NA,NA,NA,NA,NA,NA,NA,NA,NA,NA,0.95,0.0741300000000001,3.3,0.7413,0.01,0,0.01875,0.02038575,0,NA,0,NA,0.355,0.22239,4.45,2.290617,0.005,0,NA,NA,NA,NA,NA,NA,NA,NA,NA,NA,NA,NA,NA,NA,NA,NA,NA,NA,NA,NA,NA,NA,NA,NA,NA,NA
"166","C.J. Ham","MIN","RB","12923","robust",NA,NA,NA,NA,NA,NA,NA,NA,NA,NA,0.54,0.29652,2,0.837669,0.005,0.00325963183098592,0,0,0,NA,0,NA,0.71,0.066717,3.745,1.03782,0.01,0,NA,NA,NA,NA,NA,NA,NA,NA,NA,NA,NA,NA,NA,NA,NA,NA,NA,NA,NA,NA,NA,NA,NA,NA,NA,NA
"167","Kyle Juszczyk","SF","RB","11367","robust",NA,NA,NA,NA,NA,NA,NA,NA,NA,NA,0.3,0.264352120726496,1.085,0.252042,0,0,0,0,0,NA,0,NA,0.7675,0.266868,5.57,0.770952000000001,0.1,0.088956,NA,NA,NA,NA,NA,NA,NA,NA,NA,NA,NA,NA,NA,NA,NA,NA,NA,NA,NA,NA,NA,NA,NA,NA,NA,NA
"168","Sean Tucker","TB","RB","16166","robust",NA,NA,NA,NA,NA,NA,NA,NA,NA,NA,1.39166666666667,1.43318,2.87,1.008168,0.005,0,0,0,0,NA,0,NA,0.1775,0.014826,0.67,0.459606,0.0025,0,NA,NA,NA,NA,NA,NA,NA,NA,NA,NA,NA,NA,NA,NA,NA,NA,NA,NA,NA,NA,NA,NA,NA,NA,NA,NA
"169","Hunter Luepke","DAL","RB","16391","robust",NA,NA,NA,NA,NA,NA,NA,NA,NA,NA,0.4,NA,1.525,0.81543,0.200595238095238,0.07413,0,0,0,NA,0,NA,0.2,0.22239,1.675,1.40847,0,0,NA,NA,NA,NA,NA,NA,NA,NA,NA,NA,NA,NA,NA,NA,NA,NA,NA,NA,NA,NA,NA,NA,NA,NA,NA,NA
"170","Mike Boone","HOU","RB","13868","robust",NA,NA,NA,NA,NA,NA,NA,NA,NA,NA,1,NA,3,0,0,0,0,0,NA,NA,NA,NA,0.4,0,2,0,0,0,NA,NA,NA,NA,NA,NA,NA,NA,NA,NA,NA,NA,NA,NA,NA,NA,NA,NA,NA,NA,NA,NA,NA,NA,NA,NA
"171","Adam Prentice","NO","RB","15650","robust",NA,NA,NA,NA,NA,NA,NA,NA,NA,NA,0.55,0.81543,1.6,2.07564,0,0,0.1,0.14826,NA,NA,NA,NA,0.35,0.37065,1.7,1.92738,0,0,NA,NA,NA,NA,NA,NA,NA,NA,NA,NA,NA,NA,NA,NA,NA,NA,NA,NA,NA,NA,NA,NA,NA,NA,NA,NA
"172","Nick Bawden","NYJ","RB","13838","robust",NA,NA,NA,NA,NA,NA,NA,NA,NA,NA,0.2925,0.14826,1.045,0.192738,0.0075,0.007413,0,0,0,NA,0,NA,0.2075,0.00741300000000001,1.4925,0.437367,0,0,NA,NA,NA,NA,NA,NA,NA,NA,NA,NA,NA,NA,NA,NA,NA,NA,NA,NA,NA,NA,NA,NA,"Q","Knee",2023,15
"173","Michael Burton","DEN","RB","12325","robust",NA,NA,NA,NA,NA,NA,NA,NA,NA,NA,0.65,0.0741300000000001,1.595,0.59304,0,0,0,0,0,NA,0,NA,0.2,0,1.3,0.696822,0,0,NA,NA,NA,NA,NA,NA,NA,NA,NA,NA,NA,NA,NA,NA,NA,NA,NA,NA,NA,NA,NA,NA,NA,NA,NA,NA
"174","Andrew Beck","HOU","RB","14319","robust",NA,NA,NA,NA,NA,NA,NA,NA,NA,NA,0.235,0.192738,1.465,0.504084,0.0025,0,0,0,0,NA,0,NA,0.5575,0.400302,3.9,3.11346,0.0025,0,NA,NA,NA,NA,NA,NA,NA,NA,NA,NA,NA,NA,NA,NA,NA,NA,NA,NA,NA,NA,NA,NA,NA,NA,NA,NA
"175","Travis Homer","CHI","RB","14083","robust",NA,NA,NA,NA,NA,NA,NA,NA,NA,NA,0.0945,NA,0.89,0.501613,0.00379188712522046,0.0038307037037037,0,0,0,NA,0,NA,0.2325,0.032123,1.8475,0.365708,0.00392285298398835,0.00387734788937409,NA,NA,NA,NA,NA,NA,NA,NA,NA,NA,NA,NA,NA,NA,NA,NA,NA,NA,NA,NA,NA,NA,NA,NA,NA,NA
"176","Keith Smith","ATL","RB","12040","robust",NA,NA,NA,NA,NA,NA,NA,NA,NA,NA,0.25,0,1.2075,0.14826,0.0025,0,0,0,0,NA,0,NA,0.2625,0.07413,1.92,0.207564,0.0025,0,NA,NA,NA,NA,NA,NA,NA,NA,NA,NA,NA,NA,NA,NA,NA,NA,NA,NA,NA,NA,NA,NA,NA,NA,NA,NA
"177","Khari Blasingame","CHI","RB","14552","robust",NA,NA,NA,NA,NA,NA,NA,NA,NA,NA,0.2,NA,0.845,0.659757,0.00413759689922481,0.0048558023255814,0,0,0,NA,0,NA,0.145,0.014826,1.19,0.237216,0.0025,0,NA,NA,NA,NA,NA,NA,NA,NA,NA,NA,NA,NA,NA,NA,NA,NA,NA,NA,NA,NA,NA,NA,NA,NA,NA,NA
"178","Patrick Ricard","BAL","RB","13455","robust",NA,NA,NA,NA,NA,NA,NA,NA,NA,NA,0.233333333333333,0.04942,0.4,0.51891,0.00333333333333333,0.004942,0,0,0,NA,0,NA,0.27,0.088956,2,0,0.005,0,NA,NA,NA,NA,NA,NA,NA,NA,NA,NA,NA,NA,NA,NA,NA,NA,NA,NA,NA,NA,NA,NA,NA,NA,NA,NA
"179","Darrynton Evans","MIA","RB","14808","robust",NA,NA,NA,NA,NA,NA,NA,NA,NA,NA,0.1,NA,0.74,0.138376,0.00169540229885057,0.00167573563218391,0,0,0,NA,0,NA,0.265,0.064246,2.1325,0.427483,0.00331875607385811,0.00328025850340136,NA,NA,NA,NA,NA,NA,NA,NA,NA,NA,NA,NA,NA,NA,NA,NA,NA,NA,NA,NA,NA,NA,NA,NA,NA,NA
"180","Alec Ingold","MIA","RB","14420","robust",NA,NA,NA,NA,NA,NA,NA,NA,NA,NA,0.145,NA,0.735,0.44478,0.005,0.00243848684210526,0,0,0,NA,0,NA,0.745,0.22239,4.95,0.0741299999999997,0.01,0,NA,NA,NA,NA,NA,NA,NA,NA,NA,NA,NA,NA,NA,NA,NA,NA,NA,NA,NA,NA,NA,NA,NA,NA,NA,NA
"181","Dwayne Washington","DEN","RB","12845","robust",NA,NA,NA,NA,NA,NA,NA,NA,NA,NA,0,0,0.595,0.289107,0,0,0,0,NA,NA,NA,NA,0.305,0.155673,2.725,1.371405,0.005,0.007413,NA,NA,NA,NA,NA,NA,NA,NA,NA,NA,NA,NA,NA,NA,NA,NA,NA,NA,NA,NA,NA,NA,NA,NA,NA,NA
"182","Tyreek Hill","MIA","WR","12801","robust",NA,NA,NA,NA,NA,NA,NA,NA,NA,NA,0.340833333333333,0.0679525,1.7375,0.378063,0,0,0.05,0.037065,0,NA,0,NA,6,0.44478,85.5975,3.550827,0.565,0.14826,NA,NA,NA,NA,NA,NA,NA,NA,NA,NA,NA,NA,NA,NA,NA,NA,NA,NA,NA,NA,NA,NA,"Q","Ankle",2023,15
"183","CeeDee Lamb","DAL","WR","14832","robust",NA,NA,NA,NA,NA,NA,NA,NA,NA,NA,0.5475,0.07413,4.05,1.40847,0.01,0,0.05,0.037065,0,NA,0,NA,7.15,0.222390000000001,90.6925,1.77912,0.6,0.081543,NA,NA,NA,NA,NA,NA,NA,NA,NA,NA,NA,NA,NA,NA,NA,NA,NA,NA,NA,NA,NA,NA,NA,NA,NA,NA
"184","Justin Jefferson","MIN","WR","14836","robust",NA,NA,NA,NA,NA,NA,NA,NA,NA,NA,0.02,0.029652,0.434285714285714,0.37065,0,0,0.01875,0.0185325,0,NA,0,NA,5.85,0.252042,83.905,3.224655,0.35,0.07413,NA,NA,NA,NA,NA,NA,NA,NA,NA,NA,NA,NA,NA,NA,NA,NA,NA,NA,NA,NA,NA,NA,"Q","Chest",2023,15
"185","Puka Nacua","LAR","WR","16211","robust",NA,NA,NA,NA,NA,NA,NA,NA,NA,NA,0.431666666666667,0.046949,3.2075,0.763539,0,0,0,0,0,NA,0.01,0,5.375,0.51891,76.305,7.14613200000001,0.5,0.103782,NA,NA,NA,NA,NA,NA,NA,NA,NA,NA,NA,NA,NA,NA,NA,NA,NA,NA,NA,NA,NA,NA,NA,NA,NA,NA
"186","A.J. Brown","PHI","WR","14104","robust",NA,NA,NA,NA,NA,NA,NA,NA,NA,NA,0,0,0.0185714285714286,0,0,0,0.05,0.037065,0,NA,0,NA,6.05,0.140847,83.675,5.315121,0.55,0.037065,NA,NA,NA,NA,NA,NA,NA,NA,NA,NA,NA,NA,NA,NA,NA,NA,NA,NA,NA,NA,NA,NA,NA,NA,NA,NA
"187","Brandon Aiyuk","SF","WR","14840","robust",NA,NA,NA,NA,NA,NA,NA,NA,NA,NA,0.01,0.014826,0.221428571428571,0.252042,0,0,0.05,0.037065,0,NA,0,NA,5.2925,0.340998,82.35,4.15128,0.5,0.081543,NA,NA,NA,NA,NA,NA,NA,NA,NA,NA,NA,NA,NA,NA,NA,NA,NA,NA,NA,NA,NA,NA,NA,NA,NA,NA
"188","Amon-Ra St. Brown","DET","WR","15287","robust",NA,NA,NA,NA,NA,NA,NA,NA,NA,NA,0.271666666666667,0.042007,1.7,0.7413,0,0,0.01875,0.0185325,0,NA,0,NA,6.525,0.452192999999999,77.85,3.92889000000001,0.4,0.00741300000000001,NA,NA,NA,NA,NA,NA,NA,NA,NA,NA,NA,NA,NA,NA,NA,NA,NA,NA,NA,NA,NA,NA,NA,NA,NA,NA
"189","Stefon Diggs","BUF","WR","12186","robust",NA,NA,NA,NA,NA,NA,NA,NA,NA,NA,0,0,0,0,0,0,0.01875,0.0185325,0,NA,0,NA,5.905,0.748713,71.795,5.12979599999999,0.41,0.118608,NA,NA,NA,NA,NA,NA,NA,NA,NA,NA,NA,NA,NA,NA,NA,NA,NA,NA,NA,NA,NA,NA,NA,NA,NA,NA
"190","Deebo Samuel","SF","WR","14136","robust",NA,NA,NA,NA,NA,NA,NA,NA,NA,NA,2.95,0.0974150128946782,15.9,1.18608,0.2425,0.14826,0.095,0.00741300000000001,0,NA,0,NA,4.86,0.207564,69.35,7.413,0.355,0.0815429999999999,NA,NA,NA,NA,NA,NA,NA,NA,NA,NA,NA,NA,NA,NA,NA,NA,NA,NA,NA,NA,NA,NA,NA,NA,NA,NA
"191","Davante Adams","LVR","WR","11675","robust",NA,NA,NA,NA,NA,NA,NA,NA,NA,NA,0.098,0.0029652,0.25,0.37065,0.000833333333333333,0,0,0,0,NA,0,NA,5.395,0.570801000000001,70.22,9.61466100000001,0.39,0,NA,NA,NA,NA,NA,NA,NA,NA,NA,NA,NA,NA,NA,NA,NA,NA,NA,NA,NA,NA,NA,NA,NA,NA,NA,NA
"192","DeVonta Smith","PHI","WR","15282","robust",NA,NA,NA,NA,NA,NA,NA,NA,NA,NA,0,0,0,0,0,0,0.05,0.037065,0,NA,0,NA,5.1,0.14826,67.8275,3.973368,0.4,0.111195,NA,NA,NA,NA,NA,NA,NA,NA,NA,NA,NA,NA,NA,NA,NA,NA,NA,NA,NA,NA,NA,NA,NA,NA,NA,NA
"193","DeAndre Hopkins","TEN","WR","11232","robust",NA,NA,NA,NA,NA,NA,NA,NA,NA,NA,0.133333333333333,0.09884,1.1,0.578214,0,0,0,0,0,NA,0,NA,4.88,0.177912,68.575,2.2239,0.4,0.14826,NA,NA,NA,NA,NA,NA,NA,NA,NA,NA,NA,NA,NA,NA,NA,NA,NA,NA,NA,NA,NA,NA,NA,NA,NA,NA
"194","DK Metcalf","SEA","WR","14102","robust",NA,NA,NA,NA,NA,NA,NA,NA,NA,NA,0,0,0.05,0.041301,0,0,0,0,0,NA,0,NA,4.9425,0.541149,69.61,4.729494,0.5,0.059304,NA,NA,NA,NA,NA,NA,NA,NA,NA,NA,NA,NA,NA,NA,NA,NA,NA,NA,NA,NA,NA,NA,NA,NA,NA,NA
"195","Cooper Kupp","LAR","WR","13164","robust",NA,NA,NA,NA,NA,NA,NA,NA,NA,NA,0.138,0.0563388,1.37,0.696822,0.00285714285714286,0,0,0,0,NA,0,NA,5.2075,0.244629,71.1175,6.52344000000001,0.55,0.118608,NA,NA,NA,NA,NA,NA,NA,NA,NA,NA,NA,NA,NA,NA,NA,NA,NA,NA,NA,NA,NA,NA,NA,NA,NA,NA
"196","Ja'Marr Chase","CIN","WR","15281","robust",NA,NA,NA,NA,NA,NA,NA,NA,NA,NA,0.0458333333333333,0.061775,0.475,0.59304,0,0,0.01875,0.0185325,0,NA,0,NA,5.875,0.29652,71.795,2.920722,0.4025,0.00741299999999996,NA,NA,NA,NA,NA,NA,NA,NA,NA,NA,NA,NA,NA,NA,NA,NA,NA,NA,NA,NA,NA,NA,NA,NA,NA,NA
"197","Garrett Wilson","NYJ","WR","15753","robust",NA,NA,NA,NA,NA,NA,NA,NA,NA,NA,0.128333333333333,0.106253,0.715,0.400302,0,0,0.05,0.037065,0,NA,0,NA,5.55,0.59304,67.4,5.33735999999999,0.25,0.037065,NA,NA,NA,NA,NA,NA,NA,NA,NA,NA,NA,NA,NA,NA,NA,NA,NA,NA,NA,NA,NA,NA,NA,NA,NA,NA
"198","Nico Collins","HOU","WR","15290","robust",NA,NA,NA,NA,NA,NA,NA,NA,NA,NA,0,0,0,0,0,0,0,0,0,NA,0,NA,4.1,0.889559999999999,66.8,15.12252,0.295763847459961,0.135698960488275,NA,NA,NA,NA,NA,NA,NA,NA,NA,NA,NA,NA,NA,NA,NA,NA,NA,NA,NA,NA,NA,NA,"Q","Calf",2023,15
"199","Michael Pittman","IND","WR","14842","robust",NA,NA,NA,NA,NA,NA,NA,NA,NA,NA,0.01,0.014826,0.117142857142857,0.14826,0,0,0,0,0,NA,0,NA,6.37,0.363237,74.7825,1.31210100000001,0.375,0.022239,NA,NA,NA,NA,NA,NA,NA,NA,NA,NA,NA,NA,NA,NA,NA,NA,NA,NA,NA,NA,NA,NA,NA,NA,NA,NA
"200","Jaylen Waddle","MIA","WR","15284","robust",NA,NA,NA,NA,NA,NA,NA,NA,NA,NA,0.16125,0.0383005,1.0775,0.200151,0,0,0,0,0,NA,0,NA,5.085,0.126021,67.9,6.44931000000001,0.3075,0.022239,NA,NA,NA,NA,NA,NA,NA,NA,NA,NA,NA,NA,NA,NA,NA,NA,NA,NA,NA,NA,NA,NA,NA,NA,NA,NA
"201","Chris Olave","NO","WR","15754","robust",NA,NA,NA,NA,NA,NA,NA,NA,NA,NA,0,0,0,0,0,0,0,0,0,NA,0,NA,5.15,0.148259999999999,70.53,3.7065,0.3,0.118608,NA,NA,NA,NA,NA,NA,NA,NA,NA,NA,NA,NA,NA,NA,NA,NA,NA,NA,NA,NA,NA,NA,"Q","Ankle",2023,15
"202","Drake London","ATL","WR","15751","robust",NA,NA,NA,NA,NA,NA,NA,NA,NA,NA,0,0,0,0,0,0,0.01875,0.0185325,0,NA,0,NA,4.46,0.622692,56.8,7.70952,0.215,0.103782,NA,NA,NA,NA,NA,NA,NA,NA,NA,NA,NA,NA,NA,NA,NA,NA,NA,NA,NA,NA,NA,NA,NA,NA,NA,NA
"203","D.J. Moore","CHI","WR","13635","robust",NA,NA,NA,NA,NA,NA,NA,NA,NA,NA,0.443333333333333,0.084014,2.4,0.59304,0.005,0,0.01875,0.0185325,0,NA,0,NA,4.8675,0.392888999999999,68.41,4.4478,0.37,0.044478,NA,NA,NA,NA,NA,NA,NA,NA,NA,NA,NA,NA,NA,NA,NA,NA,NA,NA,NA,NA,NA,NA,"Q","Ankle",2023,15
"204","Mike Evans","TB","WR","11671","robust",NA,NA,NA,NA,NA,NA,NA,NA,NA,NA,0,0,0.0607142857142857,0.07413,0,0,0,0,0,NA,0,NA,4.82,0.148259999999999,71.7,1.77912,0.5375,0.133434,NA,NA,NA,NA,NA,NA,NA,NA,NA,NA,NA,NA,NA,NA,NA,NA,NA,NA,NA,NA,NA,NA,NA,NA,NA,NA
"205","Courtland Sutton","DEN","WR","13630","robust",NA,NA,NA,NA,NA,NA,NA,NA,NA,NA,0,0,0.0164285714285714,0,0,0,0.075,0.0185325,0,NA,0,NA,4.4,0.59304,61.355,1.964445,0.55,0.066717,NA,NA,NA,NA,NA,NA,NA,NA,NA,NA,NA,NA,NA,NA,NA,NA,NA,NA,NA,NA,NA,NA,NA,NA,NA,NA
"206","Terry McLaurin","WAS","WR","14109","robust",NA,NA,NA,NA,NA,NA,NA,NA,NA,NA,0.01,0.014826,0.180357142857143,0.214977,0,0,0,0,0,NA,0,NA,4.35,0.429954,56.63,5.396664,0.2,0,NA,NA,NA,NA,NA,NA,NA,NA,NA,NA,NA,NA,NA,NA,NA,NA,NA,NA,NA,NA,NA,NA,NA,NA,NA,NA
"207","Josh Palmer","LAC","WR","15319","robust",NA,NA,NA,NA,NA,NA,NA,NA,NA,NA,0,0,0.0935714285714286,0.011649,0,0,0.05,0.037065,0,NA,0,NA,4,0.266868,52.62,8.480472,0.2,0.096369,NA,NA,NA,NA,NA,NA,NA,NA,NA,NA,NA,NA,NA,NA,NA,NA,NA,NA,NA,NA,NA,NA,NA,NA,NA,NA
"208","Rashee Rice","KC","WR","16194","robust",NA,NA,NA,NA,NA,NA,NA,NA,NA,NA,0.01,0.014826,0,0,0,0,0.05,0.037065,0,NA,0,NA,5.4725,0.659757,61.325,7.227675,0.365,0.051891,NA,NA,NA,NA,NA,NA,NA,NA,NA,NA,NA,NA,NA,NA,NA,NA,NA,NA,NA,NA,NA,NA,NA,NA,NA,NA
"209","Amari Cooper","CLE","WR","12175","robust",NA,NA,NA,NA,NA,NA,NA,NA,NA,NA,0,0,0,0,0,0,0.05,0.037065,0,NA,0,NA,4.6075,0.570801,63.1,4.29954,0.25,0.014826,NA,NA,NA,NA,NA,NA,NA,NA,NA,NA,NA,NA,NA,NA,NA,NA,NA,NA,NA,NA,NA,NA,NA,NA,NA,NA
"210","Calvin Ridley","JAC","WR","13629","robust",NA,NA,NA,NA,NA,NA,NA,NA,NA,NA,0.468333333333333,0.096369,2.1625,0.422541,0,0,0.01875,0.0185325,0,NA,0,NA,4.465,0.177911999999999,57.2,9.79257300000001,0.3225,0.051891,NA,NA,NA,NA,NA,NA,NA,NA,NA,NA,NA,NA,NA,NA,NA,NA,NA,NA,NA,NA,NA,NA,NA,NA,NA,NA
"211","Tee Higgins","CIN","WR","14835","robust",NA,NA,NA,NA,NA,NA,NA,NA,NA,NA,0,0,0,0,0,0,0,0,0,NA,0,NA,3.95,0.111195,52.4,3.78063000000001,0.25,0.07413,NA,NA,NA,NA,NA,NA,NA,NA,NA,NA,NA,NA,NA,NA,NA,NA,NA,NA,NA,NA,NA,NA,NA,NA,NA,NA
"212","Zay Flowers","BAL","WR","16190","robust",NA,NA,NA,NA,NA,NA,NA,NA,NA,NA,0.523333333333333,0.182854,2.37,0.830256,0.00928571428571429,0,0,0,0,NA,0,NA,5.05,0.0741299999999997,60.135,1.85325,0.275,0.07413,NA,NA,NA,NA,NA,NA,NA,NA,NA,NA,NA,NA,NA,NA,NA,NA,NA,NA,NA,NA,NA,NA,NA,NA,NA,NA
"213","Adam Thielen","CAR","WR","11938","robust",NA,NA,NA,NA,NA,NA,NA,NA,NA,NA,0.01,0.014826,0.107142857142857,0.14826,0,0,0,0,0,NA,0,NA,4.85,0.467019,51.25,2.81694,0.25,0.07413,NA,NA,NA,NA,NA,NA,NA,NA,NA,NA,NA,NA,NA,NA,NA,NA,NA,NA,NA,NA,NA,NA,NA,NA,NA,NA
"214","Odell Beckham","BAL","WR","11679","robust",NA,NA,NA,NA,NA,NA,NA,NA,NA,NA,0,0,0.12,0.103782,0.00833333333333333,0,0.05,0.037065,0,NA,0,NA,3.375,0.222390000000001,50.5,2.727984,0.3,0.07413,NA,NA,NA,NA,NA,NA,NA,NA,NA,NA,NA,NA,NA,NA,NA,NA,NA,NA,NA,NA,NA,NA,NA,NA,NA,NA
"215","Jayden Reed","GB","WR","16184","robust",NA,NA,NA,NA,NA,NA,NA,NA,NA,NA,1.56918889551013,0.472699478129713,8.675,1.423296,0.095,0.088956,0.001,0.0014826,0,NA,0.01,0,4.1725,0.563388,51.9825,3.380328,0.3,0,NA,NA,NA,NA,NA,NA,NA,NA,NA,NA,NA,NA,NA,NA,NA,NA,NA,NA,NA,NA,NA,NA,NA,NA,NA,NA
"216","Tyler Lockett","SEA","WR","12187","robust",NA,NA,NA,NA,NA,NA,NA,NA,NA,NA,0,0,0.05,0.034947,0,0,0,0,0,NA,0,NA,4.7075,0.422541,55.43,1.623447,0.31,0.029652,NA,NA,NA,NA,NA,NA,NA,NA,NA,NA,NA,NA,NA,NA,NA,NA,NA,NA,NA,NA,NA,NA,NA,NA,NA,NA
"217","Chris Godwin","TB","WR","13163","robust",NA,NA,NA,NA,NA,NA,NA,NA,NA,NA,0.0583333333333333,0.07413,0.955,0.830256,0.005,0,0.01875,0.0185325,0,NA,0,NA,4.7,0.29652,51.0725,1.23797100000001,0.2,0.037065,NA,NA,NA,NA,NA,NA,NA,NA,NA,NA,NA,NA,NA,NA,NA,NA,NA,NA,NA,NA,NA,NA,"Q","Knee",2023,15
"218","Marquise Brown","ARI","WR","14105","robust",NA,NA,NA,NA,NA,NA,NA,NA,NA,NA,0.05,0.07413,0.54,0.696822,0,0,0,0,0,NA,0,NA,4.14,0.14826,48.1,2.73539700000001,0.2575,0.044478,NA,NA,NA,NA,NA,NA,NA,NA,NA,NA,NA,NA,NA,NA,NA,NA,NA,NA,NA,NA,NA,NA,"Q","Heel",2023,15
"219","Jerry Jeudy","DEN","WR","14833","robust",NA,NA,NA,NA,NA,NA,NA,NA,NA,NA,0.01,0.014826,0.282142857142857,0.27534,0,0,0,0,0,NA,0,NA,3.615,0.244629,49.3825,2.468529,0.25,0.044478,NA,NA,NA,NA,NA,NA,NA,NA,NA,NA,NA,NA,NA,NA,NA,NA,NA,NA,NA,NA,NA,NA,NA,NA,NA,NA
"220","Brandin Cooks","DAL","WR","11674","robust",NA,NA,NA,NA,NA,NA,NA,NA,NA,NA,0.0583333333333333,0.07413,0.85,0.459606,0,0,0,0,0,NA,0,NA,3.6,0.363237,48.6,4.321779,0.3,0,NA,NA,NA,NA,NA,NA,NA,NA,NA,NA,NA,NA,NA,NA,NA,NA,NA,NA,NA,NA,NA,NA,"Q","Illness",2023,15
"221","George Pickens","PIT","WR","15762","robust",NA,NA,NA,NA,NA,NA,NA,NA,NA,NA,0.0583333333333333,0.07413,0.8,0.44478,0,0,0,0,0,NA,0,NA,3.4,0.126021,51.23,4.15127999999999,0.21,0.029652,NA,NA,NA,NA,NA,NA,NA,NA,NA,NA,NA,NA,NA,NA,NA,NA,NA,NA,NA,NA,NA,NA,NA,NA,NA,NA
"222","Noah Brown","HOU","WR","13172","robust",NA,NA,NA,NA,NA,NA,NA,NA,NA,NA,0.01,0.014826,0.221428571428571,0.29652,0,0,0,0,0,NA,0,NA,3.5,0.378063,50.4,3.33585,0.19,0.014826,NA,NA,NA,NA,NA,NA,NA,NA,NA,NA,NA,NA,NA,NA,NA,NA,NA,NA,NA,NA,NA,NA,"Q","Knee",2023,15
"223","Jordan Addison","MIN","WR","16186","robust",NA,NA,NA,NA,NA,NA,NA,NA,NA,NA,0.01,0.014826,0.1,0.14826,0,0,0,0,0,NA,0,NA,3.9,0.14826,52.57,3.202416,0.3,0.140847,NA,NA,NA,NA,NA,NA,NA,NA,NA,NA,NA,NA,NA,NA,NA,NA,NA,NA,NA,NA,NA,NA,NA,NA,NA,NA
"224","Diontae Johnson","PIT","WR","14208","robust",NA,NA,NA,NA,NA,NA,NA,NA,NA,NA,0.02,0.029652,0.221428571428571,0.22239,0,0,0,0,0,NA,0,NA,4.1,0.0741299999999997,52.695,2.52042,0.265,0.096369,NA,NA,NA,NA,NA,NA,NA,NA,NA,NA,NA,NA,NA,NA,NA,NA,NA,NA,NA,NA,NA,NA,NA,NA,NA,NA
"225","Jonathan Mingo","CAR","WR","16197","robust",NA,NA,NA,NA,NA,NA,NA,NA,NA,NA,0,0,0.0114285714285714,0,0,0,0,0,0,NA,0,NA,3.5,0.511497,41.5,7.865193,0.11,0.029652,NA,NA,NA,NA,NA,NA,NA,NA,NA,NA,NA,NA,NA,NA,NA,NA,NA,NA,NA,NA,NA,NA,NA,NA,NA,NA
"226","Zay Jones","JAC","WR","13176","robust",NA,NA,NA,NA,NA,NA,NA,NA,NA,NA,0.01,0.014826,0.115,0.096369,0,0,0,0,0,NA,0,NA,4.27,0.570801000000001,46.35,7.020111,0.205,0.014826,NA,NA,NA,NA,NA,NA,NA,NA,NA,NA,NA,NA,NA,NA,NA,NA,NA,NA,NA,NA,NA,NA,NA,NA,NA,NA
"227","Jakobi Meyers","LVR","WR","14127","robust",NA,NA,NA,NA,NA,NA,NA,NA,NA,NA,0.16125,0.0383005,1.3475,0.585627,0.015,0.014826,0,0,0,NA,0,NA,4.3975,0.585626999999999,48.81,5.63388,0.2725,0.118608,NA,NA,NA,NA,NA,NA,NA,NA,NA,NA,NA,NA,NA,NA,NA,NA,NA,NA,NA,NA,NA,NA,NA,NA,NA,NA
"228","Rashid Shaheed","NO","WR","16080","robust",NA,NA,NA,NA,NA,NA,NA,NA,NA,NA,0.325,0.14826,1.325,1.304688,0,0,0.01875,0.0185325,0,NA,0.02,0,2.9725,0.555975,41.2,6.37518,0.2,0.140847,NA,NA,NA,NA,NA,NA,NA,NA,NA,NA,NA,NA,NA,NA,NA,NA,NA,NA,NA,NA,NA,NA,NA,NA,NA,NA
"229","Jaxon Smith-Njigba","SEA","WR","16185","robust",NA,NA,NA,NA,NA,NA,NA,NA,NA,NA,0,0,0.05,0.061422,0,0,0,0,0,NA,0,NA,4,0.044478,47.15,4.07715,0.23,0.044478,NA,NA,NA,NA,NA,NA,NA,NA,NA,NA,NA,NA,NA,NA,NA,NA,NA,NA,NA,NA,NA,NA,NA,NA,NA,NA
"230","Demario Douglas","NE","WR","16342","robust",NA,NA,NA,NA,NA,NA,NA,NA,NA,NA,0.321666666666667,0.061775,2.005,0.578214,0,0,0.01875,0.0185325,0,NA,0,NA,3.79,0.437367,45.89,6.516027,0.15,0.044478,NA,NA,NA,NA,NA,NA,NA,NA,NA,NA,NA,NA,NA,NA,NA,NA,NA,NA,NA,NA,NA,NA,NA,NA,NA,NA
"231","Romeo Doubs","GB","WR","15779","robust",NA,NA,NA,NA,NA,NA,NA,NA,NA,NA,0,0,0.0121428571428571,0,0,0,0,0,0,NA,0,NA,3.8125,0.259455,46.09,2.260965,0.315,0.044478,NA,NA,NA,NA,NA,NA,NA,NA,NA,NA,NA,NA,NA,NA,NA,NA,NA,NA,NA,NA,NA,NA,NA,NA,NA,NA
"232","Wan'Dale Robinson","NYG","WR","15757","robust",NA,NA,NA,NA,NA,NA,NA,NA,NA,NA,0.496666666666667,0.143318,3.0825,1.490013,0,0,0,0,0,NA,0,NA,3.85,0.22239,40.3975,8.354451,0.15,0.07413,NA,NA,NA,NA,NA,NA,NA,NA,NA,NA,NA,NA,NA,NA,NA,NA,NA,NA,NA,NA,NA,NA,NA,NA,NA,NA
"233","Josh Downs","IND","WR","16187","robust",NA,NA,NA,NA,NA,NA,NA,NA,NA,NA,0,0,0.05,0.041301,0,0,0,0,0,NA,0,NA,3.8,0.29652,44.7525,5.493033,0.2,0.014826,NA,NA,NA,NA,NA,NA,NA,NA,NA,NA,NA,NA,NA,NA,NA,NA,NA,NA,NA,NA,NA,NA,NA,NA,NA,NA
"234","Curtis Samuel","WAS","WR","13157","robust",NA,NA,NA,NA,NA,NA,NA,NA,NA,NA,0.32875,0.2508065,2.21,1.467774,0.02,0.014826,0,0,0,NA,0,NA,4.25,0.29652,46.9175,1.326927,0.2,0,NA,NA,NA,NA,NA,NA,NA,NA,NA,NA,NA,NA,NA,NA,NA,NA,NA,NA,NA,NA,NA,NA,NA,NA,NA,NA
"235","Dontayvion Wicks","GB","WR","16195","robust",NA,NA,NA,NA,NA,NA,NA,NA,NA,NA,0.01,0.014826,0.1,0.012708,0,0,0.05,0.037065,0,NA,0,NA,2.7225,0.452193,39.75,7.13871900000001,0.175,0.111195,NA,NA,NA,NA,NA,NA,NA,NA,NA,NA,NA,NA,NA,NA,NA,NA,NA,NA,NA,NA,NA,NA,"Q","Ankle",2023,15
"236","Elijah Moore","CLE","WR","15288","robust",NA,NA,NA,NA,NA,NA,NA,NA,NA,NA,0.200833333333333,0.081543,1.1,0.14826,0,0,0.05,0.037065,0,NA,0,NA,3.7975,0.496671,45.8,2.66868,0.195,0.00741299999999999,NA,NA,NA,NA,NA,NA,NA,NA,NA,NA,NA,NA,NA,NA,NA,NA,NA,NA,NA,NA,NA,NA,NA,NA,NA,NA
"237","Quentin Johnston","LAC","WR","16188","robust",NA,NA,NA,NA,NA,NA,NA,NA,NA,NA,0.01,0.014826,0.065,0.07413,0,0,0,0,0,NA,0,NA,3.1975,0.170499,42.2,2.9652,0.115,0.126021,NA,NA,NA,NA,NA,NA,NA,NA,NA,NA,NA,NA,NA,NA,NA,NA,NA,NA,NA,NA,NA,NA,NA,NA,NA,NA
"238","Gabriel Davis","BUF","WR","14845","robust",NA,NA,NA,NA,NA,NA,NA,NA,NA,NA,0.01,0.014826,0.03,0.118608,0,0,0.05,0.037065,0,NA,0,NA,2.9,0.14826,45.25,1.326927,0.3,0.014826,NA,NA,NA,NA,NA,NA,NA,NA,NA,NA,NA,NA,NA,NA,NA,NA,NA,NA,NA,NA,NA,NA,NA,NA,NA,NA
"239","Jahan Dotson","WAS","WR","15755","robust",NA,NA,NA,NA,NA,NA,NA,NA,NA,NA,0,0,0.045,0.066717,0,0,0,0,0,NA,0,NA,3.1,0.192738,38.9,1.845837,0.24,0.059304,NA,NA,NA,NA,NA,NA,NA,NA,NA,NA,NA,NA,NA,NA,NA,NA,NA,NA,NA,NA,NA,NA,NA,NA,NA,NA
"240","Christian Watson","GB","WR","15789","robust",NA,NA,NA,NA,NA,NA,NA,NA,NA,NA,0.526315789473684,NA,2.95,1.55673,0.0434375,0.054670875,0,0,0,NA,0,NA,2.85,0.0741299999999997,41.8,2.66868,0.500232224770642,0,NA,NA,NA,NA,NA,NA,NA,NA,NA,NA,NA,NA,NA,NA,NA,NA,NA,NA,NA,NA,NA,NA,"D","Hamstring",2023,15
"241","Tyler Boyd","CIN","WR","12650","robust",NA,NA,NA,NA,NA,NA,NA,NA,NA,NA,0.05,0.07413,0.625,0.51891,0,0,0,0,0,NA,0,NA,3.4,0.37065,35.05,1.33434,0.19,0.014826,NA,NA,NA,NA,NA,NA,NA,NA,NA,NA,NA,NA,NA,NA,NA,NA,NA,NA,NA,NA,NA,NA,NA,NA,NA,NA
"242","DeVante Parker","NE","WR","12176","robust",NA,NA,NA,NA,NA,NA,NA,NA,NA,NA,0,0,0,0,0,0,0,0,0,NA,0,NA,2.45,0.289107,33.225,6.59757,0.1,0,NA,NA,NA,NA,NA,NA,NA,NA,NA,NA,NA,NA,NA,NA,NA,NA,NA,NA,NA,NA,NA,NA,"Q","Knee",2023,15
"243","Michael Wilson","ARI","WR","16206","robust",NA,NA,NA,NA,NA,NA,NA,NA,NA,NA,0,0,0.0128571428571429,0,0,0,0,0,0,NA,0,NA,2.35,0.474432,31.875,7.442652,0.13,0.037065,NA,NA,NA,NA,NA,NA,NA,NA,NA,NA,NA,NA,NA,NA,NA,NA,NA,NA,NA,NA,NA,NA,"Q","Neck",2023,15
"244","D.J. Chark","CAR","WR","13668","robust",NA,NA,NA,NA,NA,NA,NA,NA,NA,NA,0,0,0,0,0,0,0,0,0,NA,0,NA,2,0.0741300000000001,31.425,3.33585,0.1475,0.081543,NA,NA,NA,NA,NA,NA,NA,NA,NA,NA,NA,NA,NA,NA,NA,NA,NA,NA,NA,NA,NA,NA,NA,NA,NA,NA
"245","Rondale Moore","ARI","WR","15283","robust",NA,NA,NA,NA,NA,NA,NA,NA,NA,NA,1.08916666666667,0.150731,7.2575,1.015581,0.02,0,0.001,0.0014826,0,NA,0,NA,2.75,0.51891,24.93,3.33585,0.1,0,NA,NA,NA,NA,NA,NA,NA,NA,NA,NA,NA,NA,NA,NA,NA,NA,NA,NA,NA,NA,NA,NA,NA,NA,NA,NA
"246","Demarcus Robinson","LAR","WR","12785","robust",NA,NA,NA,NA,NA,NA,NA,NA,NA,NA,0,0,0,0,0,0,0,0,0,NA,0,NA,2.2,0.429954,28.28,3.40998,0.2025,0.096369,NA,NA,NA,NA,NA,NA,NA,NA,NA,NA,NA,NA,NA,NA,NA,NA,NA,NA,NA,NA,NA,NA,NA,NA,NA,NA
"247","Robert Woods","HOU","WR","11228","robust",NA,NA,NA,NA,NA,NA,NA,NA,NA,NA,0.01,0.014826,0.190714285714286,0.194856,0,0,0,0,0,NA,0,NA,3,0,34.225,3.7065,0.15,0.044478,NA,NA,NA,NA,NA,NA,NA,NA,NA,NA,NA,NA,NA,NA,NA,NA,NA,NA,NA,NA,NA,NA,NA,NA,NA,NA
"248","Jalin Hyatt","NYG","WR","16183","robust",NA,NA,NA,NA,NA,NA,NA,NA,NA,NA,0.098,0.0029652,0.349642857142857,0.371709,0.000833333333333333,0,0,0,0,NA,0,NA,2.23,0.392889,34.12,2.045988,0.11,0.096369,NA,NA,NA,NA,NA,NA,NA,NA,NA,NA,NA,NA,NA,NA,NA,NA,NA,NA,NA,NA,NA,NA,NA,NA,NA,NA
"249","Xavier Hutchinson","HOU","WR","16201","robust",NA,NA,NA,NA,NA,NA,NA,NA,NA,NA,0.214,0.2757636,2.2,0.696822,0,0,0,0,0,NA,0,NA,1.9475,0.355824,24.3075,7.427826,0.095,0.014826,NA,NA,NA,NA,NA,NA,NA,NA,NA,NA,NA,NA,NA,NA,NA,NA,NA,NA,NA,NA,NA,NA,NA,NA,NA,NA
"250","Darius Slayton","NYG","WR","14122","robust",NA,NA,NA,NA,NA,NA,NA,NA,NA,NA,0,0,0.01,0.014826,0,0,0,0,0,NA,0.01,0,2.58,0.22239,36.1825,0.985928999999999,0.145,0.066717,NA,NA,NA,NA,NA,NA,NA,NA,NA,NA,NA,NA,NA,NA,NA,NA,NA,NA,NA,NA,NA,NA,NA,NA,NA,NA
"251","JuJu Smith-Schuster","NE","WR","13156","robust",NA,NA,NA,NA,NA,NA,NA,NA,NA,NA,0,0,0.0142857142857143,0,0,0,0.01875,0.0185325,0,NA,0,NA,2.95,0.22239,31.4,0.889560000000002,0.1125,0.022239,NA,NA,NA,NA,NA,NA,NA,NA,NA,NA,NA,NA,NA,NA,NA,NA,NA,NA,NA,NA,NA,NA,"Q","Ankle",2023,15
"252","K.J. Osborn","MIN","WR","14977","robust",NA,NA,NA,NA,NA,NA,NA,NA,NA,NA,0,0,0.1,0.14826,0,0,0,0,0,NA,0,NA,2.45,0.66717,28.075,7.739172,0.15,0.07413,NA,NA,NA,NA,NA,NA,NA,NA,NA,NA,NA,NA,NA,NA,NA,NA,NA,NA,NA,NA,NA,NA,NA,NA,NA,NA
"253","Alec Pierce","IND","WR","15768","robust",NA,NA,NA,NA,NA,NA,NA,NA,NA,NA,0,0,0,0,0,0,0,0,0,NA,0,NA,1.985,0.044478,30.9925,2.80952699999999,0.11,0.126021,NA,NA,NA,NA,NA,NA,NA,NA,NA,NA,NA,NA,NA,NA,NA,NA,NA,NA,NA,NA,NA,NA,NA,NA,NA,NA
"254","Khalil Shakir","BUF","WR","15761","robust",NA,NA,NA,NA,NA,NA,NA,NA,NA,NA,0,0,0.1,0.102723,0,0,0,0,0,NA,0.01,0,1.9,0.340998,27.425,3.736152,0.105,0.014826,NA,NA,NA,NA,NA,NA,NA,NA,NA,NA,NA,NA,NA,NA,NA,NA,NA,NA,NA,NA,NA,NA,NA,NA,NA,NA
"255","Darnell Mooney","CHI","WR","14974","robust",NA,NA,NA,NA,NA,NA,NA,NA,NA,NA,0.02,0.029652,0.3,0.44478,0,0,0,0,0,NA,0,NA,2.11,0.163086,30.3525,2.179422,0.11,0.029652,NA,NA,NA,NA,NA,NA,NA,NA,NA,NA,NA,NA,NA,NA,NA,NA,NA,NA,NA,NA,NA,NA,NA,NA,NA,NA
"256","Rashod Bateman","BAL","WR","15293","robust",NA,NA,NA,NA,NA,NA,NA,NA,NA,NA,0.01,0.014826,0.015,0,0,0,0,0,0,NA,0,NA,2.3,0.289107,32.925,0.7413,0.15,0.07413,NA,NA,NA,NA,NA,NA,NA,NA,NA,NA,NA,NA,NA,NA,NA,NA,NA,NA,NA,NA,NA,NA,NA,NA,NA,NA
"257","Parker Washington","JAC","WR","16192","robust",NA,NA,NA,NA,NA,NA,NA,NA,NA,NA,0.01,0,0.2,0.29652,0,0,0.075,0.037065,0,NA,0,NA,2.5075,0.400302,30.4,1.33434,0.175,0.07413,NA,NA,NA,NA,NA,NA,NA,NA,NA,NA,NA,NA,NA,NA,NA,NA,NA,NA,NA,NA,NA,NA,NA,NA,NA,NA
"258","John Metchie","HOU","WR","15759","robust",NA,NA,NA,NA,NA,NA,NA,NA,NA,NA,0,0,0.215,0.14826,0,0,0,0,0,NA,0,NA,1.94,0.941451,24.15,9.11799,0.1,0.014826,NA,NA,NA,NA,NA,NA,NA,NA,NA,NA,NA,NA,NA,NA,NA,NA,NA,NA,NA,NA,NA,NA,NA,NA,NA,NA
"259","Tutu Atwell","LAR","WR","15301","robust",NA,NA,NA,NA,NA,NA,NA,NA,NA,NA,0.1,0.14826,1.1,1.4826,0,0,0,0,0,NA,0,NA,1.5575,0.400302,22.1,7.413,0.1,0.014826,NA,NA,NA,NA,NA,NA,NA,NA,NA,NA,NA,NA,NA,NA,NA,NA,NA,NA,NA,NA,NA,NA,"Q","Concussion",2023,15
"260","Hunter Renfrow","LVR","WR","14123","robust",NA,NA,NA,NA,NA,NA,NA,NA,NA,NA,0.0985,0.0029652,0.3,0.029652,0,0,0.05,0.07413,0,NA,0,NA,2.55,0.14826,27,0.222389999999998,0.1,0.059304,NA,NA,NA,NA,NA,NA,NA,NA,NA,NA,NA,NA,NA,NA,NA,NA,NA,NA,NA,NA,NA,NA,NA,NA,NA,NA
"261","Nick Westbrook-Ikhine","TEN","WR","15109","robust",NA,NA,NA,NA,NA,NA,NA,NA,NA,NA,0,0,0,0,0,0,0,0,0,NA,0,NA,2,0,26.25,2.29803,0.2,0,NA,NA,NA,NA,NA,NA,NA,NA,NA,NA,NA,NA,NA,NA,NA,NA,NA,NA,NA,NA,NA,NA,"Q","Illness",2023,15
"262","A.T. Perry","NO","WR","16196","robust",NA,NA,NA,NA,NA,NA,NA,NA,NA,NA,0.01,0,0.2475,0.14826,0,0,0,0,0,NA,0,NA,1.4975,0.548562,23.175,10.274418,0.1,0.088956,NA,NA,NA,NA,NA,NA,NA,NA,NA,NA,NA,NA,NA,NA,NA,NA,NA,NA,NA,NA,NA,NA,NA,NA,NA,NA
"263","Cedrick Wilson","MIA","WR","13652","robust",NA,NA,NA,NA,NA,NA,NA,NA,NA,NA,0.0125,0.037065,0.0270833333333333,0,0,0,0,0,0,NA,0,NA,1.5925,0.44478,20,7.086828,0.1,0.0379265873885355,NA,NA,NA,NA,NA,NA,NA,NA,NA,NA,NA,NA,NA,NA,NA,NA,NA,NA,NA,NA,NA,NA,NA,NA,NA,NA
"264","Greg Dortch","ARI","WR","14108","robust",NA,NA,NA,NA,NA,NA,NA,NA,NA,NA,0.02,0.029652,0.46,0.474432,0,0,0,0,0,NA,0.02,0,2.14,1.008168,22.2575,7.627977,0.1,0.044478,NA,NA,NA,NA,NA,NA,NA,NA,NA,NA,NA,NA,NA,NA,NA,NA,NA,NA,NA,NA,NA,NA,NA,NA,NA,NA
"265","Michael Gallup","DAL","WR","13646","robust",NA,NA,NA,NA,NA,NA,NA,NA,NA,NA,0,0,0,0,0,0,0,0,0,NA,0,NA,2.115,0.192738,26.695,3.55824,0.15,0.044478,NA,NA,NA,NA,NA,NA,NA,NA,NA,NA,NA,NA,NA,NA,NA,NA,NA,NA,NA,NA,NA,NA,NA,NA,NA,NA
"266","Josh Reynolds","DET","WR","13168","robust",NA,NA,NA,NA,NA,NA,NA,NA,NA,NA,0,0,0,0,0,0,0.01875,0.0185325,0,NA,0,NA,1.89,0.163086,27.4225,3.024504,0.2,0.118608,NA,NA,NA,NA,NA,NA,NA,NA,NA,NA,NA,NA,NA,NA,NA,NA,NA,NA,NA,NA,NA,NA,"Q","Back",2023,15
"267","Alex Erickson","LAC","WR","12913","robust",NA,NA,NA,NA,NA,NA,NA,NA,NA,NA,0,0,0.045,0,0,0,0,0,0,NA,0,NA,1.5,0.44478,17.885,1.749468,0.1,0,NA,NA,NA,NA,NA,NA,NA,NA,NA,NA,NA,NA,NA,NA,NA,NA,NA,NA,NA,NA,NA,NA,NA,NA,NA,NA
"268","Chris Moore","TEN","WR","12773","robust",NA,NA,NA,NA,NA,NA,NA,NA,NA,NA,0.0583333333333333,0.07413,0.8975,0.7413,0,0,0,0,0,NA,0,NA,0.945,0.214977,11.9275,1.289862,0.05,0.044478,NA,NA,NA,NA,NA,NA,NA,NA,NA,NA,NA,NA,NA,NA,NA,NA,NA,NA,NA,NA,NA,NA,NA,NA,NA,NA
"269","Treylon Burks","TEN","WR","15752","robust",NA,NA,NA,NA,NA,NA,NA,NA,NA,NA,0.2375,0.061775,1.9,0.170499,0,0,0,0,0,NA,0,NA,2.0025,0.00741299999999984,27.1675,1.163841,0.1,0.007413,NA,NA,NA,NA,NA,NA,NA,NA,NA,NA,NA,NA,NA,NA,NA,NA,NA,NA,NA,NA,NA,NA,NA,NA,NA,NA
"270","Nelson Agholor","BAL","WR","12181","robust",NA,NA,NA,NA,NA,NA,NA,NA,NA,NA,0,0,0.0158333333333333,0,0,0,0,0,0,NA,0,NA,1.8,0.14826,23.05,1.77912,0.1425,0.133434,NA,NA,NA,NA,NA,NA,NA,NA,NA,NA,NA,NA,NA,NA,NA,NA,NA,NA,NA,NA,NA,NA,NA,NA,NA,NA
"271","Marquez Valdes-Scantling","KC","WR","13793","robust",NA,NA,NA,NA,NA,NA,NA,NA,NA,NA,0,0,0,0,0,0,0.01875,0.0185325,0,NA,0,NA,1.6925,0.303933,25.45,4.15128,0.135,0.059304,NA,NA,NA,NA,NA,NA,NA,NA,NA,NA,NA,NA,NA,NA,NA,NA,NA,NA,NA,NA,NA,NA,NA,NA,NA,NA
"272","Trey Palmer","TB","WR","16199","robust",NA,NA,NA,NA,NA,NA,NA,NA,NA,NA,0.214,0.2757636,2.0875,0.22239,0,0,0,0,0,NA,0,NA,2.34,0.14826,25.25,2.9652,0.12,0.059304,NA,NA,NA,NA,NA,NA,NA,NA,NA,NA,NA,NA,NA,NA,NA,NA,NA,NA,NA,NA,NA,NA,NA,NA,NA,NA
"273","Jalen Guyton","LAC","WR","14337","robust",NA,NA,NA,NA,NA,NA,NA,NA,NA,NA,0.02,0,0,0,0,0,0,0,0,NA,0,NA,1.9,0.029652,23.8425,2.66868,0.1,0.029652,NA,NA,NA,NA,NA,NA,NA,NA,NA,NA,NA,NA,NA,NA,NA,NA,NA,NA,NA,NA,NA,NA,NA,NA,NA,NA
"274","Trenton Irwin","CIN","WR","14551","robust",NA,NA,NA,NA,NA,NA,NA,NA,NA,NA,0,0,0.105833333333333,0.103782,0,0,0,0,0,NA,0,NA,0.63,0.459606,9.0925,4.996362,0.0525,0.044478,NA,NA,NA,NA,NA,NA,NA,NA,NA,NA,NA,NA,NA,NA,NA,NA,NA,NA,NA,NA,NA,NA,NA,NA,NA,NA
"275","Justin Watson","KC","WR","13776","robust",NA,NA,NA,NA,NA,NA,NA,NA,NA,NA,0,0,0,0,0,0,0.05,0.07413,0,NA,0,NA,1.77,0.207564,23.4275,1.4826,0.1,0,NA,NA,NA,NA,NA,NA,NA,NA,NA,NA,NA,NA,NA,NA,NA,NA,NA,NA,NA,NA,NA,NA,NA,NA,NA,NA
"276","Jameson Williams","DET","WR","15756","robust",NA,NA,NA,NA,NA,NA,NA,NA,NA,NA,0.59,0.388312172413793,2.91,0.770952,0.015,0.014826,0,0,0,NA,0,NA,1.445,0.452193,21.805,6.37518,0.15,0.07413,NA,NA,NA,NA,NA,NA,NA,NA,NA,NA,NA,NA,NA,NA,NA,NA,NA,NA,NA,NA,NA,NA,NA,NA,NA,NA
"277","Jauan Jennings","SF","WR","14860","robust",NA,NA,NA,NA,NA,NA,NA,NA,NA,NA,0,0,0,0,0,0,0,0,0,NA,0,NA,1.46,0.340998,19.1875,1.252797,0.1,0.037065,NA,NA,NA,NA,NA,NA,NA,NA,NA,NA,NA,NA,NA,NA,NA,NA,NA,NA,NA,NA,NA,NA,NA,NA,NA,NA
"278","Braxton Berrios","MIA","WR","13638","robust",NA,NA,NA,NA,NA,NA,NA,NA,NA,NA,0,0,0.1,0.0904386,0,0,0,0,0,NA,0.01,0,1.4,0.37065,14.85,2.81694,0.0656659010528517,0.07413,NA,NA,NA,NA,NA,NA,NA,NA,NA,NA,NA,NA,NA,NA,NA,NA,NA,NA,NA,NA,NA,NA,NA,NA,NA,NA
"279","Cedric Tillman","CLE","WR","16191","robust",NA,NA,NA,NA,NA,NA,NA,NA,NA,NA,0.01,0,0.28,0.14826,0,0,0,0,0,NA,0,NA,1.7,0.14826,19.3075,2.772462,0.09,0.014826,NA,NA,NA,NA,NA,NA,NA,NA,NA,NA,NA,NA,NA,NA,NA,NA,NA,NA,NA,NA,NA,NA,NA,NA,NA,NA
"280","Richie James","KC","WR","13724","robust",NA,NA,NA,NA,NA,NA,NA,NA,NA,NA,0,0,0,0,0,0,0,0,0,NA,0,NA,1.3,0.51891,15.2,5.085318,0.1,0,NA,NA,NA,NA,NA,NA,NA,NA,NA,NA,NA,NA,NA,NA,NA,NA,NA,NA,NA,NA,NA,NA,NA,NA,NA,NA
"281","Malik Heath","GB","WR","16413","robust",NA,NA,NA,NA,NA,NA,NA,NA,NA,NA,0,0,0,0,0,0,0,0,0,NA,0,NA,1.465,0.103782,18.82,2.312856,0.105,0,NA,NA,NA,NA,NA,NA,NA,NA,NA,NA,NA,NA,NA,NA,NA,NA,NA,NA,NA,NA,NA,NA,NA,NA,NA,NA
"282","Tyquan Thornton","NE","WR","15787","robust",NA,NA,NA,NA,NA,NA,NA,NA,NA,NA,0.04,0.059304,1.05,0.81543,0,0,0,0,0,NA,0,NA,1.6825,0.429954,20.445,5.04084,0.0775,0,NA,NA,NA,NA,NA,NA,NA,NA,NA,NA,NA,NA,NA,NA,NA,NA,NA,NA,NA,NA,NA,NA,"Q","Hamstring",2023,15
"283","Xavier Gipson","NYJ","WR","16416","robust",NA,NA,NA,NA,NA,NA,NA,NA,NA,NA,0.266,0.1986684,2.325,0.770952,0,0,0,0,0,NA,0.02,0,1.4675,0.355824,16.825,2.757636,0.05,0.07413,NA,NA,NA,NA,NA,NA,NA,NA,NA,NA,NA,NA,NA,NA,NA,NA,NA,NA,NA,NA,NA,NA,NA,NA,NA,NA
"284","Allen Lazard","NYJ","WR","13632","robust",NA,NA,NA,NA,NA,NA,NA,NA,NA,NA,0.0125,0.037065,0.13125,0.14826,0,0,0,0,0,NA,0,NA,1.3825,0.637518,20.5,9.93342,0.1,0.088956,NA,NA,NA,NA,NA,NA,NA,NA,NA,NA,NA,NA,NA,NA,NA,NA,NA,NA,NA,NA,NA,NA,NA,NA,NA,NA
"285","Quez Watkins","PHI","WR","14992","robust",NA,NA,NA,NA,NA,NA,NA,NA,NA,NA,0.0125,0,0.1,0,0,0,0,0,0,NA,0,NA,1.165,0.711648,14.15,8.658384,0.1,0,NA,NA,NA,NA,NA,NA,NA,NA,NA,NA,NA,NA,NA,NA,NA,NA,NA,NA,NA,NA,NA,NA,NA,NA,NA,NA
"286","Jalen Tolbert","DAL","WR","15788","robust",NA,NA,NA,NA,NA,NA,NA,NA,NA,NA,0,0,0.004,0,0,0,0,0,0,NA,0,NA,1.43,0.192738,17.285,2.209074,0.1,0,NA,NA,NA,NA,NA,NA,NA,NA,NA,NA,NA,NA,NA,NA,NA,NA,NA,NA,NA,NA,NA,NA,"Q","Illness",2023,15
"287","Van Jefferson","ATL","WR","14858","robust",NA,NA,NA,NA,NA,NA,NA,NA,NA,NA,0,0,0.2,0.29652,0,0,0,0,0,NA,0,NA,0.91,0.66717,12.86,12.246276,0.07,0.059304,NA,NA,NA,NA,NA,NA,NA,NA,NA,NA,NA,NA,NA,NA,NA,NA,NA,NA,NA,NA,NA,NA,NA,NA,NA,NA
"288","Kalif Raymond","DET","WR","13066","robust",NA,NA,NA,NA,NA,NA,NA,NA,NA,NA,0.404,0.0237216,1.955,0.726474,0,0,0,0,0,NA,0.01,0,1.5025,0.326172,19.96,0.266868,0.1,0,NA,NA,NA,NA,NA,NA,NA,NA,NA,NA,NA,NA,NA,NA,NA,NA,NA,NA,NA,NA,NA,NA,NA,NA,NA,NA
"289","Marvin Mims","DEN","WR","16189","robust",NA,NA,NA,NA,NA,NA,NA,NA,NA,NA,0.404,0.0237216,2.215,0.830256,0,0,0,0,0,NA,0.04,0,1.655,0.311346,21.225,1.141602,0.1,0.029652,NA,NA,NA,NA,NA,NA,NA,NA,NA,NA,NA,NA,NA,NA,NA,NA,NA,NA,NA,NA,NA,NA,NA,NA,NA,NA
"290","Mack Hollins","ATL","WR","13289","robust",NA,NA,NA,NA,NA,NA,NA,NA,NA,NA,0.0333333333333333,0.04942,0.035,0,0,0,0,0,0,NA,0,NA,1.03,0.59304,14.215,8.258082,0.05,0.07413,NA,NA,NA,NA,NA,NA,NA,NA,NA,NA,NA,NA,NA,NA,NA,NA,NA,NA,NA,NA,NA,NA,NA,NA,NA,NA
"291","Isaiah Hodgins","NYG","WR","14849","robust",NA,NA,NA,NA,NA,NA,NA,NA,NA,NA,0,0,0,0,0,0,0.0333333333333333,0.02471,0,NA,0,NA,1.5,0.229803,16.315,4.262475,0.1,0.022239,NA,NA,NA,NA,NA,NA,NA,NA,NA,NA,NA,NA,NA,NA,NA,NA,NA,NA,NA,NA,NA,NA,NA,NA,NA,NA
"292","Allen Robinson","PIT","WR","11678","robust",NA,NA,NA,NA,NA,NA,NA,NA,NA,NA,0,0,0.0795833333333333,0,0,0,0,0,0,NA,0,NA,1.8,0.163086,17.2575,0.889560000000002,0.05,0.059304,NA,NA,NA,NA,NA,NA,NA,NA,NA,NA,NA,NA,NA,NA,NA,NA,NA,NA,NA,NA,NA,NA,NA,NA,NA,NA
"293","Kadarius Toney","KC","WR","15289","robust",NA,NA,NA,NA,NA,NA,NA,NA,NA,NA,1.20777354236014,0.339375784387416,6.525,1.749468,0.05,0.059304,0.00125,0.0037065,0,NA,0,NA,1.3,0.252042,14.105,1.4826,0.1,0.044478,NA,NA,NA,NA,NA,NA,NA,NA,NA,NA,NA,NA,NA,NA,NA,NA,NA,NA,NA,NA,NA,NA,NA,NA,NA,NA
"294","KaVontae Turpin","DAL","WR","15981","robust",NA,NA,NA,NA,NA,NA,NA,NA,NA,NA,0.6,0.190701756669521,3.6,0.88956,0.01,0,0.0125,0.037065,0,NA,0.01,0,0.9325,0.133434,11.2925,1.18608,0.1,0.059304,NA,NA,NA,NA,NA,NA,NA,NA,NA,NA,NA,NA,NA,NA,NA,NA,NA,NA,NA,NA,NA,NA,NA,NA,NA,NA
"295","Skyy Moore","KC","WR","15766","robust",NA,NA,NA,NA,NA,NA,NA,NA,NA,NA,0,0,0.44375,0.59304,0,0,0,0,0,NA,0.01,0,1.3225,0.163086,15.45,2.164596,0.095,0,NA,NA,NA,NA,NA,NA,NA,NA,NA,NA,NA,NA,NA,NA,NA,NA,NA,NA,NA,NA,NA,NA,NA,NA,NA,NA
"296","Terrace Marshall","CAR","WR","15308","robust",NA,NA,NA,NA,NA,NA,NA,NA,NA,NA,0,0,0.265,0.044478,0,0,0,0,0,NA,0,NA,0.875,0.44478,11.88,8.762166,0.02,0,NA,NA,NA,NA,NA,NA,NA,NA,NA,NA,NA,NA,NA,NA,NA,NA,NA,NA,NA,NA,NA,NA,NA,NA,NA,NA
"297","Olamide Zaccheaus","PHI","WR","14592","robust",NA,NA,NA,NA,NA,NA,NA,NA,NA,NA,0,0,0.00375,0,0,0,0,0,0,NA,0,NA,0.8,0.88956,11.41,7.26474,0.07,0.014826,NA,NA,NA,NA,NA,NA,NA,NA,NA,NA,NA,NA,NA,NA,NA,NA,NA,NA,NA,NA,NA,NA,NA,NA,NA,NA
"298","Dyami Brown","WAS","WR","15292","robust",NA,NA,NA,NA,NA,NA,NA,NA,NA,NA,0,0,0.188,0.14826,0,0,0,0,0,NA,0,NA,1.05,0.0741300000000001,14.6,0.7413,0.085,0.00741300000000001,NA,NA,NA,NA,NA,NA,NA,NA,NA,NA,NA,NA,NA,NA,NA,NA,NA,NA,NA,NA,NA,NA,NA,NA,NA,NA
"299","Tyler Scott","CHI","WR","16205","robust",NA,NA,NA,NA,NA,NA,NA,NA,NA,NA,0.05,0.07413,1.5,0.66717,0,0,0.0333333333333333,0.02471,0,NA,0.01,0,1,0.037065,11.795,1.85325,0.05,0.029652,NA,NA,NA,NA,NA,NA,NA,NA,NA,NA,NA,NA,NA,NA,NA,NA,NA,NA,NA,NA,NA,NA,NA,NA,NA,NA
"300","Jake Bobo","SEA","WR","16393","robust",NA,NA,NA,NA,NA,NA,NA,NA,NA,NA,0.0333333333333333,0.02471,0.199,0.22239,0.05,0.07413,0,0,0,NA,0,NA,0.6,0.51891,7.17,3.55824,0.05,0.044478,NA,NA,NA,NA,NA,NA,NA,NA,NA,NA,NA,NA,NA,NA,NA,NA,NA,NA,NA,NA,NA,NA,NA,NA,NA,NA
"301","Brandon Powell","MIN","WR","13910","robust",NA,NA,NA,NA,NA,NA,NA,NA,NA,NA,0.210700099304866,0.0907393160377358,1.745,0.214977,0.005,0,0,0,0,NA,0.01,0,1.2,0.237216,12.695,3.432219,0.09,0.014826,NA,NA,NA,NA,NA,NA,NA,NA,NA,NA,NA,NA,NA,NA,NA,NA,NA,NA,NA,NA,NA,NA,NA,NA,NA,NA
"302","Randall Cobb","NYJ","WR","10308","robust",NA,NA,NA,NA,NA,NA,NA,NA,NA,NA,0,0,0,0,0,0,0,0,0,NA,0,NA,1.1,0.14826,11.58,4.59606,0.08,0,NA,NA,NA,NA,NA,NA,NA,NA,NA,NA,NA,NA,NA,NA,NA,NA,NA,NA,NA,NA,NA,NA,NA,NA,NA,NA
"303","Donovan Peoples-Jones","DET","WR","14857","robust",NA,NA,NA,NA,NA,NA,NA,NA,NA,NA,0,0,0.0775,0.1149015,0,0,0,0,0,NA,0,NA,0.85,0.0593040000000001,10.3,6.049008,0.07,0.029652,NA,NA,NA,NA,NA,NA,NA,NA,NA,NA,NA,NA,NA,NA,NA,NA,NA,NA,NA,NA,NA,NA,NA,NA,NA,NA
"304","David Bell","CLE","WR","15758","robust",NA,NA,NA,NA,NA,NA,NA,NA,NA,NA,0,0,0.02,0.0207564,0,0,0,0,0,NA,0,NA,1.05,0,10.855,0.889559999999999,0.085,0.014826,NA,NA,NA,NA,NA,NA,NA,NA,NA,NA,NA,NA,NA,NA,NA,NA,NA,NA,NA,NA,NA,NA,NA,NA,NA,NA
"305","Lynn Bowden","NO","WR","14843","robust",NA,NA,NA,NA,NA,NA,NA,NA,NA,NA,0.501125,0.149927925,2.9,0.415128,0.005,0,0,0,0,NA,0,NA,1,0.00741300000000001,11.8,2.275791,0.05,0.051891,NA,NA,NA,NA,NA,NA,NA,NA,NA,NA,NA,NA,NA,NA,NA,NA,NA,NA,NA,NA,NA,NA,NA,NA,NA,NA
"306","KhaDarel Hodge","ATL","WR","13963","robust",NA,NA,NA,NA,NA,NA,NA,NA,NA,NA,0,0,0.186,0.14826,0,0,0,0,0,NA,0,NA,0.85,0.07413,11.505,1.571556,0.05,0.059304,NA,NA,NA,NA,NA,NA,NA,NA,NA,NA,NA,NA,NA,NA,NA,NA,NA,NA,NA,NA,NA,NA,NA,NA,NA,NA
"307","Kyle Philips","TEN","WR","15901","robust",NA,NA,NA,NA,NA,NA,NA,NA,NA,NA,0,0,0,0,0,0,0,0,0,NA,0,NA,0.775,0.407715,9.905,4.899993,0.0262471612414837,0.0333500825132475,NA,NA,NA,NA,NA,NA,NA,NA,NA,NA,NA,NA,NA,NA,NA,NA,NA,NA,NA,NA,NA,NA,"O","Hamstring",2023,15
"308","Tre Tucker","LVR","WR","16287","robust",NA,NA,NA,NA,NA,NA,NA,NA,NA,NA,0.425,0.037065,1.9,0.644931,0,0,0,0,0,NA,0,NA,0.84,0.059304,10.485,0.518910000000001,0.05,0.044478,NA,NA,NA,NA,NA,NA,NA,NA,NA,NA,NA,NA,NA,NA,NA,NA,NA,NA,NA,NA,NA,NA,NA,NA,NA,NA
"309","Samori Toure","GB","WR","15841","robust",NA,NA,NA,NA,NA,NA,NA,NA,NA,NA,0,0,0.006,0,0,0,0,0,0,NA,0,NA,0.7,0.185325,10.05,3.380328,0.05,0.07413,NA,NA,NA,NA,NA,NA,NA,NA,NA,NA,NA,NA,NA,NA,NA,NA,NA,NA,NA,NA,NA,NA,NA,NA,NA,NA
"310","Marquise Goodwin","CLE","WR","11239","robust",NA,NA,NA,NA,NA,NA,NA,NA,NA,NA,0.159375,0.111195,2,0,0,0,0,0,0,NA,0,NA,0.8125,0.481845,6.85,1.104537,0,0,NA,NA,NA,NA,NA,NA,NA,NA,NA,NA,NA,NA,NA,NA,NA,NA,NA,NA,NA,NA,NA,NA,NA,NA,NA,NA
"311","Parris Campbell","NYG","WR","14112","robust",NA,NA,NA,NA,NA,NA,NA,NA,NA,NA,0,0,0.25,0,0,0,0,0,0,NA,0,NA,0.5675,0.044478,4.755,0.415128,0.0025,0,NA,NA,NA,NA,NA,NA,NA,NA,NA,NA,NA,NA,NA,NA,NA,NA,NA,NA,NA,NA,NA,NA,NA,NA,NA,NA
"312","Isaiah McKenzie","IND","WR","13313","robust",NA,NA,NA,NA,NA,NA,NA,NA,NA,NA,0.204810087557035,0.0865352793192748,1.51,0.637518,0.005,0,0,0,0,NA,0,NA,1,0.0741300000000001,10.0725,1.5900885,0.03,0.0443158954446382,NA,NA,NA,NA,NA,NA,NA,NA,NA,NA,NA,NA,NA,NA,NA,NA,NA,NA,NA,NA,NA,NA,NA,NA,NA,NA
"313","Lil'Jordan Humphrey","DEN","WR","14118","robust",NA,NA,NA,NA,NA,NA,NA,NA,NA,NA,0,0,0,0,0,0,0,0,0,NA,0,NA,0.7,0.059304,10.2625,0.333585000000001,0.1,0,NA,NA,NA,NA,NA,NA,NA,NA,NA,NA,NA,NA,NA,NA,NA,NA,NA,NA,NA,NA,NA,NA,NA,NA,NA,NA
"314","Byron Pringle","WAS","WR","13863","robust",NA,NA,NA,NA,NA,NA,NA,NA,NA,NA,0,0,0.015,0,0,0,0,0,0,NA,0,NA,0.9,0.044478,10,2.9652,0.045,0.029652,NA,NA,NA,NA,NA,NA,NA,NA,NA,NA,NA,NA,NA,NA,NA,NA,NA,NA,NA,NA,NA,NA,NA,NA,NA,NA
"315","Ben Skowronek","LAR","WR","15491","robust",NA,NA,NA,NA,NA,NA,NA,NA,NA,NA,0,0,0.4325,0.392889,0,0,0,0,0,NA,0,NA,0.4825,0.096369,5.9925,1.18608,0.04,0.029652,NA,NA,NA,NA,NA,NA,NA,NA,NA,NA,NA,NA,NA,NA,NA,NA,NA,NA,NA,NA,NA,NA,NA,NA,NA,NA
"316","Scott Miller","ATL","WR","14280","robust",NA,NA,NA,NA,NA,NA,NA,NA,NA,NA,0.0333333333333333,0.02471,0.108,0.059304,0,0,0,0,0,NA,0,NA,0.81,0.111195,8.27,1.393644,0.1,0.044478,NA,NA,NA,NA,NA,NA,NA,NA,NA,NA,NA,NA,NA,NA,NA,NA,NA,NA,NA,NA,NA,NA,NA,NA,NA,NA
"317","Brandon Johnson","DEN","WR","15987","robust",NA,NA,NA,NA,NA,NA,NA,NA,NA,NA,0,0,-0.0125,0.04942,0,0,0,0,0,NA,0,NA,0.54,0.266868,6.005,2.720571,0.0450259117082534,0.0370906111324376,NA,NA,NA,NA,NA,NA,NA,NA,NA,NA,NA,NA,NA,NA,NA,NA,NA,NA,NA,NA,NA,NA,NA,NA,NA,NA
"318","David Moore","TB","WR","13348","robust",NA,NA,NA,NA,NA,NA,NA,NA,NA,NA,0,0,0.12,0.14826,0,0,0,0,0,NA,0,NA,0.6375,0.133434,8.0025,1.230558,0.03,0.044478,NA,NA,NA,NA,NA,NA,NA,NA,NA,NA,NA,NA,NA,NA,NA,NA,NA,NA,NA,NA,NA,NA,NA,NA,NA,NA
"319","Trent Sherfield","BUF","WR","13893","robust",NA,NA,NA,NA,NA,NA,NA,NA,NA,NA,0,0,0.005,0,0,0,0,0,0,NA,0,NA,0.8,0.14826,8.25,0.7413,0.05,0.07413,NA,NA,NA,NA,NA,NA,NA,NA,NA,NA,NA,NA,NA,NA,NA,NA,NA,NA,NA,NA,NA,NA,NA,NA,NA,NA
"320","Deonte Harris","BUF","WR","14558","robust",NA,NA,NA,NA,NA,NA,NA,NA,NA,NA,0.104332720588235,NA,0.82625,0.0630105,0.00158823529411765,0.00235471764705882,0,0,0,NA,0,NA,0.5,0.192738,6.58,1.452948,0.05,0.07413,NA,NA,NA,NA,NA,NA,NA,NA,NA,NA,NA,NA,NA,NA,NA,NA,NA,NA,NA,NA,NA,NA,NA,NA,NA,NA
"321","Steven Sims","HOU","WR","14613","robust",NA,NA,NA,NA,NA,NA,NA,NA,NA,NA,0,0,2.275,0.44478,0.005,0,0,0,0,NA,0.04,0,0.51,0.326172,5.535,3.662022,0.005,0,NA,NA,NA,NA,NA,NA,NA,NA,NA,NA,NA,NA,NA,NA,NA,NA,NA,NA,NA,NA,NA,NA,NA,NA,NA,NA
"322","Kayshon Boutte","NE","WR","16193","robust",NA,NA,NA,NA,NA,NA,NA,NA,NA,NA,0,0,-0.025,0,0,0,0,0,0,NA,0,NA,0.5175,0.489258,6.0825,5.78214,0.0025,0,NA,NA,NA,NA,NA,NA,NA,NA,NA,NA,NA,NA,NA,NA,NA,NA,NA,NA,NA,NA,NA,NA,NA,NA,NA,NA
"323","Jalen Reagor","NE","WR","14839","robust",NA,NA,NA,NA,NA,NA,NA,NA,NA,NA,0,0,0,0,0,0,0,0,0,NA,0,NA,0.56,0.14826,6.7325,1.4826,0.01,0,NA,NA,NA,NA,NA,NA,NA,NA,NA,NA,NA,NA,NA,NA,NA,NA,NA,NA,NA,NA,NA,NA,NA,NA,NA,NA
"324","Tim Jones","JAC","WR","16005","robust",NA,NA,NA,NA,NA,NA,NA,NA,NA,NA,0,0,-0.025,0.02471,0,0,0.05,0.037065,0,NA,0,NA,0.5775,0.29652,7.0575,2.2239,0,0,NA,NA,NA,NA,NA,NA,NA,NA,NA,NA,NA,NA,NA,NA,NA,NA,NA,NA,NA,NA,NA,NA,NA,NA,NA,NA
"325","River Cracraft","MIA","WR","13862","robust",NA,NA,NA,NA,NA,NA,NA,NA,NA,NA,0,0,0,0,0,0,0,0,NA,NA,NA,NA,0.655,0.229803,7.555,2.750223,0.025,0.037065,NA,NA,NA,NA,NA,NA,NA,NA,NA,NA,NA,NA,NA,NA,NA,NA,NA,NA,NA,NA,NA,NA,NA,NA,NA,NA
"326","Calvin Austin III","PIT","WR","15777","robust",NA,NA,NA,NA,NA,NA,NA,NA,NA,NA,0.77807135311207,0.144467001947795,4,0.726474000000001,0.005,0,0,0,0,NA,0,NA,0.525,0.400302,6.2,2.045988,0.02,0,NA,NA,NA,NA,NA,NA,NA,NA,NA,NA,NA,NA,NA,NA,NA,NA,NA,NA,NA,NA,NA,NA,NA,NA,NA,NA
"327","Chase Claypool","MIA","WR","14841","robust",NA,NA,NA,NA,NA,NA,NA,NA,NA,NA,0,0,0.55,0.66717,0,0,0,0,NA,NA,NA,NA,0.45,0.37065,5.8,4.74432,0,0,NA,NA,NA,NA,NA,NA,NA,NA,NA,NA,NA,NA,NA,NA,NA,NA,NA,NA,NA,NA,NA,NA,NA,NA,NA,NA
"328","Austin Trammell","LAR","WR","16120","robust",NA,NA,NA,NA,NA,NA,NA,NA,NA,NA,0,0,0.01625,0,0,0,0,0,0,NA,0,NA,0.4225,0.0333584999999999,4.8125,0.315052500000001,0.02,0.0287169500447199,NA,NA,NA,NA,NA,NA,NA,NA,NA,NA,NA,NA,NA,NA,NA,NA,NA,NA,NA,NA,NA,NA,NA,NA,NA,NA
"329","Julio Jones","PHI","WR","10271","robust",NA,NA,NA,NA,NA,NA,NA,NA,NA,NA,0,0,0.05,0.0711648,0,0,0,0,0,NA,0,NA,0.555,0.474432,5.25,3.254307,0.05,0.037065,NA,NA,NA,NA,NA,NA,NA,NA,NA,NA,NA,NA,NA,NA,NA,NA,NA,NA,NA,NA,NA,NA,NA,NA,NA,NA
"330","Zach Pascal","ARI","WR","13488","robust",NA,NA,NA,NA,NA,NA,NA,NA,NA,NA,0,0,0.5,0.7413,0,0,0,0,0,NA,0,NA,0.6,0.59304,4.95,4.52193,0,0,NA,NA,NA,NA,NA,NA,NA,NA,NA,NA,NA,NA,NA,NA,NA,NA,NA,NA,NA,NA,NA,NA,NA,NA,NA,NA
"331","Marquez Callaway","NO","WR","15034","robust",NA,NA,NA,NA,NA,NA,NA,NA,NA,NA,0,0,0.01,0,0,0,0,0,0,NA,0,NA,0.49,0.266868,5.35,3.92889,0.01,0,NA,NA,NA,NA,NA,NA,NA,NA,NA,NA,NA,NA,NA,NA,NA,NA,NA,NA,NA,NA,NA,NA,NA,NA,NA,NA
"332","Elijah Higgins","ARI","WR","16333","robust",NA,NA,NA,NA,NA,NA,NA,NA,NA,NA,0,0,0.085,0.022239,0,0,0,0,NA,NA,NA,NA,0.595,0.00741300000000001,7.19,0.0148260000000003,0.075,0.037065,NA,NA,NA,NA,NA,NA,NA,NA,NA,NA,NA,NA,NA,NA,NA,NA,NA,NA,NA,NA,NA,NA,NA,NA,NA,NA
"333","Derius Davis","LAC","WR","16299","robust",NA,NA,NA,NA,NA,NA,NA,NA,NA,NA,0,0,1.23625,0.4040085,0.0075,0,0,0,0,NA,0.02,0,0.6,0.14826,4.59,2.727984,0.005,0,NA,NA,NA,NA,NA,NA,NA,NA,NA,NA,NA,NA,NA,NA,NA,NA,NA,NA,NA,NA,NA,NA,NA,NA,NA,NA
"334","Deven Thompkins","TB","WR","15977","robust",NA,NA,NA,NA,NA,NA,NA,NA,NA,NA,0.466666666666667,0.09884,3.24,1.126776,0,0,0.05,0,0,NA,0.01,0,0.695,0.163086,5.515,1.586382,0.01,0,NA,NA,NA,NA,NA,NA,NA,NA,NA,NA,NA,NA,NA,NA,NA,NA,NA,NA,NA,NA,NA,NA,NA,NA,NA,NA
"335","Ihmir Smith-Marsette","CAR","WR","15434","robust",NA,NA,NA,NA,NA,NA,NA,NA,NA,NA,0,0,0.15,0.22239,0,0,0,0,0,NA,0,NA,0.555,0.0148259999999999,5.5275,0.726474,0.005,0,NA,NA,NA,NA,NA,NA,NA,NA,NA,NA,NA,NA,NA,NA,NA,NA,NA,NA,NA,NA,NA,NA,NA,NA,NA,NA
"336","Sterling Shepard","NYG","WR","12658","robust",NA,NA,NA,NA,NA,NA,NA,NA,NA,NA,0,0,0.005,0,0,0,0,0,0,NA,0,NA,0.4,0.340998,4.445,3.128286,0.01,0.014826,NA,NA,NA,NA,NA,NA,NA,NA,NA,NA,NA,NA,NA,NA,NA,NA,NA,NA,NA,NA,NA,NA,NA,NA,NA,NA
"337","Andrei Iosivas","CIN","WR","16207","robust",NA,NA,NA,NA,NA,NA,NA,NA,NA,NA,0,0,0.035,0.051891,0,0,0,0,0,NA,0,NA,0.335,0.207564,4.27,3.232068,0.01,0,NA,NA,NA,NA,NA,NA,NA,NA,NA,NA,NA,NA,NA,NA,NA,NA,NA,NA,NA,NA,NA,NA,NA,NA,NA,NA
"338","Jamison Crowder","WAS","WR","12184","robust",NA,NA,NA,NA,NA,NA,NA,NA,NA,NA,0,0,0.0725,0.1074885,0,0,0,0,0,NA,0.01,0,0.4,0.29652,4.145,2.52042,0.005,0,NA,NA,NA,NA,NA,NA,NA,NA,NA,NA,NA,NA,NA,NA,NA,NA,NA,NA,NA,NA,NA,NA,NA,NA,NA,NA
"339","Velus Jones","CHI","WR","15767","robust",NA,NA,NA,NA,NA,NA,NA,NA,NA,NA,0,0,1.2075,1.1749605,0.00125,0,0,0,0,NA,0,NA,0.46,0.118608,5.165,1.527078,0.015,0,NA,NA,NA,NA,NA,NA,NA,NA,NA,NA,NA,NA,NA,NA,NA,NA,NA,NA,NA,NA,NA,NA,NA,NA,NA,NA
"340","Keith Kirkwood","NO","WR","13882","robust",NA,NA,NA,NA,NA,NA,NA,NA,NA,NA,0,0,0.01,0.009884,0,0,0,0,0,NA,0,NA,0.365,0.103782,4.66,1.094653,0.00892176199868508,0.00881826955950033,NA,NA,NA,NA,NA,NA,NA,NA,NA,NA,NA,NA,NA,NA,NA,NA,NA,NA,NA,NA,NA,NA,NA,NA,NA,NA
"341","Jalen Brooks","DAL","WR","16364","robust",NA,NA,NA,NA,NA,NA,NA,NA,NA,NA,0,0,0.09,0.088956,0,0,0,0,0,NA,0,NA,0.2475,0,4.3825,0.0444780000000004,0.0075,0,NA,NA,NA,NA,NA,NA,NA,NA,NA,NA,NA,NA,NA,NA,NA,NA,NA,NA,NA,NA,NA,NA,NA,NA,NA,NA
"342","Charlie Jones","CIN","WR","16203","robust",NA,NA,NA,NA,NA,NA,NA,NA,NA,NA,0,0,0.1,0,0,0,0,0,NA,NA,NA,NA,0.3,0.29652,3.2,2.66868,0,0,NA,NA,NA,NA,NA,NA,NA,NA,NA,NA,NA,NA,NA,NA,NA,NA,NA,NA,NA,NA,NA,NA,NA,NA,NA,NA
"343","Mike Strachan","CAR","WR","15478","robust",NA,NA,NA,NA,NA,NA,NA,NA,NA,NA,0,0,0.025,0.037065,0,0,0,0,NA,NA,NA,NA,0.29,0.014826,4.77,0.103782,0.015,0.022239,NA,NA,NA,NA,NA,NA,NA,NA,NA,NA,NA,NA,NA,NA,NA,NA,NA,NA,NA,NA,NA,NA,NA,NA,NA,NA
"344","DeAndre Carter","LVR","WR","12394","robust",NA,NA,NA,NA,NA,NA,NA,NA,NA,NA,0.0831818181818182,0.0673909090909091,1,0.0741300000000001,0,0,0,0,0,NA,0.03,0,0.19,0.069188,3.59,0.597982,0.00405320813771518,0.00400619092331768,NA,NA,NA,NA,NA,NA,NA,NA,NA,NA,NA,NA,NA,NA,NA,NA,NA,NA,NA,NA,NA,NA,NA,NA,NA,NA
"345","D'Wayne Eskridge","SEA","WR","15302","robust",NA,NA,NA,NA,NA,NA,NA,NA,NA,NA,0,0,1.46,0.681996,0.005,0.007413,0,0,NA,NA,0.01,0,0.175,0.111195,3.175,1.593795,0.01,0.014826,NA,NA,NA,NA,NA,NA,NA,NA,NA,NA,NA,NA,NA,NA,NA,NA,NA,NA,NA,NA,NA,NA,"Q","Ribs",2023,15
"346","DJ Turner","LVR","WR","15995","robust",NA,NA,NA,NA,NA,NA,NA,NA,NA,NA,0.435,0.200151,2.495,1.623447,0.015,0.022239,0,0,NA,NA,NA,NA,0.275,0.111195,3.525,0.926625,0.01,0.014826,NA,NA,NA,NA,NA,NA,NA,NA,NA,NA,NA,NA,NA,NA,NA,NA,NA,NA,NA,NA,NA,NA,NA,NA,NA,NA
"347","Trent Taylor","CHI","WR","13316","robust",NA,NA,NA,NA,NA,NA,NA,NA,NA,NA,0,NA,0.15,0.22239,0,0,0,0,0,NA,0,NA,0.1,0.14826,2.3,2.07564,0,0,NA,NA,NA,NA,NA,NA,NA,NA,NA,NA,NA,NA,NA,NA,NA,NA,NA,NA,NA,NA,NA,NA,NA,NA,NA,NA
"348","Ronnie Bell","SF","WR","16202","robust",NA,NA,NA,NA,NA,NA,NA,NA,NA,NA,0,0,0,0,0,0,0,0,0,NA,0,NA,0.1775,0.029652,2.395,0.459606,0.00487704918032787,0.00482047540983606,NA,NA,NA,NA,NA,NA,NA,NA,NA,NA,NA,NA,NA,NA,NA,NA,NA,NA,NA,NA,NA,NA,NA,NA,NA,NA
"349","Colton Dowell","TEN","WR","16354","robust",NA,NA,NA,NA,NA,NA,NA,NA,NA,NA,0,0,0.05,0.07413,0,0,0,0,NA,NA,NA,NA,0.15,0.07413,2.55,0.66717,0,0,NA,NA,NA,NA,NA,NA,NA,NA,NA,NA,NA,NA,NA,NA,NA,NA,NA,NA,NA,NA,NA,NA,NA,NA,NA,NA
"350","Miles Boykin","PIT","WR","14125","robust",NA,NA,NA,NA,NA,NA,NA,NA,NA,NA,0,0,0,0,0,0,0,0,NA,NA,NA,NA,0.25,0.37065,2.05,1.40847,0,0,NA,NA,NA,NA,NA,NA,NA,NA,NA,NA,NA,NA,NA,NA,NA,NA,NA,NA,NA,NA,NA,NA,NA,NA,NA,NA
"351","Jalen Nailor","MIN","WR","15786","robust",NA,NA,NA,NA,NA,NA,NA,NA,NA,NA,0,0,0,0,0,0,0,0,NA,NA,NA,NA,0.15,0.07413,2.055,0.971103,0.005,0.007413,NA,NA,NA,NA,NA,NA,NA,NA,NA,NA,NA,NA,NA,NA,NA,NA,NA,NA,NA,NA,NA,NA,"O","Concussion",2023,15
"352","Simi Fehoko","FA","WR","15303","robust",NA,NA,NA,NA,NA,NA,NA,NA,NA,NA,0,0,0,0,0,0,0,0,NA,NA,NA,NA,0.145,0.066717,1.69,0.874734,0.005,0.007413,NA,NA,NA,NA,NA,NA,NA,NA,NA,NA,NA,NA,NA,NA,NA,NA,NA,NA,NA,NA,NA,NA,NA,NA,NA,NA
"353","Robby Anderson","MIA","WR","12930","robust",NA,NA,NA,NA,NA,NA,NA,NA,NA,NA,0,0,0,0,0,0,0,0,NA,NA,NA,NA,0.145,0.066717,1.545,0.808017,0.005,0.007413,NA,NA,NA,NA,NA,NA,NA,NA,NA,NA,NA,NA,NA,NA,NA,NA,NA,NA,NA,NA,NA,NA,NA,NA,NA,NA
"354","Irvin Charles","NYJ","WR","15984","robust",NA,NA,NA,NA,NA,NA,NA,NA,NA,NA,0,0,0.05,0.07413,0,0,0,0,NA,NA,NA,NA,0.1,0,1.45,0.66717,0,0,NA,NA,NA,NA,NA,NA,NA,NA,NA,NA,NA,NA,NA,NA,NA,NA,NA,NA,NA,NA,NA,NA,NA,NA,NA,NA
"355","Tylan Wallace","BAL","WR","15285","robust",NA,NA,NA,NA,NA,NA,NA,NA,NA,NA,0,0,0,0,0,0,0,0,NA,NA,NA,NA,0.1,0,1.1,0.14826,0,0,NA,NA,NA,NA,NA,NA,NA,NA,NA,NA,NA,NA,NA,NA,NA,NA,NA,NA,NA,NA,NA,NA,NA,NA,NA,NA
"356","Travis Kelce","KC","TE","11244","robust",NA,NA,NA,NA,NA,NA,NA,NA,NA,NA,0,0,0.046,0.0681996,0,0,0.05,0.037065,0,NA,0,NA,6.1,0.14826,66.45,3.78063,0.45,0.037065,NA,NA,NA,NA,NA,NA,NA,NA,NA,NA,NA,NA,NA,NA,NA,NA,NA,NA,NA,NA,NA,NA,NA,NA,NA,NA
"357","George Kittle","SF","TE","13299","robust",NA,NA,NA,NA,NA,NA,NA,NA,NA,NA,0,0,0.082,0.1215732,0,0,0,0,0,NA,0,NA,4.5075,0.333585000000001,62.5,2.9652,0.4325,0.051891,NA,NA,NA,NA,NA,NA,NA,NA,NA,NA,NA,NA,NA,NA,NA,NA,NA,NA,NA,NA,NA,NA,NA,NA,NA,NA
"358","T.J. Hockenson","MIN","TE","14138","robust",NA,NA,NA,NA,NA,NA,NA,NA,NA,NA,0,0,0.012,0.0177912,0,0,0.05,0.037065,0,NA,0,NA,5.8,0.29652,61.0425,4.129041,0.3,0.022239,NA,NA,NA,NA,NA,NA,NA,NA,NA,NA,NA,NA,NA,NA,NA,NA,NA,NA,NA,NA,NA,NA,NA,NA,NA,NA
"359","Trey McBride","ARI","TE","15794","robust",NA,NA,NA,NA,NA,NA,NA,NA,NA,NA,0,0,0.007,0.0103782,0,0,0,0,0,NA,0,NA,5.4925,0.511497,55.5075,2.14976999999999,0.2075,0.022239,NA,NA,NA,NA,NA,NA,NA,NA,NA,NA,NA,NA,NA,NA,NA,NA,NA,NA,NA,NA,NA,NA,NA,NA,NA,NA
"360","Evan Engram","JAC","TE","13189","robust",NA,NA,NA,NA,NA,NA,NA,NA,NA,NA,0,0,0.027,0.0400302,0,0,0.05,0.037065,0,NA,0,NA,6.135,0.615279,54.64,2.2239,0.28,0,NA,NA,NA,NA,NA,NA,NA,NA,NA,NA,NA,NA,NA,NA,NA,NA,NA,NA,NA,NA,NA,NA,NA,NA,NA,NA
"361","Sam LaPorta","DET","TE","16214","robust",NA,NA,NA,NA,NA,NA,NA,NA,NA,NA,0,0,0.023,0.0340998,0,0,0,0,0,NA,0,NA,4.9,0.148259999999999,53.04,1.601208,0.3425,0.081543,NA,NA,NA,NA,NA,NA,NA,NA,NA,NA,NA,NA,NA,NA,NA,NA,NA,NA,NA,NA,NA,NA,NA,NA,NA,NA
"362","Cole Kmet","CHI","TE","14867","robust",NA,NA,NA,NA,NA,NA,NA,NA,NA,NA,0,0,0.23,0.227332,0,0,0,0,0,NA,0,NA,4.035,0.244629,40.25,3.92889,0.255,0.059304,NA,NA,NA,NA,NA,NA,NA,NA,NA,NA,NA,NA,NA,NA,NA,NA,NA,NA,NA,NA,NA,NA,NA,NA,NA,NA
"363","Jake Ferguson","DAL","TE","15799","robust",NA,NA,NA,NA,NA,NA,NA,NA,NA,NA,0,0,0.006,0.0088956,0,0,0,0,0,NA,0,NA,4.15,0.51891,44.1575,3.85476,0.3,0,NA,NA,NA,NA,NA,NA,NA,NA,NA,NA,NA,NA,NA,NA,NA,NA,NA,NA,NA,NA,NA,NA,NA,NA,NA,NA
"364","David Njoku","CLE","TE","13192","robust",NA,NA,NA,NA,NA,NA,NA,NA,NA,NA,0,0,-0.008,0.0118608,0,0,0.05,0.037065,0,NA,0,NA,4.4,0.363237,47.1,3.33585,0.285,0.022239,NA,NA,NA,NA,NA,NA,NA,NA,NA,NA,NA,NA,NA,NA,NA,NA,NA,NA,NA,NA,NA,NA,NA,NA,NA,NA
"365","Kyle Pitts","ATL","TE","15329","robust",NA,NA,NA,NA,NA,NA,NA,NA,NA,NA,0,0,0.026,0.0385476,0,0,0,0,0,NA,0,NA,3.575,0.51891,41.89,4.121628,0.2,0,NA,NA,NA,NA,NA,NA,NA,NA,NA,NA,NA,NA,NA,NA,NA,NA,NA,NA,NA,NA,NA,NA,NA,NA,NA,NA
"366","Isaiah Likely","BAL","TE","15798","robust",NA,NA,NA,NA,NA,NA,NA,NA,NA,NA,0,0,0.025,0.044478,0,0,0,0,0,NA,0,NA,3.4825,0.29652,40.99,5.78214,0.215,0.029652,NA,NA,NA,NA,NA,NA,NA,NA,NA,NA,NA,NA,NA,NA,NA,NA,NA,NA,NA,NA,NA,NA,NA,NA,NA,NA
"367","Darren Waller","NYG","TE","12263","robust",NA,NA,NA,NA,NA,NA,NA,NA,NA,NA,0,0,0.008,0.0118608,0,0,0,0,0,NA,0,NA,3.0675,0.541149,37.55,4.00302,0.2,0,NA,NA,NA,NA,NA,NA,NA,NA,NA,NA,NA,NA,NA,NA,NA,NA,NA,NA,NA,NA,NA,NA,NA,"Hamstring",2023,15
"368","Dallas Goedert","PHI","TE","13674","robust",NA,NA,NA,NA,NA,NA,NA,NA,NA,NA,0,0,0.003,0.0044478,0,0,0,0,0,NA,0,NA,4,0.0741299999999997,44.3,0.815430000000001,0.2,0,NA,NA,NA,NA,NA,NA,NA,NA,NA,NA,NA,NA,NA,NA,NA,NA,NA,NA,NA,NA,NA,NA,NA,NA,NA,NA
"369","Dalton Kincaid","BUF","TE","16213","robust",NA,NA,NA,NA,NA,NA,NA,NA,NA,NA,0,0,0.006,0.0088956,0,0,0.05,0.037065,0,NA,0,NA,4.615,0.155673,43.01,1.08229800000001,0.2275,0.066717,NA,NA,NA,NA,NA,NA,NA,NA,NA,NA,NA,NA,NA,NA,NA,NA,NA,NA,NA,NA,NA,NA,NA,NA,NA,NA
"370","Dalton Schultz","HOU","TE","13772","robust",NA,NA,NA,NA,NA,NA,NA,NA,NA,NA,0,0,0.006,0.0088956,0,0,0.01875,0.0185325,0,NA,0,NA,3.5775,0.289107,41.6325,2.720571,0.2425,0.07413,NA,NA,NA,NA,NA,NA,NA,NA,NA,NA,NA,NA,NA,NA,NA,NA,NA,NA,NA,NA,NA,NA,NA,NA,NA,NA
"371","Pat Freiermuth","PIT","TE","15331","robust",NA,NA,NA,NA,NA,NA,NA,NA,NA,NA,0,0,0.001,0.0014826,0,0,0,0,0,NA,0,NA,3.2925,0.400302,36.2375,1.957032,0.195,0.00741300000000001,NA,NA,NA,NA,NA,NA,NA,NA,NA,NA,NA,NA,NA,NA,NA,NA,NA,NA,NA,NA,NA,NA,NA,NA,NA,NA
"372","Tyler Conklin","NYJ","TE","13675","robust",NA,NA,NA,NA,NA,NA,NA,NA,NA,NA,0,0,0.06,0.059304,0,0,0,0,0,NA,0,NA,3.2,0.029652,34.7025,1.63086,0.1,0.103782,NA,NA,NA,NA,NA,NA,NA,NA,NA,NA,NA,NA,NA,NA,NA,NA,NA,NA,NA,NA,NA,NA,NA,NA,NA,NA
"373","Hunter Henry","NE","TE","12676","robust",NA,NA,NA,NA,NA,NA,NA,NA,NA,NA,0,0,0.006,0.0088956,0,0,0,0,0,NA,0,NA,2.765,0.37065,29.43,4.336605,0.2,0.029652,NA,NA,NA,NA,NA,NA,NA,NA,NA,NA,NA,NA,NA,NA,NA,NA,NA,NA,NA,NA,NA,NA,NA,NA,NA,NA
"374","Jonnu Smith","ATL","TE","13193","robust",NA,NA,NA,NA,NA,NA,NA,NA,NA,NA,0,0,0.161,0.2386986,0.001,0.0014826,0.01875,0.0185325,0,NA,0,NA,2.6375,0.555975,28.2575,3.654609,0.15,0.051891,NA,NA,NA,NA,NA,NA,NA,NA,NA,NA,NA,NA,NA,NA,NA,NA,NA,NA,NA,NA,NA,NA,NA,NA,NA,NA
"375","Logan Thomas","WAS","TE","11647","robust",NA,NA,NA,NA,NA,NA,NA,NA,NA,NA,0,0,0.065,0.07413,0,0,0.05,0.037065,0,NA,0,NA,3,0,32.585,2.920722,0.2,0,NA,NA,NA,NA,NA,NA,NA,NA,NA,NA,NA,NA,NA,NA,NA,NA,NA,NA,NA,NA,NA,NA,NA,NA,NA,NA
"376","Brevin Jordan","HOU","TE","15330","robust",NA,NA,NA,NA,NA,NA,NA,NA,NA,NA,0,0,0.004,0,0,0,0,0,0,NA,0,NA,1.375,0.14826,16.4,2.44629,0.095,0.014826,NA,NA,NA,NA,NA,NA,NA,NA,NA,NA,NA,NA,NA,NA,NA,NA,NA,NA,NA,NA,NA,NA,NA,NA,NA,NA
"377","Gerald Everett","LAC","TE","13236","robust",NA,NA,NA,NA,NA,NA,NA,NA,NA,NA,0,0,0.063,0.0934038,0.001,0.0014826,0,0,0,NA,0,NA,3.345,0.429954,33.7975,2.601963,0.2,0.037065,NA,NA,NA,NA,NA,NA,NA,NA,NA,NA,NA,NA,NA,NA,NA,NA,NA,NA,NA,NA,NA,NA,NA,NA,NA,NA
"378","Chigoziem Okonkwo","TEN","TE","15889","robust",NA,NA,NA,NA,NA,NA,NA,NA,NA,NA,0.1,0,0.692,0.2342508,0.001875,0.00185325,0,0,0,NA,0,NA,3.15,0.200151,34,1.55673,0.15,0.051891,NA,NA,NA,NA,NA,NA,NA,NA,NA,NA,NA,NA,NA,NA,NA,NA,NA,NA,NA,NA,NA,NA,NA,NA,NA,NA
"379","Cade Otton","TB","TE","15802","robust",NA,NA,NA,NA,NA,NA,NA,NA,NA,NA,0,0,0.005,0.007413,0,0,0.05,0.037065,0,NA,0,NA,3.025,0.014826,30.285,2.283204,0.1875,0.029652,NA,NA,NA,NA,NA,NA,NA,NA,NA,NA,NA,NA,NA,NA,NA,NA,NA,NA,NA,NA,NA,NA,NA,NA,NA,NA
"380","Tucker Kraft","GB","TE","16222","robust",NA,NA,NA,NA,NA,NA,NA,NA,NA,NA,0,0,0.01,0,0,0,0,0,0,NA,0,NA,2.59,0.192738,28.75,0.563387999999998,0.185,0,NA,NA,NA,NA,NA,NA,NA,NA,NA,NA,NA,NA,NA,NA,NA,NA,NA,NA,NA,NA,NA,NA,NA,NA,NA,NA
"381","Juwan Johnson","NO","TE","14861","robust",NA,NA,NA,NA,NA,NA,NA,NA,NA,NA,0,0,0.306,0.4536756,0.01875,0.0185325,0,0,0,NA,0,NA,2.2,0.29652,24.6775,6.011943,0.15,0.044478,NA,NA,NA,NA,NA,NA,NA,NA,NA,NA,NA,NA,NA,NA,NA,NA,NA,NA,NA,NA,NA,NA,NA,NA,NA,NA
"382","Tyler Higbee","LAR","TE","12678","robust",NA,NA,NA,NA,NA,NA,NA,NA,NA,NA,0,0,0.007,0.0103782,0,0,0,0,0,NA,0,NA,2.605,0.378062999999999,27.96,1.4826,0.2,0,NA,NA,NA,NA,NA,NA,NA,NA,NA,NA,NA,NA,NA,NA,NA,NA,NA,NA,NA,NA,NA,NA,NA,NA,NA,NA
"383","Michael Mayer","LVR","TE","16212","robust",NA,NA,NA,NA,NA,NA,NA,NA,NA,NA,0,0,0.003,0.0044478,0,0,0,0,0,NA,0,NA,2.4,0.0889560000000001,27.6,0.593040000000003,0.1,0,NA,NA,NA,NA,NA,NA,NA,NA,NA,NA,NA,NA,NA,NA,NA,NA,NA,NA,NA,NA,NA,NA,NA,NA,NA,NA
"384","Tanner Hudson","CIN","TE","14370","robust",NA,NA,NA,NA,NA,NA,NA,NA,NA,NA,0,0,0.004,0,0,0,0,0,0,NA,0,NA,2.4,0.44478,25,3.899238,0.1,0,NA,NA,NA,NA,NA,NA,NA,NA,NA,NA,NA,NA,NA,NA,NA,NA,NA,NA,NA,NA,NA,NA,NA,NA,NA,NA
"385","Noah Fant","SEA","TE","14137","robust",NA,NA,NA,NA,NA,NA,NA,NA,NA,NA,0,0,0.011,0.0163086,0,0,0,0,0,NA,0,NA,2.205,0.22239,24.5,2.2239,0.1025,0.007413,NA,NA,NA,NA,NA,NA,NA,NA,NA,NA,NA,NA,NA,NA,NA,NA,NA,NA,NA,NA,NA,NA,NA,NA,NA,NA
"386","Taysom Hill","NO","TE","13424","robust",NA,NA,NA,NA,NA,NA,NA,NA,NA,NA,3.956875,0.0426247500000001,27.2729166666667,3.6385475,0.2125,0.259455,0.044,0.0504084,0,NA,0,NA,1.76,0.22239,16.1675,1.875489,0.08,0.022239,NA,NA,NA,NA,NA,NA,NA,NA,NA,NA,NA,NA,NA,NA,NA,NA,NA,NA,NA,NA,NA,NA,NA,NA,NA,NA
"387","Davis Allen","LAR","TE","16219","robust",NA,NA,NA,NA,NA,NA,NA,NA,NA,NA,0,0,0.00375,0.00555975,0,0,0,0,0,NA,0,NA,0.85,0.311346,8.35,3.03933,0.1,0.00741300000000001,NA,NA,NA,NA,NA,NA,NA,NA,NA,NA,NA,NA,NA,NA,NA,NA,NA,NA,NA,NA,NA,NA,NA,NA,NA,NA
"388","Kylen Granson","IND","TE","15419","robust",NA,NA,NA,NA,NA,NA,NA,NA,NA,NA,0,0,0.177,0.2624202,0.001,0.0014826,0,0,0,NA,0,NA,1.7,0.29652,17.86,2.475942,0.0625,0.037065,NA,NA,NA,NA,NA,NA,NA,NA,NA,NA,NA,NA,NA,NA,NA,NA,NA,NA,NA,NA,NA,NA,NA,NA,NA,NA
"389","Dawson Knox","BUF","TE","14143","robust",NA,NA,NA,NA,NA,NA,NA,NA,NA,NA,0,0,0.007,0.0103782,0,0,0,0,0,NA,0,NA,2,0.0741300000000001,20.65,0.778365000000001,0.15,0.07413,NA,NA,NA,NA,NA,NA,NA,NA,NA,NA,NA,NA,NA,NA,NA,NA,NA,NA,NA,NA,NA,NA,NA,NA,NA,NA
"390","Andrew Ogletree","IND","TE","15916","robust",NA,NA,NA,NA,NA,NA,NA,NA,NA,NA,0,0,0.0333333333333333,0.02471,0,0,0,0,0,NA,0,NA,1,0.081543,11,1.171254,0.08,0.014826,NA,NA,NA,NA,NA,NA,NA,NA,NA,NA,NA,NA,NA,NA,NA,NA,NA,NA,NA,NA,NA,NA,NA,NA,NA,NA
"391","Mo Alie-Cox","IND","TE","13246","robust",NA,NA,NA,NA,NA,NA,NA,NA,NA,NA,0,0,0,0,0,0,0,0,0,NA,0,NA,1.05,0.44478,13.75,3.350676,0.1,0.088956,NA,NA,NA,NA,NA,NA,NA,NA,NA,NA,NA,NA,NA,NA,NA,NA,NA,NA,NA,NA,NA,NA,NA,NA,NA,NA
"392","Jeremy Ruckert","NYJ","TE","15796","robust",NA,NA,NA,NA,NA,NA,NA,NA,NA,NA,0,0,0.005,0.014826,0,0,0,0,0,NA,0,NA,1.55,0.311346,15.1,3.721326,0.065,0.029652,NA,NA,NA,NA,NA,NA,NA,NA,NA,NA,NA,NA,NA,NA,NA,NA,NA,NA,NA,NA,NA,NA,NA,NA,NA,NA
"393","Will Mallory","IND","TE","16220","robust",NA,NA,NA,NA,NA,NA,NA,NA,NA,NA,0,0,0.00625,0.00926625,0,0,0,0,0,NA,0,NA,1.6,0.0741300000000001,17.35,0.518909999999999,0.1,0.014826,NA,NA,NA,NA,NA,NA,NA,NA,NA,NA,NA,NA,NA,NA,NA,NA,NA,NA,NA,NA,NA,NA,NA,NA,NA,NA
"394","Adam Trautman","DEN","TE","14870","robust",NA,NA,NA,NA,NA,NA,NA,NA,NA,NA,0,0,0.007,0.0103782,0,0,0,0,0,NA,0,NA,1.63,0.140847,16.45,1.957032,0.125,0.044478,NA,NA,NA,NA,NA,NA,NA,NA,NA,NA,NA,NA,NA,NA,NA,NA,NA,NA,NA,NA,NA,NA,NA,NA,NA,NA
"395","Mike Gesicki","NE","TE","13672","robust",NA,NA,NA,NA,NA,NA,NA,NA,NA,NA,0,0,0.005,0.014826,0,0,0,0,0,NA,0,NA,0.92,0.326172,8.245,3.18759,0.05,0.044478,NA,NA,NA,NA,NA,NA,NA,NA,NA,NA,NA,NA,NA,NA,NA,NA,NA,NA,NA,NA,NA,NA,NA,NA,NA,NA
"396","Elijah Higgins","ARI","TE","16333","robust",NA,NA,NA,NA,NA,NA,NA,NA,NA,NA,0,0,0,0,0,0,0,0,0,NA,0,NA,0.95,0.07413,9.15,0.185325,0.05,0.037065,NA,NA,NA,NA,NA,NA,NA,NA,NA,NA,NA,NA,NA,NA,NA,NA,NA,NA,NA,NA,NA,NA,NA,NA,NA,NA
"397","Tommy Tremble","CAR","TE","15332","robust",NA,NA,NA,NA,NA,NA,NA,NA,NA,NA,0,0,0.035,0.051891,0,0,0,0,0,NA,0,NA,1.5,0.14826,14.09,2.453703,0.1075,0.044478,NA,NA,NA,NA,NA,NA,NA,NA,NA,NA,NA,NA,NA,NA,NA,NA,NA,NA,NA,NA,NA,NA,NA,NA,NA,NA
"398","Durham Smythe","MIA","TE","13676","robust",NA,NA,NA,NA,NA,NA,NA,NA,NA,NA,0,0,0.01,0.014826,0,0,0.01875,0.0185325,0,NA,0,NA,1.3,0.44478,12.0525,2.031162,0.07,0,NA,NA,NA,NA,NA,NA,NA,NA,NA,NA,NA,NA,NA,NA,NA,NA,NA,NA,NA,NA,NA,NA,NA,NA,NA,NA
"399","Noah Gray","KC","TE","15337","robust",NA,NA,NA,NA,NA,NA,NA,NA,NA,NA,0,0,0.20625,0.3150525,0,0,0,0,0,NA,0,NA,1.215,0.340998,12.3725,5.04084,0.1,0,NA,NA,NA,NA,NA,NA,NA,NA,NA,NA,NA,NA,NA,NA,NA,NA,NA,NA,NA,NA,NA,NA,NA,NA,NA,NA
"400","Colby Parkinson","SEA","TE","14871","robust",NA,NA,NA,NA,NA,NA,NA,NA,NA,NA,0,0,0.005,0.014826,0,0,0,0,0,NA,0,NA,1,0.14826,10.975,1.77912,0.0925,0,NA,NA,NA,NA,NA,NA,NA,NA,NA,NA,NA,NA,NA,NA,NA,NA,NA,NA,NA,NA,NA,NA,NA,NA,NA,NA
"401","Will Dissly","SEA","TE","13763","robust",NA,NA,NA,NA,NA,NA,NA,NA,NA,NA,0,0,0.00875,0.01297275,0,0,0,0,0,NA,0,NA,0.985,0.029652,10.5,0.830255999999999,0.085,0,NA,NA,NA,NA,NA,NA,NA,NA,NA,NA,NA,NA,NA,NA,NA,NA,NA,NA,NA,NA,NA,NA,NA,NA,NA,NA
"402","Geoff Swaim","ARI","TE","12378","robust",NA,NA,NA,NA,NA,NA,NA,NA,NA,NA,0,0,0,0,0,0,0,0,0,NA,0,NA,1.1,0.14826,8.375,0.148259999999999,0.075,0,NA,NA,NA,NA,NA,NA,NA,NA,NA,NA,NA,NA,NA,NA,NA,NA,NA,NA,NA,NA,NA,NA,"Q","Back",2023,15
"403","Charlie Kolar","BAL","TE","15795","robust",NA,NA,NA,NA,NA,NA,NA,NA,NA,NA,NA,NA,0.1,0,0,0,0,0,NA,NA,NA,NA,0.95,0.81543,9.7,9.34038,0.05,0.07413,NA,NA,NA,NA,NA,NA,NA,NA,NA,NA,NA,NA,NA,NA,NA,NA,NA,NA,NA,NA,NA,NA,NA,NA,NA,NA
"404","Luke Farrell","JAC","TE","15335","robust",NA,NA,NA,NA,NA,NA,NA,NA,NA,NA,0,0,0.005,0,0,0,0,0,0,NA,0,NA,0.82,0.340998,7.58,2.312856,0.035,0.044478,NA,NA,NA,NA,NA,NA,NA,NA,NA,NA,NA,NA,NA,NA,NA,NA,NA,NA,NA,NA,NA,NA,NA,NA,NA,NA
"405","Daniel Bellinger","NYG","TE","15873","robust",NA,NA,NA,NA,NA,NA,NA,NA,NA,NA,0,0,0.034,0.0504084,0,0,0,0,0,NA,0,NA,0.965,0.177912,10.76,1.423296,0.075,0,NA,NA,NA,NA,NA,NA,NA,NA,NA,NA,NA,NA,NA,NA,NA,NA,NA,NA,NA,NA,NA,NA,NA,NA,NA,NA
"406","Irv Smith Jr.","CIN","TE","14141","robust",NA,NA,NA,NA,NA,NA,NA,NA,NA,NA,0,0,0.0133333333333333,0.009884,0,0,0.0666666666666667,0.02471,0,NA,0,NA,1,0.748713,9.1,3.491523,0.05,0.029652,NA,NA,NA,NA,NA,NA,NA,NA,NA,NA,NA,NA,NA,NA,NA,NA,NA,NA,NA,NA,NA,NA,NA,NA,NA,NA
"407","Connor Heyward","PIT","TE","15800","robust",NA,NA,NA,NA,NA,NA,NA,NA,NA,NA,0,0,0.05125,0.1519665,0,0,0,0,0,NA,0,NA,1.1725,0.29652,11.0975,2.52042,0.0725,0.029652,NA,NA,NA,NA,NA,NA,NA,NA,NA,NA,NA,NA,NA,NA,NA,NA,NA,NA,NA,NA,NA,NA,NA,NA,NA,NA
"408","Austin Hooper","LVR","TE","12677","robust",NA,NA,NA,NA,NA,NA,NA,NA,NA,NA,0,0,0.005,0.014826,0,0,0,0,0,NA,0,NA,1.05,0,10.8775,1.319514,0.065,0.029652,NA,NA,NA,NA,NA,NA,NA,NA,NA,NA,NA,NA,NA,NA,NA,NA,NA,NA,NA,NA,NA,NA,NA,NA,NA,NA
"409","Stephen Sullivan","CAR","TE","15026","robust",NA,NA,NA,NA,NA,NA,NA,NA,NA,NA,0,0,0.005,0.007413,0,0,0,0,0,NA,0,NA,1.2,0.281694,12.3,2.246139,0.075,0,NA,NA,NA,NA,NA,NA,NA,NA,NA,NA,NA,NA,NA,NA,NA,NA,NA,NA,NA,NA,NA,NA,NA,NA,NA,NA
"410","John Bates","WAS","TE","15344","robust",NA,NA,NA,NA,NA,NA,NA,NA,NA,NA,0,0,0.005,0.014826,0,0,0,0,0,NA,0,NA,0.93,0.14826,9.6,2.66868,0.0525,0.059304,NA,NA,NA,NA,NA,NA,NA,NA,NA,NA,NA,NA,NA,NA,NA,NA,NA,NA,NA,NA,NA,NA,NA,NA,NA,NA
"411","Foster Moreau","NO","TE","14239","robust",NA,NA,NA,NA,NA,NA,NA,NA,NA,NA,0,0,0.2875,0.3817695,0,0,0,0,0,NA,0,NA,0.91,0.07413,11,0.452193000000001,0.07,0.00741300000000001,NA,NA,NA,NA,NA,NA,NA,NA,NA,NA,NA,NA,NA,NA,NA,NA,NA,NA,NA,NA,NA,NA,NA,NA,NA,NA
"412","Andrew Beck","HOU","TE","14319","robust",NA,NA,NA,NA,NA,NA,NA,NA,NA,NA,0,0,1.1,0.81543,0.005,0.0037065,0.075,0.07413,0,NA,0,NA,0.73,0.029652,6.9,0,0.1,0,NA,NA,NA,NA,NA,NA,NA,NA,NA,NA,NA,NA,NA,NA,NA,NA,NA,NA,NA,NA,NA,NA,NA,NA,NA,NA
"413","Josh Oliver","MIN","TE","14209","robust",NA,NA,NA,NA,NA,NA,NA,NA,NA,NA,0,0,0.0075,0.022239,0,0,0.0125,0.037065,0,NA,0,NA,0.87,0.326172,7.505,1.022994,0.095,0.014826,NA,NA,NA,NA,NA,NA,NA,NA,NA,NA,NA,NA,NA,NA,NA,NA,NA,NA,NA,NA,NA,NA,NA,NA,NA,NA
"414","Brock Wright","DET","TE","15626","robust",NA,NA,NA,NA,NA,NA,NA,NA,NA,NA,0,0,0.005,0.007413,0,0,0,0,0,NA,0,NA,0.84,0.07413,7.93,0.437367,0.09,0,NA,NA,NA,NA,NA,NA,NA,NA,NA,NA,NA,NA,NA,NA,NA,NA,NA,NA,NA,NA,NA,NA,NA,NA,NA,NA
"415","Josiah Deguara","GB","TE","14876","robust",NA,NA,NA,NA,NA,NA,NA,NA,NA,NA,0,NA,0,0,0,0,0,0,0,NA,0,NA,1.15,0.32123,10.3,2.64397,0.01828165374677,0.0180695865633075,NA,NA,NA,NA,NA,NA,NA,NA,NA,NA,NA,NA,NA,NA,NA,NA,NA,NA,NA,NA,NA,NA,NA,NA,NA,NA
"416","Drew Sample","CIN","TE","14146","robust",NA,NA,NA,NA,NA,NA,NA,NA,NA,NA,0,0,0.0075,0.0111195,0,0,0,0,0,NA,0,NA,1.29,0.014826,10.3,1.549317,0.1,0,NA,NA,NA,NA,NA,NA,NA,NA,NA,NA,NA,NA,NA,NA,NA,NA,NA,NA,NA,NA,NA,NA,"Q","Illness",2023,15
"417","Harrison Bryant","CLE","TE","14875","robust",NA,NA,NA,NA,NA,NA,NA,NA,NA,NA,0,0,1.0145,0.0859908000000001,0.001,0,0.0125,0.037065,0,NA,0,NA,0.895,0.281694,7.8,2.07564,0.1,0.133434,NA,NA,NA,NA,NA,NA,NA,NA,NA,NA,NA,NA,NA,NA,NA,NA,NA,NA,NA,NA,NA,NA,NA,NA,NA,NA
"418","James Mitchell","DET","TE","15909","robust",NA,NA,NA,NA,NA,NA,NA,NA,NA,NA,0,NA,0,0,0,0,0,0,0,NA,0,NA,0.65,0.59304,6.525,5.78214,0.075,0,NA,NA,NA,NA,NA,NA,NA,NA,NA,NA,NA,NA,NA,NA,NA,NA,NA,NA,NA,NA,NA,NA,NA,NA,NA,NA
"419","Trevon Wesco","TEN","TE","14231","robust",NA,NA,NA,NA,NA,NA,NA,NA,NA,NA,0,0,-0.05,0.07413,0,0,0,0,0,NA,0,NA,0.4975,0.311346,5.4875,3.78063,0.0025,0,NA,NA,NA,NA,NA,NA,NA,NA,NA,NA,NA,NA,NA,NA,NA,NA,NA,NA,NA,NA,NA,NA,NA,NA,NA,NA
"420","Robert Tonyan","CHI","TE","13427","robust",NA,NA,NA,NA,NA,NA,NA,NA,NA,NA,0,NA,0,0,0,0,0,0,0,NA,0,NA,1,0.14826,7.425,2.37216,0,0,NA,NA,NA,NA,NA,NA,NA,NA,NA,NA,NA,NA,NA,NA,NA,NA,NA,NA,NA,NA,NA,NA,NA,NA,NA,NA
"421","Jordan Akins","CLE","TE","13753","robust",NA,NA,NA,NA,NA,NA,NA,NA,NA,NA,0,0,0.00375,0,0,0,0.0333333333333333,0.04942,0,NA,0,NA,0.835,0.192738,7.8,0.133434,0.06,0.059304,NA,NA,NA,NA,NA,NA,NA,NA,NA,NA,NA,NA,NA,NA,NA,NA,NA,NA,NA,NA,NA,NA,NA,NA,NA,NA
"422","MyCole Pruitt","ATL","TE","12309","robust",NA,NA,NA,NA,NA,NA,NA,NA,NA,NA,0,0,0,0,0,0,0,0,0,NA,0,NA,0.75,0.0593040000000001,6.09,0.859908,0.1,0.14826,NA,NA,NA,NA,NA,NA,NA,NA,NA,NA,NA,NA,NA,NA,NA,NA,NA,NA,NA,NA,NA,NA,NA,NA,NA,NA
"423","Nick Vannett","LAC","TE","12680","robust",NA,NA,NA,NA,NA,NA,NA,NA,NA,NA,NA,NA,0,0,0,0,0,0,NA,NA,NA,NA,0.85,0.37065,8,2.9652,0,0,NA,NA,NA,NA,NA,NA,NA,NA,NA,NA,NA,NA,NA,NA,NA,NA,NA,NA,NA,NA,NA,NA,NA,NA,NA,NA
"424","Johnny Mundt","MIN","TE","13940","robust",NA,NA,NA,NA,NA,NA,NA,NA,NA,NA,0,0,0,0,0,0,0,0,0,NA,0,NA,0.485,0.088956,4.3225,0.311346,0.0025,0,NA,NA,NA,NA,NA,NA,NA,NA,NA,NA,NA,NA,NA,NA,NA,NA,NA,NA,NA,NA,NA,NA,NA,NA,NA,NA
"425","Stone Smartt","LAC","TE","16113","robust",NA,NA,NA,NA,NA,NA,NA,NA,NA,NA,0,0,0,0,0,0,0,0,0,NA,0,NA,0.6675,0.400302,6.4575,3.306198,0.01,0,NA,NA,NA,NA,NA,NA,NA,NA,NA,NA,NA,NA,NA,NA,NA,NA,NA,NA,NA,NA,NA,NA,NA,NA,NA,NA
"426","Jack Stoll","PHI","TE","15541","robust",NA,NA,NA,NA,NA,NA,NA,NA,NA,NA,NA,NA,0,0,0,0,0,0,NA,NA,NA,NA,0.6,0.59304,5.1,5.78214,0,0,NA,NA,NA,NA,NA,NA,NA,NA,NA,NA,NA,NA,NA,NA,NA,NA,NA,NA,NA,NA,NA,NA,NA,NA,NA,NA
"427","Brycen Hopkins","LAR","TE","14868","robust",NA,NA,NA,NA,NA,NA,NA,NA,NA,NA,0,NA,0,0,0,0,0,0,0,NA,0,NA,0.5,0.14826,6.675,1.4826,0.025,0,NA,NA,NA,NA,NA,NA,NA,NA,NA,NA,NA,NA,NA,NA,NA,NA,NA,NA,NA,NA,NA,NA,NA,NA,NA,NA
"428","Cole Turner","WAS","TE","15803","robust",NA,NA,NA,NA,NA,NA,NA,NA,NA,NA,0,0,0,0,0,0,0,0,0,NA,0,NA,0.8,0.14826,7.3,0.59304,0.03,0,NA,NA,NA,NA,NA,NA,NA,NA,NA,NA,NA,NA,NA,NA,NA,NA,NA,NA,NA,NA,NA,NA,NA,NA,NA,NA
"429","Mitchell Wilcox","CIN","TE","15563","robust",NA,NA,NA,NA,NA,NA,NA,NA,NA,NA,0,0,0,0,0,0,0,0,0,NA,0,NA,0.8,0.14826,6.34,1.749468,0.01,0,NA,NA,NA,NA,NA,NA,NA,NA,NA,NA,NA,NA,NA,NA,NA,NA,NA,NA,NA,NA,NA,NA,NA,NA,NA,NA
"430","Darnell Washington","PIT","TE","16216","robust",NA,NA,NA,NA,NA,NA,NA,NA,NA,NA,0,0,0.01,0.014826,0,0,0,0,0,NA,0,NA,0.66,0.133434,6,2.07564,0.025,0,NA,NA,NA,NA,NA,NA,NA,NA,NA,NA,NA,NA,NA,NA,NA,NA,NA,NA,NA,NA,NA,NA,NA,NA,NA,NA
"431","Quintin Morris","BUF","TE","15341","robust",NA,NA,NA,NA,NA,NA,NA,NA,NA,NA,0,NA,0,0,0,0,0,0,0,NA,0,NA,0.3,0.14826,2.65,0.14826,0.025,0,NA,NA,NA,NA,NA,NA,NA,NA,NA,NA,NA,NA,NA,NA,NA,NA,NA,NA,NA,NA,NA,NA,NA,NA,NA,NA
"432","Pharaoh Brown","NE","TE","13994","robust",NA,NA,NA,NA,NA,NA,NA,NA,NA,NA,0,0,0,0,0,0,0,0,0,NA,0,NA,0.625,0.29652,6.55,0.81543,0,0,NA,NA,NA,NA,NA,NA,NA,NA,NA,NA,NA,NA,NA,NA,NA,NA,NA,NA,NA,NA,NA,NA,NA,NA,NA,NA
"433","Brayden Willis","SF","TE","16367","robust",NA,NA,NA,NA,NA,NA,NA,NA,NA,NA,NA,NA,NA,NA,NA,NA,0,0,NA,NA,NA,NA,0.35,0.37065,4.15,4.37367,0.05,0.07413,NA,NA,NA,NA,NA,NA,NA,NA,NA,NA,NA,NA,NA,NA,NA,NA,NA,NA,NA,NA,NA,NA,NA,NA,NA,NA
"434","Luke Schoonmaker","DAL","TE","16221","robust",NA,NA,NA,NA,NA,NA,NA,NA,NA,NA,0,0,0,0,0,0,0,0,0,NA,0,NA,0.4625,0.185325,4.075,1.438122,0.055,0.059304,NA,NA,NA,NA,NA,NA,NA,NA,NA,NA,NA,NA,NA,NA,NA,NA,NA,NA,NA,NA,NA,NA,NA,NA,NA,NA
"435","Ko Kieft","TB","TE","15929","robust",NA,NA,NA,NA,NA,NA,NA,NA,NA,NA,0,0,0,0,0,0,0,0,0,NA,0,NA,0.515,0.044478,4.475,1.85325,0.0075,0,NA,NA,NA,NA,NA,NA,NA,NA,NA,NA,NA,NA,NA,NA,NA,NA,NA,NA,NA,NA,NA,NA,NA,NA,NA,NA
"436","Blake Bell","KC","TE","12213","robust",NA,NA,NA,NA,NA,NA,NA,NA,NA,NA,0,NA,0,NA,0,NA,0.15,0.22239,0,NA,0,NA,0.45,0.51891,3.8,4.00302,0.0396153846153846,0.0433375384615385,NA,NA,NA,NA,NA,NA,NA,NA,NA,NA,NA,NA,NA,NA,NA,NA,NA,NA,NA,NA,NA,NA,NA,NA,NA,NA
"437","Jimmy Graham","NO","TE","9925","robust",NA,NA,NA,NA,NA,NA,NA,NA,NA,NA,0,0,0.0166666666666667,0.02471,0,0,0,0,0,NA,0,NA,0.555,0.044478,5.295,0.7413,0.17,0.088956,NA,NA,NA,NA,NA,NA,NA,NA,NA,NA,NA,NA,NA,NA,NA,NA,NA,NA,NA,NA,NA,NA,NA,NA,NA,NA
"438","Ben Sims","GB","TE","16483","robust",NA,NA,NA,NA,NA,NA,NA,NA,NA,NA,0,0,0,0,0,0,0,0,0,NA,0,NA,0.585,0.118608,5.59,0.355824,0.06,0.044478,NA,NA,NA,NA,NA,NA,NA,NA,NA,NA,NA,NA,NA,NA,NA,NA,NA,NA,NA,NA,NA,NA,NA,NA,NA,NA
"439","Charlie Woerner","SF","TE","14984","robust",NA,NA,NA,NA,NA,NA,NA,NA,NA,NA,0,0,0,0,0,0,0,0,0,NA,0,NA,0.53,0.0593039999999999,4.97,0.904386,0.015,0,NA,NA,NA,NA,NA,NA,NA,NA,NA,NA,NA,NA,NA,NA,NA,NA,NA,NA,NA,NA,NA,NA,NA,NA,NA,NA
"440","Marcedes Lewis","CHI","TE","8269","robust",NA,NA,NA,NA,NA,NA,NA,NA,NA,NA,0,0,0,0,0,0,0,0,0,NA,0,NA,0.44,0,4.455,0.14826,0.045,0.059304,NA,NA,NA,NA,NA,NA,NA,NA,NA,NA,NA,NA,NA,NA,NA,NA,NA,NA,NA,NA,NA,NA,NA,NA,NA,NA
"441","Brenton Strange","JAC","TE","16269","robust",NA,NA,NA,NA,NA,NA,NA,NA,NA,NA,0,NA,0,0,0,0,0,0,0,NA,0,NA,0.35,0.37065,3,0.51891,0,0,NA,NA,NA,NA,NA,NA,NA,NA,NA,NA,NA,NA,NA,NA,NA,NA,NA,NA,NA,NA,NA,NA,"Q","Foot",2023,15
"442","Peyton Hendershot","DAL","TE","16000","robust",NA,NA,NA,NA,NA,NA,NA,NA,NA,NA,0,NA,0,0,0.1,0,0,0,0,NA,0,NA,0.475,0,3.775,2.52042,0.025,0,NA,NA,NA,NA,NA,NA,NA,NA,NA,NA,NA,NA,NA,NA,NA,NA,NA,NA,NA,NA,NA,NA,NA,NA,NA,NA
"443","Julian Hill","MIA","TE","16425","robust",NA,NA,NA,NA,NA,NA,NA,NA,NA,NA,0,0,0,0,0,0,0,0,0,NA,0,NA,0.47,0.059304,4.375,0.81543,0.0075,0,NA,NA,NA,NA,NA,NA,NA,NA,NA,NA,NA,NA,NA,NA,NA,NA,NA,NA,NA,NA,NA,NA,NA,NA,NA,NA
"444","Lawrence Cager","NYG","TE","15041","robust",NA,NA,NA,NA,NA,NA,NA,NA,NA,NA,NA,NA,0,0,0,0,0,0,NA,NA,NA,NA,0.3,0.29652,2.55,2.14977,0.1,0.14826,NA,NA,NA,NA,NA,NA,NA,NA,NA,NA,NA,NA,NA,NA,NA,NA,NA,NA,NA,NA,NA,NA,NA,NA,NA,NA
"445","Eric Saubert","HOU","TE","13315","robust",NA,NA,NA,NA,NA,NA,NA,NA,NA,NA,0,0,0,0,0,0,0,0,0,NA,0,NA,0.23,0.163086,2.345,1.319514,0.0025,0,NA,NA,NA,NA,NA,NA,NA,NA,NA,NA,NA,NA,NA,NA,NA,NA,NA,NA,NA,NA,NA,NA,NA,NA,NA,NA
"446","Kenny Yeboah","NYJ","TE","15339","robust",NA,NA,NA,NA,NA,NA,NA,NA,NA,NA,NA,NA,0,0,0,0,0,0,NA,NA,NA,NA,0.2,0.29652,2.25,2.59455,0,0,NA,NA,NA,NA,NA,NA,NA,NA,NA,NA,NA,NA,NA,NA,NA,NA,NA,NA,NA,NA,NA,NA,NA,NA,NA,NA
"447","Payne Durham","TB","TE","16218","robust",NA,NA,NA,NA,NA,NA,NA,NA,NA,NA,NA,NA,0,0,0,0,0,0,NA,NA,NA,NA,0.35,0.07413,3.4,0.59304,0,0,NA,NA,NA,NA,NA,NA,NA,NA,NA,NA,NA,NA,NA,NA,NA,NA,NA,NA,NA,NA,NA,NA,NA,NA,NA,NA
"448","Josh Whyle","TEN","TE","16312","robust",NA,NA,NA,NA,NA,NA,NA,NA,NA,NA,0,0,0,0,0,0,0,0,NA,NA,NA,NA,0.295,0.140847,2.84,1.393644,0.01,0.014826,NA,NA,NA,NA,NA,NA,NA,NA,NA,NA,NA,NA,NA,NA,NA,NA,NA,NA,NA,NA,NA,NA,"O","Knee",2023,15
"449","Chris Manhertz","DEN","TE","12955","robust",NA,NA,NA,NA,NA,NA,NA,NA,NA,NA,NA,NA,0,0,0,0,0,0,NA,NA,NA,NA,0.4,0,2.95,0.0741300000000001,0,0,NA,NA,NA,NA,NA,NA,NA,NA,NA,NA,NA,NA,NA,NA,NA,NA,NA,NA,NA,NA,NA,NA,NA,NA,NA,NA
"450","Jesper Horsted","LVR","TE","14752","robust",NA,NA,NA,NA,NA,NA,NA,NA,NA,NA,NA,NA,0,0,0,0,0,0,NA,NA,NA,NA,0.15,0.07413,1.05,0.0741300000000001,0,0,NA,NA,NA,NA,NA,NA,NA,NA,NA,NA,NA,NA,NA,NA,NA,NA,NA,NA,NA,NA,NA,NA,NA,NA,NA,NA
"451","Nate Adkins","DEN","TE","16474","robust",NA,NA,NA,NA,NA,NA,NA,NA,NA,NA,NA,NA,0,0,0,0,0,0,NA,NA,NA,NA,0.2,0,1,0,0,0,NA,NA,NA,NA,NA,NA,NA,NA,NA,NA,NA,NA,NA,NA,NA,NA,NA,NA,NA,NA,NA,NA,NA,NA,NA,NA
"452","Commanders","WAS","DST","0520","robust",NA,NA,NA,NA,NA,NA,NA,NA,NA,NA,NA,NA,NA,NA,NA,NA,NA,NA,NA,NA,NA,NA,NA,NA,NA,NA,NA,NA,0.72,0.185325,2.225,0.155673,0.01,0.007413,0.1,0.081543,0,NA,NA,NA,NA,NA,NA,NA,NA,NA,NA,NA,NA,NA,NA,NA,NA,NA
"453","Cardinals","ARI","DST","0519","robust",NA,NA,NA,NA,NA,NA,NA,NA,NA,NA,NA,NA,NA,NA,NA,NA,NA,NA,NA,NA,NA,NA,NA,NA,NA,NA,NA,NA,0.6,0.088956,2.14,0.237216,0.01,0.007413,0.075,0.044478,0,NA,NA,NA,NA,NA,NA,NA,NA,NA,NA,NA,NA,NA,NA,NA,NA,NA
"454","Giants","NYG","DST","0517","robust",NA,NA,NA,NA,NA,NA,NA,NA,NA,NA,NA,NA,NA,NA,NA,NA,NA,NA,NA,NA,NA,NA,NA,NA,NA,NA,NA,NA,0.885,0.14826,2.07,0.111195,0.00666666666666667,0.004942,0.15,0.07413,0,NA,NA,NA,NA,NA,NA,NA,NA,NA,NA,NA,NA,NA,NA,NA,NA,NA
"455","Bills","BUF","DST","0501","robust",NA,NA,NA,NA,NA,NA,NA,NA,NA,NA,NA,NA,NA,NA,NA,NA,NA,NA,NA,NA,NA,NA,NA,NA,NA,NA,NA,NA,0.765,0.14826,2.59,0.333585,0.0433333333333333,0.009884,0.12,0.044478,0,NA,NA,NA,NA,NA,NA,NA,NA,NA,NA,NA,NA,NA,NA,NA,NA,NA
"456","Broncos","DEN","DST","0511","robust",NA,NA,NA,NA,NA,NA,NA,NA,NA,NA,NA,NA,NA,NA,NA,NA,NA,NA,NA,NA,NA,NA,NA,NA,NA,NA,NA,NA,0.73,0.0518909999999999,2,0.111195,0.04,0.014826,0.115,0.044478,0,NA,NA,NA,NA,NA,NA,NA,NA,NA,NA,NA,NA,NA,NA,NA,NA,NA
"457","Cowboys","DAL","DST","0516","robust",NA,NA,NA,NA,NA,NA,NA,NA,NA,NA,NA,NA,NA,NA,NA,NA,NA,NA,NA,NA,NA,NA,NA,NA,NA,NA,NA,NA,0.935,0.185325,2.25,0.214977,0.0433333333333333,0.009884,0.14,0.07413,0,NA,NA,NA,NA,NA,NA,NA,NA,NA,NA,NA,NA,NA,NA,NA,NA,NA
"458","Seahawks","SEA","DST","0515","robust",NA,NA,NA,NA,NA,NA,NA,NA,NA,NA,NA,NA,NA,NA,NA,NA,NA,NA,NA,NA,NA,NA,NA,NA,NA,NA,NA,NA,0.8,0.00741300000000001,2.6,0.459606,0.0433333333333333,0.009884,0.14,0.07413,0,NA,NA,NA,NA,NA,NA,NA,NA,NA,NA,NA,NA,NA,NA,NA,NA,NA
"459","Bears","CHI","DST","0521","robust",NA,NA,NA,NA,NA,NA,NA,NA,NA,NA,NA,NA,NA,NA,NA,NA,NA,NA,NA,NA,NA,NA,NA,NA,NA,NA,NA,NA,1.02,0.29652,1.965,0.170499,0.01,0.007413,0.15,0.037065,0,NA,NA,NA,NA,NA,NA,NA,NA,NA,NA,NA,NA,NA,NA,NA,NA,NA
"460","Panthers","CAR","DST","0527","robust",NA,NA,NA,NA,NA,NA,NA,NA,NA,NA,NA,NA,NA,NA,NA,NA,NA,NA,NA,NA,NA,NA,NA,NA,NA,NA,NA,NA,0.725,0.274281,2.065,0.7413,0.0166666666666667,0.012355,0.175,0.00741300000000001,0,NA,NA,NA,NA,NA,NA,NA,NA,NA,NA,NA,NA,NA,NA,NA,NA,NA
"461","Jets","NYJ","DST","0505","robust",NA,NA,NA,NA,NA,NA,NA,NA,NA,NA,NA,NA,NA,NA,NA,NA,NA,NA,NA,NA,NA,NA,NA,NA,NA,NA,NA,NA,0.83,0.133434,2.3,0.118608,0.0733333333333333,0.039536,0.175,0.029652,0,NA,NA,NA,NA,NA,NA,NA,NA,NA,NA,NA,NA,NA,NA,NA,NA,NA
"462","Buccaneers","TB","DST","0525","robust",NA,NA,NA,NA,NA,NA,NA,NA,NA,NA,NA,NA,NA,NA,NA,NA,NA,NA,NA,NA,NA,NA,NA,NA,NA,NA,NA,NA,0.765,0.0741300000000001,2.5,0.340998,0.0433333333333333,0.009884,0.075,0.07413,0,NA,NA,NA,NA,NA,NA,NA,NA,NA,NA,NA,NA,NA,NA,NA,NA,NA
"463","Jaguars","JAC","DST","0509","robust",NA,NA,NA,NA,NA,NA,NA,NA,NA,NA,NA,NA,NA,NA,NA,NA,NA,NA,NA,NA,NA,NA,NA,NA,NA,NA,NA,NA,0.75,0.059304,2.5,0.22239,0.0133333333333333,0.009884,0.12,0.044478,0,NA,NA,NA,NA,NA,NA,NA,NA,NA,NA,NA,NA,NA,NA,NA,NA,NA
"464","Patriots","NE","DST","0504","robust",NA,NA,NA,NA,NA,NA,NA,NA,NA,NA,NA,NA,NA,NA,NA,NA,NA,NA,NA,NA,NA,NA,NA,NA,NA,NA,NA,NA,0.7,0.133434,1.7,0.192738,0.0433333333333333,0.009884,0.125,0.044478,0,NA,NA,NA,NA,NA,NA,NA,NA,NA,NA,NA,NA,NA,NA,NA,NA,NA
"465","Lions","DET","DST","0522","robust",NA,NA,NA,NA,NA,NA,NA,NA,NA,NA,NA,NA,NA,NA,NA,NA,NA,NA,NA,NA,NA,NA,NA,NA,NA,NA,NA,NA,0.7,0.00741300000000001,2.68,0.318759,0.05,0,0.125,0.051891,0,NA,NA,NA,NA,NA,NA,NA,NA,NA,NA,NA,NA,NA,NA,NA,NA,NA
"466","Steelers","PIT","DST","0510","robust",NA,NA,NA,NA,NA,NA,NA,NA,NA,NA,NA,NA,NA,NA,NA,NA,NA,NA,NA,NA,NA,NA,NA,NA,NA,NA,NA,NA,0.88,0.07413,2.655,0.548562,0.04,0.014826,0.12,0.044478,0,NA,NA,NA,NA,NA,NA,NA,NA,NA,NA,NA,NA,NA,NA,NA,NA,NA
"467","Texans","HOU","DST","0532","robust",NA,NA,NA,NA,NA,NA,NA,NA,NA,NA,NA,NA,NA,NA,NA,NA,NA,NA,NA,NA,NA,NA,NA,NA,NA,NA,NA,NA,0.81,0.14826,2.55,0.214977,0.01,0.007413,0.12,0.051891,0,NA,NA,NA,NA,NA,NA,NA,NA,NA,NA,NA,NA,NA,NA,NA,NA,NA
"468","Eagles","PHI","DST","0518","robust",NA,NA,NA,NA,NA,NA,NA,NA,NA,NA,NA,NA,NA,NA,NA,NA,NA,NA,NA,NA,NA,NA,NA,NA,NA,NA,NA,NA,0.9,0.111195,2.96,0.22239,0.0133333333333333,0.009884,0.15,0.059304,0,NA,NA,NA,NA,NA,NA,NA,NA,NA,NA,NA,NA,NA,NA,NA,NA,NA
"469","Raiders","LVR","DST","0513","robust",NA,NA,NA,NA,NA,NA,NA,NA,NA,NA,NA,NA,NA,NA,NA,NA,NA,NA,NA,NA,NA,NA,NA,NA,NA,NA,NA,NA,0.95,0.0741300000000001,2.695,0.281694,0.05,0,0.125,0.07413,0,NA,NA,NA,NA,NA,NA,NA,NA,NA,NA,NA,NA,NA,NA,NA,NA,NA
"470","Colts","IND","DST","0502","robust",NA,NA,NA,NA,NA,NA,NA,NA,NA,NA,NA,NA,NA,NA,NA,NA,NA,NA,NA,NA,NA,NA,NA,NA,NA,NA,NA,NA,0.84,0.07413,2.42,0.326172,0.0433333333333333,0.009884,0.165,0.07413,0,NA,NA,NA,NA,NA,NA,NA,NA,NA,NA,NA,NA,NA,NA,NA,NA,NA
"471","Titans","TEN","DST","0508","robust",NA,NA,NA,NA,NA,NA,NA,NA,NA,NA,NA,NA,NA,NA,NA,NA,NA,NA,NA,NA,NA,NA,NA,NA,NA,NA,NA,NA,0.84,0.088956,2.67,0.44478,0.0133333333333333,0.009884,0.1,0.037065,0,NA,NA,NA,NA,NA,NA,NA,NA,NA,NA,NA,NA,NA,NA,NA,NA,NA
"472","Rams","LAR","DST","0528","robust",NA,NA,NA,NA,NA,NA,NA,NA,NA,NA,NA,NA,NA,NA,NA,NA,NA,NA,NA,NA,NA,NA,NA,NA,NA,NA,NA,NA,0.915,0.126021,3.42,0.244629,0.0833333333333333,0.02471,0.1,0.051891,0,NA,NA,NA,NA,NA,NA,NA,NA,NA,NA,NA,NA,NA,NA,NA,NA,NA
"473","Bengals","CIN","DST","0506","robust",NA,NA,NA,NA,NA,NA,NA,NA,NA,NA,NA,NA,NA,NA,NA,NA,NA,NA,NA,NA,NA,NA,NA,NA,NA,NA,NA,NA,0.955,0,2.265,0.177912,0.01,0.007413,0.15,0.037065,0,NA,NA,NA,NA,NA,NA,NA,NA,NA,NA,NA,NA,NA,NA,NA,NA,NA
"474","Vikings","MIN","DST","0524","robust",NA,NA,NA,NA,NA,NA,NA,NA,NA,NA,NA,NA,NA,NA,NA,NA,NA,NA,NA,NA,NA,NA,NA,NA,NA,NA,NA,NA,0.75,0.022239,2.6,0.326172,0.0133333333333333,0.009884,0.1,0.029652,0,NA,NA,NA,NA,NA,NA,NA,NA,NA,NA,NA,NA,NA,NA,NA,NA,NA
"475","Falcons","ATL","DST","0526","robust",NA,NA,NA,NA,NA,NA,NA,NA,NA,NA,NA,NA,NA,NA,NA,NA,NA,NA,NA,NA,NA,NA,NA,NA,NA,NA,NA,NA,0.765,0.252042,2.5,0.318759,0.0466666666666667,0.004942,0.155,0.037065,0,NA,NA,NA,NA,NA,NA,NA,NA,NA,NA,NA,NA,NA,NA,NA,NA,NA
"476","Browns","CLE","DST","0507","robust",NA,NA,NA,NA,NA,NA,NA,NA,NA,NA,NA,NA,NA,NA,NA,NA,NA,NA,NA,NA,NA,NA,NA,NA,NA,NA,NA,NA,1,0.29652,3.315,0.333585,0.02,0.014826,0.17,0.00741300000000001,0,NA,NA,NA,NA,NA,NA,NA,NA,NA,NA,NA,NA,NA,NA,NA,NA,NA
"477","Ravens","BAL","DST","0531","robust",NA,NA,NA,NA,NA,NA,NA,NA,NA,NA,NA,NA,NA,NA,NA,NA,NA,NA,NA,NA,NA,NA,NA,NA,NA,NA,NA,NA,0.85,0.0741300000000001,3,0.415128,0.04,0.014826,0.175,0.00741300000000001,0,NA,NA,NA,NA,NA,NA,NA,NA,NA,NA,NA,NA,NA,NA,NA,NA,NA
"478","Packers","GB","DST","0523","robust",NA,NA,NA,NA,NA,NA,NA,NA,NA,NA,NA,NA,NA,NA,NA,NA,NA,NA,NA,NA,NA,NA,NA,NA,NA,NA,NA,NA,0.885,0.14826,2.15,0.214977,0.0466666666666667,0.004942,0.15,0.044478,0,NA,NA,NA,NA,NA,NA,NA,NA,NA,NA,NA,NA,NA,NA,NA,NA,NA
"479","Chargers","LAC","DST","0514","robust",NA,NA,NA,NA,NA,NA,NA,NA,NA,NA,NA,NA,NA,NA,NA,NA,NA,NA,NA,NA,NA,NA,NA,NA,NA,NA,NA,NA,0.83,0.192738,2.45,0.348411,0.01,0.007413,0.15,0.044478,0,NA,NA,NA,NA,NA,NA,NA,NA,NA,NA,NA,NA,NA,NA,NA,NA,NA
"480","Dolphins","MIA","DST","0503","robust",NA,NA,NA,NA,NA,NA,NA,NA,NA,NA,NA,NA,NA,NA,NA,NA,NA,NA,NA,NA,NA,NA,NA,NA,NA,NA,NA,NA,0.95,0.0815430000000001,3.7,0.311346,0.0833333333333333,0.012355,0.2,0.066717,0,NA,NA,NA,NA,NA,NA,NA,NA,NA,NA,NA,NA,NA,NA,NA,NA,NA
"481","Saints","NO","DST","0529","robust",NA,NA,NA,NA,NA,NA,NA,NA,NA,NA,NA,NA,NA,NA,NA,NA,NA,NA,NA,NA,NA,NA,NA,NA,NA,NA,NA,NA,1,0.29652,3.425,1.401057,0.0566666666666667,0.042007,0.2,0.044478,0,NA,NA,NA,NA,NA,NA,NA,NA,NA,NA,NA,NA,NA,NA,NA,NA,NA
"482","Chiefs","KC","DST","0512","robust",NA,NA,NA,NA,NA,NA,NA,NA,NA,NA,NA,NA,NA,NA,NA,NA,NA,NA,NA,NA,NA,NA,NA,NA,NA,NA,NA,NA,0.9,0.14826,3,0.392889,0.00666666666666667,0.004942,0.165,0.044478,0,NA,NA,NA,NA,NA,NA,NA,NA,NA,NA,NA,NA,NA,NA,NA,NA,NA
"483","49ers","SF","DST","0530","robust",NA,NA,NA,NA,NA,NA,NA,NA,NA,NA,NA,NA,NA,NA,NA,NA,NA,NA,NA,NA,NA,NA,NA,NA,NA,NA,NA,NA,1.01,0.37065,3.1,0.311346,0.0133333333333333,0.009884,0.15,0.118608,0,NA,NA,NA,NA,NA,NA,NA,NA,NA,NA,NA,NA,NA,NA,NA,NA,NA
"484","Jake Elliott","PHI","K","13303","robust",NA,NA,NA,NA,NA,NA,NA,NA,NA,NA,NA,NA,NA,NA,NA,NA,NA,NA,NA,NA,NA,NA,NA,NA,NA,NA,NA,NA,NA,NA,NA,NA,NA,NA,NA,NA,NA,NA,0.0194805194805195,0.0115527272727273,0.45041847041847,0.0901968484848484,0.527950937950938,0.044478,0.339401154401154,0.129048242424242,0.254103174603175,0.0950746666666667,3.05,0.14826,NA,NA,NA,NA
"485","Jason Sanders","MIA","K","13832","robust",NA,NA,NA,NA,NA,NA,NA,NA,NA,NA,NA,NA,NA,NA,NA,NA,NA,NA,NA,NA,NA,NA,NA,NA,NA,NA,NA,NA,NA,NA,NA,NA,NA,NA,NA,NA,NA,NA,0.0125850340136054,0.00302571428571429,0.430536659108088,0.0280606984126985,0.56254724111867,0.111335079365079,0.665457294028723,0.0458339682539682,0.159417989417989,0.0454977777777778,2.865,0.29652,NA,NA,NA,NA
"486","Brandon Aubrey","DAL","K","16414","robust",NA,NA,NA,NA,NA,NA,NA,NA,NA,NA,NA,NA,NA,NA,NA,NA,NA,NA,NA,NA,NA,NA,NA,NA,NA,NA,NA,NA,NA,NA,NA,NA,NA,NA,NA,NA,NA,NA,0.0337899543378995,0.00812383561643836,0.521546713053562,0.0316840334855405,0.647684279191128,0.141393424657534,0.400855258389505,0.00507202435312026,0.278968253968254,0.0647166666666667,3.1,0.14826,NA,NA,NA,NA
"487","Jake Moody","SF","K","16286","robust",NA,NA,NA,NA,NA,NA,NA,NA,NA,NA,NA,NA,NA,NA,NA,NA,NA,NA,NA,NA,NA,NA,NA,NA,NA,NA,NA,NA,NA,NA,NA,NA,NA,NA,NA,NA,NA,NA,0.0153153153153153,0.0146924324324324,0.563738738738739,0.218605585585586,0.568434684684685,0.215266396396396,0.35731981981982,0.135103594594595,0.141555555555556,0.0708353333333333,3.1,0.29652,NA,NA,NA,NA
"488","Younghoe Koo","ATL","K","13403","robust",NA,NA,NA,NA,NA,NA,NA,NA,NA,NA,NA,NA,NA,NA,NA,NA,NA,NA,NA,NA,NA,NA,NA,NA,NA,NA,NA,NA,NA,NA,NA,NA,NA,NA,NA,NA,NA,NA,0,0,0.474793250633587,0.177912,0.469388866657774,0.0914569934640522,0.439008936908097,0.07413,0.134338235294118,0.0562031372549019,2.6,0.59304,NA,NA,NA,NA
"489","Riley Patterson","DET","K","15369","robust",NA,NA,NA,NA,NA,NA,NA,NA,NA,NA,NA,NA,NA,NA,NA,NA,NA,NA,NA,NA,NA,NA,NA,NA,NA,NA,NA,NA,NA,NA,NA,NA,NA,NA,NA,NA,NA,NA,0.0124161073825503,0.00298510067114094,0.443848089829633,0.00592427671657206,0.793888745482705,0.197432836215798,0.460927551196008,0.106532374806402,0.0853004807692308,0.0104542307692308,2.6,0.29652,NA,NA,NA,NA
"490","Matt Gay","IND","K","14244","robust",NA,NA,NA,NA,NA,NA,NA,NA,NA,NA,NA,NA,NA,NA,NA,NA,NA,NA,NA,NA,NA,NA,NA,NA,NA,NA,NA,NA,NA,NA,NA,NA,NA,NA,NA,NA,NA,NA,0,0,0.608505220269926,0.0748940219532788,0.505063661828368,0.00956249479313254,0.491156366852961,0.013373265409513,0.27843137254902,0.043452879256966,2.15,0.14826,NA,NA,NA,NA
"491","Justin Tucker","BAL","K","10976","robust",NA,NA,NA,NA,NA,NA,NA,NA,NA,NA,NA,NA,NA,NA,NA,NA,NA,NA,NA,NA,NA,NA,NA,NA,NA,NA,NA,NA,NA,NA,NA,NA,NA,NA,NA,NA,NA,NA,0,0,0.407191780821918,0.14826,0.512756849315068,0.234491130136986,0.435359589041096,0.07413,0.129708333333333,0.054362,2.705,0.29652,NA,NA,NA,NA
"492","Lucas Havrisik","LAR","K","16043","robust",NA,NA,NA,NA,NA,NA,NA,NA,NA,NA,NA,NA,NA,NA,NA,NA,NA,NA,NA,NA,NA,NA,NA,NA,NA,NA,NA,NA,NA,NA,NA,NA,NA,NA,NA,NA,NA,NA,0.0165548098434004,0.00398013422818792,0.624554267507288,0.0728083140126092,0.565131403520665,0.0288727245610467,0.47490565611371,0.114177587960138,0.194444444444444,0.0763763636363636,2.5275,0.44478,NA,NA,NA,NA
"493","Evan McPherson","CIN","K","15368","robust",NA,NA,NA,NA,NA,NA,NA,NA,NA,NA,NA,NA,NA,NA,NA,NA,NA,NA,NA,NA,NA,NA,NA,NA,NA,NA,NA,NA,NA,NA,NA,NA,NA,NA,NA,NA,NA,NA,0.0107913669064748,0.00533309352517986,0.44,0.116502648046269,0.47270795128603,0.118608,0.502536794094136,0.14826,0.238562091503268,0.11224477124183,2.51,0.29652,NA,NA,NA,NA
"494","Tyler Bass","BUF","K","14983","robust",NA,NA,NA,NA,NA,NA,NA,NA,NA,NA,NA,NA,NA,NA,NA,NA,NA,NA,NA,NA,NA,NA,NA,NA,NA,NA,NA,NA,NA,NA,NA,NA,NA,NA,NA,NA,NA,NA,0.00906862745098039,0.00218029411764706,0.424789915966387,0.0451009411764705,0.706862745098039,0.168609411764706,0.474159663865546,0.1127835,0.196800595238095,0.030005,2.4825,0.29652,NA,NA,NA,NA
"495","Cameron Dicker","LAC","K","15979","robust",NA,NA,NA,NA,NA,NA,NA,NA,NA,NA,NA,NA,NA,NA,NA,NA,NA,NA,NA,NA,NA,NA,NA,NA,NA,NA,NA,NA,NA,NA,NA,NA,NA,NA,NA,NA,NA,NA,0.0128205128205128,0.00633589743589744,0.432371794871795,0.191027307692308,0.593189102564103,0.284402596153846,0.35400641025641,0.174949967948718,0.164125,0.0459606,2.4225,0.578214,NA,NA,NA,NA
"496","Dustin Hopkins","CLE","K","11387","robust",NA,NA,NA,NA,NA,NA,NA,NA,NA,NA,NA,NA,NA,NA,NA,NA,NA,NA,NA,NA,NA,NA,NA,NA,NA,NA,NA,NA,NA,NA,NA,NA,NA,NA,NA,NA,NA,NA,0.0128205128205128,0.0172797202797203,0.434471639471639,0.169587014763015,0.38712185962186,0.163086,0.452020202020202,0.179110060606061,0.172027777777778,0.0724826666666666,2.1225,0.103782,NA,NA,NA,NA
"497","Jason Myers","SEA","K","12437","robust",NA,NA,NA,NA,NA,NA,NA,NA,NA,NA,NA,NA,NA,NA,NA,NA,NA,NA,NA,NA,NA,NA,NA,NA,NA,NA,NA,NA,NA,NA,NA,NA,NA,NA,NA,NA,NA,NA,0.017948717948718,0.0241916083916084,0.308107517482518,0.115632185314685,0.552801365301365,0.218555547785548,0.376404151404151,0.177912,0.148010912698413,0.0623633333333333,2.45,0.29652,NA,NA,NA,NA
"498","Wil Lutz","DEN","K","12956","robust",NA,NA,NA,NA,NA,NA,NA,NA,NA,NA,NA,NA,NA,NA,NA,NA,NA,NA,NA,NA,NA,NA,NA,NA,NA,NA,NA,NA,NA,NA,NA,NA,NA,NA,NA,NA,NA,NA,0.0167800453514739,0.00403428571428571,0.61063093000358,0.0420547744360903,0.702422350519155,0.0563472932330829,0.383786959959422,0.0151082230576442,0.147752192982456,0.0603119078947368,2.15,0.14826,NA,NA,NA,NA
"499","Blake Grupe","NO","K","16444","robust",NA,NA,NA,NA,NA,NA,NA,NA,NA,NA,NA,NA,NA,NA,NA,NA,NA,NA,NA,NA,NA,NA,NA,NA,NA,NA,NA,NA,NA,NA,NA,NA,NA,NA,NA,NA,NA,NA,0.00434272300469484,0.00104408450704225,0.540176056338028,0.133512306338028,0.487734741784038,0.100928169014084,0.559272300469484,0.137558133802817,0.235,0.07413,2.25,0.29652,NA,NA,NA,NA
"500","Cairo Santos","CHI","K","11945","robust",NA,NA,NA,NA,NA,NA,NA,NA,NA,NA,NA,NA,NA,NA,NA,NA,NA,NA,NA,NA,NA,NA,NA,NA,NA,NA,NA,NA,NA,NA,NA,NA,NA,NA,NA,NA,NA,NA,0.0411111111111111,0.009884,0.464268518518519,0.0713844444444445,0.590555555555556,0.105429333333334,0.448518518518519,0.110536066666667,0.226851851851852,0.0576566666666667,2,0,NA,NA,NA,NA
"501","Harrison Butker","KC","K","13354","robust",NA,NA,NA,NA,NA,NA,NA,NA,NA,NA,NA,NA,NA,NA,NA,NA,NA,NA,NA,NA,NA,NA,NA,NA,NA,NA,NA,NA,NA,NA,NA,NA,NA,NA,NA,NA,NA,NA,0.0408602150537634,0.00637677419354839,0.469354838709677,0.0556904946236559,0.705681003584229,0.118820559139785,0.423145161290323,0.0151448387096774,0.168888888888889,0.0329466666666667,2.275,0.14826,NA,NA,NA,NA
"502","Randy Bullock","NYG","K","10862","robust",NA,NA,NA,NA,NA,NA,NA,NA,NA,NA,NA,NA,NA,NA,NA,NA,NA,NA,NA,NA,NA,NA,NA,NA,NA,NA,NA,NA,NA,NA,NA,NA,NA,NA,NA,NA,NA,NA,0,0,0.39,0.0637376124401914,0.552937267410952,0.167876271929825,0.53977937267411,0.190895587719298,0.0818181818181818,0.0134781818181818,1.9,0.0741300000000001,NA,NA,NA,NA
"503","Kaimi Fairbairn","HOU","K","12860","robust",NA,NA,NA,NA,NA,NA,NA,NA,NA,NA,NA,NA,NA,NA,NA,NA,NA,NA,NA,NA,NA,NA,NA,NA,NA,NA,NA,NA,NA,NA,NA,NA,NA,NA,NA,NA,NA,NA,0,0,0.496436455376853,0.131849006622517,0.611715547146011,0.160883841059603,0.431927625354778,0.0344256821192054,0.0870238095238095,0.00706,2,0.14826,NA,"Quadriceps",2023,15
"504","Greg Joseph","MIN","K","13898","robust",NA,NA,NA,NA,NA,NA,NA,NA,NA,NA,NA,NA,NA,NA,NA,NA,NA,NA,NA,NA,NA,NA,NA,NA,NA,NA,NA,NA,NA,NA,NA,NA,NA,NA,NA,NA,NA,NA,0.06,0.019768,0.507395020438499,0.136150171683389,0.606670382757339,0.168039018952062,0.3711872909699,0.0533317279821627,0.169179487179487,0.0126717948717949,2.1,0.14826,NA,NA,NA,NA
"505","Brandon McManus","JAC","K","11947","robust",NA,NA,NA,NA,NA,NA,NA,NA,NA,NA,NA,NA,NA,NA,NA,NA,NA,NA,NA,NA,NA,NA,NA,NA,NA,NA,NA,NA,NA,NA,NA,NA,NA,NA,NA,NA,NA,NA,0.0102040816326531,0.013447619047619,0.339735894357743,0.167897478991597,0.473139255702281,0.053098319327731,0.531942777110844,0.244014957983193,0.200882352941176,0.0956422352941177,2.1,0.14826,NA,NA,NA,NA
"506","Anders Carlson","GB","K","16339","robust",NA,NA,NA,NA,NA,NA,NA,NA,NA,NA,NA,NA,NA,NA,NA,NA,NA,NA,NA,NA,NA,NA,NA,NA,NA,NA,NA,NA,NA,NA,NA,NA,NA,NA,NA,NA,NA,NA,0,0,0.498412698412698,0.132728,0.704761904761905,0.18003,0.474603174603175,0.122138,0.116031746031746,0.030358,2.075,0.29652,NA,NA,NA,NA
"507","Chris Boswell","PIT","K","11936","robust",NA,NA,NA,NA,NA,NA,NA,NA,NA,NA,NA,NA,NA,NA,NA,NA,NA,NA,NA,NA,NA,NA,NA,NA,NA,NA,NA,NA,NA,NA,NA,NA,NA,NA,NA,NA,NA,NA,0.0297539149888143,0.0046434899328859,0.53033994381928,0.0860916001412927,0.551525626145902,0.0894083786647827,0.495817984558712,0.0731811020840692,0.209022556390977,0.0349284210526316,2,0,NA,NA,NA,NA
"508","Nick Folk","TEN","K","8851","robust",NA,NA,NA,NA,NA,NA,NA,NA,NA,NA,NA,NA,NA,NA,NA,NA,NA,NA,NA,NA,NA,NA,NA,NA,NA,NA,NA,NA,NA,NA,NA,NA,NA,NA,NA,NA,NA,NA,0,0,0.618470744680851,0.0465284042553191,0.582007978723404,0.0593215248226951,0.454018912529551,0.0753216879432624,0.174166666666667,0.027181,2.1,0.118607999999999,NA,NA,NA,NA
"509","Matt Prater","ARI","K","8930","robust",NA,NA,NA,NA,NA,NA,NA,NA,NA,NA,NA,NA,NA,NA,NA,NA,NA,NA,NA,NA,NA,NA,NA,NA,NA,NA,NA,NA,NA,NA,NA,NA,NA,NA,NA,NA,NA,NA,0.00862470862470863,0.00207356643356643,0.439280719280719,0.0308862657342658,0.526007326007326,0.145001538461538,0.493373293373293,0.130486573426573,0.293284632034632,0.0799063636363636,1.9,0.14826,NA,NA,NA,NA
"510","Chase McLaughlin","TB","K","14717","robust",NA,NA,NA,NA,NA,NA,NA,NA,NA,NA,NA,NA,NA,NA,NA,NA,NA,NA,NA,NA,NA,NA,NA,NA,NA,NA,NA,NA,NA,NA,NA,NA,NA,NA,NA,NA,NA,NA,0.0171296296296296,0.00411833333333333,0.501587301587302,0.13414,0.57271164021164,0.145759583333333,0.386195436507937,0.0106292222222222,0.204761904761905,0.05295,1.9325,0.14826,NA,NA,NA,NA
"511","Daniel Carlson","LVR","K","13718","robust",NA,NA,NA,NA,NA,NA,NA,NA,NA,NA,NA,NA,NA,NA,NA,NA,NA,NA,NA,NA,NA,NA,NA,NA,NA,NA,NA,NA,NA,NA,NA,NA,NA,NA,NA,NA,NA,NA,0,0,0.557532624665111,0.0321607985480944,0.552497623368767,0.126013952813067,0.511405669345778,0.107950090744102,0.185338345864662,0.0438463157894737,1.95,0.14826,NA,NA,NA,NA
"512","Joey Slye","WAS","K","14600","robust",NA,NA,NA,NA,NA,NA,NA,NA,NA,NA,NA,NA,NA,NA,NA,NA,NA,NA,NA,NA,NA,NA,NA,NA,NA,NA,NA,NA,NA,NA,NA,NA,NA,NA,NA,NA,NA,NA,0.021412037037037,0.00514791666666667,0.431666666666667,0.0131786666666667,0.499236111111111,0.129041111111111,0.56712962962963,0.141052916666667,0.197222222222222,0.0329466666666666,1.875,0.14826,NA,NA,NA,NA
"513","Greg Zuerlein","NYJ","K","10868","robust",NA,NA,NA,NA,NA,NA,NA,NA,NA,NA,NA,NA,NA,NA,NA,NA,NA,NA,NA,NA,NA,NA,NA,NA,NA,NA,NA,NA,NA,NA,NA,NA,NA,NA,NA,NA,NA,NA,0,0,0.3,0.0657129683698297,0.400246012435793,0.117878523925385,0.406798459042985,0.0882185077047851,0.151111111111111,0.0609513333333333,1.465,0.385476,NA,NA,NA,NA
"514","Eddy Pineiro","CAR","K","13719","robust",NA,NA,NA,NA,NA,NA,NA,NA,NA,NA,NA,NA,NA,NA,NA,NA,NA,NA,NA,NA,NA,NA,NA,NA,NA,NA,NA,NA,NA,NA,NA,NA,NA,NA,NA,NA,NA,NA,0.00357142857142857,0.002118,0.390343915343915,0.113744444444444,0.592222222222222,0.131786666666667,0.561111111111111,0.112018666666667,0.161111111111111,0.0527146666666667,1.3925,0.44478,NA,NA,NA,NA
"515","Chad Ryland","NE","K","16292","robust",NA,NA,NA,NA,NA,NA,NA,NA,NA,NA,NA,NA,NA,NA,NA,NA,NA,NA,NA,NA,NA,NA,NA,NA,NA,NA,NA,NA,NA,NA,NA,NA,NA,NA,NA,NA,NA,NA,0.00704225352112676,0.00417633802816901,0.473787167449139,0.248445708920188,0.473787167449139,0.248445708920188,0.49773082942097,0.172529164319249,0.106277777777778,0.0186697777777778,1.4,0.14826,NA,NA,NA,NA
